Data_Czas,Dzien_Tygodnia,Godzina,Baza_kWh,Ogrzewanie_kWh,Oswietlenie_kWh,Gotowanie_kWh,RTV_PC_kWh,Duze_AGD_kWh,Calkowite_Zuzycie_kWh,Zdarzenia
2025-09-23 00:00:00,Tuesday,0,2.215,2.139,0.000,0.000,0.000,15.766,20.120,ładowanie EV
2025-09-23 01:00:00,Tuesday,1,2.036,2.661,0.000,0.000,0.000,9.902,14.599,ładowanie EV
2025-09-23 02:00:00,Tuesday,2,2.827,2.362,0.000,0.000,0.000,12.220,17.409,ładowanie EV
2025-09-23 03:00:00,Tuesday,3,2.438,3.098,0.000,0.000,0.000,16.445,21.981,ładowanie EV
2025-09-23 04:00:00,Tuesday,4,2.378,3.128,0.000,0.000,0.000,12.691,18.197,ładowanie EV
2025-09-23 05:00:00,Tuesday,5,2.535,3.064,0.000,0.000,0.000,8.418,14.017,ładowanie EV
2025-09-23 06:00:00,Tuesday,6,2.776,3.259,0.416,1.028,0.000,0.000,7.479,
2025-09-23 07:00:00,Tuesday,7,3.126,3.445,0.000,0.984,0.000,0.000,7.555,
2025-09-23 08:00:00,Tuesday,8,2.597,3.146,0.000,1.014,0.000,0.000,6.757,
2025-09-23 09:00:00,Tuesday,9,2.482,2.608,0.000,0.000,0.288,1.428,6.806,pompa basenu
2025-09-23 10:00:00,Tuesday,10,2.098,2.617,0.000,0.000,0.382,4.756,9.853,pompa basenu; pralka
2025-09-23 11:00:00,Tuesday,11,2.829,1.686,0.000,0.000,0.343,7.183,12.041,pompa basenu; suszarka
2025-09-23 12:00:00,Tuesday,12,2.238,1.661,0.000,0.000,0.336,1.999,6.234,pompa basenu
2025-09-23 13:00:00,Tuesday,13,2.298,1.642,0.000,1.771,0.504,2.436,8.651,pompa basenu
2025-09-23 14:00:00,Tuesday,14,2.935,1.300,0.000,0.000,0.368,2.392,6.995,pompa basenu
2025-09-23 15:00:00,Tuesday,15,2.820,1.228,0.000,0.000,0.568,2.006,6.622,pompa basenu
2025-09-23 16:00:00,Tuesday,16,2.974,1.488,0.000,0.000,0.729,2.282,7.473,pompa basenu
2025-09-23 17:00:00,Tuesday,17,2.164,1.748,0.000,0.000,0.734,0.000,4.646,
2025-09-23 18:00:00,Tuesday,18,2.776,1.983,0.000,3.273,0.653,0.000,8.685,
2025-09-23 19:00:00,Tuesday,19,2.302,1.957,0.000,0.000,1.129,0.000,5.388,
2025-09-23 20:00:00,Tuesday,20,2.654,2.075,0.644,0.000,0.913,0.000,6.286,
2025-09-23 21:00:00,Tuesday,21,2.949,2.539,0.614,0.000,0.842,0.000,6.944,
2025-09-23 22:00:00,Tuesday,22,2.958,1.727,0.239,0.000,0.715,15.939,21.578,ładowanie EV
2025-09-23 23:00:00,Tuesday,23,2.383,2.275,0.000,0.000,0.000,13.501,18.159,ładowanie EV
2025-09-24 00:00:00,Wednesday,0,3.116,1.819,0.000,0.000,0.000,13.430,18.365,ładowanie EV
2025-09-24 01:00:00,Wednesday,1,2.723,2.279,0.000,0.000,0.000,16.562,21.564,ładowanie EV
2025-09-24 02:00:00,Wednesday,2,3.080,2.477,0.000,0.000,0.000,11.682,17.239,ładowanie EV
2025-09-24 03:00:00,Wednesday,3,3.075,2.831,0.000,0.000,0.000,10.380,16.286,ładowanie EV
2025-09-24 04:00:00,Wednesday,4,2.461,2.866,0.000,0.000,0.000,16.174,21.501,ładowanie EV
2025-09-24 05:00:00,Wednesday,5,2.222,3.450,0.000,0.000,0.000,13.089,18.761,ładowanie EV
2025-09-24 06:00:00,Wednesday,6,2.546,3.758,0.421,0.814,0.000,0.000,7.539,
2025-09-24 07:00:00,Wednesday,7,3.176,3.457,0.000,0.833,0.000,0.000,7.466,
2025-09-24 08:00:00,Wednesday,8,1.953,3.300,0.000,0.630,0.000,0.000,5.883,
2025-09-24 09:00:00,Wednesday,9,3.087,3.291,0.000,0.000,0.488,1.433,8.299,pompa basenu
2025-09-24 10:00:00,Wednesday,10,3.123,2.799,0.000,0.000,0.384,2.132,8.438,pompa basenu
2025-09-24 11:00:00,Wednesday,11,3.073,2.190,0.000,0.000,0.458,2.399,8.120,pompa basenu
2025-09-24 12:00:00,Wednesday,12,2.910,2.259,0.000,0.000,0.400,2.148,7.717,pompa basenu
2025-09-24 13:00:00,Wednesday,13,2.978,1.999,0.000,2.070,0.324,3.406,10.777,pompa basenu; pralka
2025-09-24 14:00:00,Wednesday,14,2.509,1.904,0.000,0.000,0.678,5.962,11.053,pompa basenu; suszarka
2025-09-24 15:00:00,Wednesday,15,2.374,1.688,0.000,0.000,0.474,2.638,7.174,pompa basenu
2025-09-24 16:00:00,Wednesday,16,2.277,1.898,0.000,0.000,0.761,1.948,6.884,pompa basenu
2025-09-24 17:00:00,Wednesday,17,2.859,1.888,0.000,3.192,1.086,0.000,9.025,
2025-09-24 18:00:00,Wednesday,18,2.850,2.019,0.000,0.000,1.058,0.000,5.927,
2025-09-24 19:00:00,Wednesday,19,2.109,2.010,0.000,0.000,0.932,0.000,5.051,
2025-09-24 20:00:00,Wednesday,20,2.450,1.824,0.301,0.000,0.856,1.856,7.287,zmywarka
2025-09-24 21:00:00,Wednesday,21,2.974,2.415,0.338,0.000,0.897,0.000,6.624,
2025-09-24 22:00:00,Wednesday,22,3.199,1.950,0.306,0.000,1.104,14.952,21.511,ładowanie EV
2025-09-24 23:00:00,Wednesday,23,2.008,1.895,0.000,0.000,0.000,16.086,19.989,ładowanie EV
2025-09-25 00:00:00,Thursday,0,2.318,1.934,0.000,0.000,0.000,10.667,14.919,ładowanie EV
2025-09-25 01:00:00,Thursday,1,2.712,2.574,0.000,0.000,0.000,10.571,15.857,ładowanie EV
2025-09-25 02:00:00,Thursday,2,2.889,2.417,0.000,0.000,0.000,10.674,15.980,ładowanie EV
2025-09-25 03:00:00,Thursday,3,3.015,2.553,0.000,0.000,0.000,14.131,19.699,ładowanie EV
2025-09-25 04:00:00,Thursday,4,3.064,2.889,0.000,0.000,0.000,12.119,18.072,ładowanie EV
2025-09-25 05:00:00,Thursday,5,1.980,3.112,0.000,0.000,0.000,11.548,16.640,ładowanie EV
2025-09-25 06:00:00,Thursday,6,2.721,3.733,0.386,0.745,0.000,0.000,7.585,
2025-09-25 07:00:00,Thursday,7,2.831,3.625,0.000,0.444,0.000,0.000,6.900,
2025-09-25 08:00:00,Thursday,8,2.314,3.425,0.000,0.897,0.000,0.000,6.636,
2025-09-25 09:00:00,Thursday,9,2.574,2.866,0.000,0.000,0.400,2.128,7.968,pompa basenu
2025-09-25 10:00:00,Thursday,10,1.916,2.353,0.000,0.000,0.405,2.742,7.416,pompa basenu
2025-09-25 11:00:00,Thursday,11,2.951,2.735,0.000,0.000,0.315,2.452,8.453,pompa basenu
2025-09-25 12:00:00,Thursday,12,2.477,2.190,0.000,0.000,0.375,1.484,6.526,pompa basenu
2025-09-25 13:00:00,Thursday,13,1.879,1.828,0.000,1.318,0.315,2.093,7.433,pompa basenu
2025-09-25 14:00:00,Thursday,14,2.746,1.647,0.000,0.000,0.439,2.443,7.275,pompa basenu
2025-09-25 15:00:00,Thursday,15,1.895,1.444,0.000,0.000,0.780,2.627,6.746,pompa basenu
2025-09-25 16:00:00,Thursday,16,2.670,1.412,0.000,0.000,0.593,1.440,6.115,pompa basenu
2025-09-25 17:00:00,Thursday,17,2.111,1.313,0.000,0.000,1.143,0.000,4.567,
2025-09-25 18:00:00,Thursday,18,2.505,1.387,0.000,6.090,0.713,0.000,10.695,
2025-09-25 19:00:00,Thursday,19,2.654,1.587,0.000,0.000,0.856,2.528,7.625,zmywarka
2025-09-25 20:00:00,Thursday,20,3.183,2.121,0.253,0.000,1.040,0.000,6.597,
2025-09-25 21:00:00,Thursday,21,2.822,2.344,0.313,0.000,0.819,0.000,6.298,
2025-09-25 22:00:00,Thursday,22,2.206,1.904,0.198,0.000,1.070,12.457,17.835,ładowanie EV
2025-09-25 23:00:00,Thursday,23,2.422,2.026,0.000,0.000,0.000,10.911,15.359,ładowanie EV
2025-09-26 00:00:00,Friday,0,2.422,1.727,0.000,0.000,0.000,12.696,16.845,ładowanie EV
2025-09-26 01:00:00,Friday,1,3.043,1.619,0.000,0.000,0.000,16.187,20.849,ładowanie EV
2025-09-26 02:00:00,Friday,2,2.569,1.622,0.000,0.000,0.000,8.430,12.621,ładowanie EV
2025-09-26 03:00:00,Friday,3,2.420,2.270,0.000,0.000,0.000,9.941,14.631,ładowanie EV
2025-09-26 04:00:00,Friday,4,2.578,2.362,0.000,0.000,0.000,12.997,17.937,ładowanie EV
2025-09-26 05:00:00,Friday,5,1.969,2.036,0.000,0.000,0.000,8.643,12.648,ładowanie EV
2025-09-26 06:00:00,Friday,6,2.169,2.926,0.453,0.773,0.000,0.000,6.321,
2025-09-26 07:00:00,Friday,7,2.201,2.332,0.000,0.453,0.000,0.000,4.986,
2025-09-26 08:00:00,Friday,8,2.130,2.546,0.000,1.042,0.000,0.000,5.718,
2025-09-26 09:00:00,Friday,9,2.277,2.111,0.000,0.000,0.315,1.764,6.467,pompa basenu
2025-09-26 10:00:00,Friday,10,2.767,1.815,0.000,0.000,0.331,1.939,6.852,pompa basenu
2025-09-26 11:00:00,Friday,11,2.509,1.592,0.000,0.000,0.458,2.574,7.133,pompa basenu
2025-09-26 12:00:00,Friday,12,1.978,1.385,0.000,1.831,0.350,1.911,7.455,pompa basenu
2025-09-26 13:00:00,Friday,13,1.957,1.387,0.000,0.000,0.419,2.394,6.157,pompa basenu
2025-09-26 14:00:00,Friday,14,2.420,1.233,0.000,0.000,0.359,1.481,5.493,pompa basenu
2025-09-26 15:00:00,Friday,15,2.794,1.346,0.000,0.000,0.582,2.056,6.778,pompa basenu
2025-09-26 16:00:00,Friday,16,2.240,1.316,0.000,0.000,0.796,2.199,6.551,pompa basenu
2025-09-26 17:00:00,Friday,17,2.788,1.674,0.000,6.389,0.784,0.000,11.635,
2025-09-26 18:00:00,Friday,18,2.767,1.907,0.000,0.000,1.118,0.000,5.792,
2025-09-26 19:00:00,Friday,19,2.397,1.822,0.000,0.000,0.768,2.364,7.351,zmywarka
2025-09-26 20:00:00,Friday,20,1.934,1.647,0.603,0.000,0.768,0.000,4.952,
2025-09-26 21:00:00,Friday,21,3.006,1.881,0.570,0.000,0.527,0.000,5.984,
2025-09-26 22:00:00,Friday,22,2.036,1.608,0.196,0.000,1.081,15.210,20.131,ładowanie EV
2025-09-26 23:00:00,Friday,23,1.939,1.649,0.000,0.000,0.000,14.184,17.772,ładowanie EV
2025-09-27 00:00:00,Saturday,0,2.615,1.520,0.000,0.000,0.000,14.837,18.972,ładowanie EV
2025-09-27 01:00:00,Saturday,1,2.139,1.833,0.000,0.000,0.000,8.285,12.257,ładowanie EV
2025-09-27 02:00:00,Saturday,2,2.077,1.557,0.000,0.000,0.000,8.708,12.342,ładowanie EV
2025-09-27 03:00:00,Saturday,3,3.080,1.704,0.000,0.000,0.000,15.208,19.992,ładowanie EV
2025-09-27 04:00:00,Saturday,4,3.105,2.148,0.000,0.000,0.000,8.912,14.165,ładowanie EV
2025-09-27 05:00:00,Saturday,5,3.045,1.941,0.000,0.000,0.000,11.884,16.870,ładowanie EV
2025-09-27 06:00:00,Saturday,6,2.916,2.707,0.315,0.718,0.000,0.000,6.656,
2025-09-27 07:00:00,Saturday,7,3.068,2.321,0.000,0.927,0.000,0.000,6.316,
2025-09-27 08:00:00,Saturday,8,2.666,2.254,0.000,0.982,0.000,0.000,5.902,
2025-09-27 09:00:00,Saturday,9,2.615,2.408,0.000,0.000,0.743,2.139,7.905,pompa basenu
2025-09-27 10:00:00,Saturday,10,2.953,2.231,0.000,0.000,0.775,4.377,10.336,pompa basenu; pralka
2025-09-27 11:00:00,Saturday,11,2.829,1.431,0.000,0.000,0.205,2.585,7.050,pompa basenu
2025-09-27 12:00:00,Saturday,12,2.330,1.442,0.000,0.000,0.522,1.601,5.895,pompa basenu
2025-09-27 13:00:00,Saturday,13,2.962,1.302,0.000,1.481,0.812,4.432,10.989,pompa basenu; zmywarka
2025-09-27 14:00:00,Saturday,14,1.909,1.256,0.000,0.000,0.547,2.187,5.899,pompa basenu
2025-09-27 15:00:00,Saturday,15,2.029,1.049,0.000,0.000,0.520,2.606,6.204,pompa basenu
2025-09-27 16:00:00,Saturday,16,2.169,1.145,0.000,0.000,0.297,2.137,5.748,pompa basenu
2025-09-27 17:00:00,Saturday,17,2.634,1.444,0.000,7.806,1.113,0.000,12.997,
2025-09-27 18:00:00,Saturday,18,2.164,1.364,0.000,0.000,0.998,0.000,4.526,
2025-09-27 19:00:00,Saturday,19,2.723,1.960,0.467,0.000,1.003,20.334,26.487,sauna
2025-09-27 20:00:00,Saturday,20,2.926,2.006,0.506,0.000,0.814,19.596,25.848,sauna
2025-09-27 21:00:00,Saturday,21,2.075,1.808,0.554,0.000,0.706,13.910,19.053,sauna
2025-09-27 22:00:00,Saturday,22,2.116,1.960,0.145,0.000,1.024,16.470,21.715,ładowanie EV
2025-09-27 23:00:00,Saturday,23,3.137,1.534,0.000,0.000,0.000,13.933,18.604,ładowanie EV
2025-09-28 00:00:00,Sunday,0,2.286,1.530,0.000,0.000,0.000,10.198,14.014,ładowanie EV
2025-09-28 01:00:00,Sunday,1,3.128,1.757,0.000,0.000,0.000,13.273,18.158,ładowanie EV
2025-09-28 02:00:00,Sunday,2,2.187,1.619,0.000,0.000,0.000,12.528,16.334,ładowanie EV
2025-09-28 03:00:00,Sunday,3,2.259,1.944,0.000,0.000,0.000,11.201,15.404,ładowanie EV
2025-09-28 04:00:00,Sunday,4,2.932,1.985,0.000,0.000,0.000,14.628,19.545,ładowanie EV
2025-09-28 05:00:00,Sunday,5,3.075,2.054,0.000,0.000,0.000,16.362,21.491,ładowanie EV
2025-09-28 06:00:00,Sunday,6,2.983,2.571,0.467,1.152,0.000,0.000,7.173,
2025-09-28 07:00:00,Sunday,7,2.680,2.583,0.000,0.720,0.000,0.000,5.983,
2025-09-28 08:00:00,Sunday,8,2.408,2.413,0.000,1.309,0.000,0.000,6.130,
2025-09-28 09:00:00,Sunday,9,2.666,2.079,0.000,0.000,0.313,2.178,7.236,pompa basenu
2025-09-28 10:00:00,Sunday,10,1.847,1.824,0.000,0.000,0.338,1.893,5.902,pompa basenu
2025-09-28 11:00:00,Sunday,11,2.523,1.960,0.000,0.000,0.299,2.150,6.932,pompa basenu
2025-09-28 12:00:00,Sunday,12,2.263,1.405,0.000,2.385,0.359,1.937,8.349,pompa basenu
2025-09-28 13:00:00,Sunday,13,2.735,1.270,0.000,0.000,0.458,2.569,7.032,pompa basenu
2025-09-28 14:00:00,Sunday,14,2.070,1.306,0.000,0.000,0.853,5.193,9.422,pompa basenu; zmywarka
2025-09-28 15:00:00,Sunday,15,2.815,1.058,0.000,0.000,0.409,2.316,6.598,pompa basenu
2025-09-28 16:00:00,Sunday,16,2.983,0.984,0.000,0.000,0.766,1.684,6.417,pompa basenu
2025-09-28 17:00:00,Sunday,17,1.920,1.079,0.000,0.000,1.012,0.000,4.011,
2025-09-28 18:00:00,Sunday,18,2.525,1.355,0.000,5.048,1.079,0.000,10.007,
2025-09-28 19:00:00,Sunday,19,2.213,1.610,0.294,0.000,0.913,19.019,24.049,sauna
2025-09-28 20:00:00,Sunday,20,2.799,1.739,0.497,0.000,1.017,15.267,21.319,sauna
2025-09-28 21:00:00,Sunday,21,2.682,1.831,0.361,0.000,1.109,14.398,20.381,sauna
2025-09-28 22:00:00,Sunday,22,2.208,1.796,0.218,0.000,1.141,11.742,17.105,ładowanie EV
2025-09-28 23:00:00,Sunday,23,2.454,1.458,0.000,0.000,0.000,13.547,17.459,ładowanie EV
2025-09-29 00:00:00,Monday,0,2.489,1.587,0.000,0.000,0.000,10.274,14.350,ładowanie EV
2025-09-29 01:00:00,Monday,1,2.077,1.950,0.000,0.000,0.000,15.847,19.874,ładowanie EV
2025-09-29 02:00:00,Monday,2,2.410,1.914,0.000,0.000,0.000,15.470,19.794,ładowanie EV
2025-09-29 03:00:00,Monday,3,2.551,1.824,0.000,0.000,0.000,10.976,15.351,ładowanie EV
2025-09-29 04:00:00,Monday,4,2.631,1.755,0.000,0.000,0.000,11.472,15.858,ładowanie EV
2025-09-29 05:00:00,Monday,5,3.179,2.226,0.000,0.000,0.000,10.757,16.162,ładowanie EV
2025-09-29 06:00:00,Monday,6,3.015,2.454,0.412,0.759,0.000,0.000,6.640,
2025-09-29 07:00:00,Monday,7,2.118,2.617,0.000,0.787,0.000,0.000,5.522,
2025-09-29 08:00:00,Monday,8,2.606,2.275,0.000,0.591,0.000,0.000,5.472,
2025-09-29 09:00:00,Monday,9,1.916,2.086,0.000,0.000,0.398,1.670,6.070,pompa basenu
2025-09-29 10:00:00,Monday,10,3.070,1.891,0.000,0.000,0.419,1.817,7.197,pompa basenu
2025-09-29 11:00:00,Monday,11,2.656,1.704,0.000,0.000,0.368,2.456,7.184,pompa basenu
2025-09-29 12:00:00,Monday,12,2.307,1.569,0.000,1.134,0.373,2.553,7.936,pompa basenu
2025-09-29 13:00:00,Monday,13,2.242,1.456,0.000,0.000,0.423,2.284,6.405,pompa basenu
2025-09-29 14:00:00,Monday,14,2.562,1.644,0.000,0.000,0.421,1.895,6.522,pompa basenu
2025-09-29 15:00:00,Monday,15,2.500,1.695,0.000,0.000,0.396,1.902,6.493,pompa basenu
2025-09-29 16:00:00,Monday,16,3.153,1.582,0.000,0.000,0.842,2.153,7.730,pompa basenu
2025-09-29 17:00:00,Monday,17,2.946,1.852,0.000,0.000,0.757,0.000,5.555,
2025-09-29 18:00:00,Monday,18,3.029,2.341,0.000,4.087,1.063,0.000,10.520,
2025-09-29 19:00:00,Monday,19,2.905,2.224,0.000,0.000,1.035,0.000,6.164,
2025-09-29 20:00:00,Monday,20,2.038,2.380,0.472,0.000,0.984,2.286,8.160,zmywarka
2025-09-29 21:00:00,Monday,21,2.049,2.668,0.492,0.000,1.090,0.000,6.299,
2025-09-29 22:00:00,Monday,22,2.523,2.226,0.324,0.000,0.775,13.172,19.020,ładowanie EV
2025-09-29 23:00:00,Monday,23,1.849,2.431,0.000,0.000,0.000,15.376,19.656,ładowanie EV
2025-09-30 00:00:00,Tuesday,0,2.535,2.128,0.000,0.000,0.000,15.971,20.634,ładowanie EV
2025-09-30 01:00:00,Tuesday,1,2.245,2.656,0.000,0.000,0.000,12.418,17.319,ładowanie EV
2025-09-30 02:00:00,Tuesday,2,1.907,2.760,0.000,0.000,0.000,13.407,18.074,ładowanie EV
2025-09-30 03:00:00,Tuesday,3,2.753,2.631,0.000,0.000,0.000,16.397,21.781,ładowanie EV
2025-09-30 04:00:00,Tuesday,4,2.337,2.406,0.000,0.000,0.000,10.398,15.141,ładowanie EV
2025-09-30 05:00:00,Tuesday,5,2.213,2.684,0.000,0.000,0.000,15.670,20.567,ładowanie EV
2025-09-30 06:00:00,Tuesday,6,2.445,3.105,0.278,0.904,0.000,0.000,6.732,
2025-09-30 07:00:00,Tuesday,7,2.601,3.188,0.000,1.113,0.000,0.000,6.902,
2025-09-30 08:00:00,Tuesday,8,3.024,3.043,0.000,1.095,0.000,0.000,7.162,
2025-09-30 09:00:00,Tuesday,9,2.535,2.882,0.000,0.000,0.692,1.999,8.108,praca zdalna; pompa basenu
2025-09-30 10:00:00,Tuesday,10,1.895,2.535,0.000,0.000,0.699,1.668,6.797,praca zdalna; pompa basenu
2025-09-30 11:00:00,Tuesday,11,2.443,2.358,0.000,0.000,0.547,2.369,7.717,praca zdalna; pompa basenu
2025-09-30 12:00:00,Tuesday,12,1.854,2.222,0.000,0.000,0.642,2.429,7.147,praca zdalna; pompa basenu
2025-09-30 13:00:00,Tuesday,13,2.523,1.766,0.000,1.339,0.766,1.854,8.248,praca zdalna; pompa basenu
2025-09-30 14:00:00,Tuesday,14,2.815,2.093,0.000,0.000,1.053,4.147,10.108,praca zdalna; pompa basenu; pralka
2025-09-30 15:00:00,Tuesday,15,3.158,1.755,0.000,0.000,1.265,5.950,12.128,praca zdalna; pompa basenu; suszarka
2025-09-30 16:00:00,Tuesday,16,2.183,1.741,0.000,0.000,0.987,2.748,7.659,praca zdalna; pompa basenu
2025-09-30 17:00:00,Tuesday,17,2.401,2.169,0.000,3.714,0.927,0.000,9.211,
2025-09-30 18:00:00,Tuesday,18,3.015,1.994,0.000,0.000,0.865,0.000,5.874,
2025-09-30 19:00:00,Tuesday,19,1.893,2.420,0.000,0.000,0.586,0.000,4.899,
2025-09-30 20:00:00,Tuesday,20,2.054,2.735,0.389,0.000,1.191,0.000,6.369,
2025-09-30 21:00:00,Tuesday,21,2.348,2.574,0.290,0.000,0.607,0.000,5.819,
2025-09-30 22:00:00,Tuesday,22,2.130,2.242,0.327,0.000,0.653,15.530,20.882,ładowanie EV
2025-09-30 23:00:00,Tuesday,23,1.840,2.302,0.000,0.000,0.000,16.516,20.658,ładowanie EV
2025-10-01 00:00:00,Wednesday,0,2.558,2.716,0.000,0.000,0.000,12.951,18.225,ładowanie EV
2025-10-01 01:00:00,Wednesday,1,3.190,2.376,0.000,0.000,0.000,10.713,16.279,ładowanie EV
2025-10-01 02:00:00,Wednesday,2,2.615,3.034,0.000,0.000,0.000,13.540,19.189,ładowanie EV
2025-10-01 03:00:00,Wednesday,3,2.309,2.857,0.000,0.000,0.000,11.033,16.199,ładowanie EV
2025-10-01 04:00:00,Wednesday,4,3.250,2.548,0.000,0.000,0.000,14.497,20.295,ładowanie EV
2025-10-01 05:00:00,Wednesday,5,2.788,2.847,0.000,0.000,0.000,11.967,17.602,ładowanie EV
2025-10-01 06:00:00,Wednesday,6,2.275,3.344,0.359,1.145,0.000,0.000,7.123,
2025-10-01 07:00:00,Wednesday,7,2.928,3.004,0.000,0.945,0.000,0.000,6.877,
2025-10-01 08:00:00,Wednesday,8,2.500,2.686,0.000,0.515,0.000,0.000,5.701,
2025-10-01 09:00:00,Wednesday,9,2.778,2.753,0.000,0.000,0.393,2.254,8.178,pompa basenu
2025-10-01 10:00:00,Wednesday,10,2.516,2.712,0.000,0.000,0.347,1.513,7.088,pompa basenu
2025-10-01 11:00:00,Wednesday,11,2.588,2.960,0.000,0.000,0.347,1.463,7.358,pompa basenu
2025-10-01 12:00:00,Wednesday,12,2.845,2.305,0.000,1.079,0.343,1.757,8.329,pompa basenu
2025-10-01 13:00:00,Wednesday,13,3.094,2.231,0.000,0.000,0.391,1.730,7.446,pompa basenu
2025-10-01 14:00:00,Wednesday,14,1.891,2.054,0.000,0.000,0.373,2.176,6.494,pompa basenu
2025-10-01 15:00:00,Wednesday,15,2.937,2.063,0.000,0.000,0.554,2.123,7.677,pompa basenu
2025-10-01 16:00:00,Wednesday,16,3.091,1.980,0.000,0.000,0.324,1.884,7.279,pompa basenu
2025-10-01 17:00:00,Wednesday,17,3.165,2.144,0.000,0.000,1.122,0.000,6.431,
2025-10-01 18:00:00,Wednesday,18,2.592,2.518,0.607,2.659,0.787,0.000,9.163,
2025-10-01 19:00:00,Wednesday,19,3.068,2.489,0.658,0.000,1.157,2.242,9.614,zmywarka
2025-10-01 20:00:00,Wednesday,20,2.542,2.562,0.662,0.000,1.118,0.000,6.884,
2025-10-01 21:00:00,Wednesday,21,2.088,2.305,0.292,0.000,1.120,0.000,5.805,
2025-10-01 22:00:00,Wednesday,22,2.321,2.176,0.308,0.000,1.129,15.806,21.740,ładowanie EV
2025-10-01 23:00:00,Wednesday,23,1.944,2.380,0.000,0.000,0.000,10.909,15.233,ładowanie EV
2025-10-02 00:00:00,Thursday,0,3.126,2.275,0.000,0.000,0.000,14.393,19.794,ładowanie EV
2025-10-02 01:00:00,Thursday,1,2.424,2.445,0.000,0.000,0.000,15.260,20.129,ładowanie EV
2025-10-02 02:00:00,Thursday,2,2.054,2.114,0.000,0.000,0.000,14.058,18.226,ładowanie EV
2025-10-02 03:00:00,Thursday,3,2.792,2.404,0.000,0.000,0.000,16.420,21.616,ładowanie EV
2025-10-02 04:00:00,Thursday,4,2.054,2.663,0.000,0.000,0.000,14.315,19.032,ładowanie EV
2025-10-02 05:00:00,Thursday,5,2.215,2.459,0.000,0.000,0.000,14.842,19.516,ładowanie EV
2025-10-02 06:00:00,Thursday,6,3.080,3.381,0.301,0.780,0.000,0.000,7.542,
2025-10-02 07:00:00,Thursday,7,3.218,3.581,0.000,0.911,0.000,0.000,7.710,
2025-10-02 08:00:00,Thursday,8,2.673,3.427,0.000,0.874,0.000,0.000,6.974,
2025-10-02 09:00:00,Thursday,9,2.033,3.425,0.000,0.000,0.294,1.608,7.360,pompa basenu
2025-10-02 10:00:00,Thursday,10,2.799,3.098,0.000,0.000,0.306,2.514,8.717,pompa basenu
2025-10-02 11:00:00,Thursday,11,2.592,2.123,0.000,0.000,0.419,1.615,6.749,pompa basenu
2025-10-02 12:00:00,Thursday,12,2.599,2.518,0.000,1.668,0.416,1.454,8.655,pompa basenu
2025-10-02 13:00:00,Thursday,13,2.498,2.217,0.000,0.000,0.497,1.684,6.896,pompa basenu
2025-10-02 14:00:00,Thursday,14,2.268,2.275,0.000,0.000,0.375,1.670,6.588,pompa basenu
2025-10-02 15:00:00,Thursday,15,2.546,2.042,0.000,0.000,0.545,2.042,7.175,pompa basenu
2025-10-02 16:00:00,Thursday,16,3.142,1.663,0.000,0.000,0.497,1.389,6.691,pompa basenu
2025-10-02 17:00:00,Thursday,17,2.781,2.286,0.000,4.432,0.892,0.000,10.391,
2025-10-02 18:00:00,Thursday,18,1.849,2.424,0.478,0.000,0.759,0.000,5.510,
2025-10-02 19:00:00,Thursday,19,3.107,2.475,0.356,0.000,0.557,0.000,6.495,
2025-10-02 20:00:00,Thursday,20,2.415,2.406,0.642,0.000,1.026,2.169,8.658,zmywarka
2025-10-02 21:00:00,Thursday,21,2.751,2.700,0.274,0.000,0.787,0.000,6.512,
2025-10-02 22:00:00,Thursday,22,2.392,2.512,0.122,0.000,1.070,16.420,22.516,ładowanie EV
2025-10-02 23:00:00,Thursday,23,2.169,2.656,0.000,0.000,0.000,14.814,19.639,ładowanie EV
2025-10-03 00:00:00,Friday,0,3.045,2.399,0.000,0.000,0.000,13.653,19.097,ładowanie EV
2025-10-03 01:00:00,Friday,1,2.017,2.095,0.000,0.000,0.000,16.256,20.368,ładowanie EV
2025-10-03 02:00:00,Friday,2,1.971,2.666,0.000,0.000,0.000,12.024,16.661,ładowanie EV
2025-10-03 03:00:00,Friday,3,1.911,2.153,0.000,0.000,0.000,9.156,13.220,ładowanie EV
2025-10-03 04:00:00,Friday,4,3.181,2.760,0.000,0.000,0.000,9.356,15.297,ładowanie EV
2025-10-03 05:00:00,Friday,5,3.002,2.084,0.000,0.000,0.000,8.073,13.159,ładowanie EV
2025-10-03 06:00:00,Friday,6,3.186,2.794,0.405,1.357,0.000,0.000,7.742,
2025-10-03 07:00:00,Friday,7,2.951,2.820,0.000,0.460,0.000,0.000,6.231,
2025-10-03 08:00:00,Friday,8,1.870,2.732,0.000,0.888,0.000,0.000,5.490,
2025-10-03 09:00:00,Friday,9,3.133,2.900,0.000,0.000,0.320,1.702,8.055,pompa basenu
2025-10-03 10:00:00,Friday,10,2.017,2.424,0.000,0.000,0.320,2.279,7.040,pompa basenu
2025-10-03 11:00:00,Friday,11,2.778,2.185,0.000,0.000,0.336,2.753,8.052,pompa basenu
2025-10-03 12:00:00,Friday,12,2.590,1.895,0.000,1.852,0.499,2.746,9.582,pompa basenu
2025-10-03 13:00:00,Friday,13,2.753,2.180,0.000,0.000,0.501,1.658,7.092,pompa basenu
2025-10-03 14:00:00,Friday,14,2.443,2.272,0.000,0.000,0.478,1.555,6.748,pompa basenu
2025-10-03 15:00:00,Friday,15,2.242,1.799,0.000,0.000,0.862,2.088,6.991,pompa basenu
2025-10-03 16:00:00,Friday,16,2.781,1.955,0.000,0.000,0.345,2.242,7.323,pompa basenu
2025-10-03 17:00:00,Friday,17,2.891,2.196,0.000,5.193,0.522,0.000,10.802,
2025-10-03 18:00:00,Friday,18,2.567,2.477,0.513,0.000,1.178,0.000,6.735,
2025-10-03 19:00:00,Friday,19,2.178,2.141,0.564,0.000,0.616,1.858,7.357,zmywarka
2025-10-03 20:00:00,Friday,20,2.450,2.123,0.637,0.000,0.803,0.000,6.013,
2025-10-03 21:00:00,Friday,21,2.505,2.353,0.603,0.000,0.800,0.000,6.261,
2025-10-03 22:00:00,Friday,22,2.328,1.939,0.290,0.000,0.814,16.900,22.271,ładowanie EV
2025-10-03 23:00:00,Friday,23,2.921,1.994,0.000,0.000,0.000,11.350,16.265,ładowanie EV
2025-10-04 00:00:00,Saturday,0,2.928,2.065,0.000,0.000,0.000,9.193,14.186,ładowanie EV
2025-10-04 01:00:00,Saturday,1,3.034,1.960,0.000,0.000,0.000,8.791,13.785,ładowanie EV
2025-10-04 02:00:00,Saturday,2,2.880,2.125,0.000,0.000,0.000,11.631,16.636,ładowanie EV
2025-10-04 03:00:00,Saturday,3,3.146,1.874,0.000,0.000,0.000,12.779,17.799,ładowanie EV
2025-10-04 04:00:00,Saturday,4,2.569,1.789,0.000,0.000,0.000,16.834,21.192,ładowanie EV
2025-10-04 05:00:00,Saturday,5,2.150,1.861,0.000,0.000,0.000,11.797,15.808,ładowanie EV
2025-10-04 06:00:00,Saturday,6,2.111,2.719,0.214,0.764,0.000,0.000,5.808,
2025-10-04 07:00:00,Saturday,7,2.932,2.302,0.209,1.127,0.000,0.000,6.570,
2025-10-04 08:00:00,Saturday,8,2.762,2.728,0.000,0.619,0.000,0.000,6.109,
2025-10-04 09:00:00,Saturday,9,2.576,3.365,0.000,0.000,0.644,1.902,8.487,pompa basenu
2025-10-04 10:00:00,Saturday,10,2.406,2.824,0.000,0.000,0.435,2.229,7.894,pompa basenu
2025-10-04 11:00:00,Saturday,11,1.992,2.834,0.000,0.000,0.752,1.902,7.480,pompa basenu
2025-10-04 12:00:00,Saturday,12,2.932,2.944,0.000,2.266,0.322,2.719,11.183,pompa basenu
2025-10-04 13:00:00,Saturday,13,2.564,3.096,0.000,0.000,0.715,4.501,10.876,pompa basenu; zmywarka
2025-10-04 14:00:00,Saturday,14,2.827,3.110,0.000,0.000,0.759,2.686,9.382,pompa basenu
2025-10-04 15:00:00,Saturday,15,3.066,2.408,0.000,0.000,0.462,2.482,8.418,pompa basenu
2025-10-04 16:00:00,Saturday,16,1.870,2.831,0.000,0.000,0.678,1.518,6.897,pompa basenu
2025-10-04 17:00:00,Saturday,17,3.112,2.613,0.000,2.822,1.171,0.000,9.718,
2025-10-04 18:00:00,Saturday,18,2.118,2.748,0.354,0.000,1.012,0.000,6.232,
2025-10-04 19:00:00,Saturday,19,2.818,2.426,0.637,0.000,0.527,16.666,23.074,sauna
2025-10-04 20:00:00,Saturday,20,2.328,2.799,0.534,0.000,0.828,14.828,21.317,sauna
2025-10-04 21:00:00,Saturday,21,3.215,2.482,0.384,0.000,0.938,19.122,26.141,sauna
2025-10-04 22:00:00,Saturday,22,2.042,2.755,0.138,0.000,0.892,10.164,15.991,ładowanie EV
2025-10-04 23:00:00,Saturday,23,2.847,2.144,0.000,0.000,0.000,9.727,14.718,ładowanie EV
2025-10-05 00:00:00,Sunday,0,2.808,2.302,0.000,0.000,0.000,15.727,20.837,ładowanie EV
2025-10-05 01:00:00,Sunday,1,2.910,2.523,0.000,0.000,0.000,9.545,14.978,ładowanie EV
2025-10-05 02:00:00,Sunday,2,1.891,2.571,0.000,0.000,0.000,10.382,14.844,ładowanie EV
2025-10-05 03:00:00,Sunday,3,2.850,2.010,0.000,0.000,0.000,11.245,16.105,ładowanie EV
2025-10-05 04:00:00,Sunday,4,2.440,1.992,0.000,0.000,0.000,12.967,17.399,ładowanie EV
2025-10-05 05:00:00,Sunday,5,2.031,2.295,0.000,0.000,0.000,11.093,15.419,ładowanie EV
2025-10-05 06:00:00,Sunday,6,2.643,2.597,0.253,0.950,0.000,0.000,6.443,
2025-10-05 07:00:00,Sunday,7,2.022,2.567,0.179,1.297,0.000,0.000,6.065,
2025-10-05 08:00:00,Sunday,8,2.721,2.337,0.000,0.936,0.000,0.000,5.994,
2025-10-05 09:00:00,Sunday,9,2.367,2.252,0.000,0.000,0.232,1.771,6.622,pompa basenu
2025-10-05 10:00:00,Sunday,10,2.873,2.144,0.000,0.000,0.419,4.117,9.553,pompa basenu; pralka
2025-10-05 11:00:00,Sunday,11,1.898,2.146,0.000,0.000,0.462,1.971,6.477,pompa basenu
2025-10-05 12:00:00,Sunday,12,2.877,2.183,0.000,0.000,0.770,2.502,8.332,pompa basenu
2025-10-05 13:00:00,Sunday,13,2.321,1.854,0.000,3.137,0.724,4.110,12.146,pompa basenu; zmywarka
2025-10-05 14:00:00,Sunday,14,2.293,2.169,0.000,0.000,0.389,1.746,6.597,pompa basenu
2025-10-05 15:00:00,Sunday,15,2.452,1.776,0.000,0.000,0.837,2.125,7.190,pompa basenu
2025-10-05 16:00:00,Sunday,16,3.195,1.934,0.000,0.000,0.232,1.778,7.139,pompa basenu
2025-10-05 17:00:00,Sunday,17,2.150,1.994,0.000,0.000,1.155,0.000,5.299,
2025-10-05 18:00:00,Sunday,18,2.794,1.948,0.347,4.207,0.722,0.000,10.018,
2025-10-05 19:00:00,Sunday,19,2.512,1.953,0.340,0.000,0.899,18.982,24.686,sauna
2025-10-05 20:00:00,Sunday,20,2.410,1.987,0.520,0.000,1.088,14.370,20.375,sauna
2025-10-05 21:00:00,Sunday,21,1.960,2.463,0.308,0.000,1.196,14.012,19.939,sauna
2025-10-05 22:00:00,Sunday,22,2.353,1.858,0.320,0.000,1.184,11.859,17.574,ładowanie EV
2025-10-05 23:00:00,Sunday,23,2.808,1.987,0.000,0.000,0.000,8.140,12.935,ładowanie EV
2025-10-06 00:00:00,Monday,0,2.203,1.552,0.000,0.000,0.000,14.690,18.445,ładowanie EV
2025-10-06 01:00:00,Monday,1,2.247,1.937,0.000,0.000,0.000,12.128,16.312,ładowanie EV
2025-10-06 02:00:00,Monday,2,2.305,1.661,0.000,0.000,0.000,12.404,16.370,ładowanie EV
2025-10-06 03:00:00,Monday,3,2.254,1.396,0.000,0.000,0.000,14.860,18.510,ładowanie EV
2025-10-06 04:00:00,Monday,4,3.070,1.465,0.000,0.000,0.000,13.669,18.204,ładowanie EV
2025-10-06 05:00:00,Monday,5,2.622,1.592,0.000,0.000,0.000,15.226,19.440,ładowanie EV
2025-10-06 06:00:00,Monday,6,1.946,1.817,0.182,1.067,0.000,0.000,5.012,
2025-10-06 07:00:00,Monday,7,2.468,2.293,0.405,1.138,0.000,0.000,6.304,
2025-10-06 08:00:00,Monday,8,3.066,2.008,0.000,1.279,0.000,0.000,6.353,
2025-10-06 09:00:00,Monday,9,3.190,2.295,0.000,0.000,0.442,2.065,7.992,pompa basenu
2025-10-06 10:00:00,Monday,10,2.348,1.845,0.000,0.000,0.304,2.339,6.836,pompa basenu
2025-10-06 11:00:00,Monday,11,2.079,2.031,0.000,0.000,0.380,1.826,6.316,pompa basenu
2025-10-06 12:00:00,Monday,12,3.103,1.536,0.000,1.649,0.432,1.552,8.272,pompa basenu
2025-10-06 13:00:00,Monday,13,2.544,1.686,0.000,0.000,0.359,2.392,6.981,pompa basenu
2025-10-06 14:00:00,Monday,14,2.426,1.541,0.000,0.000,0.632,1.523,6.122,pompa basenu
2025-10-06 15:00:00,Monday,15,1.990,1.573,0.000,0.000,0.649,1.898,6.110,pompa basenu
2025-10-06 16:00:00,Monday,16,2.857,1.484,0.000,0.000,0.467,2.058,6.866,pompa basenu
2025-10-06 17:00:00,Monday,17,2.928,1.605,0.000,7.995,1.125,0.000,13.653,
2025-10-06 18:00:00,Monday,18,2.098,1.983,0.435,0.000,0.550,0.000,5.066,
2025-10-06 19:00:00,Monday,19,2.406,2.144,0.373,0.000,0.748,2.650,8.321,zmywarka
2025-10-06 20:00:00,Monday,20,3.146,2.259,0.262,0.000,0.805,0.000,6.472,
2025-10-06 21:00:00,Monday,21,2.965,2.065,0.278,0.000,1.051,0.000,6.359,
2025-10-06 22:00:00,Monday,22,2.006,1.838,0.166,0.000,0.534,14.297,18.841,ładowanie EV
2025-10-06 23:00:00,Monday,23,2.569,2.196,0.000,0.000,0.000,9.977,14.742,ładowanie EV
2025-10-07 00:00:00,Tuesday,0,1.845,2.180,0.000,0.000,0.000,8.883,12.908,ładowanie EV
2025-10-07 01:00:00,Tuesday,1,2.208,2.077,0.000,0.000,0.000,16.362,20.647,ładowanie EV
2025-10-07 02:00:00,Tuesday,2,3.048,1.969,0.000,0.000,0.000,13.085,18.102,ładowanie EV
2025-10-07 03:00:00,Tuesday,3,2.118,2.270,0.000,0.000,0.000,11.364,15.752,ładowanie EV
2025-10-07 04:00:00,Tuesday,4,2.187,1.854,0.000,0.000,0.000,16.976,21.017,ładowanie EV
2025-10-07 05:00:00,Tuesday,5,2.983,1.923,0.000,0.000,0.000,13.584,18.490,ładowanie EV
2025-10-07 06:00:00,Tuesday,6,2.330,2.677,0.237,1.311,0.000,0.000,6.555,
2025-10-07 07:00:00,Tuesday,7,2.505,2.240,0.347,1.040,0.000,0.000,6.132,
2025-10-07 08:00:00,Tuesday,8,2.456,2.466,0.000,0.842,0.000,0.000,5.764,
2025-10-07 09:00:00,Tuesday,9,2.576,2.001,0.000,0.000,0.386,2.753,7.716,pompa basenu
2025-10-07 10:00:00,Tuesday,10,1.990,2.401,0.000,0.000,0.414,2.380,7.185,pompa basenu
2025-10-07 11:00:00,Tuesday,11,2.134,1.822,0.000,0.000,0.497,2.592,7.045,pompa basenu
2025-10-07 12:00:00,Tuesday,12,2.638,1.755,0.000,0.000,0.506,1.495,6.394,pompa basenu
2025-10-07 13:00:00,Tuesday,13,2.500,1.858,0.000,1.336,0.409,3.719,9.822,pompa basenu; pralka
2025-10-07 14:00:00,Tuesday,14,2.944,1.743,0.000,0.000,0.860,6.422,11.969,pompa basenu; suszarka
2025-10-07 15:00:00,Tuesday,15,2.995,1.690,0.000,0.000,0.421,2.153,7.259,pompa basenu
2025-10-07 16:00:00,Tuesday,16,2.574,1.619,0.000,0.000,0.798,1.433,6.424,pompa basenu
2025-10-07 17:00:00,Tuesday,17,2.045,2.054,0.000,7.742,1.021,0.000,12.862,
2025-10-07 18:00:00,Tuesday,18,3.179,1.743,0.255,0.000,0.968,0.000,6.145,
2025-10-07 19:00:00,Tuesday,19,2.755,1.840,0.396,0.000,1.070,0.000,6.061,
2025-10-07 20:00:00,Tuesday,20,2.284,1.969,0.276,0.000,0.748,2.746,8.023,zmywarka
2025-10-07 21:00:00,Tuesday,21,2.033,1.649,0.653,0.000,0.665,0.000,5.000,
2025-10-07 22:00:00,Tuesday,22,3.195,1.196,0.225,0.000,0.715,11.886,17.217,ładowanie EV
2025-10-07 23:00:00,Tuesday,23,2.546,1.336,0.000,0.000,0.000,11.905,15.787,ładowanie EV
2025-10-08 00:00:00,Wednesday,0,2.417,1.518,0.000,0.000,0.000,15.649,19.584,ładowanie EV
2025-10-08 01:00:00,Wednesday,1,2.726,1.559,0.000,0.000,0.000,11.967,16.252,ładowanie EV
2025-10-08 02:00:00,Wednesday,2,2.215,1.587,0.000,0.000,0.000,9.078,12.880,ładowanie EV
2025-10-08 03:00:00,Wednesday,3,2.337,1.697,0.000,0.000,0.000,12.422,16.456,ładowanie EV
2025-10-08 04:00:00,Wednesday,4,2.210,1.578,0.000,0.000,0.000,8.234,12.022,ładowanie EV
2025-10-08 05:00:00,Wednesday,5,2.199,1.736,0.000,0.000,0.000,16.762,20.697,ładowanie EV
2025-10-08 06:00:00,Wednesday,6,1.904,2.249,0.414,0.678,0.000,0.000,5.245,
2025-10-08 07:00:00,Wednesday,7,2.882,2.417,0.437,1.270,0.000,0.000,7.006,
2025-10-08 08:00:00,Wednesday,8,2.537,1.886,0.000,0.922,0.000,0.000,5.345,
2025-10-08 09:00:00,Wednesday,9,3.096,1.769,0.000,0.000,0.324,2.334,7.523,pompa basenu
2025-10-08 10:00:00,Wednesday,10,2.719,2.190,0.000,0.000,0.283,1.695,6.887,pompa basenu
2025-10-08 11:00:00,Wednesday,11,1.980,1.893,0.000,0.000,0.292,3.365,7.530,pompa basenu; pralka
2025-10-08 12:00:00,Wednesday,12,1.881,1.495,0.000,1.244,0.386,1.463,6.469,pompa basenu
2025-10-08 13:00:00,Wednesday,13,2.928,1.695,0.000,0.000,0.416,2.240,7.279,pompa basenu
2025-10-08 14:00:00,Wednesday,14,2.150,1.792,0.000,0.000,0.494,2.440,6.876,pompa basenu
2025-10-08 15:00:00,Wednesday,15,2.942,1.828,0.000,0.000,0.444,1.467,6.681,pompa basenu
2025-10-08 16:00:00,Wednesday,16,3.160,1.536,0.000,0.000,0.814,2.507,8.017,pompa basenu
2025-10-08 17:00:00,Wednesday,17,1.992,1.727,0.000,3.811,0.635,0.000,8.165,
2025-10-08 18:00:00,Wednesday,18,3.036,1.714,0.501,0.000,0.582,0.000,5.833,
2025-10-08 19:00:00,Wednesday,19,2.314,2.210,0.669,0.000,0.734,2.093,8.020,zmywarka
2025-10-08 20:00:00,Wednesday,20,2.859,2.176,0.453,0.000,0.936,0.000,6.424,
2025-10-08 21:00:00,Wednesday,21,2.344,2.443,0.322,0.000,1.175,0.000,6.284,
2025-10-08 22:00:00,Wednesday,22,2.063,2.155,0.258,0.000,0.646,10.594,15.716,ładowanie EV
2025-10-08 23:00:00,Wednesday,23,2.346,2.748,0.000,0.000,0.000,12.795,17.889,ładowanie EV
2025-10-09 00:00:00,Thursday,0,3.080,2.098,0.000,0.000,0.000,13.027,18.205,ładowanie EV
2025-10-09 01:00:00,Thursday,1,3.133,2.401,0.000,0.000,0.000,13.356,18.890,ładowanie EV
2025-10-09 02:00:00,Thursday,2,2.298,2.486,0.000,0.000,0.000,13.496,18.280,ładowanie EV
2025-10-09 03:00:00,Thursday,3,3.165,2.236,0.000,0.000,0.000,9.862,15.263,ładowanie EV
2025-10-09 04:00:00,Thursday,4,1.923,2.355,0.000,0.000,0.000,15.520,19.798,ładowanie EV
2025-10-09 05:00:00,Thursday,5,3.002,2.866,0.000,0.000,0.000,12.390,18.258,ładowanie EV
2025-10-09 06:00:00,Thursday,6,2.371,3.505,0.267,0.929,0.000,0.000,7.072,
2025-10-09 07:00:00,Thursday,7,2.946,3.167,0.000,1.293,0.000,0.000,7.406,
2025-10-09 08:00:00,Thursday,8,2.012,3.100,0.000,0.879,0.000,0.000,5.991,
2025-10-09 09:00:00,Thursday,9,2.866,3.250,0.000,0.000,0.398,1.612,8.126,pompa basenu
2025-10-09 10:00:00,Thursday,10,1.953,3.149,0.000,0.000,0.377,2.247,7.726,pompa basenu
2025-10-09 11:00:00,Thursday,11,2.544,2.431,0.000,0.000,0.511,1.640,7.126,pompa basenu
2025-10-09 12:00:00,Thursday,12,1.932,2.270,0.000,0.000,0.448,2.590,7.240,pompa basenu
2025-10-09 13:00:00,Thursday,13,2.516,1.766,0.000,1.566,0.515,2.440,8.803,pompa basenu
2025-10-09 14:00:00,Thursday,14,3.041,1.569,0.000,0.000,0.306,1.486,6.402,pompa basenu
2025-10-09 15:00:00,Thursday,15,1.950,1.941,0.000,0.000,0.840,1.787,6.518,pompa basenu
2025-10-09 16:00:00,Thursday,16,2.535,1.635,0.000,0.000,0.642,1.769,6.581,pompa basenu
2025-10-09 17:00:00,Thursday,17,2.463,1.796,0.000,0.000,0.692,0.000,4.951,
2025-10-09 18:00:00,Thursday,18,2.003,1.847,0.446,3.972,0.766,0.000,9.034,
2025-10-09 19:00:00,Thursday,19,1.916,1.824,0.465,0.000,1.086,0.000,5.291,
2025-10-09 20:00:00,Thursday,20,2.332,1.725,0.377,0.000,0.589,2.190,7.213,zmywarka
2025-10-09 21:00:00,Thursday,21,3.084,1.923,0.513,0.000,0.540,0.000,6.060,
2025-10-09 22:00:00,Thursday,22,1.932,1.888,0.126,0.000,0.603,13.630,18.179,ładowanie EV
2025-10-09 23:00:00,Thursday,23,2.169,2.017,0.000,0.000,0.000,15.801,19.987,ładowanie EV
2025-10-10 00:00:00,Friday,0,3.022,1.566,0.000,0.000,0.000,12.319,16.907,ładowanie EV
2025-10-10 01:00:00,Friday,1,3.096,1.872,0.000,0.000,0.000,13.200,18.168,ładowanie EV
2025-10-10 02:00:00,Friday,2,1.946,2.213,0.000,0.000,0.000,9.814,13.973,ładowanie EV
2025-10-10 03:00:00,Friday,3,2.367,1.969,0.000,0.000,0.000,14.982,19.318,ładowanie EV
2025-10-10 04:00:00,Friday,4,2.245,1.937,0.000,0.000,0.000,13.246,17.428,ładowanie EV
2025-10-10 05:00:00,Friday,5,1.930,1.888,0.000,0.000,0.000,15.546,19.364,ładowanie EV
2025-10-10 06:00:00,Friday,6,2.799,2.840,0.230,0.925,0.000,0.000,6.794,
2025-10-10 07:00:00,Friday,7,2.668,2.224,0.458,0.888,0.000,0.000,6.238,
2025-10-10 08:00:00,Friday,8,3.220,2.454,0.000,0.375,0.000,0.000,6.049,
2025-10-10 09:00:00,Friday,9,2.926,2.417,0.000,0.000,0.331,2.309,7.983,pompa basenu
2025-10-10 10:00:00,Friday,10,2.339,1.888,0.000,0.000,0.329,1.803,6.359,pompa basenu
2025-10-10 11:00:00,Friday,11,2.164,1.642,0.000,0.000,0.492,1.444,5.742,pompa basenu
2025-10-10 12:00:00,Friday,12,2.739,1.647,0.000,0.840,0.324,1.771,7.321,pompa basenu
2025-10-10 13:00:00,Friday,13,1.948,1.431,0.000,0.000,0.283,2.735,6.397,pompa basenu
2025-10-10 14:00:00,Friday,14,2.259,1.431,0.000,0.000,0.764,2.709,7.163,pompa basenu
2025-10-10 15:00:00,Friday,15,2.656,1.711,0.000,0.000,0.653,2.210,7.230,pompa basenu
2025-10-10 16:00:00,Friday,16,3.080,1.803,0.000,0.000,0.646,2.516,8.045,pompa basenu
2025-10-10 17:00:00,Friday,17,2.208,1.693,0.000,5.476,0.586,0.000,9.963,
2025-10-10 18:00:00,Friday,18,2.666,1.799,0.501,0.000,1.168,0.000,6.134,
2025-10-10 19:00:00,Friday,19,2.226,1.663,0.246,0.000,0.568,2.031,6.734,zmywarka
2025-10-10 20:00:00,Friday,20,2.332,1.762,0.294,0.000,0.798,0.000,5.186,
2025-10-10 21:00:00,Friday,21,2.509,1.808,0.598,0.000,0.830,0.000,5.745,
2025-10-10 22:00:00,Friday,22,3.096,1.711,0.343,0.000,0.770,16.811,22.731,ładowanie EV
2025-10-10 23:00:00,Friday,23,2.719,1.481,0.000,0.000,0.000,13.798,17.998,ładowanie EV
2025-10-11 00:00:00,Saturday,0,3.002,1.500,0.000,0.000,0.000,8.593,13.095,ładowanie EV
2025-10-11 01:00:00,Saturday,1,2.972,1.341,0.000,0.000,0.000,16.739,21.052,ładowanie EV
2025-10-11 02:00:00,Saturday,2,3.199,1.635,0.000,0.000,0.000,16.082,20.916,ładowanie EV
2025-10-11 03:00:00,Saturday,3,2.903,1.755,0.000,0.000,0.000,10.690,15.348,ładowanie EV
2025-10-11 04:00:00,Saturday,4,2.804,1.523,0.000,0.000,0.000,8.105,12.432,ładowanie EV
2025-10-11 05:00:00,Saturday,5,2.463,2.100,0.000,0.000,0.000,9.780,14.343,ładowanie EV
2025-10-11 06:00:00,Saturday,6,2.305,1.962,0.166,1.382,0.000,0.000,5.815,
2025-10-11 07:00:00,Saturday,7,2.459,2.075,0.000,0.856,0.000,0.000,5.390,
2025-10-11 08:00:00,Saturday,8,3.199,2.116,0.000,1.265,0.000,0.000,6.580,
2025-10-11 09:00:00,Saturday,9,2.084,2.008,0.000,0.000,0.720,1.424,6.236,pompa basenu
2025-10-11 10:00:00,Saturday,10,2.272,2.307,0.000,0.000,0.499,3.406,8.484,pompa basenu; pralka
2025-10-11 11:00:00,Saturday,11,2.827,1.684,0.000,0.000,0.552,1.746,6.809,pompa basenu
2025-10-11 12:00:00,Saturday,12,2.456,1.941,0.000,0.000,0.264,1.937,6.598,pompa basenu
2025-10-11 13:00:00,Saturday,13,3.181,1.479,0.000,2.645,0.483,4.349,12.137,pompa basenu; zmywarka
2025-10-11 14:00:00,Saturday,14,2.661,2.017,0.000,0.000,0.699,2.134,7.511,pompa basenu
2025-10-11 15:00:00,Saturday,15,3.197,1.624,0.000,0.000,0.336,2.065,7.222,pompa basenu
2025-10-11 16:00:00,Saturday,16,2.592,1.918,0.000,0.000,0.724,1.858,7.092,pompa basenu
2025-10-11 17:00:00,Saturday,17,2.190,1.898,0.000,0.000,0.807,0.000,4.895,
2025-10-11 18:00:00,Saturday,18,2.799,2.178,0.322,3.328,0.853,0.000,9.480,
2025-10-11 19:00:00,Saturday,19,2.866,2.288,0.251,0.000,1.095,17.487,23.987,sauna
2025-10-11 20:00:00,Saturday,20,2.438,2.031,0.384,0.000,0.934,17.429,23.216,sauna
2025-10-11 21:00:00,Saturday,21,2.781,1.916,0.246,0.000,1.136,20.240,26.319,sauna
2025-10-11 22:00:00,Saturday,22,1.957,1.640,0.150,0.000,0.559,13.653,17.959,ładowanie EV
2025-10-11 23:00:00,Saturday,23,2.997,1.833,0.000,0.000,0.000,16.406,21.236,ładowanie EV
2025-10-12 00:00:00,Sunday,0,1.930,2.139,0.000,0.000,0.000,13.669,17.738,ładowanie EV
2025-10-12 01:00:00,Sunday,1,2.314,1.966,0.000,0.000,0.000,16.730,21.010,ładowanie EV
2025-10-12 02:00:00,Sunday,2,2.946,1.516,0.000,0.000,0.000,12.386,16.848,ładowanie EV
2025-10-12 03:00:00,Sunday,3,2.380,1.914,0.000,0.000,0.000,12.788,17.082,ładowanie EV
2025-10-12 04:00:00,Sunday,4,3.121,1.980,0.000,0.000,0.000,12.130,17.231,ładowanie EV
2025-10-12 05:00:00,Sunday,5,3.031,1.732,0.000,0.000,0.000,15.242,20.005,ładowanie EV
2025-10-12 06:00:00,Sunday,6,2.222,1.812,0.363,0.973,0.000,0.000,5.370,
2025-10-12 07:00:00,Sunday,7,1.934,2.378,0.239,0.869,0.000,0.000,5.420,
2025-10-12 08:00:00,Sunday,8,2.951,2.162,0.000,0.833,0.000,0.000,5.946,
2025-10-12 09:00:00,Sunday,9,2.613,2.185,0.000,0.000,0.299,2.714,7.811,pompa basenu
2025-10-12 10:00:00,Sunday,10,3.084,2.072,0.000,0.000,0.258,1.824,7.238,pompa basenu
2025-10-12 11:00:00,Sunday,11,3.045,1.598,0.000,0.000,0.191,1.449,6.283,pompa basenu
2025-10-12 12:00:00,Sunday,12,2.981,1.481,0.000,1.484,0.513,1.506,7.965,pompa basenu
2025-10-12 13:00:00,Sunday,13,1.985,1.247,0.000,0.000,0.536,2.507,6.275,pompa basenu
2025-10-12 14:00:00,Sunday,14,1.888,1.295,0.000,0.000,0.826,4.455,8.464,pompa basenu; zmywarka
2025-10-12 15:00:00,Sunday,15,2.797,1.106,0.000,0.000,0.232,2.468,6.603,pompa basenu
2025-10-12 16:00:00,Sunday,16,2.716,1.182,0.000,0.000,0.501,1.603,6.002,pompa basenu
2025-10-12 17:00:00,Sunday,17,2.475,1.631,0.000,4.023,0.598,0.000,8.727,
2025-10-12 18:00:00,Sunday,18,2.564,1.672,0.405,0.000,0.591,0.000,5.232,
2025-10-12 19:00:00,Sunday,19,3.190,1.934,0.244,0.000,0.770,15.166,21.304,sauna
2025-10-12 20:00:00,Sunday,20,2.995,2.521,0.651,0.000,0.968,15.070,22.205,sauna
2025-10-12 21:00:00,Sunday,21,2.226,2.781,0.628,0.000,0.888,16.790,23.313,sauna
2025-10-12 22:00:00,Sunday,22,2.921,2.638,0.138,0.000,0.529,14.182,20.408,ładowanie EV
2025-10-12 23:00:00,Sunday,23,2.010,2.663,0.000,0.000,0.000,11.939,16.612,ładowanie EV
2025-10-13 00:00:00,Monday,0,2.590,2.960,0.000,0.000,0.000,14.039,19.589,ładowanie EV
2025-10-13 01:00:00,Monday,1,2.433,3.158,0.000,0.000,0.000,15.716,21.307,ładowanie EV
2025-10-13 02:00:00,Monday,2,2.502,3.491,0.000,0.000,0.000,10.152,16.145,ładowanie EV
2025-10-13 03:00:00,Monday,3,1.985,3.450,0.000,0.000,0.000,16.061,21.496,ładowanie EV
2025-10-13 04:00:00,Monday,4,2.070,3.020,0.000,0.000,0.000,15.309,20.399,ładowanie EV
2025-10-13 05:00:00,Monday,5,2.590,3.031,0.000,0.000,0.000,9.184,14.805,ładowanie EV
2025-10-13 06:00:00,Monday,6,2.820,4.386,0.366,0.915,0.000,0.000,8.487,
2025-10-13 07:00:00,Monday,7,2.691,3.593,0.000,1.145,0.000,0.000,7.429,
2025-10-13 08:00:00,Monday,8,2.502,4.968,0.000,1.244,0.000,0.000,8.714,
2025-10-13 09:00:00,Monday,9,3.197,4.462,0.000,0.000,0.439,1.709,9.807,pompa basenu
2025-10-13 10:00:00,Monday,10,3.179,4.283,0.000,0.000,0.455,2.213,10.130,pompa basenu
2025-10-13 11:00:00,Monday,11,2.486,2.716,0.000,0.000,0.359,1.990,7.551,pompa basenu
2025-10-13 12:00:00,Monday,12,2.316,2.332,0.000,0.000,0.416,1.557,6.621,pompa basenu
2025-10-13 13:00:00,Monday,13,2.629,2.286,0.000,1.978,0.490,2.088,9.471,pompa basenu
2025-10-13 14:00:00,Monday,14,2.109,1.771,0.000,0.000,0.798,2.387,7.065,pompa basenu
2025-10-13 15:00:00,Monday,15,1.854,1.727,0.000,0.000,0.281,2.456,6.318,pompa basenu
2025-10-13 16:00:00,Monday,16,2.132,1.826,0.000,0.000,0.800,1.493,6.251,pompa basenu
2025-10-13 17:00:00,Monday,17,2.077,2.236,0.000,3.367,0.593,0.000,8.273,
2025-10-13 18:00:00,Monday,18,1.881,2.613,0.368,0.000,0.738,0.000,5.600,
2025-10-13 19:00:00,Monday,19,2.949,2.516,0.561,0.000,1.175,0.000,7.201,
2025-10-13 20:00:00,Monday,20,2.624,2.960,0.421,0.000,1.157,2.615,9.777,zmywarka
2025-10-13 21:00:00,Monday,21,3.022,2.505,0.630,0.000,1.198,0.000,7.355,
2025-10-13 22:00:00,Monday,22,2.075,2.652,0.239,0.000,0.796,8.685,14.447,ładowanie EV
2025-10-13 23:00:00,Monday,23,2.220,2.666,0.000,0.000,0.000,12.135,17.021,ładowanie EV
2025-10-14 00:00:00,Tuesday,0,2.788,2.482,0.000,0.000,0.000,12.156,17.426,ładowanie EV
2025-10-14 01:00:00,Tuesday,1,3.082,2.095,0.000,0.000,0.000,16.020,21.197,ładowanie EV
2025-10-14 02:00:00,Tuesday,2,3.213,2.454,0.000,0.000,0.000,8.130,13.797,ładowanie EV
2025-10-14 03:00:00,Tuesday,3,2.323,2.426,0.000,0.000,0.000,13.986,18.735,ładowanie EV
2025-10-14 04:00:00,Tuesday,4,2.799,2.249,0.000,0.000,0.000,9.667,14.715,ładowanie EV
2025-10-14 05:00:00,Tuesday,5,2.698,2.263,0.000,0.000,0.000,13.669,18.630,ładowanie EV
2025-10-14 06:00:00,Tuesday,6,2.891,2.399,0.228,0.807,0.000,0.000,6.325,
2025-10-14 07:00:00,Tuesday,7,2.019,2.831,0.446,1.157,0.000,0.000,6.453,
2025-10-14 08:00:00,Tuesday,8,2.647,2.840,0.000,1.221,0.000,0.000,6.708,
2025-10-14 09:00:00,Tuesday,9,1.918,2.831,0.000,0.000,0.400,2.325,7.474,pompa basenu
2025-10-14 10:00:00,Tuesday,10,2.491,2.472,0.000,0.000,0.334,4.784,10.081,pompa basenu; pralka
2025-10-14 11:00:00,Tuesday,11,2.431,2.551,0.000,0.000,0.290,6.028,11.300,pompa basenu; suszarka
2025-10-14 12:00:00,Tuesday,12,1.909,2.385,0.000,1.053,0.356,1.803,7.506,pompa basenu
2025-10-14 13:00:00,Tuesday,13,1.865,2.091,0.000,0.000,0.462,2.252,6.670,pompa basenu
2025-10-14 14:00:00,Tuesday,14,2.102,1.780,0.000,0.000,0.787,2.075,6.744,pompa basenu
2025-10-14 15:00:00,Tuesday,15,2.305,1.969,0.000,0.000,0.738,1.755,6.767,pompa basenu
2025-10-14 16:00:00,Tuesday,16,2.574,2.286,0.000,0.000,0.823,2.686,8.369,pompa basenu
2025-10-14 17:00:00,Tuesday,17,1.996,2.006,0.000,0.000,1.122,0.000,5.124,
2025-10-14 18:00:00,Tuesday,18,2.063,2.645,0.476,3.425,0.932,0.000,9.541,
2025-10-14 19:00:00,Tuesday,19,2.291,2.583,0.370,0.000,0.554,2.732,8.530,zmywarka
2025-10-14 20:00:00,Tuesday,20,2.870,2.288,0.570,0.000,0.676,0.000,6.404,
2025-10-14 21:00:00,Tuesday,21,2.408,2.944,0.540,0.000,0.775,0.000,6.667,
2025-10-14 22:00:00,Tuesday,22,3.091,2.100,0.230,0.000,1.106,15.640,22.167,ładowanie EV
2025-10-14 23:00:00,Tuesday,23,2.972,2.542,0.000,0.000,0.000,9.464,14.978,ładowanie EV
2025-10-15 00:00:00,Wednesday,0,2.489,2.167,0.000,0.000,0.000,15.194,19.850,ładowanie EV
2025-10-15 01:00:00,Wednesday,1,2.367,2.316,0.000,0.000,0.000,14.260,18.943,ładowanie EV
2025-10-15 02:00:00,Wednesday,2,2.675,2.990,0.000,0.000,0.000,14.826,20.491,ładowanie EV
2025-10-15 03:00:00,Wednesday,3,2.702,2.440,0.000,0.000,0.000,13.301,18.443,ładowanie EV
2025-10-15 04:00:00,Wednesday,4,2.330,2.493,0.000,0.000,0.000,8.096,12.919,ładowanie EV
2025-10-15 05:00:00,Wednesday,5,2.799,3.149,0.000,0.000,0.000,13.483,19.431,ładowanie EV
2025-10-15 06:00:00,Wednesday,6,3.057,3.662,0.359,0.954,0.000,0.000,8.032,
2025-10-15 07:00:00,Wednesday,7,3.142,3.443,0.000,1.070,0.000,0.000,7.655,
2025-10-15 08:00:00,Wednesday,8,3.080,3.167,0.000,0.830,0.000,0.000,7.077,
2025-10-15 09:00:00,Wednesday,9,2.261,3.784,0.000,0.000,0.359,2.429,8.833,pompa basenu
2025-10-15 10:00:00,Wednesday,10,2.781,3.271,0.000,0.000,0.320,1.428,7.800,pompa basenu
2025-10-15 11:00:00,Wednesday,11,2.150,2.693,0.000,0.000,0.306,1.757,6.906,pompa basenu
2025-10-15 12:00:00,Wednesday,12,2.693,2.291,0.000,0.000,0.455,2.424,7.863,pompa basenu
2025-10-15 13:00:00,Wednesday,13,2.084,1.842,0.000,1.727,0.513,1.824,7.990,pompa basenu
2025-10-15 14:00:00,Wednesday,14,3.130,1.849,0.000,0.000,0.407,2.454,7.840,pompa basenu
2025-10-15 15:00:00,Wednesday,15,1.948,1.796,0.000,0.000,0.846,2.261,6.851,pompa basenu
2025-10-15 16:00:00,Wednesday,16,1.895,2.355,0.000,0.000,0.688,1.398,6.336,pompa basenu
2025-10-15 17:00:00,Wednesday,17,2.008,2.231,0.000,3.731,0.881,0.000,8.851,
2025-10-15 18:00:00,Wednesday,18,2.047,2.328,0.566,0.000,0.789,0.000,5.730,
2025-10-15 19:00:00,Wednesday,19,2.123,2.500,0.430,0.000,0.522,0.000,5.575,
2025-10-15 20:00:00,Wednesday,20,2.362,2.689,0.439,0.000,0.658,2.512,8.660,zmywarka
2025-10-15 21:00:00,Wednesday,21,2.477,2.318,0.244,0.000,0.768,0.000,5.807,
2025-10-15 22:00:00,Wednesday,22,2.180,2.017,0.117,0.000,0.554,12.841,17.709,ładowanie EV
2025-10-15 23:00:00,Wednesday,23,2.385,2.240,0.000,0.000,0.000,11.721,16.346,ładowanie EV
2025-10-16 00:00:00,Thursday,0,2.114,2.318,0.000,0.000,0.000,8.167,12.599,ładowanie EV
2025-10-16 01:00:00,Thursday,1,2.199,2.010,0.000,0.000,0.000,12.388,16.597,ładowanie EV
2025-10-16 02:00:00,Thursday,2,2.636,1.946,0.000,0.000,0.000,13.680,18.262,ładowanie EV
2025-10-16 03:00:00,Thursday,3,2.330,2.450,0.000,0.000,0.000,8.059,12.839,ładowanie EV
2025-10-16 04:00:00,Thursday,4,2.794,2.284,0.000,0.000,0.000,15.803,20.881,ładowanie EV
2025-10-16 05:00:00,Thursday,5,2.082,2.369,0.000,0.000,0.000,10.527,14.978,ładowanie EV
2025-10-16 06:00:00,Thursday,6,2.410,3.416,0.396,0.883,0.000,0.000,7.105,
2025-10-16 07:00:00,Thursday,7,2.291,3.100,0.000,0.879,0.000,0.000,6.270,
2025-10-16 08:00:00,Thursday,8,2.422,3.358,0.000,1.380,0.000,0.000,7.160,
2025-10-16 09:00:00,Thursday,9,2.438,2.962,0.000,0.000,0.320,2.378,8.098,pompa basenu
2025-10-16 10:00:00,Thursday,10,2.139,2.553,0.000,0.000,0.368,1.886,6.946,pompa basenu
2025-10-16 11:00:00,Thursday,11,2.328,2.346,0.000,0.000,0.375,1.835,6.884,pompa basenu
2025-10-16 12:00:00,Thursday,12,2.468,2.353,0.000,0.000,0.467,2.270,7.558,pompa basenu
2025-10-16 13:00:00,Thursday,13,2.031,2.010,0.000,1.072,0.412,1.957,7.482,pompa basenu
2025-10-16 14:00:00,Thursday,14,2.765,1.803,0.000,0.000,0.722,2.371,7.661,pompa basenu
2025-10-16 15:00:00,Thursday,15,3.172,1.891,0.000,0.000,0.724,1.523,7.310,pompa basenu
2025-10-16 16:00:00,Thursday,16,2.723,1.739,0.000,0.000,0.288,1.626,6.376,pompa basenu
2025-10-16 17:00:00,Thursday,17,2.169,2.144,0.000,0.000,0.651,0.000,4.964,
2025-10-16 18:00:00,Thursday,18,2.555,2.282,0.354,3.202,0.692,0.000,9.085,
2025-10-16 19:00:00,Thursday,19,1.911,2.162,0.278,0.000,1.049,2.728,8.128,zmywarka
2025-10-16 20:00:00,Thursday,20,2.530,2.141,0.660,0.000,1.097,0.000,6.428,
2025-10-16 21:00:00,Thursday,21,1.868,2.194,0.623,0.000,1.014,0.000,5.699,
2025-10-16 22:00:00,Thursday,22,2.840,1.953,0.345,0.000,0.623,13.855,19.616,ładowanie EV
2025-10-16 23:00:00,Thursday,23,2.992,2.399,0.000,0.000,0.000,8.975,14.366,ładowanie EV
2025-10-17 00:00:00,Friday,0,3.052,2.307,0.000,0.000,0.000,14.766,20.125,ładowanie EV
2025-10-17 01:00:00,Friday,1,2.944,2.479,0.000,0.000,0.000,9.607,15.030,ładowanie EV
2025-10-17 02:00:00,Friday,2,2.157,2.686,0.000,0.000,0.000,10.102,14.945,ładowanie EV
2025-10-17 03:00:00,Friday,3,2.960,2.535,0.000,0.000,0.000,14.906,20.401,ładowanie EV
2025-10-17 04:00:00,Friday,4,2.339,3.018,0.000,0.000,0.000,8.837,14.194,ładowanie EV
2025-10-17 05:00:00,Friday,5,2.082,2.691,0.000,0.000,0.000,16.031,20.804,ładowanie EV
2025-10-17 06:00:00,Friday,6,3.022,2.889,0.343,1.111,0.000,0.000,7.365,
2025-10-17 07:00:00,Friday,7,2.180,3.850,0.301,1.097,0.000,0.000,7.428,
2025-10-17 08:00:00,Friday,8,2.003,3.034,0.000,1.030,0.000,0.000,6.067,
2025-10-17 09:00:00,Friday,9,3.206,3.675,0.000,0.000,0.513,2.496,9.890,pompa basenu
2025-10-17 10:00:00,Friday,10,2.923,3.151,0.000,0.000,0.398,1.571,8.043,pompa basenu
2025-10-17 11:00:00,Friday,11,2.953,2.772,0.000,0.000,0.497,1.642,7.864,pompa basenu
2025-10-17 12:00:00,Friday,12,1.874,2.877,0.000,1.490,0.370,2.337,8.948,pompa basenu
2025-10-17 13:00:00,Friday,13,2.157,2.928,0.000,0.000,0.331,1.670,7.086,pompa basenu
2025-10-17 14:00:00,Friday,14,2.293,3.425,0.000,0.000,0.816,2.077,8.611,pompa basenu
2025-10-17 15:00:00,Friday,15,2.578,2.544,0.000,0.000,0.777,2.355,8.254,pompa basenu
2025-10-17 16:00:00,Friday,16,2.130,3.386,0.000,0.000,0.490,1.695,7.701,pompa basenu
2025-10-17 17:00:00,Friday,17,2.001,3.186,0.000,2.923,0.616,0.000,8.726,
2025-10-17 18:00:00,Friday,18,2.567,3.333,0.368,0.000,0.718,0.000,6.986,
2025-10-17 19:00:00,Friday,19,2.967,3.611,0.497,0.000,0.534,2.201,9.810,zmywarka
2025-10-17 20:00:00,Friday,20,2.629,3.406,0.338,0.000,0.635,0.000,7.008,
2025-10-17 21:00:00,Friday,21,2.859,4.128,0.386,0.000,1.187,0.000,8.560,
2025-10-17 22:00:00,Friday,22,2.581,3.478,0.242,0.000,0.743,14.216,21.260,ładowanie EV
2025-10-17 23:00:00,Friday,23,2.450,3.554,0.000,0.000,0.000,11.058,17.062,ładowanie EV
2025-10-18 00:00:00,Saturday,0,2.852,3.885,0.000,0.000,0.000,13.920,20.657,ładowanie EV
2025-10-18 01:00:00,Saturday,1,2.426,4.520,0.000,0.000,0.000,8.213,15.159,ładowanie EV
2025-10-18 02:00:00,Saturday,2,2.804,4.602,0.000,0.000,0.000,14.248,21.654,ładowanie EV
2025-10-18 03:00:00,Saturday,3,3.116,4.480,0.000,0.000,0.000,10.824,18.420,ładowanie EV
2025-10-18 04:00:00,Saturday,4,2.935,4.542,0.000,0.000,0.000,9.260,16.737,ładowanie EV
2025-10-18 05:00:00,Saturday,5,2.866,4.368,0.000,0.000,0.000,10.028,17.262,ładowanie EV
2025-10-18 06:00:00,Saturday,6,1.916,5.497,0.205,0.380,0.000,0.000,7.998,
2025-10-18 07:00:00,Saturday,7,2.880,4.434,0.000,0.934,0.000,0.000,8.248,
2025-10-18 08:00:00,Saturday,8,1.920,4.722,0.000,1.389,0.000,0.000,8.031,
2025-10-18 09:00:00,Saturday,9,2.882,4.559,0.000,0.000,0.384,4.124,11.949,pompa basenu; pralka
2025-10-18 10:00:00,Saturday,10,1.996,4.715,0.000,0.000,0.407,7.210,14.328,pompa basenu; suszarka
2025-10-18 11:00:00,Saturday,11,2.900,4.667,0.000,0.000,0.612,1.582,9.761,pompa basenu
2025-10-18 12:00:00,Saturday,12,3.107,3.892,0.000,2.774,0.196,1.815,11.784,pompa basenu
2025-10-18 13:00:00,Saturday,13,1.886,3.510,0.000,0.000,0.485,2.229,8.110,pompa basenu
2025-10-18 14:00:00,Saturday,14,2.401,3.634,0.000,0.000,0.761,4.678,11.474,pompa basenu; zmywarka
2025-10-18 15:00:00,Saturday,15,1.996,2.916,0.000,0.000,0.672,1.879,7.463,pompa basenu
2025-10-18 16:00:00,Saturday,16,3.220,3.252,0.000,0.000,0.288,2.493,9.253,pompa basenu
2025-10-18 17:00:00,Saturday,17,2.698,3.422,0.000,0.000,1.113,0.000,7.233,
2025-10-18 18:00:00,Saturday,18,1.957,4.085,0.393,3.756,1.014,0.000,11.205,
2025-10-18 19:00:00,Saturday,19,3.158,3.878,0.336,0.000,0.564,14.419,22.355,sauna
2025-10-18 20:00:00,Saturday,20,2.242,4.556,0.239,0.000,0.607,14.913,22.557,sauna
2025-10-18 21:00:00,Saturday,21,2.438,5.550,0.453,0.000,0.860,19.562,28.863,sauna
2025-10-18 22:00:00,Saturday,22,2.923,4.306,0.269,0.000,0.794,13.812,22.104,ładowanie EV
2025-10-18 23:00:00,Saturday,23,2.100,4.662,0.000,0.000,0.000,11.935,18.697,ładowanie EV
2025-10-19 00:00:00,Sunday,0,3.190,4.292,0.000,0.000,0.000,16.949,24.431,ładowanie EV
2025-10-19 01:00:00,Sunday,1,2.337,4.754,0.000,0.000,0.000,10.454,17.545,ładowanie EV
2025-10-19 02:00:00,Sunday,2,1.996,4.568,0.000,0.000,0.000,11.035,17.599,ładowanie EV
2025-10-19 03:00:00,Sunday,3,2.719,4.756,0.000,0.000,0.000,11.169,18.644,ładowanie EV
2025-10-19 04:00:00,Sunday,4,2.581,5.138,0.000,0.000,0.000,16.749,24.468,ładowanie EV
2025-10-19 05:00:00,Sunday,5,2.247,3.905,0.000,0.000,0.000,8.811,14.963,ładowanie EV
2025-10-19 06:00:00,Sunday,6,2.601,4.200,0.283,0.798,0.000,0.000,7.882,
2025-10-19 07:00:00,Sunday,7,3.020,4.828,0.000,0.453,0.000,0.000,8.301,
2025-10-19 08:00:00,Sunday,8,2.348,5.205,0.000,0.637,0.000,0.000,8.190,
2025-10-19 09:00:00,Sunday,9,2.912,4.345,0.000,0.000,0.310,2.022,9.589,pompa basenu
2025-10-19 10:00:00,Sunday,10,2.716,4.078,0.000,0.000,0.299,2.744,9.837,pompa basenu
2025-10-19 11:00:00,Sunday,11,2.447,3.091,0.000,0.000,0.796,2.125,8.459,pompa basenu
2025-10-19 12:00:00,Sunday,12,3.008,2.875,0.000,0.000,0.494,2.539,8.916,pompa basenu
2025-10-19 13:00:00,Sunday,13,2.155,3.793,0.000,2.965,0.435,2.686,12.034,pompa basenu
2025-10-19 14:00:00,Sunday,14,2.146,3.034,0.000,0.000,0.849,3.933,9.962,pompa basenu; zmywarka
2025-10-19 15:00:00,Sunday,15,3.070,3.370,0.000,0.000,0.791,1.980,9.211,pompa basenu
2025-10-19 16:00:00,Sunday,16,2.732,3.754,0.000,0.000,0.619,2.698,9.803,pompa basenu
2025-10-19 17:00:00,Sunday,17,2.300,3.708,0.000,4.421,1.000,0.000,11.429,
2025-10-19 18:00:00,Sunday,18,3.130,3.227,0.660,0.000,0.605,0.000,7.622,
2025-10-19 19:00:00,Sunday,19,2.436,3.158,0.336,0.000,1.046,18.221,25.197,sauna
2025-10-19 20:00:00,Sunday,20,2.962,3.112,0.421,0.000,1.014,18.515,26.024,sauna
2025-10-19 21:00:00,Sunday,21,3.146,3.698,0.276,0.000,1.051,15.231,23.402,sauna
2025-10-19 22:00:00,Sunday,22,2.864,2.654,0.117,0.000,1.173,12.779,19.587,ładowanie EV
2025-10-19 23:00:00,Sunday,23,1.962,2.610,0.000,0.000,0.000,8.170,12.742,ładowanie EV
2025-10-20 00:00:00,Monday,0,2.213,3.179,0.000,0.000,0.000,14.327,19.719,ładowanie EV
2025-10-20 01:00:00,Monday,1,2.571,2.548,0.000,0.000,0.000,9.704,14.823,ładowanie EV
2025-10-20 02:00:00,Monday,2,3.135,3.011,0.000,0.000,0.000,9.915,16.061,ładowanie EV
2025-10-20 03:00:00,Monday,3,2.507,2.898,0.000,0.000,0.000,14.686,20.091,ładowanie EV
2025-10-20 04:00:00,Monday,4,2.923,2.976,0.000,0.000,0.000,10.322,16.221,ładowanie EV
2025-10-20 05:00:00,Monday,5,2.937,3.077,0.000,0.000,0.000,15.341,21.355,ładowanie EV
2025-10-20 06:00:00,Monday,6,3.183,2.877,0.432,1.028,0.000,0.000,7.520,
2025-10-20 07:00:00,Monday,7,2.006,3.061,0.172,0.699,0.000,0.000,5.938,
2025-10-20 08:00:00,Monday,8,3.018,3.149,0.000,0.653,0.000,0.000,6.820,
2025-10-20 09:00:00,Monday,9,2.546,2.804,0.000,0.000,0.428,2.696,8.474,pompa basenu
2025-10-20 10:00:00,Monday,10,2.052,3.482,0.000,0.000,0.398,1.930,7.862,pompa basenu
2025-10-20 11:00:00,Monday,11,2.956,2.875,0.000,0.000,0.437,3.641,9.909,pompa basenu; pralka
2025-10-20 12:00:00,Monday,12,1.930,2.875,0.000,1.711,0.412,7.210,14.138,pompa basenu; suszarka
2025-10-20 13:00:00,Monday,13,3.029,3.271,0.000,0.000,0.306,1.746,8.352,pompa basenu
2025-10-20 14:00:00,Monday,14,2.245,2.893,0.000,0.000,0.711,2.125,7.974,pompa basenu
2025-10-20 15:00:00,Monday,15,1.937,2.742,0.000,0.000,0.688,2.516,7.883,pompa basenu
2025-10-20 16:00:00,Monday,16,2.429,2.847,0.000,0.000,0.290,1.824,7.390,pompa basenu
2025-10-20 17:00:00,Monday,17,2.939,2.831,0.000,3.307,0.911,0.000,9.988,
2025-10-20 18:00:00,Monday,18,1.955,2.905,0.253,0.000,1.116,0.000,6.229,
2025-10-20 19:00:00,Monday,19,1.941,3.057,0.409,0.000,1.184,2.141,8.732,zmywarka
2025-10-20 20:00:00,Monday,20,1.858,2.673,0.366,0.000,1.148,0.000,6.045,
2025-10-20 21:00:00,Monday,21,2.868,2.199,0.380,0.000,0.678,0.000,6.125,
2025-10-20 22:00:00,Monday,22,1.852,2.392,0.232,0.000,0.819,15.424,20.719,ładowanie EV
2025-10-20 23:00:00,Monday,23,1.953,2.072,0.000,0.000,0.000,13.634,17.659,ładowanie EV
2025-10-21 00:00:00,Tuesday,0,2.702,2.300,0.000,0.000,0.000,9.724,14.726,ładowanie EV
2025-10-21 01:00:00,Tuesday,1,2.507,2.390,0.000,0.000,0.000,10.681,15.578,ładowanie EV
2025-10-21 02:00:00,Tuesday,2,1.932,1.854,0.000,0.000,0.000,14.918,18.704,ładowanie EV
2025-10-21 03:00:00,Tuesday,3,1.849,2.369,0.000,0.000,0.000,16.995,21.213,ładowanie EV
2025-10-21 04:00:00,Tuesday,4,1.907,2.443,0.000,0.000,0.000,9.968,14.318,ładowanie EV
2025-10-21 05:00:00,Tuesday,5,1.909,2.355,0.000,0.000,0.000,11.994,16.258,ładowanie EV
2025-10-21 06:00:00,Tuesday,6,2.075,2.898,0.216,1.267,0.000,0.000,6.456,
2025-10-21 07:00:00,Tuesday,7,2.323,2.946,0.175,1.208,0.000,0.000,6.652,
2025-10-21 08:00:00,Tuesday,8,2.758,2.502,0.000,1.021,0.000,0.000,6.281,
2025-10-21 09:00:00,Tuesday,9,2.026,2.537,0.000,0.000,0.400,1.389,6.352,pompa basenu
2025-10-21 10:00:00,Tuesday,10,2.910,2.861,0.000,0.000,0.400,3.701,9.872,pompa basenu; pralka
2025-10-21 11:00:00,Tuesday,11,2.610,2.440,0.000,0.000,0.423,5.483,10.956,pompa basenu; suszarka
2025-10-21 12:00:00,Tuesday,12,2.445,2.263,0.000,1.504,0.354,2.663,9.229,pompa basenu
2025-10-21 13:00:00,Tuesday,13,2.252,2.261,0.000,0.000,0.308,2.500,7.321,pompa basenu
2025-10-21 14:00:00,Tuesday,14,1.900,2.242,0.000,0.000,0.584,2.583,7.309,pompa basenu
2025-10-21 15:00:00,Tuesday,15,2.107,2.445,0.000,0.000,0.513,2.606,7.671,pompa basenu
2025-10-21 16:00:00,Tuesday,16,2.523,2.284,0.000,0.000,0.419,1.385,6.611,pompa basenu
2025-10-21 17:00:00,Tuesday,17,1.898,2.468,0.000,6.136,0.913,0.000,11.415,
2025-10-21 18:00:00,Tuesday,18,1.909,2.098,0.400,0.000,0.932,0.000,5.339,
2025-10-21 19:00:00,Tuesday,19,2.652,1.815,0.336,0.000,0.768,0.000,5.571,
2025-10-21 20:00:00,Tuesday,20,1.973,2.192,0.485,0.000,0.586,2.164,7.400,zmywarka
2025-10-21 21:00:00,Tuesday,21,2.691,2.334,0.538,0.000,0.899,0.000,6.462,
2025-10-21 22:00:00,Tuesday,22,2.673,1.739,0.154,0.000,0.683,10.833,16.082,ładowanie EV
2025-10-21 23:00:00,Tuesday,23,3.197,1.895,0.000,0.000,0.000,14.548,19.640,ładowanie EV
2025-10-22 00:00:00,Wednesday,0,2.636,1.877,0.000,0.000,0.000,14.991,19.504,ładowanie EV
2025-10-22 01:00:00,Wednesday,1,2.116,1.835,0.000,0.000,0.000,14.042,17.993,ładowanie EV
2025-10-22 02:00:00,Wednesday,2,2.558,1.785,0.000,0.000,0.000,13.253,17.596,ładowanie EV
2025-10-22 03:00:00,Wednesday,3,2.521,1.806,0.000,0.000,0.000,9.050,13.377,ładowanie EV
2025-10-22 04:00:00,Wednesday,4,2.900,2.111,0.000,0.000,0.000,12.224,17.235,ładowanie EV
2025-10-22 05:00:00,Wednesday,5,2.620,1.778,0.000,0.000,0.000,14.246,18.644,ładowanie EV
2025-10-22 06:00:00,Wednesday,6,2.594,2.093,0.166,0.849,0.000,0.000,5.702,
2025-10-22 07:00:00,Wednesday,7,2.537,1.980,0.000,0.879,0.000,0.000,5.396,
2025-10-22 08:00:00,Wednesday,8,2.601,2.114,0.000,1.221,0.000,0.000,5.936,
2025-10-22 09:00:00,Wednesday,9,2.031,2.726,0.000,0.000,0.458,2.673,7.888,pompa basenu
2025-10-22 10:00:00,Wednesday,10,2.024,2.489,0.000,0.000,0.380,1.822,6.715,pompa basenu
2025-10-22 11:00:00,Wednesday,11,2.818,2.539,0.000,0.000,0.317,2.608,8.282,pompa basenu
2025-10-22 12:00:00,Wednesday,12,2.266,1.819,0.000,0.000,0.416,1.898,6.399,pompa basenu
2025-10-22 13:00:00,Wednesday,13,2.072,2.148,0.000,2.061,0.506,1.451,8.238,pompa basenu
2025-10-22 14:00:00,Wednesday,14,2.758,2.157,0.000,0.000,0.826,2.401,8.142,pompa basenu
2025-10-22 15:00:00,Wednesday,15,2.698,2.139,0.000,0.000,0.407,1.934,7.178,pompa basenu
2025-10-22 16:00:00,Wednesday,16,1.842,1.953,0.000,0.000,0.534,2.482,6.811,pompa basenu
2025-10-22 17:00:00,Wednesday,17,2.275,1.898,0.000,0.000,1.005,0.000,5.178,
2025-10-22 18:00:00,Wednesday,18,3.121,2.125,0.543,3.413,0.667,0.000,9.869,
2025-10-22 19:00:00,Wednesday,19,3.197,2.443,0.382,0.000,1.067,2.360,9.449,zmywarka
2025-10-22 20:00:00,Wednesday,20,1.888,2.567,0.414,0.000,1.058,0.000,5.927,
2025-10-22 21:00:00,Wednesday,21,2.328,2.263,0.584,0.000,0.948,0.000,6.123,
2025-10-22 22:00:00,Wednesday,22,2.530,2.088,0.161,0.000,0.821,10.338,15.938,ładowanie EV
2025-10-22 23:00:00,Wednesday,23,2.746,2.160,0.000,0.000,0.000,9.464,14.370,ładowanie EV
2025-10-23 00:00:00,Thursday,0,1.884,2.358,0.000,0.000,0.000,8.211,12.453,ładowanie EV
2025-10-23 01:00:00,Thursday,1,2.937,2.854,0.000,0.000,0.000,14.244,20.035,ładowanie EV
2025-10-23 02:00:00,Thursday,2,3.091,3.107,0.000,0.000,0.000,9.547,15.745,ładowanie EV
2025-10-23 03:00:00,Thursday,3,1.950,3.144,0.000,0.000,0.000,9.600,14.694,ładowanie EV
2025-10-23 04:00:00,Thursday,4,3.070,2.868,0.000,0.000,0.000,9.009,14.947,ładowanie EV
2025-10-23 05:00:00,Thursday,5,2.394,2.774,0.000,0.000,0.000,11.838,17.006,ładowanie EV
2025-10-23 06:00:00,Thursday,6,2.026,2.834,0.244,0.630,0.000,0.000,5.734,
2025-10-23 07:00:00,Thursday,7,2.530,2.634,0.276,1.260,0.000,0.000,6.700,
2025-10-23 08:00:00,Thursday,8,2.597,2.882,0.000,1.044,0.000,0.000,6.523,
2025-10-23 09:00:00,Thursday,9,3.144,2.475,0.000,0.000,0.370,2.509,8.498,pompa basenu
2025-10-23 10:00:00,Thursday,10,2.410,2.318,0.000,0.000,0.366,2.150,7.244,pompa basenu
2025-10-23 11:00:00,Thursday,11,2.553,2.132,0.000,0.000,0.476,2.312,7.473,pompa basenu
2025-10-23 12:00:00,Thursday,12,2.065,1.904,0.000,1.796,0.478,2.714,8.957,pompa basenu
2025-10-23 13:00:00,Thursday,13,2.564,2.291,0.000,0.000,0.292,2.104,7.251,pompa basenu
2025-10-23 14:00:00,Thursday,14,2.553,2.128,0.000,0.000,0.409,1.964,7.054,pompa basenu
2025-10-23 15:00:00,Thursday,15,2.093,2.321,0.000,0.000,0.290,1.493,6.197,pompa basenu
2025-10-23 16:00:00,Thursday,16,3.123,2.220,0.000,0.000,0.621,2.652,8.616,pompa basenu
2025-10-23 17:00:00,Thursday,17,2.930,2.088,0.000,6.415,0.915,0.000,12.348,
2025-10-23 18:00:00,Thursday,18,1.953,2.728,0.614,0.000,0.545,0.000,5.840,
2025-10-23 19:00:00,Thursday,19,1.976,1.941,0.242,0.000,0.637,2.404,7.200,zmywarka
2025-10-23 20:00:00,Thursday,20,2.599,1.838,0.490,0.000,0.791,0.000,5.718,
2025-10-23 21:00:00,Thursday,21,2.930,1.904,0.356,0.000,1.178,0.000,6.368,
2025-10-23 22:00:00,Thursday,22,1.937,1.796,0.209,0.000,0.950,12.174,17.066,ładowanie EV
2025-10-23 23:00:00,Thursday,23,1.987,1.764,0.000,0.000,0.000,11.654,15.405,ładowanie EV
2025-10-24 00:00:00,Friday,0,2.479,1.541,0.000,0.000,0.000,9.517,13.537,ładowanie EV
2025-10-24 01:00:00,Friday,1,2.870,1.467,0.000,0.000,0.000,16.601,20.938,ładowanie EV
2025-10-24 02:00:00,Friday,2,2.358,1.651,0.000,0.000,0.000,10.279,14.288,ładowanie EV
2025-10-24 03:00:00,Friday,3,2.146,1.966,0.000,0.000,0.000,12.413,16.525,ładowanie EV
2025-10-24 04:00:00,Friday,4,1.881,1.872,0.000,0.000,0.000,8.487,12.240,ładowanie EV
2025-10-24 05:00:00,Friday,5,2.475,2.017,0.000,0.000,0.000,16.061,20.553,ładowanie EV
2025-10-24 06:00:00,Friday,6,2.875,2.721,0.315,0.987,0.000,0.000,6.898,
2025-10-24 07:00:00,Friday,7,2.070,2.180,0.306,0.984,0.000,0.000,5.540,
2025-10-24 08:00:00,Friday,8,2.426,2.997,0.000,0.646,0.000,0.000,6.069,
2025-10-24 09:00:00,Friday,9,1.863,2.684,0.000,0.000,0.488,1.493,6.528,pompa basenu
2025-10-24 10:00:00,Friday,10,2.765,2.785,0.000,0.000,0.391,2.726,8.667,pompa basenu
2025-10-24 11:00:00,Friday,11,2.183,2.282,0.000,0.000,0.354,3.935,8.754,pompa basenu; pralka
2025-10-24 12:00:00,Friday,12,2.410,2.383,0.000,0.000,0.317,2.360,7.470,pompa basenu
2025-10-24 13:00:00,Friday,13,3.172,2.714,0.000,1.654,0.511,2.604,10.655,pompa basenu
2025-10-24 14:00:00,Friday,14,3.020,2.438,0.000,0.000,0.766,1.502,7.726,pompa basenu
2025-10-24 15:00:00,Friday,15,2.201,2.355,0.000,0.000,0.462,1.530,6.548,pompa basenu
2025-10-24 16:00:00,Friday,16,2.132,2.323,0.000,0.000,0.419,2.242,7.116,pompa basenu
2025-10-24 17:00:00,Friday,17,2.505,3.008,0.000,0.000,1.033,0.000,6.546,
2025-10-24 18:00:00,Friday,18,2.518,2.972,0.632,2.631,0.892,0.000,9.645,
2025-10-24 19:00:00,Friday,19,2.229,2.516,0.428,0.000,0.683,0.000,5.856,
2025-10-24 20:00:00,Friday,20,1.877,2.459,0.308,0.000,0.591,2.038,7.273,zmywarka
2025-10-24 21:00:00,Friday,21,2.312,2.864,0.405,0.000,0.729,0.000,6.310,
2025-10-24 22:00:00,Friday,22,3.128,2.121,0.154,0.000,0.637,16.390,22.430,ładowanie EV
2025-10-24 23:00:00,Friday,23,3.146,2.385,0.000,0.000,0.000,8.722,14.253,ładowanie EV
2025-10-25 00:00:00,Saturday,0,3.034,2.847,0.000,0.000,0.000,16.128,22.009,ładowanie EV
2025-10-25 01:00:00,Saturday,1,2.433,2.836,0.000,0.000,0.000,9.370,14.639,ładowanie EV
2025-10-25 02:00:00,Saturday,2,2.698,2.617,0.000,0.000,0.000,9.483,14.798,ładowanie EV
2025-10-25 03:00:00,Saturday,3,2.187,3.013,0.000,0.000,0.000,16.659,21.859,ładowanie EV
2025-10-25 04:00:00,Saturday,4,2.877,2.923,0.000,0.000,0.000,12.142,17.942,ładowanie EV
2025-10-25 05:00:00,Saturday,5,2.714,3.119,0.000,0.000,0.000,9.501,15.334,ładowanie EV
2025-10-25 06:00:00,Saturday,6,2.452,3.491,0.320,0.964,0.000,0.000,7.227,
2025-10-25 07:00:00,Saturday,7,2.880,3.379,0.000,0.876,0.000,0.000,7.135,
2025-10-25 08:00:00,Saturday,8,2.256,3.107,0.000,1.270,0.000,0.000,6.633,
2025-10-25 09:00:00,Saturday,9,1.994,3.682,0.000,0.000,0.481,1.479,7.636,pompa basenu
2025-10-25 10:00:00,Saturday,10,2.507,2.999,0.000,0.000,0.534,2.555,8.595,pompa basenu
2025-10-25 11:00:00,Saturday,11,2.068,3.034,0.000,0.000,0.458,2.707,8.267,pompa basenu
2025-10-25 12:00:00,Saturday,12,2.305,2.691,0.000,2.668,0.324,1.502,9.490,pompa basenu
2025-10-25 13:00:00,Saturday,13,1.849,2.900,0.000,0.000,0.768,4.152,9.669,pompa basenu; zmywarka
2025-10-25 14:00:00,Saturday,14,1.861,2.663,0.000,0.000,0.731,2.268,7.523,pompa basenu
2025-10-25 15:00:00,Saturday,15,2.385,2.680,0.000,0.000,0.506,1.619,7.190,pompa basenu
2025-10-25 16:00:00,Saturday,16,2.275,3.632,0.000,0.000,0.656,1.964,8.527,pompa basenu
2025-10-25 17:00:00,Saturday,17,3.197,2.847,0.000,3.986,0.922,0.000,10.952,
2025-10-25 18:00:00,Saturday,18,2.015,3.278,0.536,0.000,1.175,0.000,7.004,
2025-10-25 19:00:00,Saturday,19,2.981,2.951,0.423,0.000,1.037,19.159,26.551,sauna
2025-10-25 20:00:00,Saturday,20,2.912,2.737,0.577,0.000,0.830,17.492,24.548,sauna
2025-10-25 21:00:00,Saturday,21,3.043,3.273,0.281,0.000,1.162,13.839,21.598,sauna
2025-10-25 22:00:00,Saturday,22,2.956,2.187,0.340,0.000,0.773,15.001,21.257,ładowanie EV
2025-10-25 23:00:00,Saturday,23,2.134,2.916,0.000,0.000,0.000,9.570,14.620,ładowanie EV
2025-10-26 00:00:00,Sunday,0,3.183,2.302,0.000,0.000,0.000,14.474,19.959,ładowanie EV
2025-10-26 01:00:00,Sunday,1,2.247,2.438,0.000,0.000,0.000,9.543,14.228,ładowanie EV
2025-10-26 02:00:00,Sunday,2,3.027,2.470,0.000,0.000,0.000,12.558,18.055,ładowanie EV
2025-10-26 03:00:00,Sunday,3,2.183,2.788,0.000,0.000,0.000,16.640,21.611,ładowanie EV
2025-10-26 04:00:00,Sunday,4,3.045,2.840,0.000,0.000,0.000,13.933,19.818,ładowanie EV
2025-10-26 05:00:00,Sunday,5,1.962,3.317,0.000,0.000,0.000,8.395,13.674,ładowanie EV
2025-10-26 06:00:00,Sunday,6,1.858,3.576,0.469,0.987,0.000,0.000,6.890,
2025-10-26 07:00:00,Sunday,7,2.861,3.680,0.000,0.856,0.000,0.000,7.397,
2025-10-26 08:00:00,Sunday,8,2.438,4.188,0.000,0.943,0.000,0.000,7.569,
2025-10-26 09:00:00,Sunday,9,2.279,3.692,0.000,0.000,0.350,1.428,7.749,pompa basenu
2025-10-26 10:00:00,Sunday,10,2.006,3.954,0.000,0.000,0.619,2.542,9.121,pompa basenu
2025-10-26 11:00:00,Sunday,11,2.707,4.011,0.000,0.000,0.232,1.776,8.726,pompa basenu
2025-10-26 12:00:00,Sunday,12,1.973,3.027,0.000,1.444,0.766,2.590,9.800,pompa basenu
2025-10-26 13:00:00,Sunday,13,3.144,3.162,0.000,0.000,0.819,4.358,11.483,pompa basenu; zmywarka
2025-10-26 14:00:00,Sunday,14,2.748,3.958,0.000,0.000,0.432,1.536,8.674,pompa basenu
2025-10-26 15:00:00,Sunday,15,3.156,3.501,0.000,0.000,0.448,2.459,9.564,pompa basenu
2025-10-26 16:00:00,Sunday,16,2.659,3.501,0.000,0.000,0.722,1.670,8.552,pompa basenu
2025-10-26 17:00:00,Sunday,17,1.980,3.712,0.000,0.000,1.203,0.000,6.895,
2025-10-26 18:00:00,Sunday,18,3.020,3.521,0.276,3.526,0.789,0.000,11.132,
2025-10-26 19:00:00,Sunday,19,3.082,3.760,0.575,0.000,1.090,14.166,22.673,sauna
2025-10-26 20:00:00,Sunday,20,2.907,4.207,0.239,0.000,0.540,16.951,24.844,sauna
2025-10-26 21:00:00,Sunday,21,3.050,4.623,0.522,0.000,1.097,19.550,28.842,sauna
2025-10-26 22:00:00,Sunday,22,2.397,3.220,0.278,0.000,0.837,13.910,20.642,ładowanie EV
2025-10-26 23:00:00,Sunday,23,2.712,3.275,0.000,0.000,0.000,10.647,16.634,ładowanie EV
2025-10-27 00:00:00,Monday,0,2.870,3.399,0.000,0.000,0.000,13.301,19.570,ładowanie EV
2025-10-27 01:00:00,Monday,1,2.026,2.900,0.000,0.000,0.000,14.124,19.050,ładowanie EV
2025-10-27 02:00:00,Monday,2,2.328,3.243,0.000,0.000,0.000,9.938,15.509,ładowanie EV
2025-10-27 03:00:00,Monday,3,2.065,2.935,0.000,0.000,0.000,14.552,19.552,ładowanie EV
2025-10-27 04:00:00,Monday,4,2.489,3.869,0.000,0.000,0.000,14.180,20.538,ładowanie EV
2025-10-27 05:00:00,Monday,5,2.539,3.261,0.000,0.000,0.000,11.415,17.215,ładowanie EV
2025-10-27 06:00:00,Monday,6,2.160,3.542,0.320,1.306,0.000,0.000,7.328,
2025-10-27 07:00:00,Monday,7,2.309,3.728,0.478,1.385,0.000,0.000,7.900,
2025-10-27 08:00:00,Monday,8,3.151,3.441,0.000,1.063,0.000,0.000,7.655,
2025-10-27 09:00:00,Monday,9,2.521,3.740,0.000,0.000,0.354,1.762,8.377,pompa basenu
2025-10-27 10:00:00,Monday,10,3.218,3.678,0.000,0.000,0.402,1.421,8.719,pompa basenu
2025-10-27 11:00:00,Monday,11,2.960,4.096,0.000,0.000,0.334,2.176,9.566,pompa basenu
2025-10-27 12:00:00,Monday,12,2.992,3.413,0.000,1.484,0.327,2.196,10.412,pompa basenu
2025-10-27 13:00:00,Monday,13,2.231,2.877,0.000,0.000,0.494,2.707,8.309,pompa basenu
2025-10-27 14:00:00,Monday,14,2.100,3.866,0.000,0.000,0.419,1.617,8.002,pompa basenu
2025-10-27 15:00:00,Monday,15,3.169,3.432,0.000,0.000,0.386,1.472,8.459,pompa basenu
2025-10-27 16:00:00,Monday,16,2.318,3.404,0.000,0.000,0.465,1.642,7.829,pompa basenu
2025-10-27 17:00:00,Monday,17,2.252,3.820,0.000,0.000,0.994,0.000,7.066,
2025-10-27 18:00:00,Monday,18,2.836,3.680,0.513,4.253,0.550,0.000,11.832,
2025-10-27 19:00:00,Monday,19,2.822,3.130,0.474,0.000,1.145,1.918,9.489,zmywarka
2025-10-27 20:00:00,Monday,20,1.888,3.455,0.299,0.000,0.975,0.000,6.617,
2025-10-27 21:00:00,Monday,21,1.983,4.126,0.331,0.000,0.964,0.000,7.404,
2025-10-27 22:00:00,Monday,22,2.404,2.845,0.320,0.000,0.616,14.163,20.348,ładowanie EV
2025-10-27 23:00:00,Monday,23,2.778,3.098,0.000,0.000,0.000,13.087,18.963,ładowanie EV
2025-10-28 00:00:00,Tuesday,0,2.726,3.087,0.000,0.000,0.000,16.730,22.543,ładowanie EV
2025-10-28 01:00:00,Tuesday,1,2.104,3.077,0.000,0.000,0.000,11.095,16.276,ładowanie EV
2025-10-28 02:00:00,Tuesday,2,2.723,3.629,0.000,0.000,0.000,10.580,16.932,ładowanie EV
2025-10-28 03:00:00,Tuesday,3,1.909,2.928,0.000,0.000,0.000,11.390,16.227,ładowanie EV
2025-10-28 04:00:00,Tuesday,4,2.052,2.801,0.000,0.000,0.000,12.114,16.967,ładowanie EV
2025-10-28 05:00:00,Tuesday,5,2.758,3.057,0.000,0.000,0.000,10.037,15.852,ładowanie EV
2025-10-28 06:00:00,Tuesday,6,2.999,3.169,0.228,0.699,0.000,0.000,7.095,
2025-10-28 07:00:00,Tuesday,7,3.174,3.816,0.186,1.056,0.000,0.000,8.232,
2025-10-28 08:00:00,Tuesday,8,2.634,3.618,0.000,1.083,0.000,0.000,7.335,
2025-10-28 09:00:00,Tuesday,9,2.818,4.057,0.000,0.000,0.386,1.467,8.728,pompa basenu
2025-10-28 10:00:00,Tuesday,10,1.849,3.259,0.000,0.000,0.363,2.144,7.615,pompa basenu
2025-10-28 11:00:00,Tuesday,11,1.893,2.983,0.000,0.000,0.375,1.405,6.656,pompa basenu
2025-10-28 12:00:00,Tuesday,12,1.985,3.981,0.000,0.000,0.497,2.686,9.149,pompa basenu
2025-10-28 13:00:00,Tuesday,13,2.236,3.793,0.000,0.736,0.506,4.018,11.289,pompa basenu; pralka
2025-10-28 14:00:00,Tuesday,14,2.150,4.032,0.000,0.000,0.642,8.305,15.129,pompa basenu; suszarka
2025-10-28 15:00:00,Tuesday,15,2.010,3.480,0.000,0.000,0.766,2.610,8.866,pompa basenu
2025-10-28 16:00:00,Tuesday,16,3.116,3.802,0.000,0.000,0.391,1.810,9.119,pompa basenu
2025-10-28 17:00:00,Tuesday,17,1.898,4.329,0.000,4.775,0.564,0.000,11.566,
2025-10-28 18:00:00,Tuesday,18,2.079,3.416,0.281,0.000,0.911,0.000,6.687,
2025-10-28 19:00:00,Tuesday,19,2.774,3.825,0.676,0.000,0.738,0.000,8.013,
2025-10-28 20:00:00,Tuesday,20,2.988,3.774,0.304,0.000,0.639,2.038,9.743,zmywarka
2025-10-28 21:00:00,Tuesday,21,1.944,3.685,0.630,0.000,1.184,0.000,7.443,
2025-10-28 22:00:00,Tuesday,22,2.818,3.570,0.129,0.000,0.840,12.144,19.501,ładowanie EV
2025-10-28 23:00:00,Tuesday,23,2.852,3.611,0.000,0.000,0.000,9.789,16.252,ładowanie EV
2025-10-29 00:00:00,Wednesday,0,2.785,3.984,0.000,0.000,0.000,13.149,19.918,ładowanie EV
2025-10-29 01:00:00,Wednesday,1,2.859,3.234,0.000,0.000,0.000,11.026,17.119,ładowanie EV
2025-10-29 02:00:00,Wednesday,2,3.011,3.013,0.000,0.000,0.000,9.004,15.028,ładowanie EV
2025-10-29 03:00:00,Wednesday,3,2.116,3.363,0.000,0.000,0.000,9.658,15.137,ładowanie EV
2025-10-29 04:00:00,Wednesday,4,3.135,2.472,0.000,0.000,0.000,8.358,13.965,ładowanie EV
2025-10-29 05:00:00,Wednesday,5,2.344,2.864,0.000,0.000,0.000,11.597,16.805,ładowanie EV
2025-10-29 06:00:00,Wednesday,6,2.233,2.857,0.409,0.736,0.000,0.000,6.235,
2025-10-29 07:00:00,Wednesday,7,2.748,2.850,0.244,0.959,0.000,0.000,6.801,
2025-10-29 08:00:00,Wednesday,8,2.420,2.850,0.000,0.932,0.000,0.000,6.202,
2025-10-29 09:00:00,Wednesday,9,2.298,2.620,0.000,0.000,0.317,1.502,6.737,pompa basenu
2025-10-29 10:00:00,Wednesday,10,2.675,2.944,0.000,0.000,0.329,2.180,8.128,pompa basenu
2025-10-29 11:00:00,Wednesday,11,2.696,2.410,0.000,0.000,0.304,1.541,6.951,pompa basenu
2025-10-29 12:00:00,Wednesday,12,2.806,2.206,0.000,1.624,0.304,2.091,9.031,pompa basenu
2025-10-29 13:00:00,Wednesday,13,1.983,2.309,0.000,0.000,0.472,1.585,6.349,pompa basenu
2025-10-29 14:00:00,Wednesday,14,2.201,2.836,0.000,0.000,0.662,1.580,7.279,pompa basenu
2025-10-29 15:00:00,Wednesday,15,2.962,3.015,0.000,0.000,0.540,2.443,8.960,pompa basenu
2025-10-29 16:00:00,Wednesday,16,1.852,2.870,0.000,0.000,0.759,1.833,7.314,pompa basenu
2025-10-29 17:00:00,Wednesday,17,2.215,2.693,0.000,0.000,0.908,0.000,5.816,
2025-10-29 18:00:00,Wednesday,18,3.002,2.762,0.437,2.808,0.729,0.000,9.738,
2025-10-29 19:00:00,Wednesday,19,2.544,3.054,0.570,0.000,0.899,2.275,9.342,zmywarka
2025-10-29 20:00:00,Wednesday,20,2.033,2.949,0.301,0.000,1.007,0.000,6.290,
2025-10-29 21:00:00,Wednesday,21,2.098,2.325,0.591,0.000,1.104,0.000,6.118,
2025-10-29 22:00:00,Wednesday,22,2.535,2.367,0.196,0.000,1.118,12.218,18.434,ładowanie EV
2025-10-29 23:00:00,Wednesday,23,2.415,1.854,0.000,0.000,0.000,14.002,18.271,ładowanie EV
2025-10-30 00:00:00,Thursday,0,3.140,2.408,0.000,0.000,0.000,15.631,21.179,ładowanie EV
2025-10-30 01:00:00,Thursday,1,2.415,2.323,0.000,0.000,0.000,9.607,14.345,ładowanie EV
2025-10-30 02:00:00,Thursday,2,2.429,2.459,0.000,0.000,0.000,12.478,17.366,ładowanie EV
2025-10-30 03:00:00,Thursday,3,1.907,2.019,0.000,0.000,0.000,8.604,12.530,ładowanie EV
2025-10-30 04:00:00,Thursday,4,2.700,2.065,0.000,0.000,0.000,8.209,12.974,ładowanie EV
2025-10-30 05:00:00,Thursday,5,3.140,2.164,0.000,0.000,0.000,16.514,21.818,ładowanie EV
2025-10-30 06:00:00,Thursday,6,2.010,3.167,0.251,0.782,0.000,0.000,6.210,
2025-10-30 07:00:00,Thursday,7,3.199,2.739,0.430,1.076,0.000,0.000,7.444,
2025-10-30 08:00:00,Thursday,8,1.881,2.776,0.000,0.830,0.000,0.000,5.487,
2025-10-30 09:00:00,Thursday,9,2.233,3.080,0.000,0.000,0.393,2.689,8.395,pompa basenu
2025-10-30 10:00:00,Thursday,10,2.413,3.041,0.000,0.000,0.481,1.431,7.366,pompa basenu
2025-10-30 11:00:00,Thursday,11,2.845,2.535,0.000,0.000,0.380,1.654,7.414,pompa basenu
2025-10-30 12:00:00,Thursday,12,1.941,3.324,0.000,0.000,0.285,1.688,7.238,pompa basenu
2025-10-30 13:00:00,Thursday,13,2.712,3.257,0.000,1.663,0.373,2.178,10.183,pompa basenu
2025-10-30 14:00:00,Thursday,14,2.463,3.031,0.000,0.000,0.386,1.920,7.800,pompa basenu
2025-10-30 15:00:00,Thursday,15,1.900,3.208,0.000,0.000,0.639,1.571,7.318,pompa basenu
2025-10-30 16:00:00,Thursday,16,1.907,2.629,0.000,0.000,0.564,1.723,6.823,pompa basenu
2025-10-30 17:00:00,Thursday,17,2.026,3.236,0.000,0.000,0.600,0.000,5.862,
2025-10-30 18:00:00,Thursday,18,2.371,3.537,0.363,6.845,0.904,0.000,14.020,
2025-10-30 19:00:00,Thursday,19,2.753,3.790,0.678,0.000,1.012,2.507,10.740,zmywarka
2025-10-30 20:00:00,Thursday,20,3.002,2.912,0.354,0.000,0.911,0.000,7.179,
2025-10-30 21:00:00,Thursday,21,2.599,3.820,0.610,0.000,0.918,0.000,7.947,
2025-10-30 22:00:00,Thursday,22,2.650,3.087,0.246,0.000,0.577,15.026,21.586,ładowanie EV
2025-10-30 23:00:00,Thursday,23,3.110,2.944,0.000,0.000,0.000,11.882,17.936,ładowanie EV
2025-10-31 00:00:00,Friday,0,2.061,3.370,0.000,0.000,0.000,11.758,17.189,ładowanie EV
2025-10-31 01:00:00,Friday,1,3.174,3.174,0.000,0.000,0.000,16.693,23.041,ładowanie EV
2025-10-31 02:00:00,Friday,2,2.408,3.530,0.000,0.000,0.000,11.261,17.199,ładowanie EV
2025-10-31 03:00:00,Friday,3,2.502,3.774,0.000,0.000,0.000,13.011,19.287,ładowanie EV
2025-10-31 04:00:00,Friday,4,2.866,3.714,0.000,0.000,0.000,12.802,19.382,ładowanie EV
2025-10-31 05:00:00,Friday,5,1.923,3.721,0.000,0.000,0.000,9.856,15.500,ładowanie EV
2025-10-31 06:00:00,Friday,6,2.652,4.480,0.375,1.182,0.000,0.000,8.689,
2025-10-31 07:00:00,Friday,7,3.172,4.966,0.000,0.791,0.000,0.000,8.929,
2025-10-31 08:00:00,Friday,8,2.426,4.770,0.000,0.787,0.000,0.000,7.983,
2025-10-31 09:00:00,Friday,9,3.036,4.430,0.000,0.000,0.706,1.904,10.076,praca zdalna; pompa basenu
2025-10-31 10:00:00,Friday,10,2.767,3.882,0.000,0.000,0.651,2.569,9.869,praca zdalna; pompa basenu
2025-10-31 11:00:00,Friday,11,2.857,3.988,0.000,0.000,0.727,1.960,9.532,praca zdalna; pompa basenu
2025-10-31 12:00:00,Friday,12,2.155,2.930,0.000,1.644,0.674,2.075,9.478,praca zdalna; pompa basenu
2025-10-31 13:00:00,Friday,13,2.875,3.413,0.000,0.000,0.819,1.992,9.099,praca zdalna; pompa basenu
2025-10-31 14:00:00,Friday,14,2.307,2.997,0.000,0.000,1.040,1.688,8.032,praca zdalna; pompa basenu
2025-10-31 15:00:00,Friday,15,2.325,2.854,0.000,0.000,1.003,1.720,7.902,praca zdalna; pompa basenu
2025-10-31 16:00:00,Friday,16,3.153,3.075,0.000,0.000,0.628,2.111,8.967,praca zdalna; pompa basenu
2025-10-31 17:00:00,Friday,17,2.183,2.997,0.000,3.406,0.826,0.000,9.412,
2025-10-31 18:00:00,Friday,18,2.107,3.471,0.685,0.000,0.573,0.000,6.836,
2025-10-31 19:00:00,Friday,19,1.907,2.769,0.336,0.000,1.088,2.282,8.382,zmywarka
2025-10-31 20:00:00,Friday,20,2.323,3.048,0.669,0.000,0.612,0.000,6.652,
2025-10-31 21:00:00,Friday,21,3.080,3.064,0.294,0.000,1.104,0.000,7.542,
2025-10-31 22:00:00,Friday,22,2.571,2.367,0.267,0.000,1.111,10.362,16.678,ładowanie EV
2025-10-31 23:00:00,Friday,23,2.726,2.104,0.000,0.000,0.000,13.862,18.692,ładowanie EV
2025-11-01 00:00:00,Saturday,0,2.203,2.820,0.000,0.000,0.000,13.078,18.101,ładowanie EV
2025-11-01 01:00:00,Saturday,1,2.493,2.571,0.000,0.000,0.000,13.906,18.970,ładowanie EV
2025-11-01 02:00:00,Saturday,2,2.226,2.581,0.000,0.000,0.000,14.860,19.667,ładowanie EV
2025-11-01 03:00:00,Saturday,3,2.656,2.420,0.000,0.000,0.000,12.914,17.990,ładowanie EV
2025-11-01 04:00:00,Saturday,4,3.059,2.610,0.000,0.000,0.000,12.208,17.877,ładowanie EV
2025-11-01 05:00:00,Saturday,5,2.196,2.445,0.000,0.000,0.000,14.559,19.200,ładowanie EV
2025-11-01 06:00:00,Saturday,6,2.236,3.259,0.235,0.858,0.000,0.000,6.588,
2025-11-01 07:00:00,Saturday,7,2.410,3.031,0.283,0.704,0.000,0.000,6.428,
2025-11-01 08:00:00,Saturday,8,2.277,3.632,0.000,0.994,0.000,0.000,6.903,
2025-11-01 09:00:00,Saturday,9,3.004,3.482,0.000,0.000,0.504,1.969,8.959,pompa basenu
2025-11-01 10:00:00,Saturday,10,2.792,3.455,0.000,0.000,0.559,4.032,10.838,pompa basenu; pralka
2025-11-01 11:00:00,Saturday,11,2.192,2.525,0.000,0.000,0.485,6.704,11.906,pompa basenu; suszarka
2025-11-01 12:00:00,Saturday,12,2.944,2.617,0.000,0.000,0.568,2.599,8.728,pompa basenu
2025-11-01 13:00:00,Saturday,13,2.882,2.709,0.000,1.966,0.805,4.618,12.980,pompa basenu; zmywarka
2025-11-01 14:00:00,Saturday,14,2.532,3.089,0.000,0.000,0.773,1.576,7.970,pompa basenu
2025-11-01 15:00:00,Saturday,15,2.799,2.438,0.000,0.000,0.359,1.868,7.464,pompa basenu
2025-11-01 16:00:00,Saturday,16,2.691,2.942,0.407,0.000,0.764,2.052,8.856,pompa basenu
2025-11-01 17:00:00,Saturday,17,2.555,2.719,0.313,3.809,1.138,0.000,10.534,
2025-11-01 18:00:00,Saturday,18,2.896,2.845,0.651,0.000,0.750,0.000,7.142,
2025-11-01 19:00:00,Saturday,19,3.123,2.206,0.511,0.000,0.807,16.086,22.733,sauna
2025-11-01 20:00:00,Saturday,20,2.305,2.065,0.522,0.000,0.846,14.690,20.428,sauna
2025-11-01 21:00:00,Saturday,21,2.548,2.406,0.600,0.000,0.858,15.930,22.342,sauna
2025-11-01 22:00:00,Saturday,22,2.615,1.831,0.336,0.000,0.644,10.161,15.587,ładowanie EV
2025-11-01 23:00:00,Saturday,23,2.594,1.792,0.000,0.000,0.000,12.443,16.829,ładowanie EV
2025-11-02 00:00:00,Sunday,0,3.264,2.420,0.000,0.000,0.000,9.708,15.392,ładowanie EV
2025-11-02 01:00:00,Sunday,1,2.981,2.174,0.000,0.000,0.000,14.936,20.091,ładowanie EV
2025-11-02 02:00:00,Sunday,2,3.094,2.312,0.000,0.000,0.000,15.348,20.754,ładowanie EV
2025-11-02 03:00:00,Sunday,3,2.643,2.358,0.000,0.000,0.000,15.562,20.563,ładowanie EV
2025-11-02 04:00:00,Sunday,4,2.714,2.424,0.000,0.000,0.000,11.960,17.098,ładowanie EV
2025-11-02 05:00:00,Sunday,5,2.748,2.583,0.000,0.000,0.000,14.548,19.879,ładowanie EV
2025-11-02 06:00:00,Sunday,6,2.774,3.059,0.373,0.883,0.000,0.000,7.089,
2025-11-02 07:00:00,Sunday,7,3.064,2.928,0.290,1.164,0.000,0.000,7.446,
2025-11-02 08:00:00,Sunday,8,2.450,2.643,0.000,1.104,0.000,0.000,6.197,
2025-11-02 09:00:00,Sunday,9,3.091,2.903,0.000,0.000,0.787,2.728,9.509,pompa basenu
2025-11-02 10:00:00,Sunday,10,2.758,2.905,0.000,0.000,0.688,1.624,7.975,pompa basenu
2025-11-02 11:00:00,Sunday,11,2.137,2.956,0.000,0.000,0.402,1.693,7.188,pompa basenu
2025-11-02 12:00:00,Sunday,12,3.137,2.712,0.000,0.000,0.242,1.950,8.041,pompa basenu
2025-11-02 13:00:00,Sunday,13,3.061,2.546,0.000,1.263,0.621,4.892,12.383,pompa basenu; zmywarka
2025-11-02 14:00:00,Sunday,14,2.024,2.822,0.000,0.000,0.386,2.588,7.820,pompa basenu
2025-11-02 15:00:00,Sunday,15,3.112,2.850,0.000,0.000,0.237,2.307,8.506,pompa basenu
2025-11-02 16:00:00,Sunday,16,2.486,2.836,0.161,0.000,0.653,1.803,7.939,pompa basenu
2025-11-02 17:00:00,Sunday,17,2.256,2.422,0.232,8.080,0.996,0.000,13.986,
2025-11-02 18:00:00,Sunday,18,2.346,2.558,0.492,0.000,0.929,0.000,6.325,
2025-11-02 19:00:00,Sunday,19,2.286,2.995,0.506,0.000,0.918,15.930,22.635,sauna
2025-11-02 20:00:00,Sunday,20,2.058,3.142,0.419,0.000,0.897,16.128,22.644,sauna
2025-11-02 21:00:00,Sunday,21,2.291,3.112,0.490,0.000,0.568,18.848,25.309,sauna
2025-11-02 22:00:00,Sunday,22,2.263,2.569,0.283,0.000,0.605,10.824,16.544,ładowanie EV
2025-11-02 23:00:00,Sunday,23,2.916,2.781,0.000,0.000,0.000,16.164,21.861,ładowanie EV
2025-11-03 00:00:00,Monday,0,2.613,3.186,0.000,0.000,0.000,13.851,19.650,ładowanie EV
2025-11-03 01:00:00,Monday,1,2.190,3.300,0.000,0.000,0.000,11.353,16.843,ładowanie EV
2025-11-03 02:00:00,Monday,2,2.505,2.765,0.000,0.000,0.000,13.800,19.070,ładowanie EV
2025-11-03 03:00:00,Monday,3,3.114,3.356,0.000,0.000,0.000,11.454,17.924,ładowanie EV
2025-11-03 04:00:00,Monday,4,3.013,2.981,0.000,0.000,0.000,10.996,16.990,ładowanie EV
2025-11-03 05:00:00,Monday,5,2.047,3.034,0.000,0.000,0.000,16.238,21.319,ładowanie EV
2025-11-03 06:00:00,Monday,6,2.321,4.112,0.255,1.226,0.000,0.000,7.914,
2025-11-03 07:00:00,Monday,7,1.939,3.889,0.340,1.134,0.000,0.000,7.302,
2025-11-03 08:00:00,Monday,8,2.594,3.261,0.000,1.187,0.000,0.000,7.042,
2025-11-03 09:00:00,Monday,9,2.144,3.457,0.000,0.000,0.570,2.376,8.547,praca zdalna; pompa basenu
2025-11-03 10:00:00,Monday,10,2.877,3.668,0.000,0.000,0.734,2.640,9.919,praca zdalna; pompa basenu
2025-11-03 11:00:00,Monday,11,3.206,3.264,0.000,0.000,0.702,2.236,9.408,praca zdalna; pompa basenu
2025-11-03 12:00:00,Monday,12,2.682,2.670,0.000,0.876,0.777,2.351,9.356,praca zdalna; pompa basenu
2025-11-03 13:00:00,Monday,13,2.978,2.530,0.000,0.000,0.800,1.456,7.764,praca zdalna; pompa basenu
2025-11-03 14:00:00,Monday,14,2.861,2.426,0.000,0.000,0.918,1.506,7.711,praca zdalna; pompa basenu
2025-11-03 15:00:00,Monday,15,3.027,2.417,0.000,0.000,0.780,2.192,8.416,praca zdalna; pompa basenu
2025-11-03 16:00:00,Monday,16,2.015,3.121,0.382,0.000,0.929,2.404,8.851,praca zdalna; pompa basenu
2025-11-03 17:00:00,Monday,17,2.758,2.978,0.253,0.000,1.157,0.000,7.146,
2025-11-03 18:00:00,Monday,18,2.530,3.066,0.630,3.429,0.724,0.000,10.379,
2025-11-03 19:00:00,Monday,19,1.932,2.622,0.508,0.000,0.531,1.953,7.546,zmywarka
2025-11-03 20:00:00,Monday,20,2.082,2.951,0.628,0.000,0.529,0.000,6.190,
2025-11-03 21:00:00,Monday,21,3.052,3.370,0.308,0.000,1.152,0.000,7.882,
2025-11-03 22:00:00,Monday,22,1.964,2.748,0.216,0.000,0.968,16.560,22.456,ładowanie EV
2025-11-03 23:00:00,Monday,23,1.992,2.739,0.000,0.000,0.000,12.588,17.319,ładowanie EV
2025-11-04 00:00:00,Tuesday,0,1.891,2.604,0.000,0.000,0.000,13.887,18.382,ładowanie EV
2025-11-04 01:00:00,Tuesday,1,2.401,2.459,0.000,0.000,0.000,16.604,21.464,ładowanie EV
2025-11-04 02:00:00,Tuesday,2,2.627,1.987,0.000,0.000,0.000,10.196,14.810,ładowanie EV
2025-11-04 03:00:00,Tuesday,3,3.121,1.852,0.000,0.000,0.000,13.278,18.251,ładowanie EV
2025-11-04 04:00:00,Tuesday,4,3.070,1.822,0.000,0.000,0.000,8.282,13.174,ładowanie EV
2025-11-04 05:00:00,Tuesday,5,2.148,2.109,0.000,0.000,0.000,11.909,16.166,ładowanie EV
2025-11-04 06:00:00,Tuesday,6,2.974,2.680,0.340,0.621,0.000,0.000,6.615,
2025-11-04 07:00:00,Tuesday,7,2.923,2.431,0.361,1.304,0.000,0.000,7.019,
2025-11-04 08:00:00,Tuesday,8,1.849,2.463,0.000,1.051,0.000,0.000,5.363,
2025-11-04 09:00:00,Tuesday,9,2.905,2.443,0.000,0.000,0.465,1.746,7.559,pompa basenu
2025-11-04 10:00:00,Tuesday,10,2.045,2.341,0.000,0.000,0.465,2.348,7.199,pompa basenu
2025-11-04 11:00:00,Tuesday,11,2.420,2.093,0.000,0.000,0.518,2.238,7.269,pompa basenu
2025-11-04 12:00:00,Tuesday,12,2.153,1.909,0.000,0.897,0.391,4.156,9.506,pompa basenu; pralka
2025-11-04 13:00:00,Tuesday,13,2.346,1.909,0.000,0.000,0.281,8.174,12.710,pompa basenu; suszarka
2025-11-04 14:00:00,Tuesday,14,2.332,2.047,0.000,0.000,0.304,1.534,6.217,pompa basenu
2025-11-04 15:00:00,Tuesday,15,2.314,2.190,0.000,0.000,0.642,2.643,7.789,pompa basenu
2025-11-04 16:00:00,Tuesday,16,1.842,1.898,0.232,0.000,0.340,2.300,6.612,pompa basenu
2025-11-04 17:00:00,Tuesday,17,2.778,1.760,0.598,0.000,0.819,0.000,5.955,
2025-11-04 18:00:00,Tuesday,18,2.346,2.334,0.435,3.298,0.842,0.000,9.255,
2025-11-04 19:00:00,Tuesday,19,2.134,2.240,0.288,0.000,0.800,1.840,7.302,zmywarka
2025-11-04 20:00:00,Tuesday,20,2.919,2.512,0.678,0.000,0.702,0.000,6.811,
2025-11-04 21:00:00,Tuesday,21,2.376,2.450,0.667,0.000,0.662,0.000,6.155,
2025-11-04 22:00:00,Tuesday,22,2.063,1.920,0.246,0.000,1.198,14.288,19.715,ładowanie EV
2025-11-04 23:00:00,Tuesday,23,2.604,2.029,0.000,0.000,0.000,9.209,13.842,ładowanie EV
2025-11-05 00:00:00,Wednesday,0,3.077,1.914,0.000,0.000,0.000,14.099,19.090,ładowanie EV
2025-11-05 01:00:00,Wednesday,1,2.831,2.019,0.000,0.000,0.000,12.763,17.613,ładowanie EV
2025-11-05 02:00:00,Wednesday,2,2.976,1.778,0.000,0.000,0.000,12.597,17.351,ładowanie EV
2025-11-05 03:00:00,Wednesday,3,2.880,2.010,0.000,0.000,0.000,9.924,14.814,ładowanie EV
2025-11-05 04:00:00,Wednesday,4,2.712,2.157,0.000,0.000,0.000,12.846,17.715,ładowanie EV
2025-11-05 05:00:00,Wednesday,5,1.849,2.164,0.000,0.000,0.000,8.597,12.610,ładowanie EV
2025-11-05 06:00:00,Wednesday,6,2.063,2.305,0.386,0.759,0.000,0.000,5.513,
2025-11-05 07:00:00,Wednesday,7,3.066,2.484,0.474,0.874,0.000,0.000,6.898,
2025-11-05 08:00:00,Wednesday,8,2.808,2.305,0.000,1.014,0.000,0.000,6.127,
2025-11-05 09:00:00,Wednesday,9,2.774,2.562,0.000,0.000,0.327,1.907,7.570,pompa basenu
2025-11-05 10:00:00,Wednesday,10,2.663,2.415,0.000,0.000,0.322,1.456,6.856,pompa basenu
2025-11-05 11:00:00,Wednesday,11,2.339,2.438,0.000,0.000,0.515,2.107,7.399,pompa basenu
2025-11-05 12:00:00,Wednesday,12,2.203,2.528,0.000,1.861,0.448,2.008,9.048,pompa basenu
2025-11-05 13:00:00,Wednesday,13,2.072,2.583,0.000,0.000,0.483,2.627,7.765,pompa basenu
2025-11-05 14:00:00,Wednesday,14,2.328,2.726,0.000,0.000,0.361,1.454,6.869,pompa basenu
2025-11-05 15:00:00,Wednesday,15,2.969,2.755,0.000,0.000,0.366,1.385,7.475,pompa basenu
2025-11-05 16:00:00,Wednesday,16,3.192,2.091,0.324,0.000,0.529,2.702,8.838,pompa basenu
2025-11-05 17:00:00,Wednesday,17,2.836,2.254,0.292,0.000,0.966,0.000,6.348,
2025-11-05 18:00:00,Wednesday,18,2.397,2.424,0.386,4.193,0.658,0.000,10.058,
2025-11-05 19:00:00,Wednesday,19,2.196,2.813,0.474,0.000,0.964,2.374,8.821,zmywarka
2025-11-05 20:00:00,Wednesday,20,1.868,2.634,0.264,0.000,1.042,0.000,5.808,
2025-11-05 21:00:00,Wednesday,21,2.659,2.599,0.564,0.000,1.005,0.000,6.827,
2025-11-05 22:00:00,Wednesday,22,2.675,2.397,0.161,0.000,0.754,9.386,15.373,ładowanie EV
2025-11-05 23:00:00,Wednesday,23,2.309,2.079,0.000,0.000,0.000,15.484,19.872,ładowanie EV
2025-11-06 00:00:00,Thursday,0,2.012,2.392,0.000,0.000,0.000,16.121,20.525,ładowanie EV
2025-11-06 01:00:00,Thursday,1,3.020,2.454,0.000,0.000,0.000,14.849,20.323,ładowanie EV
2025-11-06 02:00:00,Thursday,2,2.259,2.376,0.000,0.000,0.000,11.654,16.289,ładowanie EV
2025-11-06 03:00:00,Thursday,3,2.597,2.070,0.000,0.000,0.000,11.302,15.969,ładowanie EV
2025-11-06 04:00:00,Thursday,4,1.966,2.263,0.000,0.000,0.000,11.948,16.177,ładowanie EV
2025-11-06 05:00:00,Thursday,5,2.332,2.070,0.000,0.000,0.000,11.284,15.686,ładowanie EV
2025-11-06 06:00:00,Thursday,6,2.438,2.364,0.363,1.313,0.000,0.000,6.478,
2025-11-06 07:00:00,Thursday,7,2.769,2.634,0.294,1.026,0.000,0.000,6.723,
2025-11-06 08:00:00,Thursday,8,2.673,2.877,0.000,0.688,0.000,0.000,6.238,
2025-11-06 09:00:00,Thursday,9,2.489,2.857,0.000,0.000,0.352,2.139,7.837,pompa basenu
2025-11-06 10:00:00,Thursday,10,3.119,2.555,0.000,0.000,0.396,2.054,8.124,pompa basenu
2025-11-06 11:00:00,Thursday,11,2.723,2.932,0.000,0.000,0.343,2.730,8.728,pompa basenu
2025-11-06 12:00:00,Thursday,12,2.709,2.544,0.000,1.709,0.375,2.038,9.375,pompa basenu
2025-11-06 13:00:00,Thursday,13,2.459,2.268,0.000,0.000,0.299,1.732,6.758,pompa basenu
2025-11-06 14:00:00,Thursday,14,1.895,2.137,0.000,0.000,0.513,2.436,6.981,pompa basenu
2025-11-06 15:00:00,Thursday,15,2.162,2.353,0.000,0.000,0.474,1.617,6.606,pompa basenu
2025-11-06 16:00:00,Thursday,16,2.654,3.029,0.347,0.000,0.731,1.842,8.603,pompa basenu
2025-11-06 17:00:00,Thursday,17,2.956,3.031,0.681,0.000,0.830,0.000,7.498,
2025-11-06 18:00:00,Thursday,18,2.974,2.482,0.524,8.218,0.750,0.000,14.948,
2025-11-06 19:00:00,Thursday,19,2.932,2.921,0.258,0.000,0.550,2.599,9.260,zmywarka
2025-11-06 20:00:00,Thursday,20,2.217,2.748,0.354,0.000,0.982,0.000,6.301,
2025-11-06 21:00:00,Thursday,21,3.100,2.896,0.596,0.000,0.577,0.000,7.169,
2025-11-06 22:00:00,Thursday,22,3.038,3.137,0.248,0.000,0.840,12.082,19.345,ładowanie EV
2025-11-06 23:00:00,Thursday,23,2.346,2.645,0.000,0.000,0.000,10.847,15.838,ładowanie EV
2025-11-07 00:00:00,Friday,0,2.114,2.910,0.000,0.000,0.000,8.772,13.796,ładowanie EV
2025-11-07 01:00:00,Friday,1,2.150,2.707,0.000,0.000,0.000,16.406,21.263,ładowanie EV
2025-11-07 02:00:00,Friday,2,1.881,3.077,0.000,0.000,0.000,16.088,21.046,ładowanie EV
2025-11-07 03:00:00,Friday,3,2.233,2.976,0.000,0.000,0.000,9.237,14.446,ładowanie EV
2025-11-07 04:00:00,Friday,4,2.571,2.893,0.000,0.000,0.000,16.252,21.716,ładowanie EV
2025-11-07 05:00:00,Friday,5,2.912,2.622,0.000,0.000,0.000,11.675,17.209,ładowanie EV
2025-11-07 06:00:00,Friday,6,1.944,2.932,0.354,1.065,0.000,0.000,6.295,
2025-11-07 07:00:00,Friday,7,1.914,3.202,0.327,0.649,0.000,0.000,6.092,
2025-11-07 08:00:00,Friday,8,2.843,3.965,0.000,0.674,0.000,0.000,7.482,
2025-11-07 09:00:00,Friday,9,2.196,3.379,0.000,0.000,0.393,2.036,8.004,pompa basenu
2025-11-07 10:00:00,Friday,10,1.863,3.110,0.000,0.000,0.327,1.679,6.979,pompa basenu
2025-11-07 11:00:00,Friday,11,3.133,3.521,0.000,0.000,0.478,2.348,9.480,pompa basenu
2025-11-07 12:00:00,Friday,12,2.627,3.011,0.000,0.000,0.492,2.238,8.368,pompa basenu
2025-11-07 13:00:00,Friday,13,2.132,3.213,0.000,1.387,0.285,2.353,9.370,pompa basenu
2025-11-07 14:00:00,Friday,14,2.744,2.972,0.000,0.000,0.619,2.125,8.460,pompa basenu
2025-11-07 15:00:00,Friday,15,2.187,2.889,0.000,0.000,0.722,1.654,7.452,pompa basenu
2025-11-07 16:00:00,Friday,16,2.838,2.822,0.237,0.000,0.702,2.760,9.359,pompa basenu
2025-11-07 17:00:00,Friday,17,2.201,3.105,0.235,4.202,0.821,0.000,10.564,
2025-11-07 18:00:00,Friday,18,2.850,2.983,0.285,0.000,0.591,0.000,6.709,
2025-11-07 19:00:00,Friday,19,1.858,3.565,0.455,0.000,0.954,0.000,6.832,
2025-11-07 20:00:00,Friday,20,2.500,3.662,0.653,0.000,0.718,0.000,7.533,
2025-11-07 21:00:00,Friday,21,2.387,3.703,0.623,0.000,0.812,0.000,7.525,
2025-11-07 22:00:00,Friday,22,2.516,2.762,0.304,0.000,0.667,11.937,18.186,ładowanie EV
2025-11-07 23:00:00,Friday,23,2.726,3.066,0.000,0.000,0.000,14.600,20.392,ładowanie EV
2025-11-08 00:00:00,Saturday,0,2.498,3.344,0.000,0.000,0.000,13.685,19.527,ładowanie EV
2025-11-08 01:00:00,Saturday,1,3.004,3.473,0.000,0.000,0.000,9.596,16.073,ładowanie EV
2025-11-08 02:00:00,Saturday,2,2.183,3.105,0.000,0.000,0.000,16.700,21.988,ładowanie EV
2025-11-08 03:00:00,Saturday,3,2.889,4.041,0.000,0.000,0.000,12.043,18.973,ładowanie EV
2025-11-08 04:00:00,Saturday,4,3.199,3.172,0.000,0.000,0.000,10.495,16.866,ładowanie EV
2025-11-08 05:00:00,Saturday,5,2.762,3.186,0.000,0.000,0.000,16.965,22.913,ładowanie EV
2025-11-08 06:00:00,Saturday,6,3.024,3.632,0.391,1.065,0.000,0.000,8.112,
2025-11-08 07:00:00,Saturday,7,2.024,3.544,0.322,1.334,0.000,0.000,7.224,
2025-11-08 08:00:00,Saturday,8,2.157,3.484,0.000,1.166,0.000,0.000,6.807,
2025-11-08 09:00:00,Saturday,9,3.215,3.728,0.000,0.000,0.720,4.110,11.773,pompa basenu; pralka
2025-11-08 10:00:00,Saturday,10,3.162,3.698,0.000,0.000,0.393,1.987,9.240,pompa basenu
2025-11-08 11:00:00,Saturday,11,2.279,3.137,0.000,0.000,0.575,1.472,7.463,pompa basenu
2025-11-08 12:00:00,Saturday,12,1.983,2.907,0.000,0.000,0.596,1.389,6.875,pompa basenu
2025-11-08 13:00:00,Saturday,13,2.923,2.912,0.000,1.973,0.317,4.770,12.895,pompa basenu; zmywarka
2025-11-08 14:00:00,Saturday,14,2.509,3.215,0.000,0.000,0.632,1.999,8.355,pompa basenu
2025-11-08 15:00:00,Saturday,15,2.201,2.928,0.000,0.000,0.391,2.707,8.227,pompa basenu
2025-11-08 16:00:00,Saturday,16,3.165,3.149,0.322,0.000,0.534,2.270,9.440,pompa basenu
2025-11-08 17:00:00,Saturday,17,2.192,3.726,0.529,4.087,0.524,0.000,11.058,
2025-11-08 18:00:00,Saturday,18,2.410,3.763,0.575,0.000,1.196,0.000,7.944,
2025-11-08 19:00:00,Saturday,19,2.355,3.652,0.386,0.000,0.651,14.058,21.102,sauna
2025-11-08 20:00:00,Saturday,20,1.992,3.142,0.242,0.000,1.168,17.363,23.907,sauna
2025-11-08 21:00:00,Saturday,21,2.838,3.505,0.370,0.000,1.070,14.099,21.882,sauna
2025-11-08 22:00:00,Saturday,22,1.941,2.953,0.274,0.000,0.989,11.072,17.229,ładowanie EV
2025-11-08 23:00:00,Saturday,23,3.080,2.857,0.000,0.000,0.000,9.002,14.939,ładowanie EV
2025-11-09 00:00:00,Sunday,0,2.560,3.280,0.000,0.000,0.000,16.992,22.832,ładowanie EV
2025-11-09 01:00:00,Sunday,1,1.902,3.434,0.000,0.000,0.000,9.202,14.538,ładowanie EV
2025-11-09 02:00:00,Sunday,2,3.140,3.027,0.000,0.000,0.000,8.423,14.590,ładowanie EV
2025-11-09 03:00:00,Sunday,3,1.973,3.554,0.000,0.000,0.000,14.904,20.431,ładowanie EV
2025-11-09 04:00:00,Sunday,4,2.263,3.956,0.000,0.000,0.000,10.253,16.472,ładowanie EV
2025-11-09 05:00:00,Sunday,5,2.645,3.048,0.000,0.000,0.000,13.745,19.438,ładowanie EV
2025-11-09 06:00:00,Sunday,6,1.854,4.278,0.428,1.244,0.000,0.000,7.804,
2025-11-09 07:00:00,Sunday,7,2.077,4.802,0.340,0.704,0.000,0.000,7.923,
2025-11-09 08:00:00,Sunday,8,2.454,4.347,0.000,0.702,0.000,0.000,7.503,
2025-11-09 09:00:00,Sunday,9,2.601,4.945,0.000,0.000,0.798,2.440,10.784,pompa basenu
2025-11-09 10:00:00,Sunday,10,2.397,4.906,0.000,0.000,0.660,2.468,10.431,pompa basenu
2025-11-09 11:00:00,Sunday,11,2.429,4.076,0.000,0.000,0.639,1.392,8.536,pompa basenu
2025-11-09 12:00:00,Sunday,12,2.893,3.593,0.000,0.000,0.304,1.808,8.598,pompa basenu
2025-11-09 13:00:00,Sunday,13,2.905,4.135,0.000,0.748,0.453,1.757,9.998,pompa basenu
2025-11-09 14:00:00,Sunday,14,3.151,4.582,0.000,0.000,0.460,2.164,10.357,pompa basenu
2025-11-09 15:00:00,Sunday,15,2.604,4.106,0.000,0.000,0.426,1.720,8.856,pompa basenu
2025-11-09 16:00:00,Sunday,16,3.052,3.611,0.235,0.000,0.423,2.431,9.752,pompa basenu
2025-11-09 17:00:00,Sunday,17,3.137,4.069,0.260,3.629,1.099,0.000,12.194,
2025-11-09 18:00:00,Sunday,18,2.224,4.317,0.568,0.000,0.911,0.000,8.020,
2025-11-09 19:00:00,Sunday,19,2.390,3.625,0.483,0.000,0.713,17.011,24.222,sauna
2025-11-09 20:00:00,Sunday,20,2.058,4.404,0.660,0.000,1.132,18.384,26.638,sauna
2025-11-09 21:00:00,Sunday,21,2.107,3.484,0.294,0.000,0.720,19.771,26.376,sauna
2025-11-09 22:00:00,Sunday,22,2.774,3.726,0.322,0.000,0.791,9.941,17.554,ładowanie EV
2025-11-09 23:00:00,Sunday,23,2.426,3.639,0.000,0.000,0.000,8.866,14.931,ładowanie EV
2025-11-10 00:00:00,Monday,0,2.107,3.652,0.000,0.000,0.000,11.293,17.052,ładowanie EV
2025-11-10 01:00:00,Monday,1,1.941,3.064,0.000,0.000,0.000,16.088,21.093,ładowanie EV
2025-11-10 02:00:00,Monday,2,3.068,3.052,0.000,0.000,0.000,14.780,20.900,ładowanie EV
2025-11-10 03:00:00,Monday,3,2.818,3.896,0.000,0.000,0.000,15.010,21.724,ładowanie EV
2025-11-10 04:00:00,Monday,4,2.631,3.218,0.000,0.000,0.000,8.430,14.279,ładowanie EV
2025-11-10 05:00:00,Monday,5,2.245,3.066,0.000,0.000,0.000,13.453,18.764,ładowanie EV
2025-11-10 06:00:00,Monday,6,2.015,4.306,0.398,0.773,0.000,0.000,7.492,
2025-11-10 07:00:00,Monday,7,2.068,4.469,0.377,1.132,0.000,0.000,8.046,
2025-11-10 08:00:00,Monday,8,2.180,3.524,0.000,1.311,0.000,0.000,7.015,
2025-11-10 09:00:00,Monday,9,2.967,3.970,0.000,0.000,0.478,1.674,9.089,pompa basenu
2025-11-10 10:00:00,Monday,10,2.525,3.986,0.000,0.000,0.382,1.810,8.703,pompa basenu
2025-11-10 11:00:00,Monday,11,3.006,4.174,0.000,0.000,0.451,2.040,9.671,pompa basenu
2025-11-10 12:00:00,Monday,12,2.935,3.970,0.000,1.746,0.375,2.477,11.503,pompa basenu
2025-11-10 13:00:00,Monday,13,3.190,3.551,0.000,0.000,0.462,2.309,9.512,pompa basenu
2025-11-10 14:00:00,Monday,14,2.643,3.501,0.000,0.000,0.290,1.690,8.124,pompa basenu
2025-11-10 15:00:00,Monday,15,3.176,3.291,0.000,0.000,0.421,1.870,8.758,pompa basenu
2025-11-10 16:00:00,Monday,16,2.553,4.112,0.150,0.000,0.690,1.927,9.432,pompa basenu
2025-11-10 17:00:00,Monday,17,1.840,3.726,0.603,0.000,0.929,0.000,7.098,
2025-11-10 18:00:00,Monday,18,3.036,3.657,0.460,3.813,1.104,0.000,12.070,
2025-11-10 19:00:00,Monday,19,2.714,3.604,0.389,0.000,1.079,1.888,9.674,zmywarka
2025-11-10 20:00:00,Monday,20,2.903,3.583,0.681,0.000,0.543,0.000,7.710,
2025-11-10 21:00:00,Monday,21,2.394,4.170,0.343,0.000,1.175,0.000,8.082,
2025-11-10 22:00:00,Monday,22,2.332,4.066,0.239,0.000,0.961,16.519,24.117,ładowanie EV
2025-11-10 23:00:00,Monday,23,2.659,3.142,0.000,0.000,0.000,13.572,19.373,ładowanie EV
2025-11-11 00:00:00,Tuesday,0,3.015,3.282,0.000,0.000,0.000,15.371,21.668,ładowanie EV
2025-11-11 01:00:00,Tuesday,1,2.328,3.836,0.000,0.000,0.000,8.549,14.713,ładowanie EV
2025-11-11 02:00:00,Tuesday,2,2.686,3.165,0.000,0.000,0.000,12.733,18.584,ładowanie EV
2025-11-11 03:00:00,Tuesday,3,2.502,3.420,0.000,0.000,0.000,12.535,18.457,ładowanie EV
2025-11-11 04:00:00,Tuesday,4,3.172,3.307,0.000,0.000,0.000,16.183,22.662,ładowanie EV
2025-11-11 05:00:00,Tuesday,5,2.040,3.622,0.000,0.000,0.000,14.407,20.069,ładowanie EV
2025-11-11 06:00:00,Tuesday,6,2.125,3.878,0.391,1.104,0.000,0.000,7.498,
2025-11-11 07:00:00,Tuesday,7,2.834,4.002,0.400,0.915,0.000,0.000,8.151,
2025-11-11 08:00:00,Tuesday,8,2.702,3.204,0.000,1.201,0.000,0.000,7.107,
2025-11-11 09:00:00,Tuesday,9,3.011,3.963,0.000,0.000,0.324,2.155,9.453,pompa basenu
2025-11-11 10:00:00,Tuesday,10,2.834,3.510,0.000,0.000,0.306,1.718,8.368,pompa basenu
2025-11-11 11:00:00,Tuesday,11,1.946,3.222,0.000,0.000,0.423,2.507,8.098,pompa basenu
2025-11-11 12:00:00,Tuesday,12,2.546,3.165,0.000,1.086,0.370,2.546,9.713,pompa basenu
2025-11-11 13:00:00,Tuesday,13,2.958,3.420,0.000,0.000,0.308,2.314,9.000,pompa basenu
2025-11-11 14:00:00,Tuesday,14,2.180,3.452,0.000,0.000,0.798,4.191,10.621,pompa basenu; pralka
2025-11-11 15:00:00,Tuesday,15,2.790,3.324,0.000,0.000,0.605,2.137,8.856,pompa basenu
2025-11-11 16:00:00,Tuesday,16,2.728,3.059,0.196,0.000,0.764,2.180,8.927,pompa basenu
2025-11-11 17:00:00,Tuesday,17,2.673,3.565,0.430,0.000,0.614,0.000,7.282,
2025-11-11 18:00:00,Tuesday,18,3.142,3.468,0.359,2.751,0.642,0.000,10.362,
2025-11-11 19:00:00,Tuesday,19,2.093,2.778,0.536,0.000,1.111,0.000,6.518,
2025-11-11 20:00:00,Tuesday,20,2.093,3.215,0.554,0.000,1.120,2.187,9.169,zmywarka
2025-11-11 21:00:00,Tuesday,21,2.512,3.558,0.380,0.000,1.125,0.000,7.575,
2025-11-11 22:00:00,Tuesday,22,2.599,2.919,0.177,0.000,1.187,15.720,22.602,ładowanie EV
2025-11-11 23:00:00,Tuesday,23,2.344,3.169,0.000,0.000,0.000,11.245,16.758,ładowanie EV
2025-11-12 00:00:00,Wednesday,0,2.174,2.698,0.000,0.000,0.000,16.710,21.582,ładowanie EV
2025-11-12 01:00:00,Wednesday,1,2.224,3.381,0.000,0.000,0.000,15.918,21.523,ładowanie EV
2025-11-12 02:00:00,Wednesday,2,1.960,2.769,0.000,0.000,0.000,12.482,17.211,ładowanie EV
2025-11-12 03:00:00,Wednesday,3,2.583,3.280,0.000,0.000,0.000,13.763,19.626,ładowanie EV
2025-11-12 04:00:00,Wednesday,4,2.785,3.034,0.000,0.000,0.000,12.887,18.706,ładowanie EV
2025-11-12 05:00:00,Wednesday,5,2.815,2.758,0.000,0.000,0.000,8.611,14.184,ładowanie EV
2025-11-12 06:00:00,Wednesday,6,3.151,3.282,0.483,1.343,0.000,0.000,8.259,
2025-11-12 07:00:00,Wednesday,7,1.854,3.135,0.310,0.862,0.000,0.000,6.161,
2025-11-12 08:00:00,Wednesday,8,3.208,3.604,0.000,0.745,0.000,0.000,7.557,
2025-11-12 09:00:00,Wednesday,9,2.631,3.374,0.000,0.000,0.460,1.757,8.222,pompa basenu
2025-11-12 10:00:00,Wednesday,10,2.992,3.471,0.000,0.000,0.306,2.452,9.221,pompa basenu
2025-11-12 11:00:00,Wednesday,11,2.974,3.208,0.000,0.000,0.393,2.496,9.071,pompa basenu
2025-11-12 12:00:00,Wednesday,12,1.849,2.965,0.000,0.000,0.343,1.755,6.912,pompa basenu
2025-11-12 13:00:00,Wednesday,13,2.415,2.772,0.000,1.371,0.414,2.371,9.343,pompa basenu
2025-11-12 14:00:00,Wednesday,14,2.392,3.128,0.000,0.000,0.320,2.190,8.030,pompa basenu
2025-11-12 15:00:00,Wednesday,15,2.256,2.696,0.000,0.000,0.658,2.058,7.668,pompa basenu
2025-11-12 16:00:00,Wednesday,16,2.960,2.808,0.248,0.000,0.777,1.748,8.541,pompa basenu
2025-11-12 17:00:00,Wednesday,17,2.426,2.355,0.297,7.792,0.948,0.000,13.818,
2025-11-12 18:00:00,Wednesday,18,2.829,3.011,0.301,0.000,0.888,0.000,7.029,
2025-11-12 19:00:00,Wednesday,19,1.870,2.942,0.678,0.000,1.127,2.309,8.926,zmywarka
2025-11-12 20:00:00,Wednesday,20,2.588,2.659,0.674,0.000,1.166,0.000,7.087,
2025-11-12 21:00:00,Wednesday,21,2.640,2.332,0.396,0.000,0.593,0.000,5.961,
2025-11-12 22:00:00,Wednesday,22,2.104,2.450,0.200,0.000,0.734,8.620,14.108,ładowanie EV
2025-11-12 23:00:00,Wednesday,23,1.927,2.532,0.000,0.000,0.000,11.127,15.586,ładowanie EV
2025-11-13 00:00:00,Thursday,0,2.870,1.697,0.000,0.000,0.000,14.285,18.852,wyjazd / nieobecność; ładowanie EV
2025-11-13 01:00:00,Thursday,1,2.928,1.385,0.000,0.000,0.000,13.105,17.418,wyjazd / nieobecność; ładowanie EV
2025-11-13 02:00:00,Thursday,2,2.707,1.656,0.000,0.000,0.000,9.147,13.510,wyjazd / nieobecność; ładowanie EV
2025-11-13 03:00:00,Thursday,3,2.691,1.794,0.000,0.000,0.000,11.935,16.420,wyjazd / nieobecność; ładowanie EV
2025-11-13 04:00:00,Thursday,4,2.394,1.828,0.000,0.000,0.000,9.126,13.348,wyjazd / nieobecność; ładowanie EV
2025-11-13 05:00:00,Thursday,5,2.870,1.838,0.000,0.000,0.000,10.286,14.994,wyjazd / nieobecność; ładowanie EV
2025-11-13 06:00:00,Thursday,6,2.284,2.075,0.000,0.000,0.000,0.000,4.359,wyjazd / nieobecność
2025-11-13 07:00:00,Thursday,7,1.865,2.141,0.000,0.000,0.000,0.000,4.006,wyjazd / nieobecność
2025-11-13 08:00:00,Thursday,8,3.137,1.750,0.000,0.000,0.000,0.000,4.887,wyjazd / nieobecność
2025-11-13 09:00:00,Thursday,9,1.999,1.835,0.000,0.000,0.000,2.022,5.856,wyjazd / nieobecność; pompa basenu
2025-11-13 10:00:00,Thursday,10,2.033,2.114,0.000,0.000,0.000,2.601,6.748,wyjazd / nieobecność; pompa basenu
2025-11-13 11:00:00,Thursday,11,1.852,1.780,0.000,0.000,0.000,2.491,6.123,wyjazd / nieobecność; pompa basenu
2025-11-13 12:00:00,Thursday,12,2.997,1.769,0.000,0.000,0.000,1.732,6.498,wyjazd / nieobecność; pompa basenu
2025-11-13 13:00:00,Thursday,13,2.737,1.224,0.000,0.000,0.000,1.414,5.375,wyjazd / nieobecność; pompa basenu
2025-11-13 14:00:00,Thursday,14,2.912,1.129,0.000,0.000,0.000,1.506,5.547,wyjazd / nieobecność; pompa basenu
2025-11-13 15:00:00,Thursday,15,2.429,1.375,0.000,0.000,0.000,1.868,5.672,wyjazd / nieobecność; pompa basenu
2025-11-13 16:00:00,Thursday,16,2.445,1.180,0.000,0.000,0.000,2.468,6.093,wyjazd / nieobecność; pompa basenu
2025-11-13 17:00:00,Thursday,17,2.893,1.116,0.000,0.000,0.000,0.000,4.009,wyjazd / nieobecność
2025-11-13 18:00:00,Thursday,18,2.992,1.072,0.000,0.000,0.000,0.000,4.064,wyjazd / nieobecność
2025-11-13 19:00:00,Thursday,19,2.555,1.279,0.000,0.000,0.000,0.000,3.834,wyjazd / nieobecność
2025-11-13 20:00:00,Thursday,20,2.266,1.320,0.000,0.000,0.000,0.000,3.586,wyjazd / nieobecność
2025-11-13 21:00:00,Thursday,21,2.146,1.267,0.000,0.000,0.000,0.000,3.413,wyjazd / nieobecność
2025-11-13 22:00:00,Thursday,22,2.339,2.118,0.000,0.000,0.000,9.485,13.942,wyjazd / nieobecność; ładowanie EV
2025-11-13 23:00:00,Thursday,23,3.195,2.438,0.000,0.000,0.000,13.830,19.463,wyjazd / nieobecność; ładowanie EV
2025-11-14 00:00:00,Friday,0,2.160,4.004,0.000,0.000,0.000,8.181,14.345,ładowanie EV
2025-11-14 01:00:00,Friday,1,3.211,3.114,0.000,0.000,0.000,12.498,18.823,ładowanie EV
2025-11-14 02:00:00,Friday,2,2.123,4.119,0.000,0.000,0.000,11.219,17.461,ładowanie EV
2025-11-14 03:00:00,Friday,3,2.700,4.039,0.000,0.000,0.000,13.296,20.035,ładowanie EV
2025-11-14 04:00:00,Friday,4,2.553,4.168,0.000,0.000,0.000,16.590,23.311,ładowanie EV
2025-11-14 05:00:00,Friday,5,2.438,4.023,0.000,0.000,0.000,8.726,15.187,ładowanie EV
2025-11-14 06:00:00,Friday,6,3.100,3.984,0.225,0.789,0.000,0.000,8.098,
2025-11-14 07:00:00,Friday,7,2.680,4.549,0.232,1.067,0.000,0.000,8.528,
2025-11-14 08:00:00,Friday,8,2.953,4.220,0.000,0.750,0.000,0.000,7.923,
2025-11-14 09:00:00,Friday,9,2.661,4.248,0.000,0.000,0.492,2.606,10.007,pompa basenu
2025-11-14 10:00:00,Friday,10,2.339,4.331,0.000,0.000,0.389,1.456,8.515,pompa basenu
2025-11-14 11:00:00,Friday,11,2.544,4.441,0.000,0.000,0.437,2.307,9.729,pompa basenu
2025-11-14 12:00:00,Friday,12,3.006,4.600,0.000,1.247,0.416,1.394,10.663,pompa basenu
2025-11-14 13:00:00,Friday,13,1.872,3.903,0.000,0.000,0.460,2.353,8.588,pompa basenu
2025-11-14 14:00:00,Friday,14,1.969,4.409,0.000,0.000,0.791,2.514,9.683,pompa basenu
2025-11-14 15:00:00,Friday,15,2.042,4.513,0.000,0.000,0.688,1.953,9.196,pompa basenu
2025-11-14 16:00:00,Friday,16,2.413,4.430,0.156,0.000,0.833,2.590,10.422,pompa basenu
2025-11-14 17:00:00,Friday,17,2.332,4.363,0.642,4.398,1.049,0.000,12.784,
2025-11-14 18:00:00,Friday,18,2.903,5.062,0.299,0.000,0.621,0.000,8.885,
2025-11-14 19:00:00,Friday,19,3.190,5.460,0.356,0.000,0.821,2.496,12.323,zmywarka
2025-11-14 20:00:00,Friday,20,2.312,5.637,0.375,0.000,0.570,0.000,8.894,
2025-11-14 21:00:00,Friday,21,2.622,4.998,0.559,0.000,1.083,0.000,9.262,
2025-11-14 22:00:00,Friday,22,3.199,4.393,0.285,0.000,1.072,16.884,25.833,ładowanie EV
2025-11-14 23:00:00,Friday,23,2.187,4.612,0.000,0.000,0.000,14.347,21.146,ładowanie EV
2025-11-15 00:00:00,Saturday,0,2.272,5.083,0.000,0.000,0.000,12.680,20.035,ładowanie EV
2025-11-15 01:00:00,Saturday,1,2.686,5.228,0.000,0.000,0.000,12.027,19.941,ładowanie EV
2025-11-15 02:00:00,Saturday,2,2.438,5.184,0.000,0.000,0.000,14.895,22.517,ładowanie EV
2025-11-15 03:00:00,Saturday,3,2.174,6.079,0.000,0.000,0.000,11.325,19.578,ładowanie EV
2025-11-15 04:00:00,Saturday,4,2.709,5.667,0.000,0.000,0.000,11.334,19.710,ładowanie EV
2025-11-15 05:00:00,Saturday,5,2.321,4.943,0.000,0.000,0.000,15.831,23.095,ładowanie EV
2025-11-15 06:00:00,Saturday,6,2.277,5.847,0.264,0.729,0.000,0.000,9.117,
2025-11-15 07:00:00,Saturday,7,2.631,7.252,0.207,1.148,0.000,0.000,11.238,
2025-11-15 08:00:00,Saturday,8,2.339,7.705,0.000,1.056,0.000,0.000,11.100,
2025-11-15 09:00:00,Saturday,9,3.034,6.750,0.000,0.000,0.770,1.996,12.550,pompa basenu
2025-11-15 10:00:00,Saturday,10,2.857,6.293,0.000,0.000,0.380,4.476,14.006,pompa basenu; pralka
2025-11-15 11:00:00,Saturday,11,2.236,7.188,0.000,0.000,0.225,2.535,12.184,pompa basenu
2025-11-15 12:00:00,Saturday,12,2.838,6.640,0.000,2.367,0.223,2.661,14.729,pompa basenu
2025-11-15 13:00:00,Saturday,13,2.592,6.647,0.000,0.000,0.520,4.605,14.364,pompa basenu; zmywarka
2025-11-15 14:00:00,Saturday,14,2.459,4.736,0.000,0.000,0.497,2.033,9.725,pompa basenu
2025-11-15 15:00:00,Saturday,15,2.256,5.672,0.000,0.000,0.844,1.877,10.649,pompa basenu
2025-11-15 16:00:00,Saturday,16,2.072,5.794,0.393,0.000,0.262,2.574,11.095,pompa basenu
2025-11-15 17:00:00,Saturday,17,2.420,4.789,0.274,0.000,1.145,0.000,8.628,
2025-11-15 18:00:00,Saturday,18,2.174,5.796,0.483,3.282,0.895,0.000,12.630,
2025-11-15 19:00:00,Saturday,19,3.015,5.467,0.465,0.000,1.056,20.111,30.114,sauna
2025-11-15 20:00:00,Saturday,20,1.877,5.044,0.377,0.000,0.798,16.756,24.852,sauna
2025-11-15 21:00:00,Saturday,21,2.148,5.738,0.264,0.000,0.593,18.241,26.984,sauna
2025-11-15 22:00:00,Saturday,22,2.627,6.176,0.258,0.000,0.708,8.446,18.215,ładowanie EV
2025-11-15 23:00:00,Saturday,23,1.856,4.490,0.000,0.000,0.000,12.213,18.559,ładowanie EV
2025-11-16 00:00:00,Sunday,0,2.190,5.826,0.000,0.000,0.000,10.042,18.058,ładowanie EV
2025-11-16 01:00:00,Sunday,1,1.990,4.552,0.000,0.000,0.000,8.482,15.024,ładowanie EV
2025-11-16 02:00:00,Sunday,2,2.058,5.798,0.000,0.000,0.000,15.019,22.875,ładowanie EV
2025-11-16 03:00:00,Sunday,3,2.339,5.039,0.000,0.000,0.000,16.940,24.318,ładowanie EV
2025-11-16 04:00:00,Sunday,4,2.374,5.313,0.000,0.000,0.000,14.437,22.124,ładowanie EV
2025-11-16 05:00:00,Sunday,5,2.452,5.302,0.000,0.000,0.000,10.670,18.424,ładowanie EV
2025-11-16 06:00:00,Sunday,6,2.098,5.364,0.354,1.219,0.000,0.000,9.035,
2025-11-16 07:00:00,Sunday,7,3.013,5.324,0.200,1.194,0.000,0.000,9.731,
2025-11-16 08:00:00,Sunday,8,2.617,6.822,0.000,0.777,0.000,0.000,10.216,
2025-11-16 09:00:00,Sunday,9,2.932,5.757,0.000,0.000,0.476,2.578,11.743,pompa basenu
2025-11-16 10:00:00,Sunday,10,2.470,5.819,0.000,0.000,0.734,1.736,10.759,pompa basenu
2025-11-16 11:00:00,Sunday,11,2.864,5.626,0.000,0.000,0.814,2.026,11.330,pompa basenu
2025-11-16 12:00:00,Sunday,12,2.491,5.391,0.000,0.812,0.598,2.192,11.484,pompa basenu
2025-11-16 13:00:00,Sunday,13,2.378,6.325,0.000,0.000,0.616,1.438,10.757,pompa basenu
2025-11-16 14:00:00,Sunday,14,2.236,5.994,0.000,0.000,0.354,4.216,12.800,pompa basenu; zmywarka
2025-11-16 15:00:00,Sunday,15,2.279,5.111,0.000,0.000,0.662,2.139,10.191,pompa basenu
2025-11-16 16:00:00,Sunday,16,2.206,5.729,0.232,0.000,0.212,1.481,9.860,pompa basenu
2025-11-16 17:00:00,Sunday,17,2.682,5.925,0.276,0.000,0.665,0.000,9.548,
2025-11-16 18:00:00,Sunday,18,2.008,6.116,0.458,7.696,0.665,0.000,16.943,
2025-11-16 19:00:00,Sunday,19,3.110,4.959,0.409,0.000,1.099,18.423,28.000,sauna
2025-11-16 20:00:00,Sunday,20,2.293,4.398,0.584,0.000,0.959,17.669,25.903,sauna
2025-11-16 21:00:00,Sunday,21,2.045,4.855,0.359,0.000,1.189,16.047,24.495,sauna
2025-11-16 22:00:00,Sunday,22,2.231,4.460,0.308,0.000,1.187,13.841,22.027,ładowanie EV
2025-11-16 23:00:00,Sunday,23,2.514,4.317,0.000,0.000,0.000,10.953,17.784,ładowanie EV
2025-11-17 00:00:00,Monday,0,2.222,5.067,0.000,0.000,0.000,9.584,16.873,ładowanie EV
2025-11-17 01:00:00,Monday,1,2.707,4.864,0.000,0.000,0.000,9.136,16.707,ładowanie EV
2025-11-17 02:00:00,Monday,2,2.790,5.410,0.000,0.000,0.000,16.079,24.279,ładowanie EV
2025-11-17 03:00:00,Monday,3,2.461,5.554,0.000,0.000,0.000,10.555,18.570,ładowanie EV
2025-11-17 04:00:00,Monday,4,2.065,4.310,0.000,0.000,0.000,17.011,23.386,ładowanie EV
2025-11-17 05:00:00,Monday,5,3.107,4.685,0.000,0.000,0.000,11.346,19.138,ładowanie EV
2025-11-17 06:00:00,Monday,6,2.293,4.980,0.223,0.872,0.000,0.000,8.368,
2025-11-17 07:00:00,Monday,7,2.286,6.665,0.435,0.807,0.000,0.000,10.193,
2025-11-17 08:00:00,Monday,8,2.606,6.031,0.000,1.053,0.000,0.000,9.690,
2025-11-17 09:00:00,Monday,9,2.107,6.833,0.000,0.000,0.380,1.661,10.981,pompa basenu
2025-11-17 10:00:00,Monday,10,2.999,5.426,0.000,0.000,0.407,2.150,10.982,pompa basenu
2025-11-17 11:00:00,Monday,11,2.640,6.382,0.000,0.000,0.472,1.622,11.116,pompa basenu
2025-11-17 12:00:00,Monday,12,3.029,6.541,0.000,0.727,0.504,2.599,13.400,pompa basenu
2025-11-17 13:00:00,Monday,13,2.484,5.357,0.000,0.000,0.398,1.543,9.782,pompa basenu
2025-11-17 14:00:00,Monday,14,2.951,5.058,0.000,0.000,0.419,2.056,10.484,pompa basenu
2025-11-17 15:00:00,Monday,15,2.953,4.809,0.000,0.000,0.819,2.029,10.610,pompa basenu
2025-11-17 16:00:00,Monday,16,2.758,5.387,0.384,0.000,0.600,2.560,11.689,pompa basenu
2025-11-17 17:00:00,Monday,17,2.242,4.796,0.283,0.000,1.184,0.000,8.505,
2025-11-17 18:00:00,Monday,18,2.024,5.670,0.681,6.120,1.102,0.000,15.597,
2025-11-17 19:00:00,Monday,19,2.447,6.714,0.564,0.000,0.821,1.870,12.416,zmywarka
2025-11-17 20:00:00,Monday,20,3.158,6.553,0.453,0.000,1.074,0.000,11.238,
2025-11-17 21:00:00,Monday,21,2.500,5.561,0.616,0.000,0.724,0.000,9.401,
2025-11-17 22:00:00,Monday,22,2.744,6.017,0.202,0.000,0.531,8.430,17.924,ładowanie EV
2025-11-17 23:00:00,Monday,23,2.811,6.272,0.000,0.000,0.000,9.835,18.918,ładowanie EV
2025-11-18 00:00:00,Tuesday,0,2.374,6.003,0.000,0.000,0.000,10.451,18.828,ładowanie EV
2025-11-18 01:00:00,Tuesday,1,1.895,5.242,0.000,0.000,0.000,11.889,19.026,ładowanie EV
2025-11-18 02:00:00,Tuesday,2,2.709,6.123,0.000,0.000,0.000,15.911,24.743,ładowanie EV
2025-11-18 03:00:00,Tuesday,3,2.767,6.155,0.000,0.000,0.000,11.587,20.509,ładowanie EV
2025-11-18 04:00:00,Tuesday,4,2.555,6.038,0.000,0.000,0.000,8.712,17.305,ładowanie EV
2025-11-18 05:00:00,Tuesday,5,2.758,5.874,0.000,0.000,0.000,16.429,25.061,ładowanie EV
2025-11-18 06:00:00,Tuesday,6,2.199,6.488,0.202,1.210,0.000,0.000,10.099,
2025-11-18 07:00:00,Tuesday,7,2.806,5.210,0.444,0.856,0.000,0.000,9.316,
2025-11-18 08:00:00,Tuesday,8,2.702,6.355,0.000,1.208,0.000,0.000,10.265,
2025-11-18 09:00:00,Tuesday,9,2.024,5.352,0.000,0.000,0.361,3.928,11.665,pompa basenu; pralka
2025-11-18 10:00:00,Tuesday,10,2.956,5.444,0.000,0.000,0.432,2.521,11.353,pompa basenu
2025-11-18 11:00:00,Tuesday,11,2.997,5.285,0.000,0.000,0.423,1.447,10.152,pompa basenu
2025-11-18 12:00:00,Tuesday,12,1.852,5.559,0.000,0.000,0.402,2.420,10.233,pompa basenu
2025-11-18 13:00:00,Tuesday,13,2.029,5.021,0.000,1.980,0.428,1.566,11.024,pompa basenu
2025-11-18 14:00:00,Tuesday,14,2.700,5.180,0.000,0.000,0.688,2.390,10.958,pompa basenu
2025-11-18 15:00:00,Tuesday,15,2.176,4.290,0.000,0.000,0.566,2.712,9.744,pompa basenu
2025-11-18 16:00:00,Tuesday,16,3.061,4.825,0.218,0.000,0.598,2.569,11.271,pompa basenu
2025-11-18 17:00:00,Tuesday,17,2.452,5.122,0.685,3.149,0.637,0.000,12.045,
2025-11-18 18:00:00,Tuesday,18,2.162,4.929,0.621,0.000,1.000,0.000,8.712,
2025-11-18 19:00:00,Tuesday,19,2.843,4.853,0.674,0.000,0.996,2.316,11.682,zmywarka
2025-11-18 20:00:00,Tuesday,20,2.496,6.426,0.416,0.000,0.867,0.000,10.205,
2025-11-18 21:00:00,Tuesday,21,2.369,6.431,0.251,0.000,1.024,0.000,10.075,
2025-11-18 22:00:00,Tuesday,22,2.836,5.118,0.276,0.000,0.784,13.517,22.531,ładowanie EV
2025-11-18 23:00:00,Tuesday,23,2.546,6.132,0.000,0.000,0.000,10.865,19.543,ładowanie EV
2025-11-19 00:00:00,Wednesday,0,3.070,4.823,0.000,0.000,0.000,16.017,23.910,ładowanie EV
2025-11-19 01:00:00,Wednesday,1,2.762,4.950,0.000,0.000,0.000,9.338,17.050,ładowanie EV
2025-11-19 02:00:00,Wednesday,2,2.042,4.982,0.000,0.000,0.000,16.250,23.274,ładowanie EV
2025-11-19 03:00:00,Wednesday,3,3.098,5.097,0.000,0.000,0.000,14.253,22.448,ładowanie EV
2025-11-19 04:00:00,Wednesday,4,2.176,5.851,0.000,0.000,0.000,8.922,16.949,ładowanie EV
2025-11-19 05:00:00,Wednesday,5,3.077,4.890,0.000,0.000,0.000,12.064,20.031,ładowanie EV
2025-11-19 06:00:00,Wednesday,6,2.783,6.636,0.363,0.745,0.000,0.000,10.527,
2025-11-19 07:00:00,Wednesday,7,2.558,6.652,0.189,0.989,0.000,0.000,10.388,
2025-11-19 08:00:00,Wednesday,8,2.822,7.254,0.000,1.122,0.000,0.000,11.198,
2025-11-19 09:00:00,Wednesday,9,2.864,5.922,0.000,0.000,0.345,3.758,12.889,pompa basenu; pralka
2025-11-19 10:00:00,Wednesday,10,2.900,6.355,0.000,0.000,0.299,7.107,16.661,pompa basenu; suszarka
2025-11-19 11:00:00,Wednesday,11,1.966,6.479,0.000,0.000,0.474,1.603,10.522,pompa basenu
2025-11-19 12:00:00,Wednesday,12,1.994,4.980,0.000,0.000,0.426,2.369,9.769,pompa basenu
2025-11-19 13:00:00,Wednesday,13,2.351,6.396,0.000,1.490,0.278,2.553,13.068,pompa basenu
2025-11-19 14:00:00,Wednesday,14,2.592,5.543,0.000,0.000,0.338,1.856,10.329,pompa basenu
2025-11-19 15:00:00,Wednesday,15,2.397,4.823,0.000,0.000,0.343,1.780,9.343,pompa basenu
2025-11-19 16:00:00,Wednesday,16,2.539,5.865,0.175,0.000,0.605,1.904,11.088,pompa basenu
2025-11-19 17:00:00,Wednesday,17,3.068,6.290,0.644,0.000,1.113,0.000,11.115,goście
2025-11-19 18:00:00,Wednesday,18,2.325,5.453,0.416,8.549,1.178,0.000,17.921,goście
2025-11-19 19:00:00,Wednesday,19,2.279,6.318,0.373,0.000,0.672,2.638,12.280,goście; zmywarka
2025-11-19 20:00:00,Wednesday,20,2.608,7.015,0.501,0.000,1.081,0.000,11.205,goście
2025-11-19 21:00:00,Wednesday,21,2.500,6.026,0.504,0.000,0.920,0.000,9.950,goście
2025-11-19 22:00:00,Wednesday,22,2.397,6.698,0.320,0.000,0.851,8.411,18.677,ładowanie EV
2025-11-19 23:00:00,Wednesday,23,2.785,6.288,0.000,0.000,0.000,16.824,25.897,ładowanie EV
2025-11-20 00:00:00,Thursday,0,1.948,6.783,0.000,0.000,0.000,10.962,19.693,ładowanie EV
2025-11-20 01:00:00,Thursday,1,1.934,5.205,0.000,0.000,0.000,10.776,17.915,ładowanie EV
2025-11-20 02:00:00,Thursday,2,2.275,5.322,0.000,0.000,0.000,13.763,21.360,ładowanie EV
2025-11-20 03:00:00,Thursday,3,2.673,6.005,0.000,0.000,0.000,11.199,19.877,ładowanie EV
2025-11-20 04:00:00,Thursday,4,2.003,6.152,0.000,0.000,0.000,14.242,22.397,ładowanie EV
2025-11-20 05:00:00,Thursday,5,2.017,6.516,0.000,0.000,0.000,14.798,23.331,ładowanie EV
2025-11-20 06:00:00,Thursday,6,2.332,7.224,0.260,0.810,0.000,0.000,10.626,
2025-11-20 07:00:00,Thursday,7,2.919,6.136,0.242,0.957,0.000,0.000,10.254,
2025-11-20 08:00:00,Thursday,8,2.369,7.220,0.000,1.033,0.000,0.000,10.622,
2025-11-20 09:00:00,Thursday,9,3.133,6.019,0.000,0.000,0.511,1.861,11.524,pompa basenu
2025-11-20 10:00:00,Thursday,10,2.546,6.042,0.000,0.000,0.515,1.647,10.750,pompa basenu
2025-11-20 11:00:00,Thursday,11,2.436,6.256,0.000,0.000,0.488,2.302,11.482,pompa basenu
2025-11-20 12:00:00,Thursday,12,3.004,7.328,0.000,0.699,0.363,2.302,13.696,pompa basenu
2025-11-20 13:00:00,Thursday,13,2.700,6.387,0.000,0.000,0.490,4.506,14.083,pompa basenu; pralka
2025-11-20 14:00:00,Thursday,14,2.187,7.229,0.000,0.000,0.736,8.409,18.561,pompa basenu; suszarka
2025-11-20 15:00:00,Thursday,15,2.424,6.661,0.000,0.000,0.488,2.443,12.016,pompa basenu
2025-11-20 16:00:00,Thursday,16,2.470,6.695,0.152,0.000,0.513,1.884,11.714,pompa basenu
2025-11-20 17:00:00,Thursday,17,2.916,7.774,0.494,5.874,0.674,0.000,17.732,goście
2025-11-20 18:00:00,Thursday,18,2.242,6.148,0.382,0.000,1.090,0.000,9.862,goście
2025-11-20 19:00:00,Thursday,19,2.629,7.507,0.453,0.000,0.826,0.000,11.415,goście
2025-11-20 20:00:00,Thursday,20,2.134,7.799,0.688,0.000,1.143,2.045,13.809,goście; zmywarka
2025-11-20 21:00:00,Thursday,21,2.233,6.672,0.547,0.000,1.132,0.000,10.584,goście
2025-11-20 22:00:00,Thursday,22,2.337,6.739,0.334,0.000,0.529,11.730,21.669,ładowanie EV
2025-11-20 23:00:00,Thursday,23,2.121,5.939,0.000,0.000,0.000,16.410,24.470,ładowanie EV
2025-11-21 00:00:00,Friday,0,2.410,7.245,0.000,0.000,0.000,8.942,18.597,ładowanie EV
2025-11-21 01:00:00,Friday,1,2.638,6.985,0.000,0.000,0.000,12.629,22.252,ładowanie EV
2025-11-21 02:00:00,Friday,2,2.882,6.047,0.000,0.000,0.000,9.819,18.748,ładowanie EV
2025-11-21 03:00:00,Friday,3,2.999,5.775,0.000,0.000,0.000,8.273,17.047,ładowanie EV
2025-11-21 04:00:00,Friday,4,3.013,5.971,0.000,0.000,0.000,8.600,17.584,ładowanie EV
2025-11-21 05:00:00,Friday,5,3.149,7.033,0.000,0.000,0.000,11.100,21.282,ładowanie EV
2025-11-21 06:00:00,Friday,6,1.927,6.127,0.363,1.028,0.000,0.000,9.445,
2025-11-21 07:00:00,Friday,7,3.050,6.518,0.472,1.136,0.000,0.000,11.176,
2025-11-21 08:00:00,Friday,8,2.397,8.147,0.000,0.902,0.000,0.000,11.446,
2025-11-21 09:00:00,Friday,9,2.498,7.215,0.000,0.000,0.375,1.831,11.919,pompa basenu
2025-11-21 10:00:00,Friday,10,3.024,7.914,0.000,0.000,0.310,1.654,12.902,pompa basenu
2025-11-21 11:00:00,Friday,11,2.392,7.247,0.000,0.000,0.444,1.661,11.744,pompa basenu
2025-11-21 12:00:00,Friday,12,2.178,6.123,0.000,1.500,0.297,2.272,12.370,pompa basenu
2025-11-21 13:00:00,Friday,13,2.686,6.794,0.000,0.000,0.421,1.973,11.874,pompa basenu
2025-11-21 14:00:00,Friday,14,2.985,5.773,0.000,0.000,0.729,1.398,10.885,pompa basenu
2025-11-21 15:00:00,Friday,15,2.965,6.042,0.000,0.000,0.713,2.047,11.767,pompa basenu
2025-11-21 16:00:00,Friday,16,2.190,6.178,0.354,0.000,0.591,1.893,11.206,pompa basenu
2025-11-21 17:00:00,Friday,17,2.443,6.714,0.492,0.000,1.007,0.000,10.656,
2025-11-21 18:00:00,Friday,18,2.726,7.691,0.412,2.988,0.644,0.000,14.461,
2025-11-21 19:00:00,Friday,19,2.070,7.300,0.368,0.000,0.798,0.000,10.536,
2025-11-21 20:00:00,Friday,20,2.919,8.179,0.621,0.000,0.987,2.024,14.730,zmywarka
2025-11-21 21:00:00,Friday,21,2.758,6.645,0.566,0.000,0.566,0.000,10.535,
2025-11-21 22:00:00,Friday,22,3.038,5.872,0.310,0.000,1.097,14.009,24.326,ładowanie EV
2025-11-21 23:00:00,Friday,23,2.921,6.856,0.000,0.000,0.000,15.870,25.647,ładowanie EV
2025-11-22 00:00:00,Saturday,0,2.640,6.750,0.000,0.000,0.000,8.627,18.017,ładowanie EV
2025-11-22 01:00:00,Saturday,1,2.137,6.541,0.000,0.000,0.000,9.961,18.639,ładowanie EV
2025-11-22 02:00:00,Saturday,2,2.491,7.026,0.000,0.000,0.000,8.604,18.121,ładowanie EV
2025-11-22 03:00:00,Saturday,3,2.808,6.670,0.000,0.000,0.000,15.863,25.341,ładowanie EV
2025-11-22 04:00:00,Saturday,4,1.858,6.396,0.000,0.000,0.000,8.857,17.111,ładowanie EV
2025-11-22 05:00:00,Saturday,5,2.318,5.274,0.000,0.000,0.000,14.398,21.990,ładowanie EV
2025-11-22 06:00:00,Saturday,6,2.196,6.555,0.423,0.699,0.000,0.000,9.873,
2025-11-22 07:00:00,Saturday,7,2.236,5.706,0.253,0.948,0.000,0.000,9.143,
2025-11-22 08:00:00,Saturday,8,1.852,5.798,0.000,0.435,0.000,0.000,8.085,
2025-11-22 09:00:00,Saturday,9,3.064,5.863,0.000,0.000,0.313,2.509,11.749,pompa basenu
2025-11-22 10:00:00,Saturday,10,2.031,6.502,0.000,0.000,0.412,2.288,11.233,pompa basenu
2025-11-22 11:00:00,Saturday,11,1.934,5.932,0.000,0.000,0.644,2.125,10.635,pompa basenu
2025-11-22 12:00:00,Saturday,12,2.990,5.345,0.000,0.000,0.770,2.512,11.617,pompa basenu
2025-11-22 13:00:00,Saturday,13,2.463,6.286,0.000,2.500,0.692,1.550,13.491,pompa basenu
2025-11-22 14:00:00,Saturday,14,2.123,5.115,0.000,0.000,0.678,4.676,12.592,pompa basenu; zmywarka
2025-11-22 15:00:00,Saturday,15,2.155,5.619,0.000,0.000,0.306,2.562,10.642,pompa basenu
2025-11-22 16:00:00,Saturday,16,3.181,5.196,0.186,0.000,0.407,1.686,10.656,pompa basenu
2025-11-22 17:00:00,Saturday,17,2.781,6.118,0.632,4.956,0.559,0.000,15.046,goście
2025-11-22 18:00:00,Saturday,18,2.058,5.265,0.619,0.000,0.630,0.000,8.572,goście
2025-11-22 19:00:00,Saturday,19,3.027,5.911,0.635,0.000,0.978,16.443,26.994,goście; sauna
2025-11-22 20:00:00,Saturday,20,2.033,6.318,0.373,0.000,0.975,15.065,24.764,goście; sauna
2025-11-22 21:00:00,Saturday,21,2.682,6.171,0.472,0.000,0.520,14.570,24.415,goście; sauna
2025-11-22 22:00:00,Saturday,22,2.845,5.343,0.262,0.000,0.950,9.874,19.274,ładowanie EV
2025-11-22 23:00:00,Saturday,23,2.157,5.361,0.000,0.000,0.000,9.186,16.704,ładowanie EV
2025-11-23 00:00:00,Sunday,0,2.767,4.835,0.000,0.000,0.000,9.497,17.099,ładowanie EV
2025-11-23 01:00:00,Sunday,1,2.882,5.212,0.000,0.000,0.000,8.722,16.816,ładowanie EV
2025-11-23 02:00:00,Sunday,2,2.707,5.306,0.000,0.000,0.000,10.939,18.952,ładowanie EV
2025-11-23 03:00:00,Sunday,3,2.518,5.881,0.000,0.000,0.000,14.320,22.719,ładowanie EV
2025-11-23 04:00:00,Sunday,4,3.179,6.157,0.000,0.000,0.000,14.343,23.679,ładowanie EV
2025-11-23 05:00:00,Sunday,5,2.443,5.725,0.000,0.000,0.000,11.420,19.588,ładowanie EV
2025-11-23 06:00:00,Sunday,6,2.348,5.992,0.414,0.966,0.000,0.000,9.720,
2025-11-23 07:00:00,Sunday,7,1.980,5.849,0.271,1.256,0.000,0.000,9.356,
2025-11-23 08:00:00,Sunday,8,3.087,6.106,0.000,1.012,0.000,0.000,10.205,
2025-11-23 09:00:00,Sunday,9,2.222,5.603,0.000,0.000,0.377,1.442,9.644,pompa basenu
2025-11-23 10:00:00,Sunday,10,1.925,4.786,0.000,0.000,0.770,1.421,8.902,pompa basenu
2025-11-23 11:00:00,Sunday,11,2.036,5.665,0.000,0.000,0.488,1.631,9.820,pompa basenu
2025-11-23 12:00:00,Sunday,12,2.164,4.602,0.000,1.352,0.566,1.684,10.368,pompa basenu
2025-11-23 13:00:00,Sunday,13,2.569,4.743,0.000,0.000,0.665,2.295,10.272,pompa basenu
2025-11-23 14:00:00,Sunday,14,3.073,5.699,0.000,0.000,0.239,4.414,13.425,pompa basenu; zmywarka
2025-11-23 15:00:00,Sunday,15,2.919,5.069,0.000,0.000,0.221,1.854,10.063,pompa basenu
2025-11-23 16:00:00,Sunday,16,1.852,5.352,0.306,0.000,0.419,1.598,9.527,pompa basenu
2025-11-23 17:00:00,Sunday,17,2.369,6.615,0.242,0.000,0.729,0.000,9.955,
2025-11-23 18:00:00,Sunday,18,2.116,5.451,0.499,2.673,0.966,0.000,11.705,
2025-11-23 19:00:00,Sunday,19,2.903,4.862,0.485,0.000,0.897,18.168,27.315,sauna
2025-11-23 20:00:00,Sunday,20,2.484,6.026,0.278,0.000,0.826,16.480,26.094,sauna
2025-11-23 21:00:00,Sunday,21,3.100,5.543,0.610,0.000,0.991,13.954,24.198,sauna
2025-11-23 22:00:00,Sunday,22,2.935,5.946,0.126,0.000,1.198,15.658,25.863,ładowanie EV
2025-11-23 23:00:00,Sunday,23,2.728,4.853,0.000,0.000,0.000,13.059,20.640,ładowanie EV
2025-11-24 00:00:00,Monday,0,2.790,5.000,0.000,0.000,0.000,14.391,22.181,ładowanie EV
2025-11-24 01:00:00,Monday,1,2.682,5.911,0.000,0.000,0.000,16.371,24.964,ładowanie EV
2025-11-24 02:00:00,Monday,2,2.222,6.093,0.000,0.000,0.000,12.687,21.002,ładowanie EV
2025-11-24 03:00:00,Monday,3,2.509,6.208,0.000,0.000,0.000,11.523,20.240,ładowanie EV
2025-11-24 04:00:00,Monday,4,2.470,6.134,0.000,0.000,0.000,8.556,17.160,ładowanie EV
2025-11-24 05:00:00,Monday,5,2.254,4.970,0.000,0.000,0.000,13.591,20.815,ładowanie EV
2025-11-24 06:00:00,Monday,6,3.100,7.066,0.380,0.476,0.000,0.000,11.022,
2025-11-24 07:00:00,Monday,7,2.627,7.314,0.478,1.300,0.000,0.000,11.719,
2025-11-24 08:00:00,Monday,8,2.838,6.656,0.000,0.476,0.000,0.000,9.970,
2025-11-24 09:00:00,Monday,9,2.903,6.796,0.000,0.000,0.361,1.431,11.491,pompa basenu
2025-11-24 10:00:00,Monday,10,3.162,5.870,0.000,0.000,0.407,2.548,11.987,pompa basenu
2025-11-24 11:00:00,Monday,11,2.956,5.686,0.000,0.000,0.361,1.877,10.880,pompa basenu
2025-11-24 12:00:00,Monday,12,2.937,7.033,0.000,1.610,0.380,1.893,13.853,pompa basenu
2025-11-24 13:00:00,Monday,13,2.049,5.865,0.000,0.000,0.317,2.277,10.508,pompa basenu
2025-11-24 14:00:00,Monday,14,2.031,6.918,0.000,0.000,0.731,2.426,12.106,pompa basenu
2025-11-24 15:00:00,Monday,15,2.180,5.768,0.000,0.000,0.715,1.605,10.268,pompa basenu
2025-11-24 16:00:00,Monday,16,2.109,5.476,0.301,0.000,0.692,2.270,10.848,pompa basenu
2025-11-24 17:00:00,Monday,17,2.376,6.194,0.331,4.103,1.129,0.000,14.133,
2025-11-24 18:00:00,Monday,18,2.098,5.269,0.616,0.000,0.736,0.000,8.719,
2025-11-24 19:00:00,Monday,19,2.178,6.339,0.402,0.000,1.173,0.000,10.092,
2025-11-24 20:00:00,Monday,20,2.452,5.932,0.297,0.000,0.692,2.261,11.634,zmywarka
2025-11-24 21:00:00,Monday,21,2.677,5.308,0.400,0.000,1.120,0.000,9.505,
2025-11-24 22:00:00,Monday,22,2.663,4.536,0.324,0.000,0.770,8.646,16.939,ładowanie EV
2025-11-24 23:00:00,Monday,23,3.140,4.009,0.000,0.000,0.000,14.630,21.779,ładowanie EV
2025-11-25 00:00:00,Tuesday,0,3.128,4.446,0.000,0.000,0.000,16.558,24.132,ładowanie EV
2025-11-25 01:00:00,Tuesday,1,2.144,4.057,0.000,0.000,0.000,11.758,17.959,ładowanie EV
2025-11-25 02:00:00,Tuesday,2,2.268,4.322,0.000,0.000,0.000,9.179,15.769,ładowanie EV
2025-11-25 03:00:00,Tuesday,3,2.569,4.444,0.000,0.000,0.000,9.345,16.358,ładowanie EV
2025-11-25 04:00:00,Tuesday,4,2.325,3.841,0.000,0.000,0.000,15.882,22.048,ładowanie EV
2025-11-25 05:00:00,Tuesday,5,2.208,4.867,0.000,0.000,0.000,8.830,15.905,ładowanie EV
2025-11-25 06:00:00,Tuesday,6,2.643,5.118,0.292,1.127,0.000,0.000,9.180,
2025-11-25 07:00:00,Tuesday,7,2.528,5.336,0.246,0.915,0.000,0.000,9.025,
2025-11-25 08:00:00,Tuesday,8,2.613,4.786,0.000,1.106,0.000,0.000,8.505,
2025-11-25 09:00:00,Tuesday,9,2.716,5.520,0.000,0.000,0.492,1.580,10.308,pompa basenu
2025-11-25 10:00:00,Tuesday,10,2.958,5.830,0.000,0.000,0.377,2.472,11.637,pompa basenu
2025-11-25 11:00:00,Tuesday,11,1.939,5.407,0.000,0.000,0.416,1.536,9.298,pompa basenu
2025-11-25 12:00:00,Tuesday,12,2.491,6.265,0.000,0.000,0.278,4.257,13.291,pompa basenu; pralka
2025-11-25 13:00:00,Tuesday,13,2.505,6.314,0.000,1.005,0.467,6.210,16.501,pompa basenu; suszarka
2025-11-25 14:00:00,Tuesday,14,1.966,4.651,0.000,0.000,0.317,2.162,9.096,pompa basenu
2025-11-25 15:00:00,Tuesday,15,2.491,6.146,0.000,0.000,0.412,1.999,11.048,pompa basenu
2025-11-25 16:00:00,Tuesday,16,2.962,5.950,0.235,0.000,0.534,2.054,11.735,pompa basenu
2025-11-25 17:00:00,Tuesday,17,2.459,5.446,0.412,0.000,0.789,0.000,9.106,
2025-11-25 18:00:00,Tuesday,18,2.318,5.918,0.313,3.795,0.575,0.000,12.919,
2025-11-25 19:00:00,Tuesday,19,2.394,4.975,0.327,0.000,1.017,0.000,8.713,
2025-11-25 20:00:00,Tuesday,20,2.742,6.084,0.683,0.000,0.902,2.523,12.934,zmywarka
2025-11-25 21:00:00,Tuesday,21,3.004,5.699,0.432,0.000,0.727,0.000,9.862,
2025-11-25 22:00:00,Tuesday,22,1.852,4.630,0.306,0.000,0.904,13.837,21.529,ładowanie EV
2025-11-25 23:00:00,Tuesday,23,2.926,5.486,0.000,0.000,0.000,11.951,20.363,ładowanie EV
2025-11-26 00:00:00,Wednesday,0,2.972,4.545,0.000,0.000,0.000,12.655,20.172,ładowanie EV
2025-11-26 01:00:00,Wednesday,1,2.095,5.327,0.000,0.000,0.000,13.747,21.169,ładowanie EV
2025-11-26 02:00:00,Wednesday,2,2.266,5.534,0.000,0.000,0.000,8.938,16.738,ładowanie EV
2025-11-26 03:00:00,Wednesday,3,2.914,5.644,0.000,0.000,0.000,10.557,19.115,ładowanie EV
2025-11-26 04:00:00,Wednesday,4,1.946,4.931,0.000,0.000,0.000,11.771,18.648,ładowanie EV
2025-11-26 05:00:00,Wednesday,5,3.112,5.681,0.000,0.000,0.000,8.945,17.738,ładowanie EV
2025-11-26 06:00:00,Wednesday,6,2.056,6.139,0.331,1.063,0.000,0.000,9.589,
2025-11-26 07:00:00,Wednesday,7,1.923,6.546,0.313,0.711,0.000,0.000,9.493,
2025-11-26 08:00:00,Wednesday,8,2.838,5.964,0.000,0.895,0.000,0.000,9.697,
2025-11-26 09:00:00,Wednesday,9,2.231,5.203,0.000,0.000,0.554,1.442,9.430,praca zdalna; pompa basenu
2025-11-26 10:00:00,Wednesday,10,2.114,5.670,0.000,0.000,0.826,1.592,10.202,praca zdalna; pompa basenu
2025-11-26 11:00:00,Wednesday,11,2.443,5.621,0.000,0.000,0.656,1.569,10.289,praca zdalna; pompa basenu
2025-11-26 12:00:00,Wednesday,12,3.096,6.583,0.000,1.421,0.699,1.819,13.618,praca zdalna; pompa basenu
2025-11-26 13:00:00,Wednesday,13,3.169,6.196,0.000,0.000,0.540,1.513,11.418,praca zdalna; pompa basenu
2025-11-26 14:00:00,Wednesday,14,2.213,4.869,0.000,0.000,0.936,1.888,9.906,praca zdalna; pompa basenu
2025-11-26 15:00:00,Wednesday,15,3.126,5.594,0.000,0.000,1.081,1.932,11.733,praca zdalna; pompa basenu
2025-11-26 16:00:00,Wednesday,16,2.864,6.422,0.264,0.000,1.173,1.401,12.124,praca zdalna; pompa basenu
2025-11-26 17:00:00,Wednesday,17,2.555,6.047,0.536,5.672,0.994,0.000,15.804,
2025-11-26 18:00:00,Wednesday,18,2.252,6.859,0.375,0.000,0.607,0.000,10.093,
2025-11-26 19:00:00,Wednesday,19,1.907,6.882,0.430,0.000,0.669,2.346,12.234,zmywarka
2025-11-26 20:00:00,Wednesday,20,2.905,5.302,0.646,0.000,0.796,0.000,9.649,
2025-11-26 21:00:00,Wednesday,21,2.820,6.318,0.375,0.000,0.876,0.000,10.389,
2025-11-26 22:00:00,Wednesday,22,2.693,5.902,0.276,0.000,0.856,14.695,24.422,ładowanie EV
2025-11-26 23:00:00,Wednesday,23,3.162,6.739,0.000,0.000,0.000,10.649,20.550,ładowanie EV
2025-11-27 00:00:00,Thursday,0,2.010,7.132,0.000,0.000,0.000,12.185,21.327,ładowanie EV
2025-11-27 01:00:00,Thursday,1,2.341,6.537,0.000,0.000,0.000,12.257,21.135,ładowanie EV
2025-11-27 02:00:00,Thursday,2,2.394,5.934,0.000,0.000,0.000,12.220,20.548,ładowanie EV
2025-11-27 03:00:00,Thursday,3,2.024,5.607,0.000,0.000,0.000,16.305,23.936,ładowanie EV
2025-11-27 04:00:00,Thursday,4,2.652,5.414,0.000,0.000,0.000,11.799,19.865,ładowanie EV
2025-11-27 05:00:00,Thursday,5,2.898,6.488,0.000,0.000,0.000,8.572,17.958,ładowanie EV
2025-11-27 06:00:00,Thursday,6,2.364,7.806,0.292,0.952,0.000,0.000,11.414,
2025-11-27 07:00:00,Thursday,7,2.537,6.415,0.384,0.862,0.000,0.000,10.198,
2025-11-27 08:00:00,Thursday,8,2.052,6.228,0.000,0.649,0.000,0.000,8.929,
2025-11-27 09:00:00,Thursday,9,2.988,5.545,0.000,0.000,0.331,1.580,10.444,pompa basenu
2025-11-27 10:00:00,Thursday,10,2.091,5.285,0.000,0.000,0.442,1.566,9.384,pompa basenu
2025-11-27 11:00:00,Thursday,11,3.052,6.546,0.000,0.000,0.340,1.467,11.405,pompa basenu
2025-11-27 12:00:00,Thursday,12,2.463,5.097,0.000,0.000,0.492,2.746,10.798,pompa basenu
2025-11-27 13:00:00,Thursday,13,1.927,5.324,0.000,1.605,0.442,1.566,10.864,pompa basenu
2025-11-27 14:00:00,Thursday,14,2.429,5.226,0.000,0.000,0.575,1.502,9.732,pompa basenu
2025-11-27 15:00:00,Thursday,15,2.330,5.706,0.000,0.000,0.398,1.810,10.244,pompa basenu
2025-11-27 16:00:00,Thursday,16,2.564,4.678,0.405,0.000,0.359,2.344,10.350,pompa basenu
2025-11-27 17:00:00,Thursday,17,2.636,5.322,0.301,3.142,0.851,0.000,12.252,
2025-11-27 18:00:00,Thursday,18,2.748,5.787,0.274,0.000,0.890,0.000,9.699,
2025-11-27 19:00:00,Thursday,19,2.760,4.621,0.304,0.000,0.610,0.000,8.295,
2025-11-27 20:00:00,Thursday,20,2.528,5.191,0.497,0.000,1.184,0.000,9.400,
2025-11-27 21:00:00,Thursday,21,2.406,4.922,0.589,0.000,1.109,0.000,9.026,
2025-11-27 22:00:00,Thursday,22,3.091,3.935,0.168,0.000,0.639,9.711,17.544,ładowanie EV
2025-11-27 23:00:00,Thursday,23,2.031,4.520,0.000,0.000,0.000,16.551,23.102,ładowanie EV
2025-11-28 00:00:00,Friday,0,2.753,4.094,0.000,0.000,0.000,9.074,15.921,ładowanie EV
2025-11-28 01:00:00,Friday,1,2.978,3.390,0.000,0.000,0.000,10.150,16.518,ładowanie EV
2025-11-28 02:00:00,Friday,2,2.868,3.825,0.000,0.000,0.000,9.531,16.224,ładowanie EV
2025-11-28 03:00:00,Friday,3,2.489,3.225,0.000,0.000,0.000,14.580,20.294,ładowanie EV
2025-11-28 04:00:00,Friday,4,3.202,3.625,0.000,0.000,0.000,11.286,18.113,ładowanie EV
2025-11-28 05:00:00,Friday,5,2.910,3.160,0.000,0.000,0.000,15.021,21.091,ładowanie EV
2025-11-28 06:00:00,Friday,6,2.420,4.554,0.264,0.989,0.000,0.000,8.227,
2025-11-28 07:00:00,Friday,7,2.201,3.402,0.308,0.722,0.000,0.000,6.633,
2025-11-28 08:00:00,Friday,8,3.031,4.138,0.000,0.830,0.000,0.000,7.999,
2025-11-28 09:00:00,Friday,9,2.438,4.260,0.000,0.000,0.343,1.644,8.685,pompa basenu
2025-11-28 10:00:00,Friday,10,2.233,4.030,0.000,0.000,0.428,2.098,8.789,pompa basenu
2025-11-28 11:00:00,Friday,11,2.454,3.825,0.000,0.000,0.389,2.551,9.219,pompa basenu
2025-11-28 12:00:00,Friday,12,3.082,4.025,0.000,1.164,0.469,2.684,11.424,pompa basenu
2025-11-28 13:00:00,Friday,13,2.061,3.742,0.000,0.000,0.377,1.518,7.698,pompa basenu
2025-11-28 14:00:00,Friday,14,2.206,3.537,0.000,0.000,0.835,2.279,8.857,pompa basenu
2025-11-28 15:00:00,Friday,15,2.760,3.457,0.000,0.000,0.685,2.696,9.598,pompa basenu
2025-11-28 16:00:00,Friday,16,2.091,3.261,0.232,0.000,0.807,1.785,8.176,pompa basenu
2025-11-28 17:00:00,Friday,17,2.036,4.135,0.469,2.928,0.952,0.000,10.520,
2025-11-28 18:00:00,Friday,18,3.064,3.326,0.343,0.000,1.053,0.000,7.786,
2025-11-28 19:00:00,Friday,19,2.525,3.344,0.577,0.000,1.040,2.714,10.200,zmywarka
2025-11-28 20:00:00,Friday,20,2.944,4.179,0.621,0.000,1.175,0.000,8.919,
2025-11-28 21:00:00,Friday,21,2.275,4.271,0.490,0.000,1.132,0.000,8.168,
2025-11-28 22:00:00,Friday,22,2.571,3.593,0.143,0.000,0.936,10.299,17.542,ładowanie EV
2025-11-28 23:00:00,Friday,23,2.932,3.351,0.000,0.000,0.000,10.074,16.357,ładowanie EV
2025-11-29 00:00:00,Saturday,0,2.295,3.466,0.000,0.000,0.000,12.662,18.423,ładowanie EV
2025-11-29 01:00:00,Saturday,1,2.128,3.915,0.000,0.000,0.000,16.645,22.688,ładowanie EV
2025-11-29 02:00:00,Saturday,2,2.224,3.643,0.000,0.000,0.000,15.297,21.164,ładowanie EV
2025-11-29 03:00:00,Saturday,3,2.222,3.082,0.000,0.000,0.000,11.424,16.728,ładowanie EV
2025-11-29 04:00:00,Saturday,4,1.909,3.880,0.000,0.000,0.000,10.329,16.118,ładowanie EV
2025-11-29 05:00:00,Saturday,5,2.818,3.862,0.000,0.000,0.000,9.244,15.924,ładowanie EV
2025-11-29 06:00:00,Saturday,6,2.739,4.340,0.423,1.180,0.000,0.000,8.682,
2025-11-29 07:00:00,Saturday,7,2.726,4.244,0.276,0.996,0.000,0.000,8.242,
2025-11-29 08:00:00,Saturday,8,1.953,4.030,0.000,0.676,0.000,0.000,6.659,
2025-11-29 09:00:00,Saturday,9,2.141,4.720,0.000,0.000,0.490,1.569,8.920,pompa basenu
2025-11-29 10:00:00,Saturday,10,2.058,4.612,0.000,0.000,0.635,2.079,9.384,pompa basenu
2025-11-29 11:00:00,Saturday,11,2.364,4.209,0.000,0.000,0.582,4.214,11.369,pompa basenu; pralka
2025-11-29 12:00:00,Saturday,12,2.928,3.882,0.000,0.000,0.513,2.008,9.331,pompa basenu
2025-11-29 13:00:00,Saturday,13,2.965,3.388,0.000,2.594,0.780,2.114,11.841,pompa basenu
2025-11-29 14:00:00,Saturday,14,2.006,3.236,0.000,0.000,0.200,5.476,10.918,pompa basenu; zmywarka
2025-11-29 15:00:00,Saturday,15,2.928,3.436,0.000,0.000,0.513,1.780,8.657,pompa basenu
2025-11-29 16:00:00,Saturday,16,2.532,4.294,0.237,0.000,0.478,1.426,8.967,pompa basenu
2025-11-29 17:00:00,Saturday,17,1.895,3.540,0.490,0.000,0.849,0.000,6.774,
2025-11-29 18:00:00,Saturday,18,2.263,3.535,0.361,3.774,0.826,0.000,10.759,
2025-11-29 19:00:00,Saturday,19,2.698,4.283,0.632,0.000,0.674,14.283,22.570,sauna
2025-11-29 20:00:00,Saturday,20,2.930,3.600,0.444,0.000,0.853,16.576,24.403,sauna
2025-11-29 21:00:00,Saturday,21,2.139,3.280,0.511,0.000,1.106,19.578,26.614,sauna
2025-11-29 22:00:00,Saturday,22,2.834,3.077,0.334,0.000,0.596,16.684,23.525,ładowanie EV
2025-11-29 23:00:00,Saturday,23,2.682,3.646,0.000,0.000,0.000,11.843,18.171,ładowanie EV
2025-11-30 00:00:00,Sunday,0,3.045,3.165,0.000,0.000,0.000,14.060,20.270,ładowanie EV
2025-11-30 01:00:00,Sunday,1,2.426,3.390,0.000,0.000,0.000,12.224,18.040,ładowanie EV
2025-11-30 02:00:00,Sunday,2,2.328,4.248,0.000,0.000,0.000,15.178,21.754,ładowanie EV
2025-11-30 03:00:00,Sunday,3,2.341,3.655,0.000,0.000,0.000,13.972,19.968,ładowanie EV
2025-11-30 04:00:00,Sunday,4,2.638,3.878,0.000,0.000,0.000,16.360,22.876,ładowanie EV
2025-11-30 05:00:00,Sunday,5,1.891,3.712,0.000,0.000,0.000,10.159,15.762,ładowanie EV
2025-11-30 06:00:00,Sunday,6,2.277,4.094,0.423,0.830,0.000,0.000,7.624,
2025-11-30 07:00:00,Sunday,7,2.164,4.041,0.292,1.210,0.000,0.000,7.707,
2025-11-30 08:00:00,Sunday,8,2.316,4.411,0.000,0.738,0.000,0.000,7.465,
2025-11-30 09:00:00,Sunday,9,2.748,3.636,0.000,0.000,0.568,1.835,8.787,pompa basenu
2025-11-30 10:00:00,Sunday,10,2.792,4.096,0.000,0.000,0.798,2.245,9.931,pompa basenu
2025-11-30 11:00:00,Sunday,11,2.820,3.528,0.000,0.000,0.288,2.252,8.888,pompa basenu
2025-11-30 12:00:00,Sunday,12,2.505,3.935,0.000,1.477,0.428,2.249,10.594,pompa basenu
2025-11-30 13:00:00,Sunday,13,2.332,4.283,0.000,0.000,0.582,4.168,11.365,pompa basenu; zmywarka
2025-11-30 14:00:00,Sunday,14,2.707,3.880,0.000,0.000,0.426,2.417,9.430,pompa basenu
2025-11-30 15:00:00,Sunday,15,2.042,3.517,0.000,0.000,0.407,2.739,8.705,pompa basenu
2025-11-30 16:00:00,Sunday,16,3.140,3.234,0.278,0.000,0.347,1.881,8.880,pompa basenu
2025-11-30 17:00:00,Sunday,17,2.753,4.450,0.685,4.462,0.662,0.000,13.012,
2025-11-30 18:00:00,Sunday,18,2.410,4.644,0.573,0.000,0.948,0.000,8.575,
2025-11-30 19:00:00,Sunday,19,2.104,3.972,0.667,0.000,1.129,15.088,22.960,sauna
2025-11-30 20:00:00,Sunday,20,2.164,3.565,0.582,0.000,1.033,17.584,24.928,sauna
2025-11-30 21:00:00,Sunday,21,2.245,4.400,0.593,0.000,0.704,17.738,25.680,sauna
2025-11-30 22:00:00,Sunday,22,2.705,4.108,0.124,0.000,0.794,9.644,17.375,ładowanie EV
2025-11-30 23:00:00,Sunday,23,2.910,3.749,0.000,0.000,0.000,14.828,21.487,ładowanie EV
2025-12-01 00:00:00,Monday,0,2.466,3.326,0.000,0.000,0.000,14.051,19.843,ładowanie EV
2025-12-01 01:00:00,Monday,1,2.056,4.529,0.000,0.000,0.000,12.586,19.171,ładowanie EV
2025-12-01 02:00:00,Monday,2,2.031,3.409,0.000,0.000,0.000,12.077,17.517,ładowanie EV
2025-12-01 03:00:00,Monday,3,2.643,4.572,0.000,0.000,0.000,10.483,17.698,ładowanie EV
2025-12-01 04:00:00,Monday,4,2.988,4.062,0.000,0.000,0.000,14.612,21.662,ładowanie EV
2025-12-01 05:00:00,Monday,5,2.919,3.616,0.000,0.000,0.000,16.661,23.196,ładowanie EV
2025-12-01 06:00:00,Monday,6,3.195,4.027,0.356,1.279,0.000,0.000,8.857,
2025-12-01 07:00:00,Monday,7,2.254,4.807,0.347,0.708,0.000,0.000,8.116,
2025-12-01 08:00:00,Monday,8,2.086,4.869,0.469,0.688,0.000,0.000,8.112,
2025-12-01 09:00:00,Monday,9,2.951,5.134,0.000,0.000,0.748,2.367,11.200,praca zdalna; pompa basenu
2025-12-01 10:00:00,Monday,10,2.951,5.019,0.000,0.000,0.938,2.420,11.328,praca zdalna; pompa basenu
2025-12-01 11:00:00,Monday,11,1.874,4.545,0.000,0.000,0.676,2.562,9.657,praca zdalna; pompa basenu
2025-12-01 12:00:00,Monday,12,2.532,4.683,0.000,0.000,0.777,2.003,9.995,praca zdalna; pompa basenu
2025-12-01 13:00:00,Monday,13,2.334,4.211,0.000,1.980,0.752,1.911,11.188,praca zdalna; pompa basenu
2025-12-01 14:00:00,Monday,14,2.410,5.350,0.000,0.000,0.819,2.410,10.989,praca zdalna; pompa basenu
2025-12-01 15:00:00,Monday,15,2.721,4.423,0.000,0.000,1.010,1.686,9.840,praca zdalna; pompa basenu
2025-12-01 16:00:00,Monday,16,2.990,5.150,0.285,0.000,0.872,1.670,10.967,praca zdalna; pompa basenu
2025-12-01 17:00:00,Monday,17,2.951,5.118,0.444,5.819,0.646,0.000,14.978,goście
2025-12-01 18:00:00,Monday,18,2.935,4.356,0.235,0.000,0.727,0.000,8.253,goście
2025-12-01 19:00:00,Monday,19,2.569,5.131,0.345,0.000,1.143,0.000,9.188,goście
2025-12-01 20:00:00,Monday,20,2.923,4.920,0.439,0.000,0.876,2.026,11.184,goście; zmywarka
2025-12-01 21:00:00,Monday,21,2.364,5.000,0.251,0.000,0.630,0.000,8.245,goście
2025-12-01 22:00:00,Monday,22,3.091,4.223,0.202,0.000,0.837,11.967,20.320,ładowanie EV
2025-12-01 23:00:00,Monday,23,2.790,4.064,0.000,0.000,0.000,11.569,18.423,ładowanie EV
2025-12-02 00:00:00,Tuesday,0,2.291,3.876,0.000,0.000,0.000,13.793,19.960,ładowanie EV
2025-12-02 01:00:00,Tuesday,1,2.141,3.887,0.000,0.000,0.000,10.943,16.971,ładowanie EV
2025-12-02 02:00:00,Tuesday,2,1.898,4.602,0.000,0.000,0.000,12.705,19.205,ładowanie EV
2025-12-02 03:00:00,Tuesday,3,2.999,3.724,0.000,0.000,0.000,15.281,22.004,ładowanie EV
2025-12-02 04:00:00,Tuesday,4,2.624,3.726,0.000,0.000,0.000,8.995,15.345,ładowanie EV
2025-12-02 05:00:00,Tuesday,5,2.905,4.678,0.000,0.000,0.000,13.950,21.533,ładowanie EV
2025-12-02 06:00:00,Tuesday,6,2.001,4.269,0.453,0.968,0.000,0.000,7.691,
2025-12-02 07:00:00,Tuesday,7,3.018,5.302,0.334,1.318,0.000,0.000,9.972,
2025-12-02 08:00:00,Tuesday,8,2.144,4.460,0.200,1.143,0.000,0.000,7.947,
2025-12-02 09:00:00,Tuesday,9,2.907,4.253,0.000,0.000,0.759,2.686,10.605,praca zdalna; pompa basenu
2025-12-02 10:00:00,Tuesday,10,2.599,4.269,0.000,0.000,0.846,1.506,9.220,praca zdalna; pompa basenu
2025-12-02 11:00:00,Tuesday,11,2.420,4.791,0.000,0.000,0.750,1.511,9.472,praca zdalna; pompa basenu
2025-12-02 12:00:00,Tuesday,12,2.990,4.515,0.000,0.000,0.476,2.705,10.686,praca zdalna; pompa basenu
2025-12-02 13:00:00,Tuesday,13,2.160,5.019,0.000,1.523,0.561,2.923,12.186,praca zdalna; pompa basenu; pralka
2025-12-02 14:00:00,Tuesday,14,2.300,4.915,0.000,0.000,0.888,7.040,15.143,praca zdalna; pompa basenu; suszarka
2025-12-02 15:00:00,Tuesday,15,2.921,4.218,0.147,0.000,0.828,1.552,9.666,praca zdalna; pompa basenu
2025-12-02 16:00:00,Tuesday,16,2.732,4.740,0.175,0.000,0.835,2.038,10.520,praca zdalna; pompa basenu
2025-12-02 17:00:00,Tuesday,17,1.999,5.035,0.446,3.140,0.626,0.000,11.246,
2025-12-02 18:00:00,Tuesday,18,3.174,4.996,0.276,0.000,0.759,0.000,9.205,
2025-12-02 19:00:00,Tuesday,19,2.256,4.747,0.483,0.000,0.538,0.000,8.024,
2025-12-02 20:00:00,Tuesday,20,2.661,4.934,0.651,0.000,1.007,1.955,11.208,zmywarka
2025-12-02 21:00:00,Tuesday,21,3.059,4.986,0.465,0.000,0.803,0.000,9.313,
2025-12-02 22:00:00,Tuesday,22,2.436,4.391,0.115,0.000,1.102,13.269,21.313,ładowanie EV
2025-12-02 23:00:00,Tuesday,23,2.721,4.784,0.000,0.000,0.000,11.976,19.481,ładowanie EV
2025-12-03 00:00:00,Wednesday,0,2.201,4.828,0.000,0.000,0.000,16.307,23.336,ładowanie EV
2025-12-03 01:00:00,Wednesday,1,2.564,4.531,0.000,0.000,0.000,16.746,23.841,ładowanie EV
2025-12-03 02:00:00,Wednesday,2,2.275,4.462,0.000,0.000,0.000,12.298,19.035,ładowanie EV
2025-12-03 03:00:00,Wednesday,3,2.141,3.671,0.000,0.000,0.000,14.386,20.198,ładowanie EV
2025-12-03 04:00:00,Wednesday,4,2.268,4.354,0.000,0.000,0.000,14.796,21.418,ładowanie EV
2025-12-03 05:00:00,Wednesday,5,2.944,4.244,0.000,0.000,0.000,9.874,17.062,ładowanie EV
2025-12-03 06:00:00,Wednesday,6,2.617,5.373,0.251,0.688,0.000,0.000,8.929,
2025-12-03 07:00:00,Wednesday,7,2.700,5.136,0.297,0.842,0.000,0.000,8.975,
2025-12-03 08:00:00,Wednesday,8,2.477,4.358,0.235,1.033,0.000,0.000,8.103,
2025-12-03 09:00:00,Wednesday,9,2.307,4.943,0.000,0.000,0.646,1.431,9.327,praca zdalna; pompa basenu
2025-12-03 10:00:00,Wednesday,10,1.948,5.198,0.000,0.000,0.649,2.236,10.031,praca zdalna; pompa basenu
2025-12-03 11:00:00,Wednesday,11,2.735,4.766,0.000,0.000,0.619,2.238,10.358,praca zdalna; pompa basenu
2025-12-03 12:00:00,Wednesday,12,2.270,4.524,0.000,2.031,0.734,1.651,11.210,praca zdalna; pompa basenu
2025-12-03 13:00:00,Wednesday,13,2.380,4.750,0.000,0.000,0.644,2.376,10.150,praca zdalna; pompa basenu
2025-12-03 14:00:00,Wednesday,14,2.082,5.026,0.000,0.000,1.026,1.401,9.535,praca zdalna; pompa basenu
2025-12-03 15:00:00,Wednesday,15,2.031,4.998,0.288,0.000,0.766,1.835,9.918,praca zdalna; pompa basenu
2025-12-03 16:00:00,Wednesday,16,2.792,5.143,0.334,0.000,0.996,2.698,11.963,praca zdalna; pompa basenu
2025-12-03 17:00:00,Wednesday,17,2.068,4.720,0.540,4.244,0.865,0.000,12.437,
2025-12-03 18:00:00,Wednesday,18,2.500,4.310,0.460,0.000,0.632,0.000,7.902,
2025-12-03 19:00:00,Wednesday,19,2.008,5.283,0.621,0.000,0.948,0.000,8.860,
2025-12-03 20:00:00,Wednesday,20,3.082,4.906,0.356,0.000,1.083,2.468,11.895,zmywarka
2025-12-03 21:00:00,Wednesday,21,2.960,5.465,0.329,0.000,0.853,0.000,9.607,
2025-12-03 22:00:00,Wednesday,22,1.870,3.772,0.124,0.000,1.136,9.895,16.797,ładowanie EV
2025-12-03 23:00:00,Wednesday,23,2.019,3.958,0.000,0.000,0.000,8.581,14.558,ładowanie EV
2025-12-04 00:00:00,Thursday,0,1.960,3.986,0.000,0.000,0.000,16.415,22.361,ładowanie EV
2025-12-04 01:00:00,Thursday,1,2.824,4.340,0.000,0.000,0.000,10.483,17.647,ładowanie EV
2025-12-04 02:00:00,Thursday,2,2.095,4.485,0.000,0.000,0.000,8.841,15.421,ładowanie EV
2025-12-04 03:00:00,Thursday,3,3.112,4.588,0.000,0.000,0.000,8.844,16.544,ładowanie EV
2025-12-04 04:00:00,Thursday,4,2.567,4.200,0.000,0.000,0.000,13.282,20.049,ładowanie EV
2025-12-04 05:00:00,Thursday,5,2.530,4.372,0.000,0.000,0.000,16.486,23.388,ładowanie EV
2025-12-04 06:00:00,Thursday,6,2.716,4.828,0.448,1.003,0.000,0.000,8.995,
2025-12-04 07:00:00,Thursday,7,2.298,4.135,0.419,0.773,0.000,0.000,7.625,
2025-12-04 08:00:00,Thursday,8,3.130,4.545,0.255,0.865,0.000,0.000,8.795,
2025-12-04 09:00:00,Thursday,9,2.275,4.103,0.000,0.000,0.285,2.654,9.317,pompa basenu
2025-12-04 10:00:00,Thursday,10,2.210,5.219,0.000,0.000,0.299,2.167,9.895,pompa basenu
2025-12-04 11:00:00,Thursday,11,2.463,4.750,0.000,0.000,0.391,1.849,9.453,pompa basenu
2025-12-04 12:00:00,Thursday,12,2.098,4.915,0.000,0.978,0.497,2.236,10.724,pompa basenu
2025-12-04 13:00:00,Thursday,13,2.535,4.830,0.000,0.000,0.400,2.647,10.412,pompa basenu
2025-12-04 14:00:00,Thursday,14,2.656,5.403,0.000,0.000,0.853,1.886,10.798,pompa basenu
2025-12-04 15:00:00,Thursday,15,3.162,4.885,0.267,0.000,0.600,1.658,10.572,pompa basenu
2025-12-04 16:00:00,Thursday,16,2.284,4.584,0.230,0.000,0.812,1.739,9.649,pompa basenu
2025-12-04 17:00:00,Thursday,17,3.179,4.747,0.589,0.000,0.697,0.000,9.212,goście
2025-12-04 18:00:00,Thursday,18,2.302,4.729,0.607,7.024,0.559,0.000,15.221,goście
2025-12-04 19:00:00,Thursday,19,2.919,5.127,0.299,0.000,0.582,2.700,11.627,goście; zmywarka
2025-12-04 20:00:00,Thursday,20,3.015,5.251,0.294,0.000,0.557,0.000,9.117,goście
2025-12-04 21:00:00,Thursday,21,2.728,4.428,0.350,0.000,0.672,0.000,8.178,goście
2025-12-04 22:00:00,Thursday,22,2.886,4.542,0.253,0.000,1.070,9.575,18.326,ładowanie EV
2025-12-04 23:00:00,Thursday,23,3.112,4.469,0.000,0.000,0.000,16.611,24.192,ładowanie EV
2025-12-05 00:00:00,Friday,0,3.174,4.812,0.000,0.000,0.000,12.914,20.900,ładowanie EV
2025-12-05 01:00:00,Friday,1,2.601,5.076,0.000,0.000,0.000,15.352,23.029,ładowanie EV
2025-12-05 02:00:00,Friday,2,2.164,5.048,0.000,0.000,0.000,13.531,20.743,ładowanie EV
2025-12-05 03:00:00,Friday,3,2.463,5.072,0.000,0.000,0.000,12.250,19.785,ładowanie EV
2025-12-05 04:00:00,Friday,4,2.569,4.292,0.000,0.000,0.000,15.548,22.409,ładowanie EV
2025-12-05 05:00:00,Friday,5,2.107,3.915,0.000,0.000,0.000,16.307,22.329,ładowanie EV
2025-12-05 06:00:00,Friday,6,2.433,4.570,0.262,1.019,0.000,0.000,8.284,
2025-12-05 07:00:00,Friday,7,2.753,5.692,0.281,1.030,0.000,0.000,9.756,
2025-12-05 08:00:00,Friday,8,2.518,4.908,0.285,0.821,0.000,0.000,8.532,
2025-12-05 09:00:00,Friday,9,2.794,4.984,0.000,0.000,0.508,2.111,10.397,pompa basenu
2025-12-05 10:00:00,Friday,10,2.932,5.348,0.000,0.000,0.278,2.192,10.750,pompa basenu
2025-12-05 11:00:00,Friday,11,2.263,4.296,0.000,0.000,0.481,2.045,9.085,pompa basenu
2025-12-05 12:00:00,Friday,12,3.135,5.302,0.000,0.000,0.518,1.610,10.565,pompa basenu
2025-12-05 13:00:00,Friday,13,3.199,4.195,0.000,1.550,0.294,2.489,11.727,pompa basenu
2025-12-05 14:00:00,Friday,14,1.937,4.736,0.000,0.000,0.476,4.501,11.650,pompa basenu; pralka
2025-12-05 15:00:00,Friday,15,2.040,5.016,0.244,0.000,0.327,6.849,14.476,pompa basenu; suszarka
2025-12-05 16:00:00,Friday,16,2.999,4.177,0.407,0.000,0.593,2.647,10.823,pompa basenu
2025-12-05 17:00:00,Friday,17,2.972,4.409,0.506,4.179,0.619,0.000,12.685,
2025-12-05 18:00:00,Friday,18,2.466,5.440,0.356,0.000,1.205,0.000,9.467,
2025-12-05 19:00:00,Friday,19,2.376,5.094,0.524,0.000,0.862,0.000,8.856,
2025-12-05 20:00:00,Friday,20,3.075,3.977,0.458,0.000,0.879,2.295,10.684,zmywarka
2025-12-05 21:00:00,Friday,21,2.454,4.522,0.288,0.000,0.748,0.000,8.012,
2025-12-05 22:00:00,Friday,22,2.109,4.414,0.260,0.000,0.860,14.357,22.000,ładowanie EV
2025-12-05 23:00:00,Friday,23,3.027,3.813,0.000,0.000,0.000,15.631,22.471,ładowanie EV
2025-12-06 00:00:00,Saturday,0,2.417,4.071,0.000,0.000,0.000,14.129,20.617,ładowanie EV
2025-12-06 01:00:00,Saturday,1,2.546,4.586,0.000,0.000,0.000,8.478,15.610,ładowanie EV
2025-12-06 02:00:00,Saturday,2,2.553,3.744,0.000,0.000,0.000,12.050,18.347,ładowanie EV
2025-12-06 03:00:00,Saturday,3,2.670,4.768,0.000,0.000,0.000,13.720,21.158,ładowanie EV
2025-12-06 04:00:00,Saturday,4,3.162,4.547,0.000,0.000,0.000,12.728,20.437,ładowanie EV
2025-12-06 05:00:00,Saturday,5,2.746,5.426,0.000,0.000,0.000,14.490,22.662,ładowanie EV
2025-12-06 06:00:00,Saturday,6,2.305,6.189,0.317,0.888,0.000,0.000,9.699,
2025-12-06 07:00:00,Saturday,7,1.842,6.290,0.235,0.929,0.000,0.000,9.296,
2025-12-06 08:00:00,Saturday,8,2.661,4.637,0.359,0.816,0.000,0.000,8.473,
2025-12-06 09:00:00,Saturday,9,2.564,5.370,0.000,0.000,0.810,2.431,11.175,pompa basenu
2025-12-06 10:00:00,Saturday,10,3.059,5.205,0.000,0.000,0.389,3.427,12.080,pompa basenu; pralka
2025-12-06 11:00:00,Saturday,11,2.450,4.644,0.000,0.000,0.766,6.380,14.240,pompa basenu; suszarka
2025-12-06 12:00:00,Saturday,12,2.238,5.140,0.000,0.784,0.405,2.300,10.867,pompa basenu
2025-12-06 13:00:00,Saturday,13,2.314,5.446,0.000,0.000,0.258,1.736,9.754,pompa basenu
2025-12-06 14:00:00,Saturday,14,2.956,5.670,0.000,0.000,0.564,4.393,13.583,pompa basenu; zmywarka
2025-12-06 15:00:00,Saturday,15,2.217,5.120,0.214,0.000,0.678,2.558,10.787,pompa basenu
2025-12-06 16:00:00,Saturday,16,2.599,5.810,0.262,0.000,0.304,1.734,10.709,pompa basenu
2025-12-06 17:00:00,Saturday,17,3.188,4.630,0.255,3.852,0.632,0.000,12.557,
2025-12-06 18:00:00,Saturday,18,2.254,5.161,0.534,0.000,0.865,0.000,8.814,
2025-12-06 19:00:00,Saturday,19,2.684,4.998,0.458,0.000,0.713,20.307,29.160,sauna
2025-12-06 20:00:00,Saturday,20,2.134,4.623,0.630,0.000,0.520,19.465,27.372,sauna
2025-12-06 21:00:00,Saturday,21,2.813,4.234,0.515,0.000,0.754,15.247,23.563,sauna
2025-12-06 22:00:00,Saturday,22,2.919,4.375,0.343,0.000,0.520,12.505,20.662,ładowanie EV
2025-12-06 23:00:00,Saturday,23,2.233,4.779,0.000,0.000,0.000,11.969,18.981,ładowanie EV
2025-12-07 00:00:00,Sunday,0,2.249,4.087,0.000,0.000,0.000,8.844,15.180,ładowanie EV
2025-12-07 01:00:00,Sunday,1,2.726,3.760,0.000,0.000,0.000,14.186,20.672,ładowanie EV
2025-12-07 02:00:00,Sunday,2,2.155,4.520,0.000,0.000,0.000,9.402,16.077,ładowanie EV
2025-12-07 03:00:00,Sunday,3,2.406,3.933,0.000,0.000,0.000,8.183,14.522,ładowanie EV
2025-12-07 04:00:00,Sunday,4,2.507,4.770,0.000,0.000,0.000,13.703,20.980,ładowanie EV
2025-12-07 05:00:00,Sunday,5,2.107,3.712,0.000,0.000,0.000,12.013,17.832,ładowanie EV
2025-12-07 06:00:00,Sunday,6,2.404,5.203,0.189,1.168,0.000,0.000,8.964,
2025-12-07 07:00:00,Sunday,7,2.836,5.005,0.391,1.026,0.000,0.000,9.258,
2025-12-07 08:00:00,Sunday,8,2.339,4.860,0.400,1.270,0.000,0.000,8.869,
2025-12-07 09:00:00,Sunday,9,2.489,5.058,0.000,0.000,0.704,1.789,10.040,pompa basenu
2025-12-07 10:00:00,Sunday,10,1.847,4.319,0.000,0.000,0.288,1.493,7.947,pompa basenu
2025-12-07 11:00:00,Sunday,11,2.776,4.294,0.000,0.000,0.414,2.500,9.984,pompa basenu
2025-12-07 12:00:00,Sunday,12,1.881,4.294,0.000,0.000,0.784,2.693,9.652,pompa basenu
2025-12-07 13:00:00,Sunday,13,2.146,4.239,0.000,2.328,0.458,4.984,14.155,pompa basenu; zmywarka
2025-12-07 14:00:00,Sunday,14,2.468,3.977,0.000,0.000,0.833,1.792,9.070,pompa basenu
2025-12-07 15:00:00,Sunday,15,2.049,4.361,0.143,0.000,0.426,2.654,9.633,pompa basenu
2025-12-07 16:00:00,Sunday,16,2.344,4.416,0.382,0.000,0.207,2.160,9.509,pompa basenu
2025-12-07 17:00:00,Sunday,17,3.208,3.795,0.327,9.294,0.920,0.000,17.544,goście
2025-12-07 18:00:00,Sunday,18,3.050,4.168,0.432,0.000,1.090,0.000,8.740,goście
2025-12-07 19:00:00,Sunday,19,2.468,4.434,0.232,0.000,1.095,14.545,22.774,goście; sauna
2025-12-07 20:00:00,Sunday,20,2.680,4.220,0.366,0.000,0.964,20.438,28.668,goście; sauna
2025-12-07 21:00:00,Sunday,21,2.737,4.025,0.297,0.000,0.932,14.467,22.458,goście; sauna
2025-12-07 22:00:00,Sunday,22,2.022,3.572,0.150,0.000,0.697,15.198,21.639,ładowanie EV
2025-12-07 23:00:00,Sunday,23,2.477,3.655,0.000,0.000,0.000,15.716,21.848,ładowanie EV
2025-12-08 00:00:00,Monday,0,2.781,3.905,0.000,0.000,0.000,13.515,20.201,ładowanie EV
2025-12-08 01:00:00,Monday,1,3.027,4.207,0.000,0.000,0.000,11.468,18.702,ładowanie EV
2025-12-08 02:00:00,Monday,2,2.838,3.344,0.000,0.000,0.000,13.462,19.644,ładowanie EV
2025-12-08 03:00:00,Monday,3,2.300,3.646,0.000,0.000,0.000,10.338,16.284,ładowanie EV
2025-12-08 04:00:00,Monday,4,2.850,4.064,0.000,0.000,0.000,12.974,19.888,ładowanie EV
2025-12-08 05:00:00,Monday,5,1.900,3.027,0.000,0.000,0.000,10.861,15.788,ładowanie EV
2025-12-08 06:00:00,Monday,6,2.091,4.200,0.228,0.828,0.000,0.000,7.347,
2025-12-08 07:00:00,Monday,7,2.247,4.391,0.412,1.194,0.000,0.000,8.244,
2025-12-08 08:00:00,Monday,8,2.038,3.411,0.414,1.283,0.000,0.000,7.146,
2025-12-08 09:00:00,Monday,9,1.962,3.052,0.000,0.000,0.343,2.266,7.623,pompa basenu
2025-12-08 10:00:00,Monday,10,3.128,3.919,0.000,0.000,0.446,1.622,9.115,pompa basenu
2025-12-08 11:00:00,Monday,11,1.898,3.977,0.000,0.000,0.306,1.806,7.987,pompa basenu
2025-12-08 12:00:00,Monday,12,2.380,3.549,0.000,1.923,0.414,1.994,10.260,pompa basenu
2025-12-08 13:00:00,Monday,13,2.036,2.919,0.000,0.000,0.444,1.605,7.004,pompa basenu
2025-12-08 14:00:00,Monday,14,2.592,3.344,0.000,0.000,0.644,2.726,9.306,pompa basenu
2025-12-08 15:00:00,Monday,15,2.263,3.020,0.154,0.000,0.308,1.872,7.617,pompa basenu
2025-12-08 16:00:00,Monday,16,2.576,3.892,0.324,0.000,0.515,2.104,9.411,pompa basenu
2025-12-08 17:00:00,Monday,17,2.551,3.388,0.301,3.259,0.621,0.000,10.120,
2025-12-08 18:00:00,Monday,18,2.084,3.501,0.662,0.000,1.136,0.000,7.383,
2025-12-08 19:00:00,Monday,19,2.799,3.547,0.591,0.000,1.143,0.000,8.080,
2025-12-08 20:00:00,Monday,20,2.144,3.031,0.508,0.000,0.642,1.941,8.266,zmywarka
2025-12-08 21:00:00,Monday,21,2.571,3.073,0.683,0.000,1.092,0.000,7.419,
2025-12-08 22:00:00,Monday,22,2.298,3.004,0.317,0.000,0.637,10.302,16.558,ładowanie EV
2025-12-08 23:00:00,Monday,23,2.288,2.599,0.000,0.000,0.000,14.938,19.825,ładowanie EV
2025-12-09 00:00:00,Tuesday,0,3.128,2.974,0.000,0.000,0.000,14.044,20.146,ładowanie EV
2025-12-09 01:00:00,Tuesday,1,2.252,3.149,0.000,0.000,0.000,16.673,22.074,ładowanie EV
2025-12-09 02:00:00,Tuesday,2,2.019,2.880,0.000,0.000,0.000,8.682,13.581,ładowanie EV
2025-12-09 03:00:00,Tuesday,3,2.348,2.999,0.000,0.000,0.000,16.912,22.259,ładowanie EV
2025-12-09 04:00:00,Tuesday,4,3.114,2.956,0.000,0.000,0.000,12.802,18.872,ładowanie EV
2025-12-09 05:00:00,Tuesday,5,3.068,3.498,0.000,0.000,0.000,15.118,21.684,ładowanie EV
2025-12-09 06:00:00,Tuesday,6,2.160,3.931,0.458,0.943,0.000,0.000,7.492,
2025-12-09 07:00:00,Tuesday,7,2.689,3.869,0.175,0.957,0.000,0.000,7.690,
2025-12-09 08:00:00,Tuesday,8,2.608,3.563,0.242,0.780,0.000,0.000,7.193,
2025-12-09 09:00:00,Tuesday,9,2.371,4.071,0.000,0.000,0.469,2.656,9.567,pompa basenu
2025-12-09 10:00:00,Tuesday,10,2.912,3.441,0.000,0.000,0.304,1.598,8.255,pompa basenu
2025-12-09 11:00:00,Tuesday,11,2.693,3.487,0.000,0.000,0.504,2.040,8.724,pompa basenu
2025-12-09 12:00:00,Tuesday,12,3.208,3.153,0.000,1.527,0.515,2.309,10.712,pompa basenu
2025-12-09 13:00:00,Tuesday,13,2.981,3.774,0.000,0.000,0.386,3.738,10.879,pompa basenu; pralka
2025-12-09 14:00:00,Tuesday,14,2.031,3.459,0.000,0.000,0.488,5.002,10.980,pompa basenu; suszarka
2025-12-09 15:00:00,Tuesday,15,2.564,3.579,0.276,0.000,0.780,2.171,9.370,pompa basenu
2025-12-09 16:00:00,Tuesday,16,1.902,3.482,0.336,0.000,0.704,1.920,8.344,pompa basenu
2025-12-09 17:00:00,Tuesday,17,2.236,3.786,0.593,0.000,0.876,0.000,7.491,
2025-12-09 18:00:00,Tuesday,18,2.452,3.540,0.386,2.691,0.805,0.000,9.874,
2025-12-09 19:00:00,Tuesday,19,2.792,2.939,0.508,0.000,0.913,2.187,9.339,zmywarka
2025-12-09 20:00:00,Tuesday,20,2.029,2.942,0.469,0.000,0.570,0.000,6.010,
2025-12-09 21:00:00,Tuesday,21,2.236,3.038,0.501,0.000,0.816,0.000,6.591,
2025-12-09 22:00:00,Tuesday,22,2.539,3.107,0.202,0.000,0.547,10.272,16.667,ładowanie EV
2025-12-09 23:00:00,Tuesday,23,2.606,2.956,0.000,0.000,0.000,11.238,16.800,ładowanie EV
2025-12-10 00:00:00,Wednesday,0,2.484,2.866,0.000,0.000,0.000,10.424,15.774,ładowanie EV
2025-12-10 01:00:00,Wednesday,1,3.183,3.195,0.000,0.000,0.000,14.856,21.234,ładowanie EV
2025-12-10 02:00:00,Wednesday,2,2.643,3.027,0.000,0.000,0.000,14.570,20.240,ładowanie EV
2025-12-10 03:00:00,Wednesday,3,2.769,3.089,0.000,0.000,0.000,14.032,19.890,ładowanie EV
2025-12-10 04:00:00,Wednesday,4,3.121,2.640,0.000,0.000,0.000,11.955,17.716,ładowanie EV
2025-12-10 05:00:00,Wednesday,5,3.018,2.553,0.000,0.000,0.000,12.291,17.862,ładowanie EV
2025-12-10 06:00:00,Wednesday,6,2.739,3.149,0.235,0.400,0.000,0.000,6.523,
2025-12-10 07:00:00,Wednesday,7,2.613,2.571,0.359,0.543,0.000,0.000,6.086,
2025-12-10 08:00:00,Wednesday,8,2.443,3.229,0.274,0.708,0.000,0.000,6.654,
2025-12-10 09:00:00,Wednesday,9,2.401,2.588,0.000,0.000,0.322,1.686,6.997,pompa basenu
2025-12-10 10:00:00,Wednesday,10,2.220,2.544,0.000,0.000,0.414,3.892,9.070,pompa basenu; pralka
2025-12-10 11:00:00,Wednesday,11,2.134,2.785,0.000,0.000,0.402,1.658,6.979,pompa basenu
2025-12-10 12:00:00,Wednesday,12,3.061,2.518,0.000,1.688,0.304,2.558,10.129,pompa basenu
2025-12-10 13:00:00,Wednesday,13,2.128,2.742,0.000,0.000,0.419,1.640,6.929,pompa basenu
2025-12-10 14:00:00,Wednesday,14,2.065,3.248,0.000,0.000,0.520,1.435,7.268,pompa basenu
2025-12-10 15:00:00,Wednesday,15,1.898,3.008,0.373,0.000,0.460,2.401,8.140,pompa basenu
2025-12-10 16:00:00,Wednesday,16,1.845,3.505,0.163,0.000,0.320,2.650,8.483,pompa basenu
2025-12-10 17:00:00,Wednesday,17,1.946,3.273,0.244,4.253,0.731,0.000,10.447,
2025-12-10 18:00:00,Wednesday,18,2.100,2.847,0.545,0.000,0.780,0.000,6.272,
2025-12-10 19:00:00,Wednesday,19,3.142,3.294,0.343,0.000,0.706,2.463,9.948,zmywarka
2025-12-10 20:00:00,Wednesday,20,2.068,3.622,0.685,0.000,1.129,0.000,7.504,
2025-12-10 21:00:00,Wednesday,21,2.371,3.073,0.660,0.000,1.028,0.000,7.132,
2025-12-10 22:00:00,Wednesday,22,3.188,2.512,0.301,0.000,0.994,15.612,22.607,ładowanie EV
2025-12-10 23:00:00,Wednesday,23,1.955,2.732,0.000,0.000,0.000,15.028,19.715,ładowanie EV
2025-12-11 00:00:00,Thursday,0,3.004,2.939,0.000,0.000,0.000,14.890,20.833,ładowanie EV
2025-12-11 01:00:00,Thursday,1,3.264,3.353,0.000,0.000,0.000,15.587,22.204,ładowanie EV
2025-12-11 02:00:00,Thursday,2,2.739,2.886,0.000,0.000,0.000,15.192,20.817,ładowanie EV
2025-12-11 03:00:00,Thursday,3,2.312,3.190,0.000,0.000,0.000,13.071,18.573,ładowanie EV
2025-12-11 04:00:00,Thursday,4,2.638,3.383,0.000,0.000,0.000,8.579,14.600,ładowanie EV
2025-12-11 05:00:00,Thursday,5,2.404,3.588,0.000,0.000,0.000,13.437,19.429,ładowanie EV
2025-12-11 06:00:00,Thursday,6,2.012,3.823,0.168,0.656,0.000,0.000,6.659,
2025-12-11 07:00:00,Thursday,7,3.218,3.887,0.223,1.295,0.000,0.000,8.623,
2025-12-11 08:00:00,Thursday,8,2.164,3.866,0.209,0.865,0.000,0.000,7.104,
2025-12-11 09:00:00,Thursday,9,2.447,3.376,0.000,0.000,0.444,1.960,8.227,pompa basenu
2025-12-11 10:00:00,Thursday,10,1.948,3.666,0.000,0.000,0.515,1.456,7.585,pompa basenu
2025-12-11 11:00:00,Thursday,11,2.965,3.438,0.000,0.000,0.345,1.426,8.174,pompa basenu
2025-12-11 12:00:00,Thursday,12,2.125,3.579,0.000,0.000,0.499,1.649,7.852,pompa basenu
2025-12-11 13:00:00,Thursday,13,2.144,3.496,0.000,1.226,0.322,1.576,8.764,pompa basenu
2025-12-11 14:00:00,Thursday,14,2.926,3.721,0.000,0.000,0.708,2.194,9.549,pompa basenu
2025-12-11 15:00:00,Thursday,15,2.932,3.091,0.145,0.000,0.334,1.428,7.930,pompa basenu
2025-12-11 16:00:00,Thursday,16,3.133,3.011,0.147,0.000,0.635,1.619,8.545,pompa basenu
2025-12-11 17:00:00,Thursday,17,2.208,3.533,0.458,0.000,1.194,0.000,7.393,
2025-12-11 18:00:00,Thursday,18,2.169,3.765,0.481,5.789,1.184,0.000,13.388,
2025-12-11 19:00:00,Thursday,19,2.450,3.689,0.472,0.000,0.722,0.000,7.333,
2025-12-11 20:00:00,Thursday,20,3.107,3.951,0.258,0.000,0.674,2.210,10.200,zmywarka
2025-12-11 21:00:00,Thursday,21,2.886,3.811,0.356,0.000,0.759,0.000,7.812,
2025-12-11 22:00:00,Thursday,22,2.116,2.700,0.223,0.000,0.782,11.120,16.941,ładowanie EV
2025-12-11 23:00:00,Thursday,23,2.245,3.445,0.000,0.000,0.000,11.394,17.084,ładowanie EV
2025-12-12 00:00:00,Friday,0,2.443,3.156,0.000,0.000,0.000,11.001,16.600,ładowanie EV
2025-12-12 01:00:00,Friday,1,3.041,3.740,0.000,0.000,0.000,8.936,15.717,ładowanie EV
2025-12-12 02:00:00,Friday,2,2.884,3.264,0.000,0.000,0.000,9.674,15.822,ładowanie EV
2025-12-12 03:00:00,Friday,3,3.220,3.675,0.000,0.000,0.000,8.804,15.699,ładowanie EV
2025-12-12 04:00:00,Friday,4,3.121,3.958,0.000,0.000,0.000,11.606,18.685,ładowanie EV
2025-12-12 05:00:00,Friday,5,1.996,3.675,0.000,0.000,0.000,9.966,15.637,ładowanie EV
2025-12-12 06:00:00,Friday,6,1.960,3.360,0.467,0.876,0.000,0.000,6.663,
2025-12-12 07:00:00,Friday,7,1.996,3.933,0.465,1.164,0.000,0.000,7.558,
2025-12-12 08:00:00,Friday,8,2.827,3.664,0.200,0.904,0.000,0.000,7.595,
2025-12-12 09:00:00,Friday,9,2.866,3.696,0.000,0.000,0.345,1.702,8.609,pompa basenu
2025-12-12 10:00:00,Friday,10,2.498,4.140,0.000,0.000,0.467,1.707,8.812,pompa basenu
2025-12-12 11:00:00,Friday,11,2.673,3.606,0.000,0.000,0.448,1.679,8.406,pompa basenu
2025-12-12 12:00:00,Friday,12,1.877,3.940,0.000,0.000,0.322,2.721,8.860,pompa basenu
2025-12-12 13:00:00,Friday,13,2.056,3.570,0.000,1.780,0.327,3.324,11.057,pompa basenu; pralka
2025-12-12 14:00:00,Friday,14,2.516,4.041,0.000,0.000,0.596,2.010,9.163,pompa basenu
2025-12-12 15:00:00,Friday,15,2.259,4.241,0.196,0.000,0.718,2.755,10.169,pompa basenu
2025-12-12 16:00:00,Friday,16,3.041,3.501,0.276,0.000,0.702,2.456,9.976,pompa basenu
2025-12-12 17:00:00,Friday,17,2.859,4.126,0.690,0.000,0.695,0.000,8.370,
2025-12-12 18:00:00,Friday,18,2.178,4.547,0.626,4.216,1.196,0.000,12.763,
2025-12-12 19:00:00,Friday,19,1.861,4.595,0.543,0.000,0.656,2.634,10.289,zmywarka
2025-12-12 20:00:00,Friday,20,3.116,4.536,0.409,0.000,1.024,0.000,9.085,
2025-12-12 21:00:00,Friday,21,1.884,4.579,0.354,0.000,1.014,0.000,7.831,
2025-12-12 22:00:00,Friday,22,2.282,4.577,0.117,0.000,0.708,10.815,18.499,ładowanie EV
2025-12-12 23:00:00,Friday,23,2.677,3.786,0.000,0.000,0.000,9.954,16.417,ładowanie EV
2025-12-13 00:00:00,Saturday,0,2.799,3.892,0.000,0.000,0.000,15.661,22.352,wyjazd / nieobecność; ładowanie EV
2025-12-13 01:00:00,Saturday,1,2.026,3.471,0.000,0.000,0.000,11.585,17.082,wyjazd / nieobecność; ładowanie EV
2025-12-13 02:00:00,Saturday,2,2.673,3.797,0.000,0.000,0.000,16.795,23.265,wyjazd / nieobecność; ładowanie EV
2025-12-13 03:00:00,Saturday,3,3.054,3.740,0.000,0.000,0.000,12.931,19.725,wyjazd / nieobecność; ładowanie EV
2025-12-13 04:00:00,Saturday,4,2.107,4.117,0.000,0.000,0.000,13.676,19.900,wyjazd / nieobecność; ładowanie EV
2025-12-13 05:00:00,Saturday,5,1.865,3.048,0.000,0.000,0.000,12.519,17.432,wyjazd / nieobecność; ładowanie EV
2025-12-13 06:00:00,Saturday,6,2.905,3.928,0.000,0.000,0.000,0.000,6.833,wyjazd / nieobecność
2025-12-13 07:00:00,Saturday,7,2.808,3.294,0.000,0.000,0.000,0.000,6.102,wyjazd / nieobecność
2025-12-13 08:00:00,Saturday,8,2.415,3.137,0.000,0.000,0.000,0.000,5.552,wyjazd / nieobecność
2025-12-13 09:00:00,Saturday,9,3.162,3.634,0.000,0.000,0.000,1.428,8.224,wyjazd / nieobecność; pompa basenu
2025-12-13 10:00:00,Saturday,10,1.934,3.091,0.000,0.000,0.000,1.776,6.801,wyjazd / nieobecność; pompa basenu
2025-12-13 11:00:00,Saturday,11,2.116,2.523,0.000,0.000,0.000,1.888,6.527,wyjazd / nieobecność; pompa basenu
2025-12-13 12:00:00,Saturday,12,3.206,2.440,0.000,0.000,0.000,2.613,8.259,wyjazd / nieobecność; pompa basenu
2025-12-13 13:00:00,Saturday,13,3.052,2.758,0.000,0.000,0.000,2.300,8.110,wyjazd / nieobecność; pompa basenu
2025-12-13 14:00:00,Saturday,14,2.755,2.558,0.000,0.000,0.000,2.072,7.385,wyjazd / nieobecność; pompa basenu
2025-12-13 15:00:00,Saturday,15,2.148,2.415,0.000,0.000,0.000,1.911,6.474,wyjazd / nieobecność; pompa basenu
2025-12-13 16:00:00,Saturday,16,3.135,2.288,0.000,0.000,0.000,1.580,7.003,wyjazd / nieobecność; pompa basenu
2025-12-13 17:00:00,Saturday,17,1.879,3.284,0.000,0.000,0.000,0.000,5.163,wyjazd / nieobecność
2025-12-13 18:00:00,Saturday,18,2.498,3.084,0.000,0.000,0.000,0.000,5.582,wyjazd / nieobecność
2025-12-13 19:00:00,Saturday,19,2.548,3.666,0.000,0.000,0.000,20.580,26.794,wyjazd / nieobecność; sauna
2025-12-13 20:00:00,Saturday,20,2.399,3.383,0.000,0.000,0.000,14.646,20.428,wyjazd / nieobecność; sauna
2025-12-13 21:00:00,Saturday,21,3.123,3.416,0.000,0.000,0.000,16.588,23.127,wyjazd / nieobecność; sauna
2025-12-13 22:00:00,Saturday,22,2.969,3.698,0.000,0.000,0.000,17.006,23.673,wyjazd / nieobecność; ładowanie EV
2025-12-13 23:00:00,Saturday,23,2.604,3.820,0.000,0.000,0.000,13.085,19.509,wyjazd / nieobecność; ładowanie EV
2025-12-14 00:00:00,Sunday,0,2.302,4.474,0.000,0.000,0.000,14.950,21.726,ładowanie EV
2025-12-14 01:00:00,Sunday,1,2.217,4.080,0.000,0.000,0.000,9.069,15.366,ładowanie EV
2025-12-14 02:00:00,Sunday,2,2.114,3.924,0.000,0.000,0.000,9.885,15.923,ładowanie EV
2025-12-14 03:00:00,Sunday,3,2.259,4.168,0.000,0.000,0.000,13.853,20.280,ładowanie EV
2025-12-14 04:00:00,Sunday,4,3.172,4.340,0.000,0.000,0.000,8.068,15.580,ładowanie EV
2025-12-14 05:00:00,Sunday,5,2.928,3.834,0.000,0.000,0.000,14.741,21.503,ładowanie EV
2025-12-14 06:00:00,Sunday,6,2.282,4.338,0.294,0.876,0.000,0.000,7.790,
2025-12-14 07:00:00,Sunday,7,2.286,4.257,0.294,0.883,0.000,0.000,7.720,
2025-12-14 08:00:00,Sunday,8,3.070,3.749,0.175,0.897,0.000,0.000,7.891,
2025-12-14 09:00:00,Sunday,9,2.072,4.609,0.000,0.000,0.727,3.816,11.224,pompa basenu; pralka
2025-12-14 10:00:00,Sunday,10,2.978,4.536,0.000,0.000,0.432,2.111,10.057,pompa basenu
2025-12-14 11:00:00,Sunday,11,1.881,3.935,0.000,0.000,0.310,2.249,8.375,pompa basenu
2025-12-14 12:00:00,Sunday,12,2.031,5.124,0.000,0.904,0.540,1.640,10.239,pompa basenu
2025-12-14 13:00:00,Sunday,13,2.668,4.317,0.000,0.000,0.524,1.511,9.020,pompa basenu
2025-12-14 14:00:00,Sunday,14,3.024,3.724,0.000,0.000,0.697,5.072,12.517,pompa basenu; zmywarka
2025-12-14 15:00:00,Sunday,15,3.073,4.869,0.161,0.000,0.432,2.578,11.113,pompa basenu
2025-12-14 16:00:00,Sunday,16,2.935,4.223,0.336,0.000,0.297,1.587,9.378,pompa basenu
2025-12-14 17:00:00,Sunday,17,3.041,4.416,0.616,0.000,0.784,0.000,8.857,
2025-12-14 18:00:00,Sunday,18,2.203,4.607,0.345,7.569,0.964,0.000,15.688,
2025-12-14 19:00:00,Sunday,19,2.767,3.954,0.626,0.000,0.566,19.398,27.311,sauna
2025-12-14 20:00:00,Sunday,20,3.123,4.704,0.536,0.000,0.826,15.102,24.291,sauna
2025-12-14 21:00:00,Sunday,21,3.130,3.797,0.281,0.000,1.033,17.397,25.638,sauna
2025-12-14 22:00:00,Sunday,22,2.118,4.152,0.214,0.000,0.727,8.287,15.498,ładowanie EV
2025-12-14 23:00:00,Sunday,23,2.974,4.002,0.000,0.000,0.000,9.892,16.868,ładowanie EV
2025-12-15 00:00:00,Monday,0,2.420,3.259,0.000,0.000,0.000,13.000,18.679,ładowanie EV
2025-12-15 01:00:00,Monday,1,3.179,4.358,0.000,0.000,0.000,12.797,20.334,ładowanie EV
2025-12-15 02:00:00,Monday,2,3.082,3.961,0.000,0.000,0.000,13.531,20.574,ładowanie EV
2025-12-15 03:00:00,Monday,3,2.739,3.800,0.000,0.000,0.000,8.393,14.932,ładowanie EV
2025-12-15 04:00:00,Monday,4,2.321,3.887,0.000,0.000,0.000,15.819,22.027,ładowanie EV
2025-12-15 05:00:00,Monday,5,1.925,3.919,0.000,0.000,0.000,12.832,18.676,ładowanie EV
2025-12-15 06:00:00,Monday,6,3.043,4.791,0.207,0.423,0.000,0.000,8.464,
2025-12-15 07:00:00,Monday,7,2.903,4.020,0.313,1.021,0.000,0.000,8.257,
2025-12-15 08:00:00,Monday,8,2.528,3.666,0.402,0.821,0.000,0.000,7.417,
2025-12-15 09:00:00,Monday,9,2.967,3.668,0.000,0.000,0.380,1.532,8.547,pompa basenu
2025-12-15 10:00:00,Monday,10,2.788,3.922,0.000,0.000,0.462,1.904,9.076,pompa basenu
2025-12-15 11:00:00,Monday,11,2.454,3.719,0.000,0.000,0.366,2.146,8.685,pompa basenu
2025-12-15 12:00:00,Monday,12,2.417,4.062,0.000,0.000,0.497,2.627,9.603,pompa basenu
2025-12-15 13:00:00,Monday,13,3.137,4.266,0.000,1.539,0.338,2.139,11.419,pompa basenu
2025-12-15 14:00:00,Monday,14,2.422,4.414,0.000,0.000,0.810,1.868,9.514,pompa basenu
2025-12-15 15:00:00,Monday,15,1.914,3.806,0.000,0.000,0.667,1.911,8.298,pompa basenu
2025-12-15 16:00:00,Monday,16,2.351,4.133,0.218,0.000,0.444,2.369,9.515,pompa basenu
2025-12-15 17:00:00,Monday,17,2.847,4.674,0.492,7.017,0.830,0.000,15.860,
2025-12-15 18:00:00,Monday,18,3.080,4.641,0.678,0.000,1.171,0.000,9.570,
2025-12-15 19:00:00,Monday,19,3.204,4.177,0.258,0.000,0.856,0.000,8.495,
2025-12-15 20:00:00,Monday,20,1.879,4.140,0.329,0.000,0.639,2.213,9.200,zmywarka
2025-12-15 21:00:00,Monday,21,2.988,5.032,0.338,0.000,0.750,0.000,9.108,
2025-12-15 22:00:00,Monday,22,2.022,4.602,0.274,0.000,0.635,12.572,20.105,ładowanie EV
2025-12-15 23:00:00,Monday,23,1.861,3.712,0.000,0.000,0.000,11.590,17.163,ładowanie EV
2025-12-16 00:00:00,Tuesday,0,2.206,4.678,0.000,0.000,0.000,8.494,15.378,ładowanie EV
2025-12-16 01:00:00,Tuesday,1,2.801,5.000,0.000,0.000,0.000,12.772,20.573,ładowanie EV
2025-12-16 02:00:00,Tuesday,2,2.840,3.947,0.000,0.000,0.000,12.084,18.871,ładowanie EV
2025-12-16 03:00:00,Tuesday,3,2.190,4.487,0.000,0.000,0.000,14.950,21.627,ładowanie EV
2025-12-16 04:00:00,Tuesday,4,2.031,4.094,0.000,0.000,0.000,11.831,17.956,ładowanie EV
2025-12-16 05:00:00,Tuesday,5,2.006,3.926,0.000,0.000,0.000,9.786,15.718,ładowanie EV
2025-12-16 06:00:00,Tuesday,6,3.183,5.232,0.214,1.030,0.000,0.000,9.659,
2025-12-16 07:00:00,Tuesday,7,3.211,5.308,0.193,1.205,0.000,0.000,9.917,
2025-12-16 08:00:00,Tuesday,8,2.245,5.532,0.225,0.860,0.000,0.000,8.862,
2025-12-16 09:00:00,Tuesday,9,2.652,4.471,0.000,0.000,0.386,1.739,9.248,pompa basenu
2025-12-16 10:00:00,Tuesday,10,2.640,4.566,0.000,0.000,0.373,2.408,9.987,pompa basenu
2025-12-16 11:00:00,Tuesday,11,2.896,4.644,0.000,0.000,0.317,2.091,9.948,pompa basenu
2025-12-16 12:00:00,Tuesday,12,2.491,5.173,0.000,0.000,0.370,1.702,9.736,pompa basenu
2025-12-16 13:00:00,Tuesday,13,1.932,4.913,0.000,1.571,0.356,1.872,10.644,pompa basenu
2025-12-16 14:00:00,Tuesday,14,2.217,4.542,0.000,0.000,0.828,1.516,9.103,pompa basenu
2025-12-16 15:00:00,Tuesday,15,2.454,4.936,0.000,0.000,0.819,1.447,9.656,pompa basenu
2025-12-16 16:00:00,Tuesday,16,2.778,4.729,0.384,0.000,0.787,1.971,10.649,pompa basenu
2025-12-16 17:00:00,Tuesday,17,2.017,4.280,0.432,3.264,0.603,0.000,10.596,
2025-12-16 18:00:00,Tuesday,18,2.238,4.310,0.455,0.000,0.812,0.000,7.815,
2025-12-16 19:00:00,Tuesday,19,3.135,4.195,0.529,0.000,0.559,0.000,8.418,
2025-12-16 20:00:00,Tuesday,20,2.185,3.841,0.297,0.000,0.658,2.721,9.702,zmywarka
2025-12-16 21:00:00,Tuesday,21,3.024,4.552,0.688,0.000,0.722,0.000,8.986,
2025-12-16 22:00:00,Tuesday,22,2.344,3.105,0.131,0.000,0.607,13.345,19.532,ładowanie EV
2025-12-16 23:00:00,Tuesday,23,2.907,3.335,0.000,0.000,0.000,11.930,18.172,ładowanie EV
2025-12-17 00:00:00,Wednesday,0,2.916,2.914,0.000,0.000,0.000,9.278,15.108,wyjazd / nieobecność; ładowanie EV
2025-12-17 01:00:00,Wednesday,1,2.091,3.600,0.000,0.000,0.000,15.316,21.007,wyjazd / nieobecność; ładowanie EV
2025-12-17 02:00:00,Wednesday,2,2.788,3.107,0.000,0.000,0.000,10.313,16.208,wyjazd / nieobecność; ładowanie EV
2025-12-17 03:00:00,Wednesday,3,2.712,3.392,0.000,0.000,0.000,9.359,15.463,wyjazd / nieobecność; ładowanie EV
2025-12-17 04:00:00,Wednesday,4,3.140,2.834,0.000,0.000,0.000,15.845,21.819,wyjazd / nieobecność; ładowanie EV
2025-12-17 05:00:00,Wednesday,5,3.197,2.850,0.000,0.000,0.000,14.856,20.903,wyjazd / nieobecność; ładowanie EV
2025-12-17 06:00:00,Wednesday,6,3.089,2.682,0.000,0.000,0.000,0.000,5.771,wyjazd / nieobecność
2025-12-17 07:00:00,Wednesday,7,2.325,2.967,0.000,0.000,0.000,0.000,5.292,wyjazd / nieobecność
2025-12-17 08:00:00,Wednesday,8,2.348,3.395,0.000,0.000,0.000,0.000,5.743,wyjazd / nieobecność
2025-12-17 09:00:00,Wednesday,9,2.206,3.386,0.000,0.000,0.000,1.900,7.492,wyjazd / nieobecność; pompa basenu
2025-12-17 10:00:00,Wednesday,10,2.854,3.211,0.000,0.000,0.000,2.629,8.694,wyjazd / nieobecność; pompa basenu
2025-12-17 11:00:00,Wednesday,11,2.233,3.188,0.000,0.000,0.000,2.472,7.893,wyjazd / nieobecność; pompa basenu
2025-12-17 12:00:00,Wednesday,12,3.013,3.349,0.000,0.000,0.000,1.764,8.126,wyjazd / nieobecność; pompa basenu
2025-12-17 13:00:00,Wednesday,13,2.624,3.600,0.000,0.000,0.000,1.668,7.892,wyjazd / nieobecność; pompa basenu
2025-12-17 14:00:00,Wednesday,14,3.126,2.673,0.000,0.000,0.000,2.383,8.182,wyjazd / nieobecność; pompa basenu
2025-12-17 15:00:00,Wednesday,15,2.597,2.799,0.000,0.000,0.000,2.468,7.864,wyjazd / nieobecność; pompa basenu
2025-12-17 16:00:00,Wednesday,16,1.999,3.116,0.000,0.000,0.000,1.886,7.001,wyjazd / nieobecność; pompa basenu
2025-12-17 17:00:00,Wednesday,17,2.613,3.363,0.000,0.000,0.000,0.000,5.976,wyjazd / nieobecność
2025-12-17 18:00:00,Wednesday,18,2.456,3.011,0.000,0.000,0.000,0.000,5.467,wyjazd / nieobecność
2025-12-17 19:00:00,Wednesday,19,2.305,3.949,0.000,0.000,0.000,0.000,6.254,wyjazd / nieobecność
2025-12-17 20:00:00,Wednesday,20,2.884,3.786,0.000,0.000,0.000,0.000,6.670,wyjazd / nieobecność
2025-12-17 21:00:00,Wednesday,21,2.854,3.455,0.000,0.000,0.000,0.000,6.309,wyjazd / nieobecność
2025-12-17 22:00:00,Wednesday,22,2.164,3.547,0.000,0.000,0.000,13.766,19.477,wyjazd / nieobecność; ładowanie EV
2025-12-17 23:00:00,Wednesday,23,2.454,3.289,0.000,0.000,0.000,10.529,16.272,wyjazd / nieobecność; ładowanie EV
2025-12-18 00:00:00,Thursday,0,2.686,3.110,0.000,0.000,0.000,13.646,19.442,wyjazd / nieobecność; ładowanie EV
2025-12-18 01:00:00,Thursday,1,1.939,2.834,0.000,0.000,0.000,12.183,16.956,wyjazd / nieobecność; ładowanie EV
2025-12-18 02:00:00,Thursday,2,2.344,2.898,0.000,0.000,0.000,14.780,20.022,wyjazd / nieobecność; ładowanie EV
2025-12-18 03:00:00,Thursday,3,2.330,3.248,0.000,0.000,0.000,11.942,17.520,wyjazd / nieobecność; ładowanie EV
2025-12-18 04:00:00,Thursday,4,1.966,3.070,0.000,0.000,0.000,15.534,20.570,wyjazd / nieobecność; ładowanie EV
2025-12-18 05:00:00,Thursday,5,2.406,3.312,0.000,0.000,0.000,9.315,15.033,wyjazd / nieobecność; ładowanie EV
2025-12-18 06:00:00,Thursday,6,2.613,3.457,0.000,0.000,0.000,0.000,6.070,wyjazd / nieobecność
2025-12-18 07:00:00,Thursday,7,3.208,2.824,0.000,0.000,0.000,0.000,6.032,wyjazd / nieobecność
2025-12-18 08:00:00,Thursday,8,2.132,2.650,0.000,0.000,0.000,0.000,4.782,wyjazd / nieobecność
2025-12-18 09:00:00,Thursday,9,2.042,2.691,0.000,0.000,0.000,1.757,6.490,wyjazd / nieobecność; pompa basenu
2025-12-18 10:00:00,Thursday,10,2.507,3.045,0.000,0.000,0.000,2.544,8.096,wyjazd / nieobecność; pompa basenu
2025-12-18 11:00:00,Thursday,11,2.086,2.569,0.000,0.000,0.000,2.252,6.907,wyjazd / nieobecność; pompa basenu
2025-12-18 12:00:00,Thursday,12,2.910,3.126,0.000,0.000,0.000,1.447,7.483,wyjazd / nieobecność; pompa basenu
2025-12-18 13:00:00,Thursday,13,2.560,2.656,0.000,0.000,0.000,1.440,6.656,wyjazd / nieobecność; pompa basenu
2025-12-18 14:00:00,Thursday,14,3.192,2.640,0.000,0.000,0.000,1.702,7.534,wyjazd / nieobecność; pompa basenu
2025-12-18 15:00:00,Thursday,15,3.204,2.861,0.000,0.000,0.000,2.088,8.153,wyjazd / nieobecność; pompa basenu
2025-12-18 16:00:00,Thursday,16,2.238,2.990,0.000,0.000,0.000,2.082,7.310,wyjazd / nieobecność; pompa basenu
2025-12-18 17:00:00,Thursday,17,2.753,3.176,0.000,0.000,0.000,0.000,5.929,wyjazd / nieobecność
2025-12-18 18:00:00,Thursday,18,1.888,2.739,0.000,0.000,0.000,0.000,4.627,wyjazd / nieobecność
2025-12-18 19:00:00,Thursday,19,2.215,3.133,0.000,0.000,0.000,0.000,5.348,wyjazd / nieobecność
2025-12-18 20:00:00,Thursday,20,2.056,3.043,0.000,0.000,0.000,0.000,5.099,wyjazd / nieobecność
2025-12-18 21:00:00,Thursday,21,2.479,2.721,0.000,0.000,0.000,0.000,5.200,wyjazd / nieobecność
2025-12-18 22:00:00,Thursday,22,2.696,2.502,0.000,0.000,0.000,9.140,14.338,wyjazd / nieobecność; ładowanie EV
2025-12-18 23:00:00,Thursday,23,2.141,3.273,0.000,0.000,0.000,14.145,19.559,wyjazd / nieobecność; ładowanie EV
2025-12-19 00:00:00,Friday,0,1.918,4.165,0.000,0.000,0.000,10.111,16.194,ładowanie EV
2025-12-19 01:00:00,Friday,1,2.670,3.928,0.000,0.000,0.000,13.303,19.901,ładowanie EV
2025-12-19 02:00:00,Friday,2,2.160,4.062,0.000,0.000,0.000,8.126,14.348,ładowanie EV
2025-12-19 03:00:00,Friday,3,2.769,3.077,0.000,0.000,0.000,13.545,19.391,ładowanie EV
2025-12-19 04:00:00,Friday,4,2.822,3.671,0.000,0.000,0.000,16.038,22.531,ładowanie EV
2025-12-19 05:00:00,Friday,5,3.084,3.045,0.000,0.000,0.000,10.856,16.985,ładowanie EV
2025-12-19 06:00:00,Friday,6,3.151,3.344,0.221,0.347,0.000,0.000,7.063,
2025-12-19 07:00:00,Friday,7,2.691,3.772,0.426,1.129,0.000,0.000,8.018,
2025-12-19 08:00:00,Friday,8,1.847,3.133,0.423,0.915,0.000,0.000,6.318,
2025-12-19 09:00:00,Friday,9,2.696,3.225,0.000,0.000,0.497,2.691,9.109,pompa basenu
2025-12-19 10:00:00,Friday,10,3.144,3.257,0.000,0.000,0.290,1.656,8.347,pompa basenu
2025-12-19 11:00:00,Friday,11,2.259,3.204,0.000,0.000,0.285,1.449,7.197,pompa basenu
2025-12-19 12:00:00,Friday,12,2.318,3.015,0.000,0.000,0.414,2.583,8.330,pompa basenu
2025-12-19 13:00:00,Friday,13,2.739,2.891,0.000,1.571,0.294,2.548,10.043,pompa basenu
2025-12-19 14:00:00,Friday,14,2.960,3.542,0.000,0.000,0.285,2.617,9.404,pompa basenu
2025-12-19 15:00:00,Friday,15,3.119,3.471,0.409,0.000,0.545,1.380,8.924,pompa basenu
2025-12-19 16:00:00,Friday,16,1.996,3.521,0.352,0.000,0.294,1.815,7.978,pompa basenu
2025-12-19 17:00:00,Friday,17,2.489,3.084,0.396,3.416,0.948,0.000,10.333,
2025-12-19 18:00:00,Friday,18,3.190,3.360,0.531,0.000,0.777,0.000,7.858,
2025-12-19 19:00:00,Friday,19,2.199,2.861,0.635,0.000,1.065,1.932,8.692,zmywarka
2025-12-19 20:00:00,Friday,20,2.799,3.659,0.474,0.000,1.051,0.000,7.983,
2025-12-19 21:00:00,Friday,21,1.960,3.825,0.596,0.000,1.072,0.000,7.453,
2025-12-19 22:00:00,Friday,22,2.033,3.372,0.218,0.000,0.982,13.356,19.961,ładowanie EV
2025-12-19 23:00:00,Friday,23,2.045,3.153,0.000,0.000,0.000,9.368,14.566,ładowanie EV
2025-12-20 00:00:00,Saturday,0,2.404,4.163,0.000,0.000,0.000,14.462,21.029,ładowanie EV
2025-12-20 01:00:00,Saturday,1,2.748,4.352,0.000,0.000,0.000,8.204,15.304,ładowanie EV
2025-12-20 02:00:00,Saturday,2,2.854,3.915,0.000,0.000,0.000,13.968,20.737,ładowanie EV
2025-12-20 03:00:00,Saturday,3,2.065,4.177,0.000,0.000,0.000,9.694,15.936,ładowanie EV
2025-12-20 04:00:00,Saturday,4,3.029,4.474,0.000,0.000,0.000,11.831,19.334,ładowanie EV
2025-12-20 05:00:00,Saturday,5,1.987,4.138,0.000,0.000,0.000,14.513,20.638,ładowanie EV
2025-12-20 06:00:00,Saturday,6,2.190,4.641,0.439,0.499,0.000,0.000,7.769,
2025-12-20 07:00:00,Saturday,7,1.872,4.517,0.198,0.644,0.000,0.000,7.231,
2025-12-20 08:00:00,Saturday,8,2.801,4.782,0.347,1.240,0.000,0.000,9.170,
2025-12-20 09:00:00,Saturday,9,2.153,4.676,0.000,0.000,0.269,2.422,9.520,pompa basenu
2025-12-20 10:00:00,Saturday,10,2.498,4.800,0.000,0.000,0.685,2.104,10.087,pompa basenu
2025-12-20 11:00:00,Saturday,11,2.518,4.181,0.000,0.000,0.559,3.793,11.051,pompa basenu; pralka
2025-12-20 12:00:00,Saturday,12,2.293,3.659,0.000,0.954,0.294,6.456,13.656,pompa basenu; suszarka
2025-12-20 13:00:00,Saturday,13,2.070,4.494,0.000,0.000,0.706,1.923,9.193,pompa basenu
2025-12-20 14:00:00,Saturday,14,2.185,4.250,0.000,0.000,0.202,3.869,10.506,pompa basenu; zmywarka
2025-12-20 15:00:00,Saturday,15,3.123,3.984,0.000,0.000,0.262,1.686,9.055,pompa basenu
2025-12-20 16:00:00,Saturday,16,2.820,4.377,0.368,0.000,0.738,1.962,10.265,pompa basenu
2025-12-20 17:00:00,Saturday,17,2.528,4.434,0.437,0.000,1.037,0.000,8.436,
2025-12-20 18:00:00,Saturday,18,1.920,4.000,0.301,3.289,1.182,0.000,10.692,
2025-12-20 19:00:00,Saturday,19,2.093,4.365,0.380,0.000,1.125,16.323,24.286,sauna
2025-12-20 20:00:00,Saturday,20,2.661,4.069,0.251,0.000,0.948,19.403,27.332,sauna
2025-12-20 21:00:00,Saturday,21,2.886,4.722,0.380,0.000,0.699,19.210,27.897,sauna
2025-12-20 22:00:00,Saturday,22,2.864,4.312,0.154,0.000,0.568,11.942,19.840,ładowanie EV
2025-12-20 23:00:00,Saturday,23,2.866,4.218,0.000,0.000,0.000,16.670,23.754,ładowanie EV
2025-12-21 00:00:00,Sunday,0,2.404,4.779,0.000,0.000,0.000,9.616,16.799,ładowanie EV
2025-12-21 01:00:00,Sunday,1,1.852,3.972,0.000,0.000,0.000,9.025,14.849,ładowanie EV
2025-12-21 02:00:00,Sunday,2,2.709,4.669,0.000,0.000,0.000,8.574,15.952,ładowanie EV
2025-12-21 03:00:00,Sunday,3,2.380,3.928,0.000,0.000,0.000,12.832,19.140,ładowanie EV
2025-12-21 04:00:00,Sunday,4,1.895,4.789,0.000,0.000,0.000,13.315,19.999,ładowanie EV
2025-12-21 05:00:00,Sunday,5,2.318,4.989,0.000,0.000,0.000,16.848,24.155,ładowanie EV
2025-12-21 06:00:00,Sunday,6,2.910,5.483,0.462,1.316,0.000,0.000,10.171,
2025-12-21 07:00:00,Sunday,7,2.348,4.938,0.292,0.768,0.000,0.000,8.346,
2025-12-21 08:00:00,Sunday,8,2.521,5.191,0.184,1.046,0.000,0.000,8.942,
2025-12-21 09:00:00,Sunday,9,2.585,4.630,0.000,0.000,0.816,2.406,10.437,pompa basenu
2025-12-21 10:00:00,Sunday,10,2.459,5.557,0.000,0.000,0.437,2.691,11.144,pompa basenu
2025-12-21 11:00:00,Sunday,11,2.514,5.274,0.000,0.000,0.416,1.633,9.837,pompa basenu
2025-12-21 12:00:00,Sunday,12,2.668,5.879,0.000,2.157,0.835,1.808,13.347,pompa basenu
2025-12-21 13:00:00,Sunday,13,2.864,5.504,0.000,0.000,0.688,1.743,10.799,pompa basenu
2025-12-21 14:00:00,Sunday,14,1.996,5.798,0.000,0.000,0.458,3.370,11.622,pompa basenu; zmywarka
2025-12-21 15:00:00,Sunday,15,1.980,6.063,0.166,0.000,0.564,2.459,11.232,pompa basenu
2025-12-21 16:00:00,Sunday,16,3.176,4.584,0.175,0.000,0.221,1.566,9.722,pompa basenu
2025-12-21 17:00:00,Sunday,17,3.114,4.800,0.577,0.000,0.741,0.000,9.232,
2025-12-21 18:00:00,Sunday,18,3.034,4.954,0.472,4.651,1.166,0.000,14.277,
2025-12-21 19:00:00,Sunday,19,2.751,4.494,0.630,0.000,1.042,19.930,28.847,sauna
2025-12-21 20:00:00,Sunday,20,2.654,4.538,0.340,0.000,0.869,14.874,23.275,sauna
2025-12-21 21:00:00,Sunday,21,2.811,4.602,0.414,0.000,1.145,15.484,24.456,sauna
2025-12-21 22:00:00,Sunday,22,2.567,5.320,0.336,0.000,1.088,11.592,20.903,ładowanie EV
2025-12-21 23:00:00,Sunday,23,2.946,4.474,0.000,0.000,0.000,13.356,20.776,ładowanie EV
2025-12-22 00:00:00,Monday,0,2.919,4.384,0.000,0.000,0.000,13.246,20.549,ładowanie EV
2025-12-22 01:00:00,Monday,1,1.966,4.158,0.000,0.000,0.000,13.777,19.901,ładowanie EV
2025-12-22 02:00:00,Monday,2,2.845,4.552,0.000,0.000,0.000,11.403,18.800,ładowanie EV
2025-12-22 03:00:00,Monday,3,2.659,3.834,0.000,0.000,0.000,11.229,17.722,ładowanie EV
2025-12-22 04:00:00,Monday,4,2.719,4.283,0.000,0.000,0.000,10.665,17.667,ładowanie EV
2025-12-22 05:00:00,Monday,5,2.709,4.375,0.000,0.000,0.000,8.860,15.944,ładowanie EV
2025-12-22 06:00:00,Monday,6,2.760,5.479,0.437,1.279,0.000,0.000,9.955,
2025-12-22 07:00:00,Monday,7,2.836,4.917,0.202,0.681,0.000,0.000,8.636,
2025-12-22 08:00:00,Monday,8,3.220,4.938,0.269,0.518,0.000,0.000,8.945,
2025-12-22 09:00:00,Monday,9,2.781,4.457,0.000,0.000,0.389,1.654,9.281,pompa basenu
2025-12-22 10:00:00,Monday,10,3.031,5.663,0.000,0.000,0.405,2.095,11.194,pompa basenu
2025-12-22 11:00:00,Monday,11,1.879,4.342,0.000,0.000,0.490,2.675,9.386,pompa basenu
2025-12-22 12:00:00,Monday,12,2.666,4.892,0.000,0.000,0.398,1.605,9.561,pompa basenu
2025-12-22 13:00:00,Monday,13,2.820,4.269,0.000,1.700,0.380,2.682,11.851,pompa basenu
2025-12-22 14:00:00,Monday,14,2.668,5.113,0.000,0.000,0.529,2.226,10.536,pompa basenu
2025-12-22 15:00:00,Monday,15,2.088,4.996,0.145,0.000,0.340,2.107,9.676,pompa basenu
2025-12-22 16:00:00,Monday,16,2.153,4.572,0.225,0.000,0.446,2.748,10.144,pompa basenu
2025-12-22 17:00:00,Monday,17,2.263,4.867,0.621,2.831,1.076,0.000,11.658,
2025-12-22 18:00:00,Monday,18,2.436,4.347,0.598,0.000,1.157,0.000,8.538,
2025-12-22 19:00:00,Monday,19,3.112,5.826,0.363,0.000,1.122,0.000,10.423,
2025-12-22 20:00:00,Monday,20,2.882,4.582,0.350,0.000,0.743,2.086,10.643,zmywarka
2025-12-22 21:00:00,Monday,21,3.080,5.048,0.442,0.000,0.766,0.000,9.336,
2025-12-22 22:00:00,Monday,22,2.118,4.016,0.345,0.000,0.598,16.673,23.750,ładowanie EV
2025-12-22 23:00:00,Monday,23,2.726,4.913,0.000,0.000,0.000,14.874,22.513,ładowanie EV
2025-12-23 00:00:00,Tuesday,0,2.392,4.607,0.000,0.000,0.000,8.478,15.477,ładowanie EV
2025-12-23 01:00:00,Tuesday,1,2.284,4.747,0.000,0.000,0.000,10.690,17.721,ładowanie EV
2025-12-23 02:00:00,Tuesday,2,3.195,5.065,0.000,0.000,0.000,8.114,16.374,ładowanie EV
2025-12-23 03:00:00,Tuesday,3,2.263,5.092,0.000,0.000,0.000,14.186,21.541,ładowanie EV
2025-12-23 04:00:00,Tuesday,4,2.578,5.782,0.000,0.000,0.000,12.383,20.743,ładowanie EV
2025-12-23 05:00:00,Tuesday,5,3.206,5.766,0.000,0.000,0.000,16.742,25.714,ładowanie EV
2025-12-23 06:00:00,Tuesday,6,2.962,5.357,0.237,0.989,0.000,0.000,9.545,
2025-12-23 07:00:00,Tuesday,7,2.196,5.488,0.361,0.922,0.000,0.000,8.967,
2025-12-23 08:00:00,Tuesday,8,2.456,6.024,0.439,1.208,0.000,0.000,10.127,
2025-12-23 09:00:00,Tuesday,9,1.861,6.157,0.000,0.000,0.494,3.777,12.289,pompa basenu; pralka
2025-12-23 10:00:00,Tuesday,10,2.072,6.852,0.000,0.000,0.419,1.647,10.990,pompa basenu
2025-12-23 11:00:00,Tuesday,11,1.918,6.346,0.000,0.000,0.481,2.279,11.024,pompa basenu
2025-12-23 12:00:00,Tuesday,12,1.987,4.943,0.000,1.053,0.350,1.927,10.260,pompa basenu
2025-12-23 13:00:00,Tuesday,13,3.082,5.764,0.000,0.000,0.292,2.558,11.696,pompa basenu
2025-12-23 14:00:00,Tuesday,14,1.918,5.437,0.000,0.000,0.380,1.442,9.177,pompa basenu
2025-12-23 15:00:00,Tuesday,15,3.213,5.635,0.000,0.000,0.589,2.532,11.969,pompa basenu
2025-12-23 16:00:00,Tuesday,16,2.689,5.952,0.306,0.000,0.301,1.550,10.798,pompa basenu
2025-12-23 17:00:00,Tuesday,17,2.583,5.168,0.462,6.665,0.561,0.000,15.439,
2025-12-23 18:00:00,Tuesday,18,2.431,5.998,0.584,0.000,0.683,0.000,9.696,
2025-12-23 19:00:00,Tuesday,19,2.454,5.495,0.518,0.000,0.810,1.911,11.188,zmywarka
2025-12-23 20:00:00,Tuesday,20,2.588,5.527,0.665,0.000,0.892,0.000,9.672,
2025-12-23 21:00:00,Tuesday,21,2.769,6.672,0.444,0.000,0.584,0.000,10.469,
2025-12-23 22:00:00,Tuesday,22,1.992,5.987,0.182,0.000,0.865,16.017,25.043,ładowanie EV
2025-12-23 23:00:00,Tuesday,23,2.624,6.277,0.000,0.000,0.000,9.830,18.731,ładowanie EV
2025-12-24 00:00:00,Wednesday,0,2.312,6.941,0.000,0.000,0.000,15.603,24.856,ładowanie EV
2025-12-24 01:00:00,Wednesday,1,3.252,7.583,0.000,0.000,0.000,14.932,25.767,ładowanie EV
2025-12-24 02:00:00,Wednesday,2,2.224,6.732,0.000,0.000,0.000,13.724,22.680,ładowanie EV
2025-12-24 03:00:00,Wednesday,3,2.015,6.196,0.000,0.000,0.000,11.546,19.757,ładowanie EV
2025-12-24 04:00:00,Wednesday,4,1.879,6.463,0.000,0.000,0.000,10.656,18.998,ładowanie EV
2025-12-24 05:00:00,Wednesday,5,3.070,7.316,0.000,0.000,0.000,10.943,21.329,ładowanie EV
2025-12-24 06:00:00,Wednesday,6,2.387,6.962,0.310,1.196,0.000,0.000,10.855,
2025-12-24 07:00:00,Wednesday,7,1.900,7.986,0.255,0.936,0.000,0.000,11.077,
2025-12-24 08:00:00,Wednesday,8,2.624,8.342,0.288,0.782,0.000,0.000,12.036,
2025-12-24 09:00:00,Wednesday,9,2.084,7.592,0.000,0.000,0.285,2.599,12.560,pompa basenu
2025-12-24 10:00:00,Wednesday,10,2.962,6.944,0.000,0.000,0.416,2.739,13.061,pompa basenu
2025-12-24 11:00:00,Wednesday,11,3.022,7.424,0.000,0.000,0.483,1.950,12.879,pompa basenu
2025-12-24 12:00:00,Wednesday,12,2.185,8.126,0.000,1.141,0.483,1.677,13.612,pompa basenu
2025-12-24 13:00:00,Wednesday,13,3.153,7.231,0.000,0.000,0.504,1.852,12.740,pompa basenu
2025-12-24 14:00:00,Wednesday,14,2.624,7.951,0.000,0.000,0.805,1.849,13.229,pompa basenu
2025-12-24 15:00:00,Wednesday,15,2.680,7.367,0.000,0.000,0.780,2.542,13.369,pompa basenu
2025-12-24 16:00:00,Wednesday,16,2.376,8.266,0.244,0.000,0.497,1.727,13.110,pompa basenu
2025-12-24 17:00:00,Wednesday,17,2.217,8.197,0.476,0.000,0.748,0.000,11.638,
2025-12-24 18:00:00,Wednesday,18,2.420,7.234,0.389,3.657,0.840,0.000,14.540,
2025-12-24 19:00:00,Wednesday,19,2.167,8.600,0.628,0.000,1.088,2.401,14.884,zmywarka
2025-12-24 20:00:00,Wednesday,20,2.367,6.879,0.524,0.000,1.127,0.000,10.897,
2025-12-24 21:00:00,Wednesday,21,1.893,7.873,0.460,0.000,1.189,0.000,11.415,
2025-12-24 22:00:00,Wednesday,22,2.256,7.473,0.150,0.000,0.932,16.148,26.959,ładowanie EV
2025-12-24 23:00:00,Wednesday,23,2.426,8.324,0.000,0.000,0.000,8.940,19.690,ładowanie EV
2025-12-25 00:00:00,Thursday,0,3.068,7.470,0.000,0.000,0.000,15.727,26.265,ładowanie EV
2025-12-25 01:00:00,Thursday,1,2.677,6.504,0.000,0.000,0.000,15.909,25.090,ładowanie EV
2025-12-25 02:00:00,Thursday,2,2.123,7.638,0.000,0.000,0.000,10.605,20.366,ładowanie EV
2025-12-25 03:00:00,Thursday,3,2.475,7.641,0.000,0.000,0.000,11.488,21.604,ładowanie EV
2025-12-25 04:00:00,Thursday,4,3.204,6.438,0.000,0.000,0.000,14.101,23.743,ładowanie EV
2025-12-25 05:00:00,Thursday,5,2.351,8.512,0.000,0.000,0.000,12.997,23.860,ładowanie EV
2025-12-25 06:00:00,Thursday,6,1.925,8.706,0.412,0.895,0.000,0.000,11.938,
2025-12-25 07:00:00,Thursday,7,2.008,7.551,0.276,1.247,0.000,0.000,11.082,
2025-12-25 08:00:00,Thursday,8,3.218,7.130,0.481,0.794,0.000,0.000,11.623,
2025-12-25 09:00:00,Thursday,9,2.762,7.919,0.000,0.000,0.407,2.355,13.443,pompa basenu
2025-12-25 10:00:00,Thursday,10,1.891,7.878,0.000,0.000,0.297,2.017,12.083,pompa basenu
2025-12-25 11:00:00,Thursday,11,2.019,7.832,0.000,0.000,0.331,1.686,11.868,pompa basenu
2025-12-25 12:00:00,Thursday,12,2.358,7.983,0.000,0.957,0.453,1.598,13.349,pompa basenu
2025-12-25 13:00:00,Thursday,13,2.946,7.636,0.000,0.000,0.490,1.944,13.016,pompa basenu
2025-12-25 14:00:00,Thursday,14,1.962,8.466,0.000,0.000,0.754,1.481,12.663,pompa basenu
2025-12-25 15:00:00,Thursday,15,1.966,8.595,0.407,0.000,0.499,1.555,13.022,pompa basenu
2025-12-25 16:00:00,Thursday,16,3.059,7.399,0.228,0.000,0.649,1.831,13.166,pompa basenu
2025-12-25 17:00:00,Thursday,17,2.325,7.558,0.499,0.000,1.109,0.000,11.491,
2025-12-25 18:00:00,Thursday,18,2.187,7.130,0.584,3.034,0.957,0.000,13.892,
2025-12-25 19:00:00,Thursday,19,2.068,8.625,0.586,0.000,0.856,0.000,12.135,
2025-12-25 20:00:00,Thursday,20,2.742,7.280,0.246,0.000,1.150,2.707,14.125,zmywarka
2025-12-25 21:00:00,Thursday,21,2.344,8.841,0.340,0.000,1.157,0.000,12.682,
2025-12-25 22:00:00,Thursday,22,2.532,7.864,0.299,0.000,0.527,15.557,26.779,ładowanie EV
2025-12-25 23:00:00,Thursday,23,2.719,7.280,0.000,0.000,0.000,13.020,23.019,ładowanie EV
2025-12-26 00:00:00,Friday,0,2.585,7.919,0.000,0.000,0.000,11.666,22.170,ładowanie EV
2025-12-26 01:00:00,Friday,1,2.199,8.597,0.000,0.000,0.000,15.950,26.746,ładowanie EV
2025-12-26 02:00:00,Friday,2,2.314,6.787,0.000,0.000,0.000,8.080,17.181,ładowanie EV
2025-12-26 03:00:00,Friday,3,3.103,7.972,0.000,0.000,0.000,8.220,19.295,ładowanie EV
2025-12-26 04:00:00,Friday,4,2.785,6.750,0.000,0.000,0.000,11.597,21.132,ładowanie EV
2025-12-26 05:00:00,Friday,5,2.422,5.653,0.000,0.000,0.000,13.986,22.061,ładowanie EV
2025-12-26 06:00:00,Friday,6,2.629,7.489,0.218,1.244,0.000,0.000,11.580,
2025-12-26 07:00:00,Friday,7,2.544,5.904,0.419,1.184,0.000,0.000,10.051,
2025-12-26 08:00:00,Friday,8,3.052,6.314,0.251,1.040,0.000,0.000,10.657,
2025-12-26 09:00:00,Friday,9,2.643,5.676,0.000,0.000,0.412,1.990,10.721,pompa basenu
2025-12-26 10:00:00,Friday,10,2.456,5.552,0.000,0.000,0.485,1.421,9.914,pompa basenu
2025-12-26 11:00:00,Friday,11,2.144,5.258,0.000,0.000,0.343,2.095,9.840,pompa basenu
2025-12-26 12:00:00,Friday,12,3.116,5.005,0.000,0.851,0.474,2.484,11.930,pompa basenu
2025-12-26 13:00:00,Friday,13,1.888,5.292,0.000,0.000,0.465,2.378,10.023,pompa basenu
2025-12-26 14:00:00,Friday,14,2.640,5.170,0.000,0.000,0.382,2.668,10.860,pompa basenu
2025-12-26 15:00:00,Friday,15,2.141,5.244,0.283,0.000,0.800,1.879,10.347,pompa basenu
2025-12-26 16:00:00,Friday,16,2.502,4.669,0.172,0.000,0.356,2.401,10.100,pompa basenu
2025-12-26 17:00:00,Friday,17,2.010,4.876,0.598,0.000,1.198,0.000,8.682,
2025-12-26 18:00:00,Friday,18,2.797,5.426,0.421,4.706,1.088,0.000,14.438,
2025-12-26 19:00:00,Friday,19,2.836,5.897,0.646,0.000,0.674,2.358,12.411,zmywarka
2025-12-26 20:00:00,Friday,20,2.231,4.812,0.310,0.000,0.538,0.000,7.891,
2025-12-26 21:00:00,Friday,21,2.847,5.278,0.262,0.000,0.911,0.000,9.298,
2025-12-26 22:00:00,Friday,22,2.884,4.867,0.168,0.000,1.024,13.533,22.476,ładowanie EV
2025-12-26 23:00:00,Friday,23,2.266,5.389,0.000,0.000,0.000,16.038,23.693,ładowanie EV
2025-12-27 00:00:00,Saturday,0,2.026,5.573,0.000,0.000,0.000,17.015,24.614,ładowanie EV
2025-12-27 01:00:00,Saturday,1,2.716,5.435,0.000,0.000,0.000,15.350,23.501,ładowanie EV
2025-12-27 02:00:00,Saturday,2,2.886,4.382,0.000,0.000,0.000,11.091,18.359,ładowanie EV
2025-12-27 03:00:00,Saturday,3,2.588,5.345,0.000,0.000,0.000,11.348,19.281,ładowanie EV
2025-12-27 04:00:00,Saturday,4,2.045,4.685,0.000,0.000,0.000,12.852,19.582,ładowanie EV
2025-12-27 05:00:00,Saturday,5,3.075,5.720,0.000,0.000,0.000,11.847,20.642,ładowanie EV
2025-12-27 06:00:00,Saturday,6,2.610,5.564,0.274,0.688,0.000,0.000,9.136,
2025-12-27 07:00:00,Saturday,7,2.358,4.876,0.340,0.883,0.000,0.000,8.457,
2025-12-27 08:00:00,Saturday,8,2.261,5.660,0.175,1.263,0.000,0.000,9.359,
2025-12-27 09:00:00,Saturday,9,1.927,5.274,0.000,0.000,0.472,1.948,9.621,pompa basenu
2025-12-27 10:00:00,Saturday,10,2.636,4.680,0.000,0.000,0.340,2.380,10.036,pompa basenu
2025-12-27 11:00:00,Saturday,11,3.199,5.527,0.000,0.000,0.644,3.330,12.700,pompa basenu; pralka
2025-12-27 12:00:00,Saturday,12,2.997,4.924,0.000,0.000,0.672,6.090,14.683,pompa basenu; suszarka
2025-12-27 13:00:00,Saturday,13,3.151,4.411,0.000,1.042,0.791,2.739,12.134,pompa basenu
2025-12-27 14:00:00,Saturday,14,2.429,3.689,0.000,0.000,0.780,1.589,8.487,pompa basenu
2025-12-27 15:00:00,Saturday,15,2.132,4.416,0.000,0.000,0.230,2.210,8.988,pompa basenu
2025-12-27 16:00:00,Saturday,16,1.960,3.986,0.202,0.000,0.566,1.946,8.660,pompa basenu
2025-12-27 17:00:00,Saturday,17,2.125,5.113,0.310,4.002,1.033,0.000,12.583,
2025-12-27 18:00:00,Saturday,18,2.190,4.554,0.232,0.000,0.731,0.000,7.707,
2025-12-27 19:00:00,Saturday,19,2.029,4.756,0.437,0.000,0.646,13.862,21.730,sauna
2025-12-27 20:00:00,Saturday,20,2.698,5.440,0.472,0.000,0.589,16.723,25.922,sauna
2025-12-27 21:00:00,Saturday,21,3.050,5.118,0.285,0.000,1.000,19.844,29.297,sauna
2025-12-27 22:00:00,Saturday,22,2.146,5.074,0.340,0.000,0.761,10.879,19.200,ładowanie EV
2025-12-27 23:00:00,Saturday,23,2.928,5.210,0.000,0.000,0.000,8.643,16.781,ładowanie EV
2025-12-28 00:00:00,Sunday,0,3.133,4.750,0.000,0.000,0.000,13.770,21.653,ładowanie EV
2025-12-28 01:00:00,Sunday,1,3.043,5.281,0.000,0.000,0.000,11.707,20.031,ładowanie EV
2025-12-28 02:00:00,Sunday,2,2.137,4.892,0.000,0.000,0.000,16.746,23.775,ładowanie EV
2025-12-28 03:00:00,Sunday,3,2.601,5.377,0.000,0.000,0.000,8.901,16.879,ładowanie EV
2025-12-28 04:00:00,Sunday,4,3.151,5.900,0.000,0.000,0.000,11.307,20.358,ładowanie EV
2025-12-28 05:00:00,Sunday,5,1.999,5.175,0.000,0.000,0.000,12.956,20.130,ładowanie EV
2025-12-28 06:00:00,Sunday,6,2.157,6.070,0.225,0.862,0.000,0.000,9.314,
2025-12-28 07:00:00,Sunday,7,2.392,6.157,0.467,0.810,0.000,0.000,9.826,
2025-12-28 08:00:00,Sunday,8,2.944,6.778,0.278,0.729,0.000,0.000,10.729,
2025-12-28 09:00:00,Sunday,9,2.445,6.928,0.000,0.000,0.545,1.833,11.751,pompa basenu
2025-12-28 10:00:00,Sunday,10,2.783,6.925,0.000,0.000,0.393,2.309,12.410,pompa basenu
2025-12-28 11:00:00,Sunday,11,2.263,6.431,0.000,0.000,0.649,2.194,11.537,pompa basenu
2025-12-28 12:00:00,Sunday,12,2.277,6.801,0.000,0.000,0.860,1.831,11.769,pompa basenu
2025-12-28 13:00:00,Sunday,13,3.181,6.553,0.000,0.787,0.697,1.548,12.766,pompa basenu
2025-12-28 14:00:00,Sunday,14,3.064,5.315,0.000,0.000,0.506,4.733,13.618,pompa basenu; zmywarka
2025-12-28 15:00:00,Sunday,15,3.061,6.132,0.000,0.000,0.764,1.654,11.611,pompa basenu
2025-12-28 16:00:00,Sunday,16,3.013,5.697,0.255,0.000,0.651,2.484,12.100,pompa basenu
2025-12-28 17:00:00,Sunday,17,3.061,4.842,0.513,4.191,0.954,0.000,13.561,
2025-12-28 18:00:00,Sunday,18,2.404,6.176,0.573,0.000,0.738,0.000,9.891,
2025-12-28 19:00:00,Sunday,19,3.077,4.980,0.649,0.000,0.674,17.020,26.400,sauna
2025-12-28 20:00:00,Sunday,20,3.211,5.476,0.676,0.000,0.874,16.546,26.783,sauna
2025-12-28 21:00:00,Sunday,21,2.942,4.800,0.547,0.000,0.550,19.180,28.019,sauna
2025-12-28 22:00:00,Sunday,22,1.847,5.350,0.297,0.000,0.950,13.340,21.784,ładowanie EV
2025-12-28 23:00:00,Sunday,23,2.680,5.322,0.000,0.000,0.000,17.008,25.010,ładowanie EV
2025-12-29 00:00:00,Monday,0,2.463,4.963,0.000,0.000,0.000,9.775,17.201,ładowanie EV
2025-12-29 01:00:00,Monday,1,2.010,5.543,0.000,0.000,0.000,11.988,19.541,ładowanie EV
2025-12-29 02:00:00,Monday,2,2.286,5.918,0.000,0.000,0.000,13.582,21.786,ładowanie EV
2025-12-29 03:00:00,Monday,3,2.949,5.780,0.000,0.000,0.000,14.568,23.297,ładowanie EV
2025-12-29 04:00:00,Monday,4,2.811,6.063,0.000,0.000,0.000,12.558,21.432,ładowanie EV
2025-12-29 05:00:00,Monday,5,2.307,4.915,0.000,0.000,0.000,10.518,17.740,ładowanie EV
2025-12-29 06:00:00,Monday,6,2.958,5.345,0.350,1.150,0.000,0.000,9.803,
2025-12-29 07:00:00,Monday,7,2.850,6.725,0.228,1.256,0.000,0.000,11.059,
2025-12-29 08:00:00,Monday,8,2.930,5.810,0.469,1.079,0.000,0.000,10.288,
2025-12-29 09:00:00,Monday,9,2.978,6.677,0.000,0.000,0.508,1.962,12.125,pompa basenu
2025-12-29 10:00:00,Monday,10,3.169,6.109,0.000,0.000,0.451,1.447,11.176,pompa basenu
2025-12-29 11:00:00,Monday,11,2.404,6.537,0.000,0.000,0.432,1.909,11.282,pompa basenu
2025-12-29 12:00:00,Monday,12,2.739,6.132,0.000,2.006,0.389,2.583,13.849,pompa basenu
2025-12-29 13:00:00,Monday,13,2.643,5.624,0.000,0.000,0.331,2.088,10.686,pompa basenu
2025-12-29 14:00:00,Monday,14,2.693,6.334,0.000,0.000,0.810,1.557,11.394,pompa basenu
2025-12-29 15:00:00,Monday,15,2.498,6.566,0.396,0.000,0.329,2.530,12.319,pompa basenu
2025-12-29 16:00:00,Monday,16,2.307,6.079,0.253,0.000,0.315,2.682,11.636,pompa basenu
2025-12-29 17:00:00,Monday,17,2.056,6.573,0.317,0.000,0.564,0.000,9.510,
2025-12-29 18:00:00,Monday,18,3.119,5.833,0.485,4.163,0.913,0.000,14.513,
2025-12-29 19:00:00,Monday,19,1.870,5.959,0.331,0.000,1.148,2.608,11.916,zmywarka
2025-12-29 20:00:00,Monday,20,1.969,6.171,0.665,0.000,0.966,0.000,9.771,
2025-12-29 21:00:00,Monday,21,2.516,6.355,0.603,0.000,0.840,0.000,10.314,
2025-12-29 22:00:00,Monday,22,2.408,6.097,0.340,0.000,1.000,8.091,17.936,ładowanie EV
2025-12-29 23:00:00,Monday,23,2.716,6.327,0.000,0.000,0.000,12.139,21.182,ładowanie EV
2025-12-30 00:00:00,Tuesday,0,2.438,5.396,0.000,0.000,0.000,15.238,23.072,ładowanie EV
2025-12-30 01:00:00,Tuesday,1,2.744,5.320,0.000,0.000,0.000,14.522,22.586,ładowanie EV
2025-12-30 02:00:00,Tuesday,2,2.272,5.727,0.000,0.000,0.000,14.692,22.691,ładowanie EV
2025-12-30 03:00:00,Tuesday,3,2.086,7.256,0.000,0.000,0.000,14.009,23.351,ładowanie EV
2025-12-30 04:00:00,Tuesday,4,2.038,7.227,0.000,0.000,0.000,13.420,22.685,ładowanie EV
2025-12-30 05:00:00,Tuesday,5,2.150,6.201,0.000,0.000,0.000,14.672,23.023,ładowanie EV
2025-12-30 06:00:00,Tuesday,6,3.156,6.937,0.216,1.021,0.000,0.000,11.330,
2025-12-30 07:00:00,Tuesday,7,2.431,6.304,0.350,1.196,0.000,0.000,10.281,
2025-12-30 08:00:00,Tuesday,8,3.158,7.052,0.320,0.678,0.000,0.000,11.208,
2025-12-30 09:00:00,Tuesday,9,3.020,8.013,0.000,0.000,0.283,1.964,13.280,pompa basenu
2025-12-30 10:00:00,Tuesday,10,2.965,6.426,0.000,0.000,0.373,2.689,12.453,pompa basenu
2025-12-30 11:00:00,Tuesday,11,2.808,6.419,0.000,0.000,0.308,4.377,13.912,pompa basenu; pralka
2025-12-30 12:00:00,Tuesday,12,2.199,8.043,0.000,0.000,0.331,2.082,12.655,pompa basenu
2025-12-30 13:00:00,Tuesday,13,3.153,8.009,0.000,1.794,0.488,1.530,14.974,pompa basenu
2025-12-30 14:00:00,Tuesday,14,2.615,6.999,0.000,0.000,0.738,1.644,11.996,pompa basenu
2025-12-30 15:00:00,Tuesday,15,3.142,7.475,0.000,0.000,0.428,2.417,13.462,pompa basenu
2025-12-30 16:00:00,Tuesday,16,2.567,7.238,0.267,0.000,0.642,1.481,12.195,pompa basenu
2025-12-30 17:00:00,Tuesday,17,3.197,7.408,0.322,0.000,0.557,0.000,11.484,
2025-12-30 18:00:00,Tuesday,18,1.879,6.744,0.644,4.409,0.819,0.000,14.495,
2025-12-30 19:00:00,Tuesday,19,2.873,8.089,0.377,0.000,1.111,0.000,12.450,
2025-12-30 20:00:00,Tuesday,20,3.057,6.960,0.478,0.000,0.989,2.056,13.540,zmywarka
2025-12-30 21:00:00,Tuesday,21,3.096,8.064,0.412,0.000,0.543,0.000,12.115,
2025-12-30 22:00:00,Tuesday,22,2.661,8.246,0.136,0.000,0.527,11.988,23.558,ładowanie EV
2025-12-30 23:00:00,Tuesday,23,2.930,6.953,0.000,0.000,0.000,15.999,25.882,ładowanie EV
2025-12-31 00:00:00,Wednesday,0,3.192,7.627,0.000,0.000,0.000,10.805,21.624,ładowanie EV
2025-12-31 01:00:00,Wednesday,1,1.994,6.290,0.000,0.000,0.000,13.582,21.866,ładowanie EV
2025-12-31 02:00:00,Wednesday,2,3.160,7.022,0.000,0.000,0.000,8.264,18.446,ładowanie EV
2025-12-31 03:00:00,Wednesday,3,2.031,6.192,0.000,0.000,0.000,9.929,18.152,ładowanie EV
2025-12-31 04:00:00,Wednesday,4,2.302,8.094,0.000,0.000,0.000,11.104,21.500,ładowanie EV
2025-12-31 05:00:00,Wednesday,5,1.842,6.815,0.000,0.000,0.000,9.147,17.804,ładowanie EV
2025-12-31 06:00:00,Wednesday,6,3.186,7.227,0.407,1.136,0.000,0.000,11.956,
2025-12-31 07:00:00,Wednesday,7,2.220,6.909,0.345,1.166,0.000,0.000,10.640,
2025-12-31 08:00:00,Wednesday,8,2.769,7.719,0.386,0.911,0.000,0.000,11.785,
2025-12-31 09:00:00,Wednesday,9,2.728,7.434,0.000,0.000,0.580,2.139,12.881,praca zdalna; pompa basenu
2025-12-31 10:00:00,Wednesday,10,2.502,7.988,0.000,0.000,0.681,1.518,12.689,praca zdalna; pompa basenu
2025-12-31 11:00:00,Wednesday,11,2.926,5.913,0.000,0.000,0.759,1.654,11.252,praca zdalna; pompa basenu
2025-12-31 12:00:00,Wednesday,12,1.888,5.992,0.000,1.806,0.784,2.509,12.979,praca zdalna; pompa basenu
2025-12-31 13:00:00,Wednesday,13,1.964,5.416,0.000,0.000,0.621,1.946,9.947,praca zdalna; pompa basenu
2025-12-31 14:00:00,Wednesday,14,2.857,5.373,0.000,0.000,0.566,1.573,10.369,praca zdalna; pompa basenu
2025-12-31 15:00:00,Wednesday,15,2.997,6.525,0.000,0.000,1.051,2.523,13.096,praca zdalna; pompa basenu
2025-12-31 16:00:00,Wednesday,16,2.967,5.771,0.253,0.000,0.996,2.716,12.703,praca zdalna; pompa basenu
2025-12-31 17:00:00,Wednesday,17,2.512,6.394,0.630,5.398,1.127,0.000,16.061,
2025-12-31 18:00:00,Wednesday,18,2.732,7.413,0.653,0.000,0.851,0.000,11.649,
2025-12-31 19:00:00,Wednesday,19,2.732,6.762,0.688,0.000,0.531,0.000,10.713,
2025-12-31 20:00:00,Wednesday,20,2.898,8.080,0.688,0.000,0.978,2.601,15.245,zmywarka
2025-12-31 21:00:00,Wednesday,21,2.314,7.760,0.264,0.000,0.828,0.000,11.166,
2025-12-31 22:00:00,Wednesday,22,2.845,6.113,0.209,0.000,1.136,12.701,23.004,ładowanie EV
2025-12-31 23:00:00,Wednesday,23,2.502,6.406,0.000,0.000,0.000,13.135,22.043,ładowanie EV
2026-01-01 00:00:00,Thursday,0,3.133,6.866,0.000,0.000,0.000,10.207,20.206,ładowanie EV
2026-01-01 01:00:00,Thursday,1,2.682,6.477,0.000,0.000,0.000,16.217,25.376,ładowanie EV
2026-01-01 02:00:00,Thursday,2,2.178,5.244,0.000,0.000,0.000,16.470,23.892,ładowanie EV
2026-01-01 03:00:00,Thursday,3,2.134,4.586,0.000,0.000,0.000,16.562,23.282,ładowanie EV
2026-01-01 04:00:00,Thursday,4,3.181,5.341,0.000,0.000,0.000,12.882,21.404,ładowanie EV
2026-01-01 05:00:00,Thursday,5,3.128,5.364,0.000,0.000,0.000,8.064,16.556,ładowanie EV
2026-01-01 06:00:00,Thursday,6,3.034,5.564,0.313,0.816,0.000,0.000,9.727,
2026-01-01 07:00:00,Thursday,7,2.958,4.687,0.290,1.044,0.000,0.000,8.979,
2026-01-01 08:00:00,Thursday,8,1.941,5.982,0.476,1.281,0.000,0.000,9.680,
2026-01-01 09:00:00,Thursday,9,1.980,6.090,0.000,0.000,0.405,1.626,10.101,pompa basenu
2026-01-01 10:00:00,Thursday,10,2.985,5.299,0.000,0.000,0.472,1.799,10.555,pompa basenu
2026-01-01 11:00:00,Thursday,11,2.390,5.946,0.000,0.000,0.485,2.077,10.898,pompa basenu
2026-01-01 12:00:00,Thursday,12,2.084,6.070,0.000,1.313,0.283,1.460,11.210,pompa basenu
2026-01-01 13:00:00,Thursday,13,2.861,4.874,0.000,0.000,0.419,2.562,10.716,pompa basenu
2026-01-01 14:00:00,Thursday,14,2.088,6.219,0.000,0.000,0.494,1.421,10.222,pompa basenu
2026-01-01 15:00:00,Thursday,15,2.967,5.232,0.000,0.000,0.368,2.739,11.306,pompa basenu
2026-01-01 16:00:00,Thursday,16,2.634,5.633,0.368,0.000,0.444,2.622,11.701,pompa basenu
2026-01-01 17:00:00,Thursday,17,2.544,6.219,0.593,4.490,0.678,0.000,14.524,
2026-01-01 18:00:00,Thursday,18,3.220,6.332,0.610,0.000,0.534,0.000,10.696,
2026-01-01 19:00:00,Thursday,19,2.951,6.373,0.283,0.000,0.812,0.000,10.419,
2026-01-01 20:00:00,Thursday,20,1.858,6.054,0.685,0.000,0.895,2.068,11.560,zmywarka
2026-01-01 21:00:00,Thursday,21,2.886,5.975,0.340,0.000,1.000,0.000,10.201,
2026-01-01 22:00:00,Thursday,22,2.192,5.711,0.163,0.000,0.745,16.542,25.353,ładowanie EV
2026-01-01 23:00:00,Thursday,23,2.949,5.851,0.000,0.000,0.000,8.710,17.510,ładowanie EV
2026-01-02 00:00:00,Friday,0,3.036,5.541,0.000,0.000,0.000,9.244,17.821,ładowanie EV
2026-01-02 01:00:00,Friday,1,2.171,5.584,0.000,0.000,0.000,13.871,21.626,ładowanie EV
2026-01-02 02:00:00,Friday,2,3.133,5.472,0.000,0.000,0.000,13.834,22.439,ładowanie EV
2026-01-02 03:00:00,Friday,3,2.316,5.716,0.000,0.000,0.000,8.719,16.751,ładowanie EV
2026-01-02 04:00:00,Friday,4,3.153,5.564,0.000,0.000,0.000,14.545,23.262,ładowanie EV
2026-01-02 05:00:00,Friday,5,1.978,5.375,0.000,0.000,0.000,8.423,15.776,ładowanie EV
2026-01-02 06:00:00,Friday,6,2.077,7.015,0.301,1.247,0.000,0.000,10.640,
2026-01-02 07:00:00,Friday,7,2.843,7.043,0.242,0.492,0.000,0.000,10.620,
2026-01-02 08:00:00,Friday,8,2.461,6.916,0.393,0.918,0.000,0.000,10.688,
2026-01-02 09:00:00,Friday,9,2.916,6.408,0.000,0.000,0.350,2.468,12.142,pompa basenu
2026-01-02 10:00:00,Friday,10,2.006,6.939,0.000,0.000,0.285,2.680,11.910,pompa basenu
2026-01-02 11:00:00,Friday,11,2.912,5.720,0.000,0.000,0.368,2.213,11.213,pompa basenu
2026-01-02 12:00:00,Friday,12,2.539,6.244,0.000,0.000,0.499,1.633,10.915,pompa basenu
2026-01-02 13:00:00,Friday,13,2.953,6.955,0.000,1.329,0.338,2.712,14.287,pompa basenu
2026-01-02 14:00:00,Friday,14,3.107,6.263,0.000,0.000,0.310,2.732,12.412,pompa basenu
2026-01-02 15:00:00,Friday,15,2.176,7.247,0.000,0.000,0.398,1.739,11.560,pompa basenu
2026-01-02 16:00:00,Friday,16,2.882,6.373,0.382,0.000,0.731,1.449,11.817,pompa basenu
2026-01-02 17:00:00,Friday,17,2.930,7.381,0.356,0.000,0.897,0.000,11.564,
2026-01-02 18:00:00,Friday,18,2.261,6.730,0.421,3.107,0.768,0.000,13.287,
2026-01-02 19:00:00,Friday,19,2.436,8.197,0.274,0.000,1.180,2.312,14.399,zmywarka
2026-01-02 20:00:00,Friday,20,1.907,8.059,0.248,0.000,0.764,0.000,10.978,
2026-01-02 21:00:00,Friday,21,2.742,7.753,0.437,0.000,0.906,0.000,11.838,
2026-01-02 22:00:00,Friday,22,3.181,7.500,0.205,0.000,0.954,13.754,25.594,ładowanie EV
2026-01-02 23:00:00,Friday,23,2.820,8.333,0.000,0.000,0.000,9.989,21.142,ładowanie EV
2026-01-03 00:00:00,Saturday,0,2.054,7.194,0.000,0.000,0.000,9.092,18.340,ładowanie EV
2026-01-03 01:00:00,Saturday,1,3.107,7.530,0.000,0.000,0.000,10.394,21.031,ładowanie EV
2026-01-03 02:00:00,Saturday,2,3.186,8.452,0.000,0.000,0.000,13.312,24.950,ładowanie EV
2026-01-03 03:00:00,Saturday,3,2.231,7.859,0.000,0.000,0.000,16.346,26.436,ładowanie EV
2026-01-03 04:00:00,Saturday,4,2.263,8.448,0.000,0.000,0.000,15.371,26.082,ładowanie EV
2026-01-03 05:00:00,Saturday,5,2.737,7.454,0.000,0.000,0.000,10.638,20.829,ładowanie EV
2026-01-03 06:00:00,Saturday,6,2.367,6.866,0.205,1.240,0.000,0.000,10.678,
2026-01-03 07:00:00,Saturday,7,2.341,8.344,0.202,0.787,0.000,0.000,11.674,
2026-01-03 08:00:00,Saturday,8,2.696,8.830,0.262,0.644,0.000,0.000,12.432,
2026-01-03 09:00:00,Saturday,9,2.015,9.106,0.000,0.000,0.524,1.700,13.345,pompa basenu
2026-01-03 10:00:00,Saturday,10,1.914,8.977,0.000,0.000,0.540,2.684,14.115,pompa basenu
2026-01-03 11:00:00,Saturday,11,2.601,8.492,0.000,0.000,0.589,4.586,16.268,pompa basenu; pralka
2026-01-03 12:00:00,Saturday,12,2.696,7.091,0.000,1.622,0.182,6.983,18.574,pompa basenu; suszarka
2026-01-03 13:00:00,Saturday,13,2.111,7.362,0.000,0.000,0.499,2.259,12.231,pompa basenu
2026-01-03 14:00:00,Saturday,14,2.484,7.075,0.000,0.000,0.547,4.496,14.602,pompa basenu; zmywarka
2026-01-03 15:00:00,Saturday,15,2.114,8.181,0.000,0.000,0.310,1.463,12.068,pompa basenu
2026-01-03 16:00:00,Saturday,16,2.537,7.664,0.350,0.000,0.478,1.909,12.938,pompa basenu
2026-01-03 17:00:00,Saturday,17,2.088,9.543,0.566,5.642,0.908,0.000,18.747,
2026-01-03 18:00:00,Saturday,18,2.247,7.802,0.639,0.000,0.676,0.000,11.364,
2026-01-03 19:00:00,Saturday,19,1.950,7.668,0.623,0.000,0.612,16.300,27.153,sauna
2026-01-03 20:00:00,Saturday,20,2.942,9.230,0.660,0.000,0.807,20.130,33.769,sauna
2026-01-03 21:00:00,Saturday,21,2.339,7.418,0.290,0.000,0.711,17.328,28.086,sauna
2026-01-03 22:00:00,Saturday,22,2.190,8.278,0.283,0.000,0.750,13.570,25.071,ładowanie EV
2026-01-03 23:00:00,Saturday,23,1.969,7.188,0.000,0.000,0.000,10.598,19.755,ładowanie EV
2026-01-04 00:00:00,Sunday,0,2.581,7.565,0.000,0.000,0.000,11.316,21.462,ładowanie EV
2026-01-04 01:00:00,Sunday,1,2.160,8.793,0.000,0.000,0.000,11.999,22.952,ładowanie EV
2026-01-04 02:00:00,Sunday,2,3.041,9.368,0.000,0.000,0.000,9.878,22.287,ładowanie EV
2026-01-04 03:00:00,Sunday,3,2.026,8.374,0.000,0.000,0.000,16.236,26.636,ładowanie EV
2026-01-04 04:00:00,Sunday,4,2.705,7.924,0.000,0.000,0.000,12.454,23.083,ładowanie EV
2026-01-04 05:00:00,Sunday,5,2.875,9.159,0.000,0.000,0.000,13.510,25.544,ładowanie EV
2026-01-04 06:00:00,Sunday,6,2.252,9.306,0.262,0.791,0.000,0.000,12.611,
2026-01-04 07:00:00,Sunday,7,1.955,8.887,0.223,0.987,0.000,0.000,12.052,
2026-01-04 08:00:00,Sunday,8,2.965,8.137,0.432,1.095,0.000,0.000,12.629,
2026-01-04 09:00:00,Sunday,9,2.976,9.018,0.000,0.000,0.402,2.307,14.703,pompa basenu
2026-01-04 10:00:00,Sunday,10,2.291,9.764,0.000,0.000,0.600,2.254,14.909,pompa basenu
2026-01-04 11:00:00,Sunday,11,2.413,8.572,0.000,0.000,0.382,1.817,13.184,pompa basenu
2026-01-04 12:00:00,Sunday,12,2.098,7.746,0.000,0.000,0.833,1.874,12.551,pompa basenu
2026-01-04 13:00:00,Sunday,13,3.197,9.090,0.000,1.638,0.743,4.101,18.769,pompa basenu; zmywarka
2026-01-04 14:00:00,Sunday,14,1.914,7.236,0.000,0.000,0.175,1.511,10.836,pompa basenu
2026-01-04 15:00:00,Sunday,15,2.643,9.184,0.000,0.000,0.317,1.854,13.998,pompa basenu
2026-01-04 16:00:00,Sunday,16,2.794,9.044,0.147,0.000,0.619,2.369,14.973,pompa basenu
2026-01-04 17:00:00,Sunday,17,3.004,8.660,0.237,4.032,1.035,0.000,16.968,
2026-01-04 18:00:00,Sunday,18,3.128,9.566,0.317,0.000,0.653,0.000,13.664,
2026-01-04 19:00:00,Sunday,19,2.698,8.078,0.667,0.000,0.989,20.560,32.992,sauna
2026-01-04 20:00:00,Sunday,20,2.772,9.140,0.561,0.000,0.816,18.198,31.487,sauna
2026-01-04 21:00:00,Sunday,21,2.525,9.593,0.591,0.000,1.070,15.113,28.892,sauna
2026-01-04 22:00:00,Sunday,22,2.861,7.392,0.124,0.000,1.175,12.514,24.066,ładowanie EV
2026-01-04 23:00:00,Sunday,23,2.169,7.015,0.000,0.000,0.000,12.185,21.369,ładowanie EV
2026-01-05 00:00:00,Monday,0,2.390,7.585,0.000,0.000,0.000,15.541,25.516,ładowanie EV
2026-01-05 01:00:00,Monday,1,2.157,9.117,0.000,0.000,0.000,13.736,25.010,ładowanie EV
2026-01-05 02:00:00,Monday,2,2.461,7.183,0.000,0.000,0.000,8.135,17.779,ładowanie EV
2026-01-05 03:00:00,Monday,3,2.748,8.452,0.000,0.000,0.000,15.366,26.566,ładowanie EV
2026-01-05 04:00:00,Monday,4,2.514,8.533,0.000,0.000,0.000,15.909,26.956,ładowanie EV
2026-01-05 05:00:00,Monday,5,1.877,9.396,0.000,0.000,0.000,11.794,23.067,ładowanie EV
2026-01-05 06:00:00,Monday,6,3.114,9.931,0.212,1.226,0.000,0.000,14.483,
2026-01-05 07:00:00,Monday,7,2.293,10.470,0.334,0.419,0.000,0.000,13.516,
2026-01-05 08:00:00,Monday,8,2.714,8.197,0.308,1.037,0.000,0.000,12.256,
2026-01-05 09:00:00,Monday,9,2.942,7.369,0.000,0.000,0.414,1.748,12.473,pompa basenu
2026-01-05 10:00:00,Monday,10,2.877,7.546,0.000,0.000,0.345,1.937,12.705,pompa basenu
2026-01-05 11:00:00,Monday,11,2.500,7.399,0.000,0.000,0.386,2.086,12.371,pompa basenu
2026-01-05 12:00:00,Monday,12,2.751,7.144,0.000,1.824,0.405,2.378,14.502,pompa basenu
2026-01-05 13:00:00,Monday,13,3.192,8.032,0.000,0.000,0.350,2.169,13.743,pompa basenu
2026-01-05 14:00:00,Monday,14,1.900,9.067,0.000,0.000,0.665,1.684,13.316,pompa basenu
2026-01-05 15:00:00,Monday,15,2.210,7.206,0.000,0.000,0.577,2.012,12.005,pompa basenu
2026-01-05 16:00:00,Monday,16,2.790,7.560,0.361,0.000,0.467,2.470,13.648,pompa basenu
2026-01-05 17:00:00,Monday,17,3.080,8.572,0.402,0.000,0.918,0.000,12.972,
2026-01-05 18:00:00,Monday,18,2.496,7.652,0.644,4.331,0.971,0.000,16.094,
2026-01-05 19:00:00,Monday,19,2.530,8.390,0.421,0.000,1.074,0.000,12.415,
2026-01-05 20:00:00,Monday,20,2.804,7.795,0.235,0.000,1.208,2.033,14.075,zmywarka
2026-01-05 21:00:00,Monday,21,2.852,8.689,0.632,0.000,0.538,0.000,12.711,
2026-01-05 22:00:00,Monday,22,2.705,7.714,0.281,0.000,0.566,16.581,27.847,ładowanie EV
2026-01-05 23:00:00,Monday,23,2.928,7.457,0.000,0.000,0.000,12.616,23.001,ładowanie EV
2026-01-06 00:00:00,Tuesday,0,2.459,7.284,0.000,0.000,0.000,8.936,18.679,ładowanie EV
2026-01-06 01:00:00,Tuesday,1,2.944,7.622,0.000,0.000,0.000,11.617,22.183,ładowanie EV
2026-01-06 02:00:00,Tuesday,2,2.144,7.551,0.000,0.000,0.000,8.436,18.131,ładowanie EV
2026-01-06 03:00:00,Tuesday,3,2.790,7.864,0.000,0.000,0.000,12.544,23.198,ładowanie EV
2026-01-06 04:00:00,Tuesday,4,2.006,8.381,0.000,0.000,0.000,16.880,27.267,ładowanie EV
2026-01-06 05:00:00,Tuesday,5,2.123,9.140,0.000,0.000,0.000,13.931,25.194,ładowanie EV
2026-01-06 06:00:00,Tuesday,6,2.348,7.891,0.448,0.651,0.000,0.000,11.338,
2026-01-06 07:00:00,Tuesday,7,3.045,8.078,0.350,1.102,0.000,0.000,12.575,
2026-01-06 08:00:00,Tuesday,8,2.374,8.239,0.412,0.975,0.000,0.000,12.000,
2026-01-06 09:00:00,Tuesday,9,2.854,7.595,0.000,0.000,0.324,1.764,12.537,pompa basenu
2026-01-06 10:00:00,Tuesday,10,1.877,8.577,0.000,0.000,0.462,1.854,12.770,pompa basenu
2026-01-06 11:00:00,Tuesday,11,2.114,8.232,0.000,0.000,0.352,2.585,13.283,pompa basenu
2026-01-06 12:00:00,Tuesday,12,3.103,8.395,0.000,0.000,0.359,1.716,13.573,pompa basenu
2026-01-06 13:00:00,Tuesday,13,2.505,7.728,0.000,2.003,0.382,4.770,17.388,pompa basenu; pralka
2026-01-06 14:00:00,Tuesday,14,3.098,8.717,0.000,0.000,0.430,1.486,13.731,pompa basenu
2026-01-06 15:00:00,Tuesday,15,2.956,8.864,0.000,0.000,0.752,2.505,15.077,pompa basenu
2026-01-06 16:00:00,Tuesday,16,1.946,7.348,0.288,0.000,0.637,1.957,12.176,pompa basenu
2026-01-06 17:00:00,Tuesday,17,2.302,9.626,0.246,0.000,0.534,0.000,12.708,
2026-01-06 18:00:00,Tuesday,18,3.034,9.278,0.557,3.763,1.171,0.000,17.803,
2026-01-06 19:00:00,Tuesday,19,1.920,9.085,0.428,0.000,1.113,0.000,12.546,
2026-01-06 20:00:00,Tuesday,20,3.151,7.588,0.524,0.000,1.184,2.514,14.961,zmywarka
2026-01-06 21:00:00,Tuesday,21,3.002,7.926,0.435,0.000,1.019,0.000,12.382,
2026-01-06 22:00:00,Tuesday,22,2.348,7.829,0.244,0.000,0.593,8.586,19.600,ładowanie EV
2026-01-06 23:00:00,Tuesday,23,2.852,7.514,0.000,0.000,0.000,12.245,22.611,ładowanie EV
2026-01-07 00:00:00,Wednesday,0,2.217,6.872,0.000,0.000,0.000,15.210,24.299,ładowanie EV
2026-01-07 01:00:00,Wednesday,1,3.280,7.162,0.000,0.000,0.000,15.129,25.571,ładowanie EV
2026-01-07 02:00:00,Wednesday,2,2.622,7.024,0.000,0.000,0.000,15.343,24.989,ładowanie EV
2026-01-07 03:00:00,Wednesday,3,2.468,8.156,0.000,0.000,0.000,10.033,20.657,ładowanie EV
2026-01-07 04:00:00,Wednesday,4,2.574,7.602,0.000,0.000,0.000,8.351,18.527,ładowanie EV
2026-01-07 05:00:00,Wednesday,5,1.870,6.369,0.000,0.000,0.000,11.599,19.838,ładowanie EV
2026-01-07 06:00:00,Wednesday,6,2.486,7.450,0.260,0.713,0.000,0.000,10.909,
2026-01-07 07:00:00,Wednesday,7,2.926,8.441,0.170,0.945,0.000,0.000,12.482,
2026-01-07 08:00:00,Wednesday,8,2.006,8.271,0.366,0.635,0.000,0.000,11.278,
2026-01-07 09:00:00,Wednesday,9,3.215,7.832,0.000,0.000,0.377,2.670,14.094,pompa basenu
2026-01-07 10:00:00,Wednesday,10,3.050,8.137,0.000,0.000,0.373,1.447,13.007,pompa basenu
2026-01-07 11:00:00,Wednesday,11,2.505,7.799,0.000,0.000,0.306,2.553,13.163,pompa basenu
2026-01-07 12:00:00,Wednesday,12,2.661,6.357,0.000,0.000,0.409,1.835,11.262,pompa basenu
2026-01-07 13:00:00,Wednesday,13,2.684,6.757,0.000,1.109,0.506,1.612,12.668,pompa basenu
2026-01-07 14:00:00,Wednesday,14,2.443,6.640,0.000,0.000,0.764,2.360,12.207,pompa basenu
2026-01-07 15:00:00,Wednesday,15,2.397,7.565,0.000,0.000,0.635,2.440,13.037,pompa basenu
2026-01-07 16:00:00,Wednesday,16,2.466,8.526,0.232,0.000,0.621,2.606,14.451,pompa basenu
2026-01-07 17:00:00,Wednesday,17,3.064,6.500,0.621,3.358,0.642,0.000,14.185,
2026-01-07 18:00:00,Wednesday,18,2.921,6.980,0.446,0.000,1.120,0.000,11.467,
2026-01-07 19:00:00,Wednesday,19,2.433,7.059,0.294,0.000,0.554,1.893,12.233,zmywarka
2026-01-07 20:00:00,Wednesday,20,2.404,6.921,0.586,0.000,1.081,0.000,10.992,
2026-01-07 21:00:00,Wednesday,21,2.983,8.144,0.363,0.000,1.205,0.000,12.695,
2026-01-07 22:00:00,Wednesday,22,2.406,7.112,0.207,0.000,1.203,14.672,25.600,ładowanie EV
2026-01-07 23:00:00,Wednesday,23,2.592,7.689,0.000,0.000,0.000,9.209,19.490,ładowanie EV
2026-01-08 00:00:00,Thursday,0,2.562,7.252,0.000,0.000,0.000,16.332,26.146,ładowanie EV
2026-01-08 01:00:00,Thursday,1,1.877,7.118,0.000,0.000,0.000,9.343,18.338,ładowanie EV
2026-01-08 02:00:00,Thursday,2,1.840,7.868,0.000,0.000,0.000,9.876,19.584,ładowanie EV
2026-01-08 03:00:00,Thursday,3,2.404,6.649,0.000,0.000,0.000,14.432,23.485,ładowanie EV
2026-01-08 04:00:00,Thursday,4,2.371,8.540,0.000,0.000,0.000,15.674,26.585,ładowanie EV
2026-01-08 05:00:00,Thursday,5,2.351,8.103,0.000,0.000,0.000,13.140,23.594,ładowanie EV
2026-01-08 06:00:00,Thursday,6,3.084,7.769,0.196,0.821,0.000,0.000,11.870,
2026-01-08 07:00:00,Thursday,7,2.574,8.650,0.439,1.065,0.000,0.000,12.728,
2026-01-08 08:00:00,Thursday,8,2.923,7.542,0.198,0.853,0.000,0.000,11.516,
2026-01-08 09:00:00,Thursday,9,3.084,7.130,0.000,0.000,0.472,1.888,12.574,pompa basenu
2026-01-08 10:00:00,Thursday,10,3.029,7.137,0.000,0.000,0.384,1.914,12.464,pompa basenu
2026-01-08 11:00:00,Thursday,11,2.919,8.427,0.000,0.000,0.299,2.082,13.727,pompa basenu
2026-01-08 12:00:00,Thursday,12,3.151,7.958,0.000,0.000,0.292,2.496,13.897,pompa basenu
2026-01-08 13:00:00,Thursday,13,2.509,7.137,0.000,1.329,0.515,1.895,13.385,pompa basenu
2026-01-08 14:00:00,Thursday,14,2.751,8.878,0.000,0.000,0.646,1.552,13.827,pompa basenu
2026-01-08 15:00:00,Thursday,15,2.376,8.103,0.000,0.000,0.851,1.506,12.836,pompa basenu
2026-01-08 16:00:00,Thursday,16,1.854,7.376,0.163,0.000,0.534,1.513,11.440,pompa basenu
2026-01-08 17:00:00,Thursday,17,2.206,8.209,0.230,0.000,0.575,0.000,11.220,goście
2026-01-08 18:00:00,Thursday,18,3.133,8.080,0.469,9.987,0.773,0.000,22.442,goście
2026-01-08 19:00:00,Thursday,19,3.188,7.434,0.623,0.000,0.577,0.000,11.822,goście
2026-01-08 20:00:00,Thursday,20,3.153,7.411,0.669,0.000,0.851,2.650,14.734,goście; zmywarka
2026-01-08 21:00:00,Thursday,21,1.987,8.517,0.435,0.000,1.079,0.000,12.018,goście
2026-01-08 22:00:00,Thursday,22,3.160,8.335,0.212,0.000,0.718,11.270,23.695,ładowanie EV
2026-01-08 23:00:00,Thursday,23,2.148,7.381,0.000,0.000,0.000,11.850,21.379,ładowanie EV
2026-01-09 00:00:00,Friday,0,2.744,7.468,0.000,0.000,0.000,9.435,19.647,ładowanie EV
2026-01-09 01:00:00,Friday,1,3.176,7.537,0.000,0.000,0.000,13.830,24.543,ładowanie EV
2026-01-09 02:00:00,Friday,2,2.700,7.581,0.000,0.000,0.000,12.139,22.420,ładowanie EV
2026-01-09 03:00:00,Friday,3,2.916,6.882,0.000,0.000,0.000,13.425,23.223,ładowanie EV
2026-01-09 04:00:00,Friday,4,2.102,6.806,0.000,0.000,0.000,14.833,23.741,ładowanie EV
2026-01-09 05:00:00,Friday,5,2.969,8.781,0.000,0.000,0.000,13.073,24.823,ładowanie EV
2026-01-09 06:00:00,Friday,6,3.054,9.375,0.212,1.028,0.000,0.000,13.669,
2026-01-09 07:00:00,Friday,7,2.709,7.815,0.214,1.097,0.000,0.000,11.835,
2026-01-09 08:00:00,Friday,8,1.969,8.522,0.462,1.026,0.000,0.000,11.979,
2026-01-09 09:00:00,Friday,9,3.008,7.328,0.000,0.000,0.465,1.585,12.386,pompa basenu
2026-01-09 10:00:00,Friday,10,2.886,7.742,0.000,0.000,0.347,2.576,13.551,pompa basenu
2026-01-09 11:00:00,Friday,11,2.850,6.863,0.000,0.000,0.458,1.973,12.144,pompa basenu
2026-01-09 12:00:00,Friday,12,2.077,7.066,0.000,0.000,0.448,1.612,11.203,pompa basenu
2026-01-09 13:00:00,Friday,13,2.114,7.951,0.000,1.955,0.437,2.061,14.518,pompa basenu
2026-01-09 14:00:00,Friday,14,1.886,8.087,0.000,0.000,0.658,1.665,12.296,pompa basenu
2026-01-09 15:00:00,Friday,15,3.128,8.432,0.000,0.000,0.835,2.475,14.870,pompa basenu
2026-01-09 16:00:00,Friday,16,1.925,7.707,0.320,0.000,0.600,2.472,13.024,pompa basenu
2026-01-09 17:00:00,Friday,17,2.102,7.293,0.580,0.000,0.980,0.000,10.955,
2026-01-09 18:00:00,Friday,18,2.760,8.671,0.559,4.494,1.070,0.000,17.554,
2026-01-09 19:00:00,Friday,19,2.174,7.383,0.428,0.000,0.876,0.000,10.861,
2026-01-09 20:00:00,Friday,20,2.079,9.011,0.251,0.000,0.943,2.461,14.745,zmywarka
2026-01-09 21:00:00,Friday,21,3.206,8.595,0.320,0.000,1.095,0.000,13.216,
2026-01-09 22:00:00,Friday,22,2.328,6.980,0.198,0.000,0.925,12.850,23.281,ładowanie EV
2026-01-09 23:00:00,Friday,23,2.709,6.668,0.000,0.000,0.000,16.578,25.955,ładowanie EV
2026-01-10 00:00:00,Saturday,0,2.144,8.489,0.000,0.000,0.000,14.925,25.558,ładowanie EV
2026-01-10 01:00:00,Saturday,1,1.849,7.309,0.000,0.000,0.000,16.788,25.946,ładowanie EV
2026-01-10 02:00:00,Saturday,2,2.760,7.422,0.000,0.000,0.000,13.207,23.389,ładowanie EV
2026-01-10 03:00:00,Saturday,3,2.111,7.744,0.000,0.000,0.000,9.324,19.179,ładowanie EV
2026-01-10 04:00:00,Saturday,4,3.257,7.100,0.000,0.000,0.000,9.607,19.964,ładowanie EV
2026-01-10 05:00:00,Saturday,5,2.259,6.599,0.000,0.000,0.000,16.112,24.970,ładowanie EV
2026-01-10 06:00:00,Saturday,6,2.325,9.074,0.172,1.014,0.000,0.000,12.585,
2026-01-10 07:00:00,Saturday,7,2.900,8.436,0.426,1.173,0.000,0.000,12.935,
2026-01-10 08:00:00,Saturday,8,2.755,7.767,0.000,1.026,0.000,0.000,11.548,
2026-01-10 09:00:00,Saturday,9,2.850,7.638,0.000,0.000,0.419,1.870,12.777,pompa basenu
2026-01-10 10:00:00,Saturday,10,2.215,7.912,0.000,0.000,0.685,4.372,15.184,pompa basenu; pralka
2026-01-10 11:00:00,Saturday,11,2.880,9.214,0.000,0.000,0.221,5.667,17.982,pompa basenu; suszarka
2026-01-10 12:00:00,Saturday,12,3.137,9.267,0.000,0.000,0.575,2.139,15.118,pompa basenu
2026-01-10 13:00:00,Saturday,13,2.903,9.816,0.000,2.999,0.237,3.804,19.759,pompa basenu; zmywarka
2026-01-10 14:00:00,Saturday,14,2.716,8.202,0.000,0.000,0.518,1.826,13.262,pompa basenu
2026-01-10 15:00:00,Saturday,15,2.339,10.106,0.000,0.000,0.393,2.585,15.423,pompa basenu
2026-01-10 16:00:00,Saturday,16,1.886,7.631,0.343,0.000,0.432,1.983,12.275,pompa basenu
2026-01-10 17:00:00,Saturday,17,2.369,10.129,0.573,6.670,0.635,0.000,20.376,
2026-01-10 18:00:00,Saturday,18,3.183,10.267,0.593,0.000,0.711,0.000,14.754,
2026-01-10 19:00:00,Saturday,19,2.804,9.044,0.485,0.000,1.010,13.926,27.269,sauna
2026-01-10 20:00:00,Saturday,20,2.647,9.593,0.242,0.000,0.798,13.848,27.128,sauna
2026-01-10 21:00:00,Saturday,21,3.192,8.130,0.255,0.000,0.757,16.615,28.949,sauna
2026-01-10 22:00:00,Saturday,22,2.516,9.301,0.221,0.000,0.978,13.471,26.487,ładowanie EV
2026-01-10 23:00:00,Saturday,23,1.941,8.510,0.000,0.000,0.000,9.805,20.256,ładowanie EV
2026-01-11 00:00:00,Sunday,0,2.921,7.624,0.000,0.000,0.000,10.260,20.805,ładowanie EV
2026-01-11 01:00:00,Sunday,1,2.790,7.958,0.000,0.000,0.000,12.691,23.439,ładowanie EV
2026-01-11 02:00:00,Sunday,2,2.215,9.366,0.000,0.000,0.000,9.931,21.512,ładowanie EV
2026-01-11 03:00:00,Sunday,3,2.226,7.946,0.000,0.000,0.000,11.794,21.966,ładowanie EV
2026-01-11 04:00:00,Sunday,4,2.845,8.809,0.000,0.000,0.000,14.110,25.764,ładowanie EV
2026-01-11 05:00:00,Sunday,5,2.794,8.857,0.000,0.000,0.000,12.107,23.758,ładowanie EV
2026-01-11 06:00:00,Sunday,6,2.748,8.128,0.352,0.987,0.000,0.000,12.215,
2026-01-11 07:00:00,Sunday,7,2.870,7.700,0.301,0.635,0.000,0.000,11.506,
2026-01-11 08:00:00,Sunday,8,2.804,8.965,0.000,0.770,0.000,0.000,12.539,
2026-01-11 09:00:00,Sunday,9,3.119,8.581,0.000,0.000,0.702,2.569,14.971,pompa basenu
2026-01-11 10:00:00,Sunday,10,2.668,8.434,0.000,0.000,0.748,1.990,13.840,pompa basenu
2026-01-11 11:00:00,Sunday,11,2.813,8.724,0.000,0.000,0.619,1.672,13.828,pompa basenu
2026-01-11 12:00:00,Sunday,12,2.045,8.772,0.000,2.293,0.474,2.312,15.896,pompa basenu
2026-01-11 13:00:00,Sunday,13,2.399,9.138,0.000,0.000,0.807,3.968,16.312,pompa basenu; zmywarka
2026-01-11 14:00:00,Sunday,14,2.052,7.153,0.000,0.000,0.637,1.863,11.705,pompa basenu
2026-01-11 15:00:00,Sunday,15,2.376,9.552,0.000,0.000,0.370,1.727,14.025,pompa basenu
2026-01-11 16:00:00,Sunday,16,2.686,8.377,0.152,0.000,0.577,2.185,13.977,pompa basenu
2026-01-11 17:00:00,Sunday,17,3.114,8.993,0.667,4.280,1.051,0.000,18.105,
2026-01-11 18:00:00,Sunday,18,2.765,7.760,0.568,0.000,1.173,0.000,12.266,
2026-01-11 19:00:00,Sunday,19,3.036,8.278,0.377,0.000,0.674,15.994,28.359,sauna
2026-01-11 20:00:00,Sunday,20,2.946,8.179,0.267,0.000,0.531,18.255,30.178,sauna
2026-01-11 21:00:00,Sunday,21,2.638,9.193,0.598,0.000,0.856,14.945,28.230,sauna
2026-01-11 22:00:00,Sunday,22,3.096,9.184,0.331,0.000,0.794,10.320,23.725,ładowanie EV
2026-01-11 23:00:00,Sunday,23,2.751,8.662,0.000,0.000,0.000,10.053,21.466,ładowanie EV
2026-01-12 00:00:00,Monday,0,2.312,9.718,0.000,0.000,0.000,13.733,25.763,ładowanie EV
2026-01-12 01:00:00,Monday,1,2.429,10.196,0.000,0.000,0.000,11.774,24.399,ładowanie EV
2026-01-12 02:00:00,Monday,2,1.939,8.731,0.000,0.000,0.000,10.886,21.556,ładowanie EV
2026-01-12 03:00:00,Monday,3,3.052,8.807,0.000,0.000,0.000,8.255,20.114,ładowanie EV
2026-01-12 04:00:00,Monday,4,2.528,10.079,0.000,0.000,0.000,16.567,29.174,ładowanie EV
2026-01-12 05:00:00,Monday,5,2.813,9.589,0.000,0.000,0.000,14.771,27.173,ładowanie EV
2026-01-12 06:00:00,Monday,6,3.121,8.841,0.414,0.727,0.000,0.000,13.103,
2026-01-12 07:00:00,Monday,7,2.456,10.242,0.179,0.922,0.000,0.000,13.799,
2026-01-12 08:00:00,Monday,8,2.564,7.875,0.274,0.874,0.000,0.000,11.587,
2026-01-12 09:00:00,Monday,9,3.075,9.191,0.000,0.000,0.409,2.601,15.276,pompa basenu
2026-01-12 10:00:00,Monday,10,2.141,10.394,0.000,0.000,0.492,2.558,15.585,pompa basenu
2026-01-12 11:00:00,Monday,11,2.174,8.163,0.000,0.000,0.407,2.157,12.901,pompa basenu
2026-01-12 12:00:00,Monday,12,3.213,7.937,0.000,1.398,0.320,1.596,14.464,pompa basenu
2026-01-12 13:00:00,Monday,13,2.063,7.112,0.000,0.000,0.492,1.817,11.484,pompa basenu
2026-01-12 14:00:00,Monday,14,3.158,7.921,0.000,0.000,0.511,2.525,14.115,pompa basenu
2026-01-12 15:00:00,Monday,15,1.868,7.385,0.000,0.000,0.589,1.953,11.795,pompa basenu
2026-01-12 16:00:00,Monday,16,1.973,6.256,0.189,0.000,0.715,1.932,11.065,pompa basenu
2026-01-12 17:00:00,Monday,17,2.682,6.767,0.580,2.689,1.171,0.000,13.889,
2026-01-12 18:00:00,Monday,18,2.889,6.599,0.600,0.000,0.667,0.000,10.755,
2026-01-12 19:00:00,Monday,19,2.224,6.652,0.511,0.000,0.966,1.953,12.306,zmywarka
2026-01-12 20:00:00,Monday,20,2.774,7.795,0.665,0.000,0.915,0.000,12.149,
2026-01-12 21:00:00,Monday,21,2.123,6.992,0.412,0.000,1.081,0.000,10.608,
2026-01-12 22:00:00,Monday,22,2.070,7.556,0.129,0.000,0.575,15.955,26.285,ładowanie EV
2026-01-12 23:00:00,Monday,23,2.337,6.516,0.000,0.000,0.000,13.370,22.223,ładowanie EV
2026-01-13 00:00:00,Tuesday,0,2.399,6.815,0.000,0.000,0.000,9.731,18.945,ładowanie EV
2026-01-13 01:00:00,Tuesday,1,2.139,7.583,0.000,0.000,0.000,11.604,21.326,ładowanie EV
2026-01-13 02:00:00,Tuesday,2,1.980,6.438,0.000,0.000,0.000,11.783,20.201,ładowanie EV
2026-01-13 03:00:00,Tuesday,3,3.144,7.369,0.000,0.000,0.000,12.418,22.931,ładowanie EV
2026-01-13 04:00:00,Tuesday,4,2.433,6.978,0.000,0.000,0.000,9.386,18.797,ładowanie EV
2026-01-13 05:00:00,Tuesday,5,3.137,6.833,0.000,0.000,0.000,8.952,18.922,ładowanie EV
2026-01-13 06:00:00,Tuesday,6,3.075,7.362,0.242,1.208,0.000,0.000,11.887,
2026-01-13 07:00:00,Tuesday,7,3.142,7.086,0.244,0.752,0.000,0.000,11.224,
2026-01-13 08:00:00,Tuesday,8,2.571,7.305,0.237,0.393,0.000,0.000,10.506,
2026-01-13 09:00:00,Tuesday,9,3.169,6.939,0.000,0.000,0.419,2.376,12.903,pompa basenu
2026-01-13 10:00:00,Tuesday,10,2.617,7.072,0.000,0.000,0.511,1.891,12.091,pompa basenu
2026-01-13 11:00:00,Tuesday,11,2.401,6.461,0.000,0.000,0.421,1.513,10.796,pompa basenu
2026-01-13 12:00:00,Tuesday,12,2.185,5.711,0.000,1.228,0.310,3.733,13.167,pompa basenu; pralka
2026-01-13 13:00:00,Tuesday,13,3.160,6.723,0.000,0.000,0.439,7.284,17.606,pompa basenu; suszarka
2026-01-13 14:00:00,Tuesday,14,3.167,5.897,0.000,0.000,0.439,2.341,11.844,pompa basenu
2026-01-13 15:00:00,Tuesday,15,1.962,7.194,0.000,0.000,0.780,2.507,12.443,pompa basenu
2026-01-13 16:00:00,Tuesday,16,2.999,6.288,0.343,0.000,0.294,1.932,11.856,pompa basenu
2026-01-13 17:00:00,Tuesday,17,2.997,6.150,0.338,3.319,0.667,0.000,13.471,
2026-01-13 18:00:00,Tuesday,18,2.822,5.180,0.334,0.000,0.888,0.000,9.224,
2026-01-13 19:00:00,Tuesday,19,2.390,6.435,0.278,0.000,0.600,0.000,9.703,
2026-01-13 20:00:00,Tuesday,20,2.387,5.272,0.580,0.000,0.610,0.000,8.849,
2026-01-13 21:00:00,Tuesday,21,1.907,5.741,0.405,0.000,0.529,0.000,8.582,
2026-01-13 22:00:00,Tuesday,22,2.079,5.037,0.306,0.000,0.708,8.501,16.631,ładowanie EV
2026-01-13 23:00:00,Tuesday,23,2.978,5.902,0.000,0.000,0.000,14.679,23.559,ładowanie EV
2026-01-14 00:00:00,Wednesday,0,3.045,4.943,0.000,0.000,0.000,9.212,17.200,ładowanie EV
2026-01-14 01:00:00,Wednesday,1,2.709,5.235,0.000,0.000,0.000,9.120,17.064,ładowanie EV
2026-01-14 02:00:00,Wednesday,2,2.141,5.704,0.000,0.000,0.000,11.491,19.336,ładowanie EV
2026-01-14 03:00:00,Wednesday,3,2.288,5.322,0.000,0.000,0.000,16.160,23.770,ładowanie EV
2026-01-14 04:00:00,Wednesday,4,2.689,5.881,0.000,0.000,0.000,8.055,16.625,ładowanie EV
2026-01-14 05:00:00,Wednesday,5,2.783,4.871,0.000,0.000,0.000,10.306,17.960,ładowanie EV
2026-01-14 06:00:00,Wednesday,6,3.002,5.952,0.184,0.605,0.000,0.000,9.743,
2026-01-14 07:00:00,Wednesday,7,2.026,5.055,0.202,0.628,0.000,0.000,7.911,
2026-01-14 08:00:00,Wednesday,8,2.797,4.915,0.274,1.184,0.000,0.000,9.170,
2026-01-14 09:00:00,Wednesday,9,3.128,5.324,0.000,0.000,0.308,2.638,11.398,pompa basenu
2026-01-14 10:00:00,Wednesday,10,2.019,4.692,0.000,0.000,0.407,2.139,9.257,pompa basenu
2026-01-14 11:00:00,Wednesday,11,1.916,6.136,0.000,0.000,0.432,2.217,10.701,pompa basenu
2026-01-14 12:00:00,Wednesday,12,2.585,5.727,0.000,0.000,0.511,2.629,11.452,pompa basenu
2026-01-14 13:00:00,Wednesday,13,2.903,6.026,0.000,0.757,0.469,2.068,12.223,pompa basenu
2026-01-14 14:00:00,Wednesday,14,2.316,5.306,0.000,0.000,0.292,1.686,9.600,pompa basenu
2026-01-14 15:00:00,Wednesday,15,2.889,4.450,0.000,0.000,0.628,2.397,10.364,pompa basenu
2026-01-14 16:00:00,Wednesday,16,3.105,4.894,0.283,0.000,0.568,1.914,10.764,pompa basenu
2026-01-14 17:00:00,Wednesday,17,2.907,5.561,0.350,4.046,0.630,0.000,13.494,
2026-01-14 18:00:00,Wednesday,18,1.858,6.769,0.435,0.000,0.906,0.000,9.968,
2026-01-14 19:00:00,Wednesday,19,2.226,5.692,0.423,0.000,1.086,1.941,11.368,zmywarka
2026-01-14 20:00:00,Wednesday,20,2.882,6.778,0.278,0.000,0.881,0.000,10.819,
2026-01-14 21:00:00,Wednesday,21,2.102,6.532,0.610,0.000,0.773,0.000,10.017,
2026-01-14 22:00:00,Wednesday,22,2.820,5.734,0.253,0.000,0.724,14.913,24.444,ładowanie EV
2026-01-14 23:00:00,Wednesday,23,1.886,6.895,0.000,0.000,0.000,16.903,25.684,ładowanie EV
2026-01-15 00:00:00,Thursday,0,2.962,7.017,0.000,0.000,0.000,16.434,26.413,ładowanie EV
2026-01-15 01:00:00,Thursday,1,2.820,6.415,0.000,0.000,0.000,13.887,23.122,ładowanie EV
2026-01-15 02:00:00,Thursday,2,3.008,5.948,0.000,0.000,0.000,9.379,18.335,ładowanie EV
2026-01-15 03:00:00,Thursday,3,3.052,7.079,0.000,0.000,0.000,11.960,22.091,ładowanie EV
2026-01-15 04:00:00,Thursday,4,2.868,7.496,0.000,0.000,0.000,12.698,23.062,ładowanie EV
2026-01-15 05:00:00,Thursday,5,2.169,7.503,0.000,0.000,0.000,13.168,22.840,ładowanie EV
2026-01-15 06:00:00,Thursday,6,2.838,6.479,0.255,0.851,0.000,0.000,10.423,
2026-01-15 07:00:00,Thursday,7,3.027,7.659,0.214,0.936,0.000,0.000,11.836,
2026-01-15 08:00:00,Thursday,8,3.059,7.470,0.373,0.902,0.000,0.000,11.804,
2026-01-15 09:00:00,Thursday,9,3.146,7.445,0.000,0.000,0.398,1.964,12.953,pompa basenu
2026-01-15 10:00:00,Thursday,10,2.229,6.776,0.000,0.000,0.324,2.555,11.884,pompa basenu
2026-01-15 11:00:00,Thursday,11,2.659,5.909,0.000,0.000,0.361,1.408,10.337,pompa basenu
2026-01-15 12:00:00,Thursday,12,2.838,6.051,0.000,1.661,0.446,1.493,12.489,pompa basenu
2026-01-15 13:00:00,Thursday,13,2.742,5.697,0.000,0.000,0.347,2.629,11.415,pompa basenu
2026-01-15 14:00:00,Thursday,14,2.877,6.408,0.000,0.000,0.345,2.647,12.277,pompa basenu
2026-01-15 15:00:00,Thursday,15,2.406,5.697,0.000,0.000,0.393,2.351,10.847,pompa basenu
2026-01-15 16:00:00,Thursday,16,1.914,5.465,0.402,0.000,0.421,2.634,10.836,pompa basenu
2026-01-15 17:00:00,Thursday,17,2.728,6.302,0.577,3.105,1.074,0.000,13.786,
2026-01-15 18:00:00,Thursday,18,3.103,5.416,0.442,0.000,0.959,0.000,9.920,
2026-01-15 19:00:00,Thursday,19,2.896,6.212,0.674,0.000,0.954,0.000,10.736,
2026-01-15 20:00:00,Thursday,20,1.861,5.847,0.253,0.000,1.116,2.100,11.177,zmywarka
2026-01-15 21:00:00,Thursday,21,2.645,5.387,0.393,0.000,0.568,0.000,8.993,
2026-01-15 22:00:00,Thursday,22,2.461,5.796,0.133,0.000,0.987,15.518,24.895,ładowanie EV
2026-01-15 23:00:00,Thursday,23,3.098,5.458,0.000,0.000,0.000,13.018,21.574,ładowanie EV
2026-01-16 00:00:00,Friday,0,2.521,5.784,0.000,0.000,0.000,11.040,19.345,ładowanie EV
2026-01-16 01:00:00,Friday,1,2.045,5.028,0.000,0.000,0.000,14.340,21.413,ładowanie EV
2026-01-16 02:00:00,Friday,2,2.351,5.278,0.000,0.000,0.000,13.924,21.553,ładowanie EV
2026-01-16 03:00:00,Friday,3,2.236,4.572,0.000,0.000,0.000,16.896,23.704,ładowanie EV
2026-01-16 04:00:00,Friday,4,2.530,5.350,0.000,0.000,0.000,16.415,24.295,ładowanie EV
2026-01-16 05:00:00,Friday,5,2.323,5.421,0.000,0.000,0.000,15.392,23.136,ładowanie EV
2026-01-16 06:00:00,Friday,6,2.190,4.844,0.248,0.881,0.000,0.000,8.163,
2026-01-16 07:00:00,Friday,7,2.981,5.244,0.177,0.734,0.000,0.000,9.136,
2026-01-16 08:00:00,Friday,8,1.861,6.084,0.294,0.421,0.000,0.000,8.660,
2026-01-16 09:00:00,Friday,9,2.875,6.130,0.000,0.000,0.294,1.442,10.741,pompa basenu
2026-01-16 10:00:00,Friday,10,2.426,5.619,0.000,0.000,0.359,2.328,10.732,pompa basenu
2026-01-16 11:00:00,Friday,11,3.004,4.779,0.000,0.000,0.467,1.516,9.766,pompa basenu
2026-01-16 12:00:00,Friday,12,2.629,5.242,0.000,0.856,0.481,2.199,11.407,pompa basenu
2026-01-16 13:00:00,Friday,13,2.735,4.759,0.000,0.000,0.490,1.838,9.822,pompa basenu
2026-01-16 14:00:00,Friday,14,3.059,5.283,0.000,0.000,0.828,2.371,11.541,pompa basenu
2026-01-16 15:00:00,Friday,15,2.507,5.256,0.000,0.000,0.391,1.939,10.093,pompa basenu
2026-01-16 16:00:00,Friday,16,3.082,5.168,0.313,0.000,0.840,2.670,12.073,pompa basenu
2026-01-16 17:00:00,Friday,17,3.158,5.637,0.373,0.000,0.932,0.000,10.100,
2026-01-16 18:00:00,Friday,18,2.670,4.934,0.260,3.443,1.102,0.000,12.409,
2026-01-16 19:00:00,Friday,19,3.036,5.805,0.642,0.000,0.915,0.000,10.398,
2026-01-16 20:00:00,Friday,20,3.211,5.626,0.649,0.000,0.830,2.401,12.717,zmywarka
2026-01-16 21:00:00,Friday,21,3.213,6.049,0.382,0.000,0.722,0.000,10.366,
2026-01-16 22:00:00,Friday,22,1.870,5.435,0.212,0.000,0.918,10.868,19.303,ładowanie EV
2026-01-16 23:00:00,Friday,23,3.011,6.109,0.000,0.000,0.000,9.761,18.881,ładowanie EV
2026-01-17 00:00:00,Saturday,0,2.431,5.927,0.000,0.000,0.000,16.618,24.976,ładowanie EV
2026-01-17 01:00:00,Saturday,1,2.318,6.302,0.000,0.000,0.000,13.195,21.815,ładowanie EV
2026-01-17 02:00:00,Saturday,2,3.160,4.549,0.000,0.000,0.000,14.541,22.250,ładowanie EV
2026-01-17 03:00:00,Saturday,3,3.103,4.664,0.000,0.000,0.000,14.764,22.531,ładowanie EV
2026-01-17 04:00:00,Saturday,4,1.902,5.515,0.000,0.000,0.000,10.716,18.133,ładowanie EV
2026-01-17 05:00:00,Saturday,5,2.146,6.155,0.000,0.000,0.000,15.944,24.245,ładowanie EV
2026-01-17 06:00:00,Saturday,6,2.286,7.270,0.354,0.798,0.000,0.000,10.708,
2026-01-17 07:00:00,Saturday,7,2.240,6.461,0.172,0.522,0.000,0.000,9.395,
2026-01-17 08:00:00,Saturday,8,2.426,6.293,0.209,0.950,0.000,0.000,9.878,
2026-01-17 09:00:00,Saturday,9,2.829,6.925,0.000,0.000,0.589,2.203,12.546,pompa basenu
2026-01-17 10:00:00,Saturday,10,1.854,6.274,0.000,0.000,0.214,1.937,10.279,pompa basenu
2026-01-17 11:00:00,Saturday,11,2.597,6.941,0.000,0.000,0.402,3.832,13.772,pompa basenu; pralka
2026-01-17 12:00:00,Saturday,12,2.889,7.445,0.000,1.663,0.285,7.355,19.637,pompa basenu; suszarka
2026-01-17 13:00:00,Saturday,13,2.422,5.755,0.000,0.000,0.193,1.702,10.072,pompa basenu
2026-01-17 14:00:00,Saturday,14,2.974,6.840,0.000,0.000,0.626,5.131,15.571,pompa basenu; zmywarka
2026-01-17 15:00:00,Saturday,15,2.682,6.527,0.000,0.000,0.324,2.597,12.130,pompa basenu
2026-01-17 16:00:00,Saturday,16,2.896,6.139,0.331,0.000,0.580,2.748,12.694,pompa basenu
2026-01-17 17:00:00,Saturday,17,1.983,6.882,0.416,0.000,0.803,0.000,10.084,
2026-01-17 18:00:00,Saturday,18,2.376,6.332,0.644,4.209,0.552,0.000,14.113,
2026-01-17 19:00:00,Saturday,19,2.864,6.585,0.347,0.000,0.902,18.002,28.700,sauna
2026-01-17 20:00:00,Saturday,20,2.751,6.794,0.566,0.000,0.954,15.157,26.222,sauna
2026-01-17 21:00:00,Saturday,21,2.769,7.112,0.402,0.000,1.113,20.587,31.983,sauna
2026-01-17 22:00:00,Saturday,22,2.723,5.302,0.308,0.000,0.807,8.706,17.846,ładowanie EV
2026-01-17 23:00:00,Saturday,23,2.033,5.692,0.000,0.000,0.000,14.439,22.164,ładowanie EV
2026-01-18 00:00:00,Sunday,0,2.663,6.426,0.000,0.000,0.000,8.733,17.822,ładowanie EV
2026-01-18 01:00:00,Sunday,1,2.857,6.141,0.000,0.000,0.000,11.470,20.468,ładowanie EV
2026-01-18 02:00:00,Sunday,2,2.958,5.566,0.000,0.000,0.000,12.250,20.774,ładowanie EV
2026-01-18 03:00:00,Sunday,3,2.732,5.605,0.000,0.000,0.000,12.866,21.203,ładowanie EV
2026-01-18 04:00:00,Sunday,4,2.397,5.389,0.000,0.000,0.000,9.538,17.324,ładowanie EV
2026-01-18 05:00:00,Sunday,5,2.539,5.872,0.000,0.000,0.000,12.822,21.233,ładowanie EV
2026-01-18 06:00:00,Sunday,6,2.608,5.906,0.235,0.692,0.000,0.000,9.441,
2026-01-18 07:00:00,Sunday,7,2.629,6.569,0.384,0.646,0.000,0.000,10.228,
2026-01-18 08:00:00,Sunday,8,2.196,6.707,0.163,0.727,0.000,0.000,9.793,
2026-01-18 09:00:00,Sunday,9,1.868,5.922,0.000,0.000,0.419,2.045,10.254,pompa basenu
2026-01-18 10:00:00,Sunday,10,1.969,6.104,0.000,0.000,0.734,1.766,10.573,pompa basenu
2026-01-18 11:00:00,Sunday,11,2.838,5.637,0.000,0.000,0.334,1.700,10.509,pompa basenu
2026-01-18 12:00:00,Sunday,12,3.181,6.590,0.000,3.103,0.292,2.696,15.862,pompa basenu
2026-01-18 13:00:00,Sunday,13,3.195,6.514,0.000,0.000,0.534,3.972,14.215,pompa basenu; zmywarka
2026-01-18 14:00:00,Sunday,14,2.813,5.375,0.000,0.000,0.292,1.925,10.405,pompa basenu
2026-01-18 15:00:00,Sunday,15,3.142,5.106,0.000,0.000,0.437,2.367,11.052,pompa basenu
2026-01-18 16:00:00,Sunday,16,2.213,6.799,0.297,0.000,0.304,1.631,11.244,pompa basenu
2026-01-18 17:00:00,Sunday,17,3.126,6.203,0.426,0.000,1.194,0.000,10.949,
2026-01-18 18:00:00,Sunday,18,1.847,7.450,0.499,3.011,0.674,0.000,13.481,
2026-01-18 19:00:00,Sunday,19,2.438,7.192,0.465,0.000,0.994,13.984,25.073,sauna
2026-01-18 20:00:00,Sunday,20,2.334,6.088,0.428,0.000,0.865,14.725,24.440,sauna
2026-01-18 21:00:00,Sunday,21,2.732,6.247,0.607,0.000,0.550,20.160,30.296,sauna
2026-01-18 22:00:00,Sunday,22,2.794,6.571,0.329,0.000,0.853,11.594,22.141,ładowanie EV
2026-01-18 23:00:00,Sunday,23,3.070,5.564,0.000,0.000,0.000,9.970,18.604,ładowanie EV
2026-01-19 00:00:00,Monday,0,3.024,6.366,0.000,0.000,0.000,8.666,18.056,ładowanie EV
2026-01-19 01:00:00,Monday,1,2.820,5.440,0.000,0.000,0.000,11.893,20.153,ładowanie EV
2026-01-19 02:00:00,Monday,2,2.928,6.723,0.000,0.000,0.000,14.531,24.182,ładowanie EV
2026-01-19 03:00:00,Monday,3,3.066,6.461,0.000,0.000,0.000,14.350,23.877,ładowanie EV
2026-01-19 04:00:00,Monday,4,3.211,7.342,0.000,0.000,0.000,11.183,21.736,ładowanie EV
2026-01-19 05:00:00,Monday,5,2.668,5.653,0.000,0.000,0.000,11.040,19.361,ładowanie EV
2026-01-19 06:00:00,Monday,6,2.155,6.711,0.269,1.058,0.000,0.000,10.193,
2026-01-19 07:00:00,Monday,7,2.380,7.238,0.414,1.017,0.000,0.000,11.049,
2026-01-19 08:00:00,Monday,8,3.144,7.868,0.000,1.385,0.000,0.000,12.397,
2026-01-19 09:00:00,Monday,9,2.295,7.305,0.000,0.000,0.632,1.776,12.008,praca zdalna; pompa basenu
2026-01-19 10:00:00,Monday,10,2.445,6.044,0.000,0.000,0.773,1.405,10.667,praca zdalna; pompa basenu
2026-01-19 11:00:00,Monday,11,2.323,6.698,0.000,0.000,0.754,2.196,11.971,praca zdalna; pompa basenu
2026-01-19 12:00:00,Monday,12,3.038,6.826,0.000,1.148,0.775,2.003,13.790,praca zdalna; pompa basenu
2026-01-19 13:00:00,Monday,13,2.893,6.336,0.000,0.000,0.761,1.603,11.593,praca zdalna; pompa basenu
2026-01-19 14:00:00,Monday,14,2.075,6.544,0.000,0.000,0.731,1.891,11.241,praca zdalna; pompa basenu
2026-01-19 15:00:00,Monday,15,2.024,5.849,0.000,0.000,0.708,2.709,11.290,praca zdalna; pompa basenu
2026-01-19 16:00:00,Monday,16,1.902,6.035,0.248,0.000,0.812,1.782,10.779,praca zdalna; pompa basenu
2026-01-19 17:00:00,Monday,17,2.454,7.332,0.596,0.000,0.819,0.000,11.201,
2026-01-19 18:00:00,Monday,18,2.631,6.452,0.637,4.676,0.819,0.000,15.215,
2026-01-19 19:00:00,Monday,19,2.169,6.265,0.334,0.000,1.134,0.000,9.902,
2026-01-19 20:00:00,Monday,20,2.592,7.220,0.414,0.000,0.812,2.206,13.244,zmywarka
2026-01-19 21:00:00,Monday,21,2.208,6.555,0.603,0.000,0.690,0.000,10.056,
2026-01-19 22:00:00,Monday,22,2.240,6.612,0.202,0.000,1.070,10.350,20.474,ładowanie EV
2026-01-19 23:00:00,Monday,23,3.232,5.764,0.000,0.000,0.000,11.160,20.156,ładowanie EV
2026-01-20 00:00:00,Tuesday,0,2.944,5.352,0.000,0.000,0.000,12.843,21.139,ładowanie EV
2026-01-20 01:00:00,Tuesday,1,2.514,5.444,0.000,0.000,0.000,13.006,20.964,ładowanie EV
2026-01-20 02:00:00,Tuesday,2,2.229,5.230,0.000,0.000,0.000,9.234,16.693,ładowanie EV
2026-01-20 03:00:00,Tuesday,3,3.204,6.461,0.000,0.000,0.000,11.804,21.469,ładowanie EV
2026-01-20 04:00:00,Tuesday,4,1.854,5.808,0.000,0.000,0.000,9.200,16.862,ładowanie EV
2026-01-20 05:00:00,Tuesday,5,3.064,7.026,0.000,0.000,0.000,16.670,26.760,ładowanie EV
2026-01-20 06:00:00,Tuesday,6,2.716,6.378,0.446,1.028,0.000,0.000,10.568,
2026-01-20 07:00:00,Tuesday,7,2.475,5.962,0.354,0.886,0.000,0.000,9.677,
2026-01-20 08:00:00,Tuesday,8,2.231,6.150,0.000,0.814,0.000,0.000,9.195,
2026-01-20 09:00:00,Tuesday,9,2.700,7.560,0.000,0.000,0.347,1.474,12.081,pompa basenu
2026-01-20 10:00:00,Tuesday,10,2.233,7.526,0.000,0.000,0.492,1.449,11.700,pompa basenu
2026-01-20 11:00:00,Tuesday,11,2.624,7.744,0.000,0.000,0.338,1.835,12.541,pompa basenu
2026-01-20 12:00:00,Tuesday,12,2.160,6.774,0.000,0.000,0.359,2.463,11.756,pompa basenu
2026-01-20 13:00:00,Tuesday,13,1.895,6.769,0.000,1.145,0.294,1.412,11.515,pompa basenu
2026-01-20 14:00:00,Tuesday,14,2.065,7.254,0.000,0.000,0.860,2.914,13.093,pompa basenu; pralka
2026-01-20 15:00:00,Tuesday,15,2.896,7.045,0.000,0.000,0.603,8.331,18.875,pompa basenu; suszarka
2026-01-20 16:00:00,Tuesday,16,2.415,7.401,0.389,0.000,0.729,1.559,12.493,pompa basenu
2026-01-20 17:00:00,Tuesday,17,2.748,6.790,0.375,0.000,1.024,0.000,10.937,
2026-01-20 18:00:00,Tuesday,18,2.953,7.841,0.534,4.237,1.168,0.000,16.733,
2026-01-20 19:00:00,Tuesday,19,3.165,7.832,0.430,0.000,0.614,0.000,12.041,
2026-01-20 20:00:00,Tuesday,20,3.116,8.252,0.437,0.000,0.913,2.472,15.190,zmywarka
2026-01-20 21:00:00,Tuesday,21,2.121,7.256,0.598,0.000,1.198,0.000,11.173,
2026-01-20 22:00:00,Tuesday,22,2.404,7.882,0.223,0.000,1.081,13.795,25.385,ładowanie EV
2026-01-20 23:00:00,Tuesday,23,2.751,7.413,0.000,0.000,0.000,10.660,20.824,ładowanie EV
2026-01-21 00:00:00,Wednesday,0,1.909,7.818,0.000,0.000,0.000,11.190,20.917,ładowanie EV
2026-01-21 01:00:00,Wednesday,1,2.169,7.677,0.000,0.000,0.000,15.010,24.856,ładowanie EV
2026-01-21 02:00:00,Wednesday,2,2.558,6.304,0.000,0.000,0.000,15.244,24.106,ładowanie EV
2026-01-21 03:00:00,Wednesday,3,2.056,8.427,0.000,0.000,0.000,8.970,19.453,ładowanie EV
2026-01-21 04:00:00,Wednesday,4,2.040,7.507,0.000,0.000,0.000,14.272,23.819,ładowanie EV
2026-01-21 05:00:00,Wednesday,5,2.452,6.762,0.000,0.000,0.000,9.212,18.426,ładowanie EV
2026-01-21 06:00:00,Wednesday,6,2.392,7.429,0.398,0.853,0.000,0.000,11.072,
2026-01-21 07:00:00,Wednesday,7,2.521,8.344,0.218,1.014,0.000,0.000,12.097,
2026-01-21 08:00:00,Wednesday,8,2.300,7.921,0.000,0.989,0.000,0.000,11.210,
2026-01-21 09:00:00,Wednesday,9,1.861,7.532,0.000,0.000,0.414,2.472,12.279,pompa basenu
2026-01-21 10:00:00,Wednesday,10,2.546,8.025,0.000,0.000,0.350,1.932,12.853,pompa basenu
2026-01-21 11:00:00,Wednesday,11,2.459,8.170,0.000,0.000,0.430,2.261,13.320,pompa basenu
2026-01-21 12:00:00,Wednesday,12,2.974,7.351,0.000,0.000,0.455,1.385,12.165,pompa basenu
2026-01-21 13:00:00,Wednesday,13,1.845,6.962,0.000,1.937,0.409,2.709,13.862,pompa basenu
2026-01-21 14:00:00,Wednesday,14,2.774,8.650,0.000,0.000,0.810,1.440,13.674,pompa basenu
2026-01-21 15:00:00,Wednesday,15,2.700,7.183,0.000,0.000,0.297,2.608,12.788,pompa basenu
2026-01-21 16:00:00,Wednesday,16,2.893,7.194,0.225,0.000,0.750,1.582,12.644,pompa basenu
2026-01-21 17:00:00,Wednesday,17,2.755,7.896,0.299,0.000,1.145,0.000,12.095,
2026-01-21 18:00:00,Wednesday,18,2.512,6.590,0.513,4.269,0.605,0.000,14.489,
2026-01-21 19:00:00,Wednesday,19,2.185,7.558,0.356,0.000,0.892,0.000,10.991,
2026-01-21 20:00:00,Wednesday,20,2.176,7.779,0.338,0.000,0.840,1.976,13.109,zmywarka
2026-01-21 21:00:00,Wednesday,21,2.834,6.944,0.552,0.000,0.886,0.000,11.216,
2026-01-21 22:00:00,Wednesday,22,2.965,6.449,0.166,0.000,0.842,13.800,24.222,ładowanie EV
2026-01-21 23:00:00,Wednesday,23,2.650,5.826,0.000,0.000,0.000,9.839,18.315,ładowanie EV
2026-01-22 00:00:00,Thursday,0,2.567,6.182,0.000,0.000,0.000,13.027,21.776,ładowanie EV
2026-01-22 01:00:00,Thursday,1,2.093,7.602,0.000,0.000,0.000,15.812,25.507,ładowanie EV
2026-01-22 02:00:00,Thursday,2,2.190,6.863,0.000,0.000,0.000,14.018,23.071,ładowanie EV
2026-01-22 03:00:00,Thursday,3,2.475,7.293,0.000,0.000,0.000,10.097,19.865,ładowanie EV
2026-01-22 04:00:00,Thursday,4,2.983,8.333,0.000,0.000,0.000,14.764,26.080,ładowanie EV
2026-01-22 05:00:00,Thursday,5,3.011,7.942,0.000,0.000,0.000,14.518,25.471,ładowanie EV
2026-01-22 06:00:00,Thursday,6,2.413,7.284,0.246,0.628,0.000,0.000,10.571,
2026-01-22 07:00:00,Thursday,7,2.675,7.664,0.478,0.757,0.000,0.000,11.574,
2026-01-22 08:00:00,Thursday,8,3.144,7.712,0.393,1.063,0.000,0.000,12.312,
2026-01-22 09:00:00,Thursday,9,3.142,7.728,0.000,0.000,0.488,2.321,13.679,pompa basenu
2026-01-22 10:00:00,Thursday,10,3.181,6.999,0.000,0.000,0.288,1.580,12.048,pompa basenu
2026-01-22 11:00:00,Thursday,11,2.820,7.535,0.000,0.000,0.506,1.414,12.275,pompa basenu
2026-01-22 12:00:00,Thursday,12,2.309,6.845,0.000,0.000,0.306,2.132,11.592,pompa basenu
2026-01-22 13:00:00,Thursday,13,2.882,8.761,0.000,2.049,0.405,2.518,16.615,pompa basenu
2026-01-22 14:00:00,Thursday,14,2.834,8.825,0.000,0.000,0.807,2.107,14.573,pompa basenu
2026-01-22 15:00:00,Thursday,15,2.410,7.606,0.000,0.000,0.465,1.812,12.293,pompa basenu
2026-01-22 16:00:00,Thursday,16,2.769,7.181,0.235,0.000,0.430,2.091,12.706,pompa basenu
2026-01-22 17:00:00,Thursday,17,2.893,7.942,0.639,0.000,0.683,0.000,12.157,
2026-01-22 18:00:00,Thursday,18,1.930,7.167,0.361,3.744,1.090,0.000,14.292,
2026-01-22 19:00:00,Thursday,19,1.920,6.348,0.343,0.000,1.132,2.604,12.347,zmywarka
2026-01-22 20:00:00,Thursday,20,3.137,7.622,0.460,0.000,1.051,0.000,12.270,
2026-01-22 21:00:00,Thursday,21,2.084,8.287,0.338,0.000,0.635,0.000,11.344,
2026-01-22 22:00:00,Thursday,22,3.073,6.495,0.317,0.000,0.757,12.954,23.596,ładowanie EV
2026-01-22 23:00:00,Thursday,23,2.139,5.900,0.000,0.000,0.000,12.910,20.949,ładowanie EV
2026-01-23 00:00:00,Friday,0,2.873,7.351,0.000,0.000,0.000,8.954,19.178,ładowanie EV
2026-01-23 01:00:00,Friday,1,2.636,7.082,0.000,0.000,0.000,8.066,17.784,ładowanie EV
2026-01-23 02:00:00,Friday,2,2.840,6.084,0.000,0.000,0.000,13.998,22.922,ładowanie EV
2026-01-23 03:00:00,Friday,3,2.224,6.325,0.000,0.000,0.000,16.001,24.550,ładowanie EV
2026-01-23 04:00:00,Friday,4,2.346,6.762,0.000,0.000,0.000,10.702,19.810,ładowanie EV
2026-01-23 05:00:00,Friday,5,2.024,7.746,0.000,0.000,0.000,10.408,20.178,ładowanie EV
2026-01-23 06:00:00,Friday,6,2.261,7.372,0.407,1.145,0.000,0.000,11.185,
2026-01-23 07:00:00,Friday,7,2.022,7.282,0.478,0.849,0.000,0.000,10.631,
2026-01-23 08:00:00,Friday,8,3.027,7.358,0.267,1.152,0.000,0.000,11.804,
2026-01-23 09:00:00,Friday,9,2.916,7.381,0.000,0.000,0.356,2.638,13.291,pompa basenu
2026-01-23 10:00:00,Friday,10,2.410,9.299,0.000,0.000,0.334,2.505,14.548,pompa basenu
2026-01-23 11:00:00,Friday,11,2.640,7.176,0.000,0.000,0.370,1.520,11.706,pompa basenu
2026-01-23 12:00:00,Friday,12,2.190,8.121,0.000,1.511,0.393,2.700,14.915,pompa basenu
2026-01-23 13:00:00,Friday,13,3.070,7.767,0.000,0.000,0.453,2.608,13.898,pompa basenu
2026-01-23 14:00:00,Friday,14,2.518,9.032,0.000,0.000,0.398,1.592,13.540,pompa basenu
2026-01-23 15:00:00,Friday,15,2.772,7.234,0.000,0.000,0.791,2.661,13.458,pompa basenu
2026-01-23 16:00:00,Friday,16,3.098,7.514,0.166,0.000,0.455,2.415,13.648,pompa basenu
2026-01-23 17:00:00,Friday,17,2.861,7.190,0.359,0.000,1.092,0.000,11.502,
2026-01-23 18:00:00,Friday,18,2.622,8.924,0.598,3.084,0.770,0.000,15.998,
2026-01-23 19:00:00,Friday,19,3.008,7.868,0.432,0.000,0.538,2.010,13.856,zmywarka
2026-01-23 20:00:00,Friday,20,2.031,7.857,0.451,0.000,1.074,0.000,11.413,
2026-01-23 21:00:00,Friday,21,2.019,8.825,0.635,0.000,1.099,0.000,12.578,
2026-01-23 22:00:00,Friday,22,2.822,8.043,0.267,0.000,1.184,13.731,26.047,ładowanie EV
2026-01-23 23:00:00,Friday,23,2.123,8.050,0.000,0.000,0.000,8.802,18.975,ładowanie EV
2026-01-24 00:00:00,Saturday,0,2.171,8.209,0.000,0.000,0.000,13.625,24.005,ładowanie EV
2026-01-24 01:00:00,Saturday,1,1.994,8.319,0.000,0.000,0.000,9.948,20.261,ładowanie EV
2026-01-24 02:00:00,Saturday,2,2.316,6.323,0.000,0.000,0.000,14.846,23.485,ładowanie EV
2026-01-24 03:00:00,Saturday,3,2.988,7.606,0.000,0.000,0.000,9.488,20.082,ładowanie EV
2026-01-24 04:00:00,Saturday,4,2.038,7.797,0.000,0.000,0.000,15.534,25.369,ładowanie EV
2026-01-24 05:00:00,Saturday,5,3.041,7.933,0.000,0.000,0.000,9.642,20.616,ładowanie EV
2026-01-24 06:00:00,Saturday,6,2.019,8.765,0.338,0.879,0.000,0.000,12.001,
2026-01-24 07:00:00,Saturday,7,2.930,8.673,0.214,0.961,0.000,0.000,12.778,
2026-01-24 08:00:00,Saturday,8,1.948,6.672,0.166,1.024,0.000,0.000,9.810,
2026-01-24 09:00:00,Saturday,9,3.174,7.613,0.000,0.000,0.251,1.895,12.933,pompa basenu
2026-01-24 10:00:00,Saturday,10,2.217,7.275,0.000,0.000,0.426,1.626,11.544,pompa basenu
2026-01-24 11:00:00,Saturday,11,2.012,6.272,0.000,0.000,0.359,2.463,11.106,pompa basenu
2026-01-24 12:00:00,Saturday,12,2.070,6.143,0.000,0.000,0.481,2.003,10.697,pompa basenu
2026-01-24 13:00:00,Saturday,13,2.203,6.806,0.000,2.781,0.497,1.923,14.210,pompa basenu
2026-01-24 14:00:00,Saturday,14,3.181,6.684,0.000,0.000,0.398,4.211,14.474,pompa basenu; zmywarka
2026-01-24 15:00:00,Saturday,15,3.024,6.587,0.000,0.000,0.255,2.560,12.426,pompa basenu
2026-01-24 16:00:00,Saturday,16,2.806,6.608,0.212,0.000,0.508,1.849,11.983,pompa basenu
2026-01-24 17:00:00,Saturday,17,2.371,8.275,0.568,4.998,1.051,0.000,17.263,
2026-01-24 18:00:00,Saturday,18,2.443,7.220,0.248,0.000,0.736,0.000,10.647,
2026-01-24 19:00:00,Saturday,19,2.215,7.965,0.651,0.000,1.012,15.511,27.354,sauna
2026-01-24 20:00:00,Saturday,20,2.864,7.979,0.651,0.000,0.764,16.519,28.777,sauna
2026-01-24 21:00:00,Saturday,21,2.551,8.993,0.393,0.000,1.171,17.466,30.574,sauna
2026-01-24 22:00:00,Saturday,22,2.454,6.596,0.237,0.000,0.676,16.358,26.321,ładowanie EV
2026-01-24 23:00:00,Saturday,23,2.594,6.180,0.000,0.000,0.000,13.529,22.303,ładowanie EV
2026-01-25 00:00:00,Sunday,0,2.157,7.346,0.000,0.000,0.000,11.647,21.150,ładowanie EV
2026-01-25 01:00:00,Sunday,1,2.843,6.458,0.000,0.000,0.000,11.569,20.870,ładowanie EV
2026-01-25 02:00:00,Sunday,2,2.153,7.983,0.000,0.000,0.000,9.977,20.113,ładowanie EV
2026-01-25 03:00:00,Sunday,3,2.831,6.750,0.000,0.000,0.000,9.775,19.356,ładowanie EV
2026-01-25 04:00:00,Sunday,4,2.376,7.128,0.000,0.000,0.000,15.987,25.491,ładowanie EV
2026-01-25 05:00:00,Sunday,5,2.590,6.806,0.000,0.000,0.000,8.919,18.315,ładowanie EV
2026-01-25 06:00:00,Sunday,6,2.684,7.408,0.242,0.798,0.000,0.000,11.132,
2026-01-25 07:00:00,Sunday,7,2.049,7.539,0.313,0.748,0.000,0.000,10.649,
2026-01-25 08:00:00,Sunday,8,3.070,7.999,0.315,1.026,0.000,0.000,12.410,
2026-01-25 09:00:00,Sunday,9,2.719,6.785,0.000,0.000,0.253,1.592,11.349,pompa basenu
2026-01-25 10:00:00,Sunday,10,1.969,6.661,0.000,0.000,0.842,2.095,11.567,pompa basenu
2026-01-25 11:00:00,Sunday,11,3.169,7.539,0.000,0.000,0.331,4.651,15.690,pompa basenu; pralka
2026-01-25 12:00:00,Sunday,12,2.992,8.013,0.000,2.620,0.299,2.714,16.638,pompa basenu
2026-01-25 13:00:00,Sunday,13,2.560,6.548,0.000,0.000,0.529,1.877,11.514,pompa basenu
2026-01-25 14:00:00,Sunday,14,2.036,6.438,0.000,0.000,0.361,4.533,13.368,pompa basenu; zmywarka
2026-01-25 15:00:00,Sunday,15,2.417,7.735,0.000,0.000,0.616,2.564,13.332,pompa basenu
2026-01-25 16:00:00,Sunday,16,2.321,6.106,0.223,0.000,0.407,2.562,11.619,pompa basenu
2026-01-25 17:00:00,Sunday,17,3.146,7.629,0.398,0.000,0.761,0.000,11.934,
2026-01-25 18:00:00,Sunday,18,2.408,6.969,0.600,2.548,0.566,0.000,13.091,
2026-01-25 19:00:00,Sunday,19,1.999,6.670,0.658,0.000,0.639,18.894,28.860,sauna
2026-01-25 20:00:00,Sunday,20,2.376,8.071,0.377,0.000,0.736,20.093,31.653,sauna
2026-01-25 21:00:00,Sunday,21,3.188,7.480,0.584,0.000,0.984,14.327,26.563,sauna
2026-01-25 22:00:00,Sunday,22,2.259,7.799,0.235,0.000,1.208,9.885,21.386,ładowanie EV
2026-01-25 23:00:00,Sunday,23,2.410,7.342,0.000,0.000,0.000,16.107,25.859,ładowanie EV
2026-01-26 00:00:00,Monday,0,3.179,7.438,0.000,0.000,0.000,10.557,21.174,ładowanie EV
2026-01-26 01:00:00,Monday,1,1.999,6.472,0.000,0.000,0.000,10.345,18.816,ładowanie EV
2026-01-26 02:00:00,Monday,2,3.020,6.750,0.000,0.000,0.000,15.116,24.886,ładowanie EV
2026-01-26 03:00:00,Monday,3,2.334,6.456,0.000,0.000,0.000,9.025,17.815,ładowanie EV
2026-01-26 04:00:00,Monday,4,2.461,7.532,0.000,0.000,0.000,15.976,25.969,ładowanie EV
2026-01-26 05:00:00,Monday,5,2.884,8.011,0.000,0.000,0.000,14.561,25.456,ładowanie EV
2026-01-26 06:00:00,Monday,6,2.668,6.859,0.393,1.003,0.000,0.000,10.923,
2026-01-26 07:00:00,Monday,7,2.187,8.694,0.458,1.155,0.000,0.000,12.494,
2026-01-26 08:00:00,Monday,8,1.852,7.631,0.407,1.355,0.000,0.000,11.245,
2026-01-26 09:00:00,Monday,9,2.675,9.177,0.000,0.000,0.375,2.670,14.897,pompa basenu
2026-01-26 10:00:00,Monday,10,2.295,8.248,0.000,0.000,0.386,4.011,14.940,pompa basenu; pralka
2026-01-26 11:00:00,Monday,11,2.873,7.362,0.000,0.000,0.437,5.727,16.399,pompa basenu; suszarka
2026-01-26 12:00:00,Monday,12,2.840,7.093,0.000,0.000,0.386,2.093,12.412,pompa basenu
2026-01-26 13:00:00,Monday,13,2.702,7.029,0.000,2.045,0.373,2.268,14.417,pompa basenu
2026-01-26 14:00:00,Monday,14,2.742,8.593,0.000,0.000,0.764,2.095,14.194,pompa basenu
2026-01-26 15:00:00,Monday,15,2.732,7.254,0.000,0.000,0.777,1.877,12.640,pompa basenu
2026-01-26 16:00:00,Monday,16,3.089,7.905,0.290,0.000,0.642,2.118,14.044,pompa basenu
2026-01-26 17:00:00,Monday,17,2.502,7.827,0.600,0.000,0.715,0.000,11.644,
2026-01-26 18:00:00,Monday,18,2.312,8.147,0.614,6.355,1.201,0.000,18.629,
2026-01-26 19:00:00,Monday,19,2.762,6.649,0.393,0.000,1.150,2.247,13.201,zmywarka
2026-01-26 20:00:00,Monday,20,2.686,7.146,0.593,0.000,0.860,0.000,11.285,
2026-01-26 21:00:00,Monday,21,2.314,8.114,0.276,0.000,1.159,0.000,11.863,
2026-01-26 22:00:00,Monday,22,2.730,7.144,0.182,0.000,1.065,9.285,20.406,ładowanie EV
2026-01-26 23:00:00,Monday,23,3.119,7.659,0.000,0.000,0.000,8.965,19.743,ładowanie EV
2026-01-27 00:00:00,Tuesday,0,2.208,7.445,0.000,0.000,0.000,16.937,26.590,ładowanie EV
2026-01-27 01:00:00,Tuesday,1,2.774,6.442,0.000,0.000,0.000,8.179,17.395,ładowanie EV
2026-01-27 02:00:00,Tuesday,2,2.024,7.578,0.000,0.000,0.000,11.755,21.357,ładowanie EV
2026-01-27 03:00:00,Tuesday,3,1.849,7.677,0.000,0.000,0.000,14.370,23.896,ładowanie EV
2026-01-27 04:00:00,Tuesday,4,2.693,7.346,0.000,0.000,0.000,14.083,24.122,ładowanie EV
2026-01-27 05:00:00,Tuesday,5,3.140,8.179,0.000,0.000,0.000,14.334,25.653,ładowanie EV
2026-01-27 06:00:00,Tuesday,6,2.760,8.082,0.472,1.270,0.000,0.000,12.584,
2026-01-27 07:00:00,Tuesday,7,2.921,7.983,0.244,0.975,0.000,0.000,12.123,
2026-01-27 08:00:00,Tuesday,8,2.532,7.307,0.274,0.398,0.000,0.000,10.511,
2026-01-27 09:00:00,Tuesday,9,3.112,8.367,0.000,0.000,0.481,1.780,13.740,pompa basenu
2026-01-27 10:00:00,Tuesday,10,2.654,8.034,0.000,0.000,0.340,4.319,15.347,pompa basenu; pralka
2026-01-27 11:00:00,Tuesday,11,2.095,7.066,0.000,0.000,0.350,1.879,11.390,pompa basenu
2026-01-27 12:00:00,Tuesday,12,2.328,7.024,0.000,0.000,0.467,2.226,12.045,pompa basenu
2026-01-27 13:00:00,Tuesday,13,2.399,7.744,0.000,1.247,0.334,1.693,13.417,pompa basenu
2026-01-27 14:00:00,Tuesday,14,2.886,8.648,0.000,0.000,0.598,1.992,14.124,pompa basenu
2026-01-27 15:00:00,Tuesday,15,1.884,6.845,0.000,0.000,0.718,2.098,11.545,pompa basenu
2026-01-27 16:00:00,Tuesday,16,2.049,7.247,0.363,0.000,0.409,1.914,11.982,pompa basenu
2026-01-27 17:00:00,Tuesday,17,1.874,8.213,0.437,0.000,0.975,0.000,11.499,
2026-01-27 18:00:00,Tuesday,18,2.456,7.068,0.688,4.388,0.881,0.000,15.481,
2026-01-27 19:00:00,Tuesday,19,2.266,7.167,0.267,0.000,1.083,2.746,13.529,zmywarka
2026-01-27 20:00:00,Tuesday,20,1.874,8.195,0.462,0.000,0.860,0.000,11.391,
2026-01-27 21:00:00,Tuesday,21,1.888,8.827,0.621,0.000,1.081,0.000,12.417,
2026-01-27 22:00:00,Tuesday,22,1.872,6.392,0.193,0.000,0.692,13.186,22.335,ładowanie EV
2026-01-27 23:00:00,Tuesday,23,1.907,8.117,0.000,0.000,0.000,15.619,25.643,ładowanie EV
2026-01-28 00:00:00,Wednesday,0,3.110,6.794,0.000,0.000,0.000,9.384,19.288,ładowanie EV
2026-01-28 01:00:00,Wednesday,1,1.978,8.089,0.000,0.000,0.000,15.624,25.691,ładowanie EV
2026-01-28 02:00:00,Wednesday,2,2.111,8.634,0.000,0.000,0.000,15.286,26.031,ładowanie EV
2026-01-28 03:00:00,Wednesday,3,3.073,6.845,0.000,0.000,0.000,16.585,26.503,ładowanie EV
2026-01-28 04:00:00,Wednesday,4,3.061,6.946,0.000,0.000,0.000,14.253,24.260,ładowanie EV
2026-01-28 05:00:00,Wednesday,5,2.891,6.698,0.000,0.000,0.000,12.609,22.198,ładowanie EV
2026-01-28 06:00:00,Wednesday,6,2.128,7.786,0.301,0.840,0.000,0.000,11.055,
2026-01-28 07:00:00,Wednesday,7,1.900,8.607,0.299,1.221,0.000,0.000,12.027,
2026-01-28 08:00:00,Wednesday,8,2.236,7.990,0.361,0.389,0.000,0.000,10.976,
2026-01-28 09:00:00,Wednesday,9,3.006,8.128,0.000,0.000,0.329,2.180,13.643,pompa basenu
2026-01-28 10:00:00,Wednesday,10,1.966,8.597,0.000,0.000,0.497,1.927,12.987,pompa basenu
2026-01-28 11:00:00,Wednesday,11,2.334,8.508,0.000,0.000,0.331,2.061,13.234,pompa basenu
2026-01-28 12:00:00,Wednesday,12,1.868,8.749,0.000,0.764,0.278,2.528,14.187,pompa basenu
2026-01-28 13:00:00,Wednesday,13,1.884,9.099,0.000,0.000,0.313,2.029,13.325,pompa basenu
2026-01-28 14:00:00,Wednesday,14,2.755,8.078,0.000,0.000,0.823,2.661,14.317,pompa basenu
2026-01-28 15:00:00,Wednesday,15,2.818,6.895,0.000,0.000,0.766,2.645,13.124,pompa basenu
2026-01-28 16:00:00,Wednesday,16,2.583,8.071,0.147,0.000,0.727,2.661,14.189,pompa basenu
2026-01-28 17:00:00,Wednesday,17,2.463,7.486,0.570,4.524,0.784,0.000,15.827,
2026-01-28 18:00:00,Wednesday,18,3.179,9.306,0.310,0.000,0.761,0.000,13.556,
2026-01-28 19:00:00,Wednesday,19,2.056,8.837,0.290,0.000,0.812,2.249,14.244,zmywarka
2026-01-28 20:00:00,Wednesday,20,2.468,8.294,0.269,0.000,0.957,0.000,11.988,
2026-01-28 21:00:00,Wednesday,21,2.608,7.183,0.391,0.000,1.113,0.000,11.295,
2026-01-28 22:00:00,Wednesday,22,2.772,8.448,0.306,0.000,1.136,9.727,22.389,ładowanie EV
2026-01-28 23:00:00,Wednesday,23,2.645,7.224,0.000,0.000,0.000,10.051,19.920,ładowanie EV
2026-01-29 00:00:00,Thursday,0,2.397,7.514,0.000,0.000,0.000,15.235,25.146,ładowanie EV
2026-01-29 01:00:00,Thursday,1,2.213,7.790,0.000,0.000,0.000,8.172,18.175,ładowanie EV
2026-01-29 02:00:00,Thursday,2,2.521,6.930,0.000,0.000,0.000,11.755,21.206,ładowanie EV
2026-01-29 03:00:00,Thursday,3,2.838,6.836,0.000,0.000,0.000,11.482,21.156,ładowanie EV
2026-01-29 04:00:00,Thursday,4,2.880,7.443,0.000,0.000,0.000,8.719,19.042,ładowanie EV
2026-01-29 05:00:00,Thursday,5,2.226,7.229,0.000,0.000,0.000,9.614,19.069,ładowanie EV
2026-01-29 06:00:00,Thursday,6,1.999,8.473,0.202,0.754,0.000,0.000,11.428,
2026-01-29 07:00:00,Thursday,7,2.721,7.696,0.469,0.938,0.000,0.000,11.824,
2026-01-29 08:00:00,Thursday,8,3.158,9.000,0.322,0.835,0.000,0.000,13.315,
2026-01-29 09:00:00,Thursday,9,2.162,9.418,0.000,0.000,0.499,2.486,14.565,pompa basenu
2026-01-29 10:00:00,Thursday,10,2.107,8.880,0.000,0.000,0.297,2.031,13.315,pompa basenu
2026-01-29 11:00:00,Thursday,11,3.128,7.597,0.000,0.000,0.322,1.635,12.682,pompa basenu
2026-01-29 12:00:00,Thursday,12,2.553,8.901,0.000,0.000,0.304,2.125,13.883,pompa basenu
2026-01-29 13:00:00,Thursday,13,1.932,7.762,0.000,1.341,0.439,2.348,13.822,pompa basenu
2026-01-29 14:00:00,Thursday,14,2.838,7.861,0.000,0.000,0.453,3.770,14.922,pompa basenu; pralka
2026-01-29 15:00:00,Thursday,15,1.944,7.553,0.000,0.000,0.743,7.296,17.536,pompa basenu; suszarka
2026-01-29 16:00:00,Thursday,16,3.110,8.551,0.322,0.000,0.840,2.696,15.519,pompa basenu
2026-01-29 17:00:00,Thursday,17,2.068,8.630,0.264,4.142,0.973,0.000,16.077,
2026-01-29 18:00:00,Thursday,18,2.829,7.788,0.288,0.000,0.678,0.000,11.583,
2026-01-29 19:00:00,Thursday,19,3.197,7.008,0.407,0.000,0.704,0.000,11.316,
2026-01-29 20:00:00,Thursday,20,2.038,8.611,0.630,0.000,1.000,2.038,14.317,zmywarka
2026-01-29 21:00:00,Thursday,21,2.808,7.719,0.651,0.000,1.060,0.000,12.238,
2026-01-29 22:00:00,Thursday,22,2.160,7.307,0.140,0.000,1.042,10.670,21.319,ładowanie EV
2026-01-29 23:00:00,Thursday,23,2.652,7.339,0.000,0.000,0.000,14.938,24.929,ładowanie EV
2026-01-30 00:00:00,Friday,0,2.588,7.719,0.000,0.000,0.000,12.609,22.916,wyjazd / nieobecność; ładowanie EV
2026-01-30 01:00:00,Friday,1,2.484,6.249,0.000,0.000,0.000,10.868,19.601,wyjazd / nieobecność; ładowanie EV
2026-01-30 02:00:00,Friday,2,2.132,6.208,0.000,0.000,0.000,15.217,23.557,wyjazd / nieobecność; ładowanie EV
2026-01-30 03:00:00,Friday,3,3.114,5.902,0.000,0.000,0.000,10.401,19.417,wyjazd / nieobecność; ładowanie EV
2026-01-30 04:00:00,Friday,4,2.259,6.380,0.000,0.000,0.000,11.788,20.427,wyjazd / nieobecność; ładowanie EV
2026-01-30 05:00:00,Friday,5,2.364,6.169,0.000,0.000,0.000,9.510,18.043,wyjazd / nieobecność; ładowanie EV
2026-01-30 06:00:00,Friday,6,2.463,5.842,0.000,0.000,0.000,0.000,8.305,wyjazd / nieobecność
2026-01-30 07:00:00,Friday,7,2.298,5.968,0.000,0.000,0.000,0.000,8.266,wyjazd / nieobecność
2026-01-30 08:00:00,Friday,8,2.776,7.286,0.000,0.000,0.000,0.000,10.062,wyjazd / nieobecność
2026-01-30 09:00:00,Friday,9,2.723,6.449,0.000,0.000,0.000,2.095,11.267,wyjazd / nieobecność; pompa basenu
2026-01-30 10:00:00,Friday,10,2.875,6.495,0.000,0.000,0.000,2.309,11.679,wyjazd / nieobecność; pompa basenu
2026-01-30 11:00:00,Friday,11,2.638,6.238,0.000,0.000,0.000,1.748,10.624,wyjazd / nieobecność; pompa basenu
2026-01-30 12:00:00,Friday,12,2.417,7.330,0.000,0.000,0.000,2.576,12.323,wyjazd / nieobecność; pompa basenu
2026-01-30 13:00:00,Friday,13,2.990,6.217,0.000,0.000,0.000,2.558,11.765,wyjazd / nieobecność; pompa basenu
2026-01-30 14:00:00,Friday,14,2.125,6.070,0.000,0.000,0.000,1.996,10.191,wyjazd / nieobecność; pompa basenu
2026-01-30 15:00:00,Friday,15,2.843,6.757,0.000,0.000,0.000,1.589,11.189,wyjazd / nieobecność; pompa basenu
2026-01-30 16:00:00,Friday,16,2.739,6.038,0.000,0.000,0.000,2.450,11.227,wyjazd / nieobecność; pompa basenu
2026-01-30 17:00:00,Friday,17,2.937,6.385,0.000,0.000,0.000,0.000,9.322,wyjazd / nieobecność
2026-01-30 18:00:00,Friday,18,1.861,5.789,0.000,0.000,0.000,0.000,7.650,wyjazd / nieobecność
2026-01-30 19:00:00,Friday,19,2.314,7.199,0.000,0.000,0.000,0.000,9.513,wyjazd / nieobecność
2026-01-30 20:00:00,Friday,20,2.417,5.814,0.000,0.000,0.000,0.000,8.231,wyjazd / nieobecność
2026-01-30 21:00:00,Friday,21,2.854,6.629,0.000,0.000,0.000,0.000,9.483,wyjazd / nieobecność
2026-01-30 22:00:00,Friday,22,3.096,6.638,0.000,0.000,0.000,13.131,22.865,wyjazd / nieobecność; ładowanie EV
2026-01-30 23:00:00,Friday,23,2.857,5.920,0.000,0.000,0.000,16.116,24.893,wyjazd / nieobecność; ładowanie EV
2026-01-31 00:00:00,Saturday,0,2.792,6.658,0.000,0.000,0.000,12.190,21.640,ładowanie EV
2026-01-31 01:00:00,Saturday,1,2.746,7.360,0.000,0.000,0.000,16.590,26.696,ładowanie EV
2026-01-31 02:00:00,Saturday,2,1.944,7.263,0.000,0.000,0.000,9.899,19.106,ładowanie EV
2026-01-31 03:00:00,Saturday,3,1.964,6.702,0.000,0.000,0.000,14.688,23.354,ładowanie EV
2026-01-31 04:00:00,Saturday,4,2.222,6.541,0.000,0.000,0.000,8.170,16.933,ładowanie EV
2026-01-31 05:00:00,Saturday,5,3.153,6.739,0.000,0.000,0.000,10.313,20.205,ładowanie EV
2026-01-31 06:00:00,Saturday,6,2.691,7.436,0.370,0.794,0.000,0.000,11.291,
2026-01-31 07:00:00,Saturday,7,2.141,8.167,0.235,0.596,0.000,0.000,11.139,
2026-01-31 08:00:00,Saturday,8,2.164,7.666,0.380,0.973,0.000,0.000,11.183,
2026-01-31 09:00:00,Saturday,9,2.286,9.430,0.000,0.000,0.338,1.990,14.044,pompa basenu
2026-01-31 10:00:00,Saturday,10,2.454,9.340,0.000,0.000,0.800,4.851,17.445,pompa basenu; pralka
2026-01-31 11:00:00,Saturday,11,2.374,9.363,0.000,0.000,0.281,6.615,18.633,pompa basenu; suszarka
2026-01-31 12:00:00,Saturday,12,2.997,7.576,0.000,0.000,0.184,1.707,12.464,pompa basenu
2026-01-31 13:00:00,Saturday,13,2.820,9.294,0.000,3.149,0.391,2.079,17.733,pompa basenu
2026-01-31 14:00:00,Saturday,14,1.845,9.232,0.000,0.000,0.294,3.620,14.991,pompa basenu; zmywarka
2026-01-31 15:00:00,Saturday,15,2.397,9.407,0.000,0.000,0.368,1.898,14.070,pompa basenu
2026-01-31 16:00:00,Saturday,16,2.256,9.014,0.278,0.000,0.665,2.528,14.741,pompa basenu
2026-01-31 17:00:00,Saturday,17,2.337,8.409,0.536,4.149,1.104,0.000,16.535,
2026-01-31 18:00:00,Saturday,18,2.677,8.823,0.453,0.000,0.734,0.000,12.687,
2026-01-31 19:00:00,Saturday,19,2.206,9.623,0.338,0.000,0.632,16.551,29.350,sauna
2026-01-31 20:00:00,Saturday,20,2.401,7.873,0.426,0.000,0.540,17.222,28.462,sauna
2026-01-31 21:00:00,Saturday,21,1.927,8.678,0.366,0.000,1.060,18.108,30.139,sauna
2026-01-31 22:00:00,Saturday,22,2.008,6.787,0.315,0.000,0.856,11.302,21.268,ładowanie EV
2026-01-31 23:00:00,Saturday,23,2.010,7.921,0.000,0.000,0.000,16.597,26.528,ładowanie EV
2026-02-01 00:00:00,Sunday,0,2.029,8.298,0.000,0.000,0.000,9.943,20.270,ładowanie EV
2026-02-01 01:00:00,Sunday,1,2.923,7.477,0.000,0.000,0.000,13.046,23.446,ładowanie EV
2026-02-01 02:00:00,Sunday,2,2.914,7.420,0.000,0.000,0.000,9.363,19.697,ładowanie EV
2026-02-01 03:00:00,Sunday,3,2.054,7.889,0.000,0.000,0.000,11.810,21.753,ładowanie EV
2026-02-01 04:00:00,Sunday,4,2.461,8.738,0.000,0.000,0.000,9.198,20.397,ładowanie EV
2026-02-01 05:00:00,Sunday,5,3.144,8.784,0.000,0.000,0.000,11.162,23.090,ładowanie EV
2026-02-01 06:00:00,Sunday,6,2.252,8.975,0.168,0.791,0.000,0.000,12.186,
2026-02-01 07:00:00,Sunday,7,2.226,9.234,0.455,1.205,0.000,0.000,13.120,
2026-02-01 08:00:00,Sunday,8,2.932,9.508,0.000,1.010,0.000,0.000,13.450,
2026-02-01 09:00:00,Sunday,9,1.895,9.977,0.000,0.000,0.738,2.456,15.066,pompa basenu
2026-02-01 10:00:00,Sunday,10,2.523,9.524,0.000,0.000,0.704,1.748,14.499,pompa basenu
2026-02-01 11:00:00,Sunday,11,3.174,8.899,0.000,0.000,0.499,2.321,14.893,pompa basenu
2026-02-01 12:00:00,Sunday,12,2.905,8.335,0.000,0.000,0.582,1.769,13.591,pompa basenu
2026-02-01 13:00:00,Sunday,13,1.925,10.023,0.000,2.263,0.816,2.052,17.079,pompa basenu
2026-02-01 14:00:00,Sunday,14,2.240,8.590,0.000,0.000,0.554,3.944,15.328,pompa basenu; zmywarka
2026-02-01 15:00:00,Sunday,15,2.801,8.958,0.000,0.000,0.340,2.355,14.454,pompa basenu
2026-02-01 16:00:00,Sunday,16,2.712,7.937,0.000,0.000,0.649,2.187,13.485,pompa basenu
2026-02-01 17:00:00,Sunday,17,2.907,8.073,0.398,0.000,0.892,0.000,12.270,
2026-02-01 18:00:00,Sunday,18,3.052,10.334,0.230,4.825,1.003,0.000,19.444,
2026-02-01 19:00:00,Sunday,19,2.226,8.512,0.501,0.000,0.722,19.732,31.693,sauna
2026-02-01 20:00:00,Sunday,20,2.086,9.138,0.334,0.000,0.582,16.408,28.548,sauna
2026-02-01 21:00:00,Sunday,21,2.514,10.166,0.301,0.000,0.692,15.587,29.260,sauna
2026-02-01 22:00:00,Sunday,22,2.852,8.634,0.177,0.000,0.881,10.914,23.458,ładowanie EV
2026-02-01 23:00:00,Sunday,23,2.065,8.018,0.000,0.000,0.000,10.603,20.686,ładowanie EV
2026-02-02 00:00:00,Monday,0,2.095,9.504,0.000,0.000,0.000,11.180,22.779,ładowanie EV
2026-02-02 01:00:00,Monday,1,2.132,7.726,0.000,0.000,0.000,13.653,23.511,ładowanie EV
2026-02-02 02:00:00,Monday,2,2.017,10.051,0.000,0.000,0.000,14.202,26.270,ładowanie EV
2026-02-02 03:00:00,Monday,3,2.857,9.108,0.000,0.000,0.000,13.027,24.992,ładowanie EV
2026-02-02 04:00:00,Monday,4,2.560,10.012,0.000,0.000,0.000,13.280,25.852,ładowanie EV
2026-02-02 05:00:00,Monday,5,2.983,9.483,0.000,0.000,0.000,10.286,22.752,ładowanie EV
2026-02-02 06:00:00,Monday,6,2.233,8.609,0.350,0.892,0.000,0.000,12.084,
2026-02-02 07:00:00,Monday,7,1.886,10.631,0.444,1.173,0.000,0.000,14.134,
2026-02-02 08:00:00,Monday,8,2.507,9.784,0.000,0.729,0.000,0.000,13.020,
2026-02-02 09:00:00,Monday,9,2.822,10.182,0.000,0.000,0.513,2.459,15.976,pompa basenu
2026-02-02 10:00:00,Monday,10,3.186,9.074,0.000,0.000,0.347,1.907,14.514,pompa basenu
2026-02-02 11:00:00,Monday,11,2.714,8.239,0.000,0.000,0.400,2.686,14.039,pompa basenu
2026-02-02 12:00:00,Monday,12,3.066,8.570,0.000,1.198,0.504,2.753,16.091,pompa basenu
2026-02-02 13:00:00,Monday,13,2.155,8.239,0.000,0.000,0.334,2.748,13.476,pompa basenu
2026-02-02 14:00:00,Monday,14,2.877,9.874,0.000,0.000,0.278,2.392,15.421,pompa basenu
2026-02-02 15:00:00,Monday,15,2.111,8.908,0.000,0.000,0.660,2.548,14.227,pompa basenu
2026-02-02 16:00:00,Monday,16,2.877,9.310,0.000,0.000,0.566,2.318,15.071,pompa basenu
2026-02-02 17:00:00,Monday,17,2.553,8.374,0.421,0.000,0.851,0.000,12.199,
2026-02-02 18:00:00,Monday,18,3.197,8.687,0.396,3.013,1.194,0.000,16.487,
2026-02-02 19:00:00,Monday,19,2.721,10.309,0.520,0.000,0.575,0.000,14.125,
2026-02-02 20:00:00,Monday,20,3.015,8.167,0.642,0.000,0.862,2.443,15.129,zmywarka
2026-02-02 21:00:00,Monday,21,2.852,8.144,0.356,0.000,1.180,0.000,12.532,
2026-02-02 22:00:00,Monday,22,2.268,7.592,0.274,0.000,0.731,15.635,26.500,ładowanie EV
2026-02-02 23:00:00,Monday,23,2.884,8.899,0.000,0.000,0.000,13.766,25.549,ładowanie EV
2026-02-03 00:00:00,Tuesday,0,2.203,8.310,0.000,0.000,0.000,16.454,26.967,ładowanie EV
2026-02-03 01:00:00,Tuesday,1,2.542,9.550,0.000,0.000,0.000,16.703,28.795,ładowanie EV
2026-02-03 02:00:00,Tuesday,2,2.884,9.524,0.000,0.000,0.000,16.302,28.710,ładowanie EV
2026-02-03 03:00:00,Tuesday,3,2.829,9.269,0.000,0.000,0.000,12.360,24.458,ładowanie EV
2026-02-03 04:00:00,Tuesday,4,2.822,7.924,0.000,0.000,0.000,9.807,20.553,ładowanie EV
2026-02-03 05:00:00,Tuesday,5,2.647,8.607,0.000,0.000,0.000,11.258,22.512,ładowanie EV
2026-02-03 06:00:00,Tuesday,6,2.134,10.016,0.232,0.823,0.000,0.000,13.205,
2026-02-03 07:00:00,Tuesday,7,3.066,9.182,0.343,0.826,0.000,0.000,13.417,
2026-02-03 08:00:00,Tuesday,8,2.401,9.623,0.000,0.729,0.000,0.000,12.753,
2026-02-03 09:00:00,Tuesday,9,2.355,9.775,0.000,0.000,0.310,1.776,14.216,pompa basenu
2026-02-03 10:00:00,Tuesday,10,1.944,8.517,0.000,0.000,0.368,1.484,12.313,pompa basenu
2026-02-03 11:00:00,Tuesday,11,1.985,7.480,0.000,0.000,0.322,2.712,12.499,pompa basenu
2026-02-03 12:00:00,Tuesday,12,3.002,7.289,0.000,0.000,0.405,2.438,13.134,pompa basenu
2026-02-03 13:00:00,Tuesday,13,2.636,7.208,0.000,0.706,0.366,2.378,13.294,pompa basenu
2026-02-03 14:00:00,Tuesday,14,2.392,7.305,0.000,0.000,0.593,4.418,14.708,pompa basenu; pralka
2026-02-03 15:00:00,Tuesday,15,2.622,6.491,0.000,0.000,0.522,1.789,11.424,pompa basenu
2026-02-03 16:00:00,Tuesday,16,2.128,7.850,0.000,0.000,0.520,2.525,13.023,pompa basenu
2026-02-03 17:00:00,Tuesday,17,1.888,6.907,0.437,0.000,0.564,0.000,9.796,
2026-02-03 18:00:00,Tuesday,18,2.233,8.547,0.255,2.753,0.734,0.000,14.522,
2026-02-03 19:00:00,Tuesday,19,2.160,9.110,0.361,0.000,0.929,2.535,15.095,zmywarka
2026-02-03 20:00:00,Tuesday,20,2.661,7.624,0.524,0.000,0.632,0.000,11.441,
2026-02-03 21:00:00,Tuesday,21,2.691,9.258,0.294,0.000,1.208,0.000,13.451,
2026-02-03 22:00:00,Tuesday,22,2.082,8.257,0.154,0.000,0.835,8.430,19.758,ładowanie EV
2026-02-03 23:00:00,Tuesday,23,2.006,8.163,0.000,0.000,0.000,10.943,21.112,ładowanie EV
2026-02-04 00:00:00,Wednesday,0,2.677,7.351,0.000,0.000,0.000,15.435,25.463,ładowanie EV
2026-02-04 01:00:00,Wednesday,1,2.130,7.302,0.000,0.000,0.000,14.030,23.462,ładowanie EV
2026-02-04 02:00:00,Wednesday,2,3.061,7.804,0.000,0.000,0.000,8.646,19.511,ładowanie EV
2026-02-04 03:00:00,Wednesday,3,2.245,7.121,0.000,0.000,0.000,14.794,24.160,ładowanie EV
2026-02-04 04:00:00,Wednesday,4,2.091,8.087,0.000,0.000,0.000,14.207,24.385,ładowanie EV
2026-02-04 05:00:00,Wednesday,5,1.976,8.641,0.000,0.000,0.000,13.253,23.870,ładowanie EV
2026-02-04 06:00:00,Wednesday,6,3.043,9.690,0.258,0.856,0.000,0.000,13.847,
2026-02-04 07:00:00,Wednesday,7,2.047,9.952,0.166,0.729,0.000,0.000,12.894,
2026-02-04 08:00:00,Wednesday,8,2.176,7.583,0.000,0.685,0.000,0.000,10.444,
2026-02-04 09:00:00,Wednesday,9,2.360,9.041,0.000,0.000,0.366,1.711,13.478,pompa basenu
2026-02-04 10:00:00,Wednesday,10,2.677,7.921,0.000,0.000,0.368,4.485,15.451,pompa basenu; pralka
2026-02-04 11:00:00,Wednesday,11,2.445,8.823,0.000,0.000,0.428,1.392,13.088,pompa basenu
2026-02-04 12:00:00,Wednesday,12,3.144,8.448,0.000,1.134,0.405,1.739,14.870,pompa basenu
2026-02-04 13:00:00,Wednesday,13,2.482,8.303,0.000,0.000,0.490,2.206,13.481,pompa basenu
2026-02-04 14:00:00,Wednesday,14,2.332,7.459,0.000,0.000,0.658,2.583,13.032,pompa basenu
2026-02-04 15:00:00,Wednesday,15,2.150,8.239,0.000,0.000,0.446,1.474,12.309,pompa basenu
2026-02-04 16:00:00,Wednesday,16,2.539,8.627,0.000,0.000,0.534,1.668,13.368,pompa basenu
2026-02-04 17:00:00,Wednesday,17,1.927,7.077,0.506,0.000,0.577,0.000,10.087,
2026-02-04 18:00:00,Wednesday,18,2.820,8.646,0.501,3.894,0.573,0.000,16.434,
2026-02-04 19:00:00,Wednesday,19,1.891,9.002,0.416,0.000,0.745,0.000,12.054,
2026-02-04 20:00:00,Wednesday,20,1.874,9.156,0.561,0.000,0.731,0.000,12.322,
2026-02-04 21:00:00,Wednesday,21,2.477,8.855,0.368,0.000,0.702,0.000,12.402,
2026-02-04 22:00:00,Wednesday,22,3.144,7.636,0.276,0.000,0.876,16.654,28.586,ładowanie EV
2026-02-04 23:00:00,Wednesday,23,2.831,6.921,0.000,0.000,0.000,16.482,26.234,ładowanie EV
2026-02-05 00:00:00,Thursday,0,2.608,8.839,0.000,0.000,0.000,10.470,21.917,ładowanie EV
2026-02-05 01:00:00,Thursday,1,2.406,7.190,0.000,0.000,0.000,15.205,24.801,ładowanie EV
2026-02-05 02:00:00,Thursday,2,2.783,7.413,0.000,0.000,0.000,14.306,24.502,ładowanie EV
2026-02-05 03:00:00,Thursday,3,2.726,8.929,0.000,0.000,0.000,10.842,22.497,ładowanie EV
2026-02-05 04:00:00,Thursday,4,3.215,7.921,0.000,0.000,0.000,11.840,22.976,ładowanie EV
2026-02-05 05:00:00,Thursday,5,2.728,7.779,0.000,0.000,0.000,8.108,18.615,ładowanie EV
2026-02-05 06:00:00,Thursday,6,1.863,7.953,0.196,1.007,0.000,0.000,11.019,
2026-02-05 07:00:00,Thursday,7,2.698,8.901,0.405,1.265,0.000,0.000,13.269,
2026-02-05 08:00:00,Thursday,8,2.222,8.676,0.000,0.391,0.000,0.000,11.289,
2026-02-05 09:00:00,Thursday,9,3.190,8.246,0.000,0.000,0.405,1.656,13.497,pompa basenu
2026-02-05 10:00:00,Thursday,10,2.629,7.960,0.000,0.000,0.476,1.918,12.983,pompa basenu
2026-02-05 11:00:00,Thursday,11,1.856,8.551,0.000,0.000,0.336,1.651,12.394,pompa basenu
2026-02-05 12:00:00,Thursday,12,2.155,9.471,0.000,0.000,0.308,1.408,13.342,pompa basenu
2026-02-05 13:00:00,Thursday,13,1.900,7.910,0.000,1.536,0.462,2.102,13.910,pompa basenu
2026-02-05 14:00:00,Thursday,14,2.707,8.374,0.000,0.000,0.718,3.977,15.776,pompa basenu; pralka
2026-02-05 15:00:00,Thursday,15,2.088,9.106,0.000,0.000,0.826,2.199,14.219,pompa basenu
2026-02-05 16:00:00,Thursday,16,2.880,8.722,0.000,0.000,0.708,1.539,13.849,pompa basenu
2026-02-05 17:00:00,Thursday,17,2.010,9.177,0.543,6.861,0.598,0.000,19.189,
2026-02-05 18:00:00,Thursday,18,2.546,8.561,0.258,0.000,0.612,0.000,11.977,
2026-02-05 19:00:00,Thursday,19,2.721,6.944,0.329,0.000,0.678,2.456,13.128,zmywarka
2026-02-05 20:00:00,Thursday,20,2.268,7.443,0.465,0.000,1.026,0.000,11.202,
2026-02-05 21:00:00,Thursday,21,2.222,9.152,0.430,0.000,0.936,0.000,12.740,
2026-02-05 22:00:00,Thursday,22,2.726,6.396,0.150,0.000,0.685,13.227,23.184,ładowanie EV
2026-02-05 23:00:00,Thursday,23,2.995,8.268,0.000,0.000,0.000,16.654,27.917,ładowanie EV
2026-02-06 00:00:00,Friday,0,2.684,6.990,0.000,0.000,0.000,15.753,25.427,ładowanie EV
2026-02-06 01:00:00,Friday,1,2.946,6.201,0.000,0.000,0.000,13.197,22.344,ładowanie EV
2026-02-06 02:00:00,Friday,2,1.902,6.527,0.000,0.000,0.000,8.377,16.806,ładowanie EV
2026-02-06 03:00:00,Friday,3,2.680,8.165,0.000,0.000,0.000,15.380,26.225,ładowanie EV
2026-02-06 04:00:00,Friday,4,2.518,6.520,0.000,0.000,0.000,11.367,20.405,ładowanie EV
2026-02-06 05:00:00,Friday,5,2.742,7.553,0.000,0.000,0.000,12.172,22.467,ładowanie EV
2026-02-06 06:00:00,Friday,6,2.629,7.374,0.430,0.656,0.000,0.000,11.089,
2026-02-06 07:00:00,Friday,7,2.650,6.596,0.244,0.734,0.000,0.000,10.224,
2026-02-06 08:00:00,Friday,8,3.192,7.118,0.000,0.720,0.000,0.000,11.030,
2026-02-06 09:00:00,Friday,9,2.691,8.262,0.000,0.000,0.409,1.700,13.062,pompa basenu
2026-02-06 10:00:00,Friday,10,2.594,7.369,0.000,0.000,0.497,2.185,12.645,pompa basenu
2026-02-06 11:00:00,Friday,11,2.445,7.289,0.000,0.000,0.304,1.647,11.685,pompa basenu
2026-02-06 12:00:00,Friday,12,2.726,7.498,0.000,1.946,0.442,1.601,14.213,pompa basenu
2026-02-06 13:00:00,Friday,13,2.475,8.195,0.000,0.000,0.478,1.753,12.901,pompa basenu
2026-02-06 14:00:00,Friday,14,3.029,8.048,0.000,0.000,0.704,1.539,13.320,pompa basenu
2026-02-06 15:00:00,Friday,15,2.031,8.250,0.000,0.000,0.568,2.744,13.593,pompa basenu
2026-02-06 16:00:00,Friday,16,2.065,6.608,0.000,0.000,0.777,1.831,11.281,pompa basenu
2026-02-06 17:00:00,Friday,17,2.226,8.009,0.676,0.000,0.580,0.000,11.491,
2026-02-06 18:00:00,Friday,18,2.951,6.456,0.603,3.878,0.770,0.000,14.658,
2026-02-06 19:00:00,Friday,19,2.077,6.592,0.596,0.000,0.593,0.000,9.858,
2026-02-06 20:00:00,Friday,20,2.263,6.824,0.246,0.000,0.934,2.153,12.420,zmywarka
2026-02-06 21:00:00,Friday,21,2.401,6.695,0.292,0.000,1.079,0.000,10.467,
2026-02-06 22:00:00,Friday,22,3.156,6.916,0.248,0.000,1.125,11.592,23.037,ładowanie EV
2026-02-06 23:00:00,Friday,23,3.199,5.890,0.000,0.000,0.000,8.570,17.659,ładowanie EV
2026-02-07 00:00:00,Saturday,0,2.180,6.796,0.000,0.000,0.000,11.226,20.202,ładowanie EV
2026-02-07 01:00:00,Saturday,1,2.472,6.355,0.000,0.000,0.000,12.482,21.309,ładowanie EV
2026-02-07 02:00:00,Saturday,2,2.836,7.891,0.000,0.000,0.000,16.949,27.676,ładowanie EV
2026-02-07 03:00:00,Saturday,3,2.190,6.493,0.000,0.000,0.000,11.891,20.574,ładowanie EV
2026-02-07 04:00:00,Saturday,4,2.801,7.158,0.000,0.000,0.000,16.102,26.061,ładowanie EV
2026-02-07 05:00:00,Saturday,5,2.070,7.036,0.000,0.000,0.000,13.076,22.182,ładowanie EV
2026-02-07 06:00:00,Saturday,6,3.218,8.324,0.340,0.982,0.000,0.000,12.864,
2026-02-07 07:00:00,Saturday,7,2.742,8.411,0.260,1.070,0.000,0.000,12.483,
2026-02-07 08:00:00,Saturday,8,3.188,8.487,0.000,0.812,0.000,0.000,12.487,
2026-02-07 09:00:00,Saturday,9,2.521,7.832,0.000,0.000,0.281,3.830,14.464,pompa basenu; pralka
2026-02-07 10:00:00,Saturday,10,2.714,7.365,0.000,0.000,0.421,2.555,13.055,pompa basenu
2026-02-07 11:00:00,Saturday,11,2.818,6.327,0.000,0.000,0.665,1.518,11.328,pompa basenu
2026-02-07 12:00:00,Saturday,12,2.790,7.036,0.000,2.022,0.370,2.447,14.665,pompa basenu
2026-02-07 13:00:00,Saturday,13,2.249,6.928,0.000,0.000,0.172,4.340,13.689,pompa basenu; zmywarka
2026-02-07 14:00:00,Saturday,14,2.114,7.176,0.000,0.000,0.685,1.444,11.419,pompa basenu
2026-02-07 15:00:00,Saturday,15,2.583,7.532,0.000,0.000,0.446,2.406,12.967,pompa basenu
2026-02-07 16:00:00,Saturday,16,2.571,7.194,0.000,0.000,0.409,1.911,12.085,pompa basenu
2026-02-07 17:00:00,Saturday,17,2.707,8.876,0.462,2.496,1.173,0.000,15.714,
2026-02-07 18:00:00,Saturday,18,2.709,8.264,0.244,0.000,1.127,0.000,12.344,
2026-02-07 19:00:00,Saturday,19,3.208,7.038,0.656,0.000,0.536,18.947,30.385,sauna
2026-02-07 20:00:00,Saturday,20,2.606,8.844,0.336,0.000,1.033,20.171,32.990,sauna
2026-02-07 21:00:00,Saturday,21,3.158,6.951,0.361,0.000,0.837,18.069,29.376,sauna
2026-02-07 22:00:00,Saturday,22,2.585,8.112,0.271,0.000,0.950,10.861,22.779,ładowanie EV
2026-02-07 23:00:00,Saturday,23,2.864,6.801,0.000,0.000,0.000,16.969,26.634,ładowanie EV
2026-02-08 00:00:00,Sunday,0,2.590,6.318,0.000,0.000,0.000,8.301,17.209,ładowanie EV
2026-02-08 01:00:00,Sunday,1,2.877,7.873,0.000,0.000,0.000,9.437,20.187,ładowanie EV
2026-02-08 02:00:00,Sunday,2,1.966,6.463,0.000,0.000,0.000,12.708,21.137,ładowanie EV
2026-02-08 03:00:00,Sunday,3,2.233,6.318,0.000,0.000,0.000,12.351,20.902,ładowanie EV
2026-02-08 04:00:00,Sunday,4,2.466,7.365,0.000,0.000,0.000,14.423,24.254,ładowanie EV
2026-02-08 05:00:00,Sunday,5,2.661,6.716,0.000,0.000,0.000,16.282,25.659,ładowanie EV
2026-02-08 06:00:00,Sunday,6,2.134,8.563,0.453,0.656,0.000,0.000,11.806,
2026-02-08 07:00:00,Sunday,7,2.332,8.915,0.214,1.162,0.000,0.000,12.623,
2026-02-08 08:00:00,Sunday,8,1.898,8.738,0.000,0.764,0.000,0.000,11.400,
2026-02-08 09:00:00,Sunday,9,3.169,7.976,0.000,0.000,0.522,2.500,14.167,pompa basenu
2026-02-08 10:00:00,Sunday,10,2.134,8.333,0.000,0.000,0.384,1.962,12.813,pompa basenu
2026-02-08 11:00:00,Sunday,11,2.367,6.886,0.000,0.000,0.402,2.355,12.010,pompa basenu
2026-02-08 12:00:00,Sunday,12,2.137,7.362,0.000,0.000,0.377,2.606,12.482,pompa basenu
2026-02-08 13:00:00,Sunday,13,2.650,8.319,0.000,1.578,0.175,4.250,16.972,pompa basenu; zmywarka
2026-02-08 14:00:00,Sunday,14,2.976,8.423,0.000,0.000,0.409,2.634,14.442,pompa basenu
2026-02-08 15:00:00,Sunday,15,2.475,8.508,0.000,0.000,0.656,2.017,13.656,pompa basenu
2026-02-08 16:00:00,Sunday,16,1.891,7.300,0.000,0.000,0.366,1.690,11.247,pompa basenu
2026-02-08 17:00:00,Sunday,17,2.670,7.286,0.331,0.000,0.996,0.000,11.283,
2026-02-08 18:00:00,Sunday,18,2.919,6.626,0.518,4.082,1.178,0.000,15.323,
2026-02-08 19:00:00,Sunday,19,2.054,8.045,0.444,0.000,0.842,16.371,27.756,sauna
2026-02-08 20:00:00,Sunday,20,2.622,8.756,0.345,0.000,1.097,20.042,32.862,sauna
2026-02-08 21:00:00,Sunday,21,2.758,6.902,0.545,0.000,0.697,19.665,30.567,sauna
2026-02-08 22:00:00,Sunday,22,2.261,6.636,0.202,0.000,0.704,10.644,20.447,ładowanie EV
2026-02-08 23:00:00,Sunday,23,2.613,8.351,0.000,0.000,0.000,14.488,25.452,ładowanie EV
2026-02-09 00:00:00,Monday,0,2.866,7.493,0.000,0.000,0.000,12.588,22.947,ładowanie EV
2026-02-09 01:00:00,Monday,1,2.445,7.836,0.000,0.000,0.000,12.436,22.717,ładowanie EV
2026-02-09 02:00:00,Monday,2,2.353,7.875,0.000,0.000,0.000,15.141,25.369,ładowanie EV
2026-02-09 03:00:00,Monday,3,2.134,6.686,0.000,0.000,0.000,14.902,23.722,ładowanie EV
2026-02-09 04:00:00,Monday,4,2.323,6.622,0.000,0.000,0.000,13.809,22.754,ładowanie EV
2026-02-09 05:00:00,Monday,5,2.861,8.577,0.000,0.000,0.000,12.519,23.957,ładowanie EV
2026-02-09 06:00:00,Monday,6,2.673,8.938,0.483,0.899,0.000,0.000,12.993,
2026-02-09 07:00:00,Monday,7,1.927,9.115,0.324,1.283,0.000,0.000,12.649,
2026-02-09 08:00:00,Monday,8,2.390,8.809,0.000,1.162,0.000,0.000,12.361,
2026-02-09 09:00:00,Monday,9,2.739,8.338,0.000,0.000,0.301,4.080,15.458,pompa basenu; pralka
2026-02-09 10:00:00,Monday,10,2.990,8.883,0.000,0.000,0.354,5.419,17.646,pompa basenu; suszarka
2026-02-09 11:00:00,Monday,11,1.920,8.795,0.000,0.000,0.276,1.433,12.424,pompa basenu
2026-02-09 12:00:00,Monday,12,2.162,8.814,0.000,1.300,0.320,2.507,15.103,pompa basenu
2026-02-09 13:00:00,Monday,13,2.581,8.406,0.000,0.000,0.448,1.506,12.941,pompa basenu
2026-02-09 14:00:00,Monday,14,3.100,8.013,0.000,0.000,0.534,2.376,14.023,pompa basenu
2026-02-09 15:00:00,Monday,15,1.937,8.572,0.000,0.000,0.727,1.605,12.841,pompa basenu
2026-02-09 16:00:00,Monday,16,2.804,8.434,0.000,0.000,0.768,1.474,13.480,pompa basenu
2026-02-09 17:00:00,Monday,17,2.100,7.100,0.363,0.000,1.030,0.000,10.593,
2026-02-09 18:00:00,Monday,18,2.075,7.917,0.543,6.866,0.720,0.000,18.121,
2026-02-09 19:00:00,Monday,19,2.153,7.498,0.278,0.000,1.157,1.893,12.979,zmywarka
2026-02-09 20:00:00,Monday,20,2.102,8.802,0.531,0.000,1.046,0.000,12.481,
2026-02-09 21:00:00,Monday,21,2.417,7.698,0.334,0.000,0.603,0.000,11.052,
2026-02-09 22:00:00,Monday,22,2.613,7.838,0.147,0.000,0.961,8.108,19.667,ładowanie EV
2026-02-09 23:00:00,Monday,23,2.843,6.339,0.000,0.000,0.000,9.970,19.152,ładowanie EV
2026-02-10 00:00:00,Tuesday,0,2.148,7.983,0.000,0.000,0.000,14.315,24.446,ładowanie EV
2026-02-10 01:00:00,Tuesday,1,2.702,6.806,0.000,0.000,0.000,9.092,18.600,ładowanie EV
2026-02-10 02:00:00,Tuesday,2,2.772,6.323,0.000,0.000,0.000,13.144,22.239,ładowanie EV
2026-02-10 03:00:00,Tuesday,3,3.158,7.944,0.000,0.000,0.000,8.636,19.738,ładowanie EV
2026-02-10 04:00:00,Tuesday,4,2.877,7.399,0.000,0.000,0.000,14.180,24.456,ładowanie EV
2026-02-10 05:00:00,Tuesday,5,2.569,7.162,0.000,0.000,0.000,15.996,25.727,ładowanie EV
2026-02-10 06:00:00,Tuesday,6,1.927,8.193,0.290,0.759,0.000,0.000,11.169,
2026-02-10 07:00:00,Tuesday,7,2.056,8.694,0.276,1.099,0.000,0.000,12.125,
2026-02-10 08:00:00,Tuesday,8,3.041,7.636,0.000,1.125,0.000,0.000,11.802,
2026-02-10 09:00:00,Tuesday,9,2.544,7.592,0.000,0.000,0.294,2.192,12.622,pompa basenu
2026-02-10 10:00:00,Tuesday,10,2.581,7.516,0.000,0.000,0.290,4.687,15.074,pompa basenu; pralka
2026-02-10 11:00:00,Tuesday,11,2.884,8.664,0.000,0.000,0.423,5.750,17.721,pompa basenu; suszarka
2026-02-10 12:00:00,Tuesday,12,2.760,8.340,0.000,0.000,0.460,1.769,13.329,pompa basenu
2026-02-10 13:00:00,Tuesday,13,2.735,7.581,0.000,1.576,0.285,2.109,14.286,pompa basenu
2026-02-10 14:00:00,Tuesday,14,2.134,7.723,0.000,0.000,0.315,2.332,12.504,pompa basenu
2026-02-10 15:00:00,Tuesday,15,2.530,7.450,0.000,0.000,0.605,1.773,12.358,pompa basenu
2026-02-10 16:00:00,Tuesday,16,1.987,8.248,0.000,0.000,0.481,2.498,13.214,pompa basenu
2026-02-10 17:00:00,Tuesday,17,2.617,7.482,0.248,6.185,1.118,0.000,17.650,
2026-02-10 18:00:00,Tuesday,18,1.973,8.255,0.651,0.000,0.550,0.000,11.429,
2026-02-10 19:00:00,Tuesday,19,2.847,8.912,0.258,0.000,0.720,2.017,14.754,zmywarka
2026-02-10 20:00:00,Tuesday,20,2.461,7.335,0.540,0.000,1.120,0.000,11.456,
2026-02-10 21:00:00,Tuesday,21,2.367,8.386,0.660,0.000,0.531,0.000,11.944,
2026-02-10 22:00:00,Tuesday,22,2.781,7.155,0.297,0.000,1.060,14.405,25.698,ładowanie EV
2026-02-10 23:00:00,Tuesday,23,2.252,7.638,0.000,0.000,0.000,13.444,23.334,ładowanie EV
2026-02-11 00:00:00,Wednesday,0,2.921,8.193,0.000,0.000,0.000,11.820,22.934,ładowanie EV
2026-02-11 01:00:00,Wednesday,1,2.702,7.737,0.000,0.000,0.000,8.609,19.048,ładowanie EV
2026-02-11 02:00:00,Wednesday,2,3.075,7.144,0.000,0.000,0.000,11.072,21.291,ładowanie EV
2026-02-11 03:00:00,Wednesday,3,2.969,7.560,0.000,0.000,0.000,13.069,23.598,ładowanie EV
2026-02-11 04:00:00,Wednesday,4,2.882,7.360,0.000,0.000,0.000,9.437,19.679,ładowanie EV
2026-02-11 05:00:00,Wednesday,5,2.482,7.611,0.000,0.000,0.000,15.495,25.588,ładowanie EV
2026-02-11 06:00:00,Wednesday,6,2.627,8.367,0.455,1.067,0.000,0.000,12.516,
2026-02-11 07:00:00,Wednesday,7,2.840,6.442,0.352,0.964,0.000,0.000,10.598,
2026-02-11 08:00:00,Wednesday,8,1.863,8.257,0.000,0.966,0.000,0.000,11.086,
2026-02-11 09:00:00,Wednesday,9,3.050,7.779,0.000,0.000,0.292,1.962,13.083,pompa basenu
2026-02-11 10:00:00,Wednesday,10,2.215,8.344,0.000,0.000,0.310,2.670,13.539,pompa basenu
2026-02-11 11:00:00,Wednesday,11,3.018,7.296,0.000,0.000,0.292,2.523,13.129,pompa basenu
2026-02-11 12:00:00,Wednesday,12,2.015,7.988,0.000,1.688,0.458,2.735,14.884,pompa basenu
2026-02-11 13:00:00,Wednesday,13,2.201,7.689,0.000,0.000,0.485,1.610,11.985,pompa basenu
2026-02-11 14:00:00,Wednesday,14,1.946,7.675,0.000,0.000,0.702,1.711,12.034,pompa basenu
2026-02-11 15:00:00,Wednesday,15,2.270,6.180,0.000,0.000,0.842,1.792,11.084,pompa basenu
2026-02-11 16:00:00,Wednesday,16,2.785,7.602,0.000,0.000,0.695,2.684,13.766,pompa basenu
2026-02-11 17:00:00,Wednesday,17,2.137,7.059,0.612,0.000,0.711,0.000,10.519,
2026-02-11 18:00:00,Wednesday,18,2.348,6.803,0.688,8.045,0.644,0.000,18.528,
2026-02-11 19:00:00,Wednesday,19,2.700,8.264,0.380,0.000,0.603,0.000,11.947,
2026-02-11 20:00:00,Wednesday,20,2.019,6.585,0.347,0.000,0.582,2.617,12.150,zmywarka
2026-02-11 21:00:00,Wednesday,21,2.072,8.531,0.304,0.000,0.941,0.000,11.848,
2026-02-11 22:00:00,Wednesday,22,2.261,6.435,0.223,0.000,0.941,8.057,17.917,ładowanie EV
2026-02-11 23:00:00,Wednesday,23,2.544,7.367,0.000,0.000,0.000,16.739,26.650,ładowanie EV
2026-02-12 00:00:00,Thursday,0,2.850,7.728,0.000,0.000,0.000,11.127,21.705,ładowanie EV
2026-02-12 01:00:00,Thursday,1,2.606,6.518,0.000,0.000,0.000,8.485,17.609,ładowanie EV
2026-02-12 02:00:00,Thursday,2,2.985,7.224,0.000,0.000,0.000,9.883,20.092,ładowanie EV
2026-02-12 03:00:00,Thursday,3,3.204,7.979,0.000,0.000,0.000,15.067,26.250,ładowanie EV
2026-02-12 04:00:00,Thursday,4,2.378,6.608,0.000,0.000,0.000,16.424,25.410,ładowanie EV
2026-02-12 05:00:00,Thursday,5,2.217,8.255,0.000,0.000,0.000,11.454,21.926,ładowanie EV
2026-02-12 06:00:00,Thursday,6,2.748,8.784,0.377,0.708,0.000,0.000,12.617,
2026-02-12 07:00:00,Thursday,7,2.031,8.857,0.354,1.088,0.000,0.000,12.330,
2026-02-12 08:00:00,Thursday,8,2.178,9.039,0.000,0.835,0.000,0.000,12.052,
2026-02-12 09:00:00,Thursday,9,2.624,7.229,0.000,0.000,0.474,2.551,12.878,pompa basenu
2026-02-12 10:00:00,Thursday,10,1.955,7.050,0.000,0.000,0.313,2.118,11.436,pompa basenu
2026-02-12 11:00:00,Thursday,11,2.712,7.259,0.000,0.000,0.476,1.893,12.340,pompa basenu
2026-02-12 12:00:00,Thursday,12,3.183,7.148,0.000,1.458,0.389,2.670,14.848,pompa basenu
2026-02-12 13:00:00,Thursday,13,3.006,8.262,0.000,0.000,0.278,2.742,14.288,pompa basenu
2026-02-12 14:00:00,Thursday,14,1.971,7.496,0.000,0.000,0.738,2.684,12.889,pompa basenu
2026-02-12 15:00:00,Thursday,15,2.017,7.898,0.000,0.000,0.428,1.684,12.027,pompa basenu
2026-02-12 16:00:00,Thursday,16,3.116,7.305,0.000,0.000,0.796,2.532,13.749,pompa basenu
2026-02-12 17:00:00,Thursday,17,2.300,7.560,0.384,4.377,0.524,0.000,15.145,goście
2026-02-12 18:00:00,Thursday,18,2.233,7.615,0.674,0.000,1.090,0.000,11.612,goście
2026-02-12 19:00:00,Thursday,19,3.015,6.946,0.575,0.000,0.623,0.000,11.159,goście
2026-02-12 20:00:00,Thursday,20,1.842,7.033,0.685,0.000,1.044,2.063,12.667,goście; zmywarka
2026-02-12 21:00:00,Thursday,21,3.202,7.590,0.354,0.000,0.557,0.000,11.703,goście
2026-02-12 22:00:00,Thursday,22,2.624,6.840,0.209,0.000,0.957,9.890,20.520,ładowanie EV
2026-02-12 23:00:00,Thursday,23,2.378,8.301,0.000,0.000,0.000,11.258,21.937,ładowanie EV
2026-02-13 00:00:00,Friday,0,3.043,8.347,0.000,0.000,0.000,15.992,27.382,ładowanie EV
2026-02-13 01:00:00,Friday,1,1.865,6.849,0.000,0.000,0.000,15.688,24.402,ładowanie EV
2026-02-13 02:00:00,Friday,2,2.463,8.372,0.000,0.000,0.000,15.861,26.696,ładowanie EV
2026-02-13 03:00:00,Friday,3,2.742,8.308,0.000,0.000,0.000,9.876,20.926,ładowanie EV
2026-02-13 04:00:00,Friday,4,2.799,7.066,0.000,0.000,0.000,12.204,22.069,ładowanie EV
2026-02-13 05:00:00,Friday,5,2.033,7.445,0.000,0.000,0.000,11.578,21.056,ładowanie EV
2026-02-13 06:00:00,Friday,6,2.751,7.296,0.329,0.690,0.000,0.000,11.066,
2026-02-13 07:00:00,Friday,7,2.647,7.762,0.478,0.630,0.000,0.000,11.517,
2026-02-13 08:00:00,Friday,8,3.167,7.827,0.000,1.111,0.000,0.000,12.105,
2026-02-13 09:00:00,Friday,9,2.613,8.533,0.000,0.000,0.336,2.240,13.722,pompa basenu
2026-02-13 10:00:00,Friday,10,2.647,8.687,0.000,0.000,0.345,1.925,13.604,pompa basenu
2026-02-13 11:00:00,Friday,11,2.187,7.309,0.000,0.000,0.398,1.589,11.483,pompa basenu
2026-02-13 12:00:00,Friday,12,2.208,7.459,0.000,1.127,0.492,1.964,13.250,pompa basenu
2026-02-13 13:00:00,Friday,13,2.293,7.884,0.000,0.000,0.373,1.674,12.224,pompa basenu
2026-02-13 14:00:00,Friday,14,2.864,8.528,0.000,0.000,0.393,2.433,14.218,pompa basenu
2026-02-13 15:00:00,Friday,15,3.169,9.536,0.000,0.000,0.559,1.431,14.695,pompa basenu
2026-02-13 16:00:00,Friday,16,2.744,7.560,0.000,0.000,0.439,2.077,12.820,pompa basenu
2026-02-13 17:00:00,Friday,17,2.663,9.110,0.260,0.000,0.918,0.000,12.951,
2026-02-13 18:00:00,Friday,18,2.502,7.804,0.649,3.678,1.136,0.000,15.769,
2026-02-13 19:00:00,Friday,19,3.110,8.754,0.628,0.000,1.191,2.539,16.222,zmywarka
2026-02-13 20:00:00,Friday,20,1.996,8.604,0.649,0.000,1.104,0.000,12.353,
2026-02-13 21:00:00,Friday,21,2.659,9.131,0.462,0.000,0.577,0.000,12.829,
2026-02-13 22:00:00,Friday,22,2.946,8.393,0.223,0.000,1.076,11.755,24.393,ładowanie EV
2026-02-13 23:00:00,Friday,23,1.950,8.768,0.000,0.000,0.000,16.618,27.336,ładowanie EV
2026-02-14 00:00:00,Saturday,0,2.001,6.801,0.000,0.000,0.000,16.804,25.606,ładowanie EV
2026-02-14 01:00:00,Saturday,1,1.944,8.917,0.000,0.000,0.000,13.414,24.275,ładowanie EV
2026-02-14 02:00:00,Saturday,2,2.992,8.156,0.000,0.000,0.000,11.505,22.653,ładowanie EV
2026-02-14 03:00:00,Saturday,3,2.891,7.270,0.000,0.000,0.000,15.086,25.247,ładowanie EV
2026-02-14 04:00:00,Saturday,4,2.461,8.765,0.000,0.000,0.000,13.940,25.166,ładowanie EV
2026-02-14 05:00:00,Saturday,5,2.171,9.658,0.000,0.000,0.000,8.910,20.739,ładowanie EV
2026-02-14 06:00:00,Saturday,6,2.988,9.331,0.283,1.334,0.000,0.000,13.936,
2026-02-14 07:00:00,Saturday,7,2.339,9.699,0.193,0.681,0.000,0.000,12.912,
2026-02-14 08:00:00,Saturday,8,2.399,10.582,0.000,0.950,0.000,0.000,13.931,
2026-02-14 09:00:00,Saturday,9,2.730,8.931,0.000,0.000,0.239,1.861,13.761,pompa basenu
2026-02-14 10:00:00,Saturday,10,2.088,10.610,0.000,0.000,0.591,2.065,15.354,pompa basenu
2026-02-14 11:00:00,Saturday,11,3.089,10.378,0.000,0.000,0.313,2.318,16.098,pompa basenu
2026-02-14 12:00:00,Saturday,12,2.997,10.138,0.000,0.000,0.373,2.588,16.096,pompa basenu
2026-02-14 13:00:00,Saturday,13,3.169,8.333,0.000,1.523,0.297,1.999,15.321,pompa basenu
2026-02-14 14:00:00,Saturday,14,1.907,9.076,0.000,0.000,0.734,4.253,15.970,pompa basenu; zmywarka
2026-02-14 15:00:00,Saturday,15,2.468,8.940,0.000,0.000,0.329,1.651,13.388,pompa basenu
2026-02-14 16:00:00,Saturday,16,2.976,8.059,0.000,0.000,0.386,2.696,14.117,pompa basenu
2026-02-14 17:00:00,Saturday,17,2.130,9.218,0.377,2.654,0.853,0.000,15.232,
2026-02-14 18:00:00,Saturday,18,2.827,9.172,0.400,0.000,0.718,0.000,13.117,
2026-02-14 19:00:00,Saturday,19,2.857,8.492,0.359,0.000,1.194,14.368,27.270,sauna
2026-02-14 20:00:00,Saturday,20,2.433,8.319,0.451,0.000,0.890,16.512,28.605,sauna
2026-02-14 21:00:00,Saturday,21,2.864,9.069,0.363,0.000,0.899,14.821,28.016,sauna
2026-02-14 22:00:00,Saturday,22,2.518,7.624,0.143,0.000,1.203,12.296,23.784,ładowanie EV
2026-02-14 23:00:00,Saturday,23,2.263,9.331,0.000,0.000,0.000,14.416,26.010,ładowanie EV
2026-02-15 00:00:00,Sunday,0,2.772,6.474,0.000,0.000,0.000,8.386,17.632,wyjazd / nieobecność; ładowanie EV
2026-02-15 01:00:00,Sunday,1,2.829,7.401,0.000,0.000,0.000,13.851,24.081,wyjazd / nieobecność; ładowanie EV
2026-02-15 02:00:00,Sunday,2,2.622,8.186,0.000,0.000,0.000,14.331,25.139,wyjazd / nieobecność; ładowanie EV
2026-02-15 03:00:00,Sunday,3,2.551,7.452,0.000,0.000,0.000,15.477,25.480,wyjazd / nieobecność; ładowanie EV
2026-02-15 04:00:00,Sunday,4,3.149,9.540,0.000,0.000,0.000,13.450,26.139,wyjazd / nieobecność; ładowanie EV
2026-02-15 05:00:00,Sunday,5,2.493,8.084,0.000,0.000,0.000,11.387,21.964,wyjazd / nieobecność; ładowanie EV
2026-02-15 06:00:00,Sunday,6,2.088,7.217,0.000,0.000,0.000,0.000,9.305,wyjazd / nieobecność
2026-02-15 07:00:00,Sunday,7,2.783,9.156,0.000,0.000,0.000,0.000,11.939,wyjazd / nieobecność
2026-02-15 08:00:00,Sunday,8,2.813,7.756,0.000,0.000,0.000,0.000,10.569,wyjazd / nieobecność
2026-02-15 09:00:00,Sunday,9,2.431,7.813,0.000,0.000,0.000,2.008,12.252,wyjazd / nieobecność; pompa basenu
2026-02-15 10:00:00,Sunday,10,2.613,7.245,0.000,0.000,0.000,2.240,12.098,wyjazd / nieobecność; pompa basenu
2026-02-15 11:00:00,Sunday,11,2.438,8.016,0.000,0.000,0.000,1.527,11.981,wyjazd / nieobecność; pompa basenu
2026-02-15 12:00:00,Sunday,12,2.769,7.572,0.000,0.000,0.000,1.953,12.294,wyjazd / nieobecność; pompa basenu
2026-02-15 13:00:00,Sunday,13,2.006,7.795,0.000,0.000,0.000,1.424,11.225,wyjazd / nieobecność; pompa basenu
2026-02-15 14:00:00,Sunday,14,2.555,6.208,0.000,0.000,0.000,2.210,10.973,wyjazd / nieobecność; pompa basenu
2026-02-15 15:00:00,Sunday,15,2.082,7.208,0.000,0.000,0.000,1.950,11.240,wyjazd / nieobecność; pompa basenu
2026-02-15 16:00:00,Sunday,16,2.196,7.615,0.000,0.000,0.000,1.465,11.276,wyjazd / nieobecność; pompa basenu
2026-02-15 17:00:00,Sunday,17,2.263,7.694,0.000,0.000,0.000,0.000,9.957,wyjazd / nieobecność
2026-02-15 18:00:00,Sunday,18,2.410,6.284,0.000,0.000,0.000,0.000,8.694,wyjazd / nieobecność
2026-02-15 19:00:00,Sunday,19,2.774,6.336,0.000,0.000,0.000,19.184,28.294,wyjazd / nieobecność; sauna
2026-02-15 20:00:00,Sunday,20,2.146,7.321,0.000,0.000,0.000,13.864,23.331,wyjazd / nieobecność; sauna
2026-02-15 21:00:00,Sunday,21,3.004,7.314,0.000,0.000,0.000,18.066,28.384,wyjazd / nieobecność; sauna
2026-02-15 22:00:00,Sunday,22,1.858,6.058,0.000,0.000,0.000,10.930,18.846,wyjazd / nieobecność; ładowanie EV
2026-02-15 23:00:00,Sunday,23,3.140,5.886,0.000,0.000,0.000,15.017,24.043,wyjazd / nieobecność; ładowanie EV
2026-02-16 00:00:00,Monday,0,3.015,6.721,0.000,0.000,0.000,14.945,24.681,ładowanie EV
2026-02-16 01:00:00,Monday,1,2.029,6.930,0.000,0.000,0.000,11.261,20.220,ładowanie EV
2026-02-16 02:00:00,Monday,2,1.898,8.551,0.000,0.000,0.000,12.737,23.186,ładowanie EV
2026-02-16 03:00:00,Monday,3,2.489,7.988,0.000,0.000,0.000,10.953,21.430,ładowanie EV
2026-02-16 04:00:00,Monday,4,2.472,6.946,0.000,0.000,0.000,10.801,20.219,ładowanie EV
2026-02-16 05:00:00,Monday,5,2.291,8.811,0.000,0.000,0.000,10.785,21.887,ładowanie EV
2026-02-16 06:00:00,Monday,6,2.114,9.412,0.221,1.233,0.000,0.000,12.980,
2026-02-16 07:00:00,Monday,7,2.903,8.676,0.237,0.897,0.000,0.000,12.713,
2026-02-16 08:00:00,Monday,8,2.224,9.775,0.000,1.309,0.000,0.000,13.308,
2026-02-16 09:00:00,Monday,9,1.957,9.149,0.000,0.000,0.299,1.815,13.220,pompa basenu
2026-02-16 10:00:00,Monday,10,1.847,9.612,0.000,0.000,0.283,1.914,13.656,pompa basenu
2026-02-16 11:00:00,Monday,11,3.034,7.489,0.000,0.000,0.361,2.484,13.368,pompa basenu
2026-02-16 12:00:00,Monday,12,2.893,9.556,0.000,0.000,0.426,1.990,14.865,pompa basenu
2026-02-16 13:00:00,Monday,13,2.778,8.664,0.000,1.099,0.331,2.314,15.186,pompa basenu
2026-02-16 14:00:00,Monday,14,2.084,8.717,0.000,0.000,0.380,1.424,12.605,pompa basenu
2026-02-16 15:00:00,Monday,15,1.953,8.853,0.000,0.000,0.377,2.707,13.890,pompa basenu
2026-02-16 16:00:00,Monday,16,3.162,7.997,0.000,0.000,0.402,2.546,14.107,pompa basenu
2026-02-16 17:00:00,Monday,17,2.834,8.022,0.242,2.484,0.605,0.000,14.187,
2026-02-16 18:00:00,Monday,18,2.958,8.597,0.393,0.000,0.787,0.000,12.735,
2026-02-16 19:00:00,Monday,19,2.461,8.278,0.428,0.000,0.980,0.000,12.147,
2026-02-16 20:00:00,Monday,20,3.084,7.894,0.416,0.000,0.835,2.316,14.545,zmywarka
2026-02-16 21:00:00,Monday,21,2.075,9.805,0.564,0.000,1.189,0.000,13.633,
2026-02-16 22:00:00,Monday,22,2.903,8.310,0.232,0.000,0.718,13.062,25.225,ładowanie EV
2026-02-16 23:00:00,Monday,23,2.544,8.446,0.000,0.000,0.000,15.691,26.681,ładowanie EV
2026-02-17 00:00:00,Tuesday,0,2.891,8.393,0.000,0.000,0.000,9.885,21.169,ładowanie EV
2026-02-17 01:00:00,Tuesday,1,2.029,7.259,0.000,0.000,0.000,13.650,22.938,ładowanie EV
2026-02-17 02:00:00,Tuesday,2,2.203,8.947,0.000,0.000,0.000,12.296,23.446,ładowanie EV
2026-02-17 03:00:00,Tuesday,3,2.236,9.326,0.000,0.000,0.000,8.379,19.941,ładowanie EV
2026-02-17 04:00:00,Tuesday,4,2.592,7.634,0.000,0.000,0.000,15.612,25.838,ładowanie EV
2026-02-17 05:00:00,Tuesday,5,2.141,7.838,0.000,0.000,0.000,14.748,24.727,ładowanie EV
2026-02-17 06:00:00,Tuesday,6,3.043,9.876,0.294,1.076,0.000,0.000,14.289,
2026-02-17 07:00:00,Tuesday,7,2.903,9.320,0.216,0.483,0.000,0.000,12.922,
2026-02-17 08:00:00,Tuesday,8,2.217,8.627,0.000,0.359,0.000,0.000,11.203,
2026-02-17 09:00:00,Tuesday,9,2.562,8.954,0.000,0.000,0.345,1.948,13.809,pompa basenu
2026-02-17 10:00:00,Tuesday,10,2.233,10.182,0.000,0.000,0.382,1.580,14.377,pompa basenu
2026-02-17 11:00:00,Tuesday,11,2.886,8.979,0.000,0.000,0.288,2.698,14.851,pompa basenu
2026-02-17 12:00:00,Tuesday,12,2.960,9.179,0.000,1.024,0.290,2.634,16.087,pompa basenu
2026-02-17 13:00:00,Tuesday,13,2.946,7.758,0.000,0.000,0.439,3.694,14.837,pompa basenu; pralka
2026-02-17 14:00:00,Tuesday,14,2.095,8.687,0.000,0.000,0.485,5.775,17.042,pompa basenu; suszarka
2026-02-17 15:00:00,Tuesday,15,1.969,7.790,0.000,0.000,0.672,2.401,12.832,pompa basenu
2026-02-17 16:00:00,Tuesday,16,2.268,7.457,0.000,0.000,0.301,2.328,12.354,pompa basenu
2026-02-17 17:00:00,Tuesday,17,2.364,7.903,0.688,0.000,0.628,0.000,11.583,
2026-02-17 18:00:00,Tuesday,18,2.801,7.183,0.676,4.145,1.145,0.000,15.950,
2026-02-17 19:00:00,Tuesday,19,3.091,7.742,0.642,0.000,1.000,1.969,14.444,zmywarka
2026-02-17 20:00:00,Tuesday,20,1.900,9.246,0.419,0.000,1.184,0.000,12.749,
2026-02-17 21:00:00,Tuesday,21,2.321,7.953,0.536,0.000,0.899,0.000,11.709,
2026-02-17 22:00:00,Tuesday,22,2.284,8.866,0.143,0.000,0.812,10.854,22.959,ładowanie EV
2026-02-17 23:00:00,Tuesday,23,2.010,9.368,0.000,0.000,0.000,8.669,20.047,ładowanie EV
2026-02-18 00:00:00,Wednesday,0,3.130,7.811,0.000,0.000,0.000,11.410,22.351,ładowanie EV
2026-02-18 01:00:00,Wednesday,1,2.588,9.713,0.000,0.000,0.000,10.350,22.651,ładowanie EV
2026-02-18 02:00:00,Wednesday,2,2.130,8.754,0.000,0.000,0.000,13.055,23.939,ładowanie EV
2026-02-18 03:00:00,Wednesday,3,2.815,8.774,0.000,0.000,0.000,14.207,25.796,ładowanie EV
2026-02-18 04:00:00,Wednesday,4,2.935,7.953,0.000,0.000,0.000,14.285,25.173,ładowanie EV
2026-02-18 05:00:00,Wednesday,5,3.165,10.136,0.000,0.000,0.000,9.534,22.835,ładowanie EV
2026-02-18 06:00:00,Wednesday,6,2.847,9.798,0.216,0.860,0.000,0.000,13.721,
2026-02-18 07:00:00,Wednesday,7,1.976,10.932,0.290,0.400,0.000,0.000,13.598,
2026-02-18 08:00:00,Wednesday,8,2.187,9.168,0.000,0.784,0.000,0.000,12.139,
2026-02-18 09:00:00,Wednesday,9,2.194,11.677,0.000,0.000,0.432,2.661,16.964,pompa basenu
2026-02-18 10:00:00,Wednesday,10,2.220,10.828,0.000,0.000,0.310,2.376,15.734,pompa basenu
2026-02-18 11:00:00,Wednesday,11,1.987,9.566,0.000,0.000,0.299,1.760,13.612,pompa basenu
2026-02-18 12:00:00,Wednesday,12,2.194,9.120,0.000,1.477,0.412,2.367,15.570,pompa basenu
2026-02-18 13:00:00,Wednesday,13,2.670,8.742,0.000,0.000,0.393,3.429,15.234,pompa basenu; pralka
2026-02-18 14:00:00,Wednesday,14,2.583,9.377,0.000,0.000,0.426,6.836,19.222,pompa basenu; suszarka
2026-02-18 15:00:00,Wednesday,15,2.880,9.030,0.000,0.000,0.412,2.477,14.799,pompa basenu
2026-02-18 16:00:00,Wednesday,16,2.082,7.868,0.000,0.000,0.826,1.663,12.439,pompa basenu
2026-02-18 17:00:00,Wednesday,17,2.006,7.174,0.660,4.501,1.072,0.000,15.413,
2026-02-18 18:00:00,Wednesday,18,2.247,9.313,0.262,0.000,0.770,0.000,12.592,
2026-02-18 19:00:00,Wednesday,19,2.387,8.625,0.356,0.000,0.626,2.546,14.540,zmywarka
2026-02-18 20:00:00,Wednesday,20,2.870,7.335,0.582,0.000,0.984,0.000,11.771,
2026-02-18 21:00:00,Wednesday,21,1.955,9.550,0.350,0.000,0.835,0.000,12.690,
2026-02-18 22:00:00,Wednesday,22,2.484,7.068,0.159,0.000,0.982,12.834,23.527,ładowanie EV
2026-02-18 23:00:00,Wednesday,23,2.818,7.917,0.000,0.000,0.000,12.333,23.068,ładowanie EV
2026-02-19 00:00:00,Thursday,0,2.592,8.687,0.000,0.000,0.000,15.817,27.096,ładowanie EV
2026-02-19 01:00:00,Thursday,1,2.176,7.190,0.000,0.000,0.000,10.378,19.744,ładowanie EV
2026-02-19 02:00:00,Thursday,2,2.272,7.300,0.000,0.000,0.000,10.074,19.646,ładowanie EV
2026-02-19 03:00:00,Thursday,3,2.514,7.615,0.000,0.000,0.000,10.566,20.695,ładowanie EV
2026-02-19 04:00:00,Thursday,4,2.721,8.878,0.000,0.000,0.000,8.885,20.484,ładowanie EV
2026-02-19 05:00:00,Thursday,5,2.346,7.723,0.000,0.000,0.000,10.136,20.205,ładowanie EV
2026-02-19 06:00:00,Thursday,6,2.052,8.064,0.455,0.586,0.000,0.000,11.157,
2026-02-19 07:00:00,Thursday,7,1.950,8.103,0.350,0.384,0.000,0.000,10.787,
2026-02-19 08:00:00,Thursday,8,2.261,9.531,0.000,0.987,0.000,0.000,12.779,
2026-02-19 09:00:00,Thursday,9,1.955,8.798,0.000,0.000,0.474,2.245,13.472,pompa basenu
2026-02-19 10:00:00,Thursday,10,2.758,9.014,0.000,0.000,0.340,2.102,14.214,pompa basenu
2026-02-19 11:00:00,Thursday,11,2.392,10.108,0.000,0.000,0.407,2.098,15.005,pompa basenu
2026-02-19 12:00:00,Thursday,12,2.153,8.425,0.000,1.778,0.380,2.056,14.792,pompa basenu
2026-02-19 13:00:00,Thursday,13,2.477,7.581,0.000,0.000,0.384,1.840,12.282,pompa basenu
2026-02-19 14:00:00,Thursday,14,1.898,7.710,0.000,0.000,0.430,2.157,12.195,pompa basenu
2026-02-19 15:00:00,Thursday,15,2.226,8.084,0.000,0.000,0.283,2.401,12.994,pompa basenu
2026-02-19 16:00:00,Thursday,16,1.925,9.430,0.000,0.000,0.697,2.150,14.202,pompa basenu
2026-02-19 17:00:00,Thursday,17,2.647,9.924,0.340,5.568,0.872,0.000,19.351,
2026-02-19 18:00:00,Thursday,18,1.964,8.607,0.593,0.000,0.727,0.000,11.891,
2026-02-19 19:00:00,Thursday,19,2.884,9.626,0.350,0.000,0.971,2.199,16.030,zmywarka
2026-02-19 20:00:00,Thursday,20,2.482,8.880,0.559,0.000,0.596,0.000,12.517,
2026-02-19 21:00:00,Thursday,21,1.987,8.464,0.506,0.000,0.764,0.000,11.721,
2026-02-19 22:00:00,Thursday,22,2.859,7.956,0.292,0.000,0.754,16.029,27.890,ładowanie EV
2026-02-19 23:00:00,Thursday,23,2.588,8.211,0.000,0.000,0.000,11.937,22.736,ładowanie EV
2026-02-20 00:00:00,Friday,0,2.169,10.267,0.000,0.000,0.000,10.713,23.149,ładowanie EV
2026-02-20 01:00:00,Friday,1,3.029,8.968,0.000,0.000,0.000,9.547,21.544,ładowanie EV
2026-02-20 02:00:00,Friday,2,3.052,9.126,0.000,0.000,0.000,9.018,21.196,ładowanie EV
2026-02-20 03:00:00,Friday,3,3.186,10.865,0.000,0.000,0.000,11.111,25.162,ładowanie EV
2026-02-20 04:00:00,Friday,4,3.218,9.639,0.000,0.000,0.000,14.513,27.370,ładowanie EV
2026-02-20 05:00:00,Friday,5,2.972,10.536,0.000,0.000,0.000,8.413,21.921,ładowanie EV
2026-02-20 06:00:00,Friday,6,2.969,8.303,0.446,0.835,0.000,0.000,12.553,
2026-02-20 07:00:00,Friday,7,2.045,9.182,0.416,0.932,0.000,0.000,12.575,
2026-02-20 08:00:00,Friday,8,2.190,8.616,0.000,0.959,0.000,0.000,11.765,
2026-02-20 09:00:00,Friday,9,2.466,9.326,0.000,0.000,0.731,2.553,15.076,praca zdalna; pompa basenu
2026-02-20 10:00:00,Friday,10,3.084,8.133,0.000,0.000,0.699,1.421,13.337,praca zdalna; pompa basenu
2026-02-20 11:00:00,Friday,11,1.920,9.011,0.000,0.000,0.708,4.269,15.908,praca zdalna; pompa basenu; pralka
2026-02-20 12:00:00,Friday,12,2.960,8.379,0.000,2.063,0.692,2.380,16.474,praca zdalna; pompa basenu
2026-02-20 13:00:00,Friday,13,2.486,7.302,0.000,0.000,0.844,2.700,13.332,praca zdalna; pompa basenu
2026-02-20 14:00:00,Friday,14,2.969,8.404,0.000,0.000,0.761,1.872,14.006,praca zdalna; pompa basenu
2026-02-20 15:00:00,Friday,15,3.213,9.481,0.000,0.000,1.217,2.452,16.363,praca zdalna; pompa basenu
2026-02-20 16:00:00,Friday,16,2.574,9.064,0.000,0.000,1.056,1.879,14.573,praca zdalna; pompa basenu
2026-02-20 17:00:00,Friday,17,2.236,9.126,0.478,4.568,0.612,0.000,17.020,goście
2026-02-20 18:00:00,Friday,18,2.988,8.165,0.658,0.000,1.053,0.000,12.864,goście
2026-02-20 19:00:00,Friday,19,2.229,8.096,0.269,0.000,0.780,0.000,11.374,goście
2026-02-20 20:00:00,Friday,20,2.758,6.633,0.269,0.000,0.872,2.121,12.653,goście; zmywarka
2026-02-20 21:00:00,Friday,21,3.220,8.213,0.513,0.000,0.685,0.000,12.631,goście
2026-02-20 22:00:00,Friday,22,1.870,6.323,0.177,0.000,1.198,11.686,21.254,ładowanie EV
2026-02-20 23:00:00,Friday,23,2.518,7.210,0.000,0.000,0.000,9.545,19.273,ładowanie EV
2026-02-21 00:00:00,Saturday,0,3.197,6.534,0.000,0.000,0.000,14.331,24.062,ładowanie EV
2026-02-21 01:00:00,Saturday,1,2.022,6.859,0.000,0.000,0.000,11.401,20.282,ładowanie EV
2026-02-21 02:00:00,Saturday,2,2.960,7.234,0.000,0.000,0.000,16.850,27.044,ładowanie EV
2026-02-21 03:00:00,Saturday,3,2.951,7.054,0.000,0.000,0.000,14.867,24.872,ładowanie EV
2026-02-21 04:00:00,Saturday,4,2.981,6.518,0.000,0.000,0.000,16.100,25.599,ładowanie EV
2026-02-21 05:00:00,Saturday,5,2.578,7.160,0.000,0.000,0.000,11.086,20.824,ładowanie EV
2026-02-21 06:00:00,Saturday,6,2.801,7.089,0.267,1.136,0.000,0.000,11.293,
2026-02-21 07:00:00,Saturday,7,2.824,7.659,0.329,1.136,0.000,0.000,11.948,
2026-02-21 08:00:00,Saturday,8,2.275,5.941,0.000,1.380,0.000,0.000,9.596,
2026-02-21 09:00:00,Saturday,9,1.994,6.219,0.000,0.000,0.239,4.069,12.521,pompa basenu; pralka
2026-02-21 10:00:00,Saturday,10,2.990,7.139,0.000,0.000,0.780,7.884,18.793,pompa basenu; suszarka
2026-02-21 11:00:00,Saturday,11,1.999,6.842,0.000,0.000,0.598,1.644,11.083,pompa basenu
2026-02-21 12:00:00,Saturday,12,2.864,5.729,0.000,0.000,0.681,1.990,11.264,pompa basenu
2026-02-21 13:00:00,Saturday,13,2.378,6.268,0.000,1.414,0.223,1.656,11.939,pompa basenu
2026-02-21 14:00:00,Saturday,14,2.024,6.622,0.000,0.000,0.623,4.119,13.388,pompa basenu; zmywarka
2026-02-21 15:00:00,Saturday,15,2.581,5.315,0.000,0.000,0.860,1.502,10.258,pompa basenu
2026-02-21 16:00:00,Saturday,16,3.169,6.353,0.000,0.000,0.823,2.426,12.771,pompa basenu
2026-02-21 17:00:00,Saturday,17,2.930,5.168,0.251,0.000,0.724,0.000,9.073,
2026-02-21 18:00:00,Saturday,18,3.096,5.720,0.237,3.243,0.600,0.000,12.896,
2026-02-21 19:00:00,Saturday,19,2.864,5.196,0.368,0.000,0.844,18.287,27.559,sauna
2026-02-21 20:00:00,Saturday,20,2.236,6.877,0.276,0.000,0.704,20.084,30.177,sauna
2026-02-21 21:00:00,Saturday,21,1.886,5.962,0.575,0.000,0.564,17.232,26.219,sauna
2026-02-21 22:00:00,Saturday,22,3.087,6.049,0.246,0.000,0.892,16.231,26.505,ładowanie EV
2026-02-21 23:00:00,Saturday,23,2.231,5.736,0.000,0.000,0.000,13.611,21.578,ładowanie EV
2026-02-22 00:00:00,Sunday,0,2.378,6.863,0.000,0.000,0.000,8.887,18.128,ładowanie EV
2026-02-22 01:00:00,Sunday,1,2.346,6.617,0.000,0.000,0.000,15.106,24.069,ładowanie EV
2026-02-22 02:00:00,Sunday,2,2.082,5.994,0.000,0.000,0.000,10.759,18.835,ładowanie EV
2026-02-22 03:00:00,Sunday,3,2.121,7.153,0.000,0.000,0.000,8.528,17.802,ładowanie EV
2026-02-22 04:00:00,Sunday,4,2.084,7.576,0.000,0.000,0.000,13.004,22.664,ładowanie EV
2026-02-22 05:00:00,Sunday,5,2.254,6.796,0.000,0.000,0.000,14.557,23.607,ładowanie EV
2026-02-22 06:00:00,Sunday,6,2.362,7.696,0.345,1.079,0.000,0.000,11.482,
2026-02-22 07:00:00,Sunday,7,2.762,7.086,0.232,1.127,0.000,0.000,11.207,
2026-02-22 08:00:00,Sunday,8,2.107,7.372,0.000,0.370,0.000,0.000,9.849,
2026-02-22 09:00:00,Sunday,9,3.066,8.206,0.000,0.000,0.635,1.808,13.715,pompa basenu
2026-02-22 10:00:00,Sunday,10,2.376,7.928,0.000,0.000,0.531,2.548,13.383,pompa basenu
2026-02-22 11:00:00,Sunday,11,1.916,6.242,0.000,0.000,0.660,1.481,10.299,pompa basenu
2026-02-22 12:00:00,Sunday,12,2.125,6.778,0.000,0.000,0.432,1.530,10.865,pompa basenu
2026-02-22 13:00:00,Sunday,13,2.601,7.434,0.000,2.739,0.442,1.412,14.628,pompa basenu
2026-02-22 14:00:00,Sunday,14,2.054,7.291,0.000,0.000,0.515,4.835,14.695,pompa basenu; zmywarka
2026-02-22 15:00:00,Sunday,15,2.102,5.934,0.000,0.000,0.301,1.585,9.922,pompa basenu
2026-02-22 16:00:00,Sunday,16,2.334,6.939,0.000,0.000,0.310,1.723,11.306,pompa basenu
2026-02-22 17:00:00,Sunday,17,2.956,7.328,0.605,3.107,0.520,0.000,14.516,
2026-02-22 18:00:00,Sunday,18,2.864,6.060,0.336,0.000,0.632,0.000,9.892,
2026-02-22 19:00:00,Sunday,19,2.426,7.224,0.593,0.000,1.049,19.072,30.364,sauna
2026-02-22 20:00:00,Sunday,20,3.029,7.606,0.432,0.000,1.166,15.152,27.385,sauna
2026-02-22 21:00:00,Sunday,21,2.652,6.845,0.593,0.000,0.669,19.329,30.088,sauna
2026-02-22 22:00:00,Sunday,22,1.932,5.663,0.274,0.000,0.738,15.631,24.238,ładowanie EV
2026-02-22 23:00:00,Sunday,23,2.277,6.461,0.000,0.000,0.000,10.437,19.175,ładowanie EV
2026-02-23 00:00:00,Monday,0,2.560,4.952,0.000,0.000,0.000,9.812,17.324,ładowanie EV
2026-02-23 01:00:00,Monday,1,2.252,6.166,0.000,0.000,0.000,12.105,20.523,ładowanie EV
2026-02-23 02:00:00,Monday,2,2.592,6.014,0.000,0.000,0.000,12.245,20.851,ładowanie EV
2026-02-23 03:00:00,Monday,3,2.201,4.867,0.000,0.000,0.000,9.957,17.025,ładowanie EV
2026-02-23 04:00:00,Monday,4,2.049,5.955,0.000,0.000,0.000,8.579,16.583,ładowanie EV
2026-02-23 05:00:00,Monday,5,2.518,5.939,0.000,0.000,0.000,16.298,24.755,ładowanie EV
2026-02-23 06:00:00,Monday,6,2.659,6.063,0.356,1.313,0.000,0.000,10.391,
2026-02-23 07:00:00,Monday,7,2.974,5.504,0.276,0.980,0.000,0.000,9.734,
2026-02-23 08:00:00,Monday,8,2.199,5.975,0.000,1.030,0.000,0.000,9.204,
2026-02-23 09:00:00,Monday,9,1.907,6.182,0.000,0.000,0.386,2.732,11.207,pompa basenu
2026-02-23 10:00:00,Monday,10,3.192,5.994,0.000,0.000,0.469,2.613,12.268,pompa basenu
2026-02-23 11:00:00,Monday,11,2.893,6.796,0.000,0.000,0.485,1.566,11.740,pompa basenu
2026-02-23 12:00:00,Monday,12,2.222,4.680,0.000,0.000,0.308,3.738,10.948,pompa basenu; pralka
2026-02-23 13:00:00,Monday,13,2.072,4.869,0.000,1.014,0.419,6.932,15.306,pompa basenu; suszarka
2026-02-23 14:00:00,Monday,14,2.362,5.573,0.000,0.000,0.501,1.868,10.304,pompa basenu
2026-02-23 15:00:00,Monday,15,2.029,5.564,0.000,0.000,0.347,1.447,9.387,pompa basenu
2026-02-23 16:00:00,Monday,16,2.203,5.557,0.000,0.000,0.853,1.835,10.448,pompa basenu
2026-02-23 17:00:00,Monday,17,2.436,5.304,0.474,0.000,0.644,0.000,8.858,
2026-02-23 18:00:00,Monday,18,2.638,5.451,0.561,4.266,1.021,0.000,13.937,
2026-02-23 19:00:00,Monday,19,1.987,5.244,0.630,0.000,0.550,1.925,10.336,zmywarka
2026-02-23 20:00:00,Monday,20,2.475,6.590,0.386,0.000,0.840,0.000,10.291,
2026-02-23 21:00:00,Monday,21,1.983,6.362,0.490,0.000,0.828,0.000,9.663,
2026-02-23 22:00:00,Monday,22,1.911,5.821,0.285,0.000,1.196,14.883,24.096,ładowanie EV
2026-02-23 23:00:00,Monday,23,2.808,4.956,0.000,0.000,0.000,13.609,21.373,ładowanie EV
2026-02-24 00:00:00,Tuesday,0,2.116,5.725,0.000,0.000,0.000,9.264,17.105,ładowanie EV
2026-02-24 01:00:00,Tuesday,1,2.061,6.205,0.000,0.000,0.000,12.760,21.026,ładowanie EV
2026-02-24 02:00:00,Tuesday,2,2.739,5.610,0.000,0.000,0.000,8.883,17.232,ładowanie EV
2026-02-24 03:00:00,Tuesday,3,2.415,5.157,0.000,0.000,0.000,13.306,20.878,ładowanie EV
2026-02-24 04:00:00,Tuesday,4,2.776,5.978,0.000,0.000,0.000,14.161,22.915,ładowanie EV
2026-02-24 05:00:00,Tuesday,5,2.691,5.989,0.000,0.000,0.000,14.913,23.593,ładowanie EV
2026-02-24 06:00:00,Tuesday,6,3.179,6.435,0.189,0.971,0.000,0.000,10.774,
2026-02-24 07:00:00,Tuesday,7,2.985,6.629,0.386,0.966,0.000,0.000,10.966,
2026-02-24 08:00:00,Tuesday,8,2.387,6.155,0.000,1.304,0.000,0.000,9.846,
2026-02-24 09:00:00,Tuesday,9,3.029,7.036,0.000,0.000,0.400,2.535,13.000,pompa basenu
2026-02-24 10:00:00,Tuesday,10,3.215,6.520,0.000,0.000,0.492,2.429,12.656,pompa basenu
2026-02-24 11:00:00,Tuesday,11,2.231,7.040,0.000,0.000,0.421,3.811,13.503,pompa basenu; pralka
2026-02-24 12:00:00,Tuesday,12,1.976,6.925,0.000,0.000,0.301,7.075,16.277,pompa basenu; suszarka
2026-02-24 13:00:00,Tuesday,13,2.896,4.821,0.000,1.129,0.423,2.242,11.511,pompa basenu
2026-02-24 14:00:00,Tuesday,14,2.610,5.021,0.000,0.000,0.391,2.498,10.520,pompa basenu
2026-02-24 15:00:00,Tuesday,15,2.259,5.916,0.000,0.000,0.412,2.643,11.230,pompa basenu
2026-02-24 16:00:00,Tuesday,16,1.914,6.815,0.000,0.000,0.653,2.631,12.013,pompa basenu
2026-02-24 17:00:00,Tuesday,17,2.990,5.633,0.437,2.739,0.738,0.000,12.537,
2026-02-24 18:00:00,Tuesday,18,2.394,6.222,0.637,0.000,0.989,0.000,10.242,
2026-02-24 19:00:00,Tuesday,19,2.661,7.422,0.363,0.000,1.168,0.000,11.614,
2026-02-24 20:00:00,Tuesday,20,2.341,7.252,0.278,0.000,0.991,1.888,12.750,zmywarka
2026-02-24 21:00:00,Tuesday,21,2.670,7.224,0.322,0.000,0.646,0.000,10.862,
2026-02-24 22:00:00,Tuesday,22,2.063,6.120,0.202,0.000,1.040,15.203,24.628,ładowanie EV
2026-02-24 23:00:00,Tuesday,23,2.585,6.930,0.000,0.000,0.000,9.556,19.071,ładowanie EV
2026-02-25 00:00:00,Wednesday,0,3.094,7.056,0.000,0.000,0.000,15.350,25.500,ładowanie EV
2026-02-25 01:00:00,Wednesday,1,1.990,7.797,0.000,0.000,0.000,11.691,21.478,ładowanie EV
2026-02-25 02:00:00,Wednesday,2,2.944,7.744,0.000,0.000,0.000,10.640,21.328,ładowanie EV
2026-02-25 03:00:00,Wednesday,3,2.962,6.189,0.000,0.000,0.000,16.279,25.430,ładowanie EV
2026-02-25 04:00:00,Wednesday,4,3.133,6.670,0.000,0.000,0.000,10.808,20.611,ładowanie EV
2026-02-25 05:00:00,Wednesday,5,3.121,7.144,0.000,0.000,0.000,16.659,26.924,ładowanie EV
2026-02-25 06:00:00,Wednesday,6,1.902,8.234,0.467,1.007,0.000,0.000,11.610,
2026-02-25 07:00:00,Wednesday,7,2.482,7.753,0.465,1.173,0.000,0.000,11.873,
2026-02-25 08:00:00,Wednesday,8,3.011,6.992,0.000,1.086,0.000,0.000,11.089,
2026-02-25 09:00:00,Wednesday,9,2.293,7.507,0.000,0.000,0.338,1.674,11.812,pompa basenu
2026-02-25 10:00:00,Wednesday,10,2.104,6.428,0.000,0.000,0.340,1.909,10.781,pompa basenu
2026-02-25 11:00:00,Wednesday,11,2.606,6.196,0.000,0.000,0.465,2.178,11.445,pompa basenu
2026-02-25 12:00:00,Wednesday,12,2.360,7.733,0.000,1.884,0.494,2.698,15.169,pompa basenu
2026-02-25 13:00:00,Wednesday,13,1.884,7.298,0.000,0.000,0.446,1.435,11.063,pompa basenu
2026-02-25 14:00:00,Wednesday,14,2.790,7.956,0.000,0.000,0.766,2.654,14.166,pompa basenu
2026-02-25 15:00:00,Wednesday,15,2.167,6.433,0.000,0.000,0.856,1.773,11.229,pompa basenu
2026-02-25 16:00:00,Wednesday,16,2.461,6.847,0.000,0.000,0.501,2.298,12.107,pompa basenu
2026-02-25 17:00:00,Wednesday,17,2.813,7.776,0.437,8.020,0.536,0.000,19.582,
2026-02-25 18:00:00,Wednesday,18,2.061,6.054,0.662,0.000,1.088,0.000,9.865,
2026-02-25 19:00:00,Wednesday,19,2.985,6.081,0.554,0.000,0.996,1.964,12.580,zmywarka
2026-02-25 20:00:00,Wednesday,20,2.493,7.390,0.426,0.000,0.984,0.000,11.293,
2026-02-25 21:00:00,Wednesday,21,2.537,7.700,0.632,0.000,0.702,0.000,11.571,
2026-02-25 22:00:00,Wednesday,22,3.020,5.490,0.175,0.000,1.007,16.824,26.516,ładowanie EV
2026-02-25 23:00:00,Wednesday,23,2.213,6.014,0.000,0.000,0.000,12.570,20.797,ładowanie EV
2026-02-26 00:00:00,Thursday,0,2.187,5.916,0.000,0.000,0.000,14.787,22.890,ładowanie EV
2026-02-26 01:00:00,Thursday,1,2.585,6.026,0.000,0.000,0.000,13.260,21.871,ładowanie EV
2026-02-26 02:00:00,Thursday,2,2.114,4.980,0.000,0.000,0.000,13.096,20.190,ładowanie EV
2026-02-26 03:00:00,Thursday,3,1.955,5.189,0.000,0.000,0.000,15.343,22.487,ładowanie EV
2026-02-26 04:00:00,Thursday,4,2.585,4.890,0.000,0.000,0.000,11.631,19.106,ładowanie EV
2026-02-26 05:00:00,Thursday,5,3.128,5.014,0.000,0.000,0.000,11.063,19.205,ładowanie EV
2026-02-26 06:00:00,Thursday,6,3.045,6.169,0.437,1.224,0.000,0.000,10.875,
2026-02-26 07:00:00,Thursday,7,2.436,5.465,0.244,1.134,0.000,0.000,9.279,
2026-02-26 08:00:00,Thursday,8,2.187,5.819,0.000,1.217,0.000,0.000,9.223,
2026-02-26 09:00:00,Thursday,9,2.972,6.148,0.000,0.000,0.485,2.298,11.903,pompa basenu
2026-02-26 10:00:00,Thursday,10,3.162,5.203,0.000,0.000,0.501,2.445,11.311,pompa basenu
2026-02-26 11:00:00,Thursday,11,2.024,5.688,0.000,0.000,0.426,4.342,12.480,pompa basenu; pralka
2026-02-26 12:00:00,Thursday,12,2.254,5.324,0.000,0.000,0.384,1.564,9.526,pompa basenu
2026-02-26 13:00:00,Thursday,13,2.031,4.126,0.000,1.378,0.409,1.927,9.871,pompa basenu
2026-02-26 14:00:00,Thursday,14,3.130,4.674,0.000,0.000,0.656,1.592,10.052,pompa basenu
2026-02-26 15:00:00,Thursday,15,2.714,3.273,0.000,0.000,0.448,2.003,8.438,pompa basenu
2026-02-26 16:00:00,Thursday,16,2.564,3.186,0.000,0.000,0.545,1.764,8.059,pompa basenu
2026-02-26 17:00:00,Thursday,17,2.470,3.110,0.368,0.000,0.853,0.000,6.801,
2026-02-26 18:00:00,Thursday,18,2.314,2.995,0.398,7.537,1.145,0.000,14.389,
2026-02-26 19:00:00,Thursday,19,2.822,3.480,0.649,0.000,1.198,2.696,10.845,zmywarka
2026-02-26 20:00:00,Thursday,20,2.079,3.579,0.370,0.000,0.678,0.000,6.706,
2026-02-26 21:00:00,Thursday,21,2.114,3.836,0.405,0.000,0.872,0.000,7.227,
2026-02-26 22:00:00,Thursday,22,2.047,3.537,0.168,0.000,0.545,16.461,22.758,ładowanie EV
2026-02-26 23:00:00,Thursday,23,2.222,3.156,0.000,0.000,0.000,8.084,13.462,ładowanie EV
2026-02-27 00:00:00,Friday,0,2.206,3.422,0.000,0.000,0.000,14.497,20.125,ładowanie EV
2026-02-27 01:00:00,Friday,1,2.256,3.951,0.000,0.000,0.000,13.184,19.391,ładowanie EV
2026-02-27 02:00:00,Friday,2,2.935,3.144,0.000,0.000,0.000,9.722,15.801,ładowanie EV
2026-02-27 03:00:00,Friday,3,2.252,3.740,0.000,0.000,0.000,10.132,16.124,ładowanie EV
2026-02-27 04:00:00,Friday,4,3.103,3.590,0.000,0.000,0.000,15.226,21.919,ładowanie EV
2026-02-27 05:00:00,Friday,5,3.151,3.314,0.000,0.000,0.000,16.086,22.551,ładowanie EV
2026-02-27 06:00:00,Friday,6,2.252,4.092,0.400,0.876,0.000,0.000,7.620,
2026-02-27 07:00:00,Friday,7,3.048,4.566,0.382,0.692,0.000,0.000,8.688,
2026-02-27 08:00:00,Friday,8,2.801,3.949,0.000,1.116,0.000,0.000,7.866,
2026-02-27 09:00:00,Friday,9,2.613,4.214,0.000,0.000,0.644,2.332,9.803,praca zdalna; pompa basenu
2026-02-27 10:00:00,Friday,10,2.312,4.609,0.000,0.000,0.835,1.438,9.194,praca zdalna; pompa basenu
2026-02-27 11:00:00,Friday,11,3.112,3.537,0.000,0.000,0.770,1.511,8.930,praca zdalna; pompa basenu
2026-02-27 12:00:00,Friday,12,1.858,3.238,0.000,1.916,0.840,2.185,10.037,praca zdalna; pompa basenu
2026-02-27 13:00:00,Friday,13,2.774,3.524,0.000,0.000,0.603,2.447,9.348,praca zdalna; pompa basenu
2026-02-27 14:00:00,Friday,14,1.847,3.225,0.000,0.000,0.543,2.466,8.081,praca zdalna; pompa basenu
2026-02-27 15:00:00,Friday,15,3.204,3.195,0.000,0.000,0.869,2.581,9.849,praca zdalna; pompa basenu
2026-02-27 16:00:00,Friday,16,2.627,3.020,0.000,0.000,1.042,2.438,9.127,praca zdalna; pompa basenu
2026-02-27 17:00:00,Friday,17,2.916,2.974,0.499,0.000,0.759,0.000,7.148,
2026-02-27 18:00:00,Friday,18,2.088,3.719,0.322,2.928,1.090,0.000,10.147,
2026-02-27 19:00:00,Friday,19,2.788,2.907,0.497,0.000,0.821,0.000,7.013,
2026-02-27 20:00:00,Friday,20,3.126,3.751,0.290,0.000,1.196,2.091,10.454,zmywarka
2026-02-27 21:00:00,Friday,21,2.735,3.432,0.363,0.000,0.738,0.000,7.268,
2026-02-27 22:00:00,Friday,22,2.705,3.351,0.313,0.000,0.796,10.541,17.706,ładowanie EV
2026-02-27 23:00:00,Friday,23,2.054,3.340,0.000,0.000,0.000,13.207,18.601,ładowanie EV
2026-02-28 00:00:00,Saturday,0,2.284,3.806,0.000,0.000,0.000,9.890,15.980,ładowanie EV
2026-02-28 01:00:00,Saturday,1,2.141,4.501,0.000,0.000,0.000,10.433,17.075,ładowanie EV
2026-02-28 02:00:00,Saturday,2,1.842,3.714,0.000,0.000,0.000,12.779,18.335,ładowanie EV
2026-02-28 03:00:00,Saturday,3,2.249,4.524,0.000,0.000,0.000,11.254,18.027,ładowanie EV
2026-02-28 04:00:00,Saturday,4,2.721,4.018,0.000,0.000,0.000,9.248,15.987,ładowanie EV
2026-02-28 05:00:00,Saturday,5,2.581,4.959,0.000,0.000,0.000,16.355,23.895,ładowanie EV
2026-02-28 06:00:00,Saturday,6,2.249,5.674,0.469,0.787,0.000,0.000,9.179,
2026-02-28 07:00:00,Saturday,7,2.383,5.030,0.412,0.856,0.000,0.000,8.681,
2026-02-28 08:00:00,Saturday,8,3.186,4.582,0.000,0.918,0.000,0.000,8.686,
2026-02-28 09:00:00,Saturday,9,2.636,4.230,0.000,0.000,0.770,1.642,9.278,pompa basenu
2026-02-28 10:00:00,Saturday,10,2.806,3.981,0.000,0.000,0.281,4.271,11.339,pompa basenu; pralka
2026-02-28 11:00:00,Saturday,11,3.220,4.078,0.000,0.000,0.262,7.581,15.141,pompa basenu; suszarka
2026-02-28 12:00:00,Saturday,12,2.367,4.002,0.000,0.000,0.285,2.010,8.664,pompa basenu
2026-02-28 13:00:00,Saturday,13,2.220,3.834,0.000,1.562,0.492,4.612,12.720,pompa basenu; zmywarka
2026-02-28 14:00:00,Saturday,14,2.238,3.869,0.000,0.000,0.255,2.415,8.777,pompa basenu
2026-02-28 15:00:00,Saturday,15,2.739,4.202,0.000,0.000,0.734,2.056,9.731,pompa basenu
2026-02-28 16:00:00,Saturday,16,2.033,3.549,0.000,0.000,0.212,1.695,7.489,pompa basenu
2026-02-28 17:00:00,Saturday,17,2.677,3.705,0.545,0.000,0.883,0.000,7.810,
2026-02-28 18:00:00,Saturday,18,2.017,3.767,0.283,8.232,0.692,0.000,14.991,
2026-02-28 19:00:00,Saturday,19,2.426,3.530,0.598,0.000,1.113,14.101,21.768,sauna
2026-02-28 20:00:00,Saturday,20,2.620,3.781,0.515,0.000,0.720,16.252,23.888,sauna
2026-02-28 21:00:00,Saturday,21,2.726,3.728,0.554,0.000,0.639,14.048,21.695,sauna
2026-02-28 22:00:00,Saturday,22,2.854,3.528,0.191,0.000,0.591,11.270,18.434,ładowanie EV
2026-02-28 23:00:00,Saturday,23,3.100,4.133,0.000,0.000,0.000,15.525,22.758,ładowanie EV
2026-03-01 00:00:00,Sunday,0,2.985,3.586,0.000,0.000,0.000,9.244,15.815,ładowanie EV
2026-03-01 01:00:00,Sunday,1,2.677,3.841,0.000,0.000,0.000,8.473,14.991,ładowanie EV
2026-03-01 02:00:00,Sunday,2,3.089,3.409,0.000,0.000,0.000,12.029,18.527,ładowanie EV
2026-03-01 03:00:00,Sunday,3,2.369,3.908,0.000,0.000,0.000,13.384,19.661,ładowanie EV
2026-03-01 04:00:00,Sunday,4,2.792,4.584,0.000,0.000,0.000,10.338,17.714,ładowanie EV
2026-03-01 05:00:00,Sunday,5,2.744,4.924,0.000,0.000,0.000,15.120,22.788,ładowanie EV
2026-03-01 06:00:00,Sunday,6,2.656,4.736,0.320,0.398,0.000,0.000,8.110,
2026-03-01 07:00:00,Sunday,7,1.944,4.897,0.000,1.079,0.000,0.000,7.920,
2026-03-01 08:00:00,Sunday,8,2.581,5.934,0.000,1.226,0.000,0.000,9.741,
2026-03-01 09:00:00,Sunday,9,2.861,5.354,0.000,0.000,0.529,2.293,11.037,pompa basenu
2026-03-01 10:00:00,Sunday,10,2.594,6.049,0.000,0.000,0.534,2.700,11.877,pompa basenu
2026-03-01 11:00:00,Sunday,11,2.659,4.450,0.000,0.000,0.720,1.451,9.280,pompa basenu
2026-03-01 12:00:00,Sunday,12,3.149,4.938,0.000,0.000,0.814,2.691,11.592,pompa basenu
2026-03-01 13:00:00,Sunday,13,2.806,5.007,0.000,1.555,0.761,2.298,12.427,pompa basenu
2026-03-01 14:00:00,Sunday,14,2.542,3.675,0.000,0.000,0.494,4.559,11.270,pompa basenu; zmywarka
2026-03-01 15:00:00,Sunday,15,2.912,4.331,0.000,0.000,0.488,2.712,10.443,pompa basenu
2026-03-01 16:00:00,Sunday,16,1.845,4.248,0.000,0.000,0.754,1.801,8.648,pompa basenu
2026-03-01 17:00:00,Sunday,17,1.955,3.839,0.000,0.000,1.184,0.000,6.978,
2026-03-01 18:00:00,Sunday,18,3.146,4.842,0.520,3.501,0.759,0.000,12.768,
2026-03-01 19:00:00,Sunday,19,2.978,5.568,0.267,0.000,0.971,19.700,29.484,sauna
2026-03-01 20:00:00,Sunday,20,1.939,5.235,0.619,0.000,0.621,18.621,27.035,sauna
2026-03-01 21:00:00,Sunday,21,3.100,5.016,0.352,0.000,0.557,20.569,29.594,sauna
2026-03-01 22:00:00,Sunday,22,2.620,3.894,0.278,0.000,1.099,10.493,18.384,ładowanie EV
2026-03-01 23:00:00,Sunday,23,3.144,5.308,0.000,0.000,0.000,11.916,20.368,ładowanie EV
2026-03-02 00:00:00,Monday,0,3.135,4.938,0.000,0.000,0.000,15.916,23.989,ładowanie EV
2026-03-02 01:00:00,Monday,1,2.516,4.181,0.000,0.000,0.000,8.195,14.892,ładowanie EV
2026-03-02 02:00:00,Monday,2,3.015,3.751,0.000,0.000,0.000,14.490,21.256,ładowanie EV
2026-03-02 03:00:00,Monday,3,2.542,4.761,0.000,0.000,0.000,15.224,22.527,ładowanie EV
2026-03-02 04:00:00,Monday,4,2.295,4.768,0.000,0.000,0.000,11.636,18.699,ładowanie EV
2026-03-02 05:00:00,Monday,5,2.008,4.674,0.000,0.000,0.000,14.987,21.669,ładowanie EV
2026-03-02 06:00:00,Monday,6,2.072,5.113,0.235,0.695,0.000,0.000,8.115,
2026-03-02 07:00:00,Monday,7,2.608,4.950,0.000,1.017,0.000,0.000,8.575,
2026-03-02 08:00:00,Monday,8,2.707,4.630,0.000,0.400,0.000,0.000,7.737,
2026-03-02 09:00:00,Monday,9,1.946,5.083,0.000,0.000,0.304,1.417,8.750,pompa basenu
2026-03-02 10:00:00,Monday,10,2.969,4.060,0.000,0.000,0.327,1.743,9.099,pompa basenu
2026-03-02 11:00:00,Monday,11,3.057,4.888,0.000,0.000,0.504,2.719,11.168,pompa basenu
2026-03-02 12:00:00,Monday,12,2.663,4.404,0.000,0.000,0.389,1.497,8.953,pompa basenu
2026-03-02 13:00:00,Monday,13,2.730,3.402,0.000,1.845,0.384,1.684,10.045,pompa basenu
2026-03-02 14:00:00,Monday,14,2.118,3.254,0.000,0.000,0.856,2.270,8.498,pompa basenu
2026-03-02 15:00:00,Monday,15,3.082,3.751,0.000,0.000,0.807,1.990,9.630,pompa basenu
2026-03-02 16:00:00,Monday,16,3.220,3.096,0.000,0.000,0.577,2.229,9.122,pompa basenu
2026-03-02 17:00:00,Monday,17,3.186,3.517,0.000,0.000,0.757,0.000,7.460,
2026-03-02 18:00:00,Monday,18,2.309,4.377,0.283,2.551,0.543,0.000,10.063,
2026-03-02 19:00:00,Monday,19,3.128,4.977,0.564,0.000,1.138,0.000,9.807,
2026-03-02 20:00:00,Monday,20,2.783,4.554,0.439,0.000,0.971,2.192,10.939,zmywarka
2026-03-02 21:00:00,Monday,21,3.190,4.943,0.488,0.000,0.580,0.000,9.201,
2026-03-02 22:00:00,Monday,22,1.842,4.697,0.163,0.000,0.559,16.217,23.478,ładowanie EV
2026-03-02 23:00:00,Monday,23,2.302,3.859,0.000,0.000,0.000,10.822,16.983,ładowanie EV
2026-03-03 00:00:00,Tuesday,0,2.160,4.315,0.000,0.000,0.000,8.124,14.599,ładowanie EV
2026-03-03 01:00:00,Tuesday,1,2.995,4.660,0.000,0.000,0.000,8.211,15.866,ładowanie EV
2026-03-03 02:00:00,Tuesday,2,2.286,5.007,0.000,0.000,0.000,15.447,22.740,ładowanie EV
2026-03-03 03:00:00,Tuesday,3,2.854,5.256,0.000,0.000,0.000,14.899,23.009,ładowanie EV
2026-03-03 04:00:00,Tuesday,4,2.496,5.166,0.000,0.000,0.000,14.561,22.223,ładowanie EV
2026-03-03 05:00:00,Tuesday,5,2.291,5.177,0.000,0.000,0.000,11.249,18.717,ładowanie EV
2026-03-03 06:00:00,Tuesday,6,2.590,5.557,0.370,1.339,0.000,0.000,9.856,
2026-03-03 07:00:00,Tuesday,7,2.486,5.743,0.000,1.230,0.000,0.000,9.459,
2026-03-03 08:00:00,Tuesday,8,2.075,4.989,0.000,1.155,0.000,0.000,8.219,
2026-03-03 09:00:00,Tuesday,9,3.218,4.952,0.000,0.000,0.462,2.597,11.229,pompa basenu
2026-03-03 10:00:00,Tuesday,10,2.472,4.920,0.000,0.000,0.338,1.923,9.653,pompa basenu
2026-03-03 11:00:00,Tuesday,11,3.080,4.513,0.000,0.000,0.350,2.537,10.480,pompa basenu
2026-03-03 12:00:00,Tuesday,12,2.907,3.618,0.000,1.003,0.331,4.246,12.105,pompa basenu; pralka
2026-03-03 13:00:00,Tuesday,13,2.592,3.275,0.000,0.000,0.492,2.171,8.530,pompa basenu
2026-03-03 14:00:00,Tuesday,14,2.670,2.801,0.000,0.000,0.439,1.755,7.665,pompa basenu
2026-03-03 15:00:00,Tuesday,15,2.512,2.314,0.000,0.000,0.334,2.392,7.552,pompa basenu
2026-03-03 16:00:00,Tuesday,16,2.843,2.604,0.000,0.000,0.586,2.617,8.650,pompa basenu
2026-03-03 17:00:00,Tuesday,17,2.229,3.411,0.000,0.000,1.012,0.000,6.652,
2026-03-03 18:00:00,Tuesday,18,3.213,3.926,0.460,2.629,0.543,0.000,10.771,
2026-03-03 19:00:00,Tuesday,19,3.096,3.731,0.294,0.000,0.851,0.000,7.972,
2026-03-03 20:00:00,Tuesday,20,2.788,4.572,0.669,0.000,0.697,2.231,10.957,zmywarka
2026-03-03 21:00:00,Tuesday,21,2.981,5.423,0.626,0.000,0.888,0.000,9.918,
2026-03-03 22:00:00,Tuesday,22,2.093,5.258,0.334,0.000,1.109,9.757,18.551,ładowanie EV
2026-03-03 23:00:00,Tuesday,23,2.086,5.237,0.000,0.000,0.000,12.303,19.626,ładowanie EV
2026-03-04 00:00:00,Wednesday,0,2.164,5.288,0.000,0.000,0.000,16.514,23.966,ładowanie EV
2026-03-04 01:00:00,Wednesday,1,3.096,4.586,0.000,0.000,0.000,16.836,24.518,ładowanie EV
2026-03-04 02:00:00,Wednesday,2,2.617,6.038,0.000,0.000,0.000,13.593,22.248,ładowanie EV
2026-03-04 03:00:00,Wednesday,3,3.137,5.642,0.000,0.000,0.000,8.425,17.204,ładowanie EV
2026-03-04 04:00:00,Wednesday,4,2.622,5.808,0.000,0.000,0.000,13.020,21.450,ładowanie EV
2026-03-04 05:00:00,Wednesday,5,1.953,5.157,0.000,0.000,0.000,15.514,22.624,ładowanie EV
2026-03-04 06:00:00,Wednesday,6,2.206,6.445,0.327,1.240,0.000,0.000,10.218,
2026-03-04 07:00:00,Wednesday,7,2.125,6.309,0.000,1.267,0.000,0.000,9.701,
2026-03-04 08:00:00,Wednesday,8,2.712,6.985,0.000,1.122,0.000,0.000,10.819,
2026-03-04 09:00:00,Wednesday,9,1.999,5.952,0.000,0.000,0.299,2.252,10.502,pompa basenu
2026-03-04 10:00:00,Wednesday,10,2.995,5.147,0.000,0.000,0.407,1.785,10.334,pompa basenu
2026-03-04 11:00:00,Wednesday,11,1.891,4.968,0.000,0.000,0.340,1.684,8.883,pompa basenu
2026-03-04 12:00:00,Wednesday,12,2.008,4.793,0.000,0.734,0.513,2.610,10.658,pompa basenu
2026-03-04 13:00:00,Wednesday,13,2.408,4.584,0.000,0.000,0.446,1.732,9.170,pompa basenu
2026-03-04 14:00:00,Wednesday,14,2.146,4.119,0.000,0.000,0.488,1.412,8.165,pompa basenu
2026-03-04 15:00:00,Wednesday,15,2.919,3.931,0.000,0.000,0.610,2.755,10.215,pompa basenu
2026-03-04 16:00:00,Wednesday,16,2.758,4.191,0.000,0.000,0.777,2.748,10.474,pompa basenu
2026-03-04 17:00:00,Wednesday,17,2.003,3.733,0.000,0.000,0.934,0.000,6.670,
2026-03-04 18:00:00,Wednesday,18,1.976,4.409,0.313,2.643,0.849,0.000,10.190,
2026-03-04 19:00:00,Wednesday,19,2.949,5.189,0.347,0.000,0.568,2.383,11.436,zmywarka
2026-03-04 20:00:00,Wednesday,20,1.886,4.441,0.672,0.000,0.527,0.000,7.526,
2026-03-04 21:00:00,Wednesday,21,2.137,5.055,0.651,0.000,0.961,0.000,8.804,
2026-03-04 22:00:00,Wednesday,22,2.496,4.980,0.244,0.000,0.867,8.873,17.460,ładowanie EV
2026-03-04 23:00:00,Wednesday,23,1.902,4.754,0.000,0.000,0.000,11.753,18.409,ładowanie EV
2026-03-05 00:00:00,Thursday,0,2.100,6.307,0.000,0.000,0.000,8.940,17.347,ładowanie EV
2026-03-05 01:00:00,Thursday,1,2.670,5.072,0.000,0.000,0.000,13.124,20.866,ładowanie EV
2026-03-05 02:00:00,Thursday,2,1.973,5.725,0.000,0.000,0.000,13.220,20.918,ładowanie EV
2026-03-05 03:00:00,Thursday,3,2.316,6.990,0.000,0.000,0.000,13.614,22.920,ładowanie EV
2026-03-05 04:00:00,Thursday,4,3.121,6.109,0.000,0.000,0.000,16.144,25.374,ładowanie EV
2026-03-05 05:00:00,Thursday,5,2.118,8.130,0.000,0.000,0.000,12.524,22.772,ładowanie EV
2026-03-05 06:00:00,Thursday,6,2.284,7.424,0.237,0.616,0.000,0.000,10.561,
2026-03-05 07:00:00,Thursday,7,2.341,8.434,0.000,0.954,0.000,0.000,11.729,
2026-03-05 08:00:00,Thursday,8,2.663,7.710,0.000,1.046,0.000,0.000,11.419,
2026-03-05 09:00:00,Thursday,9,3.142,6.872,0.000,0.000,0.340,1.925,12.279,pompa basenu
2026-03-05 10:00:00,Thursday,10,2.279,7.098,0.000,0.000,0.301,2.542,12.220,pompa basenu
2026-03-05 11:00:00,Thursday,11,1.999,5.258,0.000,0.000,0.497,2.033,9.787,pompa basenu
2026-03-05 12:00:00,Thursday,12,2.061,5.683,0.000,0.000,0.488,1.396,9.628,pompa basenu
2026-03-05 13:00:00,Thursday,13,1.939,5.067,0.000,1.697,0.469,2.236,11.408,pompa basenu
2026-03-05 14:00:00,Thursday,14,1.925,5.987,0.000,0.000,0.607,2.231,10.750,pompa basenu
2026-03-05 15:00:00,Thursday,15,2.270,6.479,0.000,0.000,0.451,2.215,11.415,pompa basenu
2026-03-05 16:00:00,Thursday,16,2.134,6.026,0.000,0.000,0.678,2.164,11.002,pompa basenu
2026-03-05 17:00:00,Thursday,17,2.104,6.652,0.000,0.000,1.090,0.000,9.846,
2026-03-05 18:00:00,Thursday,18,2.629,8.165,0.593,7.873,0.943,0.000,20.203,
2026-03-05 19:00:00,Thursday,19,2.236,8.774,0.653,0.000,0.623,0.000,12.286,
2026-03-05 20:00:00,Thursday,20,2.969,7.454,0.455,0.000,0.621,2.010,13.509,zmywarka
2026-03-05 21:00:00,Thursday,21,2.160,7.452,0.586,0.000,1.095,0.000,11.293,
2026-03-05 22:00:00,Thursday,22,2.707,6.067,0.239,0.000,0.577,16.673,26.263,ładowanie EV
2026-03-05 23:00:00,Thursday,23,2.153,6.380,0.000,0.000,0.000,10.605,19.138,ładowanie EV
2026-03-06 00:00:00,Friday,0,1.925,5.534,0.000,0.000,0.000,8.165,15.624,ładowanie EV
2026-03-06 01:00:00,Friday,1,3.133,5.396,0.000,0.000,0.000,11.468,19.997,ładowanie EV
2026-03-06 02:00:00,Friday,2,2.824,5.331,0.000,0.000,0.000,13.683,21.838,ładowanie EV
2026-03-06 03:00:00,Friday,3,2.183,5.561,0.000,0.000,0.000,11.709,19.453,ładowanie EV
2026-03-06 04:00:00,Friday,4,2.824,5.927,0.000,0.000,0.000,13.156,21.907,ładowanie EV
2026-03-06 05:00:00,Friday,5,2.040,6.288,0.000,0.000,0.000,15.964,24.292,ładowanie EV
2026-03-06 06:00:00,Friday,6,2.360,6.263,0.218,1.000,0.000,0.000,9.841,
2026-03-06 07:00:00,Friday,7,2.415,7.367,0.000,0.830,0.000,0.000,10.612,
2026-03-06 08:00:00,Friday,8,2.769,6.021,0.000,0.888,0.000,0.000,9.678,
2026-03-06 09:00:00,Friday,9,1.898,6.100,0.000,0.000,0.513,1.769,10.280,pompa basenu
2026-03-06 10:00:00,Friday,10,3.034,5.619,0.000,0.000,0.327,2.514,11.494,pompa basenu
2026-03-06 11:00:00,Friday,11,2.866,5.589,0.000,0.000,0.462,2.098,11.015,pompa basenu
2026-03-06 12:00:00,Friday,12,1.934,4.478,0.000,1.304,0.499,1.743,9.958,pompa basenu
2026-03-06 13:00:00,Friday,13,2.588,5.474,0.000,0.000,0.485,2.162,10.709,pompa basenu
2026-03-06 14:00:00,Friday,14,3.130,4.881,0.000,0.000,0.340,2.666,11.017,pompa basenu
2026-03-06 15:00:00,Friday,15,2.086,5.262,0.000,0.000,0.607,1.513,9.468,pompa basenu
2026-03-06 16:00:00,Friday,16,2.086,4.848,0.000,0.000,0.504,1.711,9.149,pompa basenu
2026-03-06 17:00:00,Friday,17,1.847,4.354,0.000,0.000,1.044,0.000,7.245,
2026-03-06 18:00:00,Friday,18,3.052,4.818,0.492,3.310,1.184,0.000,12.856,
2026-03-06 19:00:00,Friday,19,3.038,5.472,0.327,0.000,0.978,0.000,9.815,
2026-03-06 20:00:00,Friday,20,2.905,5.541,0.426,0.000,0.899,2.215,11.986,zmywarka
2026-03-06 21:00:00,Friday,21,2.390,5.127,0.248,0.000,0.978,0.000,8.743,
2026-03-06 22:00:00,Friday,22,3.077,5.295,0.170,0.000,1.203,14.294,24.039,ładowanie EV
2026-03-06 23:00:00,Friday,23,2.036,4.480,0.000,0.000,0.000,8.519,15.035,ładowanie EV
2026-03-07 00:00:00,Saturday,0,2.631,5.055,0.000,0.000,0.000,14.610,22.296,ładowanie EV
2026-03-07 01:00:00,Saturday,1,2.880,4.913,0.000,0.000,0.000,8.328,16.121,ładowanie EV
2026-03-07 02:00:00,Saturday,2,2.891,5.297,0.000,0.000,0.000,10.368,18.556,ładowanie EV
2026-03-07 03:00:00,Saturday,3,2.408,5.851,0.000,0.000,0.000,8.310,16.569,ładowanie EV
2026-03-07 04:00:00,Saturday,4,2.551,6.557,0.000,0.000,0.000,9.906,19.014,ładowanie EV
2026-03-07 05:00:00,Saturday,5,2.068,6.431,0.000,0.000,0.000,9.957,18.456,ładowanie EV
2026-03-07 06:00:00,Saturday,6,3.096,5.722,0.172,0.782,0.000,0.000,9.772,
2026-03-07 07:00:00,Saturday,7,1.944,6.067,0.000,0.688,0.000,0.000,8.699,
2026-03-07 08:00:00,Saturday,8,2.758,7.231,0.000,0.950,0.000,0.000,10.939,
2026-03-07 09:00:00,Saturday,9,2.880,5.757,0.000,0.000,0.773,2.102,11.512,pompa basenu
2026-03-07 10:00:00,Saturday,10,2.864,6.433,0.000,0.000,0.775,1.782,11.854,pompa basenu
2026-03-07 11:00:00,Saturday,11,2.576,5.239,0.000,0.000,0.860,1.654,10.329,pompa basenu
2026-03-07 12:00:00,Saturday,12,2.827,5.014,0.000,0.000,0.297,1.766,9.904,pompa basenu
2026-03-07 13:00:00,Saturday,13,2.537,5.502,0.000,2.760,0.356,4.345,15.500,pompa basenu; zmywarka
2026-03-07 14:00:00,Saturday,14,2.406,5.260,0.000,0.000,0.430,1.854,9.950,pompa basenu
2026-03-07 15:00:00,Saturday,15,2.698,4.950,0.000,0.000,0.386,2.125,10.159,pompa basenu
2026-03-07 16:00:00,Saturday,16,2.537,4.202,0.000,0.000,0.708,1.644,9.091,pompa basenu
2026-03-07 17:00:00,Saturday,17,3.022,4.651,0.000,0.000,0.805,0.000,8.478,goście
2026-03-07 18:00:00,Saturday,18,2.162,5.253,0.518,6.231,0.639,0.000,14.803,goście
2026-03-07 19:00:00,Saturday,19,2.610,6.201,0.253,0.000,0.784,18.050,27.898,goście; sauna
2026-03-07 20:00:00,Saturday,20,1.918,4.464,0.669,0.000,1.021,20.344,28.416,goście; sauna
2026-03-07 21:00:00,Saturday,21,2.760,5.170,0.566,0.000,0.925,14.980,24.401,goście; sauna
2026-03-07 22:00:00,Saturday,22,2.834,4.726,0.189,0.000,1.028,10.166,18.943,ładowanie EV
2026-03-07 23:00:00,Saturday,23,2.493,6.060,0.000,0.000,0.000,9.034,17.587,ładowanie EV
2026-03-08 00:00:00,Sunday,0,2.730,4.411,0.000,0.000,0.000,8.441,15.582,ładowanie EV
2026-03-08 01:00:00,Sunday,1,3.211,4.483,0.000,0.000,0.000,9.540,17.234,ładowanie EV
2026-03-08 02:00:00,Sunday,2,3.133,5.635,0.000,0.000,0.000,9.407,18.175,ładowanie EV
2026-03-08 03:00:00,Sunday,3,2.562,4.729,0.000,0.000,0.000,9.839,17.130,ładowanie EV
2026-03-08 04:00:00,Sunday,4,2.160,5.134,0.000,0.000,0.000,15.180,22.474,ładowanie EV
2026-03-08 05:00:00,Sunday,5,2.482,4.984,0.000,0.000,0.000,9.412,16.878,ładowanie EV
2026-03-08 06:00:00,Sunday,6,3.181,4.784,0.285,0.426,0.000,0.000,8.676,
2026-03-08 07:00:00,Sunday,7,2.935,4.917,0.000,0.904,0.000,0.000,8.756,
2026-03-08 08:00:00,Sunday,8,2.288,5.814,0.000,0.724,0.000,0.000,8.826,
2026-03-08 09:00:00,Sunday,9,2.061,4.428,0.000,0.000,0.511,4.216,11.216,pompa basenu; pralka
2026-03-08 10:00:00,Sunday,10,2.295,4.968,0.000,0.000,0.653,2.150,10.066,pompa basenu
2026-03-08 11:00:00,Sunday,11,2.093,4.816,0.000,0.000,0.377,2.141,9.427,pompa basenu
2026-03-08 12:00:00,Sunday,12,2.220,4.046,0.000,0.000,0.380,2.291,8.937,pompa basenu
2026-03-08 13:00:00,Sunday,13,3.075,5.345,0.000,1.541,0.738,4.549,15.248,pompa basenu; zmywarka
2026-03-08 14:00:00,Sunday,14,2.058,4.294,0.000,0.000,0.658,2.702,9.712,pompa basenu
2026-03-08 15:00:00,Sunday,15,2.645,4.375,0.000,0.000,0.761,1.824,9.605,pompa basenu
2026-03-08 16:00:00,Sunday,16,1.957,3.961,0.000,0.000,0.428,1.948,8.294,pompa basenu
2026-03-08 17:00:00,Sunday,17,2.104,4.837,0.000,0.000,0.660,0.000,7.601,
2026-03-08 18:00:00,Sunday,18,1.914,4.135,0.283,4.460,1.063,0.000,11.855,
2026-03-08 19:00:00,Sunday,19,3.061,4.048,0.570,0.000,1.164,14.826,23.669,sauna
2026-03-08 20:00:00,Sunday,20,1.934,4.428,0.442,0.000,0.656,16.491,23.951,sauna
2026-03-08 21:00:00,Sunday,21,2.594,4.584,0.476,0.000,0.752,18.041,26.447,sauna
2026-03-08 22:00:00,Sunday,22,2.712,4.844,0.237,0.000,0.575,11.477,19.845,ładowanie EV
2026-03-08 23:00:00,Sunday,23,3.128,3.915,0.000,0.000,0.000,13.195,20.238,ładowanie EV
2026-03-09 00:00:00,Monday,0,3.176,4.290,0.000,0.000,0.000,14.916,22.382,ładowanie EV
2026-03-09 01:00:00,Monday,1,2.015,5.290,0.000,0.000,0.000,10.311,17.616,ładowanie EV
2026-03-09 02:00:00,Monday,2,2.937,4.980,0.000,0.000,0.000,10.240,18.157,ładowanie EV
2026-03-09 03:00:00,Monday,3,1.953,4.920,0.000,0.000,0.000,14.966,21.839,ładowanie EV
2026-03-09 04:00:00,Monday,4,2.358,5.136,0.000,0.000,0.000,16.456,23.950,ładowanie EV
2026-03-09 05:00:00,Monday,5,2.245,5.012,0.000,0.000,0.000,13.296,20.553,ładowanie EV
2026-03-09 06:00:00,Monday,6,2.659,5.108,0.368,0.729,0.000,0.000,8.864,
2026-03-09 07:00:00,Monday,7,2.882,6.001,0.000,1.233,0.000,0.000,10.116,
2026-03-09 08:00:00,Monday,8,3.087,6.307,0.000,1.212,0.000,0.000,10.606,
2026-03-09 09:00:00,Monday,9,2.583,4.839,0.000,0.000,0.451,2.325,10.198,pompa basenu
2026-03-09 10:00:00,Monday,10,1.881,4.917,0.000,0.000,0.304,1.987,9.089,pompa basenu
2026-03-09 11:00:00,Monday,11,2.482,4.255,0.000,0.000,0.444,1.884,9.065,pompa basenu
2026-03-09 12:00:00,Monday,12,2.884,4.726,0.000,0.000,0.386,1.617,9.613,pompa basenu
2026-03-09 13:00:00,Monday,13,1.976,4.064,0.000,1.035,0.366,4.082,11.523,pompa basenu; pralka
2026-03-09 14:00:00,Monday,14,2.949,4.853,0.000,0.000,0.757,2.022,10.581,pompa basenu
2026-03-09 15:00:00,Monday,15,3.107,4.220,0.000,0.000,0.794,1.380,9.501,pompa basenu
2026-03-09 16:00:00,Monday,16,2.610,3.857,0.000,0.000,0.573,1.392,8.432,pompa basenu
2026-03-09 17:00:00,Monday,17,1.902,4.632,0.000,0.000,0.989,0.000,7.523,
2026-03-09 18:00:00,Monday,18,2.537,4.950,0.373,2.693,0.557,0.000,11.110,
2026-03-09 19:00:00,Monday,19,2.088,4.575,0.478,0.000,1.081,2.426,10.648,zmywarka
2026-03-09 20:00:00,Monday,20,2.167,5.138,0.499,0.000,0.547,0.000,8.351,
2026-03-09 21:00:00,Monday,21,2.719,4.559,0.483,0.000,0.945,0.000,8.706,
2026-03-09 22:00:00,Monday,22,2.588,5.357,0.336,0.000,0.741,9.968,18.990,ładowanie EV
2026-03-09 23:00:00,Monday,23,2.376,5.364,0.000,0.000,0.000,13.197,20.937,ładowanie EV
2026-03-10 00:00:00,Tuesday,0,2.546,5.396,0.000,0.000,0.000,11.178,19.120,ładowanie EV
2026-03-10 01:00:00,Tuesday,1,2.378,4.733,0.000,0.000,0.000,9.738,16.849,ładowanie EV
2026-03-10 02:00:00,Tuesday,2,2.590,5.299,0.000,0.000,0.000,11.302,19.191,ładowanie EV
2026-03-10 03:00:00,Tuesday,3,2.215,5.253,0.000,0.000,0.000,10.118,17.586,ładowanie EV
2026-03-10 04:00:00,Tuesday,4,2.845,5.978,0.000,0.000,0.000,8.324,17.147,ładowanie EV
2026-03-10 05:00:00,Tuesday,5,2.668,6.376,0.000,0.000,0.000,9.996,19.040,ładowanie EV
2026-03-10 06:00:00,Tuesday,6,1.852,6.166,0.352,1.401,0.000,0.000,9.771,
2026-03-10 07:00:00,Tuesday,7,2.302,7.022,0.000,1.102,0.000,0.000,10.426,
2026-03-10 08:00:00,Tuesday,8,3.084,6.146,0.000,0.856,0.000,0.000,10.086,
2026-03-10 09:00:00,Tuesday,9,2.174,5.964,0.000,0.000,0.430,2.240,10.808,pompa basenu
2026-03-10 10:00:00,Tuesday,10,1.886,4.980,0.000,0.000,0.359,2.346,9.571,pompa basenu
2026-03-10 11:00:00,Tuesday,11,2.608,4.998,0.000,0.000,0.474,1.900,9.980,pompa basenu
2026-03-10 12:00:00,Tuesday,12,2.323,4.122,0.000,0.000,0.453,2.468,9.366,pompa basenu
2026-03-10 13:00:00,Tuesday,13,2.521,4.499,0.000,1.539,0.396,2.615,11.570,pompa basenu
2026-03-10 14:00:00,Tuesday,14,2.661,3.738,0.000,0.000,0.366,2.461,9.226,pompa basenu
2026-03-10 15:00:00,Tuesday,15,2.387,3.317,0.000,0.000,0.380,1.884,7.968,pompa basenu
2026-03-10 16:00:00,Tuesday,16,3.181,3.100,0.000,0.000,0.800,2.174,9.255,pompa basenu
2026-03-10 17:00:00,Tuesday,17,2.617,3.027,0.000,0.000,0.892,0.000,6.536,
2026-03-10 18:00:00,Tuesday,18,2.254,3.153,0.524,7.956,0.927,0.000,14.814,
2026-03-10 19:00:00,Tuesday,19,1.881,3.593,0.607,0.000,0.603,0.000,6.684,
2026-03-10 20:00:00,Tuesday,20,1.845,4.625,0.630,0.000,0.913,2.157,10.170,zmywarka
2026-03-10 21:00:00,Tuesday,21,1.946,4.566,0.253,0.000,1.132,0.000,7.897,
2026-03-10 22:00:00,Tuesday,22,1.934,4.329,0.191,0.000,0.681,16.346,23.481,ładowanie EV
2026-03-10 23:00:00,Tuesday,23,2.836,4.593,0.000,0.000,0.000,12.790,20.219,ładowanie EV
2026-03-11 00:00:00,Wednesday,0,3.181,4.973,0.000,0.000,0.000,8.363,16.517,ładowanie EV
2026-03-11 01:00:00,Wednesday,1,2.997,4.250,0.000,0.000,0.000,11.946,19.193,ładowanie EV
2026-03-11 02:00:00,Wednesday,2,2.192,4.632,0.000,0.000,0.000,14.504,21.328,ładowanie EV
2026-03-11 03:00:00,Wednesday,3,3.105,4.347,0.000,0.000,0.000,14.771,22.223,ładowanie EV
2026-03-11 04:00:00,Wednesday,4,1.863,3.650,0.000,0.000,0.000,13.046,18.559,ładowanie EV
2026-03-11 05:00:00,Wednesday,5,2.461,4.513,0.000,0.000,0.000,16.841,23.815,ładowanie EV
2026-03-11 06:00:00,Wednesday,6,2.884,4.308,0.186,1.095,0.000,0.000,8.473,
2026-03-11 07:00:00,Wednesday,7,2.049,4.393,0.000,0.844,0.000,0.000,7.286,
2026-03-11 08:00:00,Wednesday,8,2.942,4.846,0.000,1.058,0.000,0.000,8.846,
2026-03-11 09:00:00,Wednesday,9,2.673,4.108,0.000,0.000,0.428,3.395,10.604,pompa basenu; pralka
2026-03-11 10:00:00,Wednesday,10,3.167,4.612,0.000,0.000,0.409,1.723,9.911,pompa basenu
2026-03-11 11:00:00,Wednesday,11,2.447,4.361,0.000,0.000,0.331,2.312,9.451,pompa basenu
2026-03-11 12:00:00,Wednesday,12,1.879,4.128,0.000,0.000,0.338,1.566,7.911,pompa basenu
2026-03-11 13:00:00,Wednesday,13,3.059,3.370,0.000,1.113,0.320,2.256,10.118,pompa basenu
2026-03-11 14:00:00,Wednesday,14,2.312,3.501,0.000,0.000,0.660,1.918,8.391,pompa basenu
2026-03-11 15:00:00,Wednesday,15,2.137,3.273,0.000,0.000,0.695,1.463,7.568,pompa basenu
2026-03-11 16:00:00,Wednesday,16,2.070,3.892,0.000,0.000,0.821,2.447,9.230,pompa basenu
2026-03-11 17:00:00,Wednesday,17,2.091,3.855,0.000,4.520,0.678,0.000,11.144,
2026-03-11 18:00:00,Wednesday,18,2.314,4.402,0.465,0.000,1.000,0.000,8.181,
2026-03-11 19:00:00,Wednesday,19,2.024,4.294,0.522,0.000,1.173,0.000,8.013,
2026-03-11 20:00:00,Wednesday,20,2.486,3.836,0.262,0.000,1.024,2.341,9.949,zmywarka
2026-03-11 21:00:00,Wednesday,21,2.058,4.032,0.662,0.000,0.892,0.000,7.644,
2026-03-11 22:00:00,Wednesday,22,3.190,3.947,0.320,0.000,0.938,14.313,22.708,ładowanie EV
2026-03-11 23:00:00,Wednesday,23,2.217,3.986,0.000,0.000,0.000,15.794,21.997,ładowanie EV
2026-03-12 00:00:00,Thursday,0,2.298,3.243,0.000,0.000,0.000,14.752,20.293,ładowanie EV
2026-03-12 01:00:00,Thursday,1,2.843,3.662,0.000,0.000,0.000,16.337,22.842,ładowanie EV
2026-03-12 02:00:00,Thursday,2,2.898,3.372,0.000,0.000,0.000,11.880,18.150,ładowanie EV
2026-03-12 03:00:00,Thursday,3,2.799,3.990,0.000,0.000,0.000,9.080,15.869,ładowanie EV
2026-03-12 04:00:00,Thursday,4,3.183,4.326,0.000,0.000,0.000,9.902,17.411,ładowanie EV
2026-03-12 05:00:00,Thursday,5,2.854,4.687,0.000,0.000,0.000,8.873,16.414,ładowanie EV
2026-03-12 06:00:00,Thursday,6,2.139,5.058,0.177,1.014,0.000,0.000,8.388,
2026-03-12 07:00:00,Thursday,7,2.831,5.262,0.000,0.685,0.000,0.000,8.778,
2026-03-12 08:00:00,Thursday,8,2.946,4.745,0.000,1.092,0.000,0.000,8.783,
2026-03-12 09:00:00,Thursday,9,2.162,4.579,0.000,0.000,0.469,1.428,8.638,pompa basenu
2026-03-12 10:00:00,Thursday,10,3.142,4.124,0.000,0.000,0.327,2.314,9.907,pompa basenu
2026-03-12 11:00:00,Thursday,11,2.277,4.186,0.000,0.000,0.308,2.686,9.457,pompa basenu
2026-03-12 12:00:00,Thursday,12,2.213,3.409,0.000,0.000,0.391,1.939,7.952,pompa basenu
2026-03-12 13:00:00,Thursday,13,2.309,3.703,0.000,1.792,0.428,2.404,10.636,pompa basenu
2026-03-12 14:00:00,Thursday,14,1.992,3.544,0.000,0.000,0.327,2.256,8.119,pompa basenu
2026-03-12 15:00:00,Thursday,15,3.107,3.206,0.000,0.000,0.297,2.475,9.085,pompa basenu
2026-03-12 16:00:00,Thursday,16,2.652,4.135,0.000,0.000,0.669,1.760,9.216,pompa basenu
2026-03-12 17:00:00,Thursday,17,2.417,3.335,0.000,4.349,0.913,0.000,11.014,
2026-03-12 18:00:00,Thursday,18,2.751,4.174,0.444,0.000,1.049,0.000,8.418,
2026-03-12 19:00:00,Thursday,19,3.107,3.549,0.430,0.000,1.017,0.000,8.103,
2026-03-12 20:00:00,Thursday,20,2.472,4.453,0.446,0.000,0.561,2.574,10.506,zmywarka
2026-03-12 21:00:00,Thursday,21,2.965,3.482,0.557,0.000,0.761,0.000,7.765,
2026-03-12 22:00:00,Thursday,22,1.925,3.777,0.140,0.000,0.805,11.972,18.619,ładowanie EV
2026-03-12 23:00:00,Thursday,23,1.856,4.246,0.000,0.000,0.000,15.557,21.659,ładowanie EV
2026-03-13 00:00:00,Friday,0,2.270,3.370,0.000,0.000,0.000,15.990,21.630,ładowanie EV
2026-03-13 01:00:00,Friday,1,2.569,3.533,0.000,0.000,0.000,14.051,20.153,ładowanie EV
2026-03-13 02:00:00,Friday,2,1.996,3.514,0.000,0.000,0.000,11.854,17.364,ładowanie EV
2026-03-13 03:00:00,Friday,3,1.937,4.469,0.000,0.000,0.000,13.276,19.682,ładowanie EV
2026-03-13 04:00:00,Friday,4,2.450,3.912,0.000,0.000,0.000,14.465,20.827,ładowanie EV
2026-03-13 05:00:00,Friday,5,2.075,3.747,0.000,0.000,0.000,11.709,17.531,ładowanie EV
2026-03-13 06:00:00,Friday,6,2.128,4.191,0.168,1.293,0.000,0.000,7.780,
2026-03-13 07:00:00,Friday,7,3.057,5.138,0.000,0.948,0.000,0.000,9.143,
2026-03-13 08:00:00,Friday,8,2.822,5.394,0.000,1.240,0.000,0.000,9.456,
2026-03-13 09:00:00,Friday,9,2.144,5.097,0.000,0.000,0.315,2.410,9.966,pompa basenu
2026-03-13 10:00:00,Friday,10,2.698,4.784,0.000,0.000,0.497,2.139,10.118,pompa basenu
2026-03-13 11:00:00,Friday,11,1.925,4.910,0.000,0.000,0.283,2.512,9.630,pompa basenu
2026-03-13 12:00:00,Friday,12,1.849,4.004,0.000,1.932,0.382,2.686,10.853,pompa basenu
2026-03-13 13:00:00,Friday,13,2.275,3.390,0.000,0.000,0.327,2.489,8.481,pompa basenu
2026-03-13 14:00:00,Friday,14,2.150,4.177,0.000,0.000,0.683,1.651,8.661,pompa basenu
2026-03-13 15:00:00,Friday,15,2.374,3.988,0.000,0.000,0.550,2.190,9.102,pompa basenu
2026-03-13 16:00:00,Friday,16,2.781,4.149,0.000,0.000,0.738,1.879,9.547,pompa basenu
2026-03-13 17:00:00,Friday,17,3.061,3.397,0.000,3.650,0.816,0.000,10.924,
2026-03-13 18:00:00,Friday,18,2.279,4.154,0.467,0.000,0.975,0.000,7.875,
2026-03-13 19:00:00,Friday,19,2.590,4.202,0.478,0.000,0.724,0.000,7.994,
2026-03-13 20:00:00,Friday,20,2.514,4.855,0.458,0.000,1.150,2.654,11.631,zmywarka
2026-03-13 21:00:00,Friday,21,1.856,4.692,0.612,0.000,0.761,0.000,7.921,
2026-03-13 22:00:00,Friday,22,2.077,4.830,0.304,0.000,1.175,16.907,25.293,ładowanie EV
2026-03-13 23:00:00,Friday,23,2.033,4.871,0.000,0.000,0.000,10.069,16.973,ładowanie EV
2026-03-14 00:00:00,Saturday,0,2.408,5.276,0.000,0.000,0.000,11.937,19.621,ładowanie EV
2026-03-14 01:00:00,Saturday,1,2.256,5.879,0.000,0.000,0.000,10.483,18.618,ładowanie EV
2026-03-14 02:00:00,Saturday,2,2.891,5.416,0.000,0.000,0.000,13.885,22.192,ładowanie EV
2026-03-14 03:00:00,Saturday,3,3.142,6.084,0.000,0.000,0.000,16.424,25.650,ładowanie EV
2026-03-14 04:00:00,Saturday,4,2.827,5.803,0.000,0.000,0.000,11.088,19.718,ładowanie EV
2026-03-14 05:00:00,Saturday,5,2.454,5.893,0.000,0.000,0.000,16.726,25.073,ładowanie EV
2026-03-14 06:00:00,Saturday,6,2.847,5.849,0.299,0.975,0.000,0.000,9.970,
2026-03-14 07:00:00,Saturday,7,1.999,5.651,0.000,0.635,0.000,0.000,8.285,
2026-03-14 08:00:00,Saturday,8,2.914,6.164,0.000,1.003,0.000,0.000,10.081,
2026-03-14 09:00:00,Saturday,9,2.128,6.923,0.000,0.000,0.255,1.656,10.962,pompa basenu
2026-03-14 10:00:00,Saturday,10,3.218,5.575,0.000,0.000,0.853,3.703,13.349,pompa basenu; pralka
2026-03-14 11:00:00,Saturday,11,3.133,6.994,0.000,0.000,0.807,6.166,17.100,pompa basenu; suszarka
2026-03-14 12:00:00,Saturday,12,2.238,6.159,0.000,0.000,0.552,2.443,11.392,pompa basenu
2026-03-14 13:00:00,Saturday,13,2.443,6.077,0.000,1.467,0.248,4.391,14.626,pompa basenu; zmywarka
2026-03-14 14:00:00,Saturday,14,2.521,4.993,0.000,0.000,0.724,2.309,10.547,pompa basenu
2026-03-14 15:00:00,Saturday,15,2.038,5.504,0.000,0.000,0.391,2.261,10.194,pompa basenu
2026-03-14 16:00:00,Saturday,16,2.999,5.258,0.000,0.000,0.439,1.764,10.460,pompa basenu
2026-03-14 17:00:00,Saturday,17,2.857,5.580,0.000,6.428,0.978,0.000,15.843,
2026-03-14 18:00:00,Saturday,18,3.068,5.750,0.522,0.000,0.699,0.000,10.039,
2026-03-14 19:00:00,Saturday,19,2.456,5.297,0.336,0.000,0.805,17.945,26.839,sauna
2026-03-14 20:00:00,Saturday,20,2.468,5.173,0.386,0.000,0.605,20.127,28.759,sauna
2026-03-14 21:00:00,Saturday,21,2.341,5.272,0.428,0.000,1.205,16.204,25.450,sauna
2026-03-14 22:00:00,Saturday,22,2.898,6.049,0.189,0.000,0.789,16.627,26.552,ładowanie EV
2026-03-14 23:00:00,Saturday,23,2.213,6.258,0.000,0.000,0.000,11.948,20.419,ładowanie EV
2026-03-15 00:00:00,Sunday,0,1.891,4.989,0.000,0.000,0.000,9.313,16.193,ładowanie EV
2026-03-15 01:00:00,Sunday,1,2.567,5.134,0.000,0.000,0.000,8.296,15.997,ładowanie EV
2026-03-15 02:00:00,Sunday,2,2.252,5.175,0.000,0.000,0.000,10.557,17.984,ładowanie EV
2026-03-15 03:00:00,Sunday,3,2.670,4.600,0.000,0.000,0.000,12.662,19.932,ładowanie EV
2026-03-15 04:00:00,Sunday,4,2.840,5.055,0.000,0.000,0.000,14.800,22.695,ładowanie EV
2026-03-15 05:00:00,Sunday,5,1.976,4.828,0.000,0.000,0.000,9.099,15.903,ładowanie EV
2026-03-15 06:00:00,Sunday,6,2.792,6.290,0.283,0.941,0.000,0.000,10.306,
2026-03-15 07:00:00,Sunday,7,1.861,6.507,0.000,0.982,0.000,0.000,9.350,
2026-03-15 08:00:00,Sunday,8,2.247,5.886,0.000,0.803,0.000,0.000,8.936,
2026-03-15 09:00:00,Sunday,9,2.475,6.001,0.000,0.000,0.745,1.523,10.744,pompa basenu
2026-03-15 10:00:00,Sunday,10,2.351,4.809,0.000,0.000,0.430,2.532,10.122,pompa basenu
2026-03-15 11:00:00,Sunday,11,3.172,3.990,0.000,0.000,0.207,2.698,10.067,pompa basenu
2026-03-15 12:00:00,Sunday,12,2.774,4.779,0.000,0.000,0.593,2.132,10.278,pompa basenu
2026-03-15 13:00:00,Sunday,13,2.093,4.467,0.000,2.652,0.504,2.610,12.326,pompa basenu
2026-03-15 14:00:00,Sunday,14,2.215,4.605,0.000,0.000,0.773,4.349,11.942,pompa basenu; zmywarka
2026-03-15 15:00:00,Sunday,15,2.969,4.616,0.000,0.000,0.209,2.236,10.030,pompa basenu
2026-03-15 16:00:00,Sunday,16,2.036,4.777,0.000,0.000,0.373,2.686,9.872,pompa basenu
2026-03-15 17:00:00,Sunday,17,3.142,3.942,0.000,3.662,1.046,0.000,11.792,
2026-03-15 18:00:00,Sunday,18,2.472,4.020,0.322,0.000,1.106,0.000,7.920,
2026-03-15 19:00:00,Sunday,19,2.900,4.469,0.485,0.000,0.787,19.681,28.322,sauna
2026-03-15 20:00:00,Sunday,20,2.850,5.598,0.554,0.000,1.150,18.786,28.938,sauna
2026-03-15 21:00:00,Sunday,21,3.027,5.545,0.308,0.000,0.773,14.083,23.736,sauna
2026-03-15 22:00:00,Sunday,22,2.012,4.667,0.168,0.000,0.711,13.092,20.650,ładowanie EV
2026-03-15 23:00:00,Sunday,23,1.920,4.901,0.000,0.000,0.000,9.522,16.343,ładowanie EV
2026-03-16 00:00:00,Monday,0,2.921,5.143,0.000,0.000,0.000,10.626,18.690,ładowanie EV
2026-03-16 01:00:00,Monday,1,2.070,5.037,0.000,0.000,0.000,11.247,18.354,ładowanie EV
2026-03-16 02:00:00,Monday,2,2.677,5.458,0.000,0.000,0.000,10.398,18.533,ładowanie EV
2026-03-16 03:00:00,Monday,3,2.033,5.377,0.000,0.000,0.000,9.510,16.920,ładowanie EV
2026-03-16 04:00:00,Monday,4,2.116,5.699,0.000,0.000,0.000,15.511,23.326,ładowanie EV
2026-03-16 05:00:00,Monday,5,2.450,5.913,0.000,0.000,0.000,14.166,22.529,ładowanie EV
2026-03-16 06:00:00,Monday,6,2.086,5.111,0.308,0.787,0.000,0.000,8.292,
2026-03-16 07:00:00,Monday,7,2.840,5.398,0.000,1.000,0.000,0.000,9.238,
2026-03-16 08:00:00,Monday,8,3.018,5.842,0.000,1.178,0.000,0.000,10.038,
2026-03-16 09:00:00,Monday,9,2.109,5.557,0.000,0.000,0.299,2.378,10.343,pompa basenu
2026-03-16 10:00:00,Monday,10,2.452,5.621,0.000,0.000,0.336,2.394,10.803,pompa basenu
2026-03-16 11:00:00,Monday,11,2.755,5.285,0.000,0.000,0.352,1.702,10.094,pompa basenu
2026-03-16 12:00:00,Monday,12,2.624,5.419,0.000,1.398,0.366,2.548,12.355,pompa basenu
2026-03-16 13:00:00,Monday,13,2.898,5.525,0.000,0.000,0.407,2.148,10.978,pompa basenu
2026-03-16 14:00:00,Monday,14,2.845,5.131,0.000,0.000,0.789,2.654,11.419,pompa basenu
2026-03-16 15:00:00,Monday,15,2.150,5.932,0.000,0.000,0.856,2.466,11.404,pompa basenu
2026-03-16 16:00:00,Monday,16,1.957,6.067,0.000,0.000,0.849,2.735,11.608,pompa basenu
2026-03-16 17:00:00,Monday,17,2.079,5.699,0.000,0.000,0.600,0.000,8.378,
2026-03-16 18:00:00,Monday,18,1.969,6.047,0.628,2.643,1.171,0.000,12.458,
2026-03-16 19:00:00,Monday,19,2.981,6.330,0.409,0.000,0.945,2.680,13.345,zmywarka
2026-03-16 20:00:00,Monday,20,2.728,5.819,0.313,0.000,1.081,0.000,9.941,
2026-03-16 21:00:00,Monday,21,1.907,6.316,0.621,0.000,0.858,0.000,9.702,
2026-03-16 22:00:00,Monday,22,1.849,5.094,0.306,0.000,1.148,9.370,17.767,ładowanie EV
2026-03-16 23:00:00,Monday,23,2.815,5.851,0.000,0.000,0.000,11.771,20.437,ładowanie EV
2026-03-17 00:00:00,Tuesday,0,2.831,5.697,0.000,0.000,0.000,15.741,24.269,ładowanie EV
2026-03-17 01:00:00,Tuesday,1,2.259,6.376,0.000,0.000,0.000,13.660,22.295,ładowanie EV
2026-03-17 02:00:00,Tuesday,2,3.195,5.069,0.000,0.000,0.000,16.721,24.985,ładowanie EV
2026-03-17 03:00:00,Tuesday,3,2.486,5.934,0.000,0.000,0.000,10.571,18.991,ładowanie EV
2026-03-17 04:00:00,Tuesday,4,2.564,6.916,0.000,0.000,0.000,14.136,23.616,ładowanie EV
2026-03-17 05:00:00,Tuesday,5,2.109,7.381,0.000,0.000,0.000,13.227,22.717,ładowanie EV
2026-03-17 06:00:00,Tuesday,6,2.392,8.057,0.389,0.359,0.000,0.000,11.197,
2026-03-17 07:00:00,Tuesday,7,3.105,7.312,0.000,1.003,0.000,0.000,11.420,
2026-03-17 08:00:00,Tuesday,8,2.857,6.686,0.000,0.991,0.000,0.000,10.534,
2026-03-17 09:00:00,Tuesday,9,2.553,6.594,0.000,0.000,0.651,2.355,12.153,praca zdalna; pompa basenu
2026-03-17 10:00:00,Tuesday,10,2.318,6.603,0.000,0.000,0.805,3.772,13.498,praca zdalna; pompa basenu; pralka
2026-03-17 11:00:00,Tuesday,11,2.726,4.756,0.000,0.000,0.499,2.307,10.288,praca zdalna; pompa basenu
2026-03-17 12:00:00,Tuesday,12,2.270,5.692,0.000,0.000,0.745,2.309,11.016,praca zdalna; pompa basenu
2026-03-17 13:00:00,Tuesday,13,2.263,4.421,0.000,1.405,0.566,2.693,11.348,praca zdalna; pompa basenu
2026-03-17 14:00:00,Tuesday,14,2.270,4.460,0.000,0.000,0.881,1.946,9.557,praca zdalna; pompa basenu
2026-03-17 15:00:00,Tuesday,15,2.102,5.327,0.000,0.000,0.862,2.666,10.957,praca zdalna; pompa basenu
2026-03-17 16:00:00,Tuesday,16,2.723,5.094,0.000,0.000,1.065,1.576,10.458,praca zdalna; pompa basenu
2026-03-17 17:00:00,Tuesday,17,2.284,5.094,0.000,5.649,0.600,0.000,13.627,
2026-03-17 18:00:00,Tuesday,18,2.150,5.525,0.591,0.000,1.168,0.000,9.434,
2026-03-17 19:00:00,Tuesday,19,2.969,6.780,0.398,0.000,0.550,0.000,10.697,
2026-03-17 20:00:00,Tuesday,20,2.939,6.159,0.428,0.000,0.669,2.155,12.350,zmywarka
2026-03-17 21:00:00,Tuesday,21,2.686,6.704,0.483,0.000,1.030,0.000,10.903,
2026-03-17 22:00:00,Tuesday,22,2.137,6.829,0.297,0.000,0.980,14.007,24.250,ładowanie EV
2026-03-17 23:00:00,Tuesday,23,2.857,5.920,0.000,0.000,0.000,15.313,24.090,ładowanie EV
2026-03-18 00:00:00,Wednesday,0,2.233,5.315,0.000,0.000,0.000,11.413,18.961,ładowanie EV
2026-03-18 01:00:00,Wednesday,1,2.123,5.472,0.000,0.000,0.000,13.494,21.089,ładowanie EV
2026-03-18 02:00:00,Wednesday,2,2.972,5.736,0.000,0.000,0.000,8.970,17.678,ładowanie EV
2026-03-18 03:00:00,Wednesday,3,2.484,4.959,0.000,0.000,0.000,16.606,24.049,ładowanie EV
2026-03-18 04:00:00,Wednesday,4,2.374,5.580,0.000,0.000,0.000,10.470,18.424,ładowanie EV
2026-03-18 05:00:00,Wednesday,5,3.229,5.499,0.000,0.000,0.000,9.248,17.976,ładowanie EV
2026-03-18 06:00:00,Wednesday,6,3.084,5.548,0.384,0.603,0.000,0.000,9.619,
2026-03-18 07:00:00,Wednesday,7,1.852,5.692,0.000,0.727,0.000,0.000,8.271,
2026-03-18 08:00:00,Wednesday,8,2.730,5.725,0.000,0.729,0.000,0.000,9.184,
2026-03-18 09:00:00,Wednesday,9,2.045,5.640,0.000,0.000,0.354,2.093,10.132,pompa basenu
2026-03-18 10:00:00,Wednesday,10,2.702,5.642,0.000,0.000,0.469,1.594,10.407,pompa basenu
2026-03-18 11:00:00,Wednesday,11,2.141,5.290,0.000,0.000,0.363,2.049,9.843,pompa basenu
2026-03-18 12:00:00,Wednesday,12,1.992,4.216,0.000,0.000,0.439,2.330,8.977,pompa basenu
2026-03-18 13:00:00,Wednesday,13,2.951,4.517,0.000,2.049,0.467,2.723,12.707,pompa basenu
2026-03-18 14:00:00,Wednesday,14,2.590,5.285,0.000,0.000,0.281,2.022,10.178,pompa basenu
2026-03-18 15:00:00,Wednesday,15,2.325,4.593,0.000,0.000,0.621,2.364,9.903,pompa basenu
2026-03-18 16:00:00,Wednesday,16,3.156,4.188,0.000,0.000,0.511,1.414,9.269,pompa basenu
2026-03-18 17:00:00,Wednesday,17,1.898,4.446,0.000,3.675,1.189,0.000,11.208,
2026-03-18 18:00:00,Wednesday,18,3.130,4.483,0.534,0.000,0.720,0.000,8.867,
2026-03-18 19:00:00,Wednesday,19,3.199,4.501,0.504,0.000,0.536,2.102,10.842,zmywarka
2026-03-18 20:00:00,Wednesday,20,2.548,4.800,0.518,0.000,0.902,0.000,8.768,
2026-03-18 21:00:00,Wednesday,21,2.084,5.239,0.593,0.000,1.017,0.000,8.933,
2026-03-18 22:00:00,Wednesday,22,2.314,4.211,0.269,0.000,1.005,13.607,21.406,ładowanie EV
2026-03-18 23:00:00,Wednesday,23,3.096,4.188,0.000,0.000,0.000,10.357,17.641,ładowanie EV
2026-03-19 00:00:00,Thursday,0,2.371,4.789,0.000,0.000,0.000,10.992,18.152,ładowanie EV
2026-03-19 01:00:00,Thursday,1,2.965,4.494,0.000,0.000,0.000,9.308,16.767,ładowanie EV
2026-03-19 02:00:00,Thursday,2,2.592,5.108,0.000,0.000,0.000,8.595,16.295,ładowanie EV
2026-03-19 03:00:00,Thursday,3,2.399,5.090,0.000,0.000,0.000,11.709,19.198,ładowanie EV
2026-03-19 04:00:00,Thursday,4,1.856,4.805,0.000,0.000,0.000,14.541,21.202,ładowanie EV
2026-03-19 05:00:00,Thursday,5,2.305,6.001,0.000,0.000,0.000,8.149,16.455,ładowanie EV
2026-03-19 06:00:00,Thursday,6,3.179,6.139,0.170,0.803,0.000,0.000,10.291,
2026-03-19 07:00:00,Thursday,7,2.804,6.123,0.000,0.764,0.000,0.000,9.691,
2026-03-19 08:00:00,Thursday,8,2.525,5.817,0.000,0.442,0.000,0.000,8.784,
2026-03-19 09:00:00,Thursday,9,2.137,4.708,0.000,0.000,0.494,2.240,9.579,pompa basenu
2026-03-19 10:00:00,Thursday,10,2.544,4.864,0.000,0.000,0.285,3.648,11.341,pompa basenu; pralka
2026-03-19 11:00:00,Thursday,11,2.314,3.825,0.000,0.000,0.398,2.238,8.775,pompa basenu
2026-03-19 12:00:00,Thursday,12,2.926,3.547,0.000,0.000,0.347,2.702,9.522,pompa basenu
2026-03-19 13:00:00,Thursday,13,2.799,3.094,0.000,0.964,0.499,1.727,9.083,pompa basenu
2026-03-19 14:00:00,Thursday,14,2.571,2.921,0.000,0.000,0.632,2.065,8.189,pompa basenu
2026-03-19 15:00:00,Thursday,15,2.123,3.070,0.000,0.000,0.414,1.927,7.534,pompa basenu
2026-03-19 16:00:00,Thursday,16,2.744,2.735,0.000,0.000,0.748,2.180,8.407,pompa basenu
2026-03-19 17:00:00,Thursday,17,2.077,3.498,0.000,3.169,0.945,0.000,9.689,
2026-03-19 18:00:00,Thursday,18,2.831,3.898,0.554,0.000,0.577,0.000,7.860,
2026-03-19 19:00:00,Thursday,19,2.988,3.632,0.658,0.000,0.598,0.000,7.876,
2026-03-19 20:00:00,Thursday,20,2.146,3.450,0.472,0.000,0.828,1.893,8.789,zmywarka
2026-03-19 21:00:00,Thursday,21,3.192,4.802,0.274,0.000,0.614,0.000,8.882,
2026-03-19 22:00:00,Thursday,22,3.061,3.876,0.232,0.000,0.823,10.895,18.887,ładowanie EV
2026-03-19 23:00:00,Thursday,23,2.344,4.250,0.000,0.000,0.000,8.524,15.118,ładowanie EV
2026-03-20 00:00:00,Friday,0,1.962,5.113,0.000,0.000,0.000,14.281,21.356,ładowanie EV
2026-03-20 01:00:00,Friday,1,3.048,5.780,0.000,0.000,0.000,10.582,19.410,ładowanie EV
2026-03-20 02:00:00,Friday,2,2.627,5.692,0.000,0.000,0.000,10.481,18.800,ładowanie EV
2026-03-20 03:00:00,Friday,3,2.325,5.840,0.000,0.000,0.000,9.094,17.259,ładowanie EV
2026-03-20 04:00:00,Friday,4,2.831,5.973,0.000,0.000,0.000,9.283,18.087,ładowanie EV
2026-03-20 05:00:00,Friday,5,3.116,6.900,0.000,0.000,0.000,16.712,26.728,ładowanie EV
2026-03-20 06:00:00,Friday,6,2.360,6.723,0.235,0.568,0.000,0.000,9.886,
2026-03-20 07:00:00,Friday,7,2.702,6.242,0.000,1.175,0.000,0.000,10.119,
2026-03-20 08:00:00,Friday,8,2.882,6.702,0.000,1.017,0.000,0.000,10.601,
2026-03-20 09:00:00,Friday,9,2.210,7.208,0.000,0.000,0.384,2.744,12.546,pompa basenu
2026-03-20 10:00:00,Friday,10,2.654,6.603,0.000,0.000,0.310,1.562,11.129,pompa basenu
2026-03-20 11:00:00,Friday,11,2.760,5.854,0.000,0.000,0.451,1.472,10.537,pompa basenu
2026-03-20 12:00:00,Friday,12,2.199,5.784,0.000,0.000,0.278,2.518,10.779,pompa basenu
2026-03-20 13:00:00,Friday,13,2.870,4.800,0.000,1.217,0.393,1.932,11.212,pompa basenu
2026-03-20 14:00:00,Friday,14,2.808,4.720,0.000,0.000,0.531,2.555,10.614,pompa basenu
2026-03-20 15:00:00,Friday,15,2.535,3.843,0.000,0.000,0.662,1.944,8.984,pompa basenu
2026-03-20 16:00:00,Friday,16,3.098,4.354,0.000,0.000,0.347,1.893,9.692,pompa basenu
2026-03-20 17:00:00,Friday,17,2.827,4.266,0.000,4.835,1.148,0.000,13.076,
2026-03-20 18:00:00,Friday,18,2.245,5.975,0.237,0.000,0.573,0.000,9.030,
2026-03-20 19:00:00,Friday,19,3.176,6.539,0.472,0.000,0.908,0.000,11.095,
2026-03-20 20:00:00,Friday,20,2.118,5.637,0.306,0.000,0.934,0.000,8.995,
2026-03-20 21:00:00,Friday,21,2.794,7.162,0.570,0.000,0.748,0.000,11.274,
2026-03-20 22:00:00,Friday,22,1.937,5.663,0.172,0.000,0.557,14.432,22.761,ładowanie EV
2026-03-20 23:00:00,Friday,23,1.891,6.081,0.000,0.000,0.000,8.586,16.558,ładowanie EV
2026-03-21 00:00:00,Saturday,0,2.134,6.870,0.000,0.000,0.000,12.482,21.486,ładowanie EV
2026-03-21 01:00:00,Saturday,1,1.973,6.394,0.000,0.000,0.000,11.650,20.017,ładowanie EV
2026-03-21 02:00:00,Saturday,2,2.392,5.916,0.000,0.000,0.000,8.296,16.604,ładowanie EV
2026-03-21 03:00:00,Saturday,3,2.098,5.778,0.000,0.000,0.000,11.889,19.765,ładowanie EV
2026-03-21 04:00:00,Saturday,4,1.888,6.003,0.000,0.000,0.000,12.645,20.536,ładowanie EV
2026-03-21 05:00:00,Saturday,5,2.401,6.707,0.000,0.000,0.000,9.297,18.405,ładowanie EV
2026-03-21 06:00:00,Saturday,6,2.169,7.197,0.274,0.773,0.000,0.000,10.413,
2026-03-21 07:00:00,Saturday,7,2.091,6.829,0.000,0.925,0.000,0.000,9.845,
2026-03-21 08:00:00,Saturday,8,2.017,6.994,0.000,0.996,0.000,0.000,10.007,
2026-03-21 09:00:00,Saturday,9,2.394,7.590,0.000,0.000,0.205,4.027,14.216,pompa basenu; pralka
2026-03-21 10:00:00,Saturday,10,2.489,6.290,0.000,0.000,0.251,7.498,16.528,pompa basenu; suszarka
2026-03-21 11:00:00,Saturday,11,2.217,5.897,0.000,0.000,0.352,2.546,11.012,pompa basenu
2026-03-21 12:00:00,Saturday,12,2.486,6.251,0.000,0.957,0.566,2.164,12.424,pompa basenu
2026-03-21 13:00:00,Saturday,13,2.137,4.591,0.000,0.000,0.819,4.253,11.800,pompa basenu; zmywarka
2026-03-21 14:00:00,Saturday,14,1.923,5.085,0.000,0.000,0.320,2.353,9.681,pompa basenu
2026-03-21 15:00:00,Saturday,15,1.932,5.435,0.000,0.000,0.534,2.479,10.380,pompa basenu
2026-03-21 16:00:00,Saturday,16,2.882,4.338,0.000,0.000,0.761,2.689,10.670,pompa basenu
2026-03-21 17:00:00,Saturday,17,2.778,5.336,0.000,0.000,0.915,0.000,9.029,
2026-03-21 18:00:00,Saturday,18,3.137,5.318,0.281,4.264,1.201,0.000,14.201,
2026-03-21 19:00:00,Saturday,19,2.500,5.164,0.421,0.000,1.152,16.130,25.367,sauna
2026-03-21 20:00:00,Saturday,20,2.042,6.686,0.297,0.000,0.927,17.717,27.669,sauna
2026-03-21 21:00:00,Saturday,21,2.288,6.226,0.623,0.000,0.734,19.614,29.485,sauna
2026-03-21 22:00:00,Saturday,22,2.912,5.854,0.297,0.000,0.766,12.415,22.244,ładowanie EV
2026-03-21 23:00:00,Saturday,23,2.222,5.343,0.000,0.000,0.000,11.420,18.985,ładowanie EV
2026-03-22 00:00:00,Sunday,0,3.036,6.242,0.000,0.000,0.000,8.287,17.565,ładowanie EV
2026-03-22 01:00:00,Sunday,1,3.018,6.445,0.000,0.000,0.000,9.315,18.778,ładowanie EV
2026-03-22 02:00:00,Sunday,2,3.174,6.249,0.000,0.000,0.000,14.771,24.194,ładowanie EV
2026-03-22 03:00:00,Sunday,3,2.300,6.944,0.000,0.000,0.000,15.560,24.804,ładowanie EV
2026-03-22 04:00:00,Sunday,4,2.452,6.509,0.000,0.000,0.000,14.281,23.242,ładowanie EV
2026-03-22 05:00:00,Sunday,5,2.450,6.290,0.000,0.000,0.000,9.570,18.310,ładowanie EV
2026-03-22 06:00:00,Sunday,6,2.689,6.150,0.253,0.973,0.000,0.000,10.065,
2026-03-22 07:00:00,Sunday,7,2.613,5.828,0.000,0.757,0.000,0.000,9.198,
2026-03-22 08:00:00,Sunday,8,2.300,5.587,0.000,0.904,0.000,0.000,8.791,
2026-03-22 09:00:00,Sunday,9,2.088,6.412,0.000,0.000,0.334,1.442,10.276,pompa basenu
2026-03-22 10:00:00,Sunday,10,2.585,4.676,0.000,0.000,0.644,2.486,10.391,pompa basenu
2026-03-22 11:00:00,Sunday,11,2.652,4.630,0.000,0.000,0.589,2.578,10.449,pompa basenu
2026-03-22 12:00:00,Sunday,12,2.392,4.818,0.000,0.000,0.191,1.891,9.292,pompa basenu
2026-03-22 13:00:00,Sunday,13,2.024,5.320,0.000,3.142,0.527,2.337,13.350,pompa basenu
2026-03-22 14:00:00,Sunday,14,2.523,4.931,0.000,0.000,0.288,5.242,12.984,pompa basenu; zmywarka
2026-03-22 15:00:00,Sunday,15,2.746,4.800,0.000,0.000,0.179,1.971,9.696,pompa basenu
2026-03-22 16:00:00,Sunday,16,2.406,4.391,0.000,0.000,0.658,1.760,9.215,pompa basenu
2026-03-22 17:00:00,Sunday,17,3.020,4.437,0.000,6.498,0.683,0.000,14.638,
2026-03-22 18:00:00,Sunday,18,3.015,5.081,0.651,0.000,0.695,0.000,9.442,
2026-03-22 19:00:00,Sunday,19,2.893,5.051,0.260,0.000,0.589,15.882,24.675,sauna
2026-03-22 20:00:00,Sunday,20,2.401,4.542,0.642,0.000,0.637,18.745,26.967,sauna
2026-03-22 21:00:00,Sunday,21,2.866,4.745,0.281,0.000,1.060,15.594,24.546,sauna
2026-03-22 22:00:00,Sunday,22,2.673,4.568,0.223,0.000,0.902,13.696,22.062,ładowanie EV
2026-03-22 23:00:00,Sunday,23,2.744,4.598,0.000,0.000,0.000,15.477,22.819,ładowanie EV
2026-03-23 00:00:00,Monday,0,2.723,4.414,0.000,0.000,0.000,13.910,21.047,ładowanie EV
2026-03-23 01:00:00,Monday,1,2.567,5.433,0.000,0.000,0.000,8.101,16.101,ładowanie EV
2026-03-23 02:00:00,Monday,2,2.910,5.108,0.000,0.000,0.000,9.720,17.738,ładowanie EV
2026-03-23 03:00:00,Monday,3,2.870,5.803,0.000,0.000,0.000,10.042,18.715,ładowanie EV
2026-03-23 04:00:00,Monday,4,2.077,5.575,0.000,0.000,0.000,12.413,20.065,ładowanie EV
2026-03-23 05:00:00,Monday,5,3.070,5.624,0.000,0.000,0.000,15.019,23.713,ładowanie EV
2026-03-23 06:00:00,Monday,6,2.233,5.897,0.248,0.589,0.000,0.000,8.967,
2026-03-23 07:00:00,Monday,7,2.896,6.164,0.000,0.798,0.000,0.000,9.858,
2026-03-23 08:00:00,Monday,8,2.716,5.437,0.000,1.040,0.000,0.000,9.193,
2026-03-23 09:00:00,Monday,9,2.128,6.247,0.000,0.000,0.743,1.957,11.075,praca zdalna; pompa basenu
2026-03-23 10:00:00,Monday,10,2.721,5.387,0.000,0.000,0.787,1.734,10.629,praca zdalna; pompa basenu
2026-03-23 11:00:00,Monday,11,2.482,4.156,0.000,0.000,0.699,2.374,9.711,praca zdalna; pompa basenu
2026-03-23 12:00:00,Monday,12,3.050,4.354,0.000,0.968,0.759,2.220,11.351,praca zdalna; pompa basenu
2026-03-23 13:00:00,Monday,13,2.569,4.664,0.000,0.000,0.538,2.571,10.342,praca zdalna; pompa basenu
2026-03-23 14:00:00,Monday,14,2.850,3.162,0.000,0.000,0.849,2.482,9.343,praca zdalna; pompa basenu
2026-03-23 15:00:00,Monday,15,3.006,2.896,0.000,0.000,1.005,2.226,9.133,praca zdalna; pompa basenu
2026-03-23 16:00:00,Monday,16,2.845,3.386,0.000,0.000,0.794,1.527,8.552,praca zdalna; pompa basenu
2026-03-23 17:00:00,Monday,17,2.206,3.940,0.000,0.000,0.881,0.000,7.027,goście
2026-03-23 18:00:00,Monday,18,2.965,3.951,0.550,8.075,0.547,0.000,16.088,goście
2026-03-23 19:00:00,Monday,19,3.190,4.115,0.557,0.000,1.063,2.015,10.940,goście; zmywarka
2026-03-23 20:00:00,Monday,20,2.638,5.145,0.430,0.000,1.116,0.000,9.329,goście
2026-03-23 21:00:00,Monday,21,2.951,5.444,0.428,0.000,0.672,0.000,9.495,goście
2026-03-23 22:00:00,Monday,22,3.015,4.561,0.191,0.000,0.966,10.877,19.610,ładowanie EV
2026-03-23 23:00:00,Monday,23,1.996,4.050,0.000,0.000,0.000,14.750,20.796,ładowanie EV
2026-03-24 00:00:00,Tuesday,0,1.886,5.504,0.000,0.000,0.000,9.409,16.799,ładowanie EV
2026-03-24 01:00:00,Tuesday,1,2.960,5.380,0.000,0.000,0.000,13.140,21.480,ładowanie EV
2026-03-24 02:00:00,Tuesday,2,1.948,4.892,0.000,0.000,0.000,12.015,18.855,ładowanie EV
2026-03-24 03:00:00,Tuesday,3,2.275,4.920,0.000,0.000,0.000,9.453,16.648,ładowanie EV
2026-03-24 04:00:00,Tuesday,4,1.946,4.671,0.000,0.000,0.000,16.307,22.924,ładowanie EV
2026-03-24 05:00:00,Tuesday,5,1.904,5.237,0.000,0.000,0.000,11.350,18.491,ładowanie EV
2026-03-24 06:00:00,Tuesday,6,2.836,4.667,0.299,1.235,0.000,0.000,9.037,
2026-03-24 07:00:00,Tuesday,7,1.902,4.609,0.000,0.651,0.000,0.000,7.162,
2026-03-24 08:00:00,Tuesday,8,2.302,4.520,0.000,0.731,0.000,0.000,7.553,
2026-03-24 09:00:00,Tuesday,9,2.638,5.642,0.000,0.000,0.478,1.794,10.552,pompa basenu
2026-03-24 10:00:00,Tuesday,10,2.670,5.005,0.000,0.000,0.462,1.506,9.643,pompa basenu
2026-03-24 11:00:00,Tuesday,11,2.176,4.777,0.000,0.000,0.294,2.640,9.887,pompa basenu
2026-03-24 12:00:00,Tuesday,12,2.969,4.312,0.000,0.000,0.455,3.733,11.469,pompa basenu; pralka
2026-03-24 13:00:00,Tuesday,13,2.468,3.455,0.000,1.891,0.402,7.045,15.261,pompa basenu; suszarka
2026-03-24 14:00:00,Tuesday,14,2.498,4.202,0.000,0.000,0.557,1.925,9.182,pompa basenu
2026-03-24 15:00:00,Tuesday,15,2.332,3.404,0.000,0.000,0.423,2.459,8.618,pompa basenu
2026-03-24 16:00:00,Tuesday,16,2.728,3.089,0.000,0.000,0.619,1.527,7.963,pompa basenu
2026-03-24 17:00:00,Tuesday,17,2.877,2.776,0.000,2.861,1.074,0.000,9.588,
2026-03-24 18:00:00,Tuesday,18,2.700,3.261,0.242,0.000,1.182,0.000,7.385,
2026-03-24 19:00:00,Tuesday,19,1.978,3.774,0.603,0.000,0.961,2.178,9.494,zmywarka
2026-03-24 20:00:00,Tuesday,20,2.857,3.289,0.384,0.000,0.968,0.000,7.498,
2026-03-24 21:00:00,Tuesday,21,2.594,3.438,0.402,0.000,0.656,0.000,7.090,
2026-03-24 22:00:00,Tuesday,22,2.792,3.059,0.290,0.000,0.998,9.899,17.038,ładowanie EV
2026-03-24 23:00:00,Tuesday,23,2.077,3.742,0.000,0.000,0.000,10.161,15.980,ładowanie EV
2026-03-25 00:00:00,Wednesday,0,2.104,3.620,0.000,0.000,0.000,11.886,17.610,ładowanie EV
2026-03-25 01:00:00,Wednesday,1,2.077,3.379,0.000,0.000,0.000,12.360,17.816,ładowanie EV
2026-03-25 02:00:00,Wednesday,2,3.061,3.137,0.000,0.000,0.000,8.489,14.687,ładowanie EV
2026-03-25 03:00:00,Wednesday,3,2.861,3.149,0.000,0.000,0.000,9.458,15.468,ładowanie EV
2026-03-25 04:00:00,Wednesday,4,2.995,2.617,0.000,0.000,0.000,15.224,20.836,ładowanie EV
2026-03-25 05:00:00,Wednesday,5,2.498,3.917,0.000,0.000,0.000,14.223,20.638,ładowanie EV
2026-03-25 06:00:00,Wednesday,6,3.110,3.938,0.230,0.938,0.000,0.000,8.216,
2026-03-25 07:00:00,Wednesday,7,1.994,3.416,0.000,1.072,0.000,0.000,6.482,
2026-03-25 08:00:00,Wednesday,8,2.068,4.250,0.000,0.784,0.000,0.000,7.102,
2026-03-25 09:00:00,Wednesday,9,3.077,4.122,0.000,0.000,0.662,1.605,9.466,praca zdalna; pompa basenu
2026-03-25 10:00:00,Wednesday,10,2.990,4.572,0.000,0.000,0.819,1.460,9.841,praca zdalna; pompa basenu
2026-03-25 11:00:00,Wednesday,11,2.801,4.430,0.000,0.000,0.752,2.530,10.513,praca zdalna; pompa basenu
2026-03-25 12:00:00,Wednesday,12,2.210,3.726,0.000,0.000,0.564,1.992,8.492,praca zdalna; pompa basenu
2026-03-25 13:00:00,Wednesday,13,2.496,4.494,0.000,1.953,0.699,1.472,11.114,praca zdalna; pompa basenu
2026-03-25 14:00:00,Wednesday,14,2.109,4.326,0.000,0.000,0.748,1.394,8.577,praca zdalna; pompa basenu
2026-03-25 15:00:00,Wednesday,15,2.923,4.572,0.000,0.000,0.748,2.613,10.856,praca zdalna; pompa basenu
2026-03-25 16:00:00,Wednesday,16,2.229,3.289,0.000,0.000,0.996,2.659,9.173,praca zdalna; pompa basenu
2026-03-25 17:00:00,Wednesday,17,2.972,3.786,0.000,5.479,1.056,0.000,13.293,
2026-03-25 18:00:00,Wednesday,18,2.670,3.878,0.402,0.000,0.543,0.000,7.493,
2026-03-25 19:00:00,Wednesday,19,3.034,5.026,0.557,0.000,0.724,2.095,11.436,zmywarka
2026-03-25 20:00:00,Wednesday,20,2.574,5.322,0.285,0.000,1.208,0.000,9.389,
2026-03-25 21:00:00,Wednesday,21,2.436,4.628,0.446,0.000,1.148,0.000,8.658,
2026-03-25 22:00:00,Wednesday,22,3.107,4.085,0.147,0.000,0.635,8.860,16.834,ładowanie EV
2026-03-25 23:00:00,Wednesday,23,2.785,5.180,0.000,0.000,0.000,10.465,18.430,ładowanie EV
2026-03-26 00:00:00,Thursday,0,2.270,4.487,0.000,0.000,0.000,11.898,18.655,ładowanie EV
2026-03-26 01:00:00,Thursday,1,2.242,5.016,0.000,0.000,0.000,14.140,21.398,ładowanie EV
2026-03-26 02:00:00,Thursday,2,3.188,4.476,0.000,0.000,0.000,9.950,17.614,ładowanie EV
2026-03-26 03:00:00,Thursday,3,3.204,4.743,0.000,0.000,0.000,9.244,17.191,ładowanie EV
2026-03-26 04:00:00,Thursday,4,2.012,5.106,0.000,0.000,0.000,9.478,16.596,ładowanie EV
2026-03-26 05:00:00,Thursday,5,2.640,4.561,0.000,0.000,0.000,16.983,24.184,ładowanie EV
2026-03-26 06:00:00,Thursday,6,2.443,4.692,0.423,0.998,0.000,0.000,8.556,
2026-03-26 07:00:00,Thursday,7,3.162,4.959,0.000,0.982,0.000,0.000,9.103,
2026-03-26 08:00:00,Thursday,8,1.865,4.782,0.000,1.184,0.000,0.000,7.831,
2026-03-26 09:00:00,Thursday,9,2.125,5.545,0.000,0.000,0.412,1.612,9.694,pompa basenu
2026-03-26 10:00:00,Thursday,10,2.893,4.540,0.000,0.000,0.356,2.562,10.351,pompa basenu
2026-03-26 11:00:00,Thursday,11,2.730,4.924,0.000,0.000,0.432,2.082,10.168,pompa basenu
2026-03-26 12:00:00,Thursday,12,2.012,4.805,0.000,0.000,0.276,1.387,8.480,pompa basenu
2026-03-26 13:00:00,Thursday,13,2.440,4.595,0.000,1.191,0.281,2.068,10.575,pompa basenu
2026-03-26 14:00:00,Thursday,14,2.988,3.664,0.000,0.000,0.821,2.284,9.757,pompa basenu
2026-03-26 15:00:00,Thursday,15,1.884,4.370,0.000,0.000,0.632,2.477,9.363,pompa basenu
2026-03-26 16:00:00,Thursday,16,2.360,4.007,0.000,0.000,0.575,2.376,9.318,pompa basenu
2026-03-26 17:00:00,Thursday,17,2.684,4.561,0.000,6.912,0.713,0.000,14.870,
2026-03-26 18:00:00,Thursday,18,3.031,4.060,0.467,0.000,0.945,0.000,8.503,
2026-03-26 19:00:00,Thursday,19,2.185,4.549,0.635,0.000,0.796,2.341,10.506,zmywarka
2026-03-26 20:00:00,Thursday,20,2.850,4.885,0.598,0.000,1.143,0.000,9.476,
2026-03-26 21:00:00,Thursday,21,2.196,4.894,0.534,0.000,0.543,0.000,8.167,
2026-03-26 22:00:00,Thursday,22,2.056,4.529,0.301,0.000,1.178,11.873,19.937,ładowanie EV
2026-03-26 23:00:00,Thursday,23,2.613,5.131,0.000,0.000,0.000,8.503,16.247,ładowanie EV
2026-03-27 00:00:00,Friday,0,2.990,5.989,0.000,0.000,0.000,13.977,22.956,ładowanie EV
2026-03-27 01:00:00,Friday,1,2.240,4.943,0.000,0.000,0.000,10.166,17.349,ładowanie EV
2026-03-27 02:00:00,Friday,2,3.004,5.023,0.000,0.000,0.000,10.500,18.527,ładowanie EV
2026-03-27 03:00:00,Friday,3,2.155,5.354,0.000,0.000,0.000,9.658,17.167,ładowanie EV
2026-03-27 04:00:00,Friday,4,2.719,6.750,0.000,0.000,0.000,15.930,25.399,ładowanie EV
2026-03-27 05:00:00,Friday,5,2.912,6.226,0.000,0.000,0.000,15.417,24.555,ładowanie EV
2026-03-27 06:00:00,Friday,6,1.911,5.876,0.232,1.097,0.000,0.000,9.116,
2026-03-27 07:00:00,Friday,7,3.190,7.765,0.000,1.265,0.000,0.000,12.220,
2026-03-27 08:00:00,Friday,8,2.882,7.682,0.000,1.189,0.000,0.000,11.753,
2026-03-27 09:00:00,Friday,9,2.164,6.723,0.000,0.000,0.603,2.525,12.015,praca zdalna; pompa basenu
2026-03-27 10:00:00,Friday,10,1.893,5.784,0.000,0.000,0.612,1.741,10.030,praca zdalna; pompa basenu
2026-03-27 11:00:00,Friday,11,2.762,4.421,0.000,0.000,0.699,2.645,10.527,praca zdalna; pompa basenu
2026-03-27 12:00:00,Friday,12,2.475,4.549,0.000,1.849,0.920,1.874,11.667,praca zdalna; pompa basenu
2026-03-27 13:00:00,Friday,13,3.183,4.566,0.000,0.000,0.662,2.298,10.709,praca zdalna; pompa basenu
2026-03-27 14:00:00,Friday,14,2.275,3.784,0.000,0.000,0.777,2.045,8.881,praca zdalna; pompa basenu
2026-03-27 15:00:00,Friday,15,2.079,3.786,0.000,0.000,1.180,2.208,9.253,praca zdalna; pompa basenu
2026-03-27 16:00:00,Friday,16,3.006,4.223,0.000,0.000,1.180,1.803,10.212,praca zdalna; pompa basenu
2026-03-27 17:00:00,Friday,17,3.174,3.682,0.000,7.215,0.543,0.000,14.614,
2026-03-27 18:00:00,Friday,18,2.838,3.609,0.485,0.000,0.770,0.000,7.702,
2026-03-27 19:00:00,Friday,19,2.588,4.428,0.451,0.000,1.007,0.000,8.474,
2026-03-27 20:00:00,Friday,20,2.383,4.848,0.283,0.000,0.540,2.578,10.632,zmywarka
2026-03-27 21:00:00,Friday,21,2.843,5.511,0.264,0.000,1.051,0.000,9.669,
2026-03-27 22:00:00,Friday,22,2.615,4.474,0.304,0.000,0.518,14.173,22.084,ładowanie EV
2026-03-27 23:00:00,Friday,23,2.629,5.081,0.000,0.000,0.000,15.382,23.092,ładowanie EV
2026-03-28 00:00:00,Saturday,0,1.863,4.382,0.000,0.000,0.000,8.133,14.378,ładowanie EV
2026-03-28 01:00:00,Saturday,1,2.256,4.871,0.000,0.000,0.000,15.631,22.758,ładowanie EV
2026-03-28 02:00:00,Saturday,2,2.217,4.653,0.000,0.000,0.000,9.285,16.155,ładowanie EV
2026-03-28 03:00:00,Saturday,3,3.176,4.920,0.000,0.000,0.000,13.614,21.710,ładowanie EV
2026-03-28 04:00:00,Saturday,4,1.941,5.216,0.000,0.000,0.000,11.546,18.703,ładowanie EV
2026-03-28 05:00:00,Saturday,5,2.829,4.414,0.000,0.000,0.000,12.839,20.082,ładowanie EV
2026-03-28 06:00:00,Saturday,6,2.705,4.726,0.304,1.026,0.000,0.000,8.761,
2026-03-28 07:00:00,Saturday,7,1.916,5.283,0.000,1.007,0.000,0.000,8.206,
2026-03-28 08:00:00,Saturday,8,2.061,5.863,0.000,0.536,0.000,0.000,8.460,
2026-03-28 09:00:00,Saturday,9,3.218,4.685,0.000,0.000,0.724,3.300,11.927,pompa basenu; pralka
2026-03-28 10:00:00,Saturday,10,2.726,4.618,0.000,0.000,0.405,1.539,9.288,pompa basenu
2026-03-28 11:00:00,Saturday,11,2.042,5.451,0.000,0.000,0.770,2.739,11.002,pompa basenu
2026-03-28 12:00:00,Saturday,12,2.008,4.809,0.000,0.000,0.724,1.477,9.018,pompa basenu
2026-03-28 13:00:00,Saturday,13,2.277,5.444,0.000,1.463,0.414,2.723,12.321,pompa basenu
2026-03-28 14:00:00,Saturday,14,2.730,5.580,0.000,0.000,0.830,5.088,14.228,pompa basenu; zmywarka
2026-03-28 15:00:00,Saturday,15,2.792,4.158,0.000,0.000,0.501,2.160,9.611,pompa basenu
2026-03-28 16:00:00,Saturday,16,2.217,4.920,0.000,0.000,0.568,1.996,9.701,pompa basenu
2026-03-28 17:00:00,Saturday,17,1.966,4.216,0.000,0.000,0.943,0.000,7.125,
2026-03-28 18:00:00,Saturday,18,2.942,4.260,0.660,4.020,0.543,0.000,12.425,
2026-03-28 19:00:00,Saturday,19,2.847,4.878,0.407,0.000,0.752,14.916,23.800,sauna
2026-03-28 20:00:00,Saturday,20,2.272,5.136,0.389,0.000,0.543,19.706,28.046,sauna
2026-03-28 21:00:00,Saturday,21,2.153,4.600,0.490,0.000,1.157,18.464,26.864,sauna
2026-03-28 22:00:00,Saturday,22,2.463,4.545,0.313,0.000,0.998,16.574,24.893,ładowanie EV
2026-03-28 23:00:00,Saturday,23,3.204,5.366,0.000,0.000,0.000,8.878,17.448,ładowanie EV
2026-03-29 00:00:00,Sunday,0,2.171,5.014,0.000,0.000,0.000,10.157,17.342,ładowanie EV
2026-03-29 01:00:00,Sunday,1,2.997,4.904,0.000,0.000,0.000,9.251,17.152,ładowanie EV
2026-03-29 02:00:00,Sunday,2,3.013,4.733,0.000,0.000,0.000,9.754,17.500,ładowanie EV
2026-03-29 03:00:00,Sunday,3,2.617,4.717,0.000,0.000,0.000,13.480,20.814,ładowanie EV
2026-03-29 04:00:00,Sunday,4,2.597,4.913,0.000,0.000,0.000,8.170,15.680,ładowanie EV
2026-03-29 05:00:00,Sunday,5,2.762,6.210,0.000,0.000,0.000,9.904,18.876,ładowanie EV
2026-03-29 06:00:00,Sunday,6,1.840,6.382,0.409,0.941,0.000,0.000,9.572,
2026-03-29 07:00:00,Sunday,7,2.831,7.500,0.000,0.678,0.000,0.000,11.009,
2026-03-29 08:00:00,Sunday,8,2.666,5.948,0.000,0.888,0.000,0.000,9.502,
2026-03-29 09:00:00,Sunday,9,2.919,5.430,0.000,0.000,0.221,1.615,10.185,pompa basenu
2026-03-29 10:00:00,Sunday,10,1.902,5.180,0.000,0.000,0.708,2.346,10.136,pompa basenu
2026-03-29 11:00:00,Sunday,11,2.597,4.566,0.000,0.000,0.807,1.511,9.481,pompa basenu
2026-03-29 12:00:00,Sunday,12,2.040,4.011,0.000,0.000,0.375,1.543,7.969,pompa basenu
2026-03-29 13:00:00,Sunday,13,2.019,3.763,0.000,3.031,0.724,4.793,14.330,pompa basenu; zmywarka
2026-03-29 14:00:00,Sunday,14,2.746,4.080,0.000,0.000,0.685,1.824,9.335,pompa basenu
2026-03-29 15:00:00,Sunday,15,2.755,3.521,0.000,0.000,0.849,1.817,8.942,pompa basenu
2026-03-29 16:00:00,Sunday,16,2.351,4.106,0.000,0.000,0.370,2.518,9.345,pompa basenu
2026-03-29 17:00:00,Sunday,17,2.279,4.575,0.000,3.774,0.973,0.000,11.601,
2026-03-29 18:00:00,Sunday,18,2.190,3.613,0.577,0.000,1.155,0.000,7.535,
2026-03-29 19:00:00,Sunday,19,2.203,4.089,0.564,0.000,0.646,17.860,25.362,sauna
2026-03-29 20:00:00,Sunday,20,2.201,4.089,0.577,0.000,0.635,20.394,27.896,sauna
2026-03-29 21:00:00,Sunday,21,2.792,4.372,0.396,0.000,0.711,18.198,26.469,sauna
2026-03-29 22:00:00,Sunday,22,3.041,4.025,0.239,0.000,0.616,16.063,23.984,ładowanie EV
2026-03-29 23:00:00,Sunday,23,3.153,3.988,0.000,0.000,0.000,11.466,18.607,ładowanie EV
2026-03-30 00:00:00,Monday,0,2.647,4.664,0.000,0.000,0.000,13.036,20.347,ładowanie EV
2026-03-30 01:00:00,Monday,1,2.818,4.306,0.000,0.000,0.000,14.570,21.694,ładowanie EV
2026-03-30 02:00:00,Monday,2,3.181,4.423,0.000,0.000,0.000,10.384,17.988,ładowanie EV
2026-03-30 03:00:00,Monday,3,3.220,4.411,0.000,0.000,0.000,9.345,16.976,ładowanie EV
2026-03-30 04:00:00,Monday,4,2.944,4.046,0.000,0.000,0.000,8.441,15.431,ładowanie EV
2026-03-30 05:00:00,Monday,5,2.939,4.545,0.000,0.000,0.000,14.258,21.742,ładowanie EV
2026-03-30 06:00:00,Monday,6,2.107,4.726,0.407,0.805,0.000,0.000,8.045,
2026-03-30 07:00:00,Monday,7,3.050,5.515,0.000,1.143,0.000,0.000,9.708,
2026-03-30 08:00:00,Monday,8,2.884,5.122,0.000,1.272,0.000,0.000,9.278,
2026-03-30 09:00:00,Monday,9,2.314,6.665,0.000,0.000,0.458,1.957,11.394,pompa basenu
2026-03-30 10:00:00,Monday,10,1.898,4.634,0.000,0.000,0.400,2.261,9.193,pompa basenu
2026-03-30 11:00:00,Monday,11,2.974,4.462,0.000,0.000,0.416,2.705,10.557,pompa basenu
2026-03-30 12:00:00,Monday,12,2.592,4.080,0.000,1.467,0.343,1.960,10.442,pompa basenu
2026-03-30 13:00:00,Monday,13,2.019,4.078,0.000,0.000,0.405,1.824,8.326,pompa basenu
2026-03-30 14:00:00,Monday,14,2.026,4.625,0.000,0.000,0.860,3.641,11.152,pompa basenu; pralka
2026-03-30 15:00:00,Monday,15,3.140,4.204,0.000,0.000,0.743,1.930,10.017,pompa basenu
2026-03-30 16:00:00,Monday,16,1.944,3.779,0.000,0.000,0.492,2.528,8.743,pompa basenu
2026-03-30 17:00:00,Monday,17,2.459,3.997,0.000,0.000,0.534,0.000,6.990,goście
2026-03-30 18:00:00,Monday,18,2.629,3.558,0.660,5.341,0.856,0.000,13.044,goście
2026-03-30 19:00:00,Monday,19,2.445,4.956,0.442,0.000,1.037,0.000,8.880,goście
2026-03-30 20:00:00,Monday,20,3.121,4.041,0.276,0.000,0.591,2.215,10.244,goście; zmywarka
2026-03-30 21:00:00,Monday,21,2.100,4.637,0.264,0.000,0.991,0.000,7.992,goście
2026-03-30 22:00:00,Monday,22,2.972,4.326,0.218,0.000,0.890,12.047,20.453,ładowanie EV
2026-03-30 23:00:00,Monday,23,2.045,5.118,0.000,0.000,0.000,15.730,22.893,ładowanie EV
2026-03-31 00:00:00,Tuesday,0,2.700,4.761,0.000,0.000,0.000,14.922,22.383,ładowanie EV
2026-03-31 01:00:00,Tuesday,1,2.325,4.784,0.000,0.000,0.000,8.715,15.824,ładowanie EV
2026-03-31 02:00:00,Tuesday,2,2.769,4.980,0.000,0.000,0.000,8.282,16.031,ładowanie EV
2026-03-31 03:00:00,Tuesday,3,2.728,5.060,0.000,0.000,0.000,15.553,23.341,ładowanie EV
2026-03-31 04:00:00,Tuesday,4,2.714,5.136,0.000,0.000,0.000,14.874,22.724,ładowanie EV
2026-03-31 05:00:00,Tuesday,5,2.125,4.168,0.000,0.000,0.000,15.396,21.689,ładowanie EV
2026-03-31 06:00:00,Tuesday,6,2.169,4.701,0.182,0.899,0.000,0.000,7.951,
2026-03-31 07:00:00,Tuesday,7,3.002,4.616,0.000,1.322,0.000,0.000,8.940,
2026-03-31 08:00:00,Tuesday,8,1.870,5.527,0.000,1.235,0.000,0.000,8.632,
2026-03-31 09:00:00,Tuesday,9,2.141,4.248,0.000,0.000,0.485,2.314,9.188,pompa basenu
2026-03-31 10:00:00,Tuesday,10,3.165,3.724,0.000,0.000,0.317,1.442,8.648,pompa basenu
2026-03-31 11:00:00,Tuesday,11,2.226,3.910,0.000,0.000,0.455,1.610,8.201,pompa basenu
2026-03-31 12:00:00,Tuesday,12,2.928,4.156,0.000,0.000,0.515,1.403,9.002,pompa basenu
2026-03-31 13:00:00,Tuesday,13,2.827,3.340,0.000,1.329,0.375,1.787,9.658,pompa basenu
2026-03-31 14:00:00,Tuesday,14,2.622,3.524,0.000,0.000,0.805,1.856,8.807,pompa basenu
2026-03-31 15:00:00,Tuesday,15,1.971,3.512,0.000,0.000,0.757,2.650,8.890,pompa basenu
2026-03-31 16:00:00,Tuesday,16,1.902,3.238,0.000,0.000,0.821,1.394,7.355,pompa basenu
2026-03-31 17:00:00,Tuesday,17,3.008,3.956,0.000,3.381,0.690,0.000,11.035,
2026-03-31 18:00:00,Tuesday,18,1.845,3.924,0.623,0.000,0.681,0.000,7.073,
2026-03-31 19:00:00,Tuesday,19,3.197,4.641,0.513,0.000,1.067,0.000,9.418,
2026-03-31 20:00:00,Tuesday,20,3.158,3.726,0.499,0.000,0.699,2.597,10.679,zmywarka
2026-03-31 21:00:00,Tuesday,21,1.992,5.127,0.274,0.000,1.079,0.000,8.472,
2026-03-31 22:00:00,Tuesday,22,2.702,4.271,0.267,0.000,1.067,10.923,19.230,ładowanie EV
2026-03-31 23:00:00,Tuesday,23,3.089,5.074,0.000,0.000,0.000,9.830,17.993,ładowanie EV
2026-04-01 00:00:00,Wednesday,0,2.808,4.980,0.000,0.000,0.000,14.115,21.903,ładowanie EV
2026-04-01 01:00:00,Wednesday,1,2.491,5.285,0.000,0.000,0.000,9.786,17.562,ładowanie EV
2026-04-01 02:00:00,Wednesday,2,2.210,5.732,0.000,0.000,0.000,14.267,22.209,ładowanie EV
2026-04-01 03:00:00,Wednesday,3,2.277,6.203,0.000,0.000,0.000,12.724,21.204,ładowanie EV
2026-04-01 04:00:00,Wednesday,4,2.689,5.060,0.000,0.000,0.000,11.194,18.943,ładowanie EV
2026-04-01 05:00:00,Wednesday,5,2.180,6.491,0.000,0.000,0.000,13.089,21.760,ładowanie EV
2026-04-01 06:00:00,Wednesday,6,3.146,7.753,0.000,1.104,0.000,0.000,12.003,
2026-04-01 07:00:00,Wednesday,7,2.420,6.774,0.000,1.286,0.000,0.000,10.480,
2026-04-01 08:00:00,Wednesday,8,3.156,5.426,0.000,0.800,0.000,0.000,9.382,
2026-04-01 09:00:00,Wednesday,9,1.944,4.906,0.000,0.000,0.444,1.576,8.870,pompa basenu
2026-04-01 10:00:00,Wednesday,10,2.123,4.628,0.000,0.000,0.405,1.626,8.782,pompa basenu
2026-04-01 11:00:00,Wednesday,11,2.380,4.973,0.000,0.000,0.451,1.826,9.630,pompa basenu
2026-04-01 12:00:00,Wednesday,12,2.001,3.949,0.000,0.000,0.347,2.008,8.305,pompa basenu
2026-04-01 13:00:00,Wednesday,13,2.680,4.140,0.000,1.576,0.474,1.612,10.482,pompa basenu
2026-04-01 14:00:00,Wednesday,14,2.516,3.484,0.000,0.000,0.534,2.475,9.009,pompa basenu
2026-04-01 15:00:00,Wednesday,15,3.022,4.165,0.000,0.000,0.543,2.199,9.929,pompa basenu
2026-04-01 16:00:00,Wednesday,16,2.199,4.174,0.000,0.000,0.327,1.886,8.586,pompa basenu
2026-04-01 17:00:00,Wednesday,17,1.939,3.080,0.000,0.000,0.973,0.000,5.992,
2026-04-01 18:00:00,Wednesday,18,2.452,3.195,0.000,2.716,1.116,0.000,9.479,
2026-04-01 19:00:00,Wednesday,19,2.033,3.294,0.000,0.000,1.058,0.000,6.385,
2026-04-01 20:00:00,Wednesday,20,2.321,3.931,0.262,0.000,0.975,2.569,10.058,zmywarka
2026-04-01 21:00:00,Wednesday,21,2.489,4.738,0.239,0.000,1.198,0.000,8.664,
2026-04-01 22:00:00,Wednesday,22,3.114,3.698,0.205,0.000,0.559,13.455,21.031,ładowanie EV
2026-04-01 23:00:00,Wednesday,23,3.144,4.922,0.000,0.000,0.000,9.750,17.816,ładowanie EV
2026-04-02 00:00:00,Thursday,0,2.456,3.922,0.000,0.000,0.000,14.386,20.764,ładowanie EV
2026-04-02 01:00:00,Thursday,1,1.900,4.697,0.000,0.000,0.000,12.898,19.495,ładowanie EV
2026-04-02 02:00:00,Thursday,2,2.850,5.235,0.000,0.000,0.000,12.735,20.820,ładowanie EV
2026-04-02 03:00:00,Thursday,3,2.367,5.313,0.000,0.000,0.000,15.571,23.251,ładowanie EV
2026-04-02 04:00:00,Thursday,4,1.990,5.292,0.000,0.000,0.000,8.650,15.932,ładowanie EV
2026-04-02 05:00:00,Thursday,5,2.344,4.929,0.000,0.000,0.000,14.324,21.597,ładowanie EV
2026-04-02 06:00:00,Thursday,6,2.015,6.488,0.000,1.164,0.000,0.000,9.667,
2026-04-02 07:00:00,Thursday,7,2.507,4.991,0.000,0.881,0.000,0.000,8.379,
2026-04-02 08:00:00,Thursday,8,1.888,4.950,0.000,0.862,0.000,0.000,7.700,
2026-04-02 09:00:00,Thursday,9,1.964,4.747,0.000,0.000,0.400,2.231,9.342,pompa basenu
2026-04-02 10:00:00,Thursday,10,2.139,4.655,0.000,0.000,0.396,2.371,9.561,pompa basenu
2026-04-02 11:00:00,Thursday,11,2.507,4.641,0.000,0.000,0.320,2.532,10.000,pompa basenu
2026-04-02 12:00:00,Thursday,12,2.406,3.429,0.000,1.983,0.299,1.541,9.658,pompa basenu
2026-04-02 13:00:00,Thursday,13,2.723,3.530,0.000,0.000,0.396,1.644,8.293,pompa basenu
2026-04-02 14:00:00,Thursday,14,2.629,4.296,0.000,0.000,0.492,2.668,10.085,pompa basenu
2026-04-02 15:00:00,Thursday,15,3.190,3.965,0.000,0.000,0.361,2.627,10.143,pompa basenu
2026-04-02 16:00:00,Thursday,16,2.521,3.498,0.000,0.000,0.685,2.185,8.889,pompa basenu
2026-04-02 17:00:00,Thursday,17,2.456,3.961,0.000,0.000,0.547,0.000,6.964,
2026-04-02 18:00:00,Thursday,18,3.128,4.112,0.000,3.673,0.711,0.000,11.624,
2026-04-02 19:00:00,Thursday,19,2.305,3.241,0.000,0.000,0.573,1.964,8.083,zmywarka
2026-04-02 20:00:00,Thursday,20,3.114,4.170,0.501,0.000,0.948,0.000,8.733,
2026-04-02 21:00:00,Thursday,21,2.762,3.616,0.368,0.000,0.846,0.000,7.592,
2026-04-02 22:00:00,Thursday,22,2.394,3.508,0.207,0.000,0.938,13.168,20.215,ładowanie EV
2026-04-02 23:00:00,Thursday,23,2.668,3.951,0.000,0.000,0.000,8.657,15.276,ładowanie EV
2026-04-03 00:00:00,Friday,0,2.206,4.138,0.000,0.000,0.000,8.241,14.585,ładowanie EV
2026-04-03 01:00:00,Friday,1,2.079,5.656,0.000,0.000,0.000,10.769,18.504,ładowanie EV
2026-04-03 02:00:00,Friday,2,2.827,5.189,0.000,0.000,0.000,12.960,20.976,ładowanie EV
2026-04-03 03:00:00,Friday,3,2.079,5.842,0.000,0.000,0.000,10.575,18.496,ładowanie EV
2026-04-03 04:00:00,Friday,4,3.073,5.575,0.000,0.000,0.000,15.507,24.155,ładowanie EV
2026-04-03 05:00:00,Friday,5,2.180,5.120,0.000,0.000,0.000,10.297,17.597,ładowanie EV
2026-04-03 06:00:00,Friday,6,2.128,5.681,0.306,0.759,0.000,0.000,8.874,
2026-04-03 07:00:00,Friday,7,2.574,4.807,0.000,0.968,0.000,0.000,8.349,
2026-04-03 08:00:00,Friday,8,2.967,5.242,0.000,1.359,0.000,0.000,9.568,
2026-04-03 09:00:00,Friday,9,3.043,5.764,0.000,0.000,0.294,2.739,11.840,pompa basenu
2026-04-03 10:00:00,Friday,10,2.466,5.348,0.000,0.000,0.492,2.279,10.585,pompa basenu
2026-04-03 11:00:00,Friday,11,2.358,5.281,0.000,0.000,0.317,2.220,10.176,pompa basenu
2026-04-03 12:00:00,Friday,12,3.110,4.232,0.000,0.904,0.409,1.546,10.201,pompa basenu
2026-04-03 13:00:00,Friday,13,1.969,5.039,0.000,0.000,0.513,1.852,9.373,pompa basenu
2026-04-03 14:00:00,Friday,14,2.484,4.897,0.000,0.000,0.697,1.431,9.509,pompa basenu
2026-04-03 15:00:00,Friday,15,1.881,4.660,0.000,0.000,0.853,2.608,10.002,pompa basenu
2026-04-03 16:00:00,Friday,16,2.217,3.666,0.000,0.000,0.621,2.472,8.976,pompa basenu
2026-04-03 17:00:00,Friday,17,2.348,3.940,0.000,0.000,0.803,0.000,7.091,
2026-04-03 18:00:00,Friday,18,2.790,4.595,0.000,7.737,0.932,0.000,16.054,
2026-04-03 19:00:00,Friday,19,1.863,4.211,0.000,0.000,0.575,0.000,6.649,
2026-04-03 20:00:00,Friday,20,3.206,5.083,0.543,0.000,0.768,2.562,12.162,zmywarka
2026-04-03 21:00:00,Friday,21,3.149,4.384,0.683,0.000,1.067,0.000,9.283,
2026-04-03 22:00:00,Friday,22,2.433,4.639,0.232,0.000,0.927,16.376,24.607,ładowanie EV
2026-04-03 23:00:00,Friday,23,2.594,3.726,0.000,0.000,0.000,16.696,23.016,ładowanie EV
2026-04-04 00:00:00,Saturday,0,2.650,3.609,0.000,0.000,0.000,12.586,18.845,ładowanie EV
2026-04-04 01:00:00,Saturday,1,2.769,3.685,0.000,0.000,0.000,16.684,23.138,ładowanie EV
2026-04-04 02:00:00,Saturday,2,1.983,3.551,0.000,0.000,0.000,14.768,20.302,ładowanie EV
2026-04-04 03:00:00,Saturday,3,2.620,3.365,0.000,0.000,0.000,13.834,19.819,ładowanie EV
2026-04-04 04:00:00,Saturday,4,2.735,3.682,0.000,0.000,0.000,9.218,15.635,ładowanie EV
2026-04-04 05:00:00,Saturday,5,1.916,2.962,0.000,0.000,0.000,14.331,19.209,ładowanie EV
2026-04-04 06:00:00,Saturday,6,2.742,3.687,0.000,0.934,0.000,0.000,7.363,
2026-04-04 07:00:00,Saturday,7,2.859,4.025,0.000,1.178,0.000,0.000,8.062,
2026-04-04 08:00:00,Saturday,8,1.849,4.726,0.000,1.021,0.000,0.000,7.596,
2026-04-04 09:00:00,Saturday,9,2.413,4.547,0.000,0.000,0.430,1.585,8.975,pompa basenu
2026-04-04 10:00:00,Saturday,10,2.247,4.250,0.000,0.000,0.460,2.627,9.584,pompa basenu
2026-04-04 11:00:00,Saturday,11,2.447,4.004,0.000,0.000,0.545,4.400,11.396,pompa basenu; pralka
2026-04-04 12:00:00,Saturday,12,1.927,3.358,0.000,0.000,0.511,2.058,7.854,pompa basenu
2026-04-04 13:00:00,Saturday,13,3.073,3.015,0.000,3.137,0.524,1.934,11.683,pompa basenu
2026-04-04 14:00:00,Saturday,14,2.121,3.176,0.000,0.000,0.267,2.551,8.115,pompa basenu
2026-04-04 15:00:00,Saturday,15,3.114,2.818,0.000,0.000,0.853,2.305,9.090,pompa basenu
2026-04-04 16:00:00,Saturday,16,2.417,3.388,0.000,0.000,0.796,2.496,9.097,pompa basenu
2026-04-04 17:00:00,Saturday,17,3.213,3.574,0.000,0.000,0.773,0.000,7.560,
2026-04-04 18:00:00,Saturday,18,2.208,3.639,0.000,5.957,0.727,0.000,12.531,
2026-04-04 19:00:00,Saturday,19,2.040,4.165,0.000,0.000,0.644,20.656,27.505,sauna
2026-04-04 20:00:00,Saturday,20,3.179,4.533,0.338,0.000,0.849,19.442,28.341,sauna
2026-04-04 21:00:00,Saturday,21,1.874,3.731,0.235,0.000,0.757,15.162,21.759,sauna
2026-04-04 22:00:00,Saturday,22,2.344,4.600,0.324,0.000,1.072,16.935,25.275,ładowanie EV
2026-04-04 23:00:00,Saturday,23,2.305,4.892,0.000,0.000,0.000,14.656,21.853,ładowanie EV
2026-04-05 00:00:00,Sunday,0,3.126,4.223,0.000,0.000,0.000,13.503,20.852,ładowanie EV
2026-04-05 01:00:00,Sunday,1,2.836,4.614,0.000,0.000,0.000,11.282,18.732,ładowanie EV
2026-04-05 02:00:00,Sunday,2,2.827,4.071,0.000,0.000,0.000,8.609,15.507,ładowanie EV
2026-04-05 03:00:00,Sunday,3,2.222,4.674,0.000,0.000,0.000,13.179,20.075,ładowanie EV
2026-04-05 04:00:00,Sunday,4,3.105,4.119,0.000,0.000,0.000,14.840,22.064,ładowanie EV
2026-04-05 05:00:00,Sunday,5,2.960,4.441,0.000,0.000,0.000,8.321,15.722,ładowanie EV
2026-04-05 06:00:00,Sunday,6,2.797,4.867,0.168,0.752,0.000,0.000,8.584,
2026-04-05 07:00:00,Sunday,7,2.818,3.756,0.000,1.180,0.000,0.000,7.754,
2026-04-05 08:00:00,Sunday,8,2.012,3.696,0.000,1.017,0.000,0.000,6.725,
2026-04-05 09:00:00,Sunday,9,3.043,3.475,0.000,0.000,0.444,2.518,9.480,pompa basenu
2026-04-05 10:00:00,Sunday,10,2.047,2.714,0.000,0.000,0.715,1.704,7.180,pompa basenu
2026-04-05 11:00:00,Sunday,11,2.426,2.684,0.000,0.000,0.522,1.971,7.603,pompa basenu
2026-04-05 12:00:00,Sunday,12,2.095,2.569,0.000,0.000,0.455,1.458,6.577,pompa basenu
2026-04-05 13:00:00,Sunday,13,2.631,2.946,0.000,1.090,0.614,1.690,8.971,pompa basenu
2026-04-05 14:00:00,Sunday,14,2.594,2.847,0.000,0.000,0.846,3.335,9.622,pompa basenu; zmywarka
2026-04-05 15:00:00,Sunday,15,2.942,3.020,0.000,0.000,0.612,1.458,8.032,pompa basenu
2026-04-05 16:00:00,Sunday,16,3.190,3.167,0.000,0.000,0.405,1.546,8.308,pompa basenu
2026-04-05 17:00:00,Sunday,17,3.082,2.907,0.000,2.647,1.113,0.000,9.749,
2026-04-05 18:00:00,Sunday,18,2.578,3.158,0.000,0.000,0.991,0.000,6.727,
2026-04-05 19:00:00,Sunday,19,2.629,3.728,0.000,0.000,0.543,19.145,26.045,sauna
2026-04-05 20:00:00,Sunday,20,1.854,3.951,0.398,0.000,0.911,14.722,21.836,sauna
2026-04-05 21:00:00,Sunday,21,2.240,4.416,0.662,0.000,0.867,16.031,24.216,sauna
2026-04-05 22:00:00,Sunday,22,2.226,4.135,0.269,0.000,0.596,10.320,17.546,ładowanie EV
2026-04-05 23:00:00,Sunday,23,2.486,3.721,0.000,0.000,0.000,9.444,15.651,ładowanie EV
2026-04-06 00:00:00,Monday,0,2.068,3.984,0.000,0.000,0.000,16.222,22.274,ładowanie EV
2026-04-06 01:00:00,Monday,1,2.804,4.220,0.000,0.000,0.000,10.056,17.080,ładowanie EV
2026-04-06 02:00:00,Monday,2,3.100,4.602,0.000,0.000,0.000,12.464,20.166,ładowanie EV
2026-04-06 03:00:00,Monday,3,2.712,5.014,0.000,0.000,0.000,10.435,18.161,ładowanie EV
2026-04-06 04:00:00,Monday,4,2.864,3.979,0.000,0.000,0.000,11.930,18.773,ładowanie EV
2026-04-06 05:00:00,Monday,5,1.957,4.393,0.000,0.000,0.000,14.469,20.819,ładowanie EV
2026-04-06 06:00:00,Monday,6,3.031,4.789,0.000,0.653,0.000,0.000,8.473,
2026-04-06 07:00:00,Monday,7,1.992,5.803,0.000,0.899,0.000,0.000,8.694,
2026-04-06 08:00:00,Monday,8,3.034,4.559,0.000,0.616,0.000,0.000,8.209,
2026-04-06 09:00:00,Monday,9,2.344,4.917,0.000,0.000,0.428,2.144,9.833,pompa basenu
2026-04-06 10:00:00,Monday,10,2.001,4.361,0.000,0.000,0.373,2.068,8.803,pompa basenu
2026-04-06 11:00:00,Monday,11,3.128,4.096,0.000,0.000,0.370,1.808,9.402,pompa basenu
2026-04-06 12:00:00,Monday,12,2.960,3.496,0.000,0.000,0.499,2.383,9.338,pompa basenu
2026-04-06 13:00:00,Monday,13,3.162,4.122,0.000,0.773,0.285,1.902,10.244,pompa basenu
2026-04-06 14:00:00,Monday,14,2.560,3.186,0.000,0.000,0.522,2.058,8.326,pompa basenu
2026-04-06 15:00:00,Monday,15,2.811,3.344,0.000,0.000,0.384,1.971,8.510,pompa basenu
2026-04-06 16:00:00,Monday,16,3.162,3.314,0.000,0.000,0.276,2.746,9.498,pompa basenu
2026-04-06 17:00:00,Monday,17,2.054,3.524,0.000,3.641,0.994,0.000,10.213,
2026-04-06 18:00:00,Monday,18,2.748,3.871,0.000,0.000,0.994,0.000,7.613,
2026-04-06 19:00:00,Monday,19,2.118,4.064,0.000,0.000,0.840,2.466,9.488,zmywarka
2026-04-06 20:00:00,Monday,20,2.213,4.260,0.465,0.000,0.814,0.000,7.752,
2026-04-06 21:00:00,Monday,21,2.190,4.464,0.511,0.000,0.568,0.000,7.733,
2026-04-06 22:00:00,Monday,22,1.999,4.414,0.345,0.000,1.065,11.052,18.875,ładowanie EV
2026-04-06 23:00:00,Monday,23,2.445,4.220,0.000,0.000,0.000,11.028,17.693,ładowanie EV
2026-04-07 00:00:00,Tuesday,0,2.463,3.919,0.000,0.000,0.000,16.102,22.484,ładowanie EV
2026-04-07 01:00:00,Tuesday,1,1.957,4.398,0.000,0.000,0.000,8.319,14.674,ładowanie EV
2026-04-07 02:00:00,Tuesday,2,3.165,4.276,0.000,0.000,0.000,8.262,15.703,ładowanie EV
2026-04-07 03:00:00,Tuesday,3,3.089,4.168,0.000,0.000,0.000,15.875,23.132,ładowanie EV
2026-04-07 04:00:00,Tuesday,4,2.164,4.476,0.000,0.000,0.000,10.904,17.544,ładowanie EV
2026-04-07 05:00:00,Tuesday,5,2.047,5.499,0.000,0.000,0.000,15.808,23.354,ładowanie EV
2026-04-07 06:00:00,Tuesday,6,2.249,5.391,0.000,0.757,0.000,0.000,8.397,
2026-04-07 07:00:00,Tuesday,7,2.475,5.237,0.000,1.033,0.000,0.000,8.745,
2026-04-07 08:00:00,Tuesday,8,1.858,4.775,0.000,1.182,0.000,0.000,7.815,
2026-04-07 09:00:00,Tuesday,9,2.636,4.568,0.000,0.000,0.285,2.220,9.709,pompa basenu
2026-04-07 10:00:00,Tuesday,10,2.514,3.806,0.000,0.000,0.423,4.036,10.779,pompa basenu; pralka
2026-04-07 11:00:00,Tuesday,11,2.167,3.388,0.000,0.000,0.338,2.542,8.435,pompa basenu
2026-04-07 12:00:00,Tuesday,12,2.666,3.595,0.000,0.000,0.373,2.617,9.251,pompa basenu
2026-04-07 13:00:00,Tuesday,13,2.769,3.450,0.000,1.451,0.334,2.236,10.240,pompa basenu
2026-04-07 14:00:00,Tuesday,14,2.380,2.723,0.000,0.000,0.621,1.530,7.254,pompa basenu
2026-04-07 15:00:00,Tuesday,15,2.008,3.530,0.000,0.000,0.476,2.597,8.611,pompa basenu
2026-04-07 16:00:00,Tuesday,16,2.898,3.413,0.000,0.000,0.430,2.132,8.873,pompa basenu
2026-04-07 17:00:00,Tuesday,17,2.252,3.202,0.000,0.000,1.000,0.000,6.454,goście
2026-04-07 18:00:00,Tuesday,18,2.236,3.392,0.000,5.759,0.734,0.000,12.121,goście
2026-04-07 19:00:00,Tuesday,19,2.068,4.522,0.000,0.000,0.819,0.000,7.409,goście
2026-04-07 20:00:00,Tuesday,20,3.167,4.547,0.545,0.000,1.076,2.576,11.911,goście; zmywarka
2026-04-07 21:00:00,Tuesday,21,2.493,5.377,0.584,0.000,0.619,0.000,9.073,goście
2026-04-07 22:00:00,Tuesday,22,2.746,4.600,0.237,0.000,1.113,13.232,21.928,ładowanie EV
2026-04-07 23:00:00,Tuesday,23,2.190,4.731,0.000,0.000,0.000,12.498,19.419,ładowanie EV
2026-04-08 00:00:00,Wednesday,0,2.737,3.984,0.000,0.000,0.000,13.933,20.654,ładowanie EV
2026-04-08 01:00:00,Wednesday,1,2.735,4.464,0.000,0.000,0.000,14.994,22.193,ładowanie EV
2026-04-08 02:00:00,Wednesday,2,2.137,4.085,0.000,0.000,0.000,11.456,17.678,ładowanie EV
2026-04-08 03:00:00,Wednesday,3,1.902,5.230,0.000,0.000,0.000,16.358,23.490,ładowanie EV
2026-04-08 04:00:00,Wednesday,4,2.233,5.658,0.000,0.000,0.000,15.914,23.805,ładowanie EV
2026-04-08 05:00:00,Wednesday,5,3.234,4.499,0.000,0.000,0.000,11.847,19.580,ładowanie EV
2026-04-08 06:00:00,Wednesday,6,2.088,6.431,0.000,0.766,0.000,0.000,9.285,
2026-04-08 07:00:00,Wednesday,7,1.941,5.840,0.000,0.644,0.000,0.000,8.425,
2026-04-08 08:00:00,Wednesday,8,3.195,5.998,0.000,0.699,0.000,0.000,9.892,
2026-04-08 09:00:00,Wednesday,9,2.155,4.940,0.000,0.000,0.504,2.272,9.871,pompa basenu
2026-04-08 10:00:00,Wednesday,10,2.801,4.179,0.000,0.000,0.363,1.697,9.040,pompa basenu
2026-04-08 11:00:00,Wednesday,11,3.004,3.652,0.000,0.000,0.446,2.758,9.860,pompa basenu
2026-04-08 12:00:00,Wednesday,12,2.840,3.192,0.000,0.000,0.451,2.160,8.643,pompa basenu
2026-04-08 13:00:00,Wednesday,13,2.107,3.275,0.000,1.488,0.426,2.452,9.748,pompa basenu
2026-04-08 14:00:00,Wednesday,14,1.891,2.502,0.000,0.000,0.731,2.730,7.854,pompa basenu
2026-04-08 15:00:00,Wednesday,15,3.027,2.682,0.000,0.000,0.343,2.167,8.219,pompa basenu
2026-04-08 16:00:00,Wednesday,16,2.507,2.564,0.000,0.000,0.724,2.404,8.199,pompa basenu
2026-04-08 17:00:00,Wednesday,17,2.601,2.686,0.000,3.402,0.734,0.000,9.423,
2026-04-08 18:00:00,Wednesday,18,2.220,4.145,0.000,0.000,0.605,0.000,6.970,
2026-04-08 19:00:00,Wednesday,19,2.102,4.414,0.000,0.000,0.941,0.000,7.457,
2026-04-08 20:00:00,Wednesday,20,2.452,4.106,0.264,0.000,0.945,1.870,9.637,zmywarka
2026-04-08 21:00:00,Wednesday,21,3.160,5.196,0.656,0.000,0.849,0.000,9.861,
2026-04-08 22:00:00,Wednesday,22,2.581,4.848,0.244,0.000,0.752,14.736,23.161,ładowanie EV
2026-04-08 23:00:00,Wednesday,23,2.974,4.147,0.000,0.000,0.000,16.434,23.555,ładowanie EV
2026-04-09 00:00:00,Thursday,0,2.245,4.959,0.000,0.000,0.000,12.445,19.649,ładowanie EV
2026-04-09 01:00:00,Thursday,1,2.824,4.547,0.000,0.000,0.000,14.573,21.944,ładowanie EV
2026-04-09 02:00:00,Thursday,2,3.068,5.161,0.000,0.000,0.000,16.896,25.125,ładowanie EV
2026-04-09 03:00:00,Thursday,3,1.920,4.846,0.000,0.000,0.000,12.572,19.338,ładowanie EV
2026-04-09 04:00:00,Thursday,4,2.162,5.709,0.000,0.000,0.000,9.807,17.678,ładowanie EV
2026-04-09 05:00:00,Thursday,5,2.500,4.883,0.000,0.000,0.000,15.352,22.735,ładowanie EV
2026-04-09 06:00:00,Thursday,6,2.010,6.599,0.281,0.639,0.000,0.000,9.529,
2026-04-09 07:00:00,Thursday,7,2.217,6.636,0.000,0.612,0.000,0.000,9.465,
2026-04-09 08:00:00,Thursday,8,3.080,5.959,0.000,1.293,0.000,0.000,10.332,
2026-04-09 09:00:00,Thursday,9,2.394,5.414,0.000,0.000,0.492,2.277,10.577,pompa basenu
2026-04-09 10:00:00,Thursday,10,2.093,5.315,0.000,0.000,0.478,1.782,9.668,pompa basenu
2026-04-09 11:00:00,Thursday,11,3.202,5.009,0.000,0.000,0.478,1.702,10.391,pompa basenu
2026-04-09 12:00:00,Thursday,12,2.196,4.687,0.000,1.842,0.283,2.180,11.188,pompa basenu
2026-04-09 13:00:00,Thursday,13,2.302,4.080,0.000,0.000,0.345,2.502,9.229,pompa basenu
2026-04-09 14:00:00,Thursday,14,3.140,4.103,0.000,0.000,0.451,2.707,10.401,pompa basenu
2026-04-09 15:00:00,Thursday,15,2.321,5.232,0.000,0.000,0.483,1.649,9.685,pompa basenu
2026-04-09 16:00:00,Thursday,16,2.539,4.906,0.000,0.000,0.382,2.167,9.994,pompa basenu
2026-04-09 17:00:00,Thursday,17,2.585,4.016,0.000,10.904,1.017,0.000,18.522,goście
2026-04-09 18:00:00,Thursday,18,2.659,4.934,0.000,0.000,0.561,0.000,8.154,goście
2026-04-09 19:00:00,Thursday,19,2.397,5.129,0.000,0.000,0.729,2.068,10.323,goście; zmywarka
2026-04-09 20:00:00,Thursday,20,2.385,5.170,0.313,0.000,0.888,0.000,8.756,goście
2026-04-09 21:00:00,Thursday,21,1.950,6.504,0.612,0.000,0.748,0.000,9.814,goście
2026-04-09 22:00:00,Thursday,22,2.581,6.350,0.230,0.000,1.164,12.452,22.777,ładowanie EV
2026-04-09 23:00:00,Thursday,23,2.772,6.419,0.000,0.000,0.000,12.254,21.445,ładowanie EV
2026-04-10 00:00:00,Friday,0,1.865,5.193,0.000,0.000,0.000,15.290,22.348,ładowanie EV
2026-04-10 01:00:00,Friday,1,2.721,6.054,0.000,0.000,0.000,11.537,20.312,ładowanie EV
2026-04-10 02:00:00,Friday,2,2.569,6.192,0.000,0.000,0.000,13.310,22.071,ładowanie EV
2026-04-10 03:00:00,Friday,3,2.164,5.718,0.000,0.000,0.000,8.275,16.157,ładowanie EV
2026-04-10 04:00:00,Friday,4,2.245,5.844,0.000,0.000,0.000,8.068,16.157,ładowanie EV
2026-04-10 05:00:00,Friday,5,2.730,6.438,0.000,0.000,0.000,10.946,20.114,ładowanie EV
2026-04-10 06:00:00,Friday,6,2.972,5.336,0.329,1.132,0.000,0.000,9.769,
2026-04-10 07:00:00,Friday,7,2.183,6.173,0.000,0.837,0.000,0.000,9.193,
2026-04-10 08:00:00,Friday,8,2.696,5.782,0.000,1.090,0.000,0.000,9.568,
2026-04-10 09:00:00,Friday,9,2.489,5.237,0.000,0.000,0.343,2.026,10.095,pompa basenu
2026-04-10 10:00:00,Friday,10,3.031,4.763,0.000,0.000,0.398,2.650,10.842,pompa basenu
2026-04-10 11:00:00,Friday,11,2.107,5.324,0.000,0.000,0.301,1.746,9.478,pompa basenu
2026-04-10 12:00:00,Friday,12,3.121,5.104,0.000,1.320,0.313,1.527,11.385,pompa basenu
2026-04-10 13:00:00,Friday,13,2.898,5.607,0.000,0.000,0.481,2.167,11.153,pompa basenu
2026-04-10 14:00:00,Friday,14,1.881,4.430,0.000,0.000,0.405,2.063,8.779,pompa basenu
2026-04-10 15:00:00,Friday,15,2.116,5.600,0.000,0.000,0.722,2.535,10.973,pompa basenu
2026-04-10 16:00:00,Friday,16,2.036,5.883,0.000,0.000,0.626,1.799,10.344,pompa basenu
2026-04-10 17:00:00,Friday,17,2.295,5.536,0.000,5.922,0.856,0.000,14.609,
2026-04-10 18:00:00,Friday,18,2.949,4.832,0.000,0.000,0.849,0.000,8.630,
2026-04-10 19:00:00,Friday,19,3.167,4.710,0.000,0.000,0.642,2.675,11.194,zmywarka
2026-04-10 20:00:00,Friday,20,3.169,4.796,0.368,0.000,0.702,0.000,9.035,
2026-04-10 21:00:00,Friday,21,3.084,5.136,0.380,0.000,1.044,0.000,9.644,
2026-04-10 22:00:00,Friday,22,2.079,5.253,0.329,0.000,1.033,15.790,24.484,ładowanie EV
2026-04-10 23:00:00,Friday,23,2.592,4.220,0.000,0.000,0.000,9.768,16.580,ładowanie EV
2026-04-11 00:00:00,Saturday,0,3.243,5.177,0.000,0.000,0.000,11.137,19.557,ładowanie EV
2026-04-11 01:00:00,Saturday,1,2.295,5.428,0.000,0.000,0.000,14.483,22.206,ładowanie EV
2026-04-11 02:00:00,Saturday,2,2.767,4.094,0.000,0.000,0.000,15.327,22.188,ładowanie EV
2026-04-11 03:00:00,Saturday,3,2.128,4.888,0.000,0.000,0.000,10.113,17.129,ładowanie EV
2026-04-11 04:00:00,Saturday,4,2.318,5.460,0.000,0.000,0.000,8.963,16.741,ładowanie EV
2026-04-11 05:00:00,Saturday,5,1.842,5.980,0.000,0.000,0.000,11.942,19.764,ładowanie EV
2026-04-11 06:00:00,Saturday,6,2.417,5.727,0.000,0.922,0.000,0.000,9.066,
2026-04-11 07:00:00,Saturday,7,1.957,5.796,0.000,1.210,0.000,0.000,8.963,
2026-04-11 08:00:00,Saturday,8,2.769,5.423,0.000,1.205,0.000,0.000,9.397,
2026-04-11 09:00:00,Saturday,9,1.840,5.299,0.000,0.000,0.683,1.405,9.227,pompa basenu
2026-04-11 10:00:00,Saturday,10,2.647,4.462,0.000,0.000,0.331,1.440,8.880,pompa basenu
2026-04-11 11:00:00,Saturday,11,2.123,3.758,0.000,0.000,0.248,2.746,8.875,pompa basenu
2026-04-11 12:00:00,Saturday,12,2.820,3.636,0.000,0.000,0.409,1.911,8.776,pompa basenu
2026-04-11 13:00:00,Saturday,13,2.910,3.770,0.000,3.034,0.766,2.114,12.594,pompa basenu
2026-04-11 14:00:00,Saturday,14,2.859,3.841,0.000,0.000,0.628,4.163,11.491,pompa basenu; zmywarka
2026-04-11 15:00:00,Saturday,15,1.856,4.168,0.000,0.000,0.757,1.796,8.577,pompa basenu
2026-04-11 16:00:00,Saturday,16,2.652,3.590,0.000,0.000,0.715,2.075,9.032,pompa basenu
2026-04-11 17:00:00,Saturday,17,1.911,3.717,0.000,0.000,0.658,0.000,6.286,
2026-04-11 18:00:00,Saturday,18,2.291,3.848,0.000,3.473,0.577,0.000,10.189,
2026-04-11 19:00:00,Saturday,19,2.813,4.147,0.000,0.000,0.945,16.323,24.228,sauna
2026-04-11 20:00:00,Saturday,20,1.884,4.232,0.446,0.000,1.076,19.115,26.753,sauna
2026-04-11 21:00:00,Saturday,21,2.033,4.874,0.501,0.000,0.692,19.090,27.190,sauna
2026-04-11 22:00:00,Saturday,22,2.882,4.740,0.310,0.000,1.095,8.915,17.942,ładowanie EV
2026-04-11 23:00:00,Saturday,23,3.064,5.490,0.000,0.000,0.000,13.333,21.887,ładowanie EV
2026-04-12 00:00:00,Sunday,0,1.934,5.380,0.000,0.000,0.000,17.018,24.332,ładowanie EV
2026-04-12 01:00:00,Sunday,1,1.939,4.214,0.000,0.000,0.000,13.322,19.475,ładowanie EV
2026-04-12 02:00:00,Sunday,2,2.972,4.388,0.000,0.000,0.000,11.813,19.173,ładowanie EV
2026-04-12 03:00:00,Sunday,3,2.339,5.028,0.000,0.000,0.000,11.045,18.412,ładowanie EV
2026-04-12 04:00:00,Sunday,4,1.937,3.834,0.000,0.000,0.000,8.614,14.385,ładowanie EV
2026-04-12 05:00:00,Sunday,5,2.518,3.951,0.000,0.000,0.000,14.051,20.520,ładowanie EV
2026-04-12 06:00:00,Sunday,6,1.854,4.552,0.384,1.157,0.000,0.000,7.947,
2026-04-12 07:00:00,Sunday,7,1.893,4.520,0.000,0.908,0.000,0.000,7.321,
2026-04-12 08:00:00,Sunday,8,2.719,3.570,0.000,1.086,0.000,0.000,7.375,
2026-04-12 09:00:00,Sunday,9,2.040,4.828,0.000,0.000,0.191,2.141,9.200,pompa basenu
2026-04-12 10:00:00,Sunday,10,2.091,4.614,0.000,0.000,0.561,1.550,8.816,pompa basenu
2026-04-12 11:00:00,Sunday,11,2.443,4.731,0.000,0.000,0.812,2.475,10.461,pompa basenu
2026-04-12 12:00:00,Sunday,12,2.210,4.520,0.000,0.000,0.455,2.098,9.283,pompa basenu
2026-04-12 13:00:00,Sunday,13,2.475,3.839,0.000,1.067,0.218,4.864,12.463,pompa basenu; zmywarka
2026-04-12 14:00:00,Sunday,14,2.829,4.478,0.000,0.000,0.674,1.396,9.377,pompa basenu
2026-04-12 15:00:00,Sunday,15,2.684,4.768,0.000,0.000,0.607,2.700,10.759,pompa basenu
2026-04-12 16:00:00,Sunday,16,1.895,4.609,0.000,0.000,0.557,2.716,9.777,pompa basenu
2026-04-12 17:00:00,Sunday,17,2.755,3.726,0.000,0.000,0.577,0.000,7.058,
2026-04-12 18:00:00,Sunday,18,2.735,3.919,0.000,3.519,0.651,0.000,10.824,
2026-04-12 19:00:00,Sunday,19,2.546,4.722,0.000,0.000,0.787,19.538,27.593,sauna
2026-04-12 20:00:00,Sunday,20,2.231,3.944,0.575,0.000,0.616,16.983,24.349,sauna
2026-04-12 21:00:00,Sunday,21,2.222,4.161,0.676,0.000,0.628,20.419,28.106,sauna
2026-04-12 22:00:00,Sunday,22,2.475,3.480,0.152,0.000,1.136,11.150,18.393,ładowanie EV
2026-04-12 23:00:00,Sunday,23,2.868,3.611,0.000,0.000,0.000,11.932,18.411,ładowanie EV
2026-04-13 00:00:00,Monday,0,2.601,3.701,0.000,0.000,0.000,8.289,14.591,ładowanie EV
2026-04-13 01:00:00,Monday,1,2.581,4.303,0.000,0.000,0.000,17.013,23.897,ładowanie EV
2026-04-13 02:00:00,Monday,2,2.629,3.972,0.000,0.000,0.000,16.224,22.825,ładowanie EV
2026-04-13 03:00:00,Monday,3,2.385,3.478,0.000,0.000,0.000,15.033,20.896,ładowanie EV
2026-04-13 04:00:00,Monday,4,2.677,4.391,0.000,0.000,0.000,9.642,16.710,ładowanie EV
2026-04-13 05:00:00,Monday,5,3.254,4.501,0.000,0.000,0.000,9.722,17.477,ładowanie EV
2026-04-13 06:00:00,Monday,6,2.116,3.800,0.322,1.148,0.000,0.000,7.386,
2026-04-13 07:00:00,Monday,7,2.548,4.549,0.000,0.991,0.000,0.000,8.088,
2026-04-13 08:00:00,Monday,8,2.102,4.250,0.000,1.180,0.000,0.000,7.532,
2026-04-13 09:00:00,Monday,9,2.723,4.354,0.000,0.000,0.511,2.601,10.189,pompa basenu
2026-04-13 10:00:00,Monday,10,3.103,3.296,0.000,0.000,0.444,2.383,9.226,pompa basenu
2026-04-13 11:00:00,Monday,11,2.491,3.567,0.000,0.000,0.492,2.222,8.772,pompa basenu
2026-04-13 12:00:00,Monday,12,1.918,2.344,0.000,0.000,0.370,1.716,6.348,pompa basenu
2026-04-13 13:00:00,Monday,13,2.309,2.162,0.000,1.730,0.347,1.693,8.241,pompa basenu
2026-04-13 14:00:00,Monday,14,2.330,2.790,0.000,0.000,0.561,2.132,7.813,pompa basenu
2026-04-13 15:00:00,Monday,15,2.107,2.643,0.000,0.000,0.607,1.674,7.031,pompa basenu
2026-04-13 16:00:00,Monday,16,2.824,2.866,0.000,0.000,0.426,2.385,8.501,pompa basenu
2026-04-13 17:00:00,Monday,17,3.137,3.434,0.000,0.000,0.973,0.000,7.544,
2026-04-13 18:00:00,Monday,18,2.111,3.738,0.000,7.551,0.794,0.000,14.194,
2026-04-13 19:00:00,Monday,19,2.183,3.721,0.000,0.000,0.743,2.491,9.138,zmywarka
2026-04-13 20:00:00,Monday,20,1.948,4.756,0.370,0.000,0.826,0.000,7.900,
2026-04-13 21:00:00,Monday,21,3.123,3.795,0.237,0.000,1.056,0.000,8.211,
2026-04-13 22:00:00,Monday,22,2.401,4.266,0.237,0.000,0.948,11.748,19.600,ładowanie EV
2026-04-13 23:00:00,Monday,23,3.220,3.418,0.000,0.000,0.000,9.895,16.533,ładowanie EV
2026-04-14 00:00:00,Tuesday,0,1.916,3.114,0.000,0.000,0.000,8.464,13.494,ładowanie EV
2026-04-14 01:00:00,Tuesday,1,2.201,3.977,0.000,0.000,0.000,16.206,22.384,ładowanie EV
2026-04-14 02:00:00,Tuesday,2,3.183,3.225,0.000,0.000,0.000,8.222,14.630,ładowanie EV
2026-04-14 03:00:00,Tuesday,3,2.107,3.174,0.000,0.000,0.000,13.641,18.922,ładowanie EV
2026-04-14 04:00:00,Tuesday,4,2.199,3.659,0.000,0.000,0.000,14.598,20.456,ładowanie EV
2026-04-14 05:00:00,Tuesday,5,3.114,3.616,0.000,0.000,0.000,9.499,16.229,ładowanie EV
2026-04-14 06:00:00,Tuesday,6,2.912,3.556,0.370,0.925,0.000,0.000,7.763,
2026-04-14 07:00:00,Tuesday,7,2.820,4.326,0.000,0.943,0.000,0.000,8.089,
2026-04-14 08:00:00,Tuesday,8,2.956,3.563,0.000,0.442,0.000,0.000,6.961,
2026-04-14 09:00:00,Tuesday,9,2.962,3.719,0.000,0.000,0.929,1.957,9.567,praca zdalna; pompa basenu
2026-04-14 10:00:00,Tuesday,10,3.181,4.513,0.000,0.000,0.738,2.360,10.792,praca zdalna; pompa basenu
2026-04-14 11:00:00,Tuesday,11,2.818,4.152,0.000,0.000,0.637,2.629,10.236,praca zdalna; pompa basenu
2026-04-14 12:00:00,Tuesday,12,2.279,4.135,0.000,0.000,0.607,1.394,8.415,praca zdalna; pompa basenu
2026-04-14 13:00:00,Tuesday,13,3.043,3.544,0.000,0.865,0.674,4.524,12.650,praca zdalna; pompa basenu; pralka
2026-04-14 14:00:00,Tuesday,14,2.583,4.211,0.000,0.000,0.768,2.698,10.260,praca zdalna; pompa basenu
2026-04-14 15:00:00,Tuesday,15,3.140,4.053,0.000,0.000,0.915,1.481,9.589,praca zdalna; pompa basenu
2026-04-14 16:00:00,Tuesday,16,2.742,3.530,0.000,0.000,0.759,2.604,9.635,praca zdalna; pompa basenu
2026-04-14 17:00:00,Tuesday,17,2.645,4.117,0.000,7.429,0.869,0.000,15.060,
2026-04-14 18:00:00,Tuesday,18,2.385,4.740,0.000,0.000,0.527,0.000,7.652,
2026-04-14 19:00:00,Tuesday,19,3.050,4.894,0.000,0.000,0.522,2.019,10.485,zmywarka
2026-04-14 20:00:00,Tuesday,20,2.036,4.009,0.635,0.000,0.676,0.000,7.356,
2026-04-14 21:00:00,Tuesday,21,1.895,5.713,0.347,0.000,1.132,0.000,9.087,
2026-04-14 22:00:00,Tuesday,22,1.872,4.947,0.313,0.000,0.941,14.573,22.646,ładowanie EV
2026-04-14 23:00:00,Tuesday,23,2.406,4.867,0.000,0.000,0.000,14.699,21.972,ładowanie EV
2026-04-15 00:00:00,Wednesday,0,2.551,4.708,0.000,0.000,0.000,16.440,23.699,ładowanie EV
2026-04-15 01:00:00,Wednesday,1,2.029,4.496,0.000,0.000,0.000,12.827,19.352,ładowanie EV
2026-04-15 02:00:00,Wednesday,2,3.218,4.970,0.000,0.000,0.000,13.897,22.085,ładowanie EV
2026-04-15 03:00:00,Wednesday,3,3.169,5.028,0.000,0.000,0.000,8.655,16.852,ładowanie EV
2026-04-15 04:00:00,Wednesday,4,2.174,5.389,0.000,0.000,0.000,16.314,23.877,ładowanie EV
2026-04-15 05:00:00,Wednesday,5,3.176,4.526,0.000,0.000,0.000,10.012,17.714,ładowanie EV
2026-04-15 06:00:00,Wednesday,6,2.903,6.596,0.000,0.954,0.000,0.000,10.453,
2026-04-15 07:00:00,Wednesday,7,3.013,5.131,0.000,0.936,0.000,0.000,9.080,
2026-04-15 08:00:00,Wednesday,8,2.981,5.757,0.000,1.030,0.000,0.000,9.768,
2026-04-15 09:00:00,Wednesday,9,2.705,5.244,0.000,0.000,0.402,2.636,10.987,pompa basenu
2026-04-15 10:00:00,Wednesday,10,2.413,4.237,0.000,0.000,0.288,2.723,9.661,pompa basenu
2026-04-15 11:00:00,Wednesday,11,2.247,3.846,0.000,0.000,0.347,2.553,8.993,pompa basenu
2026-04-15 12:00:00,Wednesday,12,1.877,3.708,0.000,2.003,0.313,2.394,10.295,pompa basenu
2026-04-15 13:00:00,Wednesday,13,2.532,3.625,0.000,0.000,0.375,1.536,8.068,pompa basenu
2026-04-15 14:00:00,Wednesday,14,3.215,3.484,0.000,0.000,0.626,2.629,9.954,pompa basenu
2026-04-15 15:00:00,Wednesday,15,2.873,3.944,0.000,0.000,0.692,1.670,9.179,pompa basenu
2026-04-15 16:00:00,Wednesday,16,2.390,2.988,0.000,0.000,0.511,1.672,7.561,pompa basenu
2026-04-15 17:00:00,Wednesday,17,2.592,2.967,0.000,0.000,0.724,0.000,6.283,
2026-04-15 18:00:00,Wednesday,18,3.075,3.195,0.000,4.278,1.028,0.000,11.576,
2026-04-15 19:00:00,Wednesday,19,1.992,4.207,0.000,0.000,1.134,0.000,7.333,
2026-04-15 20:00:00,Wednesday,20,2.680,4.492,0.430,0.000,0.978,2.132,10.712,zmywarka
2026-04-15 21:00:00,Wednesday,21,2.788,4.906,0.370,0.000,0.520,0.000,8.584,
2026-04-15 22:00:00,Wednesday,22,1.985,4.372,0.133,0.000,1.138,10.727,18.355,ładowanie EV
2026-04-15 23:00:00,Wednesday,23,2.647,5.143,0.000,0.000,0.000,10.086,17.876,ładowanie EV
2026-04-16 00:00:00,Thursday,0,2.489,4.080,0.000,0.000,0.000,13.791,20.360,ładowanie EV
2026-04-16 01:00:00,Thursday,1,2.307,4.322,0.000,0.000,0.000,13.761,20.390,ładowanie EV
2026-04-16 02:00:00,Thursday,2,2.309,5.683,0.000,0.000,0.000,12.392,20.384,ładowanie EV
2026-04-16 03:00:00,Thursday,3,3.218,6.051,0.000,0.000,0.000,8.896,18.165,ładowanie EV
2026-04-16 04:00:00,Thursday,4,3.013,6.049,0.000,0.000,0.000,13.273,22.335,ładowanie EV
2026-04-16 05:00:00,Thursday,5,2.125,4.894,0.000,0.000,0.000,8.954,15.973,ładowanie EV
2026-04-16 06:00:00,Thursday,6,2.029,6.599,0.407,1.116,0.000,0.000,10.151,
2026-04-16 07:00:00,Thursday,7,2.668,6.461,0.000,1.063,0.000,0.000,10.192,
2026-04-16 08:00:00,Thursday,8,2.332,5.111,0.000,1.125,0.000,0.000,8.568,
2026-04-16 09:00:00,Thursday,9,2.052,4.805,0.000,0.000,0.835,1.571,9.263,praca zdalna; pompa basenu
2026-04-16 10:00:00,Thursday,10,2.949,5.304,0.000,0.000,0.745,2.737,11.735,praca zdalna; pompa basenu
2026-04-16 11:00:00,Thursday,11,3.080,3.873,0.000,0.000,0.770,2.422,10.145,praca zdalna; pompa basenu
2026-04-16 12:00:00,Thursday,12,2.912,3.680,0.000,0.000,0.736,4.283,11.611,praca zdalna; pompa basenu; pralka
2026-04-16 13:00:00,Thursday,13,2.056,4.342,0.000,0.964,0.630,7.864,15.856,praca zdalna; pompa basenu; suszarka
2026-04-16 14:00:00,Thursday,14,2.399,4.726,0.000,0.000,0.865,2.369,10.359,praca zdalna; pompa basenu
2026-04-16 15:00:00,Thursday,15,2.155,4.349,0.000,0.000,0.826,1.576,8.906,praca zdalna; pompa basenu
2026-04-16 16:00:00,Thursday,16,2.886,4.064,0.000,0.000,0.865,1.672,9.487,praca zdalna; pompa basenu
2026-04-16 17:00:00,Thursday,17,2.686,4.253,0.000,0.000,0.918,0.000,7.857,
2026-04-16 18:00:00,Thursday,18,2.397,4.664,0.000,2.521,0.865,0.000,10.447,
2026-04-16 19:00:00,Thursday,19,3.070,4.802,0.000,0.000,1.070,2.153,11.095,zmywarka
2026-04-16 20:00:00,Thursday,20,2.100,3.800,0.329,0.000,0.669,0.000,6.898,
2026-04-16 21:00:00,Thursday,21,3.105,4.336,0.384,0.000,0.814,0.000,8.639,
2026-04-16 22:00:00,Thursday,22,2.721,4.198,0.205,0.000,0.994,11.355,19.473,ładowanie EV
2026-04-16 23:00:00,Thursday,23,2.650,4.336,0.000,0.000,0.000,8.294,15.280,ładowanie EV
2026-04-17 00:00:00,Friday,0,2.070,4.885,0.000,0.000,0.000,14.623,21.578,ładowanie EV
2026-04-17 01:00:00,Friday,1,2.408,5.184,0.000,0.000,0.000,13.285,20.877,ładowanie EV
2026-04-17 02:00:00,Friday,2,2.675,4.168,0.000,0.000,0.000,8.480,15.323,ładowanie EV
2026-04-17 03:00:00,Friday,3,2.484,4.354,0.000,0.000,0.000,12.703,19.541,ładowanie EV
2026-04-17 04:00:00,Friday,4,2.822,5.039,0.000,0.000,0.000,11.219,19.080,ładowanie EV
2026-04-17 05:00:00,Friday,5,3.096,4.257,0.000,0.000,0.000,13.398,20.751,ładowanie EV
2026-04-17 06:00:00,Friday,6,1.886,5.672,0.000,1.056,0.000,0.000,8.614,
2026-04-17 07:00:00,Friday,7,2.325,5.676,0.000,1.205,0.000,0.000,9.206,
2026-04-17 08:00:00,Friday,8,1.957,4.430,0.000,0.890,0.000,0.000,7.277,
2026-04-17 09:00:00,Friday,9,1.976,4.704,0.000,0.000,0.405,2.433,9.518,pompa basenu
2026-04-17 10:00:00,Friday,10,2.613,4.089,0.000,0.000,0.356,1.741,8.799,pompa basenu
2026-04-17 11:00:00,Friday,11,2.539,2.972,0.000,0.000,0.301,1.808,7.620,pompa basenu
2026-04-17 12:00:00,Friday,12,2.590,3.291,0.000,0.000,0.317,1.872,8.070,pompa basenu
2026-04-17 13:00:00,Friday,13,2.748,2.551,0.000,1.171,0.363,2.438,9.271,pompa basenu
2026-04-17 14:00:00,Friday,14,2.668,2.599,0.000,0.000,0.833,2.535,8.635,pompa basenu
2026-04-17 15:00:00,Friday,15,2.762,2.900,0.000,0.000,0.853,2.606,9.121,pompa basenu
2026-04-17 16:00:00,Friday,16,2.926,2.459,0.000,0.000,0.674,2.247,8.306,pompa basenu
2026-04-17 17:00:00,Friday,17,3.158,3.004,0.000,4.191,0.678,0.000,11.031,
2026-04-17 18:00:00,Friday,18,1.884,2.976,0.000,0.000,0.920,0.000,5.780,
2026-04-17 19:00:00,Friday,19,3.190,3.611,0.000,0.000,0.702,0.000,7.503,
2026-04-17 20:00:00,Friday,20,3.112,3.726,0.419,0.000,0.858,1.842,9.957,zmywarka
2026-04-17 21:00:00,Friday,21,2.673,3.563,0.577,0.000,0.761,0.000,7.574,
2026-04-17 22:00:00,Friday,22,2.070,3.192,0.136,0.000,1.017,8.607,15.022,ładowanie EV
2026-04-17 23:00:00,Friday,23,2.346,3.328,0.000,0.000,0.000,11.371,17.045,ładowanie EV
2026-04-18 00:00:00,Saturday,0,2.463,4.641,0.000,0.000,0.000,10.304,17.408,ładowanie EV
2026-04-18 01:00:00,Saturday,1,2.146,3.917,0.000,0.000,0.000,11.288,17.351,ładowanie EV
2026-04-18 02:00:00,Saturday,2,2.882,4.823,0.000,0.000,0.000,13.036,20.741,ładowanie EV
2026-04-18 03:00:00,Saturday,3,2.859,4.989,0.000,0.000,0.000,11.107,18.955,ładowanie EV
2026-04-18 04:00:00,Saturday,4,2.990,3.938,0.000,0.000,0.000,15.281,22.209,ładowanie EV
2026-04-18 05:00:00,Saturday,5,2.390,4.570,0.000,0.000,0.000,10.083,17.043,ładowanie EV
2026-04-18 06:00:00,Saturday,6,2.438,5.175,0.175,0.651,0.000,0.000,8.439,
2026-04-18 07:00:00,Saturday,7,2.914,5.182,0.000,1.012,0.000,0.000,9.108,
2026-04-18 08:00:00,Saturday,8,2.183,4.338,0.000,0.823,0.000,0.000,7.344,
2026-04-18 09:00:00,Saturday,9,3.082,4.906,0.000,0.000,0.216,1.490,9.694,pompa basenu
2026-04-18 10:00:00,Saturday,10,2.293,3.820,0.000,0.000,0.745,1.914,8.772,pompa basenu
2026-04-18 11:00:00,Saturday,11,2.523,3.600,0.000,0.000,0.649,1.842,8.614,pompa basenu
2026-04-18 12:00:00,Saturday,12,2.567,3.643,0.000,0.000,0.538,2.588,9.336,pompa basenu
2026-04-18 13:00:00,Saturday,13,2.436,3.958,0.000,1.564,0.610,2.604,11.172,pompa basenu
2026-04-18 14:00:00,Saturday,14,2.307,3.961,0.000,0.000,0.435,5.113,11.816,pompa basenu; zmywarka
2026-04-18 15:00:00,Saturday,15,2.061,3.020,0.000,0.000,0.426,2.390,7.897,pompa basenu
2026-04-18 16:00:00,Saturday,16,3.066,2.656,0.000,0.000,0.534,1.937,8.193,pompa basenu
2026-04-18 17:00:00,Saturday,17,1.962,3.429,0.000,0.000,0.775,0.000,6.166,
2026-04-18 18:00:00,Saturday,18,2.939,3.220,0.000,8.013,0.697,0.000,14.869,
2026-04-18 19:00:00,Saturday,19,2.535,3.901,0.000,0.000,0.830,16.109,23.375,sauna
2026-04-18 20:00:00,Saturday,20,2.732,3.961,0.653,0.000,0.906,13.876,22.128,sauna
2026-04-18 21:00:00,Saturday,21,2.026,3.827,0.439,0.000,0.869,14.009,21.170,sauna
2026-04-18 22:00:00,Saturday,22,2.758,3.816,0.336,0.000,0.600,14.529,22.039,ładowanie EV
2026-04-18 23:00:00,Saturday,23,2.767,3.703,0.000,0.000,0.000,11.279,17.749,ładowanie EV
2026-04-19 00:00:00,Sunday,0,2.601,3.353,0.000,0.000,0.000,9.885,15.839,ładowanie EV
2026-04-19 01:00:00,Sunday,1,2.753,3.252,0.000,0.000,0.000,16.141,22.146,ładowanie EV
2026-04-19 02:00:00,Sunday,2,2.953,3.595,0.000,0.000,0.000,16.923,23.471,ładowanie EV
2026-04-19 03:00:00,Sunday,3,1.934,3.652,0.000,0.000,0.000,10.720,16.306,ładowanie EV
2026-04-19 04:00:00,Sunday,4,1.973,3.609,0.000,0.000,0.000,8.388,13.970,ładowanie EV
2026-04-19 05:00:00,Sunday,5,3.048,4.198,0.000,0.000,0.000,9.619,16.865,ładowanie EV
2026-04-19 06:00:00,Sunday,6,2.171,4.480,0.168,0.674,0.000,0.000,7.493,
2026-04-19 07:00:00,Sunday,7,2.721,4.694,0.000,1.129,0.000,0.000,8.544,
2026-04-19 08:00:00,Sunday,8,2.312,4.871,0.000,0.927,0.000,0.000,8.110,
2026-04-19 09:00:00,Sunday,9,2.125,4.122,0.000,0.000,0.550,1.824,8.621,pompa basenu
2026-04-19 10:00:00,Sunday,10,2.953,4.156,0.000,0.000,0.396,2.378,9.883,pompa basenu
2026-04-19 11:00:00,Sunday,11,2.645,4.246,0.000,0.000,0.430,2.254,9.575,pompa basenu
2026-04-19 12:00:00,Sunday,12,1.863,3.813,0.000,1.495,0.722,2.383,10.276,pompa basenu
2026-04-19 13:00:00,Sunday,13,2.606,3.137,0.000,0.000,0.745,4.561,11.049,pompa basenu; zmywarka
2026-04-19 14:00:00,Sunday,14,2.983,4.329,0.000,0.000,0.506,1.408,9.226,pompa basenu
2026-04-19 15:00:00,Sunday,15,2.719,4.515,0.000,0.000,0.315,2.268,9.817,pompa basenu
2026-04-19 16:00:00,Sunday,16,3.041,3.947,0.000,0.000,0.702,1.911,9.601,pompa basenu
2026-04-19 17:00:00,Sunday,17,1.987,4.089,0.000,0.000,0.600,0.000,6.676,
2026-04-19 18:00:00,Sunday,18,2.040,3.494,0.000,4.156,0.796,0.000,10.486,
2026-04-19 19:00:00,Sunday,19,2.585,3.986,0.000,0.000,0.667,18.529,25.767,sauna
2026-04-19 20:00:00,Sunday,20,3.179,4.135,0.665,0.000,0.897,17.616,26.492,sauna
2026-04-19 21:00:00,Sunday,21,2.926,4.352,0.373,0.000,0.881,17.119,25.651,sauna
2026-04-19 22:00:00,Sunday,22,2.268,3.245,0.324,0.000,1.155,13.802,20.794,ładowanie EV
2026-04-19 23:00:00,Sunday,23,2.521,3.225,0.000,0.000,0.000,8.360,14.106,ładowanie EV
2026-04-20 00:00:00,Monday,0,2.659,4.002,0.000,0.000,0.000,9.945,16.606,ładowanie EV
2026-04-20 01:00:00,Monday,1,1.978,4.338,0.000,0.000,0.000,13.779,20.095,ładowanie EV
2026-04-20 02:00:00,Monday,2,1.918,4.354,0.000,0.000,0.000,12.597,18.869,ładowanie EV
2026-04-20 03:00:00,Monday,3,2.141,5.260,0.000,0.000,0.000,14.113,21.514,ładowanie EV
2026-04-20 04:00:00,Monday,4,2.450,4.628,0.000,0.000,0.000,14.255,21.333,ładowanie EV
2026-04-20 05:00:00,Monday,5,2.220,5.619,0.000,0.000,0.000,8.450,16.289,ładowanie EV
2026-04-20 06:00:00,Monday,6,2.183,5.635,0.225,0.444,0.000,0.000,8.487,
2026-04-20 07:00:00,Monday,7,2.024,4.717,0.000,0.775,0.000,0.000,7.516,
2026-04-20 08:00:00,Monday,8,2.098,5.504,0.000,0.911,0.000,0.000,8.513,
2026-04-20 09:00:00,Monday,9,1.874,4.862,0.000,0.000,0.481,2.590,9.807,pompa basenu
2026-04-20 10:00:00,Monday,10,2.576,3.942,0.000,0.000,0.336,2.291,9.145,pompa basenu
2026-04-20 11:00:00,Monday,11,3.022,3.655,0.000,0.000,0.448,1.778,8.903,pompa basenu
2026-04-20 12:00:00,Monday,12,3.027,3.542,0.000,1.504,0.467,1.870,10.410,pompa basenu
2026-04-20 13:00:00,Monday,13,2.758,3.784,0.000,0.000,0.444,2.636,9.622,pompa basenu
2026-04-20 14:00:00,Monday,14,2.523,3.505,0.000,0.000,0.750,1.789,8.567,pompa basenu
2026-04-20 15:00:00,Monday,15,3.160,2.794,0.000,0.000,0.421,2.268,8.643,pompa basenu
2026-04-20 16:00:00,Monday,16,2.555,2.870,0.000,0.000,0.511,2.367,8.303,pompa basenu
2026-04-20 17:00:00,Monday,17,2.877,3.114,0.000,3.273,0.724,0.000,9.988,
2026-04-20 18:00:00,Monday,18,2.068,2.709,0.000,0.000,1.076,0.000,5.853,
2026-04-20 19:00:00,Monday,19,2.072,2.827,0.000,0.000,0.975,0.000,5.874,
2026-04-20 20:00:00,Monday,20,2.742,3.938,0.292,0.000,1.184,2.206,10.362,zmywarka
2026-04-20 21:00:00,Monday,21,3.052,4.140,0.322,0.000,0.559,0.000,8.073,
2026-04-20 22:00:00,Monday,22,1.930,4.048,0.292,0.000,0.566,12.535,19.371,ładowanie EV
2026-04-20 23:00:00,Monday,23,2.183,4.796,0.000,0.000,0.000,9.460,16.439,ładowanie EV
2026-04-21 00:00:00,Tuesday,0,2.390,3.951,0.000,0.000,0.000,16.640,22.981,ładowanie EV
2026-04-21 01:00:00,Tuesday,1,2.017,3.924,0.000,0.000,0.000,16.174,22.115,ładowanie EV
2026-04-21 02:00:00,Tuesday,2,1.960,5.030,0.000,0.000,0.000,11.560,18.550,ładowanie EV
2026-04-21 03:00:00,Tuesday,3,2.065,4.848,0.000,0.000,0.000,16.475,23.388,ładowanie EV
2026-04-21 04:00:00,Tuesday,4,1.849,5.359,0.000,0.000,0.000,14.513,21.721,ładowanie EV
2026-04-21 05:00:00,Tuesday,5,2.371,5.099,0.000,0.000,0.000,9.324,16.794,ładowanie EV
2026-04-21 06:00:00,Tuesday,6,2.921,5.244,0.000,0.777,0.000,0.000,8.942,
2026-04-21 07:00:00,Tuesday,7,3.208,6.426,0.000,0.957,0.000,0.000,10.591,
2026-04-21 08:00:00,Tuesday,8,2.194,6.038,0.000,0.842,0.000,0.000,9.074,
2026-04-21 09:00:00,Tuesday,9,3.123,5.817,0.000,0.000,0.674,1.845,11.459,praca zdalna; pompa basenu
2026-04-21 10:00:00,Tuesday,10,2.176,3.956,0.000,0.000,0.660,3.342,10.134,praca zdalna; pompa basenu; pralka
2026-04-21 11:00:00,Tuesday,11,2.070,3.719,0.000,0.000,0.644,7.167,13.600,praca zdalna; pompa basenu; suszarka
2026-04-21 12:00:00,Tuesday,12,2.910,3.832,0.000,1.978,0.697,2.116,11.533,praca zdalna; pompa basenu
2026-04-21 13:00:00,Tuesday,13,3.059,2.760,0.000,0.000,0.628,2.369,8.816,praca zdalna; pompa basenu
2026-04-21 14:00:00,Tuesday,14,2.254,2.337,0.000,0.000,0.789,1.750,7.130,praca zdalna; pompa basenu
2026-04-21 15:00:00,Tuesday,15,2.730,2.141,0.000,0.000,1.224,1.677,7.772,praca zdalna; pompa basenu
2026-04-21 16:00:00,Tuesday,16,2.042,2.316,0.000,0.000,1.065,2.394,7.817,praca zdalna; pompa basenu
2026-04-21 17:00:00,Tuesday,17,2.965,2.369,0.000,0.000,0.600,0.000,5.934,
2026-04-21 18:00:00,Tuesday,18,1.953,2.114,0.000,2.666,0.862,0.000,7.595,
2026-04-21 19:00:00,Tuesday,19,1.941,2.666,0.000,0.000,1.033,2.254,7.894,zmywarka
2026-04-21 20:00:00,Tuesday,20,2.406,3.254,0.398,0.000,1.035,0.000,7.093,
2026-04-21 21:00:00,Tuesday,21,1.950,3.100,0.690,0.000,1.065,0.000,6.805,
2026-04-21 22:00:00,Tuesday,22,3.075,3.167,0.248,0.000,0.580,8.742,15.812,ładowanie EV
2026-04-21 23:00:00,Tuesday,23,2.367,3.979,0.000,0.000,0.000,13.142,19.488,ładowanie EV
2026-04-22 00:00:00,Wednesday,0,2.210,3.710,0.000,0.000,0.000,10.382,16.302,ładowanie EV
2026-04-22 01:00:00,Wednesday,1,2.068,4.223,0.000,0.000,0.000,14.550,20.841,ładowanie EV
2026-04-22 02:00:00,Wednesday,2,2.813,3.611,0.000,0.000,0.000,10.007,16.431,ładowanie EV
2026-04-22 03:00:00,Wednesday,3,2.912,4.087,0.000,0.000,0.000,8.126,15.125,ładowanie EV
2026-04-22 04:00:00,Wednesday,4,2.459,3.650,0.000,0.000,0.000,14.614,20.723,ładowanie EV
2026-04-22 05:00:00,Wednesday,5,2.210,3.714,0.000,0.000,0.000,16.693,22.617,ładowanie EV
2026-04-22 06:00:00,Wednesday,6,3.052,5.078,0.000,0.876,0.000,0.000,9.006,
2026-04-22 07:00:00,Wednesday,7,1.874,4.931,0.000,1.244,0.000,0.000,8.049,
2026-04-22 08:00:00,Wednesday,8,2.610,3.629,0.000,0.796,0.000,0.000,7.035,
2026-04-22 09:00:00,Wednesday,9,2.836,2.939,0.000,0.000,0.419,1.541,7.735,pompa basenu
2026-04-22 10:00:00,Wednesday,10,2.045,2.592,0.000,0.000,0.437,1.458,6.532,pompa basenu
2026-04-22 11:00:00,Wednesday,11,2.330,2.263,0.000,0.000,0.386,2.249,7.228,pompa basenu
2026-04-22 12:00:00,Wednesday,12,2.498,1.527,0.000,0.764,0.391,2.553,7.733,pompa basenu
2026-04-22 13:00:00,Wednesday,13,2.155,1.449,0.000,0.000,0.327,1.438,5.369,pompa basenu
2026-04-22 14:00:00,Wednesday,14,2.882,1.373,0.000,0.000,0.649,2.447,7.351,pompa basenu
2026-04-22 15:00:00,Wednesday,15,2.737,1.251,0.000,0.000,0.350,1.398,5.736,pompa basenu
2026-04-22 16:00:00,Wednesday,16,1.934,1.408,0.000,0.000,0.711,1.447,5.500,pompa basenu
2026-04-22 17:00:00,Wednesday,17,2.429,1.364,0.000,4.906,0.575,0.000,9.274,
2026-04-22 18:00:00,Wednesday,18,2.663,1.513,0.000,0.000,0.798,0.000,4.974,
2026-04-22 19:00:00,Wednesday,19,2.031,1.509,0.000,0.000,1.097,0.000,4.637,
2026-04-22 20:00:00,Wednesday,20,1.870,1.766,0.414,0.000,0.883,2.139,7.072,zmywarka
2026-04-22 21:00:00,Wednesday,21,2.845,2.256,0.667,0.000,0.856,0.000,6.624,
2026-04-22 22:00:00,Wednesday,22,2.744,2.420,0.283,0.000,0.656,11.146,17.249,ładowanie EV
2026-04-22 23:00:00,Wednesday,23,1.861,2.659,0.000,0.000,0.000,13.020,17.540,ładowanie EV
2026-04-23 00:00:00,Thursday,0,2.758,3.029,0.000,0.000,0.000,9.442,15.229,ładowanie EV
2026-04-23 01:00:00,Thursday,1,3.112,3.278,0.000,0.000,0.000,9.605,15.995,ładowanie EV
2026-04-23 02:00:00,Thursday,2,2.627,3.179,0.000,0.000,0.000,14.508,20.314,ładowanie EV
2026-04-23 03:00:00,Thursday,3,2.102,3.215,0.000,0.000,0.000,8.798,14.115,ładowanie EV
2026-04-23 04:00:00,Thursday,4,2.314,4.122,0.000,0.000,0.000,16.406,22.842,ładowanie EV
2026-04-23 05:00:00,Thursday,5,2.923,3.519,0.000,0.000,0.000,8.963,15.405,ładowanie EV
2026-04-23 06:00:00,Thursday,6,2.282,4.934,0.000,1.329,0.000,0.000,8.545,
2026-04-23 07:00:00,Thursday,7,2.916,4.315,0.000,0.984,0.000,0.000,8.215,
2026-04-23 08:00:00,Thursday,8,2.592,4.179,0.000,1.171,0.000,0.000,7.942,
2026-04-23 09:00:00,Thursday,9,2.746,2.767,0.000,0.000,0.412,1.789,7.714,pompa basenu
2026-04-23 10:00:00,Thursday,10,2.583,2.744,0.000,0.000,0.476,1.950,7.753,pompa basenu
2026-04-23 11:00:00,Thursday,11,2.843,2.075,0.000,0.000,0.442,1.440,6.800,pompa basenu
2026-04-23 12:00:00,Thursday,12,2.571,1.628,0.000,1.828,0.336,1.771,8.134,pompa basenu
2026-04-23 13:00:00,Thursday,13,2.088,1.773,0.000,0.000,0.511,1.500,5.872,pompa basenu
2026-04-23 14:00:00,Thursday,14,2.288,1.576,0.000,0.000,0.840,1.511,6.215,pompa basenu
2026-04-23 15:00:00,Thursday,15,2.436,1.265,0.000,0.000,0.766,1.398,5.865,pompa basenu
2026-04-23 16:00:00,Thursday,16,2.068,1.290,0.000,0.000,0.322,2.588,6.268,pompa basenu
2026-04-23 17:00:00,Thursday,17,3.197,1.516,0.000,0.000,0.577,0.000,5.290,
2026-04-23 18:00:00,Thursday,18,3.029,1.778,0.000,3.089,0.683,0.000,8.579,
2026-04-23 19:00:00,Thursday,19,3.174,1.757,0.000,0.000,0.862,2.307,8.100,zmywarka
2026-04-23 20:00:00,Thursday,20,2.700,1.709,0.642,0.000,0.959,0.000,6.010,
2026-04-23 21:00:00,Thursday,21,2.629,2.109,0.649,0.000,1.166,0.000,6.553,
2026-04-23 22:00:00,Thursday,22,2.746,2.302,0.322,0.000,0.598,15.720,21.688,ładowanie EV
2026-04-23 23:00:00,Thursday,23,2.374,2.608,0.000,0.000,0.000,16.447,21.429,ładowanie EV
2026-04-24 00:00:00,Friday,0,2.864,2.900,0.000,0.000,0.000,16.061,21.825,ładowanie EV
2026-04-24 01:00:00,Friday,1,3.061,3.275,0.000,0.000,0.000,12.710,19.046,ładowanie EV
2026-04-24 02:00:00,Friday,2,3.252,3.310,0.000,0.000,0.000,14.973,21.535,ładowanie EV
2026-04-24 03:00:00,Friday,3,1.904,4.161,0.000,0.000,0.000,10.021,16.086,ładowanie EV
2026-04-24 04:00:00,Friday,4,1.966,3.922,0.000,0.000,0.000,9.474,15.362,ładowanie EV
2026-04-24 05:00:00,Friday,5,3.008,3.765,0.000,0.000,0.000,13.768,20.541,ładowanie EV
2026-04-24 06:00:00,Friday,6,2.516,4.658,0.000,0.708,0.000,0.000,7.882,
2026-04-24 07:00:00,Friday,7,3.146,4.179,0.000,1.189,0.000,0.000,8.514,
2026-04-24 08:00:00,Friday,8,2.698,3.524,0.000,0.823,0.000,0.000,7.045,
2026-04-24 09:00:00,Friday,9,1.874,2.489,0.000,0.000,0.359,1.950,6.672,pompa basenu
2026-04-24 10:00:00,Friday,10,2.065,2.491,0.000,0.000,0.345,2.213,7.114,pompa basenu
2026-04-24 11:00:00,Friday,11,2.622,1.755,0.000,0.000,0.499,1.513,6.389,pompa basenu
2026-04-24 12:00:00,Friday,12,2.590,1.787,0.000,1.670,0.384,1.852,8.283,pompa basenu
2026-04-24 13:00:00,Friday,13,2.397,1.283,0.000,0.000,0.446,2.737,6.863,pompa basenu
2026-04-24 14:00:00,Friday,14,2.880,1.419,0.000,0.000,0.561,1.502,6.362,pompa basenu
2026-04-24 15:00:00,Friday,15,2.769,1.366,0.000,0.000,0.518,2.082,6.735,pompa basenu
2026-04-24 16:00:00,Friday,16,2.316,1.240,0.000,0.000,0.506,2.047,6.109,pompa basenu
2026-04-24 17:00:00,Friday,17,2.730,1.392,0.000,0.000,0.692,0.000,4.814,
2026-04-24 18:00:00,Friday,18,2.482,1.477,0.000,3.340,1.150,0.000,8.449,
2026-04-24 19:00:00,Friday,19,2.682,1.787,0.000,0.000,0.757,2.468,7.694,zmywarka
2026-04-24 20:00:00,Friday,20,1.937,1.746,0.324,0.000,0.552,0.000,4.559,
2026-04-24 21:00:00,Friday,21,2.778,2.291,0.639,0.000,0.934,0.000,6.642,
2026-04-24 22:00:00,Friday,22,2.318,1.847,0.269,0.000,0.692,12.022,17.148,ładowanie EV
2026-04-24 23:00:00,Friday,23,1.966,2.201,0.000,0.000,0.000,16.259,20.426,ładowanie EV
2026-04-25 00:00:00,Saturday,0,2.735,3.048,0.000,0.000,0.000,10.129,15.912,ładowanie EV
2026-04-25 01:00:00,Saturday,1,2.118,3.330,0.000,0.000,0.000,11.948,17.396,ładowanie EV
2026-04-25 02:00:00,Saturday,2,3.144,3.464,0.000,0.000,0.000,11.091,17.699,ładowanie EV
2026-04-25 03:00:00,Saturday,3,1.914,4.163,0.000,0.000,0.000,11.597,17.674,ładowanie EV
2026-04-25 04:00:00,Saturday,4,2.093,4.041,0.000,0.000,0.000,14.575,20.709,ładowanie EV
2026-04-25 05:00:00,Saturday,5,2.663,3.765,0.000,0.000,0.000,16.953,23.381,ładowanie EV
2026-04-25 06:00:00,Saturday,6,3.174,4.016,0.000,1.058,0.000,0.000,8.248,
2026-04-25 07:00:00,Saturday,7,2.337,4.747,0.000,1.336,0.000,0.000,8.420,
2026-04-25 08:00:00,Saturday,8,2.484,4.326,0.000,0.994,0.000,0.000,7.804,
2026-04-25 09:00:00,Saturday,9,2.415,3.797,0.000,0.000,0.635,1.396,8.243,pompa basenu
2026-04-25 10:00:00,Saturday,10,1.861,3.257,0.000,0.000,0.324,2.063,7.505,pompa basenu
2026-04-25 11:00:00,Saturday,11,2.256,2.732,0.000,0.000,0.678,4.108,9.774,pompa basenu; pralka
2026-04-25 12:00:00,Saturday,12,2.845,3.510,0.000,2.903,0.761,1.693,11.712,pompa basenu
2026-04-25 13:00:00,Saturday,13,2.873,3.186,0.000,0.000,0.225,3.673,9.957,pompa basenu; zmywarka
2026-04-25 14:00:00,Saturday,14,1.999,2.730,0.000,0.000,0.359,1.725,6.813,pompa basenu
2026-04-25 15:00:00,Saturday,15,3.211,3.181,0.000,0.000,0.566,2.638,9.596,pompa basenu
2026-04-25 16:00:00,Saturday,16,2.643,2.252,0.000,0.000,0.501,2.095,7.491,pompa basenu
2026-04-25 17:00:00,Saturday,17,2.854,2.318,0.000,6.378,0.816,0.000,12.366,
2026-04-25 18:00:00,Saturday,18,3.126,3.100,0.000,0.000,1.097,0.000,7.323,
2026-04-25 19:00:00,Saturday,19,2.859,3.395,0.000,0.000,0.621,20.307,27.182,sauna
2026-04-25 20:00:00,Saturday,20,3.089,3.153,0.347,0.000,0.713,17.533,24.835,sauna
2026-04-25 21:00:00,Saturday,21,1.955,3.990,0.649,0.000,0.674,15.684,22.952,sauna
2026-04-25 22:00:00,Saturday,22,2.774,4.092,0.345,0.000,0.623,11.056,18.890,ładowanie EV
2026-04-25 23:00:00,Saturday,23,2.348,3.859,0.000,0.000,0.000,9.508,15.715,ładowanie EV
2026-04-26 00:00:00,Sunday,0,2.461,4.073,0.000,0.000,0.000,9.412,15.946,ładowanie EV
2026-04-26 01:00:00,Sunday,1,2.367,3.482,0.000,0.000,0.000,13.324,19.173,ładowanie EV
2026-04-26 02:00:00,Sunday,2,2.712,4.492,0.000,0.000,0.000,10.674,17.878,ładowanie EV
2026-04-26 03:00:00,Sunday,3,2.578,4.338,0.000,0.000,0.000,12.008,18.924,ładowanie EV
2026-04-26 04:00:00,Sunday,4,2.799,4.315,0.000,0.000,0.000,13.628,20.742,ładowanie EV
2026-04-26 05:00:00,Sunday,5,2.242,5.053,0.000,0.000,0.000,11.484,18.779,ładowanie EV
2026-04-26 06:00:00,Sunday,6,1.955,4.600,0.000,0.582,0.000,0.000,7.137,
2026-04-26 07:00:00,Sunday,7,3.172,4.982,0.000,1.343,0.000,0.000,9.497,
2026-04-26 08:00:00,Sunday,8,2.645,4.152,0.000,0.835,0.000,0.000,7.632,
2026-04-26 09:00:00,Sunday,9,2.606,4.441,0.000,0.000,0.529,1.879,9.455,pompa basenu
2026-04-26 10:00:00,Sunday,10,3.137,3.843,0.000,0.000,0.745,2.242,9.967,pompa basenu
2026-04-26 11:00:00,Sunday,11,2.730,3.944,0.000,0.000,0.524,1.741,8.939,pompa basenu
2026-04-26 12:00:00,Sunday,12,2.443,2.719,0.000,2.279,0.205,2.238,9.884,pompa basenu
2026-04-26 13:00:00,Sunday,13,2.730,2.551,0.000,0.000,0.428,2.305,8.014,pompa basenu
2026-04-26 14:00:00,Sunday,14,1.983,3.077,0.000,0.000,0.373,4.096,9.529,pompa basenu; zmywarka
2026-04-26 15:00:00,Sunday,15,2.036,2.864,0.000,0.000,0.446,1.711,7.057,pompa basenu
2026-04-26 16:00:00,Sunday,16,2.870,2.341,0.000,0.000,0.499,2.479,8.189,pompa basenu
2026-04-26 17:00:00,Sunday,17,3.043,2.468,0.000,0.000,0.810,0.000,6.321,
2026-04-26 18:00:00,Sunday,18,2.484,2.930,0.000,4.533,1.106,0.000,11.053,
2026-04-26 19:00:00,Sunday,19,1.870,2.546,0.000,0.000,1.180,15.442,21.038,sauna
2026-04-26 20:00:00,Sunday,20,2.033,3.096,0.271,0.000,0.642,19.403,25.445,sauna
2026-04-26 21:00:00,Sunday,21,1.990,3.264,0.352,0.000,0.727,14.835,21.168,sauna
2026-04-26 22:00:00,Sunday,22,2.772,3.142,0.145,0.000,0.727,16.926,23.712,ładowanie EV
2026-04-26 23:00:00,Sunday,23,2.116,3.919,0.000,0.000,0.000,15.111,21.146,ładowanie EV
2026-04-27 00:00:00,Monday,0,2.525,3.540,0.000,0.000,0.000,11.486,17.551,ładowanie EV
2026-04-27 01:00:00,Monday,1,1.904,4.250,0.000,0.000,0.000,12.199,18.353,ładowanie EV
2026-04-27 02:00:00,Monday,2,2.118,4.391,0.000,0.000,0.000,11.003,17.512,ładowanie EV
2026-04-27 03:00:00,Monday,3,2.886,3.931,0.000,0.000,0.000,12.859,19.676,ładowanie EV
2026-04-27 04:00:00,Monday,4,2.475,5.232,0.000,0.000,0.000,10.447,18.154,ładowanie EV
2026-04-27 05:00:00,Monday,5,1.946,3.974,0.000,0.000,0.000,16.399,22.319,ładowanie EV
2026-04-27 06:00:00,Monday,6,2.293,4.515,0.000,0.653,0.000,0.000,7.461,
2026-04-27 07:00:00,Monday,7,2.615,4.791,0.000,0.738,0.000,0.000,8.144,
2026-04-27 08:00:00,Monday,8,3.098,4.529,0.000,0.927,0.000,0.000,8.554,
2026-04-27 09:00:00,Monday,9,3.195,3.576,0.000,0.000,0.488,2.673,9.932,pompa basenu
2026-04-27 10:00:00,Monday,10,2.484,4.062,0.000,0.000,0.380,2.548,9.474,pompa basenu
2026-04-27 11:00:00,Monday,11,1.957,3.820,0.000,0.000,0.412,2.240,8.429,pompa basenu
2026-04-27 12:00:00,Monday,12,2.643,2.916,0.000,1.104,0.336,2.100,9.099,pompa basenu
2026-04-27 13:00:00,Monday,13,3.038,2.546,0.000,0.000,0.460,2.539,8.583,pompa basenu
2026-04-27 14:00:00,Monday,14,2.583,2.224,0.000,0.000,0.402,1.615,6.824,pompa basenu
2026-04-27 15:00:00,Monday,15,2.220,2.077,0.000,0.000,0.731,1.589,6.617,pompa basenu
2026-04-27 16:00:00,Monday,16,2.093,2.470,0.000,0.000,0.506,2.415,7.484,pompa basenu
2026-04-27 17:00:00,Monday,17,2.578,2.882,0.000,2.790,0.876,0.000,9.126,
2026-04-27 18:00:00,Monday,18,2.461,3.052,0.000,0.000,0.791,0.000,6.304,
2026-04-27 19:00:00,Monday,19,3.096,2.992,0.000,0.000,0.685,0.000,6.773,
2026-04-27 20:00:00,Monday,20,2.491,3.073,0.494,0.000,1.037,0.000,7.095,
2026-04-27 21:00:00,Monday,21,2.719,4.014,0.665,0.000,0.833,0.000,8.231,
2026-04-27 22:00:00,Monday,22,1.950,3.144,0.177,0.000,0.743,10.960,16.974,ładowanie EV
2026-04-27 23:00:00,Monday,23,3.112,3.622,0.000,0.000,0.000,8.108,14.842,ładowanie EV
2026-04-28 00:00:00,Tuesday,0,2.180,3.416,0.000,0.000,0.000,12.294,17.890,ładowanie EV
2026-04-28 01:00:00,Tuesday,1,2.479,3.968,0.000,0.000,0.000,16.613,23.060,ładowanie EV
2026-04-28 02:00:00,Tuesday,2,1.863,3.491,0.000,0.000,0.000,14.230,19.584,ładowanie EV
2026-04-28 03:00:00,Tuesday,3,2.921,4.232,0.000,0.000,0.000,8.498,15.651,ładowanie EV
2026-04-28 04:00:00,Tuesday,4,3.186,4.763,0.000,0.000,0.000,12.604,20.553,ładowanie EV
2026-04-28 05:00:00,Tuesday,5,1.937,5.308,0.000,0.000,0.000,9.499,16.744,ładowanie EV
2026-04-28 06:00:00,Tuesday,6,1.923,4.874,0.000,0.915,0.000,0.000,7.712,
2026-04-28 07:00:00,Tuesday,7,2.640,4.388,0.000,1.044,0.000,0.000,8.072,
2026-04-28 08:00:00,Tuesday,8,2.898,4.043,0.000,1.272,0.000,0.000,8.213,
2026-04-28 09:00:00,Tuesday,9,2.160,3.687,0.000,0.000,0.345,2.493,8.685,pompa basenu
2026-04-28 10:00:00,Tuesday,10,2.132,3.227,0.000,0.000,0.501,4.128,9.988,pompa basenu; pralka
2026-04-28 11:00:00,Tuesday,11,3.043,2.969,0.000,0.000,0.467,1.612,8.091,pompa basenu
2026-04-28 12:00:00,Tuesday,12,2.811,2.498,0.000,2.054,0.324,2.751,10.438,pompa basenu
2026-04-28 13:00:00,Tuesday,13,2.417,2.634,0.000,0.000,0.400,2.509,7.960,pompa basenu
2026-04-28 14:00:00,Tuesday,14,2.574,2.808,0.000,0.000,0.304,2.631,8.317,pompa basenu
2026-04-28 15:00:00,Tuesday,15,3.066,2.751,0.000,0.000,0.320,2.636,8.773,pompa basenu
2026-04-28 16:00:00,Tuesday,16,2.702,2.686,0.000,0.000,0.798,1.456,7.642,pompa basenu
2026-04-28 17:00:00,Tuesday,17,2.360,2.355,0.000,0.000,1.148,0.000,5.863,
2026-04-28 18:00:00,Tuesday,18,1.881,2.569,0.000,4.232,0.731,0.000,9.413,
2026-04-28 19:00:00,Tuesday,19,2.732,2.700,0.000,0.000,0.603,2.521,8.556,zmywarka
2026-04-28 20:00:00,Tuesday,20,2.521,2.778,0.299,0.000,1.102,0.000,6.700,
2026-04-28 21:00:00,Tuesday,21,2.850,3.064,0.274,0.000,1.189,0.000,7.377,
2026-04-28 22:00:00,Tuesday,22,2.351,3.243,0.172,0.000,0.816,9.451,16.033,ładowanie EV
2026-04-28 23:00:00,Tuesday,23,2.293,3.349,0.000,0.000,0.000,12.903,18.545,ładowanie EV
2026-04-29 00:00:00,Wednesday,0,2.560,3.434,0.000,0.000,0.000,15.249,21.243,ładowanie EV
2026-04-29 01:00:00,Wednesday,1,2.967,3.174,0.000,0.000,0.000,13.598,19.739,ładowanie EV
2026-04-29 02:00:00,Wednesday,2,2.408,4.906,0.000,0.000,0.000,14.994,22.308,ładowanie EV
2026-04-29 03:00:00,Wednesday,3,2.387,4.306,0.000,0.000,0.000,15.592,22.285,ładowanie EV
2026-04-29 04:00:00,Wednesday,4,2.475,5.545,0.000,0.000,0.000,12.662,20.682,ładowanie EV
2026-04-29 05:00:00,Wednesday,5,2.650,5.554,0.000,0.000,0.000,9.591,17.795,ładowanie EV
2026-04-29 06:00:00,Wednesday,6,2.075,4.917,0.467,1.327,0.000,0.000,8.786,
2026-04-29 07:00:00,Wednesday,7,2.831,4.910,0.000,0.895,0.000,0.000,8.636,
2026-04-29 08:00:00,Wednesday,8,2.990,4.138,0.000,0.784,0.000,0.000,7.912,
2026-04-29 09:00:00,Wednesday,9,2.677,3.434,0.000,0.000,0.308,1.932,8.351,pompa basenu
2026-04-29 10:00:00,Wednesday,10,2.610,3.015,0.000,0.000,0.428,1.787,7.840,pompa basenu
2026-04-29 11:00:00,Wednesday,11,3.082,3.135,0.000,0.000,0.511,1.410,8.138,pompa basenu
2026-04-29 12:00:00,Wednesday,12,2.670,2.801,0.000,0.000,0.504,2.266,8.241,pompa basenu
2026-04-29 13:00:00,Wednesday,13,2.091,2.578,0.000,0.794,0.400,1.983,7.846,pompa basenu
2026-04-29 14:00:00,Wednesday,14,2.415,2.220,0.000,0.000,0.299,1.582,6.516,pompa basenu
2026-04-29 15:00:00,Wednesday,15,2.981,1.845,0.000,0.000,0.382,1.874,7.082,pompa basenu
2026-04-29 16:00:00,Wednesday,16,2.022,1.994,0.000,0.000,0.573,2.705,7.294,pompa basenu
2026-04-29 17:00:00,Wednesday,17,2.990,1.879,0.000,6.704,1.005,0.000,12.578,
2026-04-29 18:00:00,Wednesday,18,3.105,1.773,0.000,0.000,0.720,0.000,5.598,
2026-04-29 19:00:00,Wednesday,19,2.746,2.236,0.000,0.000,0.573,2.654,8.209,zmywarka
2026-04-29 20:00:00,Wednesday,20,2.413,2.049,0.529,0.000,0.656,0.000,5.647,
2026-04-29 21:00:00,Wednesday,21,2.707,2.088,0.251,0.000,0.531,0.000,5.577,
2026-04-29 22:00:00,Wednesday,22,3.020,2.139,0.331,0.000,0.591,8.942,15.023,ładowanie EV
2026-04-29 23:00:00,Wednesday,23,3.179,2.583,0.000,0.000,0.000,9.727,15.489,ładowanie EV
2026-04-30 00:00:00,Thursday,0,3.165,2.139,0.000,0.000,0.000,16.797,22.101,ładowanie EV
2026-04-30 01:00:00,Thursday,1,1.895,2.491,0.000,0.000,0.000,15.219,19.605,ładowanie EV
2026-04-30 02:00:00,Thursday,2,1.904,3.268,0.000,0.000,0.000,15.950,21.122,ładowanie EV
2026-04-30 03:00:00,Thursday,3,2.654,3.717,0.000,0.000,0.000,10.907,17.278,ładowanie EV
2026-04-30 04:00:00,Thursday,4,2.417,3.754,0.000,0.000,0.000,8.075,14.246,ładowanie EV
2026-04-30 05:00:00,Thursday,5,2.180,3.622,0.000,0.000,0.000,12.429,18.231,ładowanie EV
2026-04-30 06:00:00,Thursday,6,3.144,4.391,0.000,1.024,0.000,0.000,8.559,
2026-04-30 07:00:00,Thursday,7,2.045,3.560,0.000,1.359,0.000,0.000,6.964,
2026-04-30 08:00:00,Thursday,8,2.804,3.126,0.000,1.116,0.000,0.000,7.046,
2026-04-30 09:00:00,Thursday,9,3.018,2.553,0.000,0.000,0.407,2.380,8.358,pompa basenu
2026-04-30 10:00:00,Thursday,10,2.268,1.812,0.000,0.000,0.299,2.316,6.695,pompa basenu
2026-04-30 11:00:00,Thursday,11,2.834,1.520,0.000,0.000,0.462,1.661,6.477,pompa basenu
2026-04-30 12:00:00,Thursday,12,2.286,1.389,0.000,1.509,0.347,2.656,8.187,pompa basenu
2026-04-30 13:00:00,Thursday,13,2.360,1.182,0.000,0.000,0.402,2.601,6.545,pompa basenu
2026-04-30 14:00:00,Thursday,14,2.659,0.800,0.000,0.000,0.285,1.916,5.660,pompa basenu
2026-04-30 15:00:00,Thursday,15,3.211,0.800,0.000,0.000,0.665,2.070,6.746,pompa basenu
2026-04-30 16:00:00,Thursday,16,3.091,0.683,0.000,0.000,0.453,2.109,6.336,pompa basenu
2026-04-30 17:00:00,Thursday,17,2.026,0.745,0.000,0.000,1.143,0.000,3.914,
2026-04-30 18:00:00,Thursday,18,2.995,0.920,0.000,6.231,1.111,0.000,11.257,
2026-04-30 19:00:00,Thursday,19,2.560,1.339,0.000,0.000,1.162,0.000,5.061,
2026-04-30 20:00:00,Thursday,20,1.874,1.405,0.596,0.000,0.846,2.266,6.987,zmywarka
2026-04-30 21:00:00,Thursday,21,3.064,1.861,0.559,0.000,0.821,0.000,6.305,
2026-04-30 22:00:00,Thursday,22,2.827,1.610,0.120,0.000,0.902,14.398,19.857,ładowanie EV
2026-04-30 23:00:00,Thursday,23,2.141,1.741,0.000,0.000,0.000,12.268,16.150,ładowanie EV
2026-05-01 00:00:00,Friday,0,2.118,2.130,0.000,0.000,0.000,15.909,20.157,ładowanie EV
2026-05-01 01:00:00,Friday,1,2.654,2.001,0.000,0.000,0.000,16.070,20.725,ładowanie EV
2026-05-01 02:00:00,Friday,2,2.716,2.647,0.000,0.000,0.000,12.544,17.907,ładowanie EV
2026-05-01 03:00:00,Friday,3,2.226,3.319,0.000,0.000,0.000,14.046,19.591,ładowanie EV
2026-05-01 04:00:00,Friday,4,2.739,3.031,0.000,0.000,0.000,13.621,19.391,ładowanie EV
2026-05-01 05:00:00,Friday,5,3.084,3.524,0.000,0.000,0.000,11.532,18.140,ładowanie EV
2026-05-01 06:00:00,Friday,6,2.155,4.614,0.000,1.189,0.000,0.000,7.958,
2026-05-01 07:00:00,Friday,7,2.408,4.352,0.000,0.961,0.000,0.000,7.721,
2026-05-01 08:00:00,Friday,8,2.341,2.910,0.000,1.088,0.000,0.000,6.339,
2026-05-01 09:00:00,Friday,9,2.245,2.470,0.000,0.000,0.359,1.548,6.622,pompa basenu
2026-05-01 10:00:00,Friday,10,2.650,1.559,0.000,0.000,0.442,1.948,6.599,pompa basenu
2026-05-01 11:00:00,Friday,11,2.321,1.060,0.000,0.000,0.361,2.574,6.316,pompa basenu
2026-05-01 12:00:00,Friday,12,2.116,0.605,0.000,0.000,0.315,1.658,4.694,pompa basenu
2026-05-01 13:00:00,Friday,13,2.498,0.575,0.000,1.964,0.288,2.300,7.625,pompa basenu
2026-05-01 14:00:00,Friday,14,2.542,0.497,0.000,0.000,0.352,1.978,5.369,pompa basenu
2026-05-01 15:00:00,Friday,15,1.861,0.000,0.000,0.000,0.828,1.619,4.308,pompa basenu
2026-05-01 16:00:00,Friday,16,2.422,0.000,0.000,0.000,0.800,2.346,5.568,pompa basenu
2026-05-01 17:00:00,Friday,17,3.094,0.559,0.000,3.220,1.021,0.000,7.894,
2026-05-01 18:00:00,Friday,18,2.404,0.812,0.000,0.000,0.945,0.000,4.161,
2026-05-01 19:00:00,Friday,19,2.981,1.392,0.000,0.000,1.063,0.000,5.436,
2026-05-01 20:00:00,Friday,20,2.735,1.493,0.000,0.000,0.929,0.000,5.157,
2026-05-01 21:00:00,Friday,21,2.815,1.695,0.534,0.000,0.531,0.000,5.575,
2026-05-01 22:00:00,Friday,22,2.502,1.120,0.340,0.000,0.711,10.534,15.207,ładowanie EV
2026-05-01 23:00:00,Friday,23,2.486,0.961,0.000,0.000,0.000,14.980,18.427,ładowanie EV
2026-05-02 00:00:00,Saturday,0,2.988,1.481,0.000,0.000,0.000,11.716,16.185,ładowanie EV
2026-05-02 01:00:00,Saturday,1,2.716,1.927,0.000,0.000,0.000,10.575,15.218,ładowanie EV
2026-05-02 02:00:00,Saturday,2,2.794,2.429,0.000,0.000,0.000,10.573,15.796,ładowanie EV
2026-05-02 03:00:00,Saturday,3,3.011,2.399,0.000,0.000,0.000,13.434,18.844,ładowanie EV
2026-05-02 04:00:00,Saturday,4,1.960,2.360,0.000,0.000,0.000,13.956,18.276,ładowanie EV
2026-05-02 05:00:00,Saturday,5,2.776,2.288,0.000,0.000,0.000,12.252,17.316,ładowanie EV
2026-05-02 06:00:00,Saturday,6,2.042,2.822,0.000,0.812,0.000,0.000,5.676,
2026-05-02 07:00:00,Saturday,7,2.530,2.645,0.000,0.637,0.000,0.000,5.812,
2026-05-02 08:00:00,Saturday,8,1.962,1.987,0.000,1.021,0.000,0.000,4.970,
2026-05-02 09:00:00,Saturday,9,2.282,1.628,0.000,0.000,0.405,2.689,7.004,pompa basenu
2026-05-02 10:00:00,Saturday,10,2.571,1.585,0.000,0.000,0.658,3.197,8.011,pompa basenu; pralka
2026-05-02 11:00:00,Saturday,11,2.514,1.228,0.000,0.000,0.437,2.507,6.686,pompa basenu
2026-05-02 12:00:00,Saturday,12,3.112,0.874,0.000,2.666,0.218,1.555,8.425,pompa basenu
2026-05-02 13:00:00,Saturday,13,3.202,0.688,0.000,0.000,0.398,4.977,9.265,pompa basenu; zmywarka
2026-05-02 14:00:00,Saturday,14,2.139,0.736,0.000,0.000,0.290,2.737,5.902,pompa basenu
2026-05-02 15:00:00,Saturday,15,2.450,0.621,0.000,0.000,0.228,2.606,5.905,pompa basenu
2026-05-02 16:00:00,Saturday,16,2.114,0.504,0.000,0.000,0.317,2.592,5.527,pompa basenu
2026-05-02 17:00:00,Saturday,17,2.838,0.000,0.000,3.576,1.184,0.000,7.598,
2026-05-02 18:00:00,Saturday,18,2.574,0.000,0.000,0.000,0.814,0.000,3.388,
2026-05-02 19:00:00,Saturday,19,1.868,0.000,0.000,0.000,1.049,16.850,19.767,sauna
2026-05-02 20:00:00,Saturday,20,2.144,0.000,0.000,0.000,0.964,17.287,20.395,sauna
2026-05-02 21:00:00,Saturday,21,2.668,0.644,0.315,0.000,0.766,18.007,22.400,sauna
2026-05-02 22:00:00,Saturday,22,2.017,0.000,0.228,0.000,0.607,8.186,11.038,ładowanie EV
2026-05-02 23:00:00,Saturday,23,1.920,0.000,0.000,0.000,0.000,11.226,13.146,ładowanie EV
2026-05-03 00:00:00,Sunday,0,2.629,0.000,0.000,0.000,0.000,9.126,11.755,ładowanie EV
2026-05-03 01:00:00,Sunday,1,2.314,0.632,0.000,0.000,0.000,14.870,17.816,ładowanie EV
2026-05-03 02:00:00,Sunday,2,2.815,0.929,0.000,0.000,0.000,11.178,14.922,ładowanie EV
2026-05-03 03:00:00,Sunday,3,2.348,1.394,0.000,0.000,0.000,9.313,13.055,ładowanie EV
2026-05-03 04:00:00,Sunday,4,1.978,1.479,0.000,0.000,0.000,14.695,18.152,ładowanie EV
2026-05-03 05:00:00,Sunday,5,3.137,1.964,0.000,0.000,0.000,16.270,21.371,ładowanie EV
2026-05-03 06:00:00,Sunday,6,3.211,2.615,0.000,1.090,0.000,0.000,6.916,
2026-05-03 07:00:00,Sunday,7,2.392,2.291,0.000,0.692,0.000,0.000,5.375,
2026-05-03 08:00:00,Sunday,8,2.627,2.082,0.000,1.116,0.000,0.000,5.825,
2026-05-03 09:00:00,Sunday,9,2.404,1.955,0.000,0.000,0.577,1.569,6.505,pompa basenu
2026-05-03 10:00:00,Sunday,10,2.178,1.812,0.000,0.000,0.713,1.509,6.212,pompa basenu
2026-05-03 11:00:00,Sunday,11,3.018,1.332,0.000,0.000,0.448,2.380,7.178,pompa basenu
2026-05-03 12:00:00,Sunday,12,3.151,1.162,0.000,2.836,0.405,1.690,9.244,pompa basenu
2026-05-03 13:00:00,Sunday,13,2.689,1.203,0.000,0.000,0.743,4.515,9.150,pompa basenu; zmywarka
2026-05-03 14:00:00,Sunday,14,3.140,1.854,0.000,0.000,0.225,2.088,7.307,pompa basenu
2026-05-03 15:00:00,Sunday,15,1.904,1.136,0.000,0.000,0.837,1.746,5.623,pompa basenu
2026-05-03 16:00:00,Sunday,16,3.013,1.044,0.000,0.000,0.481,2.698,7.236,pompa basenu
2026-05-03 17:00:00,Sunday,17,2.052,1.382,0.000,0.000,0.543,0.000,3.977,
2026-05-03 18:00:00,Sunday,18,2.452,1.638,0.000,3.830,0.828,0.000,8.748,
2026-05-03 19:00:00,Sunday,19,2.707,1.833,0.000,0.000,1.116,17.855,23.511,sauna
2026-05-03 20:00:00,Sunday,20,3.179,1.953,0.000,0.000,0.605,16.282,22.019,sauna
2026-05-03 21:00:00,Sunday,21,2.935,1.893,0.322,0.000,0.561,15.281,20.992,sauna
2026-05-03 22:00:00,Sunday,22,3.140,1.884,0.315,0.000,1.019,12.494,18.852,ładowanie EV
2026-05-03 23:00:00,Sunday,23,3.052,2.082,0.000,0.000,0.000,13.156,18.290,ładowanie EV
2026-05-04 00:00:00,Monday,0,2.065,1.964,0.000,0.000,0.000,16.325,20.354,ładowanie EV
2026-05-04 01:00:00,Monday,1,3.100,2.362,0.000,0.000,0.000,15.389,20.851,ładowanie EV
2026-05-04 02:00:00,Monday,2,3.038,1.748,0.000,0.000,0.000,16.222,21.008,ładowanie EV
2026-05-04 03:00:00,Monday,3,2.813,1.969,0.000,0.000,0.000,14.035,18.817,ładowanie EV
2026-05-04 04:00:00,Monday,4,2.682,2.318,0.000,0.000,0.000,10.842,15.842,ładowanie EV
2026-05-04 05:00:00,Monday,5,2.183,1.532,0.000,0.000,0.000,14.987,18.702,ładowanie EV
2026-05-04 06:00:00,Monday,6,2.944,2.079,0.000,1.283,0.000,0.000,6.306,
2026-05-04 07:00:00,Monday,7,2.594,2.104,0.000,1.024,0.000,0.000,5.722,
2026-05-04 08:00:00,Monday,8,2.008,2.012,0.000,0.780,0.000,0.000,4.800,
2026-05-04 09:00:00,Monday,9,2.569,2.056,0.000,0.000,0.317,2.082,7.024,pompa basenu
2026-05-04 10:00:00,Monday,10,2.707,2.583,0.000,0.000,0.472,2.429,8.191,pompa basenu
2026-05-04 11:00:00,Monday,11,2.594,2.192,0.000,0.000,0.301,2.482,7.569,pompa basenu
2026-05-04 12:00:00,Monday,12,2.574,1.776,0.000,1.290,0.474,1.677,7.791,pompa basenu
2026-05-04 13:00:00,Monday,13,2.684,1.477,0.000,0.000,0.368,2.029,6.558,pompa basenu
2026-05-04 14:00:00,Monday,14,3.022,1.235,0.000,0.000,0.787,2.707,7.751,pompa basenu
2026-05-04 15:00:00,Monday,15,2.737,1.035,0.000,0.000,0.734,1.463,5.969,pompa basenu
2026-05-04 16:00:00,Monday,16,3.018,1.346,0.000,0.000,0.646,2.730,7.740,pompa basenu
2026-05-04 17:00:00,Monday,17,2.684,1.470,0.000,11.613,0.702,0.000,16.469,goście
2026-05-04 18:00:00,Monday,18,2.946,1.688,0.000,0.000,0.692,0.000,5.326,goście
2026-05-04 19:00:00,Monday,19,2.238,1.580,0.000,0.000,0.957,0.000,4.775,goście
2026-05-04 20:00:00,Monday,20,2.882,1.948,0.000,0.000,1.129,2.408,8.367,goście; zmywarka
2026-05-04 21:00:00,Monday,21,3.190,1.987,0.621,0.000,1.021,0.000,6.819,goście
2026-05-04 22:00:00,Monday,22,3.064,2.226,0.136,0.000,0.856,11.484,17.766,ładowanie EV
2026-05-04 23:00:00,Monday,23,2.199,2.176,0.000,0.000,0.000,12.990,17.365,ładowanie EV
2026-05-05 00:00:00,Tuesday,0,2.190,2.677,0.000,0.000,0.000,15.700,20.567,ładowanie EV
2026-05-05 01:00:00,Tuesday,1,2.808,2.482,0.000,0.000,0.000,16.270,21.560,ładowanie EV
2026-05-05 02:00:00,Tuesday,2,3.167,2.723,0.000,0.000,0.000,15.688,21.578,ładowanie EV
2026-05-05 03:00:00,Tuesday,3,3.057,3.126,0.000,0.000,0.000,16.144,22.327,ładowanie EV
2026-05-05 04:00:00,Tuesday,4,2.114,3.271,0.000,0.000,0.000,13.188,18.573,ładowanie EV
2026-05-05 05:00:00,Tuesday,5,1.861,3.671,0.000,0.000,0.000,12.625,18.157,ładowanie EV
2026-05-05 06:00:00,Tuesday,6,2.590,4.294,0.000,0.715,0.000,0.000,7.599,
2026-05-05 07:00:00,Tuesday,7,2.516,4.342,0.000,0.798,0.000,0.000,7.656,
2026-05-05 08:00:00,Tuesday,8,2.624,3.862,0.000,1.214,0.000,0.000,7.700,
2026-05-05 09:00:00,Tuesday,9,2.976,2.746,0.000,0.000,0.741,2.284,8.747,praca zdalna; pompa basenu
2026-05-05 10:00:00,Tuesday,10,3.165,2.889,0.000,0.000,0.816,1.812,8.682,praca zdalna; pompa basenu
2026-05-05 11:00:00,Tuesday,11,1.865,2.523,0.000,0.000,0.883,1.973,7.244,praca zdalna; pompa basenu
2026-05-05 12:00:00,Tuesday,12,2.374,2.006,0.000,0.000,0.683,2.176,7.239,praca zdalna; pompa basenu
2026-05-05 13:00:00,Tuesday,13,1.902,2.256,0.000,0.692,0.759,2.735,8.344,praca zdalna; pompa basenu
2026-05-05 14:00:00,Tuesday,14,2.192,1.750,0.000,0.000,1.074,2.599,7.615,praca zdalna; pompa basenu
2026-05-05 15:00:00,Tuesday,15,3.061,2.036,0.000,0.000,0.656,1.509,7.262,praca zdalna; pompa basenu
2026-05-05 16:00:00,Tuesday,16,2.700,2.123,0.000,0.000,0.570,1.640,7.033,praca zdalna; pompa basenu
2026-05-05 17:00:00,Tuesday,17,3.215,2.056,0.000,0.000,0.731,0.000,6.002,
2026-05-05 18:00:00,Tuesday,18,1.856,1.960,0.000,4.154,0.552,0.000,8.522,
2026-05-05 19:00:00,Tuesday,19,2.160,2.721,0.000,0.000,0.734,2.171,7.786,zmywarka
2026-05-05 20:00:00,Tuesday,20,2.910,2.712,0.000,0.000,0.867,0.000,6.489,
2026-05-05 21:00:00,Tuesday,21,2.654,3.300,0.393,0.000,1.155,0.000,7.502,
2026-05-05 22:00:00,Tuesday,22,2.084,3.043,0.248,0.000,0.867,16.700,22.942,ładowanie EV
2026-05-05 23:00:00,Tuesday,23,2.201,3.107,0.000,0.000,0.000,8.963,14.271,ładowanie EV
2026-05-06 00:00:00,Wednesday,0,3.195,3.174,0.000,0.000,0.000,11.072,17.441,ładowanie EV
2026-05-06 01:00:00,Wednesday,1,2.546,3.266,0.000,0.000,0.000,10.943,16.755,ładowanie EV
2026-05-06 02:00:00,Wednesday,2,1.962,3.572,0.000,0.000,0.000,10.573,16.107,ładowanie EV
2026-05-06 03:00:00,Wednesday,3,2.272,3.089,0.000,0.000,0.000,15.762,21.123,ładowanie EV
2026-05-06 04:00:00,Wednesday,4,2.829,3.772,0.000,0.000,0.000,15.136,21.737,ładowanie EV
2026-05-06 05:00:00,Wednesday,5,2.794,4.179,0.000,0.000,0.000,8.657,15.630,ładowanie EV
2026-05-06 06:00:00,Wednesday,6,2.286,4.754,0.000,1.293,0.000,0.000,8.333,
2026-05-06 07:00:00,Wednesday,7,2.912,4.759,0.000,0.738,0.000,0.000,8.409,
2026-05-06 08:00:00,Wednesday,8,2.877,4.575,0.000,0.529,0.000,0.000,7.981,
2026-05-06 09:00:00,Wednesday,9,2.259,3.188,0.000,0.000,0.324,2.376,8.147,pompa basenu
2026-05-06 10:00:00,Wednesday,10,3.073,3.422,0.000,0.000,0.462,1.730,8.687,pompa basenu
2026-05-06 11:00:00,Wednesday,11,3.158,2.799,0.000,0.000,0.343,2.323,8.623,pompa basenu
2026-05-06 12:00:00,Wednesday,12,2.167,2.334,0.000,0.000,0.511,2.217,7.229,pompa basenu
2026-05-06 13:00:00,Wednesday,13,2.567,2.240,0.000,1.693,0.407,2.114,9.021,pompa basenu
2026-05-06 14:00:00,Wednesday,14,2.277,2.070,0.000,0.000,0.460,2.316,7.123,pompa basenu
2026-05-06 15:00:00,Wednesday,15,3.176,1.803,0.000,0.000,0.540,2.042,7.561,pompa basenu
2026-05-06 16:00:00,Wednesday,16,2.003,2.307,0.000,0.000,0.853,2.484,7.647,pompa basenu
2026-05-06 17:00:00,Wednesday,17,2.735,2.374,0.000,0.000,1.053,0.000,6.162,
2026-05-06 18:00:00,Wednesday,18,3.011,2.512,0.000,2.868,0.667,0.000,9.058,
2026-05-06 19:00:00,Wednesday,19,2.015,2.673,0.000,0.000,1.129,0.000,5.817,
2026-05-06 20:00:00,Wednesday,20,2.601,2.889,0.000,0.000,0.943,2.615,9.048,zmywarka
2026-05-06 21:00:00,Wednesday,21,3.100,3.011,0.531,0.000,0.690,0.000,7.332,
2026-05-06 22:00:00,Wednesday,22,2.107,3.264,0.191,0.000,0.869,12.924,19.355,ładowanie EV
2026-05-06 23:00:00,Wednesday,23,1.932,2.794,0.000,0.000,0.000,13.333,18.059,ładowanie EV
2026-05-07 00:00:00,Thursday,0,2.666,3.574,0.000,0.000,0.000,8.570,14.810,ładowanie EV
2026-05-07 01:00:00,Thursday,1,2.647,2.995,0.000,0.000,0.000,16.272,21.914,ładowanie EV
2026-05-07 02:00:00,Thursday,2,3.169,4.076,0.000,0.000,0.000,13.841,21.086,ładowanie EV
2026-05-07 03:00:00,Thursday,3,2.650,4.625,0.000,0.000,0.000,14.676,21.951,ładowanie EV
2026-05-07 04:00:00,Thursday,4,2.907,4.480,0.000,0.000,0.000,8.464,15.851,ładowanie EV
2026-05-07 05:00:00,Thursday,5,2.012,3.572,0.000,0.000,0.000,8.229,13.813,ładowanie EV
2026-05-07 06:00:00,Thursday,6,2.953,4.591,0.000,1.070,0.000,0.000,8.614,
2026-05-07 07:00:00,Thursday,7,2.712,3.864,0.000,1.141,0.000,0.000,7.717,
2026-05-07 08:00:00,Thursday,8,2.369,3.811,0.000,0.800,0.000,0.000,6.980,
2026-05-07 09:00:00,Thursday,9,2.972,2.689,0.000,0.000,0.835,2.045,8.541,praca zdalna; pompa basenu
2026-05-07 10:00:00,Thursday,10,2.111,2.969,0.000,0.000,0.807,2.231,8.118,praca zdalna; pompa basenu
2026-05-07 11:00:00,Thursday,11,2.118,2.213,0.000,0.000,0.702,2.328,7.361,praca zdalna; pompa basenu
2026-05-07 12:00:00,Thursday,12,3.073,2.360,0.000,1.348,0.665,1.762,9.208,praca zdalna; pompa basenu
2026-05-07 13:00:00,Thursday,13,3.013,2.178,0.000,0.000,0.954,2.436,8.581,praca zdalna; pompa basenu
2026-05-07 14:00:00,Thursday,14,2.988,2.137,0.000,0.000,1.109,1.674,7.908,praca zdalna; pompa basenu
2026-05-07 15:00:00,Thursday,15,2.709,1.898,0.000,0.000,1.184,2.079,7.870,praca zdalna; pompa basenu
2026-05-07 16:00:00,Thursday,16,2.843,2.190,0.000,0.000,0.895,1.389,7.317,praca zdalna; pompa basenu
2026-05-07 17:00:00,Thursday,17,2.739,1.948,0.000,3.432,0.766,0.000,8.885,
2026-05-07 18:00:00,Thursday,18,2.608,2.109,0.000,0.000,1.021,0.000,5.738,
2026-05-07 19:00:00,Thursday,19,2.721,2.415,0.000,0.000,0.577,2.314,8.027,zmywarka
2026-05-07 20:00:00,Thursday,20,2.001,2.450,0.000,0.000,1.143,0.000,5.594,
2026-05-07 21:00:00,Thursday,21,1.966,3.096,0.511,0.000,1.010,0.000,6.583,
2026-05-07 22:00:00,Thursday,22,1.893,2.399,0.281,0.000,0.768,9.034,14.375,ładowanie EV
2026-05-07 23:00:00,Thursday,23,2.157,2.401,0.000,0.000,0.000,14.469,19.027,ładowanie EV
2026-05-08 00:00:00,Friday,0,3.202,2.521,0.000,0.000,0.000,11.116,16.839,ładowanie EV
2026-05-08 01:00:00,Friday,1,2.919,2.910,0.000,0.000,0.000,15.419,21.248,ładowanie EV
2026-05-08 02:00:00,Friday,2,2.077,4.237,0.000,0.000,0.000,9.665,15.979,ładowanie EV
2026-05-08 03:00:00,Friday,3,2.528,4.393,0.000,0.000,0.000,9.775,16.696,ładowanie EV
2026-05-08 04:00:00,Friday,4,2.493,4.561,0.000,0.000,0.000,8.549,15.603,ładowanie EV
2026-05-08 05:00:00,Friday,5,3.174,3.834,0.000,0.000,0.000,12.627,19.635,ładowanie EV
2026-05-08 06:00:00,Friday,6,1.969,4.618,0.000,0.883,0.000,0.000,7.470,
2026-05-08 07:00:00,Friday,7,2.668,4.172,0.000,0.987,0.000,0.000,7.827,
2026-05-08 08:00:00,Friday,8,3.172,3.066,0.000,0.706,0.000,0.000,6.944,
2026-05-08 09:00:00,Friday,9,2.309,3.443,0.000,0.000,0.423,1.596,7.771,pompa basenu
2026-05-08 10:00:00,Friday,10,3.153,2.392,0.000,0.000,0.409,1.401,7.355,pompa basenu
2026-05-08 11:00:00,Friday,11,2.031,2.367,0.000,0.000,0.320,2.086,6.804,pompa basenu
2026-05-08 12:00:00,Friday,12,2.493,1.992,0.000,0.000,0.492,2.358,7.335,pompa basenu
2026-05-08 13:00:00,Friday,13,3.004,1.964,0.000,1.557,0.310,4.421,11.256,pompa basenu; pralka
2026-05-08 14:00:00,Friday,14,2.765,2.118,0.000,0.000,0.481,2.500,7.864,pompa basenu
2026-05-08 15:00:00,Friday,15,2.507,2.491,0.000,0.000,0.750,2.518,8.266,pompa basenu
2026-05-08 16:00:00,Friday,16,2.245,2.132,0.000,0.000,0.564,2.328,7.269,pompa basenu
2026-05-08 17:00:00,Friday,17,2.866,1.898,0.000,0.000,0.775,0.000,5.539,
2026-05-08 18:00:00,Friday,18,2.024,2.040,0.000,5.515,0.748,0.000,10.327,
2026-05-08 19:00:00,Friday,19,2.496,1.992,0.000,0.000,0.982,0.000,5.470,
2026-05-08 20:00:00,Friday,20,2.406,1.992,0.000,0.000,0.932,0.000,5.330,
2026-05-08 21:00:00,Friday,21,1.920,2.811,0.465,0.000,0.846,0.000,6.042,
2026-05-08 22:00:00,Friday,22,2.012,2.454,0.200,0.000,0.676,15.950,21.292,ładowanie EV
2026-05-08 23:00:00,Friday,23,1.904,2.576,0.000,0.000,0.000,12.376,16.856,ładowanie EV
2026-05-09 00:00:00,Saturday,0,2.502,2.916,0.000,0.000,0.000,9.589,15.007,ładowanie EV
2026-05-09 01:00:00,Saturday,1,1.953,2.811,0.000,0.000,0.000,11.514,16.278,ładowanie EV
2026-05-09 02:00:00,Saturday,2,2.670,3.455,0.000,0.000,0.000,11.420,17.545,ładowanie EV
2026-05-09 03:00:00,Saturday,3,3.066,4.016,0.000,0.000,0.000,13.694,20.776,ładowanie EV
2026-05-09 04:00:00,Saturday,4,2.530,4.386,0.000,0.000,0.000,15.231,22.147,ładowanie EV
2026-05-09 05:00:00,Saturday,5,2.790,3.790,0.000,0.000,0.000,10.743,17.323,ładowanie EV
2026-05-09 06:00:00,Saturday,6,3.059,4.501,0.000,1.113,0.000,0.000,8.673,
2026-05-09 07:00:00,Saturday,7,1.962,4.131,0.000,0.649,0.000,0.000,6.742,
2026-05-09 08:00:00,Saturday,8,2.666,3.284,0.000,0.734,0.000,0.000,6.684,
2026-05-09 09:00:00,Saturday,9,2.673,3.459,0.000,0.000,0.766,1.948,8.846,pompa basenu
2026-05-09 10:00:00,Saturday,10,2.944,2.942,0.000,0.000,0.584,2.065,8.535,pompa basenu
2026-05-09 11:00:00,Saturday,11,2.275,2.578,0.000,0.000,0.267,2.279,7.399,pompa basenu
2026-05-09 12:00:00,Saturday,12,3.006,1.785,0.000,2.650,0.267,2.438,10.146,pompa basenu
2026-05-09 13:00:00,Saturday,13,2.811,1.863,0.000,0.000,0.704,4.782,10.160,pompa basenu; zmywarka
2026-05-09 14:00:00,Saturday,14,3.041,1.918,0.000,0.000,0.697,2.555,8.211,pompa basenu
2026-05-09 15:00:00,Saturday,15,2.245,1.644,0.000,0.000,0.665,2.592,7.146,pompa basenu
2026-05-09 16:00:00,Saturday,16,2.859,2.183,0.000,0.000,0.232,1.550,6.824,pompa basenu
2026-05-09 17:00:00,Saturday,17,2.031,2.486,0.000,0.000,1.116,0.000,5.633,
2026-05-09 18:00:00,Saturday,18,2.967,2.719,0.000,3.501,0.849,0.000,10.036,
2026-05-09 19:00:00,Saturday,19,2.896,3.066,0.000,0.000,1.102,15.950,23.014,sauna
2026-05-09 20:00:00,Saturday,20,3.015,3.162,0.000,0.000,0.874,20.206,27.257,sauna
2026-05-09 21:00:00,Saturday,21,2.337,2.801,0.416,0.000,1.076,18.444,25.074,sauna
2026-05-09 22:00:00,Saturday,22,2.765,3.041,0.216,0.000,1.208,10.276,17.506,ładowanie EV
2026-05-09 23:00:00,Saturday,23,3.089,2.726,0.000,0.000,0.000,16.443,22.258,ładowanie EV
2026-05-10 00:00:00,Sunday,0,2.387,3.273,0.000,0.000,0.000,13.862,19.522,ładowanie EV
2026-05-10 01:00:00,Sunday,1,3.142,2.965,0.000,0.000,0.000,12.040,18.147,ładowanie EV
2026-05-10 02:00:00,Sunday,2,3.259,3.648,0.000,0.000,0.000,16.666,23.573,ładowanie EV
2026-05-10 03:00:00,Sunday,3,2.900,3.094,0.000,0.000,0.000,14.794,20.788,ładowanie EV
2026-05-10 04:00:00,Sunday,4,3.238,3.620,0.000,0.000,0.000,14.711,21.569,ładowanie EV
2026-05-10 05:00:00,Sunday,5,2.056,3.965,0.000,0.000,0.000,16.056,22.077,ładowanie EV
2026-05-10 06:00:00,Sunday,6,1.852,4.092,0.000,0.768,0.000,0.000,6.712,
2026-05-10 07:00:00,Sunday,7,1.983,3.825,0.000,1.348,0.000,0.000,7.156,
2026-05-10 08:00:00,Sunday,8,2.997,2.861,0.000,0.984,0.000,0.000,6.842,
2026-05-10 09:00:00,Sunday,9,3.169,3.420,0.000,0.000,0.660,2.238,9.487,pompa basenu
2026-05-10 10:00:00,Sunday,10,2.571,3.275,0.000,0.000,0.704,2.293,8.843,pompa basenu
2026-05-10 11:00:00,Sunday,11,2.079,2.270,0.000,0.000,0.310,1.973,6.632,pompa basenu
2026-05-10 12:00:00,Sunday,12,2.850,2.629,0.000,1.585,0.699,1.932,9.695,pompa basenu
2026-05-10 13:00:00,Sunday,13,2.194,2.109,0.000,0.000,0.285,1.449,6.037,pompa basenu
2026-05-10 14:00:00,Sunday,14,2.210,1.725,0.000,0.000,0.540,5.414,9.889,pompa basenu; zmywarka
2026-05-10 15:00:00,Sunday,15,2.024,1.847,0.000,0.000,0.777,2.712,7.360,pompa basenu
2026-05-10 16:00:00,Sunday,16,2.528,2.277,0.000,0.000,0.524,1.787,7.116,pompa basenu
2026-05-10 17:00:00,Sunday,17,2.496,2.084,0.000,0.000,0.764,0.000,5.344,
2026-05-10 18:00:00,Sunday,18,2.284,2.360,0.000,2.772,0.929,0.000,8.345,
2026-05-10 19:00:00,Sunday,19,2.369,2.185,0.000,0.000,0.644,16.758,21.956,sauna
2026-05-10 20:00:00,Sunday,20,2.900,2.514,0.000,0.000,0.994,16.689,23.097,sauna
2026-05-10 21:00:00,Sunday,21,1.980,2.914,0.262,0.000,1.205,15.962,22.323,sauna
2026-05-10 22:00:00,Sunday,22,3.022,2.680,0.120,0.000,0.996,11.279,18.097,ładowanie EV
2026-05-10 23:00:00,Sunday,23,2.859,2.939,0.000,0.000,0.000,11.696,17.494,ładowanie EV
2026-05-11 00:00:00,Monday,0,1.960,2.956,0.000,0.000,0.000,16.008,20.924,ładowanie EV
2026-05-11 01:00:00,Monday,1,2.061,2.663,0.000,0.000,0.000,8.544,13.268,ładowanie EV
2026-05-11 02:00:00,Monday,2,2.330,3.312,0.000,0.000,0.000,16.983,22.625,ładowanie EV
2026-05-11 03:00:00,Monday,3,3.043,3.597,0.000,0.000,0.000,10.672,17.312,ładowanie EV
2026-05-11 04:00:00,Monday,4,2.765,3.462,0.000,0.000,0.000,16.134,22.361,ładowanie EV
2026-05-11 05:00:00,Monday,5,2.171,3.760,0.000,0.000,0.000,9.927,15.858,ładowanie EV
2026-05-11 06:00:00,Monday,6,2.065,3.889,0.000,0.922,0.000,0.000,6.876,
2026-05-11 07:00:00,Monday,7,2.870,3.673,0.000,1.104,0.000,0.000,7.647,
2026-05-11 08:00:00,Monday,8,2.893,3.489,0.000,0.814,0.000,0.000,7.196,
2026-05-11 09:00:00,Monday,9,2.019,3.804,0.000,0.000,0.432,2.696,8.951,pompa basenu
2026-05-11 10:00:00,Monday,10,2.588,3.404,0.000,0.000,0.382,1.937,8.311,pompa basenu
2026-05-11 11:00:00,Monday,11,2.436,3.786,0.000,0.000,0.499,2.613,9.334,pompa basenu
2026-05-11 12:00:00,Monday,12,2.942,3.119,0.000,0.000,0.389,1.504,7.954,pompa basenu
2026-05-11 13:00:00,Monday,13,2.972,2.967,0.000,0.713,0.476,2.661,9.789,pompa basenu
2026-05-11 14:00:00,Monday,14,3.022,3.105,0.000,0.000,0.614,1.656,8.397,pompa basenu
2026-05-11 15:00:00,Monday,15,2.431,3.020,0.000,0.000,0.288,2.597,8.336,pompa basenu
2026-05-11 16:00:00,Monday,16,2.176,3.068,0.000,0.000,0.405,2.277,7.926,pompa basenu
2026-05-11 17:00:00,Monday,17,2.652,3.121,0.000,0.000,0.948,0.000,6.721,
2026-05-11 18:00:00,Monday,18,2.659,3.698,0.000,3.632,0.536,0.000,10.525,
2026-05-11 19:00:00,Monday,19,2.312,3.232,0.000,0.000,1.138,0.000,6.682,
2026-05-11 20:00:00,Monday,20,2.553,3.666,0.000,0.000,0.833,2.486,9.538,zmywarka
2026-05-11 21:00:00,Monday,21,2.735,3.567,0.612,0.000,0.777,0.000,7.691,
2026-05-11 22:00:00,Monday,22,2.840,3.565,0.117,0.000,0.897,13.531,20.950,ładowanie EV
2026-05-11 23:00:00,Monday,23,3.188,3.250,0.000,0.000,0.000,9.938,16.376,ładowanie EV
2026-05-12 00:00:00,Tuesday,0,2.484,3.043,0.000,0.000,0.000,10.095,15.622,ładowanie EV
2026-05-12 01:00:00,Tuesday,1,1.960,2.882,0.000,0.000,0.000,15.495,20.337,ładowanie EV
2026-05-12 02:00:00,Tuesday,2,2.953,3.015,0.000,0.000,0.000,13.485,19.453,ładowanie EV
2026-05-12 03:00:00,Tuesday,3,2.567,3.963,0.000,0.000,0.000,15.152,21.682,ładowanie EV
2026-05-12 04:00:00,Tuesday,4,2.263,3.576,0.000,0.000,0.000,10.861,16.700,ładowanie EV
2026-05-12 05:00:00,Tuesday,5,2.684,3.353,0.000,0.000,0.000,11.702,17.739,ładowanie EV
2026-05-12 06:00:00,Tuesday,6,2.923,4.402,0.000,0.971,0.000,0.000,8.296,
2026-05-12 07:00:00,Tuesday,7,2.111,3.360,0.000,0.382,0.000,0.000,5.853,
2026-05-12 08:00:00,Tuesday,8,2.532,4.168,0.000,0.637,0.000,0.000,7.337,
2026-05-12 09:00:00,Tuesday,9,2.169,3.091,0.000,0.000,0.352,2.376,7.988,pompa basenu
2026-05-12 10:00:00,Tuesday,10,2.364,2.806,0.000,0.000,0.294,1.474,6.938,pompa basenu
2026-05-12 11:00:00,Tuesday,11,2.475,2.723,0.000,0.000,0.336,2.254,7.788,pompa basenu
2026-05-12 12:00:00,Tuesday,12,2.650,2.930,0.000,0.720,0.297,1.978,8.575,pompa basenu
2026-05-12 13:00:00,Tuesday,13,3.121,2.371,0.000,0.000,0.446,2.376,8.314,pompa basenu
2026-05-12 14:00:00,Tuesday,14,3.167,2.477,0.000,0.000,0.409,3.680,9.733,pompa basenu; pralka
2026-05-12 15:00:00,Tuesday,15,1.927,2.742,0.000,0.000,0.819,7.220,12.708,pompa basenu; suszarka
2026-05-12 16:00:00,Tuesday,16,2.309,2.259,0.000,0.000,0.414,2.341,7.323,pompa basenu
2026-05-12 17:00:00,Tuesday,17,2.132,2.100,0.000,6.971,0.720,0.000,11.923,
2026-05-12 18:00:00,Tuesday,18,2.256,2.447,0.000,0.000,1.019,0.000,5.722,
2026-05-12 19:00:00,Tuesday,19,2.233,2.585,0.000,0.000,0.644,0.000,5.462,
2026-05-12 20:00:00,Tuesday,20,2.790,2.654,0.000,0.000,0.520,2.286,8.250,zmywarka
2026-05-12 21:00:00,Tuesday,21,2.298,2.935,0.545,0.000,0.794,0.000,6.572,
2026-05-12 22:00:00,Tuesday,22,2.974,2.567,0.154,0.000,1.030,15.219,21.944,ładowanie EV
2026-05-12 23:00:00,Tuesday,23,2.040,2.868,0.000,0.000,0.000,9.212,14.120,ładowanie EV
2026-05-13 00:00:00,Wednesday,0,3.075,3.089,0.000,0.000,0.000,11.300,17.464,ładowanie EV
2026-05-13 01:00:00,Wednesday,1,2.358,2.811,0.000,0.000,0.000,10.670,15.839,ładowanie EV
2026-05-13 02:00:00,Wednesday,2,3.146,3.404,0.000,0.000,0.000,9.678,16.228,ładowanie EV
2026-05-13 03:00:00,Wednesday,3,3.142,3.813,0.000,0.000,0.000,16.542,23.497,ładowanie EV
2026-05-13 04:00:00,Wednesday,4,2.029,3.165,0.000,0.000,0.000,15.845,21.039,ładowanie EV
2026-05-13 05:00:00,Wednesday,5,2.314,3.583,0.000,0.000,0.000,16.468,22.365,ładowanie EV
2026-05-13 06:00:00,Wednesday,6,2.622,3.813,0.000,1.304,0.000,0.000,7.739,
2026-05-13 07:00:00,Wednesday,7,2.680,3.705,0.000,0.883,0.000,0.000,7.268,
2026-05-13 08:00:00,Wednesday,8,2.174,3.767,0.000,1.090,0.000,0.000,7.031,
2026-05-13 09:00:00,Wednesday,9,2.567,3.287,0.000,0.000,0.294,2.666,8.814,pompa basenu
2026-05-13 10:00:00,Wednesday,10,3.096,4.124,0.000,0.000,0.506,2.728,10.454,pompa basenu
2026-05-13 11:00:00,Wednesday,11,3.024,3.703,0.000,0.000,0.416,2.252,9.395,pompa basenu
2026-05-13 12:00:00,Wednesday,12,2.551,3.590,0.000,0.000,0.501,1.688,8.330,pompa basenu
2026-05-13 13:00:00,Wednesday,13,1.923,3.806,0.000,1.764,0.283,2.569,10.345,pompa basenu
2026-05-13 14:00:00,Wednesday,14,2.360,3.459,0.000,0.000,0.412,2.128,8.359,pompa basenu
2026-05-13 15:00:00,Wednesday,15,2.328,3.597,0.000,0.000,0.499,1.741,8.165,pompa basenu
2026-05-13 16:00:00,Wednesday,16,1.950,3.370,0.000,0.000,0.497,2.751,8.568,pompa basenu
2026-05-13 17:00:00,Wednesday,17,2.298,3.475,0.000,3.043,1.099,0.000,9.915,
2026-05-13 18:00:00,Wednesday,18,2.677,3.763,0.000,0.000,1.194,0.000,7.634,
2026-05-13 19:00:00,Wednesday,19,2.877,3.613,0.000,0.000,0.911,0.000,7.401,
2026-05-13 20:00:00,Wednesday,20,2.620,4.071,0.000,0.000,0.724,0.000,7.415,
2026-05-13 21:00:00,Wednesday,21,2.751,3.372,0.402,0.000,1.044,0.000,7.569,
2026-05-13 22:00:00,Wednesday,22,1.992,3.898,0.294,0.000,0.720,11.415,18.319,ładowanie EV
2026-05-13 23:00:00,Wednesday,23,3.004,3.133,0.000,0.000,0.000,8.752,14.889,ładowanie EV
2026-05-14 00:00:00,Thursday,0,2.017,3.731,0.000,0.000,0.000,15.796,21.544,ładowanie EV
2026-05-14 01:00:00,Thursday,1,2.815,3.358,0.000,0.000,0.000,12.684,18.857,ładowanie EV
2026-05-14 02:00:00,Thursday,2,3.068,3.243,0.000,0.000,0.000,11.068,17.379,ładowanie EV
2026-05-14 03:00:00,Thursday,3,2.288,3.524,0.000,0.000,0.000,13.708,19.520,ładowanie EV
2026-05-14 04:00:00,Thursday,4,2.847,3.659,0.000,0.000,0.000,13.273,19.779,ładowanie EV
2026-05-14 05:00:00,Thursday,5,2.454,3.802,0.000,0.000,0.000,9.237,15.493,ładowanie EV
2026-05-14 06:00:00,Thursday,6,2.962,4.379,0.000,0.741,0.000,0.000,8.082,
2026-05-14 07:00:00,Thursday,7,2.997,4.699,0.000,0.676,0.000,0.000,8.372,
2026-05-14 08:00:00,Thursday,8,2.033,4.158,0.000,0.989,0.000,0.000,7.180,
2026-05-14 09:00:00,Thursday,9,3.004,3.411,0.000,0.000,0.301,1.992,8.708,pompa basenu
2026-05-14 10:00:00,Thursday,10,2.390,2.859,0.000,0.000,0.421,1.642,7.312,pompa basenu
2026-05-14 11:00:00,Thursday,11,2.500,2.797,0.000,0.000,0.453,2.654,8.404,pompa basenu
2026-05-14 12:00:00,Thursday,12,2.222,3.061,0.000,1.736,0.442,2.040,9.501,pompa basenu
2026-05-14 13:00:00,Thursday,13,1.957,2.997,0.000,0.000,0.501,4.630,10.085,pompa basenu; pralka
2026-05-14 14:00:00,Thursday,14,1.900,2.629,0.000,0.000,0.421,2.330,7.280,pompa basenu
2026-05-14 15:00:00,Thursday,15,1.983,2.132,0.000,0.000,0.437,1.573,6.125,pompa basenu
2026-05-14 16:00:00,Thursday,16,2.859,2.459,0.000,0.000,0.816,2.680,8.814,pompa basenu
2026-05-14 17:00:00,Thursday,17,2.240,2.944,0.000,0.000,0.708,0.000,5.892,
2026-05-14 18:00:00,Thursday,18,2.624,2.383,0.000,4.931,0.582,0.000,10.520,
2026-05-14 19:00:00,Thursday,19,3.162,2.532,0.000,0.000,0.704,0.000,6.398,
2026-05-14 20:00:00,Thursday,20,2.680,2.659,0.000,0.000,0.915,2.019,8.273,zmywarka
2026-05-14 21:00:00,Thursday,21,2.615,2.785,0.501,0.000,1.162,0.000,7.063,
2026-05-14 22:00:00,Thursday,22,2.684,2.785,0.276,0.000,0.748,10.134,16.627,ładowanie EV
2026-05-14 23:00:00,Thursday,23,1.845,3.105,0.000,0.000,0.000,16.091,21.041,ładowanie EV
2026-05-15 00:00:00,Friday,0,2.686,3.314,0.000,0.000,0.000,14.775,20.775,ładowanie EV
2026-05-15 01:00:00,Friday,1,2.330,3.365,0.000,0.000,0.000,14.522,20.217,ładowanie EV
2026-05-15 02:00:00,Friday,2,2.539,3.303,0.000,0.000,0.000,16.116,21.958,ładowanie EV
2026-05-15 03:00:00,Friday,3,3.144,3.291,0.000,0.000,0.000,13.124,19.559,ładowanie EV
2026-05-15 04:00:00,Friday,4,3.029,3.947,0.000,0.000,0.000,16.783,23.759,ładowanie EV
2026-05-15 05:00:00,Friday,5,2.155,3.015,0.000,0.000,0.000,12.132,17.302,ładowanie EV
2026-05-15 06:00:00,Friday,6,2.942,3.278,0.000,1.113,0.000,0.000,7.333,
2026-05-15 07:00:00,Friday,7,2.581,3.894,0.000,1.205,0.000,0.000,7.680,
2026-05-15 08:00:00,Friday,8,1.877,3.482,0.000,1.102,0.000,0.000,6.461,
2026-05-15 09:00:00,Friday,9,3.133,2.624,0.000,0.000,0.504,1.610,7.871,pompa basenu
2026-05-15 10:00:00,Friday,10,1.918,3.105,0.000,0.000,0.499,2.360,7.882,pompa basenu
2026-05-15 11:00:00,Friday,11,2.518,2.652,0.000,0.000,0.393,2.509,8.072,pompa basenu
2026-05-15 12:00:00,Friday,12,3.190,2.836,0.000,1.511,0.402,2.486,10.425,pompa basenu
2026-05-15 13:00:00,Friday,13,2.079,2.972,0.000,0.000,0.409,1.852,7.312,pompa basenu
2026-05-15 14:00:00,Friday,14,3.165,2.650,0.000,0.000,0.573,1.408,7.796,pompa basenu
2026-05-15 15:00:00,Friday,15,3.094,2.507,0.000,0.000,0.522,2.569,8.692,pompa basenu
2026-05-15 16:00:00,Friday,16,2.029,2.880,0.000,0.000,0.481,1.950,7.340,pompa basenu
2026-05-15 17:00:00,Friday,17,3.130,2.889,0.000,3.448,0.573,0.000,10.040,
2026-05-15 18:00:00,Friday,18,1.877,2.997,0.000,0.000,1.164,0.000,6.038,
2026-05-15 19:00:00,Friday,19,2.500,3.266,0.000,0.000,0.957,2.249,8.972,zmywarka
2026-05-15 20:00:00,Friday,20,1.925,2.636,0.000,0.000,1.092,0.000,5.653,
2026-05-15 21:00:00,Friday,21,2.201,2.564,0.324,0.000,1.086,0.000,6.175,
2026-05-15 22:00:00,Friday,22,2.095,2.631,0.322,0.000,0.610,16.139,21.797,ładowanie EV
2026-05-15 23:00:00,Friday,23,3.119,2.220,0.000,0.000,0.000,15.539,20.878,ładowanie EV
2026-05-16 00:00:00,Saturday,0,1.863,2.870,0.000,0.000,0.000,13.381,18.114,ładowanie EV
2026-05-16 01:00:00,Saturday,1,3.252,2.958,0.000,0.000,0.000,11.790,18.000,ładowanie EV
2026-05-16 02:00:00,Saturday,2,2.201,3.027,0.000,0.000,0.000,8.869,14.097,ładowanie EV
2026-05-16 03:00:00,Saturday,3,2.781,3.521,0.000,0.000,0.000,15.486,21.788,ładowanie EV
2026-05-16 04:00:00,Saturday,4,2.077,2.866,0.000,0.000,0.000,16.689,21.632,ładowanie EV
2026-05-16 05:00:00,Saturday,5,2.307,3.133,0.000,0.000,0.000,10.265,15.705,ładowanie EV
2026-05-16 06:00:00,Saturday,6,2.061,3.208,0.000,1.028,0.000,0.000,6.297,
2026-05-16 07:00:00,Saturday,7,2.187,3.291,0.000,1.288,0.000,0.000,6.766,
2026-05-16 08:00:00,Saturday,8,2.923,3.282,0.000,0.833,0.000,0.000,7.038,
2026-05-16 09:00:00,Saturday,9,2.553,2.758,0.000,0.000,0.522,1.511,7.344,pompa basenu
2026-05-16 10:00:00,Saturday,10,3.075,2.592,0.000,0.000,0.692,2.578,8.937,pompa basenu
2026-05-16 11:00:00,Saturday,11,2.599,2.689,0.000,0.000,0.182,2.693,8.163,pompa basenu
2026-05-16 12:00:00,Saturday,12,2.774,3.045,0.000,0.000,0.757,1.642,8.218,pompa basenu
2026-05-16 13:00:00,Saturday,13,3.094,2.870,0.000,2.567,0.317,1.932,10.780,pompa basenu
2026-05-16 14:00:00,Saturday,14,3.183,2.608,0.000,0.000,0.455,4.694,10.940,pompa basenu; zmywarka
2026-05-16 15:00:00,Saturday,15,3.038,2.818,0.000,0.000,0.499,2.691,9.046,pompa basenu
2026-05-16 16:00:00,Saturday,16,2.482,2.167,0.000,0.000,0.377,1.902,6.928,pompa basenu
2026-05-16 17:00:00,Saturday,17,2.889,2.804,0.000,0.000,0.529,0.000,6.222,
2026-05-16 18:00:00,Saturday,18,2.569,2.417,0.000,3.754,1.120,0.000,9.860,
2026-05-16 19:00:00,Saturday,19,2.215,2.726,0.000,0.000,1.129,18.920,24.990,sauna
2026-05-16 20:00:00,Saturday,20,3.126,2.606,0.000,0.000,0.639,16.105,22.476,sauna
2026-05-16 21:00:00,Saturday,21,2.052,3.450,0.656,0.000,0.796,20.695,27.649,sauna
2026-05-16 22:00:00,Saturday,22,2.896,3.022,0.246,0.000,0.713,11.429,18.306,ładowanie EV
2026-05-16 23:00:00,Saturday,23,2.450,2.820,0.000,0.000,0.000,10.180,15.450,ładowanie EV
2026-05-17 00:00:00,Sunday,0,2.420,3.110,0.000,0.000,0.000,10.458,15.988,ładowanie EV
2026-05-17 01:00:00,Sunday,1,2.128,3.503,0.000,0.000,0.000,12.864,18.495,ładowanie EV
2026-05-17 02:00:00,Sunday,2,2.180,3.390,0.000,0.000,0.000,12.804,18.374,ładowanie EV
2026-05-17 03:00:00,Sunday,3,3.064,3.073,0.000,0.000,0.000,16.270,22.407,ładowanie EV
2026-05-17 04:00:00,Sunday,4,1.930,2.932,0.000,0.000,0.000,14.150,19.012,ładowanie EV
2026-05-17 05:00:00,Sunday,5,2.128,2.937,0.000,0.000,0.000,16.279,21.344,ładowanie EV
2026-05-17 06:00:00,Sunday,6,2.300,3.878,0.000,0.978,0.000,0.000,7.156,
2026-05-17 07:00:00,Sunday,7,2.266,3.070,0.000,1.141,0.000,0.000,6.477,
2026-05-17 08:00:00,Sunday,8,2.104,2.854,0.000,1.191,0.000,0.000,6.149,
2026-05-17 09:00:00,Sunday,9,3.015,2.905,0.000,0.000,0.444,3.882,10.246,pompa basenu; pralka
2026-05-17 10:00:00,Sunday,10,2.091,2.535,0.000,0.000,0.242,2.236,7.104,pompa basenu
2026-05-17 11:00:00,Sunday,11,2.590,2.247,0.000,0.000,0.347,2.157,7.341,pompa basenu
2026-05-17 12:00:00,Sunday,12,2.594,2.576,0.000,2.790,0.451,2.206,10.617,pompa basenu
2026-05-17 13:00:00,Sunday,13,2.656,2.712,0.000,0.000,0.794,2.206,8.368,pompa basenu
2026-05-17 14:00:00,Sunday,14,3.073,2.282,0.000,0.000,0.253,5.111,10.719,pompa basenu; zmywarka
2026-05-17 15:00:00,Sunday,15,2.916,2.408,0.000,0.000,0.573,2.369,8.266,pompa basenu
2026-05-17 16:00:00,Sunday,16,2.171,2.068,0.000,0.000,0.545,2.702,7.486,pompa basenu
2026-05-17 17:00:00,Sunday,17,3.128,2.220,0.000,5.421,1.044,0.000,11.813,
2026-05-17 18:00:00,Sunday,18,2.144,2.266,0.000,0.000,0.564,0.000,4.974,
2026-05-17 19:00:00,Sunday,19,2.502,2.351,0.000,0.000,0.984,15.189,21.026,sauna
2026-05-17 20:00:00,Sunday,20,2.905,2.171,0.000,0.000,0.840,14.534,20.450,sauna
2026-05-17 21:00:00,Sunday,21,3.174,2.410,0.476,0.000,0.798,18.598,25.456,sauna
2026-05-17 22:00:00,Sunday,22,2.178,2.139,0.170,0.000,0.520,13.483,18.490,ładowanie EV
2026-05-17 23:00:00,Sunday,23,3.116,2.325,0.000,0.000,0.000,13.883,19.324,ładowanie EV
2026-05-18 00:00:00,Monday,0,2.673,2.042,0.000,0.000,0.000,13.678,18.393,ładowanie EV
2026-05-18 01:00:00,Monday,1,3.197,2.673,0.000,0.000,0.000,8.961,14.831,ładowanie EV
2026-05-18 02:00:00,Monday,2,2.558,2.546,0.000,0.000,0.000,16.339,21.443,ładowanie EV
2026-05-18 03:00:00,Monday,3,1.925,2.627,0.000,0.000,0.000,15.136,19.688,ładowanie EV
2026-05-18 04:00:00,Monday,4,2.270,2.834,0.000,0.000,0.000,12.942,18.046,ładowanie EV
2026-05-18 05:00:00,Monday,5,2.220,2.532,0.000,0.000,0.000,9.957,14.709,ładowanie EV
2026-05-18 06:00:00,Monday,6,1.978,3.298,0.000,0.750,0.000,0.000,6.026,
2026-05-18 07:00:00,Monday,7,2.167,3.174,0.000,1.256,0.000,0.000,6.597,
2026-05-18 08:00:00,Monday,8,2.739,2.735,0.000,1.189,0.000,0.000,6.663,
2026-05-18 09:00:00,Monday,9,2.098,2.208,0.000,0.000,0.775,1.672,6.753,praca zdalna; pompa basenu
2026-05-18 10:00:00,Monday,10,2.146,1.872,0.000,0.000,0.605,1.672,6.295,praca zdalna; pompa basenu
2026-05-18 11:00:00,Monday,11,2.217,1.617,0.000,0.000,0.773,1.833,6.440,praca zdalna; pompa basenu
2026-05-18 12:00:00,Monday,12,3.077,1.674,0.000,1.304,0.754,2.111,8.920,praca zdalna; pompa basenu
2026-05-18 13:00:00,Monday,13,2.268,1.753,0.000,0.000,0.685,2.659,7.365,praca zdalna; pompa basenu
2026-05-18 14:00:00,Monday,14,2.061,1.187,0.000,0.000,0.849,1.394,5.491,praca zdalna; pompa basenu
2026-05-18 15:00:00,Monday,15,2.008,1.290,0.000,0.000,1.168,1.509,5.975,praca zdalna; pompa basenu
2026-05-18 16:00:00,Monday,16,1.904,1.440,0.000,0.000,1.035,1.408,5.787,praca zdalna; pompa basenu
2026-05-18 17:00:00,Monday,17,2.886,1.438,0.000,4.276,0.662,0.000,9.262,
2026-05-18 18:00:00,Monday,18,1.856,1.601,0.000,0.000,0.833,0.000,4.290,
2026-05-18 19:00:00,Monday,19,2.744,2.056,0.000,0.000,0.819,2.463,8.082,zmywarka
2026-05-18 20:00:00,Monday,20,1.893,1.787,0.000,0.000,0.840,0.000,4.520,
2026-05-18 21:00:00,Monday,21,3.022,2.196,0.331,0.000,0.796,0.000,6.345,
2026-05-18 22:00:00,Monday,22,2.095,2.109,0.200,0.000,0.724,8.820,13.948,ładowanie EV
2026-05-18 23:00:00,Monday,23,2.042,2.408,0.000,0.000,0.000,8.857,13.307,ładowanie EV
2026-05-19 00:00:00,Tuesday,0,2.362,2.376,0.000,0.000,0.000,9.568,14.306,ładowanie EV
2026-05-19 01:00:00,Tuesday,1,2.834,2.420,0.000,0.000,0.000,10.621,15.875,ładowanie EV
2026-05-19 02:00:00,Tuesday,2,2.316,2.949,0.000,0.000,0.000,11.321,16.586,ładowanie EV
2026-05-19 03:00:00,Tuesday,3,2.238,3.167,0.000,0.000,0.000,10.371,15.776,ładowanie EV
2026-05-19 04:00:00,Tuesday,4,2.114,3.204,0.000,0.000,0.000,13.292,18.610,ładowanie EV
2026-05-19 05:00:00,Tuesday,5,1.969,3.084,0.000,0.000,0.000,13.515,18.568,ładowanie EV
2026-05-19 06:00:00,Tuesday,6,1.893,3.245,0.000,0.860,0.000,0.000,5.998,
2026-05-19 07:00:00,Tuesday,7,3.130,2.827,0.000,0.483,0.000,0.000,6.440,
2026-05-19 08:00:00,Tuesday,8,3.091,2.282,0.000,1.056,0.000,0.000,6.429,
2026-05-19 09:00:00,Tuesday,9,3.080,2.022,0.000,0.000,0.472,1.442,7.016,pompa basenu
2026-05-19 10:00:00,Tuesday,10,2.877,1.877,0.000,0.000,0.398,1.502,6.654,pompa basenu
2026-05-19 11:00:00,Tuesday,11,2.792,1.741,0.000,0.000,0.366,2.100,6.999,pompa basenu
2026-05-19 12:00:00,Tuesday,12,2.222,1.605,0.000,1.957,0.421,1.739,7.944,pompa basenu
2026-05-19 13:00:00,Tuesday,13,1.858,2.031,0.000,0.000,0.306,1.920,6.115,pompa basenu
2026-05-19 14:00:00,Tuesday,14,2.949,1.375,0.000,0.000,0.405,2.617,7.346,pompa basenu
2026-05-19 15:00:00,Tuesday,15,1.962,1.442,0.000,0.000,0.334,1.612,5.350,pompa basenu
2026-05-19 16:00:00,Tuesday,16,2.896,1.697,0.000,0.000,0.497,1.709,6.799,pompa basenu
2026-05-19 17:00:00,Tuesday,17,2.574,1.888,0.000,6.801,1.138,0.000,12.401,
2026-05-19 18:00:00,Tuesday,18,2.252,2.058,0.000,0.000,0.975,0.000,5.285,
2026-05-19 19:00:00,Tuesday,19,2.870,2.220,0.000,0.000,1.099,0.000,6.189,
2026-05-19 20:00:00,Tuesday,20,2.109,2.072,0.000,0.000,0.658,1.888,6.727,zmywarka
2026-05-19 21:00:00,Tuesday,21,2.962,2.019,0.626,0.000,0.759,0.000,6.366,
2026-05-19 22:00:00,Tuesday,22,2.951,1.987,0.267,0.000,1.111,11.571,17.887,ładowanie EV
2026-05-19 23:00:00,Tuesday,23,3.206,2.042,0.000,0.000,0.000,8.636,13.884,ładowanie EV
2026-05-20 00:00:00,Wednesday,0,2.008,2.236,0.000,0.000,0.000,9.520,13.764,ładowanie EV
2026-05-20 01:00:00,Wednesday,1,2.082,1.953,0.000,0.000,0.000,14.120,18.155,ładowanie EV
2026-05-20 02:00:00,Wednesday,2,2.286,2.684,0.000,0.000,0.000,15.122,20.092,ładowanie EV
2026-05-20 03:00:00,Wednesday,3,2.302,2.213,0.000,0.000,0.000,15.093,19.608,ładowanie EV
2026-05-20 04:00:00,Wednesday,4,2.813,2.376,0.000,0.000,0.000,13.667,18.856,ładowanie EV
2026-05-20 05:00:00,Wednesday,5,2.670,2.493,0.000,0.000,0.000,8.222,13.385,ładowanie EV
2026-05-20 06:00:00,Wednesday,6,2.870,2.528,0.000,0.704,0.000,0.000,6.102,
2026-05-20 07:00:00,Wednesday,7,2.620,2.256,0.000,0.614,0.000,0.000,5.490,
2026-05-20 08:00:00,Wednesday,8,2.661,2.351,0.000,0.858,0.000,0.000,5.870,
2026-05-20 09:00:00,Wednesday,9,3.096,1.888,0.000,0.000,0.437,2.436,7.857,pompa basenu
2026-05-20 10:00:00,Wednesday,10,1.927,1.594,0.000,0.000,0.518,1.803,5.842,pompa basenu
2026-05-20 11:00:00,Wednesday,11,2.854,1.796,0.000,0.000,0.308,1.727,6.685,pompa basenu
2026-05-20 12:00:00,Wednesday,12,2.461,1.934,0.000,1.612,0.340,2.268,8.615,pompa basenu
2026-05-20 13:00:00,Wednesday,13,3.206,2.015,0.000,0.000,0.511,2.277,8.009,pompa basenu
2026-05-20 14:00:00,Wednesday,14,3.162,1.990,0.000,0.000,0.370,2.415,7.937,pompa basenu
2026-05-20 15:00:00,Wednesday,15,2.056,1.999,0.000,0.000,0.860,2.721,7.636,pompa basenu
2026-05-20 16:00:00,Wednesday,16,2.429,1.948,0.000,0.000,0.511,2.084,6.972,pompa basenu
2026-05-20 17:00:00,Wednesday,17,2.293,2.077,0.000,7.316,1.072,0.000,12.758,
2026-05-20 18:00:00,Wednesday,18,2.622,1.925,0.000,0.000,0.902,0.000,5.449,
2026-05-20 19:00:00,Wednesday,19,2.003,2.594,0.000,0.000,1.026,2.562,8.185,zmywarka
2026-05-20 20:00:00,Wednesday,20,3.038,1.934,0.000,0.000,0.573,0.000,5.545,
2026-05-20 21:00:00,Wednesday,21,2.702,2.523,0.688,0.000,0.950,0.000,6.863,
2026-05-20 22:00:00,Wednesday,22,2.983,1.918,0.269,0.000,1.203,9.136,15.509,ładowanie EV
2026-05-20 23:00:00,Wednesday,23,2.893,2.024,0.000,0.000,0.000,8.834,13.751,ładowanie EV
2026-05-21 00:00:00,Thursday,0,2.029,2.056,0.000,0.000,0.000,9.543,13.628,ładowanie EV
2026-05-21 01:00:00,Thursday,1,2.647,1.898,0.000,0.000,0.000,10.713,15.258,ładowanie EV
2026-05-21 02:00:00,Thursday,2,2.422,2.226,0.000,0.000,0.000,10.525,15.173,ładowanie EV
2026-05-21 03:00:00,Thursday,3,2.169,2.236,0.000,0.000,0.000,16.808,21.213,ładowanie EV
2026-05-21 04:00:00,Thursday,4,2.772,2.245,0.000,0.000,0.000,14.950,19.967,ładowanie EV
2026-05-21 05:00:00,Thursday,5,2.719,2.544,0.000,0.000,0.000,12.733,17.996,ładowanie EV
2026-05-21 06:00:00,Thursday,6,2.949,2.537,0.000,0.941,0.000,0.000,6.427,
2026-05-21 07:00:00,Thursday,7,2.831,2.475,0.000,1.276,0.000,0.000,6.582,
2026-05-21 08:00:00,Thursday,8,2.176,2.314,0.000,0.899,0.000,0.000,5.389,
2026-05-21 09:00:00,Thursday,9,2.691,1.757,0.000,0.000,0.396,2.056,6.900,pompa basenu
2026-05-21 10:00:00,Thursday,10,2.500,1.835,0.000,0.000,0.308,1.603,6.246,pompa basenu
2026-05-21 11:00:00,Thursday,11,2.562,1.302,0.000,0.000,0.301,2.277,6.442,pompa basenu
2026-05-21 12:00:00,Thursday,12,2.049,1.325,0.000,0.000,0.297,1.644,5.315,pompa basenu
2026-05-21 13:00:00,Thursday,13,3.167,1.263,0.000,0.964,0.405,2.673,8.472,pompa basenu
2026-05-21 14:00:00,Thursday,14,2.109,1.201,0.000,0.000,0.842,1.520,5.672,pompa basenu
2026-05-21 15:00:00,Thursday,15,3.038,0.957,0.000,0.000,0.448,1.674,6.117,pompa basenu
2026-05-21 16:00:00,Thursday,16,1.849,0.764,0.000,0.000,0.380,2.594,5.587,pompa basenu
2026-05-21 17:00:00,Thursday,17,3.133,0.550,0.000,0.000,1.005,0.000,4.688,goście
2026-05-21 18:00:00,Thursday,18,2.744,0.816,0.000,12.181,0.862,0.000,16.603,goście
2026-05-21 19:00:00,Thursday,19,2.634,0.959,0.000,0.000,1.162,0.000,4.755,goście
2026-05-21 20:00:00,Thursday,20,2.268,1.012,0.000,0.000,0.798,2.341,6.419,goście; zmywarka
2026-05-21 21:00:00,Thursday,21,1.909,1.412,0.621,0.000,0.902,0.000,4.844,goście
2026-05-21 22:00:00,Thursday,22,2.852,1.332,0.138,0.000,0.538,9.573,14.433,ładowanie EV
2026-05-21 23:00:00,Thursday,23,3.020,1.359,0.000,0.000,0.000,15.288,19.667,ładowanie EV
2026-05-22 00:00:00,Friday,0,2.654,1.914,0.000,0.000,0.000,15.125,19.693,ładowanie EV
2026-05-22 01:00:00,Friday,1,2.638,2.098,0.000,0.000,0.000,15.734,20.470,ładowanie EV
2026-05-22 02:00:00,Friday,2,3.146,2.282,0.000,0.000,0.000,11.302,16.730,ładowanie EV
2026-05-22 03:00:00,Friday,3,2.781,2.130,0.000,0.000,0.000,10.612,15.523,ładowanie EV
2026-05-22 04:00:00,Friday,4,2.859,1.948,0.000,0.000,0.000,16.811,21.618,ładowanie EV
2026-05-22 05:00:00,Friday,5,2.815,2.268,0.000,0.000,0.000,10.182,15.265,ładowanie EV
2026-05-22 06:00:00,Friday,6,2.443,2.314,0.000,0.715,0.000,0.000,5.472,
2026-05-22 07:00:00,Friday,7,2.638,2.305,0.000,0.888,0.000,0.000,5.831,
2026-05-22 08:00:00,Friday,8,2.360,2.072,0.000,0.465,0.000,0.000,4.897,
2026-05-22 09:00:00,Friday,9,3.002,1.656,0.000,0.000,0.322,2.656,7.636,pompa basenu
2026-05-22 10:00:00,Friday,10,3.208,1.145,0.000,0.000,0.508,2.691,7.552,pompa basenu
2026-05-22 11:00:00,Friday,11,3.006,1.267,0.000,0.000,0.501,2.608,7.382,pompa basenu
2026-05-22 12:00:00,Friday,12,2.484,1.304,0.000,1.596,0.380,2.213,7.977,pompa basenu
2026-05-22 13:00:00,Friday,13,2.528,1.079,0.000,0.000,0.460,1.679,5.746,pompa basenu
2026-05-22 14:00:00,Friday,14,2.164,0.902,0.000,0.000,0.805,1.725,5.596,pompa basenu
2026-05-22 15:00:00,Friday,15,2.404,0.883,0.000,0.000,0.409,1.638,5.334,pompa basenu
2026-05-22 16:00:00,Friday,16,3.112,0.796,0.000,0.000,0.455,2.337,6.700,pompa basenu
2026-05-22 17:00:00,Friday,17,1.895,0.678,0.000,7.381,1.005,0.000,10.959,
2026-05-22 18:00:00,Friday,18,2.001,0.478,0.000,0.000,0.794,0.000,3.273,
2026-05-22 19:00:00,Friday,19,2.468,0.612,0.000,0.000,0.828,2.680,6.588,zmywarka
2026-05-22 20:00:00,Friday,20,2.834,0.520,0.000,0.000,0.759,0.000,4.113,
2026-05-22 21:00:00,Friday,21,2.921,0.938,0.616,0.000,0.683,0.000,5.158,
2026-05-22 22:00:00,Friday,22,3.153,1.104,0.301,0.000,0.561,15.976,21.095,ładowanie EV
2026-05-22 23:00:00,Friday,23,3.119,1.083,0.000,0.000,0.000,10.079,14.281,ładowanie EV
2026-05-23 00:00:00,Saturday,0,2.254,0.991,0.000,0.000,0.000,13.425,16.670,ładowanie EV
2026-05-23 01:00:00,Saturday,1,2.574,1.242,0.000,0.000,0.000,16.417,20.233,ładowanie EV
2026-05-23 02:00:00,Saturday,2,3.160,1.362,0.000,0.000,0.000,15.288,19.810,ładowanie EV
2026-05-23 03:00:00,Saturday,3,2.636,1.714,0.000,0.000,0.000,9.821,14.171,ładowanie EV
2026-05-23 04:00:00,Saturday,4,2.408,1.490,0.000,0.000,0.000,9.485,13.383,ładowanie EV
2026-05-23 05:00:00,Saturday,5,2.293,1.679,0.000,0.000,0.000,12.599,16.571,ładowanie EV
2026-05-23 06:00:00,Saturday,6,2.139,2.100,0.000,0.791,0.000,0.000,5.030,
2026-05-23 07:00:00,Saturday,7,2.859,1.523,0.000,0.490,0.000,0.000,4.872,
2026-05-23 08:00:00,Saturday,8,2.431,1.350,0.000,1.392,0.000,0.000,5.173,
2026-05-23 09:00:00,Saturday,9,2.047,1.037,0.000,0.000,0.791,2.537,6.412,pompa basenu
2026-05-23 10:00:00,Saturday,10,2.420,0.856,0.000,0.000,0.644,4.333,8.253,pompa basenu; pralka
2026-05-23 11:00:00,Saturday,11,1.900,0.731,0.000,0.000,0.833,6.127,9.591,pompa basenu; suszarka
2026-05-23 12:00:00,Saturday,12,3.082,0.472,0.000,0.000,0.377,1.941,5.872,pompa basenu
2026-05-23 13:00:00,Saturday,13,3.137,0.000,0.000,1.711,0.807,4.977,10.632,pompa basenu; zmywarka
2026-05-23 14:00:00,Saturday,14,2.288,0.000,0.000,0.000,0.327,2.461,5.076,pompa basenu
2026-05-23 15:00:00,Saturday,15,2.224,0.000,0.000,0.000,0.324,2.288,4.836,pompa basenu
2026-05-23 16:00:00,Saturday,16,2.148,0.000,0.000,0.000,0.695,1.481,4.324,pompa basenu
2026-05-23 17:00:00,Saturday,17,2.965,0.000,0.000,3.505,0.564,0.000,7.034,
2026-05-23 18:00:00,Saturday,18,3.172,0.000,0.000,0.000,1.132,0.000,4.304,
2026-05-23 19:00:00,Saturday,19,1.845,0.000,0.000,0.000,0.619,19.042,21.506,sauna
2026-05-23 20:00:00,Saturday,20,2.831,0.000,0.000,0.000,1.171,19.090,23.092,sauna
2026-05-23 21:00:00,Saturday,21,1.870,0.000,0.478,0.000,1.063,18.897,22.308,sauna
2026-05-23 22:00:00,Saturday,22,3.031,0.000,0.166,0.000,0.534,13.519,17.250,ładowanie EV
2026-05-23 23:00:00,Saturday,23,3.234,0.000,0.000,0.000,0.000,11.620,14.854,ładowanie EV
2026-05-24 00:00:00,Sunday,0,3.142,0.000,0.000,0.000,0.000,10.217,13.359,ładowanie EV
2026-05-24 01:00:00,Sunday,1,2.873,0.743,0.000,0.000,0.000,15.902,19.518,ładowanie EV
2026-05-24 02:00:00,Sunday,2,2.259,0.971,0.000,0.000,0.000,11.714,14.944,ładowanie EV
2026-05-24 03:00:00,Sunday,3,3.146,1.067,0.000,0.000,0.000,14.849,19.062,ładowanie EV
2026-05-24 04:00:00,Sunday,4,1.886,1.339,0.000,0.000,0.000,13.945,17.170,ładowanie EV
2026-05-24 05:00:00,Sunday,5,2.443,1.628,0.000,0.000,0.000,10.644,14.715,ładowanie EV
2026-05-24 06:00:00,Sunday,6,2.024,2.111,0.000,1.060,0.000,0.000,5.195,
2026-05-24 07:00:00,Sunday,7,2.286,1.670,0.000,1.143,0.000,0.000,5.099,
2026-05-24 08:00:00,Sunday,8,2.466,1.711,0.000,1.240,0.000,0.000,5.417,
2026-05-24 09:00:00,Sunday,9,2.164,1.210,0.000,0.000,0.649,1.874,5.897,pompa basenu
2026-05-24 10:00:00,Sunday,10,2.926,0.950,0.000,0.000,0.262,2.638,6.776,pompa basenu
2026-05-24 11:00:00,Sunday,11,2.456,0.906,0.000,0.000,0.205,2.417,5.984,pompa basenu
2026-05-24 12:00:00,Sunday,12,2.334,0.669,0.000,1.651,0.738,1.757,7.149,pompa basenu
2026-05-24 13:00:00,Sunday,13,1.907,0.704,0.000,0.000,0.432,4.467,7.510,pompa basenu; zmywarka
2026-05-24 14:00:00,Sunday,14,2.261,0.483,0.000,0.000,0.310,2.302,5.356,pompa basenu
2026-05-24 15:00:00,Sunday,15,2.907,0.455,0.000,0.000,0.856,2.091,6.309,pompa basenu
2026-05-24 16:00:00,Sunday,16,2.905,0.552,0.000,0.000,0.552,2.753,6.762,pompa basenu
2026-05-24 17:00:00,Sunday,17,2.854,0.478,0.000,6.026,0.596,0.000,9.954,goście
2026-05-24 18:00:00,Sunday,18,2.822,0.494,0.000,0.000,1.166,0.000,4.482,goście
2026-05-24 19:00:00,Sunday,19,3.082,0.559,0.000,0.000,0.704,18.253,22.598,goście; sauna
2026-05-24 20:00:00,Sunday,20,2.305,0.695,0.000,0.000,1.079,20.341,24.420,goście; sauna
2026-05-24 21:00:00,Sunday,21,2.450,0.922,0.678,0.000,1.109,18.322,23.481,goście; sauna
2026-05-24 22:00:00,Sunday,22,1.865,0.658,0.288,0.000,0.522,14.099,17.432,ładowanie EV
2026-05-24 23:00:00,Sunday,23,2.123,0.731,0.000,0.000,0.000,15.893,18.747,ładowanie EV
2026-05-25 00:00:00,Monday,0,2.065,1.033,0.000,0.000,0.000,10.325,13.423,ładowanie EV
2026-05-25 01:00:00,Monday,1,2.240,1.302,0.000,0.000,0.000,14.920,18.462,ładowanie EV
2026-05-25 02:00:00,Monday,2,3.133,1.539,0.000,0.000,0.000,16.707,21.379,ładowanie EV
2026-05-25 03:00:00,Monday,3,1.939,1.495,0.000,0.000,0.000,12.889,16.323,ładowanie EV
2026-05-25 04:00:00,Monday,4,1.881,1.872,0.000,0.000,0.000,14.294,18.047,ładowanie EV
2026-05-25 05:00:00,Monday,5,2.886,1.757,0.000,0.000,0.000,9.837,14.480,ładowanie EV
2026-05-25 06:00:00,Monday,6,2.282,1.792,0.000,0.741,0.000,0.000,4.815,
2026-05-25 07:00:00,Monday,7,1.907,2.058,0.000,0.821,0.000,0.000,4.786,
2026-05-25 08:00:00,Monday,8,2.171,1.401,0.000,0.943,0.000,0.000,4.515,
2026-05-25 09:00:00,Monday,9,2.785,0.954,0.000,0.000,0.423,1.435,5.597,pompa basenu
2026-05-25 10:00:00,Monday,10,2.629,0.515,0.000,0.000,0.310,1.651,5.105,pompa basenu
2026-05-25 11:00:00,Monday,11,2.896,0.000,0.000,0.000,0.414,2.634,5.944,pompa basenu
2026-05-25 12:00:00,Monday,12,2.256,0.000,0.000,0.706,0.428,2.291,5.681,pompa basenu
2026-05-25 13:00:00,Monday,13,2.518,0.000,0.000,0.000,0.472,1.927,4.917,pompa basenu
2026-05-25 14:00:00,Monday,14,3.183,2.751,0.000,0.000,0.835,2.604,9.373,pompa basenu
2026-05-25 15:00:00,Monday,15,3.107,3.590,0.000,0.000,0.375,1.447,8.519,pompa basenu
2026-05-25 16:00:00,Monday,16,2.650,3.082,0.000,0.000,0.363,2.581,8.676,pompa basenu
2026-05-25 17:00:00,Monday,17,2.397,4.195,0.000,0.000,0.531,0.000,7.123,
2026-05-25 18:00:00,Monday,18,2.516,3.471,0.000,2.923,0.862,0.000,9.772,
2026-05-25 19:00:00,Monday,19,2.019,3.337,0.000,0.000,1.113,2.468,8.937,zmywarka
2026-05-25 20:00:00,Monday,20,2.926,0.000,0.000,0.000,0.828,0.000,3.754,
2026-05-25 21:00:00,Monday,21,2.019,0.000,0.292,0.000,0.750,0.000,3.061,
2026-05-25 22:00:00,Monday,22,2.220,0.000,0.152,0.000,0.761,11.953,15.086,ładowanie EV
2026-05-25 23:00:00,Monday,23,2.157,0.000,0.000,0.000,0.000,10.502,12.659,ładowanie EV
2026-05-26 00:00:00,Tuesday,0,2.477,0.000,0.000,0.000,0.000,13.710,16.187,ładowanie EV
2026-05-26 01:00:00,Tuesday,1,2.084,0.603,0.000,0.000,0.000,9.333,12.020,ładowanie EV
2026-05-26 02:00:00,Tuesday,2,2.746,0.807,0.000,0.000,0.000,12.351,15.904,ładowanie EV
2026-05-26 03:00:00,Tuesday,3,2.956,0.994,0.000,0.000,0.000,16.691,20.641,ładowanie EV
2026-05-26 04:00:00,Tuesday,4,2.252,1.021,0.000,0.000,0.000,10.007,13.280,ładowanie EV
2026-05-26 05:00:00,Tuesday,5,2.553,1.242,0.000,0.000,0.000,15.422,19.217,ładowanie EV
2026-05-26 06:00:00,Tuesday,6,2.426,1.438,0.000,0.497,0.000,0.000,4.361,
2026-05-26 07:00:00,Tuesday,7,2.753,1.194,0.000,1.293,0.000,0.000,5.240,
2026-05-26 08:00:00,Tuesday,8,2.726,0.890,0.000,1.357,0.000,0.000,4.973,
2026-05-26 09:00:00,Tuesday,9,2.380,0.531,0.000,0.000,0.327,1.658,4.896,pompa basenu
2026-05-26 10:00:00,Tuesday,10,2.408,0.000,0.000,0.000,0.285,3.365,6.058,pompa basenu; pralka
2026-05-26 11:00:00,Tuesday,11,3.126,0.000,0.000,0.000,0.315,6.617,10.058,pompa basenu; suszarka
2026-05-26 12:00:00,Tuesday,12,3.133,0.000,0.000,0.000,0.389,1.842,5.364,pompa basenu
2026-05-26 13:00:00,Tuesday,13,1.865,4.460,0.000,1.985,0.437,2.210,10.957,pompa basenu
2026-05-26 14:00:00,Tuesday,14,3.130,1.868,0.000,0.000,0.347,2.316,7.661,pompa basenu
2026-05-26 15:00:00,Tuesday,15,3.087,2.385,0.000,0.000,0.494,2.387,8.353,pompa basenu
2026-05-26 16:00:00,Tuesday,16,2.794,2.164,0.000,0.000,0.695,1.536,7.189,pompa basenu
2026-05-26 17:00:00,Tuesday,17,2.799,3.593,0.000,5.955,0.941,0.000,13.288,
2026-05-26 18:00:00,Tuesday,18,2.445,3.731,0.000,0.000,1.194,0.000,7.370,
2026-05-26 19:00:00,Tuesday,19,2.525,0.000,0.000,0.000,0.936,2.006,5.467,zmywarka
2026-05-26 20:00:00,Tuesday,20,2.956,0.000,0.000,0.000,0.720,0.000,3.676,
2026-05-26 21:00:00,Tuesday,21,1.886,0.612,0.407,0.000,1.111,0.000,4.016,
2026-05-26 22:00:00,Tuesday,22,2.661,0.494,0.267,0.000,0.568,14.814,18.804,ładowanie EV
2026-05-26 23:00:00,Tuesday,23,3.002,0.890,0.000,0.000,0.000,9.823,13.715,ładowanie EV
2026-05-27 00:00:00,Wednesday,0,2.114,1.302,0.000,0.000,0.000,16.864,20.280,ładowanie EV
2026-05-27 01:00:00,Wednesday,1,3.146,1.566,0.000,0.000,0.000,11.882,16.594,ładowanie EV
2026-05-27 02:00:00,Wednesday,2,2.889,2.137,0.000,0.000,0.000,13.379,18.405,ładowanie EV
2026-05-27 03:00:00,Wednesday,3,2.332,1.955,0.000,0.000,0.000,11.822,16.109,ładowanie EV
2026-05-27 04:00:00,Wednesday,4,2.217,2.128,0.000,0.000,0.000,10.108,14.453,ładowanie EV
2026-05-27 05:00:00,Wednesday,5,1.941,2.019,0.000,0.000,0.000,16.509,20.469,ładowanie EV
2026-05-27 06:00:00,Wednesday,6,3.112,2.231,0.000,1.214,0.000,0.000,6.557,
2026-05-27 07:00:00,Wednesday,7,3.094,2.452,0.000,1.007,0.000,0.000,6.553,
2026-05-27 08:00:00,Wednesday,8,2.302,1.559,0.000,1.118,0.000,0.000,4.979,
2026-05-27 09:00:00,Wednesday,9,2.380,1.380,0.000,0.000,0.472,2.185,6.417,pompa basenu
2026-05-27 10:00:00,Wednesday,10,2.452,1.327,0.000,0.000,0.478,1.442,5.699,pompa basenu
2026-05-27 11:00:00,Wednesday,11,2.604,1.311,0.000,0.000,0.511,2.316,6.742,pompa basenu
2026-05-27 12:00:00,Wednesday,12,2.148,0.998,0.000,1.343,0.359,1.428,6.276,pompa basenu
2026-05-27 13:00:00,Wednesday,13,2.647,0.998,0.000,0.000,0.359,2.220,6.224,pompa basenu
2026-05-27 14:00:00,Wednesday,14,3.036,0.681,0.000,0.000,0.796,1.766,6.279,pompa basenu
2026-05-27 15:00:00,Wednesday,15,3.084,0.862,0.000,0.000,0.840,1.467,6.253,pompa basenu
2026-05-27 16:00:00,Wednesday,16,1.874,0.996,0.000,0.000,0.830,2.176,5.876,pompa basenu
2026-05-27 17:00:00,Wednesday,17,2.539,1.026,0.000,3.029,0.575,0.000,7.169,
2026-05-27 18:00:00,Wednesday,18,2.956,0.837,0.000,0.000,1.136,0.000,4.929,
2026-05-27 19:00:00,Wednesday,19,2.433,0.938,0.000,0.000,1.012,2.470,6.853,zmywarka
2026-05-27 20:00:00,Wednesday,20,2.148,1.208,0.000,0.000,1.127,0.000,4.483,
2026-05-27 21:00:00,Wednesday,21,2.015,1.658,0.485,0.000,0.635,0.000,4.793,
2026-05-27 22:00:00,Wednesday,22,3.011,1.541,0.216,0.000,1.173,13.197,19.138,ładowanie EV
2026-05-27 23:00:00,Wednesday,23,1.937,1.474,0.000,0.000,0.000,9.372,12.783,ładowanie EV
2026-05-28 00:00:00,Thursday,0,2.293,1.481,0.000,0.000,0.000,12.574,16.348,ładowanie EV
2026-05-28 01:00:00,Thursday,1,2.344,1.711,0.000,0.000,0.000,8.165,12.220,ładowanie EV
2026-05-28 02:00:00,Thursday,2,1.852,2.422,0.000,0.000,0.000,13.858,18.132,ładowanie EV
2026-05-28 03:00:00,Thursday,3,2.944,2.215,0.000,0.000,0.000,9.299,14.458,ładowanie EV
2026-05-28 04:00:00,Thursday,4,3.068,2.889,0.000,0.000,0.000,16.217,22.174,ładowanie EV
2026-05-28 05:00:00,Thursday,5,3.029,2.505,0.000,0.000,0.000,13.713,19.247,ładowanie EV
2026-05-28 06:00:00,Thursday,6,2.479,3.376,0.000,0.800,0.000,0.000,6.655,
2026-05-28 07:00:00,Thursday,7,2.525,2.592,0.000,0.869,0.000,0.000,5.986,
2026-05-28 08:00:00,Thursday,8,2.539,2.507,0.000,0.662,0.000,0.000,5.708,
2026-05-28 09:00:00,Thursday,9,2.380,1.511,0.000,0.000,0.377,2.748,7.016,pompa basenu
2026-05-28 10:00:00,Thursday,10,2.886,1.350,0.000,0.000,0.356,1.969,6.561,pompa basenu
2026-05-28 11:00:00,Thursday,11,2.537,0.945,0.000,0.000,0.439,1.449,5.370,pompa basenu
2026-05-28 12:00:00,Thursday,12,3.110,0.474,0.000,0.000,0.308,1.598,5.490,pompa basenu
2026-05-28 13:00:00,Thursday,13,2.728,0.000,0.000,1.543,0.432,1.909,6.612,pompa basenu
2026-05-28 14:00:00,Thursday,14,3.158,0.000,0.000,0.000,0.750,2.341,6.249,pompa basenu
2026-05-28 15:00:00,Thursday,15,2.242,0.000,0.000,0.000,0.377,2.210,4.829,pompa basenu
2026-05-28 16:00:00,Thursday,16,2.256,0.000,0.000,0.000,0.734,2.716,5.706,pompa basenu
2026-05-28 17:00:00,Thursday,17,3.087,0.000,0.000,6.762,0.610,0.000,10.459,
2026-05-28 18:00:00,Thursday,18,3.202,0.453,0.000,0.000,1.173,0.000,4.828,
2026-05-28 19:00:00,Thursday,19,2.560,0.729,0.000,0.000,1.162,1.925,6.376,zmywarka
2026-05-28 20:00:00,Thursday,20,2.622,0.844,0.000,0.000,0.849,0.000,4.315,
2026-05-28 21:00:00,Thursday,21,1.877,1.026,0.251,0.000,0.639,0.000,3.793,
2026-05-28 22:00:00,Thursday,22,3.151,1.152,0.184,0.000,0.642,14.389,19.518,ładowanie EV
2026-05-28 23:00:00,Thursday,23,2.719,1.297,0.000,0.000,0.000,15.790,19.806,ładowanie EV
2026-05-29 00:00:00,Friday,0,1.845,1.362,0.000,0.000,0.000,11.295,14.502,ładowanie EV
2026-05-29 01:00:00,Friday,1,2.385,1.681,0.000,0.000,0.000,13.448,17.514,ładowanie EV
2026-05-29 02:00:00,Friday,2,2.629,1.766,0.000,0.000,0.000,11.500,15.895,ładowanie EV
2026-05-29 03:00:00,Friday,3,2.551,2.314,0.000,0.000,0.000,14.048,18.913,ładowanie EV
2026-05-29 04:00:00,Friday,4,2.203,1.808,0.000,0.000,0.000,14.994,19.005,ładowanie EV
2026-05-29 05:00:00,Friday,5,2.052,2.031,0.000,0.000,0.000,10.619,14.702,ładowanie EV
2026-05-29 06:00:00,Friday,6,1.884,1.969,0.000,0.968,0.000,0.000,4.821,
2026-05-29 07:00:00,Friday,7,2.263,2.148,0.000,0.945,0.000,0.000,5.356,
2026-05-29 08:00:00,Friday,8,1.973,1.566,0.000,1.092,0.000,0.000,4.631,
2026-05-29 09:00:00,Friday,9,3.126,1.403,0.000,0.000,0.490,2.532,7.551,pompa basenu
2026-05-29 10:00:00,Friday,10,3.004,1.083,0.000,0.000,0.455,2.440,6.982,pompa basenu
2026-05-29 11:00:00,Friday,11,2.054,0.554,0.000,0.000,0.338,1.730,4.676,pompa basenu
2026-05-29 12:00:00,Friday,12,2.606,0.000,0.000,0.000,0.334,1.960,4.900,pompa basenu
2026-05-29 13:00:00,Friday,13,1.898,0.000,0.000,0.752,0.322,2.622,5.594,pompa basenu
2026-05-29 14:00:00,Friday,14,2.762,0.000,0.000,0.000,0.421,2.576,5.759,pompa basenu
2026-05-29 15:00:00,Friday,15,2.820,0.000,0.000,0.000,0.741,1.435,4.996,pompa basenu
2026-05-29 16:00:00,Friday,16,3.008,0.000,0.000,0.000,0.860,1.879,5.747,pompa basenu
2026-05-29 17:00:00,Friday,17,2.139,0.000,0.000,5.000,0.580,0.000,7.719,
2026-05-29 18:00:00,Friday,18,2.236,0.000,0.000,0.000,0.564,0.000,2.800,
2026-05-29 19:00:00,Friday,19,1.934,0.559,0.000,0.000,0.561,2.730,5.784,zmywarka
2026-05-29 20:00:00,Friday,20,3.208,0.628,0.000,0.000,1.178,0.000,5.014,
2026-05-29 21:00:00,Friday,21,2.785,0.628,0.361,0.000,0.920,0.000,4.694,
2026-05-29 22:00:00,Friday,22,2.459,0.000,0.186,0.000,0.561,9.444,12.650,ładowanie EV
2026-05-29 23:00:00,Friday,23,2.185,0.000,0.000,0.000,0.000,13.232,15.417,ładowanie EV
2026-05-30 00:00:00,Saturday,0,2.072,0.000,0.000,0.000,0.000,10.251,12.323,ładowanie EV
2026-05-30 01:00:00,Saturday,1,2.624,0.584,0.000,0.000,0.000,14.009,17.217,ładowanie EV
2026-05-30 02:00:00,Saturday,2,2.714,0.860,0.000,0.000,0.000,14.453,18.027,ładowanie EV
2026-05-30 03:00:00,Saturday,3,2.640,0.888,0.000,0.000,0.000,11.700,15.228,ładowanie EV
2026-05-30 04:00:00,Saturday,4,2.399,1.366,0.000,0.000,0.000,16.502,20.267,ładowanie EV
2026-05-30 05:00:00,Saturday,5,2.608,1.550,0.000,0.000,0.000,12.956,17.114,ładowanie EV
2026-05-30 06:00:00,Saturday,6,2.422,1.916,0.000,1.226,0.000,0.000,5.564,
2026-05-30 07:00:00,Saturday,7,2.217,1.992,0.000,0.860,0.000,0.000,5.069,
2026-05-30 08:00:00,Saturday,8,2.868,1.373,0.000,1.290,0.000,0.000,5.531,
2026-05-30 09:00:00,Saturday,9,1.902,0.867,0.000,0.000,0.564,1.412,4.745,pompa basenu
2026-05-30 10:00:00,Saturday,10,2.827,0.835,0.000,0.000,0.375,2.624,6.661,pompa basenu
2026-05-30 11:00:00,Saturday,11,3.151,0.959,0.000,0.000,0.846,4.363,9.319,pompa basenu; pralka
2026-05-30 12:00:00,Saturday,12,2.093,0.704,0.000,0.000,0.267,1.421,4.485,pompa basenu
2026-05-30 13:00:00,Saturday,13,2.128,0.527,0.000,2.036,0.182,4.163,9.036,pompa basenu; zmywarka
2026-05-30 14:00:00,Saturday,14,3.031,0.000,0.000,0.000,0.632,1.573,5.236,pompa basenu
2026-05-30 15:00:00,Saturday,15,2.185,0.000,0.000,0.000,0.451,1.674,4.310,pompa basenu
2026-05-30 16:00:00,Saturday,16,3.149,0.000,0.000,0.000,0.683,1.808,5.640,pompa basenu
2026-05-30 17:00:00,Saturday,17,3.048,0.000,0.000,0.000,0.724,0.000,3.772,
2026-05-30 18:00:00,Saturday,18,2.128,0.483,0.000,3.043,0.695,0.000,6.349,
2026-05-30 19:00:00,Saturday,19,2.960,0.685,0.000,0.000,1.076,18.506,23.227,sauna
2026-05-30 20:00:00,Saturday,20,3.112,1.005,0.000,0.000,0.577,14.950,19.644,sauna
2026-05-30 21:00:00,Saturday,21,2.461,1.083,0.396,0.000,0.952,14.925,19.817,sauna
2026-05-30 22:00:00,Saturday,22,2.164,0.996,0.239,0.000,0.692,14.938,19.029,ładowanie EV
2026-05-30 23:00:00,Saturday,23,2.900,1.297,0.000,0.000,0.000,12.928,17.125,ładowanie EV
2026-05-31 00:00:00,Sunday,0,2.682,1.435,0.000,0.000,0.000,9.805,13.922,ładowanie EV
2026-05-31 01:00:00,Sunday,1,2.804,1.362,0.000,0.000,0.000,9.890,14.056,ładowanie EV
2026-05-31 02:00:00,Sunday,2,3.183,1.766,0.000,0.000,0.000,16.887,21.836,ładowanie EV
2026-05-31 03:00:00,Sunday,3,1.888,1.578,0.000,0.000,0.000,12.944,16.410,ładowanie EV
2026-05-31 04:00:00,Sunday,4,2.617,1.580,0.000,0.000,0.000,10.044,14.241,ładowanie EV
2026-05-31 05:00:00,Sunday,5,3.222,1.668,0.000,0.000,0.000,16.362,21.252,ładowanie EV
2026-05-31 06:00:00,Sunday,6,1.909,1.852,0.000,0.515,0.000,0.000,4.276,
2026-05-31 07:00:00,Sunday,7,2.956,2.111,0.000,0.842,0.000,0.000,5.909,
2026-05-31 08:00:00,Sunday,8,2.537,1.776,0.000,0.586,0.000,0.000,4.899,
2026-05-31 09:00:00,Sunday,9,2.217,1.670,0.000,0.000,0.580,2.134,6.601,pompa basenu
2026-05-31 10:00:00,Sunday,10,2.903,1.352,0.000,0.000,0.283,2.758,7.296,pompa basenu
2026-05-31 11:00:00,Sunday,11,1.881,0.964,0.000,0.000,0.858,1.835,5.538,pompa basenu
2026-05-31 12:00:00,Sunday,12,3.121,0.936,0.000,0.000,0.543,2.578,7.178,pompa basenu
2026-05-31 13:00:00,Sunday,13,2.367,1.037,0.000,0.844,0.616,2.482,7.346,pompa basenu
2026-05-31 14:00:00,Sunday,14,2.058,0.888,0.000,0.000,0.669,4.312,7.927,pompa basenu; zmywarka
2026-05-31 15:00:00,Sunday,15,2.893,1.141,0.000,0.000,0.564,1.796,6.394,pompa basenu
2026-05-31 16:00:00,Sunday,16,2.146,1.385,0.000,0.000,0.421,2.309,6.261,pompa basenu
2026-05-31 17:00:00,Sunday,17,2.279,1.465,0.000,0.000,0.773,0.000,4.517,
2026-05-31 18:00:00,Sunday,18,2.116,1.414,0.000,4.299,1.076,0.000,8.905,
2026-05-31 19:00:00,Sunday,19,2.307,1.679,0.000,0.000,0.846,20.330,25.162,sauna
2026-05-31 20:00:00,Sunday,20,2.399,1.364,0.000,0.000,1.076,14.559,19.398,sauna
2026-05-31 21:00:00,Sunday,21,2.019,1.311,0.386,0.000,0.538,14.672,18.926,sauna
2026-05-31 22:00:00,Sunday,22,2.721,1.405,0.138,0.000,0.718,15.665,20.647,ładowanie EV
2026-05-31 23:00:00,Sunday,23,2.753,1.431,0.000,0.000,0.000,13.352,17.536,ładowanie EV
2026-06-01 00:00:00,Monday,0,3.057,1.493,0.000,0.000,0.000,10.419,14.969,ładowanie EV
2026-06-01 01:00:00,Monday,1,2.086,1.375,0.000,0.000,0.000,15.454,18.915,ładowanie EV
2026-06-01 02:00:00,Monday,2,2.447,1.435,0.000,0.000,0.000,9.699,13.581,ładowanie EV
2026-06-01 03:00:00,Monday,3,2.015,1.640,0.000,0.000,0.000,13.181,16.836,ładowanie EV
2026-06-01 04:00:00,Monday,4,2.696,1.697,0.000,0.000,0.000,10.826,15.219,ładowanie EV
2026-06-01 05:00:00,Monday,5,2.755,1.598,0.000,0.000,0.000,14.899,19.252,ładowanie EV
2026-06-01 06:00:00,Monday,6,3.048,2.114,0.000,1.362,0.000,0.000,6.524,
2026-06-01 07:00:00,Monday,7,2.038,1.955,0.000,1.056,0.000,0.000,5.049,
2026-06-01 08:00:00,Monday,8,2.217,1.806,0.000,0.738,0.000,0.000,4.761,
2026-06-01 09:00:00,Monday,9,2.916,1.251,0.000,0.000,0.419,1.569,6.155,pompa basenu
2026-06-01 10:00:00,Monday,10,2.355,1.081,0.000,0.000,0.301,2.680,6.417,pompa basenu
2026-06-01 11:00:00,Monday,11,3.135,1.267,0.000,0.000,0.402,2.484,7.288,pompa basenu
2026-06-01 12:00:00,Monday,12,2.369,0.920,0.000,0.000,0.331,1.576,5.196,pompa basenu
2026-06-01 13:00:00,Monday,13,2.953,0.888,0.000,2.024,0.285,1.569,7.719,pompa basenu
2026-06-01 14:00:00,Monday,14,2.824,0.842,0.000,0.000,0.373,2.042,6.081,pompa basenu
2026-06-01 15:00:00,Monday,15,3.183,0.844,0.000,0.000,0.405,2.673,7.105,pompa basenu
2026-06-01 16:00:00,Monday,16,2.691,0.782,0.000,0.000,0.626,1.486,5.585,pompa basenu
2026-06-01 17:00:00,Monday,17,2.824,0.826,0.000,0.000,1.035,0.000,4.685,
2026-06-01 18:00:00,Monday,18,1.900,0.690,0.000,5.258,0.768,0.000,8.616,
2026-06-01 19:00:00,Monday,19,2.597,0.713,0.000,0.000,0.724,1.898,5.932,zmywarka
2026-06-01 20:00:00,Monday,20,2.753,0.718,0.000,0.000,0.738,0.000,4.209,
2026-06-01 21:00:00,Monday,21,3.116,0.752,0.000,0.000,0.688,0.000,4.556,
2026-06-01 22:00:00,Monday,22,1.849,0.600,0.172,0.000,0.844,11.144,14.609,ładowanie EV
2026-06-01 23:00:00,Monday,23,2.424,0.683,0.000,0.000,0.000,12.330,15.437,ładowanie EV
2026-06-02 00:00:00,Tuesday,0,2.723,0.823,0.000,0.000,0.000,10.973,14.519,ładowanie EV
2026-06-02 01:00:00,Tuesday,1,2.328,0.950,0.000,0.000,0.000,16.114,19.392,ładowanie EV
2026-06-02 02:00:00,Tuesday,2,2.316,1.079,0.000,0.000,0.000,14.389,17.784,ładowanie EV
2026-06-02 03:00:00,Tuesday,3,3.179,1.116,0.000,0.000,0.000,11.003,15.298,ładowanie EV
2026-06-02 04:00:00,Tuesday,4,2.682,1.230,0.000,0.000,0.000,12.781,16.693,ładowanie EV
2026-06-02 05:00:00,Tuesday,5,2.404,1.104,0.000,0.000,0.000,8.549,12.057,ładowanie EV
2026-06-02 06:00:00,Tuesday,6,3.144,1.635,0.000,1.113,0.000,0.000,5.892,
2026-06-02 07:00:00,Tuesday,7,2.799,1.325,0.000,0.458,0.000,0.000,4.582,
2026-06-02 08:00:00,Tuesday,8,2.631,1.072,0.000,0.994,0.000,0.000,4.697,
2026-06-02 09:00:00,Tuesday,9,2.348,1.109,0.000,0.000,0.501,2.461,6.419,pompa basenu
2026-06-02 10:00:00,Tuesday,10,2.788,0.987,0.000,0.000,0.419,2.254,6.448,pompa basenu
2026-06-02 11:00:00,Tuesday,11,2.691,0.635,0.000,0.000,0.343,1.776,5.445,pompa basenu
2026-06-02 12:00:00,Tuesday,12,1.930,0.616,0.000,1.822,0.426,2.610,7.404,pompa basenu
2026-06-02 13:00:00,Tuesday,13,3.160,0.538,0.000,0.000,0.518,1.490,5.706,pompa basenu
2026-06-02 14:00:00,Tuesday,14,2.728,0.000,0.000,0.000,0.538,2.408,5.674,pompa basenu
2026-06-02 15:00:00,Tuesday,15,2.006,0.000,0.000,0.000,0.559,2.486,5.051,pompa basenu
2026-06-02 16:00:00,Tuesday,16,1.934,0.000,0.000,0.000,0.745,2.420,5.099,pompa basenu
2026-06-02 17:00:00,Tuesday,17,3.211,0.000,0.000,7.767,0.741,0.000,11.719,
2026-06-02 18:00:00,Tuesday,18,2.245,0.000,0.000,0.000,1.187,0.000,3.432,
2026-06-02 19:00:00,Tuesday,19,2.843,0.494,0.000,0.000,0.665,2.578,6.580,zmywarka
2026-06-02 20:00:00,Tuesday,20,2.898,0.488,0.000,0.000,0.787,0.000,4.173,
2026-06-02 21:00:00,Tuesday,21,2.755,0.667,0.000,0.000,0.913,0.000,4.335,
2026-06-02 22:00:00,Tuesday,22,3.022,0.000,0.170,0.000,0.582,10.953,14.727,ładowanie EV
2026-06-02 23:00:00,Tuesday,23,1.870,0.614,0.000,0.000,0.000,14.713,17.197,ładowanie EV
2026-06-03 00:00:00,Wednesday,0,2.309,0.764,0.000,0.000,0.000,12.712,15.785,ładowanie EV
2026-06-03 01:00:00,Wednesday,1,2.583,0.840,0.000,0.000,0.000,16.463,19.886,ładowanie EV
2026-06-03 02:00:00,Wednesday,2,2.693,0.678,0.000,0.000,0.000,16.261,19.632,ładowanie EV
2026-06-03 03:00:00,Wednesday,3,3.192,0.738,0.000,0.000,0.000,16.394,20.324,ładowanie EV
2026-06-03 04:00:00,Wednesday,4,2.978,0.706,0.000,0.000,0.000,15.502,19.186,ładowanie EV
2026-06-03 05:00:00,Wednesday,5,2.599,0.823,0.000,0.000,0.000,13.772,17.194,ładowanie EV
2026-06-03 06:00:00,Wednesday,6,1.973,1.005,0.000,1.318,0.000,0.000,4.296,
2026-06-03 07:00:00,Wednesday,7,2.496,0.954,0.000,1.166,0.000,0.000,4.616,
2026-06-03 08:00:00,Wednesday,8,3.054,0.821,0.000,1.162,0.000,0.000,5.037,
2026-06-03 09:00:00,Wednesday,9,2.629,0.757,0.000,0.000,0.483,1.753,5.622,pompa basenu
2026-06-03 10:00:00,Wednesday,10,2.164,0.621,0.000,0.000,0.343,1.640,4.768,pompa basenu
2026-06-03 11:00:00,Wednesday,11,2.712,0.619,0.000,0.000,0.278,2.100,5.709,pompa basenu
2026-06-03 12:00:00,Wednesday,12,1.930,0.455,0.000,1.566,0.437,2.079,6.467,pompa basenu
2026-06-03 13:00:00,Wednesday,13,2.956,0.518,0.000,0.000,0.423,4.232,8.129,pompa basenu; pralka
2026-06-03 14:00:00,Wednesday,14,2.206,0.596,0.000,0.000,0.830,6.783,10.415,pompa basenu; suszarka
2026-06-03 15:00:00,Wednesday,15,2.077,0.724,0.000,0.000,0.720,2.353,5.874,pompa basenu
2026-06-03 16:00:00,Wednesday,16,3.006,0.948,0.000,0.000,0.603,1.806,6.363,pompa basenu
2026-06-03 17:00:00,Wednesday,17,2.231,0.897,0.000,0.000,0.994,0.000,4.122,
2026-06-03 18:00:00,Wednesday,18,2.999,1.157,0.000,4.112,0.727,0.000,8.995,
2026-06-03 19:00:00,Wednesday,19,3.183,1.304,0.000,0.000,0.573,1.879,6.939,zmywarka
2026-06-03 20:00:00,Wednesday,20,2.215,1.109,0.000,0.000,0.635,0.000,3.959,
2026-06-03 21:00:00,Wednesday,21,1.964,1.352,0.000,0.000,1.092,0.000,4.408,
2026-06-03 22:00:00,Wednesday,22,3.116,1.058,0.253,0.000,0.564,9.083,14.074,ładowanie EV
2026-06-03 23:00:00,Wednesday,23,1.978,1.081,0.000,0.000,0.000,9.876,12.935,ładowanie EV
2026-06-04 00:00:00,Thursday,0,2.194,1.097,0.000,0.000,0.000,16.164,19.455,ładowanie EV
2026-06-04 01:00:00,Thursday,1,2.272,1.007,0.000,0.000,0.000,16.942,20.221,ładowanie EV
2026-06-04 02:00:00,Thursday,2,2.615,1.132,0.000,0.000,0.000,10.582,14.329,ładowanie EV
2026-06-04 03:00:00,Thursday,3,3.027,0.950,0.000,0.000,0.000,9.577,13.554,ładowanie EV
2026-06-04 04:00:00,Thursday,4,2.627,0.856,0.000,0.000,0.000,16.376,19.859,ładowanie EV
2026-06-04 05:00:00,Thursday,5,2.426,0.920,0.000,0.000,0.000,8.830,12.176,ładowanie EV
2026-06-04 06:00:00,Thursday,6,1.960,1.447,0.000,1.000,0.000,0.000,4.407,
2026-06-04 07:00:00,Thursday,7,2.378,1.300,0.000,0.918,0.000,0.000,4.596,
2026-06-04 08:00:00,Thursday,8,2.594,1.270,0.000,1.270,0.000,0.000,5.134,
2026-06-04 09:00:00,Thursday,9,3.091,0.964,0.000,0.000,0.499,2.167,6.721,pompa basenu
2026-06-04 10:00:00,Thursday,10,2.130,1.109,0.000,0.000,0.458,2.167,5.864,pompa basenu
2026-06-04 11:00:00,Thursday,11,3.013,1.033,0.000,0.000,0.384,2.450,6.880,pompa basenu
2026-06-04 12:00:00,Thursday,12,2.084,1.288,0.000,0.918,0.299,2.675,7.264,pompa basenu
2026-06-04 13:00:00,Thursday,13,2.905,0.810,0.000,0.000,0.506,2.542,6.763,pompa basenu
2026-06-04 14:00:00,Thursday,14,2.910,0.780,0.000,0.000,0.632,2.397,6.719,pompa basenu
2026-06-04 15:00:00,Thursday,15,1.877,0.980,0.000,0.000,0.416,2.056,5.329,pompa basenu
2026-06-04 16:00:00,Thursday,16,2.284,0.798,0.000,0.000,0.382,1.617,5.081,pompa basenu
2026-06-04 17:00:00,Thursday,17,2.215,0.761,0.000,4.082,0.812,0.000,7.870,
2026-06-04 18:00:00,Thursday,18,2.645,1.049,0.000,0.000,0.708,0.000,4.402,
2026-06-04 19:00:00,Thursday,19,2.525,1.148,0.000,0.000,1.159,1.898,6.730,zmywarka
2026-06-04 20:00:00,Thursday,20,2.008,1.254,0.000,0.000,0.975,0.000,4.237,
2026-06-04 21:00:00,Thursday,21,3.038,1.099,0.000,0.000,0.656,0.000,4.793,
2026-06-04 22:00:00,Thursday,22,2.337,0.943,0.246,0.000,0.768,9.356,13.650,ładowanie EV
2026-06-04 23:00:00,Thursday,23,2.615,1.175,0.000,0.000,0.000,15.350,19.140,ładowanie EV
2026-06-05 00:00:00,Friday,0,3.103,1.051,0.000,0.000,0.000,9.455,13.609,ładowanie EV
2026-06-05 01:00:00,Friday,1,2.456,1.205,0.000,0.000,0.000,10.263,13.924,ładowanie EV
2026-06-05 02:00:00,Friday,2,3.208,1.111,0.000,0.000,0.000,16.413,20.732,ładowanie EV
2026-06-05 03:00:00,Friday,3,2.229,1.145,0.000,0.000,0.000,15.757,19.131,ładowanie EV
2026-06-05 04:00:00,Friday,4,2.564,1.408,0.000,0.000,0.000,13.639,17.611,ładowanie EV
2026-06-05 05:00:00,Friday,5,2.755,1.254,0.000,0.000,0.000,16.574,20.583,ładowanie EV
2026-06-05 06:00:00,Friday,6,2.420,1.472,0.000,1.182,0.000,0.000,5.074,
2026-06-05 07:00:00,Friday,7,2.125,1.566,0.000,0.741,0.000,0.000,4.432,
2026-06-05 08:00:00,Friday,8,2.608,1.546,0.000,1.352,0.000,0.000,5.506,
2026-06-05 09:00:00,Friday,9,2.758,1.302,0.000,0.000,0.426,1.463,5.949,pompa basenu
2026-06-05 10:00:00,Friday,10,3.089,0.883,0.000,0.000,0.292,1.447,5.711,pompa basenu
2026-06-05 11:00:00,Friday,11,3.015,0.932,0.000,0.000,0.508,2.364,6.819,pompa basenu
2026-06-05 12:00:00,Friday,12,2.325,0.734,0.000,0.000,0.426,2.084,5.569,pompa basenu
2026-06-05 13:00:00,Friday,13,2.210,0.607,0.000,0.766,0.490,2.463,6.536,pompa basenu
2026-06-05 14:00:00,Friday,14,2.185,0.524,0.000,0.000,0.660,2.748,6.117,pompa basenu
2026-06-05 15:00:00,Friday,15,2.753,0.605,0.000,0.000,0.860,1.909,6.127,pompa basenu
2026-06-05 16:00:00,Friday,16,2.298,0.711,0.000,0.000,0.823,2.622,6.454,pompa basenu
2026-06-05 17:00:00,Friday,17,2.183,0.559,0.000,2.544,0.821,0.000,6.107,
2026-06-05 18:00:00,Friday,18,3.211,1.203,0.000,0.000,0.598,0.000,5.012,
2026-06-05 19:00:00,Friday,19,1.985,1.309,0.000,0.000,0.906,0.000,4.200,
2026-06-05 20:00:00,Friday,20,3.084,1.099,0.000,0.000,1.162,2.364,7.709,zmywarka
2026-06-05 21:00:00,Friday,21,2.408,1.251,0.000,0.000,0.596,0.000,4.255,
2026-06-05 22:00:00,Friday,22,2.542,0.869,0.138,0.000,1.074,8.793,13.416,ładowanie EV
2026-06-05 23:00:00,Friday,23,1.973,0.915,0.000,0.000,0.000,13.740,16.628,ładowanie EV
2026-06-06 00:00:00,Saturday,0,2.242,1.380,0.000,0.000,0.000,16.454,20.076,ładowanie EV
2026-06-06 01:00:00,Saturday,1,2.174,1.444,0.000,0.000,0.000,10.874,14.492,ładowanie EV
2026-06-06 02:00:00,Saturday,2,3.114,1.543,0.000,0.000,0.000,15.012,19.669,ładowanie EV
2026-06-06 03:00:00,Saturday,3,1.996,1.723,0.000,0.000,0.000,13.929,17.648,ładowanie EV
2026-06-06 04:00:00,Saturday,4,3.229,1.916,0.000,0.000,0.000,12.241,17.386,ładowanie EV
2026-06-06 05:00:00,Saturday,5,2.291,1.939,0.000,0.000,0.000,13.979,18.209,ładowanie EV
2026-06-06 06:00:00,Saturday,6,2.410,2.380,0.000,1.224,0.000,0.000,6.014,
2026-06-06 07:00:00,Saturday,7,1.985,2.298,0.000,1.037,0.000,0.000,5.320,
2026-06-06 08:00:00,Saturday,8,2.141,1.661,0.000,0.748,0.000,0.000,4.550,
2026-06-06 09:00:00,Saturday,9,2.997,1.205,0.000,0.000,0.580,1.992,6.774,pompa basenu
2026-06-06 10:00:00,Saturday,10,2.171,1.293,0.000,0.000,0.223,1.419,5.106,pompa basenu
2026-06-06 11:00:00,Saturday,11,2.714,0.964,0.000,0.000,0.803,3.540,8.021,pompa basenu; pralka
2026-06-06 12:00:00,Saturday,12,2.921,1.086,0.000,0.000,0.527,5.559,10.093,pompa basenu; suszarka
2026-06-06 13:00:00,Saturday,13,2.882,1.033,0.000,2.006,0.338,4.076,10.335,pompa basenu; zmywarka
2026-06-06 14:00:00,Saturday,14,2.719,1.019,0.000,0.000,0.248,2.758,6.744,pompa basenu
2026-06-06 15:00:00,Saturday,15,2.555,1.024,0.000,0.000,0.262,2.493,6.334,pompa basenu
2026-06-06 16:00:00,Saturday,16,2.811,0.984,0.000,0.000,0.674,2.387,6.856,pompa basenu
2026-06-06 17:00:00,Saturday,17,1.971,0.966,0.000,0.000,0.586,0.000,3.523,
2026-06-06 18:00:00,Saturday,18,2.546,0.812,0.000,3.326,1.074,0.000,7.758,
2026-06-06 19:00:00,Saturday,19,2.270,0.906,0.000,0.000,1.044,17.747,21.967,sauna
2026-06-06 20:00:00,Saturday,20,3.059,0.858,0.000,0.000,0.803,13.991,18.711,sauna
2026-06-06 21:00:00,Saturday,21,3.195,0.971,0.000,0.000,1.090,16.410,21.666,sauna
2026-06-06 22:00:00,Saturday,22,3.105,0.943,0.122,0.000,1.076,10.428,15.674,ładowanie EV
2026-06-06 23:00:00,Saturday,23,2.293,0.892,0.000,0.000,0.000,10.387,13.572,ładowanie EV
2026-06-07 00:00:00,Sunday,0,1.939,0.954,0.000,0.000,0.000,9.757,12.650,ładowanie EV
2026-06-07 01:00:00,Sunday,1,1.978,1.042,0.000,0.000,0.000,13.517,16.537,ładowanie EV
2026-06-07 02:00:00,Sunday,2,2.466,1.175,0.000,0.000,0.000,8.579,12.220,ładowanie EV
2026-06-07 03:00:00,Sunday,3,2.413,1.479,0.000,0.000,0.000,13.676,17.568,ładowanie EV
2026-06-07 04:00:00,Sunday,4,2.498,1.189,0.000,0.000,0.000,12.526,16.213,ładowanie EV
2026-06-07 05:00:00,Sunday,5,2.286,1.067,0.000,0.000,0.000,9.432,12.785,ładowanie EV
2026-06-07 06:00:00,Sunday,6,2.542,1.665,0.000,0.846,0.000,0.000,5.053,
2026-06-07 07:00:00,Sunday,7,2.263,1.281,0.000,1.076,0.000,0.000,4.620,
2026-06-07 08:00:00,Sunday,8,2.164,1.274,0.000,1.230,0.000,0.000,4.668,
2026-06-07 09:00:00,Sunday,9,1.881,1.171,0.000,0.000,0.467,2.484,6.003,pompa basenu
2026-06-07 10:00:00,Sunday,10,3.027,0.927,0.000,0.000,0.276,1.973,6.203,pompa basenu
2026-06-07 11:00:00,Sunday,11,3.006,0.731,0.000,0.000,0.653,1.635,6.025,pompa basenu
2026-06-07 12:00:00,Sunday,12,3.027,0.741,0.000,1.099,0.269,1.693,6.829,pompa basenu
2026-06-07 13:00:00,Sunday,13,1.925,0.506,0.000,0.000,0.492,1.681,4.604,pompa basenu
2026-06-07 14:00:00,Sunday,14,3.186,0.564,0.000,0.000,0.589,1.426,5.765,pompa basenu
2026-06-07 15:00:00,Sunday,15,2.709,0.540,0.000,0.000,0.207,2.700,6.156,pompa basenu
2026-06-07 16:00:00,Sunday,16,2.477,0.768,0.000,0.000,0.315,2.696,6.256,pompa basenu
2026-06-07 17:00:00,Sunday,17,2.213,0.777,0.000,4.110,0.711,0.000,7.811,
2026-06-07 18:00:00,Sunday,18,2.141,0.695,0.000,0.000,1.053,0.000,3.889,
2026-06-07 19:00:00,Sunday,19,2.523,1.113,0.000,0.000,0.644,17.565,21.845,sauna
2026-06-07 20:00:00,Sunday,20,2.785,1.217,0.000,0.000,1.164,15.720,20.886,sauna
2026-06-07 21:00:00,Sunday,21,1.879,1.525,0.000,0.000,0.543,17.057,21.004,sauna
2026-06-07 22:00:00,Sunday,22,2.574,0.913,0.294,0.000,0.851,13.991,18.623,ładowanie EV
2026-06-07 23:00:00,Sunday,23,3.176,0.978,0.000,0.000,0.000,10.040,14.194,ładowanie EV
2026-06-08 00:00:00,Monday,0,2.797,1.106,0.000,0.000,0.000,9.435,13.338,ładowanie EV
2026-06-08 01:00:00,Monday,1,2.995,1.191,0.000,0.000,0.000,9.757,13.943,ładowanie EV
2026-06-08 02:00:00,Monday,2,2.314,1.219,0.000,0.000,0.000,9.147,12.680,ładowanie EV
2026-06-08 03:00:00,Monday,3,2.514,1.398,0.000,0.000,0.000,9.568,13.480,ładowanie EV
2026-06-08 04:00:00,Monday,4,1.849,1.582,0.000,0.000,0.000,8.890,12.321,ładowanie EV
2026-06-08 05:00:00,Monday,5,2.852,1.670,0.000,0.000,0.000,13.671,18.193,ładowanie EV
2026-06-08 06:00:00,Monday,6,3.004,2.150,0.000,1.228,0.000,0.000,6.382,
2026-06-08 07:00:00,Monday,7,2.629,1.939,0.000,1.247,0.000,0.000,5.815,
2026-06-08 08:00:00,Monday,8,2.794,1.355,0.000,0.881,0.000,0.000,5.030,
2026-06-08 09:00:00,Monday,9,2.682,1.350,0.000,0.000,0.492,2.233,6.757,pompa basenu
2026-06-08 10:00:00,Monday,10,2.192,0.860,0.000,0.000,0.455,2.523,6.030,pompa basenu
2026-06-08 11:00:00,Monday,11,2.222,0.961,0.000,0.000,0.294,2.758,6.235,pompa basenu
2026-06-08 12:00:00,Monday,12,1.911,0.849,0.000,1.730,0.416,2.155,7.061,pompa basenu
2026-06-08 13:00:00,Monday,13,3.146,0.879,0.000,0.000,0.368,1.709,6.102,pompa basenu
2026-06-08 14:00:00,Monday,14,2.539,0.856,0.000,0.000,0.607,2.160,6.162,pompa basenu
2026-06-08 15:00:00,Monday,15,2.772,1.007,0.000,0.000,0.688,1.661,6.128,pompa basenu
2026-06-08 16:00:00,Monday,16,2.486,0.750,0.000,0.000,0.731,2.562,6.529,pompa basenu
2026-06-08 17:00:00,Monday,17,2.636,0.745,0.000,0.000,1.097,0.000,4.478,
2026-06-08 18:00:00,Monday,18,2.141,0.971,0.000,5.074,0.656,0.000,8.842,
2026-06-08 19:00:00,Monday,19,2.008,1.180,0.000,0.000,0.619,0.000,3.807,
2026-06-08 20:00:00,Monday,20,2.194,0.881,0.000,0.000,0.952,2.240,6.267,zmywarka
2026-06-08 21:00:00,Monday,21,2.873,1.074,0.000,0.000,0.980,0.000,4.927,
2026-06-08 22:00:00,Monday,22,3.096,0.906,0.281,0.000,0.883,16.891,22.057,ładowanie EV
2026-06-08 23:00:00,Monday,23,2.794,0.867,0.000,0.000,0.000,9.453,13.114,ładowanie EV
2026-06-09 00:00:00,Tuesday,0,2.542,0.807,0.000,0.000,0.000,13.729,17.078,ładowanie EV
2026-06-09 01:00:00,Tuesday,1,2.038,0.911,0.000,0.000,0.000,10.746,13.695,ładowanie EV
2026-06-09 02:00:00,Tuesday,2,2.369,0.823,0.000,0.000,0.000,16.933,20.125,ładowanie EV
2026-06-09 03:00:00,Tuesday,3,3.043,0.791,0.000,0.000,0.000,15.284,19.118,ładowanie EV
2026-06-09 04:00:00,Tuesday,4,2.482,0.860,0.000,0.000,0.000,14.699,18.041,ładowanie EV
2026-06-09 05:00:00,Tuesday,5,2.875,0.982,0.000,0.000,0.000,13.177,17.034,ładowanie EV
2026-06-09 06:00:00,Tuesday,6,2.608,1.182,0.000,0.702,0.000,0.000,4.492,
2026-06-09 07:00:00,Tuesday,7,2.843,1.249,0.000,0.830,0.000,0.000,4.922,
2026-06-09 08:00:00,Tuesday,8,1.911,1.300,0.000,1.086,0.000,0.000,4.297,
2026-06-09 09:00:00,Tuesday,9,2.144,1.194,0.000,0.000,0.842,1.835,6.015,praca zdalna; pompa basenu
2026-06-09 10:00:00,Tuesday,10,2.042,1.656,0.000,0.000,0.628,2.036,6.362,praca zdalna; pompa basenu
2026-06-09 11:00:00,Tuesday,11,2.408,1.762,0.000,0.000,0.690,2.758,7.618,praca zdalna; pompa basenu
2026-06-09 12:00:00,Tuesday,12,2.141,0.964,0.000,0.000,0.580,4.832,8.517,praca zdalna; pompa basenu; pralka
2026-06-09 13:00:00,Tuesday,13,2.450,0.899,0.000,1.523,0.789,5.366,11.027,praca zdalna; pompa basenu; suszarka
2026-06-09 14:00:00,Tuesday,14,2.650,0.971,0.000,0.000,0.713,1.541,5.875,praca zdalna; pompa basenu
2026-06-09 15:00:00,Tuesday,15,2.339,1.421,0.000,0.000,1.150,1.612,6.522,praca zdalna; pompa basenu
2026-06-09 16:00:00,Tuesday,16,2.024,1.049,0.000,0.000,0.764,1.463,5.300,praca zdalna; pompa basenu
2026-06-09 17:00:00,Tuesday,17,2.571,1.281,0.000,3.701,0.922,0.000,8.475,
2026-06-09 18:00:00,Tuesday,18,3.082,1.346,0.000,0.000,0.872,0.000,5.300,
2026-06-09 19:00:00,Tuesday,19,1.973,1.219,0.000,0.000,0.545,0.000,3.737,
2026-06-09 20:00:00,Tuesday,20,2.351,1.173,0.000,0.000,0.722,2.346,6.592,zmywarka
2026-06-09 21:00:00,Tuesday,21,2.353,1.467,0.000,0.000,1.208,0.000,5.028,
2026-06-09 22:00:00,Tuesday,22,2.203,1.224,0.271,0.000,0.830,14.559,19.087,ładowanie EV
2026-06-09 23:00:00,Tuesday,23,2.468,1.555,0.000,0.000,0.000,14.637,18.660,ładowanie EV
2026-06-10 00:00:00,Wednesday,0,2.252,1.541,0.000,0.000,0.000,13.913,17.706,ładowanie EV
2026-06-10 01:00:00,Wednesday,1,2.098,1.569,0.000,0.000,0.000,13.890,17.557,ładowanie EV
2026-06-10 02:00:00,Wednesday,2,2.093,2.063,0.000,0.000,0.000,11.068,15.224,ładowanie EV
2026-06-10 03:00:00,Wednesday,3,2.617,1.879,0.000,0.000,0.000,14.301,18.797,ładowanie EV
2026-06-10 04:00:00,Wednesday,4,3.084,1.888,0.000,0.000,0.000,8.742,13.714,ładowanie EV
2026-06-10 05:00:00,Wednesday,5,2.965,2.203,0.000,0.000,0.000,16.015,21.183,ładowanie EV
2026-06-10 06:00:00,Wednesday,6,2.334,2.640,0.000,1.049,0.000,0.000,6.023,
2026-06-10 07:00:00,Wednesday,7,3.087,2.236,0.000,0.736,0.000,0.000,6.059,
2026-06-10 08:00:00,Wednesday,8,2.535,1.776,0.000,1.035,0.000,0.000,5.346,
2026-06-10 09:00:00,Wednesday,9,2.256,1.863,0.000,0.000,0.586,1.516,6.221,praca zdalna; pompa basenu
2026-06-10 10:00:00,Wednesday,10,2.976,1.479,0.000,0.000,0.619,2.571,7.645,praca zdalna; pompa basenu
2026-06-10 11:00:00,Wednesday,11,2.739,1.196,0.000,0.000,0.724,2.500,7.159,praca zdalna; pompa basenu
2026-06-10 12:00:00,Wednesday,12,2.523,1.251,0.000,0.000,0.869,1.782,6.425,praca zdalna; pompa basenu
2026-06-10 13:00:00,Wednesday,13,2.758,1.099,0.000,1.046,0.789,1.513,7.205,praca zdalna; pompa basenu
2026-06-10 14:00:00,Wednesday,14,2.371,0.837,0.000,0.000,0.966,1.506,5.680,praca zdalna; pompa basenu
2026-06-10 15:00:00,Wednesday,15,2.631,0.720,0.000,0.000,0.994,1.608,5.953,praca zdalna; pompa basenu
2026-06-10 16:00:00,Wednesday,16,2.744,0.913,0.000,0.000,1.074,1.909,6.640,praca zdalna; pompa basenu
2026-06-10 17:00:00,Wednesday,17,2.484,0.897,0.000,6.258,1.102,0.000,10.741,
2026-06-10 18:00:00,Wednesday,18,2.438,0.980,0.000,0.000,0.964,0.000,4.382,
2026-06-10 19:00:00,Wednesday,19,2.383,1.033,0.000,0.000,0.536,2.571,6.523,zmywarka
2026-06-10 20:00:00,Wednesday,20,2.958,1.178,0.000,0.000,0.610,0.000,4.746,
2026-06-10 21:00:00,Wednesday,21,1.960,1.435,0.000,0.000,1.116,0.000,4.511,
2026-06-10 22:00:00,Wednesday,22,2.190,1.290,0.177,0.000,0.853,15.277,19.787,ładowanie EV
2026-06-10 23:00:00,Wednesday,23,2.707,1.518,0.000,0.000,0.000,8.246,12.471,ładowanie EV
2026-06-11 00:00:00,Thursday,0,2.015,1.550,0.000,0.000,0.000,16.084,19.649,ładowanie EV
2026-06-11 01:00:00,Thursday,1,3.024,1.601,0.000,0.000,0.000,13.108,17.733,ładowanie EV
2026-06-11 02:00:00,Thursday,2,3.013,1.695,0.000,0.000,0.000,9.681,14.389,ładowanie EV
2026-06-11 03:00:00,Thursday,3,2.088,1.953,0.000,0.000,0.000,12.882,16.923,ładowanie EV
2026-06-11 04:00:00,Thursday,4,3.036,1.824,0.000,0.000,0.000,8.439,13.299,ładowanie EV
2026-06-11 05:00:00,Thursday,5,2.539,2.022,0.000,0.000,0.000,15.265,19.826,ładowanie EV
2026-06-11 06:00:00,Thursday,6,3.107,2.272,0.000,1.242,0.000,0.000,6.621,
2026-06-11 07:00:00,Thursday,7,2.686,2.206,0.000,1.150,0.000,0.000,6.042,
2026-06-11 08:00:00,Thursday,8,1.918,1.633,0.000,0.922,0.000,0.000,4.473,
2026-06-11 09:00:00,Thursday,9,2.956,1.513,0.000,0.000,0.506,1.555,6.530,pompa basenu
2026-06-11 10:00:00,Thursday,10,3.094,1.247,0.000,0.000,0.497,2.647,7.485,pompa basenu
2026-06-11 11:00:00,Thursday,11,2.544,1.408,0.000,0.000,0.281,1.863,6.096,pompa basenu
2026-06-11 12:00:00,Thursday,12,2.721,1.569,0.000,0.000,0.336,2.509,7.135,pompa basenu
2026-06-11 13:00:00,Thursday,13,2.636,1.274,0.000,1.058,0.506,2.590,8.064,pompa basenu
2026-06-11 14:00:00,Thursday,14,2.247,1.438,0.000,0.000,0.345,2.312,6.342,pompa basenu
2026-06-11 15:00:00,Thursday,15,1.971,1.083,0.000,0.000,0.278,1.656,4.988,pompa basenu
2026-06-11 16:00:00,Thursday,16,2.923,1.044,0.000,0.000,0.483,2.468,6.918,pompa basenu
2026-06-11 17:00:00,Thursday,17,2.010,1.042,0.000,7.125,0.575,0.000,10.752,
2026-06-11 18:00:00,Thursday,18,3.140,1.189,0.000,0.000,0.603,0.000,4.932,
2026-06-11 19:00:00,Thursday,19,1.969,1.297,0.000,0.000,0.911,2.714,6.891,zmywarka
2026-06-11 20:00:00,Thursday,20,2.309,1.559,0.000,0.000,0.545,0.000,4.413,
2026-06-11 21:00:00,Thursday,21,1.992,1.734,0.000,0.000,1.092,0.000,4.818,
2026-06-11 22:00:00,Thursday,22,2.588,1.477,0.207,0.000,1.166,9.692,15.130,ładowanie EV
2026-06-11 23:00:00,Thursday,23,2.852,1.502,0.000,0.000,0.000,11.822,16.176,ładowanie EV
2026-06-12 00:00:00,Friday,0,2.597,1.578,0.000,0.000,0.000,12.420,16.595,ładowanie EV
2026-06-12 01:00:00,Friday,1,2.233,1.996,0.000,0.000,0.000,14.665,18.894,ładowanie EV
2026-06-12 02:00:00,Friday,2,3.188,2.374,0.000,0.000,0.000,17.008,22.570,ładowanie EV
2026-06-12 03:00:00,Friday,3,2.746,2.663,0.000,0.000,0.000,15.564,20.973,ładowanie EV
2026-06-12 04:00:00,Friday,4,2.845,2.682,0.000,0.000,0.000,14.239,19.766,ładowanie EV
2026-06-12 05:00:00,Friday,5,2.012,2.640,0.000,0.000,0.000,10.495,15.147,ładowanie EV
2026-06-12 06:00:00,Friday,6,2.086,2.410,0.000,0.662,0.000,0.000,5.158,
2026-06-12 07:00:00,Friday,7,3.018,2.146,0.000,0.442,0.000,0.000,5.606,
2026-06-12 08:00:00,Friday,8,3.128,1.295,0.000,1.336,0.000,0.000,5.759,
2026-06-12 09:00:00,Friday,9,2.640,1.530,0.000,0.000,0.469,1.573,6.212,pompa basenu
2026-06-12 10:00:00,Friday,10,2.663,1.288,0.000,0.000,0.492,2.452,6.895,pompa basenu
2026-06-12 11:00:00,Friday,11,3.057,1.541,0.000,0.000,0.373,1.904,6.875,pompa basenu
2026-06-12 12:00:00,Friday,12,2.721,1.412,0.000,0.000,0.310,1.764,6.207,pompa basenu
2026-06-12 13:00:00,Friday,13,2.926,1.205,0.000,1.808,0.297,2.017,8.253,pompa basenu
2026-06-12 14:00:00,Friday,14,2.999,0.971,0.000,0.000,0.623,2.070,6.663,pompa basenu
2026-06-12 15:00:00,Friday,15,2.282,1.116,0.000,0.000,0.522,2.702,6.622,pompa basenu
2026-06-12 16:00:00,Friday,16,3.036,1.343,0.000,0.000,0.506,2.153,7.038,pompa basenu
2026-06-12 17:00:00,Friday,17,2.351,1.017,0.000,0.000,0.892,0.000,4.260,
2026-06-12 18:00:00,Friday,18,2.808,1.585,0.000,3.121,1.111,0.000,8.625,
2026-06-12 19:00:00,Friday,19,2.946,1.674,0.000,0.000,1.058,0.000,5.678,
2026-06-12 20:00:00,Friday,20,2.286,1.348,0.000,0.000,1.060,2.084,6.778,zmywarka
2026-06-12 21:00:00,Friday,21,1.973,1.120,0.000,0.000,0.934,0.000,4.027,
2026-06-12 22:00:00,Friday,22,2.164,1.481,0.334,0.000,1.005,15.769,20.753,ładowanie EV
2026-06-12 23:00:00,Friday,23,2.109,1.566,0.000,0.000,0.000,11.233,14.908,ładowanie EV
2026-06-13 00:00:00,Saturday,0,3.038,1.382,0.000,0.000,0.000,12.167,16.587,ładowanie EV
2026-06-13 01:00:00,Saturday,1,2.436,1.760,0.000,0.000,0.000,16.675,20.871,ładowanie EV
2026-06-13 02:00:00,Saturday,2,2.592,1.730,0.000,0.000,0.000,9.607,13.929,ładowanie EV
2026-06-13 03:00:00,Saturday,3,2.693,1.695,0.000,0.000,0.000,8.901,13.289,ładowanie EV
2026-06-13 04:00:00,Saturday,4,2.369,2.183,0.000,0.000,0.000,13.264,17.816,ładowanie EV
2026-06-13 05:00:00,Saturday,5,3.133,1.736,0.000,0.000,0.000,9.361,14.230,ładowanie EV
2026-06-13 06:00:00,Saturday,6,2.594,2.210,0.000,0.766,0.000,0.000,5.570,
2026-06-13 07:00:00,Saturday,7,2.489,1.964,0.000,1.072,0.000,0.000,5.525,
2026-06-13 08:00:00,Saturday,8,2.886,1.686,0.000,0.851,0.000,0.000,5.423,
2026-06-13 09:00:00,Saturday,9,2.585,1.668,0.000,0.000,0.821,3.066,8.140,pompa basenu; pralka
2026-06-13 10:00:00,Saturday,10,2.647,1.631,0.000,0.000,0.708,6.656,11.642,pompa basenu; suszarka
2026-06-13 11:00:00,Saturday,11,2.578,1.433,0.000,0.000,0.718,2.387,7.116,pompa basenu
2026-06-13 12:00:00,Saturday,12,2.790,1.283,0.000,0.000,0.460,1.573,6.106,pompa basenu
2026-06-13 13:00:00,Saturday,13,3.029,1.304,0.000,0.757,0.662,1.870,7.622,pompa basenu
2026-06-13 14:00:00,Saturday,14,2.012,1.688,0.000,0.000,0.851,5.343,9.894,pompa basenu; zmywarka
2026-06-13 15:00:00,Saturday,15,2.797,2.309,0.000,0.000,0.391,1.879,7.376,pompa basenu
2026-06-13 16:00:00,Saturday,16,2.431,2.008,0.000,0.000,0.752,1.787,6.978,pompa basenu
2026-06-13 17:00:00,Saturday,17,2.353,1.534,0.000,0.000,1.017,0.000,4.904,
2026-06-13 18:00:00,Saturday,18,1.934,1.251,0.000,8.137,0.881,0.000,12.203,
2026-06-13 19:00:00,Saturday,19,1.962,1.449,0.000,0.000,0.681,13.908,18.000,sauna
2026-06-13 20:00:00,Saturday,20,2.139,1.900,0.000,0.000,0.794,18.039,22.872,sauna
2026-06-13 21:00:00,Saturday,21,3.213,1.679,0.000,0.000,0.536,16.675,22.103,sauna
2026-06-13 22:00:00,Saturday,22,3.087,1.884,0.310,0.000,1.134,9.600,16.015,ładowanie EV
2026-06-13 23:00:00,Saturday,23,2.134,1.635,0.000,0.000,0.000,10.357,14.126,ładowanie EV
2026-06-14 00:00:00,Sunday,0,2.330,2.236,0.000,0.000,0.000,9.471,14.037,ładowanie EV
2026-06-14 01:00:00,Sunday,1,3.091,2.475,0.000,0.000,0.000,14.414,19.980,ładowanie EV
2026-06-14 02:00:00,Sunday,2,2.249,2.222,0.000,0.000,0.000,14.389,18.860,ładowanie EV
2026-06-14 03:00:00,Sunday,3,2.380,2.206,0.000,0.000,0.000,9.430,14.016,ładowanie EV
2026-06-14 04:00:00,Sunday,4,2.364,2.245,0.000,0.000,0.000,14.097,18.706,ładowanie EV
2026-06-14 05:00:00,Sunday,5,2.799,2.164,0.000,0.000,0.000,13.687,18.650,ładowanie EV
2026-06-14 06:00:00,Sunday,6,2.169,2.811,0.000,0.759,0.000,0.000,5.739,
2026-06-14 07:00:00,Sunday,7,2.585,2.176,0.000,0.846,0.000,0.000,5.607,
2026-06-14 08:00:00,Sunday,8,2.063,2.003,0.000,1.300,0.000,0.000,5.366,
2026-06-14 09:00:00,Sunday,9,2.470,1.806,0.000,0.000,0.338,2.082,6.696,pompa basenu
2026-06-14 10:00:00,Sunday,10,2.056,1.819,0.000,0.000,0.439,1.870,6.184,pompa basenu
2026-06-14 11:00:00,Sunday,11,2.615,1.651,0.000,0.000,0.331,2.180,6.777,pompa basenu
2026-06-14 12:00:00,Sunday,12,2.061,1.097,0.000,0.000,0.780,1.578,5.516,pompa basenu
2026-06-14 13:00:00,Sunday,13,2.390,1.267,0.000,2.564,0.853,4.963,12.037,pompa basenu; zmywarka
2026-06-14 14:00:00,Sunday,14,2.767,1.074,0.000,0.000,0.327,2.714,6.882,pompa basenu
2026-06-14 15:00:00,Sunday,15,2.238,1.322,0.000,0.000,0.649,2.111,6.320,pompa basenu
2026-06-14 16:00:00,Sunday,16,2.781,1.017,0.000,0.000,0.179,2.714,6.691,pompa basenu
2026-06-14 17:00:00,Sunday,17,2.935,1.189,0.000,7.641,0.918,0.000,12.683,
2026-06-14 18:00:00,Sunday,18,2.859,1.260,0.000,0.000,0.651,0.000,4.770,
2026-06-14 19:00:00,Sunday,19,2.054,1.168,0.000,0.000,0.874,20.590,24.686,sauna
2026-06-14 20:00:00,Sunday,20,2.769,1.276,0.000,0.000,1.180,15.585,20.810,sauna
2026-06-14 21:00:00,Sunday,21,2.905,1.380,0.000,0.000,1.097,15.918,21.300,sauna
2026-06-14 22:00:00,Sunday,22,3.105,1.412,0.184,0.000,0.658,15.596,20.955,ładowanie EV
2026-06-14 23:00:00,Sunday,23,2.472,1.773,0.000,0.000,0.000,16.443,20.688,ładowanie EV
2026-06-15 00:00:00,Monday,0,2.183,1.941,0.000,0.000,0.000,16.693,20.817,ładowanie EV
2026-06-15 01:00:00,Monday,1,2.459,1.578,0.000,0.000,0.000,16.693,20.730,ładowanie EV
2026-06-15 02:00:00,Monday,2,2.539,1.668,0.000,0.000,0.000,11.304,15.511,ładowanie EV
2026-06-15 03:00:00,Monday,3,3.137,1.743,0.000,0.000,0.000,13.897,18.777,ładowanie EV
2026-06-15 04:00:00,Monday,4,2.569,1.801,0.000,0.000,0.000,13.032,17.402,ładowanie EV
2026-06-15 05:00:00,Monday,5,3.144,1.589,0.000,0.000,0.000,13.809,18.542,ładowanie EV
2026-06-15 06:00:00,Monday,6,2.295,2.137,0.000,0.669,0.000,0.000,5.101,
2026-06-15 07:00:00,Monday,7,2.339,2.178,0.000,0.978,0.000,0.000,5.495,
2026-06-15 08:00:00,Monday,8,3.068,1.642,0.000,0.511,0.000,0.000,5.221,
2026-06-15 09:00:00,Monday,9,2.068,1.681,0.000,0.000,0.368,2.293,6.410,pompa basenu
2026-06-15 10:00:00,Monday,10,2.569,1.230,0.000,0.000,0.515,1.739,6.053,pompa basenu
2026-06-15 11:00:00,Monday,11,2.236,1.332,0.000,0.000,0.350,2.636,6.554,pompa basenu
2026-06-15 12:00:00,Monday,12,2.440,1.159,0.000,1.624,0.336,2.325,7.884,pompa basenu
2026-06-15 13:00:00,Monday,13,1.898,1.109,0.000,0.000,0.506,2.500,6.013,pompa basenu
2026-06-15 14:00:00,Monday,14,2.019,1.111,0.000,0.000,0.575,1.502,5.207,pompa basenu
2026-06-15 15:00:00,Monday,15,2.997,1.148,0.000,0.000,0.557,2.169,6.871,pompa basenu
2026-06-15 16:00:00,Monday,16,2.615,0.964,0.000,0.000,0.849,2.229,6.657,pompa basenu
2026-06-15 17:00:00,Monday,17,1.904,1.058,0.000,4.317,0.697,0.000,7.976,
2026-06-15 18:00:00,Monday,18,1.983,1.090,0.000,0.000,0.994,0.000,4.067,
2026-06-15 19:00:00,Monday,19,2.765,1.122,0.000,0.000,1.157,2.075,7.119,zmywarka
2026-06-15 20:00:00,Monday,20,3.018,1.063,0.000,0.000,0.828,0.000,4.909,
2026-06-15 21:00:00,Monday,21,2.972,1.543,0.000,0.000,1.053,0.000,5.568,
2026-06-15 22:00:00,Monday,22,2.535,1.122,0.191,0.000,0.667,11.263,15.778,ładowanie EV
2026-06-15 23:00:00,Monday,23,2.976,1.297,0.000,0.000,0.000,10.982,15.255,ładowanie EV
2026-06-16 00:00:00,Tuesday,0,2.564,1.375,0.000,0.000,0.000,8.802,12.741,ładowanie EV
2026-06-16 01:00:00,Tuesday,1,3.052,1.470,0.000,0.000,0.000,10.888,15.410,ładowanie EV
2026-06-16 02:00:00,Tuesday,2,2.702,1.649,0.000,0.000,0.000,13.027,17.378,ładowanie EV
2026-06-16 03:00:00,Tuesday,3,2.367,1.569,0.000,0.000,0.000,16.551,20.487,ładowanie EV
2026-06-16 04:00:00,Tuesday,4,2.229,2.040,0.000,0.000,0.000,10.058,14.327,ładowanie EV
2026-06-16 05:00:00,Tuesday,5,2.797,2.314,0.000,0.000,0.000,15.780,20.891,ładowanie EV
2026-06-16 06:00:00,Tuesday,6,2.249,2.413,0.000,0.964,0.000,0.000,5.626,
2026-06-16 07:00:00,Tuesday,7,2.932,2.194,0.000,0.720,0.000,0.000,5.846,
2026-06-16 08:00:00,Tuesday,8,2.682,2.482,0.000,1.056,0.000,0.000,6.220,
2026-06-16 09:00:00,Tuesday,9,3.128,2.162,0.000,0.000,0.474,1.914,7.678,pompa basenu
2026-06-16 10:00:00,Tuesday,10,2.217,2.496,0.000,0.000,0.504,4.260,9.477,pompa basenu; pralka
2026-06-16 11:00:00,Tuesday,11,2.850,2.063,0.000,0.000,0.497,6.008,11.418,pompa basenu; suszarka
2026-06-16 12:00:00,Tuesday,12,2.746,2.215,0.000,0.000,0.416,1.787,7.164,pompa basenu
2026-06-16 13:00:00,Tuesday,13,2.668,1.960,0.000,1.371,0.373,1.976,8.348,pompa basenu
2026-06-16 14:00:00,Tuesday,14,2.544,1.824,0.000,0.000,0.481,1.879,6.728,pompa basenu
2026-06-16 15:00:00,Tuesday,15,2.321,1.828,0.000,0.000,0.485,1.661,6.295,pompa basenu
2026-06-16 16:00:00,Tuesday,16,2.875,1.518,0.000,0.000,0.667,1.690,6.750,pompa basenu
2026-06-16 17:00:00,Tuesday,17,1.969,1.615,0.000,4.372,1.106,0.000,9.062,
2026-06-16 18:00:00,Tuesday,18,2.730,1.746,0.000,0.000,0.810,0.000,5.286,
2026-06-16 19:00:00,Tuesday,19,2.102,1.677,0.000,0.000,0.796,1.966,6.541,zmywarka
2026-06-16 20:00:00,Tuesday,20,2.686,1.610,0.000,0.000,0.954,0.000,5.250,
2026-06-16 21:00:00,Tuesday,21,2.822,1.888,0.000,0.000,0.968,0.000,5.678,
2026-06-16 22:00:00,Tuesday,22,2.236,1.532,0.262,0.000,1.111,8.234,13.375,ładowanie EV
2026-06-16 23:00:00,Tuesday,23,2.748,1.955,0.000,0.000,0.000,9.865,14.568,ładowanie EV
2026-06-17 00:00:00,Wednesday,0,2.916,1.904,0.000,0.000,0.000,8.728,13.548,ładowanie EV
2026-06-17 01:00:00,Wednesday,1,2.019,1.914,0.000,0.000,0.000,16.530,20.463,ładowanie EV
2026-06-17 02:00:00,Wednesday,2,2.293,1.916,0.000,0.000,0.000,11.433,15.642,ładowanie EV
2026-06-17 03:00:00,Wednesday,3,3.020,1.911,0.000,0.000,0.000,16.128,21.059,ładowanie EV
2026-06-17 04:00:00,Wednesday,4,2.574,2.316,0.000,0.000,0.000,9.375,14.265,ładowanie EV
2026-06-17 05:00:00,Wednesday,5,2.891,2.003,0.000,0.000,0.000,9.338,14.232,ładowanie EV
2026-06-17 06:00:00,Wednesday,6,3.077,2.645,0.000,1.242,0.000,0.000,6.964,
2026-06-17 07:00:00,Wednesday,7,3.123,2.318,0.000,0.895,0.000,0.000,6.336,
2026-06-17 08:00:00,Wednesday,8,2.286,2.811,0.000,0.757,0.000,0.000,5.854,
2026-06-17 09:00:00,Wednesday,9,1.976,2.019,0.000,0.000,0.515,2.231,6.741,pompa basenu
2026-06-17 10:00:00,Wednesday,10,2.286,2.183,0.000,0.000,0.400,2.291,7.160,pompa basenu
2026-06-17 11:00:00,Wednesday,11,2.512,1.999,0.000,0.000,0.458,2.196,7.165,pompa basenu
2026-06-17 12:00:00,Wednesday,12,3.041,1.622,0.000,1.012,0.476,2.192,8.343,pompa basenu
2026-06-17 13:00:00,Wednesday,13,2.914,1.237,0.000,0.000,0.506,2.001,6.658,pompa basenu
2026-06-17 14:00:00,Wednesday,14,2.121,1.143,0.000,0.000,0.582,2.638,6.484,pompa basenu
2026-06-17 15:00:00,Wednesday,15,3.130,0.883,0.000,0.000,0.738,2.358,7.109,pompa basenu
2026-06-17 16:00:00,Wednesday,16,2.109,1.017,0.000,0.000,0.398,2.551,6.075,pompa basenu
2026-06-17 17:00:00,Wednesday,17,1.946,0.789,0.000,3.077,1.010,0.000,6.822,
2026-06-17 18:00:00,Wednesday,18,2.509,0.982,0.000,0.000,0.727,0.000,4.218,
2026-06-17 19:00:00,Wednesday,19,1.983,1.141,0.000,0.000,0.557,0.000,3.681,
2026-06-17 20:00:00,Wednesday,20,2.551,0.842,0.000,0.000,1.102,2.208,6.703,zmywarka
2026-06-17 21:00:00,Wednesday,21,2.521,1.219,0.000,0.000,1.028,0.000,4.768,
2026-06-17 22:00:00,Wednesday,22,2.753,0.842,0.225,0.000,1.162,14.423,19.405,ładowanie EV
2026-06-17 23:00:00,Wednesday,23,2.240,0.888,0.000,0.000,0.000,16.785,19.913,ładowanie EV
2026-06-18 00:00:00,Thursday,0,2.801,1.113,0.000,0.000,0.000,8.763,12.677,ładowanie EV
2026-06-18 01:00:00,Thursday,1,1.858,0.957,0.000,0.000,0.000,13.839,16.654,ładowanie EV
2026-06-18 02:00:00,Thursday,2,2.429,0.676,0.000,0.000,0.000,16.900,20.005,ładowanie EV
2026-06-18 03:00:00,Thursday,3,2.344,0.748,0.000,0.000,0.000,15.817,18.909,ładowanie EV
2026-06-18 04:00:00,Thursday,4,2.128,0.782,0.000,0.000,0.000,10.969,13.879,ładowanie EV
2026-06-18 05:00:00,Thursday,5,2.822,0.888,0.000,0.000,0.000,15.663,19.373,ładowanie EV
2026-06-18 06:00:00,Thursday,6,3.119,1.109,0.000,0.501,0.000,0.000,4.729,
2026-06-18 07:00:00,Thursday,7,2.818,1.118,0.000,0.971,0.000,0.000,4.907,
2026-06-18 08:00:00,Thursday,8,2.978,0.860,0.000,1.178,0.000,0.000,5.016,
2026-06-18 09:00:00,Thursday,9,2.247,0.748,0.000,0.000,0.483,1.622,5.100,pompa basenu
2026-06-18 10:00:00,Thursday,10,2.493,0.688,0.000,0.000,0.386,2.551,6.118,pompa basenu
2026-06-18 11:00:00,Thursday,11,2.969,0.000,0.000,0.000,0.400,1.842,5.211,pompa basenu
2026-06-18 12:00:00,Thursday,12,2.592,0.000,0.000,2.029,0.347,1.603,6.571,pompa basenu
2026-06-18 13:00:00,Thursday,13,1.888,0.000,0.000,0.000,0.416,1.447,3.751,pompa basenu
2026-06-18 14:00:00,Thursday,14,2.875,0.000,0.000,0.000,0.340,1.548,4.763,pompa basenu
2026-06-18 15:00:00,Thursday,15,3.094,0.000,0.000,0.000,0.391,1.401,4.886,pompa basenu
2026-06-18 16:00:00,Thursday,16,2.659,3.390,0.000,0.000,0.347,1.920,8.316,pompa basenu
2026-06-18 17:00:00,Thursday,17,2.100,0.000,0.000,0.000,0.672,0.000,2.772,
2026-06-18 18:00:00,Thursday,18,2.949,1.898,0.000,6.882,0.614,0.000,12.343,
2026-06-18 19:00:00,Thursday,19,2.820,0.000,0.000,0.000,0.543,2.530,5.893,zmywarka
2026-06-18 20:00:00,Thursday,20,2.452,0.000,0.000,0.000,0.750,0.000,3.202,
2026-06-18 21:00:00,Thursday,21,2.622,0.000,0.000,0.000,1.014,0.000,3.636,
2026-06-18 22:00:00,Thursday,22,1.904,0.000,0.235,0.000,0.982,13.963,17.084,ładowanie EV
2026-06-18 23:00:00,Thursday,23,2.203,0.000,0.000,0.000,0.000,16.123,18.326,ładowanie EV
2026-06-19 00:00:00,Friday,0,1.863,0.000,0.000,0.000,0.000,12.786,14.649,ładowanie EV
2026-06-19 01:00:00,Friday,1,2.123,0.000,0.000,0.000,0.000,16.783,18.906,ładowanie EV
2026-06-19 02:00:00,Friday,2,2.914,0.695,0.000,0.000,0.000,9.573,13.182,ładowanie EV
2026-06-19 03:00:00,Friday,3,3.105,0.672,0.000,0.000,0.000,9.531,13.308,ładowanie EV
2026-06-19 04:00:00,Friday,4,2.312,0.598,0.000,0.000,0.000,12.211,15.121,ładowanie EV
2026-06-19 05:00:00,Friday,5,1.923,0.718,0.000,0.000,0.000,14.253,16.894,ładowanie EV
2026-06-19 06:00:00,Friday,6,3.167,0.973,0.000,1.184,0.000,0.000,5.324,
2026-06-19 07:00:00,Friday,7,2.769,0.635,0.000,0.653,0.000,0.000,4.057,
2026-06-19 08:00:00,Friday,8,2.650,0.610,0.000,1.017,0.000,0.000,4.277,
2026-06-19 09:00:00,Friday,9,2.604,0.000,0.000,0.000,0.350,2.374,5.328,pompa basenu
2026-06-19 10:00:00,Friday,10,1.925,0.000,0.000,0.000,0.437,1.838,4.200,pompa basenu
2026-06-19 11:00:00,Friday,11,2.567,0.000,0.000,0.000,0.506,2.493,5.566,pompa basenu
2026-06-19 12:00:00,Friday,12,1.927,0.000,0.000,0.000,0.370,2.286,4.583,pompa basenu
2026-06-19 13:00:00,Friday,13,2.098,0.000,0.000,1.270,0.361,2.107,5.836,pompa basenu
2026-06-19 14:00:00,Friday,14,2.900,0.000,0.000,0.000,0.322,2.196,5.418,pompa basenu
2026-06-19 15:00:00,Friday,15,2.238,3.885,0.000,0.000,0.777,2.397,9.297,pompa basenu
2026-06-19 16:00:00,Friday,16,2.988,2.567,0.000,0.000,0.718,2.132,8.405,pompa basenu
2026-06-19 17:00:00,Friday,17,2.178,3.639,0.000,0.000,1.166,0.000,6.983,
2026-06-19 18:00:00,Friday,18,2.995,0.000,0.000,6.495,0.957,0.000,10.447,
2026-06-19 19:00:00,Friday,19,3.195,0.000,0.000,0.000,1.118,0.000,4.313,
2026-06-19 20:00:00,Friday,20,2.006,0.000,0.000,0.000,0.862,1.983,4.851,zmywarka
2026-06-19 21:00:00,Friday,21,2.960,0.000,0.000,0.000,0.987,0.000,3.947,
2026-06-19 22:00:00,Friday,22,2.923,0.000,0.320,0.000,1.155,9.918,14.316,ładowanie EV
2026-06-19 23:00:00,Friday,23,2.095,0.000,0.000,0.000,0.000,13.370,15.465,ładowanie EV
2026-06-20 00:00:00,Saturday,0,3.206,0.000,0.000,0.000,0.000,8.784,11.990,ładowanie EV
2026-06-20 01:00:00,Saturday,1,2.401,0.000,0.000,0.000,0.000,16.220,18.621,ładowanie EV
2026-06-20 02:00:00,Saturday,2,3.059,0.000,0.000,0.000,0.000,11.102,14.161,ładowanie EV
2026-06-20 03:00:00,Saturday,3,2.886,0.000,0.000,0.000,0.000,15.021,17.907,ładowanie EV
2026-06-20 04:00:00,Saturday,4,2.417,0.000,0.000,0.000,0.000,12.733,15.150,ładowanie EV
2026-06-20 05:00:00,Saturday,5,1.842,0.000,0.000,0.000,0.000,10.136,11.978,ładowanie EV
2026-06-20 06:00:00,Saturday,6,2.742,0.621,0.000,0.713,0.000,0.000,4.076,
2026-06-20 07:00:00,Saturday,7,2.061,0.000,0.000,0.945,0.000,0.000,3.006,
2026-06-20 08:00:00,Saturday,8,3.045,0.000,0.000,1.171,0.000,0.000,4.216,
2026-06-20 09:00:00,Saturday,9,2.806,0.460,0.000,0.000,0.437,2.452,6.155,pompa basenu
2026-06-20 10:00:00,Saturday,10,1.888,0.460,0.000,0.000,0.821,2.348,5.517,pompa basenu
2026-06-20 11:00:00,Saturday,11,2.194,0.000,0.000,0.000,0.432,1.412,4.038,pompa basenu
2026-06-20 12:00:00,Saturday,12,2.981,0.000,0.000,3.082,0.529,2.351,8.943,pompa basenu
2026-06-20 13:00:00,Saturday,13,2.877,3.324,0.000,0.000,0.225,1.858,8.284,pompa basenu
2026-06-20 14:00:00,Saturday,14,2.585,2.523,0.000,0.000,0.545,4.356,10.009,pompa basenu; zmywarka
2026-06-20 15:00:00,Saturday,15,1.992,3.298,0.000,0.000,0.626,2.270,8.186,pompa basenu
2026-06-20 16:00:00,Saturday,16,1.925,2.868,0.000,0.000,0.662,2.288,7.743,pompa basenu
2026-06-20 17:00:00,Saturday,17,2.751,3.496,0.000,0.000,1.150,0.000,7.397,goście
2026-06-20 18:00:00,Saturday,18,2.502,2.997,0.000,4.710,0.722,0.000,10.931,goście
2026-06-20 19:00:00,Saturday,19,2.978,4.039,0.000,0.000,0.715,17.462,25.194,goście; sauna
2026-06-20 20:00:00,Saturday,20,2.102,0.460,0.000,0.000,0.874,15.918,19.354,goście; sauna
2026-06-20 21:00:00,Saturday,21,1.856,0.460,0.000,0.000,0.803,13.844,16.963,goście; sauna
2026-06-20 22:00:00,Saturday,22,2.082,0.460,0.175,0.000,0.906,11.981,15.604,ładowanie EV
2026-06-20 23:00:00,Saturday,23,2.990,0.460,0.000,0.000,0.000,16.045,19.495,ładowanie EV
2026-06-21 00:00:00,Sunday,0,2.686,0.460,0.000,0.000,0.000,15.603,18.749,ładowanie EV
2026-06-21 01:00:00,Sunday,1,2.864,0.460,0.000,0.000,0.000,9.269,12.593,ładowanie EV
2026-06-21 02:00:00,Sunday,2,2.962,0.000,0.000,0.000,0.000,14.568,17.530,ładowanie EV
2026-06-21 03:00:00,Sunday,3,2.261,0.000,0.000,0.000,0.000,12.153,14.414,ładowanie EV
2026-06-21 04:00:00,Sunday,4,2.387,0.000,0.000,0.000,0.000,9.520,11.907,ładowanie EV
2026-06-21 05:00:00,Sunday,5,2.928,0.000,0.000,0.000,0.000,10.750,13.678,ładowanie EV
2026-06-21 06:00:00,Sunday,6,2.564,0.651,0.000,1.168,0.000,0.000,4.383,
2026-06-21 07:00:00,Sunday,7,1.948,0.494,0.000,0.837,0.000,0.000,3.279,
2026-06-21 08:00:00,Sunday,8,2.583,0.000,0.000,1.079,0.000,0.000,3.662,
2026-06-21 09:00:00,Sunday,9,1.962,0.000,0.000,0.000,0.600,2.742,5.304,pompa basenu
2026-06-21 10:00:00,Sunday,10,2.153,0.000,0.000,0.000,0.614,1.858,4.625,pompa basenu
2026-06-21 11:00:00,Sunday,11,2.553,0.000,0.000,0.000,0.718,1.831,5.102,pompa basenu
2026-06-21 12:00:00,Sunday,12,2.309,0.000,0.000,2.666,0.232,2.130,7.337,pompa basenu
2026-06-21 13:00:00,Sunday,13,2.153,3.482,0.000,0.000,0.416,2.686,8.737,pompa basenu
2026-06-21 14:00:00,Sunday,14,2.645,2.279,0.000,0.000,0.826,4.894,10.644,pompa basenu; zmywarka
2026-06-21 15:00:00,Sunday,15,3.149,4.140,0.000,0.000,0.840,1.736,9.865,pompa basenu
2026-06-21 16:00:00,Sunday,16,1.863,0.000,0.000,0.000,0.481,2.555,4.899,pompa basenu
2026-06-21 17:00:00,Sunday,17,2.167,0.000,0.000,3.625,0.616,0.000,6.408,
2026-06-21 18:00:00,Sunday,18,3.045,0.000,0.000,0.000,0.738,0.000,3.783,
2026-06-21 19:00:00,Sunday,19,2.475,0.000,0.000,0.000,0.996,18.096,21.567,sauna
2026-06-21 20:00:00,Sunday,20,2.599,0.000,0.000,0.000,0.865,14.851,18.315,sauna
2026-06-21 21:00:00,Sunday,21,3.179,0.527,0.000,0.000,0.718,14.800,19.224,sauna
2026-06-21 22:00:00,Sunday,22,3.105,0.000,0.271,0.000,0.911,16.440,20.727,ładowanie EV
2026-06-21 23:00:00,Sunday,23,1.992,0.492,0.000,0.000,0.000,8.689,11.173,ładowanie EV
2026-06-22 00:00:00,Monday,0,3.002,0.692,0.000,0.000,0.000,16.371,20.065,ładowanie EV
2026-06-22 01:00:00,Monday,1,3.057,0.844,0.000,0.000,0.000,10.325,14.226,ładowanie EV
2026-06-22 02:00:00,Monday,2,2.477,1.182,0.000,0.000,0.000,8.816,12.475,ładowanie EV
2026-06-22 03:00:00,Monday,3,2.983,1.086,0.000,0.000,0.000,13.503,17.572,ładowanie EV
2026-06-22 04:00:00,Monday,4,3.006,1.226,0.000,0.000,0.000,8.906,13.138,ładowanie EV
2026-06-22 05:00:00,Monday,5,2.378,1.702,0.000,0.000,0.000,15.714,19.794,ładowanie EV
2026-06-22 06:00:00,Monday,6,2.840,1.622,0.000,0.724,0.000,0.000,5.186,
2026-06-22 07:00:00,Monday,7,2.686,1.396,0.000,0.814,0.000,0.000,4.896,
2026-06-22 08:00:00,Monday,8,2.532,1.313,0.000,0.980,0.000,0.000,4.825,
2026-06-22 09:00:00,Monday,9,2.038,1.000,0.000,0.000,0.359,1.927,5.324,pompa basenu
2026-06-22 10:00:00,Monday,10,1.976,0.628,0.000,0.000,0.301,1.817,4.722,pompa basenu
2026-06-22 11:00:00,Monday,11,2.643,0.000,0.000,0.000,0.474,1.893,5.010,pompa basenu
2026-06-22 12:00:00,Monday,12,2.608,0.000,0.000,0.000,0.513,2.132,5.253,pompa basenu
2026-06-22 13:00:00,Monday,13,3.084,0.000,0.000,1.642,0.437,2.220,7.383,pompa basenu
2026-06-22 14:00:00,Monday,14,2.981,0.000,0.000,0.000,0.711,1.668,5.360,pompa basenu
2026-06-22 15:00:00,Monday,15,2.410,0.000,0.000,0.000,0.614,2.312,5.336,pompa basenu
2026-06-22 16:00:00,Monday,16,2.988,0.000,0.000,0.000,0.575,2.226,5.789,pompa basenu
2026-06-22 17:00:00,Monday,17,2.438,0.000,0.000,2.558,0.720,0.000,5.716,
2026-06-22 18:00:00,Monday,18,2.003,0.000,0.000,0.000,0.646,0.000,2.649,
2026-06-22 19:00:00,Monday,19,2.956,0.000,0.000,0.000,0.554,2.728,6.238,zmywarka
2026-06-22 20:00:00,Monday,20,2.404,0.000,0.000,0.000,0.665,0.000,3.069,
2026-06-22 21:00:00,Monday,21,3.135,0.619,0.000,0.000,0.603,0.000,4.357,
2026-06-22 22:00:00,Monday,22,3.176,0.511,0.260,0.000,0.674,15.346,19.967,ładowanie EV
2026-06-22 23:00:00,Monday,23,2.164,0.662,0.000,0.000,0.000,11.764,14.590,ładowanie EV
2026-06-23 00:00:00,Tuesday,0,2.783,0.819,0.000,0.000,0.000,10.364,13.966,ładowanie EV
2026-06-23 01:00:00,Tuesday,1,2.383,1.003,0.000,0.000,0.000,15.369,18.755,ładowanie EV
2026-06-23 02:00:00,Tuesday,2,2.194,1.440,0.000,0.000,0.000,15.100,18.734,ładowanie EV
2026-06-23 03:00:00,Tuesday,3,1.902,1.270,0.000,0.000,0.000,14.640,17.812,ładowanie EV
2026-06-23 04:00:00,Tuesday,4,2.824,1.518,0.000,0.000,0.000,13.174,17.516,ładowanie EV
2026-06-23 05:00:00,Tuesday,5,3.061,1.559,0.000,0.000,0.000,11.709,16.329,ładowanie EV
2026-06-23 06:00:00,Tuesday,6,2.084,1.741,0.000,0.718,0.000,0.000,4.543,
2026-06-23 07:00:00,Tuesday,7,2.992,1.684,0.000,1.063,0.000,0.000,5.739,
2026-06-23 08:00:00,Tuesday,8,2.399,1.012,0.000,0.927,0.000,0.000,4.338,
2026-06-23 09:00:00,Tuesday,9,2.355,0.968,0.000,0.000,0.281,1.748,5.352,pompa basenu
2026-06-23 10:00:00,Tuesday,10,2.070,0.741,0.000,0.000,0.382,2.229,5.422,pompa basenu
2026-06-23 11:00:00,Tuesday,11,2.774,0.623,0.000,0.000,0.414,2.222,6.033,pompa basenu
2026-06-23 12:00:00,Tuesday,12,2.930,0.000,0.000,0.000,0.428,1.895,5.253,pompa basenu
2026-06-23 13:00:00,Tuesday,13,2.397,0.000,0.000,1.051,0.478,2.107,6.033,pompa basenu
2026-06-23 14:00:00,Tuesday,14,2.834,0.000,0.000,0.000,0.715,4.308,7.857,pompa basenu; pralka
2026-06-23 15:00:00,Tuesday,15,2.663,0.000,0.000,0.000,0.391,5.962,9.016,pompa basenu; suszarka
2026-06-23 16:00:00,Tuesday,16,1.969,0.000,0.000,0.000,0.812,2.063,4.844,pompa basenu
2026-06-23 17:00:00,Tuesday,17,2.847,0.000,0.000,0.000,1.010,0.000,3.857,
2026-06-23 18:00:00,Tuesday,18,1.861,0.000,0.000,3.521,0.653,0.000,6.035,
2026-06-23 19:00:00,Tuesday,19,2.951,0.000,0.000,0.000,1.157,2.284,6.392,zmywarka
2026-06-23 20:00:00,Tuesday,20,2.758,0.000,0.000,0.000,0.543,0.000,3.301,
2026-06-23 21:00:00,Tuesday,21,2.850,0.000,0.000,0.000,0.959,0.000,3.809,
2026-06-23 22:00:00,Tuesday,22,2.052,0.000,0.331,0.000,1.005,14.177,17.565,ładowanie EV
2026-06-23 23:00:00,Tuesday,23,2.139,0.000,0.000,0.000,0.000,11.783,13.922,ładowanie EV
2026-06-24 00:00:00,Wednesday,0,2.525,0.000,0.000,0.000,0.000,10.628,13.153,ładowanie EV
2026-06-24 01:00:00,Wednesday,1,2.093,0.000,0.000,0.000,0.000,8.814,10.907,ładowanie EV
2026-06-24 02:00:00,Wednesday,2,2.604,0.718,0.000,0.000,0.000,8.059,11.381,ładowanie EV
2026-06-24 03:00:00,Wednesday,3,2.976,0.734,0.000,0.000,0.000,14.842,18.552,ładowanie EV
2026-06-24 04:00:00,Wednesday,4,2.965,0.750,0.000,0.000,0.000,8.469,12.184,ładowanie EV
2026-06-24 05:00:00,Wednesday,5,2.468,0.729,0.000,0.000,0.000,9.669,12.866,ładowanie EV
2026-06-24 06:00:00,Wednesday,6,2.153,0.961,0.000,0.922,0.000,0.000,4.036,
2026-06-24 07:00:00,Wednesday,7,2.528,0.662,0.000,0.973,0.000,0.000,4.163,
2026-06-24 08:00:00,Wednesday,8,2.583,0.000,0.000,1.026,0.000,0.000,3.609,
2026-06-24 09:00:00,Wednesday,9,2.781,0.000,0.000,0.000,0.340,1.417,4.538,pompa basenu
2026-06-24 10:00:00,Wednesday,10,2.088,0.000,0.000,0.000,0.407,3.986,6.481,pompa basenu; pralka
2026-06-24 11:00:00,Wednesday,11,2.065,0.460,0.000,0.000,0.451,6.290,9.266,pompa basenu; suszarka
2026-06-24 12:00:00,Wednesday,12,2.217,3.358,0.000,0.000,0.407,2.673,8.655,pompa basenu
2026-06-24 13:00:00,Wednesday,13,2.638,1.884,0.000,1.534,0.504,2.755,9.315,pompa basenu
2026-06-24 14:00:00,Wednesday,14,2.277,3.852,0.000,0.000,0.738,1.414,8.281,pompa basenu
2026-06-24 15:00:00,Wednesday,15,2.783,1.937,0.000,0.000,0.527,2.052,7.299,pompa basenu
2026-06-24 16:00:00,Wednesday,16,3.041,4.329,0.000,0.000,0.849,1.530,9.749,pompa basenu
2026-06-24 17:00:00,Wednesday,17,1.948,3.070,0.000,0.000,0.644,0.000,5.662,
2026-06-24 18:00:00,Wednesday,18,2.364,4.579,0.000,4.655,0.768,0.000,12.366,
2026-06-24 19:00:00,Wednesday,19,2.585,3.395,0.000,0.000,1.182,0.000,7.162,
2026-06-24 20:00:00,Wednesday,20,2.864,0.460,0.000,0.000,0.927,0.000,4.251,
2026-06-24 21:00:00,Wednesday,21,2.114,0.460,0.000,0.000,0.632,0.000,3.206,
2026-06-24 22:00:00,Wednesday,22,2.268,0.460,0.267,0.000,0.768,13.720,17.483,ładowanie EV
2026-06-24 23:00:00,Wednesday,23,2.675,0.460,0.000,0.000,0.000,9.945,13.080,ładowanie EV
2026-06-25 00:00:00,Thursday,0,2.153,0.460,0.000,0.000,0.000,12.073,14.686,ładowanie EV
2026-06-25 01:00:00,Thursday,1,1.950,0.000,0.000,0.000,0.000,12.351,14.301,ładowanie EV
2026-06-25 02:00:00,Thursday,2,2.128,0.000,0.000,0.000,0.000,9.782,11.910,ładowanie EV
2026-06-25 03:00:00,Thursday,3,2.247,0.000,0.000,0.000,0.000,10.274,12.521,ładowanie EV
2026-06-25 04:00:00,Thursday,4,3.137,0.000,0.000,0.000,0.000,12.356,15.493,ładowanie EV
2026-06-25 05:00:00,Thursday,5,2.318,0.000,0.000,0.000,0.000,9.513,11.831,ładowanie EV
2026-06-25 06:00:00,Thursday,6,2.323,0.688,0.000,0.964,0.000,0.000,3.975,
2026-06-25 07:00:00,Thursday,7,2.275,0.485,0.000,1.017,0.000,0.000,3.777,
2026-06-25 08:00:00,Thursday,8,2.696,0.000,0.000,1.044,0.000,0.000,3.740,
2026-06-25 09:00:00,Thursday,9,2.976,0.000,0.000,0.000,0.368,2.597,5.941,pompa basenu
2026-06-25 10:00:00,Thursday,10,3.123,0.460,0.000,0.000,0.476,1.608,5.667,pompa basenu
2026-06-25 11:00:00,Thursday,11,3.169,0.460,0.000,0.000,0.359,2.008,5.996,pompa basenu
2026-06-25 12:00:00,Thursday,12,2.656,4.140,0.000,0.000,0.331,1.960,9.087,pompa basenu
2026-06-25 13:00:00,Thursday,13,2.659,3.972,0.000,1.346,0.396,2.024,10.397,pompa basenu
2026-06-25 14:00:00,Thursday,14,2.015,4.441,0.000,0.000,0.635,1.635,8.726,pompa basenu
2026-06-25 15:00:00,Thursday,15,2.475,2.985,0.000,0.000,0.743,1.608,7.811,pompa basenu
2026-06-25 16:00:00,Thursday,16,2.190,3.275,0.000,0.000,0.826,2.599,8.890,pompa basenu
2026-06-25 17:00:00,Thursday,17,2.735,2.985,0.000,0.000,1.035,0.000,6.755,
2026-06-25 18:00:00,Thursday,18,2.827,2.355,0.000,4.248,1.088,0.000,10.518,
2026-06-25 19:00:00,Thursday,19,2.298,2.362,0.000,0.000,0.623,2.022,7.305,zmywarka
2026-06-25 20:00:00,Thursday,20,2.762,0.460,0.000,0.000,0.591,0.000,3.813,
2026-06-25 21:00:00,Thursday,21,2.744,0.460,0.000,0.000,0.892,0.000,4.096,
2026-06-25 22:00:00,Thursday,22,2.077,0.460,0.345,0.000,0.662,10.684,14.228,ładowanie EV
2026-06-25 23:00:00,Thursday,23,1.884,0.000,0.000,0.000,0.000,15.208,17.092,ładowanie EV
2026-06-26 00:00:00,Friday,0,3.114,0.000,0.000,0.000,0.000,11.219,14.333,ładowanie EV
2026-06-26 01:00:00,Friday,1,2.946,0.000,0.000,0.000,0.000,13.715,16.661,ładowanie EV
2026-06-26 02:00:00,Friday,2,3.105,0.000,0.000,0.000,0.000,11.735,14.840,ładowanie EV
2026-06-26 03:00:00,Friday,3,3.119,0.000,0.000,0.000,0.000,12.487,15.606,ładowanie EV
2026-06-26 04:00:00,Friday,4,2.960,0.444,0.000,0.000,0.000,12.767,16.171,ładowanie EV
2026-06-26 05:00:00,Friday,5,2.362,0.665,0.000,0.000,0.000,15.357,18.384,ładowanie EV
2026-06-26 06:00:00,Friday,6,2.532,0.777,0.000,0.844,0.000,0.000,4.153,
2026-06-26 07:00:00,Friday,7,2.903,0.522,0.000,0.872,0.000,0.000,4.297,
2026-06-26 08:00:00,Friday,8,2.728,0.000,0.000,1.090,0.000,0.000,3.818,
2026-06-26 09:00:00,Friday,9,2.394,0.000,0.000,0.000,0.886,2.452,5.732,praca zdalna; pompa basenu
2026-06-26 10:00:00,Friday,10,1.914,0.460,0.000,0.000,0.704,2.058,5.136,praca zdalna; pompa basenu
2026-06-26 11:00:00,Friday,11,2.390,0.460,0.000,0.000,0.860,1.633,5.343,praca zdalna; pompa basenu
2026-06-26 12:00:00,Friday,12,3.015,2.190,0.000,0.000,0.692,1.840,7.737,praca zdalna; pompa basenu
2026-06-26 13:00:00,Friday,13,1.868,2.058,0.000,1.633,0.596,2.659,8.814,praca zdalna; pompa basenu
2026-06-26 14:00:00,Friday,14,3.153,4.179,0.000,0.000,1.293,1.914,10.539,praca zdalna; pompa basenu
2026-06-26 15:00:00,Friday,15,2.134,3.928,0.000,0.000,1.060,2.328,9.450,praca zdalna; pompa basenu
2026-06-26 16:00:00,Friday,16,2.401,2.008,0.000,0.000,1.125,2.390,7.924,praca zdalna; pompa basenu
2026-06-26 17:00:00,Friday,17,2.484,1.911,0.000,7.043,1.120,0.000,12.558,
2026-06-26 18:00:00,Friday,18,2.417,2.229,0.000,0.000,0.853,0.000,5.499,
2026-06-26 19:00:00,Friday,19,2.006,3.664,0.000,0.000,0.722,0.000,6.392,
2026-06-26 20:00:00,Friday,20,1.916,0.460,0.000,0.000,0.658,2.693,5.727,zmywarka
2026-06-26 21:00:00,Friday,21,2.822,0.000,0.000,0.000,0.619,0.000,3.441,
2026-06-26 22:00:00,Friday,22,3.038,0.000,0.274,0.000,0.630,12.963,16.905,ładowanie EV
2026-06-26 23:00:00,Friday,23,2.564,0.000,0.000,0.000,0.000,13.834,16.398,ładowanie EV
2026-06-27 00:00:00,Saturday,0,2.259,0.000,0.000,0.000,0.000,16.201,18.460,ładowanie EV
2026-06-27 01:00:00,Saturday,1,2.735,0.000,0.000,0.000,0.000,11.116,13.851,ładowanie EV
2026-06-27 02:00:00,Saturday,2,2.208,0.000,0.000,0.000,0.000,10.559,12.767,ładowanie EV
2026-06-27 03:00:00,Saturday,3,1.939,0.000,0.000,0.000,0.000,11.282,13.221,ładowanie EV
2026-06-27 04:00:00,Saturday,4,3.126,0.000,0.000,0.000,0.000,14.067,17.193,ładowanie EV
2026-06-27 05:00:00,Saturday,5,2.496,0.000,0.000,0.000,0.000,11.976,14.472,ładowanie EV
2026-06-27 06:00:00,Saturday,6,2.696,0.000,0.000,0.715,0.000,0.000,3.411,
2026-06-27 07:00:00,Saturday,7,3.215,0.000,0.000,0.612,0.000,0.000,3.827,
2026-06-27 08:00:00,Saturday,8,3.162,0.460,0.000,1.019,0.000,0.000,4.641,
2026-06-27 09:00:00,Saturday,9,3.218,0.460,0.000,0.000,0.575,2.385,6.638,pompa basenu
2026-06-27 10:00:00,Saturday,10,3.084,0.460,0.000,0.000,0.582,2.178,6.304,pompa basenu
2026-06-27 11:00:00,Saturday,11,2.647,0.460,0.000,0.000,0.338,4.720,8.165,pompa basenu; pralka
2026-06-27 12:00:00,Saturday,12,3.179,3.728,0.000,3.015,0.642,2.714,13.278,pompa basenu
2026-06-27 13:00:00,Saturday,13,3.107,3.574,0.000,0.000,0.308,4.623,11.612,pompa basenu; zmywarka
2026-06-27 14:00:00,Saturday,14,2.220,3.484,0.000,0.000,0.458,2.019,8.181,pompa basenu
2026-06-27 15:00:00,Saturday,15,2.716,1.898,0.000,0.000,0.182,2.647,7.443,pompa basenu
2026-06-27 16:00:00,Saturday,16,2.252,2.341,0.000,0.000,0.278,1.589,6.460,pompa basenu
2026-06-27 17:00:00,Saturday,17,2.302,3.724,0.000,0.000,1.092,0.000,7.118,
2026-06-27 18:00:00,Saturday,18,2.070,1.911,0.000,3.749,0.828,0.000,8.558,
2026-06-27 19:00:00,Saturday,19,3.041,3.174,0.000,0.000,0.936,16.128,23.279,sauna
2026-06-27 20:00:00,Saturday,20,2.834,0.460,0.000,0.000,1.148,19.417,23.859,sauna
2026-06-27 21:00:00,Saturday,21,2.668,0.460,0.000,0.000,0.872,14.835,18.835,sauna
2026-06-27 22:00:00,Saturday,22,2.928,0.460,0.216,0.000,0.660,15.854,20.118,ładowanie EV
2026-06-27 23:00:00,Saturday,23,2.139,0.460,0.000,0.000,0.000,12.047,14.646,ładowanie EV
2026-06-28 00:00:00,Sunday,0,2.921,0.460,0.000,0.000,0.000,13.243,16.624,ładowanie EV
2026-06-28 01:00:00,Sunday,1,2.068,0.460,0.000,0.000,0.000,8.229,10.757,ładowanie EV
2026-06-28 02:00:00,Sunday,2,3.107,0.000,0.000,0.000,0.000,13.303,16.410,ładowanie EV
2026-06-28 03:00:00,Sunday,3,2.242,0.460,0.000,0.000,0.000,11.516,14.218,ładowanie EV
2026-06-28 04:00:00,Sunday,4,2.452,0.460,0.000,0.000,0.000,11.006,13.918,ładowanie EV
2026-06-28 05:00:00,Sunday,5,2.125,0.460,0.000,0.000,0.000,9.927,12.512,ładowanie EV
2026-06-28 06:00:00,Sunday,6,2.640,0.460,0.000,0.812,0.000,0.000,3.912,
2026-06-28 07:00:00,Sunday,7,1.918,0.460,0.000,1.320,0.000,0.000,3.698,
2026-06-28 08:00:00,Sunday,8,2.801,0.460,0.000,0.626,0.000,0.000,3.887,
2026-06-28 09:00:00,Sunday,9,2.006,0.460,0.000,0.000,0.504,2.224,5.194,pompa basenu
2026-06-28 10:00:00,Sunday,10,2.958,0.460,0.000,0.000,0.189,1.920,5.527,pompa basenu
2026-06-28 11:00:00,Sunday,11,1.957,0.460,0.000,0.000,0.835,1.930,5.182,pompa basenu
2026-06-28 12:00:00,Sunday,12,2.010,3.317,0.000,0.000,0.274,1.435,7.036,pompa basenu
2026-06-28 13:00:00,Sunday,13,2.864,3.254,0.000,0.757,0.196,1.548,8.619,pompa basenu
2026-06-28 14:00:00,Sunday,14,2.528,3.254,0.000,0.000,0.582,3.448,9.812,pompa basenu; zmywarka
2026-06-28 15:00:00,Sunday,15,2.309,2.426,0.000,0.000,0.566,2.346,7.647,pompa basenu
2026-06-28 16:00:00,Sunday,16,2.827,3.823,0.000,0.000,0.306,2.528,9.484,pompa basenu
2026-06-28 17:00:00,Sunday,17,2.785,3.006,0.000,6.849,0.890,0.000,13.530,
2026-06-28 18:00:00,Sunday,18,1.939,2.355,0.000,0.000,0.632,0.000,4.926,
2026-06-28 19:00:00,Sunday,19,3.153,3.326,0.000,0.000,0.734,19.490,26.703,sauna
2026-06-28 20:00:00,Sunday,20,3.162,0.460,0.000,0.000,0.925,16.348,20.895,sauna
2026-06-28 21:00:00,Sunday,21,1.891,0.460,0.000,0.000,0.738,19.870,22.959,sauna
2026-06-28 22:00:00,Sunday,22,2.015,0.460,0.285,0.000,0.612,16.726,20.098,ładowanie EV
2026-06-28 23:00:00,Sunday,23,1.939,0.460,0.000,0.000,0.000,8.478,10.877,ładowanie EV
2026-06-29 00:00:00,Monday,0,2.581,0.460,0.000,0.000,0.000,14.334,17.375,ładowanie EV
2026-06-29 01:00:00,Monday,1,3.190,0.460,0.000,0.000,0.000,11.948,15.598,ładowanie EV
2026-06-29 02:00:00,Monday,2,2.118,0.000,0.000,0.000,0.000,16.578,18.696,ładowanie EV
2026-06-29 03:00:00,Monday,3,2.829,0.000,0.000,0.000,0.000,12.268,15.097,ładowanie EV
2026-06-29 04:00:00,Monday,4,2.006,0.000,0.000,0.000,0.000,10.693,12.699,ładowanie EV
2026-06-29 05:00:00,Monday,5,2.275,0.000,0.000,0.000,0.000,10.141,12.416,ładowanie EV
2026-06-29 06:00:00,Monday,6,1.902,0.000,0.000,1.120,0.000,0.000,3.022,
2026-06-29 07:00:00,Monday,7,2.047,0.000,0.000,0.881,0.000,0.000,2.928,
2026-06-29 08:00:00,Monday,8,3.107,0.000,0.000,0.727,0.000,0.000,3.834,
2026-06-29 09:00:00,Monday,9,2.164,0.000,0.000,0.000,0.336,1.688,4.188,pompa basenu
2026-06-29 10:00:00,Monday,10,2.496,0.460,0.000,0.000,0.407,2.194,5.557,pompa basenu
2026-06-29 11:00:00,Monday,11,2.654,0.460,0.000,0.000,0.506,1.463,5.083,pompa basenu
2026-06-29 12:00:00,Monday,12,2.864,3.374,0.000,0.000,0.375,2.737,9.350,pompa basenu
2026-06-29 13:00:00,Monday,13,2.346,0.000,0.000,0.764,0.288,1.603,5.001,pompa basenu
2026-06-29 14:00:00,Monday,14,2.150,2.167,0.000,0.000,0.472,1.739,6.528,pompa basenu
2026-06-29 15:00:00,Monday,15,2.783,3.024,0.000,0.000,0.490,1.718,8.015,pompa basenu
2026-06-29 16:00:00,Monday,16,1.966,2.012,0.000,0.000,0.400,1.872,6.250,pompa basenu
2026-06-29 17:00:00,Monday,17,3.054,2.896,0.000,0.000,0.656,0.000,6.606,goście
2026-06-29 18:00:00,Monday,18,2.452,3.836,0.000,6.461,1.134,0.000,13.883,goście
2026-06-29 19:00:00,Monday,19,2.270,2.019,0.000,0.000,0.842,2.242,7.373,goście; zmywarka
2026-06-29 20:00:00,Monday,20,2.456,0.000,0.000,0.000,1.092,0.000,3.548,goście
2026-06-29 21:00:00,Monday,21,2.254,0.000,0.000,0.000,1.053,0.000,3.307,goście
2026-06-29 22:00:00,Monday,22,3.008,0.000,0.297,0.000,0.840,16.585,20.730,ładowanie EV
2026-06-29 23:00:00,Monday,23,2.778,0.000,0.000,0.000,0.000,15.366,18.144,ładowanie EV
2026-06-30 00:00:00,Tuesday,0,2.380,0.000,0.000,0.000,0.000,9.299,11.679,ładowanie EV
2026-06-30 01:00:00,Tuesday,1,2.978,0.000,0.000,0.000,0.000,8.740,11.718,ładowanie EV
2026-06-30 02:00:00,Tuesday,2,2.631,0.837,0.000,0.000,0.000,10.658,14.126,ładowanie EV
2026-06-30 03:00:00,Tuesday,3,2.275,0.886,0.000,0.000,0.000,15.810,18.971,ładowanie EV
2026-06-30 04:00:00,Tuesday,4,2.454,1.005,0.000,0.000,0.000,14.938,18.397,ładowanie EV
2026-06-30 05:00:00,Tuesday,5,2.640,1.113,0.000,0.000,0.000,11.988,15.741,ładowanie EV
2026-06-30 06:00:00,Tuesday,6,2.022,1.304,0.000,1.070,0.000,0.000,4.396,
2026-06-30 07:00:00,Tuesday,7,2.960,0.975,0.000,0.957,0.000,0.000,4.892,
2026-06-30 08:00:00,Tuesday,8,2.268,0.794,0.000,1.118,0.000,0.000,4.180,
2026-06-30 09:00:00,Tuesday,9,2.091,0.446,0.000,0.000,0.488,2.072,5.097,pompa basenu
2026-06-30 10:00:00,Tuesday,10,2.063,0.000,0.000,0.000,0.467,2.585,5.115,pompa basenu
2026-06-30 11:00:00,Tuesday,11,2.489,0.000,0.000,0.000,0.421,2.422,5.332,pompa basenu
2026-06-30 12:00:00,Tuesday,12,2.150,0.000,0.000,0.000,0.327,2.424,4.901,pompa basenu
2026-06-30 13:00:00,Tuesday,13,2.592,0.000,0.000,0.736,0.363,1.782,5.473,pompa basenu
2026-06-30 14:00:00,Tuesday,14,2.203,0.000,0.000,0.000,0.773,1.447,4.423,pompa basenu
2026-06-30 15:00:00,Tuesday,15,1.930,0.000,0.000,0.000,0.734,2.068,4.732,pompa basenu
2026-06-30 16:00:00,Tuesday,16,2.502,0.000,0.000,0.000,0.536,1.923,4.961,pompa basenu
2026-06-30 17:00:00,Tuesday,17,2.201,0.000,0.000,0.000,0.782,0.000,2.983,
2026-06-30 18:00:00,Tuesday,18,2.732,0.000,0.000,2.815,0.676,0.000,6.223,
2026-06-30 19:00:00,Tuesday,19,2.249,0.000,0.000,0.000,0.890,0.000,3.139,
2026-06-30 20:00:00,Tuesday,20,2.889,0.000,0.000,0.000,0.830,1.874,5.593,zmywarka
2026-06-30 21:00:00,Tuesday,21,2.093,0.000,0.000,0.000,0.984,0.000,3.077,
2026-06-30 22:00:00,Tuesday,22,2.171,0.000,0.299,0.000,1.063,12.227,15.760,ładowanie EV
2026-06-30 23:00:00,Tuesday,23,1.939,0.000,0.000,0.000,0.000,10.872,12.811,ładowanie EV
2026-07-01 00:00:00,Wednesday,0,3.080,0.000,0.000,0.000,0.000,16.719,19.799,ładowanie EV
2026-07-01 01:00:00,Wednesday,1,2.937,0.000,0.000,0.000,0.000,12.850,15.787,ładowanie EV
2026-07-01 02:00:00,Wednesday,2,1.976,0.000,0.000,0.000,0.000,11.700,13.676,ładowanie EV
2026-07-01 03:00:00,Wednesday,3,1.877,0.000,0.000,0.000,0.000,8.586,10.463,ładowanie EV
2026-07-01 04:00:00,Wednesday,4,2.420,0.483,0.000,0.000,0.000,10.127,13.030,ładowanie EV
2026-07-01 05:00:00,Wednesday,5,2.247,0.543,0.000,0.000,0.000,13.694,16.484,ładowanie EV
2026-07-01 06:00:00,Wednesday,6,3.094,0.837,0.000,0.402,0.000,0.000,4.333,
2026-07-01 07:00:00,Wednesday,7,2.772,0.869,0.000,1.120,0.000,0.000,4.761,
2026-07-01 08:00:00,Wednesday,8,1.962,0.660,0.000,0.699,0.000,0.000,3.321,
2026-07-01 09:00:00,Wednesday,9,2.880,0.632,0.000,0.000,0.483,2.491,6.486,pompa basenu
2026-07-01 10:00:00,Wednesday,10,3.048,0.000,0.000,0.000,0.317,2.638,6.003,pompa basenu
2026-07-01 11:00:00,Wednesday,11,2.843,0.000,0.000,0.000,0.435,1.456,4.734,pompa basenu
2026-07-01 12:00:00,Wednesday,12,3.215,0.000,0.000,1.497,0.508,2.719,7.939,pompa basenu
2026-07-01 13:00:00,Wednesday,13,3.130,0.000,0.000,0.000,0.506,1.769,5.405,pompa basenu
2026-07-01 14:00:00,Wednesday,14,3.064,2.256,0.000,0.000,0.598,2.038,7.956,pompa basenu
2026-07-01 15:00:00,Wednesday,15,2.038,3.551,0.000,0.000,0.393,2.601,8.583,pompa basenu
2026-07-01 16:00:00,Wednesday,16,2.295,2.574,0.000,0.000,0.706,1.822,7.397,pompa basenu
2026-07-01 17:00:00,Wednesday,17,1.964,4.131,0.000,0.000,0.791,0.000,6.886,
2026-07-01 18:00:00,Wednesday,18,3.068,0.000,0.000,3.455,0.954,0.000,7.477,
2026-07-01 19:00:00,Wednesday,19,2.017,0.000,0.000,0.000,0.837,0.000,2.854,
2026-07-01 20:00:00,Wednesday,20,2.484,0.000,0.000,0.000,1.026,1.999,5.509,zmywarka
2026-07-01 21:00:00,Wednesday,21,2.114,0.000,0.000,0.000,0.621,0.000,2.735,
2026-07-01 22:00:00,Wednesday,22,3.158,0.000,0.299,0.000,0.573,16.962,20.992,ładowanie EV
2026-07-01 23:00:00,Wednesday,23,2.380,0.000,0.000,0.000,0.000,15.074,17.454,ładowanie EV
2026-07-02 00:00:00,Thursday,0,1.992,0.000,0.000,0.000,0.000,13.214,15.206,ładowanie EV
2026-07-02 01:00:00,Thursday,1,2.673,0.000,0.000,0.000,0.000,15.486,18.159,ładowanie EV
2026-07-02 02:00:00,Thursday,2,3.183,0.828,0.000,0.000,0.000,10.713,14.724,ładowanie EV
2026-07-02 03:00:00,Thursday,3,1.916,0.991,0.000,0.000,0.000,12.742,15.649,ładowanie EV
2026-07-02 04:00:00,Thursday,4,2.629,0.908,0.000,0.000,0.000,13.092,16.629,ładowanie EV
2026-07-02 05:00:00,Thursday,5,2.976,1.040,0.000,0.000,0.000,11.521,15.537,ładowanie EV
2026-07-02 06:00:00,Thursday,6,2.484,1.254,0.000,1.148,0.000,0.000,4.886,
2026-07-02 07:00:00,Thursday,7,2.801,1.010,0.000,0.768,0.000,0.000,4.579,
2026-07-02 08:00:00,Thursday,8,2.776,0.586,0.000,0.366,0.000,0.000,3.728,
2026-07-02 09:00:00,Thursday,9,2.995,0.000,0.000,0.000,0.366,2.144,5.505,pompa basenu
2026-07-02 10:00:00,Thursday,10,2.601,0.554,0.000,0.000,0.481,2.024,5.660,pompa basenu
2026-07-02 11:00:00,Thursday,11,2.456,0.000,0.000,0.000,0.278,2.383,5.117,pompa basenu
2026-07-02 12:00:00,Thursday,12,3.031,0.580,0.000,1.302,0.393,1.573,6.879,pompa basenu
2026-07-02 13:00:00,Thursday,13,2.109,0.589,0.000,0.000,0.361,2.346,5.405,pompa basenu
2026-07-02 14:00:00,Thursday,14,1.849,0.628,0.000,0.000,0.529,1.398,4.404,pompa basenu
2026-07-02 15:00:00,Thursday,15,2.682,0.934,0.000,0.000,0.729,2.597,6.942,pompa basenu
2026-07-02 16:00:00,Thursday,16,2.392,0.580,0.000,0.000,0.745,2.049,5.766,pompa basenu
2026-07-02 17:00:00,Thursday,17,2.753,0.674,0.000,4.004,0.840,0.000,8.271,
2026-07-02 18:00:00,Thursday,18,2.286,0.534,0.000,0.000,0.846,0.000,3.666,
2026-07-02 19:00:00,Thursday,19,2.958,0.000,0.000,0.000,0.658,2.535,6.151,zmywarka
2026-07-02 20:00:00,Thursday,20,2.776,0.642,0.000,0.000,0.685,0.000,4.103,
2026-07-02 21:00:00,Thursday,21,2.962,0.908,0.000,0.000,0.743,0.000,4.613,
2026-07-02 22:00:00,Thursday,22,1.898,0.706,0.336,0.000,0.635,10.782,14.357,ładowanie EV
2026-07-02 23:00:00,Thursday,23,2.850,0.932,0.000,0.000,0.000,9.136,12.918,ładowanie EV
2026-07-03 00:00:00,Friday,0,2.585,0.978,0.000,0.000,0.000,9.556,13.119,ładowanie EV
2026-07-03 01:00:00,Friday,1,2.815,1.053,0.000,0.000,0.000,10.138,14.006,ładowanie EV
2026-07-03 02:00:00,Friday,2,2.185,1.122,0.000,0.000,0.000,13.641,16.948,ładowanie EV
2026-07-03 03:00:00,Friday,3,3.190,1.343,0.000,0.000,0.000,10.249,14.782,ładowanie EV
2026-07-03 04:00:00,Friday,4,2.132,1.394,0.000,0.000,0.000,14.817,18.343,ładowanie EV
2026-07-03 05:00:00,Friday,5,2.282,1.532,0.000,0.000,0.000,9.701,13.515,ładowanie EV
2026-07-03 06:00:00,Friday,6,2.758,1.433,0.000,0.911,0.000,0.000,5.102,
2026-07-03 07:00:00,Friday,7,3.153,1.543,0.000,0.890,0.000,0.000,5.586,
2026-07-03 08:00:00,Friday,8,2.203,1.778,0.000,1.164,0.000,0.000,5.145,
2026-07-03 09:00:00,Friday,9,2.990,1.592,0.000,0.000,0.497,2.415,7.494,pompa basenu
2026-07-03 10:00:00,Friday,10,2.930,1.325,0.000,0.000,0.423,2.233,6.911,pompa basenu
2026-07-03 11:00:00,Friday,11,2.836,1.125,0.000,0.000,0.373,2.748,7.082,pompa basenu
2026-07-03 12:00:00,Friday,12,2.696,1.109,0.000,1.562,0.331,1.888,7.586,pompa basenu
2026-07-03 13:00:00,Friday,13,2.415,1.175,0.000,0.000,0.492,1.479,5.561,pompa basenu
2026-07-03 14:00:00,Friday,14,2.772,1.058,0.000,0.000,0.294,1.886,6.010,pompa basenu
2026-07-03 15:00:00,Friday,15,3.107,1.182,0.000,0.000,0.504,2.445,7.238,pompa basenu
2026-07-03 16:00:00,Friday,16,3.137,0.862,0.000,0.000,0.775,2.643,7.417,pompa basenu
2026-07-03 17:00:00,Friday,17,3.020,1.005,0.000,0.000,0.823,0.000,4.848,
2026-07-03 18:00:00,Friday,18,2.222,0.966,0.000,2.923,1.182,0.000,7.293,
2026-07-03 19:00:00,Friday,19,2.995,1.171,0.000,0.000,0.929,2.730,7.825,zmywarka
2026-07-03 20:00:00,Friday,20,3.160,0.996,0.000,0.000,0.531,0.000,4.687,
2026-07-03 21:00:00,Friday,21,1.992,1.150,0.000,0.000,0.971,0.000,4.113,
2026-07-03 22:00:00,Friday,22,2.226,1.180,0.163,0.000,1.065,11.144,15.778,ładowanie EV
2026-07-03 23:00:00,Friday,23,2.758,1.086,0.000,0.000,0.000,9.957,13.801,ładowanie EV
2026-07-04 00:00:00,Saturday,0,3.167,1.444,0.000,0.000,0.000,8.434,13.045,ładowanie EV
2026-07-04 01:00:00,Saturday,1,2.567,1.300,0.000,0.000,0.000,11.615,15.482,ładowanie EV
2026-07-04 02:00:00,Saturday,2,2.778,1.428,0.000,0.000,0.000,13.253,17.459,ładowanie EV
2026-07-04 03:00:00,Saturday,3,1.923,1.392,0.000,0.000,0.000,14.037,17.352,ładowanie EV
2026-07-04 04:00:00,Saturday,4,2.919,1.368,0.000,0.000,0.000,16.206,20.493,ładowanie EV
2026-07-04 05:00:00,Saturday,5,2.739,1.311,0.000,0.000,0.000,13.832,17.882,ładowanie EV
2026-07-04 06:00:00,Saturday,6,1.874,1.555,0.000,1.116,0.000,0.000,4.545,
2026-07-04 07:00:00,Saturday,7,1.877,1.601,0.000,0.754,0.000,0.000,4.232,
2026-07-04 08:00:00,Saturday,8,2.518,1.265,0.000,0.803,0.000,0.000,4.586,
2026-07-04 09:00:00,Saturday,9,2.976,1.083,0.000,0.000,0.830,2.498,7.387,pompa basenu
2026-07-04 10:00:00,Saturday,10,2.893,1.033,0.000,0.000,0.833,1.799,6.558,pompa basenu
2026-07-04 11:00:00,Saturday,11,2.714,0.950,0.000,0.000,0.271,2.360,6.295,pompa basenu
2026-07-04 12:00:00,Saturday,12,2.555,0.800,0.000,0.904,0.409,2.305,6.973,pompa basenu
2026-07-04 13:00:00,Saturday,13,3.195,0.828,0.000,0.000,0.651,1.615,6.289,pompa basenu
2026-07-04 14:00:00,Saturday,14,2.721,0.580,0.000,0.000,0.278,3.990,7.569,pompa basenu; zmywarka
2026-07-04 15:00:00,Saturday,15,1.902,0.000,0.000,0.000,0.770,2.295,4.967,pompa basenu
2026-07-04 16:00:00,Saturday,16,2.748,0.000,0.000,0.000,0.856,1.532,5.136,pompa basenu
2026-07-04 17:00:00,Saturday,17,2.702,0.000,0.000,0.000,0.603,0.000,3.305,
2026-07-04 18:00:00,Saturday,18,2.068,0.000,0.000,3.843,0.524,0.000,6.435,
2026-07-04 19:00:00,Saturday,19,1.953,0.000,0.000,0.000,0.752,14.508,17.213,sauna
2026-07-04 20:00:00,Saturday,20,2.843,0.000,0.000,0.000,0.676,16.293,19.812,sauna
2026-07-04 21:00:00,Saturday,21,2.413,0.472,0.000,0.000,1.012,16.804,20.701,sauna
2026-07-04 22:00:00,Saturday,22,2.339,0.672,0.168,0.000,0.520,16.148,19.847,ładowanie EV
2026-07-04 23:00:00,Saturday,23,2.905,0.720,0.000,0.000,0.000,12.924,16.549,ładowanie EV
2026-07-05 00:00:00,Sunday,0,2.988,0.759,0.000,0.000,0.000,9.697,13.444,ładowanie EV
2026-07-05 01:00:00,Sunday,1,2.592,0.883,0.000,0.000,0.000,11.541,15.016,ładowanie EV
2026-07-05 02:00:00,Sunday,2,3.208,0.906,0.000,0.000,0.000,15.640,19.754,ładowanie EV
2026-07-05 03:00:00,Sunday,3,2.712,1.040,0.000,0.000,0.000,10.893,14.645,ładowanie EV
2026-07-05 04:00:00,Sunday,4,2.709,1.063,0.000,0.000,0.000,15.355,19.127,ładowanie EV
2026-07-05 05:00:00,Sunday,5,3.077,0.996,0.000,0.000,0.000,16.422,20.495,ładowanie EV
2026-07-05 06:00:00,Sunday,6,2.820,1.366,0.000,0.566,0.000,0.000,4.752,
2026-07-05 07:00:00,Sunday,7,2.362,1.288,0.000,1.208,0.000,0.000,4.858,
2026-07-05 08:00:00,Sunday,8,3.142,1.212,0.000,0.842,0.000,0.000,5.196,
2026-07-05 09:00:00,Sunday,9,2.834,1.044,0.000,0.000,0.830,1.999,6.707,pompa basenu
2026-07-05 10:00:00,Sunday,10,3.045,1.019,0.000,0.000,0.678,1.460,6.202,pompa basenu
2026-07-05 11:00:00,Sunday,11,2.259,0.872,0.000,0.000,0.366,2.185,5.682,pompa basenu
2026-07-05 12:00:00,Sunday,12,1.868,0.736,0.000,2.008,0.656,2.346,7.614,pompa basenu
2026-07-05 13:00:00,Sunday,13,2.111,0.000,0.000,0.000,0.766,4.165,7.042,pompa basenu; zmywarka
2026-07-05 14:00:00,Sunday,14,1.916,0.000,0.000,0.000,0.308,2.693,4.917,pompa basenu
2026-07-05 15:00:00,Sunday,15,3.020,0.543,0.000,0.000,0.402,1.605,5.570,pompa basenu
2026-07-05 16:00:00,Sunday,16,2.424,0.531,0.000,0.000,0.469,1.833,5.257,pompa basenu
2026-07-05 17:00:00,Sunday,17,2.544,0.437,0.000,0.000,0.775,0.000,3.756,
2026-07-05 18:00:00,Sunday,18,1.996,0.524,0.000,3.804,1.014,0.000,7.338,
2026-07-05 19:00:00,Sunday,19,2.468,0.823,0.000,0.000,0.561,20.010,23.862,sauna
2026-07-05 20:00:00,Sunday,20,3.096,0.920,0.000,0.000,1.155,19.608,24.779,sauna
2026-07-05 21:00:00,Sunday,21,2.093,1.203,0.000,0.000,0.577,16.385,20.258,sauna
2026-07-05 22:00:00,Sunday,22,2.606,1.067,0.242,0.000,1.090,10.511,15.516,ładowanie EV
2026-07-05 23:00:00,Sunday,23,2.222,1.290,0.000,0.000,0.000,12.176,15.688,ładowanie EV
2026-07-06 00:00:00,Monday,0,2.928,1.401,0.000,0.000,0.000,16.887,21.216,ładowanie EV
2026-07-06 01:00:00,Monday,1,2.155,1.518,0.000,0.000,0.000,10.115,13.788,ładowanie EV
2026-07-06 02:00:00,Monday,2,2.394,1.946,0.000,0.000,0.000,12.848,17.188,ładowanie EV
2026-07-06 03:00:00,Monday,3,2.590,1.773,0.000,0.000,0.000,16.098,20.461,ładowanie EV
2026-07-06 04:00:00,Monday,4,2.726,1.776,0.000,0.000,0.000,15.925,20.427,ładowanie EV
2026-07-06 05:00:00,Monday,5,2.705,2.082,0.000,0.000,0.000,13.057,17.844,ładowanie EV
2026-07-06 06:00:00,Monday,6,2.815,2.401,0.000,0.823,0.000,0.000,6.039,
2026-07-06 07:00:00,Monday,7,3.038,2.369,0.000,1.221,0.000,0.000,6.628,
2026-07-06 08:00:00,Monday,8,2.972,1.976,0.000,1.219,0.000,0.000,6.167,
2026-07-06 09:00:00,Monday,9,3.188,1.343,0.000,0.000,0.370,2.153,7.054,pompa basenu
2026-07-06 10:00:00,Monday,10,2.371,1.769,0.000,0.000,0.317,1.527,5.984,pompa basenu
2026-07-06 11:00:00,Monday,11,3.123,1.534,0.000,0.000,0.290,1.559,6.506,pompa basenu
2026-07-06 12:00:00,Monday,12,2.997,1.543,0.000,0.941,0.405,2.479,8.365,pompa basenu
2026-07-06 13:00:00,Monday,13,2.719,1.263,0.000,0.000,0.402,1.635,6.019,pompa basenu
2026-07-06 14:00:00,Monday,14,2.997,1.488,0.000,0.000,0.363,2.383,7.231,pompa basenu
2026-07-06 15:00:00,Monday,15,2.551,1.401,0.000,0.000,0.803,2.125,6.880,pompa basenu
2026-07-06 16:00:00,Monday,16,2.213,1.283,0.000,0.000,0.702,1.877,6.075,pompa basenu
2026-07-06 17:00:00,Monday,17,2.346,1.366,0.000,0.000,0.697,0.000,4.409,
2026-07-06 18:00:00,Monday,18,2.475,1.203,0.000,5.483,0.810,0.000,9.971,
2026-07-06 19:00:00,Monday,19,2.229,1.350,0.000,0.000,0.980,0.000,4.559,
2026-07-06 20:00:00,Monday,20,2.647,1.263,0.000,0.000,0.936,2.385,7.231,zmywarka
2026-07-06 21:00:00,Monday,21,3.064,1.375,0.637,0.000,1.012,0.000,6.088,
2026-07-06 22:00:00,Monday,22,3.107,1.187,0.285,0.000,1.081,13.710,19.370,ładowanie EV
2026-07-06 23:00:00,Monday,23,2.900,1.072,0.000,0.000,0.000,11.859,15.831,ładowanie EV
2026-07-07 00:00:00,Tuesday,0,1.858,0.984,0.000,0.000,0.000,12.809,15.651,ładowanie EV
2026-07-07 01:00:00,Tuesday,1,1.978,1.079,0.000,0.000,0.000,13.892,16.949,ładowanie EV
2026-07-07 02:00:00,Tuesday,2,2.015,1.398,0.000,0.000,0.000,13.869,17.282,ładowanie EV
2026-07-07 03:00:00,Tuesday,3,3.133,1.194,0.000,0.000,0.000,10.067,14.394,ładowanie EV
2026-07-07 04:00:00,Tuesday,4,2.470,1.111,0.000,0.000,0.000,13.685,17.266,ładowanie EV
2026-07-07 05:00:00,Tuesday,5,2.804,1.286,0.000,0.000,0.000,8.351,12.441,ładowanie EV
2026-07-07 06:00:00,Tuesday,6,2.854,1.684,0.000,0.688,0.000,0.000,5.226,
2026-07-07 07:00:00,Tuesday,7,3.073,1.638,0.000,1.106,0.000,0.000,5.817,
2026-07-07 08:00:00,Tuesday,8,3.151,1.274,0.000,1.138,0.000,0.000,5.563,
2026-07-07 09:00:00,Tuesday,9,1.937,1.346,0.000,0.000,0.283,4.515,8.081,pompa basenu; pralka
2026-07-07 10:00:00,Tuesday,10,2.521,1.024,0.000,0.000,0.488,8.103,12.136,pompa basenu; suszarka
2026-07-07 11:00:00,Tuesday,11,2.974,1.079,0.000,0.000,0.414,1.516,5.983,pompa basenu
2026-07-07 12:00:00,Tuesday,12,2.663,1.017,0.000,0.000,0.465,2.663,6.808,pompa basenu
2026-07-07 13:00:00,Tuesday,13,2.438,0.596,0.000,1.898,0.285,1.831,7.048,pompa basenu
2026-07-07 14:00:00,Tuesday,14,3.158,1.327,0.000,0.000,0.513,1.960,6.958,pompa basenu
2026-07-07 15:00:00,Tuesday,15,2.854,1.249,0.000,0.000,0.614,2.746,7.463,pompa basenu
2026-07-07 16:00:00,Tuesday,16,1.858,0.978,0.000,0.000,0.405,1.962,5.203,pompa basenu
2026-07-07 17:00:00,Tuesday,17,2.369,1.007,0.000,3.452,0.522,0.000,7.350,
2026-07-07 18:00:00,Tuesday,18,2.155,0.998,0.000,0.000,0.996,0.000,4.149,
2026-07-07 19:00:00,Tuesday,19,2.781,1.249,0.000,0.000,0.531,0.000,4.561,
2026-07-07 20:00:00,Tuesday,20,2.680,1.129,0.000,0.000,1.049,0.000,4.858,
2026-07-07 21:00:00,Tuesday,21,2.567,1.550,0.000,0.000,1.003,0.000,5.120,
2026-07-07 22:00:00,Tuesday,22,2.861,1.260,0.242,0.000,1.194,14.170,19.727,ładowanie EV
2026-07-07 23:00:00,Tuesday,23,2.889,1.364,0.000,0.000,0.000,9.221,13.474,ładowanie EV
2026-07-08 00:00:00,Wednesday,0,2.813,1.325,0.000,0.000,0.000,12.206,16.344,ładowanie EV
2026-07-08 01:00:00,Wednesday,1,2.956,1.125,0.000,0.000,0.000,11.360,15.441,ładowanie EV
2026-07-08 02:00:00,Wednesday,2,2.532,1.635,0.000,0.000,0.000,16.335,20.502,ładowanie EV
2026-07-08 03:00:00,Wednesday,3,2.838,1.380,0.000,0.000,0.000,10.695,14.913,ładowanie EV
2026-07-08 04:00:00,Wednesday,4,2.824,1.748,0.000,0.000,0.000,15.231,19.803,ładowanie EV
2026-07-08 05:00:00,Wednesday,5,2.404,2.015,0.000,0.000,0.000,14.421,18.840,ładowanie EV
2026-07-08 06:00:00,Wednesday,6,2.769,2.125,0.000,0.814,0.000,0.000,5.708,
2026-07-08 07:00:00,Wednesday,7,2.394,2.022,0.000,0.897,0.000,0.000,5.313,
2026-07-08 08:00:00,Wednesday,8,2.270,1.290,0.000,1.242,0.000,0.000,4.802,
2026-07-08 09:00:00,Wednesday,9,2.263,1.316,0.000,0.000,0.352,2.318,6.249,pompa basenu
2026-07-08 10:00:00,Wednesday,10,2.615,0.807,0.000,0.000,0.322,1.571,5.315,pompa basenu
2026-07-08 11:00:00,Wednesday,11,3.082,0.632,0.000,0.000,0.336,2.514,6.564,pompa basenu
2026-07-08 12:00:00,Wednesday,12,3.100,0.485,0.000,1.302,0.283,2.128,7.298,pompa basenu
2026-07-08 13:00:00,Wednesday,13,2.367,0.000,0.000,0.000,0.423,2.590,5.380,pompa basenu
2026-07-08 14:00:00,Wednesday,14,1.888,0.000,0.000,0.000,0.816,2.590,5.294,pompa basenu
2026-07-08 15:00:00,Wednesday,15,2.861,0.000,0.000,0.000,0.292,2.003,5.156,pompa basenu
2026-07-08 16:00:00,Wednesday,16,2.291,0.000,0.000,0.000,0.849,2.019,5.159,pompa basenu
2026-07-08 17:00:00,Wednesday,17,2.824,0.000,0.000,0.000,0.644,0.000,3.468,
2026-07-08 18:00:00,Wednesday,18,2.282,0.000,0.000,2.571,0.927,0.000,5.780,
2026-07-08 19:00:00,Wednesday,19,1.973,0.000,0.000,0.000,0.911,0.000,2.884,
2026-07-08 20:00:00,Wednesday,20,1.962,0.000,0.000,0.000,0.950,2.300,5.212,zmywarka
2026-07-08 21:00:00,Wednesday,21,3.098,0.545,0.000,0.000,1.003,0.000,4.646,
2026-07-08 22:00:00,Wednesday,22,2.012,0.000,0.329,0.000,0.667,10.086,13.094,ładowanie EV
2026-07-08 23:00:00,Wednesday,23,2.144,0.557,0.000,0.000,0.000,10.226,12.927,ładowanie EV
2026-07-09 00:00:00,Thursday,0,2.339,0.826,0.000,0.000,0.000,13.848,17.013,ładowanie EV
2026-07-09 01:00:00,Thursday,1,2.827,0.948,0.000,0.000,0.000,13.002,16.777,ładowanie EV
2026-07-09 02:00:00,Thursday,2,2.362,1.065,0.000,0.000,0.000,16.898,20.325,ładowanie EV
2026-07-09 03:00:00,Thursday,3,3.123,1.470,0.000,0.000,0.000,13.374,17.967,ładowanie EV
2026-07-09 04:00:00,Thursday,4,2.079,1.228,0.000,0.000,0.000,9.632,12.939,ładowanie EV
2026-07-09 05:00:00,Thursday,5,2.031,1.272,0.000,0.000,0.000,16.105,19.408,ładowanie EV
2026-07-09 06:00:00,Thursday,6,2.530,1.610,0.000,0.759,0.000,0.000,4.899,
2026-07-09 07:00:00,Thursday,7,2.758,1.387,0.000,0.350,0.000,0.000,4.495,
2026-07-09 08:00:00,Thursday,8,2.514,1.320,0.000,1.111,0.000,0.000,4.945,
2026-07-09 09:00:00,Thursday,9,2.728,0.803,0.000,0.000,0.301,1.392,5.224,pompa basenu
2026-07-09 10:00:00,Thursday,10,2.353,0.570,0.000,0.000,0.306,1.460,4.689,pompa basenu
2026-07-09 11:00:00,Thursday,11,2.769,0.000,0.000,0.000,0.285,2.652,5.706,pompa basenu
2026-07-09 12:00:00,Thursday,12,2.380,0.000,0.000,0.000,0.283,1.656,4.319,pompa basenu
2026-07-09 13:00:00,Thursday,13,2.900,2.077,0.000,0.810,0.310,2.279,8.376,pompa basenu
2026-07-09 14:00:00,Thursday,14,2.252,3.526,0.000,0.000,0.566,2.148,8.492,pompa basenu
2026-07-09 15:00:00,Thursday,15,2.406,2.597,0.000,0.000,0.642,2.111,7.756,pompa basenu
2026-07-09 16:00:00,Thursday,16,2.033,3.043,0.000,0.000,0.688,2.339,8.103,pompa basenu
2026-07-09 17:00:00,Thursday,17,3.215,1.962,0.000,0.000,0.699,0.000,5.876,
2026-07-09 18:00:00,Thursday,18,2.696,1.937,0.000,4.223,0.945,0.000,9.801,
2026-07-09 19:00:00,Thursday,19,2.266,4.444,0.000,0.000,1.046,1.861,9.617,zmywarka
2026-07-09 20:00:00,Thursday,20,2.525,0.000,0.000,0.000,0.883,0.000,3.408,
2026-07-09 21:00:00,Thursday,21,2.174,0.000,0.000,0.000,0.874,0.000,3.048,
2026-07-09 22:00:00,Thursday,22,2.960,0.000,0.267,0.000,0.564,15.955,19.746,ładowanie EV
2026-07-09 23:00:00,Thursday,23,2.399,0.000,0.000,0.000,0.000,11.843,14.242,ładowanie EV
2026-07-10 00:00:00,Friday,0,2.854,0.000,0.000,0.000,0.000,16.590,19.444,ładowanie EV
2026-07-10 01:00:00,Friday,1,2.866,0.520,0.000,0.000,0.000,13.733,17.119,ładowanie EV
2026-07-10 02:00:00,Friday,2,3.043,0.575,0.000,0.000,0.000,16.049,19.667,ładowanie EV
2026-07-10 03:00:00,Friday,3,1.863,0.736,0.000,0.000,0.000,9.471,12.070,ładowanie EV
2026-07-10 04:00:00,Friday,4,3.041,0.711,0.000,0.000,0.000,8.308,12.060,ładowanie EV
2026-07-10 05:00:00,Friday,5,3.061,0.757,0.000,0.000,0.000,11.877,15.695,ładowanie EV
2026-07-10 06:00:00,Friday,6,1.868,1.180,0.000,0.718,0.000,0.000,3.766,
2026-07-10 07:00:00,Friday,7,2.774,0.708,0.000,1.173,0.000,0.000,4.655,
2026-07-10 08:00:00,Friday,8,2.026,0.499,0.000,1.058,0.000,0.000,3.583,
2026-07-10 09:00:00,Friday,9,1.927,0.000,0.000,0.000,0.598,2.742,5.267,praca zdalna; pompa basenu
2026-07-10 10:00:00,Friday,10,1.900,0.000,0.000,0.000,0.892,2.242,5.034,praca zdalna; pompa basenu
2026-07-10 11:00:00,Friday,11,1.911,0.000,0.000,0.000,0.653,2.199,4.763,praca zdalna; pompa basenu
2026-07-10 12:00:00,Friday,12,2.024,3.685,0.000,1.143,0.727,2.213,9.792,praca zdalna; pompa basenu
2026-07-10 13:00:00,Friday,13,1.868,4.471,0.000,0.000,0.738,3.804,10.881,praca zdalna; pompa basenu; pralka
2026-07-10 14:00:00,Friday,14,2.268,4.485,0.000,0.000,0.697,6.376,13.826,praca zdalna; pompa basenu; suszarka
2026-07-10 15:00:00,Friday,15,2.965,2.334,0.000,0.000,1.079,1.419,7.797,praca zdalna; pompa basenu
2026-07-10 16:00:00,Friday,16,2.702,2.532,0.000,0.000,0.784,2.337,8.355,praca zdalna; pompa basenu
2026-07-10 17:00:00,Friday,17,3.098,2.978,0.000,3.291,0.883,0.000,10.250,
2026-07-10 18:00:00,Friday,18,2.921,2.332,0.000,0.000,1.046,0.000,6.299,
2026-07-10 19:00:00,Friday,19,2.010,2.242,0.000,0.000,0.745,2.321,7.318,zmywarka
2026-07-10 20:00:00,Friday,20,2.516,0.460,0.000,0.000,0.816,0.000,3.792,
2026-07-10 21:00:00,Friday,21,2.422,0.000,0.494,0.000,0.711,0.000,3.627,
2026-07-10 22:00:00,Friday,22,3.036,0.000,0.198,0.000,0.925,16.565,20.724,ładowanie EV
2026-07-10 23:00:00,Friday,23,1.865,0.000,0.000,0.000,0.000,11.758,13.623,ładowanie EV
2026-07-11 00:00:00,Saturday,0,2.944,0.000,0.000,0.000,0.000,12.894,15.838,ładowanie EV
2026-07-11 01:00:00,Saturday,1,2.332,0.000,0.000,0.000,0.000,14.736,17.068,ładowanie EV
2026-07-11 02:00:00,Saturday,2,2.164,0.483,0.000,0.000,0.000,13.384,16.031,ładowanie EV
2026-07-11 03:00:00,Saturday,3,2.698,0.586,0.000,0.000,0.000,14.794,18.078,ładowanie EV
2026-07-11 04:00:00,Saturday,4,2.537,0.860,0.000,0.000,0.000,8.740,12.137,ładowanie EV
2026-07-11 05:00:00,Saturday,5,2.305,0.840,0.000,0.000,0.000,11.932,15.077,ładowanie EV
2026-07-11 06:00:00,Saturday,6,2.454,1.037,0.000,1.143,0.000,0.000,4.634,
2026-07-11 07:00:00,Saturday,7,2.990,0.741,0.000,0.669,0.000,0.000,4.400,
2026-07-11 08:00:00,Saturday,8,2.693,0.598,0.000,1.182,0.000,0.000,4.473,
2026-07-11 09:00:00,Saturday,9,2.578,0.000,0.000,0.000,0.221,2.176,4.975,pompa basenu
2026-07-11 10:00:00,Saturday,10,2.231,0.000,0.000,0.000,0.593,4.147,6.971,pompa basenu; pralka
2026-07-11 11:00:00,Saturday,11,2.530,0.000,0.000,0.000,0.182,2.300,5.012,pompa basenu
2026-07-11 12:00:00,Saturday,12,2.735,4.216,0.000,1.058,0.724,2.390,11.123,pompa basenu
2026-07-11 13:00:00,Saturday,13,2.378,1.863,0.000,0.000,0.681,4.770,9.692,pompa basenu; zmywarka
2026-07-11 14:00:00,Saturday,14,2.496,2.371,0.000,0.000,0.462,1.840,7.169,pompa basenu
2026-07-11 15:00:00,Saturday,15,2.730,2.431,0.000,0.000,0.380,2.162,7.703,pompa basenu
2026-07-11 16:00:00,Saturday,16,2.705,3.643,0.000,0.000,0.803,1.815,8.966,pompa basenu
2026-07-11 17:00:00,Saturday,17,2.523,1.955,0.000,4.080,1.191,0.000,9.749,
2026-07-11 18:00:00,Saturday,18,2.636,4.441,0.000,0.000,1.076,0.000,8.153,
2026-07-11 19:00:00,Saturday,19,2.903,4.563,0.000,0.000,0.899,18.407,26.772,sauna
2026-07-11 20:00:00,Saturday,20,3.179,0.460,0.000,0.000,0.945,19.628,24.212,sauna
2026-07-11 21:00:00,Saturday,21,1.881,0.460,0.000,0.000,1.125,19.256,22.722,sauna
2026-07-11 22:00:00,Saturday,22,2.038,0.460,0.251,0.000,0.582,8.627,11.958,ładowanie EV
2026-07-11 23:00:00,Saturday,23,3.192,0.460,0.000,0.000,0.000,10.410,14.062,ładowanie EV
2026-07-12 00:00:00,Sunday,0,2.355,0.000,0.000,0.000,0.000,11.696,14.051,ładowanie EV
2026-07-12 01:00:00,Sunday,1,2.870,0.000,0.000,0.000,0.000,8.084,10.954,ładowanie EV
2026-07-12 02:00:00,Sunday,2,2.574,0.000,0.000,0.000,0.000,12.156,14.730,ładowanie EV
2026-07-12 03:00:00,Sunday,3,2.095,0.000,0.000,0.000,0.000,14.587,16.682,ładowanie EV
2026-07-12 04:00:00,Sunday,4,2.339,0.000,0.000,0.000,0.000,15.727,18.066,ładowanie EV
2026-07-12 05:00:00,Sunday,5,2.498,0.000,0.000,0.000,0.000,15.953,18.451,ładowanie EV
2026-07-12 06:00:00,Sunday,6,1.976,0.000,0.000,0.872,0.000,0.000,2.848,
2026-07-12 07:00:00,Sunday,7,1.999,0.000,0.000,1.058,0.000,0.000,3.057,
2026-07-12 08:00:00,Sunday,8,2.923,0.000,0.000,0.867,0.000,0.000,3.790,
2026-07-12 09:00:00,Sunday,9,2.272,0.460,0.000,0.000,0.469,2.546,5.747,pompa basenu
2026-07-12 10:00:00,Sunday,10,2.240,0.460,0.000,0.000,0.699,1.566,4.965,pompa basenu
2026-07-12 11:00:00,Sunday,11,3.103,0.460,0.000,0.000,0.798,2.615,6.976,pompa basenu
2026-07-12 12:00:00,Sunday,12,2.801,1.960,0.000,0.000,0.435,2.597,7.793,pompa basenu
2026-07-12 13:00:00,Sunday,13,2.493,3.696,0.000,1.035,0.570,4.299,12.093,pompa basenu; zmywarka
2026-07-12 14:00:00,Sunday,14,2.801,3.250,0.000,0.000,0.179,1.684,7.914,pompa basenu
2026-07-12 15:00:00,Sunday,15,2.077,2.479,0.000,0.000,0.177,1.410,6.143,pompa basenu
2026-07-12 16:00:00,Sunday,16,2.760,3.031,0.000,0.000,0.518,2.332,8.641,pompa basenu
2026-07-12 17:00:00,Sunday,17,2.224,3.901,0.000,0.000,0.888,0.000,7.013,
2026-07-12 18:00:00,Sunday,18,1.918,2.222,0.000,3.997,1.051,0.000,9.188,
2026-07-12 19:00:00,Sunday,19,2.001,1.898,0.000,0.000,0.773,14.131,18.803,sauna
2026-07-12 20:00:00,Sunday,20,2.295,0.460,0.000,0.000,1.014,15.718,19.487,sauna
2026-07-12 21:00:00,Sunday,21,2.123,0.460,0.000,0.000,1.171,17.565,21.319,sauna
2026-07-12 22:00:00,Sunday,22,3.202,0.000,0.235,0.000,0.826,11.157,15.420,ładowanie EV
2026-07-12 23:00:00,Sunday,23,2.967,0.000,0.000,0.000,0.000,12.178,15.145,ładowanie EV
2026-07-13 00:00:00,Monday,0,2.429,0.000,0.000,0.000,0.000,14.248,16.677,ładowanie EV
2026-07-13 01:00:00,Monday,1,2.157,0.000,0.000,0.000,0.000,9.543,11.700,ładowanie EV
2026-07-13 02:00:00,Monday,2,2.288,0.000,0.000,0.000,0.000,13.234,15.522,ładowanie EV
2026-07-13 03:00:00,Monday,3,3.089,0.000,0.000,0.000,0.000,10.026,13.115,ładowanie EV
2026-07-13 04:00:00,Monday,4,2.599,0.000,0.000,0.000,0.000,11.907,14.506,ładowanie EV
2026-07-13 05:00:00,Monday,5,3.213,0.000,0.000,0.000,0.000,11.371,14.584,ładowanie EV
2026-07-13 06:00:00,Monday,6,2.417,0.547,0.000,0.835,0.000,0.000,3.799,
2026-07-13 07:00:00,Monday,7,2.677,0.000,0.000,1.134,0.000,0.000,3.811,
2026-07-13 08:00:00,Monday,8,2.394,0.750,0.000,0.745,0.000,0.000,3.889,
2026-07-13 09:00:00,Monday,9,2.431,0.653,0.000,0.000,0.352,2.440,5.876,pompa basenu
2026-07-13 10:00:00,Monday,10,2.634,0.000,0.000,0.000,0.419,2.256,5.309,pompa basenu
2026-07-13 11:00:00,Monday,11,2.180,0.000,0.000,0.000,0.391,2.691,5.262,pompa basenu
2026-07-13 12:00:00,Monday,12,3.080,0.000,0.000,1.557,0.432,1.557,6.626,pompa basenu
2026-07-13 13:00:00,Monday,13,2.128,0.000,0.000,0.000,0.375,1.412,3.915,pompa basenu
2026-07-13 14:00:00,Monday,14,2.397,0.000,0.000,0.000,0.584,2.185,5.166,pompa basenu
2026-07-13 15:00:00,Monday,15,3.077,0.000,0.000,0.000,0.444,1.771,5.292,pompa basenu
2026-07-13 16:00:00,Monday,16,2.792,0.000,0.000,0.000,0.402,1.589,4.783,pompa basenu
2026-07-13 17:00:00,Monday,17,2.245,0.000,0.000,3.636,0.702,0.000,6.583,
2026-07-13 18:00:00,Monday,18,1.983,0.000,0.000,0.000,0.724,0.000,2.707,
2026-07-13 19:00:00,Monday,19,2.985,0.000,0.000,0.000,1.191,0.000,4.176,
2026-07-13 20:00:00,Monday,20,2.279,0.000,0.000,0.000,0.529,2.686,5.494,zmywarka
2026-07-13 21:00:00,Monday,21,2.610,0.000,0.000,0.000,1.162,0.000,3.772,
2026-07-13 22:00:00,Monday,22,2.834,0.000,0.255,0.000,0.695,11.859,15.643,ładowanie EV
2026-07-13 23:00:00,Monday,23,3.220,0.000,0.000,0.000,0.000,12.859,16.079,ładowanie EV
2026-07-14 00:00:00,Tuesday,0,2.217,0.000,0.000,0.000,0.000,11.132,13.349,ładowanie EV
2026-07-14 01:00:00,Tuesday,1,3.218,0.000,0.000,0.000,0.000,11.544,14.762,ładowanie EV
2026-07-14 02:00:00,Tuesday,2,2.410,0.000,0.000,0.000,0.000,9.207,11.617,ładowanie EV
2026-07-14 03:00:00,Tuesday,3,2.489,0.451,0.000,0.000,0.000,10.520,13.460,ładowanie EV
2026-07-14 04:00:00,Tuesday,4,3.149,0.582,0.000,0.000,0.000,14.331,18.062,ładowanie EV
2026-07-14 05:00:00,Tuesday,5,2.070,0.538,0.000,0.000,0.000,11.070,13.678,ładowanie EV
2026-07-14 06:00:00,Tuesday,6,1.856,0.695,0.000,0.814,0.000,0.000,3.365,
2026-07-14 07:00:00,Tuesday,7,2.049,0.741,0.000,1.122,0.000,0.000,3.912,
2026-07-14 08:00:00,Tuesday,8,3.192,0.000,0.000,1.067,0.000,0.000,4.259,
2026-07-14 09:00:00,Tuesday,9,2.716,0.000,0.000,0.000,0.294,1.465,4.475,pompa basenu
2026-07-14 10:00:00,Tuesday,10,3.158,0.000,0.000,0.000,0.469,2.560,6.187,pompa basenu
2026-07-14 11:00:00,Tuesday,11,1.904,0.460,0.000,0.000,0.306,2.321,4.991,pompa basenu
2026-07-14 12:00:00,Tuesday,12,2.334,4.023,0.000,0.000,0.281,1.622,8.260,pompa basenu
2026-07-14 13:00:00,Tuesday,13,2.088,2.496,0.000,1.389,0.478,3.898,10.349,pompa basenu; pralka
2026-07-14 14:00:00,Tuesday,14,2.015,4.600,0.000,0.000,0.557,1.481,8.653,pompa basenu
2026-07-14 15:00:00,Tuesday,15,2.765,1.939,0.000,0.000,0.336,1.826,6.866,pompa basenu
2026-07-14 16:00:00,Tuesday,16,2.944,4.363,0.000,0.000,0.810,2.634,10.751,pompa basenu
2026-07-14 17:00:00,Tuesday,17,2.514,2.845,0.000,4.701,0.577,0.000,10.637,
2026-07-14 18:00:00,Tuesday,18,2.617,3.864,0.000,0.000,1.074,0.000,7.555,
2026-07-14 19:00:00,Tuesday,19,1.893,3.245,0.000,0.000,1.205,0.000,6.343,
2026-07-14 20:00:00,Tuesday,20,2.548,0.460,0.000,0.000,0.614,2.247,5.869,zmywarka
2026-07-14 21:00:00,Tuesday,21,2.387,0.460,0.000,0.000,0.789,0.000,3.636,
2026-07-14 22:00:00,Tuesday,22,2.224,0.000,0.338,0.000,0.738,10.467,13.767,ładowanie EV
2026-07-14 23:00:00,Tuesday,23,2.036,0.000,0.000,0.000,0.000,13.945,15.981,ładowanie EV
2026-07-15 00:00:00,Wednesday,0,2.420,0.000,0.000,0.000,0.000,11.567,13.987,ładowanie EV
2026-07-15 01:00:00,Wednesday,1,2.868,0.000,0.000,0.000,0.000,9.418,12.286,ładowanie EV
2026-07-15 02:00:00,Wednesday,2,2.627,0.448,0.000,0.000,0.000,10.364,13.439,ładowanie EV
2026-07-15 03:00:00,Wednesday,3,2.914,0.504,0.000,0.000,0.000,11.746,15.164,ładowanie EV
2026-07-15 04:00:00,Wednesday,4,3.135,0.494,0.000,0.000,0.000,11.587,15.216,ładowanie EV
2026-07-15 05:00:00,Wednesday,5,2.896,0.545,0.000,0.000,0.000,12.268,15.709,ładowanie EV
2026-07-15 06:00:00,Wednesday,6,2.024,0.920,0.000,1.127,0.000,0.000,4.071,
2026-07-15 07:00:00,Wednesday,7,2.263,0.653,0.000,0.886,0.000,0.000,3.802,
2026-07-15 08:00:00,Wednesday,8,2.079,0.580,0.000,1.060,0.000,0.000,3.719,
2026-07-15 09:00:00,Wednesday,9,2.024,0.000,0.000,0.000,0.685,1.534,4.243,praca zdalna; pompa basenu
2026-07-15 10:00:00,Wednesday,10,1.966,0.000,0.000,0.000,0.662,2.008,4.636,praca zdalna; pompa basenu
2026-07-15 11:00:00,Wednesday,11,2.309,0.000,0.000,0.000,0.892,4.046,7.247,praca zdalna; pompa basenu; pralka
2026-07-15 12:00:00,Wednesday,12,2.220,4.069,0.000,1.552,0.879,5.932,14.652,praca zdalna; pompa basenu; suszarka
2026-07-15 13:00:00,Wednesday,13,1.918,4.172,0.000,0.000,0.881,2.196,9.167,praca zdalna; pompa basenu
2026-07-15 14:00:00,Wednesday,14,2.937,3.698,0.000,0.000,0.738,1.990,9.363,praca zdalna; pompa basenu
2026-07-15 15:00:00,Wednesday,15,2.758,3.268,0.000,0.000,1.175,1.587,8.788,praca zdalna; pompa basenu
2026-07-15 16:00:00,Wednesday,16,2.537,4.009,0.000,0.000,0.819,2.624,9.989,praca zdalna; pompa basenu
2026-07-15 17:00:00,Wednesday,17,2.696,2.949,0.000,6.162,1.189,0.000,12.996,
2026-07-15 18:00:00,Wednesday,18,2.709,2.118,0.000,0.000,1.191,0.000,6.018,
2026-07-15 19:00:00,Wednesday,19,1.985,1.918,0.000,0.000,0.862,2.157,6.922,zmywarka
2026-07-15 20:00:00,Wednesday,20,2.755,0.460,0.000,0.000,0.814,0.000,4.029,
2026-07-15 21:00:00,Wednesday,21,3.204,0.000,0.000,0.000,0.713,0.000,3.917,
2026-07-15 22:00:00,Wednesday,22,2.088,0.000,0.228,0.000,0.911,11.212,14.439,ładowanie EV
2026-07-15 23:00:00,Wednesday,23,2.551,0.000,0.000,0.000,0.000,16.114,18.665,ładowanie EV
2026-07-16 00:00:00,Thursday,0,3.080,0.000,0.000,0.000,0.000,16.266,19.346,ładowanie EV
2026-07-16 01:00:00,Thursday,1,2.321,0.000,0.000,0.000,0.000,14.138,16.459,ładowanie EV
2026-07-16 02:00:00,Thursday,2,3.068,0.000,0.000,0.000,0.000,9.598,12.666,ładowanie EV
2026-07-16 03:00:00,Thursday,3,2.661,0.000,0.000,0.000,0.000,12.544,15.205,ładowanie EV
2026-07-16 04:00:00,Thursday,4,3.027,0.000,0.000,0.000,0.000,12.956,15.983,ładowanie EV
2026-07-16 05:00:00,Thursday,5,2.491,0.000,0.000,0.000,0.000,11.958,14.449,ładowanie EV
2026-07-16 06:00:00,Thursday,6,2.923,0.607,0.000,1.104,0.000,0.000,4.634,
2026-07-16 07:00:00,Thursday,7,2.293,0.632,0.000,0.957,0.000,0.000,3.882,
2026-07-16 08:00:00,Thursday,8,2.937,0.000,0.000,0.580,0.000,0.000,3.517,
2026-07-16 09:00:00,Thursday,9,2.443,0.000,0.000,0.000,0.494,1.941,4.878,pompa basenu
2026-07-16 10:00:00,Thursday,10,2.452,0.000,0.000,0.000,0.347,2.758,5.557,pompa basenu
2026-07-16 11:00:00,Thursday,11,2.992,0.000,0.000,0.000,0.494,1.550,5.036,pompa basenu
2026-07-16 12:00:00,Thursday,12,2.346,2.560,0.000,0.729,0.508,1.865,8.008,pompa basenu
2026-07-16 13:00:00,Thursday,13,2.854,2.643,0.000,0.000,0.313,1.578,7.388,pompa basenu
2026-07-16 14:00:00,Thursday,14,2.728,3.958,0.000,0.000,0.658,2.344,9.688,pompa basenu
2026-07-16 15:00:00,Thursday,15,3.038,2.169,0.000,0.000,0.490,1.580,7.277,pompa basenu
2026-07-16 16:00:00,Thursday,16,2.049,2.772,0.000,0.000,0.770,1.990,7.581,pompa basenu
2026-07-16 17:00:00,Thursday,17,2.668,4.499,0.000,0.000,0.805,0.000,7.972,goście
2026-07-16 18:00:00,Thursday,18,1.888,2.548,0.000,8.308,1.157,0.000,13.901,goście
2026-07-16 19:00:00,Thursday,19,2.594,3.834,0.000,0.000,1.056,2.569,10.053,goście; zmywarka
2026-07-16 20:00:00,Thursday,20,2.063,0.460,0.000,0.000,1.067,0.000,3.590,goście
2026-07-16 21:00:00,Thursday,21,2.778,0.000,0.000,0.000,0.559,0.000,3.337,goście
2026-07-16 22:00:00,Thursday,22,2.661,0.000,0.269,0.000,0.780,16.261,19.971,ładowanie EV
2026-07-16 23:00:00,Thursday,23,2.829,0.000,0.000,0.000,0.000,8.749,11.578,ładowanie EV
2026-07-17 00:00:00,Friday,0,3.248,0.000,0.000,0.000,0.000,10.104,13.352,ładowanie EV
2026-07-17 01:00:00,Friday,1,2.017,0.000,0.000,0.000,0.000,16.164,18.181,ładowanie EV
2026-07-17 02:00:00,Friday,2,2.279,0.000,0.000,0.000,0.000,8.333,10.612,ładowanie EV
2026-07-17 03:00:00,Friday,3,2.047,0.000,0.000,0.000,0.000,10.564,12.611,ładowanie EV
2026-07-17 04:00:00,Friday,4,3.066,0.000,0.000,0.000,0.000,16.719,19.785,ładowanie EV
2026-07-17 05:00:00,Friday,5,2.886,0.000,0.000,0.000,0.000,15.240,18.126,ładowanie EV
2026-07-17 06:00:00,Friday,6,1.969,0.508,0.000,0.954,0.000,0.000,3.431,
2026-07-17 07:00:00,Friday,7,2.873,0.000,0.000,1.155,0.000,0.000,4.028,
2026-07-17 08:00:00,Friday,8,2.132,0.000,0.000,1.240,0.000,0.000,3.372,
2026-07-17 09:00:00,Friday,9,2.912,0.000,0.000,0.000,0.432,2.139,5.483,pompa basenu
2026-07-17 10:00:00,Friday,10,2.877,0.460,0.000,0.000,0.465,1.730,5.532,pompa basenu
2026-07-17 11:00:00,Friday,11,2.505,0.460,0.000,0.000,0.508,2.459,5.932,pompa basenu
2026-07-17 12:00:00,Friday,12,2.229,2.505,0.000,1.969,0.513,1.679,8.895,pompa basenu
2026-07-17 13:00:00,Friday,13,2.118,1.900,0.000,0.000,0.409,2.196,6.623,pompa basenu
2026-07-17 14:00:00,Friday,14,3.114,3.289,0.000,0.000,0.522,2.721,9.646,pompa basenu
2026-07-17 15:00:00,Friday,15,2.144,4.554,0.000,0.000,0.695,2.583,9.976,pompa basenu
2026-07-17 16:00:00,Friday,16,2.850,3.110,0.000,0.000,0.577,1.520,8.057,pompa basenu
2026-07-17 17:00:00,Friday,17,2.588,3.116,0.000,3.915,1.127,0.000,10.746,
2026-07-17 18:00:00,Friday,18,3.002,3.719,0.000,0.000,0.971,0.000,7.692,
2026-07-17 19:00:00,Friday,19,1.923,0.000,0.000,0.000,0.678,0.000,2.601,
2026-07-17 20:00:00,Friday,20,2.564,0.000,0.000,0.000,0.644,2.256,5.464,zmywarka
2026-07-17 21:00:00,Friday,21,2.275,0.000,0.000,0.000,0.978,0.000,3.253,
2026-07-17 22:00:00,Friday,22,2.942,0.000,0.200,0.000,0.676,16.369,20.187,ładowanie EV
2026-07-17 23:00:00,Friday,23,3.066,0.000,0.000,0.000,0.000,12.498,15.564,ładowanie EV
2026-07-18 00:00:00,Saturday,0,2.238,0.000,0.000,0.000,0.000,16.553,18.791,ładowanie EV
2026-07-18 01:00:00,Saturday,1,2.647,0.000,0.000,0.000,0.000,10.999,13.646,ładowanie EV
2026-07-18 02:00:00,Saturday,2,2.758,0.000,0.000,0.000,0.000,15.776,18.534,ładowanie EV
2026-07-18 03:00:00,Saturday,3,2.006,0.000,0.000,0.000,0.000,16.298,18.304,ładowanie EV
2026-07-18 04:00:00,Saturday,4,2.231,0.591,0.000,0.000,0.000,16.742,19.564,ładowanie EV
2026-07-18 05:00:00,Saturday,5,2.063,0.695,0.000,0.000,0.000,15.063,17.821,ładowanie EV
2026-07-18 06:00:00,Saturday,6,1.854,1.316,0.000,1.173,0.000,0.000,4.343,
2026-07-18 07:00:00,Saturday,7,1.847,1.171,0.000,1.267,0.000,0.000,4.285,
2026-07-18 08:00:00,Saturday,8,2.447,0.961,0.000,0.715,0.000,0.000,4.123,
2026-07-18 09:00:00,Saturday,9,2.390,0.662,0.000,0.000,0.605,1.992,5.649,pompa basenu
2026-07-18 10:00:00,Saturday,10,2.735,0.000,0.000,0.000,0.216,2.454,5.405,pompa basenu
2026-07-18 11:00:00,Saturday,11,2.279,0.000,0.000,0.000,0.791,1.872,4.942,pompa basenu
2026-07-18 12:00:00,Saturday,12,2.643,0.000,0.000,3.073,0.720,1.484,7.920,pompa basenu
2026-07-18 13:00:00,Saturday,13,2.254,0.000,0.000,0.000,0.699,1.421,4.374,pompa basenu
2026-07-18 14:00:00,Saturday,14,2.220,0.000,0.000,0.000,0.209,2.075,4.504,pompa basenu
2026-07-18 15:00:00,Saturday,15,2.886,0.000,0.000,0.000,0.359,2.544,5.789,pompa basenu
2026-07-18 16:00:00,Saturday,16,3.169,0.000,0.000,0.000,0.605,2.213,5.987,pompa basenu
2026-07-18 17:00:00,Saturday,17,2.684,0.000,0.000,0.000,0.807,0.000,3.491,
2026-07-18 18:00:00,Saturday,18,2.155,0.000,0.000,5.069,1.099,0.000,8.323,
2026-07-18 19:00:00,Saturday,19,2.033,0.000,0.000,0.000,0.782,15.244,18.059,sauna
2026-07-18 20:00:00,Saturday,20,2.762,0.000,0.000,0.000,1.106,17.492,21.360,sauna
2026-07-18 21:00:00,Saturday,21,1.858,0.564,0.000,0.000,0.920,17.227,20.569,sauna
2026-07-18 22:00:00,Saturday,22,2.634,0.524,0.340,0.000,0.936,16.726,21.160,ładowanie EV
2026-07-18 23:00:00,Saturday,23,2.905,0.704,0.000,0.000,0.000,10.306,13.915,ładowanie EV
2026-07-19 00:00:00,Sunday,0,3.105,0.741,0.000,0.000,0.000,8.326,12.172,ładowanie EV
2026-07-19 01:00:00,Sunday,1,2.712,0.821,0.000,0.000,0.000,9.193,12.726,ładowanie EV
2026-07-19 02:00:00,Sunday,2,2.185,0.796,0.000,0.000,0.000,12.926,15.907,ładowanie EV
2026-07-19 03:00:00,Sunday,3,2.505,0.892,0.000,0.000,0.000,11.240,14.637,ładowanie EV
2026-07-19 04:00:00,Sunday,4,3.126,0.975,0.000,0.000,0.000,10.822,14.923,ładowanie EV
2026-07-19 05:00:00,Sunday,5,2.521,0.915,0.000,0.000,0.000,8.802,12.238,ładowanie EV
2026-07-19 06:00:00,Sunday,6,2.358,1.318,0.000,1.242,0.000,0.000,4.918,
2026-07-19 07:00:00,Sunday,7,1.895,1.205,0.000,0.886,0.000,0.000,3.986,
2026-07-19 08:00:00,Sunday,8,2.479,1.000,0.000,1.270,0.000,0.000,4.749,
2026-07-19 09:00:00,Sunday,9,2.661,0.929,0.000,0.000,0.580,2.183,6.353,pompa basenu
2026-07-19 10:00:00,Sunday,10,2.562,0.761,0.000,0.000,0.212,2.498,6.033,pompa basenu
2026-07-19 11:00:00,Sunday,11,2.684,0.697,0.000,0.000,0.656,2.555,6.592,pompa basenu
2026-07-19 12:00:00,Sunday,12,3.192,0.736,0.000,0.000,0.713,2.093,6.734,pompa basenu
2026-07-19 13:00:00,Sunday,13,2.040,0.000,0.000,2.601,0.814,1.978,7.433,pompa basenu
2026-07-19 14:00:00,Sunday,14,3.121,0.621,0.000,0.000,0.570,4.848,9.160,pompa basenu; zmywarka
2026-07-19 15:00:00,Sunday,15,2.815,0.000,0.000,0.000,0.437,1.944,5.196,pompa basenu
2026-07-19 16:00:00,Sunday,16,3.142,1.270,0.000,0.000,0.814,2.201,7.427,pompa basenu
2026-07-19 17:00:00,Sunday,17,3.208,1.357,0.000,4.612,1.168,0.000,10.345,goście
2026-07-19 18:00:00,Sunday,18,2.735,1.309,0.000,0.000,1.102,0.000,5.146,goście
2026-07-19 19:00:00,Sunday,19,2.192,1.385,0.000,0.000,0.906,17.995,22.478,goście; sauna
2026-07-19 20:00:00,Sunday,20,2.643,1.438,0.000,0.000,0.665,16.746,21.492,goście; sauna
2026-07-19 21:00:00,Sunday,21,2.659,1.444,0.545,0.000,1.122,18.722,24.492,goście; sauna
2026-07-19 22:00:00,Sunday,22,2.792,1.297,0.336,0.000,0.626,13.041,18.092,ładowanie EV
2026-07-19 23:00:00,Sunday,23,2.670,1.143,0.000,0.000,0.000,16.841,20.654,ładowanie EV
2026-07-20 00:00:00,Monday,0,2.546,1.132,0.000,0.000,0.000,12.208,15.886,ładowanie EV
2026-07-20 01:00:00,Monday,1,2.778,1.070,0.000,0.000,0.000,15.037,18.885,ładowanie EV
2026-07-20 02:00:00,Monday,2,2.206,1.438,0.000,0.000,0.000,12.512,16.156,ładowanie EV
2026-07-20 03:00:00,Monday,3,3.066,1.438,0.000,0.000,0.000,9.685,14.189,ładowanie EV
2026-07-20 04:00:00,Monday,4,2.098,0.938,0.000,0.000,0.000,10.403,13.439,ładowanie EV
2026-07-20 05:00:00,Monday,5,2.818,1.065,0.000,0.000,0.000,8.811,12.694,ładowanie EV
2026-07-20 06:00:00,Monday,6,2.201,1.679,0.000,0.630,0.000,0.000,4.510,
2026-07-20 07:00:00,Monday,7,2.426,1.555,0.000,1.201,0.000,0.000,5.182,
2026-07-20 08:00:00,Monday,8,2.332,1.465,0.000,1.233,0.000,0.000,5.030,
2026-07-20 09:00:00,Monday,9,2.606,1.403,0.000,0.000,0.343,2.072,6.424,pompa basenu
2026-07-20 10:00:00,Monday,10,2.914,1.582,0.000,0.000,0.361,1.419,6.276,pompa basenu
2026-07-20 11:00:00,Monday,11,1.868,1.325,0.000,0.000,0.419,2.111,5.723,pompa basenu
2026-07-20 12:00:00,Monday,12,2.815,1.044,0.000,0.000,0.474,2.337,6.670,pompa basenu
2026-07-20 13:00:00,Monday,13,2.215,1.086,0.000,1.196,0.405,1.493,6.395,pompa basenu
2026-07-20 14:00:00,Monday,14,2.438,0.835,0.000,0.000,0.501,1.776,5.550,pompa basenu
2026-07-20 15:00:00,Monday,15,2.686,0.635,0.000,0.000,0.297,2.684,6.302,pompa basenu
2026-07-20 16:00:00,Monday,16,2.121,0.612,0.000,0.000,0.283,1.573,4.589,pompa basenu
2026-07-20 17:00:00,Monday,17,1.914,0.000,0.000,0.000,0.819,0.000,2.733,
2026-07-20 18:00:00,Monday,18,2.882,0.000,0.000,2.840,1.097,0.000,6.819,
2026-07-20 19:00:00,Monday,19,2.415,0.000,0.000,0.000,0.902,2.300,5.617,zmywarka
2026-07-20 20:00:00,Monday,20,2.192,0.000,0.000,0.000,0.899,0.000,3.091,
2026-07-20 21:00:00,Monday,21,2.208,0.520,0.000,0.000,1.127,0.000,3.855,
2026-07-20 22:00:00,Monday,22,2.949,0.552,0.124,0.000,0.918,13.292,17.835,ładowanie EV
2026-07-20 23:00:00,Monday,23,2.951,0.646,0.000,0.000,0.000,16.146,19.743,ładowanie EV
2026-07-21 00:00:00,Tuesday,0,2.670,1.042,0.000,0.000,0.000,9.773,13.485,ładowanie EV
2026-07-21 01:00:00,Tuesday,1,2.208,0.932,0.000,0.000,0.000,9.060,12.200,ładowanie EV
2026-07-21 02:00:00,Tuesday,2,3.052,1.122,0.000,0.000,0.000,9.067,13.241,ładowanie EV
2026-07-21 03:00:00,Tuesday,3,2.387,1.276,0.000,0.000,0.000,15.898,19.561,ładowanie EV
2026-07-21 04:00:00,Tuesday,4,2.178,1.233,0.000,0.000,0.000,13.260,16.671,ładowanie EV
2026-07-21 05:00:00,Tuesday,5,3.107,1.362,0.000,0.000,0.000,11.985,16.454,ładowanie EV
2026-07-21 06:00:00,Tuesday,6,3.167,1.598,0.000,0.978,0.000,0.000,5.743,
2026-07-21 07:00:00,Tuesday,7,2.790,1.364,0.000,0.865,0.000,0.000,5.019,
2026-07-21 08:00:00,Tuesday,8,1.914,0.915,0.000,0.989,0.000,0.000,3.818,
2026-07-21 09:00:00,Tuesday,9,3.144,0.665,0.000,0.000,0.405,1.543,5.757,pompa basenu
2026-07-21 10:00:00,Tuesday,10,2.360,0.598,0.000,0.000,0.467,1.649,5.074,pompa basenu
2026-07-21 11:00:00,Tuesday,11,3.204,0.000,0.000,0.000,0.343,1.601,5.148,pompa basenu
2026-07-21 12:00:00,Tuesday,12,2.424,0.000,0.000,1.976,0.301,1.778,6.479,pompa basenu
2026-07-21 13:00:00,Tuesday,13,1.946,0.000,0.000,0.000,0.343,1.651,3.940,pompa basenu
2026-07-21 14:00:00,Tuesday,14,2.008,3.556,0.000,0.000,0.819,1.914,8.297,pompa basenu
2026-07-21 15:00:00,Tuesday,15,2.647,2.445,0.000,0.000,0.476,2.137,7.705,pompa basenu
2026-07-21 16:00:00,Tuesday,16,2.562,4.287,0.000,0.000,0.382,2.318,9.549,pompa basenu
2026-07-21 17:00:00,Tuesday,17,2.010,0.000,0.000,0.000,0.711,0.000,2.721,
2026-07-21 18:00:00,Tuesday,18,1.927,0.000,0.000,4.057,1.053,0.000,7.037,
2026-07-21 19:00:00,Tuesday,19,2.374,0.000,0.000,0.000,1.152,2.130,5.656,zmywarka
2026-07-21 20:00:00,Tuesday,20,2.728,0.000,0.000,0.000,0.706,0.000,3.434,
2026-07-21 21:00:00,Tuesday,21,2.535,0.000,0.000,0.000,0.669,0.000,3.204,
2026-07-21 22:00:00,Tuesday,22,1.990,0.000,0.334,0.000,1.070,10.442,13.836,ładowanie EV
2026-07-21 23:00:00,Tuesday,23,3.160,0.000,0.000,0.000,0.000,15.090,18.250,ładowanie EV
2026-07-22 00:00:00,Wednesday,0,2.944,0.485,0.000,0.000,0.000,9.616,13.045,ładowanie EV
2026-07-22 01:00:00,Wednesday,1,2.512,0.876,0.000,0.000,0.000,8.531,11.919,ładowanie EV
2026-07-22 02:00:00,Wednesday,2,3.114,1.327,0.000,0.000,0.000,16.318,20.759,ładowanie EV
2026-07-22 03:00:00,Wednesday,3,2.951,1.173,0.000,0.000,0.000,16.875,20.999,ładowanie EV
2026-07-22 04:00:00,Wednesday,4,1.980,1.102,0.000,0.000,0.000,11.456,14.538,ładowanie EV
2026-07-22 05:00:00,Wednesday,5,1.927,1.168,0.000,0.000,0.000,15.500,18.595,ładowanie EV
2026-07-22 06:00:00,Wednesday,6,2.721,1.596,0.000,0.748,0.000,0.000,5.065,
2026-07-22 07:00:00,Wednesday,7,2.861,1.382,0.000,0.455,0.000,0.000,4.698,
2026-07-22 08:00:00,Wednesday,8,2.576,1.265,0.000,1.290,0.000,0.000,5.131,
2026-07-22 09:00:00,Wednesday,9,2.542,1.164,0.000,0.000,0.276,1.746,5.728,pompa basenu
2026-07-22 10:00:00,Wednesday,10,2.613,1.081,0.000,0.000,0.407,1.690,5.791,pompa basenu
2026-07-22 11:00:00,Wednesday,11,2.675,0.761,0.000,0.000,0.469,2.312,6.217,pompa basenu
2026-07-22 12:00:00,Wednesday,12,2.029,0.518,0.000,1.104,0.324,2.408,6.383,pompa basenu
2026-07-22 13:00:00,Wednesday,13,2.893,0.000,0.000,0.000,0.462,1.562,4.917,pompa basenu
2026-07-22 14:00:00,Wednesday,14,3.082,0.000,0.000,0.000,0.626,1.444,5.152,pompa basenu
2026-07-22 15:00:00,Wednesday,15,1.978,0.000,0.000,0.000,0.628,1.966,4.572,pompa basenu
2026-07-22 16:00:00,Wednesday,16,2.128,0.000,0.000,0.000,0.361,2.702,5.191,pompa basenu
2026-07-22 17:00:00,Wednesday,17,2.751,0.557,0.000,6.024,1.083,0.000,10.415,
2026-07-22 18:00:00,Wednesday,18,2.560,0.764,0.000,0.000,0.789,0.000,4.113,
2026-07-22 19:00:00,Wednesday,19,3.218,0.669,0.000,0.000,0.570,1.985,6.442,zmywarka
2026-07-22 20:00:00,Wednesday,20,2.753,0.653,0.000,0.000,1.035,0.000,4.441,
2026-07-22 21:00:00,Wednesday,21,2.578,0.708,0.000,0.000,0.982,0.000,4.268,
2026-07-22 22:00:00,Wednesday,22,3.181,0.603,0.225,0.000,0.598,14.674,19.281,ładowanie EV
2026-07-22 23:00:00,Wednesday,23,2.560,0.573,0.000,0.000,0.000,12.836,15.969,ładowanie EV
2026-07-23 00:00:00,Thursday,0,2.615,0.787,0.000,0.000,0.000,8.227,11.629,ładowanie EV
2026-07-23 01:00:00,Thursday,1,2.698,0.626,0.000,0.000,0.000,15.415,18.739,ładowanie EV
2026-07-23 02:00:00,Thursday,2,2.015,0.830,0.000,0.000,0.000,12.222,15.067,ładowanie EV
2026-07-23 03:00:00,Thursday,3,2.613,0.830,0.000,0.000,0.000,11.776,15.219,ładowanie EV
2026-07-23 04:00:00,Thursday,4,2.542,0.826,0.000,0.000,0.000,10.506,13.874,ładowanie EV
2026-07-23 05:00:00,Thursday,5,2.815,0.973,0.000,0.000,0.000,13.678,17.466,ładowanie EV
2026-07-23 06:00:00,Thursday,6,2.615,1.092,0.000,1.191,0.000,0.000,4.898,
2026-07-23 07:00:00,Thursday,7,2.753,1.033,0.000,0.552,0.000,0.000,4.338,
2026-07-23 08:00:00,Thursday,8,1.854,1.063,0.000,0.890,0.000,0.000,3.807,
2026-07-23 09:00:00,Thursday,9,3.048,0.929,0.000,0.000,0.288,1.849,6.114,pompa basenu
2026-07-23 10:00:00,Thursday,10,2.006,0.718,0.000,0.000,0.494,1.385,4.603,pompa basenu
2026-07-23 11:00:00,Thursday,11,3.192,0.534,0.000,0.000,0.389,2.298,6.413,pompa basenu
2026-07-23 12:00:00,Thursday,12,1.870,0.000,0.000,0.000,0.515,1.803,4.188,pompa basenu
2026-07-23 13:00:00,Thursday,13,2.620,0.000,0.000,0.876,0.428,1.396,5.320,pompa basenu
2026-07-23 14:00:00,Thursday,14,2.063,0.000,0.000,0.000,0.393,2.422,4.878,pompa basenu
2026-07-23 15:00:00,Thursday,15,3.098,0.000,0.000,0.000,0.807,2.392,6.297,pompa basenu
2026-07-23 16:00:00,Thursday,16,2.574,0.000,0.000,0.000,0.651,1.879,5.104,pompa basenu
2026-07-23 17:00:00,Thursday,17,2.217,0.000,0.000,4.467,1.157,0.000,7.841,
2026-07-23 18:00:00,Thursday,18,3.215,0.000,0.000,0.000,0.853,0.000,4.068,
2026-07-23 19:00:00,Thursday,19,3.146,0.000,0.000,0.000,1.120,0.000,4.266,
2026-07-23 20:00:00,Thursday,20,2.654,0.000,0.000,0.000,1.132,1.852,5.638,zmywarka
2026-07-23 21:00:00,Thursday,21,2.597,0.000,0.000,0.000,1.049,0.000,3.646,
2026-07-23 22:00:00,Thursday,22,2.291,0.000,0.131,0.000,0.904,15.585,18.911,ładowanie EV
2026-07-23 23:00:00,Thursday,23,2.456,0.000,0.000,0.000,0.000,11.139,13.595,ładowanie EV
2026-07-24 00:00:00,Friday,0,3.103,0.448,0.000,0.000,0.000,11.215,14.766,ładowanie EV
2026-07-24 01:00:00,Friday,1,1.966,0.623,0.000,0.000,0.000,9.791,12.380,ładowanie EV
2026-07-24 02:00:00,Friday,2,2.390,1.003,0.000,0.000,0.000,16.629,20.022,ładowanie EV
2026-07-24 03:00:00,Friday,3,2.700,0.895,0.000,0.000,0.000,8.754,12.349,ładowanie EV
2026-07-24 04:00:00,Friday,4,2.210,0.833,0.000,0.000,0.000,14.881,17.924,ładowanie EV
2026-07-24 05:00:00,Friday,5,2.857,1.063,0.000,0.000,0.000,12.176,16.096,ładowanie EV
2026-07-24 06:00:00,Friday,6,2.079,1.189,0.000,1.099,0.000,0.000,4.367,
2026-07-24 07:00:00,Friday,7,1.939,1.530,0.000,0.713,0.000,0.000,4.182,
2026-07-24 08:00:00,Friday,8,2.100,1.309,0.000,1.210,0.000,0.000,4.619,
2026-07-24 09:00:00,Friday,9,2.686,1.118,0.000,0.000,0.678,2.178,6.660,praca zdalna; pompa basenu
2026-07-24 10:00:00,Friday,10,2.670,0.568,0.000,0.000,0.669,1.739,5.646,praca zdalna; pompa basenu
2026-07-24 11:00:00,Friday,11,2.857,0.000,0.000,0.000,0.600,1.741,5.198,praca zdalna; pompa basenu
2026-07-24 12:00:00,Friday,12,2.024,0.000,0.000,0.000,0.837,2.597,5.458,praca zdalna; pompa basenu
2026-07-24 13:00:00,Friday,13,3.140,0.612,0.000,0.821,0.722,1.382,6.677,praca zdalna; pompa basenu
2026-07-24 14:00:00,Friday,14,1.870,0.621,0.000,0.000,0.892,2.705,6.088,praca zdalna; pompa basenu
2026-07-24 15:00:00,Friday,15,2.268,0.683,0.000,0.000,0.619,1.460,5.030,praca zdalna; pompa basenu
2026-07-24 16:00:00,Friday,16,2.548,0.000,0.000,0.000,1.074,2.084,5.706,praca zdalna; pompa basenu
2026-07-24 17:00:00,Friday,17,3.107,0.000,0.000,6.498,1.028,0.000,10.633,
2026-07-24 18:00:00,Friday,18,2.629,0.000,0.000,0.000,0.683,0.000,3.312,
2026-07-24 19:00:00,Friday,19,2.429,0.000,0.000,0.000,1.201,2.429,6.059,zmywarka
2026-07-24 20:00:00,Friday,20,2.068,0.000,0.000,0.000,0.994,0.000,3.062,
2026-07-24 21:00:00,Friday,21,2.932,0.524,0.359,0.000,0.559,0.000,4.374,
2026-07-24 22:00:00,Friday,22,2.783,0.000,0.329,0.000,0.695,11.334,15.141,ładowanie EV
2026-07-24 23:00:00,Friday,23,3.075,0.000,0.000,0.000,0.000,11.350,14.425,ładowanie EV
2026-07-25 00:00:00,Saturday,0,2.797,0.630,0.000,0.000,0.000,15.458,18.885,ładowanie EV
2026-07-25 01:00:00,Saturday,1,3.103,0.752,0.000,0.000,0.000,13.655,17.510,ładowanie EV
2026-07-25 02:00:00,Saturday,2,2.859,0.812,0.000,0.000,0.000,12.096,15.767,ładowanie EV
2026-07-25 03:00:00,Saturday,3,2.760,0.872,0.000,0.000,0.000,10.762,14.394,ładowanie EV
2026-07-25 04:00:00,Saturday,4,2.507,0.770,0.000,0.000,0.000,11.454,14.731,ładowanie EV
2026-07-25 05:00:00,Saturday,5,3.218,0.768,0.000,0.000,0.000,16.226,20.212,ładowanie EV
2026-07-25 06:00:00,Saturday,6,2.252,1.122,0.000,0.672,0.000,0.000,4.046,
2026-07-25 07:00:00,Saturday,7,2.288,1.056,0.000,0.759,0.000,0.000,4.103,
2026-07-25 08:00:00,Saturday,8,2.518,0.752,0.000,0.837,0.000,0.000,4.107,
2026-07-25 09:00:00,Saturday,9,3.100,0.584,0.000,0.000,0.695,2.551,6.930,pompa basenu
2026-07-25 10:00:00,Saturday,10,3.084,0.481,0.000,0.000,0.623,2.111,6.299,pompa basenu
2026-07-25 11:00:00,Saturday,11,2.387,0.000,0.000,0.000,0.384,4.292,7.063,pompa basenu; pralka
2026-07-25 12:00:00,Saturday,12,2.371,0.000,0.000,0.000,0.575,2.123,5.069,pompa basenu
2026-07-25 13:00:00,Saturday,13,2.401,0.000,0.000,3.066,0.724,2.438,8.629,pompa basenu
2026-07-25 14:00:00,Saturday,14,3.126,0.000,0.000,0.000,0.306,2.617,6.049,pompa basenu
2026-07-25 15:00:00,Saturday,15,2.079,0.000,0.000,0.000,0.485,1.601,4.165,pompa basenu
2026-07-25 16:00:00,Saturday,16,2.969,0.000,0.000,0.000,0.274,1.893,5.136,pompa basenu
2026-07-25 17:00:00,Saturday,17,2.141,0.000,0.000,0.000,0.632,0.000,2.773,
2026-07-25 18:00:00,Saturday,18,2.891,0.000,0.000,7.680,0.932,0.000,11.503,
2026-07-25 19:00:00,Saturday,19,2.383,0.000,0.000,0.000,1.063,19.053,22.499,sauna
2026-07-25 20:00:00,Saturday,20,3.181,0.000,0.000,0.000,0.557,15.612,19.350,sauna
2026-07-25 21:00:00,Saturday,21,2.680,0.000,0.545,0.000,0.552,13.809,17.586,sauna
2026-07-25 22:00:00,Saturday,22,1.914,0.000,0.175,0.000,0.798,9.350,12.237,ładowanie EV
2026-07-25 23:00:00,Saturday,23,2.208,0.000,0.000,0.000,0.000,9.039,11.247,ładowanie EV
2026-07-26 00:00:00,Sunday,0,3.087,0.000,0.000,0.000,0.000,13.048,16.135,ładowanie EV
2026-07-26 01:00:00,Sunday,1,1.895,0.642,0.000,0.000,0.000,16.392,18.929,ładowanie EV
2026-07-26 02:00:00,Sunday,2,2.581,0.596,0.000,0.000,0.000,13.027,16.204,ładowanie EV
2026-07-26 03:00:00,Sunday,3,2.169,0.731,0.000,0.000,0.000,9.053,11.953,ładowanie EV
2026-07-26 04:00:00,Sunday,4,2.997,0.538,0.000,0.000,0.000,9.867,13.402,ładowanie EV
2026-07-26 05:00:00,Sunday,5,3.045,0.593,0.000,0.000,0.000,8.485,12.123,ładowanie EV
2026-07-26 06:00:00,Sunday,6,2.307,1.070,0.000,1.210,0.000,0.000,4.587,
2026-07-26 07:00:00,Sunday,7,3.006,1.028,0.000,1.003,0.000,0.000,5.037,
2026-07-26 08:00:00,Sunday,8,2.486,0.911,0.000,1.053,0.000,0.000,4.450,
2026-07-26 09:00:00,Sunday,9,2.806,0.830,0.000,0.000,0.821,2.220,6.677,pompa basenu
2026-07-26 10:00:00,Sunday,10,2.516,0.998,0.000,0.000,0.352,1.966,5.832,pompa basenu
2026-07-26 11:00:00,Sunday,11,3.020,0.796,0.000,0.000,0.522,1.881,6.219,pompa basenu
2026-07-26 12:00:00,Sunday,12,2.985,0.591,0.000,2.489,0.676,2.107,8.848,pompa basenu
2026-07-26 13:00:00,Sunday,13,2.247,0.000,0.000,0.000,0.242,3.795,6.284,pompa basenu; zmywarka
2026-07-26 14:00:00,Sunday,14,2.150,0.892,0.000,0.000,0.481,2.213,5.736,pompa basenu
2026-07-26 15:00:00,Sunday,15,2.433,0.754,0.000,0.000,0.807,2.518,6.512,pompa basenu
2026-07-26 16:00:00,Sunday,16,3.107,0.920,0.000,0.000,0.380,2.256,6.663,pompa basenu
2026-07-26 17:00:00,Sunday,17,2.896,0.862,0.000,3.091,1.187,0.000,8.036,
2026-07-26 18:00:00,Sunday,18,2.627,0.711,0.000,0.000,1.072,0.000,4.410,
2026-07-26 19:00:00,Sunday,19,2.275,0.973,0.000,0.000,1.106,16.654,21.008,sauna
2026-07-26 20:00:00,Sunday,20,2.160,1.012,0.000,0.000,0.945,15.854,19.971,sauna
2026-07-26 21:00:00,Sunday,21,2.790,1.237,0.382,0.000,0.681,14.745,19.835,sauna
2026-07-26 22:00:00,Sunday,22,2.576,0.948,0.292,0.000,0.872,12.289,16.977,ładowanie EV
2026-07-26 23:00:00,Sunday,23,2.010,1.072,0.000,0.000,0.000,11.797,14.879,ładowanie EV
2026-07-27 00:00:00,Monday,0,2.696,0.943,0.000,0.000,0.000,14.120,17.759,ładowanie EV
2026-07-27 01:00:00,Monday,1,2.086,1.175,0.000,0.000,0.000,15.716,18.977,ładowanie EV
2026-07-27 02:00:00,Monday,2,2.433,1.168,0.000,0.000,0.000,14.646,18.247,ładowanie EV
2026-07-27 03:00:00,Monday,3,2.634,1.012,0.000,0.000,0.000,13.834,17.480,ładowanie EV
2026-07-27 04:00:00,Monday,4,2.104,1.373,0.000,0.000,0.000,16.940,20.417,ładowanie EV
2026-07-27 05:00:00,Monday,5,2.026,1.394,0.000,0.000,0.000,10.263,13.683,ładowanie EV
2026-07-27 06:00:00,Monday,6,2.799,1.746,0.000,0.414,0.000,0.000,4.959,
2026-07-27 07:00:00,Monday,7,3.091,1.562,0.000,1.030,0.000,0.000,5.683,
2026-07-27 08:00:00,Monday,8,2.953,1.668,0.000,1.332,0.000,0.000,5.953,
2026-07-27 09:00:00,Monday,9,2.443,1.385,0.000,0.000,0.324,2.270,6.422,pompa basenu
2026-07-27 10:00:00,Monday,10,2.907,1.019,0.000,0.000,0.384,1.990,6.300,pompa basenu
2026-07-27 11:00:00,Monday,11,2.804,0.978,0.000,0.000,0.423,1.484,5.689,pompa basenu
2026-07-27 12:00:00,Monday,12,2.328,0.692,0.000,1.072,0.460,2.636,7.188,pompa basenu
2026-07-27 13:00:00,Monday,13,2.576,0.734,0.000,0.000,0.409,1.996,5.715,pompa basenu
2026-07-27 14:00:00,Monday,14,2.576,0.610,0.000,0.000,0.840,2.003,6.029,pompa basenu
2026-07-27 15:00:00,Monday,15,3.162,0.552,0.000,0.000,0.350,2.098,6.162,pompa basenu
2026-07-27 16:00:00,Monday,16,2.146,0.580,0.000,0.000,0.837,2.682,6.245,pompa basenu
2026-07-27 17:00:00,Monday,17,2.739,0.573,0.000,3.852,0.720,0.000,7.884,
2026-07-27 18:00:00,Monday,18,2.682,0.858,0.000,0.000,0.605,0.000,4.145,
2026-07-27 19:00:00,Monday,19,2.334,0.862,0.000,0.000,1.010,2.254,6.460,zmywarka
2026-07-27 20:00:00,Monday,20,2.585,1.136,0.000,0.000,1.162,0.000,4.883,
2026-07-27 21:00:00,Monday,21,2.820,1.371,0.000,0.000,0.543,0.000,4.734,
2026-07-27 22:00:00,Monday,22,2.946,1.079,0.290,0.000,1.044,8.105,13.464,ładowanie EV
2026-07-27 23:00:00,Monday,23,2.367,1.021,0.000,0.000,0.000,9.133,12.521,ładowanie EV
2026-07-28 00:00:00,Tuesday,0,3.266,1.235,0.000,0.000,0.000,9.315,13.816,ładowanie EV
2026-07-28 01:00:00,Tuesday,1,2.307,1.306,0.000,0.000,0.000,10.780,14.393,ładowanie EV
2026-07-28 02:00:00,Tuesday,2,3.208,1.378,0.000,0.000,0.000,16.077,20.663,ładowanie EV
2026-07-28 03:00:00,Tuesday,3,2.923,1.651,0.000,0.000,0.000,16.914,21.488,ładowanie EV
2026-07-28 04:00:00,Tuesday,4,2.344,1.681,0.000,0.000,0.000,8.947,12.972,ładowanie EV
2026-07-28 05:00:00,Tuesday,5,2.960,1.375,0.000,0.000,0.000,16.657,20.992,ładowanie EV
2026-07-28 06:00:00,Tuesday,6,2.755,1.962,0.000,0.851,0.000,0.000,5.568,
2026-07-28 07:00:00,Tuesday,7,2.739,1.999,0.000,0.950,0.000,0.000,5.688,
2026-07-28 08:00:00,Tuesday,8,2.279,1.578,0.000,0.658,0.000,0.000,4.515,
2026-07-28 09:00:00,Tuesday,9,2.590,1.302,0.000,0.000,0.354,2.663,6.909,pompa basenu
2026-07-28 10:00:00,Tuesday,10,2.052,1.035,0.000,0.000,0.437,2.684,6.208,pompa basenu
2026-07-28 11:00:00,Tuesday,11,3.142,0.775,0.000,0.000,0.474,2.755,7.146,pompa basenu
2026-07-28 12:00:00,Tuesday,12,2.930,0.494,0.000,0.000,0.276,3.712,7.412,pompa basenu; pralka
2026-07-28 13:00:00,Tuesday,13,3.199,0.000,0.000,0.784,0.294,1.753,6.030,pompa basenu
2026-07-28 14:00:00,Tuesday,14,1.976,0.000,0.000,0.000,0.773,2.369,5.118,pompa basenu
2026-07-28 15:00:00,Tuesday,15,2.686,0.000,0.000,0.000,0.777,2.475,5.938,pompa basenu
2026-07-28 16:00:00,Tuesday,16,2.530,0.000,0.000,0.000,0.363,2.730,5.623,pompa basenu
2026-07-28 17:00:00,Tuesday,17,2.921,0.000,0.000,6.371,1.106,0.000,10.398,
2026-07-28 18:00:00,Tuesday,18,1.992,0.000,0.000,0.000,0.722,0.000,2.714,
2026-07-28 19:00:00,Tuesday,19,2.772,0.000,0.000,0.000,1.040,2.374,6.186,zmywarka
2026-07-28 20:00:00,Tuesday,20,1.877,0.000,0.000,0.000,0.637,0.000,2.514,
2026-07-28 21:00:00,Tuesday,21,2.380,0.000,0.299,0.000,0.678,0.000,3.357,
2026-07-28 22:00:00,Tuesday,22,3.169,0.000,0.207,0.000,0.830,15.856,20.062,ładowanie EV
2026-07-28 23:00:00,Tuesday,23,2.689,0.000,0.000,0.000,0.000,14.209,16.898,ładowanie EV
2026-07-29 00:00:00,Wednesday,0,2.236,0.000,0.000,0.000,0.000,15.398,17.634,ładowanie EV
2026-07-29 01:00:00,Wednesday,1,2.854,0.000,0.000,0.000,0.000,9.752,12.606,ładowanie EV
2026-07-29 02:00:00,Wednesday,2,2.606,0.000,0.000,0.000,0.000,8.211,10.817,ładowanie EV
2026-07-29 03:00:00,Wednesday,3,3.133,0.000,0.000,0.000,0.000,16.848,19.981,ładowanie EV
2026-07-29 04:00:00,Wednesday,4,2.392,0.000,0.000,0.000,0.000,12.013,14.405,ładowanie EV
2026-07-29 05:00:00,Wednesday,5,2.928,0.000,0.000,0.000,0.000,15.394,18.322,ładowanie EV
2026-07-29 06:00:00,Wednesday,6,3.149,0.810,0.000,1.244,0.000,0.000,5.203,
2026-07-29 07:00:00,Wednesday,7,2.058,0.552,0.000,0.713,0.000,0.000,3.323,
2026-07-29 08:00:00,Wednesday,8,2.417,0.000,0.000,1.212,0.000,0.000,3.629,
2026-07-29 09:00:00,Wednesday,9,2.334,0.000,0.000,0.000,0.504,2.728,5.566,pompa basenu
2026-07-29 10:00:00,Wednesday,10,2.951,0.000,0.000,0.000,0.451,1.799,5.201,pompa basenu
2026-07-29 11:00:00,Wednesday,11,2.031,0.460,0.000,0.000,0.297,1.622,4.410,pompa basenu
2026-07-29 12:00:00,Wednesday,12,3.022,2.645,0.000,1.852,0.421,3.772,11.712,pompa basenu; pralka
2026-07-29 13:00:00,Wednesday,13,2.160,4.253,0.000,0.000,0.478,1.881,8.772,pompa basenu
2026-07-29 14:00:00,Wednesday,14,2.390,2.682,0.000,0.000,0.442,1.760,7.274,pompa basenu
2026-07-29 15:00:00,Wednesday,15,1.842,2.647,0.000,0.000,0.598,1.861,6.948,pompa basenu
2026-07-29 16:00:00,Wednesday,16,2.643,3.330,0.000,0.000,0.607,1.697,8.277,pompa basenu
2026-07-29 17:00:00,Wednesday,17,2.445,3.305,0.000,0.000,1.106,0.000,6.856,goście
2026-07-29 18:00:00,Wednesday,18,2.413,4.179,0.000,4.747,1.072,0.000,12.411,goście
2026-07-29 19:00:00,Wednesday,19,2.523,3.530,0.000,0.000,1.113,0.000,7.166,goście
2026-07-29 20:00:00,Wednesday,20,2.870,0.460,0.000,0.000,0.945,2.038,6.313,goście; zmywarka
2026-07-29 21:00:00,Wednesday,21,3.031,0.000,0.000,0.000,0.973,0.000,4.004,goście
2026-07-29 22:00:00,Wednesday,22,3.018,0.000,0.306,0.000,0.607,11.346,15.277,ładowanie EV
2026-07-29 23:00:00,Wednesday,23,2.245,0.000,0.000,0.000,0.000,12.984,15.229,ładowanie EV
2026-07-30 00:00:00,Thursday,0,2.974,0.000,0.000,0.000,0.000,10.251,13.225,ładowanie EV
2026-07-30 01:00:00,Thursday,1,2.452,0.000,0.000,0.000,0.000,8.922,11.374,ładowanie EV
2026-07-30 02:00:00,Thursday,2,2.116,0.000,0.000,0.000,0.000,10.493,12.609,ładowanie EV
2026-07-30 03:00:00,Thursday,3,2.525,0.000,0.000,0.000,0.000,10.214,12.739,ładowanie EV
2026-07-30 04:00:00,Thursday,4,2.063,0.000,0.000,0.000,0.000,9.182,11.245,ładowanie EV
2026-07-30 05:00:00,Thursday,5,3.135,0.000,0.000,0.000,0.000,15.514,18.649,ładowanie EV
2026-07-30 06:00:00,Thursday,6,2.245,0.000,0.000,0.734,0.000,0.000,2.979,
2026-07-30 07:00:00,Thursday,7,3.064,0.000,0.000,0.860,0.000,0.000,3.924,
2026-07-30 08:00:00,Thursday,8,2.622,0.000,0.000,1.104,0.000,0.000,3.726,
2026-07-30 09:00:00,Thursday,9,2.477,0.000,0.000,0.000,0.426,1.672,4.575,pompa basenu
2026-07-30 10:00:00,Thursday,10,2.394,0.000,0.000,0.000,0.400,1.500,4.294,pompa basenu
2026-07-30 11:00:00,Thursday,11,3.027,0.460,0.000,0.000,0.313,2.045,5.845,pompa basenu
2026-07-30 12:00:00,Thursday,12,2.730,1.854,0.000,1.971,0.435,2.629,9.619,pompa basenu
2026-07-30 13:00:00,Thursday,13,2.436,3.029,0.000,0.000,0.453,1.881,7.799,pompa basenu
2026-07-30 14:00:00,Thursday,14,2.160,2.157,0.000,0.000,0.398,2.318,7.033,pompa basenu
2026-07-30 15:00:00,Thursday,15,1.886,2.187,0.000,0.000,0.377,2.537,6.987,pompa basenu
2026-07-30 16:00:00,Thursday,16,2.245,2.024,0.000,0.000,0.423,1.828,6.520,pompa basenu
2026-07-30 17:00:00,Thursday,17,2.284,4.432,0.000,5.888,0.766,0.000,13.370,
2026-07-30 18:00:00,Thursday,18,2.838,2.026,0.000,0.000,0.996,0.000,5.860,
2026-07-30 19:00:00,Thursday,19,2.551,3.043,0.000,0.000,0.860,0.000,6.454,
2026-07-30 20:00:00,Thursday,20,2.491,0.460,0.000,0.000,1.067,2.380,6.398,zmywarka
2026-07-30 21:00:00,Thursday,21,3.158,0.460,0.651,0.000,0.632,0.000,4.901,
2026-07-30 22:00:00,Thursday,22,3.006,0.460,0.126,0.000,1.132,9.950,14.674,ładowanie EV
2026-07-30 23:00:00,Thursday,23,3.137,0.000,0.000,0.000,0.000,11.675,14.812,ładowanie EV
2026-07-31 00:00:00,Friday,0,3.029,0.000,0.000,0.000,0.000,10.564,13.593,ładowanie EV
2026-07-31 01:00:00,Friday,1,2.164,0.000,0.000,0.000,0.000,13.499,15.663,ładowanie EV
2026-07-31 02:00:00,Friday,2,2.760,0.000,0.000,0.000,0.000,16.969,19.729,ładowanie EV
2026-07-31 03:00:00,Friday,3,2.380,0.000,0.000,0.000,0.000,10.129,12.509,ładowanie EV
2026-07-31 04:00:00,Friday,4,2.206,0.000,0.000,0.000,0.000,12.938,15.144,ładowanie EV
2026-07-31 05:00:00,Friday,5,2.224,0.000,0.000,0.000,0.000,8.887,11.111,ładowanie EV
2026-07-31 06:00:00,Friday,6,2.392,1.058,0.000,0.773,0.000,0.000,4.223,
2026-07-31 07:00:00,Friday,7,2.886,1.012,0.000,0.780,0.000,0.000,4.678,
2026-07-31 08:00:00,Friday,8,2.804,0.826,0.000,0.980,0.000,0.000,4.610,
2026-07-31 09:00:00,Friday,9,2.838,0.766,0.000,0.000,0.501,2.493,6.598,pompa basenu
2026-07-31 10:00:00,Friday,10,1.987,0.446,0.000,0.000,0.469,2.093,4.995,pompa basenu
2026-07-31 11:00:00,Friday,11,2.192,0.000,0.000,0.000,0.485,2.712,5.389,pompa basenu
2026-07-31 12:00:00,Friday,12,2.624,0.000,0.000,0.000,0.448,1.835,4.907,pompa basenu
2026-07-31 13:00:00,Friday,13,2.877,0.000,0.000,0.862,0.435,1.546,5.720,pompa basenu
2026-07-31 14:00:00,Friday,14,2.286,0.000,0.000,0.000,0.708,2.730,5.724,pompa basenu
2026-07-31 15:00:00,Friday,15,2.601,0.000,0.000,0.000,0.826,2.387,5.814,pompa basenu
2026-07-31 16:00:00,Friday,16,2.514,0.000,0.000,0.000,0.474,2.321,5.309,pompa basenu
2026-07-31 17:00:00,Friday,17,1.872,0.000,0.000,0.000,0.823,0.000,2.695,
2026-07-31 18:00:00,Friday,18,3.123,0.000,0.000,4.312,0.982,0.000,8.417,
2026-07-31 19:00:00,Friday,19,2.489,0.000,0.000,0.000,1.129,0.000,3.618,
2026-07-31 20:00:00,Friday,20,3.008,0.000,0.000,0.000,0.623,1.934,5.565,zmywarka
2026-07-31 21:00:00,Friday,21,2.215,0.524,0.000,0.000,0.982,0.000,3.721,
2026-07-31 22:00:00,Friday,22,2.518,0.000,0.218,0.000,0.840,12.947,16.523,ładowanie EV
2026-07-31 23:00:00,Friday,23,1.948,0.669,0.000,0.000,0.000,8.068,10.685,ładowanie EV
2026-08-01 00:00:00,Saturday,0,2.358,0.777,0.000,0.000,0.000,8.961,12.096,ładowanie EV
2026-08-01 01:00:00,Saturday,1,2.569,0.676,0.000,0.000,0.000,12.829,16.074,ładowanie EV
2026-08-01 02:00:00,Saturday,2,3.213,1.037,0.000,0.000,0.000,14.313,18.563,ładowanie EV
2026-08-01 03:00:00,Saturday,3,2.893,0.872,0.000,0.000,0.000,12.314,16.079,ładowanie EV
2026-08-01 04:00:00,Saturday,4,2.813,0.748,0.000,0.000,0.000,9.692,13.253,ładowanie EV
2026-08-01 05:00:00,Saturday,5,3.089,0.803,0.000,0.000,0.000,8.986,12.878,ładowanie EV
2026-08-01 06:00:00,Saturday,6,2.801,1.421,0.000,0.959,0.000,0.000,5.181,
2026-08-01 07:00:00,Saturday,7,3.158,1.116,0.000,0.881,0.000,0.000,5.155,
2026-08-01 08:00:00,Saturday,8,2.610,1.145,0.000,0.886,0.000,0.000,4.641,
2026-08-01 09:00:00,Saturday,9,2.344,0.849,0.000,0.000,0.840,2.040,6.073,pompa basenu
2026-08-01 10:00:00,Saturday,10,2.404,0.766,0.000,0.000,0.644,1.484,5.298,pompa basenu
2026-08-01 11:00:00,Saturday,11,1.973,0.662,0.000,0.000,0.304,4.490,7.429,pompa basenu; pralka
2026-08-01 12:00:00,Saturday,12,2.502,0.000,0.000,3.084,0.308,7.721,13.615,pompa basenu; suszarka
2026-08-01 13:00:00,Saturday,13,2.774,0.000,0.000,0.000,0.239,2.047,5.060,pompa basenu
2026-08-01 14:00:00,Saturday,14,2.746,0.000,0.000,0.000,0.536,4.752,8.034,pompa basenu; zmywarka
2026-08-01 15:00:00,Saturday,15,1.969,0.000,0.000,0.000,0.812,2.666,5.447,pompa basenu
2026-08-01 16:00:00,Saturday,16,2.284,0.000,0.000,0.000,0.722,2.680,5.686,pompa basenu
2026-08-01 17:00:00,Saturday,17,2.719,0.000,0.000,0.000,0.998,0.000,3.717,
2026-08-01 18:00:00,Saturday,18,2.426,0.000,0.000,3.664,0.649,0.000,6.739,
2026-08-01 19:00:00,Saturday,19,2.838,0.000,0.000,0.000,0.971,19.605,23.414,sauna
2026-08-01 20:00:00,Saturday,20,1.944,0.000,0.000,0.000,1.053,14.474,17.471,sauna
2026-08-01 21:00:00,Saturday,21,3.084,0.651,0.356,0.000,0.600,17.112,21.803,sauna
2026-08-01 22:00:00,Saturday,22,2.240,0.000,0.138,0.000,0.637,8.193,11.208,ładowanie EV
2026-08-01 23:00:00,Saturday,23,2.045,0.520,0.000,0.000,0.000,13.432,15.997,ładowanie EV
2026-08-02 00:00:00,Sunday,0,2.682,0.752,0.000,0.000,0.000,16.746,20.180,ładowanie EV
2026-08-02 01:00:00,Sunday,1,2.215,0.770,0.000,0.000,0.000,9.324,12.309,ładowanie EV
2026-08-02 02:00:00,Sunday,2,2.139,1.065,0.000,0.000,0.000,13.319,16.523,ładowanie EV
2026-08-02 03:00:00,Sunday,3,2.286,1.083,0.000,0.000,0.000,13.402,16.771,ładowanie EV
2026-08-02 04:00:00,Sunday,4,2.546,1.270,0.000,0.000,0.000,14.143,17.959,ładowanie EV
2026-08-02 05:00:00,Sunday,5,2.496,1.313,0.000,0.000,0.000,13.163,16.972,ładowanie EV
2026-08-02 06:00:00,Sunday,6,2.330,1.640,0.000,0.690,0.000,0.000,4.660,
2026-08-02 07:00:00,Sunday,7,2.656,1.288,0.000,1.138,0.000,0.000,5.082,
2026-08-02 08:00:00,Sunday,8,2.774,1.424,0.000,0.600,0.000,0.000,4.798,
2026-08-02 09:00:00,Sunday,9,3.054,1.051,0.000,0.000,0.791,2.514,7.410,pompa basenu
2026-08-02 10:00:00,Sunday,10,2.882,0.688,0.000,0.000,0.784,1.490,5.844,pompa basenu
2026-08-02 11:00:00,Sunday,11,2.762,0.000,0.000,0.000,0.474,2.084,5.320,pompa basenu
2026-08-02 12:00:00,Sunday,12,2.065,0.000,0.000,1.322,0.543,2.610,6.540,pompa basenu
2026-08-02 13:00:00,Sunday,13,2.240,0.000,0.000,0.000,0.327,4.508,7.075,pompa basenu; zmywarka
2026-08-02 14:00:00,Sunday,14,2.972,0.000,0.000,0.000,0.483,1.382,4.837,pompa basenu
2026-08-02 15:00:00,Sunday,15,3.066,0.000,0.000,0.000,0.777,1.994,5.837,pompa basenu
2026-08-02 16:00:00,Sunday,16,2.275,0.000,0.000,0.000,0.455,2.415,5.145,pompa basenu
2026-08-02 17:00:00,Sunday,17,2.479,0.000,0.000,0.000,0.658,0.000,3.137,
2026-08-02 18:00:00,Sunday,18,2.413,0.000,0.000,4.080,0.780,0.000,7.273,
2026-08-02 19:00:00,Sunday,19,2.588,0.000,0.000,0.000,0.968,19.380,22.936,sauna
2026-08-02 20:00:00,Sunday,20,2.700,0.000,0.573,0.000,0.980,14.412,18.665,sauna
2026-08-02 21:00:00,Sunday,21,2.907,0.000,0.377,0.000,0.552,20.047,23.883,sauna
2026-08-02 22:00:00,Sunday,22,2.608,0.000,0.117,0.000,0.570,9.276,12.571,ładowanie EV
2026-08-02 23:00:00,Sunday,23,3.018,0.000,0.000,0.000,0.000,16.933,19.951,ładowanie EV
2026-08-03 00:00:00,Monday,0,2.666,0.000,0.000,0.000,0.000,9.651,12.317,ładowanie EV
2026-08-03 01:00:00,Monday,1,2.293,0.000,0.000,0.000,0.000,13.365,15.658,ładowanie EV
2026-08-03 02:00:00,Monday,2,2.751,0.683,0.000,0.000,0.000,11.983,15.417,ładowanie EV
2026-08-03 03:00:00,Monday,3,2.891,0.961,0.000,0.000,0.000,9.464,13.316,ładowanie EV
2026-08-03 04:00:00,Monday,4,2.272,1.184,0.000,0.000,0.000,15.364,18.820,ładowanie EV
2026-08-03 05:00:00,Monday,5,1.916,1.419,0.000,0.000,0.000,13.448,16.783,ładowanie EV
2026-08-03 06:00:00,Monday,6,3.091,1.601,0.000,1.249,0.000,0.000,5.941,
2026-08-03 07:00:00,Monday,7,2.095,1.254,0.000,0.738,0.000,0.000,4.087,
2026-08-03 08:00:00,Monday,8,2.815,0.660,0.000,1.258,0.000,0.000,4.733,
2026-08-03 09:00:00,Monday,9,1.923,0.552,0.000,0.000,0.455,1.612,4.542,pompa basenu
2026-08-03 10:00:00,Monday,10,1.941,0.000,0.000,0.000,0.485,1.716,4.142,pompa basenu
2026-08-03 11:00:00,Monday,11,2.585,0.000,0.000,0.000,0.444,1.819,4.848,pompa basenu
2026-08-03 12:00:00,Monday,12,3.126,0.000,0.000,0.000,0.414,2.650,6.190,pompa basenu
2026-08-03 13:00:00,Monday,13,2.997,0.000,0.000,1.106,0.448,2.367,6.918,pompa basenu
2026-08-03 14:00:00,Monday,14,2.944,0.000,0.000,0.000,0.405,1.539,4.888,pompa basenu
2026-08-03 15:00:00,Monday,15,2.010,2.141,0.000,0.000,0.672,2.622,7.445,pompa basenu
2026-08-03 16:00:00,Monday,16,2.017,2.275,0.000,0.000,0.849,2.082,7.223,pompa basenu
2026-08-03 17:00:00,Monday,17,2.532,1.849,0.000,0.000,0.731,0.000,5.112,
2026-08-03 18:00:00,Monday,18,2.058,0.000,0.000,2.767,0.607,0.000,5.432,
2026-08-03 19:00:00,Monday,19,2.707,0.000,0.000,0.000,0.584,1.879,5.170,zmywarka
2026-08-03 20:00:00,Monday,20,2.944,0.000,0.000,0.000,0.683,0.000,3.627,
2026-08-03 21:00:00,Monday,21,1.964,0.000,0.398,0.000,1.003,0.000,3.365,
2026-08-03 22:00:00,Monday,22,1.937,0.000,0.327,0.000,1.173,13.913,17.350,ładowanie EV
2026-08-03 23:00:00,Monday,23,2.691,0.000,0.000,0.000,0.000,8.958,11.649,ładowanie EV
2026-08-04 00:00:00,Tuesday,0,3.186,0.000,0.000,0.000,0.000,13.492,16.678,ładowanie EV
2026-08-04 01:00:00,Tuesday,1,2.141,0.000,0.000,0.000,0.000,16.114,18.255,ładowanie EV
2026-08-04 02:00:00,Tuesday,2,2.150,0.522,0.000,0.000,0.000,8.793,11.465,ładowanie EV
2026-08-04 03:00:00,Tuesday,3,2.638,0.566,0.000,0.000,0.000,8.448,11.652,ładowanie EV
2026-08-04 04:00:00,Tuesday,4,2.240,0.589,0.000,0.000,0.000,9.191,12.020,ładowanie EV
2026-08-04 05:00:00,Tuesday,5,3.197,0.619,0.000,0.000,0.000,14.688,18.504,ładowanie EV
2026-08-04 06:00:00,Tuesday,6,3.183,0.908,0.000,1.249,0.000,0.000,5.340,
2026-08-04 07:00:00,Tuesday,7,2.309,0.736,0.000,1.230,0.000,0.000,4.275,
2026-08-04 08:00:00,Tuesday,8,2.245,0.773,0.000,1.136,0.000,0.000,4.154,
2026-08-04 09:00:00,Tuesday,9,3.052,0.000,0.000,0.000,0.375,1.651,5.078,pompa basenu
2026-08-04 10:00:00,Tuesday,10,2.610,0.000,0.000,0.000,0.310,2.746,5.666,pompa basenu
2026-08-04 11:00:00,Tuesday,11,3.013,0.000,0.000,0.000,0.370,2.286,5.669,pompa basenu
2026-08-04 12:00:00,Tuesday,12,2.272,0.000,0.000,1.697,0.322,2.337,6.628,pompa basenu
2026-08-04 13:00:00,Tuesday,13,2.371,0.000,0.000,0.000,0.292,2.551,5.214,pompa basenu
2026-08-04 14:00:00,Tuesday,14,1.916,0.000,0.000,0.000,0.570,3.103,5.589,pompa basenu; pralka
2026-08-04 15:00:00,Tuesday,15,2.854,0.000,0.000,0.000,0.518,2.686,6.058,pompa basenu
2026-08-04 16:00:00,Tuesday,16,2.502,0.000,0.000,0.000,0.674,2.300,5.476,pompa basenu
2026-08-04 17:00:00,Tuesday,17,1.934,0.000,0.000,0.000,0.796,0.000,2.730,
2026-08-04 18:00:00,Tuesday,18,2.302,0.000,0.000,7.691,1.120,0.000,11.113,
2026-08-04 19:00:00,Tuesday,19,2.873,0.000,0.000,0.000,1.157,2.042,6.072,zmywarka
2026-08-04 20:00:00,Tuesday,20,1.891,0.000,0.000,0.000,1.035,0.000,2.926,
2026-08-04 21:00:00,Tuesday,21,3.022,0.000,0.244,0.000,0.713,0.000,3.979,
2026-08-04 22:00:00,Tuesday,22,2.949,0.000,0.126,0.000,0.890,12.885,16.850,ładowanie EV
2026-08-04 23:00:00,Tuesday,23,2.413,0.000,0.000,0.000,0.000,14.485,16.898,ładowanie EV
2026-08-05 00:00:00,Wednesday,0,3.096,0.000,0.000,0.000,0.000,8.954,12.050,ładowanie EV
2026-08-05 01:00:00,Wednesday,1,2.988,0.000,0.000,0.000,0.000,9.609,12.597,ładowanie EV
2026-08-05 02:00:00,Wednesday,2,2.631,0.000,0.000,0.000,0.000,10.173,12.804,ładowanie EV
2026-08-05 03:00:00,Wednesday,3,2.316,0.000,0.000,0.000,0.000,11.693,14.009,ładowanie EV
2026-08-05 04:00:00,Wednesday,4,2.217,0.000,0.000,0.000,0.000,12.298,14.515,ładowanie EV
2026-08-05 05:00:00,Wednesday,5,2.443,0.000,0.000,0.000,0.000,12.892,15.335,ładowanie EV
2026-08-05 06:00:00,Wednesday,6,1.881,0.561,0.000,1.049,0.000,0.000,3.491,
2026-08-05 07:00:00,Wednesday,7,2.178,0.000,0.000,0.681,0.000,0.000,2.859,
2026-08-05 08:00:00,Wednesday,8,2.502,0.531,0.000,1.274,0.000,0.000,4.307,
2026-08-05 09:00:00,Wednesday,9,2.045,0.490,0.000,0.000,0.400,2.491,5.426,pompa basenu
2026-08-05 10:00:00,Wednesday,10,2.721,0.000,0.000,0.000,0.301,2.130,5.152,pompa basenu
2026-08-05 11:00:00,Wednesday,11,2.063,0.000,0.000,0.000,0.416,2.410,4.889,pompa basenu
2026-08-05 12:00:00,Wednesday,12,2.843,2.500,0.000,0.000,0.469,2.254,8.066,pompa basenu
2026-08-05 13:00:00,Wednesday,13,1.920,3.915,0.000,1.244,0.414,1.709,9.202,pompa basenu
2026-08-05 14:00:00,Wednesday,14,2.201,3.524,0.000,0.000,0.492,2.323,8.540,pompa basenu
2026-08-05 15:00:00,Wednesday,15,2.914,1.930,0.000,0.000,0.816,2.180,7.840,pompa basenu
2026-08-05 16:00:00,Wednesday,16,2.369,2.056,0.000,0.000,0.343,2.385,7.153,pompa basenu
2026-08-05 17:00:00,Wednesday,17,3.091,4.191,0.000,7.608,0.816,0.000,15.706,
2026-08-05 18:00:00,Wednesday,18,2.640,2.594,0.000,0.000,0.741,0.000,5.975,
2026-08-05 19:00:00,Wednesday,19,2.521,2.215,0.000,0.000,0.745,2.284,7.765,zmywarka
2026-08-05 20:00:00,Wednesday,20,1.925,0.460,0.000,0.000,0.750,0.000,3.135,
2026-08-05 21:00:00,Wednesday,21,2.196,0.460,0.334,0.000,0.593,0.000,3.583,
2026-08-05 22:00:00,Wednesday,22,2.737,0.000,0.283,0.000,0.582,14.205,17.807,ładowanie EV
2026-08-05 23:00:00,Wednesday,23,2.360,0.000,0.000,0.000,0.000,13.462,15.822,ładowanie EV
2026-08-06 00:00:00,Thursday,0,3.245,0.000,0.000,0.000,0.000,15.955,19.200,ładowanie EV
2026-08-06 01:00:00,Thursday,1,2.643,0.000,0.000,0.000,0.000,16.834,19.477,ładowanie EV
2026-08-06 02:00:00,Thursday,2,2.746,0.000,0.000,0.000,0.000,9.938,12.684,ładowanie EV
2026-08-06 03:00:00,Thursday,3,2.583,0.000,0.000,0.000,0.000,12.284,14.867,ładowanie EV
2026-08-06 04:00:00,Thursday,4,3.218,0.000,0.000,0.000,0.000,15.992,19.210,ładowanie EV
2026-08-06 05:00:00,Thursday,5,2.314,0.000,0.000,0.000,0.000,16.408,18.722,ładowanie EV
2026-08-06 06:00:00,Thursday,6,2.454,0.598,0.000,0.918,0.000,0.000,3.970,
2026-08-06 07:00:00,Thursday,7,2.500,0.598,0.000,0.685,0.000,0.000,3.783,
2026-08-06 08:00:00,Thursday,8,3.112,0.000,0.000,1.152,0.000,0.000,4.264,
2026-08-06 09:00:00,Thursday,9,1.973,0.000,0.000,0.000,0.336,1.612,3.921,pompa basenu
2026-08-06 10:00:00,Thursday,10,2.245,0.000,0.000,0.000,0.414,2.061,4.720,pompa basenu
2026-08-06 11:00:00,Thursday,11,2.272,0.000,0.000,0.000,0.347,2.748,5.367,pompa basenu
2026-08-06 12:00:00,Thursday,12,2.263,2.528,0.000,1.543,0.347,2.139,8.820,pompa basenu
2026-08-06 13:00:00,Thursday,13,1.925,3.413,0.000,0.000,0.338,1.812,7.488,pompa basenu
2026-08-06 14:00:00,Thursday,14,2.806,0.000,0.000,0.000,0.704,2.174,5.684,pompa basenu
2026-08-06 15:00:00,Thursday,15,3.082,0.000,0.000,0.000,0.614,2.049,5.745,pompa basenu
2026-08-06 16:00:00,Thursday,16,3.126,0.000,0.000,0.000,0.619,2.231,5.976,pompa basenu
2026-08-06 17:00:00,Thursday,17,2.532,0.000,0.000,6.242,1.024,0.000,9.798,
2026-08-06 18:00:00,Thursday,18,1.900,0.000,0.000,0.000,0.862,0.000,2.762,
2026-08-06 19:00:00,Thursday,19,3.110,0.000,0.000,0.000,0.938,0.000,4.048,
2026-08-06 20:00:00,Thursday,20,2.939,0.000,0.000,0.000,1.083,2.498,6.520,zmywarka
2026-08-06 21:00:00,Thursday,21,2.958,0.678,0.373,0.000,1.122,0.000,5.131,
2026-08-06 22:00:00,Thursday,22,2.104,0.545,0.262,0.000,0.715,12.165,15.791,ładowanie EV
2026-08-06 23:00:00,Thursday,23,3.070,0.621,0.000,0.000,0.000,16.130,19.821,ładowanie EV
2026-08-07 00:00:00,Friday,0,2.969,0.702,0.000,0.000,0.000,11.012,14.683,ładowanie EV
2026-08-07 01:00:00,Friday,1,1.966,0.752,0.000,0.000,0.000,10.479,13.197,ładowanie EV
2026-08-07 02:00:00,Friday,2,1.985,1.063,0.000,0.000,0.000,13.073,16.121,ładowanie EV
2026-08-07 03:00:00,Friday,3,2.712,0.948,0.000,0.000,0.000,11.691,15.351,ładowanie EV
2026-08-07 04:00:00,Friday,4,1.934,1.030,0.000,0.000,0.000,15.640,18.604,ładowanie EV
2026-08-07 05:00:00,Friday,5,2.401,1.076,0.000,0.000,0.000,13.476,16.953,ładowanie EV
2026-08-07 06:00:00,Friday,6,2.107,1.325,0.000,0.858,0.000,0.000,4.290,
2026-08-07 07:00:00,Friday,7,2.346,1.610,0.000,1.155,0.000,0.000,5.111,
2026-08-07 08:00:00,Friday,8,2.852,1.237,0.000,0.823,0.000,0.000,4.912,
2026-08-07 09:00:00,Friday,9,2.346,1.010,0.000,0.000,0.423,2.291,6.070,pompa basenu
2026-08-07 10:00:00,Friday,10,2.472,1.168,0.000,0.000,0.338,1.523,5.501,pompa basenu
2026-08-07 11:00:00,Friday,11,3.146,1.196,0.000,0.000,0.497,1.950,6.789,pompa basenu
2026-08-07 12:00:00,Friday,12,2.410,0.883,0.000,1.582,0.288,1.762,6.925,pompa basenu
2026-08-07 13:00:00,Friday,13,2.988,0.741,0.000,0.000,0.481,2.390,6.600,pompa basenu
2026-08-07 14:00:00,Friday,14,2.666,0.945,0.000,0.000,0.821,2.215,6.647,pompa basenu
2026-08-07 15:00:00,Friday,15,2.098,0.695,0.000,0.000,0.649,2.684,6.126,pompa basenu
2026-08-07 16:00:00,Friday,16,3.135,0.448,0.000,0.000,0.490,1.819,5.892,pompa basenu
2026-08-07 17:00:00,Friday,17,3.133,0.614,0.000,3.254,0.869,0.000,7.870,
2026-08-07 18:00:00,Friday,18,3.213,0.547,0.000,0.000,0.816,0.000,4.576,
2026-08-07 19:00:00,Friday,19,2.206,0.524,0.000,0.000,0.612,2.316,5.658,zmywarka
2026-08-07 20:00:00,Friday,20,1.996,0.819,0.000,0.000,0.936,0.000,3.751,
2026-08-07 21:00:00,Friday,21,2.226,0.929,0.458,0.000,0.989,0.000,4.602,
2026-08-07 22:00:00,Friday,22,3.034,0.591,0.143,0.000,0.950,13.956,18.674,ładowanie EV
2026-08-07 23:00:00,Friday,23,2.132,0.830,0.000,0.000,0.000,11.840,14.802,ładowanie EV
2026-08-08 00:00:00,Saturday,0,1.911,0.768,0.000,0.000,0.000,15.566,18.245,ładowanie EV
2026-08-08 01:00:00,Saturday,1,3.234,0.994,0.000,0.000,0.000,11.164,15.392,ładowanie EV
2026-08-08 02:00:00,Saturday,2,2.951,1.150,0.000,0.000,0.000,8.908,13.009,ładowanie EV
2026-08-08 03:00:00,Saturday,3,2.146,1.242,0.000,0.000,0.000,9.172,12.560,ładowanie EV
2026-08-08 04:00:00,Saturday,4,2.056,1.426,0.000,0.000,0.000,14.651,18.133,ładowanie EV
2026-08-08 05:00:00,Saturday,5,2.288,1.240,0.000,0.000,0.000,10.132,13.660,ładowanie EV
2026-08-08 06:00:00,Saturday,6,2.801,1.907,0.000,0.800,0.000,0.000,5.508,
2026-08-08 07:00:00,Saturday,7,2.036,1.479,0.000,1.113,0.000,0.000,4.628,
2026-08-08 08:00:00,Saturday,8,2.905,1.171,0.000,0.794,0.000,0.000,4.870,
2026-08-08 09:00:00,Saturday,9,2.426,1.037,0.000,0.000,0.345,1.513,5.321,pompa basenu
2026-08-08 10:00:00,Saturday,10,2.960,0.651,0.000,0.000,0.800,2.242,6.653,pompa basenu
2026-08-08 11:00:00,Saturday,11,2.613,0.000,0.000,0.000,0.435,1.571,4.619,pompa basenu
2026-08-08 12:00:00,Saturday,12,2.592,0.000,0.000,1.732,0.589,2.291,7.204,pompa basenu
2026-08-08 13:00:00,Saturday,13,2.553,0.000,0.000,0.000,0.366,4.731,7.650,pompa basenu; zmywarka
2026-08-08 14:00:00,Saturday,14,2.988,0.000,0.000,0.000,0.432,2.574,5.994,pompa basenu
2026-08-08 15:00:00,Saturday,15,3.080,0.000,0.000,0.000,0.242,1.523,4.845,pompa basenu
2026-08-08 16:00:00,Saturday,16,2.132,0.000,0.000,0.000,0.770,1.470,4.372,pompa basenu
2026-08-08 17:00:00,Saturday,17,2.383,0.000,0.000,0.000,0.982,0.000,3.365,
2026-08-08 18:00:00,Saturday,18,3.220,0.000,0.000,2.629,0.598,0.000,6.447,
2026-08-08 19:00:00,Saturday,19,2.332,0.000,0.000,0.000,0.750,20.610,23.692,sauna
2026-08-08 20:00:00,Saturday,20,2.346,0.000,0.554,0.000,1.198,20.104,24.202,sauna
2026-08-08 21:00:00,Saturday,21,3.123,0.000,0.235,0.000,0.662,14.911,18.931,sauna
2026-08-08 22:00:00,Saturday,22,2.698,0.000,0.225,0.000,1.060,13.639,17.622,ładowanie EV
2026-08-08 23:00:00,Saturday,23,2.528,0.000,0.000,0.000,0.000,8.788,11.316,ładowanie EV
2026-08-09 00:00:00,Sunday,0,2.939,0.000,0.000,0.000,0.000,8.200,11.139,ładowanie EV
2026-08-09 01:00:00,Sunday,1,2.277,0.000,0.000,0.000,0.000,11.074,13.351,ładowanie EV
2026-08-09 02:00:00,Sunday,2,3.149,0.621,0.000,0.000,0.000,16.661,20.431,ładowanie EV
2026-08-09 03:00:00,Sunday,3,2.295,0.538,0.000,0.000,0.000,12.602,15.435,ładowanie EV
2026-08-09 04:00:00,Sunday,4,3.128,0.000,0.000,0.000,0.000,16.176,19.304,ładowanie EV
2026-08-09 05:00:00,Sunday,5,2.472,0.000,0.000,0.000,0.000,14.097,16.569,ładowanie EV
2026-08-09 06:00:00,Sunday,6,3.054,0.846,0.000,0.614,0.000,0.000,4.514,
2026-08-09 07:00:00,Sunday,7,3.029,0.729,0.000,0.770,0.000,0.000,4.528,
2026-08-09 08:00:00,Sunday,8,1.992,0.543,0.000,0.724,0.000,0.000,3.259,
2026-08-09 09:00:00,Sunday,9,3.165,0.513,0.000,0.000,0.729,1.592,5.999,pompa basenu
2026-08-09 10:00:00,Sunday,10,2.751,0.000,0.000,0.000,0.462,2.040,5.253,pompa basenu
2026-08-09 11:00:00,Sunday,11,2.128,0.000,0.000,0.000,0.304,4.066,6.498,pompa basenu; pralka
2026-08-09 12:00:00,Sunday,12,2.410,0.000,0.000,0.906,0.759,1.679,5.754,pompa basenu
2026-08-09 13:00:00,Sunday,13,2.512,0.000,0.000,0.000,0.377,1.576,4.465,pompa basenu
2026-08-09 14:00:00,Sunday,14,2.958,0.000,0.000,0.000,0.706,1.421,5.085,pompa basenu
2026-08-09 15:00:00,Sunday,15,1.904,0.000,0.000,0.000,0.444,2.132,4.480,pompa basenu
2026-08-09 16:00:00,Sunday,16,1.891,0.000,0.000,0.000,0.356,2.279,4.526,pompa basenu
2026-08-09 17:00:00,Sunday,17,2.861,0.000,0.000,4.023,0.715,0.000,7.599,goście
2026-08-09 18:00:00,Sunday,18,1.941,0.000,0.000,0.000,0.614,0.000,2.555,goście
2026-08-09 19:00:00,Sunday,19,2.268,0.000,0.000,0.000,0.994,15.168,18.430,goście; sauna
2026-08-09 20:00:00,Sunday,20,2.371,0.000,0.000,0.000,0.975,18.386,21.732,goście; sauna
2026-08-09 21:00:00,Sunday,21,2.905,0.000,0.239,0.000,0.998,19.913,24.055,goście; sauna
2026-08-09 22:00:00,Sunday,22,3.126,0.000,0.196,0.000,0.973,15.624,19.919,ładowanie EV
2026-08-09 23:00:00,Sunday,23,2.677,0.000,0.000,0.000,0.000,9.106,11.783,ładowanie EV
2026-08-10 00:00:00,Monday,0,2.397,0.000,0.000,0.000,0.000,14.062,16.459,ładowanie EV
2026-08-10 01:00:00,Monday,1,1.932,0.000,0.000,0.000,0.000,8.501,10.433,ładowanie EV
2026-08-10 02:00:00,Monday,2,2.394,0.000,0.000,0.000,0.000,15.157,17.551,ładowanie EV
2026-08-10 03:00:00,Monday,3,2.951,0.000,0.000,0.000,0.000,9.782,12.733,ładowanie EV
2026-08-10 04:00:00,Monday,4,2.772,0.444,0.000,0.000,0.000,8.728,11.944,ładowanie EV
2026-08-10 05:00:00,Monday,5,2.748,0.000,0.000,0.000,0.000,15.330,18.078,ładowanie EV
2026-08-10 06:00:00,Monday,6,1.872,0.688,0.000,1.201,0.000,0.000,3.761,
2026-08-10 07:00:00,Monday,7,2.530,0.628,0.000,0.757,0.000,0.000,3.915,
2026-08-10 08:00:00,Monday,8,3.204,0.734,0.000,0.803,0.000,0.000,4.741,
2026-08-10 09:00:00,Monday,9,2.364,0.952,0.000,0.000,0.299,2.095,5.710,pompa basenu
2026-08-10 10:00:00,Monday,10,3.192,0.920,0.000,0.000,0.334,1.755,6.201,pompa basenu
2026-08-10 11:00:00,Monday,11,2.123,1.106,0.000,0.000,0.391,2.314,5.934,pompa basenu
2026-08-10 12:00:00,Monday,12,2.323,1.014,0.000,0.000,0.384,1.776,5.497,pompa basenu
2026-08-10 13:00:00,Monday,13,2.985,0.994,0.000,1.053,0.377,1.695,7.104,pompa basenu
2026-08-10 14:00:00,Monday,14,1.902,0.435,0.000,0.000,0.297,1.454,4.088,pompa basenu
2026-08-10 15:00:00,Monday,15,2.187,0.000,0.000,0.000,0.426,2.070,4.683,pompa basenu
2026-08-10 16:00:00,Monday,16,2.689,0.000,0.000,0.000,0.527,2.341,5.557,pompa basenu
2026-08-10 17:00:00,Monday,17,2.298,0.000,0.000,6.914,1.205,0.000,10.417,
2026-08-10 18:00:00,Monday,18,2.199,0.000,0.000,0.000,1.028,0.000,3.227,
2026-08-10 19:00:00,Monday,19,2.141,0.000,0.000,0.000,1.076,2.399,5.616,zmywarka
2026-08-10 20:00:00,Monday,20,2.677,0.678,0.000,0.000,0.667,0.000,4.022,
2026-08-10 21:00:00,Monday,21,2.946,0.849,0.497,0.000,0.945,0.000,5.237,
2026-08-10 22:00:00,Monday,22,2.900,0.757,0.343,0.000,0.720,8.581,13.301,ładowanie EV
2026-08-10 23:00:00,Monday,23,2.463,0.800,0.000,0.000,0.000,12.806,16.069,ładowanie EV
2026-08-11 00:00:00,Tuesday,0,2.686,0.975,0.000,0.000,0.000,9.060,12.721,ładowanie EV
2026-08-11 01:00:00,Tuesday,1,2.226,1.040,0.000,0.000,0.000,16.815,20.081,ładowanie EV
2026-08-11 02:00:00,Tuesday,2,2.951,1.272,0.000,0.000,0.000,11.245,15.468,ładowanie EV
2026-08-11 03:00:00,Tuesday,3,3.041,1.405,0.000,0.000,0.000,16.703,21.149,ładowanie EV
2026-08-11 04:00:00,Tuesday,4,2.645,1.332,0.000,0.000,0.000,13.825,17.802,ładowanie EV
2026-08-11 05:00:00,Tuesday,5,2.583,1.297,0.000,0.000,0.000,8.347,12.227,ładowanie EV
2026-08-11 06:00:00,Tuesday,6,2.114,2.045,0.000,0.481,0.000,0.000,4.640,
2026-08-11 07:00:00,Tuesday,7,2.355,1.815,0.000,0.741,0.000,0.000,4.911,
2026-08-11 08:00:00,Tuesday,8,2.689,1.332,0.000,0.720,0.000,0.000,4.741,
2026-08-11 09:00:00,Tuesday,9,2.183,1.134,0.000,0.000,0.501,2.620,6.438,pompa basenu
2026-08-11 10:00:00,Tuesday,10,2.288,0.925,0.000,0.000,0.412,1.460,5.085,pompa basenu
2026-08-11 11:00:00,Tuesday,11,2.298,0.883,0.000,0.000,0.389,3.307,6.877,pompa basenu; pralka
2026-08-11 12:00:00,Tuesday,12,2.507,0.658,0.000,0.000,0.327,1.944,5.436,pompa basenu
2026-08-11 13:00:00,Tuesday,13,2.286,0.607,0.000,0.936,0.384,2.242,6.455,pompa basenu
2026-08-11 14:00:00,Tuesday,14,2.369,0.000,0.000,0.000,0.308,1.757,4.434,pompa basenu
2026-08-11 15:00:00,Tuesday,15,3.038,0.000,0.000,0.000,0.649,1.605,5.292,pompa basenu
2026-08-11 16:00:00,Tuesday,16,2.454,0.000,0.000,0.000,0.644,1.916,5.014,pompa basenu
2026-08-11 17:00:00,Tuesday,17,2.291,0.000,0.000,6.449,1.184,0.000,9.924,
2026-08-11 18:00:00,Tuesday,18,1.863,0.000,0.000,0.000,1.024,0.000,2.887,
2026-08-11 19:00:00,Tuesday,19,2.903,0.485,0.000,0.000,0.674,1.847,5.909,zmywarka
2026-08-11 20:00:00,Tuesday,20,2.739,0.945,0.000,0.000,1.072,0.000,4.756,
2026-08-11 21:00:00,Tuesday,21,3.199,1.187,0.359,0.000,1.076,0.000,5.821,
2026-08-11 22:00:00,Tuesday,22,2.003,0.736,0.269,0.000,0.853,15.008,18.869,ładowanie EV
2026-08-11 23:00:00,Tuesday,23,1.937,1.046,0.000,0.000,0.000,12.337,15.320,ładowanie EV
2026-08-12 00:00:00,Wednesday,0,2.893,1.102,0.000,0.000,0.000,9.389,13.384,ładowanie EV
2026-08-12 01:00:00,Wednesday,1,2.686,1.389,0.000,0.000,0.000,11.932,16.007,ładowanie EV
2026-08-12 02:00:00,Wednesday,2,2.728,1.893,0.000,0.000,0.000,14.980,19.601,ładowanie EV
2026-08-12 03:00:00,Wednesday,3,2.104,1.727,0.000,0.000,0.000,11.346,15.177,ładowanie EV
2026-08-12 04:00:00,Wednesday,4,1.946,1.854,0.000,0.000,0.000,10.368,14.168,ładowanie EV
2026-08-12 05:00:00,Wednesday,5,3.202,1.743,0.000,0.000,0.000,10.442,15.387,ładowanie EV
2026-08-12 06:00:00,Wednesday,6,2.532,1.990,0.000,0.787,0.000,0.000,5.309,
2026-08-12 07:00:00,Wednesday,7,2.516,2.454,0.000,1.109,0.000,0.000,6.079,
2026-08-12 08:00:00,Wednesday,8,2.726,1.628,0.000,1.063,0.000,0.000,5.417,
2026-08-12 09:00:00,Wednesday,9,2.355,1.605,0.000,0.000,0.322,1.615,5.897,pompa basenu
2026-08-12 10:00:00,Wednesday,10,2.420,1.095,0.000,0.000,0.423,4.614,8.552,pompa basenu; pralka
2026-08-12 11:00:00,Wednesday,11,2.972,0.966,0.000,0.000,0.382,2.121,6.441,pompa basenu
2026-08-12 12:00:00,Wednesday,12,2.229,0.869,0.000,0.000,0.278,2.056,5.432,pompa basenu
2026-08-12 13:00:00,Wednesday,13,2.939,0.796,0.000,1.044,0.485,1.451,6.715,pompa basenu
2026-08-12 14:00:00,Wednesday,14,3.149,0.000,0.000,0.000,0.596,2.247,5.992,pompa basenu
2026-08-12 15:00:00,Wednesday,15,2.128,0.000,0.000,0.000,0.715,1.562,4.405,pompa basenu
2026-08-12 16:00:00,Wednesday,16,2.128,0.000,0.000,0.000,0.768,1.914,4.810,pompa basenu
2026-08-12 17:00:00,Wednesday,17,3.096,0.448,0.000,0.000,0.529,0.000,4.073,
2026-08-12 18:00:00,Wednesday,18,2.153,0.478,0.000,4.004,0.869,0.000,7.504,
2026-08-12 19:00:00,Wednesday,19,2.167,0.612,0.000,0.000,1.099,0.000,3.878,
2026-08-12 20:00:00,Wednesday,20,2.930,0.794,0.000,0.000,0.823,2.597,7.144,zmywarka
2026-08-12 21:00:00,Wednesday,21,1.870,0.932,0.237,0.000,1.042,0.000,4.081,
2026-08-12 22:00:00,Wednesday,22,2.091,0.669,0.271,0.000,0.607,15.456,19.094,ładowanie EV
2026-08-12 23:00:00,Wednesday,23,3.144,0.598,0.000,0.000,0.000,13.294,17.036,ładowanie EV
2026-08-13 00:00:00,Thursday,0,2.866,0.669,0.000,0.000,0.000,14.028,17.563,ładowanie EV
2026-08-13 01:00:00,Thursday,1,3.126,0.883,0.000,0.000,0.000,13.409,17.418,ładowanie EV
2026-08-13 02:00:00,Thursday,2,1.877,1.005,0.000,0.000,0.000,9.517,12.399,ładowanie EV
2026-08-13 03:00:00,Thursday,3,2.132,0.961,0.000,0.000,0.000,12.710,15.803,ładowanie EV
2026-08-13 04:00:00,Thursday,4,3.061,1.251,0.000,0.000,0.000,13.156,17.468,ładowanie EV
2026-08-13 05:00:00,Thursday,5,3.213,1.283,0.000,0.000,0.000,13.862,18.358,ładowanie EV
2026-08-13 06:00:00,Thursday,6,3.142,1.451,0.000,0.994,0.000,0.000,5.587,
2026-08-13 07:00:00,Thursday,7,2.951,1.044,0.000,0.720,0.000,0.000,4.715,
2026-08-13 08:00:00,Thursday,8,2.036,0.853,0.000,1.249,0.000,0.000,4.138,
2026-08-13 09:00:00,Thursday,9,1.950,0.612,0.000,0.000,0.426,1.578,4.566,pompa basenu
2026-08-13 10:00:00,Thursday,10,1.932,0.515,0.000,0.000,0.393,1.380,4.220,pompa basenu
2026-08-13 11:00:00,Thursday,11,2.843,0.529,0.000,0.000,0.467,1.893,5.732,pompa basenu
2026-08-13 12:00:00,Thursday,12,1.937,0.000,0.000,0.906,0.356,1.518,4.717,pompa basenu
2026-08-13 13:00:00,Thursday,13,2.880,0.000,0.000,0.000,0.460,1.891,5.231,pompa basenu
2026-08-13 14:00:00,Thursday,14,2.128,0.000,0.000,0.000,0.306,2.305,4.739,pompa basenu
2026-08-13 15:00:00,Thursday,15,2.472,0.000,0.000,0.000,0.352,2.539,5.363,pompa basenu
2026-08-13 16:00:00,Thursday,16,3.218,0.000,0.000,0.000,0.566,1.401,5.185,pompa basenu
2026-08-13 17:00:00,Thursday,17,2.599,0.000,0.000,5.462,0.554,0.000,8.615,
2026-08-13 18:00:00,Thursday,18,2.903,0.000,0.000,0.000,0.938,0.000,3.841,
2026-08-13 19:00:00,Thursday,19,2.801,0.000,0.000,0.000,0.860,0.000,3.661,
2026-08-13 20:00:00,Thursday,20,2.608,0.000,0.000,0.000,1.033,2.385,6.026,zmywarka
2026-08-13 21:00:00,Thursday,21,2.551,0.000,0.402,0.000,0.961,0.000,3.914,
2026-08-13 22:00:00,Thursday,22,1.983,0.000,0.193,0.000,1.072,9.851,13.099,ładowanie EV
2026-08-13 23:00:00,Thursday,23,3.013,0.000,0.000,0.000,0.000,8.929,11.942,ładowanie EV
2026-08-14 00:00:00,Friday,0,2.150,0.000,0.000,0.000,0.000,16.944,19.094,ładowanie EV
2026-08-14 01:00:00,Friday,1,2.751,0.000,0.000,0.000,0.000,13.276,16.027,ładowanie EV
2026-08-14 02:00:00,Friday,2,2.061,0.000,0.000,0.000,0.000,14.366,16.427,ładowanie EV
2026-08-14 03:00:00,Friday,3,3.264,0.000,0.000,0.000,0.000,13.595,16.859,ładowanie EV
2026-08-14 04:00:00,Friday,4,2.346,0.000,0.000,0.000,0.000,12.960,15.306,ładowanie EV
2026-08-14 05:00:00,Friday,5,1.971,0.000,0.000,0.000,0.000,16.305,18.276,ładowanie EV
2026-08-14 06:00:00,Friday,6,3.096,0.798,0.000,0.954,0.000,0.000,4.848,
2026-08-14 07:00:00,Friday,7,1.904,0.540,0.000,1.122,0.000,0.000,3.566,
2026-08-14 08:00:00,Friday,8,1.944,0.000,0.000,0.676,0.000,0.000,2.620,
2026-08-14 09:00:00,Friday,9,2.702,0.000,0.000,0.000,0.437,1.610,4.749,pompa basenu
2026-08-14 10:00:00,Friday,10,2.507,0.000,0.000,0.000,0.416,2.380,5.303,pompa basenu
2026-08-14 11:00:00,Friday,11,2.956,0.000,0.000,0.000,0.292,1.566,4.814,pompa basenu
2026-08-14 12:00:00,Friday,12,3.103,0.000,0.000,0.975,0.290,1.778,6.146,pompa basenu
2026-08-14 13:00:00,Friday,13,2.831,0.000,0.000,0.000,0.317,2.169,5.317,pompa basenu
2026-08-14 14:00:00,Friday,14,2.875,2.765,0.000,0.000,0.775,2.134,8.549,pompa basenu
2026-08-14 15:00:00,Friday,15,2.077,4.453,0.000,0.000,0.589,2.613,9.732,pompa basenu
2026-08-14 16:00:00,Friday,16,1.948,3.650,0.000,0.000,0.315,2.652,8.565,pompa basenu
2026-08-14 17:00:00,Friday,17,1.909,2.742,0.000,0.000,0.665,0.000,5.316,
2026-08-14 18:00:00,Friday,18,3.008,4.094,0.000,3.590,0.966,0.000,11.658,
2026-08-14 19:00:00,Friday,19,2.380,3.698,0.000,0.000,0.669,1.858,8.605,zmywarka
2026-08-14 20:00:00,Friday,20,2.282,0.000,0.000,0.000,1.162,0.000,3.444,
2026-08-14 21:00:00,Friday,21,2.056,0.000,0.428,0.000,0.524,0.000,3.008,
2026-08-14 22:00:00,Friday,22,2.659,0.000,0.140,0.000,0.722,14.124,17.645,ładowanie EV
2026-08-14 23:00:00,Friday,23,2.102,0.000,0.000,0.000,0.000,11.240,13.342,ładowanie EV
2026-08-15 00:00:00,Saturday,0,2.726,0.000,0.000,0.000,0.000,14.152,16.878,ładowanie EV
2026-08-15 01:00:00,Saturday,1,2.498,0.000,0.000,0.000,0.000,14.676,17.174,ładowanie EV
2026-08-15 02:00:00,Saturday,2,2.162,0.000,0.000,0.000,0.000,12.641,14.803,ładowanie EV
2026-08-15 03:00:00,Saturday,3,1.955,0.000,0.000,0.000,0.000,13.828,15.783,ładowanie EV
2026-08-15 04:00:00,Saturday,4,2.516,0.000,0.000,0.000,0.000,15.334,17.850,ładowanie EV
2026-08-15 05:00:00,Saturday,5,2.505,0.000,0.000,0.000,0.000,10.810,13.315,ładowanie EV
2026-08-15 06:00:00,Saturday,6,2.829,0.000,0.000,1.267,0.000,0.000,4.096,
2026-08-15 07:00:00,Saturday,7,2.680,0.000,0.000,0.462,0.000,0.000,3.142,
2026-08-15 08:00:00,Saturday,8,2.518,0.000,0.000,0.748,0.000,0.000,3.266,
2026-08-15 09:00:00,Saturday,9,2.539,0.000,0.000,0.000,0.552,1.651,4.742,pompa basenu
2026-08-15 10:00:00,Saturday,10,3.135,0.460,0.000,0.000,0.840,4.184,8.619,pompa basenu; pralka
2026-08-15 11:00:00,Saturday,11,2.417,0.460,0.000,0.000,0.198,6.040,9.115,pompa basenu; suszarka
2026-08-15 12:00:00,Saturday,12,2.505,4.128,0.000,0.000,0.580,2.353,9.566,pompa basenu
2026-08-15 13:00:00,Saturday,13,2.525,3.383,0.000,2.249,0.458,4.128,12.743,pompa basenu; zmywarka
2026-08-15 14:00:00,Saturday,14,3.084,2.983,0.000,0.000,0.568,2.102,8.737,pompa basenu
2026-08-15 15:00:00,Saturday,15,2.231,3.482,0.000,0.000,0.816,1.730,8.259,pompa basenu
2026-08-15 16:00:00,Saturday,16,3.218,3.880,0.000,0.000,0.189,2.134,9.421,pompa basenu
2026-08-15 17:00:00,Saturday,17,2.374,2.755,0.000,0.000,0.550,0.000,5.679,goście
2026-08-15 18:00:00,Saturday,18,2.960,0.000,0.000,9.253,1.042,0.000,13.255,goście
2026-08-15 19:00:00,Saturday,19,2.847,0.000,0.000,0.000,0.932,19.543,23.322,goście; sauna
2026-08-15 20:00:00,Saturday,20,2.351,0.000,0.497,0.000,0.695,17.579,21.122,goście; sauna
2026-08-15 21:00:00,Saturday,21,3.135,0.644,0.589,0.000,0.846,17.080,22.294,goście; sauna
2026-08-15 22:00:00,Saturday,22,2.123,0.000,0.317,0.000,0.616,12.441,15.497,ładowanie EV
2026-08-15 23:00:00,Saturday,23,3.080,0.575,0.000,0.000,0.000,14.159,17.814,ładowanie EV
2026-08-16 00:00:00,Sunday,0,2.693,0.586,0.000,0.000,0.000,14.002,17.281,ładowanie EV
2026-08-16 01:00:00,Sunday,1,2.868,0.789,0.000,0.000,0.000,12.659,16.316,ładowanie EV
2026-08-16 02:00:00,Sunday,2,2.447,1.106,0.000,0.000,0.000,10.166,13.719,ładowanie EV
2026-08-16 03:00:00,Sunday,3,3.105,1.208,0.000,0.000,0.000,14.594,18.907,ładowanie EV
2026-08-16 04:00:00,Sunday,4,2.746,1.148,0.000,0.000,0.000,10.175,14.069,ładowanie EV
2026-08-16 05:00:00,Sunday,5,1.978,1.053,0.000,0.000,0.000,15.251,18.282,ładowanie EV
2026-08-16 06:00:00,Sunday,6,2.548,1.794,0.000,1.205,0.000,0.000,5.547,
2026-08-16 07:00:00,Sunday,7,2.627,1.371,0.000,0.607,0.000,0.000,4.605,
2026-08-16 08:00:00,Sunday,8,3.038,1.081,0.000,1.067,0.000,0.000,5.186,
2026-08-16 09:00:00,Sunday,9,2.208,1.076,0.000,0.000,0.559,1.960,5.803,pompa basenu
2026-08-16 10:00:00,Sunday,10,3.057,0.688,0.000,0.000,0.658,2.341,6.744,pompa basenu
2026-08-16 11:00:00,Sunday,11,2.700,0.621,0.000,0.000,0.347,1.403,5.071,pompa basenu
2026-08-16 12:00:00,Sunday,12,2.663,0.499,0.000,0.000,0.524,1.746,5.432,pompa basenu
2026-08-16 13:00:00,Sunday,13,2.903,0.000,0.000,2.109,0.400,2.040,7.452,pompa basenu
2026-08-16 14:00:00,Sunday,14,2.220,0.000,0.000,0.000,0.748,4.950,7.918,pompa basenu; zmywarka
2026-08-16 15:00:00,Sunday,15,2.976,0.000,0.000,0.000,0.513,1.631,5.120,pompa basenu
2026-08-16 16:00:00,Sunday,16,2.893,0.000,0.000,0.000,0.580,2.716,6.189,pompa basenu
2026-08-16 17:00:00,Sunday,17,3.107,0.000,0.000,3.208,0.545,0.000,6.860,
2026-08-16 18:00:00,Sunday,18,2.058,0.000,0.000,0.000,1.060,0.000,3.118,
2026-08-16 19:00:00,Sunday,19,2.548,0.000,0.000,0.000,1.168,14.791,18.507,sauna
2026-08-16 20:00:00,Sunday,20,3.116,0.540,0.545,0.000,1.208,16.521,21.930,sauna
2026-08-16 21:00:00,Sunday,21,2.084,0.681,0.460,0.000,0.787,14.702,18.714,sauna
2026-08-16 22:00:00,Sunday,22,2.737,0.444,0.235,0.000,0.734,14.948,19.098,ładowanie EV
2026-08-16 23:00:00,Sunday,23,2.272,0.626,0.000,0.000,0.000,11.212,14.110,ładowanie EV
2026-08-17 00:00:00,Monday,0,2.390,0.750,0.000,0.000,0.000,12.862,16.002,ładowanie EV
2026-08-17 01:00:00,Monday,1,3.202,0.764,0.000,0.000,0.000,9.626,13.592,ładowanie EV
2026-08-17 02:00:00,Monday,2,2.755,0.821,0.000,0.000,0.000,17.002,20.578,ładowanie EV
2026-08-17 03:00:00,Monday,3,2.509,1.021,0.000,0.000,0.000,13.563,17.093,ładowanie EV
2026-08-17 04:00:00,Monday,4,2.134,1.247,0.000,0.000,0.000,8.839,12.220,ładowanie EV
2026-08-17 05:00:00,Monday,5,3.190,1.228,0.000,0.000,0.000,11.383,15.801,ładowanie EV
2026-08-17 06:00:00,Monday,6,2.726,1.766,0.000,1.293,0.000,0.000,5.785,
2026-08-17 07:00:00,Monday,7,3.105,1.787,0.000,1.198,0.000,0.000,6.090,
2026-08-17 08:00:00,Monday,8,2.744,1.470,0.000,0.890,0.000,0.000,5.104,
2026-08-17 09:00:00,Monday,9,1.927,1.408,0.000,0.000,0.409,2.387,6.131,pompa basenu
2026-08-17 10:00:00,Monday,10,2.226,1.012,0.000,0.000,0.419,2.169,5.826,pompa basenu
2026-08-17 11:00:00,Monday,11,2.820,0.807,0.000,0.000,0.297,1.948,5.872,pompa basenu
2026-08-17 12:00:00,Monday,12,2.318,0.478,0.000,0.000,0.458,1.895,5.149,pompa basenu
2026-08-17 13:00:00,Monday,13,3.186,0.000,0.000,0.734,0.375,2.164,6.459,pompa basenu
2026-08-17 14:00:00,Monday,14,2.663,0.000,0.000,0.000,0.488,2.496,5.647,pompa basenu
2026-08-17 15:00:00,Monday,15,2.585,0.000,0.000,0.000,0.361,2.590,5.536,pompa basenu
2026-08-17 16:00:00,Monday,16,3.048,0.000,0.000,0.000,0.370,2.544,5.962,pompa basenu
2026-08-17 17:00:00,Monday,17,2.702,0.000,0.000,4.549,0.761,0.000,8.012,
2026-08-17 18:00:00,Monday,18,2.392,0.000,0.000,0.000,0.736,0.000,3.128,
2026-08-17 19:00:00,Monday,19,1.918,0.474,0.000,0.000,0.964,2.024,5.380,zmywarka
2026-08-17 20:00:00,Monday,20,2.498,0.706,0.536,0.000,1.175,0.000,4.915,
2026-08-17 21:00:00,Monday,21,2.905,0.738,0.658,0.000,1.072,0.000,5.373,
2026-08-17 22:00:00,Monday,22,2.652,0.607,0.304,0.000,1.000,8.752,13.315,ładowanie EV
2026-08-17 23:00:00,Monday,23,2.128,0.768,0.000,0.000,0.000,12.245,15.141,ładowanie EV
2026-08-18 00:00:00,Tuesday,0,1.895,0.945,0.000,0.000,0.000,11.939,14.779,ładowanie EV
2026-08-18 01:00:00,Tuesday,1,2.015,1.162,0.000,0.000,0.000,12.694,15.871,ładowanie EV
2026-08-18 02:00:00,Tuesday,2,3.181,1.486,0.000,0.000,0.000,11.114,15.781,ładowanie EV
2026-08-18 03:00:00,Tuesday,3,2.746,1.302,0.000,0.000,0.000,11.718,15.766,ładowanie EV
2026-08-18 04:00:00,Tuesday,4,3.098,1.550,0.000,0.000,0.000,8.188,12.836,ładowanie EV
2026-08-18 05:00:00,Tuesday,5,1.854,1.601,0.000,0.000,0.000,9.142,12.597,ładowanie EV
2026-08-18 06:00:00,Tuesday,6,2.307,1.773,0.000,0.451,0.000,0.000,4.531,
2026-08-18 07:00:00,Tuesday,7,2.834,1.665,0.000,1.111,0.000,0.000,5.610,
2026-08-18 08:00:00,Tuesday,8,1.840,1.518,0.000,0.906,0.000,0.000,4.264,
2026-08-18 09:00:00,Tuesday,9,2.187,1.398,0.000,0.000,0.384,1.815,5.784,pompa basenu
2026-08-18 10:00:00,Tuesday,10,2.353,0.989,0.000,0.000,0.485,2.047,5.874,pompa basenu
2026-08-18 11:00:00,Tuesday,11,2.666,1.000,0.000,0.000,0.467,2.093,6.226,pompa basenu
2026-08-18 12:00:00,Tuesday,12,2.164,0.738,0.000,0.000,0.331,2.206,5.439,pompa basenu
2026-08-18 13:00:00,Tuesday,13,2.438,0.720,0.000,1.861,0.476,2.183,7.678,pompa basenu
2026-08-18 14:00:00,Tuesday,14,2.877,0.570,0.000,0.000,0.722,3.399,7.568,pompa basenu; pralka
2026-08-18 15:00:00,Tuesday,15,2.270,0.621,0.000,0.000,0.846,2.196,5.933,pompa basenu
2026-08-18 16:00:00,Tuesday,16,2.422,0.706,0.000,0.000,0.731,1.785,5.644,pompa basenu
2026-08-18 17:00:00,Tuesday,17,2.928,0.589,0.000,3.015,1.120,0.000,7.652,
2026-08-18 18:00:00,Tuesday,18,2.424,0.669,0.000,0.000,0.738,0.000,3.831,
2026-08-18 19:00:00,Tuesday,19,1.969,0.734,0.000,0.000,0.959,0.000,3.662,
2026-08-18 20:00:00,Tuesday,20,2.732,1.044,0.540,0.000,0.704,2.178,7.198,zmywarka
2026-08-18 21:00:00,Tuesday,21,3.160,0.879,0.568,0.000,1.203,0.000,5.810,
2026-08-18 22:00:00,Tuesday,22,3.174,0.741,0.274,0.000,0.980,16.059,21.228,ładowanie EV
2026-08-18 23:00:00,Tuesday,23,2.390,1.051,0.000,0.000,0.000,14.375,17.816,ładowanie EV
2026-08-19 00:00:00,Wednesday,0,2.769,0.881,0.000,0.000,0.000,13.025,16.675,ładowanie EV
2026-08-19 01:00:00,Wednesday,1,2.788,0.750,0.000,0.000,0.000,9.920,13.458,ładowanie EV
2026-08-19 02:00:00,Wednesday,2,2.767,0.826,0.000,0.000,0.000,15.748,19.341,ładowanie EV
2026-08-19 03:00:00,Wednesday,3,3.243,0.941,0.000,0.000,0.000,13.119,17.303,ładowanie EV
2026-08-19 04:00:00,Wednesday,4,3.050,0.996,0.000,0.000,0.000,9.170,13.216,ładowanie EV
2026-08-19 05:00:00,Wednesday,5,2.268,0.748,0.000,0.000,0.000,9.975,12.991,ładowanie EV
2026-08-19 06:00:00,Wednesday,6,2.953,0.987,0.000,0.382,0.000,0.000,4.322,
2026-08-19 07:00:00,Wednesday,7,2.521,0.908,0.000,0.612,0.000,0.000,4.041,
2026-08-19 08:00:00,Wednesday,8,2.972,1.359,0.000,0.858,0.000,0.000,5.189,
2026-08-19 09:00:00,Wednesday,9,2.804,1.076,0.000,0.000,0.412,2.040,6.332,pompa basenu
2026-08-19 10:00:00,Wednesday,10,3.064,1.219,0.000,0.000,0.359,2.148,6.790,pompa basenu
2026-08-19 11:00:00,Wednesday,11,3.137,1.152,0.000,0.000,0.488,1.803,6.580,pompa basenu
2026-08-19 12:00:00,Wednesday,12,2.431,0.913,0.000,1.237,0.288,1.465,6.334,pompa basenu
2026-08-19 13:00:00,Wednesday,13,2.546,0.773,0.000,0.000,0.281,1.773,5.373,pompa basenu
2026-08-19 14:00:00,Wednesday,14,2.847,0.938,0.000,0.000,0.334,2.107,6.226,pompa basenu
2026-08-19 15:00:00,Wednesday,15,2.972,1.189,0.000,0.000,0.800,1.513,6.474,pompa basenu
2026-08-19 16:00:00,Wednesday,16,2.610,0.757,0.000,0.000,0.437,1.835,5.639,pompa basenu
2026-08-19 17:00:00,Wednesday,17,1.985,0.552,0.000,3.075,0.952,0.000,6.564,
2026-08-19 18:00:00,Wednesday,18,2.222,0.000,0.000,0.000,0.591,0.000,2.813,
2026-08-19 19:00:00,Wednesday,19,2.921,0.419,0.000,0.000,0.954,0.000,4.294,
2026-08-19 20:00:00,Wednesday,20,3.094,0.662,0.000,0.000,0.570,1.886,6.212,zmywarka
2026-08-19 21:00:00,Wednesday,21,2.196,0.754,0.338,0.000,1.187,0.000,4.475,
2026-08-19 22:00:00,Wednesday,22,2.900,0.577,0.122,0.000,0.750,12.802,17.151,ładowanie EV
2026-08-19 23:00:00,Wednesday,23,3.140,0.692,0.000,0.000,0.000,11.528,15.360,ładowanie EV
2026-08-20 00:00:00,Thursday,0,2.187,0.849,0.000,0.000,0.000,9.837,12.873,ładowanie EV
2026-08-20 01:00:00,Thursday,1,2.454,1.083,0.000,0.000,0.000,16.558,20.095,ładowanie EV
2026-08-20 02:00:00,Thursday,2,2.174,1.129,0.000,0.000,0.000,11.981,15.284,ładowanie EV
2026-08-20 03:00:00,Thursday,3,2.095,1.302,0.000,0.000,0.000,16.468,19.865,ładowanie EV
2026-08-20 04:00:00,Thursday,4,1.934,1.373,0.000,0.000,0.000,15.932,19.239,ładowanie EV
2026-08-20 05:00:00,Thursday,5,1.930,1.274,0.000,0.000,0.000,9.964,13.168,ładowanie EV
2026-08-20 06:00:00,Thursday,6,2.137,1.941,0.000,0.883,0.000,0.000,4.961,
2026-08-20 07:00:00,Thursday,7,2.507,1.736,0.000,0.982,0.000,0.000,5.225,
2026-08-20 08:00:00,Thursday,8,2.162,1.460,0.000,0.596,0.000,0.000,4.218,
2026-08-20 09:00:00,Thursday,9,2.601,1.270,0.000,0.000,0.276,2.077,6.224,pompa basenu
2026-08-20 10:00:00,Thursday,10,2.686,1.104,0.000,0.000,0.377,2.006,6.173,pompa basenu
2026-08-20 11:00:00,Thursday,11,2.974,0.816,0.000,0.000,0.426,2.364,6.580,pompa basenu
2026-08-20 12:00:00,Thursday,12,2.960,0.718,0.000,0.000,0.460,2.226,6.364,pompa basenu
2026-08-20 13:00:00,Thursday,13,2.850,0.524,0.000,1.371,0.299,2.456,7.500,pompa basenu
2026-08-20 14:00:00,Thursday,14,2.551,0.000,0.000,0.000,0.667,1.978,5.196,pompa basenu
2026-08-20 15:00:00,Thursday,15,1.900,0.000,0.000,0.000,0.842,2.509,5.251,pompa basenu
2026-08-20 16:00:00,Thursday,16,3.038,0.000,0.000,0.000,0.844,2.144,6.026,pompa basenu
2026-08-20 17:00:00,Thursday,17,2.394,0.000,0.000,3.397,0.540,0.000,6.331,
2026-08-20 18:00:00,Thursday,18,2.443,0.603,0.000,0.000,0.635,0.000,3.681,
2026-08-20 19:00:00,Thursday,19,3.057,0.520,0.000,0.000,1.132,2.047,6.756,zmywarka
2026-08-20 20:00:00,Thursday,20,2.137,0.874,0.000,0.000,0.770,0.000,3.781,
2026-08-20 21:00:00,Thursday,21,1.909,1.026,0.612,0.000,0.844,0.000,4.391,
2026-08-20 22:00:00,Thursday,22,2.302,0.545,0.184,0.000,0.794,15.831,19.656,ładowanie EV
2026-08-20 23:00:00,Thursday,23,2.360,0.000,0.000,0.000,0.000,11.477,13.837,ładowanie EV
2026-08-21 00:00:00,Friday,0,2.592,0.738,0.000,0.000,0.000,15.074,18.404,ładowanie EV
2026-08-21 01:00:00,Friday,1,2.404,0.902,0.000,0.000,0.000,14.483,17.789,ładowanie EV
2026-08-21 02:00:00,Friday,2,2.944,1.274,0.000,0.000,0.000,15.044,19.262,ładowanie EV
2026-08-21 03:00:00,Friday,3,2.054,1.072,0.000,0.000,0.000,15.578,18.704,ładowanie EV
2026-08-21 04:00:00,Friday,4,3.220,1.157,0.000,0.000,0.000,16.079,20.456,ładowanie EV
2026-08-21 05:00:00,Friday,5,2.797,1.288,0.000,0.000,0.000,16.864,20.949,ładowanie EV
2026-08-21 06:00:00,Friday,6,2.206,1.633,0.000,0.927,0.000,0.000,4.766,
2026-08-21 07:00:00,Friday,7,3.149,1.764,0.000,0.860,0.000,0.000,5.773,
2026-08-21 08:00:00,Friday,8,2.466,1.396,0.000,1.325,0.000,0.000,5.187,
2026-08-21 09:00:00,Friday,9,2.677,1.265,0.000,0.000,0.497,3.885,8.324,pompa basenu; pralka
2026-08-21 10:00:00,Friday,10,2.753,0.936,0.000,0.000,0.451,6.688,10.828,pompa basenu; suszarka
2026-08-21 11:00:00,Friday,11,2.886,0.612,0.000,0.000,0.363,1.732,5.593,pompa basenu
2026-08-21 12:00:00,Friday,12,1.983,0.442,0.000,0.000,0.462,1.971,4.858,pompa basenu
2026-08-21 13:00:00,Friday,13,2.226,0.000,0.000,1.145,0.350,1.410,5.131,pompa basenu
2026-08-21 14:00:00,Friday,14,2.558,0.000,0.000,0.000,0.775,2.477,5.810,pompa basenu
2026-08-21 15:00:00,Friday,15,2.730,0.000,0.000,0.000,0.660,2.348,5.738,pompa basenu
2026-08-21 16:00:00,Friday,16,2.387,0.000,0.000,0.000,0.782,1.428,4.597,pompa basenu
2026-08-21 17:00:00,Friday,17,2.215,0.000,0.000,7.891,0.738,0.000,10.844,
2026-08-21 18:00:00,Friday,18,3.015,0.000,0.000,0.000,0.961,0.000,3.976,
2026-08-21 19:00:00,Friday,19,2.006,0.000,0.000,0.000,0.784,0.000,2.790,
2026-08-21 20:00:00,Friday,20,2.930,0.639,0.596,0.000,0.925,0.000,5.090,
2026-08-21 21:00:00,Friday,21,2.321,0.672,0.402,0.000,0.830,0.000,4.225,
2026-08-21 22:00:00,Friday,22,2.130,0.531,0.191,0.000,1.159,12.901,16.912,ładowanie EV
2026-08-21 23:00:00,Friday,23,2.268,0.851,0.000,0.000,0.000,12.376,15.495,ładowanie EV
2026-08-22 00:00:00,Saturday,0,2.247,0.904,0.000,0.000,0.000,13.510,16.661,ładowanie EV
2026-08-22 01:00:00,Saturday,1,1.927,0.932,0.000,0.000,0.000,14.226,17.085,ładowanie EV
2026-08-22 02:00:00,Saturday,2,2.896,1.348,0.000,0.000,0.000,12.970,17.214,ładowanie EV
2026-08-22 03:00:00,Saturday,3,2.431,1.286,0.000,0.000,0.000,12.813,16.530,ładowanie EV
2026-08-22 04:00:00,Saturday,4,2.634,1.442,0.000,0.000,0.000,8.650,12.726,ładowanie EV
2026-08-22 05:00:00,Saturday,5,2.571,1.417,0.000,0.000,0.000,16.997,20.985,ładowanie EV
2026-08-22 06:00:00,Saturday,6,1.923,2.040,0.000,0.632,0.000,0.000,4.595,
2026-08-22 07:00:00,Saturday,7,2.634,2.295,0.000,0.697,0.000,0.000,5.626,
2026-08-22 08:00:00,Saturday,8,2.454,1.842,0.000,1.366,0.000,0.000,5.662,
2026-08-22 09:00:00,Saturday,9,2.723,1.596,0.000,0.000,0.807,1.950,7.076,pompa basenu
2026-08-22 10:00:00,Saturday,10,3.057,1.244,0.000,0.000,0.331,1.895,6.527,pompa basenu
2026-08-22 11:00:00,Saturday,11,1.898,1.166,0.000,0.000,0.794,4.117,7.975,pompa basenu; pralka
2026-08-22 12:00:00,Saturday,12,1.976,0.886,0.000,0.000,0.690,1.978,5.530,pompa basenu
2026-08-22 13:00:00,Saturday,13,2.440,0.644,0.000,2.472,0.223,1.865,7.644,pompa basenu
2026-08-22 14:00:00,Saturday,14,2.813,0.614,0.000,0.000,0.396,4.848,8.671,pompa basenu; zmywarka
2026-08-22 15:00:00,Saturday,15,2.128,0.000,0.000,0.000,0.380,2.546,5.054,pompa basenu
2026-08-22 16:00:00,Saturday,16,2.109,0.000,0.000,0.000,0.662,1.999,4.770,pompa basenu
2026-08-22 17:00:00,Saturday,17,2.562,0.488,0.000,4.363,0.522,0.000,7.935,
2026-08-22 18:00:00,Saturday,18,1.842,0.460,0.000,0.000,0.945,0.000,3.247,
2026-08-22 19:00:00,Saturday,19,2.312,1.173,0.000,0.000,0.697,15.550,19.732,sauna
2026-08-22 20:00:00,Saturday,20,2.765,1.037,0.000,0.000,1.162,20.574,25.538,sauna
2026-08-22 21:00:00,Saturday,21,1.904,1.240,0.458,0.000,0.626,15.249,19.477,sauna
2026-08-22 22:00:00,Saturday,22,2.102,1.088,0.288,0.000,0.619,8.303,12.400,ładowanie EV
2026-08-22 23:00:00,Saturday,23,3.192,1.067,0.000,0.000,0.000,9.442,13.701,ładowanie EV
2026-08-23 00:00:00,Sunday,0,2.344,1.221,0.000,0.000,0.000,13.821,17.386,ładowanie EV
2026-08-23 01:00:00,Sunday,1,2.742,1.329,0.000,0.000,0.000,12.786,16.857,ładowanie EV
2026-08-23 02:00:00,Sunday,2,2.408,1.497,0.000,0.000,0.000,9.200,13.105,ładowanie EV
2026-08-23 03:00:00,Sunday,3,2.288,1.656,0.000,0.000,0.000,9.918,13.862,ładowanie EV
2026-08-23 04:00:00,Sunday,4,2.042,1.488,0.000,0.000,0.000,10.350,13.880,ładowanie EV
2026-08-23 05:00:00,Sunday,5,2.594,1.631,0.000,0.000,0.000,16.312,20.537,ładowanie EV
2026-08-23 06:00:00,Sunday,6,2.210,1.748,0.000,1.005,0.000,0.000,4.963,
2026-08-23 07:00:00,Sunday,7,1.861,2.068,0.000,1.228,0.000,0.000,5.157,
2026-08-23 08:00:00,Sunday,8,2.555,2.052,0.000,0.816,0.000,0.000,5.423,
2026-08-23 09:00:00,Sunday,9,2.571,1.932,0.000,0.000,0.658,1.776,6.937,pompa basenu
2026-08-23 10:00:00,Sunday,10,2.785,1.773,0.000,0.000,0.706,3.751,9.015,pompa basenu; pralka
2026-08-23 11:00:00,Sunday,11,2.797,1.306,0.000,0.000,0.577,7.383,12.063,pompa basenu; suszarka
2026-08-23 12:00:00,Sunday,12,2.670,1.021,0.000,3.220,0.683,1.697,9.291,pompa basenu
2026-08-23 13:00:00,Sunday,13,2.056,0.844,0.000,0.000,0.754,4.936,8.590,pompa basenu; zmywarka
2026-08-23 14:00:00,Sunday,14,2.332,1.028,0.000,0.000,0.619,2.330,6.309,pompa basenu
2026-08-23 15:00:00,Sunday,15,2.505,1.000,0.000,0.000,0.628,1.934,6.067,pompa basenu
2026-08-23 16:00:00,Sunday,16,2.861,1.028,0.000,0.000,0.520,1.920,6.329,pompa basenu
2026-08-23 17:00:00,Sunday,17,3.119,0.865,0.000,3.944,0.865,0.000,8.793,
2026-08-23 18:00:00,Sunday,18,2.339,0.685,0.000,0.000,1.060,0.000,4.084,
2026-08-23 19:00:00,Sunday,19,2.726,0.736,0.000,0.000,0.943,20.550,24.955,sauna
2026-08-23 20:00:00,Sunday,20,2.535,1.228,0.451,0.000,0.573,17.020,21.807,sauna
2026-08-23 21:00:00,Sunday,21,2.714,1.550,0.356,0.000,1.111,16.949,22.680,sauna
2026-08-23 22:00:00,Sunday,22,2.323,1.226,0.327,0.000,0.780,11.714,16.370,ładowanie EV
2026-08-23 23:00:00,Sunday,23,2.203,1.396,0.000,0.000,0.000,12.604,16.203,ładowanie EV
2026-08-24 00:00:00,Monday,0,2.564,1.569,0.000,0.000,0.000,10.562,14.695,ładowanie EV
2026-08-24 01:00:00,Monday,1,2.900,1.394,0.000,0.000,0.000,10.828,15.122,ładowanie EV
2026-08-24 02:00:00,Monday,2,2.362,0.982,0.000,0.000,0.000,12.024,15.368,ładowanie EV
2026-08-24 03:00:00,Monday,3,2.737,1.026,0.000,0.000,0.000,16.703,20.466,ładowanie EV
2026-08-24 04:00:00,Monday,4,2.638,1.168,0.000,0.000,0.000,11.978,15.784,ładowanie EV
2026-08-24 05:00:00,Monday,5,2.974,1.127,0.000,0.000,0.000,12.908,17.009,ładowanie EV
2026-08-24 06:00:00,Monday,6,2.137,1.918,0.000,0.959,0.000,0.000,5.014,
2026-08-24 07:00:00,Monday,7,2.916,1.723,0.000,1.095,0.000,0.000,5.734,
2026-08-24 08:00:00,Monday,8,2.615,1.316,0.000,1.212,0.000,0.000,5.143,
2026-08-24 09:00:00,Monday,9,3.038,1.270,0.000,0.000,0.462,2.426,7.196,pompa basenu
2026-08-24 10:00:00,Monday,10,2.015,0.757,0.000,0.000,0.380,2.397,5.549,pompa basenu
2026-08-24 11:00:00,Monday,11,2.109,0.476,0.000,0.000,0.455,2.670,5.710,pompa basenu
2026-08-24 12:00:00,Monday,12,2.992,0.000,0.000,0.000,0.451,2.410,5.853,pompa basenu
2026-08-24 13:00:00,Monday,13,2.564,0.000,0.000,1.610,0.308,2.668,7.150,pompa basenu
2026-08-24 14:00:00,Monday,14,2.141,0.000,0.000,0.000,0.524,1.868,4.533,pompa basenu
2026-08-24 15:00:00,Monday,15,3.059,0.000,0.000,0.000,0.784,2.656,6.499,pompa basenu
2026-08-24 16:00:00,Monday,16,1.865,0.000,0.000,0.000,0.426,2.721,5.012,pompa basenu
2026-08-24 17:00:00,Monday,17,2.019,0.000,0.000,0.000,0.773,0.000,2.792,
2026-08-24 18:00:00,Monday,18,2.116,0.000,0.000,2.953,0.950,0.000,6.019,
2026-08-24 19:00:00,Monday,19,2.277,0.000,0.000,0.000,0.591,2.528,5.396,zmywarka
2026-08-24 20:00:00,Monday,20,2.298,0.734,0.000,0.000,0.800,0.000,3.832,
2026-08-24 21:00:00,Monday,21,2.792,1.063,0.589,0.000,0.842,0.000,5.286,
2026-08-24 22:00:00,Monday,22,2.827,0.775,0.290,0.000,0.545,11.799,16.236,ładowanie EV
2026-08-24 23:00:00,Monday,23,2.774,0.897,0.000,0.000,0.000,10.566,14.237,ładowanie EV
2026-08-25 00:00:00,Tuesday,0,2.203,1.040,0.000,0.000,0.000,12.629,15.872,ładowanie EV
2026-08-25 01:00:00,Tuesday,1,2.378,1.300,0.000,0.000,0.000,13.027,16.705,ładowanie EV
2026-08-25 02:00:00,Tuesday,2,1.930,1.601,0.000,0.000,0.000,12.342,15.873,ładowanie EV
2026-08-25 03:00:00,Tuesday,3,3.162,1.907,0.000,0.000,0.000,15.194,20.263,ładowanie EV
2026-08-25 04:00:00,Tuesday,4,3.114,2.006,0.000,0.000,0.000,12.680,17.800,ładowanie EV
2026-08-25 05:00:00,Tuesday,5,1.840,1.911,0.000,0.000,0.000,14.343,18.094,ładowanie EV
2026-08-25 06:00:00,Tuesday,6,1.907,2.624,0.000,1.286,0.000,0.000,5.817,
2026-08-25 07:00:00,Tuesday,7,2.431,2.259,0.000,0.752,0.000,0.000,5.442,
2026-08-25 08:00:00,Tuesday,8,2.617,2.010,0.000,0.844,0.000,0.000,5.471,
2026-08-25 09:00:00,Tuesday,9,3.151,1.649,0.000,0.000,0.370,4.874,10.044,pompa basenu; pralka
2026-08-25 10:00:00,Tuesday,10,3.116,1.235,0.000,0.000,0.340,1.571,6.262,pompa basenu
2026-08-25 11:00:00,Tuesday,11,3.103,0.932,0.000,0.000,0.442,1.852,6.329,pompa basenu
2026-08-25 12:00:00,Tuesday,12,2.466,0.720,0.000,0.869,0.428,1.927,6.410,pompa basenu
2026-08-25 13:00:00,Tuesday,13,2.008,0.488,0.000,0.000,0.504,2.751,5.751,pompa basenu
2026-08-25 14:00:00,Tuesday,14,3.151,0.000,0.000,0.000,0.522,2.406,6.079,pompa basenu
2026-08-25 15:00:00,Tuesday,15,1.941,0.000,0.000,0.000,0.718,1.845,4.504,pompa basenu
2026-08-25 16:00:00,Tuesday,16,2.123,0.000,0.000,0.000,0.642,2.406,5.171,pompa basenu
2026-08-25 17:00:00,Tuesday,17,3.082,0.000,0.000,8.257,0.736,0.000,12.075,
2026-08-25 18:00:00,Tuesday,18,2.737,0.000,0.000,0.000,0.849,0.000,3.586,
2026-08-25 19:00:00,Tuesday,19,2.546,0.000,0.000,0.000,0.943,0.000,3.489,
2026-08-25 20:00:00,Tuesday,20,2.277,0.819,0.000,0.000,0.773,2.737,6.606,zmywarka
2026-08-25 21:00:00,Tuesday,21,2.367,0.952,0.635,0.000,1.125,0.000,5.079,
2026-08-25 22:00:00,Tuesday,22,2.643,0.469,0.317,0.000,1.122,10.886,15.437,ładowanie EV
2026-08-25 23:00:00,Tuesday,23,1.960,0.646,0.000,0.000,0.000,14.373,16.979,ładowanie EV
2026-08-26 00:00:00,Wednesday,0,2.806,0.573,0.000,0.000,0.000,9.690,13.069,ładowanie EV
2026-08-26 01:00:00,Wednesday,1,2.247,0.658,0.000,0.000,0.000,8.818,11.723,ładowanie EV
2026-08-26 02:00:00,Wednesday,2,3.135,1.182,0.000,0.000,0.000,13.710,18.027,ładowanie EV
2026-08-26 03:00:00,Wednesday,3,2.045,1.097,0.000,0.000,0.000,14.722,17.864,ładowanie EV
2026-08-26 04:00:00,Wednesday,4,2.484,1.180,0.000,0.000,0.000,12.137,15.801,ładowanie EV
2026-08-26 05:00:00,Wednesday,5,2.167,0.918,0.000,0.000,0.000,8.915,12.000,ładowanie EV
2026-08-26 06:00:00,Wednesday,6,2.762,1.159,0.000,0.777,0.000,0.000,4.698,
2026-08-26 07:00:00,Wednesday,7,2.965,1.212,0.000,0.768,0.000,0.000,4.945,
2026-08-26 08:00:00,Wednesday,8,3.119,1.070,0.000,0.669,0.000,0.000,4.858,
2026-08-26 09:00:00,Wednesday,9,2.450,0.741,0.000,0.000,0.731,2.484,6.406,praca zdalna; pompa basenu
2026-08-26 10:00:00,Wednesday,10,2.682,0.623,0.000,0.000,0.823,2.735,6.863,praca zdalna; pompa basenu
2026-08-26 11:00:00,Wednesday,11,2.079,0.000,0.000,0.000,0.658,1.419,4.156,praca zdalna; pompa basenu
2026-08-26 12:00:00,Wednesday,12,3.002,0.000,0.000,1.592,0.589,2.325,7.508,praca zdalna; pompa basenu
2026-08-26 13:00:00,Wednesday,13,2.252,0.000,0.000,0.000,0.784,2.351,5.387,praca zdalna; pompa basenu
2026-08-26 14:00:00,Wednesday,14,2.985,0.000,0.000,0.000,1.051,2.344,6.380,praca zdalna; pompa basenu
2026-08-26 15:00:00,Wednesday,15,2.728,0.000,0.000,0.000,1.095,2.615,6.438,praca zdalna; pompa basenu
2026-08-26 16:00:00,Wednesday,16,3.112,0.000,0.000,0.000,0.690,2.293,6.095,praca zdalna; pompa basenu
2026-08-26 17:00:00,Wednesday,17,2.525,0.000,0.000,7.767,0.644,0.000,10.936,
2026-08-26 18:00:00,Wednesday,18,2.088,0.000,0.000,0.000,0.798,0.000,2.886,
2026-08-26 19:00:00,Wednesday,19,3.105,0.000,0.000,0.000,0.787,0.000,3.892,
2026-08-26 20:00:00,Wednesday,20,2.162,0.460,0.000,0.000,0.892,2.652,6.166,zmywarka
2026-08-26 21:00:00,Wednesday,21,2.282,0.869,0.458,0.000,1.194,0.000,4.803,
2026-08-26 22:00:00,Wednesday,22,2.010,0.557,0.230,0.000,1.099,8.358,12.254,ładowanie EV
2026-08-26 23:00:00,Wednesday,23,2.548,0.869,0.000,0.000,0.000,16.891,20.308,ładowanie EV
2026-08-27 00:00:00,Thursday,0,3.128,0.826,0.000,0.000,0.000,16.429,20.383,ładowanie EV
2026-08-27 01:00:00,Thursday,1,2.203,0.814,0.000,0.000,0.000,11.675,14.692,ładowanie EV
2026-08-27 02:00:00,Thursday,2,2.346,1.260,0.000,0.000,0.000,9.154,12.760,ładowanie EV
2026-08-27 03:00:00,Thursday,3,2.424,1.136,0.000,0.000,0.000,13.214,16.774,ładowanie EV
2026-08-27 04:00:00,Thursday,4,1.840,1.201,0.000,0.000,0.000,14.000,17.041,ładowanie EV
2026-08-27 05:00:00,Thursday,5,3.107,1.334,0.000,0.000,0.000,11.482,15.923,ładowanie EV
2026-08-27 06:00:00,Thursday,6,2.912,1.718,0.000,1.366,0.000,0.000,5.996,
2026-08-27 07:00:00,Thursday,7,2.921,1.589,0.000,1.120,0.000,0.000,5.630,
2026-08-27 08:00:00,Thursday,8,2.351,1.166,0.000,0.798,0.000,0.000,4.315,
2026-08-27 09:00:00,Thursday,9,3.179,1.138,0.000,0.000,0.382,1.955,6.654,pompa basenu
2026-08-27 10:00:00,Thursday,10,2.203,0.591,0.000,0.000,0.483,1.396,4.673,pompa basenu
2026-08-27 11:00:00,Thursday,11,2.638,0.000,0.000,0.000,0.421,2.240,5.299,pompa basenu
2026-08-27 12:00:00,Thursday,12,2.332,0.000,0.000,0.000,0.469,1.449,4.250,pompa basenu
2026-08-27 13:00:00,Thursday,13,1.987,0.000,0.000,1.898,0.437,2.040,6.362,pompa basenu
2026-08-27 14:00:00,Thursday,14,2.242,0.000,0.000,0.000,0.543,1.536,4.321,pompa basenu
2026-08-27 15:00:00,Thursday,15,2.479,0.000,0.000,0.000,0.419,2.148,5.046,pompa basenu
2026-08-27 16:00:00,Thursday,16,2.636,0.000,0.000,0.000,0.448,1.396,4.480,pompa basenu
2026-08-27 17:00:00,Thursday,17,2.102,0.000,0.000,0.000,0.784,0.000,2.886,
2026-08-27 18:00:00,Thursday,18,2.870,0.000,0.000,3.496,0.741,0.000,7.107,
2026-08-27 19:00:00,Thursday,19,2.116,0.000,0.000,0.000,0.580,1.983,4.679,zmywarka
2026-08-27 20:00:00,Thursday,20,2.974,0.557,0.416,0.000,0.752,0.000,4.699,
2026-08-27 21:00:00,Thursday,21,2.316,0.683,0.506,0.000,0.554,0.000,4.059,
2026-08-27 22:00:00,Thursday,22,2.744,0.543,0.338,0.000,0.918,9.929,14.472,ładowanie EV
2026-08-27 23:00:00,Thursday,23,2.017,0.518,0.000,0.000,0.000,9.752,12.287,ładowanie EV
2026-08-28 00:00:00,Friday,0,2.712,0.000,0.000,0.000,0.000,8.441,11.153,ładowanie EV
2026-08-28 01:00:00,Friday,1,2.965,0.000,0.000,0.000,0.000,13.427,16.392,ładowanie EV
2026-08-28 02:00:00,Friday,2,3.181,0.000,0.000,0.000,0.000,8.305,11.486,ładowanie EV
2026-08-28 03:00:00,Friday,3,2.275,0.000,0.000,0.000,0.000,8.956,11.231,ładowanie EV
2026-08-28 04:00:00,Friday,4,2.346,0.000,0.000,0.000,0.000,14.324,16.670,ładowanie EV
2026-08-28 05:00:00,Friday,5,1.955,0.000,0.000,0.000,0.000,10.387,12.342,ładowanie EV
2026-08-28 06:00:00,Friday,6,2.387,0.662,0.000,1.175,0.000,0.000,4.224,
2026-08-28 07:00:00,Friday,7,2.698,0.651,0.000,0.639,0.000,0.000,3.988,
2026-08-28 08:00:00,Friday,8,2.845,0.414,0.000,0.830,0.000,0.000,4.089,
2026-08-28 09:00:00,Friday,9,1.992,0.000,0.000,0.000,0.465,2.686,5.143,pompa basenu
2026-08-28 10:00:00,Friday,10,2.190,0.000,0.000,0.000,0.320,2.378,4.888,pompa basenu
2026-08-28 11:00:00,Friday,11,1.898,0.000,0.000,0.000,0.515,2.178,4.591,pompa basenu
2026-08-28 12:00:00,Friday,12,2.827,0.000,0.000,1.569,0.416,2.346,7.158,pompa basenu
2026-08-28 13:00:00,Friday,13,2.252,0.000,0.000,0.000,0.288,2.125,4.665,pompa basenu
2026-08-28 14:00:00,Friday,14,3.167,0.000,0.000,0.000,0.658,1.796,5.621,pompa basenu
2026-08-28 15:00:00,Friday,15,2.799,0.000,0.000,0.000,0.593,1.907,5.299,pompa basenu
2026-08-28 16:00:00,Friday,16,2.339,0.000,0.000,0.000,0.729,1.893,4.961,pompa basenu
2026-08-28 17:00:00,Friday,17,2.838,0.000,0.000,3.535,0.911,0.000,7.284,
2026-08-28 18:00:00,Friday,18,3.160,0.000,0.000,0.000,1.203,0.000,4.363,
2026-08-28 19:00:00,Friday,19,2.673,0.000,0.000,0.000,0.741,2.454,5.868,zmywarka
2026-08-28 20:00:00,Friday,20,2.571,0.000,0.407,0.000,0.674,0.000,3.652,
2026-08-28 21:00:00,Friday,21,2.783,0.591,0.368,0.000,0.987,0.000,4.729,
2026-08-28 22:00:00,Friday,22,1.881,0.000,0.292,0.000,0.610,12.144,14.927,ładowanie EV
2026-08-28 23:00:00,Friday,23,2.663,0.000,0.000,0.000,0.000,16.818,19.481,ładowanie EV
2026-08-29 00:00:00,Saturday,0,3.096,0.000,0.000,0.000,0.000,13.966,17.062,ładowanie EV
2026-08-29 01:00:00,Saturday,1,3.146,0.428,0.000,0.000,0.000,14.812,18.386,ładowanie EV
2026-08-29 02:00:00,Saturday,2,2.091,0.000,0.000,0.000,0.000,11.314,13.405,ładowanie EV
2026-08-29 03:00:00,Saturday,3,2.726,0.000,0.000,0.000,0.000,15.645,18.371,ładowanie EV
2026-08-29 04:00:00,Saturday,4,3.052,0.672,0.000,0.000,0.000,13.814,17.538,ładowanie EV
2026-08-29 05:00:00,Saturday,5,3.098,0.752,0.000,0.000,0.000,9.970,13.820,ładowanie EV
2026-08-29 06:00:00,Saturday,6,3.144,0.980,0.000,1.134,0.000,0.000,5.258,
2026-08-29 07:00:00,Saturday,7,2.236,1.017,0.000,0.724,0.000,0.000,3.977,
2026-08-29 08:00:00,Saturday,8,2.932,0.950,0.000,1.201,0.000,0.000,5.083,
2026-08-29 09:00:00,Saturday,9,3.190,0.906,0.000,0.000,0.255,1.716,6.067,pompa basenu
2026-08-29 10:00:00,Saturday,10,2.325,0.619,0.000,0.000,0.777,2.956,6.677,pompa basenu; pralka
2026-08-29 11:00:00,Saturday,11,2.840,0.000,0.000,0.000,0.814,7.680,11.334,pompa basenu; suszarka
2026-08-29 12:00:00,Saturday,12,2.760,0.000,0.000,2.507,0.377,1.971,7.615,pompa basenu
2026-08-29 13:00:00,Saturday,13,2.514,0.768,0.000,0.000,0.807,2.031,6.120,pompa basenu
2026-08-29 14:00:00,Saturday,14,3.211,0.812,0.000,0.000,0.396,5.486,9.905,pompa basenu; zmywarka
2026-08-29 15:00:00,Saturday,15,3.096,0.619,0.000,0.000,0.182,1.679,5.576,pompa basenu
2026-08-29 16:00:00,Saturday,16,2.659,0.534,0.000,0.000,0.474,2.719,6.386,pompa basenu
2026-08-29 17:00:00,Saturday,17,2.033,0.000,0.000,0.000,0.646,0.000,2.679,
2026-08-29 18:00:00,Saturday,18,2.139,0.000,0.000,3.666,0.731,0.000,6.536,
2026-08-29 19:00:00,Saturday,19,2.385,0.000,0.000,0.000,0.913,20.656,23.954,sauna
2026-08-29 20:00:00,Saturday,20,3.052,0.448,0.000,0.000,0.731,19.904,24.135,sauna
2026-08-29 21:00:00,Saturday,21,3.174,0.414,0.276,0.000,0.522,16.243,20.629,sauna
2026-08-29 22:00:00,Saturday,22,2.293,0.000,0.143,0.000,0.862,9.943,13.241,ładowanie EV
2026-08-29 23:00:00,Saturday,23,2.870,0.000,0.000,0.000,0.000,14.780,17.650,ładowanie EV
2026-08-30 00:00:00,Sunday,0,2.919,0.000,0.000,0.000,0.000,15.274,18.193,ładowanie EV
2026-08-30 01:00:00,Sunday,1,2.886,0.000,0.000,0.000,0.000,8.611,11.497,ładowanie EV
2026-08-30 02:00:00,Sunday,2,1.920,0.000,0.000,0.000,0.000,10.150,12.070,ładowanie EV
2026-08-30 03:00:00,Sunday,3,2.926,0.000,0.000,0.000,0.000,8.774,11.700,ładowanie EV
2026-08-30 04:00:00,Sunday,4,2.282,0.000,0.000,0.000,0.000,14.437,16.719,ładowanie EV
2026-08-30 05:00:00,Sunday,5,3.186,0.000,0.000,0.000,0.000,13.172,16.358,ładowanie EV
2026-08-30 06:00:00,Sunday,6,2.838,0.515,0.000,0.720,0.000,0.000,4.073,
2026-08-30 07:00:00,Sunday,7,3.137,0.593,0.000,0.777,0.000,0.000,4.507,
2026-08-30 08:00:00,Sunday,8,2.719,0.628,0.000,1.265,0.000,0.000,4.612,
2026-08-30 09:00:00,Sunday,9,3.206,0.632,0.000,0.000,0.488,4.248,8.574,pompa basenu; pralka
2026-08-30 10:00:00,Sunday,10,2.098,0.803,0.000,0.000,0.683,2.169,5.753,pompa basenu
2026-08-30 11:00:00,Sunday,11,2.077,0.674,0.000,0.000,0.288,1.520,4.559,pompa basenu
2026-08-30 12:00:00,Sunday,12,2.482,0.492,0.000,2.417,0.455,2.661,8.507,pompa basenu
2026-08-30 13:00:00,Sunday,13,2.797,0.614,0.000,0.000,0.856,5.000,9.267,pompa basenu; zmywarka
2026-08-30 14:00:00,Sunday,14,2.169,0.000,0.000,0.000,0.352,1.755,4.276,pompa basenu
2026-08-30 15:00:00,Sunday,15,2.463,0.000,0.000,0.000,0.722,2.231,5.416,pompa basenu
2026-08-30 16:00:00,Sunday,16,2.792,0.000,0.000,0.000,0.853,2.537,6.182,pompa basenu
2026-08-30 17:00:00,Sunday,17,2.645,0.000,0.000,0.000,0.915,0.000,3.560,
2026-08-30 18:00:00,Sunday,18,2.673,0.573,0.000,3.639,0.796,0.000,7.681,
2026-08-30 19:00:00,Sunday,19,1.990,0.462,0.000,0.000,0.844,17.052,20.348,sauna
2026-08-30 20:00:00,Sunday,20,2.491,0.610,0.000,0.000,1.060,16.270,20.431,sauna
2026-08-30 21:00:00,Sunday,21,2.224,0.837,0.336,0.000,0.632,18.352,22.381,sauna
2026-08-30 22:00:00,Sunday,22,2.748,0.676,0.301,0.000,0.734,12.408,16.867,ładowanie EV
2026-08-30 23:00:00,Sunday,23,2.171,0.738,0.000,0.000,0.000,10.081,12.990,ładowanie EV
2026-08-31 00:00:00,Monday,0,2.785,0.697,0.000,0.000,0.000,11.794,15.276,ładowanie EV
2026-08-31 01:00:00,Monday,1,3.004,0.860,0.000,0.000,0.000,12.701,16.565,ładowanie EV
2026-08-31 02:00:00,Monday,2,2.907,0.833,0.000,0.000,0.000,16.670,20.410,ładowanie EV
2026-08-31 03:00:00,Monday,3,1.861,1.035,0.000,0.000,0.000,16.098,18.994,ładowanie EV
2026-08-31 04:00:00,Monday,4,2.546,0.858,0.000,0.000,0.000,12.211,15.615,ładowanie EV
2026-08-31 05:00:00,Monday,5,2.882,0.936,0.000,0.000,0.000,16.716,20.534,ładowanie EV
2026-08-31 06:00:00,Monday,6,2.661,1.175,0.000,1.076,0.000,0.000,4.912,
2026-08-31 07:00:00,Monday,7,2.249,1.300,0.000,0.775,0.000,0.000,4.324,
2026-08-31 08:00:00,Monday,8,3.130,0.899,0.000,1.247,0.000,0.000,5.276,
2026-08-31 09:00:00,Monday,9,3.068,0.623,0.000,0.000,0.435,1.410,5.536,pompa basenu
2026-08-31 10:00:00,Monday,10,2.877,0.704,0.000,0.000,0.347,2.394,6.322,pompa basenu
2026-08-31 11:00:00,Monday,11,2.974,0.589,0.000,0.000,0.278,1.506,5.347,pompa basenu
2026-08-31 12:00:00,Monday,12,2.746,1.090,0.000,1.403,0.469,1.532,7.240,pompa basenu
2026-08-31 13:00:00,Monday,13,2.700,0.748,0.000,0.000,0.384,2.468,6.300,pompa basenu
2026-08-31 14:00:00,Monday,14,1.861,0.000,0.000,0.000,0.386,2.742,4.989,pompa basenu
2026-08-31 15:00:00,Monday,15,2.010,0.000,0.000,0.000,0.538,2.732,5.280,pompa basenu
2026-08-31 16:00:00,Monday,16,2.075,0.856,0.000,0.000,0.851,1.670,5.452,pompa basenu
2026-08-31 17:00:00,Monday,17,1.870,0.745,0.000,0.000,0.867,0.000,3.482,
2026-08-31 18:00:00,Monday,18,2.583,0.718,0.000,2.732,0.862,0.000,6.895,
2026-08-31 19:00:00,Monday,19,2.990,0.718,0.000,0.000,0.529,0.000,4.237,
2026-08-31 20:00:00,Monday,20,2.958,0.672,0.513,0.000,0.975,2.174,7.292,zmywarka
2026-08-31 21:00:00,Monday,21,3.218,0.842,0.582,0.000,1.088,0.000,5.730,
2026-08-31 22:00:00,Monday,22,2.689,0.610,0.310,0.000,0.883,16.215,20.707,ładowanie EV
2026-08-31 23:00:00,Monday,23,2.905,0.748,0.000,0.000,0.000,9.635,13.288,ładowanie EV
2026-09-01 00:00:00,Tuesday,0,2.268,0.883,0.000,0.000,0.000,14.108,17.259,ładowanie EV
2026-09-01 01:00:00,Tuesday,1,2.880,1.090,0.000,0.000,0.000,9.002,12.972,ładowanie EV
2026-09-01 02:00:00,Tuesday,2,2.010,0.869,0.000,0.000,0.000,15.240,18.119,ładowanie EV
2026-09-01 03:00:00,Tuesday,3,2.509,1.175,0.000,0.000,0.000,13.938,17.622,ładowanie EV
2026-09-01 04:00:00,Tuesday,4,2.010,1.247,0.000,0.000,0.000,15.631,18.888,ładowanie EV
2026-09-01 05:00:00,Tuesday,5,2.210,1.242,0.000,0.000,0.000,11.275,14.727,ładowanie EV
2026-09-01 06:00:00,Tuesday,6,2.880,1.412,0.458,0.750,0.000,0.000,5.500,
2026-09-01 07:00:00,Tuesday,7,2.141,1.686,0.000,1.318,0.000,0.000,5.145,
2026-09-01 08:00:00,Tuesday,8,2.213,1.562,0.000,1.240,0.000,0.000,5.015,
2026-09-01 09:00:00,Tuesday,9,1.930,1.221,0.000,0.000,0.363,2.022,5.536,pompa basenu
2026-09-01 10:00:00,Tuesday,10,3.197,0.945,0.000,0.000,0.327,2.102,6.571,pompa basenu
2026-09-01 11:00:00,Tuesday,11,2.912,0.577,0.000,0.000,0.506,1.619,5.614,pompa basenu
2026-09-01 12:00:00,Tuesday,12,2.972,0.000,0.000,0.000,0.310,2.215,5.497,pompa basenu
2026-09-01 13:00:00,Tuesday,13,2.799,0.000,0.000,1.378,0.465,1.808,6.450,pompa basenu
2026-09-01 14:00:00,Tuesday,14,2.104,0.000,0.000,0.000,0.568,4.080,6.752,pompa basenu; pralka
2026-09-01 15:00:00,Tuesday,15,2.907,0.000,0.000,0.000,0.570,2.650,6.127,pompa basenu
2026-09-01 16:00:00,Tuesday,16,2.466,0.589,0.000,0.000,0.416,2.263,5.734,pompa basenu
2026-09-01 17:00:00,Tuesday,17,2.824,0.695,0.000,0.000,0.959,0.000,4.478,
2026-09-01 18:00:00,Tuesday,18,2.962,0.748,0.000,3.774,1.026,0.000,8.510,
2026-09-01 19:00:00,Tuesday,19,3.011,0.794,0.000,0.000,0.862,2.222,6.889,zmywarka
2026-09-01 20:00:00,Tuesday,20,3.128,1.070,0.460,0.000,0.803,0.000,5.461,
2026-09-01 21:00:00,Tuesday,21,2.114,1.267,0.407,0.000,1.196,0.000,4.984,
2026-09-01 22:00:00,Tuesday,22,2.588,0.943,0.133,0.000,0.695,8.791,13.150,ładowanie EV
2026-09-01 23:00:00,Tuesday,23,3.211,0.929,0.000,0.000,0.000,15.672,19.812,ładowanie EV
2026-09-02 00:00:00,Wednesday,0,2.022,1.046,0.000,0.000,0.000,16.022,19.090,ładowanie EV
2026-09-02 01:00:00,Wednesday,1,2.408,1.067,0.000,0.000,0.000,12.645,16.120,ładowanie EV
2026-09-02 02:00:00,Wednesday,2,2.723,1.171,0.000,0.000,0.000,8.958,12.852,ładowanie EV
2026-09-02 03:00:00,Wednesday,3,3.096,1.046,0.000,0.000,0.000,13.006,17.148,ładowanie EV
2026-09-02 04:00:00,Wednesday,4,2.364,1.382,0.000,0.000,0.000,11.077,14.823,ładowanie EV
2026-09-02 05:00:00,Wednesday,5,2.459,1.401,0.000,0.000,0.000,13.110,16.970,ładowanie EV
2026-09-02 06:00:00,Wednesday,6,2.157,1.622,0.283,0.478,0.000,0.000,4.540,
2026-09-02 07:00:00,Wednesday,7,3.121,1.244,0.000,1.092,0.000,0.000,5.457,
2026-09-02 08:00:00,Wednesday,8,2.153,1.187,0.000,1.168,0.000,0.000,4.508,
2026-09-02 09:00:00,Wednesday,9,1.842,1.116,0.000,0.000,0.331,1.714,5.003,pompa basenu
2026-09-02 10:00:00,Wednesday,10,2.859,0.731,0.000,0.000,0.402,1.898,5.890,pompa basenu
2026-09-02 11:00:00,Wednesday,11,2.709,0.614,0.000,0.000,0.285,1.414,5.022,pompa basenu
2026-09-02 12:00:00,Wednesday,12,3.080,0.564,0.000,0.000,0.476,2.758,6.878,pompa basenu
2026-09-02 13:00:00,Wednesday,13,2.808,0.552,0.000,1.656,0.338,2.309,7.663,pompa basenu
2026-09-02 14:00:00,Wednesday,14,2.822,0.794,0.000,0.000,0.610,1.566,5.792,pompa basenu
2026-09-02 15:00:00,Wednesday,15,2.203,0.876,0.000,0.000,0.796,2.001,5.876,pompa basenu
2026-09-02 16:00:00,Wednesday,16,2.705,0.821,0.000,0.000,0.317,2.231,6.074,pompa basenu
2026-09-02 17:00:00,Wednesday,17,1.900,0.927,0.000,3.926,1.095,0.000,7.848,
2026-09-02 18:00:00,Wednesday,18,2.450,0.984,0.000,0.000,1.044,0.000,4.478,
2026-09-02 19:00:00,Wednesday,19,2.268,1.028,0.000,0.000,1.090,2.183,6.569,zmywarka
2026-09-02 20:00:00,Wednesday,20,3.149,1.173,0.292,0.000,1.178,0.000,5.792,
2026-09-02 21:00:00,Wednesday,21,3.073,1.334,0.260,0.000,1.037,0.000,5.704,
2026-09-02 22:00:00,Wednesday,22,2.410,0.794,0.310,0.000,1.198,8.830,13.542,ładowanie EV
2026-09-02 23:00:00,Wednesday,23,3.135,0.826,0.000,0.000,0.000,15.350,19.311,ładowanie EV
2026-09-03 00:00:00,Thursday,0,2.737,0.860,0.000,0.000,0.000,12.963,16.560,ładowanie EV
2026-09-03 01:00:00,Thursday,1,2.870,0.959,0.000,0.000,0.000,15.525,19.354,ładowanie EV
2026-09-03 02:00:00,Thursday,2,2.634,0.994,0.000,0.000,0.000,12.514,16.142,ładowanie EV
2026-09-03 03:00:00,Thursday,3,3.238,1.109,0.000,0.000,0.000,12.121,16.468,ładowanie EV
2026-09-03 04:00:00,Thursday,4,2.820,1.187,0.000,0.000,0.000,8.374,12.381,ładowanie EV
2026-09-03 05:00:00,Thursday,5,2.636,1.408,0.000,0.000,0.000,15.695,19.739,ładowanie EV
2026-09-03 06:00:00,Thursday,6,2.569,1.769,0.214,0.964,0.000,0.000,5.516,
2026-09-03 07:00:00,Thursday,7,1.957,1.460,0.000,0.787,0.000,0.000,4.204,
2026-09-03 08:00:00,Thursday,8,3.176,1.281,0.000,0.888,0.000,0.000,5.345,
2026-09-03 09:00:00,Thursday,9,2.339,1.258,0.000,0.000,0.345,2.242,6.184,pompa basenu
2026-09-03 10:00:00,Thursday,10,2.084,1.235,0.000,0.000,0.288,2.521,6.128,pompa basenu
2026-09-03 11:00:00,Thursday,11,2.445,1.295,0.000,0.000,0.393,2.624,6.757,pompa basenu
2026-09-03 12:00:00,Thursday,12,2.217,1.184,0.000,0.729,0.336,4.239,8.705,pompa basenu; pralka
2026-09-03 13:00:00,Thursday,13,2.452,1.021,0.000,0.000,0.416,6.810,10.699,pompa basenu; suszarka
2026-09-03 14:00:00,Thursday,14,2.737,0.554,0.000,0.000,0.591,1.854,5.736,pompa basenu
2026-09-03 15:00:00,Thursday,15,2.583,0.568,0.000,0.000,0.380,1.801,5.332,pompa basenu
2026-09-03 16:00:00,Thursday,16,2.466,0.515,0.000,0.000,0.444,1.895,5.320,pompa basenu
2026-09-03 17:00:00,Thursday,17,3.064,0.000,0.000,0.000,0.805,0.000,3.869,
2026-09-03 18:00:00,Thursday,18,2.995,0.586,0.000,6.155,0.596,0.000,10.332,
2026-09-03 19:00:00,Thursday,19,2.307,0.497,0.000,0.000,1.157,0.000,3.961,
2026-09-03 20:00:00,Thursday,20,3.199,0.773,0.396,0.000,0.678,2.500,7.546,zmywarka
2026-09-03 21:00:00,Thursday,21,2.742,0.644,0.534,0.000,0.982,0.000,4.902,
2026-09-03 22:00:00,Thursday,22,2.691,0.446,0.189,0.000,0.879,14.007,18.212,ładowanie EV
2026-09-03 23:00:00,Thursday,23,2.730,0.619,0.000,0.000,0.000,11.486,14.835,ładowanie EV
2026-09-04 00:00:00,Friday,0,1.893,0.708,0.000,0.000,0.000,10.021,12.622,ładowanie EV
2026-09-04 01:00:00,Friday,1,1.891,0.738,0.000,0.000,0.000,8.846,11.475,ładowanie EV
2026-09-04 02:00:00,Friday,2,2.247,0.750,0.000,0.000,0.000,14.200,17.197,ładowanie EV
2026-09-04 03:00:00,Friday,3,2.781,0.902,0.000,0.000,0.000,16.804,20.487,ładowanie EV
2026-09-04 04:00:00,Friday,4,3.036,0.978,0.000,0.000,0.000,10.980,14.994,ładowanie EV
2026-09-04 05:00:00,Friday,5,2.551,0.906,0.000,0.000,0.000,11.334,14.791,ładowanie EV
2026-09-04 06:00:00,Friday,6,2.187,1.240,0.205,0.635,0.000,0.000,4.267,
2026-09-04 07:00:00,Friday,7,2.426,1.357,0.000,0.803,0.000,0.000,4.586,
2026-09-04 08:00:00,Friday,8,2.470,1.311,0.000,0.720,0.000,0.000,4.501,
2026-09-04 09:00:00,Friday,9,2.643,1.260,0.000,0.000,0.306,1.624,5.833,pompa basenu
2026-09-04 10:00:00,Friday,10,2.617,1.127,0.000,0.000,0.322,1.723,5.789,pompa basenu
2026-09-04 11:00:00,Friday,11,2.077,1.145,0.000,0.000,0.384,1.718,5.324,pompa basenu
2026-09-04 12:00:00,Friday,12,2.038,0.927,0.000,0.000,0.518,2.454,5.937,pompa basenu
2026-09-04 13:00:00,Friday,13,3.050,0.798,0.000,1.010,0.347,1.596,6.801,pompa basenu
2026-09-04 14:00:00,Friday,14,1.927,1.214,0.000,0.000,0.768,2.360,6.269,pompa basenu
2026-09-04 15:00:00,Friday,15,2.498,1.086,0.000,0.000,0.393,1.396,5.373,pompa basenu
2026-09-04 16:00:00,Friday,16,1.950,1.210,0.000,0.000,0.823,2.413,6.396,pompa basenu
2026-09-04 17:00:00,Friday,17,2.036,1.136,0.000,0.000,1.000,0.000,4.172,
2026-09-04 18:00:00,Friday,18,2.015,1.191,0.000,4.947,0.791,0.000,8.944,
2026-09-04 19:00:00,Friday,19,2.903,1.138,0.575,0.000,0.759,0.000,5.375,
2026-09-04 20:00:00,Friday,20,2.700,1.557,0.409,0.000,0.603,2.174,7.443,zmywarka
2026-09-04 21:00:00,Friday,21,2.054,1.720,0.557,0.000,0.690,0.000,5.021,
2026-09-04 22:00:00,Friday,22,2.705,1.288,0.285,0.000,0.520,8.712,13.510,ładowanie EV
2026-09-04 23:00:00,Friday,23,2.134,1.447,0.000,0.000,0.000,16.969,20.550,ładowanie EV
2026-09-05 00:00:00,Saturday,0,2.323,1.313,0.000,0.000,0.000,8.416,12.052,ładowanie EV
2026-09-05 01:00:00,Saturday,1,2.346,1.320,0.000,0.000,0.000,10.267,13.933,ładowanie EV
2026-09-05 02:00:00,Saturday,2,2.012,1.196,0.000,0.000,0.000,12.149,15.357,ładowanie EV
2026-09-05 03:00:00,Saturday,3,2.420,1.658,0.000,0.000,0.000,12.820,16.898,ładowanie EV
2026-09-05 04:00:00,Saturday,4,3.202,1.297,0.000,0.000,0.000,8.634,13.133,ładowanie EV
2026-09-05 05:00:00,Saturday,5,2.275,1.523,0.000,0.000,0.000,9.076,12.874,ładowanie EV
2026-09-05 06:00:00,Saturday,6,1.973,1.697,0.462,0.494,0.000,0.000,4.626,
2026-09-05 07:00:00,Saturday,7,3.006,1.690,0.000,0.727,0.000,0.000,5.423,
2026-09-05 08:00:00,Saturday,8,2.192,1.920,0.000,1.116,0.000,0.000,5.228,
2026-09-05 09:00:00,Saturday,9,3.094,1.642,0.000,0.000,0.175,3.606,8.517,pompa basenu; pralka
2026-09-05 10:00:00,Saturday,10,2.300,1.357,0.000,0.000,0.334,8.052,12.043,pompa basenu; suszarka
2026-09-05 11:00:00,Saturday,11,2.463,1.194,0.000,0.000,0.386,2.507,6.550,pompa basenu
2026-09-05 12:00:00,Saturday,12,2.546,1.072,0.000,0.000,0.840,1.663,6.121,pompa basenu
2026-09-05 13:00:00,Saturday,13,2.316,1.164,0.000,2.822,0.455,2.399,9.156,pompa basenu
2026-09-05 14:00:00,Saturday,14,2.640,0.879,0.000,0.000,0.423,1.500,5.442,pompa basenu
2026-09-05 15:00:00,Saturday,15,2.084,0.833,0.000,0.000,0.676,2.737,6.330,pompa basenu
2026-09-05 16:00:00,Saturday,16,1.957,0.819,0.000,0.000,0.255,2.376,5.407,pompa basenu
2026-09-05 17:00:00,Saturday,17,2.148,0.980,0.000,0.000,1.111,0.000,4.239,
2026-09-05 18:00:00,Saturday,18,3.077,1.297,0.000,2.491,0.706,0.000,7.571,
2026-09-05 19:00:00,Saturday,19,1.874,1.168,0.000,0.000,0.915,15.911,19.868,sauna
2026-09-05 20:00:00,Saturday,20,3.002,1.249,0.398,0.000,0.607,15.120,20.376,sauna
2026-09-05 21:00:00,Saturday,21,1.884,1.350,0.283,0.000,1.125,20.385,25.027,sauna
2026-09-05 22:00:00,Saturday,22,2.291,1.300,0.161,0.000,1.033,9.609,14.394,ładowanie EV
2026-09-05 23:00:00,Saturday,23,2.288,1.187,0.000,0.000,0.000,12.609,16.084,ładowanie EV
2026-09-06 00:00:00,Sunday,0,3.029,1.164,0.000,0.000,0.000,13.979,18.172,ładowanie EV
2026-09-06 01:00:00,Sunday,1,1.950,1.230,0.000,0.000,0.000,10.332,13.512,ładowanie EV
2026-09-06 02:00:00,Sunday,2,2.194,1.329,0.000,0.000,0.000,11.587,15.110,ładowanie EV
2026-09-06 03:00:00,Sunday,3,1.854,1.288,0.000,0.000,0.000,8.144,11.286,ładowanie EV
2026-09-06 04:00:00,Sunday,4,2.242,1.332,0.000,0.000,0.000,14.134,17.708,ładowanie EV
2026-09-06 05:00:00,Sunday,5,3.070,1.382,0.000,0.000,0.000,9.225,13.677,ładowanie EV
2026-09-06 06:00:00,Sunday,6,3.041,1.644,0.230,1.138,0.000,0.000,6.053,
2026-09-06 07:00:00,Sunday,7,2.192,1.911,0.000,0.639,0.000,0.000,4.742,
2026-09-06 08:00:00,Sunday,8,1.946,1.470,0.000,0.453,0.000,0.000,3.869,
2026-09-06 09:00:00,Sunday,9,2.157,1.217,0.000,0.000,0.690,1.438,5.502,pompa basenu
2026-09-06 10:00:00,Sunday,10,3.052,1.214,0.000,0.000,0.547,1.612,6.425,pompa basenu
2026-09-06 11:00:00,Sunday,11,3.034,1.012,0.000,0.000,0.375,1.661,6.082,pompa basenu
2026-09-06 12:00:00,Sunday,12,2.022,1.097,0.000,0.000,0.288,1.714,5.121,pompa basenu
2026-09-06 13:00:00,Sunday,13,2.898,0.800,0.000,3.195,0.209,5.032,12.134,pompa basenu; zmywarka
2026-09-06 14:00:00,Sunday,14,2.334,0.678,0.000,0.000,0.511,1.444,4.967,pompa basenu
2026-09-06 15:00:00,Sunday,15,1.884,0.819,0.000,0.000,0.310,1.895,4.908,pompa basenu
2026-09-06 16:00:00,Sunday,16,2.178,0.816,0.000,0.000,0.223,2.521,5.738,pompa basenu
2026-09-06 17:00:00,Sunday,17,2.109,0.646,0.000,0.000,0.653,0.000,3.408,
2026-09-06 18:00:00,Sunday,18,2.328,0.810,0.000,5.720,1.067,0.000,9.925,
2026-09-06 19:00:00,Sunday,19,2.169,1.132,0.000,0.000,0.814,16.657,20.772,sauna
2026-09-06 20:00:00,Sunday,20,2.008,1.026,0.598,0.000,0.632,19.575,23.839,sauna
2026-09-06 21:00:00,Sunday,21,1.884,1.433,0.534,0.000,0.978,15.582,20.411,sauna
2026-09-06 22:00:00,Sunday,22,2.801,1.090,0.290,0.000,0.757,8.781,13.719,ładowanie EV
2026-09-06 23:00:00,Sunday,23,2.981,1.070,0.000,0.000,0.000,13.165,17.216,ładowanie EV
2026-09-07 00:00:00,Monday,0,2.125,0.950,0.000,0.000,0.000,9.938,13.013,ładowanie EV
2026-09-07 01:00:00,Monday,1,2.215,1.099,0.000,0.000,0.000,15.707,19.021,ładowanie EV
2026-09-07 02:00:00,Monday,2,3.114,1.210,0.000,0.000,0.000,13.786,18.110,ładowanie EV
2026-09-07 03:00:00,Monday,3,2.404,0.895,0.000,0.000,0.000,10.476,13.775,ładowanie EV
2026-09-07 04:00:00,Monday,4,2.288,0.980,0.000,0.000,0.000,10.380,13.648,ładowanie EV
2026-09-07 05:00:00,Monday,5,2.548,0.881,0.000,0.000,0.000,9.384,12.813,ładowanie EV
2026-09-07 06:00:00,Monday,6,3.077,1.212,0.189,1.042,0.000,0.000,5.520,
2026-09-07 07:00:00,Monday,7,3.153,1.127,0.000,1.017,0.000,0.000,5.297,
2026-09-07 08:00:00,Monday,8,2.482,0.932,0.000,0.879,0.000,0.000,4.293,
2026-09-07 09:00:00,Monday,9,2.673,0.862,0.000,0.000,0.421,1.424,5.380,pompa basenu
2026-09-07 10:00:00,Monday,10,2.535,0.842,0.000,0.000,0.331,2.058,5.766,pompa basenu
2026-09-07 11:00:00,Monday,11,1.955,0.904,0.000,0.000,0.499,2.093,5.451,pompa basenu
2026-09-07 12:00:00,Monday,12,2.410,0.773,0.000,0.000,0.508,2.682,6.373,pompa basenu
2026-09-07 13:00:00,Monday,13,1.886,0.727,0.000,1.849,0.439,1.465,6.366,pompa basenu
2026-09-07 14:00:00,Monday,14,2.988,0.513,0.000,0.000,0.674,2.015,6.190,pompa basenu
2026-09-07 15:00:00,Monday,15,2.712,0.485,0.000,0.000,0.589,1.863,5.649,pompa basenu
2026-09-07 16:00:00,Monday,16,2.919,0.000,0.000,0.000,0.853,1.776,5.548,pompa basenu
2026-09-07 17:00:00,Monday,17,2.217,0.000,0.000,0.000,0.773,0.000,2.990,
2026-09-07 18:00:00,Monday,18,2.560,0.000,0.000,3.767,0.945,0.000,7.272,
2026-09-07 19:00:00,Monday,19,2.903,0.469,0.000,0.000,0.662,0.000,4.034,
2026-09-07 20:00:00,Monday,20,1.996,0.460,0.402,0.000,0.869,2.029,5.756,zmywarka
2026-09-07 21:00:00,Monday,21,2.634,0.000,0.508,0.000,0.564,0.000,3.706,
2026-09-07 22:00:00,Monday,22,3.165,0.000,0.310,0.000,0.566,16.962,21.003,ładowanie EV
2026-09-07 23:00:00,Monday,23,2.889,0.000,0.000,0.000,0.000,15.371,18.260,ładowanie EV
2026-09-08 00:00:00,Tuesday,0,2.518,0.000,0.000,0.000,0.000,14.134,16.652,ładowanie EV
2026-09-08 01:00:00,Tuesday,1,2.882,0.000,0.000,0.000,0.000,11.442,14.324,ładowanie EV
2026-09-08 02:00:00,Tuesday,2,2.528,0.000,0.000,0.000,0.000,10.824,13.352,ładowanie EV
2026-09-08 03:00:00,Tuesday,3,2.792,0.000,0.000,0.000,0.000,11.620,14.412,ładowanie EV
2026-09-08 04:00:00,Tuesday,4,2.857,0.000,0.000,0.000,0.000,8.062,10.919,ładowanie EV
2026-09-08 05:00:00,Tuesday,5,2.406,0.000,0.000,0.000,0.000,10.260,12.666,ładowanie EV
2026-09-08 06:00:00,Tuesday,6,1.978,0.782,0.472,0.835,0.000,0.000,4.067,
2026-09-08 07:00:00,Tuesday,7,2.272,0.840,0.000,0.828,0.000,0.000,3.940,
2026-09-08 08:00:00,Tuesday,8,2.500,0.683,0.000,0.998,0.000,0.000,4.181,
2026-09-08 09:00:00,Tuesday,9,2.374,0.646,0.000,0.000,0.465,3.687,7.172,pompa basenu; pralka
2026-09-08 10:00:00,Tuesday,10,2.716,0.610,0.000,0.000,0.490,1.838,5.654,pompa basenu
2026-09-08 11:00:00,Tuesday,11,1.868,0.692,0.000,0.000,0.285,2.606,5.451,pompa basenu
2026-09-08 12:00:00,Tuesday,12,2.452,0.639,0.000,0.000,0.299,2.157,5.547,pompa basenu
2026-09-08 13:00:00,Tuesday,13,2.532,0.478,0.000,2.061,0.315,2.321,7.707,pompa basenu
2026-09-08 14:00:00,Tuesday,14,2.247,0.000,0.000,0.000,0.458,1.490,4.195,pompa basenu
2026-09-08 15:00:00,Tuesday,15,1.861,0.485,0.000,0.000,0.607,2.509,5.462,pompa basenu
2026-09-08 16:00:00,Tuesday,16,2.293,0.692,0.000,0.000,0.430,2.272,5.687,pompa basenu
2026-09-08 17:00:00,Tuesday,17,2.962,0.844,0.000,0.000,0.766,0.000,4.572,
2026-09-08 18:00:00,Tuesday,18,3.022,1.095,0.000,4.188,0.943,0.000,9.248,
2026-09-08 19:00:00,Tuesday,19,2.532,1.104,0.573,0.000,1.095,2.102,7.406,zmywarka
2026-09-08 20:00:00,Tuesday,20,2.610,1.642,0.377,0.000,0.948,0.000,5.577,
2026-09-08 21:00:00,Tuesday,21,2.238,1.286,0.554,0.000,0.734,0.000,4.812,
2026-09-08 22:00:00,Tuesday,22,2.997,1.049,0.212,0.000,0.527,9.340,14.125,ładowanie EV
2026-09-08 23:00:00,Tuesday,23,2.321,0.961,0.000,0.000,0.000,16.574,19.856,ładowanie EV
2026-09-09 00:00:00,Wednesday,0,1.886,1.076,0.000,0.000,0.000,14.538,17.500,ładowanie EV
2026-09-09 01:00:00,Wednesday,1,1.955,1.035,0.000,0.000,0.000,11.564,14.554,ładowanie EV
2026-09-09 02:00:00,Wednesday,2,2.160,0.971,0.000,0.000,0.000,15.923,19.054,ładowanie EV
2026-09-09 03:00:00,Wednesday,3,1.971,0.938,0.000,0.000,0.000,13.667,16.576,ładowanie EV
2026-09-09 04:00:00,Wednesday,4,2.415,1.028,0.000,0.000,0.000,12.728,16.171,ładowanie EV
2026-09-09 05:00:00,Wednesday,5,2.477,1.058,0.000,0.000,0.000,8.344,11.879,ładowanie EV
2026-09-09 06:00:00,Wednesday,6,2.629,1.525,0.179,1.129,0.000,0.000,5.462,
2026-09-09 07:00:00,Wednesday,7,2.886,1.500,0.000,0.653,0.000,0.000,5.039,
2026-09-09 08:00:00,Wednesday,8,2.985,1.424,0.000,1.014,0.000,0.000,5.423,
2026-09-09 09:00:00,Wednesday,9,1.953,1.819,0.000,0.000,0.476,2.164,6.412,pompa basenu
2026-09-09 10:00:00,Wednesday,10,2.222,1.329,0.000,0.000,0.439,2.399,6.389,pompa basenu
2026-09-09 11:00:00,Wednesday,11,2.305,1.235,0.000,0.000,0.462,1.697,5.699,pompa basenu
2026-09-09 12:00:00,Wednesday,12,1.907,1.111,0.000,1.134,0.488,2.277,6.917,pompa basenu
2026-09-09 13:00:00,Wednesday,13,2.236,0.959,0.000,0.000,0.430,1.707,5.332,pompa basenu
2026-09-09 14:00:00,Wednesday,14,2.316,0.782,0.000,0.000,0.320,2.482,5.900,pompa basenu
2026-09-09 15:00:00,Wednesday,15,3.197,0.669,0.000,0.000,0.294,1.488,5.648,pompa basenu
2026-09-09 16:00:00,Wednesday,16,2.475,0.844,0.000,0.000,0.281,1.635,5.235,pompa basenu
2026-09-09 17:00:00,Wednesday,17,2.951,0.886,0.000,0.000,0.718,0.000,4.555,
2026-09-09 18:00:00,Wednesday,18,1.944,0.906,0.000,3.572,1.159,0.000,7.581,
2026-09-09 19:00:00,Wednesday,19,2.061,1.097,0.000,0.000,0.938,0.000,4.096,
2026-09-09 20:00:00,Wednesday,20,2.601,1.582,0.278,0.000,1.196,0.000,5.657,
2026-09-09 21:00:00,Wednesday,21,2.111,1.755,0.499,0.000,0.614,0.000,4.979,
2026-09-09 22:00:00,Wednesday,22,2.174,1.322,0.327,0.000,0.890,14.895,19.608,ładowanie EV
2026-09-09 23:00:00,Wednesday,23,2.893,1.325,0.000,0.000,0.000,8.639,12.857,ładowanie EV
2026-09-10 00:00:00,Thursday,0,2.868,1.605,0.000,0.000,0.000,12.629,17.102,ładowanie EV
2026-09-10 01:00:00,Thursday,1,2.017,1.898,0.000,0.000,0.000,16.413,20.328,ładowanie EV
2026-09-10 02:00:00,Thursday,2,3.222,1.911,0.000,0.000,0.000,14.092,19.225,ładowanie EV
2026-09-10 03:00:00,Thursday,3,3.195,1.806,0.000,0.000,0.000,10.810,15.811,ładowanie EV
2026-09-10 04:00:00,Thursday,4,2.758,1.778,0.000,0.000,0.000,9.527,14.063,ładowanie EV
2026-09-10 05:00:00,Thursday,5,2.965,1.516,0.000,0.000,0.000,12.712,17.193,ładowanie EV
2026-09-10 06:00:00,Thursday,6,2.397,1.923,0.334,0.987,0.000,0.000,5.641,
2026-09-10 07:00:00,Thursday,7,2.496,1.920,0.000,1.019,0.000,0.000,5.435,
2026-09-10 08:00:00,Thursday,8,3.075,2.187,0.000,0.718,0.000,0.000,5.980,
2026-09-10 09:00:00,Thursday,9,3.156,1.612,0.000,0.000,0.511,1.702,6.981,pompa basenu
2026-09-10 10:00:00,Thursday,10,2.413,1.564,0.000,0.000,0.513,2.751,7.241,pompa basenu
2026-09-10 11:00:00,Thursday,11,1.874,1.182,0.000,0.000,0.508,2.424,5.988,pompa basenu
2026-09-10 12:00:00,Thursday,12,3.011,1.037,0.000,0.849,0.393,2.052,7.342,pompa basenu
2026-09-10 13:00:00,Thursday,13,2.380,1.081,0.000,0.000,0.301,2.659,6.421,pompa basenu
2026-09-10 14:00:00,Thursday,14,2.762,1.021,0.000,0.000,0.327,1.939,6.049,pompa basenu
2026-09-10 15:00:00,Thursday,15,1.955,1.083,0.000,0.000,0.550,1.794,5.382,pompa basenu
2026-09-10 16:00:00,Thursday,16,2.723,0.888,0.000,0.000,0.683,2.560,6.854,pompa basenu
2026-09-10 17:00:00,Thursday,17,2.684,1.293,0.000,2.824,0.934,0.000,7.735,
2026-09-10 18:00:00,Thursday,18,2.624,1.359,0.000,0.000,0.915,0.000,4.898,
2026-09-10 19:00:00,Thursday,19,3.027,1.596,0.000,0.000,0.600,0.000,5.223,
2026-09-10 20:00:00,Thursday,20,2.574,1.808,0.409,0.000,0.547,2.001,7.339,zmywarka
2026-09-10 21:00:00,Thursday,21,2.567,1.780,0.653,0.000,0.922,0.000,5.922,
2026-09-10 22:00:00,Thursday,22,2.755,1.419,0.327,0.000,0.720,11.185,16.406,ładowanie EV
2026-09-10 23:00:00,Thursday,23,2.838,1.755,0.000,0.000,0.000,11.408,16.001,ładowanie EV
2026-09-11 00:00:00,Friday,0,3.215,1.863,0.000,0.000,0.000,12.114,17.192,ładowanie EV
2026-09-11 01:00:00,Friday,1,2.960,1.891,0.000,0.000,0.000,12.374,17.225,ładowanie EV
2026-09-11 02:00:00,Friday,2,2.870,1.679,0.000,0.000,0.000,10.394,14.943,ładowanie EV
2026-09-11 03:00:00,Friday,3,2.330,1.677,0.000,0.000,0.000,11.868,15.875,ładowanie EV
2026-09-11 04:00:00,Friday,4,2.222,2.075,0.000,0.000,0.000,14.044,18.341,ładowanie EV
2026-09-11 05:00:00,Friday,5,2.601,1.794,0.000,0.000,0.000,8.404,12.799,ładowanie EV
2026-09-11 06:00:00,Friday,6,2.682,2.422,0.386,0.573,0.000,0.000,6.063,
2026-09-11 07:00:00,Friday,7,2.137,2.268,0.000,0.616,0.000,0.000,5.021,
2026-09-11 08:00:00,Friday,8,2.148,1.858,0.000,0.736,0.000,0.000,4.742,
2026-09-11 09:00:00,Friday,9,2.990,1.688,0.000,0.000,0.432,2.422,7.532,pompa basenu
2026-09-11 10:00:00,Friday,10,2.762,1.138,0.000,0.000,0.442,2.233,6.575,pompa basenu
2026-09-11 11:00:00,Friday,11,2.091,1.097,0.000,0.000,0.308,1.782,5.278,pompa basenu
2026-09-11 12:00:00,Friday,12,2.838,1.063,0.000,0.000,0.370,1.518,5.789,pompa basenu
2026-09-11 13:00:00,Friday,13,2.629,0.902,0.000,1.966,0.370,2.367,8.234,pompa basenu
2026-09-11 14:00:00,Friday,14,2.415,0.980,0.000,0.000,0.322,1.463,5.180,pompa basenu
2026-09-11 15:00:00,Friday,15,2.040,0.699,0.000,0.000,0.586,2.358,5.683,pompa basenu
2026-09-11 16:00:00,Friday,16,3.158,0.702,0.000,0.000,0.688,1.518,6.066,pompa basenu
2026-09-11 17:00:00,Friday,17,2.153,0.842,0.000,0.000,0.780,0.000,3.775,
2026-09-11 18:00:00,Friday,18,1.925,0.888,0.000,3.898,0.913,0.000,7.624,
2026-09-11 19:00:00,Friday,19,2.935,0.954,0.304,0.000,0.989,2.564,7.746,zmywarka
2026-09-11 20:00:00,Friday,20,2.341,1.201,0.520,0.000,0.867,0.000,4.929,
2026-09-11 21:00:00,Friday,21,2.461,1.148,0.271,0.000,0.596,0.000,4.476,
2026-09-11 22:00:00,Friday,22,3.041,0.690,0.122,0.000,0.837,11.578,16.268,ładowanie EV
2026-09-11 23:00:00,Friday,23,3.236,0.692,0.000,0.000,0.000,11.155,15.083,ładowanie EV
2026-09-12 00:00:00,Saturday,0,1.893,0.656,0.000,0.000,0.000,12.015,14.564,ładowanie EV
2026-09-12 01:00:00,Saturday,1,3.181,0.711,0.000,0.000,0.000,15.325,19.217,ładowanie EV
2026-09-12 02:00:00,Saturday,2,2.972,0.651,0.000,0.000,0.000,9.764,13.387,ładowanie EV
2026-09-12 03:00:00,Saturday,3,2.116,0.881,0.000,0.000,0.000,11.854,14.851,ładowanie EV
2026-09-12 04:00:00,Saturday,4,3.186,0.991,0.000,0.000,0.000,8.632,12.809,ładowanie EV
2026-09-12 05:00:00,Saturday,5,2.530,1.148,0.000,0.000,0.000,9.600,13.278,ładowanie EV
2026-09-12 06:00:00,Saturday,6,2.118,1.601,0.315,0.823,0.000,0.000,4.857,
2026-09-12 07:00:00,Saturday,7,3.208,1.587,0.000,0.840,0.000,0.000,5.635,
2026-09-12 08:00:00,Saturday,8,2.891,1.578,0.000,0.761,0.000,0.000,5.230,
2026-09-12 09:00:00,Saturday,9,3.031,1.249,0.000,0.000,0.752,1.969,7.001,pompa basenu
2026-09-12 10:00:00,Saturday,10,2.505,0.948,0.000,0.000,0.373,1.695,5.521,pompa basenu
2026-09-12 11:00:00,Saturday,11,2.594,0.996,0.000,0.000,0.350,4.043,7.983,pompa basenu; pralka
2026-09-12 12:00:00,Saturday,12,3.084,0.851,0.000,0.000,0.706,1.771,6.412,pompa basenu
2026-09-12 13:00:00,Saturday,13,2.026,0.527,0.000,2.840,0.734,4.593,10.720,pompa basenu; zmywarka
2026-09-12 14:00:00,Saturday,14,2.647,0.499,0.000,0.000,0.359,2.077,5.582,pompa basenu
2026-09-12 15:00:00,Saturday,15,2.470,0.492,0.000,0.000,0.702,2.719,6.383,pompa basenu
2026-09-12 16:00:00,Saturday,16,2.700,0.488,0.000,0.000,0.248,1.718,5.154,pompa basenu
2026-09-12 17:00:00,Saturday,17,2.266,0.690,0.000,3.280,1.120,0.000,7.356,
2026-09-12 18:00:00,Saturday,18,2.001,0.860,0.000,0.000,0.610,0.000,3.471,
2026-09-12 19:00:00,Saturday,19,2.972,0.908,0.490,0.000,0.534,16.434,21.338,sauna
2026-09-12 20:00:00,Saturday,20,1.879,1.024,0.504,0.000,0.748,20.224,24.379,sauna
2026-09-12 21:00:00,Saturday,21,2.857,1.290,0.467,0.000,0.722,17.768,23.104,sauna
2026-09-12 22:00:00,Saturday,22,2.719,0.741,0.156,0.000,1.026,13.006,17.648,ładowanie EV
2026-09-12 23:00:00,Saturday,23,1.971,0.835,0.000,0.000,0.000,11.256,14.062,ładowanie EV
2026-09-13 00:00:00,Sunday,0,3.006,0.757,0.000,0.000,0.000,10.987,14.750,ładowanie EV
2026-09-13 01:00:00,Sunday,1,2.693,0.757,0.000,0.000,0.000,15.070,18.520,ładowanie EV
2026-09-13 02:00:00,Sunday,2,2.804,0.821,0.000,0.000,0.000,11.491,15.116,ładowanie EV
2026-09-13 03:00:00,Sunday,3,2.553,0.982,0.000,0.000,0.000,10.907,14.442,ładowanie EV
2026-09-13 04:00:00,Sunday,4,3.162,0.920,0.000,0.000,0.000,14.106,18.188,ładowanie EV
2026-09-13 05:00:00,Sunday,5,2.291,0.683,0.000,0.000,0.000,15.700,18.674,ładowanie EV
2026-09-13 06:00:00,Sunday,6,3.162,1.159,0.267,1.056,0.000,0.000,5.644,
2026-09-13 07:00:00,Sunday,7,2.675,1.279,0.000,0.932,0.000,0.000,4.886,
2026-09-13 08:00:00,Sunday,8,2.077,1.099,0.000,1.012,0.000,0.000,4.188,
2026-09-13 09:00:00,Sunday,9,2.551,1.102,0.000,0.000,0.722,1.868,6.243,pompa basenu
2026-09-13 10:00:00,Sunday,10,2.176,1.028,0.000,0.000,0.225,2.583,6.012,pompa basenu
2026-09-13 11:00:00,Sunday,11,1.939,0.830,0.000,0.000,0.780,1.840,5.389,pompa basenu
2026-09-13 12:00:00,Sunday,12,2.346,0.644,0.000,0.782,0.534,1.874,6.180,pompa basenu
2026-09-13 13:00:00,Sunday,13,1.902,0.000,0.000,0.000,0.506,4.377,6.785,pompa basenu; zmywarka
2026-09-13 14:00:00,Sunday,14,3.024,0.490,0.000,0.000,0.527,2.169,6.210,pompa basenu
2026-09-13 15:00:00,Sunday,15,3.041,0.524,0.000,0.000,0.835,2.180,6.580,pompa basenu
2026-09-13 16:00:00,Sunday,16,2.033,0.474,0.000,0.000,0.846,1.881,5.234,pompa basenu
2026-09-13 17:00:00,Sunday,17,2.440,0.554,0.000,0.000,0.812,0.000,3.806,
2026-09-13 18:00:00,Sunday,18,3.020,0.759,0.000,2.650,1.024,0.000,7.453,
2026-09-13 19:00:00,Sunday,19,2.776,1.122,0.356,0.000,0.651,19.881,24.786,sauna
2026-09-13 20:00:00,Sunday,20,2.447,1.286,0.370,0.000,0.897,16.266,21.266,sauna
2026-09-13 21:00:00,Sunday,21,2.224,1.254,0.419,0.000,0.720,20.100,24.717,sauna
2026-09-13 22:00:00,Sunday,22,2.245,1.136,0.205,0.000,0.662,10.290,14.538,ładowanie EV
2026-09-13 23:00:00,Sunday,23,3.048,1.233,0.000,0.000,0.000,10.405,14.686,ładowanie EV
2026-09-14 00:00:00,Monday,0,2.259,1.309,0.000,0.000,0.000,15.490,19.058,ładowanie EV
2026-09-14 01:00:00,Monday,1,2.801,1.444,0.000,0.000,0.000,11.626,15.871,ładowanie EV
2026-09-14 02:00:00,Monday,2,2.401,1.693,0.000,0.000,0.000,16.385,20.479,ładowanie EV
2026-09-14 03:00:00,Monday,3,2.781,1.626,0.000,0.000,0.000,15.564,19.971,ładowanie EV
2026-09-14 04:00:00,Monday,4,2.969,1.826,0.000,0.000,0.000,11.505,16.300,ładowanie EV
2026-09-14 05:00:00,Monday,5,3.024,1.971,0.000,0.000,0.000,14.483,19.478,ładowanie EV
2026-09-14 06:00:00,Monday,6,2.128,2.684,0.193,1.136,0.000,0.000,6.141,
2026-09-14 07:00:00,Monday,7,2.001,2.806,0.000,0.994,0.000,0.000,5.801,
2026-09-14 08:00:00,Monday,8,2.206,2.318,0.000,0.610,0.000,0.000,5.134,
2026-09-14 09:00:00,Monday,9,2.491,2.291,0.000,0.000,0.320,2.144,7.246,pompa basenu
2026-09-14 10:00:00,Monday,10,2.799,1.702,0.000,0.000,0.299,1.681,6.481,pompa basenu
2026-09-14 11:00:00,Monday,11,2.615,1.596,0.000,0.000,0.334,1.502,6.047,pompa basenu
2026-09-14 12:00:00,Monday,12,2.923,1.619,0.000,1.647,0.352,1.732,8.273,pompa basenu
2026-09-14 13:00:00,Monday,13,3.112,1.221,0.000,0.000,0.490,1.612,6.435,pompa basenu
2026-09-14 14:00:00,Monday,14,2.514,1.081,0.000,0.000,0.736,1.953,6.284,pompa basenu
2026-09-14 15:00:00,Monday,15,2.967,1.143,0.000,0.000,0.430,1.493,6.033,pompa basenu
2026-09-14 16:00:00,Monday,16,2.369,1.210,0.000,0.000,0.467,1.516,5.562,pompa basenu
2026-09-14 17:00:00,Monday,17,2.245,1.081,0.000,4.356,1.166,0.000,8.848,
2026-09-14 18:00:00,Monday,18,2.123,1.270,0.000,0.000,0.826,0.000,4.219,
2026-09-14 19:00:00,Monday,19,2.426,1.359,0.678,0.000,0.794,0.000,5.257,
2026-09-14 20:00:00,Monday,20,2.953,1.424,0.524,0.000,0.922,2.385,8.208,zmywarka
2026-09-14 21:00:00,Monday,21,3.135,1.336,0.612,0.000,0.812,0.000,5.895,
2026-09-14 22:00:00,Monday,22,2.146,1.042,0.129,0.000,1.060,10.971,15.348,ładowanie EV
2026-09-14 23:00:00,Monday,23,2.815,1.272,0.000,0.000,0.000,8.616,12.703,ładowanie EV
2026-09-15 00:00:00,Tuesday,0,2.564,1.219,0.000,0.000,0.000,16.378,20.161,ładowanie EV
2026-09-15 01:00:00,Tuesday,1,2.153,1.217,0.000,0.000,0.000,10.614,13.984,ładowanie EV
2026-09-15 02:00:00,Tuesday,2,2.450,1.658,0.000,0.000,0.000,8.561,12.669,ładowanie EV
2026-09-15 03:00:00,Tuesday,3,2.813,1.490,0.000,0.000,0.000,11.162,15.465,ładowanie EV
2026-09-15 04:00:00,Tuesday,4,2.348,1.251,0.000,0.000,0.000,9.131,12.730,ładowanie EV
2026-09-15 05:00:00,Tuesday,5,2.551,1.300,0.000,0.000,0.000,15.571,19.422,ładowanie EV
2026-09-15 06:00:00,Tuesday,6,3.199,1.847,0.179,0.807,0.000,0.000,6.032,
2026-09-15 07:00:00,Tuesday,7,2.546,1.428,0.000,0.835,0.000,0.000,4.809,
2026-09-15 08:00:00,Tuesday,8,3.015,1.302,0.000,1.240,0.000,0.000,5.557,
2026-09-15 09:00:00,Tuesday,9,1.976,1.127,0.000,0.000,0.334,2.360,5.797,pompa basenu
2026-09-15 10:00:00,Tuesday,10,2.316,1.180,0.000,0.000,0.515,1.755,5.766,pompa basenu
2026-09-15 11:00:00,Tuesday,11,2.367,1.162,0.000,0.000,0.474,2.272,6.275,pompa basenu
2026-09-15 12:00:00,Tuesday,12,2.284,1.132,0.000,0.000,0.336,4.724,8.476,pompa basenu; pralka
2026-09-15 13:00:00,Tuesday,13,2.141,0.796,0.000,1.576,0.278,6.852,11.643,pompa basenu; suszarka
2026-09-15 14:00:00,Tuesday,14,3.114,0.685,0.000,0.000,0.393,1.541,5.733,pompa basenu
2026-09-15 15:00:00,Tuesday,15,2.905,0.729,0.000,0.000,0.338,2.583,6.555,pompa basenu
2026-09-15 16:00:00,Tuesday,16,2.036,0.794,0.000,0.000,0.814,2.394,6.038,pompa basenu
2026-09-15 17:00:00,Tuesday,17,2.928,0.724,0.000,0.000,1.157,0.000,4.809,
2026-09-15 18:00:00,Tuesday,18,2.751,0.497,0.000,4.414,0.646,0.000,8.308,
2026-09-15 19:00:00,Tuesday,19,2.778,0.511,0.674,0.000,1.012,0.000,4.975,
2026-09-15 20:00:00,Tuesday,20,2.716,0.540,0.448,0.000,0.927,0.000,4.631,
2026-09-15 21:00:00,Tuesday,21,3.066,0.000,0.678,0.000,1.205,0.000,4.949,
2026-09-15 22:00:00,Tuesday,22,2.604,0.000,0.131,0.000,0.775,14.393,17.903,ładowanie EV
2026-09-15 23:00:00,Tuesday,23,2.116,0.000,0.000,0.000,0.000,15.638,17.754,ładowanie EV
2026-09-16 00:00:00,Wednesday,0,2.815,0.000,0.000,0.000,0.000,13.816,16.631,ładowanie EV
2026-09-16 01:00:00,Wednesday,1,3.195,0.423,0.000,0.000,0.000,11.836,15.454,ładowanie EV
2026-09-16 02:00:00,Wednesday,2,3.064,0.524,0.000,0.000,0.000,15.274,18.862,ładowanie EV
2026-09-16 03:00:00,Wednesday,3,2.558,0.605,0.000,0.000,0.000,10.746,13.909,ładowanie EV
2026-09-16 04:00:00,Wednesday,4,1.948,0.862,0.000,0.000,0.000,14.541,17.351,ładowanie EV
2026-09-16 05:00:00,Wednesday,5,3.215,1.012,0.000,0.000,0.000,13.899,18.126,ładowanie EV
2026-09-16 06:00:00,Wednesday,6,2.118,1.334,0.446,0.616,0.000,0.000,4.514,
2026-09-16 07:00:00,Wednesday,7,2.634,1.900,0.000,1.249,0.000,0.000,5.783,
2026-09-16 08:00:00,Wednesday,8,2.107,1.546,0.000,1.309,0.000,0.000,4.962,
2026-09-16 09:00:00,Wednesday,9,2.951,1.405,0.000,0.000,0.322,1.840,6.518,pompa basenu
2026-09-16 10:00:00,Wednesday,10,3.100,1.254,0.000,0.000,0.508,2.337,7.199,pompa basenu
2026-09-16 11:00:00,Wednesday,11,2.518,1.265,0.000,0.000,0.377,1.589,5.749,pompa basenu
2026-09-16 12:00:00,Wednesday,12,1.861,0.881,0.000,0.881,0.373,2.732,6.728,pompa basenu
2026-09-16 13:00:00,Wednesday,13,3.002,0.798,0.000,0.000,0.324,2.583,6.707,pompa basenu
2026-09-16 14:00:00,Wednesday,14,3.206,0.925,0.000,0.000,0.442,2.507,7.080,pompa basenu
2026-09-16 15:00:00,Wednesday,15,2.650,0.844,0.000,0.000,0.329,2.231,6.054,pompa basenu
2026-09-16 16:00:00,Wednesday,16,3.038,1.017,0.000,0.000,0.849,2.203,7.107,pompa basenu
2026-09-16 17:00:00,Wednesday,17,2.215,0.908,0.000,0.000,0.662,0.000,3.785,
2026-09-16 18:00:00,Wednesday,18,2.634,1.090,0.000,4.202,0.872,0.000,8.798,
2026-09-16 19:00:00,Wednesday,19,2.903,1.148,0.000,0.000,1.010,0.000,5.061,
2026-09-16 20:00:00,Wednesday,20,2.505,1.403,0.366,0.000,0.630,0.000,4.904,
2026-09-16 21:00:00,Wednesday,21,2.889,1.486,0.554,0.000,0.833,0.000,5.762,
2026-09-16 22:00:00,Wednesday,22,2.882,1.458,0.285,0.000,0.642,15.433,20.700,ładowanie EV
2026-09-16 23:00:00,Wednesday,23,3.070,1.672,0.000,0.000,0.000,9.462,14.204,ładowanie EV
2026-09-17 00:00:00,Thursday,0,2.316,1.711,0.000,0.000,0.000,10.893,14.920,ładowanie EV
2026-09-17 01:00:00,Thursday,1,1.996,1.479,0.000,0.000,0.000,8.266,11.741,ładowanie EV
2026-09-17 02:00:00,Thursday,2,1.918,1.700,0.000,0.000,0.000,11.134,14.752,ładowanie EV
2026-09-17 03:00:00,Thursday,3,1.916,1.592,0.000,0.000,0.000,10.332,13.840,ładowanie EV
2026-09-17 04:00:00,Thursday,4,3.080,1.727,0.000,0.000,0.000,16.831,21.638,ładowanie EV
2026-09-17 05:00:00,Thursday,5,2.604,1.847,0.000,0.000,0.000,9.793,14.244,ładowanie EV
2026-09-17 06:00:00,Thursday,6,2.454,2.417,0.290,0.862,0.000,0.000,6.023,
2026-09-17 07:00:00,Thursday,7,2.307,2.376,0.000,0.807,0.000,0.000,5.490,
2026-09-17 08:00:00,Thursday,8,2.889,2.496,0.000,0.656,0.000,0.000,6.041,
2026-09-17 09:00:00,Thursday,9,2.413,1.835,0.000,0.000,0.448,2.042,6.738,pompa basenu
2026-09-17 10:00:00,Thursday,10,3.213,1.644,0.000,0.000,0.340,1.661,6.858,pompa basenu
2026-09-17 11:00:00,Thursday,11,1.983,1.644,0.000,0.000,0.462,1.891,5.980,pompa basenu
2026-09-17 12:00:00,Thursday,12,2.229,1.302,0.000,0.000,0.340,1.479,5.350,pompa basenu
2026-09-17 13:00:00,Thursday,13,2.921,1.012,0.000,0.902,0.421,2.063,7.319,pompa basenu
2026-09-17 14:00:00,Thursday,14,3.096,0.996,0.000,0.000,0.605,2.371,7.068,pompa basenu
2026-09-17 15:00:00,Thursday,15,2.583,1.378,0.000,0.000,0.336,1.536,5.833,pompa basenu
2026-09-17 16:00:00,Thursday,16,2.477,1.382,0.000,0.000,0.623,2.033,6.515,pompa basenu
2026-09-17 17:00:00,Thursday,17,2.295,1.424,0.000,0.000,0.577,0.000,4.296,
2026-09-17 18:00:00,Thursday,18,2.300,1.240,0.000,4.536,0.543,0.000,8.619,
2026-09-17 19:00:00,Thursday,19,2.157,1.180,0.667,0.000,0.662,2.650,7.316,zmywarka
2026-09-17 20:00:00,Thursday,20,2.698,1.070,0.536,0.000,0.623,0.000,4.927,
2026-09-17 21:00:00,Thursday,21,2.585,1.263,0.534,0.000,0.904,0.000,5.286,
2026-09-17 22:00:00,Thursday,22,2.638,0.708,0.225,0.000,0.570,10.481,14.622,ładowanie EV
2026-09-17 23:00:00,Thursday,23,1.939,1.065,0.000,0.000,0.000,16.850,19.854,ładowanie EV
2026-09-18 00:00:00,Friday,0,1.868,1.021,0.000,0.000,0.000,9.172,12.061,ładowanie EV
2026-09-18 01:00:00,Friday,1,2.231,1.148,0.000,0.000,0.000,10.686,14.065,ładowanie EV
2026-09-18 02:00:00,Friday,2,2.314,1.237,0.000,0.000,0.000,10.012,13.563,ładowanie EV
2026-09-18 03:00:00,Friday,3,2.174,1.309,0.000,0.000,0.000,8.052,11.535,ładowanie EV
2026-09-18 04:00:00,Friday,4,2.958,1.350,0.000,0.000,0.000,15.628,19.936,ładowanie EV
2026-09-18 05:00:00,Friday,5,2.118,1.509,0.000,0.000,0.000,11.420,15.047,ładowanie EV
2026-09-18 06:00:00,Friday,6,2.864,1.863,0.200,0.987,0.000,0.000,5.914,
2026-09-18 07:00:00,Friday,7,2.999,1.661,0.000,0.715,0.000,0.000,5.375,
2026-09-18 08:00:00,Friday,8,2.523,1.782,0.000,1.132,0.000,0.000,5.437,
2026-09-18 09:00:00,Friday,9,2.270,1.433,0.000,0.000,0.467,4.131,8.301,pompa basenu; pralka
2026-09-18 10:00:00,Friday,10,2.033,1.914,0.000,0.000,0.313,6.670,10.930,pompa basenu; suszarka
2026-09-18 11:00:00,Friday,11,2.553,1.421,0.000,0.000,0.504,1.854,6.332,pompa basenu
2026-09-18 12:00:00,Friday,12,2.107,1.092,0.000,0.000,0.474,1.619,5.292,pompa basenu
2026-09-18 13:00:00,Friday,13,3.066,1.145,0.000,1.801,0.345,2.643,9.000,pompa basenu
2026-09-18 14:00:00,Friday,14,1.992,1.033,0.000,0.000,0.531,1.736,5.292,pompa basenu
2026-09-18 15:00:00,Friday,15,2.790,1.120,0.000,0.000,0.448,1.569,5.927,pompa basenu
2026-09-18 16:00:00,Friday,16,2.224,0.853,0.000,0.000,0.858,2.024,5.959,pompa basenu
2026-09-18 17:00:00,Friday,17,2.553,1.076,0.000,0.000,0.584,0.000,4.213,
2026-09-18 18:00:00,Friday,18,1.881,1.224,0.000,3.082,0.656,0.000,6.843,
2026-09-18 19:00:00,Friday,19,1.842,1.371,0.000,0.000,0.980,2.438,6.631,zmywarka
2026-09-18 20:00:00,Friday,20,2.413,1.362,0.501,0.000,0.780,0.000,5.056,
2026-09-18 21:00:00,Friday,21,2.031,1.513,0.465,0.000,1.191,0.000,5.200,
2026-09-18 22:00:00,Friday,22,1.898,1.267,0.334,0.000,1.074,14.787,19.360,ładowanie EV
2026-09-18 23:00:00,Friday,23,2.443,1.111,0.000,0.000,0.000,9.694,13.248,ładowanie EV
2026-09-19 00:00:00,Saturday,0,3.199,1.279,0.000,0.000,0.000,16.374,20.852,ładowanie EV
2026-09-19 01:00:00,Saturday,1,3.070,1.099,0.000,0.000,0.000,10.327,14.496,ładowanie EV
2026-09-19 02:00:00,Saturday,2,2.238,1.079,0.000,0.000,0.000,14.520,17.837,ładowanie EV
2026-09-19 03:00:00,Saturday,3,2.033,1.187,0.000,0.000,0.000,15.120,18.340,ładowanie EV
2026-09-19 04:00:00,Saturday,4,2.528,1.272,0.000,0.000,0.000,13.480,17.280,ładowanie EV
2026-09-19 05:00:00,Saturday,5,2.571,1.152,0.000,0.000,0.000,11.001,14.724,ładowanie EV
2026-09-19 06:00:00,Saturday,6,2.017,1.410,0.414,1.049,0.000,0.000,4.890,
2026-09-19 07:00:00,Saturday,7,3.073,1.596,0.000,0.676,0.000,0.000,5.345,
2026-09-19 08:00:00,Saturday,8,2.829,1.617,0.000,0.796,0.000,0.000,5.242,
2026-09-19 09:00:00,Saturday,9,2.038,1.352,0.000,0.000,0.823,1.490,5.703,pompa basenu
2026-09-19 10:00:00,Saturday,10,3.045,1.410,0.000,0.000,0.557,1.714,6.726,pompa basenu
2026-09-19 11:00:00,Saturday,11,2.436,1.178,0.000,0.000,0.715,2.562,6.891,pompa basenu
2026-09-19 12:00:00,Saturday,12,2.567,0.886,0.000,1.596,0.363,2.599,8.011,pompa basenu
2026-09-19 13:00:00,Saturday,13,2.404,0.768,0.000,0.000,0.262,1.559,4.993,pompa basenu
2026-09-19 14:00:00,Saturday,14,2.965,0.819,0.000,0.000,0.522,1.490,5.796,pompa basenu
2026-09-19 15:00:00,Saturday,15,2.111,0.892,0.000,0.000,0.715,1.799,5.517,pompa basenu
2026-09-19 16:00:00,Saturday,16,2.831,0.874,0.000,0.000,0.632,1.953,6.290,pompa basenu
2026-09-19 17:00:00,Saturday,17,2.719,0.736,0.000,2.615,0.748,0.000,6.818,
2026-09-19 18:00:00,Saturday,18,2.199,0.886,0.000,0.000,0.736,0.000,3.821,
2026-09-19 19:00:00,Saturday,19,2.438,0.881,0.419,0.000,0.964,16.726,21.428,sauna
2026-09-19 20:00:00,Saturday,20,1.946,1.024,0.439,0.000,0.718,16.155,20.282,sauna
2026-09-19 21:00:00,Saturday,21,1.870,1.058,0.327,0.000,1.134,17.593,21.982,sauna
2026-09-19 22:00:00,Saturday,22,2.491,0.586,0.336,0.000,0.534,10.173,14.120,ładowanie EV
2026-09-19 23:00:00,Saturday,23,2.406,0.702,0.000,0.000,0.000,13.998,17.106,ładowanie EV
2026-09-20 00:00:00,Sunday,0,2.505,0.713,0.000,0.000,0.000,11.815,15.033,ładowanie EV
2026-09-20 01:00:00,Sunday,1,2.026,0.718,0.000,0.000,0.000,13.082,15.826,ładowanie EV
2026-09-20 02:00:00,Sunday,2,2.146,0.812,0.000,0.000,0.000,8.885,11.843,ładowanie EV
2026-09-20 03:00:00,Sunday,3,3.252,1.104,0.000,0.000,0.000,13.391,17.747,ładowanie EV
2026-09-20 04:00:00,Sunday,4,2.150,0.950,0.000,0.000,0.000,12.882,15.982,ładowanie EV
2026-09-20 05:00:00,Sunday,5,2.790,1.157,0.000,0.000,0.000,15.974,19.921,ładowanie EV
2026-09-20 06:00:00,Sunday,6,2.102,1.385,0.465,1.297,0.000,0.000,5.249,
2026-09-20 07:00:00,Sunday,7,2.624,1.474,0.000,0.715,0.000,0.000,4.813,
2026-09-20 08:00:00,Sunday,8,2.431,1.440,0.000,1.014,0.000,0.000,4.885,
2026-09-20 09:00:00,Sunday,9,2.270,1.463,0.000,0.000,0.800,2.562,7.095,pompa basenu
2026-09-20 10:00:00,Sunday,10,3.048,1.148,0.000,0.000,0.543,1.716,6.455,pompa basenu
2026-09-20 11:00:00,Sunday,11,2.291,1.049,0.000,0.000,0.242,1.766,5.348,pompa basenu
2026-09-20 12:00:00,Sunday,12,2.208,1.171,0.000,2.834,0.676,2.647,9.536,pompa basenu
2026-09-20 13:00:00,Sunday,13,2.539,0.938,0.000,0.000,0.690,4.529,8.696,pompa basenu; zmywarka
2026-09-20 14:00:00,Sunday,14,2.827,1.247,0.000,0.000,0.352,2.346,6.772,pompa basenu
2026-09-20 15:00:00,Sunday,15,3.022,1.934,0.000,0.000,0.455,1.401,6.812,pompa basenu
2026-09-20 16:00:00,Sunday,16,2.477,1.316,0.000,0.000,0.683,1.451,5.927,pompa basenu
2026-09-20 17:00:00,Sunday,17,2.567,1.957,0.000,4.156,1.187,0.000,9.867,
2026-09-20 18:00:00,Sunday,18,1.895,2.187,0.000,0.000,0.966,0.000,5.048,
2026-09-20 19:00:00,Sunday,19,2.551,1.730,0.000,0.000,1.157,14.490,19.928,sauna
2026-09-20 20:00:00,Sunday,20,3.018,1.946,0.416,0.000,1.042,14.340,20.762,sauna
2026-09-20 21:00:00,Sunday,21,2.505,2.316,0.630,0.000,0.619,14.127,20.197,sauna
2026-09-20 22:00:00,Sunday,22,2.086,1.785,0.267,0.000,1.182,10.166,15.486,ładowanie EV
2026-09-20 23:00:00,Sunday,23,3.041,1.720,0.000,0.000,0.000,11.840,16.601,ładowanie EV
2026-09-21 00:00:00,Monday,0,1.985,1.532,0.000,0.000,0.000,8.970,12.487,ładowanie EV
2026-09-21 01:00:00,Monday,1,2.512,1.460,0.000,0.000,0.000,12.625,16.597,ładowanie EV
2026-09-21 02:00:00,Monday,2,2.194,2.015,0.000,0.000,0.000,15.251,19.460,ładowanie EV
2026-09-21 03:00:00,Monday,3,2.723,1.654,0.000,0.000,0.000,11.937,16.314,ładowanie EV
2026-09-21 04:00:00,Monday,4,1.925,1.960,0.000,0.000,0.000,16.470,20.355,ładowanie EV
2026-09-21 05:00:00,Monday,5,2.578,1.727,0.000,0.000,0.000,12.040,16.345,ładowanie EV
2026-09-21 06:00:00,Monday,6,2.334,2.443,0.474,1.129,0.000,0.000,6.380,
2026-09-21 07:00:00,Monday,7,2.868,2.555,0.000,0.929,0.000,0.000,6.352,
2026-09-21 08:00:00,Monday,8,2.088,2.429,0.000,0.816,0.000,0.000,5.333,
2026-09-21 09:00:00,Monday,9,2.661,1.838,0.000,0.000,0.320,1.398,6.217,pompa basenu
2026-09-21 10:00:00,Monday,10,2.247,2.091,0.000,0.000,0.338,1.702,6.378,pompa basenu
2026-09-21 11:00:00,Monday,11,2.141,1.672,0.000,0.000,0.310,2.300,6.423,pompa basenu
2026-09-21 12:00:00,Monday,12,3.144,1.642,0.000,0.000,0.370,2.574,7.730,pompa basenu
2026-09-21 13:00:00,Monday,13,1.971,1.270,0.000,1.654,0.306,3.986,9.187,pompa basenu; pralka
2026-09-21 14:00:00,Monday,14,3.204,1.148,0.000,0.000,0.290,2.530,7.172,pompa basenu
2026-09-21 15:00:00,Monday,15,2.210,1.490,0.000,0.000,0.591,1.941,6.232,pompa basenu
2026-09-21 16:00:00,Monday,16,2.592,1.403,0.000,0.000,0.294,2.486,6.775,pompa basenu
2026-09-21 17:00:00,Monday,17,3.165,1.150,0.000,4.014,0.741,0.000,9.070,
2026-09-21 18:00:00,Monday,18,2.525,1.633,0.000,0.000,0.906,0.000,5.064,
2026-09-21 19:00:00,Monday,19,3.218,1.762,0.000,0.000,1.053,0.000,6.033,
2026-09-21 20:00:00,Monday,20,2.613,1.994,0.472,0.000,0.554,2.072,7.705,zmywarka
2026-09-21 21:00:00,Monday,21,3.098,1.872,0.361,0.000,1.021,0.000,6.352,
2026-09-21 22:00:00,Monday,22,2.875,1.672,0.324,0.000,1.026,13.676,19.573,ładowanie EV
2026-09-21 23:00:00,Monday,23,3.008,1.661,0.000,0.000,0.000,15.925,20.594,ładowanie EV
2026-09-22 00:00:00,Tuesday,0,2.337,1.707,0.000,0.000,0.000,11.008,15.052,ładowanie EV
2026-09-22 01:00:00,Tuesday,1,2.321,2.100,0.000,0.000,0.000,15.481,19.902,ładowanie EV
2026-09-22 02:00:00,Tuesday,2,1.918,1.769,0.000,0.000,0.000,8.788,12.475,ładowanie EV
2026-09-22 03:00:00,Tuesday,3,2.394,1.849,0.000,0.000,0.000,12.468,16.711,ładowanie EV
2026-09-22 04:00:00,Tuesday,4,2.100,1.865,0.000,0.000,0.000,14.237,18.202,ładowanie EV
2026-09-22 05:00:00,Tuesday,5,2.215,1.950,0.000,0.000,0.000,13.062,17.227,ładowanie EV
2026-09-22 06:00:00,Tuesday,6,2.160,2.203,0.469,1.336,0.000,0.000,6.168,
2026-09-22 07:00:00,Tuesday,7,3.031,2.252,0.000,0.881,0.000,0.000,6.164,
2026-09-22 08:00:00,Tuesday,8,2.505,2.394,0.000,1.157,0.000,0.000,6.056,
2026-09-22 09:00:00,Tuesday,9,2.024,1.946,0.000,0.000,0.497,2.010,6.477,pompa basenu
2026-09-22 10:00:00,Tuesday,10,2.277,1.688,0.000,0.000,0.315,1.477,5.757,pompa basenu
2026-09-22 11:00:00,Tuesday,11,3.094,1.631,0.000,0.000,0.345,1.996,7.066,pompa basenu
2026-09-22 12:00:00,Tuesday,12,2.813,1.385,0.000,1.736,0.497,2.542,8.973,pompa basenu
2026-09-22 13:00:00,Tuesday,13,2.728,1.237,0.000,0.000,0.361,2.316,6.642,pompa basenu
2026-09-22 14:00:00,Tuesday,14,3.174,1.012,0.000,0.000,0.446,3.774,8.406,pompa basenu; pralka
2026-09-22 15:00:00,Tuesday,15,2.031,0.759,0.000,0.000,0.699,6.376,9.865,pompa basenu; suszarka
2026-09-22 16:00:00,Tuesday,16,2.875,0.791,0.000,0.000,0.734,2.245,6.645,pompa basenu
2026-09-22 17:00:00,Tuesday,17,2.636,1.067,0.000,0.000,0.559,0.000,4.262,
2026-09-22 18:00:00,Tuesday,18,3.135,1.364,0.000,3.275,0.784,0.000,8.558,
2026-09-22 19:00:00,Tuesday,19,1.973,1.757,0.000,0.000,0.768,2.192,6.690,zmywarka
2026-09-22 20:00:00,Tuesday,20,2.592,1.617,0.327,0.000,0.954,0.000,5.490,
2026-09-22 21:00:00,Tuesday,21,3.034,2.029,0.354,0.000,1.056,0.000,6.473,
2026-09-22 22:00:00,Tuesday,22,2.748,1.573,0.274,0.000,1.159,12.441,18.195,ładowanie EV
2026-09-22 23:00:00,Tuesday,23,1.920,1.948,0.000,0.000,0.000,9.131,12.999,ładowanie EV
