Data_Czas,Dzien_Tygodnia,Godzina,Baza_kWh,Ogrzewanie_kWh,Oswietlenie_kWh,Gotowanie_kWh,RTV_PC_kWh,Duze_AGD_kWh,Calkowite_Zuzycie_kWh,Zdarzenia
2025-09-23 00:00:00,Tuesday,0,0.156,0.925,0.000,0.000,0.000,0.000,1.081,
2025-09-23 01:00:00,Tuesday,1,0.175,1.287,0.000,0.000,0.000,0.000,1.462,
2025-09-23 02:00:00,Tuesday,2,0.146,1.267,0.000,0.000,0.000,0.000,1.413,
2025-09-23 03:00:00,Tuesday,3,0.149,1.055,0.000,0.000,0.000,0.000,1.204,
2025-09-23 04:00:00,Tuesday,4,0.130,1.233,0.000,0.000,0.000,0.000,1.363,
2025-09-23 05:00:00,Tuesday,5,0.151,1.356,0.000,0.000,0.000,0.000,1.507,
2025-09-23 06:00:00,Tuesday,6,0.135,1.287,0.123,0.309,0.000,0.000,1.854,
2025-09-23 07:00:00,Tuesday,7,0.124,1.351,0.000,0.299,0.000,0.000,1.774,
2025-09-23 08:00:00,Tuesday,8,0.117,1.260,0.000,0.289,0.000,0.000,1.666,
2025-09-23 09:00:00,Tuesday,9,0.124,1.096,0.000,0.000,0.108,0.000,1.328,
2025-09-23 10:00:00,Tuesday,10,0.132,0.924,0.000,0.000,0.137,0.959,2.152,pralka
2025-09-23 11:00:00,Tuesday,11,0.132,0.827,0.000,0.000,0.090,2.409,3.458,suszarka
2025-09-23 12:00:00,Tuesday,12,0.125,0.835,0.000,0.000,0.111,0.000,1.071,
2025-09-23 13:00:00,Tuesday,13,0.117,0.737,0.000,0.518,0.090,0.000,1.462,
2025-09-23 14:00:00,Tuesday,14,0.151,0.595,0.000,0.000,0.190,0.000,0.936,
2025-09-23 15:00:00,Tuesday,15,0.120,0.714,0.000,0.000,0.151,0.000,0.985,
2025-09-23 16:00:00,Tuesday,16,0.159,0.566,0.000,0.000,0.151,0.000,0.876,
2025-09-23 17:00:00,Tuesday,17,0.139,0.776,0.000,0.753,0.207,0.000,1.875,
2025-09-23 18:00:00,Tuesday,18,0.132,0.865,0.000,0.000,0.315,0.000,1.312,
2025-09-23 19:00:00,Tuesday,19,0.156,0.960,0.000,0.000,0.276,1.160,2.552,zmywarka
2025-09-23 20:00:00,Tuesday,20,0.118,0.975,0.140,0.000,0.319,0.000,1.552,
2025-09-23 21:00:00,Tuesday,21,0.117,0.913,0.210,0.000,0.309,0.000,1.549,
2025-09-23 22:00:00,Tuesday,22,0.132,0.807,0.133,0.000,0.350,0.000,1.422,
2025-09-23 23:00:00,Tuesday,23,0.115,0.783,0.000,0.000,0.000,0.000,0.898,
2025-09-24 00:00:00,Wednesday,0,0.178,0.767,0.000,0.000,0.000,0.000,0.945,
2025-09-24 01:00:00,Wednesday,1,0.151,0.818,0.000,0.000,0.000,0.000,0.969,
2025-09-24 02:00:00,Wednesday,2,0.119,1.001,0.000,0.000,0.000,0.000,1.120,
2025-09-24 03:00:00,Wednesday,3,0.131,1.216,0.000,0.000,0.000,0.000,1.347,
2025-09-24 04:00:00,Wednesday,4,0.132,1.243,0.000,0.000,0.000,0.000,1.375,
2025-09-24 05:00:00,Wednesday,5,0.159,1.349,0.000,0.000,0.000,0.000,1.508,
2025-09-24 06:00:00,Wednesday,6,0.133,1.563,0.078,0.550,0.000,0.000,2.324,
2025-09-24 07:00:00,Wednesday,7,0.121,1.527,0.000,0.447,0.000,0.000,2.095,
2025-09-24 08:00:00,Wednesday,8,0.128,1.539,0.000,0.328,0.000,0.000,1.995,
2025-09-24 09:00:00,Wednesday,9,0.152,1.151,0.000,0.000,0.087,0.688,2.078,pralka
2025-09-24 10:00:00,Wednesday,10,0.125,1.292,0.000,0.000,0.084,1.828,3.329,suszarka
2025-09-24 11:00:00,Wednesday,11,0.149,0.942,0.000,0.000,0.131,0.000,1.222,
2025-09-24 12:00:00,Wednesday,12,0.156,0.961,0.000,0.000,0.087,0.000,1.204,
2025-09-24 13:00:00,Wednesday,13,0.126,0.774,0.000,0.310,0.117,0.000,1.327,
2025-09-24 14:00:00,Wednesday,14,0.137,0.742,0.000,0.000,0.116,0.000,0.995,
2025-09-24 15:00:00,Wednesday,15,0.150,0.823,0.000,0.000,0.175,0.000,1.148,
2025-09-24 16:00:00,Wednesday,16,0.146,0.763,0.000,0.000,0.145,0.000,1.054,
2025-09-24 17:00:00,Wednesday,17,0.146,0.638,0.000,0.000,0.306,0.000,1.090,
2025-09-24 18:00:00,Wednesday,18,0.151,0.825,0.000,0.611,0.287,0.000,1.874,
2025-09-24 19:00:00,Wednesday,19,0.120,0.818,0.000,0.000,0.288,0.936,2.162,zmywarka
2025-09-24 20:00:00,Wednesday,20,0.124,0.961,0.161,0.000,0.308,0.000,1.554,
2025-09-24 21:00:00,Wednesday,21,0.159,0.999,0.145,0.000,0.345,0.000,1.648,
2025-09-24 22:00:00,Wednesday,22,0.123,0.987,0.057,0.000,0.270,0.000,1.437,
2025-09-24 23:00:00,Wednesday,23,0.133,1.017,0.000,0.000,0.000,0.000,1.150,
2025-09-25 00:00:00,Thursday,0,0.140,0.848,0.000,0.000,0.000,0.000,0.988,
2025-09-25 01:00:00,Thursday,1,0.172,1.098,0.000,0.000,0.000,0.000,1.270,
2025-09-25 02:00:00,Thursday,2,0.128,0.959,0.000,0.000,0.000,0.000,1.087,
2025-09-25 03:00:00,Thursday,3,0.121,1.184,0.000,0.000,0.000,0.000,1.305,
2025-09-25 04:00:00,Thursday,4,0.148,1.132,0.000,0.000,0.000,0.000,1.280,
2025-09-25 05:00:00,Thursday,5,0.124,1.307,0.000,0.000,0.000,0.000,1.431,
2025-09-25 06:00:00,Thursday,6,0.132,1.422,0.184,0.532,0.000,0.000,2.270,
2025-09-25 07:00:00,Thursday,7,0.139,1.609,0.000,0.357,0.000,0.000,2.105,
2025-09-25 08:00:00,Thursday,8,0.135,1.530,0.000,0.221,0.000,0.000,1.886,
2025-09-25 09:00:00,Thursday,9,0.123,1.123,0.000,0.000,0.085,0.000,1.331,
2025-09-25 10:00:00,Thursday,10,0.142,1.139,0.000,0.000,0.112,0.000,1.393,
2025-09-25 11:00:00,Thursday,11,0.135,0.924,0.000,0.000,0.107,0.000,1.166,
2025-09-25 12:00:00,Thursday,12,0.126,0.930,0.000,0.000,0.093,0.000,1.149,
2025-09-25 13:00:00,Thursday,13,0.156,0.835,0.000,0.630,0.133,0.000,1.754,
2025-09-25 14:00:00,Thursday,14,0.130,0.621,0.000,0.000,0.229,0.000,0.980,
2025-09-25 15:00:00,Thursday,15,0.158,0.562,0.000,0.000,0.246,0.000,0.966,
2025-09-25 16:00:00,Thursday,16,0.136,0.696,0.000,0.000,0.247,0.000,1.079,
2025-09-25 17:00:00,Thursday,17,0.137,0.695,0.000,0.000,0.268,0.000,1.100,
2025-09-25 18:00:00,Thursday,18,0.118,0.719,0.000,0.610,0.346,0.000,1.793,
2025-09-25 19:00:00,Thursday,19,0.118,0.698,0.000,0.000,0.227,1.151,2.194,zmywarka
2025-09-25 20:00:00,Thursday,20,0.110,0.741,0.127,0.000,0.259,0.000,1.237,
2025-09-25 21:00:00,Thursday,21,0.132,0.887,0.291,0.000,0.234,0.000,1.544,
2025-09-25 22:00:00,Thursday,22,0.132,0.846,0.136,0.000,0.213,0.000,1.327,
2025-09-25 23:00:00,Thursday,23,0.134,0.833,0.000,0.000,0.000,0.000,0.967,
2025-09-26 00:00:00,Friday,0,0.155,0.867,0.000,0.000,0.000,0.000,1.022,
2025-09-26 01:00:00,Friday,1,0.156,0.859,0.000,0.000,0.000,0.000,1.015,
2025-09-26 02:00:00,Friday,2,0.156,0.855,0.000,0.000,0.000,0.000,1.011,
2025-09-26 03:00:00,Friday,3,0.134,0.885,0.000,0.000,0.000,0.000,1.019,
2025-09-26 04:00:00,Friday,4,0.147,0.913,0.000,0.000,0.000,0.000,1.060,
2025-09-26 05:00:00,Friday,5,0.138,0.819,0.000,0.000,0.000,0.000,0.957,
2025-09-26 06:00:00,Friday,6,0.115,0.993,0.134,0.465,0.000,0.000,1.707,
2025-09-26 07:00:00,Friday,7,0.112,1.209,0.000,0.427,0.000,0.000,1.748,
2025-09-26 08:00:00,Friday,8,0.146,1.012,0.000,0.388,0.000,0.000,1.546,
2025-09-26 09:00:00,Friday,9,0.130,0.866,0.000,0.000,0.332,0.000,1.328,praca zdalna
2025-09-26 10:00:00,Friday,10,0.159,0.790,0.000,0.000,0.258,0.000,1.207,praca zdalna
2025-09-26 11:00:00,Friday,11,0.127,0.736,0.000,0.000,0.194,0.000,1.057,praca zdalna
2025-09-26 12:00:00,Friday,12,0.127,0.710,0.000,0.000,0.249,0.000,1.086,praca zdalna
2025-09-26 13:00:00,Friday,13,0.149,0.567,0.000,0.513,0.215,0.000,1.444,praca zdalna
2025-09-26 14:00:00,Friday,14,0.121,0.655,0.000,0.000,0.337,0.000,1.113,praca zdalna
2025-09-26 15:00:00,Friday,15,0.148,0.592,0.000,0.000,0.333,0.000,1.073,praca zdalna
2025-09-26 16:00:00,Friday,16,0.117,0.523,0.000,0.000,0.331,0.000,0.971,praca zdalna
2025-09-26 17:00:00,Friday,17,0.131,0.679,0.000,0.000,0.303,0.000,1.113,
2025-09-26 18:00:00,Friday,18,0.142,0.786,0.000,0.779,0.247,0.000,1.954,
2025-09-26 19:00:00,Friday,19,0.156,0.729,0.000,0.000,0.160,0.000,1.045,
2025-09-26 20:00:00,Friday,20,0.153,0.852,0.206,0.000,0.178,1.101,2.490,zmywarka
2025-09-26 21:00:00,Friday,21,0.138,0.891,0.199,0.000,0.194,0.000,1.422,
2025-09-26 22:00:00,Friday,22,0.123,0.641,0.120,0.000,0.201,0.000,1.085,
2025-09-26 23:00:00,Friday,23,0.151,0.673,0.000,0.000,0.000,0.000,0.824,
2025-09-27 00:00:00,Saturday,0,0.136,0.795,0.000,0.000,0.000,0.000,0.931,
2025-09-27 01:00:00,Saturday,1,0.159,0.693,0.000,0.000,0.000,0.000,0.852,
2025-09-27 02:00:00,Saturday,2,0.153,0.811,0.000,0.000,0.000,0.000,0.964,
2025-09-27 03:00:00,Saturday,3,0.115,0.765,0.000,0.000,0.000,0.000,0.880,
2025-09-27 04:00:00,Saturday,4,0.147,0.954,0.000,0.000,0.000,0.000,1.101,
2025-09-27 05:00:00,Saturday,5,0.146,0.763,0.000,0.000,0.000,0.000,0.909,
2025-09-27 06:00:00,Saturday,6,0.130,1.072,0.086,0.155,0.000,0.000,1.443,
2025-09-27 07:00:00,Saturday,7,0.159,1.199,0.000,0.413,0.000,0.000,1.771,
2025-09-27 08:00:00,Saturday,8,0.144,0.989,0.000,0.326,0.000,0.000,1.459,
2025-09-27 09:00:00,Saturday,9,0.118,1.043,0.000,0.000,0.130,0.880,2.171,pralka
2025-09-27 10:00:00,Saturday,10,0.157,0.884,0.000,0.000,0.235,2.260,3.536,suszarka
2025-09-27 11:00:00,Saturday,11,0.127,0.810,0.000,0.000,0.215,0.000,1.152,
2025-09-27 12:00:00,Saturday,12,0.127,0.572,0.000,0.451,0.086,0.000,1.236,
2025-09-27 13:00:00,Saturday,13,0.116,0.583,0.000,0.000,0.126,0.000,0.825,
2025-09-27 14:00:00,Saturday,14,0.141,0.498,0.000,0.000,0.171,0.974,1.784,zmywarka
2025-09-27 15:00:00,Saturday,15,0.148,0.537,0.000,0.000,0.238,0.000,0.923,
2025-09-27 16:00:00,Saturday,16,0.150,0.492,0.000,0.000,0.091,0.000,0.733,
2025-09-27 17:00:00,Saturday,17,0.129,0.505,0.000,0.000,0.183,0.000,0.817,
2025-09-27 18:00:00,Saturday,18,0.133,0.775,0.000,1.420,0.273,0.000,2.601,
2025-09-27 19:00:00,Saturday,19,0.134,0.728,0.132,0.000,0.259,0.000,1.253,
2025-09-27 20:00:00,Saturday,20,0.132,0.761,0.194,0.000,0.185,0.000,1.272,
2025-09-27 21:00:00,Saturday,21,0.141,0.984,0.121,0.000,0.281,0.000,1.527,
2025-09-27 22:00:00,Saturday,22,0.147,0.729,0.130,0.000,0.272,0.000,1.278,
2025-09-27 23:00:00,Saturday,23,0.172,0.769,0.000,0.000,0.000,0.000,0.941,
2025-09-28 00:00:00,Sunday,0,0.145,0.685,0.000,0.000,0.000,0.000,0.830,
2025-09-28 01:00:00,Sunday,1,0.124,0.853,0.000,0.000,0.000,0.000,0.977,
2025-09-28 02:00:00,Sunday,2,0.144,0.814,0.000,0.000,0.000,0.000,0.958,
2025-09-28 03:00:00,Sunday,3,0.127,0.900,0.000,0.000,0.000,0.000,1.027,
2025-09-28 04:00:00,Sunday,4,0.150,0.845,0.000,0.000,0.000,0.000,0.995,
2025-09-28 05:00:00,Sunday,5,0.134,0.863,0.000,0.000,0.000,0.000,0.997,
2025-09-28 06:00:00,Sunday,6,0.121,1.162,0.141,0.429,0.000,0.000,1.853,
2025-09-28 07:00:00,Sunday,7,0.124,0.970,0.000,0.481,0.000,0.000,1.575,
2025-09-28 08:00:00,Sunday,8,0.113,1.142,0.000,0.552,0.000,0.000,1.807,
2025-09-28 09:00:00,Sunday,9,0.126,1.119,0.000,0.000,0.107,0.882,2.234,pralka
2025-09-28 10:00:00,Sunday,10,0.135,0.815,0.000,0.000,0.075,0.000,1.025,
2025-09-28 11:00:00,Sunday,11,0.111,0.833,0.000,0.000,0.094,0.000,1.038,
2025-09-28 12:00:00,Sunday,12,0.157,0.700,0.000,0.000,0.061,0.000,0.918,
2025-09-28 13:00:00,Sunday,13,0.116,0.505,0.000,0.383,0.222,0.000,1.226,
2025-09-28 14:00:00,Sunday,14,0.132,0.497,0.000,0.000,0.146,0.960,1.735,zmywarka
2025-09-28 15:00:00,Sunday,15,0.126,0.471,0.000,0.000,0.112,0.000,0.709,
2025-09-28 16:00:00,Sunday,16,0.120,0.539,0.000,0.000,0.094,0.000,0.753,
2025-09-28 17:00:00,Sunday,17,0.160,0.539,0.000,0.922,0.282,0.000,1.903,
2025-09-28 18:00:00,Sunday,18,0.134,0.638,0.000,0.000,0.264,0.000,1.036,
2025-09-28 19:00:00,Sunday,19,0.128,0.760,0.244,0.000,0.156,0.000,1.288,
2025-09-28 20:00:00,Sunday,20,0.110,0.770,0.247,0.000,0.167,0.000,1.294,
2025-09-28 21:00:00,Sunday,21,0.151,0.834,0.265,0.000,0.211,0.000,1.461,
2025-09-28 22:00:00,Sunday,22,0.136,0.618,0.086,0.000,0.325,0.000,1.165,
2025-09-28 23:00:00,Sunday,23,0.123,0.751,0.000,0.000,0.000,0.000,0.874,
2025-09-29 00:00:00,Monday,0,0.156,0.795,0.000,0.000,0.000,0.000,0.951,
2025-09-29 01:00:00,Monday,1,0.163,0.674,0.000,0.000,0.000,0.000,0.837,
2025-09-29 02:00:00,Monday,2,0.128,0.764,0.000,0.000,0.000,0.000,0.892,
2025-09-29 03:00:00,Monday,3,0.151,0.852,0.000,0.000,0.000,0.000,1.003,
2025-09-29 04:00:00,Monday,4,0.148,0.818,0.000,0.000,0.000,0.000,0.966,
2025-09-29 05:00:00,Monday,5,0.144,0.817,0.000,0.000,0.000,0.000,0.961,
2025-09-29 06:00:00,Monday,6,0.134,0.997,0.165,0.360,0.000,0.000,1.656,
2025-09-29 07:00:00,Monday,7,0.132,1.153,0.000,0.506,0.000,0.000,1.791,
2025-09-29 08:00:00,Monday,8,0.138,1.114,0.000,0.437,0.000,0.000,1.689,
2025-09-29 09:00:00,Monday,9,0.121,1.025,0.000,0.000,0.000,0.000,1.146,
2025-09-29 10:00:00,Monday,10,0.124,0.724,0.000,0.000,0.000,0.000,0.848,
2025-09-29 11:00:00,Monday,11,0.149,0.883,0.000,0.000,0.000,0.000,1.032,
2025-09-29 12:00:00,Monday,12,0.114,0.677,0.000,0.000,0.000,0.000,0.791,
2025-09-29 13:00:00,Monday,13,0.152,0.723,0.000,0.000,0.000,0.000,0.875,
2025-09-29 14:00:00,Monday,14,0.141,0.659,0.000,0.000,0.204,0.000,1.004,
2025-09-29 15:00:00,Monday,15,0.156,0.771,0.000,0.000,0.247,0.000,1.174,
2025-09-29 16:00:00,Monday,16,0.153,0.699,0.000,0.000,0.083,0.000,0.935,
2025-09-29 17:00:00,Monday,17,0.131,0.913,0.000,0.000,0.319,0.000,1.363,
2025-09-29 18:00:00,Monday,18,0.150,0.807,0.000,0.958,0.176,0.000,2.091,
2025-09-29 19:00:00,Monday,19,0.114,1.105,0.000,0.000,0.276,1.066,2.561,zmywarka
2025-09-29 20:00:00,Monday,20,0.117,1.123,0.147,0.000,0.350,0.000,1.737,
2025-09-29 21:00:00,Monday,21,0.130,0.976,0.148,0.000,0.206,0.000,1.460,
2025-09-29 22:00:00,Monday,22,0.149,1.025,0.144,0.000,0.349,0.000,1.667,
2025-09-29 23:00:00,Monday,23,0.159,0.977,0.000,0.000,0.000,0.000,1.136,
2025-09-30 00:00:00,Tuesday,0,0.114,1.133,0.000,0.000,0.000,0.000,1.247,
2025-09-30 01:00:00,Tuesday,1,0.134,0.943,0.000,0.000,0.000,0.000,1.077,
2025-09-30 02:00:00,Tuesday,2,0.153,1.194,0.000,0.000,0.000,0.000,1.347,
2025-09-30 03:00:00,Tuesday,3,0.110,1.013,0.000,0.000,0.000,0.000,1.123,
2025-09-30 04:00:00,Tuesday,4,0.120,1.092,0.000,0.000,0.000,0.000,1.212,
2025-09-30 05:00:00,Tuesday,5,0.158,1.190,0.000,0.000,0.000,0.000,1.348,
2025-09-30 06:00:00,Tuesday,6,0.150,1.315,0.181,0.363,0.000,0.000,2.009,
2025-09-30 07:00:00,Tuesday,7,0.147,1.394,0.000,0.367,0.000,0.000,1.908,
2025-09-30 08:00:00,Tuesday,8,0.129,1.416,0.000,0.300,0.000,0.000,1.845,
2025-09-30 09:00:00,Tuesday,9,0.123,1.289,0.000,0.000,0.142,0.000,1.554,
2025-09-30 10:00:00,Tuesday,10,0.133,0.963,0.000,0.000,0.105,0.783,1.984,pralka
2025-09-30 11:00:00,Tuesday,11,0.130,1.050,0.000,0.000,0.089,1.550,2.819,suszarka
2025-09-30 12:00:00,Tuesday,12,0.113,1.017,0.000,0.000,0.101,0.000,1.231,
2025-09-30 13:00:00,Tuesday,13,0.149,0.935,0.000,0.633,0.084,0.000,1.801,
2025-09-30 14:00:00,Tuesday,14,0.149,0.849,0.000,0.000,0.202,0.000,1.200,
2025-09-30 15:00:00,Tuesday,15,0.149,0.724,0.000,0.000,0.104,0.000,0.977,
2025-09-30 16:00:00,Tuesday,16,0.152,0.980,0.000,0.000,0.109,0.000,1.241,
2025-09-30 17:00:00,Tuesday,17,0.147,0.916,0.000,0.000,0.197,0.000,1.260,goście
2025-09-30 18:00:00,Tuesday,18,0.137,0.917,0.000,1.337,0.252,0.000,2.643,goście
2025-09-30 19:00:00,Tuesday,19,0.127,1.055,0.000,0.000,0.234,0.000,1.416,goście
2025-09-30 20:00:00,Tuesday,20,0.149,1.219,0.101,0.000,0.240,0.962,2.671,goście; zmywarka
2025-09-30 21:00:00,Tuesday,21,0.112,1.134,0.104,0.000,0.182,0.000,1.532,goście
2025-09-30 22:00:00,Tuesday,22,0.124,0.905,0.136,0.000,0.220,0.000,1.385,
2025-09-30 23:00:00,Tuesday,23,0.169,0.932,0.000,0.000,0.000,0.000,1.101,
2025-10-01 00:00:00,Wednesday,0,0.143,1.217,0.000,0.000,0.000,0.000,1.360,
2025-10-01 01:00:00,Wednesday,1,0.116,1.068,0.000,0.000,0.000,0.000,1.184,
2025-10-01 02:00:00,Wednesday,2,0.159,1.346,0.000,0.000,0.000,0.000,1.505,
2025-10-01 03:00:00,Wednesday,3,0.131,1.380,0.000,0.000,0.000,0.000,1.511,
2025-10-01 04:00:00,Wednesday,4,0.153,1.293,0.000,0.000,0.000,0.000,1.446,
2025-10-01 05:00:00,Wednesday,5,0.161,1.373,0.000,0.000,0.000,0.000,1.534,
2025-10-01 06:00:00,Wednesday,6,0.124,1.571,0.182,0.343,0.000,0.000,2.220,
2025-10-01 07:00:00,Wednesday,7,0.143,1.457,0.000,0.405,0.000,0.000,2.005,
2025-10-01 08:00:00,Wednesday,8,0.121,1.423,0.000,0.587,0.000,0.000,2.131,
2025-10-01 09:00:00,Wednesday,9,0.141,1.332,0.000,0.000,0.000,0.000,1.473,
2025-10-01 10:00:00,Wednesday,10,0.119,1.097,0.000,0.000,0.000,0.000,1.216,
2025-10-01 11:00:00,Wednesday,11,0.141,1.192,0.000,0.000,0.000,0.000,1.333,
2025-10-01 12:00:00,Wednesday,12,0.149,1.070,0.000,0.000,0.000,0.000,1.219,
2025-10-01 13:00:00,Wednesday,13,0.128,1.131,0.000,0.000,0.000,0.000,1.259,
2025-10-01 14:00:00,Wednesday,14,0.148,0.966,0.000,0.000,0.203,0.000,1.317,
2025-10-01 15:00:00,Wednesday,15,0.128,0.828,0.000,0.000,0.132,0.000,1.088,
2025-10-01 16:00:00,Wednesday,16,0.122,1.023,0.000,0.000,0.207,0.000,1.352,
2025-10-01 17:00:00,Wednesday,17,0.128,0.964,0.000,0.000,0.311,0.000,1.403,
2025-10-01 18:00:00,Wednesday,18,0.145,1.032,0.127,1.028,0.219,0.000,2.551,
2025-10-01 19:00:00,Wednesday,19,0.128,1.126,0.286,0.000,0.172,0.000,1.712,
2025-10-01 20:00:00,Wednesday,20,0.150,1.361,0.226,0.000,0.285,1.145,3.167,zmywarka
2025-10-01 21:00:00,Wednesday,21,0.118,1.311,0.261,0.000,0.230,0.000,1.920,
2025-10-01 22:00:00,Wednesday,22,0.122,0.840,0.077,0.000,0.262,0.000,1.301,
2025-10-01 23:00:00,Wednesday,23,0.129,1.048,0.000,0.000,0.000,0.000,1.177,
2025-10-02 00:00:00,Thursday,0,0.154,0.899,0.000,0.000,0.000,0.000,1.053,
2025-10-02 01:00:00,Thursday,1,0.114,0.919,0.000,0.000,0.000,0.000,1.033,
2025-10-02 02:00:00,Thursday,2,0.148,1.074,0.000,0.000,0.000,0.000,1.222,
2025-10-02 03:00:00,Thursday,3,0.113,0.989,0.000,0.000,0.000,0.000,1.102,
2025-10-02 04:00:00,Thursday,4,0.179,1.150,0.000,0.000,0.000,0.000,1.329,
2025-10-02 05:00:00,Thursday,5,0.127,1.090,0.000,0.000,0.000,0.000,1.217,
2025-10-02 06:00:00,Thursday,6,0.117,1.601,0.191,0.340,0.000,0.000,2.249,
2025-10-02 07:00:00,Thursday,7,0.160,1.455,0.000,0.552,0.000,0.000,2.167,
2025-10-02 08:00:00,Thursday,8,0.143,1.203,0.000,0.332,0.000,0.000,1.678,
2025-10-02 09:00:00,Thursday,9,0.133,1.151,0.000,0.000,0.099,0.000,1.383,
2025-10-02 10:00:00,Thursday,10,0.128,1.058,0.000,0.000,0.100,0.000,1.286,
2025-10-02 11:00:00,Thursday,11,0.131,1.156,0.000,0.000,0.140,0.000,1.427,
2025-10-02 12:00:00,Thursday,12,0.147,0.870,0.000,0.860,0.131,0.000,2.008,
2025-10-02 13:00:00,Thursday,13,0.123,0.989,0.000,0.000,0.130,0.000,1.242,
2025-10-02 14:00:00,Thursday,14,0.125,0.857,0.000,0.000,0.143,0.000,1.125,
2025-10-02 15:00:00,Thursday,15,0.138,0.961,0.000,0.000,0.173,0.000,1.272,
2025-10-02 16:00:00,Thursday,16,0.120,0.885,0.000,0.000,0.126,0.000,1.131,
2025-10-02 17:00:00,Thursday,17,0.150,0.861,0.000,1.108,0.206,0.000,2.325,goście
2025-10-02 18:00:00,Thursday,18,0.120,0.854,0.185,0.000,0.294,0.000,1.453,goście
2025-10-02 19:00:00,Thursday,19,0.139,0.976,0.276,0.000,0.350,0.000,1.741,goście
2025-10-02 20:00:00,Thursday,20,0.113,1.109,0.223,0.000,0.334,0.000,1.779,goście
2025-10-02 21:00:00,Thursday,21,0.128,1.008,0.207,0.000,0.337,0.000,1.680,goście
2025-10-02 22:00:00,Thursday,22,0.110,1.190,0.139,0.000,0.177,0.000,1.616,
2025-10-02 23:00:00,Thursday,23,0.135,0.913,0.000,0.000,0.000,0.000,1.048,
2025-10-03 00:00:00,Friday,0,0.148,0.963,0.000,0.000,0.000,0.000,1.111,
2025-10-03 01:00:00,Friday,1,0.160,1.078,0.000,0.000,0.000,0.000,1.238,
2025-10-03 02:00:00,Friday,2,0.115,1.084,0.000,0.000,0.000,0.000,1.199,
2025-10-03 03:00:00,Friday,3,0.156,1.086,0.000,0.000,0.000,0.000,1.242,
2025-10-03 04:00:00,Friday,4,0.152,1.160,0.000,0.000,0.000,0.000,1.312,
2025-10-03 05:00:00,Friday,5,0.136,1.216,0.000,0.000,0.000,0.000,1.352,
2025-10-03 06:00:00,Friday,6,0.120,1.298,0.124,0.314,0.000,0.000,1.856,
2025-10-03 07:00:00,Friday,7,0.146,1.322,0.000,0.399,0.000,0.000,1.867,
2025-10-03 08:00:00,Friday,8,0.140,1.268,0.000,0.465,0.000,0.000,1.873,
2025-10-03 09:00:00,Friday,9,0.158,1.034,0.000,0.000,0.086,0.000,1.278,
2025-10-03 10:00:00,Friday,10,0.146,1.063,0.000,0.000,0.142,0.000,1.351,
2025-10-03 11:00:00,Friday,11,0.139,0.858,0.000,0.000,0.136,0.000,1.133,
2025-10-03 12:00:00,Friday,12,0.136,0.878,0.000,0.859,0.134,0.000,2.007,
2025-10-03 13:00:00,Friday,13,0.154,0.964,0.000,0.000,0.105,0.000,1.223,
2025-10-03 14:00:00,Friday,14,0.127,0.756,0.000,0.000,0.207,0.000,1.090,
2025-10-03 15:00:00,Friday,15,0.150,0.833,0.000,0.000,0.184,0.000,1.167,
2025-10-03 16:00:00,Friday,16,0.145,0.942,0.000,0.000,0.094,0.000,1.181,
2025-10-03 17:00:00,Friday,17,0.157,1.072,0.000,0.000,0.265,0.000,1.494,
2025-10-03 18:00:00,Friday,18,0.149,0.826,0.240,0.902,0.160,0.000,2.277,
2025-10-03 19:00:00,Friday,19,0.143,1.054,0.184,0.000,0.337,0.000,1.718,
2025-10-03 20:00:00,Friday,20,0.140,0.973,0.135,0.000,0.183,0.000,1.431,
2025-10-03 21:00:00,Friday,21,0.154,0.907,0.131,0.000,0.187,0.000,1.379,
2025-10-03 22:00:00,Friday,22,0.140,0.928,0.065,0.000,0.245,0.000,1.378,
2025-10-03 23:00:00,Friday,23,0.138,0.831,0.000,0.000,0.000,0.000,0.969,
2025-10-04 00:00:00,Saturday,0,0.150,0.819,0.000,0.000,0.000,0.000,0.969,
2025-10-04 01:00:00,Saturday,1,0.113,0.994,0.000,0.000,0.000,0.000,1.107,
2025-10-04 02:00:00,Saturday,2,0.157,0.747,0.000,0.000,0.000,0.000,0.904,
2025-10-04 03:00:00,Saturday,3,0.146,0.910,0.000,0.000,0.000,0.000,1.056,
2025-10-04 04:00:00,Saturday,4,0.127,0.949,0.000,0.000,0.000,0.000,1.076,
2025-10-04 05:00:00,Saturday,5,0.163,0.786,0.000,0.000,0.000,0.000,0.949,
2025-10-04 06:00:00,Saturday,6,0.124,1.130,0.091,0.169,0.000,0.000,1.514,
2025-10-04 07:00:00,Saturday,7,0.160,1.005,0.177,0.350,0.000,0.000,1.692,
2025-10-04 08:00:00,Saturday,8,0.137,1.303,0.000,0.518,0.000,0.000,1.958,
2025-10-04 09:00:00,Saturday,9,0.131,1.210,0.000,0.000,0.216,0.877,2.434,pralka
2025-10-04 10:00:00,Saturday,10,0.114,1.384,0.000,0.000,0.117,0.000,1.615,
2025-10-04 11:00:00,Saturday,11,0.142,1.422,0.000,0.000,0.178,0.000,1.742,
2025-10-04 12:00:00,Saturday,12,0.160,1.225,0.000,0.557,0.220,0.000,2.162,
2025-10-04 13:00:00,Saturday,13,0.144,1.301,0.000,0.000,0.071,0.000,1.516,
2025-10-04 14:00:00,Saturday,14,0.115,1.117,0.000,0.000,0.124,0.857,2.213,zmywarka
2025-10-04 15:00:00,Saturday,15,0.140,1.010,0.000,0.000,0.221,0.000,1.371,
2025-10-04 16:00:00,Saturday,16,0.137,1.170,0.000,0.000,0.210,0.000,1.517,
2025-10-04 17:00:00,Saturday,17,0.122,1.120,0.000,0.000,0.350,0.000,1.592,
2025-10-04 18:00:00,Saturday,18,0.147,1.120,0.155,1.032,0.163,0.000,2.617,
2025-10-04 19:00:00,Saturday,19,0.157,1.233,0.267,0.000,0.333,0.000,1.990,
2025-10-04 20:00:00,Saturday,20,0.112,1.169,0.227,0.000,0.176,0.000,1.684,
2025-10-04 21:00:00,Saturday,21,0.144,1.184,0.290,0.000,0.346,0.000,1.964,
2025-10-04 22:00:00,Saturday,22,0.142,1.155,0.122,0.000,0.180,0.000,1.599,
2025-10-04 23:00:00,Saturday,23,0.124,1.204,0.000,0.000,0.000,0.000,1.328,
2025-10-05 00:00:00,Sunday,0,0.140,1.075,0.000,0.000,0.000,0.000,1.215,
2025-10-05 01:00:00,Sunday,1,0.151,1.050,0.000,0.000,0.000,0.000,1.201,
2025-10-05 02:00:00,Sunday,2,0.153,0.953,0.000,0.000,0.000,0.000,1.106,
2025-10-05 03:00:00,Sunday,3,0.180,1.003,0.000,0.000,0.000,0.000,1.183,
2025-10-05 04:00:00,Sunday,4,0.126,0.902,0.000,0.000,0.000,0.000,1.028,
2025-10-05 05:00:00,Sunday,5,0.146,0.997,0.000,0.000,0.000,0.000,1.143,
2025-10-05 06:00:00,Sunday,6,0.119,1.105,0.080,0.542,0.000,0.000,1.846,
2025-10-05 07:00:00,Sunday,7,0.120,1.142,0.124,0.181,0.000,0.000,1.567,
2025-10-05 08:00:00,Sunday,8,0.146,1.154,0.000,0.161,0.000,0.000,1.461,
2025-10-05 09:00:00,Sunday,9,0.155,1.050,0.000,0.000,0.164,0.000,1.369,
2025-10-05 10:00:00,Sunday,10,0.132,0.946,0.000,0.000,0.167,0.000,1.245,
2025-10-05 11:00:00,Sunday,11,0.146,0.831,0.000,0.000,0.166,0.000,1.143,
2025-10-05 12:00:00,Sunday,12,0.118,0.759,0.000,0.000,0.058,0.000,0.935,
2025-10-05 13:00:00,Sunday,13,0.112,0.835,0.000,0.402,0.115,0.000,1.464,
2025-10-05 14:00:00,Sunday,14,0.111,0.911,0.000,0.000,0.061,0.822,1.905,zmywarka
2025-10-05 15:00:00,Sunday,15,0.134,0.959,0.000,0.000,0.171,0.000,1.264,
2025-10-05 16:00:00,Sunday,16,0.120,0.924,0.000,0.000,0.100,0.000,1.144,
2025-10-05 17:00:00,Sunday,17,0.135,0.763,0.000,1.012,0.216,0.000,2.126,
2025-10-05 18:00:00,Sunday,18,0.141,1.001,0.204,0.000,0.179,0.000,1.525,
2025-10-05 19:00:00,Sunday,19,0.156,1.120,0.263,0.000,0.269,0.000,1.808,
2025-10-05 20:00:00,Sunday,20,0.123,0.954,0.224,0.000,0.326,0.000,1.627,
2025-10-05 21:00:00,Sunday,21,0.128,0.936,0.160,0.000,0.334,0.000,1.558,
2025-10-05 22:00:00,Sunday,22,0.149,0.974,0.109,0.000,0.338,0.000,1.570,
2025-10-05 23:00:00,Sunday,23,0.111,0.845,0.000,0.000,0.000,0.000,0.956,
2025-10-06 00:00:00,Monday,0,0.155,0.864,0.000,0.000,0.000,0.000,1.019,
2025-10-06 01:00:00,Monday,1,0.157,0.683,0.000,0.000,0.000,0.000,0.840,
2025-10-06 02:00:00,Monday,2,0.138,0.810,0.000,0.000,0.000,0.000,0.948,
2025-10-06 03:00:00,Monday,3,0.144,0.649,0.000,0.000,0.000,0.000,0.793,
2025-10-06 04:00:00,Monday,4,0.122,0.777,0.000,0.000,0.000,0.000,0.899,
2025-10-06 05:00:00,Monday,5,0.151,0.738,0.000,0.000,0.000,0.000,0.889,
2025-10-06 06:00:00,Monday,6,0.126,0.939,0.103,0.344,0.000,0.000,1.512,
2025-10-06 07:00:00,Monday,7,0.125,0.894,0.154,0.470,0.000,0.000,1.643,
2025-10-06 08:00:00,Monday,8,0.113,0.945,0.000,0.171,0.000,0.000,1.229,
2025-10-06 09:00:00,Monday,9,0.124,0.932,0.000,0.000,0.095,0.000,1.151,praca zdalna
2025-10-06 10:00:00,Monday,10,0.148,0.946,0.000,0.000,0.082,0.000,1.176,praca zdalna
2025-10-06 11:00:00,Monday,11,0.115,0.709,0.000,0.000,0.125,0.000,0.949,praca zdalna
2025-10-06 12:00:00,Monday,12,0.149,0.714,0.000,0.000,0.105,0.000,0.968,praca zdalna
2025-10-06 13:00:00,Monday,13,0.123,0.727,0.000,0.000,0.103,0.000,0.953,praca zdalna
2025-10-06 14:00:00,Monday,14,0.115,0.544,0.000,0.000,0.384,0.000,1.043,praca zdalna
2025-10-06 15:00:00,Monday,15,0.140,0.592,0.000,0.000,0.392,0.000,1.124,praca zdalna
2025-10-06 16:00:00,Monday,16,0.150,0.607,0.000,0.000,0.217,0.000,0.974,praca zdalna
2025-10-06 17:00:00,Monday,17,0.137,0.815,0.000,0.000,0.348,0.000,1.300,
2025-10-06 18:00:00,Monday,18,0.148,0.803,0.242,0.757,0.312,0.000,2.262,
2025-10-06 19:00:00,Monday,19,0.154,0.900,0.277,0.000,0.214,1.009,2.554,zmywarka
2025-10-06 20:00:00,Monday,20,0.157,0.897,0.295,0.000,0.167,0.000,1.516,
2025-10-06 21:00:00,Monday,21,0.145,1.136,0.155,0.000,0.237,0.000,1.673,
2025-10-06 22:00:00,Monday,22,0.151,0.837,0.051,0.000,0.293,0.000,1.332,
2025-10-06 23:00:00,Monday,23,0.182,1.043,0.000,0.000,0.000,0.000,1.225,
2025-10-07 00:00:00,Tuesday,0,0.132,1.132,0.000,0.000,0.000,0.000,1.264,
2025-10-07 01:00:00,Tuesday,1,0.117,1.134,0.000,0.000,0.000,0.000,1.251,
2025-10-07 02:00:00,Tuesday,2,0.120,0.996,0.000,0.000,0.000,0.000,1.116,
2025-10-07 03:00:00,Tuesday,3,0.130,0.970,0.000,0.000,0.000,0.000,1.100,
2025-10-07 04:00:00,Tuesday,4,0.152,0.882,0.000,0.000,0.000,0.000,1.034,
2025-10-07 05:00:00,Tuesday,5,0.112,0.925,0.000,0.000,0.000,0.000,1.037,
2025-10-07 06:00:00,Tuesday,6,0.122,1.146,0.169,0.334,0.000,0.000,1.771,
2025-10-07 07:00:00,Tuesday,7,0.126,1.141,0.184,0.271,0.000,0.000,1.722,
2025-10-07 08:00:00,Tuesday,8,0.110,1.061,0.000,0.335,0.000,0.000,1.506,
2025-10-07 09:00:00,Tuesday,9,0.123,0.954,0.000,0.000,0.101,0.000,1.178,
2025-10-07 10:00:00,Tuesday,10,0.120,0.891,0.000,0.000,0.134,0.000,1.145,
2025-10-07 11:00:00,Tuesday,11,0.134,0.835,0.000,0.000,0.118,0.688,1.775,pralka
2025-10-07 12:00:00,Tuesday,12,0.138,0.868,0.000,0.000,0.110,0.000,1.116,
2025-10-07 13:00:00,Tuesday,13,0.158,0.863,0.000,0.796,0.082,0.000,1.899,
2025-10-07 14:00:00,Tuesday,14,0.119,0.757,0.000,0.000,0.199,0.000,1.075,
2025-10-07 15:00:00,Tuesday,15,0.127,0.817,0.000,0.000,0.163,0.000,1.107,
2025-10-07 16:00:00,Tuesday,16,0.159,0.849,0.000,0.000,0.203,0.000,1.211,
2025-10-07 17:00:00,Tuesday,17,0.147,0.845,0.000,1.115,0.250,0.000,2.357,goście
2025-10-07 18:00:00,Tuesday,18,0.114,0.757,0.238,0.000,0.306,0.000,1.415,goście
2025-10-07 19:00:00,Tuesday,19,0.151,0.757,0.225,0.000,0.235,1.050,2.418,goście; zmywarka
2025-10-07 20:00:00,Tuesday,20,0.123,0.812,0.272,0.000,0.223,0.000,1.430,goście
2025-10-07 21:00:00,Tuesday,21,0.132,0.649,0.288,0.000,0.214,0.000,1.283,goście
2025-10-07 22:00:00,Tuesday,22,0.114,0.638,0.058,0.000,0.295,0.000,1.105,
2025-10-07 23:00:00,Tuesday,23,0.127,0.641,0.000,0.000,0.000,0.000,0.768,
2025-10-08 00:00:00,Wednesday,0,0.158,0.639,0.000,0.000,0.000,0.000,0.797,
2025-10-08 01:00:00,Wednesday,1,0.159,0.514,0.000,0.000,0.000,0.000,0.673,
2025-10-08 02:00:00,Wednesday,2,0.126,0.654,0.000,0.000,0.000,0.000,0.780,
2025-10-08 03:00:00,Wednesday,3,0.125,0.665,0.000,0.000,0.000,0.000,0.790,
2025-10-08 04:00:00,Wednesday,4,0.113,0.646,0.000,0.000,0.000,0.000,0.759,
2025-10-08 05:00:00,Wednesday,5,0.149,0.770,0.000,0.000,0.000,0.000,0.919,
2025-10-08 06:00:00,Wednesday,6,0.155,0.857,0.205,0.587,0.000,0.000,1.804,
2025-10-08 07:00:00,Wednesday,7,0.156,0.801,0.167,0.445,0.000,0.000,1.569,
2025-10-08 08:00:00,Wednesday,8,0.146,0.864,0.000,0.357,0.000,0.000,1.367,
2025-10-08 09:00:00,Wednesday,9,0.157,0.913,0.000,0.000,0.119,0.000,1.189,
2025-10-08 10:00:00,Wednesday,10,0.157,0.818,0.000,0.000,0.132,0.000,1.107,
2025-10-08 11:00:00,Wednesday,11,0.150,0.711,0.000,0.000,0.128,0.000,0.989,
2025-10-08 12:00:00,Wednesday,12,0.140,0.772,0.000,0.775,0.120,0.000,1.807,
2025-10-08 13:00:00,Wednesday,13,0.120,0.675,0.000,0.000,0.112,0.000,0.907,
2025-10-08 14:00:00,Wednesday,14,0.131,0.680,0.000,0.000,0.152,0.000,0.963,
2025-10-08 15:00:00,Wednesday,15,0.153,0.598,0.000,0.000,0.223,0.000,0.974,
2025-10-08 16:00:00,Wednesday,16,0.142,0.731,0.000,0.000,0.115,0.000,0.988,
2025-10-08 17:00:00,Wednesday,17,0.134,0.643,0.000,0.854,0.151,0.000,1.782,
2025-10-08 18:00:00,Wednesday,18,0.110,0.907,0.298,0.000,0.259,0.000,1.574,
2025-10-08 19:00:00,Wednesday,19,0.116,0.801,0.239,0.000,0.255,1.049,2.460,zmywarka
2025-10-08 20:00:00,Wednesday,20,0.133,1.150,0.149,0.000,0.239,0.000,1.671,
2025-10-08 21:00:00,Wednesday,21,0.134,1.124,0.201,0.000,0.324,0.000,1.783,
2025-10-08 22:00:00,Wednesday,22,0.128,1.109,0.138,0.000,0.311,0.000,1.686,
2025-10-08 23:00:00,Wednesday,23,0.132,1.060,0.000,0.000,0.000,0.000,1.192,
2025-10-09 00:00:00,Thursday,0,0.156,0.966,0.000,0.000,0.000,0.000,1.122,
2025-10-09 01:00:00,Thursday,1,0.132,1.023,0.000,0.000,0.000,0.000,1.155,
2025-10-09 02:00:00,Thursday,2,0.152,1.107,0.000,0.000,0.000,0.000,1.259,
2025-10-09 03:00:00,Thursday,3,0.157,1.179,0.000,0.000,0.000,0.000,1.336,
2025-10-09 04:00:00,Thursday,4,0.117,1.250,0.000,0.000,0.000,0.000,1.367,
2025-10-09 05:00:00,Thursday,5,0.134,1.333,0.000,0.000,0.000,0.000,1.467,
2025-10-09 06:00:00,Thursday,6,0.139,1.527,0.134,0.434,0.000,0.000,2.234,
2025-10-09 07:00:00,Thursday,7,0.140,1.661,0.000,0.568,0.000,0.000,2.369,
2025-10-09 08:00:00,Thursday,8,0.146,1.280,0.000,0.428,0.000,0.000,1.854,
2025-10-09 09:00:00,Thursday,9,0.120,1.440,0.000,0.000,0.099,0.000,1.659,
2025-10-09 10:00:00,Thursday,10,0.131,1.120,0.000,0.000,0.095,0.000,1.346,
2025-10-09 11:00:00,Thursday,11,0.153,0.928,0.000,0.000,0.101,0.000,1.182,
2025-10-09 12:00:00,Thursday,12,0.154,0.884,0.000,0.000,0.113,0.000,1.151,
2025-10-09 13:00:00,Thursday,13,0.152,0.706,0.000,0.519,0.104,0.000,1.481,
2025-10-09 14:00:00,Thursday,14,0.130,0.836,0.000,0.000,0.175,0.000,1.141,
2025-10-09 15:00:00,Thursday,15,0.155,0.771,0.000,0.000,0.082,0.000,1.008,
2025-10-09 16:00:00,Thursday,16,0.119,0.730,0.000,0.000,0.160,0.000,1.009,
2025-10-09 17:00:00,Thursday,17,0.137,0.725,0.000,0.000,0.313,0.000,1.175,
2025-10-09 18:00:00,Thursday,18,0.116,0.776,0.109,0.729,0.330,0.000,2.060,
2025-10-09 19:00:00,Thursday,19,0.122,0.930,0.155,0.000,0.176,0.000,1.383,
2025-10-09 20:00:00,Thursday,20,0.135,0.737,0.291,0.000,0.216,1.187,2.566,zmywarka
2025-10-09 21:00:00,Thursday,21,0.145,0.876,0.259,0.000,0.157,0.000,1.437,
2025-10-09 22:00:00,Thursday,22,0.153,0.660,0.062,0.000,0.181,0.000,1.056,
2025-10-09 23:00:00,Thursday,23,0.159,0.737,0.000,0.000,0.000,0.000,0.896,
2025-10-10 00:00:00,Friday,0,0.140,0.790,0.000,0.000,0.000,0.000,0.930,
2025-10-10 01:00:00,Friday,1,0.139,0.705,0.000,0.000,0.000,0.000,0.844,
2025-10-10 02:00:00,Friday,2,0.178,0.921,0.000,0.000,0.000,0.000,1.099,
2025-10-10 03:00:00,Friday,3,0.139,0.961,0.000,0.000,0.000,0.000,1.100,
2025-10-10 04:00:00,Friday,4,0.157,0.829,0.000,0.000,0.000,0.000,0.986,
2025-10-10 05:00:00,Friday,5,0.133,1.010,0.000,0.000,0.000,0.000,1.143,
2025-10-10 06:00:00,Friday,6,0.143,1.174,0.095,0.392,0.000,0.000,1.804,
2025-10-10 07:00:00,Friday,7,0.126,1.183,0.074,0.526,0.000,0.000,1.909,
2025-10-10 08:00:00,Friday,8,0.148,1.164,0.000,0.378,0.000,0.000,1.690,
2025-10-10 09:00:00,Friday,9,0.129,0.996,0.000,0.000,0.000,0.000,1.125,
2025-10-10 10:00:00,Friday,10,0.121,0.913,0.000,0.000,0.000,0.000,1.034,
2025-10-10 11:00:00,Friday,11,0.111,0.701,0.000,0.000,0.000,0.000,0.812,
2025-10-10 12:00:00,Friday,12,0.159,0.777,0.000,0.000,0.000,0.000,0.936,
2025-10-10 13:00:00,Friday,13,0.158,0.754,0.000,0.000,0.000,0.000,0.912,
2025-10-10 14:00:00,Friday,14,0.145,0.600,0.000,0.000,0.114,0.000,0.859,
2025-10-10 15:00:00,Friday,15,0.126,0.726,0.000,0.000,0.098,0.000,0.950,
2025-10-10 16:00:00,Friday,16,0.133,0.770,0.000,0.000,0.205,0.000,1.108,
2025-10-10 17:00:00,Friday,17,0.128,0.775,0.000,0.000,0.230,0.000,1.133,
2025-10-10 18:00:00,Friday,18,0.152,0.735,0.283,1.183,0.170,0.000,2.523,
2025-10-10 19:00:00,Friday,19,0.127,0.786,0.111,0.000,0.207,0.000,1.231,
2025-10-10 20:00:00,Friday,20,0.141,0.869,0.249,0.000,0.340,0.993,2.592,zmywarka
2025-10-10 21:00:00,Friday,21,0.139,0.771,0.204,0.000,0.323,0.000,1.437,
2025-10-10 22:00:00,Friday,22,0.112,0.738,0.134,0.000,0.203,0.000,1.187,
2025-10-10 23:00:00,Friday,23,0.135,0.629,0.000,0.000,0.000,0.000,0.764,
2025-10-11 00:00:00,Saturday,0,0.167,0.696,0.000,0.000,0.000,0.000,0.863,
2025-10-11 01:00:00,Saturday,1,0.149,0.562,0.000,0.000,0.000,0.000,0.711,
2025-10-11 02:00:00,Saturday,2,0.139,0.607,0.000,0.000,0.000,0.000,0.746,
2025-10-11 03:00:00,Saturday,3,0.134,0.751,0.000,0.000,0.000,0.000,0.885,
2025-10-11 04:00:00,Saturday,4,0.162,0.729,0.000,0.000,0.000,0.000,0.891,
2025-10-11 05:00:00,Saturday,5,0.151,0.759,0.000,0.000,0.000,0.000,0.910,
2025-10-11 06:00:00,Saturday,6,0.140,0.994,0.145,0.483,0.000,0.000,1.762,
2025-10-11 07:00:00,Saturday,7,0.155,0.878,0.000,0.442,0.000,0.000,1.475,
2025-10-11 08:00:00,Saturday,8,0.153,0.900,0.000,0.348,0.000,0.000,1.401,
2025-10-11 09:00:00,Saturday,9,0.117,1.026,0.000,0.000,0.245,0.000,1.388,
2025-10-11 10:00:00,Saturday,10,0.117,1.001,0.000,0.000,0.209,0.811,2.138,pralka
2025-10-11 11:00:00,Saturday,11,0.119,0.833,0.000,0.000,0.203,2.033,3.188,suszarka
2025-10-11 12:00:00,Saturday,12,0.128,0.652,0.000,0.000,0.246,0.000,1.026,
2025-10-11 13:00:00,Saturday,13,0.134,0.705,0.000,0.423,0.092,0.000,1.354,
2025-10-11 14:00:00,Saturday,14,0.149,0.821,0.000,0.000,0.209,1.093,2.272,zmywarka
2025-10-11 15:00:00,Saturday,15,0.139,0.801,0.000,0.000,0.152,0.000,1.092,
2025-10-11 16:00:00,Saturday,16,0.118,0.627,0.000,0.000,0.119,0.000,0.864,
2025-10-11 17:00:00,Saturday,17,0.119,0.844,0.000,0.000,0.251,0.000,1.214,
2025-10-11 18:00:00,Saturday,18,0.141,0.757,0.103,0.749,0.231,0.000,1.981,
2025-10-11 19:00:00,Saturday,19,0.133,0.818,0.215,0.000,0.187,0.000,1.353,
2025-10-11 20:00:00,Saturday,20,0.152,0.869,0.207,0.000,0.190,0.000,1.418,
2025-10-11 21:00:00,Saturday,21,0.159,0.828,0.232,0.000,0.287,0.000,1.506,
2025-10-11 22:00:00,Saturday,22,0.111,0.718,0.114,0.000,0.317,0.000,1.260,
2025-10-11 23:00:00,Saturday,23,0.130,0.759,0.000,0.000,0.000,0.000,0.889,
2025-10-12 00:00:00,Sunday,0,0.159,0.897,0.000,0.000,0.000,0.000,1.056,
2025-10-12 01:00:00,Sunday,1,0.126,0.892,0.000,0.000,0.000,0.000,1.018,
2025-10-12 02:00:00,Sunday,2,0.138,0.725,0.000,0.000,0.000,0.000,0.863,
2025-10-12 03:00:00,Sunday,3,0.155,0.802,0.000,0.000,0.000,0.000,0.957,
2025-10-12 04:00:00,Sunday,4,0.160,0.822,0.000,0.000,0.000,0.000,0.982,
2025-10-12 05:00:00,Sunday,5,0.138,0.786,0.000,0.000,0.000,0.000,0.924,
2025-10-12 06:00:00,Sunday,6,0.152,0.967,0.134,0.499,0.000,0.000,1.752,
2025-10-12 07:00:00,Sunday,7,0.154,0.814,0.103,0.522,0.000,0.000,1.593,
2025-10-12 08:00:00,Sunday,8,0.145,0.969,0.000,0.332,0.000,0.000,1.446,
2025-10-12 09:00:00,Sunday,9,0.124,0.926,0.000,0.000,0.209,0.000,1.259,
2025-10-12 10:00:00,Sunday,10,0.128,0.748,0.000,0.000,0.096,0.000,0.972,
2025-10-12 11:00:00,Sunday,11,0.121,0.652,0.000,0.000,0.147,0.000,0.920,
2025-10-12 12:00:00,Sunday,12,0.140,0.711,0.000,1.080,0.117,0.000,2.048,
2025-10-12 13:00:00,Sunday,13,0.132,0.611,0.000,0.000,0.232,0.972,1.947,zmywarka
2025-10-12 14:00:00,Sunday,14,0.133,0.610,0.000,0.000,0.077,0.000,0.820,
2025-10-12 15:00:00,Sunday,15,0.144,0.582,0.000,0.000,0.076,0.000,0.802,
2025-10-12 16:00:00,Sunday,16,0.132,0.594,0.000,0.000,0.092,0.000,0.818,
2025-10-12 17:00:00,Sunday,17,0.147,0.594,0.000,0.000,0.284,0.000,1.025,
2025-10-12 18:00:00,Sunday,18,0.143,0.819,0.144,0.629,0.234,0.000,1.969,
2025-10-12 19:00:00,Sunday,19,0.137,1.083,0.115,0.000,0.252,0.000,1.587,
2025-10-12 20:00:00,Sunday,20,0.149,1.091,0.143,0.000,0.287,0.000,1.670,
2025-10-12 21:00:00,Sunday,21,0.144,1.262,0.145,0.000,0.240,0.000,1.791,
2025-10-12 22:00:00,Sunday,22,0.143,0.898,0.143,0.000,0.257,0.000,1.441,
2025-10-12 23:00:00,Sunday,23,0.145,0.962,0.000,0.000,0.000,0.000,1.107,
2025-10-13 00:00:00,Monday,0,0.118,1.386,0.000,0.000,0.000,0.000,1.504,
2025-10-13 01:00:00,Monday,1,0.155,1.162,0.000,0.000,0.000,0.000,1.317,
2025-10-13 02:00:00,Monday,2,0.114,1.613,0.000,0.000,0.000,0.000,1.727,
2025-10-13 03:00:00,Monday,3,0.172,1.698,0.000,0.000,0.000,0.000,1.870,
2025-10-13 04:00:00,Monday,4,0.147,1.682,0.000,0.000,0.000,0.000,1.829,
2025-10-13 05:00:00,Monday,5,0.130,1.398,0.000,0.000,0.000,0.000,1.528,
2025-10-13 06:00:00,Monday,6,0.157,2.004,0.150,0.410,0.000,0.000,2.721,
2025-10-13 07:00:00,Monday,7,0.113,1.805,0.000,0.403,0.000,0.000,2.321,
2025-10-13 08:00:00,Monday,8,0.124,1.897,0.000,0.306,0.000,0.000,2.327,
2025-10-13 09:00:00,Monday,9,0.127,1.682,0.000,0.000,0.089,0.000,1.898,
2025-10-13 10:00:00,Monday,10,0.129,1.796,0.000,0.000,0.090,0.000,2.015,
2025-10-13 11:00:00,Monday,11,0.126,1.487,0.000,0.000,0.134,0.000,1.747,
2025-10-13 12:00:00,Monday,12,0.114,1.121,0.000,0.000,0.088,0.000,1.323,
2025-10-13 13:00:00,Monday,13,0.121,0.922,0.000,0.720,0.104,0.000,1.867,
2025-10-13 14:00:00,Monday,14,0.138,0.816,0.000,0.000,0.218,0.000,1.172,
2025-10-13 15:00:00,Monday,15,0.146,0.938,0.000,0.000,0.226,0.000,1.310,
2025-10-13 16:00:00,Monday,16,0.120,0.867,0.000,0.000,0.093,0.000,1.080,
2025-10-13 17:00:00,Monday,17,0.125,0.811,0.000,0.610,0.273,0.000,1.819,
2025-10-13 18:00:00,Monday,18,0.134,1.111,0.125,0.000,0.275,0.000,1.645,
2025-10-13 19:00:00,Monday,19,0.159,1.307,0.275,0.000,0.252,0.000,1.993,
2025-10-13 20:00:00,Monday,20,0.115,1.233,0.164,0.000,0.201,0.000,1.713,
2025-10-13 21:00:00,Monday,21,0.123,1.385,0.265,0.000,0.164,0.000,1.937,
2025-10-13 22:00:00,Monday,22,0.119,1.115,0.137,0.000,0.183,0.000,1.554,
2025-10-13 23:00:00,Monday,23,0.141,1.173,0.000,0.000,0.000,0.000,1.314,
2025-10-14 00:00:00,Tuesday,0,0.118,1.248,0.000,0.000,0.000,0.000,1.366,
2025-10-14 01:00:00,Tuesday,1,0.124,0.996,0.000,0.000,0.000,0.000,1.120,
2025-10-14 02:00:00,Tuesday,2,0.177,0.950,0.000,0.000,0.000,0.000,1.127,
2025-10-14 03:00:00,Tuesday,3,0.152,0.994,0.000,0.000,0.000,0.000,1.146,
2025-10-14 04:00:00,Tuesday,4,0.143,1.134,0.000,0.000,0.000,0.000,1.277,
2025-10-14 05:00:00,Tuesday,5,0.160,0.953,0.000,0.000,0.000,0.000,1.113,
2025-10-14 06:00:00,Tuesday,6,0.138,1.192,0.185,0.388,0.000,0.000,1.903,
2025-10-14 07:00:00,Tuesday,7,0.117,1.337,0.086,0.326,0.000,0.000,1.866,
2025-10-14 08:00:00,Tuesday,8,0.131,1.119,0.000,0.545,0.000,0.000,1.795,
2025-10-14 09:00:00,Tuesday,9,0.150,1.273,0.000,0.000,0.000,0.000,1.423,
2025-10-14 10:00:00,Tuesday,10,0.133,0.912,0.000,0.000,0.000,0.000,1.045,
2025-10-14 11:00:00,Tuesday,11,0.148,0.955,0.000,0.000,0.000,0.000,1.103,
2025-10-14 12:00:00,Tuesday,12,0.115,1.026,0.000,0.000,0.000,0.000,1.141,
2025-10-14 13:00:00,Tuesday,13,0.144,0.970,0.000,0.000,0.000,0.000,1.114,
2025-10-14 14:00:00,Tuesday,14,0.151,0.759,0.000,0.000,0.182,0.000,1.092,
2025-10-14 15:00:00,Tuesday,15,0.128,0.967,0.000,0.000,0.088,0.000,1.183,
2025-10-14 16:00:00,Tuesday,16,0.120,0.970,0.000,0.000,0.097,0.000,1.187,
2025-10-14 17:00:00,Tuesday,17,0.113,0.791,0.000,1.860,0.196,0.000,2.960,
2025-10-14 18:00:00,Tuesday,18,0.111,1.021,0.135,0.000,0.237,0.000,1.504,
2025-10-14 19:00:00,Tuesday,19,0.113,1.281,0.162,0.000,0.254,0.995,2.805,zmywarka
2025-10-14 20:00:00,Tuesday,20,0.144,0.985,0.212,0.000,0.283,0.000,1.624,
2025-10-14 21:00:00,Tuesday,21,0.115,1.247,0.268,0.000,0.195,0.000,1.825,
2025-10-14 22:00:00,Tuesday,22,0.143,1.128,0.149,0.000,0.246,0.000,1.666,
2025-10-14 23:00:00,Tuesday,23,0.151,0.973,0.000,0.000,0.000,0.000,1.124,
2025-10-15 00:00:00,Wednesday,0,0.158,1.139,0.000,0.000,0.000,0.000,1.297,
2025-10-15 01:00:00,Wednesday,1,0.123,1.094,0.000,0.000,0.000,0.000,1.217,
2025-10-15 02:00:00,Wednesday,2,0.164,1.232,0.000,0.000,0.000,0.000,1.396,
2025-10-15 03:00:00,Wednesday,3,0.165,1.175,0.000,0.000,0.000,0.000,1.340,
2025-10-15 04:00:00,Wednesday,4,0.122,1.407,0.000,0.000,0.000,0.000,1.529,
2025-10-15 05:00:00,Wednesday,5,0.118,1.392,0.000,0.000,0.000,0.000,1.510,
2025-10-15 06:00:00,Wednesday,6,0.114,1.351,0.124,0.476,0.000,0.000,2.065,
2025-10-15 07:00:00,Wednesday,7,0.142,1.697,0.000,0.395,0.000,0.000,2.234,
2025-10-15 08:00:00,Wednesday,8,0.147,1.334,0.000,0.351,0.000,0.000,1.832,
2025-10-15 09:00:00,Wednesday,9,0.118,1.264,0.000,0.000,0.000,0.000,1.382,
2025-10-15 10:00:00,Wednesday,10,0.157,1.207,0.000,0.000,0.000,0.000,1.364,
2025-10-15 11:00:00,Wednesday,11,0.150,1.163,0.000,0.000,0.000,0.000,1.313,
2025-10-15 12:00:00,Wednesday,12,0.111,0.969,0.000,0.000,0.000,0.000,1.080,
2025-10-15 13:00:00,Wednesday,13,0.139,0.873,0.000,0.000,0.000,0.000,1.012,
2025-10-15 14:00:00,Wednesday,14,0.139,0.925,0.000,0.000,0.220,0.000,1.284,
2025-10-15 15:00:00,Wednesday,15,0.150,0.818,0.000,0.000,0.232,0.000,1.200,
2025-10-15 16:00:00,Wednesday,16,0.139,0.823,0.000,0.000,0.130,0.000,1.092,
2025-10-15 17:00:00,Wednesday,17,0.131,1.003,0.000,1.870,0.313,0.000,3.317,
2025-10-15 18:00:00,Wednesday,18,0.116,1.084,0.189,0.000,0.230,0.000,1.619,
2025-10-15 19:00:00,Wednesday,19,0.127,1.103,0.222,0.000,0.293,0.000,1.745,
2025-10-15 20:00:00,Wednesday,20,0.110,1.110,0.206,0.000,0.232,0.000,1.658,
2025-10-15 21:00:00,Wednesday,21,0.147,1.030,0.211,0.000,0.205,0.000,1.593,
2025-10-15 22:00:00,Wednesday,22,0.143,0.798,0.099,0.000,0.268,0.000,1.308,
2025-10-15 23:00:00,Wednesday,23,0.151,0.959,0.000,0.000,0.000,0.000,1.110,
2025-10-16 00:00:00,Thursday,0,0.153,0.918,0.000,0.000,0.000,0.000,1.071,
2025-10-16 01:00:00,Thursday,1,0.117,0.923,0.000,0.000,0.000,0.000,1.040,
2025-10-16 02:00:00,Thursday,2,0.113,0.797,0.000,0.000,0.000,0.000,0.910,
2025-10-16 03:00:00,Thursday,3,0.131,0.884,0.000,0.000,0.000,0.000,1.015,
2025-10-16 04:00:00,Thursday,4,0.164,1.006,0.000,0.000,0.000,0.000,1.170,
2025-10-16 05:00:00,Thursday,5,0.147,0.961,0.000,0.000,0.000,0.000,1.108,
2025-10-16 06:00:00,Thursday,6,0.122,1.217,0.188,0.457,0.000,0.000,1.984,
2025-10-16 07:00:00,Thursday,7,0.114,1.539,0.000,0.502,0.000,0.000,2.155,
2025-10-16 08:00:00,Thursday,8,0.128,1.306,0.000,0.373,0.000,0.000,1.807,
2025-10-16 09:00:00,Thursday,9,0.160,1.219,0.000,0.000,0.106,0.000,1.485,
2025-10-16 10:00:00,Thursday,10,0.118,1.114,0.000,0.000,0.085,0.000,1.317,
2025-10-16 11:00:00,Thursday,11,0.136,0.972,0.000,0.000,0.086,0.000,1.194,
2025-10-16 12:00:00,Thursday,12,0.123,0.895,0.000,0.000,0.097,0.000,1.115,
2025-10-16 13:00:00,Thursday,13,0.110,0.795,0.000,0.436,0.094,0.000,1.435,
2025-10-16 14:00:00,Thursday,14,0.123,0.746,0.000,0.000,0.106,0.000,0.975,
2025-10-16 15:00:00,Thursday,15,0.149,0.744,0.000,0.000,0.230,0.000,1.123,
2025-10-16 16:00:00,Thursday,16,0.144,0.794,0.000,0.000,0.192,0.000,1.130,
2025-10-16 17:00:00,Thursday,17,0.137,0.827,0.000,0.000,0.347,0.000,1.311,
2025-10-16 18:00:00,Thursday,18,0.133,0.826,0.148,1.069,0.179,0.000,2.355,
2025-10-16 19:00:00,Thursday,19,0.132,1.003,0.158,0.000,0.220,0.000,1.513,
2025-10-16 20:00:00,Thursday,20,0.129,1.100,0.145,0.000,0.332,0.000,1.706,
2025-10-16 21:00:00,Thursday,21,0.159,0.931,0.300,0.000,0.276,0.000,1.666,
2025-10-16 22:00:00,Thursday,22,0.119,0.811,0.073,0.000,0.217,0.000,1.220,
2025-10-16 23:00:00,Thursday,23,0.114,0.990,0.000,0.000,0.000,0.000,1.104,
2025-10-17 00:00:00,Friday,0,0.147,1.106,0.000,0.000,0.000,0.000,1.253,
2025-10-17 01:00:00,Friday,1,0.159,0.886,0.000,0.000,0.000,0.000,1.045,
2025-10-17 02:00:00,Friday,2,0.134,1.131,0.000,0.000,0.000,0.000,1.265,
2025-10-17 03:00:00,Friday,3,0.154,0.950,0.000,0.000,0.000,0.000,1.104,
2025-10-17 04:00:00,Friday,4,0.148,1.262,0.000,0.000,0.000,0.000,1.410,
2025-10-17 05:00:00,Friday,5,0.124,1.096,0.000,0.000,0.000,0.000,1.220,
2025-10-17 06:00:00,Friday,6,0.134,1.509,0.070,0.556,0.000,0.000,2.269,
2025-10-17 07:00:00,Friday,7,0.124,1.299,0.196,0.438,0.000,0.000,2.057,
2025-10-17 08:00:00,Friday,8,0.114,1.283,0.000,0.404,0.000,0.000,1.801,
2025-10-17 09:00:00,Friday,9,0.155,1.507,0.000,0.000,0.000,0.000,1.662,
2025-10-17 10:00:00,Friday,10,0.126,1.275,0.000,0.000,0.000,0.000,1.401,
2025-10-17 11:00:00,Friday,11,0.130,1.475,0.000,0.000,0.000,0.000,1.605,
2025-10-17 12:00:00,Friday,12,0.121,1.442,0.000,0.000,0.000,0.000,1.563,
2025-10-17 13:00:00,Friday,13,0.123,1.362,0.000,0.000,0.000,0.000,1.485,
2025-10-17 14:00:00,Friday,14,0.111,1.349,0.000,0.000,0.126,0.000,1.586,
2025-10-17 15:00:00,Friday,15,0.123,1.303,0.000,0.000,0.230,0.000,1.656,
2025-10-17 16:00:00,Friday,16,0.129,1.136,0.000,0.000,0.216,0.000,1.481,
2025-10-17 17:00:00,Friday,17,0.140,1.538,0.000,1.214,0.253,0.000,3.145,
2025-10-17 18:00:00,Friday,18,0.159,1.642,0.285,0.000,0.317,0.000,2.403,
2025-10-17 19:00:00,Friday,19,0.143,1.429,0.278,0.000,0.312,1.047,3.209,zmywarka
2025-10-17 20:00:00,Friday,20,0.113,1.662,0.225,0.000,0.209,0.000,2.209,
2025-10-17 21:00:00,Friday,21,0.134,1.631,0.284,0.000,0.246,0.000,2.295,
2025-10-17 22:00:00,Friday,22,0.144,1.885,0.115,0.000,0.347,0.000,2.491,
2025-10-17 23:00:00,Friday,23,0.155,1.679,0.000,0.000,0.000,0.000,1.834,
2025-10-18 00:00:00,Saturday,0,0.143,1.852,0.000,0.000,0.000,0.000,1.995,
2025-10-18 01:00:00,Saturday,1,0.146,1.913,0.000,0.000,0.000,0.000,2.059,
2025-10-18 02:00:00,Saturday,2,0.162,1.767,0.000,0.000,0.000,0.000,1.929,
2025-10-18 03:00:00,Saturday,3,0.125,2.044,0.000,0.000,0.000,0.000,2.169,
2025-10-18 04:00:00,Saturday,4,0.133,1.810,0.000,0.000,0.000,0.000,1.943,
2025-10-18 05:00:00,Saturday,5,0.179,2.234,0.000,0.000,0.000,0.000,2.413,
2025-10-18 06:00:00,Saturday,6,0.149,1.959,0.134,0.579,0.000,0.000,2.821,
2025-10-18 07:00:00,Saturday,7,0.147,2.377,0.000,0.156,0.000,0.000,2.680,
2025-10-18 08:00:00,Saturday,8,0.113,2.412,0.000,0.323,0.000,0.000,2.848,
2025-10-18 09:00:00,Saturday,9,0.125,2.466,0.000,0.000,0.090,0.000,2.681,
2025-10-18 10:00:00,Saturday,10,0.139,1.910,0.000,0.000,0.222,0.672,2.943,pralka
2025-10-18 11:00:00,Saturday,11,0.137,1.791,0.000,0.000,0.197,1.579,3.704,suszarka
2025-10-18 12:00:00,Saturday,12,0.151,1.799,0.000,0.000,0.098,0.000,2.048,
2025-10-18 13:00:00,Saturday,13,0.140,1.656,0.000,0.860,0.109,0.892,3.657,zmywarka
2025-10-18 14:00:00,Saturday,14,0.122,1.361,0.000,0.000,0.057,0.000,1.540,
2025-10-18 15:00:00,Saturday,15,0.135,1.450,0.000,0.000,0.092,0.000,1.677,
2025-10-18 16:00:00,Saturday,16,0.130,1.399,0.000,0.000,0.187,0.000,1.716,
2025-10-18 17:00:00,Saturday,17,0.149,1.661,0.000,0.000,0.193,0.000,2.003,
2025-10-18 18:00:00,Saturday,18,0.143,1.467,0.140,0.818,0.182,0.000,2.750,
2025-10-18 19:00:00,Saturday,19,0.116,1.463,0.132,0.000,0.166,0.000,1.877,
2025-10-18 20:00:00,Saturday,20,0.111,2.007,0.229,0.000,0.188,0.000,2.535,
2025-10-18 21:00:00,Saturday,21,0.111,2.168,0.148,0.000,0.192,0.000,2.619,
2025-10-18 22:00:00,Saturday,22,0.160,1.968,0.089,0.000,0.256,0.000,2.473,
2025-10-18 23:00:00,Saturday,23,0.134,1.759,0.000,0.000,0.000,0.000,1.893,
2025-10-19 00:00:00,Sunday,0,0.117,1.912,0.000,0.000,0.000,0.000,2.029,
2025-10-19 01:00:00,Sunday,1,0.141,2.178,0.000,0.000,0.000,0.000,2.319,
2025-10-19 02:00:00,Sunday,2,0.180,1.881,0.000,0.000,0.000,0.000,2.061,
2025-10-19 03:00:00,Sunday,3,0.149,2.194,0.000,0.000,0.000,0.000,2.343,
2025-10-19 04:00:00,Sunday,4,0.149,2.456,0.000,0.000,0.000,0.000,2.605,
2025-10-19 05:00:00,Sunday,5,0.125,1.713,0.000,0.000,0.000,0.000,1.838,
2025-10-19 06:00:00,Sunday,6,0.118,2.152,0.137,0.534,0.000,0.000,2.941,
2025-10-19 07:00:00,Sunday,7,0.113,2.109,0.000,0.353,0.000,0.000,2.575,
2025-10-19 08:00:00,Sunday,8,0.155,2.248,0.000,0.498,0.000,0.000,2.901,
2025-10-19 09:00:00,Sunday,9,0.156,1.864,0.000,0.000,0.213,0.000,2.233,
2025-10-19 10:00:00,Sunday,10,0.121,1.725,0.000,0.000,0.055,0.000,1.901,
2025-10-19 11:00:00,Sunday,11,0.129,1.590,0.000,0.000,0.211,0.000,1.930,
2025-10-19 12:00:00,Sunday,12,0.150,1.433,0.000,0.000,0.196,0.000,1.779,
2025-10-19 13:00:00,Sunday,13,0.142,1.308,0.000,0.747,0.199,0.000,2.396,
2025-10-19 14:00:00,Sunday,14,0.141,1.216,0.000,0.000,0.189,0.829,2.375,zmywarka
2025-10-19 15:00:00,Sunday,15,0.156,1.424,0.000,0.000,0.187,0.000,1.767,
2025-10-19 16:00:00,Sunday,16,0.125,1.554,0.000,0.000,0.088,0.000,1.767,
2025-10-19 17:00:00,Sunday,17,0.133,1.568,0.000,2.002,0.305,0.000,4.008,goście
2025-10-19 18:00:00,Sunday,18,0.150,1.429,0.176,0.000,0.265,0.000,2.020,goście
2025-10-19 19:00:00,Sunday,19,0.159,1.329,0.252,0.000,0.157,0.000,1.897,goście
2025-10-19 20:00:00,Sunday,20,0.128,1.544,0.191,0.000,0.198,0.000,2.061,goście
2025-10-19 21:00:00,Sunday,21,0.118,1.633,0.255,0.000,0.347,0.000,2.353,goście
2025-10-19 22:00:00,Sunday,22,0.151,1.230,0.122,0.000,0.223,0.000,1.726,
2025-10-19 23:00:00,Sunday,23,0.158,1.198,0.000,0.000,0.000,0.000,1.356,
2025-10-20 00:00:00,Monday,0,0.175,1.185,0.000,0.000,0.000,0.000,1.360,
2025-10-20 01:00:00,Monday,1,0.155,1.268,0.000,0.000,0.000,0.000,1.423,
2025-10-20 02:00:00,Monday,2,0.137,1.375,0.000,0.000,0.000,0.000,1.512,
2025-10-20 03:00:00,Monday,3,0.135,1.353,0.000,0.000,0.000,0.000,1.488,
2025-10-20 04:00:00,Monday,4,0.139,1.225,0.000,0.000,0.000,0.000,1.364,
2025-10-20 05:00:00,Monday,5,0.156,1.278,0.000,0.000,0.000,0.000,1.434,
2025-10-20 06:00:00,Monday,6,0.157,1.508,0.114,0.282,0.000,0.000,2.061,
2025-10-20 07:00:00,Monday,7,0.157,1.264,0.115,0.299,0.000,0.000,1.835,
2025-10-20 08:00:00,Monday,8,0.159,1.459,0.000,0.542,0.000,0.000,2.160,
2025-10-20 09:00:00,Monday,9,0.122,1.359,0.000,0.000,0.148,0.000,1.629,
2025-10-20 10:00:00,Monday,10,0.141,1.231,0.000,0.000,0.111,0.000,1.483,
2025-10-20 11:00:00,Monday,11,0.112,1.401,0.000,0.000,0.115,0.000,1.628,
2025-10-20 12:00:00,Monday,12,0.147,1.292,0.000,0.624,0.136,0.000,2.199,
2025-10-20 13:00:00,Monday,13,0.124,1.155,0.000,0.000,0.125,0.000,1.404,
2025-10-20 14:00:00,Monday,14,0.146,1.056,0.000,0.000,0.108,0.000,1.310,
2025-10-20 15:00:00,Monday,15,0.150,1.077,0.000,0.000,0.202,0.000,1.429,
2025-10-20 16:00:00,Monday,16,0.141,1.153,0.000,0.000,0.190,0.000,1.484,
2025-10-20 17:00:00,Monday,17,0.154,1.277,0.000,0.647,0.276,0.000,2.354,
2025-10-20 18:00:00,Monday,18,0.146,1.075,0.300,0.000,0.313,0.000,1.834,
2025-10-20 19:00:00,Monday,19,0.141,1.149,0.148,0.000,0.155,0.897,2.490,zmywarka
2025-10-20 20:00:00,Monday,20,0.139,1.258,0.259,0.000,0.177,0.000,1.833,
2025-10-20 21:00:00,Monday,21,0.123,0.999,0.133,0.000,0.296,0.000,1.551,
2025-10-20 22:00:00,Monday,22,0.116,0.858,0.079,0.000,0.338,0.000,1.391,
2025-10-20 23:00:00,Monday,23,0.159,1.021,0.000,0.000,0.000,0.000,1.180,
2025-10-21 00:00:00,Tuesday,0,0.117,0.986,0.000,0.000,0.000,0.000,1.103,
2025-10-21 01:00:00,Tuesday,1,0.161,0.877,0.000,0.000,0.000,0.000,1.038,
2025-10-21 02:00:00,Tuesday,2,0.132,0.860,0.000,0.000,0.000,0.000,0.992,
2025-10-21 03:00:00,Tuesday,3,0.150,1.049,0.000,0.000,0.000,0.000,1.199,
2025-10-21 04:00:00,Tuesday,4,0.155,0.869,0.000,0.000,0.000,0.000,1.024,
2025-10-21 05:00:00,Tuesday,5,0.135,1.095,0.000,0.000,0.000,0.000,1.230,
2025-10-21 06:00:00,Tuesday,6,0.152,1.149,0.084,0.442,0.000,0.000,1.827,
2025-10-21 07:00:00,Tuesday,7,0.114,1.276,0.071,0.391,0.000,0.000,1.852,
2025-10-21 08:00:00,Tuesday,8,0.126,1.282,0.000,0.452,0.000,0.000,1.860,
2025-10-21 09:00:00,Tuesday,9,0.129,0.974,0.000,0.000,0.105,0.000,1.208,
2025-10-21 10:00:00,Tuesday,10,0.123,1.258,0.000,0.000,0.107,0.889,2.377,pralka
2025-10-21 11:00:00,Tuesday,11,0.147,1.070,0.000,0.000,0.114,2.118,3.449,suszarka
2025-10-21 12:00:00,Tuesday,12,0.122,1.061,0.000,0.525,0.117,0.000,1.825,
2025-10-21 13:00:00,Tuesday,13,0.125,1.205,0.000,0.000,0.126,0.000,1.456,
2025-10-21 14:00:00,Tuesday,14,0.135,0.974,0.000,0.000,0.094,0.000,1.203,
2025-10-21 15:00:00,Tuesday,15,0.119,1.191,0.000,0.000,0.133,0.000,1.443,
2025-10-21 16:00:00,Tuesday,16,0.129,1.097,0.000,0.000,0.145,0.000,1.371,
2025-10-21 17:00:00,Tuesday,17,0.137,0.871,0.000,1.241,0.195,0.000,2.444,
2025-10-21 18:00:00,Tuesday,18,0.157,0.907,0.267,0.000,0.286,0.000,1.617,
2025-10-21 19:00:00,Tuesday,19,0.113,0.837,0.223,0.000,0.195,0.000,1.368,
2025-10-21 20:00:00,Tuesday,20,0.134,0.996,0.122,0.000,0.327,0.000,1.579,
2025-10-21 21:00:00,Tuesday,21,0.110,0.845,0.249,0.000,0.242,0.000,1.446,
2025-10-21 22:00:00,Tuesday,22,0.131,0.816,0.112,0.000,0.285,0.000,1.344,
2025-10-21 23:00:00,Tuesday,23,0.127,0.871,0.000,0.000,0.000,0.000,0.998,
2025-10-22 00:00:00,Wednesday,0,0.124,0.529,0.000,0.000,0.000,0.000,0.653,wyjazd / nieobecność
2025-10-22 01:00:00,Wednesday,1,0.129,0.546,0.000,0.000,0.000,0.000,0.675,wyjazd / nieobecność
2025-10-22 02:00:00,Wednesday,2,0.140,0.518,0.000,0.000,0.000,0.000,0.658,wyjazd / nieobecność
2025-10-22 03:00:00,Wednesday,3,0.147,0.593,0.000,0.000,0.000,0.000,0.740,wyjazd / nieobecność
2025-10-22 04:00:00,Wednesday,4,0.155,0.525,0.000,0.000,0.000,0.000,0.680,wyjazd / nieobecność
2025-10-22 05:00:00,Wednesday,5,0.131,0.459,0.000,0.000,0.000,0.000,0.590,wyjazd / nieobecność
2025-10-22 06:00:00,Wednesday,6,0.158,0.583,0.000,0.000,0.000,0.000,0.741,wyjazd / nieobecność
2025-10-22 07:00:00,Wednesday,7,0.148,0.495,0.000,0.000,0.000,0.000,0.643,wyjazd / nieobecność
2025-10-22 08:00:00,Wednesday,8,0.141,0.581,0.000,0.000,0.000,0.000,0.722,wyjazd / nieobecność
2025-10-22 09:00:00,Wednesday,9,0.127,0.654,0.000,0.000,0.000,0.000,0.781,wyjazd / nieobecność
2025-10-22 10:00:00,Wednesday,10,0.129,0.549,0.000,0.000,0.000,0.000,0.678,wyjazd / nieobecność
2025-10-22 11:00:00,Wednesday,11,0.110,0.523,0.000,0.000,0.000,0.000,0.633,wyjazd / nieobecność
2025-10-22 12:00:00,Wednesday,12,0.153,0.489,0.000,0.000,0.000,0.000,0.642,wyjazd / nieobecność
2025-10-22 13:00:00,Wednesday,13,0.131,0.453,0.000,0.000,0.000,0.000,0.584,wyjazd / nieobecność
2025-10-22 14:00:00,Wednesday,14,0.114,0.398,0.000,0.000,0.000,0.000,0.512,wyjazd / nieobecność
2025-10-22 15:00:00,Wednesday,15,0.130,0.462,0.000,0.000,0.000,0.000,0.592,wyjazd / nieobecność
2025-10-22 16:00:00,Wednesday,16,0.125,0.460,0.000,0.000,0.000,0.000,0.585,wyjazd / nieobecność
2025-10-22 17:00:00,Wednesday,17,0.119,0.462,0.000,0.000,0.000,0.000,0.581,wyjazd / nieobecność
2025-10-22 18:00:00,Wednesday,18,0.128,0.456,0.000,0.000,0.000,0.000,0.584,wyjazd / nieobecność
2025-10-22 19:00:00,Wednesday,19,0.137,0.485,0.000,0.000,0.000,0.000,0.622,wyjazd / nieobecność
2025-10-22 20:00:00,Wednesday,20,0.128,0.609,0.000,0.000,0.000,0.000,0.737,wyjazd / nieobecność
2025-10-22 21:00:00,Wednesday,21,0.123,0.501,0.000,0.000,0.000,0.000,0.624,wyjazd / nieobecność
2025-10-22 22:00:00,Wednesday,22,0.123,0.629,0.000,0.000,0.000,0.000,0.752,wyjazd / nieobecność
2025-10-22 23:00:00,Wednesday,23,0.124,0.703,0.000,0.000,0.000,0.000,0.827,wyjazd / nieobecność
2025-10-23 00:00:00,Thursday,0,0.141,1.218,0.000,0.000,0.000,0.000,1.359,
2025-10-23 01:00:00,Thursday,1,0.114,1.208,0.000,0.000,0.000,0.000,1.322,
2025-10-23 02:00:00,Thursday,2,0.150,1.360,0.000,0.000,0.000,0.000,1.510,
2025-10-23 03:00:00,Thursday,3,0.115,1.278,0.000,0.000,0.000,0.000,1.393,
2025-10-23 04:00:00,Thursday,4,0.171,1.243,0.000,0.000,0.000,0.000,1.414,
2025-10-23 05:00:00,Thursday,5,0.157,1.195,0.000,0.000,0.000,0.000,1.352,
2025-10-23 06:00:00,Thursday,6,0.116,1.202,0.189,0.567,0.000,0.000,2.074,
2025-10-23 07:00:00,Thursday,7,0.155,1.174,0.180,0.330,0.000,0.000,1.839,
2025-10-23 08:00:00,Thursday,8,0.120,1.180,0.000,0.278,0.000,0.000,1.578,
2025-10-23 09:00:00,Thursday,9,0.122,1.067,0.000,0.000,0.000,0.000,1.189,
2025-10-23 10:00:00,Thursday,10,0.134,1.158,0.000,0.000,0.000,0.000,1.292,
2025-10-23 11:00:00,Thursday,11,0.117,0.894,0.000,0.000,0.000,0.000,1.011,
2025-10-23 12:00:00,Thursday,12,0.119,0.839,0.000,0.000,0.000,0.000,0.958,
2025-10-23 13:00:00,Thursday,13,0.129,0.891,0.000,0.000,0.000,0.000,1.020,
2025-10-23 14:00:00,Thursday,14,0.126,0.830,0.000,0.000,0.234,0.000,1.190,
2025-10-23 15:00:00,Thursday,15,0.155,1.145,0.000,0.000,0.122,0.000,1.422,
2025-10-23 16:00:00,Thursday,16,0.142,1.181,0.000,0.000,0.170,0.000,1.493,
2025-10-23 17:00:00,Thursday,17,0.144,0.891,0.000,1.633,0.196,0.000,2.864,
2025-10-23 18:00:00,Thursday,18,0.116,0.988,0.225,0.000,0.153,0.000,1.482,
2025-10-23 19:00:00,Thursday,19,0.155,1.082,0.178,0.000,0.252,0.000,1.667,
2025-10-23 20:00:00,Thursday,20,0.145,0.777,0.269,0.000,0.341,0.871,2.403,zmywarka
2025-10-23 21:00:00,Thursday,21,0.151,0.794,0.255,0.000,0.282,0.000,1.482,
2025-10-23 22:00:00,Thursday,22,0.146,0.655,0.116,0.000,0.283,0.000,1.200,
2025-10-23 23:00:00,Thursday,23,0.112,0.808,0.000,0.000,0.000,0.000,0.920,
2025-10-24 00:00:00,Friday,0,0.141,0.816,0.000,0.000,0.000,0.000,0.957,
2025-10-24 01:00:00,Friday,1,0.126,0.683,0.000,0.000,0.000,0.000,0.809,
2025-10-24 02:00:00,Friday,2,0.120,0.733,0.000,0.000,0.000,0.000,0.853,
2025-10-24 03:00:00,Friday,3,0.144,0.849,0.000,0.000,0.000,0.000,0.993,
2025-10-24 04:00:00,Friday,4,0.151,0.735,0.000,0.000,0.000,0.000,0.886,
2025-10-24 05:00:00,Friday,5,0.161,0.793,0.000,0.000,0.000,0.000,0.954,
2025-10-24 06:00:00,Friday,6,0.114,1.168,0.149,0.373,0.000,0.000,1.804,
2025-10-24 07:00:00,Friday,7,0.145,1.137,0.170,0.484,0.000,0.000,1.936,
2025-10-24 08:00:00,Friday,8,0.137,1.055,0.000,0.288,0.000,0.000,1.480,
2025-10-24 09:00:00,Friday,9,0.117,1.021,0.000,0.000,0.000,0.000,1.138,
2025-10-24 10:00:00,Friday,10,0.114,1.150,0.000,0.000,0.000,0.000,1.264,
2025-10-24 11:00:00,Friday,11,0.150,1.018,0.000,0.000,0.000,0.000,1.168,
2025-10-24 12:00:00,Friday,12,0.112,1.053,0.000,0.000,0.000,0.000,1.165,
2025-10-24 13:00:00,Friday,13,0.115,1.005,0.000,0.000,0.000,0.000,1.120,
2025-10-24 14:00:00,Friday,14,0.132,1.050,0.000,0.000,0.115,0.000,1.297,
2025-10-24 15:00:00,Friday,15,0.142,0.915,0.000,0.000,0.095,0.000,1.152,
2025-10-24 16:00:00,Friday,16,0.153,0.914,0.000,0.000,0.109,0.000,1.176,
2025-10-24 17:00:00,Friday,17,0.153,1.019,0.000,0.000,0.235,0.000,1.407,
2025-10-24 18:00:00,Friday,18,0.139,1.155,0.251,0.986,0.302,0.000,2.833,
2025-10-24 19:00:00,Friday,19,0.122,1.356,0.183,0.000,0.258,0.000,1.919,
2025-10-24 20:00:00,Friday,20,0.121,1.224,0.204,0.000,0.263,0.000,1.812,
2025-10-24 21:00:00,Friday,21,0.114,1.316,0.272,0.000,0.181,0.000,1.883,
2025-10-24 22:00:00,Friday,22,0.147,0.953,0.125,0.000,0.159,0.000,1.384,
2025-10-24 23:00:00,Friday,23,0.126,1.075,0.000,0.000,0.000,0.000,1.201,
2025-10-25 00:00:00,Saturday,0,0.174,1.140,0.000,0.000,0.000,0.000,1.314,
2025-10-25 01:00:00,Saturday,1,0.111,1.316,0.000,0.000,0.000,0.000,1.427,
2025-10-25 02:00:00,Saturday,2,0.158,1.086,0.000,0.000,0.000,0.000,1.244,
2025-10-25 03:00:00,Saturday,3,0.119,1.384,0.000,0.000,0.000,0.000,1.503,
2025-10-25 04:00:00,Saturday,4,0.137,1.275,0.000,0.000,0.000,0.000,1.412,
2025-10-25 05:00:00,Saturday,5,0.141,1.095,0.000,0.000,0.000,0.000,1.236,
2025-10-25 06:00:00,Saturday,6,0.156,1.633,0.180,0.354,0.000,0.000,2.323,
2025-10-25 07:00:00,Saturday,7,0.160,1.383,0.000,0.355,0.000,0.000,1.898,
2025-10-25 08:00:00,Saturday,8,0.130,1.543,0.000,0.504,0.000,0.000,2.177,
2025-10-25 09:00:00,Saturday,9,0.136,1.581,0.000,0.000,0.092,0.000,1.809,
2025-10-25 10:00:00,Saturday,10,0.119,1.229,0.000,0.000,0.231,0.000,1.579,
2025-10-25 11:00:00,Saturday,11,0.138,1.143,0.000,0.000,0.130,0.606,2.017,pralka
2025-10-25 12:00:00,Saturday,12,0.112,1.377,0.000,0.000,0.215,2.463,4.167,suszarka
2025-10-25 13:00:00,Saturday,13,0.147,1.188,0.000,0.973,0.090,0.000,2.398,
2025-10-25 14:00:00,Saturday,14,0.146,1.403,0.000,0.000,0.191,1.116,2.856,zmywarka
2025-10-25 15:00:00,Saturday,15,0.160,1.506,0.000,0.000,0.227,0.000,1.893,
2025-10-25 16:00:00,Saturday,16,0.146,1.448,0.000,0.000,0.112,0.000,1.706,
2025-10-25 17:00:00,Saturday,17,0.150,1.411,0.000,0.000,0.309,0.000,1.870,
2025-10-25 18:00:00,Saturday,18,0.149,1.503,0.169,1.870,0.167,0.000,3.858,
2025-10-25 19:00:00,Saturday,19,0.143,1.457,0.252,0.000,0.167,0.000,2.019,
2025-10-25 20:00:00,Saturday,20,0.129,1.415,0.233,0.000,0.251,0.000,2.028,
2025-10-25 21:00:00,Saturday,21,0.143,1.363,0.254,0.000,0.318,0.000,2.078,
2025-10-25 22:00:00,Saturday,22,0.112,1.205,0.086,0.000,0.212,0.000,1.615,
2025-10-25 23:00:00,Saturday,23,0.156,0.994,0.000,0.000,0.000,0.000,1.150,
2025-10-26 00:00:00,Sunday,0,0.157,1.246,0.000,0.000,0.000,0.000,1.403,
2025-10-26 01:00:00,Sunday,1,0.141,1.287,0.000,0.000,0.000,0.000,1.428,
2025-10-26 02:00:00,Sunday,2,0.114,1.237,0.000,0.000,0.000,0.000,1.351,
2025-10-26 03:00:00,Sunday,3,0.139,1.255,0.000,0.000,0.000,0.000,1.394,
2025-10-26 04:00:00,Sunday,4,0.158,1.275,0.000,0.000,0.000,0.000,1.433,
2025-10-26 05:00:00,Sunday,5,0.174,1.351,0.000,0.000,0.000,0.000,1.525,
2025-10-26 06:00:00,Sunday,6,0.150,1.512,0.113,0.305,0.000,0.000,2.080,
2025-10-26 07:00:00,Sunday,7,0.121,1.793,0.000,0.534,0.000,0.000,2.448,
2025-10-26 08:00:00,Sunday,8,0.116,1.822,0.000,0.449,0.000,0.000,2.387,
2025-10-26 09:00:00,Sunday,9,0.113,1.722,0.000,0.000,0.118,0.000,1.953,
2025-10-26 10:00:00,Sunday,10,0.145,1.705,0.000,0.000,0.082,0.000,1.932,
2025-10-26 11:00:00,Sunday,11,0.144,1.611,0.000,0.000,0.059,0.000,1.814,
2025-10-26 12:00:00,Sunday,12,0.118,1.350,0.000,0.693,0.145,0.000,2.306,
2025-10-26 13:00:00,Sunday,13,0.133,1.344,0.000,0.000,0.226,0.000,1.703,
2025-10-26 14:00:00,Sunday,14,0.118,1.733,0.000,0.000,0.065,1.111,3.027,zmywarka
2025-10-26 15:00:00,Sunday,15,0.111,1.558,0.000,0.000,0.158,0.000,1.827,
2025-10-26 16:00:00,Sunday,16,0.113,1.461,0.000,0.000,0.069,0.000,1.643,
2025-10-26 17:00:00,Sunday,17,0.139,1.491,0.000,0.000,0.231,0.000,1.861,
2025-10-26 18:00:00,Sunday,18,0.120,1.569,0.206,0.693,0.316,0.000,2.904,
2025-10-26 19:00:00,Sunday,19,0.124,1.795,0.106,0.000,0.267,0.000,2.292,
2025-10-26 20:00:00,Sunday,20,0.138,1.540,0.170,0.000,0.159,0.000,2.007,
2025-10-26 21:00:00,Sunday,21,0.148,1.587,0.195,0.000,0.287,0.000,2.217,
2025-10-26 22:00:00,Sunday,22,0.139,1.294,0.142,0.000,0.268,0.000,1.843,
2025-10-26 23:00:00,Sunday,23,0.169,1.228,0.000,0.000,0.000,0.000,1.397,
2025-10-27 00:00:00,Monday,0,0.139,1.412,0.000,0.000,0.000,0.000,1.551,
2025-10-27 01:00:00,Monday,1,0.117,1.364,0.000,0.000,0.000,0.000,1.481,
2025-10-27 02:00:00,Monday,2,0.133,1.477,0.000,0.000,0.000,0.000,1.610,
2025-10-27 03:00:00,Monday,3,0.163,1.687,0.000,0.000,0.000,0.000,1.850,
2025-10-27 04:00:00,Monday,4,0.131,1.738,0.000,0.000,0.000,0.000,1.869,
2025-10-27 05:00:00,Monday,5,0.137,1.346,0.000,0.000,0.000,0.000,1.483,
2025-10-27 06:00:00,Monday,6,0.159,1.473,0.094,0.156,0.000,0.000,1.882,
2025-10-27 07:00:00,Monday,7,0.128,1.881,0.146,0.295,0.000,0.000,2.450,
2025-10-27 08:00:00,Monday,8,0.111,1.544,0.000,0.317,0.000,0.000,1.972,
2025-10-27 09:00:00,Monday,9,0.121,1.713,0.000,0.000,0.000,0.000,1.834,
2025-10-27 10:00:00,Monday,10,0.144,1.452,0.000,0.000,0.000,0.000,1.596,
2025-10-27 11:00:00,Monday,11,0.140,1.721,0.000,0.000,0.000,0.000,1.861,
2025-10-27 12:00:00,Monday,12,0.155,1.308,0.000,0.000,0.000,0.000,1.463,
2025-10-27 13:00:00,Monday,13,0.148,1.500,0.000,0.000,0.000,0.000,1.648,
2025-10-27 14:00:00,Monday,14,0.149,1.400,0.000,0.000,0.224,0.000,1.773,
2025-10-27 15:00:00,Monday,15,0.115,1.575,0.000,0.000,0.111,0.000,1.801,
2025-10-27 16:00:00,Monday,16,0.139,1.494,0.000,0.000,0.203,0.000,1.836,
2025-10-27 17:00:00,Monday,17,0.136,1.658,0.000,1.854,0.318,0.000,3.966,
2025-10-27 18:00:00,Monday,18,0.145,1.478,0.150,0.000,0.300,0.000,2.073,
2025-10-27 19:00:00,Monday,19,0.153,1.543,0.204,0.000,0.289,1.005,3.194,zmywarka
2025-10-27 20:00:00,Monday,20,0.113,1.762,0.223,0.000,0.302,0.000,2.400,
2025-10-27 21:00:00,Monday,21,0.146,1.834,0.135,0.000,0.189,0.000,2.304,
2025-10-27 22:00:00,Monday,22,0.138,1.414,0.138,0.000,0.330,0.000,2.020,
2025-10-27 23:00:00,Monday,23,0.134,1.501,0.000,0.000,0.000,0.000,1.635,
2025-10-28 00:00:00,Tuesday,0,0.147,1.395,0.000,0.000,0.000,0.000,1.542,
2025-10-28 01:00:00,Tuesday,1,0.169,1.291,0.000,0.000,0.000,0.000,1.460,
2025-10-28 02:00:00,Tuesday,2,0.125,1.546,0.000,0.000,0.000,0.000,1.671,
2025-10-28 03:00:00,Tuesday,3,0.124,1.524,0.000,0.000,0.000,0.000,1.648,
2025-10-28 04:00:00,Tuesday,4,0.150,1.307,0.000,0.000,0.000,0.000,1.457,
2025-10-28 05:00:00,Tuesday,5,0.149,1.351,0.000,0.000,0.000,0.000,1.500,
2025-10-28 06:00:00,Tuesday,6,0.158,1.693,0.131,0.291,0.000,0.000,2.273,
2025-10-28 07:00:00,Tuesday,7,0.144,1.636,0.120,0.595,0.000,0.000,2.495,
2025-10-28 08:00:00,Tuesday,8,0.156,1.725,0.000,0.446,0.000,0.000,2.327,
2025-10-28 09:00:00,Tuesday,9,0.123,1.720,0.000,0.000,0.144,0.000,1.987,
2025-10-28 10:00:00,Tuesday,10,0.155,1.553,0.000,0.000,0.102,0.747,2.557,pralka
2025-10-28 11:00:00,Tuesday,11,0.113,1.536,0.000,0.000,0.144,0.000,1.793,
2025-10-28 12:00:00,Tuesday,12,0.133,1.335,0.000,0.000,0.086,0.000,1.554,
2025-10-28 13:00:00,Tuesday,13,0.124,1.656,0.000,0.714,0.126,0.000,2.620,
2025-10-28 14:00:00,Tuesday,14,0.119,1.358,0.000,0.000,0.136,0.000,1.613,
2025-10-28 15:00:00,Tuesday,15,0.159,1.789,0.000,0.000,0.225,0.000,2.173,
2025-10-28 16:00:00,Tuesday,16,0.133,1.756,0.000,0.000,0.143,0.000,2.032,
2025-10-28 17:00:00,Tuesday,17,0.148,1.730,0.000,1.002,0.317,0.000,3.197,
2025-10-28 18:00:00,Tuesday,18,0.131,1.790,0.228,0.000,0.269,0.000,2.418,
2025-10-28 19:00:00,Tuesday,19,0.132,1.607,0.153,0.000,0.307,0.000,2.199,
2025-10-28 20:00:00,Tuesday,20,0.123,1.758,0.277,0.000,0.240,1.065,3.463,zmywarka
2025-10-28 21:00:00,Tuesday,21,0.127,1.736,0.125,0.000,0.302,0.000,2.290,
2025-10-28 22:00:00,Tuesday,22,0.145,1.725,0.105,0.000,0.321,0.000,2.296,
2025-10-28 23:00:00,Tuesday,23,0.148,1.752,0.000,0.000,0.000,0.000,1.900,
2025-10-29 00:00:00,Wednesday,0,0.124,1.417,0.000,0.000,0.000,0.000,1.541,
2025-10-29 01:00:00,Wednesday,1,0.130,1.516,0.000,0.000,0.000,0.000,1.646,
2025-10-29 02:00:00,Wednesday,2,0.139,1.346,0.000,0.000,0.000,0.000,1.485,
2025-10-29 03:00:00,Wednesday,3,0.128,1.566,0.000,0.000,0.000,0.000,1.694,
2025-10-29 04:00:00,Wednesday,4,0.144,1.407,0.000,0.000,0.000,0.000,1.551,
2025-10-29 05:00:00,Wednesday,5,0.145,1.293,0.000,0.000,0.000,0.000,1.438,
2025-10-29 06:00:00,Wednesday,6,0.128,1.507,0.094,0.183,0.000,0.000,1.912,
2025-10-29 07:00:00,Wednesday,7,0.141,1.514,0.117,0.349,0.000,0.000,2.121,
2025-10-29 08:00:00,Wednesday,8,0.148,1.457,0.000,0.433,0.000,0.000,2.038,
2025-10-29 09:00:00,Wednesday,9,0.154,1.137,0.000,0.000,0.133,0.000,1.424,
2025-10-29 10:00:00,Wednesday,10,0.126,1.335,0.000,0.000,0.126,0.000,1.587,
2025-10-29 11:00:00,Wednesday,11,0.118,1.173,0.000,0.000,0.096,0.000,1.387,
2025-10-29 12:00:00,Wednesday,12,0.112,1.072,0.000,0.670,0.121,0.000,1.975,
2025-10-29 13:00:00,Wednesday,13,0.125,1.187,0.000,0.000,0.143,0.000,1.455,
2025-10-29 14:00:00,Wednesday,14,0.151,1.165,0.000,0.000,0.211,0.000,1.527,
2025-10-29 15:00:00,Wednesday,15,0.120,1.236,0.000,0.000,0.213,0.000,1.569,
2025-10-29 16:00:00,Wednesday,16,0.124,1.264,0.000,0.000,0.230,0.000,1.618,
2025-10-29 17:00:00,Wednesday,17,0.148,1.045,0.000,0.000,0.241,0.000,1.434,
2025-10-29 18:00:00,Wednesday,18,0.118,1.062,0.128,1.047,0.335,0.000,2.690,
2025-10-29 19:00:00,Wednesday,19,0.141,1.225,0.236,0.000,0.278,0.000,1.880,
2025-10-29 20:00:00,Wednesday,20,0.116,1.071,0.210,0.000,0.215,0.000,1.612,
2025-10-29 21:00:00,Wednesday,21,0.124,1.234,0.222,0.000,0.197,0.000,1.777,
2025-10-29 22:00:00,Wednesday,22,0.125,0.993,0.050,0.000,0.318,0.000,1.486,
2025-10-29 23:00:00,Wednesday,23,0.113,0.830,0.000,0.000,0.000,0.000,0.943,
2025-10-30 00:00:00,Thursday,0,0.169,1.044,0.000,0.000,0.000,0.000,1.213,
2025-10-30 01:00:00,Thursday,1,0.127,1.092,0.000,0.000,0.000,0.000,1.219,
2025-10-30 02:00:00,Thursday,2,0.151,1.061,0.000,0.000,0.000,0.000,1.212,
2025-10-30 03:00:00,Thursday,3,0.120,1.147,0.000,0.000,0.000,0.000,1.267,
2025-10-30 04:00:00,Thursday,4,0.173,1.075,0.000,0.000,0.000,0.000,1.248,
2025-10-30 05:00:00,Thursday,5,0.132,1.038,0.000,0.000,0.000,0.000,1.170,
2025-10-30 06:00:00,Thursday,6,0.117,1.231,0.174,0.481,0.000,0.000,2.003,
2025-10-30 07:00:00,Thursday,7,0.123,1.333,0.110,0.380,0.000,0.000,1.946,
2025-10-30 08:00:00,Thursday,8,0.132,1.384,0.000,0.338,0.000,0.000,1.854,
2025-10-30 09:00:00,Thursday,9,0.116,1.471,0.000,0.000,0.111,0.000,1.698,
2025-10-30 10:00:00,Thursday,10,0.116,1.260,0.000,0.000,0.101,0.000,1.477,
2025-10-30 11:00:00,Thursday,11,0.125,1.161,0.000,0.000,0.092,0.000,1.378,
2025-10-30 12:00:00,Thursday,12,0.124,1.455,0.000,0.000,0.085,0.000,1.664,
2025-10-30 13:00:00,Thursday,13,0.131,1.267,0.000,0.778,0.117,0.000,2.293,
2025-10-30 14:00:00,Thursday,14,0.123,1.567,0.000,0.000,0.226,0.000,1.916,
2025-10-30 15:00:00,Thursday,15,0.119,1.375,0.000,0.000,0.210,0.000,1.704,
2025-10-30 16:00:00,Thursday,16,0.138,1.232,0.000,0.000,0.135,0.000,1.505,
2025-10-30 17:00:00,Thursday,17,0.152,1.500,0.000,1.699,0.178,0.000,3.529,
2025-10-30 18:00:00,Thursday,18,0.152,1.522,0.140,0.000,0.183,0.000,1.997,
2025-10-30 19:00:00,Thursday,19,0.154,1.483,0.131,0.000,0.165,0.831,2.764,zmywarka
2025-10-30 20:00:00,Thursday,20,0.120,1.557,0.280,0.000,0.194,0.000,2.151,
2025-10-30 21:00:00,Thursday,21,0.155,1.398,0.168,0.000,0.170,0.000,1.891,
2025-10-30 22:00:00,Thursday,22,0.111,1.222,0.127,0.000,0.206,0.000,1.666,
2025-10-30 23:00:00,Thursday,23,0.141,1.579,0.000,0.000,0.000,0.000,1.720,
2025-10-31 00:00:00,Friday,0,0.174,1.572,0.000,0.000,0.000,0.000,1.746,
2025-10-31 01:00:00,Friday,1,0.155,1.380,0.000,0.000,0.000,0.000,1.535,
2025-10-31 02:00:00,Friday,2,0.128,1.343,0.000,0.000,0.000,0.000,1.471,
2025-10-31 03:00:00,Friday,3,0.142,1.681,0.000,0.000,0.000,0.000,1.823,
2025-10-31 04:00:00,Friday,4,0.170,1.587,0.000,0.000,0.000,0.000,1.757,
2025-10-31 05:00:00,Friday,5,0.166,1.840,0.000,0.000,0.000,0.000,2.006,
2025-10-31 06:00:00,Friday,6,0.155,1.914,0.130,0.550,0.000,0.000,2.749,
2025-10-31 07:00:00,Friday,7,0.137,1.992,0.000,0.401,0.000,0.000,2.530,
2025-10-31 08:00:00,Friday,8,0.127,2.007,0.000,0.529,0.000,0.000,2.663,
2025-10-31 09:00:00,Friday,9,0.127,1.775,0.000,0.000,0.142,0.000,2.044,
2025-10-31 10:00:00,Friday,10,0.123,1.537,0.000,0.000,0.105,0.000,1.765,
2025-10-31 11:00:00,Friday,11,0.117,1.856,0.000,0.000,0.109,0.000,2.082,
2025-10-31 12:00:00,Friday,12,0.148,1.376,0.000,0.000,0.125,0.000,1.649,
2025-10-31 13:00:00,Friday,13,0.121,1.536,0.000,0.713,0.115,0.000,2.485,
2025-10-31 14:00:00,Friday,14,0.156,1.223,0.000,0.000,0.221,0.000,1.600,
2025-10-31 15:00:00,Friday,15,0.126,1.195,0.000,0.000,0.130,0.000,1.451,
2025-10-31 16:00:00,Friday,16,0.151,1.482,0.000,0.000,0.118,0.000,1.751,
2025-10-31 17:00:00,Friday,17,0.159,1.219,0.000,0.000,0.259,0.000,1.637,
2025-10-31 18:00:00,Friday,18,0.126,1.484,0.248,0.837,0.340,0.000,3.035,
2025-10-31 19:00:00,Friday,19,0.131,1.146,0.185,0.000,0.162,0.811,2.435,zmywarka
2025-10-31 20:00:00,Friday,20,0.118,1.267,0.123,0.000,0.164,0.000,1.672,
2025-10-31 21:00:00,Friday,21,0.125,1.345,0.180,0.000,0.244,0.000,1.894,
2025-10-31 22:00:00,Friday,22,0.152,1.086,0.127,0.000,0.347,0.000,1.712,
2025-10-31 23:00:00,Friday,23,0.134,1.153,0.000,0.000,0.000,0.000,1.287,
2025-11-01 00:00:00,Saturday,0,0.115,1.017,0.000,0.000,0.000,0.000,1.132,
2025-11-01 01:00:00,Saturday,1,0.132,1.045,0.000,0.000,0.000,0.000,1.177,
2025-11-01 02:00:00,Saturday,2,0.127,1.137,0.000,0.000,0.000,0.000,1.264,
2025-11-01 03:00:00,Saturday,3,0.117,1.137,0.000,0.000,0.000,0.000,1.254,
2025-11-01 04:00:00,Saturday,4,0.131,1.141,0.000,0.000,0.000,0.000,1.272,
2025-11-01 05:00:00,Saturday,5,0.125,1.252,0.000,0.000,0.000,0.000,1.377,
2025-11-01 06:00:00,Saturday,6,0.141,1.533,0.174,0.486,0.000,0.000,2.334,
2025-11-01 07:00:00,Saturday,7,0.113,1.527,0.148,0.542,0.000,0.000,2.330,
2025-11-01 08:00:00,Saturday,8,0.134,1.576,0.000,0.353,0.000,0.000,2.063,
2025-11-01 09:00:00,Saturday,9,0.145,1.354,0.000,0.000,0.202,0.000,1.701,
2025-11-01 10:00:00,Saturday,10,0.123,1.473,0.000,0.000,0.088,0.000,1.684,
2025-11-01 11:00:00,Saturday,11,0.144,1.136,0.000,0.000,0.105,0.958,2.343,pralka
2025-11-01 12:00:00,Saturday,12,0.156,1.213,0.000,0.000,0.164,1.585,3.118,suszarka
2025-11-01 13:00:00,Saturday,13,0.129,1.455,0.000,0.600,0.192,0.000,2.376,
2025-11-01 14:00:00,Saturday,14,0.140,1.314,0.000,0.000,0.068,0.906,2.428,zmywarka
2025-11-01 15:00:00,Saturday,15,0.152,1.106,0.000,0.000,0.190,0.000,1.448,
2025-11-01 16:00:00,Saturday,16,0.120,1.331,0.117,0.000,0.144,0.000,1.712,
2025-11-01 17:00:00,Saturday,17,0.135,1.256,0.289,0.000,0.300,0.000,1.980,
2025-11-01 18:00:00,Saturday,18,0.127,1.031,0.155,0.999,0.311,0.000,2.623,
2025-11-01 19:00:00,Saturday,19,0.154,0.901,0.169,0.000,0.323,0.000,1.547,
2025-11-01 20:00:00,Saturday,20,0.146,0.933,0.249,0.000,0.303,0.000,1.631,
2025-11-01 21:00:00,Saturday,21,0.144,1.155,0.196,0.000,0.230,0.000,1.725,
2025-11-01 22:00:00,Saturday,22,0.111,0.935,0.061,0.000,0.159,0.000,1.266,
2025-11-01 23:00:00,Saturday,23,0.127,0.954,0.000,0.000,0.000,0.000,1.081,
2025-11-02 00:00:00,Sunday,0,0.120,1.066,0.000,0.000,0.000,0.000,1.186,
2025-11-02 01:00:00,Sunday,1,0.113,1.122,0.000,0.000,0.000,0.000,1.235,
2025-11-02 02:00:00,Sunday,2,0.112,0.894,0.000,0.000,0.000,0.000,1.006,
2025-11-02 03:00:00,Sunday,3,0.133,0.939,0.000,0.000,0.000,0.000,1.072,
2025-11-02 04:00:00,Sunday,4,0.140,1.180,0.000,0.000,0.000,0.000,1.320,
2025-11-02 05:00:00,Sunday,5,0.116,1.111,0.000,0.000,0.000,0.000,1.227,
2025-11-02 06:00:00,Sunday,6,0.117,1.235,0.122,0.389,0.000,0.000,1.863,
2025-11-02 07:00:00,Sunday,7,0.114,1.280,0.111,0.240,0.000,0.000,1.745,
2025-11-02 08:00:00,Sunday,8,0.147,1.366,0.000,0.172,0.000,0.000,1.685,
2025-11-02 09:00:00,Sunday,9,0.128,1.287,0.000,0.000,0.110,0.000,1.525,
2025-11-02 10:00:00,Sunday,10,0.127,1.204,0.000,0.000,0.146,0.000,1.477,
2025-11-02 11:00:00,Sunday,11,0.134,1.135,0.000,0.000,0.219,0.000,1.488,
2025-11-02 12:00:00,Sunday,12,0.160,1.036,0.000,0.000,0.248,0.000,1.444,
2025-11-02 13:00:00,Sunday,13,0.154,1.158,0.000,1.256,0.073,0.000,2.641,
2025-11-02 14:00:00,Sunday,14,0.149,1.055,0.000,0.000,0.247,0.865,2.316,zmywarka
2025-11-02 15:00:00,Sunday,15,0.127,1.026,0.000,0.000,0.171,0.000,1.324,
2025-11-02 16:00:00,Sunday,16,0.145,1.221,0.111,0.000,0.237,0.000,1.714,
2025-11-02 17:00:00,Sunday,17,0.120,1.081,0.147,0.729,0.317,0.000,2.394,
2025-11-02 18:00:00,Sunday,18,0.155,1.443,0.137,0.000,0.184,0.000,1.919,
2025-11-02 19:00:00,Sunday,19,0.131,1.407,0.145,0.000,0.338,0.000,2.021,
2025-11-02 20:00:00,Sunday,20,0.133,1.428,0.244,0.000,0.335,0.000,2.140,
2025-11-02 21:00:00,Sunday,21,0.137,1.461,0.248,0.000,0.291,0.000,2.137,
2025-11-02 22:00:00,Sunday,22,0.124,1.170,0.103,0.000,0.340,0.000,1.737,
2025-11-02 23:00:00,Sunday,23,0.122,1.498,0.000,0.000,0.000,0.000,1.620,
2025-11-03 00:00:00,Monday,0,0.143,1.488,0.000,0.000,0.000,0.000,1.631,
2025-11-03 01:00:00,Monday,1,0.144,1.427,0.000,0.000,0.000,0.000,1.571,
2025-11-03 02:00:00,Monday,2,0.128,1.391,0.000,0.000,0.000,0.000,1.519,
2025-11-03 03:00:00,Monday,3,0.119,1.266,0.000,0.000,0.000,0.000,1.385,
2025-11-03 04:00:00,Monday,4,0.171,1.468,0.000,0.000,0.000,0.000,1.639,
2025-11-03 05:00:00,Monday,5,0.137,1.554,0.000,0.000,0.000,0.000,1.691,
2025-11-03 06:00:00,Monday,6,0.111,1.562,0.094,0.504,0.000,0.000,2.271,
2025-11-03 07:00:00,Monday,7,0.134,1.442,0.099,0.357,0.000,0.000,2.032,
2025-11-03 08:00:00,Monday,8,0.116,1.800,0.000,0.499,0.000,0.000,2.415,
2025-11-03 09:00:00,Monday,9,0.128,1.593,0.000,0.000,0.087,0.000,1.808,
2025-11-03 10:00:00,Monday,10,0.117,1.266,0.000,0.000,0.099,0.000,1.482,
2025-11-03 11:00:00,Monday,11,0.144,1.506,0.000,0.000,0.103,0.000,1.753,
2025-11-03 12:00:00,Monday,12,0.152,1.398,0.000,0.000,0.145,0.000,1.695,
2025-11-03 13:00:00,Monday,13,0.160,1.286,0.000,0.802,0.107,0.000,2.355,
2025-11-03 14:00:00,Monday,14,0.157,1.296,0.000,0.000,0.142,0.000,1.595,
2025-11-03 15:00:00,Monday,15,0.112,1.290,0.000,0.000,0.236,0.000,1.638,
2025-11-03 16:00:00,Monday,16,0.139,1.323,0.077,0.000,0.208,0.000,1.747,
2025-11-03 17:00:00,Monday,17,0.139,1.245,0.285,1.041,0.247,0.000,2.957,
2025-11-03 18:00:00,Monday,18,0.134,1.278,0.199,0.000,0.346,0.000,1.957,
2025-11-03 19:00:00,Monday,19,0.154,1.208,0.230,0.000,0.227,0.000,1.819,
2025-11-03 20:00:00,Monday,20,0.149,1.157,0.233,0.000,0.285,0.884,2.708,zmywarka
2025-11-03 21:00:00,Monday,21,0.137,1.308,0.156,0.000,0.265,0.000,1.866,
2025-11-03 22:00:00,Monday,22,0.141,0.990,0.133,0.000,0.170,0.000,1.434,
2025-11-03 23:00:00,Monday,23,0.130,1.088,0.000,0.000,0.000,0.000,1.218,
2025-11-04 00:00:00,Tuesday,0,0.144,0.994,0.000,0.000,0.000,0.000,1.138,
2025-11-04 01:00:00,Tuesday,1,0.171,1.095,0.000,0.000,0.000,0.000,1.266,
2025-11-04 02:00:00,Tuesday,2,0.144,0.958,0.000,0.000,0.000,0.000,1.102,
2025-11-04 03:00:00,Tuesday,3,0.129,0.835,0.000,0.000,0.000,0.000,0.964,
2025-11-04 04:00:00,Tuesday,4,0.144,0.792,0.000,0.000,0.000,0.000,0.936,
2025-11-04 05:00:00,Tuesday,5,0.149,0.882,0.000,0.000,0.000,0.000,1.031,
2025-11-04 06:00:00,Tuesday,6,0.123,1.101,0.092,0.293,0.000,0.000,1.609,
2025-11-04 07:00:00,Tuesday,7,0.121,0.943,0.106,0.426,0.000,0.000,1.596,
2025-11-04 08:00:00,Tuesday,8,0.151,1.151,0.000,0.335,0.000,0.000,1.637,
2025-11-04 09:00:00,Tuesday,9,0.152,1.060,0.000,0.000,0.131,0.000,1.343,
2025-11-04 10:00:00,Tuesday,10,0.150,0.970,0.000,0.000,0.116,0.848,2.084,pralka
2025-11-04 11:00:00,Tuesday,11,0.147,1.063,0.000,0.000,0.119,1.622,2.951,suszarka
2025-11-04 12:00:00,Tuesday,12,0.117,0.889,0.000,0.000,0.139,0.000,1.145,
2025-11-04 13:00:00,Tuesday,13,0.117,0.796,0.000,0.312,0.125,0.000,1.350,
2025-11-04 14:00:00,Tuesday,14,0.148,0.759,0.000,0.000,0.187,0.000,1.094,
2025-11-04 15:00:00,Tuesday,15,0.151,0.986,0.000,0.000,0.113,0.000,1.250,
2025-11-04 16:00:00,Tuesday,16,0.134,0.903,0.118,0.000,0.152,0.000,1.307,
2025-11-04 17:00:00,Tuesday,17,0.146,0.883,0.131,0.000,0.274,0.000,1.434,goście
2025-11-04 18:00:00,Tuesday,18,0.127,0.773,0.261,2.341,0.221,0.000,3.723,goście
2025-11-04 19:00:00,Tuesday,19,0.155,0.972,0.201,0.000,0.256,0.000,1.584,goście
2025-11-04 20:00:00,Tuesday,20,0.152,0.962,0.190,0.000,0.190,1.175,2.669,goście; zmywarka
2025-11-04 21:00:00,Tuesday,21,0.140,1.149,0.110,0.000,0.306,0.000,1.705,goście
2025-11-04 22:00:00,Tuesday,22,0.151,0.915,0.110,0.000,0.228,0.000,1.404,
2025-11-04 23:00:00,Tuesday,23,0.161,0.781,0.000,0.000,0.000,0.000,0.942,
2025-11-05 00:00:00,Wednesday,0,0.172,0.970,0.000,0.000,0.000,0.000,1.142,
2025-11-05 01:00:00,Wednesday,1,0.128,0.743,0.000,0.000,0.000,0.000,0.871,
2025-11-05 02:00:00,Wednesday,2,0.146,0.921,0.000,0.000,0.000,0.000,1.067,
2025-11-05 03:00:00,Wednesday,3,0.125,0.812,0.000,0.000,0.000,0.000,0.937,
2025-11-05 04:00:00,Wednesday,4,0.118,1.048,0.000,0.000,0.000,0.000,1.166,
2025-11-05 05:00:00,Wednesday,5,0.141,1.026,0.000,0.000,0.000,0.000,1.167,
2025-11-05 06:00:00,Wednesday,6,0.156,1.146,0.103,0.513,0.000,0.000,1.918,
2025-11-05 07:00:00,Wednesday,7,0.156,1.106,0.189,0.355,0.000,0.000,1.806,
2025-11-05 08:00:00,Wednesday,8,0.135,1.251,0.000,0.254,0.000,0.000,1.640,
2025-11-05 09:00:00,Wednesday,9,0.132,1.185,0.000,0.000,0.120,0.000,1.437,
2025-11-05 10:00:00,Wednesday,10,0.116,1.177,0.000,0.000,0.086,0.000,1.379,
2025-11-05 11:00:00,Wednesday,11,0.159,1.043,0.000,0.000,0.131,0.000,1.333,
2025-11-05 12:00:00,Wednesday,12,0.120,1.060,0.000,0.421,0.129,0.000,1.730,
2025-11-05 13:00:00,Wednesday,13,0.152,0.864,0.000,0.000,0.102,0.000,1.118,
2025-11-05 14:00:00,Wednesday,14,0.118,0.914,0.000,0.000,0.202,0.000,1.234,
2025-11-05 15:00:00,Wednesday,15,0.133,1.002,0.000,0.000,0.192,0.000,1.327,
2025-11-05 16:00:00,Wednesday,16,0.152,0.988,0.080,0.000,0.139,0.000,1.359,
2025-11-05 17:00:00,Wednesday,17,0.152,1.169,0.284,1.022,0.212,0.000,2.839,
2025-11-05 18:00:00,Wednesday,18,0.138,1.123,0.229,0.000,0.284,0.000,1.774,
2025-11-05 19:00:00,Wednesday,19,0.144,1.080,0.284,0.000,0.227,0.913,2.648,zmywarka
2025-11-05 20:00:00,Wednesday,20,0.142,0.957,0.211,0.000,0.336,0.000,1.646,
2025-11-05 21:00:00,Wednesday,21,0.139,1.026,0.260,0.000,0.247,0.000,1.672,
2025-11-05 22:00:00,Wednesday,22,0.126,1.002,0.053,0.000,0.213,0.000,1.394,
2025-11-05 23:00:00,Wednesday,23,0.130,0.809,0.000,0.000,0.000,0.000,0.939,
2025-11-06 00:00:00,Thursday,0,0.172,0.935,0.000,0.000,0.000,0.000,1.107,
2025-11-06 01:00:00,Thursday,1,0.162,0.968,0.000,0.000,0.000,0.000,1.130,
2025-11-06 02:00:00,Thursday,2,0.146,1.012,0.000,0.000,0.000,0.000,1.158,
2025-11-06 03:00:00,Thursday,3,0.182,0.909,0.000,0.000,0.000,0.000,1.091,
2025-11-06 04:00:00,Thursday,4,0.135,0.996,0.000,0.000,0.000,0.000,1.131,
2025-11-06 05:00:00,Thursday,5,0.142,1.063,0.000,0.000,0.000,0.000,1.205,
2025-11-06 06:00:00,Thursday,6,0.152,1.157,0.107,0.390,0.000,0.000,1.806,
2025-11-06 07:00:00,Thursday,7,0.111,1.041,0.183,0.326,0.000,0.000,1.661,
2025-11-06 08:00:00,Thursday,8,0.156,1.349,0.000,0.510,0.000,0.000,2.015,
2025-11-06 09:00:00,Thursday,9,0.133,1.092,0.000,0.000,0.278,0.000,1.503,praca zdalna
2025-11-06 10:00:00,Thursday,10,0.118,1.292,0.000,0.000,0.218,0.651,2.279,praca zdalna; pralka
2025-11-06 11:00:00,Thursday,11,0.158,1.112,0.000,0.000,0.236,0.000,1.506,praca zdalna
2025-11-06 12:00:00,Thursday,12,0.143,1.082,0.000,0.000,0.224,0.000,1.449,praca zdalna
2025-11-06 13:00:00,Thursday,13,0.121,1.151,0.000,0.837,0.306,0.000,2.415,praca zdalna
2025-11-06 14:00:00,Thursday,14,0.143,1.112,0.000,0.000,0.302,0.000,1.557,praca zdalna
2025-11-06 15:00:00,Thursday,15,0.122,0.988,0.000,0.000,0.276,0.000,1.386,praca zdalna
2025-11-06 16:00:00,Thursday,16,0.121,1.162,0.145,0.000,0.355,0.000,1.783,praca zdalna
2025-11-06 17:00:00,Thursday,17,0.113,1.149,0.140,1.911,0.313,0.000,3.626,
2025-11-06 18:00:00,Thursday,18,0.128,1.327,0.145,0.000,0.239,0.000,1.839,
2025-11-06 19:00:00,Thursday,19,0.121,1.364,0.187,0.000,0.328,0.870,2.870,zmywarka
2025-11-06 20:00:00,Thursday,20,0.115,1.118,0.196,0.000,0.190,0.000,1.619,
2025-11-06 21:00:00,Thursday,21,0.140,1.272,0.130,0.000,0.311,0.000,1.853,
2025-11-06 22:00:00,Thursday,22,0.157,1.197,0.074,0.000,0.289,0.000,1.717,
2025-11-06 23:00:00,Thursday,23,0.145,1.163,0.000,0.000,0.000,0.000,1.308,
2025-11-07 00:00:00,Friday,0,0.129,1.110,0.000,0.000,0.000,0.000,1.239,
2025-11-07 01:00:00,Friday,1,0.144,1.285,0.000,0.000,0.000,0.000,1.429,
2025-11-07 02:00:00,Friday,2,0.159,1.102,0.000,0.000,0.000,0.000,1.261,
2025-11-07 03:00:00,Friday,3,0.165,1.201,0.000,0.000,0.000,0.000,1.366,
2025-11-07 04:00:00,Friday,4,0.158,1.238,0.000,0.000,0.000,0.000,1.396,
2025-11-07 05:00:00,Friday,5,0.153,1.462,0.000,0.000,0.000,0.000,1.615,
2025-11-07 06:00:00,Friday,6,0.135,1.390,0.137,0.481,0.000,0.000,2.143,
2025-11-07 07:00:00,Friday,7,0.131,1.641,0.097,0.366,0.000,0.000,2.235,
2025-11-07 08:00:00,Friday,8,0.134,1.544,0.000,0.411,0.000,0.000,2.089,
2025-11-07 09:00:00,Friday,9,0.118,1.700,0.000,0.000,0.105,0.000,1.923,
2025-11-07 10:00:00,Friday,10,0.154,1.377,0.000,0.000,0.089,0.000,1.620,
2025-11-07 11:00:00,Friday,11,0.146,1.262,0.000,0.000,0.087,0.000,1.495,
2025-11-07 12:00:00,Friday,12,0.137,1.294,0.000,0.000,0.113,0.000,1.544,
2025-11-07 13:00:00,Friday,13,0.142,1.455,0.000,0.374,0.132,0.000,2.103,
2025-11-07 14:00:00,Friday,14,0.146,1.433,0.000,0.000,0.165,0.000,1.744,
2025-11-07 15:00:00,Friday,15,0.130,1.542,0.000,0.000,0.223,0.000,1.895,
2025-11-07 16:00:00,Friday,16,0.127,1.401,0.177,0.000,0.151,0.000,1.856,
2025-11-07 17:00:00,Friday,17,0.141,1.368,0.183,0.778,0.206,0.000,2.676,
2025-11-07 18:00:00,Friday,18,0.133,1.305,0.288,0.000,0.295,0.000,2.021,
2025-11-07 19:00:00,Friday,19,0.158,1.389,0.178,0.000,0.199,0.864,2.788,zmywarka
2025-11-07 20:00:00,Friday,20,0.121,1.477,0.216,0.000,0.275,0.000,2.089,
2025-11-07 21:00:00,Friday,21,0.123,1.705,0.264,0.000,0.168,0.000,2.260,
2025-11-07 22:00:00,Friday,22,0.111,1.294,0.111,0.000,0.271,0.000,1.787,
2025-11-07 23:00:00,Friday,23,0.111,1.526,0.000,0.000,0.000,0.000,1.637,
2025-11-08 00:00:00,Saturday,0,0.152,1.258,0.000,0.000,0.000,0.000,1.410,
2025-11-08 01:00:00,Saturday,1,0.155,1.592,0.000,0.000,0.000,0.000,1.747,
2025-11-08 02:00:00,Saturday,2,0.120,1.422,0.000,0.000,0.000,0.000,1.542,
2025-11-08 03:00:00,Saturday,3,0.172,1.532,0.000,0.000,0.000,0.000,1.704,
2025-11-08 04:00:00,Saturday,4,0.145,1.411,0.000,0.000,0.000,0.000,1.556,
2025-11-08 05:00:00,Saturday,5,0.146,1.551,0.000,0.000,0.000,0.000,1.697,
2025-11-08 06:00:00,Saturday,6,0.143,1.854,0.188,0.374,0.000,0.000,2.559,
2025-11-08 07:00:00,Saturday,7,0.113,1.396,0.161,0.428,0.000,0.000,2.098,
2025-11-08 08:00:00,Saturday,8,0.113,1.667,0.000,0.295,0.000,0.000,2.075,
2025-11-08 09:00:00,Saturday,9,0.151,1.341,0.000,0.000,0.101,0.984,2.577,pralka
2025-11-08 10:00:00,Saturday,10,0.117,1.635,0.000,0.000,0.172,1.517,3.441,suszarka
2025-11-08 11:00:00,Saturday,11,0.154,1.553,0.000,0.000,0.125,0.000,1.832,
2025-11-08 12:00:00,Saturday,12,0.150,1.191,0.000,0.523,0.134,0.000,1.998,
2025-11-08 13:00:00,Saturday,13,0.153,1.456,0.000,0.000,0.202,0.000,1.811,
2025-11-08 14:00:00,Saturday,14,0.148,1.521,0.000,0.000,0.195,1.059,2.923,zmywarka
2025-11-08 15:00:00,Saturday,15,0.158,1.293,0.000,0.000,0.102,0.000,1.553,
2025-11-08 16:00:00,Saturday,16,0.140,1.514,0.099,0.000,0.064,0.000,1.817,
2025-11-08 17:00:00,Saturday,17,0.154,1.481,0.204,0.914,0.182,0.000,2.935,
2025-11-08 18:00:00,Saturday,18,0.127,1.374,0.235,0.000,0.235,0.000,1.971,
2025-11-08 19:00:00,Saturday,19,0.152,1.469,0.240,0.000,0.260,0.000,2.121,
2025-11-08 20:00:00,Saturday,20,0.124,1.568,0.175,0.000,0.259,0.000,2.126,
2025-11-08 21:00:00,Saturday,21,0.124,1.440,0.160,0.000,0.265,0.000,1.989,
2025-11-08 22:00:00,Saturday,22,0.145,1.277,0.066,0.000,0.293,0.000,1.781,
2025-11-08 23:00:00,Saturday,23,0.164,1.517,0.000,0.000,0.000,0.000,1.681,
2025-11-09 00:00:00,Sunday,0,0.144,1.419,0.000,0.000,0.000,0.000,1.563,
2025-11-09 01:00:00,Sunday,1,0.130,1.613,0.000,0.000,0.000,0.000,1.743,
2025-11-09 02:00:00,Sunday,2,0.165,1.649,0.000,0.000,0.000,0.000,1.814,
2025-11-09 03:00:00,Sunday,3,0.136,1.545,0.000,0.000,0.000,0.000,1.681,
2025-11-09 04:00:00,Sunday,4,0.179,1.648,0.000,0.000,0.000,0.000,1.827,
2025-11-09 05:00:00,Sunday,5,0.125,1.631,0.000,0.000,0.000,0.000,1.756,
2025-11-09 06:00:00,Sunday,6,0.118,1.712,0.076,0.404,0.000,0.000,2.310,
2025-11-09 07:00:00,Sunday,7,0.158,1.818,0.075,0.442,0.000,0.000,2.493,
2025-11-09 08:00:00,Sunday,8,0.140,1.821,0.000,0.289,0.000,0.000,2.250,
2025-11-09 09:00:00,Sunday,9,0.113,1.928,0.000,0.000,0.126,0.000,2.167,
2025-11-09 10:00:00,Sunday,10,0.132,1.833,0.000,0.000,0.077,0.000,2.042,
2025-11-09 11:00:00,Sunday,11,0.125,1.834,0.000,0.000,0.163,0.000,2.122,
2025-11-09 12:00:00,Sunday,12,0.143,1.781,0.000,0.781,0.237,0.000,2.942,
2025-11-09 13:00:00,Sunday,13,0.143,1.765,0.000,0.000,0.099,0.855,2.862,zmywarka
2025-11-09 14:00:00,Sunday,14,0.111,1.662,0.000,0.000,0.085,0.000,1.858,
2025-11-09 15:00:00,Sunday,15,0.146,1.859,0.000,0.000,0.101,0.000,2.106,
2025-11-09 16:00:00,Sunday,16,0.127,1.649,0.073,0.000,0.123,0.000,1.972,
2025-11-09 17:00:00,Sunday,17,0.133,1.501,0.257,0.000,0.297,0.000,2.188,
2025-11-09 18:00:00,Sunday,18,0.137,1.556,0.192,1.393,0.323,0.000,3.601,
2025-11-09 19:00:00,Sunday,19,0.156,1.576,0.111,0.000,0.206,0.000,2.049,
2025-11-09 20:00:00,Sunday,20,0.148,1.566,0.236,0.000,0.308,0.000,2.258,
2025-11-09 21:00:00,Sunday,21,0.123,1.561,0.101,0.000,0.292,0.000,2.077,
2025-11-09 22:00:00,Sunday,22,0.132,1.535,0.131,0.000,0.171,0.000,1.969,
2025-11-09 23:00:00,Sunday,23,0.187,1.651,0.000,0.000,0.000,0.000,1.838,
2025-11-10 00:00:00,Monday,0,0.126,1.364,0.000,0.000,0.000,0.000,1.490,
2025-11-10 01:00:00,Monday,1,0.143,1.496,0.000,0.000,0.000,0.000,1.639,
2025-11-10 02:00:00,Monday,2,0.132,1.567,0.000,0.000,0.000,0.000,1.699,
2025-11-10 03:00:00,Monday,3,0.122,1.601,0.000,0.000,0.000,0.000,1.723,
2025-11-10 04:00:00,Monday,4,0.143,1.494,0.000,0.000,0.000,0.000,1.637,
2025-11-10 05:00:00,Monday,5,0.117,1.676,0.000,0.000,0.000,0.000,1.793,
2025-11-10 06:00:00,Monday,6,0.142,1.963,0.126,0.579,0.000,0.000,2.810,
2025-11-10 07:00:00,Monday,7,0.121,1.973,0.096,0.467,0.000,0.000,2.657,
2025-11-10 08:00:00,Monday,8,0.120,1.970,0.000,0.314,0.000,0.000,2.404,
2025-11-10 09:00:00,Monday,9,0.150,1.774,0.000,0.000,0.123,0.000,2.047,
2025-11-10 10:00:00,Monday,10,0.136,1.526,0.000,0.000,0.131,0.000,1.793,
2025-11-10 11:00:00,Monday,11,0.137,1.557,0.000,0.000,0.142,0.000,1.836,
2025-11-10 12:00:00,Monday,12,0.122,1.434,0.000,0.697,0.101,0.000,2.354,
2025-11-10 13:00:00,Monday,13,0.159,1.833,0.000,0.000,0.118,0.000,2.110,
2025-11-10 14:00:00,Monday,14,0.133,1.461,0.000,0.000,0.210,0.000,1.804,
2025-11-10 15:00:00,Monday,15,0.134,1.533,0.000,0.000,0.192,0.000,1.859,
2025-11-10 16:00:00,Monday,16,0.121,1.700,0.077,0.000,0.188,0.000,2.086,
2025-11-10 17:00:00,Monday,17,0.134,1.449,0.253,0.838,0.328,0.000,3.002,
2025-11-10 18:00:00,Monday,18,0.153,1.521,0.156,0.000,0.199,0.000,2.029,
2025-11-10 19:00:00,Monday,19,0.150,1.620,0.246,0.000,0.302,1.132,3.450,zmywarka
2025-11-10 20:00:00,Monday,20,0.114,1.526,0.212,0.000,0.331,0.000,2.183,
2025-11-10 21:00:00,Monday,21,0.142,1.779,0.153,0.000,0.267,0.000,2.341,
2025-11-10 22:00:00,Monday,22,0.159,1.313,0.136,0.000,0.205,0.000,1.813,
2025-11-10 23:00:00,Monday,23,0.115,1.478,0.000,0.000,0.000,0.000,1.593,
2025-11-11 00:00:00,Tuesday,0,0.136,1.696,0.000,0.000,0.000,0.000,1.832,
2025-11-11 01:00:00,Tuesday,1,0.122,1.551,0.000,0.000,0.000,0.000,1.673,
2025-11-11 02:00:00,Tuesday,2,0.158,1.476,0.000,0.000,0.000,0.000,1.634,
2025-11-11 03:00:00,Tuesday,3,0.115,1.603,0.000,0.000,0.000,0.000,1.718,
2025-11-11 04:00:00,Tuesday,4,0.169,1.678,0.000,0.000,0.000,0.000,1.847,
2025-11-11 05:00:00,Tuesday,5,0.145,1.311,0.000,0.000,0.000,0.000,1.456,
2025-11-11 06:00:00,Tuesday,6,0.126,1.535,0.079,0.580,0.000,0.000,2.320,
2025-11-11 07:00:00,Tuesday,7,0.155,1.393,0.129,0.281,0.000,0.000,1.958,
2025-11-11 08:00:00,Tuesday,8,0.145,1.531,0.000,0.412,0.000,0.000,2.088,
2025-11-11 09:00:00,Tuesday,9,0.143,1.657,0.000,0.000,0.239,0.000,2.039,praca zdalna
2025-11-11 10:00:00,Tuesday,10,0.126,1.366,0.000,0.000,0.309,0.000,1.801,praca zdalna
2025-11-11 11:00:00,Tuesday,11,0.149,1.267,0.000,0.000,0.194,0.000,1.610,praca zdalna
2025-11-11 12:00:00,Tuesday,12,0.148,1.360,0.000,0.302,0.298,0.840,2.948,praca zdalna; pralka
2025-11-11 13:00:00,Tuesday,13,0.130,1.424,0.000,0.000,0.285,2.474,4.313,praca zdalna; suszarka
2025-11-11 14:00:00,Tuesday,14,0.154,1.629,0.000,0.000,0.297,0.000,2.080,praca zdalna
2025-11-11 15:00:00,Tuesday,15,0.147,1.494,0.000,0.000,0.240,0.000,1.881,praca zdalna
2025-11-11 16:00:00,Tuesday,16,0.135,1.509,0.170,0.000,0.381,0.000,2.195,praca zdalna
2025-11-11 17:00:00,Tuesday,17,0.140,1.624,0.113,0.000,0.213,0.000,2.090,
2025-11-11 18:00:00,Tuesday,18,0.138,1.268,0.217,0.900,0.182,0.000,2.705,
2025-11-11 19:00:00,Tuesday,19,0.126,1.548,0.269,0.000,0.343,1.026,3.312,zmywarka
2025-11-11 20:00:00,Tuesday,20,0.129,1.283,0.108,0.000,0.200,0.000,1.720,
2025-11-11 21:00:00,Tuesday,21,0.137,1.602,0.193,0.000,0.272,0.000,2.204,
2025-11-11 22:00:00,Tuesday,22,0.147,1.123,0.092,0.000,0.196,0.000,1.558,
2025-11-11 23:00:00,Tuesday,23,0.162,1.138,0.000,0.000,0.000,0.000,1.300,
2025-11-12 00:00:00,Wednesday,0,0.136,1.362,0.000,0.000,0.000,0.000,1.498,
2025-11-12 01:00:00,Wednesday,1,0.148,1.379,0.000,0.000,0.000,0.000,1.527,
2025-11-12 02:00:00,Wednesday,2,0.118,1.268,0.000,0.000,0.000,0.000,1.386,
2025-11-12 03:00:00,Wednesday,3,0.164,1.367,0.000,0.000,0.000,0.000,1.531,
2025-11-12 04:00:00,Wednesday,4,0.148,1.454,0.000,0.000,0.000,0.000,1.602,
2025-11-12 05:00:00,Wednesday,5,0.154,1.149,0.000,0.000,0.000,0.000,1.303,
2025-11-12 06:00:00,Wednesday,6,0.124,1.466,0.122,0.416,0.000,0.000,2.128,
2025-11-12 07:00:00,Wednesday,7,0.147,1.339,0.094,0.425,0.000,0.000,2.005,
2025-11-12 08:00:00,Wednesday,8,0.112,1.559,0.000,0.339,0.000,0.000,2.010,
2025-11-12 09:00:00,Wednesday,9,0.128,1.178,0.000,0.000,0.089,0.000,1.395,
2025-11-12 10:00:00,Wednesday,10,0.134,1.515,0.000,0.000,0.092,0.000,1.741,
2025-11-12 11:00:00,Wednesday,11,0.113,1.191,0.000,0.000,0.126,0.000,1.430,
2025-11-12 12:00:00,Wednesday,12,0.160,1.173,0.000,0.000,0.119,0.000,1.452,
2025-11-12 13:00:00,Wednesday,13,0.134,1.179,0.000,0.873,0.141,0.000,2.327,
2025-11-12 14:00:00,Wednesday,14,0.151,1.299,0.000,0.000,0.249,0.000,1.699,
2025-11-12 15:00:00,Wednesday,15,0.136,1.322,0.000,0.000,0.129,0.000,1.587,
2025-11-12 16:00:00,Wednesday,16,0.137,1.147,0.112,0.000,0.111,0.000,1.507,
2025-11-12 17:00:00,Wednesday,17,0.118,1.106,0.266,0.000,0.160,0.000,1.650,
2025-11-12 18:00:00,Wednesday,18,0.122,1.027,0.279,0.945,0.319,0.000,2.692,
2025-11-12 19:00:00,Wednesday,19,0.118,1.194,0.234,0.000,0.226,0.000,1.772,
2025-11-12 20:00:00,Wednesday,20,0.142,1.151,0.202,0.000,0.282,0.000,1.777,
2025-11-12 21:00:00,Wednesday,21,0.153,0.974,0.158,0.000,0.235,0.000,1.520,
2025-11-12 22:00:00,Wednesday,22,0.126,1.102,0.130,0.000,0.167,0.000,1.525,
2025-11-12 23:00:00,Wednesday,23,0.161,1.104,0.000,0.000,0.000,0.000,1.265,
2025-11-13 00:00:00,Thursday,0,0.159,0.945,0.000,0.000,0.000,0.000,1.104,
2025-11-13 01:00:00,Thursday,1,0.156,1.068,0.000,0.000,0.000,0.000,1.224,
2025-11-13 02:00:00,Thursday,2,0.136,0.995,0.000,0.000,0.000,0.000,1.131,
2025-11-13 03:00:00,Thursday,3,0.158,1.133,0.000,0.000,0.000,0.000,1.291,
2025-11-13 04:00:00,Thursday,4,0.138,0.917,0.000,0.000,0.000,0.000,1.055,
2025-11-13 05:00:00,Thursday,5,0.139,0.968,0.000,0.000,0.000,0.000,1.107,
2025-11-13 06:00:00,Thursday,6,0.156,1.270,0.181,0.450,0.000,0.000,2.057,
2025-11-13 07:00:00,Thursday,7,0.139,1.477,0.166,0.271,0.000,0.000,2.053,
2025-11-13 08:00:00,Thursday,8,0.127,1.335,0.000,0.411,0.000,0.000,1.873,
2025-11-13 09:00:00,Thursday,9,0.117,1.567,0.000,0.000,0.117,0.000,1.801,
2025-11-13 10:00:00,Thursday,10,0.116,1.250,0.000,0.000,0.085,0.000,1.451,
2025-11-13 11:00:00,Thursday,11,0.111,1.152,0.000,0.000,0.118,0.000,1.381,
2025-11-13 12:00:00,Thursday,12,0.113,1.084,0.000,0.000,0.134,0.000,1.331,
2025-11-13 13:00:00,Thursday,13,0.150,0.906,0.000,0.304,0.097,0.000,1.457,
2025-11-13 14:00:00,Thursday,14,0.111,1.128,0.000,0.000,0.084,0.000,1.323,
2025-11-13 15:00:00,Thursday,15,0.138,1.175,0.000,0.000,0.119,0.000,1.432,
2025-11-13 16:00:00,Thursday,16,0.141,0.937,0.072,0.000,0.112,0.000,1.262,
2025-11-13 17:00:00,Thursday,17,0.148,0.946,0.168,0.000,0.306,0.000,1.568,
2025-11-13 18:00:00,Thursday,18,0.117,0.959,0.263,1.174,0.153,0.000,2.666,
2025-11-13 19:00:00,Thursday,19,0.150,0.840,0.171,0.000,0.341,0.000,1.502,
2025-11-13 20:00:00,Thursday,20,0.128,0.972,0.261,0.000,0.186,0.881,2.428,zmywarka
2025-11-13 21:00:00,Thursday,21,0.151,1.039,0.196,0.000,0.204,0.000,1.590,
2025-11-13 22:00:00,Thursday,22,0.123,1.194,0.074,0.000,0.202,0.000,1.593,
2025-11-13 23:00:00,Thursday,23,0.156,1.268,0.000,0.000,0.000,0.000,1.424,
2025-11-14 00:00:00,Friday,0,0.155,1.637,0.000,0.000,0.000,0.000,1.792,
2025-11-14 01:00:00,Friday,1,0.145,1.312,0.000,0.000,0.000,0.000,1.457,
2025-11-14 02:00:00,Friday,2,0.172,1.695,0.000,0.000,0.000,0.000,1.867,
2025-11-14 03:00:00,Friday,3,0.138,1.686,0.000,0.000,0.000,0.000,1.824,
2025-11-14 04:00:00,Friday,4,0.126,1.657,0.000,0.000,0.000,0.000,1.783,
2025-11-14 05:00:00,Friday,5,0.164,1.787,0.000,0.000,0.000,0.000,1.951,
2025-11-14 06:00:00,Friday,6,0.134,1.612,0.179,0.331,0.000,0.000,2.256,
2025-11-14 07:00:00,Friday,7,0.145,1.882,0.201,0.316,0.000,0.000,2.544,
2025-11-14 08:00:00,Friday,8,0.156,1.783,0.000,0.303,0.000,0.000,2.242,
2025-11-14 09:00:00,Friday,9,0.122,1.858,0.000,0.000,0.129,0.000,2.109,
2025-11-14 10:00:00,Friday,10,0.115,1.793,0.000,0.000,0.094,0.000,2.002,
2025-11-14 11:00:00,Friday,11,0.160,2.020,0.000,0.000,0.130,0.000,2.310,
2025-11-14 12:00:00,Friday,12,0.150,1.808,0.000,0.000,0.149,0.000,2.107,
2025-11-14 13:00:00,Friday,13,0.156,1.936,0.000,0.736,0.105,0.000,2.933,
2025-11-14 14:00:00,Friday,14,0.111,2.001,0.000,0.000,0.141,0.000,2.253,
2025-11-14 15:00:00,Friday,15,0.119,1.754,0.000,0.000,0.117,0.000,1.990,
2025-11-14 16:00:00,Friday,16,0.119,1.975,0.120,0.000,0.236,0.000,2.450,
2025-11-14 17:00:00,Friday,17,0.147,1.813,0.219,0.617,0.267,0.000,3.063,
2025-11-14 18:00:00,Friday,18,0.134,2.165,0.170,0.000,0.199,0.000,2.668,
2025-11-14 19:00:00,Friday,19,0.143,2.395,0.214,0.000,0.194,1.157,4.103,zmywarka
2025-11-14 20:00:00,Friday,20,0.154,2.054,0.218,0.000,0.316,0.000,2.742,
2025-11-14 21:00:00,Friday,21,0.151,1.890,0.237,0.000,0.153,0.000,2.431,
2025-11-14 22:00:00,Friday,22,0.130,2.338,0.142,0.000,0.158,0.000,2.768,
2025-11-14 23:00:00,Friday,23,0.158,2.104,0.000,0.000,0.000,0.000,2.262,
2025-11-15 00:00:00,Saturday,0,0.153,2.092,0.000,0.000,0.000,0.000,2.245,
2025-11-15 01:00:00,Saturday,1,0.157,2.402,0.000,0.000,0.000,0.000,2.559,
2025-11-15 02:00:00,Saturday,2,0.158,1.886,0.000,0.000,0.000,0.000,2.044,
2025-11-15 03:00:00,Saturday,3,0.158,2.522,0.000,0.000,0.000,0.000,2.680,
2025-11-15 04:00:00,Saturday,4,0.157,2.535,0.000,0.000,0.000,0.000,2.692,
2025-11-15 05:00:00,Saturday,5,0.139,2.260,0.000,0.000,0.000,0.000,2.399,
2025-11-15 06:00:00,Saturday,6,0.112,3.182,0.175,0.451,0.000,0.000,3.920,
2025-11-15 07:00:00,Saturday,7,0.121,2.824,0.111,0.468,0.000,0.000,3.524,
2025-11-15 08:00:00,Saturday,8,0.125,2.576,0.000,0.395,0.000,0.000,3.096,
2025-11-15 09:00:00,Saturday,9,0.127,2.596,0.000,0.000,0.198,0.000,2.921,
2025-11-15 10:00:00,Saturday,10,0.128,3.103,0.000,0.000,0.177,0.000,3.408,
2025-11-15 11:00:00,Saturday,11,0.124,2.488,0.000,0.000,0.201,0.781,3.594,pralka
2025-11-15 12:00:00,Saturday,12,0.125,2.395,0.000,0.931,0.203,0.000,3.654,
2025-11-15 13:00:00,Saturday,13,0.154,2.614,0.000,0.000,0.111,1.083,3.962,zmywarka
2025-11-15 14:00:00,Saturday,14,0.157,2.080,0.000,0.000,0.161,0.000,2.398,
2025-11-15 15:00:00,Saturday,15,0.128,2.515,0.000,0.000,0.149,0.000,2.792,
2025-11-15 16:00:00,Saturday,16,0.124,2.632,0.171,0.000,0.132,0.000,3.059,
2025-11-15 17:00:00,Saturday,17,0.122,2.712,0.209,1.078,0.255,0.000,4.376,
2025-11-15 18:00:00,Saturday,18,0.132,2.516,0.281,0.000,0.297,0.000,3.226,
2025-11-15 19:00:00,Saturday,19,0.146,2.607,0.223,0.000,0.185,0.000,3.161,
2025-11-15 20:00:00,Saturday,20,0.116,2.255,0.213,0.000,0.169,0.000,2.753,
2025-11-15 21:00:00,Saturday,21,0.124,2.831,0.152,0.000,0.334,0.000,3.441,
2025-11-15 22:00:00,Saturday,22,0.111,2.023,0.068,0.000,0.196,0.000,2.398,
2025-11-15 23:00:00,Saturday,23,0.142,2.588,0.000,0.000,0.000,0.000,2.730,
2025-11-16 00:00:00,Sunday,0,0.135,2.644,0.000,0.000,0.000,0.000,2.779,
2025-11-16 01:00:00,Sunday,1,0.132,2.299,0.000,0.000,0.000,0.000,2.431,
2025-11-16 02:00:00,Sunday,2,0.132,2.573,0.000,0.000,0.000,0.000,2.705,
2025-11-16 03:00:00,Sunday,3,0.114,2.433,0.000,0.000,0.000,0.000,2.547,
2025-11-16 04:00:00,Sunday,4,0.111,2.501,0.000,0.000,0.000,0.000,2.612,
2025-11-16 05:00:00,Sunday,5,0.140,2.249,0.000,0.000,0.000,0.000,2.389,
2025-11-16 06:00:00,Sunday,6,0.157,2.306,0.191,0.318,0.000,0.000,2.972,
2025-11-16 07:00:00,Sunday,7,0.157,2.601,0.085,0.289,0.000,0.000,3.132,
2025-11-16 08:00:00,Sunday,8,0.142,2.750,0.000,0.485,0.000,0.000,3.377,
2025-11-16 09:00:00,Sunday,9,0.113,2.793,0.000,0.000,0.222,0.998,4.126,pralka
2025-11-16 10:00:00,Sunday,10,0.137,2.559,0.000,0.000,0.075,2.378,5.149,suszarka
2025-11-16 11:00:00,Sunday,11,0.130,2.348,0.000,0.000,0.144,0.000,2.622,
2025-11-16 12:00:00,Sunday,12,0.121,2.556,0.000,1.165,0.164,0.000,4.006,
2025-11-16 13:00:00,Sunday,13,0.159,2.535,0.000,0.000,0.154,0.834,3.682,zmywarka
2025-11-16 14:00:00,Sunday,14,0.154,2.132,0.000,0.000,0.180,0.000,2.466,
2025-11-16 15:00:00,Sunday,15,0.152,2.274,0.000,0.000,0.249,0.000,2.675,
2025-11-16 16:00:00,Sunday,16,0.129,2.470,0.176,0.000,0.063,0.000,2.838,
2025-11-16 17:00:00,Sunday,17,0.157,2.305,0.120,0.000,0.216,0.000,2.798,
2025-11-16 18:00:00,Sunday,18,0.153,2.483,0.215,0.622,0.348,0.000,3.821,
2025-11-16 19:00:00,Sunday,19,0.111,2.382,0.240,0.000,0.195,0.000,2.928,
2025-11-16 20:00:00,Sunday,20,0.141,2.275,0.105,0.000,0.333,0.000,2.854,
2025-11-16 21:00:00,Sunday,21,0.147,2.188,0.231,0.000,0.305,0.000,2.871,
2025-11-16 22:00:00,Sunday,22,0.134,1.793,0.113,0.000,0.212,0.000,2.252,
2025-11-16 23:00:00,Sunday,23,0.140,1.989,0.000,0.000,0.000,0.000,2.129,
2025-11-17 00:00:00,Monday,0,0.118,2.172,0.000,0.000,0.000,0.000,2.290,
2025-11-17 01:00:00,Monday,1,0.143,1.742,0.000,0.000,0.000,0.000,1.885,
2025-11-17 02:00:00,Monday,2,0.154,1.965,0.000,0.000,0.000,0.000,2.119,
2025-11-17 03:00:00,Monday,3,0.131,2.094,0.000,0.000,0.000,0.000,2.225,
2025-11-17 04:00:00,Monday,4,0.128,1.989,0.000,0.000,0.000,0.000,2.117,
2025-11-17 05:00:00,Monday,5,0.148,2.231,0.000,0.000,0.000,0.000,2.379,
2025-11-17 06:00:00,Monday,6,0.129,2.237,0.098,0.560,0.000,0.000,3.024,
2025-11-17 07:00:00,Monday,7,0.147,2.301,0.209,0.267,0.000,0.000,2.924,
2025-11-17 08:00:00,Monday,8,0.143,2.692,0.000,0.417,0.000,0.000,3.252,
2025-11-17 09:00:00,Monday,9,0.117,2.761,0.000,0.000,0.137,0.000,3.015,
2025-11-17 10:00:00,Monday,10,0.148,2.495,0.000,0.000,0.122,0.000,2.765,
2025-11-17 11:00:00,Monday,11,0.126,2.409,0.000,0.000,0.089,0.000,2.624,
2025-11-17 12:00:00,Monday,12,0.123,2.424,0.000,0.746,0.081,0.000,3.374,
2025-11-17 13:00:00,Monday,13,0.152,2.258,0.000,0.000,0.115,0.000,2.525,
2025-11-17 14:00:00,Monday,14,0.132,2.313,0.000,0.000,0.227,0.000,2.672,
2025-11-17 15:00:00,Monday,15,0.127,2.442,0.000,0.000,0.098,0.000,2.667,
2025-11-17 16:00:00,Monday,16,0.135,1.921,0.139,0.000,0.142,0.000,2.337,
2025-11-17 17:00:00,Monday,17,0.141,2.673,0.299,0.000,0.252,0.000,3.365,
2025-11-17 18:00:00,Monday,18,0.116,2.289,0.259,0.783,0.321,0.000,3.768,
2025-11-17 19:00:00,Monday,19,0.147,2.567,0.240,0.000,0.298,0.984,4.236,zmywarka
2025-11-17 20:00:00,Monday,20,0.138,2.727,0.106,0.000,0.233,0.000,3.204,
2025-11-17 21:00:00,Monday,21,0.134,2.965,0.210,0.000,0.316,0.000,3.625,
2025-11-17 22:00:00,Monday,22,0.139,2.191,0.112,0.000,0.238,0.000,2.680,
2025-11-17 23:00:00,Monday,23,0.142,2.714,0.000,0.000,0.000,0.000,2.856,
2025-11-18 00:00:00,Tuesday,0,0.112,2.741,0.000,0.000,0.000,0.000,2.853,
2025-11-18 01:00:00,Tuesday,1,0.118,2.530,0.000,0.000,0.000,0.000,2.648,
2025-11-18 02:00:00,Tuesday,2,0.134,2.693,0.000,0.000,0.000,0.000,2.827,
2025-11-18 03:00:00,Tuesday,3,0.157,2.606,0.000,0.000,0.000,0.000,2.763,
2025-11-18 04:00:00,Tuesday,4,0.135,2.276,0.000,0.000,0.000,0.000,2.411,
2025-11-18 05:00:00,Tuesday,5,0.159,2.632,0.000,0.000,0.000,0.000,2.791,
2025-11-18 06:00:00,Tuesday,6,0.144,2.312,0.131,0.324,0.000,0.000,2.911,
2025-11-18 07:00:00,Tuesday,7,0.147,2.631,0.115,0.401,0.000,0.000,3.294,
2025-11-18 08:00:00,Tuesday,8,0.125,2.671,0.000,0.194,0.000,0.000,2.990,
2025-11-18 09:00:00,Tuesday,9,0.149,2.493,0.000,0.000,0.123,0.000,2.765,
2025-11-18 10:00:00,Tuesday,10,0.121,2.463,0.000,0.000,0.116,0.000,2.700,
2025-11-18 11:00:00,Tuesday,11,0.145,2.224,0.000,0.000,0.103,0.000,2.472,
2025-11-18 12:00:00,Tuesday,12,0.111,1.831,0.000,0.000,0.125,0.000,2.067,
2025-11-18 13:00:00,Tuesday,13,0.154,2.272,0.000,0.788,0.098,0.878,4.190,pralka
2025-11-18 14:00:00,Tuesday,14,0.158,1.913,0.000,0.000,0.204,1.740,4.015,suszarka
2025-11-18 15:00:00,Tuesday,15,0.158,2.101,0.000,0.000,0.169,0.000,2.428,
2025-11-18 16:00:00,Tuesday,16,0.130,2.426,0.142,0.000,0.117,0.000,2.815,
2025-11-18 17:00:00,Tuesday,17,0.128,2.205,0.104,0.000,0.289,0.000,2.726,
2025-11-18 18:00:00,Tuesday,18,0.155,2.294,0.218,0.866,0.169,0.000,3.702,
2025-11-18 19:00:00,Tuesday,19,0.115,2.055,0.101,0.000,0.320,0.000,2.591,
2025-11-18 20:00:00,Tuesday,20,0.121,2.802,0.220,0.000,0.246,0.922,4.311,zmywarka
2025-11-18 21:00:00,Tuesday,21,0.142,2.141,0.201,0.000,0.232,0.000,2.716,
2025-11-18 22:00:00,Tuesday,22,0.136,2.044,0.108,0.000,0.349,0.000,2.637,
2025-11-18 23:00:00,Tuesday,23,0.159,2.580,0.000,0.000,0.000,0.000,2.739,
2025-11-19 00:00:00,Wednesday,0,0.135,2.249,0.000,0.000,0.000,0.000,2.384,
2025-11-19 01:00:00,Wednesday,1,0.150,2.421,0.000,0.000,0.000,0.000,2.571,
2025-11-19 02:00:00,Wednesday,2,0.124,2.148,0.000,0.000,0.000,0.000,2.272,
2025-11-19 03:00:00,Wednesday,3,0.153,2.211,0.000,0.000,0.000,0.000,2.364,
2025-11-19 04:00:00,Wednesday,4,0.131,2.170,0.000,0.000,0.000,0.000,2.301,
2025-11-19 05:00:00,Wednesday,5,0.159,2.664,0.000,0.000,0.000,0.000,2.823,
2025-11-19 06:00:00,Wednesday,6,0.130,2.304,0.172,0.335,0.000,0.000,2.941,
2025-11-19 07:00:00,Wednesday,7,0.152,2.479,0.148,0.435,0.000,0.000,3.214,
2025-11-19 08:00:00,Wednesday,8,0.134,2.877,0.000,0.477,0.000,0.000,3.488,
2025-11-19 09:00:00,Wednesday,9,0.147,2.643,0.000,0.000,0.140,0.000,2.930,
2025-11-19 10:00:00,Wednesday,10,0.115,2.773,0.000,0.000,0.141,0.000,3.029,
2025-11-19 11:00:00,Wednesday,11,0.156,2.570,0.000,0.000,0.126,0.000,2.852,
2025-11-19 12:00:00,Wednesday,12,0.153,2.521,0.000,0.502,0.131,0.000,3.307,
2025-11-19 13:00:00,Wednesday,13,0.111,2.402,0.000,0.000,0.150,0.000,2.663,
2025-11-19 14:00:00,Wednesday,14,0.135,2.626,0.000,0.000,0.139,0.000,2.900,
2025-11-19 15:00:00,Wednesday,15,0.120,2.215,0.000,0.000,0.246,0.000,2.581,
2025-11-19 16:00:00,Wednesday,16,0.156,2.838,0.160,0.000,0.199,0.000,3.353,
2025-11-19 17:00:00,Wednesday,17,0.130,2.591,0.286,0.000,0.261,0.000,3.268,
2025-11-19 18:00:00,Wednesday,18,0.123,2.745,0.204,1.960,0.271,0.000,5.303,
2025-11-19 19:00:00,Wednesday,19,0.112,3.285,0.239,0.000,0.253,0.900,4.789,zmywarka
2025-11-19 20:00:00,Wednesday,20,0.114,3.328,0.196,0.000,0.252,0.000,3.890,
2025-11-19 21:00:00,Wednesday,21,0.157,2.927,0.133,0.000,0.335,0.000,3.552,
2025-11-19 22:00:00,Wednesday,22,0.112,3.045,0.056,0.000,0.227,0.000,3.440,
2025-11-19 23:00:00,Wednesday,23,0.146,2.502,0.000,0.000,0.000,0.000,2.648,
2025-11-20 00:00:00,Thursday,0,0.112,2.157,0.000,0.000,0.000,0.000,2.269,wyjazd / nieobecność
2025-11-20 01:00:00,Thursday,1,0.122,2.425,0.000,0.000,0.000,0.000,2.547,wyjazd / nieobecność
2025-11-20 02:00:00,Thursday,2,0.139,2.297,0.000,0.000,0.000,0.000,2.436,wyjazd / nieobecność
2025-11-20 03:00:00,Thursday,3,0.141,2.472,0.000,0.000,0.000,0.000,2.613,wyjazd / nieobecność
2025-11-20 04:00:00,Thursday,4,0.115,2.042,0.000,0.000,0.000,0.000,2.157,wyjazd / nieobecność
2025-11-20 05:00:00,Thursday,5,0.158,2.154,0.000,0.000,0.000,0.000,2.312,wyjazd / nieobecność
2025-11-20 06:00:00,Thursday,6,0.157,1.941,0.000,0.000,0.000,0.000,2.098,wyjazd / nieobecność
2025-11-20 07:00:00,Thursday,7,0.150,2.487,0.000,0.000,0.000,0.000,2.637,wyjazd / nieobecność
2025-11-20 08:00:00,Thursday,8,0.130,2.487,0.000,0.000,0.000,0.000,2.617,wyjazd / nieobecność
2025-11-20 09:00:00,Thursday,9,0.133,2.369,0.000,0.000,0.094,0.000,2.596,wyjazd / nieobecność; praca zdalna
2025-11-20 10:00:00,Thursday,10,0.156,2.551,0.000,0.000,0.119,0.000,2.826,wyjazd / nieobecność; praca zdalna
2025-11-20 11:00:00,Thursday,11,0.132,2.663,0.000,0.000,0.096,0.000,2.891,wyjazd / nieobecność; praca zdalna
2025-11-20 12:00:00,Thursday,12,0.135,2.551,0.000,0.000,0.171,0.000,2.857,wyjazd / nieobecność; praca zdalna
2025-11-20 13:00:00,Thursday,13,0.148,2.168,0.000,0.000,0.089,0.000,2.405,wyjazd / nieobecność; praca zdalna
2025-11-20 14:00:00,Thursday,14,0.125,2.027,0.000,0.000,0.137,0.000,2.289,wyjazd / nieobecność; praca zdalna
2025-11-20 15:00:00,Thursday,15,0.129,2.553,0.000,0.000,0.148,0.000,2.830,wyjazd / nieobecność; praca zdalna
2025-11-20 16:00:00,Thursday,16,0.140,2.625,0.000,0.000,0.132,0.000,2.897,wyjazd / nieobecność; praca zdalna
2025-11-20 17:00:00,Thursday,17,0.125,2.419,0.000,0.000,0.000,0.000,2.544,wyjazd / nieobecność
2025-11-20 18:00:00,Thursday,18,0.137,2.568,0.000,0.000,0.000,0.000,2.705,wyjazd / nieobecność
2025-11-20 19:00:00,Thursday,19,0.139,2.363,0.000,0.000,0.000,0.000,2.502,wyjazd / nieobecność
2025-11-20 20:00:00,Thursday,20,0.112,2.817,0.000,0.000,0.000,0.000,2.929,wyjazd / nieobecność
2025-11-20 21:00:00,Thursday,21,0.160,2.619,0.000,0.000,0.000,0.000,2.779,wyjazd / nieobecność
2025-11-20 22:00:00,Thursday,22,0.153,2.743,0.000,0.000,0.000,0.000,2.896,wyjazd / nieobecność
2025-11-20 23:00:00,Thursday,23,0.148,2.251,0.000,0.000,0.000,0.000,2.399,wyjazd / nieobecność
2025-11-21 00:00:00,Friday,0,0.116,2.531,0.000,0.000,0.000,0.000,2.647,
2025-11-21 01:00:00,Friday,1,0.185,2.970,0.000,0.000,0.000,0.000,3.155,
2025-11-21 02:00:00,Friday,2,0.127,2.980,0.000,0.000,0.000,0.000,3.107,
2025-11-21 03:00:00,Friday,3,0.148,2.673,0.000,0.000,0.000,0.000,2.821,
2025-11-21 04:00:00,Friday,4,0.155,2.423,0.000,0.000,0.000,0.000,2.578,
2025-11-21 05:00:00,Friday,5,0.153,2.791,0.000,0.000,0.000,0.000,2.944,
2025-11-21 06:00:00,Friday,6,0.119,2.884,0.151,0.192,0.000,0.000,3.346,
2025-11-21 07:00:00,Friday,7,0.122,2.680,0.141,0.542,0.000,0.000,3.485,
2025-11-21 08:00:00,Friday,8,0.158,3.436,0.000,0.160,0.000,0.000,3.754,
2025-11-21 09:00:00,Friday,9,0.114,3.459,0.000,0.000,0.249,0.000,3.822,praca zdalna
2025-11-21 10:00:00,Friday,10,0.140,3.034,0.000,0.000,0.276,0.000,3.450,praca zdalna
2025-11-21 11:00:00,Friday,11,0.146,3.040,0.000,0.000,0.238,0.000,3.424,praca zdalna
2025-11-21 12:00:00,Friday,12,0.156,2.881,0.000,0.602,0.322,0.000,3.961,praca zdalna
2025-11-21 13:00:00,Friday,13,0.143,2.575,0.000,0.000,0.288,0.000,3.006,praca zdalna
2025-11-21 14:00:00,Friday,14,0.119,2.685,0.000,0.000,0.378,0.000,3.182,praca zdalna
2025-11-21 15:00:00,Friday,15,0.137,2.915,0.000,0.000,0.208,0.000,3.260,praca zdalna
2025-11-21 16:00:00,Friday,16,0.118,2.524,0.096,0.000,0.298,0.000,3.036,praca zdalna
2025-11-21 17:00:00,Friday,17,0.117,2.913,0.121,0.000,0.209,0.000,3.360,
2025-11-21 18:00:00,Friday,18,0.117,2.898,0.185,1.107,0.188,0.000,4.495,
2025-11-21 19:00:00,Friday,19,0.130,3.335,0.163,0.000,0.334,0.000,3.962,
2025-11-21 20:00:00,Friday,20,0.124,3.444,0.118,0.000,0.189,1.006,4.881,zmywarka
2025-11-21 21:00:00,Friday,21,0.152,2.881,0.229,0.000,0.210,0.000,3.472,
2025-11-21 22:00:00,Friday,22,0.149,2.720,0.123,0.000,0.171,0.000,3.163,
2025-11-21 23:00:00,Friday,23,0.166,3.040,0.000,0.000,0.000,0.000,3.206,
2025-11-22 00:00:00,Saturday,0,0.139,2.564,0.000,0.000,0.000,0.000,2.703,
2025-11-22 01:00:00,Saturday,1,0.128,2.440,0.000,0.000,0.000,0.000,2.568,
2025-11-22 02:00:00,Saturday,2,0.152,2.954,0.000,0.000,0.000,0.000,3.106,
2025-11-22 03:00:00,Saturday,3,0.114,3.221,0.000,0.000,0.000,0.000,3.335,
2025-11-22 04:00:00,Saturday,4,0.122,2.691,0.000,0.000,0.000,0.000,2.813,
2025-11-22 05:00:00,Saturday,5,0.154,2.754,0.000,0.000,0.000,0.000,2.908,
2025-11-22 06:00:00,Saturday,6,0.119,2.523,0.189,0.384,0.000,0.000,3.215,
2025-11-22 07:00:00,Saturday,7,0.150,3.148,0.161,0.549,0.000,0.000,4.008,
2025-11-22 08:00:00,Saturday,8,0.117,2.492,0.000,0.303,0.000,0.000,2.912,
2025-11-22 09:00:00,Saturday,9,0.143,2.734,0.000,0.000,0.208,0.000,3.085,
2025-11-22 10:00:00,Saturday,10,0.125,2.961,0.000,0.000,0.238,0.000,3.324,
2025-11-22 11:00:00,Saturday,11,0.136,2.627,0.000,0.000,0.091,0.000,2.854,
2025-11-22 12:00:00,Saturday,12,0.132,2.390,0.000,0.000,0.065,0.000,2.587,
2025-11-22 13:00:00,Saturday,13,0.115,2.550,0.000,1.178,0.085,0.000,3.928,
2025-11-22 14:00:00,Saturday,14,0.138,2.290,0.000,0.000,0.106,0.884,3.418,zmywarka
2025-11-22 15:00:00,Saturday,15,0.158,2.340,0.000,0.000,0.193,0.000,2.691,
2025-11-22 16:00:00,Saturday,16,0.118,1.971,0.095,0.000,0.150,0.000,2.334,
2025-11-22 17:00:00,Saturday,17,0.151,2.329,0.121,0.000,0.292,0.000,2.893,
2025-11-22 18:00:00,Saturday,18,0.115,2.773,0.178,0.972,0.200,0.000,4.238,
2025-11-22 19:00:00,Saturday,19,0.145,2.308,0.193,0.000,0.209,0.000,2.855,
2025-11-22 20:00:00,Saturday,20,0.157,2.310,0.122,0.000,0.251,0.000,2.840,
2025-11-22 21:00:00,Saturday,21,0.147,2.109,0.133,0.000,0.301,0.000,2.690,
2025-11-22 22:00:00,Saturday,22,0.116,2.214,0.067,0.000,0.197,0.000,2.594,
2025-11-22 23:00:00,Saturday,23,0.117,2.523,0.000,0.000,0.000,0.000,2.640,
2025-11-23 00:00:00,Sunday,0,0.132,2.237,0.000,0.000,0.000,0.000,2.369,
2025-11-23 01:00:00,Sunday,1,0.119,2.393,0.000,0.000,0.000,0.000,2.512,
2025-11-23 02:00:00,Sunday,2,0.171,2.380,0.000,0.000,0.000,0.000,2.551,
2025-11-23 03:00:00,Sunday,3,0.154,2.230,0.000,0.000,0.000,0.000,2.384,
2025-11-23 04:00:00,Sunday,4,0.140,2.728,0.000,0.000,0.000,0.000,2.868,
2025-11-23 05:00:00,Sunday,5,0.143,2.141,0.000,0.000,0.000,0.000,2.284,
2025-11-23 06:00:00,Sunday,6,0.151,2.195,0.123,0.526,0.000,0.000,2.995,
2025-11-23 07:00:00,Sunday,7,0.142,2.457,0.185,0.421,0.000,0.000,3.205,
2025-11-23 08:00:00,Sunday,8,0.150,2.644,0.000,0.450,0.000,0.000,3.244,
2025-11-23 09:00:00,Sunday,9,0.129,2.166,0.000,0.000,0.188,0.000,2.483,
2025-11-23 10:00:00,Sunday,10,0.122,2.351,0.000,0.000,0.087,0.000,2.560,
2025-11-23 11:00:00,Sunday,11,0.149,2.350,0.000,0.000,0.206,0.870,3.575,pralka
2025-11-23 12:00:00,Sunday,12,0.132,2.383,0.000,0.420,0.140,0.000,3.075,
2025-11-23 13:00:00,Sunday,13,0.158,2.445,0.000,0.000,0.118,0.000,2.721,
2025-11-23 14:00:00,Sunday,14,0.147,2.166,0.000,0.000,0.165,1.070,3.548,zmywarka
2025-11-23 15:00:00,Sunday,15,0.155,2.338,0.000,0.000,0.136,0.000,2.629,
2025-11-23 16:00:00,Sunday,16,0.114,2.142,0.152,0.000,0.184,0.000,2.592,
2025-11-23 17:00:00,Sunday,17,0.130,2.326,0.103,0.625,0.233,0.000,3.417,
2025-11-23 18:00:00,Sunday,18,0.159,2.709,0.229,0.000,0.258,0.000,3.355,
2025-11-23 19:00:00,Sunday,19,0.146,2.327,0.194,0.000,0.247,0.000,2.914,
2025-11-23 20:00:00,Sunday,20,0.126,2.792,0.144,0.000,0.179,0.000,3.241,
2025-11-23 21:00:00,Sunday,21,0.124,2.752,0.174,0.000,0.272,0.000,3.322,
2025-11-23 22:00:00,Sunday,22,0.112,2.444,0.095,0.000,0.278,0.000,2.929,
2025-11-23 23:00:00,Sunday,23,0.117,2.106,0.000,0.000,0.000,0.000,2.223,
2025-11-24 00:00:00,Monday,0,0.150,2.059,0.000,0.000,0.000,0.000,2.209,
2025-11-24 01:00:00,Monday,1,0.141,2.787,0.000,0.000,0.000,0.000,2.928,
2025-11-24 02:00:00,Monday,2,0.179,2.351,0.000,0.000,0.000,0.000,2.530,
2025-11-24 03:00:00,Monday,3,0.119,2.337,0.000,0.000,0.000,0.000,2.456,
2025-11-24 04:00:00,Monday,4,0.142,2.381,0.000,0.000,0.000,0.000,2.523,
2025-11-24 05:00:00,Monday,5,0.175,2.198,0.000,0.000,0.000,0.000,2.373,
2025-11-24 06:00:00,Monday,6,0.157,2.615,0.184,0.555,0.000,0.000,3.511,
2025-11-24 07:00:00,Monday,7,0.139,2.832,0.099,0.368,0.000,0.000,3.438,
2025-11-24 08:00:00,Monday,8,0.138,3.094,0.000,0.500,0.000,0.000,3.732,
2025-11-24 09:00:00,Monday,9,0.118,2.670,0.000,0.000,0.106,0.000,2.894,
2025-11-24 10:00:00,Monday,10,0.143,2.558,0.000,0.000,0.093,0.000,2.794,
2025-11-24 11:00:00,Monday,11,0.157,3.248,0.000,0.000,0.091,0.000,3.496,
2025-11-24 12:00:00,Monday,12,0.148,2.612,0.000,0.000,0.095,0.000,2.855,
2025-11-24 13:00:00,Monday,13,0.145,2.881,0.000,0.616,0.112,0.000,3.754,
2025-11-24 14:00:00,Monday,14,0.160,2.949,0.000,0.000,0.162,0.000,3.271,
2025-11-24 15:00:00,Monday,15,0.139,2.817,0.000,0.000,0.112,0.000,3.068,
2025-11-24 16:00:00,Monday,16,0.135,2.894,0.143,0.000,0.206,0.000,3.378,
2025-11-24 17:00:00,Monday,17,0.114,2.963,0.217,0.000,0.297,0.000,3.591,
2025-11-24 18:00:00,Monday,18,0.114,2.524,0.166,0.624,0.231,0.000,3.659,
2025-11-24 19:00:00,Monday,19,0.150,2.777,0.165,0.000,0.159,1.008,4.259,zmywarka
2025-11-24 20:00:00,Monday,20,0.149,2.387,0.149,0.000,0.217,0.000,2.902,
2025-11-24 21:00:00,Monday,21,0.133,2.034,0.261,0.000,0.260,0.000,2.688,
2025-11-24 22:00:00,Monday,22,0.144,2.356,0.060,0.000,0.301,0.000,2.861,
2025-11-24 23:00:00,Monday,23,0.156,1.841,0.000,0.000,0.000,0.000,1.997,
2025-11-25 00:00:00,Tuesday,0,0.144,2.111,0.000,0.000,0.000,0.000,2.255,
2025-11-25 01:00:00,Tuesday,1,0.158,2.162,0.000,0.000,0.000,0.000,2.320,
2025-11-25 02:00:00,Tuesday,2,0.121,2.141,0.000,0.000,0.000,0.000,2.262,
2025-11-25 03:00:00,Tuesday,3,0.115,1.948,0.000,0.000,0.000,0.000,2.063,
2025-11-25 04:00:00,Tuesday,4,0.120,1.910,0.000,0.000,0.000,0.000,2.030,
2025-11-25 05:00:00,Tuesday,5,0.130,2.250,0.000,0.000,0.000,0.000,2.380,
2025-11-25 06:00:00,Tuesday,6,0.116,2.245,0.157,0.267,0.000,0.000,2.785,
2025-11-25 07:00:00,Tuesday,7,0.144,2.428,0.108,0.306,0.000,0.000,2.986,
2025-11-25 08:00:00,Tuesday,8,0.155,2.571,0.000,0.497,0.000,0.000,3.223,
2025-11-25 09:00:00,Tuesday,9,0.128,2.538,0.000,0.000,0.092,0.000,2.758,
2025-11-25 10:00:00,Tuesday,10,0.155,2.438,0.000,0.000,0.087,0.000,2.680,
2025-11-25 11:00:00,Tuesday,11,0.131,2.207,0.000,0.000,0.132,0.000,2.470,
2025-11-25 12:00:00,Tuesday,12,0.112,2.741,0.000,0.000,0.101,0.000,2.954,
2025-11-25 13:00:00,Tuesday,13,0.156,2.645,0.000,0.520,0.109,0.000,3.430,
2025-11-25 14:00:00,Tuesday,14,0.159,2.389,0.000,0.000,0.223,0.781,3.552,pralka
2025-11-25 15:00:00,Tuesday,15,0.118,2.418,0.000,0.000,0.199,1.930,4.665,suszarka
2025-11-25 16:00:00,Tuesday,16,0.155,2.594,0.142,0.000,0.194,0.000,3.085,
2025-11-25 17:00:00,Tuesday,17,0.134,2.518,0.129,0.000,0.250,0.000,3.031,
2025-11-25 18:00:00,Tuesday,18,0.122,2.505,0.148,0.938,0.342,0.000,4.055,
2025-11-25 19:00:00,Tuesday,19,0.113,2.217,0.157,0.000,0.189,0.000,2.676,
2025-11-25 20:00:00,Tuesday,20,0.128,2.327,0.167,0.000,0.328,0.877,3.827,zmywarka
2025-11-25 21:00:00,Tuesday,21,0.148,2.598,0.260,0.000,0.247,0.000,3.253,
2025-11-25 22:00:00,Tuesday,22,0.119,2.343,0.085,0.000,0.238,0.000,2.785,
2025-11-25 23:00:00,Tuesday,23,0.116,1.860,0.000,0.000,0.000,0.000,1.976,
2025-11-26 00:00:00,Wednesday,0,0.115,2.188,0.000,0.000,0.000,0.000,2.303,
2025-11-26 01:00:00,Wednesday,1,0.147,2.321,0.000,0.000,0.000,0.000,2.468,
2025-11-26 02:00:00,Wednesday,2,0.124,2.232,0.000,0.000,0.000,0.000,2.356,
2025-11-26 03:00:00,Wednesday,3,0.125,2.534,0.000,0.000,0.000,0.000,2.659,
2025-11-26 04:00:00,Wednesday,4,0.143,2.603,0.000,0.000,0.000,0.000,2.746,
2025-11-26 05:00:00,Wednesday,5,0.170,2.446,0.000,0.000,0.000,0.000,2.616,
2025-11-26 06:00:00,Wednesday,6,0.142,2.629,0.082,0.411,0.000,0.000,3.264,
2025-11-26 07:00:00,Wednesday,7,0.154,2.884,0.163,0.341,0.000,0.000,3.542,
2025-11-26 08:00:00,Wednesday,8,0.146,2.331,0.000,0.327,0.000,0.000,2.804,
2025-11-26 09:00:00,Wednesday,9,0.139,2.229,0.000,0.000,0.097,0.000,2.465,
2025-11-26 10:00:00,Wednesday,10,0.120,2.475,0.000,0.000,0.103,0.000,2.698,
2025-11-26 11:00:00,Wednesday,11,0.135,2.410,0.000,0.000,0.083,0.000,2.628,
2025-11-26 12:00:00,Wednesday,12,0.158,2.721,0.000,0.000,0.149,0.000,3.028,
2025-11-26 13:00:00,Wednesday,13,0.154,2.280,0.000,0.878,0.083,0.000,3.395,
2025-11-26 14:00:00,Wednesday,14,0.125,2.245,0.000,0.000,0.205,0.000,2.575,
2025-11-26 15:00:00,Wednesday,15,0.134,2.738,0.000,0.000,0.239,0.000,3.111,
2025-11-26 16:00:00,Wednesday,16,0.157,2.875,0.145,0.000,0.226,0.000,3.403,
2025-11-26 17:00:00,Wednesday,17,0.151,2.939,0.157,0.000,0.343,0.000,3.590,
2025-11-26 18:00:00,Wednesday,18,0.126,3.027,0.128,0.688,0.166,0.000,4.135,
2025-11-26 19:00:00,Wednesday,19,0.145,2.768,0.218,0.000,0.202,0.000,3.333,
2025-11-26 20:00:00,Wednesday,20,0.111,2.416,0.261,0.000,0.305,0.000,3.093,
2025-11-26 21:00:00,Wednesday,21,0.154,2.478,0.182,0.000,0.239,0.000,3.053,
2025-11-26 22:00:00,Wednesday,22,0.156,2.489,0.143,0.000,0.184,0.000,2.972,
2025-11-26 23:00:00,Wednesday,23,0.170,2.526,0.000,0.000,0.000,0.000,2.696,
2025-11-27 00:00:00,Thursday,0,0.132,2.608,0.000,0.000,0.000,0.000,2.740,
2025-11-27 01:00:00,Thursday,1,0.128,2.683,0.000,0.000,0.000,0.000,2.811,
2025-11-27 02:00:00,Thursday,2,0.160,2.414,0.000,0.000,0.000,0.000,2.574,
2025-11-27 03:00:00,Thursday,3,0.120,2.763,0.000,0.000,0.000,0.000,2.883,
2025-11-27 04:00:00,Thursday,4,0.114,2.916,0.000,0.000,0.000,0.000,3.030,
2025-11-27 05:00:00,Thursday,5,0.136,2.871,0.000,0.000,0.000,0.000,3.007,
2025-11-27 06:00:00,Thursday,6,0.148,2.910,0.112,0.364,0.000,0.000,3.534,
2025-11-27 07:00:00,Thursday,7,0.118,2.715,0.070,0.318,0.000,0.000,3.221,
2025-11-27 08:00:00,Thursday,8,0.144,2.478,0.000,0.405,0.000,0.000,3.027,
2025-11-27 09:00:00,Thursday,9,0.133,2.807,0.000,0.000,0.136,0.000,3.076,
2025-11-27 10:00:00,Thursday,10,0.117,2.529,0.000,0.000,0.149,0.000,2.795,
2025-11-27 11:00:00,Thursday,11,0.133,2.765,0.000,0.000,0.086,0.000,2.984,
2025-11-27 12:00:00,Thursday,12,0.118,2.375,0.000,0.000,0.117,0.000,2.610,
2025-11-27 13:00:00,Thursday,13,0.132,2.723,0.000,0.425,0.139,0.000,3.419,
2025-11-27 14:00:00,Thursday,14,0.128,1.978,0.000,0.000,0.169,0.000,2.275,
2025-11-27 15:00:00,Thursday,15,0.130,2.111,0.000,0.000,0.232,0.000,2.473,
2025-11-27 16:00:00,Thursday,16,0.114,2.505,0.061,0.000,0.171,0.000,2.851,
2025-11-27 17:00:00,Thursday,17,0.142,2.584,0.261,0.866,0.204,0.000,4.057,
2025-11-27 18:00:00,Thursday,18,0.121,2.521,0.198,0.000,0.238,0.000,3.078,
2025-11-27 19:00:00,Thursday,19,0.160,2.485,0.247,0.000,0.283,0.000,3.175,
2025-11-27 20:00:00,Thursday,20,0.136,1.966,0.157,0.000,0.165,0.932,3.356,zmywarka
2025-11-27 21:00:00,Thursday,21,0.127,2.056,0.264,0.000,0.237,0.000,2.684,
2025-11-27 22:00:00,Thursday,22,0.154,1.916,0.052,0.000,0.193,0.000,2.315,
2025-11-27 23:00:00,Thursday,23,0.153,1.660,0.000,0.000,0.000,0.000,1.813,
2025-11-28 00:00:00,Friday,0,0.138,1.818,0.000,0.000,0.000,0.000,1.956,
2025-11-28 01:00:00,Friday,1,0.138,1.670,0.000,0.000,0.000,0.000,1.808,
2025-11-28 02:00:00,Friday,2,0.133,1.836,0.000,0.000,0.000,0.000,1.969,
2025-11-28 03:00:00,Friday,3,0.157,1.624,0.000,0.000,0.000,0.000,1.781,
2025-11-28 04:00:00,Friday,4,0.128,1.621,0.000,0.000,0.000,0.000,1.749,
2025-11-28 05:00:00,Friday,5,0.142,1.585,0.000,0.000,0.000,0.000,1.727,
2025-11-28 06:00:00,Friday,6,0.117,1.917,0.144,0.305,0.000,0.000,2.483,
2025-11-28 07:00:00,Friday,7,0.124,1.842,0.121,0.153,0.000,0.000,2.240,
2025-11-28 08:00:00,Friday,8,0.150,1.585,0.000,0.480,0.000,0.000,2.215,
2025-11-28 09:00:00,Friday,9,0.116,1.486,0.000,0.000,0.122,0.000,1.724,
2025-11-28 10:00:00,Friday,10,0.150,1.794,0.000,0.000,0.146,0.000,2.090,
2025-11-28 11:00:00,Friday,11,0.142,1.642,0.000,0.000,0.136,0.000,1.920,
2025-11-28 12:00:00,Friday,12,0.115,1.879,0.000,0.490,0.081,0.000,2.565,
2025-11-28 13:00:00,Friday,13,0.153,1.848,0.000,0.000,0.122,0.000,2.123,
2025-11-28 14:00:00,Friday,14,0.143,1.620,0.000,0.000,0.240,0.000,2.003,
2025-11-28 15:00:00,Friday,15,0.121,1.535,0.000,0.000,0.163,0.000,1.819,
2025-11-28 16:00:00,Friday,16,0.154,1.840,0.088,0.000,0.148,0.000,2.230,
2025-11-28 17:00:00,Friday,17,0.158,1.710,0.168,0.654,0.165,0.000,2.855,
2025-11-28 18:00:00,Friday,18,0.135,1.616,0.299,0.000,0.163,0.000,2.213,
2025-11-28 19:00:00,Friday,19,0.119,1.827,0.216,0.000,0.259,0.804,3.225,zmywarka
2025-11-28 20:00:00,Friday,20,0.115,1.678,0.291,0.000,0.348,0.000,2.432,
2025-11-28 21:00:00,Friday,21,0.138,1.607,0.101,0.000,0.282,0.000,2.128,
2025-11-28 22:00:00,Friday,22,0.139,1.498,0.105,0.000,0.252,0.000,1.994,
2025-11-28 23:00:00,Friday,23,0.127,1.623,0.000,0.000,0.000,0.000,1.750,
2025-11-29 00:00:00,Saturday,0,0.130,1.376,0.000,0.000,0.000,0.000,1.506,
2025-11-29 01:00:00,Saturday,1,0.122,1.673,0.000,0.000,0.000,0.000,1.795,
2025-11-29 02:00:00,Saturday,2,0.118,1.770,0.000,0.000,0.000,0.000,1.888,
2025-11-29 03:00:00,Saturday,3,0.148,1.419,0.000,0.000,0.000,0.000,1.567,
2025-11-29 04:00:00,Saturday,4,0.138,1.361,0.000,0.000,0.000,0.000,1.499,
2025-11-29 05:00:00,Saturday,5,0.112,1.676,0.000,0.000,0.000,0.000,1.788,
2025-11-29 06:00:00,Saturday,6,0.150,1.749,0.104,0.463,0.000,0.000,2.466,
2025-11-29 07:00:00,Saturday,7,0.154,1.479,0.143,0.355,0.000,0.000,2.131,
2025-11-29 08:00:00,Saturday,8,0.123,1.656,0.000,0.204,0.000,0.000,1.983,
2025-11-29 09:00:00,Saturday,9,0.116,1.571,0.000,0.000,0.233,0.000,1.920,
2025-11-29 10:00:00,Saturday,10,0.145,1.733,0.000,0.000,0.234,0.959,3.071,pralka
2025-11-29 11:00:00,Saturday,11,0.138,1.577,0.000,0.000,0.164,0.000,1.879,
2025-11-29 12:00:00,Saturday,12,0.154,1.524,0.000,0.000,0.224,0.000,1.902,
2025-11-29 13:00:00,Saturday,13,0.117,1.471,0.000,0.983,0.150,0.000,2.721,
2025-11-29 14:00:00,Saturday,14,0.140,1.863,0.000,0.000,0.080,1.186,3.269,zmywarka
2025-11-29 15:00:00,Saturday,15,0.150,1.466,0.000,0.000,0.089,0.000,1.705,
2025-11-29 16:00:00,Saturday,16,0.128,1.551,0.115,0.000,0.217,0.000,2.011,
2025-11-29 17:00:00,Saturday,17,0.133,1.639,0.109,1.568,0.182,0.000,3.631,goście
2025-11-29 18:00:00,Saturday,18,0.140,2.007,0.257,0.000,0.345,0.000,2.749,goście
2025-11-29 19:00:00,Saturday,19,0.158,2.024,0.282,0.000,0.256,0.000,2.720,goście
2025-11-29 20:00:00,Saturday,20,0.155,1.741,0.118,0.000,0.193,0.000,2.207,goście
2025-11-29 21:00:00,Saturday,21,0.113,1.552,0.156,0.000,0.259,0.000,2.080,goście
2025-11-29 22:00:00,Saturday,22,0.150,1.676,0.057,0.000,0.297,0.000,2.180,
2025-11-29 23:00:00,Saturday,23,0.144,1.360,0.000,0.000,0.000,0.000,1.504,
2025-11-30 00:00:00,Sunday,0,0.125,1.499,0.000,0.000,0.000,0.000,1.624,
2025-11-30 01:00:00,Sunday,1,0.122,1.565,0.000,0.000,0.000,0.000,1.687,
2025-11-30 02:00:00,Sunday,2,0.162,1.799,0.000,0.000,0.000,0.000,1.961,
2025-11-30 03:00:00,Sunday,3,0.134,1.447,0.000,0.000,0.000,0.000,1.581,
2025-11-30 04:00:00,Sunday,4,0.160,1.486,0.000,0.000,0.000,0.000,1.646,
2025-11-30 05:00:00,Sunday,5,0.118,1.366,0.000,0.000,0.000,0.000,1.484,
2025-11-30 06:00:00,Sunday,6,0.142,1.550,0.178,0.510,0.000,0.000,2.380,
2025-11-30 07:00:00,Sunday,7,0.148,1.889,0.103,0.405,0.000,0.000,2.545,
2025-11-30 08:00:00,Sunday,8,0.146,1.972,0.000,0.347,0.000,0.000,2.465,
2025-11-30 09:00:00,Sunday,9,0.147,1.952,0.000,0.000,0.076,0.000,2.175,
2025-11-30 10:00:00,Sunday,10,0.151,1.604,0.000,0.000,0.074,0.000,1.829,
2025-11-30 11:00:00,Sunday,11,0.115,1.695,0.000,0.000,0.228,0.000,2.038,
2025-11-30 12:00:00,Sunday,12,0.148,1.674,0.000,1.329,0.082,0.000,3.233,
2025-11-30 13:00:00,Sunday,13,0.159,1.671,0.000,0.000,0.208,0.000,2.038,
2025-11-30 14:00:00,Sunday,14,0.115,1.474,0.000,0.000,0.110,1.025,2.724,zmywarka
2025-11-30 15:00:00,Sunday,15,0.155,1.648,0.000,0.000,0.106,0.000,1.909,
2025-11-30 16:00:00,Sunday,16,0.128,1.839,0.075,0.000,0.088,0.000,2.130,
2025-11-30 17:00:00,Sunday,17,0.138,1.480,0.181,0.000,0.349,0.000,2.148,
2025-11-30 18:00:00,Sunday,18,0.155,1.595,0.247,0.984,0.162,0.000,3.143,
2025-11-30 19:00:00,Sunday,19,0.137,2.030,0.180,0.000,0.197,0.000,2.544,
2025-11-30 20:00:00,Sunday,20,0.131,1.763,0.179,0.000,0.282,0.000,2.355,
2025-11-30 21:00:00,Sunday,21,0.156,2.075,0.250,0.000,0.277,0.000,2.758,
2025-11-30 22:00:00,Sunday,22,0.152,1.778,0.149,0.000,0.272,0.000,2.351,
2025-11-30 23:00:00,Sunday,23,0.176,1.595,0.000,0.000,0.000,0.000,1.771,
2025-12-01 00:00:00,Monday,0,0.143,1.530,0.000,0.000,0.000,0.000,1.673,
2025-12-01 01:00:00,Monday,1,0.127,1.498,0.000,0.000,0.000,0.000,1.625,
2025-12-01 02:00:00,Monday,2,0.148,1.825,0.000,0.000,0.000,0.000,1.973,
2025-12-01 03:00:00,Monday,3,0.139,1.662,0.000,0.000,0.000,0.000,1.801,
2025-12-01 04:00:00,Monday,4,0.129,1.808,0.000,0.000,0.000,0.000,1.937,
2025-12-01 05:00:00,Monday,5,0.136,1.657,0.000,0.000,0.000,0.000,1.793,
2025-12-01 06:00:00,Monday,6,0.159,2.044,0.182,0.292,0.000,0.000,2.677,
2025-12-01 07:00:00,Monday,7,0.139,1.862,0.123,0.495,0.000,0.000,2.619,
2025-12-01 08:00:00,Monday,8,0.136,2.163,0.134,0.320,0.000,0.000,2.753,
2025-12-01 09:00:00,Monday,9,0.131,2.115,0.000,0.000,0.139,0.000,2.385,
2025-12-01 10:00:00,Monday,10,0.151,2.183,0.000,0.000,0.089,0.000,2.423,
2025-12-01 11:00:00,Monday,11,0.125,2.019,0.000,0.000,0.087,0.000,2.231,
2025-12-01 12:00:00,Monday,12,0.121,1.966,0.000,0.000,0.084,0.000,2.171,
2025-12-01 13:00:00,Monday,13,0.153,1.885,0.000,0.738,0.132,0.000,2.908,
2025-12-01 14:00:00,Monday,14,0.111,1.847,0.000,0.000,0.101,0.000,2.059,
2025-12-01 15:00:00,Monday,15,0.137,1.742,0.000,0.000,0.151,0.000,2.030,
2025-12-01 16:00:00,Monday,16,0.156,1.887,0.132,0.000,0.178,0.000,2.353,
2025-12-01 17:00:00,Monday,17,0.141,1.892,0.290,0.820,0.202,0.000,3.345,
2025-12-01 18:00:00,Monday,18,0.145,1.776,0.276,0.000,0.174,0.000,2.371,
2025-12-01 19:00:00,Monday,19,0.159,2.114,0.131,0.000,0.186,1.113,3.703,zmywarka
2025-12-01 20:00:00,Monday,20,0.136,1.847,0.179,0.000,0.173,0.000,2.335,
2025-12-01 21:00:00,Monday,21,0.142,1.995,0.256,0.000,0.275,0.000,2.668,
2025-12-01 22:00:00,Monday,22,0.138,1.840,0.091,0.000,0.218,0.000,2.287,
2025-12-01 23:00:00,Monday,23,0.148,1.563,0.000,0.000,0.000,0.000,1.711,
2025-12-02 00:00:00,Tuesday,0,0.134,1.732,0.000,0.000,0.000,0.000,1.866,
2025-12-02 01:00:00,Tuesday,1,0.180,1.741,0.000,0.000,0.000,0.000,1.921,
2025-12-02 02:00:00,Tuesday,2,0.136,1.802,0.000,0.000,0.000,0.000,1.938,
2025-12-02 03:00:00,Tuesday,3,0.158,2.045,0.000,0.000,0.000,0.000,2.203,
2025-12-02 04:00:00,Tuesday,4,0.153,1.896,0.000,0.000,0.000,0.000,2.049,
2025-12-02 05:00:00,Tuesday,5,0.157,1.778,0.000,0.000,0.000,0.000,1.935,
2025-12-02 06:00:00,Tuesday,6,0.117,2.142,0.081,0.479,0.000,0.000,2.819,
2025-12-02 07:00:00,Tuesday,7,0.138,2.227,0.205,0.406,0.000,0.000,2.976,
2025-12-02 08:00:00,Tuesday,8,0.130,1.869,0.104,0.442,0.000,0.000,2.545,
2025-12-02 09:00:00,Tuesday,9,0.157,1.940,0.000,0.000,0.082,0.000,2.179,
2025-12-02 10:00:00,Tuesday,10,0.155,2.188,0.000,0.000,0.089,0.863,3.295,pralka
2025-12-02 11:00:00,Tuesday,11,0.122,2.018,0.000,0.000,0.094,1.593,3.827,suszarka
2025-12-02 12:00:00,Tuesday,12,0.138,2.178,0.000,0.000,0.139,0.000,2.455,
2025-12-02 13:00:00,Tuesday,13,0.117,2.193,0.000,0.464,0.142,0.000,2.916,
2025-12-02 14:00:00,Tuesday,14,0.118,1.859,0.000,0.000,0.235,0.000,2.212,
2025-12-02 15:00:00,Tuesday,15,0.154,2.210,0.157,0.000,0.146,0.000,2.667,
2025-12-02 16:00:00,Tuesday,16,0.145,2.209,0.154,0.000,0.193,0.000,2.701,
2025-12-02 17:00:00,Tuesday,17,0.134,2.299,0.297,0.000,0.231,0.000,2.961,
2025-12-02 18:00:00,Tuesday,18,0.150,2.218,0.255,0.853,0.327,0.000,3.803,
2025-12-02 19:00:00,Tuesday,19,0.150,2.176,0.196,0.000,0.347,0.000,2.869,
2025-12-02 20:00:00,Tuesday,20,0.153,2.025,0.281,0.000,0.348,0.884,3.691,zmywarka
2025-12-02 21:00:00,Tuesday,21,0.153,2.268,0.222,0.000,0.301,0.000,2.944,
2025-12-02 22:00:00,Tuesday,22,0.132,1.653,0.106,0.000,0.279,0.000,2.170,
2025-12-02 23:00:00,Tuesday,23,0.114,2.024,0.000,0.000,0.000,0.000,2.138,
2025-12-03 00:00:00,Wednesday,0,0.160,1.784,0.000,0.000,0.000,0.000,1.944,
2025-12-03 01:00:00,Wednesday,1,0.177,2.115,0.000,0.000,0.000,0.000,2.292,
2025-12-03 02:00:00,Wednesday,2,0.149,1.935,0.000,0.000,0.000,0.000,2.084,
2025-12-03 03:00:00,Wednesday,3,0.142,1.981,0.000,0.000,0.000,0.000,2.123,
2025-12-03 04:00:00,Wednesday,4,0.135,1.946,0.000,0.000,0.000,0.000,2.081,
2025-12-03 05:00:00,Wednesday,5,0.143,1.662,0.000,0.000,0.000,0.000,1.805,
2025-12-03 06:00:00,Wednesday,6,0.115,2.172,0.079,0.488,0.000,0.000,2.854,
2025-12-03 07:00:00,Wednesday,7,0.117,1.974,0.129,0.491,0.000,0.000,2.711,
2025-12-03 08:00:00,Wednesday,8,0.113,1.991,0.144,0.237,0.000,0.000,2.485,
2025-12-03 09:00:00,Wednesday,9,0.124,1.909,0.000,0.000,0.179,0.000,2.212,praca zdalna
2025-12-03 10:00:00,Wednesday,10,0.149,1.845,0.000,0.000,0.207,0.000,2.201,praca zdalna
2025-12-03 11:00:00,Wednesday,11,0.124,1.995,0.000,0.000,0.338,0.000,2.457,praca zdalna
2025-12-03 12:00:00,Wednesday,12,0.141,1.997,0.000,0.896,0.187,0.000,3.221,praca zdalna
2025-12-03 13:00:00,Wednesday,13,0.123,1.868,0.000,0.000,0.243,0.000,2.234,praca zdalna
2025-12-03 14:00:00,Wednesday,14,0.126,1.910,0.000,0.000,0.300,0.000,2.336,praca zdalna
2025-12-03 15:00:00,Wednesday,15,0.111,2.280,0.109,0.000,0.352,0.000,2.852,praca zdalna
2025-12-03 16:00:00,Wednesday,16,0.112,2.115,0.085,0.000,0.283,0.000,2.595,praca zdalna
2025-12-03 17:00:00,Wednesday,17,0.140,2.326,0.212,0.000,0.221,0.000,2.899,
2025-12-03 18:00:00,Wednesday,18,0.115,1.940,0.297,1.079,0.337,0.000,3.768,
2025-12-03 19:00:00,Wednesday,19,0.135,1.993,0.268,0.000,0.210,0.000,2.606,
2025-12-03 20:00:00,Wednesday,20,0.157,1.947,0.113,0.000,0.330,0.852,3.399,zmywarka
2025-12-03 21:00:00,Wednesday,21,0.122,2.318,0.156,0.000,0.303,0.000,2.899,
2025-12-03 22:00:00,Wednesday,22,0.125,1.719,0.125,0.000,0.275,0.000,2.244,
2025-12-03 23:00:00,Wednesday,23,0.125,1.676,0.000,0.000,0.000,0.000,1.801,
2025-12-04 00:00:00,Thursday,0,0.111,1.881,0.000,0.000,0.000,0.000,1.992,
2025-12-04 01:00:00,Thursday,1,0.150,1.737,0.000,0.000,0.000,0.000,1.887,
2025-12-04 02:00:00,Thursday,2,0.136,1.716,0.000,0.000,0.000,0.000,1.852,
2025-12-04 03:00:00,Thursday,3,0.142,1.714,0.000,0.000,0.000,0.000,1.856,
2025-12-04 04:00:00,Thursday,4,0.165,1.791,0.000,0.000,0.000,0.000,1.956,
2025-12-04 05:00:00,Thursday,5,0.110,1.989,0.000,0.000,0.000,0.000,2.099,
2025-12-04 06:00:00,Thursday,6,0.148,1.790,0.179,0.384,0.000,0.000,2.501,
2025-12-04 07:00:00,Thursday,7,0.135,2.203,0.163,0.415,0.000,0.000,2.916,
2025-12-04 08:00:00,Thursday,8,0.144,2.101,0.172,0.315,0.000,0.000,2.732,
2025-12-04 09:00:00,Thursday,9,0.127,2.056,0.000,0.000,0.081,0.000,2.264,
2025-12-04 10:00:00,Thursday,10,0.150,2.165,0.000,0.000,0.148,0.000,2.463,
2025-12-04 11:00:00,Thursday,11,0.150,2.227,0.000,0.000,0.125,0.000,2.502,
2025-12-04 12:00:00,Thursday,12,0.117,2.332,0.000,0.385,0.140,0.000,2.974,
2025-12-04 13:00:00,Thursday,13,0.128,2.244,0.000,0.000,0.095,0.000,2.467,
2025-12-04 14:00:00,Thursday,14,0.138,2.262,0.000,0.000,0.225,0.000,2.625,
2025-12-04 15:00:00,Thursday,15,0.117,2.257,0.068,0.000,0.197,0.000,2.639,
2025-12-04 16:00:00,Thursday,16,0.138,1.885,0.067,0.000,0.218,0.000,2.308,
2025-12-04 17:00:00,Thursday,17,0.143,2.183,0.246,0.000,0.210,0.000,2.782,
2025-12-04 18:00:00,Thursday,18,0.130,2.332,0.133,1.068,0.301,0.000,3.964,
2025-12-04 19:00:00,Thursday,19,0.138,2.547,0.211,0.000,0.251,0.000,3.147,
2025-12-04 20:00:00,Thursday,20,0.128,1.939,0.180,0.000,0.265,0.869,3.381,zmywarka
2025-12-04 21:00:00,Thursday,21,0.154,2.028,0.186,0.000,0.285,0.000,2.653,
2025-12-04 22:00:00,Thursday,22,0.116,2.233,0.083,0.000,0.196,0.000,2.628,
2025-12-04 23:00:00,Thursday,23,0.149,1.897,0.000,0.000,0.000,0.000,2.046,
2025-12-05 00:00:00,Friday,0,0.148,2.014,0.000,0.000,0.000,0.000,2.162,
2025-12-05 01:00:00,Friday,1,0.169,1.892,0.000,0.000,0.000,0.000,2.061,
2025-12-05 02:00:00,Friday,2,0.152,2.174,0.000,0.000,0.000,0.000,2.326,
2025-12-05 03:00:00,Friday,3,0.131,1.720,0.000,0.000,0.000,0.000,1.851,
2025-12-05 04:00:00,Friday,4,0.145,2.041,0.000,0.000,0.000,0.000,2.186,
2025-12-05 05:00:00,Friday,5,0.179,1.800,0.000,0.000,0.000,0.000,1.979,
2025-12-05 06:00:00,Friday,6,0.125,2.227,0.180,0.210,0.000,0.000,2.742,
2025-12-05 07:00:00,Friday,7,0.123,2.308,0.179,0.363,0.000,0.000,2.973,
2025-12-05 08:00:00,Friday,8,0.132,2.322,0.113,0.409,0.000,0.000,2.976,
2025-12-05 09:00:00,Friday,9,0.128,2.266,0.000,0.000,0.124,0.000,2.518,
2025-12-05 10:00:00,Friday,10,0.141,2.025,0.000,0.000,0.099,0.000,2.265,
2025-12-05 11:00:00,Friday,11,0.157,1.923,0.000,0.000,0.117,0.000,2.197,
2025-12-05 12:00:00,Friday,12,0.147,1.953,0.000,0.000,0.099,0.000,2.199,
2025-12-05 13:00:00,Friday,13,0.149,1.839,0.000,0.353,0.113,0.000,2.454,
2025-12-05 14:00:00,Friday,14,0.121,2.240,0.000,0.000,0.134,0.000,2.495,
2025-12-05 15:00:00,Friday,15,0.115,1.883,0.084,0.000,0.170,0.000,2.252,
2025-12-05 16:00:00,Friday,16,0.140,2.082,0.120,0.000,0.179,0.000,2.521,
2025-12-05 17:00:00,Friday,17,0.151,2.024,0.218,0.000,0.284,0.000,2.677,
2025-12-05 18:00:00,Friday,18,0.126,2.215,0.231,0.801,0.226,0.000,3.599,
2025-12-05 19:00:00,Friday,19,0.156,1.969,0.259,0.000,0.336,1.145,3.865,zmywarka
2025-12-05 20:00:00,Friday,20,0.158,1.775,0.214,0.000,0.269,0.000,2.416,
2025-12-05 21:00:00,Friday,21,0.154,2.115,0.128,0.000,0.259,0.000,2.656,
2025-12-05 22:00:00,Friday,22,0.123,1.638,0.109,0.000,0.189,0.000,2.059,
2025-12-05 23:00:00,Friday,23,0.152,1.598,0.000,0.000,0.000,0.000,1.750,
2025-12-06 00:00:00,Saturday,0,0.143,1.635,0.000,0.000,0.000,0.000,1.778,
2025-12-06 01:00:00,Saturday,1,0.176,1.728,0.000,0.000,0.000,0.000,1.904,
2025-12-06 02:00:00,Saturday,2,0.154,1.831,0.000,0.000,0.000,0.000,1.985,
2025-12-06 03:00:00,Saturday,3,0.168,1.928,0.000,0.000,0.000,0.000,2.096,
2025-12-06 04:00:00,Saturday,4,0.137,1.751,0.000,0.000,0.000,0.000,1.888,
2025-12-06 05:00:00,Saturday,5,0.123,2.466,0.000,0.000,0.000,0.000,2.589,
2025-12-06 06:00:00,Saturday,6,0.127,2.277,0.093,0.278,0.000,0.000,2.775,
2025-12-06 07:00:00,Saturday,7,0.126,2.107,0.117,0.318,0.000,0.000,2.668,
2025-12-06 08:00:00,Saturday,8,0.126,2.238,0.134,0.419,0.000,0.000,2.917,
2025-12-06 09:00:00,Saturday,9,0.151,2.345,0.000,0.000,0.158,0.657,3.311,pralka
2025-12-06 10:00:00,Saturday,10,0.157,2.235,0.000,0.000,0.165,2.236,4.793,suszarka
2025-12-06 11:00:00,Saturday,11,0.152,2.335,0.000,0.000,0.134,0.000,2.621,
2025-12-06 12:00:00,Saturday,12,0.133,1.965,0.000,0.000,0.190,0.000,2.288,
2025-12-06 13:00:00,Saturday,13,0.139,2.314,0.000,0.788,0.170,0.000,3.411,
2025-12-06 14:00:00,Saturday,14,0.118,1.991,0.000,0.000,0.208,1.127,3.444,zmywarka
2025-12-06 15:00:00,Saturday,15,0.123,2.206,0.080,0.000,0.112,0.000,2.521,
2025-12-06 16:00:00,Saturday,16,0.122,2.470,0.123,0.000,0.151,0.000,2.866,
2025-12-06 17:00:00,Saturday,17,0.126,2.545,0.130,0.800,0.255,0.000,3.856,
2025-12-06 18:00:00,Saturday,18,0.146,1.924,0.198,0.000,0.179,0.000,2.447,
2025-12-06 19:00:00,Saturday,19,0.117,2.493,0.117,0.000,0.192,0.000,2.919,
2025-12-06 20:00:00,Saturday,20,0.158,2.211,0.294,0.000,0.284,0.000,2.947,
2025-12-06 21:00:00,Saturday,21,0.137,1.912,0.277,0.000,0.202,0.000,2.528,
2025-12-06 22:00:00,Saturday,22,0.144,2.075,0.143,0.000,0.168,0.000,2.530,
2025-12-06 23:00:00,Saturday,23,0.130,1.773,0.000,0.000,0.000,0.000,1.903,
2025-12-07 00:00:00,Sunday,0,0.125,1.787,0.000,0.000,0.000,0.000,1.912,
2025-12-07 01:00:00,Sunday,1,0.177,2.047,0.000,0.000,0.000,0.000,2.224,
2025-12-07 02:00:00,Sunday,2,0.113,1.634,0.000,0.000,0.000,0.000,1.747,
2025-12-07 03:00:00,Sunday,3,0.146,1.665,0.000,0.000,0.000,0.000,1.811,
2025-12-07 04:00:00,Sunday,4,0.123,1.597,0.000,0.000,0.000,0.000,1.720,
2025-12-07 05:00:00,Sunday,5,0.142,1.829,0.000,0.000,0.000,0.000,1.971,
2025-12-07 06:00:00,Sunday,6,0.158,2.057,0.097,0.473,0.000,0.000,2.785,
2025-12-07 07:00:00,Sunday,7,0.146,2.075,0.107,0.343,0.000,0.000,2.671,
2025-12-07 08:00:00,Sunday,8,0.123,1.735,0.110,0.329,0.000,0.000,2.297,
2025-12-07 09:00:00,Sunday,9,0.111,1.727,0.000,0.000,0.153,0.000,1.991,
2025-12-07 10:00:00,Sunday,10,0.147,1.694,0.000,0.000,0.086,0.000,1.927,
2025-12-07 11:00:00,Sunday,11,0.127,2.175,0.000,0.000,0.242,0.000,2.544,
2025-12-07 12:00:00,Sunday,12,0.115,1.816,0.000,0.000,0.112,0.000,2.043,
2025-12-07 13:00:00,Sunday,13,0.120,1.676,0.000,1.014,0.119,0.931,3.860,zmywarka
2025-12-07 14:00:00,Sunday,14,0.129,1.727,0.000,0.000,0.240,0.000,2.096,
2025-12-07 15:00:00,Sunday,15,0.137,2.148,0.122,0.000,0.060,0.000,2.467,
2025-12-07 16:00:00,Sunday,16,0.115,1.727,0.174,0.000,0.209,0.000,2.225,
2025-12-07 17:00:00,Sunday,17,0.150,1.909,0.204,1.952,0.250,0.000,4.465,
2025-12-07 18:00:00,Sunday,18,0.117,1.757,0.186,0.000,0.171,0.000,2.231,
2025-12-07 19:00:00,Sunday,19,0.119,1.841,0.120,0.000,0.207,0.000,2.287,
2025-12-07 20:00:00,Sunday,20,0.129,1.587,0.256,0.000,0.310,0.000,2.282,
2025-12-07 21:00:00,Sunday,21,0.148,1.787,0.273,0.000,0.307,0.000,2.515,
2025-12-07 22:00:00,Sunday,22,0.157,1.533,0.069,0.000,0.292,0.000,2.051,
2025-12-07 23:00:00,Sunday,23,0.137,1.924,0.000,0.000,0.000,0.000,2.061,
2025-12-08 00:00:00,Monday,0,0.153,1.722,0.000,0.000,0.000,0.000,1.875,
2025-12-08 01:00:00,Monday,1,0.161,1.755,0.000,0.000,0.000,0.000,1.916,
2025-12-08 02:00:00,Monday,2,0.153,1.737,0.000,0.000,0.000,0.000,1.890,
2025-12-08 03:00:00,Monday,3,0.133,1.445,0.000,0.000,0.000,0.000,1.578,
2025-12-08 04:00:00,Monday,4,0.146,1.442,0.000,0.000,0.000,0.000,1.588,
2025-12-08 05:00:00,Monday,5,0.165,1.616,0.000,0.000,0.000,0.000,1.781,
2025-12-08 06:00:00,Monday,6,0.154,1.753,0.193,0.440,0.000,0.000,2.540,
2025-12-08 07:00:00,Monday,7,0.133,1.907,0.137,0.194,0.000,0.000,2.371,
2025-12-08 08:00:00,Monday,8,0.151,1.468,0.086,0.521,0.000,0.000,2.226,
2025-12-08 09:00:00,Monday,9,0.123,1.659,0.000,0.000,0.137,0.000,1.919,
2025-12-08 10:00:00,Monday,10,0.123,1.585,0.000,0.000,0.143,0.000,1.851,
2025-12-08 11:00:00,Monday,11,0.130,1.496,0.000,0.000,0.147,0.000,1.773,
2025-12-08 12:00:00,Monday,12,0.124,1.584,0.000,0.000,0.118,0.000,1.826,
2025-12-08 13:00:00,Monday,13,0.154,1.301,0.000,0.549,0.118,0.000,2.122,
2025-12-08 14:00:00,Monday,14,0.117,1.320,0.000,0.000,0.201,0.000,1.638,
2025-12-08 15:00:00,Monday,15,0.157,1.611,0.064,0.000,0.120,0.000,1.952,
2025-12-08 16:00:00,Monday,16,0.112,1.606,0.095,0.000,0.186,0.000,1.999,
2025-12-08 17:00:00,Monday,17,0.116,1.467,0.155,0.000,0.212,0.000,1.950,
2025-12-08 18:00:00,Monday,18,0.124,1.310,0.242,0.676,0.156,0.000,2.508,
2025-12-08 19:00:00,Monday,19,0.156,1.645,0.103,0.000,0.346,0.000,2.250,
2025-12-08 20:00:00,Monday,20,0.114,1.230,0.198,0.000,0.245,0.000,1.787,
2025-12-08 21:00:00,Monday,21,0.116,1.436,0.158,0.000,0.181,0.000,1.891,
2025-12-08 22:00:00,Monday,22,0.118,1.201,0.103,0.000,0.327,0.000,1.749,
2025-12-08 23:00:00,Monday,23,0.148,1.248,0.000,0.000,0.000,0.000,1.396,
2025-12-09 00:00:00,Tuesday,0,0.159,1.362,0.000,0.000,0.000,0.000,1.521,
2025-12-09 01:00:00,Tuesday,1,0.119,1.344,0.000,0.000,0.000,0.000,1.463,
2025-12-09 02:00:00,Tuesday,2,0.129,1.075,0.000,0.000,0.000,0.000,1.204,
2025-12-09 03:00:00,Tuesday,3,0.146,1.498,0.000,0.000,0.000,0.000,1.644,
2025-12-09 04:00:00,Tuesday,4,0.125,1.466,0.000,0.000,0.000,0.000,1.591,
2025-12-09 05:00:00,Tuesday,5,0.124,1.534,0.000,0.000,0.000,0.000,1.658,
2025-12-09 06:00:00,Tuesday,6,0.132,1.619,0.181,0.352,0.000,0.000,2.284,
2025-12-09 07:00:00,Tuesday,7,0.122,1.617,0.108,0.310,0.000,0.000,2.157,
2025-12-09 08:00:00,Tuesday,8,0.124,1.684,0.198,0.379,0.000,0.000,2.385,
2025-12-09 09:00:00,Tuesday,9,0.145,1.454,0.000,0.000,0.138,0.693,2.430,pralka
2025-12-09 10:00:00,Tuesday,10,0.159,1.593,0.000,0.000,0.094,0.000,1.846,
2025-12-09 11:00:00,Tuesday,11,0.130,1.355,0.000,0.000,0.128,0.000,1.613,
2025-12-09 12:00:00,Tuesday,12,0.137,1.537,0.000,0.000,0.096,0.000,1.770,
2025-12-09 13:00:00,Tuesday,13,0.159,1.520,0.000,0.420,0.111,0.000,2.210,
2025-12-09 14:00:00,Tuesday,14,0.157,1.769,0.000,0.000,0.176,0.000,2.102,
2025-12-09 15:00:00,Tuesday,15,0.149,1.624,0.064,0.000,0.088,0.000,1.925,
2025-12-09 16:00:00,Tuesday,16,0.152,1.590,0.133,0.000,0.093,0.000,1.968,
2025-12-09 17:00:00,Tuesday,17,0.145,1.327,0.156,0.886,0.340,0.000,2.854,
2025-12-09 18:00:00,Tuesday,18,0.155,1.687,0.270,0.000,0.208,0.000,2.320,
2025-12-09 19:00:00,Tuesday,19,0.158,1.686,0.167,0.000,0.286,1.082,3.379,zmywarka
2025-12-09 20:00:00,Tuesday,20,0.158,1.597,0.293,0.000,0.296,0.000,2.344,
2025-12-09 21:00:00,Tuesday,21,0.139,1.353,0.179,0.000,0.213,0.000,1.884,
2025-12-09 22:00:00,Tuesday,22,0.153,1.220,0.099,0.000,0.278,0.000,1.750,
2025-12-09 23:00:00,Tuesday,23,0.130,1.389,0.000,0.000,0.000,0.000,1.519,
2025-12-10 00:00:00,Wednesday,0,0.110,1.325,0.000,0.000,0.000,0.000,1.435,
2025-12-10 01:00:00,Wednesday,1,0.138,1.275,0.000,0.000,0.000,0.000,1.413,
2025-12-10 02:00:00,Wednesday,2,0.113,1.436,0.000,0.000,0.000,0.000,1.549,
2025-12-10 03:00:00,Wednesday,3,0.176,1.322,0.000,0.000,0.000,0.000,1.498,
2025-12-10 04:00:00,Wednesday,4,0.121,1.099,0.000,0.000,0.000,0.000,1.220,
2025-12-10 05:00:00,Wednesday,5,0.141,1.241,0.000,0.000,0.000,0.000,1.382,
2025-12-10 06:00:00,Wednesday,6,0.157,1.225,0.166,0.584,0.000,0.000,2.132,
2025-12-10 07:00:00,Wednesday,7,0.142,1.175,0.152,0.484,0.000,0.000,1.953,
2025-12-10 08:00:00,Wednesday,8,0.120,1.286,0.134,0.528,0.000,0.000,2.068,
2025-12-10 09:00:00,Wednesday,9,0.153,1.247,0.000,0.000,0.117,0.000,1.517,
2025-12-10 10:00:00,Wednesday,10,0.132,1.137,0.000,0.000,0.102,0.000,1.371,
2025-12-10 11:00:00,Wednesday,11,0.133,1.303,0.000,0.000,0.130,0.000,1.566,
2025-12-10 12:00:00,Wednesday,12,0.120,1.318,0.000,0.381,0.147,0.000,1.966,
2025-12-10 13:00:00,Wednesday,13,0.123,1.199,0.000,0.000,0.111,0.000,1.433,
2025-12-10 14:00:00,Wednesday,14,0.135,1.384,0.000,0.000,0.143,0.000,1.662,
2025-12-10 15:00:00,Wednesday,15,0.156,1.253,0.142,0.000,0.195,0.000,1.746,
2025-12-10 16:00:00,Wednesday,16,0.114,1.272,0.106,0.000,0.237,0.000,1.729,
2025-12-10 17:00:00,Wednesday,17,0.157,1.419,0.166,0.000,0.154,0.000,1.896,
2025-12-10 18:00:00,Wednesday,18,0.146,1.662,0.124,0.970,0.172,0.000,3.074,
2025-12-10 19:00:00,Wednesday,19,0.139,1.318,0.119,0.000,0.291,0.000,1.867,
2025-12-10 20:00:00,Wednesday,20,0.159,1.328,0.257,0.000,0.338,1.136,3.218,zmywarka
2025-12-10 21:00:00,Wednesday,21,0.143,1.302,0.206,0.000,0.151,0.000,1.802,
2025-12-10 22:00:00,Wednesday,22,0.139,1.353,0.108,0.000,0.329,0.000,1.929,
2025-12-10 23:00:00,Wednesday,23,0.130,1.125,0.000,0.000,0.000,0.000,1.255,
2025-12-11 00:00:00,Thursday,0,0.156,1.159,0.000,0.000,0.000,0.000,1.315,
2025-12-11 01:00:00,Thursday,1,0.132,1.163,0.000,0.000,0.000,0.000,1.295,
2025-12-11 02:00:00,Thursday,2,0.112,1.130,0.000,0.000,0.000,0.000,1.242,
2025-12-11 03:00:00,Thursday,3,0.132,1.131,0.000,0.000,0.000,0.000,1.263,
2025-12-11 04:00:00,Thursday,4,0.148,1.477,0.000,0.000,0.000,0.000,1.625,
2025-12-11 05:00:00,Thursday,5,0.149,1.300,0.000,0.000,0.000,0.000,1.449,
2025-12-11 06:00:00,Thursday,6,0.116,1.538,0.175,0.399,0.000,0.000,2.228,
2025-12-11 07:00:00,Thursday,7,0.134,1.377,0.181,0.331,0.000,0.000,2.023,
2025-12-11 08:00:00,Thursday,8,0.148,1.533,0.133,0.333,0.000,0.000,2.147,
2025-12-11 09:00:00,Thursday,9,0.125,1.461,0.000,0.000,0.139,0.000,1.725,
2025-12-11 10:00:00,Thursday,10,0.156,1.412,0.000,0.000,0.110,0.000,1.678,
2025-12-11 11:00:00,Thursday,11,0.146,1.426,0.000,0.000,0.088,0.000,1.660,
2025-12-11 12:00:00,Thursday,12,0.136,1.478,0.000,0.584,0.094,0.000,2.292,
2025-12-11 13:00:00,Thursday,13,0.113,1.244,0.000,0.000,0.140,0.000,1.497,
2025-12-11 14:00:00,Thursday,14,0.118,1.267,0.000,0.000,0.235,0.000,1.620,
2025-12-11 15:00:00,Thursday,15,0.158,1.440,0.140,0.000,0.114,0.000,1.852,
2025-12-11 16:00:00,Thursday,16,0.118,1.619,0.084,0.000,0.145,0.000,1.966,
2025-12-11 17:00:00,Thursday,17,0.142,1.377,0.185,1.004,0.203,0.000,2.911,
2025-12-11 18:00:00,Thursday,18,0.129,1.536,0.195,0.000,0.337,0.000,2.197,
2025-12-11 19:00:00,Thursday,19,0.122,1.362,0.217,0.000,0.315,0.000,2.016,
2025-12-11 20:00:00,Thursday,20,0.159,1.680,0.142,0.000,0.290,0.000,2.271,
2025-12-11 21:00:00,Thursday,21,0.110,1.471,0.133,0.000,0.314,0.000,2.028,
2025-12-11 22:00:00,Thursday,22,0.144,1.324,0.098,0.000,0.189,0.000,1.755,
2025-12-11 23:00:00,Thursday,23,0.166,1.480,0.000,0.000,0.000,0.000,1.646,
2025-12-12 00:00:00,Friday,0,0.134,1.552,0.000,0.000,0.000,0.000,1.686,
2025-12-12 01:00:00,Friday,1,0.123,1.322,0.000,0.000,0.000,0.000,1.445,
2025-12-12 02:00:00,Friday,2,0.158,1.510,0.000,0.000,0.000,0.000,1.668,
2025-12-12 03:00:00,Friday,3,0.160,1.624,0.000,0.000,0.000,0.000,1.784,
2025-12-12 04:00:00,Friday,4,0.126,1.584,0.000,0.000,0.000,0.000,1.710,
2025-12-12 05:00:00,Friday,5,0.123,1.646,0.000,0.000,0.000,0.000,1.769,
2025-12-12 06:00:00,Friday,6,0.124,1.682,0.081,0.582,0.000,0.000,2.469,
2025-12-12 07:00:00,Friday,7,0.119,1.939,0.160,0.361,0.000,0.000,2.579,
2025-12-12 08:00:00,Friday,8,0.129,1.723,0.121,0.332,0.000,0.000,2.305,
2025-12-12 09:00:00,Friday,9,0.151,1.655,0.000,0.000,0.129,0.000,1.935,
2025-12-12 10:00:00,Friday,10,0.152,2.094,0.000,0.000,0.101,0.000,2.347,
2025-12-12 11:00:00,Friday,11,0.122,1.945,0.000,0.000,0.147,0.000,2.214,
2025-12-12 12:00:00,Friday,12,0.125,1.969,0.000,0.395,0.144,0.000,2.633,
2025-12-12 13:00:00,Friday,13,0.135,1.602,0.000,0.000,0.085,0.000,1.822,
2025-12-12 14:00:00,Friday,14,0.112,1.874,0.000,0.000,0.159,0.000,2.145,
2025-12-12 15:00:00,Friday,15,0.113,1.815,0.172,0.000,0.180,0.000,2.280,
2025-12-12 16:00:00,Friday,16,0.131,1.875,0.128,0.000,0.181,0.000,2.315,
2025-12-12 17:00:00,Friday,17,0.118,1.742,0.247,0.899,0.255,0.000,3.261,
2025-12-12 18:00:00,Friday,18,0.128,1.995,0.292,0.000,0.248,0.000,2.663,
2025-12-12 19:00:00,Friday,19,0.137,1.705,0.299,0.000,0.309,0.919,3.369,zmywarka
2025-12-12 20:00:00,Friday,20,0.158,1.917,0.195,0.000,0.181,0.000,2.451,
2025-12-12 21:00:00,Friday,21,0.151,1.737,0.103,0.000,0.244,0.000,2.235,
2025-12-12 22:00:00,Friday,22,0.141,1.578,0.116,0.000,0.277,0.000,2.112,
2025-12-12 23:00:00,Friday,23,0.123,1.612,0.000,0.000,0.000,0.000,1.735,
2025-12-13 00:00:00,Saturday,0,0.120,2.007,0.000,0.000,0.000,0.000,2.127,
2025-12-13 01:00:00,Saturday,1,0.148,1.804,0.000,0.000,0.000,0.000,1.952,
2025-12-13 02:00:00,Saturday,2,0.138,1.916,0.000,0.000,0.000,0.000,2.054,
2025-12-13 03:00:00,Saturday,3,0.126,1.687,0.000,0.000,0.000,0.000,1.813,
2025-12-13 04:00:00,Saturday,4,0.138,1.799,0.000,0.000,0.000,0.000,1.937,
2025-12-13 05:00:00,Saturday,5,0.141,1.924,0.000,0.000,0.000,0.000,2.065,
2025-12-13 06:00:00,Saturday,6,0.133,1.858,0.114,0.497,0.000,0.000,2.602,
2025-12-13 07:00:00,Saturday,7,0.132,2.218,0.108,0.387,0.000,0.000,2.845,
2025-12-13 08:00:00,Saturday,8,0.126,2.065,0.137,0.321,0.000,0.000,2.649,
2025-12-13 09:00:00,Saturday,9,0.125,2.122,0.000,0.000,0.168,0.671,3.086,pralka
2025-12-13 10:00:00,Saturday,10,0.158,2.103,0.000,0.000,0.164,2.480,4.905,suszarka
2025-12-13 11:00:00,Saturday,11,0.151,1.925,0.000,0.000,0.211,0.000,2.287,
2025-12-13 12:00:00,Saturday,12,0.142,1.589,0.000,0.000,0.149,0.000,1.880,
2025-12-13 13:00:00,Saturday,13,0.151,1.765,0.000,0.333,0.133,0.000,2.382,
2025-12-13 14:00:00,Saturday,14,0.147,1.626,0.000,0.000,0.072,1.191,3.036,zmywarka
2025-12-13 15:00:00,Saturday,15,0.135,1.409,0.113,0.000,0.162,0.000,1.819,
2025-12-13 16:00:00,Saturday,16,0.126,1.534,0.134,0.000,0.065,0.000,1.859,
2025-12-13 17:00:00,Saturday,17,0.149,1.690,0.261,0.886,0.202,0.000,3.188,
2025-12-13 18:00:00,Saturday,18,0.110,2.133,0.291,0.000,0.211,0.000,2.745,
2025-12-13 19:00:00,Saturday,19,0.130,1.700,0.273,0.000,0.298,0.000,2.401,
2025-12-13 20:00:00,Saturday,20,0.160,2.110,0.190,0.000,0.260,0.000,2.720,
2025-12-13 21:00:00,Saturday,21,0.134,1.945,0.245,0.000,0.221,0.000,2.545,
2025-12-13 22:00:00,Saturday,22,0.147,2.016,0.094,0.000,0.346,0.000,2.603,
2025-12-13 23:00:00,Saturday,23,0.133,1.635,0.000,0.000,0.000,0.000,1.768,
2025-12-14 00:00:00,Sunday,0,0.169,1.977,0.000,0.000,0.000,0.000,2.146,
2025-12-14 01:00:00,Sunday,1,0.125,1.691,0.000,0.000,0.000,0.000,1.816,
2025-12-14 02:00:00,Sunday,2,0.133,1.795,0.000,0.000,0.000,0.000,1.928,
2025-12-14 03:00:00,Sunday,3,0.116,1.794,0.000,0.000,0.000,0.000,1.910,
2025-12-14 04:00:00,Sunday,4,0.157,1.565,0.000,0.000,0.000,0.000,1.722,
2025-12-14 05:00:00,Sunday,5,0.147,1.789,0.000,0.000,0.000,0.000,1.936,
2025-12-14 06:00:00,Sunday,6,0.140,1.880,0.177,0.407,0.000,0.000,2.604,
2025-12-14 07:00:00,Sunday,7,0.121,2.208,0.123,0.563,0.000,0.000,3.015,
2025-12-14 08:00:00,Sunday,8,0.124,1.877,0.159,0.349,0.000,0.000,2.509,
2025-12-14 09:00:00,Sunday,9,0.158,1.789,0.000,0.000,0.084,0.000,2.031,
2025-12-14 10:00:00,Sunday,10,0.110,1.976,0.000,0.000,0.144,0.000,2.230,
2025-12-14 11:00:00,Sunday,11,0.125,2.046,0.000,0.000,0.144,0.000,2.315,
2025-12-14 12:00:00,Sunday,12,0.155,1.783,0.000,0.000,0.063,0.000,2.001,
2025-12-14 13:00:00,Sunday,13,0.140,1.805,0.000,1.250,0.056,0.000,3.251,
2025-12-14 14:00:00,Sunday,14,0.140,1.678,0.000,0.000,0.148,0.000,1.966,
2025-12-14 15:00:00,Sunday,15,0.110,1.680,0.119,0.000,0.187,0.000,2.096,
2025-12-14 16:00:00,Sunday,16,0.125,1.887,0.112,0.000,0.066,0.000,2.190,
2025-12-14 17:00:00,Sunday,17,0.142,1.829,0.227,1.088,0.276,0.000,3.562,
2025-12-14 18:00:00,Sunday,18,0.146,1.867,0.111,0.000,0.260,0.000,2.384,
2025-12-14 19:00:00,Sunday,19,0.160,1.718,0.289,0.000,0.209,0.000,2.376,
2025-12-14 20:00:00,Sunday,20,0.142,2.038,0.258,0.000,0.230,0.000,2.668,
2025-12-14 21:00:00,Sunday,21,0.143,1.583,0.212,0.000,0.194,0.000,2.132,
2025-12-14 22:00:00,Sunday,22,0.136,1.837,0.147,0.000,0.178,0.000,2.298,
2025-12-14 23:00:00,Sunday,23,0.113,1.415,0.000,0.000,0.000,0.000,1.528,
2025-12-15 00:00:00,Monday,0,0.166,1.609,0.000,0.000,0.000,0.000,1.775,
2025-12-15 01:00:00,Monday,1,0.171,1.488,0.000,0.000,0.000,0.000,1.659,
2025-12-15 02:00:00,Monday,2,0.139,1.539,0.000,0.000,0.000,0.000,1.678,
2025-12-15 03:00:00,Monday,3,0.181,1.773,0.000,0.000,0.000,0.000,1.954,
2025-12-15 04:00:00,Monday,4,0.145,1.701,0.000,0.000,0.000,0.000,1.846,
2025-12-15 05:00:00,Monday,5,0.136,1.882,0.000,0.000,0.000,0.000,2.018,
2025-12-15 06:00:00,Monday,6,0.126,1.921,0.115,0.543,0.000,0.000,2.705,
2025-12-15 07:00:00,Monday,7,0.147,2.022,0.162,0.506,0.000,0.000,2.837,
2025-12-15 08:00:00,Monday,8,0.127,1.873,0.144,0.409,0.000,0.000,2.553,
2025-12-15 09:00:00,Monday,9,0.136,2.042,0.000,0.000,0.094,0.000,2.272,
2025-12-15 10:00:00,Monday,10,0.113,1.818,0.000,0.000,0.123,0.000,2.054,
2025-12-15 11:00:00,Monday,11,0.117,1.651,0.000,0.000,0.116,0.000,1.884,
2025-12-15 12:00:00,Monday,12,0.125,1.949,0.000,0.771,0.125,0.000,2.970,
2025-12-15 13:00:00,Monday,13,0.145,1.541,0.000,0.000,0.136,0.000,1.822,
2025-12-15 14:00:00,Monday,14,0.142,1.715,0.000,0.000,0.172,0.000,2.029,
2025-12-15 15:00:00,Monday,15,0.148,1.943,0.000,0.000,0.238,0.000,2.329,
2025-12-15 16:00:00,Monday,16,0.132,1.884,0.068,0.000,0.170,0.000,2.254,
2025-12-15 17:00:00,Monday,17,0.119,2.054,0.126,1.337,0.293,0.000,3.929,
2025-12-15 18:00:00,Monday,18,0.134,1.876,0.258,0.000,0.271,0.000,2.539,
2025-12-15 19:00:00,Monday,19,0.151,2.286,0.130,0.000,0.202,0.000,2.769,
2025-12-15 20:00:00,Monday,20,0.119,1.902,0.158,0.000,0.206,0.000,2.385,
2025-12-15 21:00:00,Monday,21,0.117,1.905,0.212,0.000,0.189,0.000,2.423,
2025-12-15 22:00:00,Monday,22,0.121,1.808,0.124,0.000,0.259,0.000,2.312,
2025-12-15 23:00:00,Monday,23,0.143,1.777,0.000,0.000,0.000,0.000,1.920,
2025-12-16 00:00:00,Tuesday,0,0.141,1.763,0.000,0.000,0.000,0.000,1.904,
2025-12-16 01:00:00,Tuesday,1,0.135,1.768,0.000,0.000,0.000,0.000,1.903,
2025-12-16 02:00:00,Tuesday,2,0.172,2.058,0.000,0.000,0.000,0.000,2.230,
2025-12-16 03:00:00,Tuesday,3,0.163,1.880,0.000,0.000,0.000,0.000,2.043,
2025-12-16 04:00:00,Tuesday,4,0.148,2.002,0.000,0.000,0.000,0.000,2.150,
2025-12-16 05:00:00,Tuesday,5,0.132,1.890,0.000,0.000,0.000,0.000,2.022,
2025-12-16 06:00:00,Tuesday,6,0.140,2.414,0.097,0.486,0.000,0.000,3.137,
2025-12-16 07:00:00,Tuesday,7,0.130,2.159,0.181,0.395,0.000,0.000,2.865,
2025-12-16 08:00:00,Tuesday,8,0.150,2.040,0.186,0.369,0.000,0.000,2.745,
2025-12-16 09:00:00,Tuesday,9,0.125,2.151,0.000,0.000,0.000,0.000,2.276,
2025-12-16 10:00:00,Tuesday,10,0.138,2.345,0.000,0.000,0.000,0.000,2.483,
2025-12-16 11:00:00,Tuesday,11,0.126,2.331,0.000,0.000,0.000,0.000,2.457,
2025-12-16 12:00:00,Tuesday,12,0.124,1.712,0.000,0.000,0.000,0.000,1.836,
2025-12-16 13:00:00,Tuesday,13,0.133,1.887,0.000,0.000,0.000,0.000,2.020,
2025-12-16 14:00:00,Tuesday,14,0.136,1.717,0.000,0.000,0.156,0.000,2.009,
2025-12-16 15:00:00,Tuesday,15,0.139,2.062,0.000,0.000,0.136,0.000,2.337,
2025-12-16 16:00:00,Tuesday,16,0.157,2.079,0.108,0.000,0.156,0.000,2.500,
2025-12-16 17:00:00,Tuesday,17,0.116,1.767,0.190,0.000,0.171,0.000,2.244,
2025-12-16 18:00:00,Tuesday,18,0.157,1.945,0.283,0.660,0.308,0.000,3.353,
2025-12-16 19:00:00,Tuesday,19,0.127,1.879,0.182,0.000,0.240,0.849,3.277,zmywarka
2025-12-16 20:00:00,Tuesday,20,0.147,1.996,0.264,0.000,0.340,0.000,2.747,
2025-12-16 21:00:00,Tuesday,21,0.124,1.590,0.287,0.000,0.334,0.000,2.335,
2025-12-16 22:00:00,Tuesday,22,0.157,1.705,0.058,0.000,0.347,0.000,2.267,
2025-12-16 23:00:00,Tuesday,23,0.159,1.752,0.000,0.000,0.000,0.000,1.911,
2025-12-17 00:00:00,Wednesday,0,0.159,1.664,0.000,0.000,0.000,0.000,1.823,
2025-12-17 01:00:00,Wednesday,1,0.119,1.735,0.000,0.000,0.000,0.000,1.854,
2025-12-17 02:00:00,Wednesday,2,0.142,1.792,0.000,0.000,0.000,0.000,1.934,
2025-12-17 03:00:00,Wednesday,3,0.136,1.723,0.000,0.000,0.000,0.000,1.859,
2025-12-17 04:00:00,Wednesday,4,0.145,1.674,0.000,0.000,0.000,0.000,1.819,
2025-12-17 05:00:00,Wednesday,5,0.142,1.521,0.000,0.000,0.000,0.000,1.663,
2025-12-17 06:00:00,Wednesday,6,0.119,1.599,0.122,0.402,0.000,0.000,2.242,
2025-12-17 07:00:00,Wednesday,7,0.152,1.868,0.188,0.300,0.000,0.000,2.508,
2025-12-17 08:00:00,Wednesday,8,0.138,1.843,0.086,0.521,0.000,0.000,2.588,
2025-12-17 09:00:00,Wednesday,9,0.122,1.830,0.000,0.000,0.143,0.000,2.095,
2025-12-17 10:00:00,Wednesday,10,0.130,1.704,0.000,0.000,0.111,0.000,1.945,
2025-12-17 11:00:00,Wednesday,11,0.131,1.891,0.000,0.000,0.128,0.682,2.832,pralka
2025-12-17 12:00:00,Wednesday,12,0.134,1.772,0.000,0.000,0.094,0.000,2.000,
2025-12-17 13:00:00,Wednesday,13,0.154,1.983,0.000,0.358,0.102,0.000,2.597,
2025-12-17 14:00:00,Wednesday,14,0.147,1.960,0.000,0.000,0.087,0.000,2.194,
2025-12-17 15:00:00,Wednesday,15,0.153,2.059,0.000,0.000,0.091,0.000,2.303,
2025-12-17 16:00:00,Wednesday,16,0.144,2.117,0.137,0.000,0.126,0.000,2.524,
2025-12-17 17:00:00,Wednesday,17,0.125,2.146,0.228,0.000,0.223,0.000,2.722,
2025-12-17 18:00:00,Wednesday,18,0.116,2.218,0.164,1.032,0.264,0.000,3.794,
2025-12-17 19:00:00,Wednesday,19,0.117,2.274,0.103,0.000,0.322,1.052,3.868,zmywarka
2025-12-17 20:00:00,Wednesday,20,0.143,1.879,0.108,0.000,0.205,0.000,2.335,
2025-12-17 21:00:00,Wednesday,21,0.129,1.899,0.283,0.000,0.255,0.000,2.566,
2025-12-17 22:00:00,Wednesday,22,0.119,1.779,0.141,0.000,0.238,0.000,2.277,
2025-12-17 23:00:00,Wednesday,23,0.152,1.500,0.000,0.000,0.000,0.000,1.652,
2025-12-18 00:00:00,Thursday,0,0.145,1.529,0.000,0.000,0.000,0.000,1.674,
2025-12-18 01:00:00,Thursday,1,0.127,1.617,0.000,0.000,0.000,0.000,1.744,
2025-12-18 02:00:00,Thursday,2,0.143,1.551,0.000,0.000,0.000,0.000,1.694,
2025-12-18 03:00:00,Thursday,3,0.141,1.826,0.000,0.000,0.000,0.000,1.967,
2025-12-18 04:00:00,Thursday,4,0.149,1.531,0.000,0.000,0.000,0.000,1.680,
2025-12-18 05:00:00,Thursday,5,0.140,1.614,0.000,0.000,0.000,0.000,1.754,
2025-12-18 06:00:00,Thursday,6,0.138,1.698,0.071,0.411,0.000,0.000,2.318,
2025-12-18 07:00:00,Thursday,7,0.134,1.661,0.198,0.380,0.000,0.000,2.373,
2025-12-18 08:00:00,Thursday,8,0.147,1.514,0.116,0.534,0.000,0.000,2.311,
2025-12-18 09:00:00,Thursday,9,0.116,1.961,0.000,0.000,0.142,0.000,2.219,
2025-12-18 10:00:00,Thursday,10,0.143,1.815,0.000,0.000,0.135,0.000,2.093,
2025-12-18 11:00:00,Thursday,11,0.114,1.598,0.000,0.000,0.081,0.000,1.793,
2025-12-18 12:00:00,Thursday,12,0.148,1.974,0.000,0.000,0.088,0.000,2.210,
2025-12-18 13:00:00,Thursday,13,0.158,2.013,0.000,0.470,0.121,0.000,2.762,
2025-12-18 14:00:00,Thursday,14,0.132,1.894,0.000,0.000,0.156,0.000,2.182,
2025-12-18 15:00:00,Thursday,15,0.138,1.831,0.163,0.000,0.150,0.000,2.282,
2025-12-18 16:00:00,Thursday,16,0.127,1.506,0.119,0.000,0.176,0.000,1.928,
2025-12-18 17:00:00,Thursday,17,0.159,1.657,0.216,1.868,0.198,0.000,4.098,
2025-12-18 18:00:00,Thursday,18,0.146,1.828,0.107,0.000,0.259,0.000,2.340,
2025-12-18 19:00:00,Thursday,19,0.158,1.714,0.186,0.000,0.339,0.000,2.397,
2025-12-18 20:00:00,Thursday,20,0.121,1.712,0.207,0.000,0.264,0.000,2.304,
2025-12-18 21:00:00,Thursday,21,0.122,1.814,0.113,0.000,0.299,0.000,2.348,
2025-12-18 22:00:00,Thursday,22,0.120,1.314,0.071,0.000,0.299,0.000,1.804,
2025-12-18 23:00:00,Thursday,23,0.126,1.779,0.000,0.000,0.000,0.000,1.905,
2025-12-19 00:00:00,Friday,0,0.146,1.501,0.000,0.000,0.000,0.000,1.647,
2025-12-19 01:00:00,Friday,1,0.153,1.747,0.000,0.000,0.000,0.000,1.900,
2025-12-19 02:00:00,Friday,2,0.133,1.666,0.000,0.000,0.000,0.000,1.799,
2025-12-19 03:00:00,Friday,3,0.133,1.368,0.000,0.000,0.000,0.000,1.501,
2025-12-19 04:00:00,Friday,4,0.147,1.574,0.000,0.000,0.000,0.000,1.721,
2025-12-19 05:00:00,Friday,5,0.154,1.383,0.000,0.000,0.000,0.000,1.537,
2025-12-19 06:00:00,Friday,6,0.141,1.803,0.136,0.364,0.000,0.000,2.444,
2025-12-19 07:00:00,Friday,7,0.120,1.434,0.096,0.211,0.000,0.000,1.861,
2025-12-19 08:00:00,Friday,8,0.141,1.331,0.134,0.392,0.000,0.000,1.998,
2025-12-19 09:00:00,Friday,9,0.112,1.368,0.000,0.000,0.138,0.000,1.618,
2025-12-19 10:00:00,Friday,10,0.146,1.381,0.000,0.000,0.083,0.000,1.610,
2025-12-19 11:00:00,Friday,11,0.114,1.297,0.000,0.000,0.117,0.000,1.528,
2025-12-19 12:00:00,Friday,12,0.150,1.575,0.000,0.000,0.119,0.000,1.844,
2025-12-19 13:00:00,Friday,13,0.123,1.358,0.000,0.533,0.144,0.000,2.158,
2025-12-19 14:00:00,Friday,14,0.147,1.395,0.000,0.000,0.231,0.000,1.773,
2025-12-19 15:00:00,Friday,15,0.142,1.414,0.170,0.000,0.174,0.000,1.900,
2025-12-19 16:00:00,Friday,16,0.157,1.265,0.171,0.000,0.189,0.000,1.782,
2025-12-19 17:00:00,Friday,17,0.144,1.501,0.204,1.523,0.291,0.000,3.663,
2025-12-19 18:00:00,Friday,18,0.141,1.468,0.184,0.000,0.264,0.000,2.057,
2025-12-19 19:00:00,Friday,19,0.136,1.246,0.198,0.000,0.347,1.066,2.993,zmywarka
2025-12-19 20:00:00,Friday,20,0.118,1.285,0.259,0.000,0.155,0.000,1.817,
2025-12-19 21:00:00,Friday,21,0.114,1.420,0.184,0.000,0.167,0.000,1.885,
2025-12-19 22:00:00,Friday,22,0.158,1.195,0.118,0.000,0.159,0.000,1.630,
2025-12-19 23:00:00,Friday,23,0.110,1.735,0.000,0.000,0.000,0.000,1.845,
2025-12-20 00:00:00,Saturday,0,0.150,1.547,0.000,0.000,0.000,0.000,1.697,
2025-12-20 01:00:00,Saturday,1,0.139,1.536,0.000,0.000,0.000,0.000,1.675,
2025-12-20 02:00:00,Saturday,2,0.134,1.709,0.000,0.000,0.000,0.000,1.843,
2025-12-20 03:00:00,Saturday,3,0.142,1.803,0.000,0.000,0.000,0.000,1.945,
2025-12-20 04:00:00,Saturday,4,0.123,1.643,0.000,0.000,0.000,0.000,1.766,
2025-12-20 05:00:00,Saturday,5,0.111,1.767,0.000,0.000,0.000,0.000,1.878,
2025-12-20 06:00:00,Saturday,6,0.112,2.088,0.182,0.526,0.000,0.000,2.908,
2025-12-20 07:00:00,Saturday,7,0.110,2.015,0.098,0.418,0.000,0.000,2.641,
2025-12-20 08:00:00,Saturday,8,0.113,1.939,0.085,0.421,0.000,0.000,2.558,
2025-12-20 09:00:00,Saturday,9,0.146,1.660,0.000,0.000,0.218,0.000,2.024,
2025-12-20 10:00:00,Saturday,10,0.158,1.905,0.000,0.000,0.085,0.000,2.148,
2025-12-20 11:00:00,Saturday,11,0.149,1.556,0.000,0.000,0.214,0.658,2.577,pralka
2025-12-20 12:00:00,Saturday,12,0.115,2.041,0.000,1.027,0.139,1.704,5.026,suszarka
2025-12-20 13:00:00,Saturday,13,0.137,1.699,0.000,0.000,0.057,0.000,1.893,
2025-12-20 14:00:00,Saturday,14,0.149,1.508,0.000,0.000,0.151,0.890,2.698,zmywarka
2025-12-20 15:00:00,Saturday,15,0.157,1.626,0.000,0.000,0.092,0.000,1.875,
2025-12-20 16:00:00,Saturday,16,0.130,1.683,0.097,0.000,0.239,0.000,2.149,
2025-12-20 17:00:00,Saturday,17,0.151,1.872,0.177,1.575,0.253,0.000,4.028,
2025-12-20 18:00:00,Saturday,18,0.115,1.730,0.254,0.000,0.202,0.000,2.301,
2025-12-20 19:00:00,Saturday,19,0.139,1.849,0.196,0.000,0.273,0.000,2.457,
2025-12-20 20:00:00,Saturday,20,0.112,2.136,0.101,0.000,0.313,0.000,2.662,
2025-12-20 21:00:00,Saturday,21,0.151,2.128,0.165,0.000,0.327,0.000,2.771,
2025-12-20 22:00:00,Saturday,22,0.135,2.093,0.068,0.000,0.259,0.000,2.555,
2025-12-20 23:00:00,Saturday,23,0.145,2.002,0.000,0.000,0.000,0.000,2.147,
2025-12-21 00:00:00,Sunday,0,0.182,1.639,0.000,0.000,0.000,0.000,1.821,
2025-12-21 01:00:00,Sunday,1,0.131,1.967,0.000,0.000,0.000,0.000,2.098,
2025-12-21 02:00:00,Sunday,2,0.144,1.988,0.000,0.000,0.000,0.000,2.132,
2025-12-21 03:00:00,Sunday,3,0.148,2.306,0.000,0.000,0.000,0.000,2.454,
2025-12-21 04:00:00,Sunday,4,0.147,2.303,0.000,0.000,0.000,0.000,2.450,
2025-12-21 05:00:00,Sunday,5,0.131,1.867,0.000,0.000,0.000,0.000,1.998,
2025-12-21 06:00:00,Sunday,6,0.122,2.557,0.120,0.310,0.000,0.000,3.109,
2025-12-21 07:00:00,Sunday,7,0.156,2.154,0.079,0.256,0.000,0.000,2.645,
2025-12-21 08:00:00,Sunday,8,0.134,2.136,0.130,0.332,0.000,0.000,2.732,
2025-12-21 09:00:00,Sunday,9,0.154,2.193,0.000,0.000,0.227,0.000,2.574,
2025-12-21 10:00:00,Sunday,10,0.150,2.702,0.000,0.000,0.197,0.000,3.049,
2025-12-21 11:00:00,Sunday,11,0.127,2.437,0.000,0.000,0.209,0.000,2.773,
2025-12-21 12:00:00,Sunday,12,0.113,2.538,0.000,1.375,0.109,0.000,4.135,
2025-12-21 13:00:00,Sunday,13,0.118,2.044,0.000,0.000,0.196,0.000,2.358,
2025-12-21 14:00:00,Sunday,14,0.130,2.279,0.000,0.000,0.199,0.921,3.529,zmywarka
2025-12-21 15:00:00,Sunday,15,0.158,2.131,0.091,0.000,0.190,0.000,2.570,
2025-12-21 16:00:00,Sunday,16,0.157,2.422,0.093,0.000,0.083,0.000,2.755,
2025-12-21 17:00:00,Sunday,17,0.114,2.287,0.269,0.643,0.264,0.000,3.577,
2025-12-21 18:00:00,Sunday,18,0.142,2.111,0.184,0.000,0.203,0.000,2.640,
2025-12-21 19:00:00,Sunday,19,0.148,2.314,0.197,0.000,0.239,0.000,2.898,
2025-12-21 20:00:00,Sunday,20,0.118,2.205,0.245,0.000,0.243,0.000,2.811,
2025-12-21 21:00:00,Sunday,21,0.114,1.979,0.199,0.000,0.278,0.000,2.570,
2025-12-21 22:00:00,Sunday,22,0.122,2.071,0.054,0.000,0.264,0.000,2.511,
2025-12-21 23:00:00,Sunday,23,0.120,1.820,0.000,0.000,0.000,0.000,1.940,
2025-12-22 00:00:00,Monday,0,0.140,1.890,0.000,0.000,0.000,0.000,2.030,
2025-12-22 01:00:00,Monday,1,0.128,1.876,0.000,0.000,0.000,0.000,2.004,
2025-12-22 02:00:00,Monday,2,0.155,1.654,0.000,0.000,0.000,0.000,1.809,
2025-12-22 03:00:00,Monday,3,0.132,1.836,0.000,0.000,0.000,0.000,1.968,
2025-12-22 04:00:00,Monday,4,0.164,2.023,0.000,0.000,0.000,0.000,2.187,
2025-12-22 05:00:00,Monday,5,0.150,1.618,0.000,0.000,0.000,0.000,1.768,
2025-12-22 06:00:00,Monday,6,0.155,2.096,0.196,0.596,0.000,0.000,3.043,
2025-12-22 07:00:00,Monday,7,0.148,2.161,0.208,0.566,0.000,0.000,3.083,
2025-12-22 08:00:00,Monday,8,0.141,1.868,0.204,0.386,0.000,0.000,2.599,
2025-12-22 09:00:00,Monday,9,0.117,2.189,0.000,0.000,0.105,0.000,2.411,
2025-12-22 10:00:00,Monday,10,0.145,1.888,0.000,0.000,0.111,0.000,2.144,
2025-12-22 11:00:00,Monday,11,0.123,2.167,0.000,0.000,0.121,0.000,2.411,
2025-12-22 12:00:00,Monday,12,0.149,1.856,0.000,0.602,0.092,0.655,3.354,pralka
2025-12-22 13:00:00,Monday,13,0.141,2.257,0.000,0.000,0.133,2.347,4.878,suszarka
2025-12-22 14:00:00,Monday,14,0.135,2.125,0.000,0.000,0.191,0.000,2.451,
2025-12-22 15:00:00,Monday,15,0.122,2.353,0.128,0.000,0.162,0.000,2.765,
2025-12-22 16:00:00,Monday,16,0.120,2.238,0.129,0.000,0.153,0.000,2.640,
2025-12-22 17:00:00,Monday,17,0.129,2.242,0.233,0.000,0.326,0.000,2.930,
2025-12-22 18:00:00,Monday,18,0.137,2.355,0.210,0.884,0.269,0.000,3.855,
2025-12-22 19:00:00,Monday,19,0.160,1.932,0.197,0.000,0.297,0.869,3.455,zmywarka
2025-12-22 20:00:00,Monday,20,0.147,1.926,0.211,0.000,0.214,0.000,2.498,
2025-12-22 21:00:00,Monday,21,0.119,2.131,0.258,0.000,0.187,0.000,2.695,
2025-12-22 22:00:00,Monday,22,0.119,2.199,0.055,0.000,0.192,0.000,2.565,
2025-12-22 23:00:00,Monday,23,0.167,1.875,0.000,0.000,0.000,0.000,2.042,
2025-12-23 00:00:00,Tuesday,0,0.118,1.653,0.000,0.000,0.000,0.000,1.771,
2025-12-23 01:00:00,Tuesday,1,0.140,2.176,0.000,0.000,0.000,0.000,2.316,
2025-12-23 02:00:00,Tuesday,2,0.154,1.768,0.000,0.000,0.000,0.000,1.922,
2025-12-23 03:00:00,Tuesday,3,0.154,2.130,0.000,0.000,0.000,0.000,2.284,
2025-12-23 04:00:00,Tuesday,4,0.157,1.976,0.000,0.000,0.000,0.000,2.133,
2025-12-23 05:00:00,Tuesday,5,0.156,2.645,0.000,0.000,0.000,0.000,2.801,
2025-12-23 06:00:00,Tuesday,6,0.143,2.834,0.115,0.341,0.000,0.000,3.433,
2025-12-23 07:00:00,Tuesday,7,0.148,2.463,0.099,0.546,0.000,0.000,3.256,
2025-12-23 08:00:00,Tuesday,8,0.134,2.627,0.084,0.308,0.000,0.000,3.153,
2025-12-23 09:00:00,Tuesday,9,0.143,2.280,0.000,0.000,0.141,0.000,2.564,
2025-12-23 10:00:00,Tuesday,10,0.115,2.682,0.000,0.000,0.140,0.000,2.937,
2025-12-23 11:00:00,Tuesday,11,0.152,2.739,0.000,0.000,0.143,0.766,3.800,pralka
2025-12-23 12:00:00,Tuesday,12,0.122,2.265,0.000,0.000,0.124,1.773,4.284,suszarka
2025-12-23 13:00:00,Tuesday,13,0.136,2.243,0.000,0.559,0.098,0.000,3.036,
2025-12-23 14:00:00,Tuesday,14,0.111,2.139,0.000,0.000,0.218,0.000,2.468,
2025-12-23 15:00:00,Tuesday,15,0.149,2.610,0.000,0.000,0.242,0.000,3.001,
2025-12-23 16:00:00,Tuesday,16,0.135,2.443,0.120,0.000,0.223,0.000,2.921,
2025-12-23 17:00:00,Tuesday,17,0.134,2.246,0.136,0.000,0.303,0.000,2.819,
2025-12-23 18:00:00,Tuesday,18,0.125,2.775,0.241,0.670,0.349,0.000,4.160,
2025-12-23 19:00:00,Tuesday,19,0.125,2.468,0.157,0.000,0.282,0.000,3.032,
2025-12-23 20:00:00,Tuesday,20,0.138,2.475,0.286,0.000,0.312,0.942,4.153,zmywarka
2025-12-23 21:00:00,Tuesday,21,0.135,3.096,0.239,0.000,0.318,0.000,3.788,
2025-12-23 22:00:00,Tuesday,22,0.123,2.844,0.053,0.000,0.298,0.000,3.318,
2025-12-23 23:00:00,Tuesday,23,0.170,3.473,0.000,0.000,0.000,0.000,3.643,
2025-12-24 00:00:00,Wednesday,0,0.182,2.703,0.000,0.000,0.000,0.000,2.885,
2025-12-24 01:00:00,Wednesday,1,0.128,3.303,0.000,0.000,0.000,0.000,3.431,
2025-12-24 02:00:00,Wednesday,2,0.146,2.846,0.000,0.000,0.000,0.000,2.992,
2025-12-24 03:00:00,Wednesday,3,0.172,3.164,0.000,0.000,0.000,0.000,3.336,
2025-12-24 04:00:00,Wednesday,4,0.132,2.835,0.000,0.000,0.000,0.000,2.967,
2025-12-24 05:00:00,Wednesday,5,0.139,2.669,0.000,0.000,0.000,0.000,2.808,
2025-12-24 06:00:00,Wednesday,6,0.122,2.916,0.192,0.504,0.000,0.000,3.734,
2025-12-24 07:00:00,Wednesday,7,0.116,3.648,0.176,0.380,0.000,0.000,4.320,
2025-12-24 08:00:00,Wednesday,8,0.139,3.032,0.114,0.523,0.000,0.000,3.808,
2025-12-24 09:00:00,Wednesday,9,0.119,3.283,0.000,0.000,0.000,0.000,3.402,
2025-12-24 10:00:00,Wednesday,10,0.144,3.167,0.000,0.000,0.000,0.000,3.311,
2025-12-24 11:00:00,Wednesday,11,0.112,3.085,0.000,0.000,0.000,0.000,3.197,
2025-12-24 12:00:00,Wednesday,12,0.145,3.171,0.000,0.000,0.000,0.000,3.316,
2025-12-24 13:00:00,Wednesday,13,0.142,3.188,0.000,0.000,0.000,0.000,3.330,
2025-12-24 14:00:00,Wednesday,14,0.145,3.237,0.000,0.000,0.100,0.000,3.482,
2025-12-24 15:00:00,Wednesday,15,0.155,2.706,0.000,0.000,0.218,0.000,3.079,
2025-12-24 16:00:00,Wednesday,16,0.143,3.357,0.073,0.000,0.227,0.000,3.800,
2025-12-24 17:00:00,Wednesday,17,0.156,3.370,0.200,0.000,0.179,0.000,3.905,
2025-12-24 18:00:00,Wednesday,18,0.127,3.633,0.157,0.992,0.258,0.000,5.167,
2025-12-24 19:00:00,Wednesday,19,0.143,3.346,0.162,0.000,0.176,0.950,4.777,zmywarka
2025-12-24 20:00:00,Wednesday,20,0.150,3.890,0.150,0.000,0.317,0.000,4.507,
2025-12-24 21:00:00,Wednesday,21,0.130,3.424,0.203,0.000,0.158,0.000,3.915,
2025-12-24 22:00:00,Wednesday,22,0.115,3.027,0.062,0.000,0.340,0.000,3.544,
2025-12-24 23:00:00,Wednesday,23,0.136,3.230,0.000,0.000,0.000,0.000,3.366,
2025-12-25 00:00:00,Thursday,0,0.149,3.202,0.000,0.000,0.000,0.000,3.351,
2025-12-25 01:00:00,Thursday,1,0.131,3.178,0.000,0.000,0.000,0.000,3.309,
2025-12-25 02:00:00,Thursday,2,0.166,3.467,0.000,0.000,0.000,0.000,3.633,
2025-12-25 03:00:00,Thursday,3,0.116,3.489,0.000,0.000,0.000,0.000,3.605,
2025-12-25 04:00:00,Thursday,4,0.141,3.496,0.000,0.000,0.000,0.000,3.637,
2025-12-25 05:00:00,Thursday,5,0.113,3.665,0.000,0.000,0.000,0.000,3.778,
2025-12-25 06:00:00,Thursday,6,0.157,3.761,0.208,0.526,0.000,0.000,4.652,
2025-12-25 07:00:00,Thursday,7,0.135,3.077,0.108,0.546,0.000,0.000,3.866,
2025-12-25 08:00:00,Thursday,8,0.160,3.794,0.204,0.507,0.000,0.000,4.665,
2025-12-25 09:00:00,Thursday,9,0.145,3.801,0.000,0.000,0.121,0.000,4.067,
2025-12-25 10:00:00,Thursday,10,0.158,4.043,0.000,0.000,0.096,0.000,4.297,
2025-12-25 11:00:00,Thursday,11,0.146,3.713,0.000,0.000,0.137,0.000,3.996,
2025-12-25 12:00:00,Thursday,12,0.124,3.682,0.000,0.441,0.124,0.000,4.371,
2025-12-25 13:00:00,Thursday,13,0.160,2.976,0.000,0.000,0.129,0.000,3.265,
2025-12-25 14:00:00,Thursday,14,0.131,3.225,0.000,0.000,0.153,0.000,3.509,
2025-12-25 15:00:00,Thursday,15,0.140,3.068,0.079,0.000,0.181,0.000,3.468,
2025-12-25 16:00:00,Thursday,16,0.143,3.384,0.144,0.000,0.189,0.000,3.860,
2025-12-25 17:00:00,Thursday,17,0.134,3.129,0.241,1.094,0.307,0.000,4.905,
2025-12-25 18:00:00,Thursday,18,0.123,3.812,0.211,0.000,0.180,0.000,4.326,
2025-12-25 19:00:00,Thursday,19,0.120,3.417,0.160,0.000,0.305,0.000,4.002,
2025-12-25 20:00:00,Thursday,20,0.155,3.601,0.266,0.000,0.273,0.934,5.229,zmywarka
2025-12-25 21:00:00,Thursday,21,0.129,3.560,0.273,0.000,0.184,0.000,4.146,
2025-12-25 22:00:00,Thursday,22,0.130,3.098,0.071,0.000,0.178,0.000,3.477,
2025-12-25 23:00:00,Thursday,23,0.155,2.882,0.000,0.000,0.000,0.000,3.037,
2025-12-26 00:00:00,Friday,0,0.148,3.276,0.000,0.000,0.000,0.000,3.424,
2025-12-26 01:00:00,Friday,1,0.119,3.143,0.000,0.000,0.000,0.000,3.262,
2025-12-26 02:00:00,Friday,2,0.166,3.434,0.000,0.000,0.000,0.000,3.600,
2025-12-26 03:00:00,Friday,3,0.131,3.458,0.000,0.000,0.000,0.000,3.589,
2025-12-26 04:00:00,Friday,4,0.112,2.570,0.000,0.000,0.000,0.000,2.682,
2025-12-26 05:00:00,Friday,5,0.142,3.230,0.000,0.000,0.000,0.000,3.372,
2025-12-26 06:00:00,Friday,6,0.121,2.692,0.116,0.496,0.000,0.000,3.425,
2025-12-26 07:00:00,Friday,7,0.150,2.928,0.209,0.168,0.000,0.000,3.455,
2025-12-26 08:00:00,Friday,8,0.143,2.180,0.097,0.400,0.000,0.000,2.820,
2025-12-26 09:00:00,Friday,9,0.156,2.552,0.000,0.000,0.089,0.000,2.797,praca zdalna
2025-12-26 10:00:00,Friday,10,0.154,2.105,0.000,0.000,0.163,0.000,2.422,praca zdalna
2025-12-26 11:00:00,Friday,11,0.144,2.698,0.000,0.000,0.162,0.000,3.004,praca zdalna
2025-12-26 12:00:00,Friday,12,0.145,2.356,0.000,0.000,0.172,0.000,2.673,praca zdalna
2025-12-26 13:00:00,Friday,13,0.139,2.280,0.000,0.000,0.094,0.000,2.513,praca zdalna
2025-12-26 14:00:00,Friday,14,0.136,2.264,0.000,0.000,0.314,0.000,2.714,praca zdalna
2025-12-26 15:00:00,Friday,15,0.128,2.194,0.100,0.000,0.222,0.000,2.644,praca zdalna
2025-12-26 16:00:00,Friday,16,0.132,2.307,0.091,0.000,0.300,0.000,2.830,praca zdalna
2025-12-26 17:00:00,Friday,17,0.115,2.134,0.276,0.000,0.219,0.000,2.744,
2025-12-26 18:00:00,Friday,18,0.156,2.422,0.138,0.871,0.198,0.000,3.785,
2025-12-26 19:00:00,Friday,19,0.139,2.478,0.102,0.000,0.243,0.000,2.962,
2025-12-26 20:00:00,Friday,20,0.134,2.455,0.112,0.000,0.240,1.102,4.043,zmywarka
2025-12-26 21:00:00,Friday,21,0.147,2.439,0.278,0.000,0.257,0.000,3.121,
2025-12-26 22:00:00,Friday,22,0.124,1.918,0.102,0.000,0.252,0.000,2.396,
2025-12-26 23:00:00,Friday,23,0.166,2.143,0.000,0.000,0.000,0.000,2.309,
2025-12-27 00:00:00,Saturday,0,0.148,2.093,0.000,0.000,0.000,0.000,2.241,
2025-12-27 01:00:00,Saturday,1,0.158,2.486,0.000,0.000,0.000,0.000,2.644,
2025-12-27 02:00:00,Saturday,2,0.139,2.070,0.000,0.000,0.000,0.000,2.209,
2025-12-27 03:00:00,Saturday,3,0.128,2.496,0.000,0.000,0.000,0.000,2.624,
2025-12-27 04:00:00,Saturday,4,0.140,2.167,0.000,0.000,0.000,0.000,2.307,
2025-12-27 05:00:00,Saturday,5,0.139,2.120,0.000,0.000,0.000,0.000,2.259,
2025-12-27 06:00:00,Saturday,6,0.118,2.113,0.194,0.345,0.000,0.000,2.770,
2025-12-27 07:00:00,Saturday,7,0.120,2.350,0.185,0.369,0.000,0.000,3.024,
2025-12-27 08:00:00,Saturday,8,0.113,2.118,0.081,0.277,0.000,0.000,2.589,
2025-12-27 09:00:00,Saturday,9,0.136,2.211,0.000,0.000,0.184,0.916,3.447,pralka
2025-12-27 10:00:00,Saturday,10,0.112,2.256,0.000,0.000,0.136,2.242,4.746,suszarka
2025-12-27 11:00:00,Saturday,11,0.117,2.211,0.000,0.000,0.117,0.000,2.445,
2025-12-27 12:00:00,Saturday,12,0.135,2.060,0.000,0.000,0.147,0.000,2.342,
2025-12-27 13:00:00,Saturday,13,0.113,2.092,0.000,0.982,0.169,1.105,4.461,zmywarka
2025-12-27 14:00:00,Saturday,14,0.140,1.851,0.000,0.000,0.122,0.000,2.113,
2025-12-27 15:00:00,Saturday,15,0.154,1.648,0.000,0.000,0.061,0.000,1.863,
2025-12-27 16:00:00,Saturday,16,0.124,1.976,0.147,0.000,0.152,0.000,2.399,
2025-12-27 17:00:00,Saturday,17,0.113,2.122,0.102,0.683,0.327,0.000,3.347,
2025-12-27 18:00:00,Saturday,18,0.142,2.017,0.148,0.000,0.222,0.000,2.529,
2025-12-27 19:00:00,Saturday,19,0.158,2.309,0.215,0.000,0.269,0.000,2.951,
2025-12-27 20:00:00,Saturday,20,0.150,2.425,0.294,0.000,0.222,0.000,3.091,
2025-12-27 21:00:00,Saturday,21,0.128,2.528,0.240,0.000,0.275,0.000,3.171,
2025-12-27 22:00:00,Saturday,22,0.142,2.271,0.059,0.000,0.290,0.000,2.762,
2025-12-27 23:00:00,Saturday,23,0.132,1.731,0.000,0.000,0.000,0.000,1.863,
2025-12-28 00:00:00,Sunday,0,0.177,1.837,0.000,0.000,0.000,0.000,2.014,
2025-12-28 01:00:00,Sunday,1,0.123,2.143,0.000,0.000,0.000,0.000,2.266,
2025-12-28 02:00:00,Sunday,2,0.116,2.074,0.000,0.000,0.000,0.000,2.190,
2025-12-28 03:00:00,Sunday,3,0.158,2.505,0.000,0.000,0.000,0.000,2.663,
2025-12-28 04:00:00,Sunday,4,0.113,2.538,0.000,0.000,0.000,0.000,2.651,
2025-12-28 05:00:00,Sunday,5,0.116,2.449,0.000,0.000,0.000,0.000,2.565,
2025-12-28 06:00:00,Sunday,6,0.119,2.797,0.084,0.349,0.000,0.000,3.349,
2025-12-28 07:00:00,Sunday,7,0.119,2.349,0.114,0.551,0.000,0.000,3.133,
2025-12-28 08:00:00,Sunday,8,0.152,2.896,0.200,0.374,0.000,0.000,3.622,
2025-12-28 09:00:00,Sunday,9,0.111,2.938,0.000,0.000,0.135,0.954,4.138,pralka
2025-12-28 10:00:00,Sunday,10,0.147,3.251,0.000,0.000,0.203,2.311,5.912,suszarka
2025-12-28 11:00:00,Sunday,11,0.110,2.627,0.000,0.000,0.128,0.000,2.865,
2025-12-28 12:00:00,Sunday,12,0.135,2.934,0.000,0.000,0.095,0.000,3.164,
2025-12-28 13:00:00,Sunday,13,0.130,2.803,0.000,0.483,0.102,0.000,3.518,
2025-12-28 14:00:00,Sunday,14,0.144,2.155,0.000,0.000,0.219,0.000,2.518,
2025-12-28 15:00:00,Sunday,15,0.123,2.413,0.000,0.000,0.202,0.000,2.738,
2025-12-28 16:00:00,Sunday,16,0.117,2.296,0.177,0.000,0.121,0.000,2.711,
2025-12-28 17:00:00,Sunday,17,0.129,2.598,0.210,0.000,0.291,0.000,3.228,
2025-12-28 18:00:00,Sunday,18,0.146,2.355,0.265,0.933,0.198,0.000,3.897,
2025-12-28 19:00:00,Sunday,19,0.155,2.619,0.265,0.000,0.280,0.000,3.319,
2025-12-28 20:00:00,Sunday,20,0.147,2.588,0.199,0.000,0.192,0.000,3.126,
2025-12-28 21:00:00,Sunday,21,0.147,2.088,0.112,0.000,0.305,0.000,2.652,
2025-12-28 22:00:00,Sunday,22,0.123,2.202,0.096,0.000,0.247,0.000,2.668,
2025-12-28 23:00:00,Sunday,23,0.148,2.329,0.000,0.000,0.000,0.000,2.477,
2025-12-29 00:00:00,Monday,0,0.151,2.526,0.000,0.000,0.000,0.000,2.677,
2025-12-29 01:00:00,Monday,1,0.134,2.707,0.000,0.000,0.000,0.000,2.841,
2025-12-29 02:00:00,Monday,2,0.145,2.264,0.000,0.000,0.000,0.000,2.409,
2025-12-29 03:00:00,Monday,3,0.154,2.214,0.000,0.000,0.000,0.000,2.368,
2025-12-29 04:00:00,Monday,4,0.131,2.288,0.000,0.000,0.000,0.000,2.419,
2025-12-29 05:00:00,Monday,5,0.121,2.011,0.000,0.000,0.000,0.000,2.132,
2025-12-29 06:00:00,Monday,6,0.151,2.497,0.139,0.273,0.000,0.000,3.060,
2025-12-29 07:00:00,Monday,7,0.153,2.362,0.149,0.604,0.000,0.000,3.268,
2025-12-29 08:00:00,Monday,8,0.140,2.319,0.173,0.581,0.000,0.000,3.213,
2025-12-29 09:00:00,Monday,9,0.127,2.682,0.000,0.000,0.140,0.000,2.949,
2025-12-29 10:00:00,Monday,10,0.123,2.496,0.000,0.000,0.112,0.000,2.731,
2025-12-29 11:00:00,Monday,11,0.151,2.993,0.000,0.000,0.132,0.000,3.276,
2025-12-29 12:00:00,Monday,12,0.110,2.627,0.000,0.000,0.147,0.000,2.884,
2025-12-29 13:00:00,Monday,13,0.156,2.573,0.000,0.626,0.107,0.000,3.462,
2025-12-29 14:00:00,Monday,14,0.135,2.328,0.000,0.000,0.196,0.000,2.659,
2025-12-29 15:00:00,Monday,15,0.141,2.723,0.092,0.000,0.229,0.000,3.185,
2025-12-29 16:00:00,Monday,16,0.141,2.866,0.063,0.000,0.127,0.000,3.197,
2025-12-29 17:00:00,Monday,17,0.153,2.490,0.162,0.000,0.301,0.000,3.106,
2025-12-29 18:00:00,Monday,18,0.120,2.735,0.285,0.723,0.295,0.000,4.158,
2025-12-29 19:00:00,Monday,19,0.115,2.717,0.140,0.000,0.218,0.000,3.190,
2025-12-29 20:00:00,Monday,20,0.160,2.735,0.258,0.000,0.233,1.023,4.409,zmywarka
2025-12-29 21:00:00,Monday,21,0.125,3.350,0.174,0.000,0.302,0.000,3.951,
2025-12-29 22:00:00,Monday,22,0.150,2.786,0.119,0.000,0.181,0.000,3.236,
2025-12-29 23:00:00,Monday,23,0.156,2.310,0.000,0.000,0.000,0.000,2.466,
2025-12-30 00:00:00,Tuesday,0,0.152,2.279,0.000,0.000,0.000,0.000,2.431,
2025-12-30 01:00:00,Tuesday,1,0.130,2.238,0.000,0.000,0.000,0.000,2.368,
2025-12-30 02:00:00,Tuesday,2,0.149,2.588,0.000,0.000,0.000,0.000,2.737,
2025-12-30 03:00:00,Tuesday,3,0.119,2.960,0.000,0.000,0.000,0.000,3.079,
2025-12-30 04:00:00,Tuesday,4,0.139,2.498,0.000,0.000,0.000,0.000,2.637,
2025-12-30 05:00:00,Tuesday,5,0.139,2.812,0.000,0.000,0.000,0.000,2.951,
2025-12-30 06:00:00,Tuesday,6,0.125,2.953,0.089,0.533,0.000,0.000,3.700,
2025-12-30 07:00:00,Tuesday,7,0.120,3.519,0.130,0.391,0.000,0.000,4.160,
2025-12-30 08:00:00,Tuesday,8,0.111,3.519,0.181,0.383,0.000,0.000,4.194,
2025-12-30 09:00:00,Tuesday,9,0.157,3.264,0.000,0.000,0.144,0.000,3.565,
2025-12-30 10:00:00,Tuesday,10,0.154,3.209,0.000,0.000,0.085,0.000,3.448,
2025-12-30 11:00:00,Tuesday,11,0.117,2.626,0.000,0.000,0.140,0.000,2.883,
2025-12-30 12:00:00,Tuesday,12,0.115,2.768,0.000,0.000,0.112,0.000,2.995,
2025-12-30 13:00:00,Tuesday,13,0.142,3.431,0.000,0.748,0.104,0.000,4.425,
2025-12-30 14:00:00,Tuesday,14,0.155,2.882,0.000,0.000,0.109,0.902,4.048,pralka
2025-12-30 15:00:00,Tuesday,15,0.115,2.785,0.000,0.000,0.120,2.056,5.076,suszarka
2025-12-30 16:00:00,Tuesday,16,0.133,3.385,0.084,0.000,0.092,0.000,3.694,
2025-12-30 17:00:00,Tuesday,17,0.127,3.558,0.166,0.000,0.272,0.000,4.123,
2025-12-30 18:00:00,Tuesday,18,0.136,3.654,0.261,0.922,0.267,0.000,5.240,
2025-12-30 19:00:00,Tuesday,19,0.139,2.855,0.110,0.000,0.272,0.000,3.376,
2025-12-30 20:00:00,Tuesday,20,0.117,3.709,0.133,0.000,0.304,1.053,5.316,zmywarka
2025-12-30 21:00:00,Tuesday,21,0.137,3.523,0.271,0.000,0.195,0.000,4.126,
2025-12-30 22:00:00,Tuesday,22,0.121,2.958,0.109,0.000,0.299,0.000,3.487,
2025-12-30 23:00:00,Tuesday,23,0.158,2.833,0.000,0.000,0.000,0.000,2.991,
2025-12-31 00:00:00,Wednesday,0,0.153,2.767,0.000,0.000,0.000,0.000,2.920,
2025-12-31 01:00:00,Wednesday,1,0.178,3.114,0.000,0.000,0.000,0.000,3.292,
2025-12-31 02:00:00,Wednesday,2,0.134,3.304,0.000,0.000,0.000,0.000,3.438,
2025-12-31 03:00:00,Wednesday,3,0.134,2.717,0.000,0.000,0.000,0.000,2.851,
2025-12-31 04:00:00,Wednesday,4,0.161,3.081,0.000,0.000,0.000,0.000,3.242,
2025-12-31 05:00:00,Wednesday,5,0.115,3.366,0.000,0.000,0.000,0.000,3.481,
2025-12-31 06:00:00,Wednesday,6,0.131,3.471,0.076,0.470,0.000,0.000,4.148,
2025-12-31 07:00:00,Wednesday,7,0.115,2.770,0.090,0.415,0.000,0.000,3.390,
2025-12-31 08:00:00,Wednesday,8,0.141,3.626,0.200,0.456,0.000,0.000,4.423,
2025-12-31 09:00:00,Wednesday,9,0.134,3.494,0.000,0.000,0.117,0.000,3.745,
2025-12-31 10:00:00,Wednesday,10,0.154,3.462,0.000,0.000,0.112,0.000,3.728,
2025-12-31 11:00:00,Wednesday,11,0.157,2.622,0.000,0.000,0.146,0.699,3.624,pralka
2025-12-31 12:00:00,Wednesday,12,0.132,3.222,0.000,0.643,0.128,1.532,5.657,suszarka
2025-12-31 13:00:00,Wednesday,13,0.137,2.971,0.000,0.000,0.131,0.000,3.239,
2025-12-31 14:00:00,Wednesday,14,0.117,2.203,0.000,0.000,0.166,0.000,2.486,
2025-12-31 15:00:00,Wednesday,15,0.151,2.495,0.000,0.000,0.178,0.000,2.824,
2025-12-31 16:00:00,Wednesday,16,0.156,2.263,0.098,0.000,0.165,0.000,2.682,
2025-12-31 17:00:00,Wednesday,17,0.130,3.194,0.283,1.094,0.294,0.000,4.995,goście
2025-12-31 18:00:00,Wednesday,18,0.155,3.518,0.138,0.000,0.207,0.000,4.018,goście
2025-12-31 19:00:00,Wednesday,19,0.158,2.826,0.255,0.000,0.337,0.000,3.576,goście
2025-12-31 20:00:00,Wednesday,20,0.157,3.011,0.147,0.000,0.261,1.064,4.640,goście; zmywarka
2025-12-31 21:00:00,Wednesday,21,0.132,3.448,0.168,0.000,0.167,0.000,3.915,goście
2025-12-31 22:00:00,Wednesday,22,0.151,2.561,0.075,0.000,0.152,0.000,2.939,
2025-12-31 23:00:00,Wednesday,23,0.158,2.707,0.000,0.000,0.000,0.000,2.865,
2026-01-01 00:00:00,Thursday,0,0.148,2.401,0.000,0.000,0.000,0.000,2.549,
2026-01-01 01:00:00,Thursday,1,0.149,2.520,0.000,0.000,0.000,0.000,2.669,
2026-01-01 02:00:00,Thursday,2,0.151,2.399,0.000,0.000,0.000,0.000,2.550,
2026-01-01 03:00:00,Thursday,3,0.134,2.459,0.000,0.000,0.000,0.000,2.593,
2026-01-01 04:00:00,Thursday,4,0.152,1.943,0.000,0.000,0.000,0.000,2.095,
2026-01-01 05:00:00,Thursday,5,0.150,2.104,0.000,0.000,0.000,0.000,2.254,
2026-01-01 06:00:00,Thursday,6,0.154,2.062,0.179,0.491,0.000,0.000,2.886,
2026-01-01 07:00:00,Thursday,7,0.158,2.549,0.178,0.483,0.000,0.000,3.368,
2026-01-01 08:00:00,Thursday,8,0.126,2.147,0.143,0.290,0.000,0.000,2.706,
2026-01-01 09:00:00,Thursday,9,0.151,2.296,0.000,0.000,0.000,0.000,2.447,
2026-01-01 10:00:00,Thursday,10,0.113,2.657,0.000,0.000,0.000,0.000,2.770,
2026-01-01 11:00:00,Thursday,11,0.158,2.156,0.000,0.000,0.000,0.000,2.314,
2026-01-01 12:00:00,Thursday,12,0.133,2.492,0.000,0.000,0.000,0.000,2.625,
2026-01-01 13:00:00,Thursday,13,0.128,2.444,0.000,0.000,0.000,0.000,2.572,
2026-01-01 14:00:00,Thursday,14,0.135,2.527,0.000,0.000,0.144,0.000,2.806,
2026-01-01 15:00:00,Thursday,15,0.129,2.694,0.000,0.000,0.165,0.000,2.988,
2026-01-01 16:00:00,Thursday,16,0.120,2.229,0.172,0.000,0.142,0.000,2.663,
2026-01-01 17:00:00,Thursday,17,0.150,2.460,0.198,0.982,0.239,0.000,4.029,
2026-01-01 18:00:00,Thursday,18,0.111,2.818,0.183,0.000,0.216,0.000,3.328,
2026-01-01 19:00:00,Thursday,19,0.129,2.475,0.222,0.000,0.214,0.000,3.040,
2026-01-01 20:00:00,Thursday,20,0.124,2.509,0.166,0.000,0.237,0.000,3.036,
2026-01-01 21:00:00,Thursday,21,0.132,2.570,0.252,0.000,0.200,0.000,3.154,
2026-01-01 22:00:00,Thursday,22,0.129,1.977,0.090,0.000,0.244,0.000,2.440,
2026-01-01 23:00:00,Thursday,23,0.134,2.073,0.000,0.000,0.000,0.000,2.207,
2026-01-02 00:00:00,Friday,0,0.132,2.395,0.000,0.000,0.000,0.000,2.527,
2026-01-02 01:00:00,Friday,1,0.130,2.325,0.000,0.000,0.000,0.000,2.455,
2026-01-02 02:00:00,Friday,2,0.128,2.455,0.000,0.000,0.000,0.000,2.583,
2026-01-02 03:00:00,Friday,3,0.165,2.912,0.000,0.000,0.000,0.000,3.077,
2026-01-02 04:00:00,Friday,4,0.119,2.442,0.000,0.000,0.000,0.000,2.561,
2026-01-02 05:00:00,Friday,5,0.144,2.700,0.000,0.000,0.000,0.000,2.844,
2026-01-02 06:00:00,Friday,6,0.147,3.117,0.141,0.288,0.000,0.000,3.693,
2026-01-02 07:00:00,Friday,7,0.134,2.918,0.087,0.499,0.000,0.000,3.638,
2026-01-02 08:00:00,Friday,8,0.138,2.670,0.187,0.320,0.000,0.000,3.315,
2026-01-02 09:00:00,Friday,9,0.122,2.563,0.000,0.000,0.259,0.000,2.944,praca zdalna
2026-01-02 10:00:00,Friday,10,0.134,2.649,0.000,0.000,0.249,0.903,3.935,praca zdalna; pralka
2026-01-02 11:00:00,Friday,11,0.156,3.288,0.000,0.000,0.242,0.000,3.686,praca zdalna
2026-01-02 12:00:00,Friday,12,0.156,2.956,0.000,0.313,0.274,0.000,3.699,praca zdalna
2026-01-02 13:00:00,Friday,13,0.117,2.933,0.000,0.000,0.276,0.000,3.326,praca zdalna
2026-01-02 14:00:00,Friday,14,0.139,2.708,0.000,0.000,0.266,0.000,3.113,praca zdalna
2026-01-02 15:00:00,Friday,15,0.147,3.257,0.000,0.000,0.365,0.000,3.769,praca zdalna
2026-01-02 16:00:00,Friday,16,0.119,2.703,0.139,0.000,0.315,0.000,3.276,praca zdalna
2026-01-02 17:00:00,Friday,17,0.149,3.338,0.186,0.886,0.270,0.000,4.829,
2026-01-02 18:00:00,Friday,18,0.155,3.167,0.245,0.000,0.244,0.000,3.811,
2026-01-02 19:00:00,Friday,19,0.125,3.292,0.267,0.000,0.300,0.896,4.880,zmywarka
2026-01-02 20:00:00,Friday,20,0.142,3.699,0.215,0.000,0.173,0.000,4.229,
2026-01-02 21:00:00,Friday,21,0.121,3.693,0.125,0.000,0.226,0.000,4.165,
2026-01-02 22:00:00,Friday,22,0.120,3.448,0.085,0.000,0.273,0.000,3.926,
2026-01-02 23:00:00,Friday,23,0.168,3.295,0.000,0.000,0.000,0.000,3.463,
2026-01-03 00:00:00,Saturday,0,0.155,3.197,0.000,0.000,0.000,0.000,3.352,
2026-01-03 01:00:00,Saturday,1,0.125,3.037,0.000,0.000,0.000,0.000,3.162,
2026-01-03 02:00:00,Saturday,2,0.113,3.499,0.000,0.000,0.000,0.000,3.612,
2026-01-03 03:00:00,Saturday,3,0.156,3.187,0.000,0.000,0.000,0.000,3.343,
2026-01-03 04:00:00,Saturday,4,0.126,2.901,0.000,0.000,0.000,0.000,3.027,
2026-01-03 05:00:00,Saturday,5,0.150,3.576,0.000,0.000,0.000,0.000,3.726,
2026-01-03 06:00:00,Saturday,6,0.156,3.894,0.111,0.372,0.000,0.000,4.533,
2026-01-03 07:00:00,Saturday,7,0.128,3.734,0.090,0.460,0.000,0.000,4.412,
2026-01-03 08:00:00,Saturday,8,0.123,4.111,0.173,0.380,0.000,0.000,4.787,
2026-01-03 09:00:00,Saturday,9,0.135,3.771,0.000,0.000,0.224,0.000,4.130,
2026-01-03 10:00:00,Saturday,10,0.144,3.581,0.000,0.000,0.169,0.794,4.688,pralka
2026-01-03 11:00:00,Saturday,11,0.143,3.653,0.000,0.000,0.179,0.000,3.975,
2026-01-03 12:00:00,Saturday,12,0.150,3.355,0.000,0.000,0.101,0.000,3.606,
2026-01-03 13:00:00,Saturday,13,0.115,3.247,0.000,0.422,0.059,0.995,4.838,zmywarka
2026-01-03 14:00:00,Saturday,14,0.112,3.430,0.000,0.000,0.136,0.000,3.678,
2026-01-03 15:00:00,Saturday,15,0.130,3.238,0.000,0.000,0.098,0.000,3.466,
2026-01-03 16:00:00,Saturday,16,0.112,3.832,0.139,0.000,0.150,0.000,4.233,
2026-01-03 17:00:00,Saturday,17,0.120,4.192,0.240,0.611,0.202,0.000,5.365,
2026-01-03 18:00:00,Saturday,18,0.137,3.525,0.182,0.000,0.236,0.000,4.080,
2026-01-03 19:00:00,Saturday,19,0.140,3.339,0.130,0.000,0.272,0.000,3.881,
2026-01-03 20:00:00,Saturday,20,0.140,3.560,0.290,0.000,0.240,0.000,4.230,
2026-01-03 21:00:00,Saturday,21,0.131,4.094,0.125,0.000,0.299,0.000,4.649,
2026-01-03 22:00:00,Saturday,22,0.113,4.001,0.065,0.000,0.309,0.000,4.488,
2026-01-03 23:00:00,Saturday,23,0.139,3.221,0.000,0.000,0.000,0.000,3.360,
2026-01-04 00:00:00,Sunday,0,0.178,3.634,0.000,0.000,0.000,0.000,3.812,
2026-01-04 01:00:00,Sunday,1,0.159,3.608,0.000,0.000,0.000,0.000,3.767,
2026-01-04 02:00:00,Sunday,2,0.124,3.785,0.000,0.000,0.000,0.000,3.909,
2026-01-04 03:00:00,Sunday,3,0.184,3.087,0.000,0.000,0.000,0.000,3.271,
2026-01-04 04:00:00,Sunday,4,0.115,3.957,0.000,0.000,0.000,0.000,4.072,
2026-01-04 05:00:00,Sunday,5,0.143,3.452,0.000,0.000,0.000,0.000,3.595,
2026-01-04 06:00:00,Sunday,6,0.142,4.141,0.193,0.398,0.000,0.000,4.874,
2026-01-04 07:00:00,Sunday,7,0.139,4.164,0.094,0.545,0.000,0.000,4.942,
2026-01-04 08:00:00,Sunday,8,0.119,4.196,0.132,0.288,0.000,0.000,4.735,
2026-01-04 09:00:00,Sunday,9,0.135,3.563,0.000,0.000,0.223,0.000,3.921,
2026-01-04 10:00:00,Sunday,10,0.123,3.461,0.000,0.000,0.190,0.000,3.774,
2026-01-04 11:00:00,Sunday,11,0.130,3.704,0.000,0.000,0.221,0.000,4.055,
2026-01-04 12:00:00,Sunday,12,0.122,3.488,0.000,1.312,0.111,0.000,5.033,
2026-01-04 13:00:00,Sunday,13,0.147,3.899,0.000,0.000,0.226,0.000,4.272,
2026-01-04 14:00:00,Sunday,14,0.158,3.820,0.000,0.000,0.101,0.859,4.938,zmywarka
2026-01-04 15:00:00,Sunday,15,0.116,3.747,0.000,0.000,0.170,0.000,4.033,
2026-01-04 16:00:00,Sunday,16,0.154,3.671,0.156,0.000,0.119,0.000,4.100,
2026-01-04 17:00:00,Sunday,17,0.150,3.774,0.158,0.000,0.321,0.000,4.403,
2026-01-04 18:00:00,Sunday,18,0.146,4.013,0.280,0.679,0.330,0.000,5.448,
2026-01-04 19:00:00,Sunday,19,0.115,3.577,0.285,0.000,0.209,0.000,4.186,
2026-01-04 20:00:00,Sunday,20,0.148,3.146,0.233,0.000,0.276,0.000,3.803,
2026-01-04 21:00:00,Sunday,21,0.143,3.409,0.233,0.000,0.265,0.000,4.050,
2026-01-04 22:00:00,Sunday,22,0.151,3.515,0.138,0.000,0.320,0.000,4.124,
2026-01-04 23:00:00,Sunday,23,0.142,3.491,0.000,0.000,0.000,0.000,3.633,
2026-01-05 00:00:00,Monday,0,0.174,3.594,0.000,0.000,0.000,0.000,3.768,
2026-01-05 01:00:00,Monday,1,0.115,3.066,0.000,0.000,0.000,0.000,3.181,
2026-01-05 02:00:00,Monday,2,0.158,3.824,0.000,0.000,0.000,0.000,3.982,
2026-01-05 03:00:00,Monday,3,0.159,3.812,0.000,0.000,0.000,0.000,3.971,
2026-01-05 04:00:00,Monday,4,0.166,3.030,0.000,0.000,0.000,0.000,3.196,
2026-01-05 05:00:00,Monday,5,0.148,3.425,0.000,0.000,0.000,0.000,3.573,
2026-01-05 06:00:00,Monday,6,0.156,3.416,0.185,0.182,0.000,0.000,3.939,
2026-01-05 07:00:00,Monday,7,0.128,4.071,0.143,0.368,0.000,0.000,4.710,
2026-01-05 08:00:00,Monday,8,0.119,3.640,0.159,0.547,0.000,0.000,4.465,
2026-01-05 09:00:00,Monday,9,0.156,3.796,0.000,0.000,0.122,0.000,4.074,
2026-01-05 10:00:00,Monday,10,0.138,3.350,0.000,0.000,0.083,0.000,3.571,
2026-01-05 11:00:00,Monday,11,0.127,3.874,0.000,0.000,0.113,0.000,4.114,
2026-01-05 12:00:00,Monday,12,0.155,3.125,0.000,0.414,0.143,0.000,3.837,
2026-01-05 13:00:00,Monday,13,0.118,3.712,0.000,0.000,0.087,0.000,3.917,
2026-01-05 14:00:00,Monday,14,0.119,3.638,0.000,0.000,0.219,0.000,3.976,
2026-01-05 15:00:00,Monday,15,0.127,3.202,0.000,0.000,0.181,0.000,3.510,
2026-01-05 16:00:00,Monday,16,0.150,3.192,0.113,0.000,0.139,0.000,3.594,
2026-01-05 17:00:00,Monday,17,0.116,3.867,0.227,1.939,0.193,0.000,6.342,
2026-01-05 18:00:00,Monday,18,0.129,3.628,0.142,0.000,0.229,0.000,4.128,
2026-01-05 19:00:00,Monday,19,0.130,3.045,0.154,0.000,0.191,0.912,4.432,zmywarka
2026-01-05 20:00:00,Monday,20,0.125,3.671,0.122,0.000,0.184,0.000,4.102,
2026-01-05 21:00:00,Monday,21,0.117,3.238,0.186,0.000,0.197,0.000,3.738,
2026-01-05 22:00:00,Monday,22,0.149,3.835,0.097,0.000,0.217,0.000,4.298,
2026-01-05 23:00:00,Monday,23,0.118,3.191,0.000,0.000,0.000,0.000,3.309,
2026-01-06 00:00:00,Tuesday,0,0.180,3.686,0.000,0.000,0.000,0.000,3.866,
2026-01-06 01:00:00,Tuesday,1,0.163,3.920,0.000,0.000,0.000,0.000,4.083,
2026-01-06 02:00:00,Tuesday,2,0.172,2.903,0.000,0.000,0.000,0.000,3.075,
2026-01-06 03:00:00,Tuesday,3,0.149,3.294,0.000,0.000,0.000,0.000,3.443,
2026-01-06 04:00:00,Tuesday,4,0.144,3.376,0.000,0.000,0.000,0.000,3.520,
2026-01-06 05:00:00,Tuesday,5,0.139,3.821,0.000,0.000,0.000,0.000,3.960,
2026-01-06 06:00:00,Tuesday,6,0.152,3.469,0.180,0.339,0.000,0.000,4.140,
2026-01-06 07:00:00,Tuesday,7,0.158,3.336,0.201,0.294,0.000,0.000,3.989,
2026-01-06 08:00:00,Tuesday,8,0.113,3.879,0.157,0.370,0.000,0.000,4.519,
2026-01-06 09:00:00,Tuesday,9,0.153,4.330,0.000,0.000,0.145,0.000,4.628,
2026-01-06 10:00:00,Tuesday,10,0.123,3.649,0.000,0.000,0.119,0.000,3.891,
2026-01-06 11:00:00,Tuesday,11,0.141,4.170,0.000,0.000,0.136,0.000,4.447,
2026-01-06 12:00:00,Tuesday,12,0.117,4.141,0.000,0.000,0.112,0.000,4.370,
2026-01-06 13:00:00,Tuesday,13,0.115,3.454,0.000,0.588,0.142,0.914,5.213,pralka
2026-01-06 14:00:00,Tuesday,14,0.157,3.209,0.000,0.000,0.160,0.000,3.526,
2026-01-06 15:00:00,Tuesday,15,0.115,3.288,0.000,0.000,0.205,0.000,3.608,
2026-01-06 16:00:00,Tuesday,16,0.157,3.385,0.155,0.000,0.151,0.000,3.848,
2026-01-06 17:00:00,Tuesday,17,0.117,3.660,0.231,0.000,0.318,0.000,4.326,goście
2026-01-06 18:00:00,Tuesday,18,0.121,4.103,0.286,1.609,0.346,0.000,6.465,goście
2026-01-06 19:00:00,Tuesday,19,0.157,3.585,0.266,0.000,0.289,0.820,5.117,goście; zmywarka
2026-01-06 20:00:00,Tuesday,20,0.110,4.025,0.199,0.000,0.305,0.000,4.639,goście
2026-01-06 21:00:00,Tuesday,21,0.125,3.247,0.254,0.000,0.340,0.000,3.966,goście
2026-01-06 22:00:00,Tuesday,22,0.146,2.923,0.055,0.000,0.230,0.000,3.354,
2026-01-06 23:00:00,Tuesday,23,0.149,3.334,0.000,0.000,0.000,0.000,3.483,
2026-01-07 00:00:00,Wednesday,0,0.149,3.472,0.000,0.000,0.000,0.000,3.621,
2026-01-07 01:00:00,Wednesday,1,0.126,2.614,0.000,0.000,0.000,0.000,2.740,
2026-01-07 02:00:00,Wednesday,2,0.158,3.596,0.000,0.000,0.000,0.000,3.754,
2026-01-07 03:00:00,Wednesday,3,0.157,3.067,0.000,0.000,0.000,0.000,3.224,
2026-01-07 04:00:00,Wednesday,4,0.138,3.245,0.000,0.000,0.000,0.000,3.383,
2026-01-07 05:00:00,Wednesday,5,0.128,3.571,0.000,0.000,0.000,0.000,3.699,
2026-01-07 06:00:00,Wednesday,6,0.155,3.507,0.162,0.232,0.000,0.000,4.056,
2026-01-07 07:00:00,Wednesday,7,0.143,3.642,0.117,0.400,0.000,0.000,4.302,
2026-01-07 08:00:00,Wednesday,8,0.135,3.771,0.173,0.567,0.000,0.000,4.646,
2026-01-07 09:00:00,Wednesday,9,0.114,2.952,0.000,0.000,0.149,0.000,3.215,
2026-01-07 10:00:00,Wednesday,10,0.124,3.056,0.000,0.000,0.137,0.000,3.317,
2026-01-07 11:00:00,Wednesday,11,0.124,3.542,0.000,0.000,0.100,0.000,3.766,
2026-01-07 12:00:00,Wednesday,12,0.159,3.406,0.000,0.419,0.136,0.000,4.120,
2026-01-07 13:00:00,Wednesday,13,0.130,3.091,0.000,0.000,0.139,0.000,3.360,
2026-01-07 14:00:00,Wednesday,14,0.157,2.902,0.000,0.000,0.124,0.000,3.183,
2026-01-07 15:00:00,Wednesday,15,0.111,3.101,0.000,0.000,0.114,0.000,3.326,
2026-01-07 16:00:00,Wednesday,16,0.147,3.552,0.170,0.000,0.141,0.000,4.010,
2026-01-07 17:00:00,Wednesday,17,0.113,3.185,0.162,0.616,0.185,0.000,4.261,
2026-01-07 18:00:00,Wednesday,18,0.133,3.078,0.256,0.000,0.330,0.000,3.797,
2026-01-07 19:00:00,Wednesday,19,0.137,2.907,0.245,0.000,0.202,0.000,3.491,
2026-01-07 20:00:00,Wednesday,20,0.127,3.601,0.195,0.000,0.256,1.049,5.228,zmywarka
2026-01-07 21:00:00,Wednesday,21,0.138,3.082,0.128,0.000,0.275,0.000,3.623,
2026-01-07 22:00:00,Wednesday,22,0.154,3.170,0.052,0.000,0.226,0.000,3.602,
2026-01-07 23:00:00,Wednesday,23,0.153,3.290,0.000,0.000,0.000,0.000,3.443,
2026-01-08 00:00:00,Thursday,0,0.168,2.969,0.000,0.000,0.000,0.000,3.137,
2026-01-08 01:00:00,Thursday,1,0.137,2.782,0.000,0.000,0.000,0.000,2.919,
2026-01-08 02:00:00,Thursday,2,0.131,3.343,0.000,0.000,0.000,0.000,3.474,
2026-01-08 03:00:00,Thursday,3,0.132,2.825,0.000,0.000,0.000,0.000,2.957,
2026-01-08 04:00:00,Thursday,4,0.153,3.428,0.000,0.000,0.000,0.000,3.581,
2026-01-08 05:00:00,Thursday,5,0.142,3.013,0.000,0.000,0.000,0.000,3.155,
2026-01-08 06:00:00,Thursday,6,0.153,3.714,0.139,0.499,0.000,0.000,4.505,
2026-01-08 07:00:00,Thursday,7,0.137,3.176,0.142,0.253,0.000,0.000,3.708,
2026-01-08 08:00:00,Thursday,8,0.153,4.057,0.142,0.431,0.000,0.000,4.783,
2026-01-08 09:00:00,Thursday,9,0.117,3.415,0.000,0.000,0.131,0.000,3.663,
2026-01-08 10:00:00,Thursday,10,0.129,3.919,0.000,0.000,0.097,0.000,4.145,
2026-01-08 11:00:00,Thursday,11,0.159,3.903,0.000,0.000,0.097,0.000,4.159,
2026-01-08 12:00:00,Thursday,12,0.111,3.937,0.000,0.000,0.132,0.000,4.180,
2026-01-08 13:00:00,Thursday,13,0.157,3.370,0.000,0.818,0.103,0.000,4.448,
2026-01-08 14:00:00,Thursday,14,0.147,3.401,0.000,0.000,0.080,0.000,3.628,
2026-01-08 15:00:00,Thursday,15,0.144,3.881,0.000,0.000,0.239,0.000,4.264,
2026-01-08 16:00:00,Thursday,16,0.120,4.043,0.061,0.000,0.206,0.000,4.430,
2026-01-08 17:00:00,Thursday,17,0.124,3.070,0.200,0.000,0.156,0.000,3.550,
2026-01-08 18:00:00,Thursday,18,0.127,3.994,0.146,0.696,0.255,0.000,5.218,
2026-01-08 19:00:00,Thursday,19,0.119,3.286,0.274,0.000,0.283,0.949,4.911,zmywarka
2026-01-08 20:00:00,Thursday,20,0.127,3.438,0.211,0.000,0.184,0.000,3.960,
2026-01-08 21:00:00,Thursday,21,0.130,3.325,0.234,0.000,0.255,0.000,3.944,
2026-01-08 22:00:00,Thursday,22,0.157,3.442,0.063,0.000,0.208,0.000,3.870,
2026-01-08 23:00:00,Thursday,23,0.140,2.945,0.000,0.000,0.000,0.000,3.085,
2026-01-09 00:00:00,Friday,0,0.152,3.418,0.000,0.000,0.000,0.000,3.570,
2026-01-09 01:00:00,Friday,1,0.141,3.020,0.000,0.000,0.000,0.000,3.161,
2026-01-09 02:00:00,Friday,2,0.154,3.301,0.000,0.000,0.000,0.000,3.455,
2026-01-09 03:00:00,Friday,3,0.134,3.587,0.000,0.000,0.000,0.000,3.721,
2026-01-09 04:00:00,Friday,4,0.117,3.036,0.000,0.000,0.000,0.000,3.153,
2026-01-09 05:00:00,Friday,5,0.147,3.047,0.000,0.000,0.000,0.000,3.194,
2026-01-09 06:00:00,Friday,6,0.150,3.770,0.166,0.240,0.000,0.000,4.326,
2026-01-09 07:00:00,Friday,7,0.146,3.810,0.154,0.152,0.000,0.000,4.262,
2026-01-09 08:00:00,Friday,8,0.128,3.131,0.096,0.428,0.000,0.000,3.783,
2026-01-09 09:00:00,Friday,9,0.126,3.966,0.000,0.000,0.099,0.000,4.191,
2026-01-09 10:00:00,Friday,10,0.132,3.600,0.000,0.000,0.099,0.000,3.831,
2026-01-09 11:00:00,Friday,11,0.134,3.893,0.000,0.000,0.104,0.000,4.131,
2026-01-09 12:00:00,Friday,12,0.139,3.807,0.000,0.403,0.104,0.696,5.149,pralka
2026-01-09 13:00:00,Friday,13,0.132,3.417,0.000,0.000,0.142,0.000,3.691,
2026-01-09 14:00:00,Friday,14,0.114,3.016,0.000,0.000,0.248,0.000,3.378,
2026-01-09 15:00:00,Friday,15,0.153,3.507,0.000,0.000,0.222,0.000,3.882,
2026-01-09 16:00:00,Friday,16,0.154,3.495,0.100,0.000,0.155,0.000,3.904,
2026-01-09 17:00:00,Friday,17,0.139,3.075,0.251,0.000,0.176,0.000,3.641,
2026-01-09 18:00:00,Friday,18,0.141,3.087,0.269,1.061,0.162,0.000,4.720,
2026-01-09 19:00:00,Friday,19,0.140,3.437,0.156,0.000,0.327,0.000,4.060,
2026-01-09 20:00:00,Friday,20,0.142,3.650,0.144,0.000,0.281,0.000,4.217,
2026-01-09 21:00:00,Friday,21,0.119,2.992,0.265,0.000,0.245,0.000,3.621,
2026-01-09 22:00:00,Friday,22,0.142,2.895,0.114,0.000,0.274,0.000,3.425,
2026-01-09 23:00:00,Friday,23,0.135,3.639,0.000,0.000,0.000,0.000,3.774,
2026-01-10 00:00:00,Saturday,0,0.141,3.314,0.000,0.000,0.000,0.000,3.455,
2026-01-10 01:00:00,Saturday,1,0.161,3.820,0.000,0.000,0.000,0.000,3.981,
2026-01-10 02:00:00,Saturday,2,0.153,3.414,0.000,0.000,0.000,0.000,3.567,
2026-01-10 03:00:00,Saturday,3,0.139,3.380,0.000,0.000,0.000,0.000,3.519,
2026-01-10 04:00:00,Saturday,4,0.135,2.972,0.000,0.000,0.000,0.000,3.107,
2026-01-10 05:00:00,Saturday,5,0.130,3.219,0.000,0.000,0.000,0.000,3.349,
2026-01-10 06:00:00,Saturday,6,0.156,3.235,0.209,0.207,0.000,0.000,3.807,
2026-01-10 07:00:00,Saturday,7,0.129,3.385,0.171,0.328,0.000,0.000,4.013,
2026-01-10 08:00:00,Saturday,8,0.114,3.801,0.000,0.459,0.000,0.000,4.374,
2026-01-10 09:00:00,Saturday,9,0.118,3.535,0.000,0.000,0.065,0.000,3.718,
2026-01-10 10:00:00,Saturday,10,0.159,3.953,0.000,0.000,0.234,0.000,4.346,
2026-01-10 11:00:00,Saturday,11,0.139,4.089,0.000,0.000,0.156,0.000,4.384,
2026-01-10 12:00:00,Saturday,12,0.120,3.442,0.000,0.000,0.092,0.000,3.654,
2026-01-10 13:00:00,Saturday,13,0.138,4.312,0.000,0.452,0.180,1.083,6.165,zmywarka
2026-01-10 14:00:00,Saturday,14,0.152,3.282,0.000,0.000,0.229,0.000,3.663,
2026-01-10 15:00:00,Saturday,15,0.141,3.572,0.000,0.000,0.135,0.000,3.848,
2026-01-10 16:00:00,Saturday,16,0.113,4.374,0.084,0.000,0.186,0.000,4.757,
2026-01-10 17:00:00,Saturday,17,0.147,3.301,0.190,0.920,0.300,0.000,4.858,
2026-01-10 18:00:00,Saturday,18,0.159,3.594,0.233,0.000,0.341,0.000,4.327,
2026-01-10 19:00:00,Saturday,19,0.149,3.995,0.146,0.000,0.185,0.000,4.475,
2026-01-10 20:00:00,Saturday,20,0.128,3.364,0.141,0.000,0.264,0.000,3.897,
2026-01-10 21:00:00,Saturday,21,0.115,3.610,0.292,0.000,0.267,0.000,4.284,
2026-01-10 22:00:00,Saturday,22,0.134,3.417,0.062,0.000,0.199,0.000,3.812,
2026-01-10 23:00:00,Saturday,23,0.142,3.322,0.000,0.000,0.000,0.000,3.464,
2026-01-11 00:00:00,Sunday,0,0.127,4.000,0.000,0.000,0.000,0.000,4.127,
2026-01-11 01:00:00,Sunday,1,0.168,4.110,0.000,0.000,0.000,0.000,4.278,
2026-01-11 02:00:00,Sunday,2,0.157,3.648,0.000,0.000,0.000,0.000,3.805,
2026-01-11 03:00:00,Sunday,3,0.140,3.652,0.000,0.000,0.000,0.000,3.792,
2026-01-11 04:00:00,Sunday,4,0.157,4.317,0.000,0.000,0.000,0.000,4.474,
2026-01-11 05:00:00,Sunday,5,0.127,3.285,0.000,0.000,0.000,0.000,3.412,
2026-01-11 06:00:00,Sunday,6,0.144,3.876,0.162,0.297,0.000,0.000,4.479,
2026-01-11 07:00:00,Sunday,7,0.129,3.505,0.149,0.360,0.000,0.000,4.143,
2026-01-11 08:00:00,Sunday,8,0.117,3.465,0.000,0.435,0.000,0.000,4.017,
2026-01-11 09:00:00,Sunday,9,0.128,4.222,0.000,0.000,0.216,0.000,4.566,
2026-01-11 10:00:00,Sunday,10,0.146,3.493,0.000,0.000,0.176,0.000,3.815,
2026-01-11 11:00:00,Sunday,11,0.114,4.238,0.000,0.000,0.206,0.000,4.558,
2026-01-11 12:00:00,Sunday,12,0.140,4.103,0.000,1.298,0.203,0.000,5.744,
2026-01-11 13:00:00,Sunday,13,0.158,3.497,0.000,0.000,0.089,0.000,3.744,
2026-01-11 14:00:00,Sunday,14,0.126,3.677,0.000,0.000,0.159,1.083,5.045,zmywarka
2026-01-11 15:00:00,Sunday,15,0.157,3.334,0.000,0.000,0.101,0.000,3.592,
2026-01-11 16:00:00,Sunday,16,0.128,3.564,0.168,0.000,0.132,0.000,3.992,
2026-01-11 17:00:00,Sunday,17,0.128,3.503,0.171,0.000,0.216,0.000,4.018,
2026-01-11 18:00:00,Sunday,18,0.151,3.412,0.287,0.970,0.337,0.000,5.157,
2026-01-11 19:00:00,Sunday,19,0.138,3.818,0.222,0.000,0.267,0.000,4.445,
2026-01-11 20:00:00,Sunday,20,0.136,4.169,0.236,0.000,0.330,0.000,4.871,
2026-01-11 21:00:00,Sunday,21,0.112,4.449,0.130,0.000,0.265,0.000,4.956,
2026-01-11 22:00:00,Sunday,22,0.148,3.302,0.112,0.000,0.272,0.000,3.834,
2026-01-11 23:00:00,Sunday,23,0.157,4.350,0.000,0.000,0.000,0.000,4.507,
2026-01-12 00:00:00,Monday,0,0.172,4.052,0.000,0.000,0.000,0.000,4.224,
2026-01-12 01:00:00,Monday,1,0.117,4.495,0.000,0.000,0.000,0.000,4.612,
2026-01-12 02:00:00,Monday,2,0.140,4.377,0.000,0.000,0.000,0.000,4.517,
2026-01-12 03:00:00,Monday,3,0.134,3.540,0.000,0.000,0.000,0.000,3.674,
2026-01-12 04:00:00,Monday,4,0.142,3.324,0.000,0.000,0.000,0.000,3.466,
2026-01-12 05:00:00,Monday,5,0.160,4.290,0.000,0.000,0.000,0.000,4.450,
2026-01-12 06:00:00,Monday,6,0.116,4.462,0.203,0.546,0.000,0.000,5.327,
2026-01-12 07:00:00,Monday,7,0.157,4.022,0.159,0.329,0.000,0.000,4.667,
2026-01-12 08:00:00,Monday,8,0.151,3.989,0.161,0.572,0.000,0.000,4.873,
2026-01-12 09:00:00,Monday,9,0.125,4.088,0.000,0.000,0.082,0.000,4.295,
2026-01-12 10:00:00,Monday,10,0.135,3.598,0.000,0.000,0.148,0.000,3.881,
2026-01-12 11:00:00,Monday,11,0.141,4.110,0.000,0.000,0.097,0.000,4.348,
2026-01-12 12:00:00,Monday,12,0.148,3.325,0.000,0.000,0.132,0.000,3.605,
2026-01-12 13:00:00,Monday,13,0.132,3.306,0.000,0.342,0.134,0.000,3.914,
2026-01-12 14:00:00,Monday,14,0.132,3.529,0.000,0.000,0.133,0.000,3.794,
2026-01-12 15:00:00,Monday,15,0.142,3.592,0.000,0.000,0.097,0.000,3.831,
2026-01-12 16:00:00,Monday,16,0.143,3.032,0.162,0.000,0.082,0.000,3.419,
2026-01-12 17:00:00,Monday,17,0.113,3.500,0.215,0.791,0.289,0.000,4.908,
2026-01-12 18:00:00,Monday,18,0.142,3.459,0.155,0.000,0.239,0.000,3.995,
2026-01-12 19:00:00,Monday,19,0.145,3.410,0.206,0.000,0.177,0.000,3.938,
2026-01-12 20:00:00,Monday,20,0.136,3.127,0.254,0.000,0.268,0.928,4.713,zmywarka
2026-01-12 21:00:00,Monday,21,0.159,3.029,0.221,0.000,0.256,0.000,3.665,
2026-01-12 22:00:00,Monday,22,0.111,2.712,0.061,0.000,0.327,0.000,3.211,
2026-01-12 23:00:00,Monday,23,0.142,2.857,0.000,0.000,0.000,0.000,2.999,
2026-01-13 00:00:00,Tuesday,0,0.135,2.911,0.000,0.000,0.000,0.000,3.046,
2026-01-13 01:00:00,Tuesday,1,0.157,2.849,0.000,0.000,0.000,0.000,3.006,
2026-01-13 02:00:00,Tuesday,2,0.143,3.105,0.000,0.000,0.000,0.000,3.248,
2026-01-13 03:00:00,Tuesday,3,0.139,3.200,0.000,0.000,0.000,0.000,3.339,
2026-01-13 04:00:00,Tuesday,4,0.144,2.640,0.000,0.000,0.000,0.000,2.784,
2026-01-13 05:00:00,Tuesday,5,0.111,2.755,0.000,0.000,0.000,0.000,2.866,
2026-01-13 06:00:00,Tuesday,6,0.128,3.436,0.073,0.602,0.000,0.000,4.239,
2026-01-13 07:00:00,Tuesday,7,0.126,2.655,0.084,0.510,0.000,0.000,3.375,
2026-01-13 08:00:00,Tuesday,8,0.121,2.958,0.128,0.453,0.000,0.000,3.660,
2026-01-13 09:00:00,Tuesday,9,0.156,2.919,0.000,0.000,0.148,0.000,3.223,
2026-01-13 10:00:00,Tuesday,10,0.118,3.068,0.000,0.000,0.084,0.000,3.270,
2026-01-13 11:00:00,Tuesday,11,0.121,2.560,0.000,0.000,0.117,0.000,2.798,
2026-01-13 12:00:00,Tuesday,12,0.112,3.105,0.000,0.000,0.141,0.000,3.358,
2026-01-13 13:00:00,Tuesday,13,0.150,2.500,0.000,0.585,0.095,0.000,3.330,
2026-01-13 14:00:00,Tuesday,14,0.112,2.896,0.000,0.000,0.089,0.000,3.097,
2026-01-13 15:00:00,Tuesday,15,0.147,2.905,0.000,0.000,0.219,0.000,3.271,
2026-01-13 16:00:00,Tuesday,16,0.143,2.607,0.144,0.000,0.240,0.000,3.134,
2026-01-13 17:00:00,Tuesday,17,0.117,2.342,0.289,0.681,0.315,0.000,3.744,
2026-01-13 18:00:00,Tuesday,18,0.136,2.608,0.268,0.000,0.294,0.000,3.306,
2026-01-13 19:00:00,Tuesday,19,0.125,2.838,0.241,0.000,0.219,0.000,3.423,
2026-01-13 20:00:00,Tuesday,20,0.125,2.554,0.285,0.000,0.243,1.175,4.382,zmywarka
2026-01-13 21:00:00,Tuesday,21,0.141,2.186,0.247,0.000,0.269,0.000,2.843,
2026-01-13 22:00:00,Tuesday,22,0.124,2.562,0.149,0.000,0.170,0.000,3.005,
2026-01-13 23:00:00,Tuesday,23,0.140,2.320,0.000,0.000,0.000,0.000,2.460,
2026-01-14 00:00:00,Wednesday,0,0.134,2.155,0.000,0.000,0.000,0.000,2.289,
2026-01-14 01:00:00,Wednesday,1,0.136,2.248,0.000,0.000,0.000,0.000,2.384,
2026-01-14 02:00:00,Wednesday,2,0.160,2.020,0.000,0.000,0.000,0.000,2.180,
2026-01-14 03:00:00,Wednesday,3,0.127,2.528,0.000,0.000,0.000,0.000,2.655,
2026-01-14 04:00:00,Wednesday,4,0.163,1.959,0.000,0.000,0.000,0.000,2.122,
2026-01-14 05:00:00,Wednesday,5,0.141,2.508,0.000,0.000,0.000,0.000,2.649,
2026-01-14 06:00:00,Wednesday,6,0.131,2.479,0.166,0.466,0.000,0.000,3.242,
2026-01-14 07:00:00,Wednesday,7,0.125,2.157,0.071,0.330,0.000,0.000,2.683,
2026-01-14 08:00:00,Wednesday,8,0.153,2.640,0.130,0.285,0.000,0.000,3.208,
2026-01-14 09:00:00,Wednesday,9,0.152,2.212,0.000,0.000,0.133,0.000,2.497,
2026-01-14 10:00:00,Wednesday,10,0.112,2.590,0.000,0.000,0.083,0.000,2.785,
2026-01-14 11:00:00,Wednesday,11,0.134,2.422,0.000,0.000,0.147,0.000,2.703,
2026-01-14 12:00:00,Wednesday,12,0.132,2.043,0.000,0.723,0.123,0.000,3.021,
2026-01-14 13:00:00,Wednesday,13,0.115,2.661,0.000,0.000,0.118,0.000,2.894,
2026-01-14 14:00:00,Wednesday,14,0.142,2.315,0.000,0.000,0.162,0.000,2.619,
2026-01-14 15:00:00,Wednesday,15,0.137,2.145,0.000,0.000,0.172,0.000,2.454,
2026-01-14 16:00:00,Wednesday,16,0.117,2.663,0.169,0.000,0.210,0.000,3.159,
2026-01-14 17:00:00,Wednesday,17,0.131,2.642,0.276,1.060,0.325,0.000,4.434,
2026-01-14 18:00:00,Wednesday,18,0.141,2.344,0.184,0.000,0.255,0.000,2.924,
2026-01-14 19:00:00,Wednesday,19,0.139,3.209,0.178,0.000,0.210,0.000,3.736,
2026-01-14 20:00:00,Wednesday,20,0.122,2.592,0.116,0.000,0.181,0.000,3.011,
2026-01-14 21:00:00,Wednesday,21,0.128,2.543,0.112,0.000,0.295,0.000,3.078,
2026-01-14 22:00:00,Wednesday,22,0.145,2.468,0.083,0.000,0.259,0.000,2.955,
2026-01-14 23:00:00,Wednesday,23,0.135,2.939,0.000,0.000,0.000,0.000,3.074,
2026-01-15 00:00:00,Thursday,0,0.134,2.503,0.000,0.000,0.000,0.000,2.637,
2026-01-15 01:00:00,Thursday,1,0.131,2.582,0.000,0.000,0.000,0.000,2.713,
2026-01-15 02:00:00,Thursday,2,0.147,3.186,0.000,0.000,0.000,0.000,3.333,
2026-01-15 03:00:00,Thursday,3,0.157,3.076,0.000,0.000,0.000,0.000,3.233,
2026-01-15 04:00:00,Thursday,4,0.160,2.496,0.000,0.000,0.000,0.000,2.656,
2026-01-15 05:00:00,Thursday,5,0.120,3.016,0.000,0.000,0.000,0.000,3.136,
2026-01-15 06:00:00,Thursday,6,0.148,2.919,0.088,0.547,0.000,0.000,3.702,
2026-01-15 07:00:00,Thursday,7,0.150,2.616,0.197,0.377,0.000,0.000,3.340,
2026-01-15 08:00:00,Thursday,8,0.146,2.535,0.131,0.351,0.000,0.000,3.163,
2026-01-15 09:00:00,Thursday,9,0.151,2.738,0.000,0.000,0.000,0.000,2.889,
2026-01-15 10:00:00,Thursday,10,0.129,3.036,0.000,0.000,0.000,0.000,3.165,
2026-01-15 11:00:00,Thursday,11,0.140,2.612,0.000,0.000,0.000,0.000,2.752,
2026-01-15 12:00:00,Thursday,12,0.133,2.342,0.000,0.000,0.000,0.000,2.475,
2026-01-15 13:00:00,Thursday,13,0.148,2.398,0.000,0.000,0.000,0.000,2.546,
2026-01-15 14:00:00,Thursday,14,0.122,2.904,0.000,0.000,0.242,0.000,3.268,
2026-01-15 15:00:00,Thursday,15,0.156,2.559,0.000,0.000,0.085,0.000,2.800,
2026-01-15 16:00:00,Thursday,16,0.125,2.762,0.066,0.000,0.240,0.000,3.193,
2026-01-15 17:00:00,Thursday,17,0.147,2.245,0.144,0.000,0.289,0.000,2.825,
2026-01-15 18:00:00,Thursday,18,0.110,2.324,0.181,0.750,0.166,0.000,3.531,
2026-01-15 19:00:00,Thursday,19,0.123,2.515,0.290,0.000,0.310,0.000,3.238,
2026-01-15 20:00:00,Thursday,20,0.146,2.486,0.117,0.000,0.260,1.094,4.103,zmywarka
2026-01-15 21:00:00,Thursday,21,0.141,2.234,0.144,0.000,0.182,0.000,2.701,
2026-01-15 22:00:00,Thursday,22,0.131,2.471,0.114,0.000,0.171,0.000,2.887,
2026-01-15 23:00:00,Thursday,23,0.115,2.251,0.000,0.000,0.000,0.000,2.366,
2026-01-16 00:00:00,Friday,0,0.146,2.386,0.000,0.000,0.000,0.000,2.532,
2026-01-16 01:00:00,Friday,1,0.113,2.477,0.000,0.000,0.000,0.000,2.590,
2026-01-16 02:00:00,Friday,2,0.136,2.404,0.000,0.000,0.000,0.000,2.540,
2026-01-16 03:00:00,Friday,3,0.123,1.908,0.000,0.000,0.000,0.000,2.031,
2026-01-16 04:00:00,Friday,4,0.154,2.106,0.000,0.000,0.000,0.000,2.260,
2026-01-16 05:00:00,Friday,5,0.129,2.251,0.000,0.000,0.000,0.000,2.380,
2026-01-16 06:00:00,Friday,6,0.153,2.320,0.156,0.407,0.000,0.000,3.036,
2026-01-16 07:00:00,Friday,7,0.153,2.082,0.133,0.455,0.000,0.000,2.823,
2026-01-16 08:00:00,Friday,8,0.125,2.541,0.087,0.331,0.000,0.000,3.084,
2026-01-16 09:00:00,Friday,9,0.147,2.339,0.000,0.000,0.100,0.000,2.586,
2026-01-16 10:00:00,Friday,10,0.123,1.951,0.000,0.000,0.149,0.000,2.223,
2026-01-16 11:00:00,Friday,11,0.136,2.109,0.000,0.000,0.120,0.000,2.365,
2026-01-16 12:00:00,Friday,12,0.112,2.015,0.000,0.000,0.081,0.000,2.208,
2026-01-16 13:00:00,Friday,13,0.136,2.238,0.000,0.571,0.141,0.000,3.086,
2026-01-16 14:00:00,Friday,14,0.129,2.542,0.000,0.000,0.228,0.000,2.899,
2026-01-16 15:00:00,Friday,15,0.142,2.202,0.000,0.000,0.128,0.000,2.472,
2026-01-16 16:00:00,Friday,16,0.114,2.287,0.115,0.000,0.153,0.000,2.669,
2026-01-16 17:00:00,Friday,17,0.129,2.013,0.140,1.492,0.232,0.000,4.006,
2026-01-16 18:00:00,Friday,18,0.137,2.158,0.195,0.000,0.211,0.000,2.701,
2026-01-16 19:00:00,Friday,19,0.136,2.523,0.230,0.000,0.154,0.000,3.043,
2026-01-16 20:00:00,Friday,20,0.133,2.485,0.118,0.000,0.158,0.000,2.894,
2026-01-16 21:00:00,Friday,21,0.126,2.134,0.192,0.000,0.267,0.000,2.719,
2026-01-16 22:00:00,Friday,22,0.134,2.173,0.106,0.000,0.251,0.000,2.664,
2026-01-16 23:00:00,Friday,23,0.111,2.101,0.000,0.000,0.000,0.000,2.212,
2026-01-17 00:00:00,Saturday,0,0.111,2.397,0.000,0.000,0.000,0.000,2.508,
2026-01-17 01:00:00,Saturday,1,0.137,2.979,0.000,0.000,0.000,0.000,3.116,
2026-01-17 02:00:00,Saturday,2,0.146,2.339,0.000,0.000,0.000,0.000,2.485,
2026-01-17 03:00:00,Saturday,3,0.156,2.114,0.000,0.000,0.000,0.000,2.270,
2026-01-17 04:00:00,Saturday,4,0.146,2.363,0.000,0.000,0.000,0.000,2.509,
2026-01-17 05:00:00,Saturday,5,0.113,2.789,0.000,0.000,0.000,0.000,2.902,
2026-01-17 06:00:00,Saturday,6,0.123,2.412,0.119,0.362,0.000,0.000,3.016,
2026-01-17 07:00:00,Saturday,7,0.112,3.011,0.127,0.272,0.000,0.000,3.522,
2026-01-17 08:00:00,Saturday,8,0.126,2.399,0.121,0.205,0.000,0.000,2.851,
2026-01-17 09:00:00,Saturday,9,0.114,2.405,0.000,0.000,0.078,0.000,2.597,
2026-01-17 10:00:00,Saturday,10,0.115,3.158,0.000,0.000,0.180,0.000,3.453,
2026-01-17 11:00:00,Saturday,11,0.158,2.574,0.000,0.000,0.244,0.000,2.976,
2026-01-17 12:00:00,Saturday,12,0.149,2.690,0.000,0.705,0.094,0.000,3.638,
2026-01-17 13:00:00,Saturday,13,0.148,2.418,0.000,0.000,0.144,0.000,2.710,
2026-01-17 14:00:00,Saturday,14,0.135,2.508,0.000,0.000,0.088,0.000,2.731,
2026-01-17 15:00:00,Saturday,15,0.116,3.223,0.000,0.000,0.093,0.000,3.432,
2026-01-17 16:00:00,Saturday,16,0.150,2.612,0.075,0.000,0.153,0.000,2.990,
2026-01-17 17:00:00,Saturday,17,0.143,2.822,0.224,0.000,0.311,0.000,3.500,
2026-01-17 18:00:00,Saturday,18,0.134,2.604,0.254,0.944,0.336,0.000,4.272,
2026-01-17 19:00:00,Saturday,19,0.120,2.672,0.142,0.000,0.154,0.000,3.088,
2026-01-17 20:00:00,Saturday,20,0.157,3.219,0.177,0.000,0.186,0.000,3.739,
2026-01-17 21:00:00,Saturday,21,0.156,2.429,0.101,0.000,0.298,0.000,2.984,
2026-01-17 22:00:00,Saturday,22,0.124,2.344,0.118,0.000,0.300,0.000,2.886,
2026-01-17 23:00:00,Saturday,23,0.176,2.830,0.000,0.000,0.000,0.000,3.006,
2026-01-18 00:00:00,Sunday,0,0.173,2.644,0.000,0.000,0.000,0.000,2.817,
2026-01-18 01:00:00,Sunday,1,0.135,2.204,0.000,0.000,0.000,0.000,2.339,
2026-01-18 02:00:00,Sunday,2,0.138,2.223,0.000,0.000,0.000,0.000,2.361,
2026-01-18 03:00:00,Sunday,3,0.177,2.890,0.000,0.000,0.000,0.000,3.067,
2026-01-18 04:00:00,Sunday,4,0.111,2.333,0.000,0.000,0.000,0.000,2.444,
2026-01-18 05:00:00,Sunday,5,0.133,2.308,0.000,0.000,0.000,0.000,2.441,
2026-01-18 06:00:00,Sunday,6,0.133,2.912,0.113,0.276,0.000,0.000,3.434,
2026-01-18 07:00:00,Sunday,7,0.157,2.480,0.074,0.311,0.000,0.000,3.022,
2026-01-18 08:00:00,Sunday,8,0.119,2.864,0.160,0.369,0.000,0.000,3.512,
2026-01-18 09:00:00,Sunday,9,0.154,2.339,0.000,0.000,0.169,0.000,2.662,
2026-01-18 10:00:00,Sunday,10,0.123,2.799,0.000,0.000,0.070,0.000,2.992,
2026-01-18 11:00:00,Sunday,11,0.124,2.783,0.000,0.000,0.067,0.000,2.974,
2026-01-18 12:00:00,Sunday,12,0.123,2.648,0.000,1.001,0.231,0.000,4.003,
2026-01-18 13:00:00,Sunday,13,0.123,2.632,0.000,0.000,0.061,0.000,2.816,
2026-01-18 14:00:00,Sunday,14,0.112,2.465,0.000,0.000,0.082,1.063,3.722,zmywarka
2026-01-18 15:00:00,Sunday,15,0.117,2.361,0.000,0.000,0.053,0.000,2.531,
2026-01-18 16:00:00,Sunday,16,0.139,2.289,0.175,0.000,0.076,0.000,2.679,
2026-01-18 17:00:00,Sunday,17,0.154,2.921,0.177,1.753,0.343,0.000,5.348,
2026-01-18 18:00:00,Sunday,18,0.140,3.040,0.189,0.000,0.218,0.000,3.587,
2026-01-18 19:00:00,Sunday,19,0.135,3.205,0.211,0.000,0.171,0.000,3.722,
2026-01-18 20:00:00,Sunday,20,0.159,3.045,0.250,0.000,0.209,0.000,3.663,
2026-01-18 21:00:00,Sunday,21,0.122,3.054,0.237,0.000,0.253,0.000,3.666,
2026-01-18 22:00:00,Sunday,22,0.145,2.369,0.109,0.000,0.229,0.000,2.852,
2026-01-18 23:00:00,Sunday,23,0.175,2.317,0.000,0.000,0.000,0.000,2.492,
2026-01-19 00:00:00,Monday,0,0.127,2.299,0.000,0.000,0.000,0.000,2.426,
2026-01-19 01:00:00,Monday,1,0.138,2.437,0.000,0.000,0.000,0.000,2.575,
2026-01-19 02:00:00,Monday,2,0.154,2.496,0.000,0.000,0.000,0.000,2.650,
2026-01-19 03:00:00,Monday,3,0.150,3.069,0.000,0.000,0.000,0.000,3.219,
2026-01-19 04:00:00,Monday,4,0.143,2.686,0.000,0.000,0.000,0.000,2.829,
2026-01-19 05:00:00,Monday,5,0.157,3.208,0.000,0.000,0.000,0.000,3.365,
2026-01-19 06:00:00,Monday,6,0.143,3.082,0.098,0.455,0.000,0.000,3.778,
2026-01-19 07:00:00,Monday,7,0.125,3.573,0.150,0.306,0.000,0.000,4.154,
2026-01-19 08:00:00,Monday,8,0.127,3.031,0.000,0.401,0.000,0.000,3.559,
2026-01-19 09:00:00,Monday,9,0.153,3.339,0.000,0.000,0.000,0.000,3.492,
2026-01-19 10:00:00,Monday,10,0.142,3.437,0.000,0.000,0.000,0.000,3.579,
2026-01-19 11:00:00,Monday,11,0.129,2.662,0.000,0.000,0.000,0.000,2.791,
2026-01-19 12:00:00,Monday,12,0.158,2.967,0.000,0.000,0.000,0.000,3.125,
2026-01-19 13:00:00,Monday,13,0.151,2.930,0.000,0.000,0.000,0.000,3.081,
2026-01-19 14:00:00,Monday,14,0.125,3.120,0.000,0.000,0.225,0.000,3.470,
2026-01-19 15:00:00,Monday,15,0.142,2.420,0.000,0.000,0.234,0.000,2.796,
2026-01-19 16:00:00,Monday,16,0.150,3.190,0.168,0.000,0.085,0.000,3.593,
2026-01-19 17:00:00,Monday,17,0.112,2.907,0.293,0.000,0.293,0.000,3.605,
2026-01-19 18:00:00,Monday,18,0.156,3.265,0.191,1.566,0.196,0.000,5.374,
2026-01-19 19:00:00,Monday,19,0.159,3.026,0.215,0.000,0.208,1.168,4.776,zmywarka
2026-01-19 20:00:00,Monday,20,0.134,2.457,0.169,0.000,0.341,0.000,3.101,
2026-01-19 21:00:00,Monday,21,0.125,2.798,0.232,0.000,0.251,0.000,3.406,
2026-01-19 22:00:00,Monday,22,0.158,2.721,0.140,0.000,0.296,0.000,3.315,
2026-01-19 23:00:00,Monday,23,0.138,2.300,0.000,0.000,0.000,0.000,2.438,
2026-01-20 00:00:00,Tuesday,0,0.160,2.665,0.000,0.000,0.000,0.000,2.825,
2026-01-20 01:00:00,Tuesday,1,0.180,2.909,0.000,0.000,0.000,0.000,3.089,
2026-01-20 02:00:00,Tuesday,2,0.124,2.525,0.000,0.000,0.000,0.000,2.649,
2026-01-20 03:00:00,Tuesday,3,0.137,2.792,0.000,0.000,0.000,0.000,2.929,
2026-01-20 04:00:00,Tuesday,4,0.150,2.876,0.000,0.000,0.000,0.000,3.026,
2026-01-20 05:00:00,Tuesday,5,0.171,3.046,0.000,0.000,0.000,0.000,3.217,
2026-01-20 06:00:00,Tuesday,6,0.126,3.289,0.173,0.519,0.000,0.000,4.107,
2026-01-20 07:00:00,Tuesday,7,0.142,2.553,0.174,0.350,0.000,0.000,3.219,
2026-01-20 08:00:00,Tuesday,8,0.147,3.012,0.000,0.545,0.000,0.000,3.704,
2026-01-20 09:00:00,Tuesday,9,0.113,3.474,0.000,0.000,0.097,0.000,3.684,
2026-01-20 10:00:00,Tuesday,10,0.126,3.018,0.000,0.000,0.131,0.000,3.275,
2026-01-20 11:00:00,Tuesday,11,0.130,2.847,0.000,0.000,0.146,0.000,3.123,
2026-01-20 12:00:00,Tuesday,12,0.110,3.040,0.000,0.753,0.105,0.000,4.008,
2026-01-20 13:00:00,Tuesday,13,0.133,3.001,0.000,0.000,0.087,0.958,4.179,pralka
2026-01-20 14:00:00,Tuesday,14,0.132,2.876,0.000,0.000,0.128,0.000,3.136,
2026-01-20 15:00:00,Tuesday,15,0.157,2.883,0.000,0.000,0.212,0.000,3.252,
2026-01-20 16:00:00,Tuesday,16,0.145,3.000,0.065,0.000,0.088,0.000,3.298,
2026-01-20 17:00:00,Tuesday,17,0.118,3.089,0.128,1.096,0.230,0.000,4.661,
2026-01-20 18:00:00,Tuesday,18,0.144,3.303,0.253,0.000,0.300,0.000,4.000,
2026-01-20 19:00:00,Tuesday,19,0.152,2.985,0.188,0.000,0.300,0.953,4.578,zmywarka
2026-01-20 20:00:00,Tuesday,20,0.113,2.860,0.298,0.000,0.190,0.000,3.461,
2026-01-20 21:00:00,Tuesday,21,0.111,3.442,0.138,0.000,0.349,0.000,4.040,
2026-01-20 22:00:00,Tuesday,22,0.112,3.020,0.079,0.000,0.217,0.000,3.428,
2026-01-20 23:00:00,Tuesday,23,0.166,2.714,0.000,0.000,0.000,0.000,2.880,
2026-01-21 00:00:00,Wednesday,0,0.137,3.444,0.000,0.000,0.000,0.000,3.581,
2026-01-21 01:00:00,Wednesday,1,0.171,2.969,0.000,0.000,0.000,0.000,3.140,
2026-01-21 02:00:00,Wednesday,2,0.158,3.068,0.000,0.000,0.000,0.000,3.226,
2026-01-21 03:00:00,Wednesday,3,0.142,3.301,0.000,0.000,0.000,0.000,3.443,
2026-01-21 04:00:00,Wednesday,4,0.157,3.315,0.000,0.000,0.000,0.000,3.472,
2026-01-21 05:00:00,Wednesday,5,0.152,3.171,0.000,0.000,0.000,0.000,3.323,
2026-01-21 06:00:00,Wednesday,6,0.120,3.342,0.080,0.215,0.000,0.000,3.757,
2026-01-21 07:00:00,Wednesday,7,0.124,3.310,0.203,0.280,0.000,0.000,3.917,
2026-01-21 08:00:00,Wednesday,8,0.116,3.247,0.000,0.488,0.000,0.000,3.851,
2026-01-21 09:00:00,Wednesday,9,0.140,3.396,0.000,0.000,0.287,0.000,3.823,praca zdalna
2026-01-21 10:00:00,Wednesday,10,0.149,3.919,0.000,0.000,0.251,0.000,4.319,praca zdalna
2026-01-21 11:00:00,Wednesday,11,0.129,3.540,0.000,0.000,0.258,0.000,3.927,praca zdalna
2026-01-21 12:00:00,Wednesday,12,0.115,3.210,0.000,0.423,0.180,0.000,3.928,praca zdalna
2026-01-21 13:00:00,Wednesday,13,0.150,3.370,0.000,0.000,0.192,0.000,3.712,praca zdalna
2026-01-21 14:00:00,Wednesday,14,0.128,3.131,0.000,0.000,0.208,0.000,3.467,praca zdalna
2026-01-21 15:00:00,Wednesday,15,0.122,3.734,0.000,0.000,0.433,0.000,4.289,praca zdalna
2026-01-21 16:00:00,Wednesday,16,0.119,3.025,0.132,0.000,0.277,0.000,3.553,praca zdalna
2026-01-21 17:00:00,Wednesday,17,0.149,3.423,0.155,0.000,0.253,0.000,3.980,
2026-01-21 18:00:00,Wednesday,18,0.123,3.595,0.285,1.084,0.275,0.000,5.362,
2026-01-21 19:00:00,Wednesday,19,0.154,2.854,0.194,0.000,0.198,0.000,3.400,
2026-01-21 20:00:00,Wednesday,20,0.124,2.821,0.226,0.000,0.308,1.135,4.614,zmywarka
2026-01-21 21:00:00,Wednesday,21,0.125,2.644,0.214,0.000,0.212,0.000,3.195,
2026-01-21 22:00:00,Wednesday,22,0.112,2.854,0.094,0.000,0.342,0.000,3.402,
2026-01-21 23:00:00,Wednesday,23,0.162,2.915,0.000,0.000,0.000,0.000,3.077,
2026-01-22 00:00:00,Thursday,0,0.130,2.707,0.000,0.000,0.000,0.000,2.837,
2026-01-22 01:00:00,Thursday,1,0.149,2.803,0.000,0.000,0.000,0.000,2.952,
2026-01-22 02:00:00,Thursday,2,0.129,3.293,0.000,0.000,0.000,0.000,3.422,
2026-01-22 03:00:00,Thursday,3,0.172,3.321,0.000,0.000,0.000,0.000,3.493,
2026-01-22 04:00:00,Thursday,4,0.110,3.066,0.000,0.000,0.000,0.000,3.176,
2026-01-22 05:00:00,Thursday,5,0.113,3.139,0.000,0.000,0.000,0.000,3.252,
2026-01-22 06:00:00,Thursday,6,0.150,3.967,0.132,0.400,0.000,0.000,4.649,
2026-01-22 07:00:00,Thursday,7,0.124,3.997,0.132,0.356,0.000,0.000,4.609,
2026-01-22 08:00:00,Thursday,8,0.115,3.603,0.092,0.391,0.000,0.000,4.201,
2026-01-22 09:00:00,Thursday,9,0.134,2.999,0.000,0.000,0.120,0.000,3.253,
2026-01-22 10:00:00,Thursday,10,0.159,3.249,0.000,0.000,0.089,0.000,3.497,
2026-01-22 11:00:00,Thursday,11,0.138,3.337,0.000,0.000,0.080,0.000,3.555,
2026-01-22 12:00:00,Thursday,12,0.157,3.027,0.000,0.000,0.096,0.000,3.280,
2026-01-22 13:00:00,Thursday,13,0.114,3.507,0.000,0.724,0.118,0.000,4.463,
2026-01-22 14:00:00,Thursday,14,0.114,2.930,0.000,0.000,0.143,0.000,3.187,
2026-01-22 15:00:00,Thursday,15,0.145,2.829,0.000,0.000,0.082,0.000,3.056,
2026-01-22 16:00:00,Thursday,16,0.146,3.337,0.092,0.000,0.088,0.000,3.663,
2026-01-22 17:00:00,Thursday,17,0.148,3.351,0.158,0.000,0.189,0.000,3.846,
2026-01-22 18:00:00,Thursday,18,0.128,2.697,0.197,1.108,0.289,0.000,4.419,
2026-01-22 19:00:00,Thursday,19,0.158,3.133,0.216,0.000,0.333,0.000,3.840,
2026-01-22 20:00:00,Thursday,20,0.149,3.136,0.102,0.000,0.207,0.890,4.484,zmywarka
2026-01-22 21:00:00,Thursday,21,0.110,3.122,0.169,0.000,0.299,0.000,3.700,
2026-01-22 22:00:00,Thursday,22,0.154,3.282,0.135,0.000,0.242,0.000,3.813,
2026-01-22 23:00:00,Thursday,23,0.137,2.523,0.000,0.000,0.000,0.000,2.660,
2026-01-23 00:00:00,Friday,0,0.123,3.155,0.000,0.000,0.000,0.000,3.278,
2026-01-23 01:00:00,Friday,1,0.173,2.670,0.000,0.000,0.000,0.000,2.843,
2026-01-23 02:00:00,Friday,2,0.171,3.060,0.000,0.000,0.000,0.000,3.231,
2026-01-23 03:00:00,Friday,3,0.131,2.985,0.000,0.000,0.000,0.000,3.116,
2026-01-23 04:00:00,Friday,4,0.133,2.647,0.000,0.000,0.000,0.000,2.780,
2026-01-23 05:00:00,Friday,5,0.158,2.981,0.000,0.000,0.000,0.000,3.139,
2026-01-23 06:00:00,Friday,6,0.140,3.609,0.119,0.505,0.000,0.000,4.373,
2026-01-23 07:00:00,Friday,7,0.137,3.327,0.194,0.499,0.000,0.000,4.157,
2026-01-23 08:00:00,Friday,8,0.122,3.894,0.190,0.398,0.000,0.000,4.604,
2026-01-23 09:00:00,Friday,9,0.135,3.888,0.000,0.000,0.124,0.000,4.147,
2026-01-23 10:00:00,Friday,10,0.111,3.030,0.000,0.000,0.109,0.000,3.250,
2026-01-23 11:00:00,Friday,11,0.159,3.368,0.000,0.000,0.092,0.000,3.619,
2026-01-23 12:00:00,Friday,12,0.133,3.112,0.000,0.000,0.148,0.000,3.393,
2026-01-23 13:00:00,Friday,13,0.136,3.066,0.000,0.313,0.097,0.000,3.612,
2026-01-23 14:00:00,Friday,14,0.125,3.487,0.000,0.000,0.221,0.000,3.833,
2026-01-23 15:00:00,Friday,15,0.139,3.460,0.000,0.000,0.123,0.000,3.722,
2026-01-23 16:00:00,Friday,16,0.158,3.347,0.087,0.000,0.107,0.000,3.699,
2026-01-23 17:00:00,Friday,17,0.137,4.006,0.102,0.000,0.232,0.000,4.477,
2026-01-23 18:00:00,Friday,18,0.113,3.417,0.152,0.608,0.339,0.000,4.629,
2026-01-23 19:00:00,Friday,19,0.150,3.925,0.215,0.000,0.274,0.907,5.471,zmywarka
2026-01-23 20:00:00,Friday,20,0.115,3.021,0.114,0.000,0.199,0.000,3.449,
2026-01-23 21:00:00,Friday,21,0.124,3.668,0.110,0.000,0.221,0.000,4.123,
2026-01-23 22:00:00,Friday,22,0.157,3.002,0.053,0.000,0.290,0.000,3.502,
2026-01-23 23:00:00,Friday,23,0.142,3.117,0.000,0.000,0.000,0.000,3.259,
2026-01-24 00:00:00,Saturday,0,0.111,3.363,0.000,0.000,0.000,0.000,3.474,
2026-01-24 01:00:00,Saturday,1,0.126,3.038,0.000,0.000,0.000,0.000,3.164,
2026-01-24 02:00:00,Saturday,2,0.160,3.069,0.000,0.000,0.000,0.000,3.229,
2026-01-24 03:00:00,Saturday,3,0.149,2.754,0.000,0.000,0.000,0.000,2.903,
2026-01-24 04:00:00,Saturday,4,0.126,3.301,0.000,0.000,0.000,0.000,3.427,
2026-01-24 05:00:00,Saturday,5,0.128,2.893,0.000,0.000,0.000,0.000,3.021,
2026-01-24 06:00:00,Saturday,6,0.110,2.962,0.074,0.544,0.000,0.000,3.690,
2026-01-24 07:00:00,Saturday,7,0.139,3.607,0.203,0.362,0.000,0.000,4.311,
2026-01-24 08:00:00,Saturday,8,0.126,2.989,0.208,0.189,0.000,0.000,3.512,
2026-01-24 09:00:00,Saturday,9,0.151,2.962,0.000,0.000,0.171,0.000,3.284,
2026-01-24 10:00:00,Saturday,10,0.120,3.577,0.000,0.000,0.060,0.000,3.757,
2026-01-24 11:00:00,Saturday,11,0.135,3.567,0.000,0.000,0.246,0.000,3.948,
2026-01-24 12:00:00,Saturday,12,0.157,3.028,0.000,0.000,0.057,0.000,3.242,
2026-01-24 13:00:00,Saturday,13,0.136,2.846,0.000,1.145,0.132,0.000,4.259,
2026-01-24 14:00:00,Saturday,14,0.159,3.530,0.000,0.000,0.135,0.000,3.824,
2026-01-24 15:00:00,Saturday,15,0.136,3.253,0.000,0.000,0.181,0.000,3.570,
2026-01-24 16:00:00,Saturday,16,0.130,3.162,0.142,0.000,0.224,0.000,3.658,
2026-01-24 17:00:00,Saturday,17,0.137,2.995,0.147,0.000,0.325,0.000,3.604,
2026-01-24 18:00:00,Saturday,18,0.124,3.068,0.178,0.670,0.262,0.000,4.302,
2026-01-24 19:00:00,Saturday,19,0.152,3.123,0.103,0.000,0.185,0.000,3.563,
2026-01-24 20:00:00,Saturday,20,0.139,3.222,0.131,0.000,0.291,0.000,3.783,
2026-01-24 21:00:00,Saturday,21,0.155,3.385,0.265,0.000,0.219,0.000,4.024,
2026-01-24 22:00:00,Saturday,22,0.159,3.187,0.059,0.000,0.302,0.000,3.707,
2026-01-24 23:00:00,Saturday,23,0.121,2.876,0.000,0.000,0.000,0.000,2.997,
2026-01-25 00:00:00,Sunday,0,0.128,3.527,0.000,0.000,0.000,0.000,3.655,
2026-01-25 01:00:00,Sunday,1,0.122,3.077,0.000,0.000,0.000,0.000,3.199,
2026-01-25 02:00:00,Sunday,2,0.146,3.300,0.000,0.000,0.000,0.000,3.446,
2026-01-25 03:00:00,Sunday,3,0.151,2.805,0.000,0.000,0.000,0.000,2.956,
2026-01-25 04:00:00,Sunday,4,0.111,2.790,0.000,0.000,0.000,0.000,2.901,
2026-01-25 05:00:00,Sunday,5,0.123,3.163,0.000,0.000,0.000,0.000,3.286,
2026-01-25 06:00:00,Sunday,6,0.121,3.559,0.199,0.495,0.000,0.000,4.374,
2026-01-25 07:00:00,Sunday,7,0.151,3.540,0.157,0.527,0.000,0.000,4.375,
2026-01-25 08:00:00,Sunday,8,0.159,2.952,0.163,0.515,0.000,0.000,3.789,
2026-01-25 09:00:00,Sunday,9,0.125,3.837,0.000,0.000,0.059,0.000,4.021,
2026-01-25 10:00:00,Sunday,10,0.128,3.413,0.000,0.000,0.105,0.000,3.646,
2026-01-25 11:00:00,Sunday,11,0.121,3.013,0.000,0.000,0.227,0.000,3.361,
2026-01-25 12:00:00,Sunday,12,0.158,3.201,0.000,0.000,0.239,0.000,3.598,
2026-01-25 13:00:00,Sunday,13,0.148,3.449,0.000,0.561,0.059,1.128,5.345,zmywarka
2026-01-25 14:00:00,Sunday,14,0.139,3.188,0.000,0.000,0.080,0.000,3.407,
2026-01-25 15:00:00,Sunday,15,0.149,2.799,0.000,0.000,0.055,0.000,3.003,
2026-01-25 16:00:00,Sunday,16,0.149,2.642,0.102,0.000,0.155,0.000,3.048,
2026-01-25 17:00:00,Sunday,17,0.129,3.211,0.250,0.000,0.220,0.000,3.810,
2026-01-25 18:00:00,Sunday,18,0.136,3.379,0.273,0.768,0.274,0.000,4.830,
2026-01-25 19:00:00,Sunday,19,0.111,2.900,0.113,0.000,0.180,0.000,3.304,
2026-01-25 20:00:00,Sunday,20,0.119,3.019,0.191,0.000,0.315,0.000,3.644,
2026-01-25 21:00:00,Sunday,21,0.157,3.645,0.275,0.000,0.310,0.000,4.387,
2026-01-25 22:00:00,Sunday,22,0.152,2.777,0.083,0.000,0.255,0.000,3.267,
2026-01-25 23:00:00,Sunday,23,0.119,2.864,0.000,0.000,0.000,0.000,2.983,
2026-01-26 00:00:00,Monday,0,0.151,2.991,0.000,0.000,0.000,0.000,3.142,
2026-01-26 01:00:00,Monday,1,0.122,2.959,0.000,0.000,0.000,0.000,3.081,
2026-01-26 02:00:00,Monday,2,0.123,2.905,0.000,0.000,0.000,0.000,3.028,
2026-01-26 03:00:00,Monday,3,0.169,3.543,0.000,0.000,0.000,0.000,3.712,
2026-01-26 04:00:00,Monday,4,0.144,2.751,0.000,0.000,0.000,0.000,2.895,
2026-01-26 05:00:00,Monday,5,0.173,3.518,0.000,0.000,0.000,0.000,3.691,
2026-01-26 06:00:00,Monday,6,0.146,3.703,0.160,0.454,0.000,0.000,4.463,
2026-01-26 07:00:00,Monday,7,0.140,3.943,0.135,0.465,0.000,0.000,4.683,
2026-01-26 08:00:00,Monday,8,0.151,3.948,0.151,0.545,0.000,0.000,4.795,
2026-01-26 09:00:00,Monday,9,0.138,3.175,0.000,0.000,0.000,0.000,3.313,
2026-01-26 10:00:00,Monday,10,0.115,3.641,0.000,0.000,0.000,0.000,3.756,
2026-01-26 11:00:00,Monday,11,0.128,3.138,0.000,0.000,0.000,0.000,3.266,
2026-01-26 12:00:00,Monday,12,0.135,3.469,0.000,0.000,0.000,0.000,3.604,
2026-01-26 13:00:00,Monday,13,0.158,3.708,0.000,0.000,0.000,0.000,3.866,
2026-01-26 14:00:00,Monday,14,0.115,3.784,0.000,0.000,0.227,0.000,4.126,
2026-01-26 15:00:00,Monday,15,0.116,3.057,0.000,0.000,0.239,0.000,3.412,
2026-01-26 16:00:00,Monday,16,0.128,2.832,0.085,0.000,0.246,0.000,3.291,
2026-01-26 17:00:00,Monday,17,0.138,3.376,0.169,0.000,0.296,0.000,3.979,
2026-01-26 18:00:00,Monday,18,0.151,3.146,0.275,1.040,0.199,0.000,4.811,
2026-01-26 19:00:00,Monday,19,0.128,3.136,0.253,0.000,0.250,0.000,3.767,
2026-01-26 20:00:00,Monday,20,0.151,3.102,0.281,0.000,0.265,0.888,4.687,zmywarka
2026-01-26 21:00:00,Monday,21,0.126,3.893,0.208,0.000,0.183,0.000,4.410,
2026-01-26 22:00:00,Monday,22,0.154,3.578,0.053,0.000,0.224,0.000,4.009,
2026-01-26 23:00:00,Monday,23,0.120,2.658,0.000,0.000,0.000,0.000,2.778,
2026-01-27 00:00:00,Tuesday,0,0.176,3.298,0.000,0.000,0.000,0.000,3.474,
2026-01-27 01:00:00,Tuesday,1,0.158,3.325,0.000,0.000,0.000,0.000,3.483,
2026-01-27 02:00:00,Tuesday,2,0.167,3.143,0.000,0.000,0.000,0.000,3.310,
2026-01-27 03:00:00,Tuesday,3,0.159,3.123,0.000,0.000,0.000,0.000,3.282,
2026-01-27 04:00:00,Tuesday,4,0.157,2.919,0.000,0.000,0.000,0.000,3.076,
2026-01-27 05:00:00,Tuesday,5,0.173,3.414,0.000,0.000,0.000,0.000,3.587,
2026-01-27 06:00:00,Tuesday,6,0.112,3.051,0.102,0.337,0.000,0.000,3.602,
2026-01-27 07:00:00,Tuesday,7,0.146,3.786,0.109,0.505,0.000,0.000,4.546,
2026-01-27 08:00:00,Tuesday,8,0.145,3.239,0.184,0.372,0.000,0.000,3.940,
2026-01-27 09:00:00,Tuesday,9,0.156,3.237,0.000,0.000,0.142,0.000,3.535,
2026-01-27 10:00:00,Tuesday,10,0.136,3.329,0.000,0.000,0.103,0.000,3.568,
2026-01-27 11:00:00,Tuesday,11,0.124,3.233,0.000,0.000,0.143,0.000,3.500,
2026-01-27 12:00:00,Tuesday,12,0.148,3.278,0.000,0.555,0.118,0.710,4.809,pralka
2026-01-27 13:00:00,Tuesday,13,0.159,3.586,0.000,0.000,0.108,0.000,3.853,
2026-01-27 14:00:00,Tuesday,14,0.150,3.344,0.000,0.000,0.147,0.000,3.641,
2026-01-27 15:00:00,Tuesday,15,0.112,3.505,0.000,0.000,0.090,0.000,3.707,
2026-01-27 16:00:00,Tuesday,16,0.158,3.090,0.179,0.000,0.197,0.000,3.624,
2026-01-27 17:00:00,Tuesday,17,0.148,3.215,0.185,0.761,0.278,0.000,4.587,
2026-01-27 18:00:00,Tuesday,18,0.132,3.125,0.251,0.000,0.281,0.000,3.789,
2026-01-27 19:00:00,Tuesday,19,0.116,3.026,0.286,0.000,0.218,1.166,4.812,zmywarka
2026-01-27 20:00:00,Tuesday,20,0.133,3.018,0.112,0.000,0.317,0.000,3.580,
2026-01-27 21:00:00,Tuesday,21,0.125,3.783,0.228,0.000,0.293,0.000,4.429,
2026-01-27 22:00:00,Tuesday,22,0.136,3.015,0.140,0.000,0.290,0.000,3.581,
2026-01-27 23:00:00,Tuesday,23,0.121,2.829,0.000,0.000,0.000,0.000,2.950,
2026-01-28 00:00:00,Wednesday,0,0.120,3.256,0.000,0.000,0.000,0.000,3.376,
2026-01-28 01:00:00,Wednesday,1,0.141,2.872,0.000,0.000,0.000,0.000,3.013,
2026-01-28 02:00:00,Wednesday,2,0.151,3.039,0.000,0.000,0.000,0.000,3.190,
2026-01-28 03:00:00,Wednesday,3,0.183,3.743,0.000,0.000,0.000,0.000,3.926,
2026-01-28 04:00:00,Wednesday,4,0.112,3.427,0.000,0.000,0.000,0.000,3.539,
2026-01-28 05:00:00,Wednesday,5,0.150,3.084,0.000,0.000,0.000,0.000,3.234,
2026-01-28 06:00:00,Wednesday,6,0.127,3.963,0.181,0.519,0.000,0.000,4.790,
2026-01-28 07:00:00,Wednesday,7,0.143,3.605,0.081,0.338,0.000,0.000,4.167,
2026-01-28 08:00:00,Wednesday,8,0.121,4.049,0.127,0.574,0.000,0.000,4.871,
2026-01-28 09:00:00,Wednesday,9,0.150,4.024,0.000,0.000,0.240,0.000,4.414,praca zdalna
2026-01-28 10:00:00,Wednesday,10,0.131,3.990,0.000,0.000,0.231,0.000,4.352,praca zdalna
2026-01-28 11:00:00,Wednesday,11,0.112,3.522,0.000,0.000,0.291,0.000,3.925,praca zdalna
2026-01-28 12:00:00,Wednesday,12,0.112,3.793,0.000,0.000,0.222,0.000,4.127,praca zdalna
2026-01-28 13:00:00,Wednesday,13,0.136,3.597,0.000,0.463,0.191,0.000,4.387,praca zdalna
2026-01-28 14:00:00,Wednesday,14,0.156,3.977,0.000,0.000,0.322,0.000,4.455,praca zdalna
2026-01-28 15:00:00,Wednesday,15,0.132,3.320,0.000,0.000,0.200,0.000,3.652,praca zdalna
2026-01-28 16:00:00,Wednesday,16,0.126,3.920,0.131,0.000,0.211,0.000,4.388,praca zdalna
2026-01-28 17:00:00,Wednesday,17,0.114,4.028,0.207,0.738,0.230,0.000,5.317,
2026-01-28 18:00:00,Wednesday,18,0.155,3.139,0.100,0.000,0.229,0.000,3.623,
2026-01-28 19:00:00,Wednesday,19,0.140,3.162,0.173,0.000,0.321,1.128,4.924,zmywarka
2026-01-28 20:00:00,Wednesday,20,0.158,3.127,0.159,0.000,0.202,0.000,3.646,
2026-01-28 21:00:00,Wednesday,21,0.128,3.428,0.202,0.000,0.286,0.000,4.044,
2026-01-28 22:00:00,Wednesday,22,0.153,3.277,0.134,0.000,0.152,0.000,3.716,
2026-01-28 23:00:00,Wednesday,23,0.173,3.595,0.000,0.000,0.000,0.000,3.768,
2026-01-29 00:00:00,Thursday,0,0.156,3.548,0.000,0.000,0.000,0.000,3.704,
2026-01-29 01:00:00,Thursday,1,0.168,3.403,0.000,0.000,0.000,0.000,3.571,
2026-01-29 02:00:00,Thursday,2,0.137,3.314,0.000,0.000,0.000,0.000,3.451,
2026-01-29 03:00:00,Thursday,3,0.152,3.768,0.000,0.000,0.000,0.000,3.920,
2026-01-29 04:00:00,Thursday,4,0.139,3.080,0.000,0.000,0.000,0.000,3.219,
2026-01-29 05:00:00,Thursday,5,0.173,3.632,0.000,0.000,0.000,0.000,3.805,
2026-01-29 06:00:00,Thursday,6,0.147,3.552,0.124,0.288,0.000,0.000,4.111,
2026-01-29 07:00:00,Thursday,7,0.138,3.781,0.081,0.541,0.000,0.000,4.541,
2026-01-29 08:00:00,Thursday,8,0.154,3.584,0.153,0.369,0.000,0.000,4.260,
2026-01-29 09:00:00,Thursday,9,0.143,3.557,0.000,0.000,0.107,0.000,3.807,
2026-01-29 10:00:00,Thursday,10,0.134,3.921,0.000,0.000,0.133,0.000,4.188,
2026-01-29 11:00:00,Thursday,11,0.152,3.294,0.000,0.000,0.120,0.000,3.566,
2026-01-29 12:00:00,Thursday,12,0.118,3.464,0.000,0.749,0.118,0.000,4.449,
2026-01-29 13:00:00,Thursday,13,0.115,3.497,0.000,0.000,0.090,0.000,3.702,
2026-01-29 14:00:00,Thursday,14,0.119,3.205,0.000,0.000,0.125,0.000,3.449,
2026-01-29 15:00:00,Thursday,15,0.146,3.097,0.000,0.000,0.243,0.000,3.486,
2026-01-29 16:00:00,Thursday,16,0.127,3.452,0.160,0.000,0.208,0.000,3.947,
2026-01-29 17:00:00,Thursday,17,0.111,3.120,0.176,0.000,0.184,0.000,3.591,
2026-01-29 18:00:00,Thursday,18,0.142,3.615,0.263,0.797,0.343,0.000,5.160,
2026-01-29 19:00:00,Thursday,19,0.140,3.301,0.139,0.000,0.230,0.000,3.810,
2026-01-29 20:00:00,Thursday,20,0.147,3.248,0.163,0.000,0.263,0.855,4.676,zmywarka
2026-01-29 21:00:00,Thursday,21,0.117,3.160,0.176,0.000,0.312,0.000,3.765,
2026-01-29 22:00:00,Thursday,22,0.129,3.339,0.058,0.000,0.259,0.000,3.785,
2026-01-29 23:00:00,Thursday,23,0.145,2.971,0.000,0.000,0.000,0.000,3.116,
2026-01-30 00:00:00,Friday,0,0.169,2.988,0.000,0.000,0.000,0.000,3.157,
2026-01-30 01:00:00,Friday,1,0.142,3.282,0.000,0.000,0.000,0.000,3.424,
2026-01-30 02:00:00,Friday,2,0.137,3.066,0.000,0.000,0.000,0.000,3.203,
2026-01-30 03:00:00,Friday,3,0.136,3.112,0.000,0.000,0.000,0.000,3.248,
2026-01-30 04:00:00,Friday,4,0.159,3.635,0.000,0.000,0.000,0.000,3.794,
2026-01-30 05:00:00,Friday,5,0.173,3.205,0.000,0.000,0.000,0.000,3.378,
2026-01-30 06:00:00,Friday,6,0.133,3.391,0.108,0.359,0.000,0.000,3.991,
2026-01-30 07:00:00,Friday,7,0.156,3.718,0.174,0.433,0.000,0.000,4.481,
2026-01-30 08:00:00,Friday,8,0.146,4.056,0.100,0.442,0.000,0.000,4.744,
2026-01-30 09:00:00,Friday,9,0.159,3.625,0.000,0.000,0.142,0.000,3.926,
2026-01-30 10:00:00,Friday,10,0.111,3.057,0.000,0.000,0.093,0.000,3.261,
2026-01-30 11:00:00,Friday,11,0.141,3.887,0.000,0.000,0.127,0.000,4.155,
2026-01-30 12:00:00,Friday,12,0.111,3.333,0.000,0.000,0.098,0.000,3.542,
2026-01-30 13:00:00,Friday,13,0.126,3.273,0.000,0.490,0.085,0.000,3.974,
2026-01-30 14:00:00,Friday,14,0.156,3.809,0.000,0.000,0.112,0.000,4.077,
2026-01-30 15:00:00,Friday,15,0.117,3.821,0.000,0.000,0.226,0.000,4.164,
2026-01-30 16:00:00,Friday,16,0.119,3.294,0.101,0.000,0.120,0.000,3.634,
2026-01-30 17:00:00,Friday,17,0.129,3.190,0.290,0.000,0.294,0.000,3.903,
2026-01-30 18:00:00,Friday,18,0.149,3.639,0.265,0.933,0.319,0.000,5.305,
2026-01-30 19:00:00,Friday,19,0.145,3.806,0.239,0.000,0.225,1.039,5.454,zmywarka
2026-01-30 20:00:00,Friday,20,0.127,3.669,0.108,0.000,0.243,0.000,4.147,
2026-01-30 21:00:00,Friday,21,0.140,3.263,0.229,0.000,0.248,0.000,3.880,
2026-01-30 22:00:00,Friday,22,0.125,3.508,0.147,0.000,0.281,0.000,4.061,
2026-01-30 23:00:00,Friday,23,0.161,2.766,0.000,0.000,0.000,0.000,2.927,
2026-01-31 00:00:00,Saturday,0,0.171,3.267,0.000,0.000,0.000,0.000,3.438,
2026-01-31 01:00:00,Saturday,1,0.150,3.055,0.000,0.000,0.000,0.000,3.205,
2026-01-31 02:00:00,Saturday,2,0.110,3.483,0.000,0.000,0.000,0.000,3.593,
2026-01-31 03:00:00,Saturday,3,0.132,3.122,0.000,0.000,0.000,0.000,3.254,
2026-01-31 04:00:00,Saturday,4,0.149,2.825,0.000,0.000,0.000,0.000,2.974,
2026-01-31 05:00:00,Saturday,5,0.153,3.622,0.000,0.000,0.000,0.000,3.775,
2026-01-31 06:00:00,Saturday,6,0.139,3.826,0.105,0.287,0.000,0.000,4.357,
2026-01-31 07:00:00,Saturday,7,0.115,3.934,0.181,0.363,0.000,0.000,4.593,
2026-01-31 08:00:00,Saturday,8,0.120,3.847,0.100,0.296,0.000,0.000,4.363,
2026-01-31 09:00:00,Saturday,9,0.143,4.087,0.000,0.000,0.052,0.000,4.282,
2026-01-31 10:00:00,Saturday,10,0.127,4.005,0.000,0.000,0.081,0.000,4.213,
2026-01-31 11:00:00,Saturday,11,0.127,3.781,0.000,0.000,0.143,0.000,4.051,
2026-01-31 12:00:00,Saturday,12,0.130,3.408,0.000,0.327,0.063,0.000,3.928,
2026-01-31 13:00:00,Saturday,13,0.115,3.785,0.000,0.000,0.124,0.000,4.024,
2026-01-31 14:00:00,Saturday,14,0.133,4.121,0.000,0.000,0.122,1.109,5.485,zmywarka
2026-01-31 15:00:00,Saturday,15,0.118,4.249,0.000,0.000,0.105,0.000,4.472,
2026-01-31 16:00:00,Saturday,16,0.158,3.737,0.081,0.000,0.130,0.000,4.106,
2026-01-31 17:00:00,Saturday,17,0.149,4.126,0.245,1.328,0.345,0.000,6.193,
2026-01-31 18:00:00,Saturday,18,0.113,3.227,0.265,0.000,0.276,0.000,3.881,
2026-01-31 19:00:00,Saturday,19,0.134,3.527,0.191,0.000,0.244,0.000,4.096,
2026-01-31 20:00:00,Saturday,20,0.140,3.947,0.171,0.000,0.208,0.000,4.466,
2026-01-31 21:00:00,Saturday,21,0.129,4.094,0.236,0.000,0.218,0.000,4.677,
2026-01-31 22:00:00,Saturday,22,0.155,3.275,0.146,0.000,0.214,0.000,3.790,
2026-01-31 23:00:00,Saturday,23,0.121,3.202,0.000,0.000,0.000,0.000,3.323,
2026-02-01 00:00:00,Sunday,0,0.146,3.423,0.000,0.000,0.000,0.000,3.569,
2026-02-01 01:00:00,Sunday,1,0.164,3.948,0.000,0.000,0.000,0.000,4.112,
2026-02-01 02:00:00,Sunday,2,0.156,3.366,0.000,0.000,0.000,0.000,3.522,
2026-02-01 03:00:00,Sunday,3,0.147,3.628,0.000,0.000,0.000,0.000,3.775,
2026-02-01 04:00:00,Sunday,4,0.110,3.432,0.000,0.000,0.000,0.000,3.542,
2026-02-01 05:00:00,Sunday,5,0.119,3.828,0.000,0.000,0.000,0.000,3.947,
2026-02-01 06:00:00,Sunday,6,0.140,4.019,0.092,0.358,0.000,0.000,4.609,
2026-02-01 07:00:00,Sunday,7,0.125,3.410,0.090,0.494,0.000,0.000,4.119,
2026-02-01 08:00:00,Sunday,8,0.115,3.625,0.000,0.528,0.000,0.000,4.268,
2026-02-01 09:00:00,Sunday,9,0.140,3.442,0.000,0.000,0.208,0.000,3.790,
2026-02-01 10:00:00,Sunday,10,0.114,4.185,0.000,0.000,0.244,0.000,4.543,
2026-02-01 11:00:00,Sunday,11,0.133,3.949,0.000,0.000,0.209,0.000,4.291,
2026-02-01 12:00:00,Sunday,12,0.114,3.894,0.000,0.795,0.058,0.000,4.861,
2026-02-01 13:00:00,Sunday,13,0.135,3.962,0.000,0.000,0.224,0.000,4.321,
2026-02-01 14:00:00,Sunday,14,0.142,3.489,0.000,0.000,0.109,1.070,4.810,zmywarka
2026-02-01 15:00:00,Sunday,15,0.127,4.340,0.000,0.000,0.206,0.000,4.673,
2026-02-01 16:00:00,Sunday,16,0.148,4.374,0.000,0.000,0.244,0.000,4.766,
2026-02-01 17:00:00,Sunday,17,0.142,3.310,0.160,0.000,0.207,0.000,3.819,
2026-02-01 18:00:00,Sunday,18,0.129,3.791,0.211,1.105,0.334,0.000,5.570,
2026-02-01 19:00:00,Sunday,19,0.144,4.060,0.169,0.000,0.221,0.000,4.594,
2026-02-01 20:00:00,Sunday,20,0.141,4.109,0.161,0.000,0.152,0.000,4.563,
2026-02-01 21:00:00,Sunday,21,0.128,3.570,0.143,0.000,0.273,0.000,4.114,
2026-02-01 22:00:00,Sunday,22,0.155,3.755,0.107,0.000,0.254,0.000,4.271,
2026-02-01 23:00:00,Sunday,23,0.111,3.458,0.000,0.000,0.000,0.000,3.569,
2026-02-02 00:00:00,Monday,0,0.181,3.381,0.000,0.000,0.000,0.000,3.562,
2026-02-02 01:00:00,Monday,1,0.153,4.252,0.000,0.000,0.000,0.000,4.405,
2026-02-02 02:00:00,Monday,2,0.125,4.365,0.000,0.000,0.000,0.000,4.490,
2026-02-02 03:00:00,Monday,3,0.147,4.216,0.000,0.000,0.000,0.000,4.363,
2026-02-02 04:00:00,Monday,4,0.145,3.568,0.000,0.000,0.000,0.000,3.713,
2026-02-02 05:00:00,Monday,5,0.142,4.377,0.000,0.000,0.000,0.000,4.519,
2026-02-02 06:00:00,Monday,6,0.118,4.224,0.168,0.427,0.000,0.000,4.937,
2026-02-02 07:00:00,Monday,7,0.155,3.618,0.139,0.398,0.000,0.000,4.310,
2026-02-02 08:00:00,Monday,8,0.155,4.544,0.000,0.521,0.000,0.000,5.220,
2026-02-02 09:00:00,Monday,9,0.153,4.066,0.000,0.000,0.096,0.000,4.315,
2026-02-02 10:00:00,Monday,10,0.146,3.506,0.000,0.000,0.083,0.000,3.735,
2026-02-02 11:00:00,Monday,11,0.124,4.107,0.000,0.000,0.143,0.000,4.374,
2026-02-02 12:00:00,Monday,12,0.126,3.515,0.000,0.345,0.116,0.000,4.102,
2026-02-02 13:00:00,Monday,13,0.147,4.189,0.000,0.000,0.089,0.000,4.425,
2026-02-02 14:00:00,Monday,14,0.110,3.868,0.000,0.000,0.142,0.000,4.120,
2026-02-02 15:00:00,Monday,15,0.113,4.252,0.000,0.000,0.148,0.000,4.513,
2026-02-02 16:00:00,Monday,16,0.112,3.662,0.000,0.000,0.224,0.000,3.998,
2026-02-02 17:00:00,Monday,17,0.127,3.695,0.207,0.000,0.185,0.000,4.214,goście
2026-02-02 18:00:00,Monday,18,0.114,4.075,0.114,1.996,0.299,0.000,6.598,goście
2026-02-02 19:00:00,Monday,19,0.143,4.184,0.129,0.000,0.158,0.000,4.614,goście
2026-02-02 20:00:00,Monday,20,0.129,4.115,0.221,0.000,0.248,1.084,5.797,goście; zmywarka
2026-02-02 21:00:00,Monday,21,0.126,3.654,0.104,0.000,0.285,0.000,4.169,goście
2026-02-02 22:00:00,Monday,22,0.122,3.646,0.064,0.000,0.288,0.000,4.120,
2026-02-02 23:00:00,Monday,23,0.131,3.838,0.000,0.000,0.000,0.000,3.969,
2026-02-03 00:00:00,Tuesday,0,0.153,3.314,0.000,0.000,0.000,0.000,3.467,
2026-02-03 01:00:00,Tuesday,1,0.139,3.448,0.000,0.000,0.000,0.000,3.587,
2026-02-03 02:00:00,Tuesday,2,0.177,3.965,0.000,0.000,0.000,0.000,4.142,
2026-02-03 03:00:00,Tuesday,3,0.151,4.034,0.000,0.000,0.000,0.000,4.185,
2026-02-03 04:00:00,Tuesday,4,0.117,3.837,0.000,0.000,0.000,0.000,3.954,
2026-02-03 05:00:00,Tuesday,5,0.181,3.596,0.000,0.000,0.000,0.000,3.777,
2026-02-03 06:00:00,Tuesday,6,0.120,4.281,0.142,0.502,0.000,0.000,5.045,
2026-02-03 07:00:00,Tuesday,7,0.159,3.821,0.177,0.342,0.000,0.000,4.499,
2026-02-03 08:00:00,Tuesday,8,0.121,3.548,0.000,0.434,0.000,0.000,4.103,
2026-02-03 09:00:00,Tuesday,9,0.140,3.960,0.000,0.000,0.103,0.000,4.203,
2026-02-03 10:00:00,Tuesday,10,0.157,4.300,0.000,0.000,0.137,0.000,4.594,
2026-02-03 11:00:00,Tuesday,11,0.128,3.296,0.000,0.000,0.100,0.757,4.281,pralka
2026-02-03 12:00:00,Tuesday,12,0.110,4.018,0.000,0.745,0.111,1.659,6.643,suszarka
2026-02-03 13:00:00,Tuesday,13,0.124,3.825,0.000,0.000,0.084,0.000,4.033,
2026-02-03 14:00:00,Tuesday,14,0.160,3.650,0.000,0.000,0.118,0.000,3.928,
2026-02-03 15:00:00,Tuesday,15,0.143,3.638,0.000,0.000,0.085,0.000,3.866,
2026-02-03 16:00:00,Tuesday,16,0.112,2.852,0.000,0.000,0.156,0.000,3.120,
2026-02-03 17:00:00,Tuesday,17,0.122,3.284,0.191,1.080,0.237,0.000,4.914,
2026-02-03 18:00:00,Tuesday,18,0.121,3.215,0.218,0.000,0.177,0.000,3.731,
2026-02-03 19:00:00,Tuesday,19,0.154,3.371,0.118,0.000,0.177,0.000,3.820,
2026-02-03 20:00:00,Tuesday,20,0.130,3.400,0.297,0.000,0.323,0.000,4.150,
2026-02-03 21:00:00,Tuesday,21,0.117,3.603,0.206,0.000,0.269,0.000,4.195,
2026-02-03 22:00:00,Tuesday,22,0.132,3.656,0.111,0.000,0.275,0.000,4.174,
2026-02-03 23:00:00,Tuesday,23,0.135,3.558,0.000,0.000,0.000,0.000,3.693,
2026-02-04 00:00:00,Wednesday,0,0.144,3.153,0.000,0.000,0.000,0.000,3.297,
2026-02-04 01:00:00,Wednesday,1,0.142,3.132,0.000,0.000,0.000,0.000,3.274,
2026-02-04 02:00:00,Wednesday,2,0.154,3.917,0.000,0.000,0.000,0.000,4.071,
2026-02-04 03:00:00,Wednesday,3,0.113,3.080,0.000,0.000,0.000,0.000,3.193,
2026-02-04 04:00:00,Wednesday,4,0.139,3.398,0.000,0.000,0.000,0.000,3.537,
2026-02-04 05:00:00,Wednesday,5,0.146,3.782,0.000,0.000,0.000,0.000,3.928,
2026-02-04 06:00:00,Wednesday,6,0.141,4.098,0.193,0.478,0.000,0.000,4.910,
2026-02-04 07:00:00,Wednesday,7,0.126,3.650,0.089,0.443,0.000,0.000,4.308,
2026-02-04 08:00:00,Wednesday,8,0.136,3.347,0.000,0.319,0.000,0.000,3.802,
2026-02-04 09:00:00,Wednesday,9,0.125,4.005,0.000,0.000,0.134,0.000,4.264,
2026-02-04 10:00:00,Wednesday,10,0.151,4.016,0.000,0.000,0.120,0.000,4.287,
2026-02-04 11:00:00,Wednesday,11,0.113,3.512,0.000,0.000,0.121,0.000,3.746,
2026-02-04 12:00:00,Wednesday,12,0.127,3.833,0.000,0.808,0.128,0.000,4.896,
2026-02-04 13:00:00,Wednesday,13,0.127,3.865,0.000,0.000,0.125,0.000,4.117,
2026-02-04 14:00:00,Wednesday,14,0.124,3.351,0.000,0.000,0.105,0.000,3.580,
2026-02-04 15:00:00,Wednesday,15,0.143,3.973,0.000,0.000,0.169,0.000,4.285,
2026-02-04 16:00:00,Wednesday,16,0.137,4.101,0.000,0.000,0.206,0.000,4.444,
2026-02-04 17:00:00,Wednesday,17,0.129,3.741,0.291,0.000,0.248,0.000,4.409,
2026-02-04 18:00:00,Wednesday,18,0.139,3.967,0.124,0.931,0.215,0.000,5.376,
2026-02-04 19:00:00,Wednesday,19,0.132,4.124,0.161,0.000,0.211,1.145,5.773,zmywarka
2026-02-04 20:00:00,Wednesday,20,0.150,4.206,0.128,0.000,0.343,0.000,4.827,
2026-02-04 21:00:00,Wednesday,21,0.143,4.031,0.135,0.000,0.245,0.000,4.554,
2026-02-04 22:00:00,Wednesday,22,0.122,3.400,0.123,0.000,0.172,0.000,3.817,
2026-02-04 23:00:00,Wednesday,23,0.113,2.994,0.000,0.000,0.000,0.000,3.107,
2026-02-05 00:00:00,Thursday,0,0.117,3.028,0.000,0.000,0.000,0.000,3.145,
2026-02-05 01:00:00,Thursday,1,0.119,3.761,0.000,0.000,0.000,0.000,3.880,
2026-02-05 02:00:00,Thursday,2,0.150,3.498,0.000,0.000,0.000,0.000,3.648,
2026-02-05 03:00:00,Thursday,3,0.146,3.516,0.000,0.000,0.000,0.000,3.662,
2026-02-05 04:00:00,Thursday,4,0.154,3.170,0.000,0.000,0.000,0.000,3.324,
2026-02-05 05:00:00,Thursday,5,0.147,3.472,0.000,0.000,0.000,0.000,3.619,
2026-02-05 06:00:00,Thursday,6,0.134,3.740,0.154,0.328,0.000,0.000,4.356,
2026-02-05 07:00:00,Thursday,7,0.152,3.615,0.193,0.283,0.000,0.000,4.243,
2026-02-05 08:00:00,Thursday,8,0.151,4.082,0.000,0.324,0.000,0.000,4.557,
2026-02-05 09:00:00,Thursday,9,0.128,4.102,0.000,0.000,0.148,0.000,4.378,
2026-02-05 10:00:00,Thursday,10,0.122,3.923,0.000,0.000,0.123,0.000,4.168,
2026-02-05 11:00:00,Thursday,11,0.136,3.991,0.000,0.000,0.134,0.000,4.261,
2026-02-05 12:00:00,Thursday,12,0.149,4.077,0.000,0.495,0.144,0.000,4.865,
2026-02-05 13:00:00,Thursday,13,0.113,3.101,0.000,0.000,0.149,0.000,3.363,
2026-02-05 14:00:00,Thursday,14,0.126,3.155,0.000,0.000,0.163,0.000,3.444,
2026-02-05 15:00:00,Thursday,15,0.126,3.939,0.000,0.000,0.111,0.000,4.176,
2026-02-05 16:00:00,Thursday,16,0.133,3.328,0.000,0.000,0.129,0.000,3.590,
2026-02-05 17:00:00,Thursday,17,0.155,3.210,0.259,0.000,0.184,0.000,3.808,
2026-02-05 18:00:00,Thursday,18,0.157,2.994,0.294,1.095,0.179,0.000,4.719,
2026-02-05 19:00:00,Thursday,19,0.156,2.994,0.146,0.000,0.284,1.188,4.768,zmywarka
2026-02-05 20:00:00,Thursday,20,0.125,3.583,0.148,0.000,0.281,0.000,4.137,
2026-02-05 21:00:00,Thursday,21,0.116,3.959,0.186,0.000,0.239,0.000,4.500,
2026-02-05 22:00:00,Thursday,22,0.136,2.951,0.050,0.000,0.311,0.000,3.448,
2026-02-05 23:00:00,Thursday,23,0.156,3.569,0.000,0.000,0.000,0.000,3.725,
2026-02-06 00:00:00,Friday,0,0.139,3.087,0.000,0.000,0.000,0.000,3.226,
2026-02-06 01:00:00,Friday,1,0.148,3.192,0.000,0.000,0.000,0.000,3.340,
2026-02-06 02:00:00,Friday,2,0.153,3.430,0.000,0.000,0.000,0.000,3.583,
2026-02-06 03:00:00,Friday,3,0.111,2.867,0.000,0.000,0.000,0.000,2.978,
2026-02-06 04:00:00,Friday,4,0.117,2.977,0.000,0.000,0.000,0.000,3.094,
2026-02-06 05:00:00,Friday,5,0.128,3.144,0.000,0.000,0.000,0.000,3.272,
2026-02-06 06:00:00,Friday,6,0.114,2.815,0.107,0.602,0.000,0.000,3.638,
2026-02-06 07:00:00,Friday,7,0.145,3.691,0.081,0.531,0.000,0.000,4.448,
2026-02-06 08:00:00,Friday,8,0.126,2.944,0.000,0.271,0.000,0.000,3.341,
2026-02-06 09:00:00,Friday,9,0.115,3.795,0.000,0.000,0.129,0.000,4.039,
2026-02-06 10:00:00,Friday,10,0.141,3.230,0.000,0.000,0.085,0.000,3.456,
2026-02-06 11:00:00,Friday,11,0.133,3.018,0.000,0.000,0.147,0.000,3.298,
2026-02-06 12:00:00,Friday,12,0.126,2.896,0.000,0.000,0.090,0.000,3.112,
2026-02-06 13:00:00,Friday,13,0.147,3.553,0.000,0.765,0.117,0.000,4.582,
2026-02-06 14:00:00,Friday,14,0.120,3.351,0.000,0.000,0.194,0.000,3.665,
2026-02-06 15:00:00,Friday,15,0.117,2.953,0.000,0.000,0.129,0.000,3.199,
2026-02-06 16:00:00,Friday,16,0.126,2.836,0.000,0.000,0.170,0.000,3.132,
2026-02-06 17:00:00,Friday,17,0.114,3.430,0.210,0.000,0.297,0.000,4.051,
2026-02-06 18:00:00,Friday,18,0.151,3.121,0.111,1.224,0.344,0.000,4.951,
2026-02-06 19:00:00,Friday,19,0.149,3.080,0.233,0.000,0.168,0.000,3.630,
2026-02-06 20:00:00,Friday,20,0.160,2.851,0.161,0.000,0.203,1.001,4.376,zmywarka
2026-02-06 21:00:00,Friday,21,0.157,3.519,0.125,0.000,0.329,0.000,4.130,
2026-02-06 22:00:00,Friday,22,0.152,2.940,0.083,0.000,0.161,0.000,3.336,
2026-02-06 23:00:00,Friday,23,0.116,3.064,0.000,0.000,0.000,0.000,3.180,
2026-02-07 00:00:00,Saturday,0,0.138,2.905,0.000,0.000,0.000,0.000,3.043,
2026-02-07 01:00:00,Saturday,1,0.113,2.904,0.000,0.000,0.000,0.000,3.017,
2026-02-07 02:00:00,Saturday,2,0.130,2.947,0.000,0.000,0.000,0.000,3.077,
2026-02-07 03:00:00,Saturday,3,0.111,3.330,0.000,0.000,0.000,0.000,3.441,
2026-02-07 04:00:00,Saturday,4,0.140,3.428,0.000,0.000,0.000,0.000,3.568,
2026-02-07 05:00:00,Saturday,5,0.159,2.957,0.000,0.000,0.000,0.000,3.116,
2026-02-07 06:00:00,Saturday,6,0.127,2.880,0.152,0.546,0.000,0.000,3.705,
2026-02-07 07:00:00,Saturday,7,0.110,3.685,0.075,0.307,0.000,0.000,4.177,
2026-02-07 08:00:00,Saturday,8,0.135,3.079,0.000,0.529,0.000,0.000,3.743,
2026-02-07 09:00:00,Saturday,9,0.139,3.201,0.000,0.000,0.071,0.765,4.176,pralka
2026-02-07 10:00:00,Saturday,10,0.113,3.010,0.000,0.000,0.220,2.405,5.748,suszarka
2026-02-07 11:00:00,Saturday,11,0.126,3.072,0.000,0.000,0.067,0.000,3.265,
2026-02-07 12:00:00,Saturday,12,0.156,3.218,0.000,0.000,0.106,0.000,3.480,
2026-02-07 13:00:00,Saturday,13,0.122,3.003,0.000,0.405,0.138,0.000,3.668,
2026-02-07 14:00:00,Saturday,14,0.115,3.505,0.000,0.000,0.205,0.810,4.635,zmywarka
2026-02-07 15:00:00,Saturday,15,0.142,3.601,0.000,0.000,0.228,0.000,3.971,
2026-02-07 16:00:00,Saturday,16,0.139,3.288,0.000,0.000,0.182,0.000,3.609,
2026-02-07 17:00:00,Saturday,17,0.157,3.563,0.234,0.000,0.276,0.000,4.230,
2026-02-07 18:00:00,Saturday,18,0.142,3.684,0.274,0.615,0.211,0.000,4.926,
2026-02-07 19:00:00,Saturday,19,0.140,3.438,0.147,0.000,0.194,0.000,3.919,
2026-02-07 20:00:00,Saturday,20,0.120,3.083,0.164,0.000,0.247,0.000,3.614,
2026-02-07 21:00:00,Saturday,21,0.112,3.601,0.151,0.000,0.346,0.000,4.210,
2026-02-07 22:00:00,Saturday,22,0.123,2.664,0.076,0.000,0.309,0.000,3.172,
2026-02-07 23:00:00,Saturday,23,0.164,2.884,0.000,0.000,0.000,0.000,3.048,
2026-02-08 00:00:00,Sunday,0,0.118,2.752,0.000,0.000,0.000,0.000,2.870,
2026-02-08 01:00:00,Sunday,1,0.138,3.390,0.000,0.000,0.000,0.000,3.528,
2026-02-08 02:00:00,Sunday,2,0.142,2.990,0.000,0.000,0.000,0.000,3.132,
2026-02-08 03:00:00,Sunday,3,0.157,3.694,0.000,0.000,0.000,0.000,3.851,
2026-02-08 04:00:00,Sunday,4,0.169,2.808,0.000,0.000,0.000,0.000,2.977,
2026-02-08 05:00:00,Sunday,5,0.149,3.329,0.000,0.000,0.000,0.000,3.478,
2026-02-08 06:00:00,Sunday,6,0.125,4.014,0.186,0.346,0.000,0.000,4.671,
2026-02-08 07:00:00,Sunday,7,0.129,3.192,0.148,0.505,0.000,0.000,3.974,
2026-02-08 08:00:00,Sunday,8,0.128,3.137,0.000,0.595,0.000,0.000,3.860,
2026-02-08 09:00:00,Sunday,9,0.120,3.694,0.000,0.000,0.127,0.000,3.941,
2026-02-08 10:00:00,Sunday,10,0.148,3.824,0.000,0.000,0.050,0.000,4.022,
2026-02-08 11:00:00,Sunday,11,0.159,3.038,0.000,0.000,0.221,0.000,3.418,
2026-02-08 12:00:00,Sunday,12,0.131,3.863,0.000,0.000,0.203,0.000,4.197,
2026-02-08 13:00:00,Sunday,13,0.113,3.476,0.000,0.793,0.237,0.885,5.504,zmywarka
2026-02-08 14:00:00,Sunday,14,0.145,3.586,0.000,0.000,0.227,0.000,3.958,
2026-02-08 15:00:00,Sunday,15,0.112,2.911,0.000,0.000,0.075,0.000,3.098,
2026-02-08 16:00:00,Sunday,16,0.115,3.649,0.000,0.000,0.105,0.000,3.869,
2026-02-08 17:00:00,Sunday,17,0.156,2.855,0.145,0.859,0.180,0.000,4.195,
2026-02-08 18:00:00,Sunday,18,0.133,2.931,0.122,0.000,0.220,0.000,3.406,
2026-02-08 19:00:00,Sunday,19,0.123,3.472,0.170,0.000,0.249,0.000,4.014,
2026-02-08 20:00:00,Sunday,20,0.150,3.629,0.164,0.000,0.214,0.000,4.157,
2026-02-08 21:00:00,Sunday,21,0.157,3.397,0.174,0.000,0.195,0.000,3.923,
2026-02-08 22:00:00,Sunday,22,0.142,3.071,0.076,0.000,0.201,0.000,3.490,
2026-02-08 23:00:00,Sunday,23,0.128,3.013,0.000,0.000,0.000,0.000,3.141,
2026-02-09 00:00:00,Monday,0,0.161,2.942,0.000,0.000,0.000,0.000,3.103,
2026-02-09 01:00:00,Monday,1,0.140,2.949,0.000,0.000,0.000,0.000,3.089,
2026-02-09 02:00:00,Monday,2,0.149,2.895,0.000,0.000,0.000,0.000,3.044,
2026-02-09 03:00:00,Monday,3,0.144,2.843,0.000,0.000,0.000,0.000,2.987,
2026-02-09 04:00:00,Monday,4,0.148,2.888,0.000,0.000,0.000,0.000,3.036,
2026-02-09 05:00:00,Monday,5,0.132,3.416,0.000,0.000,0.000,0.000,3.548,
2026-02-09 06:00:00,Monday,6,0.119,3.041,0.175,0.338,0.000,0.000,3.673,
2026-02-09 07:00:00,Monday,7,0.151,3.707,0.094,0.441,0.000,0.000,4.393,
2026-02-09 08:00:00,Monday,8,0.112,3.246,0.000,0.394,0.000,0.000,3.752,
2026-02-09 09:00:00,Monday,9,0.159,4.157,0.000,0.000,0.117,0.000,4.433,
2026-02-09 10:00:00,Monday,10,0.120,3.507,0.000,0.000,0.101,0.000,3.728,
2026-02-09 11:00:00,Monday,11,0.125,3.784,0.000,0.000,0.098,0.000,4.007,
2026-02-09 12:00:00,Monday,12,0.131,3.722,0.000,0.654,0.085,0.000,4.592,
2026-02-09 13:00:00,Monday,13,0.128,2.954,0.000,0.000,0.101,0.000,3.183,
2026-02-09 14:00:00,Monday,14,0.112,3.168,0.000,0.000,0.134,0.000,3.414,
2026-02-09 15:00:00,Monday,15,0.147,3.684,0.000,0.000,0.103,0.000,3.934,
2026-02-09 16:00:00,Monday,16,0.154,3.189,0.000,0.000,0.154,0.000,3.497,
2026-02-09 17:00:00,Monday,17,0.140,3.380,0.245,0.000,0.261,0.000,4.026,
2026-02-09 18:00:00,Monday,18,0.144,3.838,0.241,0.972,0.153,0.000,5.348,
2026-02-09 19:00:00,Monday,19,0.139,3.259,0.179,0.000,0.168,0.000,3.745,
2026-02-09 20:00:00,Monday,20,0.152,3.516,0.125,0.000,0.336,1.009,5.138,zmywarka
2026-02-09 21:00:00,Monday,21,0.123,3.962,0.181,0.000,0.306,0.000,4.572,
2026-02-09 22:00:00,Monday,22,0.137,2.801,0.147,0.000,0.184,0.000,3.269,
2026-02-09 23:00:00,Monday,23,0.168,2.861,0.000,0.000,0.000,0.000,3.029,
2026-02-10 00:00:00,Tuesday,0,0.133,3.046,0.000,0.000,0.000,0.000,3.179,
2026-02-10 01:00:00,Tuesday,1,0.134,2.887,0.000,0.000,0.000,0.000,3.021,
2026-02-10 02:00:00,Tuesday,2,0.116,3.295,0.000,0.000,0.000,0.000,3.411,
2026-02-10 03:00:00,Tuesday,3,0.166,3.399,0.000,0.000,0.000,0.000,3.565,
2026-02-10 04:00:00,Tuesday,4,0.158,3.116,0.000,0.000,0.000,0.000,3.274,
2026-02-10 05:00:00,Tuesday,5,0.140,3.479,0.000,0.000,0.000,0.000,3.619,
2026-02-10 06:00:00,Tuesday,6,0.130,3.487,0.097,0.476,0.000,0.000,4.190,
2026-02-10 07:00:00,Tuesday,7,0.130,3.485,0.096,0.537,0.000,0.000,4.248,
2026-02-10 08:00:00,Tuesday,8,0.150,3.472,0.000,0.574,0.000,0.000,4.196,
2026-02-10 09:00:00,Tuesday,9,0.157,3.523,0.000,0.000,0.000,0.000,3.680,
2026-02-10 10:00:00,Tuesday,10,0.119,3.717,0.000,0.000,0.000,0.000,3.836,
2026-02-10 11:00:00,Tuesday,11,0.143,2.987,0.000,0.000,0.000,0.000,3.130,
2026-02-10 12:00:00,Tuesday,12,0.143,2.934,0.000,0.000,0.000,0.000,3.077,
2026-02-10 13:00:00,Tuesday,13,0.155,3.225,0.000,0.000,0.000,0.000,3.380,
2026-02-10 14:00:00,Tuesday,14,0.142,3.114,0.000,0.000,0.173,0.863,4.292,pralka
2026-02-10 15:00:00,Tuesday,15,0.133,3.352,0.000,0.000,0.247,1.710,5.442,suszarka
2026-02-10 16:00:00,Tuesday,16,0.150,3.342,0.000,0.000,0.237,0.000,3.729,
2026-02-10 17:00:00,Tuesday,17,0.137,3.151,0.147,0.909,0.217,0.000,4.561,
2026-02-10 18:00:00,Tuesday,18,0.125,3.812,0.281,0.000,0.267,0.000,4.485,
2026-02-10 19:00:00,Tuesday,19,0.129,2.965,0.153,0.000,0.198,0.000,3.445,
2026-02-10 20:00:00,Tuesday,20,0.129,3.812,0.259,0.000,0.318,0.000,4.518,
2026-02-10 21:00:00,Tuesday,21,0.110,3.399,0.143,0.000,0.349,0.000,4.001,
2026-02-10 22:00:00,Tuesday,22,0.154,2.994,0.117,0.000,0.299,0.000,3.564,
2026-02-10 23:00:00,Tuesday,23,0.126,3.445,0.000,0.000,0.000,0.000,3.571,
2026-02-11 00:00:00,Wednesday,0,0.139,3.511,0.000,0.000,0.000,0.000,3.650,
2026-02-11 01:00:00,Wednesday,1,0.182,3.524,0.000,0.000,0.000,0.000,3.706,
2026-02-11 02:00:00,Wednesday,2,0.130,2.764,0.000,0.000,0.000,0.000,2.894,
2026-02-11 03:00:00,Wednesday,3,0.140,2.726,0.000,0.000,0.000,0.000,2.866,
2026-02-11 04:00:00,Wednesday,4,0.147,2.750,0.000,0.000,0.000,0.000,2.897,
2026-02-11 05:00:00,Wednesday,5,0.178,3.147,0.000,0.000,0.000,0.000,3.325,
2026-02-11 06:00:00,Wednesday,6,0.150,3.796,0.196,0.556,0.000,0.000,4.698,
2026-02-11 07:00:00,Wednesday,7,0.141,3.564,0.180,0.458,0.000,0.000,4.343,
2026-02-11 08:00:00,Wednesday,8,0.144,3.539,0.000,0.334,0.000,0.000,4.017,
2026-02-11 09:00:00,Wednesday,9,0.155,3.281,0.000,0.000,0.122,0.000,3.558,
2026-02-11 10:00:00,Wednesday,10,0.150,3.398,0.000,0.000,0.136,0.000,3.684,
2026-02-11 11:00:00,Wednesday,11,0.133,3.448,0.000,0.000,0.108,0.000,3.689,
2026-02-11 12:00:00,Wednesday,12,0.138,3.371,0.000,0.000,0.134,0.000,3.643,
2026-02-11 13:00:00,Wednesday,13,0.115,3.232,0.000,0.793,0.119,0.000,4.259,
2026-02-11 14:00:00,Wednesday,14,0.124,2.883,0.000,0.000,0.215,0.000,3.222,
2026-02-11 15:00:00,Wednesday,15,0.125,3.387,0.000,0.000,0.247,0.000,3.759,
2026-02-11 16:00:00,Wednesday,16,0.127,3.607,0.000,0.000,0.102,0.000,3.836,
2026-02-11 17:00:00,Wednesday,17,0.122,3.029,0.248,0.000,0.321,0.000,3.720,
2026-02-11 18:00:00,Wednesday,18,0.152,3.437,0.109,1.862,0.239,0.000,5.799,
2026-02-11 19:00:00,Wednesday,19,0.115,3.241,0.214,0.000,0.179,0.928,4.677,zmywarka
2026-02-11 20:00:00,Wednesday,20,0.132,3.179,0.201,0.000,0.213,0.000,3.725,
2026-02-11 21:00:00,Wednesday,21,0.123,2.840,0.143,0.000,0.290,0.000,3.396,
2026-02-11 22:00:00,Wednesday,22,0.121,3.155,0.124,0.000,0.191,0.000,3.591,
2026-02-11 23:00:00,Wednesday,23,0.113,3.393,0.000,0.000,0.000,0.000,3.506,
2026-02-12 00:00:00,Thursday,0,0.158,2.823,0.000,0.000,0.000,0.000,2.981,
2026-02-12 01:00:00,Thursday,1,0.153,3.205,0.000,0.000,0.000,0.000,3.358,
2026-02-12 02:00:00,Thursday,2,0.127,3.704,0.000,0.000,0.000,0.000,3.831,
2026-02-12 03:00:00,Thursday,3,0.163,3.130,0.000,0.000,0.000,0.000,3.293,
2026-02-12 04:00:00,Thursday,4,0.168,3.089,0.000,0.000,0.000,0.000,3.257,
2026-02-12 05:00:00,Thursday,5,0.119,3.653,0.000,0.000,0.000,0.000,3.772,
2026-02-12 06:00:00,Thursday,6,0.126,3.704,0.094,0.428,0.000,0.000,4.352,
2026-02-12 07:00:00,Thursday,7,0.147,3.161,0.199,0.363,0.000,0.000,3.870,
2026-02-12 08:00:00,Thursday,8,0.146,3.672,0.000,0.255,0.000,0.000,4.073,
2026-02-12 09:00:00,Thursday,9,0.136,3.708,0.000,0.000,0.135,0.000,3.979,
2026-02-12 10:00:00,Thursday,10,0.149,3.322,0.000,0.000,0.116,0.000,3.587,
2026-02-12 11:00:00,Thursday,11,0.118,3.509,0.000,0.000,0.148,0.000,3.775,
2026-02-12 12:00:00,Thursday,12,0.149,3.376,0.000,0.000,0.139,0.000,3.664,
2026-02-12 13:00:00,Thursday,13,0.134,3.607,0.000,0.630,0.123,0.000,4.494,
2026-02-12 14:00:00,Thursday,14,0.145,3.053,0.000,0.000,0.114,0.000,3.312,
2026-02-12 15:00:00,Thursday,15,0.127,3.019,0.000,0.000,0.206,0.000,3.352,
2026-02-12 16:00:00,Thursday,16,0.119,3.509,0.000,0.000,0.212,0.000,3.840,
2026-02-12 17:00:00,Thursday,17,0.128,3.367,0.249,0.000,0.287,0.000,4.031,
2026-02-12 18:00:00,Thursday,18,0.145,3.789,0.171,1.826,0.216,0.000,6.147,
2026-02-12 19:00:00,Thursday,19,0.153,3.636,0.117,0.000,0.292,0.000,4.198,
2026-02-12 20:00:00,Thursday,20,0.141,3.281,0.112,0.000,0.196,0.000,3.730,
2026-02-12 21:00:00,Thursday,21,0.148,3.004,0.264,0.000,0.237,0.000,3.653,
2026-02-12 22:00:00,Thursday,22,0.134,3.409,0.073,0.000,0.163,0.000,3.779,
2026-02-12 23:00:00,Thursday,23,0.158,3.282,0.000,0.000,0.000,0.000,3.440,
2026-02-13 00:00:00,Friday,0,0.117,3.222,0.000,0.000,0.000,0.000,3.339,
2026-02-13 01:00:00,Friday,1,0.182,2.988,0.000,0.000,0.000,0.000,3.170,
2026-02-13 02:00:00,Friday,2,0.145,3.285,0.000,0.000,0.000,0.000,3.430,
2026-02-13 03:00:00,Friday,3,0.176,3.499,0.000,0.000,0.000,0.000,3.675,
2026-02-13 04:00:00,Friday,4,0.110,3.531,0.000,0.000,0.000,0.000,3.641,
2026-02-13 05:00:00,Friday,5,0.166,3.185,0.000,0.000,0.000,0.000,3.351,
2026-02-13 06:00:00,Friday,6,0.129,3.542,0.180,0.566,0.000,0.000,4.417,
2026-02-13 07:00:00,Friday,7,0.150,3.947,0.087,0.282,0.000,0.000,4.466,
2026-02-13 08:00:00,Friday,8,0.157,3.809,0.000,0.437,0.000,0.000,4.403,
2026-02-13 09:00:00,Friday,9,0.141,3.425,0.000,0.000,0.000,0.000,3.566,
2026-02-13 10:00:00,Friday,10,0.120,3.582,0.000,0.000,0.000,0.000,3.702,
2026-02-13 11:00:00,Friday,11,0.129,3.611,0.000,0.000,0.000,0.000,3.740,
2026-02-13 12:00:00,Friday,12,0.124,4.038,0.000,0.000,0.000,0.000,4.162,
2026-02-13 13:00:00,Friday,13,0.119,3.152,0.000,0.000,0.000,0.000,3.271,
2026-02-13 14:00:00,Friday,14,0.116,3.345,0.000,0.000,0.088,0.000,3.549,
2026-02-13 15:00:00,Friday,15,0.128,3.630,0.000,0.000,0.090,0.000,3.848,
2026-02-13 16:00:00,Friday,16,0.125,3.272,0.000,0.000,0.128,0.000,3.525,
2026-02-13 17:00:00,Friday,17,0.145,4.157,0.130,0.853,0.189,0.000,5.474,
2026-02-13 18:00:00,Friday,18,0.151,4.103,0.213,0.000,0.295,0.000,4.762,
2026-02-13 19:00:00,Friday,19,0.141,3.735,0.179,0.000,0.154,0.000,4.209,
2026-02-13 20:00:00,Friday,20,0.147,3.467,0.279,0.000,0.336,0.989,5.218,zmywarka
2026-02-13 21:00:00,Friday,21,0.156,4.206,0.289,0.000,0.337,0.000,4.988,
2026-02-13 22:00:00,Friday,22,0.121,3.581,0.150,0.000,0.252,0.000,4.104,
2026-02-13 23:00:00,Friday,23,0.154,3.319,0.000,0.000,0.000,0.000,3.473,
2026-02-14 00:00:00,Saturday,0,0.178,3.572,0.000,0.000,0.000,0.000,3.750,
2026-02-14 01:00:00,Saturday,1,0.136,3.673,0.000,0.000,0.000,0.000,3.809,
2026-02-14 02:00:00,Saturday,2,0.136,3.670,0.000,0.000,0.000,0.000,3.806,
2026-02-14 03:00:00,Saturday,3,0.158,3.744,0.000,0.000,0.000,0.000,3.902,
2026-02-14 04:00:00,Saturday,4,0.138,3.265,0.000,0.000,0.000,0.000,3.403,
2026-02-14 05:00:00,Saturday,5,0.129,3.663,0.000,0.000,0.000,0.000,3.792,
2026-02-14 06:00:00,Saturday,6,0.145,4.415,0.078,0.292,0.000,0.000,4.930,
2026-02-14 07:00:00,Saturday,7,0.159,3.861,0.190,0.353,0.000,0.000,4.563,
2026-02-14 08:00:00,Saturday,8,0.126,3.994,0.000,0.552,0.000,0.000,4.672,
2026-02-14 09:00:00,Saturday,9,0.136,3.607,0.000,0.000,0.157,0.612,4.512,pralka
2026-02-14 10:00:00,Saturday,10,0.140,4.141,0.000,0.000,0.237,1.905,6.423,suszarka
2026-02-14 11:00:00,Saturday,11,0.154,3.941,0.000,0.000,0.211,0.000,4.306,
2026-02-14 12:00:00,Saturday,12,0.111,4.122,0.000,0.000,0.122,0.000,4.355,
2026-02-14 13:00:00,Saturday,13,0.153,3.465,0.000,0.614,0.176,0.000,4.408,
2026-02-14 14:00:00,Saturday,14,0.132,4.207,0.000,0.000,0.220,0.000,4.559,
2026-02-14 15:00:00,Saturday,15,0.121,3.817,0.000,0.000,0.191,0.000,4.129,
2026-02-14 16:00:00,Saturday,16,0.119,3.185,0.000,0.000,0.117,0.000,3.421,
2026-02-14 17:00:00,Saturday,17,0.143,3.249,0.110,0.000,0.266,0.000,3.768,
2026-02-14 18:00:00,Saturday,18,0.158,3.480,0.125,1.194,0.162,0.000,5.119,
2026-02-14 19:00:00,Saturday,19,0.126,4.253,0.251,0.000,0.180,0.000,4.810,
2026-02-14 20:00:00,Saturday,20,0.140,3.900,0.106,0.000,0.232,0.000,4.378,
2026-02-14 21:00:00,Saturday,21,0.158,3.639,0.148,0.000,0.236,0.000,4.181,
2026-02-14 22:00:00,Saturday,22,0.159,3.311,0.125,0.000,0.326,0.000,3.921,
2026-02-14 23:00:00,Saturday,23,0.164,3.792,0.000,0.000,0.000,0.000,3.956,
2026-02-15 00:00:00,Sunday,0,0.160,4.071,0.000,0.000,0.000,0.000,4.231,
2026-02-15 01:00:00,Sunday,1,0.156,4.217,0.000,0.000,0.000,0.000,4.373,
2026-02-15 02:00:00,Sunday,2,0.132,3.410,0.000,0.000,0.000,0.000,3.542,
2026-02-15 03:00:00,Sunday,3,0.152,4.400,0.000,0.000,0.000,0.000,4.552,
2026-02-15 04:00:00,Sunday,4,0.122,3.564,0.000,0.000,0.000,0.000,3.686,
2026-02-15 05:00:00,Sunday,5,0.113,3.960,0.000,0.000,0.000,0.000,4.073,
2026-02-15 06:00:00,Sunday,6,0.154,4.528,0.194,0.351,0.000,0.000,5.227,
2026-02-15 07:00:00,Sunday,7,0.118,3.671,0.154,0.238,0.000,0.000,4.181,
2026-02-15 08:00:00,Sunday,8,0.150,3.583,0.000,0.585,0.000,0.000,4.318,
2026-02-15 09:00:00,Sunday,9,0.143,4.065,0.000,0.000,0.143,0.000,4.351,
2026-02-15 10:00:00,Sunday,10,0.118,4.358,0.000,0.000,0.237,0.000,4.713,
2026-02-15 11:00:00,Sunday,11,0.148,4.399,0.000,0.000,0.100,0.000,4.647,
2026-02-15 12:00:00,Sunday,12,0.152,4.124,0.000,1.320,0.084,0.000,5.680,
2026-02-15 13:00:00,Sunday,13,0.123,4.115,0.000,0.000,0.158,0.000,4.396,
2026-02-15 14:00:00,Sunday,14,0.128,3.400,0.000,0.000,0.222,0.000,3.750,
2026-02-15 15:00:00,Sunday,15,0.154,4.164,0.000,0.000,0.135,0.000,4.453,
2026-02-15 16:00:00,Sunday,16,0.125,3.931,0.000,0.000,0.097,0.000,4.153,
2026-02-15 17:00:00,Sunday,17,0.139,3.262,0.295,0.000,0.246,0.000,3.942,
2026-02-15 18:00:00,Sunday,18,0.135,3.224,0.276,1.355,0.310,0.000,5.300,
2026-02-15 19:00:00,Sunday,19,0.141,3.781,0.175,0.000,0.231,0.000,4.328,
2026-02-15 20:00:00,Sunday,20,0.131,3.312,0.240,0.000,0.320,0.000,4.003,
2026-02-15 21:00:00,Sunday,21,0.155,3.442,0.229,0.000,0.258,0.000,4.084,
2026-02-15 22:00:00,Sunday,22,0.128,3.340,0.055,0.000,0.215,0.000,3.738,
2026-02-15 23:00:00,Sunday,23,0.174,2.906,0.000,0.000,0.000,0.000,3.080,
2026-02-16 00:00:00,Monday,0,0.147,3.699,0.000,0.000,0.000,0.000,3.846,
2026-02-16 01:00:00,Monday,1,0.132,3.255,0.000,0.000,0.000,0.000,3.387,
2026-02-16 02:00:00,Monday,2,0.122,3.003,0.000,0.000,0.000,0.000,3.125,
2026-02-16 03:00:00,Monday,3,0.148,3.260,0.000,0.000,0.000,0.000,3.408,
2026-02-16 04:00:00,Monday,4,0.137,3.605,0.000,0.000,0.000,0.000,3.742,
2026-02-16 05:00:00,Monday,5,0.158,3.466,0.000,0.000,0.000,0.000,3.624,
2026-02-16 06:00:00,Monday,6,0.119,3.589,0.208,0.559,0.000,0.000,4.475,
2026-02-16 07:00:00,Monday,7,0.146,3.844,0.087,0.430,0.000,0.000,4.507,
2026-02-16 08:00:00,Monday,8,0.146,3.547,0.000,0.386,0.000,0.000,4.079,
2026-02-16 09:00:00,Monday,9,0.137,3.861,0.000,0.000,0.097,0.000,4.095,
2026-02-16 10:00:00,Monday,10,0.153,3.938,0.000,0.000,0.145,0.000,4.236,
2026-02-16 11:00:00,Monday,11,0.120,3.495,0.000,0.000,0.087,0.000,3.702,
2026-02-16 12:00:00,Monday,12,0.115,4.209,0.000,0.448,0.124,0.000,4.896,
2026-02-16 13:00:00,Monday,13,0.111,3.805,0.000,0.000,0.118,0.000,4.034,
2026-02-16 14:00:00,Monday,14,0.135,3.966,0.000,0.000,0.183,0.000,4.284,
2026-02-16 15:00:00,Monday,15,0.145,4.215,0.000,0.000,0.094,0.000,4.454,
2026-02-16 16:00:00,Monday,16,0.144,3.703,0.000,0.000,0.187,0.000,4.034,
2026-02-16 17:00:00,Monday,17,0.124,4.039,0.266,0.000,0.307,0.000,4.736,goście
2026-02-16 18:00:00,Monday,18,0.112,4.236,0.259,1.685,0.177,0.000,6.469,goście
2026-02-16 19:00:00,Monday,19,0.145,3.226,0.241,0.000,0.221,1.084,4.917,goście; zmywarka
2026-02-16 20:00:00,Monday,20,0.114,3.769,0.145,0.000,0.326,0.000,4.354,goście
2026-02-16 21:00:00,Monday,21,0.129,3.917,0.182,0.000,0.178,0.000,4.406,goście
2026-02-16 22:00:00,Monday,22,0.113,3.432,0.140,0.000,0.203,0.000,3.888,
2026-02-16 23:00:00,Monday,23,0.111,3.199,0.000,0.000,0.000,0.000,3.310,
2026-02-17 00:00:00,Tuesday,0,0.128,3.445,0.000,0.000,0.000,0.000,3.573,
2026-02-17 01:00:00,Tuesday,1,0.142,3.539,0.000,0.000,0.000,0.000,3.681,
2026-02-17 02:00:00,Tuesday,2,0.147,3.360,0.000,0.000,0.000,0.000,3.507,
2026-02-17 03:00:00,Tuesday,3,0.188,4.069,0.000,0.000,0.000,0.000,4.257,
2026-02-17 04:00:00,Tuesday,4,0.113,3.482,0.000,0.000,0.000,0.000,3.595,
2026-02-17 05:00:00,Tuesday,5,0.157,3.997,0.000,0.000,0.000,0.000,4.154,
2026-02-17 06:00:00,Tuesday,6,0.145,3.816,0.200,0.325,0.000,0.000,4.486,
2026-02-17 07:00:00,Tuesday,7,0.127,3.645,0.155,0.279,0.000,0.000,4.206,
2026-02-17 08:00:00,Tuesday,8,0.155,4.344,0.000,0.450,0.000,0.000,4.949,
2026-02-17 09:00:00,Tuesday,9,0.120,3.964,0.000,0.000,0.252,0.000,4.336,praca zdalna
2026-02-17 10:00:00,Tuesday,10,0.119,4.045,0.000,0.000,0.272,0.000,4.436,praca zdalna
2026-02-17 11:00:00,Tuesday,11,0.110,4.351,0.000,0.000,0.217,0.000,4.678,praca zdalna
2026-02-17 12:00:00,Tuesday,12,0.143,3.238,0.000,0.000,0.194,0.876,4.451,praca zdalna; pralka
2026-02-17 13:00:00,Tuesday,13,0.160,3.327,0.000,0.350,0.249,2.431,6.517,praca zdalna; suszarka
2026-02-17 14:00:00,Tuesday,14,0.134,3.572,0.000,0.000,0.383,0.000,4.089,praca zdalna
2026-02-17 15:00:00,Tuesday,15,0.154,3.405,0.000,0.000,0.223,0.000,3.782,praca zdalna
2026-02-17 16:00:00,Tuesday,16,0.153,3.959,0.000,0.000,0.173,0.000,4.285,praca zdalna
2026-02-17 17:00:00,Tuesday,17,0.146,3.790,0.219,0.000,0.280,0.000,4.435,
2026-02-17 18:00:00,Tuesday,18,0.145,3.726,0.293,1.085,0.340,0.000,5.589,
2026-02-17 19:00:00,Tuesday,19,0.151,3.797,0.198,0.000,0.162,0.000,4.308,
2026-02-17 20:00:00,Tuesday,20,0.120,4.251,0.274,0.000,0.250,0.959,5.854,zmywarka
2026-02-17 21:00:00,Tuesday,21,0.151,4.031,0.202,0.000,0.153,0.000,4.537,
2026-02-17 22:00:00,Tuesday,22,0.142,3.810,0.086,0.000,0.224,0.000,4.262,
2026-02-17 23:00:00,Tuesday,23,0.118,3.078,0.000,0.000,0.000,0.000,3.196,
2026-02-18 00:00:00,Wednesday,0,0.136,3.556,0.000,0.000,0.000,0.000,3.692,
2026-02-18 01:00:00,Wednesday,1,0.146,3.216,0.000,0.000,0.000,0.000,3.362,
2026-02-18 02:00:00,Wednesday,2,0.148,3.681,0.000,0.000,0.000,0.000,3.829,
2026-02-18 03:00:00,Wednesday,3,0.140,3.355,0.000,0.000,0.000,0.000,3.495,
2026-02-18 04:00:00,Wednesday,4,0.165,4.160,0.000,0.000,0.000,0.000,4.325,
2026-02-18 05:00:00,Wednesday,5,0.128,3.805,0.000,0.000,0.000,0.000,3.933,
2026-02-18 06:00:00,Wednesday,6,0.154,4.000,0.086,0.175,0.000,0.000,4.415,
2026-02-18 07:00:00,Wednesday,7,0.131,4.078,0.132,0.401,0.000,0.000,4.742,
2026-02-18 08:00:00,Wednesday,8,0.133,3.667,0.000,0.314,0.000,0.000,4.114,
2026-02-18 09:00:00,Wednesday,9,0.147,4.415,0.000,0.000,0.122,0.000,4.684,
2026-02-18 10:00:00,Wednesday,10,0.154,4.415,0.000,0.000,0.124,0.000,4.693,
2026-02-18 11:00:00,Wednesday,11,0.134,3.576,0.000,0.000,0.125,0.000,3.835,
2026-02-18 12:00:00,Wednesday,12,0.155,3.718,0.000,0.000,0.100,0.000,3.973,
2026-02-18 13:00:00,Wednesday,13,0.140,3.514,0.000,0.384,0.132,0.000,4.170,
2026-02-18 14:00:00,Wednesday,14,0.111,3.112,0.000,0.000,0.191,0.996,4.410,pralka
2026-02-18 15:00:00,Wednesday,15,0.134,3.278,0.000,0.000,0.130,0.000,3.542,
2026-02-18 16:00:00,Wednesday,16,0.148,3.875,0.000,0.000,0.177,0.000,4.200,
2026-02-18 17:00:00,Wednesday,17,0.131,3.893,0.206,0.000,0.244,0.000,4.474,
2026-02-18 18:00:00,Wednesday,18,0.111,3.030,0.159,0.781,0.160,0.000,4.241,
2026-02-18 19:00:00,Wednesday,19,0.115,3.602,0.103,0.000,0.304,1.072,5.196,zmywarka
2026-02-18 20:00:00,Wednesday,20,0.147,3.776,0.265,0.000,0.178,0.000,4.366,
2026-02-18 21:00:00,Wednesday,21,0.136,4.092,0.269,0.000,0.176,0.000,4.673,
2026-02-18 22:00:00,Wednesday,22,0.138,3.829,0.145,0.000,0.203,0.000,4.315,
2026-02-18 23:00:00,Wednesday,23,0.136,3.537,0.000,0.000,0.000,0.000,3.673,
2026-02-19 00:00:00,Thursday,0,0.146,3.489,0.000,0.000,0.000,0.000,3.635,
2026-02-19 01:00:00,Thursday,1,0.141,3.688,0.000,0.000,0.000,0.000,3.829,
2026-02-19 02:00:00,Thursday,2,0.158,3.928,0.000,0.000,0.000,0.000,4.086,
2026-02-19 03:00:00,Thursday,3,0.139,3.640,0.000,0.000,0.000,0.000,3.779,
2026-02-19 04:00:00,Thursday,4,0.135,3.831,0.000,0.000,0.000,0.000,3.966,
2026-02-19 05:00:00,Thursday,5,0.129,3.166,0.000,0.000,0.000,0.000,3.295,
2026-02-19 06:00:00,Thursday,6,0.152,3.556,0.133,0.489,0.000,0.000,4.330,
2026-02-19 07:00:00,Thursday,7,0.155,4.223,0.116,0.454,0.000,0.000,4.948,
2026-02-19 08:00:00,Thursday,8,0.151,3.563,0.000,0.189,0.000,0.000,3.903,
2026-02-19 09:00:00,Thursday,9,0.150,4.504,0.000,0.000,0.106,0.000,4.760,
2026-02-19 10:00:00,Thursday,10,0.125,4.392,0.000,0.000,0.139,0.000,4.656,
2026-02-19 11:00:00,Thursday,11,0.124,3.686,0.000,0.000,0.115,0.000,3.925,
2026-02-19 12:00:00,Thursday,12,0.119,3.971,0.000,0.616,0.146,0.000,4.852,
2026-02-19 13:00:00,Thursday,13,0.143,4.002,0.000,0.000,0.082,0.000,4.227,
2026-02-19 14:00:00,Thursday,14,0.125,3.679,0.000,0.000,0.215,0.000,4.019,
2026-02-19 15:00:00,Thursday,15,0.157,3.973,0.000,0.000,0.084,0.000,4.214,
2026-02-19 16:00:00,Thursday,16,0.134,3.175,0.000,0.000,0.108,0.000,3.417,
2026-02-19 17:00:00,Thursday,17,0.138,3.358,0.169,0.000,0.189,0.000,3.854,
2026-02-19 18:00:00,Thursday,18,0.128,3.684,0.206,0.985,0.215,0.000,5.218,
2026-02-19 19:00:00,Thursday,19,0.122,4.010,0.275,0.000,0.190,0.849,5.446,zmywarka
2026-02-19 20:00:00,Thursday,20,0.159,4.209,0.185,0.000,0.269,0.000,4.822,
2026-02-19 21:00:00,Thursday,21,0.145,4.060,0.120,0.000,0.306,0.000,4.631,
2026-02-19 22:00:00,Thursday,22,0.125,3.452,0.099,0.000,0.185,0.000,3.861,
2026-02-19 23:00:00,Thursday,23,0.152,3.888,0.000,0.000,0.000,0.000,4.040,
2026-02-20 00:00:00,Friday,0,0.130,4.499,0.000,0.000,0.000,0.000,4.629,
2026-02-20 01:00:00,Friday,1,0.130,4.128,0.000,0.000,0.000,0.000,4.258,
2026-02-20 02:00:00,Friday,2,0.116,3.403,0.000,0.000,0.000,0.000,3.519,
2026-02-20 03:00:00,Friday,3,0.158,3.563,0.000,0.000,0.000,0.000,3.721,
2026-02-20 04:00:00,Friday,4,0.124,3.549,0.000,0.000,0.000,0.000,3.673,
2026-02-20 05:00:00,Friday,5,0.158,3.587,0.000,0.000,0.000,0.000,3.745,
2026-02-20 06:00:00,Friday,6,0.138,4.300,0.204,0.431,0.000,0.000,5.073,
2026-02-20 07:00:00,Friday,7,0.114,3.722,0.146,0.581,0.000,0.000,4.563,
2026-02-20 08:00:00,Friday,8,0.113,3.890,0.000,0.430,0.000,0.000,4.433,
2026-02-20 09:00:00,Friday,9,0.113,3.836,0.000,0.000,0.108,0.000,4.057,
2026-02-20 10:00:00,Friday,10,0.136,3.265,0.000,0.000,0.095,0.000,3.496,
2026-02-20 11:00:00,Friday,11,0.147,3.775,0.000,0.000,0.092,0.000,4.014,
2026-02-20 12:00:00,Friday,12,0.113,3.708,0.000,0.709,0.110,0.000,4.640,
2026-02-20 13:00:00,Friday,13,0.116,3.633,0.000,0.000,0.098,0.000,3.847,
2026-02-20 14:00:00,Friday,14,0.160,4.010,0.000,0.000,0.120,0.000,4.290,
2026-02-20 15:00:00,Friday,15,0.114,3.628,0.000,0.000,0.168,0.000,3.910,
2026-02-20 16:00:00,Friday,16,0.128,3.444,0.000,0.000,0.099,0.000,3.671,
2026-02-20 17:00:00,Friday,17,0.143,3.760,0.235,0.000,0.179,0.000,4.317,
2026-02-20 18:00:00,Friday,18,0.111,3.766,0.213,1.196,0.336,0.000,5.622,
2026-02-20 19:00:00,Friday,19,0.158,3.763,0.127,0.000,0.279,1.116,5.443,zmywarka
2026-02-20 20:00:00,Friday,20,0.150,3.340,0.246,0.000,0.201,0.000,3.937,
2026-02-20 21:00:00,Friday,21,0.130,3.164,0.149,0.000,0.276,0.000,3.719,
2026-02-20 22:00:00,Friday,22,0.155,2.858,0.141,0.000,0.326,0.000,3.480,
2026-02-20 23:00:00,Friday,23,0.159,3.011,0.000,0.000,0.000,0.000,3.170,
2026-02-21 00:00:00,Saturday,0,0.148,3.225,0.000,0.000,0.000,0.000,3.373,
2026-02-21 01:00:00,Saturday,1,0.118,2.884,0.000,0.000,0.000,0.000,3.002,
2026-02-21 02:00:00,Saturday,2,0.156,2.944,0.000,0.000,0.000,0.000,3.100,
2026-02-21 03:00:00,Saturday,3,0.135,2.752,0.000,0.000,0.000,0.000,2.887,
2026-02-21 04:00:00,Saturday,4,0.168,2.987,0.000,0.000,0.000,0.000,3.155,
2026-02-21 05:00:00,Saturday,5,0.125,2.485,0.000,0.000,0.000,0.000,2.610,
2026-02-21 06:00:00,Saturday,6,0.126,2.876,0.144,0.406,0.000,0.000,3.552,
2026-02-21 07:00:00,Saturday,7,0.118,3.353,0.166,0.386,0.000,0.000,4.023,
2026-02-21 08:00:00,Saturday,8,0.157,3.046,0.000,0.324,0.000,0.000,3.527,
2026-02-21 09:00:00,Saturday,9,0.122,2.860,0.000,0.000,0.226,0.884,4.092,pralka
2026-02-21 10:00:00,Saturday,10,0.122,2.709,0.000,0.000,0.133,1.639,4.603,suszarka
2026-02-21 11:00:00,Saturday,11,0.131,3.122,0.000,0.000,0.215,0.000,3.468,
2026-02-21 12:00:00,Saturday,12,0.149,2.795,0.000,1.070,0.144,0.000,4.158,
2026-02-21 13:00:00,Saturday,13,0.143,2.324,0.000,0.000,0.128,0.000,2.595,
2026-02-21 14:00:00,Saturday,14,0.147,2.854,0.000,0.000,0.217,0.900,4.118,zmywarka
2026-02-21 15:00:00,Saturday,15,0.115,2.441,0.000,0.000,0.242,0.000,2.798,
2026-02-21 16:00:00,Saturday,16,0.123,2.479,0.000,0.000,0.189,0.000,2.791,
2026-02-21 17:00:00,Saturday,17,0.121,2.780,0.167,0.690,0.182,0.000,3.940,
2026-02-21 18:00:00,Saturday,18,0.130,2.507,0.180,0.000,0.263,0.000,3.080,
2026-02-21 19:00:00,Saturday,19,0.127,2.819,0.250,0.000,0.238,0.000,3.434,
2026-02-21 20:00:00,Saturday,20,0.134,2.714,0.152,0.000,0.282,0.000,3.282,
2026-02-21 21:00:00,Saturday,21,0.119,2.511,0.114,0.000,0.194,0.000,2.938,
2026-02-21 22:00:00,Saturday,22,0.114,2.278,0.127,0.000,0.210,0.000,2.729,
2026-02-21 23:00:00,Saturday,23,0.132,2.593,0.000,0.000,0.000,0.000,2.725,
2026-02-22 00:00:00,Sunday,0,0.134,3.010,0.000,0.000,0.000,0.000,3.144,
2026-02-22 01:00:00,Sunday,1,0.132,3.111,0.000,0.000,0.000,0.000,3.243,
2026-02-22 02:00:00,Sunday,2,0.143,2.329,0.000,0.000,0.000,0.000,2.472,
2026-02-22 03:00:00,Sunday,3,0.130,3.233,0.000,0.000,0.000,0.000,3.363,
2026-02-22 04:00:00,Sunday,4,0.154,3.164,0.000,0.000,0.000,0.000,3.318,
2026-02-22 05:00:00,Sunday,5,0.130,2.842,0.000,0.000,0.000,0.000,2.972,
2026-02-22 06:00:00,Sunday,6,0.120,3.448,0.201,0.203,0.000,0.000,3.972,
2026-02-22 07:00:00,Sunday,7,0.153,3.269,0.086,0.204,0.000,0.000,3.712,
2026-02-22 08:00:00,Sunday,8,0.135,3.154,0.000,0.580,0.000,0.000,3.869,
2026-02-22 09:00:00,Sunday,9,0.125,3.543,0.000,0.000,0.141,0.000,3.809,
2026-02-22 10:00:00,Sunday,10,0.160,2.885,0.000,0.000,0.246,0.000,3.291,
2026-02-22 11:00:00,Sunday,11,0.139,3.075,0.000,0.000,0.222,0.000,3.436,
2026-02-22 12:00:00,Sunday,12,0.114,2.779,0.000,0.000,0.244,0.000,3.137,
2026-02-22 13:00:00,Sunday,13,0.139,2.983,0.000,1.072,0.197,0.000,4.391,
2026-02-22 14:00:00,Sunday,14,0.151,3.403,0.000,0.000,0.086,1.165,4.805,zmywarka
2026-02-22 15:00:00,Sunday,15,0.159,2.650,0.000,0.000,0.134,0.000,2.943,
2026-02-22 16:00:00,Sunday,16,0.145,2.782,0.000,0.000,0.117,0.000,3.044,
2026-02-22 17:00:00,Sunday,17,0.128,2.649,0.223,0.000,0.280,0.000,3.280,
2026-02-22 18:00:00,Sunday,18,0.159,2.602,0.154,0.779,0.316,0.000,4.010,
2026-02-22 19:00:00,Sunday,19,0.137,3.470,0.135,0.000,0.335,0.000,4.077,
2026-02-22 20:00:00,Sunday,20,0.152,3.058,0.252,0.000,0.215,0.000,3.677,
2026-02-22 21:00:00,Sunday,21,0.140,2.573,0.130,0.000,0.274,0.000,3.117,
2026-02-22 22:00:00,Sunday,22,0.155,2.767,0.061,0.000,0.211,0.000,3.194,
2026-02-22 23:00:00,Sunday,23,0.133,2.541,0.000,0.000,0.000,0.000,2.674,
2026-02-23 00:00:00,Monday,0,0.122,2.898,0.000,0.000,0.000,0.000,3.020,
2026-02-23 01:00:00,Monday,1,0.116,2.324,0.000,0.000,0.000,0.000,2.440,
2026-02-23 02:00:00,Monday,2,0.126,2.650,0.000,0.000,0.000,0.000,2.776,
2026-02-23 03:00:00,Monday,3,0.110,2.182,0.000,0.000,0.000,0.000,2.292,
2026-02-23 04:00:00,Monday,4,0.150,2.592,0.000,0.000,0.000,0.000,2.742,
2026-02-23 05:00:00,Monday,5,0.113,2.258,0.000,0.000,0.000,0.000,2.371,
2026-02-23 06:00:00,Monday,6,0.143,2.557,0.093,0.426,0.000,0.000,3.219,
2026-02-23 07:00:00,Monday,7,0.115,2.862,0.172,0.560,0.000,0.000,3.709,
2026-02-23 08:00:00,Monday,8,0.124,2.705,0.000,0.322,0.000,0.000,3.151,
2026-02-23 09:00:00,Monday,9,0.126,2.774,0.000,0.000,0.123,0.000,3.023,praca zdalna
2026-02-23 10:00:00,Monday,10,0.131,2.568,0.000,0.000,0.124,0.000,2.823,praca zdalna
2026-02-23 11:00:00,Monday,11,0.116,2.193,0.000,0.000,0.083,0.000,2.392,praca zdalna
2026-02-23 12:00:00,Monday,12,0.154,2.127,0.000,0.000,0.109,0.000,2.390,praca zdalna
2026-02-23 13:00:00,Monday,13,0.158,2.038,0.000,0.000,0.130,0.000,2.326,praca zdalna
2026-02-23 14:00:00,Monday,14,0.155,2.473,0.000,0.000,0.363,0.000,2.991,praca zdalna
2026-02-23 15:00:00,Monday,15,0.119,2.037,0.000,0.000,0.322,0.000,2.478,praca zdalna
2026-02-23 16:00:00,Monday,16,0.116,2.024,0.000,0.000,0.255,0.000,2.395,praca zdalna
2026-02-23 17:00:00,Monday,17,0.150,1.924,0.267,0.000,0.273,0.000,2.614,
2026-02-23 18:00:00,Monday,18,0.155,2.300,0.206,1.550,0.185,0.000,4.396,
2026-02-23 19:00:00,Monday,19,0.153,1.965,0.168,0.000,0.260,0.996,3.542,zmywarka
2026-02-23 20:00:00,Monday,20,0.125,2.410,0.185,0.000,0.204,0.000,2.924,
2026-02-23 21:00:00,Monday,21,0.155,2.938,0.147,0.000,0.293,0.000,3.533,
2026-02-23 22:00:00,Monday,22,0.155,2.443,0.147,0.000,0.291,0.000,3.036,
2026-02-23 23:00:00,Monday,23,0.134,2.424,0.000,0.000,0.000,0.000,2.558,
2026-02-24 00:00:00,Tuesday,0,0.113,2.942,0.000,0.000,0.000,0.000,3.055,
2026-02-24 01:00:00,Tuesday,1,0.143,2.511,0.000,0.000,0.000,0.000,2.654,
2026-02-24 02:00:00,Tuesday,2,0.144,2.024,0.000,0.000,0.000,0.000,2.168,
2026-02-24 03:00:00,Tuesday,3,0.130,2.738,0.000,0.000,0.000,0.000,2.868,
2026-02-24 04:00:00,Tuesday,4,0.151,2.257,0.000,0.000,0.000,0.000,2.408,
2026-02-24 05:00:00,Tuesday,5,0.161,2.319,0.000,0.000,0.000,0.000,2.480,
2026-02-24 06:00:00,Tuesday,6,0.114,2.753,0.202,0.457,0.000,0.000,3.526,
2026-02-24 07:00:00,Tuesday,7,0.146,2.490,0.158,0.346,0.000,0.000,3.140,
2026-02-24 08:00:00,Tuesday,8,0.150,2.738,0.000,0.333,0.000,0.000,3.221,
2026-02-24 09:00:00,Tuesday,9,0.135,2.643,0.000,0.000,0.101,0.000,2.879,
2026-02-24 10:00:00,Tuesday,10,0.133,2.502,0.000,0.000,0.123,0.000,2.758,
2026-02-24 11:00:00,Tuesday,11,0.133,2.647,0.000,0.000,0.149,0.000,2.929,
2026-02-24 12:00:00,Tuesday,12,0.129,2.901,0.000,0.000,0.125,0.000,3.155,
2026-02-24 13:00:00,Tuesday,13,0.113,2.409,0.000,0.857,0.117,0.000,3.496,
2026-02-24 14:00:00,Tuesday,14,0.157,2.362,0.000,0.000,0.088,0.000,2.607,
2026-02-24 15:00:00,Tuesday,15,0.140,2.612,0.000,0.000,0.176,0.000,2.928,
2026-02-24 16:00:00,Tuesday,16,0.144,2.423,0.000,0.000,0.103,0.000,2.670,
2026-02-24 17:00:00,Tuesday,17,0.129,2.471,0.173,0.000,0.188,0.000,2.961,
2026-02-24 18:00:00,Tuesday,18,0.123,2.919,0.253,0.776,0.175,0.000,4.246,
2026-02-24 19:00:00,Tuesday,19,0.144,2.744,0.107,0.000,0.338,0.000,3.333,
2026-02-24 20:00:00,Tuesday,20,0.154,2.785,0.266,0.000,0.151,0.889,4.245,zmywarka
2026-02-24 21:00:00,Tuesday,21,0.111,3.265,0.160,0.000,0.319,0.000,3.855,
2026-02-24 22:00:00,Tuesday,22,0.136,2.967,0.071,0.000,0.282,0.000,3.456,
2026-02-24 23:00:00,Tuesday,23,0.153,2.952,0.000,0.000,0.000,0.000,3.105,
2026-02-25 00:00:00,Wednesday,0,0.166,3.455,0.000,0.000,0.000,0.000,3.621,
2026-02-25 01:00:00,Wednesday,1,0.134,3.204,0.000,0.000,0.000,0.000,3.338,
2026-02-25 02:00:00,Wednesday,2,0.131,2.803,0.000,0.000,0.000,0.000,2.934,
2026-02-25 03:00:00,Wednesday,3,0.110,3.269,0.000,0.000,0.000,0.000,3.379,
2026-02-25 04:00:00,Wednesday,4,0.126,2.887,0.000,0.000,0.000,0.000,3.013,
2026-02-25 05:00:00,Wednesday,5,0.162,2.692,0.000,0.000,0.000,0.000,2.854,
2026-02-25 06:00:00,Wednesday,6,0.136,3.614,0.103,0.175,0.000,0.000,4.028,
2026-02-25 07:00:00,Wednesday,7,0.114,3.396,0.183,0.292,0.000,0.000,3.985,
2026-02-25 08:00:00,Wednesday,8,0.120,2.999,0.000,0.369,0.000,0.000,3.488,
2026-02-25 09:00:00,Wednesday,9,0.133,2.945,0.000,0.000,0.131,0.640,3.849,pralka
2026-02-25 10:00:00,Wednesday,10,0.119,3.363,0.000,0.000,0.139,1.720,5.341,suszarka
2026-02-25 11:00:00,Wednesday,11,0.128,3.331,0.000,0.000,0.113,0.000,3.572,
2026-02-25 12:00:00,Wednesday,12,0.140,2.583,0.000,0.563,0.112,0.000,3.398,
2026-02-25 13:00:00,Wednesday,13,0.134,2.640,0.000,0.000,0.138,0.000,2.912,
2026-02-25 14:00:00,Wednesday,14,0.137,2.835,0.000,0.000,0.134,0.000,3.106,
2026-02-25 15:00:00,Wednesday,15,0.133,2.950,0.000,0.000,0.162,0.000,3.245,
2026-02-25 16:00:00,Wednesday,16,0.142,2.643,0.000,0.000,0.191,0.000,2.976,
2026-02-25 17:00:00,Wednesday,17,0.130,3.054,0.268,1.009,0.303,0.000,4.764,
2026-02-25 18:00:00,Wednesday,18,0.155,3.389,0.166,0.000,0.295,0.000,4.005,
2026-02-25 19:00:00,Wednesday,19,0.127,2.871,0.268,0.000,0.291,0.000,3.557,
2026-02-25 20:00:00,Wednesday,20,0.123,2.736,0.134,0.000,0.319,0.974,4.286,zmywarka
2026-02-25 21:00:00,Wednesday,21,0.120,3.270,0.171,0.000,0.183,0.000,3.744,
2026-02-25 22:00:00,Wednesday,22,0.133,2.310,0.123,0.000,0.347,0.000,2.913,
2026-02-25 23:00:00,Wednesday,23,0.129,2.512,0.000,0.000,0.000,0.000,2.641,
2026-02-26 00:00:00,Thursday,0,0.134,2.604,0.000,0.000,0.000,0.000,2.738,
2026-02-26 01:00:00,Thursday,1,0.151,2.378,0.000,0.000,0.000,0.000,2.529,
2026-02-26 02:00:00,Thursday,2,0.151,2.827,0.000,0.000,0.000,0.000,2.978,
2026-02-26 03:00:00,Thursday,3,0.144,2.232,0.000,0.000,0.000,0.000,2.376,
2026-02-26 04:00:00,Thursday,4,0.149,2.439,0.000,0.000,0.000,0.000,2.588,
2026-02-26 05:00:00,Thursday,5,0.115,2.298,0.000,0.000,0.000,0.000,2.413,
2026-02-26 06:00:00,Thursday,6,0.145,2.440,0.109,0.441,0.000,0.000,3.135,
2026-02-26 07:00:00,Thursday,7,0.148,2.205,0.203,0.464,0.000,0.000,3.020,
2026-02-26 08:00:00,Thursday,8,0.157,2.678,0.000,0.473,0.000,0.000,3.308,
2026-02-26 09:00:00,Thursday,9,0.114,2.171,0.000,0.000,0.103,0.000,2.388,
2026-02-26 10:00:00,Thursday,10,0.128,2.695,0.000,0.000,0.142,0.000,2.965,
2026-02-26 11:00:00,Thursday,11,0.156,2.373,0.000,0.000,0.117,0.000,2.646,
2026-02-26 12:00:00,Thursday,12,0.112,1.992,0.000,0.000,0.125,0.000,2.229,
2026-02-26 13:00:00,Thursday,13,0.144,2.053,0.000,0.783,0.128,0.000,3.108,
2026-02-26 14:00:00,Thursday,14,0.124,1.879,0.000,0.000,0.209,0.000,2.212,
2026-02-26 15:00:00,Thursday,15,0.136,1.510,0.000,0.000,0.138,0.000,1.784,
2026-02-26 16:00:00,Thursday,16,0.157,1.620,0.000,0.000,0.133,0.000,1.910,
2026-02-26 17:00:00,Thursday,17,0.124,1.431,0.187,0.000,0.245,0.000,1.987,
2026-02-26 18:00:00,Thursday,18,0.157,1.355,0.235,0.835,0.333,0.000,2.915,
2026-02-26 19:00:00,Thursday,19,0.111,1.544,0.182,0.000,0.271,0.000,2.108,
2026-02-26 20:00:00,Thursday,20,0.141,1.822,0.171,0.000,0.339,0.812,3.285,zmywarka
2026-02-26 21:00:00,Thursday,21,0.140,1.598,0.200,0.000,0.272,0.000,2.210,
2026-02-26 22:00:00,Thursday,22,0.111,1.406,0.118,0.000,0.217,0.000,1.852,
2026-02-26 23:00:00,Thursday,23,0.113,1.246,0.000,0.000,0.000,0.000,1.359,
2026-02-27 00:00:00,Friday,0,0.142,1.547,0.000,0.000,0.000,0.000,1.689,
2026-02-27 01:00:00,Friday,1,0.146,1.619,0.000,0.000,0.000,0.000,1.765,
2026-02-27 02:00:00,Friday,2,0.161,1.352,0.000,0.000,0.000,0.000,1.513,
2026-02-27 03:00:00,Friday,3,0.157,1.839,0.000,0.000,0.000,0.000,1.996,
2026-02-27 04:00:00,Friday,4,0.155,1.588,0.000,0.000,0.000,0.000,1.743,
2026-02-27 05:00:00,Friday,5,0.168,1.677,0.000,0.000,0.000,0.000,1.845,
2026-02-27 06:00:00,Friday,6,0.154,1.831,0.108,0.352,0.000,0.000,2.445,
2026-02-27 07:00:00,Friday,7,0.138,1.983,0.115,0.289,0.000,0.000,2.525,
2026-02-27 08:00:00,Friday,8,0.154,1.639,0.000,0.276,0.000,0.000,2.069,
2026-02-27 09:00:00,Friday,9,0.149,1.662,0.000,0.000,0.124,0.000,1.935,
2026-02-27 10:00:00,Friday,10,0.157,1.630,0.000,0.000,0.086,0.642,2.515,pralka
2026-02-27 11:00:00,Friday,11,0.135,1.595,0.000,0.000,0.091,1.667,3.488,suszarka
2026-02-27 12:00:00,Friday,12,0.139,1.472,0.000,0.000,0.086,0.000,1.697,
2026-02-27 13:00:00,Friday,13,0.157,1.190,0.000,0.562,0.149,0.000,2.058,
2026-02-27 14:00:00,Friday,14,0.155,1.119,0.000,0.000,0.089,0.000,1.363,
2026-02-27 15:00:00,Friday,15,0.136,1.190,0.000,0.000,0.217,0.000,1.543,
2026-02-27 16:00:00,Friday,16,0.128,1.536,0.000,0.000,0.089,0.000,1.753,
2026-02-27 17:00:00,Friday,17,0.146,1.451,0.279,1.689,0.159,0.000,3.724,
2026-02-27 18:00:00,Friday,18,0.156,1.232,0.208,0.000,0.214,0.000,1.810,
2026-02-27 19:00:00,Friday,19,0.154,1.333,0.131,0.000,0.171,0.000,1.789,
2026-02-27 20:00:00,Friday,20,0.118,1.592,0.263,0.000,0.236,1.072,3.281,zmywarka
2026-02-27 21:00:00,Friday,21,0.144,1.672,0.278,0.000,0.212,0.000,2.306,
2026-02-27 22:00:00,Friday,22,0.154,1.593,0.075,0.000,0.218,0.000,2.040,
2026-02-27 23:00:00,Friday,23,0.110,1.733,0.000,0.000,0.000,0.000,1.843,
2026-02-28 00:00:00,Saturday,0,0.130,1.736,0.000,0.000,0.000,0.000,1.866,
2026-02-28 01:00:00,Saturday,1,0.184,1.888,0.000,0.000,0.000,0.000,2.072,
2026-02-28 02:00:00,Saturday,2,0.123,1.689,0.000,0.000,0.000,0.000,1.812,
2026-02-28 03:00:00,Saturday,3,0.115,1.962,0.000,0.000,0.000,0.000,2.077,
2026-02-28 04:00:00,Saturday,4,0.142,2.020,0.000,0.000,0.000,0.000,2.162,
2026-02-28 05:00:00,Saturday,5,0.122,1.752,0.000,0.000,0.000,0.000,1.874,
2026-02-28 06:00:00,Saturday,6,0.134,2.001,0.118,0.521,0.000,0.000,2.774,
2026-02-28 07:00:00,Saturday,7,0.118,2.229,0.157,0.474,0.000,0.000,2.978,
2026-02-28 08:00:00,Saturday,8,0.144,1.884,0.000,0.398,0.000,0.000,2.426,
2026-02-28 09:00:00,Saturday,9,0.126,1.950,0.000,0.000,0.087,0.000,2.163,
2026-02-28 10:00:00,Saturday,10,0.113,1.992,0.000,0.000,0.212,0.000,2.317,
2026-02-28 11:00:00,Saturday,11,0.140,1.537,0.000,0.000,0.058,0.000,1.735,
2026-02-28 12:00:00,Saturday,12,0.158,1.797,0.000,0.370,0.099,0.000,2.424,
2026-02-28 13:00:00,Saturday,13,0.135,1.501,0.000,0.000,0.187,0.922,2.745,zmywarka
2026-02-28 14:00:00,Saturday,14,0.140,1.649,0.000,0.000,0.154,0.000,1.943,
2026-02-28 15:00:00,Saturday,15,0.154,1.513,0.000,0.000,0.074,0.000,1.741,
2026-02-28 16:00:00,Saturday,16,0.152,1.692,0.000,0.000,0.086,0.000,1.930,
2026-02-28 17:00:00,Saturday,17,0.142,1.676,0.248,0.000,0.187,0.000,2.253,
2026-02-28 18:00:00,Saturday,18,0.124,1.509,0.155,0.975,0.325,0.000,3.088,
2026-02-28 19:00:00,Saturday,19,0.117,1.815,0.102,0.000,0.193,0.000,2.227,
2026-02-28 20:00:00,Saturday,20,0.141,1.671,0.186,0.000,0.286,0.000,2.284,
2026-02-28 21:00:00,Saturday,21,0.146,1.649,0.260,0.000,0.237,0.000,2.292,
2026-02-28 22:00:00,Saturday,22,0.112,1.766,0.073,0.000,0.293,0.000,2.244,
2026-02-28 23:00:00,Saturday,23,0.144,1.683,0.000,0.000,0.000,0.000,1.827,
2026-03-01 00:00:00,Sunday,0,0.145,1.795,0.000,0.000,0.000,0.000,1.940,
2026-03-01 01:00:00,Sunday,1,0.154,1.757,0.000,0.000,0.000,0.000,1.911,
2026-03-01 02:00:00,Sunday,2,0.154,1.434,0.000,0.000,0.000,0.000,1.588,
2026-03-01 03:00:00,Sunday,3,0.166,1.825,0.000,0.000,0.000,0.000,1.991,
2026-03-01 04:00:00,Sunday,4,0.142,2.100,0.000,0.000,0.000,0.000,2.242,
2026-03-01 05:00:00,Sunday,5,0.142,2.040,0.000,0.000,0.000,0.000,2.182,
2026-03-01 06:00:00,Sunday,6,0.143,2.217,0.205,0.387,0.000,0.000,2.952,
2026-03-01 07:00:00,Sunday,7,0.119,2.257,0.000,0.297,0.000,0.000,2.673,
2026-03-01 08:00:00,Sunday,8,0.150,2.803,0.000,0.386,0.000,0.000,3.339,
2026-03-01 09:00:00,Sunday,9,0.121,2.199,0.000,0.000,0.109,0.000,2.429,
2026-03-01 10:00:00,Sunday,10,0.159,2.639,0.000,0.000,0.242,0.000,3.040,
2026-03-01 11:00:00,Sunday,11,0.139,1.926,0.000,0.000,0.089,0.000,2.154,
2026-03-01 12:00:00,Sunday,12,0.123,2.011,0.000,0.000,0.199,0.000,2.333,
2026-03-01 13:00:00,Sunday,13,0.116,2.018,0.000,1.303,0.209,0.000,3.646,
2026-03-01 14:00:00,Sunday,14,0.151,1.996,0.000,0.000,0.226,0.000,2.373,
2026-03-01 15:00:00,Sunday,15,0.151,1.998,0.000,0.000,0.249,0.000,2.398,
2026-03-01 16:00:00,Sunday,16,0.139,2.117,0.000,0.000,0.081,0.000,2.337,
2026-03-01 17:00:00,Sunday,17,0.148,2.154,0.000,0.715,0.217,0.000,3.234,
2026-03-01 18:00:00,Sunday,18,0.135,1.981,0.233,0.000,0.250,0.000,2.599,
2026-03-01 19:00:00,Sunday,19,0.113,1.875,0.298,0.000,0.210,0.000,2.496,
2026-03-01 20:00:00,Sunday,20,0.114,1.881,0.212,0.000,0.262,0.000,2.469,
2026-03-01 21:00:00,Sunday,21,0.142,2.248,0.186,0.000,0.186,0.000,2.762,
2026-03-01 22:00:00,Sunday,22,0.135,1.909,0.139,0.000,0.226,0.000,2.409,
2026-03-01 23:00:00,Sunday,23,0.156,1.849,0.000,0.000,0.000,0.000,2.005,
2026-03-02 00:00:00,Monday,0,0.136,1.818,0.000,0.000,0.000,0.000,1.954,
2026-03-02 01:00:00,Monday,1,0.153,1.978,0.000,0.000,0.000,0.000,2.131,
2026-03-02 02:00:00,Monday,2,0.168,2.171,0.000,0.000,0.000,0.000,2.339,
2026-03-02 03:00:00,Monday,3,0.147,2.034,0.000,0.000,0.000,0.000,2.181,
2026-03-02 04:00:00,Monday,4,0.148,2.112,0.000,0.000,0.000,0.000,2.260,
2026-03-02 05:00:00,Monday,5,0.151,1.590,0.000,0.000,0.000,0.000,1.741,
2026-03-02 06:00:00,Monday,6,0.140,2.037,0.124,0.491,0.000,0.000,2.792,
2026-03-02 07:00:00,Monday,7,0.153,2.059,0.000,0.267,0.000,0.000,2.479,
2026-03-02 08:00:00,Monday,8,0.138,2.148,0.000,0.546,0.000,0.000,2.832,
2026-03-02 09:00:00,Monday,9,0.144,1.921,0.000,0.000,0.146,0.000,2.211,
2026-03-02 10:00:00,Monday,10,0.148,2.173,0.000,0.000,0.134,0.000,2.455,
2026-03-02 11:00:00,Monday,11,0.125,2.223,0.000,0.000,0.082,0.000,2.430,
2026-03-02 12:00:00,Monday,12,0.124,2.094,0.000,0.000,0.103,0.962,3.283,pralka
2026-03-02 13:00:00,Monday,13,0.131,1.664,0.000,0.358,0.086,1.932,4.171,suszarka
2026-03-02 14:00:00,Monday,14,0.149,1.687,0.000,0.000,0.179,0.000,2.015,
2026-03-02 15:00:00,Monday,15,0.116,1.305,0.000,0.000,0.093,0.000,1.514,
2026-03-02 16:00:00,Monday,16,0.145,1.497,0.000,0.000,0.103,0.000,1.745,
2026-03-02 17:00:00,Monday,17,0.113,1.453,0.000,0.000,0.224,0.000,1.790,
2026-03-02 18:00:00,Monday,18,0.151,2.070,0.288,0.812,0.270,0.000,3.591,
2026-03-02 19:00:00,Monday,19,0.114,2.135,0.230,0.000,0.286,0.000,2.765,
2026-03-02 20:00:00,Monday,20,0.124,2.129,0.139,0.000,0.165,0.000,2.557,
2026-03-02 21:00:00,Monday,21,0.129,1.850,0.130,0.000,0.253,0.000,2.362,
2026-03-02 22:00:00,Monday,22,0.129,1.604,0.074,0.000,0.314,0.000,2.121,
2026-03-02 23:00:00,Monday,23,0.142,1.795,0.000,0.000,0.000,0.000,1.937,
2026-03-03 00:00:00,Tuesday,0,0.170,2.135,0.000,0.000,0.000,0.000,2.305,
2026-03-03 01:00:00,Tuesday,1,0.145,2.129,0.000,0.000,0.000,0.000,2.274,
2026-03-03 02:00:00,Tuesday,2,0.151,1.905,0.000,0.000,0.000,0.000,2.056,
2026-03-03 03:00:00,Tuesday,3,0.167,2.250,0.000,0.000,0.000,0.000,2.417,
2026-03-03 04:00:00,Tuesday,4,0.158,2.375,0.000,0.000,0.000,0.000,2.533,
2026-03-03 05:00:00,Tuesday,5,0.162,2.015,0.000,0.000,0.000,0.000,2.177,
2026-03-03 06:00:00,Tuesday,6,0.133,2.108,0.106,0.527,0.000,0.000,2.874,
2026-03-03 07:00:00,Tuesday,7,0.142,2.356,0.000,0.445,0.000,0.000,2.943,
2026-03-03 08:00:00,Tuesday,8,0.110,2.579,0.000,0.384,0.000,0.000,3.073,
2026-03-03 09:00:00,Tuesday,9,0.138,2.627,0.000,0.000,0.095,0.000,2.860,
2026-03-03 10:00:00,Tuesday,10,0.134,2.070,0.000,0.000,0.148,0.969,3.321,pralka
2026-03-03 11:00:00,Tuesday,11,0.128,1.855,0.000,0.000,0.093,0.000,2.076,
2026-03-03 12:00:00,Tuesday,12,0.116,1.440,0.000,0.000,0.127,0.000,1.683,
2026-03-03 13:00:00,Tuesday,13,0.110,1.497,0.000,0.788,0.092,0.000,2.487,
2026-03-03 14:00:00,Tuesday,14,0.116,1.029,0.000,0.000,0.085,0.000,1.230,
2026-03-03 15:00:00,Tuesday,15,0.160,1.143,0.000,0.000,0.153,0.000,1.456,
2026-03-03 16:00:00,Tuesday,16,0.153,1.043,0.000,0.000,0.209,0.000,1.405,
2026-03-03 17:00:00,Tuesday,17,0.151,1.359,0.000,0.854,0.270,0.000,2.634,
2026-03-03 18:00:00,Tuesday,18,0.124,1.855,0.190,0.000,0.285,0.000,2.454,
2026-03-03 19:00:00,Tuesday,19,0.152,2.094,0.115,0.000,0.294,1.120,3.775,zmywarka
2026-03-03 20:00:00,Tuesday,20,0.140,1.912,0.282,0.000,0.198,0.000,2.532,
2026-03-03 21:00:00,Tuesday,21,0.139,2.060,0.103,0.000,0.240,0.000,2.542,
2026-03-03 22:00:00,Tuesday,22,0.130,1.767,0.062,0.000,0.254,0.000,2.213,
2026-03-03 23:00:00,Tuesday,23,0.152,1.800,0.000,0.000,0.000,0.000,1.952,
2026-03-04 00:00:00,Wednesday,0,0.163,2.089,0.000,0.000,0.000,0.000,2.252,
2026-03-04 01:00:00,Wednesday,1,0.135,2.444,0.000,0.000,0.000,0.000,2.579,
2026-03-04 02:00:00,Wednesday,2,0.126,1.990,0.000,0.000,0.000,0.000,2.116,
2026-03-04 03:00:00,Wednesday,3,0.154,2.154,0.000,0.000,0.000,0.000,2.308,
2026-03-04 04:00:00,Wednesday,4,0.142,2.563,0.000,0.000,0.000,0.000,2.705,
2026-03-04 05:00:00,Wednesday,5,0.150,2.600,0.000,0.000,0.000,0.000,2.750,
2026-03-04 06:00:00,Wednesday,6,0.134,2.458,0.118,0.393,0.000,0.000,3.103,
2026-03-04 07:00:00,Wednesday,7,0.125,2.698,0.000,0.309,0.000,0.000,3.132,
2026-03-04 08:00:00,Wednesday,8,0.123,2.722,0.000,0.185,0.000,0.000,3.030,
2026-03-04 09:00:00,Wednesday,9,0.140,2.731,0.000,0.000,0.147,0.000,3.018,
2026-03-04 10:00:00,Wednesday,10,0.117,2.533,0.000,0.000,0.109,0.000,2.759,
2026-03-04 11:00:00,Wednesday,11,0.152,2.104,0.000,0.000,0.137,0.000,2.393,
2026-03-04 12:00:00,Wednesday,12,0.112,1.683,0.000,0.000,0.081,0.000,1.876,
2026-03-04 13:00:00,Wednesday,13,0.133,1.955,0.000,0.458,0.125,0.000,2.671,
2026-03-04 14:00:00,Wednesday,14,0.137,1.971,0.000,0.000,0.105,0.000,2.213,
2026-03-04 15:00:00,Wednesday,15,0.147,1.510,0.000,0.000,0.126,0.000,1.783,
2026-03-04 16:00:00,Wednesday,16,0.140,1.595,0.000,0.000,0.150,0.000,1.885,
2026-03-04 17:00:00,Wednesday,17,0.130,1.525,0.000,0.660,0.307,0.000,2.622,
2026-03-04 18:00:00,Wednesday,18,0.149,1.770,0.147,0.000,0.166,0.000,2.232,
2026-03-04 19:00:00,Wednesday,19,0.145,1.785,0.166,0.000,0.297,1.109,3.502,zmywarka
2026-03-04 20:00:00,Wednesday,20,0.154,2.369,0.229,0.000,0.345,0.000,3.097,
2026-03-04 21:00:00,Wednesday,21,0.142,1.986,0.178,0.000,0.326,0.000,2.632,
2026-03-04 22:00:00,Wednesday,22,0.130,2.271,0.086,0.000,0.267,0.000,2.754,
2026-03-04 23:00:00,Wednesday,23,0.150,2.108,0.000,0.000,0.000,0.000,2.258,
2026-03-05 00:00:00,Thursday,0,0.145,2.219,0.000,0.000,0.000,0.000,2.364,
2026-03-05 01:00:00,Thursday,1,0.120,2.474,0.000,0.000,0.000,0.000,2.594,
2026-03-05 02:00:00,Thursday,2,0.138,2.391,0.000,0.000,0.000,0.000,2.529,
2026-03-05 03:00:00,Thursday,3,0.134,2.434,0.000,0.000,0.000,0.000,2.568,
2026-03-05 04:00:00,Thursday,4,0.138,2.991,0.000,0.000,0.000,0.000,3.129,
2026-03-05 05:00:00,Thursday,5,0.133,3.560,0.000,0.000,0.000,0.000,3.693,
2026-03-05 06:00:00,Thursday,6,0.116,3.374,0.148,0.528,0.000,0.000,4.166,
2026-03-05 07:00:00,Thursday,7,0.147,3.717,0.000,0.163,0.000,0.000,4.027,
2026-03-05 08:00:00,Thursday,8,0.133,3.835,0.000,0.176,0.000,0.000,4.144,
2026-03-05 09:00:00,Thursday,9,0.135,3.566,0.000,0.000,0.081,0.000,3.782,
2026-03-05 10:00:00,Thursday,10,0.121,2.549,0.000,0.000,0.133,0.000,2.803,
2026-03-05 11:00:00,Thursday,11,0.111,2.269,0.000,0.000,0.132,0.000,2.512,
2026-03-05 12:00:00,Thursday,12,0.154,2.152,0.000,0.000,0.126,0.000,2.432,
2026-03-05 13:00:00,Thursday,13,0.159,2.395,0.000,0.847,0.104,0.000,3.505,
2026-03-05 14:00:00,Thursday,14,0.152,2.575,0.000,0.000,0.241,0.000,2.968,
2026-03-05 15:00:00,Thursday,15,0.135,2.689,0.000,0.000,0.166,0.000,2.990,
2026-03-05 16:00:00,Thursday,16,0.138,2.338,0.000,0.000,0.173,0.000,2.649,
2026-03-05 17:00:00,Thursday,17,0.124,3.327,0.000,0.694,0.211,0.000,4.356,
2026-03-05 18:00:00,Thursday,18,0.136,2.787,0.284,0.000,0.317,0.000,3.524,
2026-03-05 19:00:00,Thursday,19,0.157,3.120,0.165,0.000,0.294,1.062,4.798,zmywarka
2026-03-05 20:00:00,Thursday,20,0.111,3.215,0.165,0.000,0.220,0.000,3.711,
2026-03-05 21:00:00,Thursday,21,0.151,3.188,0.281,0.000,0.266,0.000,3.886,
2026-03-05 22:00:00,Thursday,22,0.113,2.618,0.107,0.000,0.289,0.000,3.127,
2026-03-05 23:00:00,Thursday,23,0.119,2.702,0.000,0.000,0.000,0.000,2.821,
2026-03-06 00:00:00,Friday,0,0.156,2.986,0.000,0.000,0.000,0.000,3.142,
2026-03-06 01:00:00,Friday,1,0.152,2.333,0.000,0.000,0.000,0.000,2.485,
2026-03-06 02:00:00,Friday,2,0.135,2.708,0.000,0.000,0.000,0.000,2.843,
2026-03-06 03:00:00,Friday,3,0.130,3.043,0.000,0.000,0.000,0.000,3.173,
2026-03-06 04:00:00,Friday,4,0.137,2.622,0.000,0.000,0.000,0.000,2.759,
2026-03-06 05:00:00,Friday,5,0.143,2.442,0.000,0.000,0.000,0.000,2.585,
2026-03-06 06:00:00,Friday,6,0.152,3.142,0.177,0.476,0.000,0.000,3.947,
2026-03-06 07:00:00,Friday,7,0.140,2.668,0.000,0.521,0.000,0.000,3.329,
2026-03-06 08:00:00,Friday,8,0.130,3.149,0.000,0.412,0.000,0.000,3.691,
2026-03-06 09:00:00,Friday,9,0.142,2.618,0.000,0.000,0.094,0.000,2.854,
2026-03-06 10:00:00,Friday,10,0.157,2.363,0.000,0.000,0.117,0.000,2.637,
2026-03-06 11:00:00,Friday,11,0.153,2.242,0.000,0.000,0.090,0.000,2.485,
2026-03-06 12:00:00,Friday,12,0.125,2.475,0.000,0.434,0.118,0.000,3.152,
2026-03-06 13:00:00,Friday,13,0.110,2.282,0.000,0.000,0.081,0.000,2.473,
2026-03-06 14:00:00,Friday,14,0.158,2.359,0.000,0.000,0.204,0.000,2.721,
2026-03-06 15:00:00,Friday,15,0.153,2.071,0.000,0.000,0.178,0.000,2.402,
2026-03-06 16:00:00,Friday,16,0.127,1.957,0.000,0.000,0.148,0.000,2.232,
2026-03-06 17:00:00,Friday,17,0.114,2.277,0.000,0.000,0.167,0.000,2.558,
2026-03-06 18:00:00,Friday,18,0.126,1.904,0.268,0.799,0.275,0.000,3.372,
2026-03-06 19:00:00,Friday,19,0.121,2.235,0.142,0.000,0.182,0.000,2.680,
2026-03-06 20:00:00,Friday,20,0.145,1.965,0.195,0.000,0.276,0.953,3.534,zmywarka
2026-03-06 21:00:00,Friday,21,0.139,2.016,0.219,0.000,0.187,0.000,2.561,
2026-03-06 22:00:00,Friday,22,0.117,2.432,0.069,0.000,0.192,0.000,2.810,
2026-03-06 23:00:00,Friday,23,0.157,2.350,0.000,0.000,0.000,0.000,2.507,
2026-03-07 00:00:00,Saturday,0,0.119,2.051,0.000,0.000,0.000,0.000,2.170,
2026-03-07 01:00:00,Saturday,1,0.159,1.970,0.000,0.000,0.000,0.000,2.129,
2026-03-07 02:00:00,Saturday,2,0.128,2.278,0.000,0.000,0.000,0.000,2.406,
2026-03-07 03:00:00,Saturday,3,0.142,2.790,0.000,0.000,0.000,0.000,2.932,
2026-03-07 04:00:00,Saturday,4,0.173,2.716,0.000,0.000,0.000,0.000,2.889,
2026-03-07 05:00:00,Saturday,5,0.120,2.554,0.000,0.000,0.000,0.000,2.674,
2026-03-07 06:00:00,Saturday,6,0.156,2.817,0.165,0.576,0.000,0.000,3.714,
2026-03-07 07:00:00,Saturday,7,0.143,2.513,0.000,0.402,0.000,0.000,3.058,
2026-03-07 08:00:00,Saturday,8,0.155,2.438,0.000,0.456,0.000,0.000,3.049,
2026-03-07 09:00:00,Saturday,9,0.153,2.284,0.000,0.000,0.156,0.000,2.593,
2026-03-07 10:00:00,Saturday,10,0.132,2.499,0.000,0.000,0.154,0.000,2.785,
2026-03-07 11:00:00,Saturday,11,0.139,2.120,0.000,0.000,0.112,0.919,3.290,pralka
2026-03-07 12:00:00,Saturday,12,0.151,2.479,0.000,0.810,0.080,1.993,5.513,suszarka
2026-03-07 13:00:00,Saturday,13,0.123,2.335,0.000,0.000,0.109,0.000,2.567,
2026-03-07 14:00:00,Saturday,14,0.115,2.065,0.000,0.000,0.118,0.000,2.298,
2026-03-07 15:00:00,Saturday,15,0.125,2.070,0.000,0.000,0.095,0.000,2.290,
2026-03-07 16:00:00,Saturday,16,0.159,2.352,0.000,0.000,0.115,0.000,2.626,
2026-03-07 17:00:00,Saturday,17,0.129,2.151,0.000,0.000,0.341,0.000,2.621,
2026-03-07 18:00:00,Saturday,18,0.137,2.149,0.249,0.712,0.187,0.000,3.434,
2026-03-07 19:00:00,Saturday,19,0.157,2.103,0.185,0.000,0.224,0.000,2.669,
2026-03-07 20:00:00,Saturday,20,0.134,2.163,0.293,0.000,0.199,0.000,2.789,
2026-03-07 21:00:00,Saturday,21,0.124,2.108,0.235,0.000,0.161,0.000,2.628,
2026-03-07 22:00:00,Saturday,22,0.111,1.903,0.115,0.000,0.278,0.000,2.407,
2026-03-07 23:00:00,Saturday,23,0.135,2.268,0.000,0.000,0.000,0.000,2.403,
2026-03-08 00:00:00,Sunday,0,0.137,1.932,0.000,0.000,0.000,0.000,2.069,
2026-03-08 01:00:00,Sunday,1,0.174,2.183,0.000,0.000,0.000,0.000,2.357,
2026-03-08 02:00:00,Sunday,2,0.147,2.177,0.000,0.000,0.000,0.000,2.324,
2026-03-08 03:00:00,Sunday,3,0.118,2.472,0.000,0.000,0.000,0.000,2.590,
2026-03-08 04:00:00,Sunday,4,0.120,2.305,0.000,0.000,0.000,0.000,2.425,
2026-03-08 05:00:00,Sunday,5,0.111,1.818,0.000,0.000,0.000,0.000,1.929,
2026-03-08 06:00:00,Sunday,6,0.111,2.394,0.149,0.401,0.000,0.000,3.055,
2026-03-08 07:00:00,Sunday,7,0.131,2.617,0.000,0.335,0.000,0.000,3.083,
2026-03-08 08:00:00,Sunday,8,0.142,2.011,0.000,0.401,0.000,0.000,2.554,
2026-03-08 09:00:00,Sunday,9,0.156,1.933,0.000,0.000,0.140,0.000,2.229,
2026-03-08 10:00:00,Sunday,10,0.112,2.080,0.000,0.000,0.135,0.000,2.327,
2026-03-08 11:00:00,Sunday,11,0.114,2.174,0.000,0.000,0.109,0.000,2.397,
2026-03-08 12:00:00,Sunday,12,0.111,1.756,0.000,0.682,0.097,0.000,2.646,
2026-03-08 13:00:00,Sunday,13,0.158,1.943,0.000,0.000,0.141,1.083,3.325,zmywarka
2026-03-08 14:00:00,Sunday,14,0.159,1.975,0.000,0.000,0.082,0.000,2.216,
2026-03-08 15:00:00,Sunday,15,0.149,1.653,0.000,0.000,0.233,0.000,2.035,
2026-03-08 16:00:00,Sunday,16,0.139,1.810,0.000,0.000,0.084,0.000,2.033,
2026-03-08 17:00:00,Sunday,17,0.147,1.762,0.000,0.000,0.164,0.000,2.073,
2026-03-08 18:00:00,Sunday,18,0.111,2.138,0.130,1.623,0.300,0.000,4.302,
2026-03-08 19:00:00,Sunday,19,0.153,1.978,0.237,0.000,0.252,0.000,2.620,
2026-03-08 20:00:00,Sunday,20,0.112,2.207,0.233,0.000,0.321,0.000,2.873,
2026-03-08 21:00:00,Sunday,21,0.117,1.972,0.161,0.000,0.166,0.000,2.416,
2026-03-08 22:00:00,Sunday,22,0.118,2.229,0.069,0.000,0.211,0.000,2.627,
2026-03-08 23:00:00,Sunday,23,0.153,2.062,0.000,0.000,0.000,0.000,2.215,
2026-03-09 00:00:00,Monday,0,0.154,2.285,0.000,0.000,0.000,0.000,2.439,
2026-03-09 01:00:00,Monday,1,0.185,1.973,0.000,0.000,0.000,0.000,2.158,
2026-03-09 02:00:00,Monday,2,0.150,1.875,0.000,0.000,0.000,0.000,2.025,
2026-03-09 03:00:00,Monday,3,0.127,2.126,0.000,0.000,0.000,0.000,2.253,
2026-03-09 04:00:00,Monday,4,0.130,1.842,0.000,0.000,0.000,0.000,1.972,
2026-03-09 05:00:00,Monday,5,0.140,1.909,0.000,0.000,0.000,0.000,2.049,
2026-03-09 06:00:00,Monday,6,0.137,2.454,0.083,0.305,0.000,0.000,2.979,
2026-03-09 07:00:00,Monday,7,0.119,2.579,0.000,0.512,0.000,0.000,3.210,
2026-03-09 08:00:00,Monday,8,0.112,2.524,0.000,0.535,0.000,0.000,3.171,
2026-03-09 09:00:00,Monday,9,0.134,2.253,0.000,0.000,0.113,0.000,2.500,
2026-03-09 10:00:00,Monday,10,0.118,2.182,0.000,0.000,0.105,0.000,2.405,
2026-03-09 11:00:00,Monday,11,0.121,2.103,0.000,0.000,0.121,0.000,2.345,
2026-03-09 12:00:00,Monday,12,0.125,2.232,0.000,0.879,0.116,0.000,3.352,
2026-03-09 13:00:00,Monday,13,0.158,1.924,0.000,0.000,0.083,0.000,2.165,
2026-03-09 14:00:00,Monday,14,0.134,2.044,0.000,0.000,0.207,0.000,2.385,
2026-03-09 15:00:00,Monday,15,0.132,2.008,0.000,0.000,0.202,0.000,2.342,
2026-03-09 16:00:00,Monday,16,0.151,2.060,0.000,0.000,0.155,0.000,2.366,
2026-03-09 17:00:00,Monday,17,0.132,2.031,0.000,0.000,0.216,0.000,2.379,
2026-03-09 18:00:00,Monday,18,0.154,2.159,0.188,0.678,0.285,0.000,3.464,
2026-03-09 19:00:00,Monday,19,0.114,2.373,0.115,0.000,0.260,0.000,2.862,
2026-03-09 20:00:00,Monday,20,0.127,2.428,0.125,0.000,0.195,0.963,3.838,zmywarka
2026-03-09 21:00:00,Monday,21,0.159,2.408,0.107,0.000,0.260,0.000,2.934,
2026-03-09 22:00:00,Monday,22,0.159,2.234,0.140,0.000,0.197,0.000,2.730,
2026-03-09 23:00:00,Monday,23,0.172,1.974,0.000,0.000,0.000,0.000,2.146,
2026-03-10 00:00:00,Tuesday,0,0.156,2.396,0.000,0.000,0.000,0.000,2.552,
2026-03-10 01:00:00,Tuesday,1,0.156,2.474,0.000,0.000,0.000,0.000,2.630,
2026-03-10 02:00:00,Tuesday,2,0.125,2.727,0.000,0.000,0.000,0.000,2.852,
2026-03-10 03:00:00,Tuesday,3,0.146,2.099,0.000,0.000,0.000,0.000,2.245,
2026-03-10 04:00:00,Tuesday,4,0.152,2.677,0.000,0.000,0.000,0.000,2.829,
2026-03-10 05:00:00,Tuesday,5,0.162,2.685,0.000,0.000,0.000,0.000,2.847,
2026-03-10 06:00:00,Tuesday,6,0.118,3.067,0.084,0.446,0.000,0.000,3.715,
2026-03-10 07:00:00,Tuesday,7,0.130,2.651,0.000,0.532,0.000,0.000,3.313,
2026-03-10 08:00:00,Tuesday,8,0.148,2.992,0.000,0.381,0.000,0.000,3.521,
2026-03-10 09:00:00,Tuesday,9,0.139,2.915,0.000,0.000,0.111,0.000,3.165,
2026-03-10 10:00:00,Tuesday,10,0.137,2.249,0.000,0.000,0.126,0.000,2.512,
2026-03-10 11:00:00,Tuesday,11,0.148,2.537,0.000,0.000,0.106,0.631,3.422,pralka
2026-03-10 12:00:00,Tuesday,12,0.114,2.109,0.000,0.761,0.135,1.756,4.875,suszarka
2026-03-10 13:00:00,Tuesday,13,0.160,2.021,0.000,0.000,0.142,0.000,2.323,
2026-03-10 14:00:00,Tuesday,14,0.121,1.422,0.000,0.000,0.248,0.000,1.791,
2026-03-10 15:00:00,Tuesday,15,0.153,1.562,0.000,0.000,0.236,0.000,1.951,
2026-03-10 16:00:00,Tuesday,16,0.155,1.520,0.000,0.000,0.091,0.000,1.766,
2026-03-10 17:00:00,Tuesday,17,0.160,1.559,0.000,0.932,0.196,0.000,2.847,
2026-03-10 18:00:00,Tuesday,18,0.125,1.700,0.239,0.000,0.303,0.000,2.367,
2026-03-10 19:00:00,Tuesday,19,0.152,1.717,0.195,0.000,0.256,0.000,2.320,
2026-03-10 20:00:00,Tuesday,20,0.138,2.178,0.170,0.000,0.222,0.000,2.708,
2026-03-10 21:00:00,Tuesday,21,0.157,2.038,0.154,0.000,0.310,0.000,2.659,
2026-03-10 22:00:00,Tuesday,22,0.110,2.206,0.095,0.000,0.180,0.000,2.591,
2026-03-10 23:00:00,Tuesday,23,0.133,1.867,0.000,0.000,0.000,0.000,2.000,
2026-03-11 00:00:00,Wednesday,0,0.178,1.887,0.000,0.000,0.000,0.000,2.065,
2026-03-11 01:00:00,Wednesday,1,0.140,2.277,0.000,0.000,0.000,0.000,2.417,
2026-03-11 02:00:00,Wednesday,2,0.141,2.075,0.000,0.000,0.000,0.000,2.216,
2026-03-11 03:00:00,Wednesday,3,0.149,2.161,0.000,0.000,0.000,0.000,2.310,
2026-03-11 04:00:00,Wednesday,4,0.129,2.055,0.000,0.000,0.000,0.000,2.184,
2026-03-11 05:00:00,Wednesday,5,0.155,2.030,0.000,0.000,0.000,0.000,2.185,
2026-03-11 06:00:00,Wednesday,6,0.112,2.084,0.110,0.354,0.000,0.000,2.660,
2026-03-11 07:00:00,Wednesday,7,0.145,2.161,0.000,0.443,0.000,0.000,2.749,
2026-03-11 08:00:00,Wednesday,8,0.151,1.731,0.000,0.350,0.000,0.000,2.232,
2026-03-11 09:00:00,Wednesday,9,0.121,1.769,0.000,0.000,0.143,0.000,2.033,
2026-03-11 10:00:00,Wednesday,10,0.133,1.690,0.000,0.000,0.117,0.000,1.940,
2026-03-11 11:00:00,Wednesday,11,0.122,1.911,0.000,0.000,0.129,0.000,2.162,
2026-03-11 12:00:00,Wednesday,12,0.110,2.015,0.000,0.000,0.107,0.000,2.232,
2026-03-11 13:00:00,Wednesday,13,0.110,1.409,0.000,0.441,0.094,0.000,2.054,
2026-03-11 14:00:00,Wednesday,14,0.136,1.398,0.000,0.000,0.135,0.000,1.669,
2026-03-11 15:00:00,Wednesday,15,0.132,1.578,0.000,0.000,0.234,0.000,1.944,
2026-03-11 16:00:00,Wednesday,16,0.113,1.524,0.000,0.000,0.097,0.000,1.734,
2026-03-11 17:00:00,Wednesday,17,0.132,1.932,0.000,0.000,0.334,0.000,2.398,
2026-03-11 18:00:00,Wednesday,18,0.152,1.731,0.212,0.884,0.292,0.000,3.271,
2026-03-11 19:00:00,Wednesday,19,0.144,1.889,0.248,0.000,0.163,0.000,2.444,
2026-03-11 20:00:00,Wednesday,20,0.145,1.587,0.133,0.000,0.249,0.923,3.037,zmywarka
2026-03-11 21:00:00,Wednesday,21,0.112,1.530,0.264,0.000,0.224,0.000,2.130,
2026-03-11 22:00:00,Wednesday,22,0.131,1.652,0.100,0.000,0.253,0.000,2.136,
2026-03-11 23:00:00,Wednesday,23,0.123,1.741,0.000,0.000,0.000,0.000,1.864,
2026-03-12 00:00:00,Thursday,0,0.132,1.523,0.000,0.000,0.000,0.000,1.655,
2026-03-12 01:00:00,Thursday,1,0.143,1.357,0.000,0.000,0.000,0.000,1.500,
2026-03-12 02:00:00,Thursday,2,0.162,1.657,0.000,0.000,0.000,0.000,1.819,
2026-03-12 03:00:00,Thursday,3,0.148,1.830,0.000,0.000,0.000,0.000,1.978,
2026-03-12 04:00:00,Thursday,4,0.140,2.110,0.000,0.000,0.000,0.000,2.250,
2026-03-12 05:00:00,Thursday,5,0.139,2.225,0.000,0.000,0.000,0.000,2.364,
2026-03-12 06:00:00,Thursday,6,0.116,2.077,0.160,0.509,0.000,0.000,2.862,
2026-03-12 07:00:00,Thursday,7,0.129,2.369,0.000,0.582,0.000,0.000,3.080,
2026-03-12 08:00:00,Thursday,8,0.141,2.093,0.000,0.356,0.000,0.000,2.590,
2026-03-12 09:00:00,Thursday,9,0.128,2.377,0.000,0.000,0.122,0.000,2.627,
2026-03-12 10:00:00,Thursday,10,0.145,1.947,0.000,0.000,0.083,0.000,2.175,
2026-03-12 11:00:00,Thursday,11,0.160,1.961,0.000,0.000,0.089,0.000,2.210,
2026-03-12 12:00:00,Thursday,12,0.135,1.659,0.000,0.732,0.093,0.000,2.619,
2026-03-12 13:00:00,Thursday,13,0.140,1.847,0.000,0.000,0.120,0.000,2.107,
2026-03-12 14:00:00,Thursday,14,0.131,1.671,0.000,0.000,0.246,0.000,2.048,
2026-03-12 15:00:00,Thursday,15,0.132,1.389,0.000,0.000,0.223,0.000,1.744,
2026-03-12 16:00:00,Thursday,16,0.135,1.620,0.000,0.000,0.248,0.000,2.003,
2026-03-12 17:00:00,Thursday,17,0.155,1.624,0.000,0.000,0.259,0.000,2.038,
2026-03-12 18:00:00,Thursday,18,0.136,1.436,0.163,0.722,0.340,0.000,2.797,
2026-03-12 19:00:00,Thursday,19,0.122,1.560,0.223,0.000,0.335,0.973,3.213,zmywarka
2026-03-12 20:00:00,Thursday,20,0.143,1.779,0.148,0.000,0.186,0.000,2.256,
2026-03-12 21:00:00,Thursday,21,0.140,1.547,0.285,0.000,0.331,0.000,2.303,
2026-03-12 22:00:00,Thursday,22,0.147,1.385,0.091,0.000,0.322,0.000,1.945,
2026-03-12 23:00:00,Thursday,23,0.148,1.715,0.000,0.000,0.000,0.000,1.863,
2026-03-13 00:00:00,Friday,0,0.172,1.849,0.000,0.000,0.000,0.000,2.021,
2026-03-13 01:00:00,Friday,1,0.149,1.527,0.000,0.000,0.000,0.000,1.676,
2026-03-13 02:00:00,Friday,2,0.136,1.778,0.000,0.000,0.000,0.000,1.914,
2026-03-13 03:00:00,Friday,3,0.112,1.802,0.000,0.000,0.000,0.000,1.914,
2026-03-13 04:00:00,Friday,4,0.153,1.829,0.000,0.000,0.000,0.000,1.982,
2026-03-13 05:00:00,Friday,5,0.148,1.780,0.000,0.000,0.000,0.000,1.928,
2026-03-13 06:00:00,Friday,6,0.137,1.939,0.156,0.393,0.000,0.000,2.625,
2026-03-13 07:00:00,Friday,7,0.131,2.212,0.000,0.283,0.000,0.000,2.626,
2026-03-13 08:00:00,Friday,8,0.119,1.820,0.000,0.330,0.000,0.000,2.269,
2026-03-13 09:00:00,Friday,9,0.156,1.810,0.000,0.000,0.143,0.000,2.109,
2026-03-13 10:00:00,Friday,10,0.125,2.041,0.000,0.000,0.099,0.000,2.265,
2026-03-13 11:00:00,Friday,11,0.132,2.116,0.000,0.000,0.119,0.000,2.367,
2026-03-13 12:00:00,Friday,12,0.155,1.964,0.000,0.569,0.085,0.000,2.773,
2026-03-13 13:00:00,Friday,13,0.134,1.484,0.000,0.000,0.103,0.000,1.721,
2026-03-13 14:00:00,Friday,14,0.135,1.915,0.000,0.000,0.087,0.000,2.137,
2026-03-13 15:00:00,Friday,15,0.136,1.798,0.000,0.000,0.239,0.000,2.173,
2026-03-13 16:00:00,Friday,16,0.113,1.703,0.000,0.000,0.124,0.000,1.940,
2026-03-13 17:00:00,Friday,17,0.133,1.402,0.000,1.974,0.211,0.000,3.720,
2026-03-13 18:00:00,Friday,18,0.130,1.695,0.246,0.000,0.187,0.000,2.258,
2026-03-13 19:00:00,Friday,19,0.154,2.304,0.280,0.000,0.196,0.900,3.834,zmywarka
2026-03-13 20:00:00,Friday,20,0.136,1.859,0.172,0.000,0.330,0.000,2.497,
2026-03-13 21:00:00,Friday,21,0.152,2.318,0.277,0.000,0.318,0.000,3.065,
2026-03-13 22:00:00,Friday,22,0.117,1.977,0.098,0.000,0.178,0.000,2.370,
2026-03-13 23:00:00,Friday,23,0.118,2.060,0.000,0.000,0.000,0.000,2.178,
2026-03-14 00:00:00,Saturday,0,0.148,2.275,0.000,0.000,0.000,0.000,2.423,
2026-03-14 01:00:00,Saturday,1,0.126,2.026,0.000,0.000,0.000,0.000,2.152,
2026-03-14 02:00:00,Saturday,2,0.134,2.615,0.000,0.000,0.000,0.000,2.749,
2026-03-14 03:00:00,Saturday,3,0.131,2.584,0.000,0.000,0.000,0.000,2.715,
2026-03-14 04:00:00,Saturday,4,0.125,2.658,0.000,0.000,0.000,0.000,2.783,
2026-03-14 05:00:00,Saturday,5,0.132,2.260,0.000,0.000,0.000,0.000,2.392,
2026-03-14 06:00:00,Saturday,6,0.159,2.384,0.191,0.426,0.000,0.000,3.160,
2026-03-14 07:00:00,Saturday,7,0.128,2.897,0.000,0.340,0.000,0.000,3.365,
2026-03-14 08:00:00,Saturday,8,0.123,2.970,0.000,0.382,0.000,0.000,3.475,
2026-03-14 09:00:00,Saturday,9,0.146,2.584,0.000,0.000,0.100,0.000,2.830,
2026-03-14 10:00:00,Saturday,10,0.117,2.703,0.000,0.000,0.124,0.000,2.944,
2026-03-14 11:00:00,Saturday,11,0.123,2.917,0.000,0.000,0.085,0.000,3.125,
2026-03-14 12:00:00,Saturday,12,0.142,2.699,0.000,0.740,0.196,0.000,3.777,
2026-03-14 13:00:00,Saturday,13,0.157,2.864,0.000,0.000,0.228,0.000,3.249,
2026-03-14 14:00:00,Saturday,14,0.154,2.348,0.000,0.000,0.220,0.000,2.722,
2026-03-14 15:00:00,Saturday,15,0.142,1.962,0.000,0.000,0.063,0.000,2.167,
2026-03-14 16:00:00,Saturday,16,0.122,2.538,0.000,0.000,0.158,0.000,2.818,
2026-03-14 17:00:00,Saturday,17,0.146,1.930,0.000,0.000,0.182,0.000,2.258,goście
2026-03-14 18:00:00,Saturday,18,0.154,2.411,0.242,1.393,0.315,0.000,4.515,goście
2026-03-14 19:00:00,Saturday,19,0.137,2.380,0.166,0.000,0.257,0.000,2.940,goście
2026-03-14 20:00:00,Saturday,20,0.146,2.690,0.204,0.000,0.283,0.000,3.323,goście
2026-03-14 21:00:00,Saturday,21,0.111,2.579,0.165,0.000,0.197,0.000,3.052,goście
2026-03-14 22:00:00,Saturday,22,0.150,2.465,0.065,0.000,0.243,0.000,2.923,
2026-03-14 23:00:00,Saturday,23,0.140,2.558,0.000,0.000,0.000,0.000,2.698,
2026-03-15 00:00:00,Sunday,0,0.155,2.524,0.000,0.000,0.000,0.000,2.679,
2026-03-15 01:00:00,Sunday,1,0.144,2.546,0.000,0.000,0.000,0.000,2.690,
2026-03-15 02:00:00,Sunday,2,0.116,2.179,0.000,0.000,0.000,0.000,2.295,
2026-03-15 03:00:00,Sunday,3,0.157,2.359,0.000,0.000,0.000,0.000,2.516,
2026-03-15 04:00:00,Sunday,4,0.131,2.074,0.000,0.000,0.000,0.000,2.205,
2026-03-15 05:00:00,Sunday,5,0.138,2.115,0.000,0.000,0.000,0.000,2.253,
2026-03-15 06:00:00,Sunday,6,0.135,2.514,0.139,0.440,0.000,0.000,3.228,
2026-03-15 07:00:00,Sunday,7,0.110,2.570,0.000,0.557,0.000,0.000,3.237,
2026-03-15 08:00:00,Sunday,8,0.110,2.402,0.000,0.459,0.000,0.000,2.971,
2026-03-15 09:00:00,Sunday,9,0.130,2.673,0.000,0.000,0.225,0.000,3.028,
2026-03-15 10:00:00,Sunday,10,0.155,2.132,0.000,0.000,0.197,0.000,2.484,
2026-03-15 11:00:00,Sunday,11,0.124,2.185,0.000,0.000,0.080,0.000,2.389,
2026-03-15 12:00:00,Sunday,12,0.122,1.821,0.000,0.000,0.058,0.000,2.001,
2026-03-15 13:00:00,Sunday,13,0.151,1.619,0.000,0.987,0.055,0.871,3.683,zmywarka
2026-03-15 14:00:00,Sunday,14,0.144,1.682,0.000,0.000,0.061,0.000,1.887,
2026-03-15 15:00:00,Sunday,15,0.147,1.962,0.000,0.000,0.103,0.000,2.212,
2026-03-15 16:00:00,Sunday,16,0.123,1.715,0.000,0.000,0.064,0.000,1.902,
2026-03-15 17:00:00,Sunday,17,0.141,1.839,0.000,1.053,0.316,0.000,3.349,
2026-03-15 18:00:00,Sunday,18,0.130,1.968,0.154,0.000,0.279,0.000,2.531,
2026-03-15 19:00:00,Sunday,19,0.159,2.111,0.101,0.000,0.243,0.000,2.614,
2026-03-15 20:00:00,Sunday,20,0.132,2.278,0.178,0.000,0.349,0.000,2.937,
2026-03-15 21:00:00,Sunday,21,0.116,2.430,0.231,0.000,0.247,0.000,3.024,
2026-03-15 22:00:00,Sunday,22,0.137,2.228,0.097,0.000,0.239,0.000,2.701,
2026-03-15 23:00:00,Sunday,23,0.144,2.487,0.000,0.000,0.000,0.000,2.631,
2026-03-16 00:00:00,Monday,0,0.172,2.323,0.000,0.000,0.000,0.000,2.495,
2026-03-16 01:00:00,Monday,1,0.152,1.907,0.000,0.000,0.000,0.000,2.059,
2026-03-16 02:00:00,Monday,2,0.144,2.043,0.000,0.000,0.000,0.000,2.187,
2026-03-16 03:00:00,Monday,3,0.142,2.191,0.000,0.000,0.000,0.000,2.333,
2026-03-16 04:00:00,Monday,4,0.148,2.089,0.000,0.000,0.000,0.000,2.237,
2026-03-16 05:00:00,Monday,5,0.176,2.559,0.000,0.000,0.000,0.000,2.735,
2026-03-16 06:00:00,Monday,6,0.148,2.125,0.188,0.301,0.000,0.000,2.762,
2026-03-16 07:00:00,Monday,7,0.158,2.221,0.000,0.357,0.000,0.000,2.736,
2026-03-16 08:00:00,Monday,8,0.125,2.287,0.000,0.280,0.000,0.000,2.692,
2026-03-16 09:00:00,Monday,9,0.129,2.315,0.000,0.000,0.091,0.000,2.535,
2026-03-16 10:00:00,Monday,10,0.116,2.416,0.000,0.000,0.109,0.000,2.641,
2026-03-16 11:00:00,Monday,11,0.127,2.506,0.000,0.000,0.101,0.000,2.734,
2026-03-16 12:00:00,Monday,12,0.120,2.299,0.000,0.000,0.144,0.000,2.563,
2026-03-16 13:00:00,Monday,13,0.131,1.998,0.000,0.358,0.124,0.000,2.611,
2026-03-16 14:00:00,Monday,14,0.117,2.348,0.000,0.000,0.081,0.000,2.546,
2026-03-16 15:00:00,Monday,15,0.154,2.686,0.000,0.000,0.205,0.000,3.045,
2026-03-16 16:00:00,Monday,16,0.151,2.349,0.000,0.000,0.158,0.000,2.658,
2026-03-16 17:00:00,Monday,17,0.141,2.655,0.000,0.000,0.163,0.000,2.959,
2026-03-16 18:00:00,Monday,18,0.138,2.933,0.294,1.265,0.318,0.000,4.948,
2026-03-16 19:00:00,Monday,19,0.115,2.604,0.293,0.000,0.288,0.000,3.300,
2026-03-16 20:00:00,Monday,20,0.148,2.896,0.293,0.000,0.318,1.041,4.696,zmywarka
2026-03-16 21:00:00,Monday,21,0.123,2.773,0.135,0.000,0.248,0.000,3.279,
2026-03-16 22:00:00,Monday,22,0.129,2.203,0.076,0.000,0.182,0.000,2.590,
2026-03-16 23:00:00,Monday,23,0.130,2.436,0.000,0.000,0.000,0.000,2.566,
2026-03-17 00:00:00,Tuesday,0,0.139,2.275,0.000,0.000,0.000,0.000,2.414,
2026-03-17 01:00:00,Tuesday,1,0.164,2.302,0.000,0.000,0.000,0.000,2.466,
2026-03-17 02:00:00,Tuesday,2,0.112,2.390,0.000,0.000,0.000,0.000,2.502,
2026-03-17 03:00:00,Tuesday,3,0.141,2.524,0.000,0.000,0.000,0.000,2.665,
2026-03-17 04:00:00,Tuesday,4,0.115,2.431,0.000,0.000,0.000,0.000,2.546,
2026-03-17 05:00:00,Tuesday,5,0.143,2.591,0.000,0.000,0.000,0.000,2.734,
2026-03-17 06:00:00,Tuesday,6,0.152,3.409,0.173,0.309,0.000,0.000,4.043,
2026-03-17 07:00:00,Tuesday,7,0.156,2.968,0.000,0.262,0.000,0.000,3.386,
2026-03-17 08:00:00,Tuesday,8,0.138,3.237,0.000,0.541,0.000,0.000,3.916,
2026-03-17 09:00:00,Tuesday,9,0.146,2.607,0.000,0.000,0.134,0.000,2.887,
2026-03-17 10:00:00,Tuesday,10,0.157,2.623,0.000,0.000,0.136,0.000,2.916,
2026-03-17 11:00:00,Tuesday,11,0.113,2.533,0.000,0.000,0.131,0.000,2.777,
2026-03-17 12:00:00,Tuesday,12,0.140,2.011,0.000,0.000,0.144,0.000,2.295,
2026-03-17 13:00:00,Tuesday,13,0.146,2.086,0.000,0.824,0.135,0.000,3.191,
2026-03-17 14:00:00,Tuesday,14,0.137,2.024,0.000,0.000,0.198,0.000,2.359,
2026-03-17 15:00:00,Tuesday,15,0.137,2.419,0.000,0.000,0.088,0.000,2.644,
2026-03-17 16:00:00,Tuesday,16,0.135,1.885,0.000,0.000,0.108,0.000,2.128,
2026-03-17 17:00:00,Tuesday,17,0.132,2.232,0.000,0.925,0.231,0.000,3.520,
2026-03-17 18:00:00,Tuesday,18,0.140,2.186,0.196,0.000,0.197,0.000,2.719,
2026-03-17 19:00:00,Tuesday,19,0.140,2.933,0.200,0.000,0.154,0.000,3.427,
2026-03-17 20:00:00,Tuesday,20,0.116,2.507,0.284,0.000,0.254,0.000,3.161,
2026-03-17 21:00:00,Tuesday,21,0.156,2.739,0.137,0.000,0.189,0.000,3.221,
2026-03-17 22:00:00,Tuesday,22,0.113,2.404,0.086,0.000,0.195,0.000,2.798,
2026-03-17 23:00:00,Tuesday,23,0.144,2.926,0.000,0.000,0.000,0.000,3.070,
2026-03-18 00:00:00,Wednesday,0,0.142,2.646,0.000,0.000,0.000,0.000,2.788,
2026-03-18 01:00:00,Wednesday,1,0.160,2.041,0.000,0.000,0.000,0.000,2.201,
2026-03-18 02:00:00,Wednesday,2,0.170,2.554,0.000,0.000,0.000,0.000,2.724,
2026-03-18 03:00:00,Wednesday,3,0.132,2.593,0.000,0.000,0.000,0.000,2.725,
2026-03-18 04:00:00,Wednesday,4,0.119,2.395,0.000,0.000,0.000,0.000,2.514,
2026-03-18 05:00:00,Wednesday,5,0.137,2.041,0.000,0.000,0.000,0.000,2.178,
2026-03-18 06:00:00,Wednesday,6,0.133,2.781,0.114,0.292,0.000,0.000,3.320,
2026-03-18 07:00:00,Wednesday,7,0.156,2.472,0.000,0.522,0.000,0.000,3.150,
2026-03-18 08:00:00,Wednesday,8,0.143,2.873,0.000,0.204,0.000,0.000,3.220,
2026-03-18 09:00:00,Wednesday,9,0.148,2.202,0.000,0.000,0.000,0.000,2.350,
2026-03-18 10:00:00,Wednesday,10,0.115,2.186,0.000,0.000,0.000,0.000,2.301,
2026-03-18 11:00:00,Wednesday,11,0.114,1.872,0.000,0.000,0.000,0.809,2.795,pralka
2026-03-18 12:00:00,Wednesday,12,0.158,2.331,0.000,0.000,0.000,2.136,4.625,suszarka
2026-03-18 13:00:00,Wednesday,13,0.126,1.926,0.000,0.000,0.000,0.000,2.052,
2026-03-18 14:00:00,Wednesday,14,0.113,2.104,0.000,0.000,0.108,0.000,2.325,
2026-03-18 15:00:00,Wednesday,15,0.113,1.876,0.000,0.000,0.175,0.000,2.164,
2026-03-18 16:00:00,Wednesday,16,0.153,2.074,0.000,0.000,0.081,0.000,2.308,
2026-03-18 17:00:00,Wednesday,17,0.154,1.873,0.000,1.113,0.324,0.000,3.464,goście
2026-03-18 18:00:00,Wednesday,18,0.121,2.159,0.185,0.000,0.314,0.000,2.779,goście
2026-03-18 19:00:00,Wednesday,19,0.152,2.154,0.225,0.000,0.165,1.131,3.827,goście; zmywarka
2026-03-18 20:00:00,Wednesday,20,0.113,2.324,0.296,0.000,0.315,0.000,3.048,goście
2026-03-18 21:00:00,Wednesday,21,0.149,1.956,0.175,0.000,0.306,0.000,2.586,goście
2026-03-18 22:00:00,Wednesday,22,0.155,2.042,0.135,0.000,0.190,0.000,2.522,
2026-03-18 23:00:00,Wednesday,23,0.164,1.773,0.000,0.000,0.000,0.000,1.937,
2026-03-19 00:00:00,Thursday,0,0.115,1.823,0.000,0.000,0.000,0.000,1.938,
2026-03-19 01:00:00,Thursday,1,0.134,2.055,0.000,0.000,0.000,0.000,2.189,
2026-03-19 02:00:00,Thursday,2,0.176,1.917,0.000,0.000,0.000,0.000,2.093,
2026-03-19 03:00:00,Thursday,3,0.136,2.200,0.000,0.000,0.000,0.000,2.336,
2026-03-19 04:00:00,Thursday,4,0.121,2.583,0.000,0.000,0.000,0.000,2.704,
2026-03-19 05:00:00,Thursday,5,0.138,2.096,0.000,0.000,0.000,0.000,2.234,
2026-03-19 06:00:00,Thursday,6,0.138,2.825,0.129,0.340,0.000,0.000,3.432,
2026-03-19 07:00:00,Thursday,7,0.159,2.332,0.000,0.522,0.000,0.000,3.013,
2026-03-19 08:00:00,Thursday,8,0.122,2.503,0.000,0.553,0.000,0.000,3.178,
2026-03-19 09:00:00,Thursday,9,0.128,2.344,0.000,0.000,0.000,0.000,2.472,
2026-03-19 10:00:00,Thursday,10,0.157,1.852,0.000,0.000,0.000,0.000,2.009,
2026-03-19 11:00:00,Thursday,11,0.128,1.833,0.000,0.000,0.000,0.843,2.804,pralka
2026-03-19 12:00:00,Thursday,12,0.139,1.353,0.000,0.000,0.000,1.537,3.029,suszarka
2026-03-19 13:00:00,Thursday,13,0.136,1.321,0.000,0.000,0.000,0.000,1.457,
2026-03-19 14:00:00,Thursday,14,0.115,1.184,0.000,0.000,0.186,0.000,1.485,
2026-03-19 15:00:00,Thursday,15,0.120,1.381,0.000,0.000,0.138,0.000,1.639,
2026-03-19 16:00:00,Thursday,16,0.144,1.230,0.000,0.000,0.243,0.000,1.617,
2026-03-19 17:00:00,Thursday,17,0.136,1.794,0.000,0.674,0.154,0.000,2.758,
2026-03-19 18:00:00,Thursday,18,0.132,1.883,0.156,0.000,0.228,0.000,2.399,
2026-03-19 19:00:00,Thursday,19,0.142,1.597,0.225,0.000,0.278,0.000,2.242,
2026-03-19 20:00:00,Thursday,20,0.115,1.772,0.160,0.000,0.350,0.879,3.276,zmywarka
2026-03-19 21:00:00,Thursday,21,0.155,2.194,0.119,0.000,0.295,0.000,2.763,
2026-03-19 22:00:00,Thursday,22,0.117,1.900,0.064,0.000,0.247,0.000,2.328,
2026-03-19 23:00:00,Thursday,23,0.121,2.051,0.000,0.000,0.000,0.000,2.172,
2026-03-20 00:00:00,Friday,0,0.110,2.279,0.000,0.000,0.000,0.000,2.389,
2026-03-20 01:00:00,Friday,1,0.158,2.052,0.000,0.000,0.000,0.000,2.210,
2026-03-20 02:00:00,Friday,2,0.112,2.452,0.000,0.000,0.000,0.000,2.564,
2026-03-20 03:00:00,Friday,3,0.122,2.726,0.000,0.000,0.000,0.000,2.848,
2026-03-20 04:00:00,Friday,4,0.144,2.911,0.000,0.000,0.000,0.000,3.055,
2026-03-20 05:00:00,Friday,5,0.121,2.823,0.000,0.000,0.000,0.000,2.944,
2026-03-20 06:00:00,Friday,6,0.133,2.600,0.177,0.269,0.000,0.000,3.179,
2026-03-20 07:00:00,Friday,7,0.144,2.855,0.000,0.162,0.000,0.000,3.161,
2026-03-20 08:00:00,Friday,8,0.140,2.789,0.000,0.334,0.000,0.000,3.263,
2026-03-20 09:00:00,Friday,9,0.137,2.550,0.000,0.000,0.100,0.000,2.787,
2026-03-20 10:00:00,Friday,10,0.129,2.812,0.000,0.000,0.116,0.000,3.057,
2026-03-20 11:00:00,Friday,11,0.111,2.565,0.000,0.000,0.117,0.000,2.793,
2026-03-20 12:00:00,Friday,12,0.150,2.418,0.000,0.521,0.091,0.000,3.180,
2026-03-20 13:00:00,Friday,13,0.132,2.629,0.000,0.000,0.118,0.000,2.879,
2026-03-20 14:00:00,Friday,14,0.155,2.115,0.000,0.000,0.193,0.000,2.463,
2026-03-20 15:00:00,Friday,15,0.142,1.950,0.000,0.000,0.189,0.000,2.281,
2026-03-20 16:00:00,Friday,16,0.145,1.930,0.000,0.000,0.175,0.000,2.250,
2026-03-20 17:00:00,Friday,17,0.141,1.949,0.000,0.000,0.163,0.000,2.253,
2026-03-20 18:00:00,Friday,18,0.153,2.184,0.212,0.612,0.159,0.000,3.320,
2026-03-20 19:00:00,Friday,19,0.157,2.635,0.193,0.000,0.264,0.000,3.249,
2026-03-20 20:00:00,Friday,20,0.148,2.941,0.275,0.000,0.171,0.877,4.412,zmywarka
2026-03-20 21:00:00,Friday,21,0.155,2.838,0.271,0.000,0.327,0.000,3.591,
2026-03-20 22:00:00,Friday,22,0.135,2.660,0.079,0.000,0.170,0.000,3.044,
2026-03-20 23:00:00,Friday,23,0.160,2.752,0.000,0.000,0.000,0.000,2.912,
2026-03-21 00:00:00,Saturday,0,0.181,2.973,0.000,0.000,0.000,0.000,3.154,
2026-03-21 01:00:00,Saturday,1,0.119,2.578,0.000,0.000,0.000,0.000,2.697,
2026-03-21 02:00:00,Saturday,2,0.154,2.833,0.000,0.000,0.000,0.000,2.987,
2026-03-21 03:00:00,Saturday,3,0.141,2.971,0.000,0.000,0.000,0.000,3.112,
2026-03-21 04:00:00,Saturday,4,0.181,2.903,0.000,0.000,0.000,0.000,3.084,
2026-03-21 05:00:00,Saturday,5,0.151,2.338,0.000,0.000,0.000,0.000,2.489,
2026-03-21 06:00:00,Saturday,6,0.149,2.649,0.185,0.323,0.000,0.000,3.306,
2026-03-21 07:00:00,Saturday,7,0.156,3.007,0.000,0.354,0.000,0.000,3.517,
2026-03-21 08:00:00,Saturday,8,0.149,3.099,0.000,0.459,0.000,0.000,3.707,
2026-03-21 09:00:00,Saturday,9,0.111,3.390,0.000,0.000,0.177,0.000,3.678,
2026-03-21 10:00:00,Saturday,10,0.120,2.810,0.000,0.000,0.159,0.000,3.089,
2026-03-21 11:00:00,Saturday,11,0.156,2.565,0.000,0.000,0.213,0.834,3.768,pralka
2026-03-21 12:00:00,Saturday,12,0.155,2.611,0.000,0.000,0.119,2.044,4.929,suszarka
2026-03-21 13:00:00,Saturday,13,0.142,2.279,0.000,1.001,0.183,0.000,3.605,
2026-03-21 14:00:00,Saturday,14,0.143,2.090,0.000,0.000,0.074,1.181,3.488,zmywarka
2026-03-21 15:00:00,Saturday,15,0.144,1.906,0.000,0.000,0.190,0.000,2.240,
2026-03-21 16:00:00,Saturday,16,0.124,2.221,0.000,0.000,0.112,0.000,2.457,
2026-03-21 17:00:00,Saturday,17,0.137,2.503,0.000,1.320,0.217,0.000,4.177,
2026-03-21 18:00:00,Saturday,18,0.147,2.647,0.210,0.000,0.342,0.000,3.346,
2026-03-21 19:00:00,Saturday,19,0.115,2.166,0.266,0.000,0.225,0.000,2.772,
2026-03-21 20:00:00,Saturday,20,0.111,2.492,0.140,0.000,0.180,0.000,2.923,
2026-03-21 21:00:00,Saturday,21,0.149,2.615,0.221,0.000,0.335,0.000,3.320,
2026-03-21 22:00:00,Saturday,22,0.138,2.852,0.059,0.000,0.251,0.000,3.300,
2026-03-21 23:00:00,Saturday,23,0.137,2.101,0.000,0.000,0.000,0.000,2.238,
2026-03-22 00:00:00,Sunday,0,0.159,2.510,0.000,0.000,0.000,0.000,2.669,
2026-03-22 01:00:00,Sunday,1,0.175,2.479,0.000,0.000,0.000,0.000,2.654,
2026-03-22 02:00:00,Sunday,2,0.147,2.736,0.000,0.000,0.000,0.000,2.883,
2026-03-22 03:00:00,Sunday,3,0.125,2.900,0.000,0.000,0.000,0.000,3.025,
2026-03-22 04:00:00,Sunday,4,0.129,2.486,0.000,0.000,0.000,0.000,2.615,
2026-03-22 05:00:00,Sunday,5,0.148,2.531,0.000,0.000,0.000,0.000,2.679,
2026-03-22 06:00:00,Sunday,6,0.138,2.894,0.107,0.323,0.000,0.000,3.462,
2026-03-22 07:00:00,Sunday,7,0.134,2.899,0.000,0.296,0.000,0.000,3.329,
2026-03-22 08:00:00,Sunday,8,0.146,2.420,0.000,0.408,0.000,0.000,2.974,
2026-03-22 09:00:00,Sunday,9,0.157,2.614,0.000,0.000,0.113,0.000,2.884,
2026-03-22 10:00:00,Sunday,10,0.147,2.308,0.000,0.000,0.082,0.000,2.537,
2026-03-22 11:00:00,Sunday,11,0.154,2.285,0.000,0.000,0.103,0.000,2.542,
2026-03-22 12:00:00,Sunday,12,0.156,1.823,0.000,0.362,0.111,0.000,2.452,
2026-03-22 13:00:00,Sunday,13,0.149,1.800,0.000,0.000,0.180,0.000,2.129,
2026-03-22 14:00:00,Sunday,14,0.155,2.019,0.000,0.000,0.059,0.807,3.040,zmywarka
2026-03-22 15:00:00,Sunday,15,0.140,2.078,0.000,0.000,0.077,0.000,2.295,
2026-03-22 16:00:00,Sunday,16,0.117,2.257,0.000,0.000,0.058,0.000,2.432,
2026-03-22 17:00:00,Sunday,17,0.134,2.323,0.000,1.052,0.256,0.000,3.765,
2026-03-22 18:00:00,Sunday,18,0.116,1.967,0.222,0.000,0.327,0.000,2.632,
2026-03-22 19:00:00,Sunday,19,0.153,2.045,0.178,0.000,0.199,0.000,2.575,
2026-03-22 20:00:00,Sunday,20,0.130,2.075,0.188,0.000,0.182,0.000,2.575,
2026-03-22 21:00:00,Sunday,21,0.145,2.586,0.259,0.000,0.253,0.000,3.243,
2026-03-22 22:00:00,Sunday,22,0.121,2.122,0.124,0.000,0.212,0.000,2.579,
2026-03-22 23:00:00,Sunday,23,0.158,2.155,0.000,0.000,0.000,0.000,2.313,
2026-03-23 00:00:00,Monday,0,0.156,2.415,0.000,0.000,0.000,0.000,2.571,
2026-03-23 01:00:00,Monday,1,0.141,2.413,0.000,0.000,0.000,0.000,2.554,
2026-03-23 02:00:00,Monday,2,0.112,2.341,0.000,0.000,0.000,0.000,2.453,
2026-03-23 03:00:00,Monday,3,0.140,2.198,0.000,0.000,0.000,0.000,2.338,
2026-03-23 04:00:00,Monday,4,0.145,2.773,0.000,0.000,0.000,0.000,2.918,
2026-03-23 05:00:00,Monday,5,0.153,2.311,0.000,0.000,0.000,0.000,2.464,
2026-03-23 06:00:00,Monday,6,0.146,2.964,0.080,0.303,0.000,0.000,3.493,
2026-03-23 07:00:00,Monday,7,0.130,2.551,0.000,0.400,0.000,0.000,3.081,
2026-03-23 08:00:00,Monday,8,0.153,2.420,0.000,0.375,0.000,0.000,2.948,
2026-03-23 09:00:00,Monday,9,0.118,2.523,0.000,0.000,0.136,0.000,2.777,
2026-03-23 10:00:00,Monday,10,0.150,2.189,0.000,0.000,0.100,0.000,2.439,
2026-03-23 11:00:00,Monday,11,0.122,2.106,0.000,0.000,0.140,0.000,2.368,
2026-03-23 12:00:00,Monday,12,0.120,2.023,0.000,0.000,0.137,0.000,2.280,
2026-03-23 13:00:00,Monday,13,0.122,1.700,0.000,0.604,0.094,0.000,2.520,
2026-03-23 14:00:00,Monday,14,0.130,1.675,0.000,0.000,0.225,0.000,2.030,
2026-03-23 15:00:00,Monday,15,0.144,1.550,0.000,0.000,0.152,0.000,1.846,
2026-03-23 16:00:00,Monday,16,0.129,1.316,0.000,0.000,0.158,0.000,1.603,
2026-03-23 17:00:00,Monday,17,0.121,1.839,0.000,0.826,0.332,0.000,3.118,
2026-03-23 18:00:00,Monday,18,0.141,1.592,0.104,0.000,0.254,0.000,2.091,
2026-03-23 19:00:00,Monday,19,0.113,1.626,0.160,0.000,0.286,0.000,2.185,
2026-03-23 20:00:00,Monday,20,0.159,2.364,0.250,0.000,0.212,1.077,4.062,zmywarka
2026-03-23 21:00:00,Monday,21,0.127,2.158,0.223,0.000,0.254,0.000,2.762,
2026-03-23 22:00:00,Monday,22,0.115,1.756,0.097,0.000,0.200,0.000,2.168,
2026-03-23 23:00:00,Monday,23,0.140,1.974,0.000,0.000,0.000,0.000,2.114,
2026-03-24 00:00:00,Tuesday,0,0.111,2.305,0.000,0.000,0.000,0.000,2.416,
2026-03-24 01:00:00,Tuesday,1,0.135,2.355,0.000,0.000,0.000,0.000,2.490,
2026-03-24 02:00:00,Tuesday,2,0.134,1.840,0.000,0.000,0.000,0.000,1.974,
2026-03-24 03:00:00,Tuesday,3,0.121,1.839,0.000,0.000,0.000,0.000,1.960,
2026-03-24 04:00:00,Tuesday,4,0.113,1.904,0.000,0.000,0.000,0.000,2.017,
2026-03-24 05:00:00,Tuesday,5,0.138,1.934,0.000,0.000,0.000,0.000,2.072,
2026-03-24 06:00:00,Tuesday,6,0.122,2.328,0.125,0.571,0.000,0.000,3.146,
2026-03-24 07:00:00,Tuesday,7,0.157,2.012,0.000,0.364,0.000,0.000,2.533,
2026-03-24 08:00:00,Tuesday,8,0.151,2.471,0.000,0.447,0.000,0.000,3.069,
2026-03-24 09:00:00,Tuesday,9,0.157,1.896,0.000,0.000,0.096,0.000,2.149,
2026-03-24 10:00:00,Tuesday,10,0.138,1.909,0.000,0.000,0.087,0.000,2.134,
2026-03-24 11:00:00,Tuesday,11,0.143,1.939,0.000,0.000,0.143,0.000,2.225,
2026-03-24 12:00:00,Tuesday,12,0.121,2.091,0.000,0.000,0.115,0.000,2.327,
2026-03-24 13:00:00,Tuesday,13,0.160,1.682,0.000,0.783,0.130,0.000,2.755,
2026-03-24 14:00:00,Tuesday,14,0.145,1.679,0.000,0.000,0.091,0.000,1.915,
2026-03-24 15:00:00,Tuesday,15,0.125,1.323,0.000,0.000,0.145,0.000,1.593,
2026-03-24 16:00:00,Tuesday,16,0.110,1.179,0.000,0.000,0.245,0.000,1.534,
2026-03-24 17:00:00,Tuesday,17,0.133,1.176,0.000,1.007,0.299,0.000,2.615,
2026-03-24 18:00:00,Tuesday,18,0.132,1.328,0.130,0.000,0.345,0.000,1.935,
2026-03-24 19:00:00,Tuesday,19,0.114,1.722,0.170,0.000,0.197,0.897,3.100,zmywarka
2026-03-24 20:00:00,Tuesday,20,0.146,1.425,0.197,0.000,0.198,0.000,1.966,
2026-03-24 21:00:00,Tuesday,21,0.111,1.736,0.200,0.000,0.340,0.000,2.387,
2026-03-24 22:00:00,Tuesday,22,0.153,1.515,0.103,0.000,0.216,0.000,1.987,
2026-03-24 23:00:00,Tuesday,23,0.131,1.348,0.000,0.000,0.000,0.000,1.479,
2026-03-25 00:00:00,Wednesday,0,0.111,1.357,0.000,0.000,0.000,0.000,1.468,
2026-03-25 01:00:00,Wednesday,1,0.148,1.215,0.000,0.000,0.000,0.000,1.363,
2026-03-25 02:00:00,Wednesday,2,0.125,1.251,0.000,0.000,0.000,0.000,1.376,
2026-03-25 03:00:00,Wednesday,3,0.156,1.310,0.000,0.000,0.000,0.000,1.466,
2026-03-25 04:00:00,Wednesday,4,0.162,1.350,0.000,0.000,0.000,0.000,1.512,
2026-03-25 05:00:00,Wednesday,5,0.165,1.391,0.000,0.000,0.000,0.000,1.556,
2026-03-25 06:00:00,Wednesday,6,0.154,1.912,0.117,0.520,0.000,0.000,2.703,
2026-03-25 07:00:00,Wednesday,7,0.130,1.890,0.000,0.153,0.000,0.000,2.173,
2026-03-25 08:00:00,Wednesday,8,0.137,1.831,0.000,0.354,0.000,0.000,2.322,
2026-03-25 09:00:00,Wednesday,9,0.151,1.517,0.000,0.000,0.122,0.000,1.790,
2026-03-25 10:00:00,Wednesday,10,0.123,1.730,0.000,0.000,0.086,0.000,1.939,
2026-03-25 11:00:00,Wednesday,11,0.114,1.668,0.000,0.000,0.097,0.000,1.879,
2026-03-25 12:00:00,Wednesday,12,0.150,1.855,0.000,0.838,0.081,0.000,2.924,
2026-03-25 13:00:00,Wednesday,13,0.156,1.835,0.000,0.000,0.100,0.000,2.091,
2026-03-25 14:00:00,Wednesday,14,0.148,1.814,0.000,0.000,0.194,0.000,2.156,
2026-03-25 15:00:00,Wednesday,15,0.131,2.212,0.000,0.000,0.104,0.000,2.447,
2026-03-25 16:00:00,Wednesday,16,0.151,1.738,0.000,0.000,0.137,0.000,2.026,
2026-03-25 17:00:00,Wednesday,17,0.130,1.727,0.000,1.256,0.227,0.000,3.340,
2026-03-25 18:00:00,Wednesday,18,0.160,1.929,0.145,0.000,0.244,0.000,2.478,
2026-03-25 19:00:00,Wednesday,19,0.151,1.871,0.178,0.000,0.347,0.869,3.416,zmywarka
2026-03-25 20:00:00,Wednesday,20,0.123,1.989,0.249,0.000,0.336,0.000,2.697,
2026-03-25 21:00:00,Wednesday,21,0.157,2.285,0.245,0.000,0.247,0.000,2.934,
2026-03-25 22:00:00,Wednesday,22,0.141,2.173,0.074,0.000,0.195,0.000,2.583,
2026-03-25 23:00:00,Wednesday,23,0.128,2.292,0.000,0.000,0.000,0.000,2.420,
2026-03-26 00:00:00,Thursday,0,0.126,2.481,0.000,0.000,0.000,0.000,2.607,
2026-03-26 01:00:00,Thursday,1,0.159,2.240,0.000,0.000,0.000,0.000,2.399,
2026-03-26 02:00:00,Thursday,2,0.142,2.113,0.000,0.000,0.000,0.000,2.255,
2026-03-26 03:00:00,Thursday,3,0.110,2.035,0.000,0.000,0.000,0.000,2.145,
2026-03-26 04:00:00,Thursday,4,0.138,1.915,0.000,0.000,0.000,0.000,2.053,
2026-03-26 05:00:00,Thursday,5,0.139,1.855,0.000,0.000,0.000,0.000,1.994,
2026-03-26 06:00:00,Thursday,6,0.122,2.268,0.154,0.501,0.000,0.000,3.045,
2026-03-26 07:00:00,Thursday,7,0.112,2.408,0.000,0.213,0.000,0.000,2.733,
2026-03-26 08:00:00,Thursday,8,0.129,2.600,0.000,0.464,0.000,0.000,3.193,
2026-03-26 09:00:00,Thursday,9,0.134,2.380,0.000,0.000,0.123,0.000,2.637,
2026-03-26 10:00:00,Thursday,10,0.127,1.957,0.000,0.000,0.085,0.000,2.169,
2026-03-26 11:00:00,Thursday,11,0.148,2.334,0.000,0.000,0.112,0.000,2.594,
2026-03-26 12:00:00,Thursday,12,0.110,1.813,0.000,0.767,0.149,0.000,2.839,
2026-03-26 13:00:00,Thursday,13,0.135,2.082,0.000,0.000,0.112,0.000,2.329,
2026-03-26 14:00:00,Thursday,14,0.150,1.898,0.000,0.000,0.147,0.000,2.195,
2026-03-26 15:00:00,Thursday,15,0.137,1.884,0.000,0.000,0.102,0.000,2.123,
2026-03-26 16:00:00,Thursday,16,0.130,2.024,0.000,0.000,0.185,0.000,2.339,
2026-03-26 17:00:00,Thursday,17,0.143,2.022,0.000,0.726,0.251,0.000,3.142,
2026-03-26 18:00:00,Thursday,18,0.144,1.675,0.140,0.000,0.293,0.000,2.252,
2026-03-26 19:00:00,Thursday,19,0.156,2.248,0.236,0.000,0.327,0.000,2.967,
2026-03-26 20:00:00,Thursday,20,0.128,2.112,0.226,0.000,0.285,1.084,3.835,zmywarka
2026-03-26 21:00:00,Thursday,21,0.116,2.413,0.243,0.000,0.285,0.000,3.057,
2026-03-26 22:00:00,Thursday,22,0.135,2.377,0.127,0.000,0.206,0.000,2.845,
2026-03-26 23:00:00,Thursday,23,0.124,2.501,0.000,0.000,0.000,0.000,2.625,
2026-03-27 00:00:00,Friday,0,0.112,2.445,0.000,0.000,0.000,0.000,2.557,
2026-03-27 01:00:00,Friday,1,0.126,2.389,0.000,0.000,0.000,0.000,2.515,
2026-03-27 02:00:00,Friday,2,0.163,2.255,0.000,0.000,0.000,0.000,2.418,
2026-03-27 03:00:00,Friday,3,0.183,2.743,0.000,0.000,0.000,0.000,2.926,
2026-03-27 04:00:00,Friday,4,0.137,2.830,0.000,0.000,0.000,0.000,2.967,
2026-03-27 05:00:00,Friday,5,0.154,2.580,0.000,0.000,0.000,0.000,2.734,
2026-03-27 06:00:00,Friday,6,0.154,2.537,0.080,0.579,0.000,0.000,3.350,
2026-03-27 07:00:00,Friday,7,0.136,3.428,0.000,0.449,0.000,0.000,4.013,
2026-03-27 08:00:00,Friday,8,0.156,3.198,0.000,0.491,0.000,0.000,3.845,
2026-03-27 09:00:00,Friday,9,0.148,2.714,0.000,0.000,0.282,0.000,3.144,praca zdalna
2026-03-27 10:00:00,Friday,10,0.127,2.287,0.000,0.000,0.190,0.000,2.604,praca zdalna
2026-03-27 11:00:00,Friday,11,0.113,2.137,0.000,0.000,0.207,0.000,2.457,praca zdalna
2026-03-27 12:00:00,Friday,12,0.114,1.939,0.000,0.000,0.256,0.000,2.309,praca zdalna
2026-03-27 13:00:00,Friday,13,0.123,1.674,0.000,0.596,0.285,0.000,2.678,praca zdalna
2026-03-27 14:00:00,Friday,14,0.149,1.870,0.000,0.000,0.290,0.000,2.309,praca zdalna
2026-03-27 15:00:00,Friday,15,0.144,1.750,0.000,0.000,0.292,0.000,2.186,praca zdalna
2026-03-27 16:00:00,Friday,16,0.117,1.756,0.000,0.000,0.209,0.000,2.082,praca zdalna
2026-03-27 17:00:00,Friday,17,0.146,1.944,0.000,0.947,0.277,0.000,3.314,
2026-03-27 18:00:00,Friday,18,0.133,2.063,0.215,0.000,0.289,0.000,2.700,
2026-03-27 19:00:00,Friday,19,0.158,1.811,0.278,0.000,0.258,0.978,3.483,zmywarka
2026-03-27 20:00:00,Friday,20,0.155,1.937,0.165,0.000,0.173,0.000,2.430,
2026-03-27 21:00:00,Friday,21,0.114,2.005,0.229,0.000,0.278,0.000,2.626,
2026-03-27 22:00:00,Friday,22,0.131,2.253,0.125,0.000,0.157,0.000,2.666,
2026-03-27 23:00:00,Friday,23,0.127,2.018,0.000,0.000,0.000,0.000,2.145,
2026-03-28 00:00:00,Saturday,0,0.117,2.406,0.000,0.000,0.000,0.000,2.523,
2026-03-28 01:00:00,Saturday,1,0.134,2.216,0.000,0.000,0.000,0.000,2.350,
2026-03-28 02:00:00,Saturday,2,0.138,1.982,0.000,0.000,0.000,0.000,2.120,
2026-03-28 03:00:00,Saturday,3,0.122,1.745,0.000,0.000,0.000,0.000,1.867,
2026-03-28 04:00:00,Saturday,4,0.157,2.024,0.000,0.000,0.000,0.000,2.181,
2026-03-28 05:00:00,Saturday,5,0.161,2.301,0.000,0.000,0.000,0.000,2.462,
2026-03-28 06:00:00,Saturday,6,0.130,2.097,0.096,0.413,0.000,0.000,2.736,
2026-03-28 07:00:00,Saturday,7,0.113,2.408,0.000,0.404,0.000,0.000,2.925,
2026-03-28 08:00:00,Saturday,8,0.121,2.469,0.000,0.246,0.000,0.000,2.836,
2026-03-28 09:00:00,Saturday,9,0.130,2.533,0.000,0.000,0.117,0.000,2.780,
2026-03-28 10:00:00,Saturday,10,0.128,2.147,0.000,0.000,0.235,0.000,2.510,
2026-03-28 11:00:00,Saturday,11,0.116,2.124,0.000,0.000,0.161,0.953,3.354,pralka
2026-03-28 12:00:00,Saturday,12,0.118,2.163,0.000,0.000,0.183,0.000,2.464,
2026-03-28 13:00:00,Saturday,13,0.114,2.008,0.000,1.013,0.241,0.000,3.376,
2026-03-28 14:00:00,Saturday,14,0.151,1.944,0.000,0.000,0.085,1.115,3.295,zmywarka
2026-03-28 15:00:00,Saturday,15,0.115,1.807,0.000,0.000,0.236,0.000,2.158,
2026-03-28 16:00:00,Saturday,16,0.136,1.869,0.000,0.000,0.241,0.000,2.246,
2026-03-28 17:00:00,Saturday,17,0.128,1.902,0.000,0.000,0.329,0.000,2.359,
2026-03-28 18:00:00,Saturday,18,0.156,2.209,0.221,0.965,0.226,0.000,3.777,
2026-03-28 19:00:00,Saturday,19,0.159,2.084,0.272,0.000,0.181,0.000,2.696,
2026-03-28 20:00:00,Saturday,20,0.117,2.196,0.137,0.000,0.196,0.000,2.646,
2026-03-28 21:00:00,Saturday,21,0.120,2.254,0.243,0.000,0.254,0.000,2.871,
2026-03-28 22:00:00,Saturday,22,0.157,2.123,0.056,0.000,0.186,0.000,2.522,
2026-03-28 23:00:00,Saturday,23,0.137,1.832,0.000,0.000,0.000,0.000,1.969,
2026-03-29 00:00:00,Sunday,0,0.169,2.012,0.000,0.000,0.000,0.000,2.181,
2026-03-29 01:00:00,Sunday,1,0.152,2.144,0.000,0.000,0.000,0.000,2.296,
2026-03-29 02:00:00,Sunday,2,0.148,2.195,0.000,0.000,0.000,0.000,2.343,
2026-03-29 03:00:00,Sunday,3,0.119,2.233,0.000,0.000,0.000,0.000,2.352,
2026-03-29 04:00:00,Sunday,4,0.138,2.193,0.000,0.000,0.000,0.000,2.331,
2026-03-29 05:00:00,Sunday,5,0.144,2.429,0.000,0.000,0.000,0.000,2.573,
2026-03-29 06:00:00,Sunday,6,0.122,2.723,0.089,0.230,0.000,0.000,3.164,
2026-03-29 07:00:00,Sunday,7,0.130,3.315,0.000,0.381,0.000,0.000,3.826,
2026-03-29 08:00:00,Sunday,8,0.119,2.584,0.000,0.216,0.000,0.000,2.919,
2026-03-29 09:00:00,Sunday,9,0.122,2.846,0.000,0.000,0.116,0.000,3.084,
2026-03-29 10:00:00,Sunday,10,0.155,2.575,0.000,0.000,0.247,0.000,2.977,
2026-03-29 11:00:00,Sunday,11,0.160,2.271,0.000,0.000,0.237,0.000,2.668,
2026-03-29 12:00:00,Sunday,12,0.138,2.191,0.000,1.054,0.089,0.000,3.472,
2026-03-29 13:00:00,Sunday,13,0.117,1.494,0.000,0.000,0.083,0.000,1.694,
2026-03-29 14:00:00,Sunday,14,0.138,1.786,0.000,0.000,0.242,0.000,2.166,
2026-03-29 15:00:00,Sunday,15,0.114,1.394,0.000,0.000,0.158,0.000,1.666,
2026-03-29 16:00:00,Sunday,16,0.119,1.750,0.000,0.000,0.150,0.000,2.019,
2026-03-29 17:00:00,Sunday,17,0.135,1.737,0.000,0.621,0.247,0.000,2.740,
2026-03-29 18:00:00,Sunday,18,0.142,1.827,0.284,0.000,0.348,0.000,2.601,
2026-03-29 19:00:00,Sunday,19,0.144,2.113,0.291,0.000,0.165,0.000,2.713,
2026-03-29 20:00:00,Sunday,20,0.136,1.735,0.225,0.000,0.346,0.000,2.442,
2026-03-29 21:00:00,Sunday,21,0.135,1.829,0.253,0.000,0.221,0.000,2.438,
2026-03-29 22:00:00,Sunday,22,0.158,1.638,0.071,0.000,0.248,0.000,2.115,
2026-03-29 23:00:00,Sunday,23,0.161,1.847,0.000,0.000,0.000,0.000,2.008,
2026-03-30 00:00:00,Monday,0,0.179,1.798,0.000,0.000,0.000,0.000,1.977,
2026-03-30 01:00:00,Monday,1,0.133,2.029,0.000,0.000,0.000,0.000,2.162,
2026-03-30 02:00:00,Monday,2,0.116,2.020,0.000,0.000,0.000,0.000,2.136,
2026-03-30 03:00:00,Monday,3,0.150,1.890,0.000,0.000,0.000,0.000,2.040,
2026-03-30 04:00:00,Monday,4,0.152,2.296,0.000,0.000,0.000,0.000,2.448,
2026-03-30 05:00:00,Monday,5,0.170,2.342,0.000,0.000,0.000,0.000,2.512,
2026-03-30 06:00:00,Monday,6,0.137,2.485,0.147,0.258,0.000,0.000,3.027,
2026-03-30 07:00:00,Monday,7,0.144,2.235,0.000,0.319,0.000,0.000,2.698,
2026-03-30 08:00:00,Monday,8,0.150,2.909,0.000,0.462,0.000,0.000,3.521,
2026-03-30 09:00:00,Monday,9,0.157,2.935,0.000,0.000,0.140,0.000,3.232,
2026-03-30 10:00:00,Monday,10,0.128,2.079,0.000,0.000,0.104,0.000,2.311,
2026-03-30 11:00:00,Monday,11,0.123,1.744,0.000,0.000,0.147,0.000,2.014,
2026-03-30 12:00:00,Monday,12,0.136,1.871,0.000,0.801,0.107,0.000,2.915,
2026-03-30 13:00:00,Monday,13,0.121,1.681,0.000,0.000,0.090,0.000,1.892,
2026-03-30 14:00:00,Monday,14,0.128,1.918,0.000,0.000,0.245,0.000,2.291,
2026-03-30 15:00:00,Monday,15,0.156,1.868,0.000,0.000,0.101,0.000,2.125,
2026-03-30 16:00:00,Monday,16,0.116,1.672,0.000,0.000,0.175,0.000,1.963,
2026-03-30 17:00:00,Monday,17,0.121,1.530,0.000,0.000,0.283,0.000,1.934,
2026-03-30 18:00:00,Monday,18,0.121,1.657,0.104,1.014,0.272,0.000,3.168,
2026-03-30 19:00:00,Monday,19,0.139,1.814,0.167,0.000,0.169,0.000,2.289,
2026-03-30 20:00:00,Monday,20,0.124,2.023,0.150,0.000,0.348,0.000,2.645,
2026-03-30 21:00:00,Monday,21,0.128,2.347,0.233,0.000,0.204,0.000,2.912,
2026-03-30 22:00:00,Monday,22,0.119,2.028,0.106,0.000,0.285,0.000,2.538,
2026-03-30 23:00:00,Monday,23,0.116,2.029,0.000,0.000,0.000,0.000,2.145,
2026-03-31 00:00:00,Tuesday,0,0.156,2.203,0.000,0.000,0.000,0.000,2.359,
2026-03-31 01:00:00,Tuesday,1,0.158,2.256,0.000,0.000,0.000,0.000,2.414,
2026-03-31 02:00:00,Tuesday,2,0.118,2.250,0.000,0.000,0.000,0.000,2.368,
2026-03-31 03:00:00,Tuesday,3,0.134,2.141,0.000,0.000,0.000,0.000,2.275,
2026-03-31 04:00:00,Tuesday,4,0.139,2.234,0.000,0.000,0.000,0.000,2.373,
2026-03-31 05:00:00,Tuesday,5,0.153,2.318,0.000,0.000,0.000,0.000,2.471,
2026-03-31 06:00:00,Tuesday,6,0.148,2.465,0.095,0.597,0.000,0.000,3.305,
2026-03-31 07:00:00,Tuesday,7,0.154,2.457,0.000,0.490,0.000,0.000,3.101,
2026-03-31 08:00:00,Tuesday,8,0.133,2.346,0.000,0.482,0.000,0.000,2.961,
2026-03-31 09:00:00,Tuesday,9,0.118,1.720,0.000,0.000,0.107,0.000,1.945,
2026-03-31 10:00:00,Tuesday,10,0.140,1.673,0.000,0.000,0.085,0.000,1.898,
2026-03-31 11:00:00,Tuesday,11,0.118,1.862,0.000,0.000,0.111,0.000,2.091,
2026-03-31 12:00:00,Tuesday,12,0.145,1.535,0.000,0.000,0.121,0.624,2.425,pralka
2026-03-31 13:00:00,Tuesday,13,0.120,1.727,0.000,0.461,0.121,1.778,4.207,suszarka
2026-03-31 14:00:00,Tuesday,14,0.118,1.557,0.000,0.000,0.109,0.000,1.784,
2026-03-31 15:00:00,Tuesday,15,0.141,1.640,0.000,0.000,0.134,0.000,1.915,
2026-03-31 16:00:00,Tuesday,16,0.148,1.308,0.000,0.000,0.226,0.000,1.682,
2026-03-31 17:00:00,Tuesday,17,0.117,1.371,0.000,0.670,0.325,0.000,2.483,
2026-03-31 18:00:00,Tuesday,18,0.118,1.772,0.114,0.000,0.248,0.000,2.252,
2026-03-31 19:00:00,Tuesday,19,0.157,2.000,0.177,0.000,0.318,0.000,2.652,
2026-03-31 20:00:00,Tuesday,20,0.133,1.859,0.299,0.000,0.240,0.000,2.531,
2026-03-31 21:00:00,Tuesday,21,0.153,2.355,0.199,0.000,0.273,0.000,2.980,
2026-03-31 22:00:00,Tuesday,22,0.111,1.778,0.125,0.000,0.244,0.000,2.258,
2026-03-31 23:00:00,Tuesday,23,0.183,1.770,0.000,0.000,0.000,0.000,1.953,
2026-04-01 00:00:00,Wednesday,0,0.122,2.029,0.000,0.000,0.000,0.000,2.151,
2026-04-01 01:00:00,Wednesday,1,0.117,2.288,0.000,0.000,0.000,0.000,2.405,
2026-04-01 02:00:00,Wednesday,2,0.154,2.639,0.000,0.000,0.000,0.000,2.793,
2026-04-01 03:00:00,Wednesday,3,0.142,2.439,0.000,0.000,0.000,0.000,2.581,
2026-04-01 04:00:00,Wednesday,4,0.129,2.912,0.000,0.000,0.000,0.000,3.041,
2026-04-01 05:00:00,Wednesday,5,0.133,2.530,0.000,0.000,0.000,0.000,2.663,
2026-04-01 06:00:00,Wednesday,6,0.119,2.920,0.000,0.603,0.000,0.000,3.642,
2026-04-01 07:00:00,Wednesday,7,0.139,2.663,0.000,0.602,0.000,0.000,3.404,
2026-04-01 08:00:00,Wednesday,8,0.131,2.390,0.000,0.431,0.000,0.000,2.952,
2026-04-01 09:00:00,Wednesday,9,0.143,2.302,0.000,0.000,0.112,0.000,2.557,
2026-04-01 10:00:00,Wednesday,10,0.155,1.896,0.000,0.000,0.082,0.000,2.133,
2026-04-01 11:00:00,Wednesday,11,0.155,1.842,0.000,0.000,0.096,0.000,2.093,
2026-04-01 12:00:00,Wednesday,12,0.123,1.558,0.000,0.000,0.128,0.000,1.809,
2026-04-01 13:00:00,Wednesday,13,0.122,1.591,0.000,0.658,0.090,0.000,2.461,
2026-04-01 14:00:00,Wednesday,14,0.135,1.820,0.000,0.000,0.169,0.000,2.124,
2026-04-01 15:00:00,Wednesday,15,0.148,1.488,0.000,0.000,0.143,0.000,1.779,
2026-04-01 16:00:00,Wednesday,16,0.134,1.777,0.000,0.000,0.247,0.000,2.158,
2026-04-01 17:00:00,Wednesday,17,0.118,1.465,0.000,0.856,0.302,0.000,2.741,
2026-04-01 18:00:00,Wednesday,18,0.128,1.261,0.000,0.000,0.205,0.000,1.594,
2026-04-01 19:00:00,Wednesday,19,0.155,1.509,0.000,0.000,0.337,0.000,2.001,
2026-04-01 20:00:00,Wednesday,20,0.111,1.577,0.156,0.000,0.261,0.000,2.105,
2026-04-01 21:00:00,Wednesday,21,0.144,1.859,0.262,0.000,0.305,0.000,2.570,
2026-04-01 22:00:00,Wednesday,22,0.142,1.993,0.091,0.000,0.201,0.000,2.427,
2026-04-01 23:00:00,Wednesday,23,0.187,1.777,0.000,0.000,0.000,0.000,1.964,
2026-04-02 00:00:00,Thursday,0,0.153,2.221,0.000,0.000,0.000,0.000,2.374,
2026-04-02 01:00:00,Thursday,1,0.159,1.770,0.000,0.000,0.000,0.000,1.929,
2026-04-02 02:00:00,Thursday,2,0.127,2.468,0.000,0.000,0.000,0.000,2.595,
2026-04-02 03:00:00,Thursday,3,0.112,2.530,0.000,0.000,0.000,0.000,2.642,
2026-04-02 04:00:00,Thursday,4,0.136,2.393,0.000,0.000,0.000,0.000,2.529,
2026-04-02 05:00:00,Thursday,5,0.158,2.435,0.000,0.000,0.000,0.000,2.593,
2026-04-02 06:00:00,Thursday,6,0.122,2.502,0.000,0.417,0.000,0.000,3.041,
2026-04-02 07:00:00,Thursday,7,0.129,2.607,0.000,0.451,0.000,0.000,3.187,
2026-04-02 08:00:00,Thursday,8,0.128,2.091,0.000,0.395,0.000,0.000,2.614,
2026-04-02 09:00:00,Thursday,9,0.115,2.026,0.000,0.000,0.080,0.000,2.221,
2026-04-02 10:00:00,Thursday,10,0.119,2.141,0.000,0.000,0.121,0.000,2.381,
2026-04-02 11:00:00,Thursday,11,0.117,1.822,0.000,0.000,0.082,0.000,2.021,
2026-04-02 12:00:00,Thursday,12,0.150,1.769,0.000,0.811,0.085,0.000,2.815,
2026-04-02 13:00:00,Thursday,13,0.151,1.413,0.000,0.000,0.106,0.000,1.670,
2026-04-02 14:00:00,Thursday,14,0.127,1.689,0.000,0.000,0.084,0.000,1.900,
2026-04-02 15:00:00,Thursday,15,0.152,1.544,0.000,0.000,0.094,0.000,1.790,
2026-04-02 16:00:00,Thursday,16,0.135,1.707,0.000,0.000,0.086,0.000,1.928,
2026-04-02 17:00:00,Thursday,17,0.125,1.617,0.000,1.412,0.258,0.000,3.412,
2026-04-02 18:00:00,Thursday,18,0.112,1.819,0.000,0.000,0.188,0.000,2.119,
2026-04-02 19:00:00,Thursday,19,0.153,1.417,0.000,0.000,0.174,0.000,1.744,
2026-04-02 20:00:00,Thursday,20,0.142,1.696,0.208,0.000,0.259,1.137,3.442,zmywarka
2026-04-02 21:00:00,Thursday,21,0.154,1.852,0.278,0.000,0.234,0.000,2.518,
2026-04-02 22:00:00,Thursday,22,0.157,1.526,0.055,0.000,0.231,0.000,1.969,
2026-04-02 23:00:00,Thursday,23,0.147,1.890,0.000,0.000,0.000,0.000,2.037,
2026-04-03 00:00:00,Friday,0,0.137,1.826,0.000,0.000,0.000,0.000,1.963,
2026-04-03 01:00:00,Friday,1,0.130,2.524,0.000,0.000,0.000,0.000,2.654,
2026-04-03 02:00:00,Friday,2,0.166,2.341,0.000,0.000,0.000,0.000,2.507,
2026-04-03 03:00:00,Friday,3,0.179,2.507,0.000,0.000,0.000,0.000,2.686,
2026-04-03 04:00:00,Friday,4,0.129,2.399,0.000,0.000,0.000,0.000,2.528,
2026-04-03 05:00:00,Friday,5,0.112,2.482,0.000,0.000,0.000,0.000,2.594,
2026-04-03 06:00:00,Friday,6,0.126,2.697,0.081,0.477,0.000,0.000,3.381,
2026-04-03 07:00:00,Friday,7,0.138,2.150,0.000,0.306,0.000,0.000,2.594,
2026-04-03 08:00:00,Friday,8,0.155,2.286,0.000,0.571,0.000,0.000,3.012,
2026-04-03 09:00:00,Friday,9,0.129,2.471,0.000,0.000,0.121,0.000,2.721,
2026-04-03 10:00:00,Friday,10,0.123,2.025,0.000,0.000,0.144,0.000,2.292,
2026-04-03 11:00:00,Friday,11,0.144,2.166,0.000,0.000,0.114,0.000,2.424,
2026-04-03 12:00:00,Friday,12,0.111,1.940,0.000,0.495,0.094,0.000,2.640,
2026-04-03 13:00:00,Friday,13,0.160,1.892,0.000,0.000,0.128,0.000,2.180,
2026-04-03 14:00:00,Friday,14,0.129,2.262,0.000,0.000,0.124,0.000,2.515,
2026-04-03 15:00:00,Friday,15,0.141,1.989,0.000,0.000,0.127,0.000,2.257,
2026-04-03 16:00:00,Friday,16,0.127,2.079,0.000,0.000,0.218,0.000,2.424,
2026-04-03 17:00:00,Friday,17,0.146,1.820,0.000,1.062,0.283,0.000,3.311,
2026-04-03 18:00:00,Friday,18,0.117,1.654,0.000,0.000,0.222,0.000,1.993,
2026-04-03 19:00:00,Friday,19,0.144,2.217,0.000,0.000,0.284,1.055,3.700,zmywarka
2026-04-03 20:00:00,Friday,20,0.121,2.161,0.102,0.000,0.204,0.000,2.588,
2026-04-03 21:00:00,Friday,21,0.147,1.748,0.224,0.000,0.247,0.000,2.366,
2026-04-03 22:00:00,Friday,22,0.115,1.703,0.083,0.000,0.320,0.000,2.221,
2026-04-03 23:00:00,Friday,23,0.138,1.696,0.000,0.000,0.000,0.000,1.834,
2026-04-04 00:00:00,Saturday,0,0.180,1.996,0.000,0.000,0.000,0.000,2.176,
2026-04-04 01:00:00,Saturday,1,0.137,1.842,0.000,0.000,0.000,0.000,1.979,
2026-04-04 02:00:00,Saturday,2,0.157,1.847,0.000,0.000,0.000,0.000,2.004,
2026-04-04 03:00:00,Saturday,3,0.140,1.633,0.000,0.000,0.000,0.000,1.773,
2026-04-04 04:00:00,Saturday,4,0.123,1.326,0.000,0.000,0.000,0.000,1.449,
2026-04-04 05:00:00,Saturday,5,0.124,1.468,0.000,0.000,0.000,0.000,1.592,
2026-04-04 06:00:00,Saturday,6,0.113,2.001,0.000,0.539,0.000,0.000,2.653,
2026-04-04 07:00:00,Saturday,7,0.153,2.086,0.000,0.517,0.000,0.000,2.756,
2026-04-04 08:00:00,Saturday,8,0.147,1.869,0.000,0.462,0.000,0.000,2.478,
2026-04-04 09:00:00,Saturday,9,0.120,1.609,0.000,0.000,0.163,0.723,2.615,pralka
2026-04-04 10:00:00,Saturday,10,0.151,1.961,0.000,0.000,0.230,2.465,4.807,suszarka
2026-04-04 11:00:00,Saturday,11,0.117,1.833,0.000,0.000,0.056,0.000,2.006,
2026-04-04 12:00:00,Saturday,12,0.135,1.743,0.000,0.961,0.149,0.000,2.988,
2026-04-04 13:00:00,Saturday,13,0.115,1.582,0.000,0.000,0.194,0.000,1.891,
2026-04-04 14:00:00,Saturday,14,0.133,1.338,0.000,0.000,0.103,0.964,2.538,zmywarka
2026-04-04 15:00:00,Saturday,15,0.124,1.282,0.000,0.000,0.151,0.000,1.557,
2026-04-04 16:00:00,Saturday,16,0.152,1.351,0.000,0.000,0.137,0.000,1.640,
2026-04-04 17:00:00,Saturday,17,0.126,1.431,0.000,0.000,0.171,0.000,1.728,
2026-04-04 18:00:00,Saturday,18,0.158,1.417,0.000,1.043,0.190,0.000,2.808,
2026-04-04 19:00:00,Saturday,19,0.143,1.574,0.000,0.000,0.194,0.000,1.911,
2026-04-04 20:00:00,Saturday,20,0.150,1.989,0.269,0.000,0.250,0.000,2.658,
2026-04-04 21:00:00,Saturday,21,0.127,1.985,0.103,0.000,0.206,0.000,2.421,
2026-04-04 22:00:00,Saturday,22,0.145,1.549,0.131,0.000,0.160,0.000,1.985,
2026-04-04 23:00:00,Saturday,23,0.115,1.692,0.000,0.000,0.000,0.000,1.807,
2026-04-05 00:00:00,Sunday,0,0.169,2.056,0.000,0.000,0.000,0.000,2.225,
2026-04-05 01:00:00,Sunday,1,0.125,2.124,0.000,0.000,0.000,0.000,2.249,
2026-04-05 02:00:00,Sunday,2,0.169,2.023,0.000,0.000,0.000,0.000,2.192,
2026-04-05 03:00:00,Sunday,3,0.162,1.993,0.000,0.000,0.000,0.000,2.155,
2026-04-05 04:00:00,Sunday,4,0.122,1.643,0.000,0.000,0.000,0.000,1.765,
2026-04-05 05:00:00,Sunday,5,0.145,1.868,0.000,0.000,0.000,0.000,2.013,
2026-04-05 06:00:00,Sunday,6,0.154,1.927,0.106,0.337,0.000,0.000,2.524,
2026-04-05 07:00:00,Sunday,7,0.140,1.737,0.000,0.440,0.000,0.000,2.317,
2026-04-05 08:00:00,Sunday,8,0.122,1.430,0.000,0.412,0.000,0.000,1.964,
2026-04-05 09:00:00,Sunday,9,0.156,1.527,0.000,0.000,0.198,0.935,2.816,pralka
2026-04-05 10:00:00,Sunday,10,0.131,1.088,0.000,0.000,0.082,1.893,3.194,suszarka
2026-04-05 11:00:00,Sunday,11,0.141,1.195,0.000,0.000,0.126,0.000,1.462,
2026-04-05 12:00:00,Sunday,12,0.111,1.170,0.000,0.000,0.138,0.000,1.419,
2026-04-05 13:00:00,Sunday,13,0.117,1.092,0.000,1.307,0.121,1.142,3.779,zmywarka
2026-04-05 14:00:00,Sunday,14,0.121,1.350,0.000,0.000,0.081,0.000,1.552,
2026-04-05 15:00:00,Sunday,15,0.154,1.316,0.000,0.000,0.190,0.000,1.660,
2026-04-05 16:00:00,Sunday,16,0.157,1.080,0.000,0.000,0.074,0.000,1.311,
2026-04-05 17:00:00,Sunday,17,0.126,1.356,0.000,0.000,0.288,0.000,1.770,
2026-04-05 18:00:00,Sunday,18,0.121,1.523,0.000,0.649,0.251,0.000,2.544,
2026-04-05 19:00:00,Sunday,19,0.156,1.851,0.000,0.000,0.213,0.000,2.220,
2026-04-05 20:00:00,Sunday,20,0.116,1.943,0.285,0.000,0.168,0.000,2.512,
2026-04-05 21:00:00,Sunday,21,0.131,1.710,0.242,0.000,0.197,0.000,2.280,
2026-04-05 22:00:00,Sunday,22,0.156,1.508,0.105,0.000,0.294,0.000,2.063,
2026-04-05 23:00:00,Sunday,23,0.141,1.907,0.000,0.000,0.000,0.000,2.048,
2026-04-06 00:00:00,Monday,0,0.150,2.049,0.000,0.000,0.000,0.000,2.199,
2026-04-06 01:00:00,Monday,1,0.127,1.951,0.000,0.000,0.000,0.000,2.078,
2026-04-06 02:00:00,Monday,2,0.156,1.774,0.000,0.000,0.000,0.000,1.930,
2026-04-06 03:00:00,Monday,3,0.132,2.074,0.000,0.000,0.000,0.000,2.206,
2026-04-06 04:00:00,Monday,4,0.152,1.946,0.000,0.000,0.000,0.000,2.098,
2026-04-06 05:00:00,Monday,5,0.166,1.775,0.000,0.000,0.000,0.000,1.941,
2026-04-06 06:00:00,Monday,6,0.152,1.967,0.000,0.543,0.000,0.000,2.662,
2026-04-06 07:00:00,Monday,7,0.133,2.492,0.000,0.583,0.000,0.000,3.208,
2026-04-06 08:00:00,Monday,8,0.154,2.049,0.000,0.334,0.000,0.000,2.537,
2026-04-06 09:00:00,Monday,9,0.120,1.677,0.000,0.000,0.108,0.000,1.905,
2026-04-06 10:00:00,Monday,10,0.151,1.644,0.000,0.000,0.141,0.000,1.936,
2026-04-06 11:00:00,Monday,11,0.147,1.690,0.000,0.000,0.146,0.000,1.983,
2026-04-06 12:00:00,Monday,12,0.146,1.487,0.000,0.486,0.089,0.000,2.208,
2026-04-06 13:00:00,Monday,13,0.117,1.726,0.000,0.000,0.113,0.000,1.956,
2026-04-06 14:00:00,Monday,14,0.114,1.522,0.000,0.000,0.081,0.000,1.717,
2026-04-06 15:00:00,Monday,15,0.122,1.434,0.000,0.000,0.112,0.000,1.668,
2026-04-06 16:00:00,Monday,16,0.131,1.609,0.000,0.000,0.084,0.000,1.824,
2026-04-06 17:00:00,Monday,17,0.123,1.426,0.000,0.916,0.150,0.000,2.615,
2026-04-06 18:00:00,Monday,18,0.118,1.464,0.000,0.000,0.258,0.000,1.840,
2026-04-06 19:00:00,Monday,19,0.154,1.601,0.000,0.000,0.291,0.000,2.046,
2026-04-06 20:00:00,Monday,20,0.136,1.565,0.253,0.000,0.282,0.834,3.070,zmywarka
2026-04-06 21:00:00,Monday,21,0.122,1.636,0.210,0.000,0.156,0.000,2.124,
2026-04-06 22:00:00,Monday,22,0.115,1.496,0.115,0.000,0.160,0.000,1.886,
2026-04-06 23:00:00,Monday,23,0.133,1.590,0.000,0.000,0.000,0.000,1.723,
2026-04-07 00:00:00,Tuesday,0,0.113,1.917,0.000,0.000,0.000,0.000,2.030,
2026-04-07 01:00:00,Tuesday,1,0.155,1.830,0.000,0.000,0.000,0.000,1.985,
2026-04-07 02:00:00,Tuesday,2,0.143,1.797,0.000,0.000,0.000,0.000,1.940,
2026-04-07 03:00:00,Tuesday,3,0.122,1.976,0.000,0.000,0.000,0.000,2.098,
2026-04-07 04:00:00,Tuesday,4,0.120,2.206,0.000,0.000,0.000,0.000,2.326,
2026-04-07 05:00:00,Tuesday,5,0.172,1.820,0.000,0.000,0.000,0.000,1.992,
2026-04-07 06:00:00,Tuesday,6,0.153,2.596,0.000,0.410,0.000,0.000,3.159,
2026-04-07 07:00:00,Tuesday,7,0.111,2.585,0.000,0.315,0.000,0.000,3.011,
2026-04-07 08:00:00,Tuesday,8,0.133,2.311,0.000,0.470,0.000,0.000,2.914,
2026-04-07 09:00:00,Tuesday,9,0.138,2.074,0.000,0.000,0.122,0.000,2.334,
2026-04-07 10:00:00,Tuesday,10,0.136,1.963,0.000,0.000,0.106,0.999,3.204,pralka
2026-04-07 11:00:00,Tuesday,11,0.113,1.884,0.000,0.000,0.115,1.590,3.702,suszarka
2026-04-07 12:00:00,Tuesday,12,0.139,1.368,0.000,0.835,0.111,0.000,2.453,
2026-04-07 13:00:00,Tuesday,13,0.115,1.545,0.000,0.000,0.121,0.000,1.781,
2026-04-07 14:00:00,Tuesday,14,0.133,1.535,0.000,0.000,0.142,0.000,1.810,
2026-04-07 15:00:00,Tuesday,15,0.123,1.562,0.000,0.000,0.239,0.000,1.924,
2026-04-07 16:00:00,Tuesday,16,0.152,1.630,0.000,0.000,0.103,0.000,1.885,
2026-04-07 17:00:00,Tuesday,17,0.131,1.369,0.000,1.338,0.272,0.000,3.110,
2026-04-07 18:00:00,Tuesday,18,0.140,1.446,0.000,0.000,0.236,0.000,1.822,
2026-04-07 19:00:00,Tuesday,19,0.136,1.775,0.000,0.000,0.346,0.000,2.257,
2026-04-07 20:00:00,Tuesday,20,0.135,2.033,0.173,0.000,0.346,0.879,3.566,zmywarka
2026-04-07 21:00:00,Tuesday,21,0.113,2.244,0.136,0.000,0.250,0.000,2.743,
2026-04-07 22:00:00,Tuesday,22,0.155,1.971,0.079,0.000,0.318,0.000,2.523,
2026-04-07 23:00:00,Tuesday,23,0.144,1.802,0.000,0.000,0.000,0.000,1.946,
2026-04-08 00:00:00,Wednesday,0,0.134,2.185,0.000,0.000,0.000,0.000,2.319,
2026-04-08 01:00:00,Wednesday,1,0.180,2.142,0.000,0.000,0.000,0.000,2.322,
2026-04-08 02:00:00,Wednesday,2,0.174,1.804,0.000,0.000,0.000,0.000,1.978,
2026-04-08 03:00:00,Wednesday,3,0.153,1.923,0.000,0.000,0.000,0.000,2.076,
2026-04-08 04:00:00,Wednesday,4,0.152,2.357,0.000,0.000,0.000,0.000,2.509,
2026-04-08 05:00:00,Wednesday,5,0.167,2.377,0.000,0.000,0.000,0.000,2.544,
2026-04-08 06:00:00,Wednesday,6,0.149,2.662,0.000,0.324,0.000,0.000,3.135,
2026-04-08 07:00:00,Wednesday,7,0.121,2.217,0.000,0.412,0.000,0.000,2.750,
2026-04-08 08:00:00,Wednesday,8,0.149,2.583,0.000,0.542,0.000,0.000,3.274,
2026-04-08 09:00:00,Wednesday,9,0.142,2.247,0.000,0.000,0.270,0.000,2.659,praca zdalna
2026-04-08 10:00:00,Wednesday,10,0.111,2.162,0.000,0.000,0.235,0.000,2.508,praca zdalna
2026-04-08 11:00:00,Wednesday,11,0.128,1.797,0.000,0.000,0.302,0.000,2.227,praca zdalna
2026-04-08 12:00:00,Wednesday,12,0.120,1.752,0.000,0.000,0.301,0.000,2.173,praca zdalna
2026-04-08 13:00:00,Wednesday,13,0.155,1.370,0.000,0.612,0.211,0.000,2.348,praca zdalna
2026-04-08 14:00:00,Wednesday,14,0.158,1.065,0.000,0.000,0.343,0.000,1.566,praca zdalna
2026-04-08 15:00:00,Wednesday,15,0.113,1.141,0.000,0.000,0.195,0.000,1.449,praca zdalna
2026-04-08 16:00:00,Wednesday,16,0.132,1.304,0.000,0.000,0.373,0.000,1.809,praca zdalna
2026-04-08 17:00:00,Wednesday,17,0.132,1.080,0.000,0.000,0.324,0.000,1.536,
2026-04-08 18:00:00,Wednesday,18,0.147,2.178,0.000,0.863,0.164,0.000,3.352,
2026-04-08 19:00:00,Wednesday,19,0.116,2.005,0.000,0.000,0.277,0.000,2.398,
2026-04-08 20:00:00,Wednesday,20,0.160,2.177,0.228,0.000,0.261,0.000,2.826,
2026-04-08 21:00:00,Wednesday,21,0.151,2.090,0.123,0.000,0.285,0.000,2.649,
2026-04-08 22:00:00,Wednesday,22,0.143,1.894,0.100,0.000,0.268,0.000,2.405,
2026-04-08 23:00:00,Wednesday,23,0.137,1.841,0.000,0.000,0.000,0.000,1.978,
2026-04-09 00:00:00,Thursday,0,0.143,1.972,0.000,0.000,0.000,0.000,2.115,
2026-04-09 01:00:00,Thursday,1,0.142,1.994,0.000,0.000,0.000,0.000,2.136,
2026-04-09 02:00:00,Thursday,2,0.149,1.960,0.000,0.000,0.000,0.000,2.109,
2026-04-09 03:00:00,Thursday,3,0.175,2.338,0.000,0.000,0.000,0.000,2.513,
2026-04-09 04:00:00,Thursday,4,0.152,2.190,0.000,0.000,0.000,0.000,2.342,
2026-04-09 05:00:00,Thursday,5,0.123,2.715,0.000,0.000,0.000,0.000,2.838,
2026-04-09 06:00:00,Thursday,6,0.121,2.781,0.119,0.317,0.000,0.000,3.338,
2026-04-09 07:00:00,Thursday,7,0.155,2.884,0.000,0.488,0.000,0.000,3.527,
2026-04-09 08:00:00,Thursday,8,0.139,2.383,0.000,0.388,0.000,0.000,2.910,
2026-04-09 09:00:00,Thursday,9,0.155,2.358,0.000,0.000,0.097,0.000,2.610,
2026-04-09 10:00:00,Thursday,10,0.143,2.333,0.000,0.000,0.139,0.000,2.615,
2026-04-09 11:00:00,Thursday,11,0.124,2.198,0.000,0.000,0.143,0.000,2.465,
2026-04-09 12:00:00,Thursday,12,0.154,1.813,0.000,0.000,0.083,0.000,2.050,
2026-04-09 13:00:00,Thursday,13,0.121,1.951,0.000,0.531,0.082,0.000,2.685,
2026-04-09 14:00:00,Thursday,14,0.157,2.285,0.000,0.000,0.104,0.000,2.546,
2026-04-09 15:00:00,Thursday,15,0.116,2.150,0.000,0.000,0.140,0.000,2.406,
2026-04-09 16:00:00,Thursday,16,0.130,1.837,0.000,0.000,0.248,0.000,2.215,
2026-04-09 17:00:00,Thursday,17,0.131,1.819,0.000,0.859,0.304,0.000,3.113,
2026-04-09 18:00:00,Thursday,18,0.129,2.311,0.000,0.000,0.241,0.000,2.681,
2026-04-09 19:00:00,Thursday,19,0.154,1.965,0.000,0.000,0.277,0.000,2.396,
2026-04-09 20:00:00,Thursday,20,0.137,2.013,0.205,0.000,0.223,1.079,3.657,zmywarka
2026-04-09 21:00:00,Thursday,21,0.125,2.823,0.163,0.000,0.256,0.000,3.367,
2026-04-09 22:00:00,Thursday,22,0.124,2.597,0.103,0.000,0.290,0.000,3.114,
2026-04-09 23:00:00,Thursday,23,0.157,2.775,0.000,0.000,0.000,0.000,2.932,
2026-04-10 00:00:00,Friday,0,0.156,2.390,0.000,0.000,0.000,0.000,2.546,
2026-04-10 01:00:00,Friday,1,0.120,2.564,0.000,0.000,0.000,0.000,2.684,
2026-04-10 02:00:00,Friday,2,0.128,2.478,0.000,0.000,0.000,0.000,2.606,
2026-04-10 03:00:00,Friday,3,0.145,2.773,0.000,0.000,0.000,0.000,2.918,
2026-04-10 04:00:00,Friday,4,0.154,2.577,0.000,0.000,0.000,0.000,2.731,
2026-04-10 05:00:00,Friday,5,0.142,2.660,0.000,0.000,0.000,0.000,2.802,
2026-04-10 06:00:00,Friday,6,0.151,2.727,0.103,0.331,0.000,0.000,3.312,
2026-04-10 07:00:00,Friday,7,0.142,2.570,0.000,0.388,0.000,0.000,3.100,
2026-04-10 08:00:00,Friday,8,0.133,2.821,0.000,0.584,0.000,0.000,3.538,
2026-04-10 09:00:00,Friday,9,0.155,2.193,0.000,0.000,0.097,0.000,2.445,
2026-04-10 10:00:00,Friday,10,0.110,2.567,0.000,0.000,0.104,0.000,2.781,
2026-04-10 11:00:00,Friday,11,0.135,1.930,0.000,0.000,0.124,0.000,2.189,
2026-04-10 12:00:00,Friday,12,0.118,2.171,0.000,0.000,0.083,0.000,2.372,
2026-04-10 13:00:00,Friday,13,0.112,2.284,0.000,0.739,0.095,0.000,3.230,
2026-04-10 14:00:00,Friday,14,0.133,1.971,0.000,0.000,0.192,0.000,2.296,
2026-04-10 15:00:00,Friday,15,0.148,2.224,0.000,0.000,0.092,0.000,2.464,
2026-04-10 16:00:00,Friday,16,0.113,2.267,0.000,0.000,0.115,0.000,2.495,
2026-04-10 17:00:00,Friday,17,0.142,1.985,0.000,0.616,0.224,0.000,2.967,
2026-04-10 18:00:00,Friday,18,0.112,1.999,0.000,0.000,0.202,0.000,2.313,
2026-04-10 19:00:00,Friday,19,0.153,1.984,0.000,0.000,0.254,0.000,2.391,
2026-04-10 20:00:00,Friday,20,0.119,2.448,0.251,0.000,0.228,1.122,4.168,zmywarka
2026-04-10 21:00:00,Friday,21,0.159,2.303,0.277,0.000,0.221,0.000,2.960,
2026-04-10 22:00:00,Friday,22,0.138,1.986,0.090,0.000,0.229,0.000,2.443,
2026-04-10 23:00:00,Friday,23,0.121,2.122,0.000,0.000,0.000,0.000,2.243,
2026-04-11 00:00:00,Saturday,0,0.125,1.802,0.000,0.000,0.000,0.000,1.927,
2026-04-11 01:00:00,Saturday,1,0.136,1.879,0.000,0.000,0.000,0.000,2.015,
2026-04-11 02:00:00,Saturday,2,0.166,1.903,0.000,0.000,0.000,0.000,2.069,
2026-04-11 03:00:00,Saturday,3,0.138,1.825,0.000,0.000,0.000,0.000,1.963,
2026-04-11 04:00:00,Saturday,4,0.111,2.455,0.000,0.000,0.000,0.000,2.566,
2026-04-11 05:00:00,Saturday,5,0.111,2.231,0.000,0.000,0.000,0.000,2.342,
2026-04-11 06:00:00,Saturday,6,0.117,2.746,0.000,0.454,0.000,0.000,3.317,
2026-04-11 07:00:00,Saturday,7,0.125,2.570,0.000,0.340,0.000,0.000,3.035,
2026-04-11 08:00:00,Saturday,8,0.111,2.275,0.000,0.446,0.000,0.000,2.832,
2026-04-11 09:00:00,Saturday,9,0.148,2.112,0.000,0.000,0.244,0.659,3.163,pralka
2026-04-11 10:00:00,Saturday,10,0.124,2.241,0.000,0.000,0.174,2.376,4.915,suszarka
2026-04-11 11:00:00,Saturday,11,0.127,1.806,0.000,0.000,0.194,0.000,2.127,
2026-04-11 12:00:00,Saturday,12,0.121,1.589,0.000,0.636,0.199,0.000,2.545,
2026-04-11 13:00:00,Saturday,13,0.130,1.476,0.000,0.000,0.206,0.000,1.812,
2026-04-11 14:00:00,Saturday,14,0.144,1.647,0.000,0.000,0.214,0.000,2.005,
2026-04-11 15:00:00,Saturday,15,0.128,1.870,0.000,0.000,0.152,0.000,2.150,
2026-04-11 16:00:00,Saturday,16,0.134,1.626,0.000,0.000,0.199,0.000,1.959,
2026-04-11 17:00:00,Saturday,17,0.153,1.670,0.000,0.656,0.272,0.000,2.751,
2026-04-11 18:00:00,Saturday,18,0.154,1.885,0.000,0.000,0.229,0.000,2.268,
2026-04-11 19:00:00,Saturday,19,0.141,1.624,0.000,0.000,0.207,0.000,1.972,
2026-04-11 20:00:00,Saturday,20,0.130,1.860,0.243,0.000,0.222,0.000,2.455,
2026-04-11 21:00:00,Saturday,21,0.140,1.806,0.166,0.000,0.190,0.000,2.302,
2026-04-11 22:00:00,Saturday,22,0.133,1.931,0.096,0.000,0.225,0.000,2.385,
2026-04-11 23:00:00,Saturday,23,0.117,1.947,0.000,0.000,0.000,0.000,2.064,
2026-04-12 00:00:00,Sunday,0,0.126,1.879,0.000,0.000,0.000,0.000,2.005,
2026-04-12 01:00:00,Sunday,1,0.142,1.820,0.000,0.000,0.000,0.000,1.962,
2026-04-12 02:00:00,Sunday,2,0.113,2.122,0.000,0.000,0.000,0.000,2.235,
2026-04-12 03:00:00,Sunday,3,0.139,2.196,0.000,0.000,0.000,0.000,2.335,
2026-04-12 04:00:00,Sunday,4,0.147,1.788,0.000,0.000,0.000,0.000,1.935,
2026-04-12 05:00:00,Sunday,5,0.139,1.859,0.000,0.000,0.000,0.000,1.998,
2026-04-12 06:00:00,Sunday,6,0.136,1.770,0.080,0.431,0.000,0.000,2.417,
2026-04-12 07:00:00,Sunday,7,0.138,1.783,0.000,0.482,0.000,0.000,2.403,
2026-04-12 08:00:00,Sunday,8,0.158,1.626,0.000,0.371,0.000,0.000,2.155,
2026-04-12 09:00:00,Sunday,9,0.123,2.111,0.000,0.000,0.087,0.000,2.321,
2026-04-12 10:00:00,Sunday,10,0.157,2.081,0.000,0.000,0.182,0.000,2.420,
2026-04-12 11:00:00,Sunday,11,0.158,2.053,0.000,0.000,0.135,0.000,2.346,
2026-04-12 12:00:00,Sunday,12,0.150,1.780,0.000,0.000,0.171,0.000,2.101,
2026-04-12 13:00:00,Sunday,13,0.131,1.593,0.000,0.662,0.154,0.000,2.540,
2026-04-12 14:00:00,Sunday,14,0.125,1.722,0.000,0.000,0.126,1.010,2.983,zmywarka
2026-04-12 15:00:00,Sunday,15,0.123,1.649,0.000,0.000,0.094,0.000,1.866,
2026-04-12 16:00:00,Sunday,16,0.117,1.755,0.000,0.000,0.198,0.000,2.070,
2026-04-12 17:00:00,Sunday,17,0.146,1.909,0.000,0.000,0.348,0.000,2.403,
2026-04-12 18:00:00,Sunday,18,0.156,1.909,0.000,0.767,0.212,0.000,3.044,
2026-04-12 19:00:00,Sunday,19,0.117,1.889,0.000,0.000,0.231,0.000,2.237,
2026-04-12 20:00:00,Sunday,20,0.125,1.562,0.247,0.000,0.234,0.000,2.168,
2026-04-12 21:00:00,Sunday,21,0.114,1.780,0.299,0.000,0.277,0.000,2.470,
2026-04-12 22:00:00,Sunday,22,0.150,1.404,0.078,0.000,0.334,0.000,1.966,
2026-04-12 23:00:00,Sunday,23,0.147,1.560,0.000,0.000,0.000,0.000,1.707,
2026-04-13 00:00:00,Monday,0,0.130,1.571,0.000,0.000,0.000,0.000,1.701,
2026-04-13 01:00:00,Monday,1,0.146,1.589,0.000,0.000,0.000,0.000,1.735,
2026-04-13 02:00:00,Monday,2,0.116,1.553,0.000,0.000,0.000,0.000,1.669,
2026-04-13 03:00:00,Monday,3,0.127,1.510,0.000,0.000,0.000,0.000,1.637,
2026-04-13 04:00:00,Monday,4,0.162,1.587,0.000,0.000,0.000,0.000,1.749,
2026-04-13 05:00:00,Monday,5,0.138,1.614,0.000,0.000,0.000,0.000,1.752,
2026-04-13 06:00:00,Monday,6,0.148,1.897,0.095,0.407,0.000,0.000,2.547,
2026-04-13 07:00:00,Monday,7,0.159,1.850,0.000,0.490,0.000,0.000,2.499,
2026-04-13 08:00:00,Monday,8,0.124,1.547,0.000,0.446,0.000,0.000,2.117,
2026-04-13 09:00:00,Monday,9,0.150,1.455,0.000,0.000,0.145,0.000,1.750,
2026-04-13 10:00:00,Monday,10,0.137,1.659,0.000,0.000,0.081,0.000,1.877,
2026-04-13 11:00:00,Monday,11,0.138,1.247,0.000,0.000,0.132,0.000,1.517,
2026-04-13 12:00:00,Monday,12,0.154,1.168,0.000,0.000,0.130,0.000,1.452,
2026-04-13 13:00:00,Monday,13,0.112,1.168,0.000,0.549,0.136,0.000,1.965,
2026-04-13 14:00:00,Monday,14,0.141,1.221,0.000,0.000,0.130,0.000,1.492,
2026-04-13 15:00:00,Monday,15,0.113,1.090,0.000,0.000,0.103,0.000,1.306,
2026-04-13 16:00:00,Monday,16,0.151,1.104,0.000,0.000,0.156,0.000,1.411,
2026-04-13 17:00:00,Monday,17,0.151,1.322,0.000,1.787,0.275,0.000,3.535,
2026-04-13 18:00:00,Monday,18,0.118,1.409,0.000,0.000,0.164,0.000,1.691,
2026-04-13 19:00:00,Monday,19,0.119,1.881,0.000,0.000,0.191,0.000,2.191,
2026-04-13 20:00:00,Monday,20,0.136,1.630,0.123,0.000,0.297,0.837,3.023,zmywarka
2026-04-13 21:00:00,Monday,21,0.137,2.018,0.102,0.000,0.247,0.000,2.504,
2026-04-13 22:00:00,Monday,22,0.132,1.412,0.104,0.000,0.291,0.000,1.939,
2026-04-13 23:00:00,Monday,23,0.120,1.365,0.000,0.000,0.000,0.000,1.485,
2026-04-14 00:00:00,Tuesday,0,0.146,1.579,0.000,0.000,0.000,0.000,1.725,
2026-04-14 01:00:00,Tuesday,1,0.161,1.509,0.000,0.000,0.000,0.000,1.670,
2026-04-14 02:00:00,Tuesday,2,0.152,1.544,0.000,0.000,0.000,0.000,1.696,
2026-04-14 03:00:00,Tuesday,3,0.137,1.410,0.000,0.000,0.000,0.000,1.547,
2026-04-14 04:00:00,Tuesday,4,0.150,1.391,0.000,0.000,0.000,0.000,1.541,
2026-04-14 05:00:00,Tuesday,5,0.173,1.619,0.000,0.000,0.000,0.000,1.792,
2026-04-14 06:00:00,Tuesday,6,0.135,2.006,0.103,0.308,0.000,0.000,2.552,
2026-04-14 07:00:00,Tuesday,7,0.121,1.632,0.000,0.360,0.000,0.000,2.113,
2026-04-14 08:00:00,Tuesday,8,0.135,1.870,0.000,0.281,0.000,0.000,2.286,
2026-04-14 09:00:00,Tuesday,9,0.130,1.604,0.000,0.000,0.109,0.976,2.819,pralka
2026-04-14 10:00:00,Tuesday,10,0.137,1.717,0.000,0.000,0.134,2.429,4.417,suszarka
2026-04-14 11:00:00,Tuesday,11,0.141,1.576,0.000,0.000,0.096,0.000,1.813,
2026-04-14 12:00:00,Tuesday,12,0.139,1.539,0.000,0.337,0.097,0.000,2.112,
2026-04-14 13:00:00,Tuesday,13,0.155,1.642,0.000,0.000,0.145,0.000,1.942,
2026-04-14 14:00:00,Tuesday,14,0.143,1.466,0.000,0.000,0.184,0.000,1.793,
2026-04-14 15:00:00,Tuesday,15,0.149,1.664,0.000,0.000,0.086,0.000,1.899,
2026-04-14 16:00:00,Tuesday,16,0.145,1.437,0.000,0.000,0.231,0.000,1.813,
2026-04-14 17:00:00,Tuesday,17,0.115,1.747,0.000,0.747,0.208,0.000,2.817,
2026-04-14 18:00:00,Tuesday,18,0.126,1.823,0.000,0.000,0.279,0.000,2.228,
2026-04-14 19:00:00,Tuesday,19,0.153,2.204,0.000,0.000,0.262,1.122,3.741,zmywarka
2026-04-14 20:00:00,Tuesday,20,0.140,1.801,0.274,0.000,0.171,0.000,2.386,
2026-04-14 21:00:00,Tuesday,21,0.142,2.074,0.282,0.000,0.279,0.000,2.777,
2026-04-14 22:00:00,Tuesday,22,0.128,2.289,0.074,0.000,0.214,0.000,2.705,
2026-04-14 23:00:00,Tuesday,23,0.145,2.207,0.000,0.000,0.000,0.000,2.352,
2026-04-15 00:00:00,Wednesday,0,0.116,1.710,0.000,0.000,0.000,0.000,1.826,
2026-04-15 01:00:00,Wednesday,1,0.141,1.779,0.000,0.000,0.000,0.000,1.920,
2026-04-15 02:00:00,Wednesday,2,0.136,2.146,0.000,0.000,0.000,0.000,2.282,
2026-04-15 03:00:00,Wednesday,3,0.144,2.103,0.000,0.000,0.000,0.000,2.247,
2026-04-15 04:00:00,Wednesday,4,0.121,2.446,0.000,0.000,0.000,0.000,2.567,
2026-04-15 05:00:00,Wednesday,5,0.148,2.190,0.000,0.000,0.000,0.000,2.338,
2026-04-15 06:00:00,Wednesday,6,0.151,2.847,0.000,0.366,0.000,0.000,3.364,
2026-04-15 07:00:00,Wednesday,7,0.147,2.580,0.000,0.538,0.000,0.000,3.265,
2026-04-15 08:00:00,Wednesday,8,0.120,2.360,0.000,0.370,0.000,0.000,2.850,
2026-04-15 09:00:00,Wednesday,9,0.148,2.226,0.000,0.000,0.000,0.000,2.374,
2026-04-15 10:00:00,Wednesday,10,0.138,1.662,0.000,0.000,0.000,0.000,1.800,
2026-04-15 11:00:00,Wednesday,11,0.158,1.794,0.000,0.000,0.000,0.000,1.952,
2026-04-15 12:00:00,Wednesday,12,0.158,1.748,0.000,0.000,0.000,0.000,1.906,
2026-04-15 13:00:00,Wednesday,13,0.116,1.328,0.000,0.000,0.000,0.000,1.444,
2026-04-15 14:00:00,Wednesday,14,0.114,1.620,0.000,0.000,0.230,0.000,1.964,
2026-04-15 15:00:00,Wednesday,15,0.118,1.548,0.000,0.000,0.249,0.000,1.915,
2026-04-15 16:00:00,Wednesday,16,0.123,1.329,0.000,0.000,0.141,0.000,1.593,
2026-04-15 17:00:00,Wednesday,17,0.158,1.614,0.000,1.438,0.251,0.000,3.461,
2026-04-15 18:00:00,Wednesday,18,0.123,1.620,0.000,0.000,0.315,0.000,2.058,
2026-04-15 19:00:00,Wednesday,19,0.129,1.662,0.000,0.000,0.326,0.000,2.117,
2026-04-15 20:00:00,Wednesday,20,0.143,1.942,0.280,0.000,0.343,1.180,3.888,zmywarka
2026-04-15 21:00:00,Wednesday,21,0.151,2.044,0.242,0.000,0.168,0.000,2.605,
2026-04-15 22:00:00,Wednesday,22,0.154,1.724,0.112,0.000,0.238,0.000,2.228,
2026-04-15 23:00:00,Wednesday,23,0.123,2.125,0.000,0.000,0.000,0.000,2.248,
2026-04-16 00:00:00,Thursday,0,0.140,2.310,0.000,0.000,0.000,0.000,2.450,
2026-04-16 01:00:00,Thursday,1,0.138,2.298,0.000,0.000,0.000,0.000,2.436,
2026-04-16 02:00:00,Thursday,2,0.151,2.311,0.000,0.000,0.000,0.000,2.462,
2026-04-16 03:00:00,Thursday,3,0.144,2.505,0.000,0.000,0.000,0.000,2.649,
2026-04-16 04:00:00,Thursday,4,0.145,2.294,0.000,0.000,0.000,0.000,2.439,
2026-04-16 05:00:00,Thursday,5,0.148,2.486,0.000,0.000,0.000,0.000,2.634,
2026-04-16 06:00:00,Thursday,6,0.125,2.709,0.180,0.334,0.000,0.000,3.348,
2026-04-16 07:00:00,Thursday,7,0.137,2.180,0.000,0.263,0.000,0.000,2.580,
2026-04-16 08:00:00,Thursday,8,0.153,2.573,0.000,0.403,0.000,0.000,3.129,
2026-04-16 09:00:00,Thursday,9,0.125,2.350,0.000,0.000,0.125,0.000,2.600,
2026-04-16 10:00:00,Thursday,10,0.146,1.896,0.000,0.000,0.102,0.000,2.144,
2026-04-16 11:00:00,Thursday,11,0.137,1.962,0.000,0.000,0.108,0.000,2.207,
2026-04-16 12:00:00,Thursday,12,0.155,2.103,0.000,0.000,0.114,0.000,2.372,
2026-04-16 13:00:00,Thursday,13,0.112,2.078,0.000,0.526,0.129,0.000,2.845,
2026-04-16 14:00:00,Thursday,14,0.126,1.796,0.000,0.000,0.112,0.000,2.034,
2026-04-16 15:00:00,Thursday,15,0.126,1.739,0.000,0.000,0.081,0.000,1.946,
2026-04-16 16:00:00,Thursday,16,0.127,1.834,0.000,0.000,0.217,0.000,2.178,
2026-04-16 17:00:00,Thursday,17,0.126,1.719,0.000,0.000,0.244,0.000,2.089,
2026-04-16 18:00:00,Thursday,18,0.145,1.524,0.000,0.877,0.241,0.000,2.787,
2026-04-16 19:00:00,Thursday,19,0.113,1.873,0.000,0.000,0.229,0.000,2.215,
2026-04-16 20:00:00,Thursday,20,0.159,2.177,0.273,0.000,0.223,0.853,3.685,zmywarka
2026-04-16 21:00:00,Thursday,21,0.152,2.295,0.272,0.000,0.269,0.000,2.988,
2026-04-16 22:00:00,Thursday,22,0.131,2.006,0.083,0.000,0.338,0.000,2.558,
2026-04-16 23:00:00,Thursday,23,0.132,1.807,0.000,0.000,0.000,0.000,1.939,
2026-04-17 00:00:00,Friday,0,0.146,2.003,0.000,0.000,0.000,0.000,2.149,
2026-04-17 01:00:00,Friday,1,0.150,2.320,0.000,0.000,0.000,0.000,2.470,
2026-04-17 02:00:00,Friday,2,0.147,1.919,0.000,0.000,0.000,0.000,2.066,
2026-04-17 03:00:00,Friday,3,0.160,1.996,0.000,0.000,0.000,0.000,2.156,
2026-04-17 04:00:00,Friday,4,0.159,1.915,0.000,0.000,0.000,0.000,2.074,
2026-04-17 05:00:00,Friday,5,0.137,1.819,0.000,0.000,0.000,0.000,1.956,
2026-04-17 06:00:00,Friday,6,0.120,2.128,0.000,0.368,0.000,0.000,2.616,
2026-04-17 07:00:00,Friday,7,0.138,1.943,0.000,0.563,0.000,0.000,2.644,
2026-04-17 08:00:00,Friday,8,0.135,2.117,0.000,0.281,0.000,0.000,2.533,
2026-04-17 09:00:00,Friday,9,0.147,2.035,0.000,0.000,0.088,0.000,2.270,
2026-04-17 10:00:00,Friday,10,0.156,1.569,0.000,0.000,0.131,0.000,1.856,
2026-04-17 11:00:00,Friday,11,0.157,1.577,0.000,0.000,0.140,0.000,1.874,
2026-04-17 12:00:00,Friday,12,0.117,1.266,0.000,0.000,0.097,0.000,1.480,
2026-04-17 13:00:00,Friday,13,0.138,1.311,0.000,0.456,0.087,0.000,1.992,
2026-04-17 14:00:00,Friday,14,0.148,1.081,0.000,0.000,0.245,0.000,1.474,
2026-04-17 15:00:00,Friday,15,0.141,1.367,0.000,0.000,0.219,0.000,1.727,
2026-04-17 16:00:00,Friday,16,0.128,1.068,0.000,0.000,0.191,0.000,1.387,
2026-04-17 17:00:00,Friday,17,0.121,1.522,0.000,0.000,0.233,0.000,1.876,
2026-04-17 18:00:00,Friday,18,0.142,1.646,0.000,0.952,0.265,0.000,3.005,
2026-04-17 19:00:00,Friday,19,0.145,1.602,0.000,0.000,0.178,0.000,1.925,
2026-04-17 20:00:00,Friday,20,0.145,1.763,0.247,0.000,0.204,0.000,2.359,
2026-04-17 21:00:00,Friday,21,0.127,1.427,0.259,0.000,0.345,0.000,2.158,
2026-04-17 22:00:00,Friday,22,0.139,1.801,0.091,0.000,0.249,0.000,2.280,
2026-04-17 23:00:00,Friday,23,0.173,1.530,0.000,0.000,0.000,0.000,1.703,
2026-04-18 00:00:00,Saturday,0,0.184,1.881,0.000,0.000,0.000,0.000,2.065,
2026-04-18 01:00:00,Saturday,1,0.158,1.618,0.000,0.000,0.000,0.000,1.776,
2026-04-18 02:00:00,Saturday,2,0.136,1.735,0.000,0.000,0.000,0.000,1.871,
2026-04-18 03:00:00,Saturday,3,0.152,2.156,0.000,0.000,0.000,0.000,2.308,
2026-04-18 04:00:00,Saturday,4,0.113,1.800,0.000,0.000,0.000,0.000,1.913,
2026-04-18 05:00:00,Saturday,5,0.150,2.099,0.000,0.000,0.000,0.000,2.249,
2026-04-18 06:00:00,Saturday,6,0.136,2.400,0.163,0.332,0.000,0.000,3.031,
2026-04-18 07:00:00,Saturday,7,0.134,1.979,0.000,0.440,0.000,0.000,2.553,
2026-04-18 08:00:00,Saturday,8,0.154,1.820,0.000,0.303,0.000,0.000,2.277,
2026-04-18 09:00:00,Saturday,9,0.116,2.150,0.000,0.000,0.238,0.000,2.504,
2026-04-18 10:00:00,Saturday,10,0.155,1.740,0.000,0.000,0.108,0.837,2.840,pralka
2026-04-18 11:00:00,Saturday,11,0.142,1.466,0.000,0.000,0.228,1.728,3.564,suszarka
2026-04-18 12:00:00,Saturday,12,0.114,1.879,0.000,0.000,0.194,0.000,2.187,
2026-04-18 13:00:00,Saturday,13,0.117,1.558,0.000,1.296,0.097,0.000,3.068,
2026-04-18 14:00:00,Saturday,14,0.111,1.792,0.000,0.000,0.156,0.000,2.059,
2026-04-18 15:00:00,Saturday,15,0.115,1.400,0.000,0.000,0.201,0.000,1.716,
2026-04-18 16:00:00,Saturday,16,0.120,1.434,0.000,0.000,0.124,0.000,1.678,
2026-04-18 17:00:00,Saturday,17,0.150,1.461,0.000,1.029,0.217,0.000,2.857,
2026-04-18 18:00:00,Saturday,18,0.143,1.829,0.000,0.000,0.304,0.000,2.276,
2026-04-18 19:00:00,Saturday,19,0.114,1.628,0.000,0.000,0.209,0.000,1.951,
2026-04-18 20:00:00,Saturday,20,0.159,1.607,0.107,0.000,0.221,0.000,2.094,
2026-04-18 21:00:00,Saturday,21,0.151,1.684,0.110,0.000,0.157,0.000,2.102,
2026-04-18 22:00:00,Saturday,22,0.124,1.437,0.145,0.000,0.279,0.000,1.985,
2026-04-18 23:00:00,Saturday,23,0.144,1.534,0.000,0.000,0.000,0.000,1.678,
2026-04-19 00:00:00,Sunday,0,0.130,1.603,0.000,0.000,0.000,0.000,1.733,
2026-04-19 01:00:00,Sunday,1,0.156,1.729,0.000,0.000,0.000,0.000,1.885,
2026-04-19 02:00:00,Sunday,2,0.172,1.489,0.000,0.000,0.000,0.000,1.661,
2026-04-19 03:00:00,Sunday,3,0.140,1.682,0.000,0.000,0.000,0.000,1.822,
2026-04-19 04:00:00,Sunday,4,0.134,1.547,0.000,0.000,0.000,0.000,1.681,
2026-04-19 05:00:00,Sunday,5,0.149,1.726,0.000,0.000,0.000,0.000,1.875,
2026-04-19 06:00:00,Sunday,6,0.126,2.153,0.198,0.264,0.000,0.000,2.741,
2026-04-19 07:00:00,Sunday,7,0.138,2.213,0.000,0.368,0.000,0.000,2.719,
2026-04-19 08:00:00,Sunday,8,0.150,1.595,0.000,0.304,0.000,0.000,2.049,
2026-04-19 09:00:00,Sunday,9,0.132,1.762,0.000,0.000,0.245,0.000,2.139,
2026-04-19 10:00:00,Sunday,10,0.158,1.707,0.000,0.000,0.211,0.000,2.076,
2026-04-19 11:00:00,Sunday,11,0.130,1.800,0.000,0.000,0.107,0.000,2.037,
2026-04-19 12:00:00,Sunday,12,0.122,1.741,0.000,0.000,0.134,0.000,1.997,
2026-04-19 13:00:00,Sunday,13,0.149,1.791,0.000,0.719,0.096,0.000,2.755,
2026-04-19 14:00:00,Sunday,14,0.152,1.936,0.000,0.000,0.088,1.151,3.327,zmywarka
2026-04-19 15:00:00,Sunday,15,0.125,1.627,0.000,0.000,0.122,0.000,1.874,
2026-04-19 16:00:00,Sunday,16,0.133,1.525,0.000,0.000,0.218,0.000,1.876,
2026-04-19 17:00:00,Sunday,17,0.128,1.553,0.000,0.623,0.278,0.000,2.582,
2026-04-19 18:00:00,Sunday,18,0.120,1.746,0.000,0.000,0.224,0.000,2.090,
2026-04-19 19:00:00,Sunday,19,0.116,1.659,0.000,0.000,0.168,0.000,1.943,
2026-04-19 20:00:00,Sunday,20,0.144,1.506,0.156,0.000,0.273,0.000,2.079,
2026-04-19 21:00:00,Sunday,21,0.126,1.600,0.262,0.000,0.201,0.000,2.189,
2026-04-19 22:00:00,Sunday,22,0.137,1.683,0.105,0.000,0.230,0.000,2.155,
2026-04-19 23:00:00,Sunday,23,0.147,1.657,0.000,0.000,0.000,0.000,1.804,
2026-04-20 00:00:00,Monday,0,0.183,1.737,0.000,0.000,0.000,0.000,1.920,
2026-04-20 01:00:00,Monday,1,0.155,1.566,0.000,0.000,0.000,0.000,1.721,
2026-04-20 02:00:00,Monday,2,0.140,2.245,0.000,0.000,0.000,0.000,2.385,
2026-04-20 03:00:00,Monday,3,0.149,1.878,0.000,0.000,0.000,0.000,2.027,
2026-04-20 04:00:00,Monday,4,0.118,1.901,0.000,0.000,0.000,0.000,2.019,
2026-04-20 05:00:00,Monday,5,0.166,2.171,0.000,0.000,0.000,0.000,2.337,
2026-04-20 06:00:00,Monday,6,0.148,2.534,0.115,0.392,0.000,0.000,3.189,
2026-04-20 07:00:00,Monday,7,0.132,2.324,0.000,0.522,0.000,0.000,2.978,
2026-04-20 08:00:00,Monday,8,0.152,2.253,0.000,0.463,0.000,0.000,2.868,
2026-04-20 09:00:00,Monday,9,0.116,1.848,0.000,0.000,0.083,0.000,2.047,
2026-04-20 10:00:00,Monday,10,0.140,2.095,0.000,0.000,0.097,0.000,2.332,
2026-04-20 11:00:00,Monday,11,0.131,1.794,0.000,0.000,0.127,0.000,2.052,
2026-04-20 12:00:00,Monday,12,0.121,1.518,0.000,0.000,0.085,0.000,1.724,
2026-04-20 13:00:00,Monday,13,0.159,1.606,0.000,0.635,0.139,0.000,2.539,
2026-04-20 14:00:00,Monday,14,0.135,1.361,0.000,0.000,0.233,0.000,1.729,
2026-04-20 15:00:00,Monday,15,0.152,1.533,0.000,0.000,0.180,0.000,1.865,
2026-04-20 16:00:00,Monday,16,0.148,1.483,0.000,0.000,0.140,0.000,1.771,
2026-04-20 17:00:00,Monday,17,0.159,1.267,0.000,0.000,0.222,0.000,1.648,
2026-04-20 18:00:00,Monday,18,0.110,1.414,0.000,1.255,0.206,0.000,2.985,
2026-04-20 19:00:00,Monday,19,0.116,1.313,0.000,0.000,0.175,0.000,1.604,
2026-04-20 20:00:00,Monday,20,0.130,1.613,0.266,0.000,0.208,1.130,3.347,zmywarka
2026-04-20 21:00:00,Monday,21,0.119,1.881,0.224,0.000,0.342,0.000,2.566,
2026-04-20 22:00:00,Monday,22,0.131,1.754,0.113,0.000,0.309,0.000,2.307,
2026-04-20 23:00:00,Monday,23,0.113,1.633,0.000,0.000,0.000,0.000,1.746,
2026-04-21 00:00:00,Tuesday,0,0.177,1.709,0.000,0.000,0.000,0.000,1.886,
2026-04-21 01:00:00,Tuesday,1,0.129,1.841,0.000,0.000,0.000,0.000,1.970,
2026-04-21 02:00:00,Tuesday,2,0.144,2.333,0.000,0.000,0.000,0.000,2.477,
2026-04-21 03:00:00,Tuesday,3,0.125,2.200,0.000,0.000,0.000,0.000,2.325,
2026-04-21 04:00:00,Tuesday,4,0.117,2.124,0.000,0.000,0.000,0.000,2.241,
2026-04-21 05:00:00,Tuesday,5,0.128,2.117,0.000,0.000,0.000,0.000,2.245,
2026-04-21 06:00:00,Tuesday,6,0.136,2.349,0.000,0.429,0.000,0.000,2.914,
2026-04-21 07:00:00,Tuesday,7,0.127,2.615,0.000,0.516,0.000,0.000,3.258,
2026-04-21 08:00:00,Tuesday,8,0.149,2.112,0.000,0.476,0.000,0.000,2.737,
2026-04-21 09:00:00,Tuesday,9,0.116,1.967,0.000,0.000,0.244,0.000,2.327,praca zdalna
2026-04-21 10:00:00,Tuesday,10,0.124,2.089,0.000,0.000,0.300,0.000,2.513,praca zdalna
2026-04-21 11:00:00,Tuesday,11,0.140,1.498,0.000,0.000,0.249,0.000,1.887,praca zdalna
2026-04-21 12:00:00,Tuesday,12,0.124,1.445,0.000,0.000,0.242,0.992,2.803,praca zdalna; pralka
2026-04-21 13:00:00,Tuesday,13,0.159,1.450,0.000,0.439,0.258,1.724,4.030,praca zdalna; suszarka
2026-04-21 14:00:00,Tuesday,14,0.158,1.239,0.000,0.000,0.362,0.000,1.759,praca zdalna
2026-04-21 15:00:00,Tuesday,15,0.122,0.910,0.000,0.000,0.332,0.000,1.364,praca zdalna
2026-04-21 16:00:00,Tuesday,16,0.124,0.967,0.000,0.000,0.352,0.000,1.443,praca zdalna
2026-04-21 17:00:00,Tuesday,17,0.135,0.937,0.000,0.919,0.199,0.000,2.190,
2026-04-21 18:00:00,Tuesday,18,0.127,0.955,0.000,0.000,0.210,0.000,1.292,
2026-04-21 19:00:00,Tuesday,19,0.156,1.235,0.000,0.000,0.160,0.000,1.551,
2026-04-21 20:00:00,Tuesday,20,0.157,1.387,0.158,0.000,0.286,0.943,2.931,zmywarka
2026-04-21 21:00:00,Tuesday,21,0.144,1.657,0.256,0.000,0.167,0.000,2.224,
2026-04-21 22:00:00,Tuesday,22,0.153,1.427,0.135,0.000,0.250,0.000,1.965,
2026-04-21 23:00:00,Tuesday,23,0.152,1.579,0.000,0.000,0.000,0.000,1.731,
2026-04-22 00:00:00,Wednesday,0,0.134,1.629,0.000,0.000,0.000,0.000,1.763,
2026-04-22 01:00:00,Wednesday,1,0.146,1.636,0.000,0.000,0.000,0.000,1.782,
2026-04-22 02:00:00,Wednesday,2,0.145,1.675,0.000,0.000,0.000,0.000,1.820,
2026-04-22 03:00:00,Wednesday,3,0.142,1.875,0.000,0.000,0.000,0.000,2.017,
2026-04-22 04:00:00,Wednesday,4,0.127,1.734,0.000,0.000,0.000,0.000,1.861,
2026-04-22 05:00:00,Wednesday,5,0.129,1.905,0.000,0.000,0.000,0.000,2.034,
2026-04-22 06:00:00,Wednesday,6,0.148,2.075,0.000,0.374,0.000,0.000,2.597,
2026-04-22 07:00:00,Wednesday,7,0.141,2.052,0.000,0.397,0.000,0.000,2.590,
2026-04-22 08:00:00,Wednesday,8,0.123,1.836,0.000,0.184,0.000,0.000,2.143,
2026-04-22 09:00:00,Wednesday,9,0.122,1.182,0.000,0.000,0.123,0.000,1.427,
2026-04-22 10:00:00,Wednesday,10,0.149,1.209,0.000,0.000,0.136,0.000,1.494,
2026-04-22 11:00:00,Wednesday,11,0.118,0.896,0.000,0.000,0.103,0.000,1.117,
2026-04-22 12:00:00,Wednesday,12,0.151,0.694,0.000,0.602,0.095,0.000,1.542,
2026-04-22 13:00:00,Wednesday,13,0.129,0.646,0.000,0.000,0.100,0.000,0.875,
2026-04-22 14:00:00,Wednesday,14,0.134,0.491,0.000,0.000,0.170,0.000,0.795,
2026-04-22 15:00:00,Wednesday,15,0.116,0.545,0.000,0.000,0.120,0.000,0.781,
2026-04-22 16:00:00,Wednesday,16,0.132,0.627,0.000,0.000,0.176,0.000,0.935,
2026-04-22 17:00:00,Wednesday,17,0.142,0.681,0.000,0.000,0.342,0.000,1.165,goście
2026-04-22 18:00:00,Wednesday,18,0.119,0.725,0.000,1.620,0.282,0.000,2.746,goście
2026-04-22 19:00:00,Wednesday,19,0.143,0.682,0.000,0.000,0.291,1.062,2.178,goście; zmywarka
2026-04-22 20:00:00,Wednesday,20,0.146,0.688,0.220,0.000,0.157,0.000,1.211,goście
2026-04-22 21:00:00,Wednesday,21,0.127,0.890,0.234,0.000,0.344,0.000,1.595,goście
2026-04-22 22:00:00,Wednesday,22,0.152,1.022,0.104,0.000,0.333,0.000,1.611,
2026-04-22 23:00:00,Wednesday,23,0.176,1.208,0.000,0.000,0.000,0.000,1.384,
2026-04-23 00:00:00,Thursday,0,0.157,1.482,0.000,0.000,0.000,0.000,1.639,
2026-04-23 01:00:00,Thursday,1,0.123,1.248,0.000,0.000,0.000,0.000,1.371,
2026-04-23 02:00:00,Thursday,2,0.136,1.653,0.000,0.000,0.000,0.000,1.789,
2026-04-23 03:00:00,Thursday,3,0.118,1.845,0.000,0.000,0.000,0.000,1.963,
2026-04-23 04:00:00,Thursday,4,0.137,1.729,0.000,0.000,0.000,0.000,1.866,
2026-04-23 05:00:00,Thursday,5,0.130,1.885,0.000,0.000,0.000,0.000,2.015,
2026-04-23 06:00:00,Thursday,6,0.131,1.699,0.000,0.373,0.000,0.000,2.203,
2026-04-23 07:00:00,Thursday,7,0.126,2.087,0.000,0.472,0.000,0.000,2.685,
2026-04-23 08:00:00,Thursday,8,0.156,1.569,0.000,0.473,0.000,0.000,2.198,
2026-04-23 09:00:00,Thursday,9,0.136,1.326,0.000,0.000,0.205,0.000,1.667,praca zdalna
2026-04-23 10:00:00,Thursday,10,0.149,1.214,0.000,0.000,0.291,0.000,1.654,praca zdalna
2026-04-23 11:00:00,Thursday,11,0.140,0.786,0.000,0.000,0.285,0.000,1.211,praca zdalna
2026-04-23 12:00:00,Thursday,12,0.131,0.717,0.000,0.000,0.216,0.000,1.064,praca zdalna
2026-04-23 13:00:00,Thursday,13,0.117,0.676,0.000,0.845,0.288,0.000,1.926,praca zdalna
2026-04-23 14:00:00,Thursday,14,0.120,0.622,0.000,0.000,0.244,0.000,0.986,praca zdalna
2026-04-23 15:00:00,Thursday,15,0.158,0.707,0.000,0.000,0.232,0.000,1.097,praca zdalna
2026-04-23 16:00:00,Thursday,16,0.115,0.603,0.000,0.000,0.379,0.000,1.097,praca zdalna
2026-04-23 17:00:00,Thursday,17,0.118,0.735,0.000,0.888,0.191,0.000,1.932,
2026-04-23 18:00:00,Thursday,18,0.151,0.795,0.000,0.000,0.293,0.000,1.239,
2026-04-23 19:00:00,Thursday,19,0.149,0.863,0.000,0.000,0.348,1.144,2.504,zmywarka
2026-04-23 20:00:00,Thursday,20,0.129,0.843,0.222,0.000,0.200,0.000,1.394,
2026-04-23 21:00:00,Thursday,21,0.145,0.804,0.132,0.000,0.320,0.000,1.401,
2026-04-23 22:00:00,Thursday,22,0.160,0.867,0.143,0.000,0.215,0.000,1.385,
2026-04-23 23:00:00,Thursday,23,0.119,1.204,0.000,0.000,0.000,0.000,1.323,
2026-04-24 00:00:00,Friday,0,0.144,1.089,0.000,0.000,0.000,0.000,1.233,
2026-04-24 01:00:00,Friday,1,0.141,1.190,0.000,0.000,0.000,0.000,1.331,
2026-04-24 02:00:00,Friday,2,0.185,1.391,0.000,0.000,0.000,0.000,1.576,
2026-04-24 03:00:00,Friday,3,0.135,1.797,0.000,0.000,0.000,0.000,1.932,
2026-04-24 04:00:00,Friday,4,0.160,1.615,0.000,0.000,0.000,0.000,1.775,
2026-04-24 05:00:00,Friday,5,0.138,1.715,0.000,0.000,0.000,0.000,1.853,
2026-04-24 06:00:00,Friday,6,0.110,2.108,0.000,0.447,0.000,0.000,2.665,
2026-04-24 07:00:00,Friday,7,0.150,1.723,0.000,0.327,0.000,0.000,2.200,
2026-04-24 08:00:00,Friday,8,0.143,1.749,0.000,0.292,0.000,0.000,2.184,
2026-04-24 09:00:00,Friday,9,0.130,1.421,0.000,0.000,0.107,0.000,1.658,
2026-04-24 10:00:00,Friday,10,0.144,1.051,0.000,0.000,0.085,0.000,1.280,
2026-04-24 11:00:00,Friday,11,0.135,0.837,0.000,0.000,0.119,0.000,1.091,
2026-04-24 12:00:00,Friday,12,0.130,0.695,0.000,0.000,0.143,0.000,0.968,
2026-04-24 13:00:00,Friday,13,0.116,0.671,0.000,0.655,0.143,0.000,1.585,
2026-04-24 14:00:00,Friday,14,0.146,0.654,0.000,0.000,0.195,0.000,0.995,
2026-04-24 15:00:00,Friday,15,0.132,0.561,0.000,0.000,0.113,0.000,0.806,
2026-04-24 16:00:00,Friday,16,0.113,0.632,0.000,0.000,0.250,0.000,0.995,
2026-04-24 17:00:00,Friday,17,0.156,0.691,0.000,0.000,0.326,0.000,1.173,
2026-04-24 18:00:00,Friday,18,0.124,0.700,0.000,0.752,0.160,0.000,1.736,
2026-04-24 19:00:00,Friday,19,0.155,0.656,0.000,0.000,0.162,0.000,0.973,
2026-04-24 20:00:00,Friday,20,0.151,0.730,0.110,0.000,0.280,1.008,2.279,zmywarka
2026-04-24 21:00:00,Friday,21,0.121,0.812,0.221,0.000,0.288,0.000,1.442,
2026-04-24 22:00:00,Friday,22,0.118,0.821,0.081,0.000,0.182,0.000,1.202,
2026-04-24 23:00:00,Friday,23,0.146,0.902,0.000,0.000,0.000,0.000,1.048,
2026-04-25 00:00:00,Saturday,0,0.147,1.104,0.000,0.000,0.000,0.000,1.251,
2026-04-25 01:00:00,Saturday,1,0.119,1.355,0.000,0.000,0.000,0.000,1.474,
2026-04-25 02:00:00,Saturday,2,0.136,1.743,0.000,0.000,0.000,0.000,1.879,
2026-04-25 03:00:00,Saturday,3,0.146,1.692,0.000,0.000,0.000,0.000,1.838,
2026-04-25 04:00:00,Saturday,4,0.139,1.720,0.000,0.000,0.000,0.000,1.859,
2026-04-25 05:00:00,Saturday,5,0.139,1.710,0.000,0.000,0.000,0.000,1.849,
2026-04-25 06:00:00,Saturday,6,0.121,2.157,0.000,0.231,0.000,0.000,2.509,
2026-04-25 07:00:00,Saturday,7,0.151,1.896,0.000,0.414,0.000,0.000,2.461,
2026-04-25 08:00:00,Saturday,8,0.126,1.739,0.000,0.154,0.000,0.000,2.019,
2026-04-25 09:00:00,Saturday,9,0.153,1.505,0.000,0.000,0.230,0.000,1.888,
2026-04-25 10:00:00,Saturday,10,0.117,1.315,0.000,0.000,0.051,0.000,1.483,
2026-04-25 11:00:00,Saturday,11,0.115,1.181,0.000,0.000,0.240,0.000,1.536,
2026-04-25 12:00:00,Saturday,12,0.117,1.222,0.000,0.512,0.094,0.000,1.945,
2026-04-25 13:00:00,Saturday,13,0.131,1.107,0.000,0.000,0.243,0.000,1.481,
2026-04-25 14:00:00,Saturday,14,0.116,1.404,0.000,0.000,0.147,0.996,2.663,zmywarka
2026-04-25 15:00:00,Saturday,15,0.118,1.333,0.000,0.000,0.228,0.000,1.679,
2026-04-25 16:00:00,Saturday,16,0.144,1.129,0.000,0.000,0.052,0.000,1.325,
2026-04-25 17:00:00,Saturday,17,0.111,1.101,0.000,0.617,0.201,0.000,2.030,
2026-04-25 18:00:00,Saturday,18,0.131,1.512,0.000,0.000,0.154,0.000,1.797,
2026-04-25 19:00:00,Saturday,19,0.155,1.540,0.000,0.000,0.288,0.000,1.983,
2026-04-25 20:00:00,Saturday,20,0.134,1.522,0.248,0.000,0.328,0.000,2.232,
2026-04-25 21:00:00,Saturday,21,0.141,1.482,0.285,0.000,0.225,0.000,2.133,
2026-04-25 22:00:00,Saturday,22,0.145,1.384,0.085,0.000,0.214,0.000,1.828,
2026-04-25 23:00:00,Saturday,23,0.141,1.649,0.000,0.000,0.000,0.000,1.790,
2026-04-26 00:00:00,Sunday,0,0.140,1.769,0.000,0.000,0.000,0.000,1.909,
2026-04-26 01:00:00,Sunday,1,0.151,1.449,0.000,0.000,0.000,0.000,1.600,
2026-04-26 02:00:00,Sunday,2,0.164,1.679,0.000,0.000,0.000,0.000,1.843,
2026-04-26 03:00:00,Sunday,3,0.166,1.695,0.000,0.000,0.000,0.000,1.861,
2026-04-26 04:00:00,Sunday,4,0.114,2.120,0.000,0.000,0.000,0.000,2.234,
2026-04-26 05:00:00,Sunday,5,0.154,1.953,0.000,0.000,0.000,0.000,2.107,
2026-04-26 06:00:00,Sunday,6,0.150,1.922,0.000,0.437,0.000,0.000,2.509,
2026-04-26 07:00:00,Sunday,7,0.131,2.253,0.000,0.453,0.000,0.000,2.837,
2026-04-26 08:00:00,Sunday,8,0.138,2.313,0.000,0.462,0.000,0.000,2.913,
2026-04-26 09:00:00,Sunday,9,0.152,1.978,0.000,0.000,0.220,0.952,3.302,pralka
2026-04-26 10:00:00,Sunday,10,0.131,1.641,0.000,0.000,0.153,1.802,3.727,suszarka
2026-04-26 11:00:00,Sunday,11,0.158,1.658,0.000,0.000,0.117,0.000,1.933,
2026-04-26 12:00:00,Sunday,12,0.128,1.394,0.000,0.000,0.076,0.000,1.598,
2026-04-26 13:00:00,Sunday,13,0.112,1.360,0.000,0.759,0.131,0.000,2.362,
2026-04-26 14:00:00,Sunday,14,0.158,1.218,0.000,0.000,0.150,1.128,2.654,zmywarka
2026-04-26 15:00:00,Sunday,15,0.113,1.279,0.000,0.000,0.079,0.000,1.471,
2026-04-26 16:00:00,Sunday,16,0.141,1.293,0.000,0.000,0.210,0.000,1.644,
2026-04-26 17:00:00,Sunday,17,0.140,1.268,0.000,0.685,0.265,0.000,2.358,
2026-04-26 18:00:00,Sunday,18,0.132,1.226,0.000,0.000,0.153,0.000,1.511,
2026-04-26 19:00:00,Sunday,19,0.135,1.328,0.000,0.000,0.223,0.000,1.686,
2026-04-26 20:00:00,Sunday,20,0.155,1.351,0.116,0.000,0.331,0.000,1.953,
2026-04-26 21:00:00,Sunday,21,0.151,1.549,0.285,0.000,0.150,0.000,2.135,
2026-04-26 22:00:00,Sunday,22,0.119,1.537,0.084,0.000,0.225,0.000,1.965,
2026-04-26 23:00:00,Sunday,23,0.129,1.357,0.000,0.000,0.000,0.000,1.486,
2026-04-27 00:00:00,Monday,0,0.128,1.479,0.000,0.000,0.000,0.000,1.607,
2026-04-27 01:00:00,Monday,1,0.177,1.615,0.000,0.000,0.000,0.000,1.792,
2026-04-27 02:00:00,Monday,2,0.148,1.597,0.000,0.000,0.000,0.000,1.745,
2026-04-27 03:00:00,Monday,3,0.142,2.185,0.000,0.000,0.000,0.000,2.327,
2026-04-27 04:00:00,Monday,4,0.131,1.966,0.000,0.000,0.000,0.000,2.097,
2026-04-27 05:00:00,Monday,5,0.139,1.798,0.000,0.000,0.000,0.000,1.937,
2026-04-27 06:00:00,Monday,6,0.158,2.000,0.000,0.493,0.000,0.000,2.651,
2026-04-27 07:00:00,Monday,7,0.157,2.211,0.000,0.383,0.000,0.000,2.751,
2026-04-27 08:00:00,Monday,8,0.148,1.788,0.000,0.538,0.000,0.000,2.474,
2026-04-27 09:00:00,Monday,9,0.128,2.022,0.000,0.000,0.294,0.000,2.444,praca zdalna
2026-04-27 10:00:00,Monday,10,0.149,1.889,0.000,0.000,0.228,0.000,2.266,praca zdalna
2026-04-27 11:00:00,Monday,11,0.136,1.631,0.000,0.000,0.284,0.000,2.051,praca zdalna
2026-04-27 12:00:00,Monday,12,0.155,1.228,0.000,0.000,0.287,0.000,1.670,praca zdalna
2026-04-27 13:00:00,Monday,13,0.156,1.319,0.000,0.579,0.271,0.000,2.325,praca zdalna
2026-04-27 14:00:00,Monday,14,0.152,1.035,0.000,0.000,0.353,0.000,1.540,praca zdalna
2026-04-27 15:00:00,Monday,15,0.142,1.073,0.000,0.000,0.213,0.000,1.428,praca zdalna
2026-04-27 16:00:00,Monday,16,0.123,1.072,0.000,0.000,0.260,0.000,1.455,praca zdalna
2026-04-27 17:00:00,Monday,17,0.134,1.168,0.000,0.000,0.349,0.000,1.651,
2026-04-27 18:00:00,Monday,18,0.153,1.288,0.000,0.722,0.330,0.000,2.493,
2026-04-27 19:00:00,Monday,19,0.153,1.202,0.000,0.000,0.318,0.953,2.626,zmywarka
2026-04-27 20:00:00,Monday,20,0.117,1.219,0.271,0.000,0.296,0.000,1.903,
2026-04-27 21:00:00,Monday,21,0.119,1.508,0.148,0.000,0.161,0.000,1.936,
2026-04-27 22:00:00,Monday,22,0.128,1.294,0.057,0.000,0.332,0.000,1.811,
2026-04-27 23:00:00,Monday,23,0.131,1.664,0.000,0.000,0.000,0.000,1.795,
2026-04-28 00:00:00,Tuesday,0,0.162,1.747,0.000,0.000,0.000,0.000,1.909,
2026-04-28 01:00:00,Tuesday,1,0.151,1.509,0.000,0.000,0.000,0.000,1.660,
2026-04-28 02:00:00,Tuesday,2,0.123,1.977,0.000,0.000,0.000,0.000,2.100,
2026-04-28 03:00:00,Tuesday,3,0.142,1.672,0.000,0.000,0.000,0.000,1.814,
2026-04-28 04:00:00,Tuesday,4,0.169,1.798,0.000,0.000,0.000,0.000,1.967,
2026-04-28 05:00:00,Tuesday,5,0.163,2.117,0.000,0.000,0.000,0.000,2.280,
2026-04-28 06:00:00,Tuesday,6,0.128,2.329,0.000,0.454,0.000,0.000,2.911,
2026-04-28 07:00:00,Tuesday,7,0.136,2.062,0.000,0.335,0.000,0.000,2.533,
2026-04-28 08:00:00,Tuesday,8,0.114,1.788,0.000,0.426,0.000,0.000,2.328,
2026-04-28 09:00:00,Tuesday,9,0.113,1.415,0.000,0.000,0.095,0.000,1.623,
2026-04-28 10:00:00,Tuesday,10,0.143,1.250,0.000,0.000,0.084,0.640,2.117,pralka
2026-04-28 11:00:00,Tuesday,11,0.148,1.100,0.000,0.000,0.121,1.937,3.306,suszarka
2026-04-28 12:00:00,Tuesday,12,0.118,1.078,0.000,0.000,0.139,0.000,1.335,
2026-04-28 13:00:00,Tuesday,13,0.138,1.061,0.000,0.839,0.082,0.000,2.120,
2026-04-28 14:00:00,Tuesday,14,0.122,1.173,0.000,0.000,0.242,0.000,1.537,
2026-04-28 15:00:00,Tuesday,15,0.112,1.006,0.000,0.000,0.199,0.000,1.317,
2026-04-28 16:00:00,Tuesday,16,0.132,1.059,0.000,0.000,0.204,0.000,1.395,
2026-04-28 17:00:00,Tuesday,17,0.130,1.068,0.000,1.234,0.156,0.000,2.588,
2026-04-28 18:00:00,Tuesday,18,0.129,1.179,0.000,0.000,0.278,0.000,1.586,
2026-04-28 19:00:00,Tuesday,19,0.138,1.190,0.000,0.000,0.303,0.000,1.631,
2026-04-28 20:00:00,Tuesday,20,0.123,1.440,0.191,0.000,0.327,0.945,3.026,zmywarka
2026-04-28 21:00:00,Tuesday,21,0.147,1.282,0.219,0.000,0.220,0.000,1.868,
2026-04-28 22:00:00,Tuesday,22,0.137,1.222,0.071,0.000,0.260,0.000,1.690,
2026-04-28 23:00:00,Tuesday,23,0.166,1.245,0.000,0.000,0.000,0.000,1.411,
2026-04-29 00:00:00,Wednesday,0,0.159,1.577,0.000,0.000,0.000,0.000,1.736,
2026-04-29 01:00:00,Wednesday,1,0.149,1.463,0.000,0.000,0.000,0.000,1.612,
2026-04-29 02:00:00,Wednesday,2,0.166,1.920,0.000,0.000,0.000,0.000,2.086,
2026-04-29 03:00:00,Wednesday,3,0.133,2.361,0.000,0.000,0.000,0.000,2.494,
2026-04-29 04:00:00,Wednesday,4,0.140,2.391,0.000,0.000,0.000,0.000,2.531,
2026-04-29 05:00:00,Wednesday,5,0.122,2.479,0.000,0.000,0.000,0.000,2.601,
2026-04-29 06:00:00,Wednesday,6,0.160,2.565,0.094,0.315,0.000,0.000,3.134,
2026-04-29 07:00:00,Wednesday,7,0.140,2.446,0.000,0.306,0.000,0.000,2.892,
2026-04-29 08:00:00,Wednesday,8,0.153,1.813,0.000,0.457,0.000,0.000,2.423,
2026-04-29 09:00:00,Wednesday,9,0.119,1.627,0.000,0.000,0.136,0.000,1.882,
2026-04-29 10:00:00,Wednesday,10,0.129,1.470,0.000,0.000,0.140,0.000,1.739,
2026-04-29 11:00:00,Wednesday,11,0.115,1.111,0.000,0.000,0.086,0.000,1.312,
2026-04-29 12:00:00,Wednesday,12,0.133,1.097,0.000,0.000,0.117,0.000,1.347,
2026-04-29 13:00:00,Wednesday,13,0.137,0.990,0.000,0.712,0.081,0.000,1.920,
2026-04-29 14:00:00,Wednesday,14,0.114,1.092,0.000,0.000,0.104,0.000,1.310,
2026-04-29 15:00:00,Wednesday,15,0.150,0.917,0.000,0.000,0.118,0.000,1.185,
2026-04-29 16:00:00,Wednesday,16,0.130,0.808,0.000,0.000,0.111,0.000,1.049,
2026-04-29 17:00:00,Wednesday,17,0.114,0.869,0.000,0.000,0.200,0.000,1.183,
2026-04-29 18:00:00,Wednesday,18,0.152,0.705,0.000,0.795,0.152,0.000,1.804,
2026-04-29 19:00:00,Wednesday,19,0.138,0.741,0.000,0.000,0.170,0.000,1.049,
2026-04-29 20:00:00,Wednesday,20,0.116,0.798,0.104,0.000,0.173,0.882,2.073,zmywarka
2026-04-29 21:00:00,Wednesday,21,0.120,1.073,0.268,0.000,0.262,0.000,1.723,
2026-04-29 22:00:00,Wednesday,22,0.143,0.909,0.111,0.000,0.329,0.000,1.492,
2026-04-29 23:00:00,Wednesday,23,0.145,1.109,0.000,0.000,0.000,0.000,1.254,
2026-04-30 00:00:00,Thursday,0,0.152,1.211,0.000,0.000,0.000,0.000,1.363,
2026-04-30 01:00:00,Thursday,1,0.150,0.998,0.000,0.000,0.000,0.000,1.148,
2026-04-30 02:00:00,Thursday,2,0.131,1.198,0.000,0.000,0.000,0.000,1.329,
2026-04-30 03:00:00,Thursday,3,0.146,1.337,0.000,0.000,0.000,0.000,1.483,
2026-04-30 04:00:00,Thursday,4,0.142,1.770,0.000,0.000,0.000,0.000,1.912,
2026-04-30 05:00:00,Thursday,5,0.125,1.564,0.000,0.000,0.000,0.000,1.689,
2026-04-30 06:00:00,Thursday,6,0.124,2.081,0.000,0.501,0.000,0.000,2.706,
2026-04-30 07:00:00,Thursday,7,0.112,1.593,0.000,0.483,0.000,0.000,2.188,
2026-04-30 08:00:00,Thursday,8,0.136,1.381,0.000,0.462,0.000,0.000,1.979,
2026-04-30 09:00:00,Thursday,9,0.158,1.230,0.000,0.000,0.116,0.000,1.504,
2026-04-30 10:00:00,Thursday,10,0.139,0.938,0.000,0.000,0.134,0.000,1.211,
2026-04-30 11:00:00,Thursday,11,0.117,0.711,0.000,0.000,0.117,0.000,0.945,
2026-04-30 12:00:00,Thursday,12,0.150,0.592,0.000,0.563,0.144,0.000,1.449,
2026-04-30 13:00:00,Thursday,13,0.124,0.523,0.000,0.000,0.133,0.000,0.780,
2026-04-30 14:00:00,Thursday,14,0.140,0.338,0.000,0.000,0.231,0.000,0.709,
2026-04-30 15:00:00,Thursday,15,0.121,0.354,0.000,0.000,0.098,0.000,0.573,
2026-04-30 16:00:00,Thursday,16,0.153,0.303,0.000,0.000,0.098,0.000,0.554,
2026-04-30 17:00:00,Thursday,17,0.122,0.336,0.000,0.000,0.208,0.000,0.666,
2026-04-30 18:00:00,Thursday,18,0.139,0.407,0.000,0.709,0.343,0.000,1.598,
2026-04-30 19:00:00,Thursday,19,0.115,0.447,0.000,0.000,0.221,0.000,0.783,
2026-04-30 20:00:00,Thursday,20,0.127,0.626,0.239,0.000,0.253,0.941,2.186,zmywarka
2026-04-30 21:00:00,Thursday,21,0.127,0.730,0.125,0.000,0.171,0.000,1.153,
2026-04-30 22:00:00,Thursday,22,0.133,0.586,0.092,0.000,0.311,0.000,1.122,
2026-04-30 23:00:00,Thursday,23,0.142,0.671,0.000,0.000,0.000,0.000,0.813,
2026-05-01 00:00:00,Friday,0,0.123,0.883,0.000,0.000,0.000,0.000,1.006,
2026-05-01 01:00:00,Friday,1,0.117,0.892,0.000,0.000,0.000,0.000,1.009,
2026-05-01 02:00:00,Friday,2,0.138,1.058,0.000,0.000,0.000,0.000,1.196,
2026-05-01 03:00:00,Friday,3,0.140,1.418,0.000,0.000,0.000,0.000,1.558,
2026-05-01 04:00:00,Friday,4,0.116,1.383,0.000,0.000,0.000,0.000,1.499,
2026-05-01 05:00:00,Friday,5,0.136,1.734,0.000,0.000,0.000,0.000,1.870,
2026-05-01 06:00:00,Friday,6,0.126,1.713,0.000,0.368,0.000,0.000,2.207,
2026-05-01 07:00:00,Friday,7,0.158,1.785,0.000,0.396,0.000,0.000,2.339,
2026-05-01 08:00:00,Friday,8,0.115,1.152,0.000,0.511,0.000,0.000,1.778,
2026-05-01 09:00:00,Friday,9,0.113,1.065,0.000,0.000,0.134,0.000,1.312,
2026-05-01 10:00:00,Friday,10,0.153,0.619,0.000,0.000,0.144,0.000,0.916,
2026-05-01 11:00:00,Friday,11,0.140,0.438,0.000,0.000,0.089,0.000,0.667,
2026-05-01 12:00:00,Friday,12,0.137,0.314,0.000,0.000,0.111,0.000,0.562,
2026-05-01 13:00:00,Friday,13,0.113,0.208,0.000,0.878,0.142,0.000,1.341,
2026-05-01 14:00:00,Friday,14,0.119,0.215,0.000,0.000,0.190,0.000,0.524,
2026-05-01 15:00:00,Friday,15,0.144,0.000,0.000,0.000,0.235,0.000,0.379,
2026-05-01 16:00:00,Friday,16,0.112,0.000,0.000,0.000,0.224,0.000,0.336,
2026-05-01 17:00:00,Friday,17,0.155,0.237,0.000,0.643,0.340,0.000,1.375,
2026-05-01 18:00:00,Friday,18,0.115,0.316,0.000,0.000,0.160,0.000,0.591,
2026-05-01 19:00:00,Friday,19,0.121,0.498,0.000,0.000,0.275,0.000,0.894,
2026-05-01 20:00:00,Friday,20,0.149,0.563,0.000,0.000,0.317,0.000,1.029,
2026-05-01 21:00:00,Friday,21,0.141,0.856,0.217,0.000,0.331,0.000,1.545,
2026-05-01 22:00:00,Friday,22,0.133,0.589,0.127,0.000,0.256,0.000,1.105,
2026-05-01 23:00:00,Friday,23,0.123,0.457,0.000,0.000,0.000,0.000,0.580,
2026-05-02 00:00:00,Saturday,0,0.115,0.664,0.000,0.000,0.000,0.000,0.779,
2026-05-02 01:00:00,Saturday,1,0.155,0.813,0.000,0.000,0.000,0.000,0.968,
2026-05-02 02:00:00,Saturday,2,0.117,0.997,0.000,0.000,0.000,0.000,1.114,
2026-05-02 03:00:00,Saturday,3,0.146,0.889,0.000,0.000,0.000,0.000,1.035,
2026-05-02 04:00:00,Saturday,4,0.124,0.996,0.000,0.000,0.000,0.000,1.120,
2026-05-02 05:00:00,Saturday,5,0.134,1.034,0.000,0.000,0.000,0.000,1.168,
2026-05-02 06:00:00,Saturday,6,0.130,1.217,0.000,0.175,0.000,0.000,1.522,
2026-05-02 07:00:00,Saturday,7,0.145,1.017,0.000,0.302,0.000,0.000,1.464,
2026-05-02 08:00:00,Saturday,8,0.152,0.888,0.000,0.507,0.000,0.000,1.547,
2026-05-02 09:00:00,Saturday,9,0.146,0.742,0.000,0.000,0.122,0.000,1.010,
2026-05-02 10:00:00,Saturday,10,0.127,0.681,0.000,0.000,0.210,0.000,1.018,
2026-05-02 11:00:00,Saturday,11,0.132,0.514,0.000,0.000,0.155,0.746,1.547,pralka
2026-05-02 12:00:00,Saturday,12,0.120,0.394,0.000,0.000,0.125,0.000,0.639,
2026-05-02 13:00:00,Saturday,13,0.141,0.308,0.000,0.957,0.127,0.000,1.533,
2026-05-02 14:00:00,Saturday,14,0.123,0.261,0.000,0.000,0.187,1.130,1.701,zmywarka
2026-05-02 15:00:00,Saturday,15,0.125,0.312,0.000,0.000,0.129,0.000,0.566,
2026-05-02 16:00:00,Saturday,16,0.155,0.213,0.000,0.000,0.208,0.000,0.576,
2026-05-02 17:00:00,Saturday,17,0.117,0.000,0.000,1.037,0.305,0.000,1.459,
2026-05-02 18:00:00,Saturday,18,0.136,0.000,0.000,0.000,0.271,0.000,0.407,
2026-05-02 19:00:00,Saturday,19,0.138,0.000,0.000,0.000,0.339,0.000,0.477,
2026-05-02 20:00:00,Saturday,20,0.110,0.000,0.000,0.000,0.200,0.000,0.310,
2026-05-02 21:00:00,Saturday,21,0.149,0.336,0.254,0.000,0.225,0.000,0.964,
2026-05-02 22:00:00,Saturday,22,0.146,0.000,0.146,0.000,0.335,0.000,0.627,
2026-05-02 23:00:00,Saturday,23,0.128,0.000,0.000,0.000,0.000,0.000,0.128,
2026-05-03 00:00:00,Sunday,0,0.147,0.000,0.000,0.000,0.000,0.000,0.147,wyjazd / nieobecność
2026-05-03 01:00:00,Sunday,1,0.146,0.000,0.000,0.000,0.000,0.000,0.146,wyjazd / nieobecność
2026-05-03 02:00:00,Sunday,2,0.118,0.000,0.000,0.000,0.000,0.000,0.118,wyjazd / nieobecność
2026-05-03 03:00:00,Sunday,3,0.117,0.272,0.000,0.000,0.000,0.000,0.389,wyjazd / nieobecność
2026-05-03 04:00:00,Sunday,4,0.125,0.410,0.000,0.000,0.000,0.000,0.535,wyjazd / nieobecność
2026-05-03 05:00:00,Sunday,5,0.133,0.493,0.000,0.000,0.000,0.000,0.626,wyjazd / nieobecność
2026-05-03 06:00:00,Sunday,6,0.120,0.599,0.000,0.000,0.000,0.000,0.719,wyjazd / nieobecność
2026-05-03 07:00:00,Sunday,7,0.120,0.592,0.000,0.000,0.000,0.000,0.712,wyjazd / nieobecność
2026-05-03 08:00:00,Sunday,8,0.136,0.531,0.000,0.000,0.000,0.000,0.667,wyjazd / nieobecność
2026-05-03 09:00:00,Sunday,9,0.114,0.399,0.000,0.000,0.000,0.000,0.513,wyjazd / nieobecność
2026-05-03 10:00:00,Sunday,10,0.120,0.246,0.000,0.000,0.000,0.000,0.366,wyjazd / nieobecność
2026-05-03 11:00:00,Sunday,11,0.150,0.000,0.000,0.000,0.000,0.000,0.150,wyjazd / nieobecność
2026-05-03 12:00:00,Sunday,12,0.151,0.000,0.000,0.000,0.000,0.000,0.151,wyjazd / nieobecność
2026-05-03 13:00:00,Sunday,13,0.121,0.000,0.000,0.000,0.000,0.000,0.121,wyjazd / nieobecność
2026-05-03 14:00:00,Sunday,14,0.139,0.264,0.000,0.000,0.000,0.000,0.403,wyjazd / nieobecność
2026-05-03 15:00:00,Sunday,15,0.158,0.000,0.000,0.000,0.000,0.000,0.158,wyjazd / nieobecność
2026-05-03 16:00:00,Sunday,16,0.111,0.000,0.000,0.000,0.000,0.000,0.111,wyjazd / nieobecność
2026-05-03 17:00:00,Sunday,17,0.145,0.000,0.000,0.000,0.000,0.000,0.145,wyjazd / nieobecność
2026-05-03 18:00:00,Sunday,18,0.158,0.000,0.000,0.000,0.000,0.000,0.158,wyjazd / nieobecność
2026-05-03 19:00:00,Sunday,19,0.159,0.306,0.000,0.000,0.000,0.000,0.465,wyjazd / nieobecność
2026-05-03 20:00:00,Sunday,20,0.154,0.445,0.000,0.000,0.000,0.000,0.599,wyjazd / nieobecność
2026-05-03 21:00:00,Sunday,21,0.154,0.531,0.000,0.000,0.000,0.000,0.685,wyjazd / nieobecność
2026-05-03 22:00:00,Sunday,22,0.144,0.503,0.000,0.000,0.000,0.000,0.647,wyjazd / nieobecność
2026-05-03 23:00:00,Sunday,23,0.153,0.599,0.000,0.000,0.000,0.000,0.752,wyjazd / nieobecność
2026-05-04 00:00:00,Monday,0,0.159,0.931,0.000,0.000,0.000,0.000,1.090,
2026-05-04 01:00:00,Monday,1,0.141,0.922,0.000,0.000,0.000,0.000,1.063,
2026-05-04 02:00:00,Monday,2,0.135,0.933,0.000,0.000,0.000,0.000,1.068,
2026-05-04 03:00:00,Monday,3,0.162,0.879,0.000,0.000,0.000,0.000,1.041,
2026-05-04 04:00:00,Monday,4,0.175,0.830,0.000,0.000,0.000,0.000,1.005,
2026-05-04 05:00:00,Monday,5,0.152,0.751,0.000,0.000,0.000,0.000,0.903,
2026-05-04 06:00:00,Monday,6,0.141,1.116,0.000,0.269,0.000,0.000,1.526,
2026-05-04 07:00:00,Monday,7,0.123,0.869,0.000,0.532,0.000,0.000,1.524,
2026-05-04 08:00:00,Monday,8,0.128,1.064,0.000,0.340,0.000,0.000,1.532,
2026-05-04 09:00:00,Monday,9,0.138,0.950,0.000,0.000,0.102,0.000,1.190,
2026-05-04 10:00:00,Monday,10,0.157,0.960,0.000,0.000,0.132,0.000,1.249,
2026-05-04 11:00:00,Monday,11,0.152,0.967,0.000,0.000,0.093,0.000,1.212,
2026-05-04 12:00:00,Monday,12,0.113,0.700,0.000,0.000,0.082,0.000,0.895,
2026-05-04 13:00:00,Monday,13,0.155,0.584,0.000,0.344,0.099,0.000,1.182,
2026-05-04 14:00:00,Monday,14,0.128,0.484,0.000,0.000,0.207,0.000,0.819,
2026-05-04 15:00:00,Monday,15,0.156,0.521,0.000,0.000,0.083,0.000,0.760,
2026-05-04 16:00:00,Monday,16,0.130,0.604,0.000,0.000,0.183,0.000,0.917,
2026-05-04 17:00:00,Monday,17,0.134,0.613,0.000,1.432,0.254,0.000,2.433,
2026-05-04 18:00:00,Monday,18,0.133,0.694,0.000,0.000,0.253,0.000,1.080,
2026-05-04 19:00:00,Monday,19,0.160,0.915,0.000,0.000,0.315,0.000,1.390,
2026-05-04 20:00:00,Monday,20,0.125,0.824,0.000,0.000,0.217,0.829,1.995,zmywarka
2026-05-04 21:00:00,Monday,21,0.117,0.959,0.233,0.000,0.264,0.000,1.573,
2026-05-04 22:00:00,Monday,22,0.145,0.771,0.088,0.000,0.309,0.000,1.313,
2026-05-04 23:00:00,Monday,23,0.176,0.828,0.000,0.000,0.000,0.000,1.004,
2026-05-05 00:00:00,Tuesday,0,0.153,1.157,0.000,0.000,0.000,0.000,1.310,
2026-05-05 01:00:00,Tuesday,1,0.148,1.150,0.000,0.000,0.000,0.000,1.298,
2026-05-05 02:00:00,Tuesday,2,0.138,1.161,0.000,0.000,0.000,0.000,1.299,
2026-05-05 03:00:00,Tuesday,3,0.124,1.293,0.000,0.000,0.000,0.000,1.417,
2026-05-05 04:00:00,Tuesday,4,0.149,1.640,0.000,0.000,0.000,0.000,1.789,
2026-05-05 05:00:00,Tuesday,5,0.147,1.540,0.000,0.000,0.000,0.000,1.687,
2026-05-05 06:00:00,Tuesday,6,0.115,1.810,0.000,0.427,0.000,0.000,2.352,
2026-05-05 07:00:00,Tuesday,7,0.114,1.765,0.000,0.380,0.000,0.000,2.259,
2026-05-05 08:00:00,Tuesday,8,0.133,1.566,0.000,0.505,0.000,0.000,2.204,
2026-05-05 09:00:00,Tuesday,9,0.147,1.248,0.000,0.000,0.082,0.000,1.477,
2026-05-05 10:00:00,Tuesday,10,0.147,1.262,0.000,0.000,0.145,0.000,1.554,
2026-05-05 11:00:00,Tuesday,11,0.120,0.989,0.000,0.000,0.106,0.000,1.215,
2026-05-05 12:00:00,Tuesday,12,0.119,0.961,0.000,0.430,0.112,0.957,2.579,pralka
2026-05-05 13:00:00,Tuesday,13,0.115,1.031,0.000,0.000,0.081,1.579,2.806,suszarka
2026-05-05 14:00:00,Tuesday,14,0.125,0.873,0.000,0.000,0.081,0.000,1.079,
2026-05-05 15:00:00,Tuesday,15,0.116,0.766,0.000,0.000,0.116,0.000,0.998,
2026-05-05 16:00:00,Tuesday,16,0.112,0.797,0.000,0.000,0.112,0.000,1.021,
2026-05-05 17:00:00,Tuesday,17,0.146,0.834,0.000,0.000,0.230,0.000,1.210,
2026-05-05 18:00:00,Tuesday,18,0.130,1.007,0.000,0.696,0.219,0.000,2.052,
2026-05-05 19:00:00,Tuesday,19,0.115,1.223,0.000,0.000,0.195,0.000,1.533,
2026-05-05 20:00:00,Tuesday,20,0.113,1.119,0.000,0.000,0.241,0.889,2.362,zmywarka
2026-05-05 21:00:00,Tuesday,21,0.133,1.422,0.257,0.000,0.314,0.000,2.126,
2026-05-05 22:00:00,Tuesday,22,0.121,1.248,0.103,0.000,0.269,0.000,1.741,
2026-05-05 23:00:00,Tuesday,23,0.146,1.368,0.000,0.000,0.000,0.000,1.514,
2026-05-06 00:00:00,Wednesday,0,0.149,1.362,0.000,0.000,0.000,0.000,1.511,
2026-05-06 01:00:00,Wednesday,1,0.112,1.391,0.000,0.000,0.000,0.000,1.503,
2026-05-06 02:00:00,Wednesday,2,0.159,1.295,0.000,0.000,0.000,0.000,1.454,
2026-05-06 03:00:00,Wednesday,3,0.150,1.495,0.000,0.000,0.000,0.000,1.645,
2026-05-06 04:00:00,Wednesday,4,0.146,1.694,0.000,0.000,0.000,0.000,1.840,
2026-05-06 05:00:00,Wednesday,5,0.119,1.639,0.000,0.000,0.000,0.000,1.758,
2026-05-06 06:00:00,Wednesday,6,0.115,1.725,0.000,0.585,0.000,0.000,2.425,
2026-05-06 07:00:00,Wednesday,7,0.159,1.611,0.000,0.486,0.000,0.000,2.256,
2026-05-06 08:00:00,Wednesday,8,0.125,1.905,0.000,0.519,0.000,0.000,2.549,
2026-05-06 09:00:00,Wednesday,9,0.123,1.688,0.000,0.000,0.135,0.000,1.946,
2026-05-06 10:00:00,Wednesday,10,0.118,1.529,0.000,0.000,0.117,0.000,1.764,
2026-05-06 11:00:00,Wednesday,11,0.143,1.138,0.000,0.000,0.131,0.000,1.412,
2026-05-06 12:00:00,Wednesday,12,0.123,1.081,0.000,0.000,0.114,0.000,1.318,
2026-05-06 13:00:00,Wednesday,13,0.152,0.932,0.000,0.379,0.147,0.000,1.610,
2026-05-06 14:00:00,Wednesday,14,0.115,0.889,0.000,0.000,0.237,0.000,1.241,
2026-05-06 15:00:00,Wednesday,15,0.124,0.708,0.000,0.000,0.111,0.000,0.943,
2026-05-06 16:00:00,Wednesday,16,0.150,0.968,0.000,0.000,0.159,0.000,1.277,
2026-05-06 17:00:00,Wednesday,17,0.152,1.035,0.000,0.859,0.326,0.000,2.372,
2026-05-06 18:00:00,Wednesday,18,0.114,1.144,0.000,0.000,0.262,0.000,1.520,
2026-05-06 19:00:00,Wednesday,19,0.147,1.037,0.000,0.000,0.293,0.897,2.374,zmywarka
2026-05-06 20:00:00,Wednesday,20,0.143,1.192,0.000,0.000,0.337,0.000,1.672,
2026-05-06 21:00:00,Wednesday,21,0.142,1.508,0.256,0.000,0.338,0.000,2.244,
2026-05-06 22:00:00,Wednesday,22,0.126,1.283,0.052,0.000,0.185,0.000,1.646,
2026-05-06 23:00:00,Wednesday,23,0.188,1.276,0.000,0.000,0.000,0.000,1.464,
2026-05-07 00:00:00,Thursday,0,0.122,1.518,0.000,0.000,0.000,0.000,1.640,
2026-05-07 01:00:00,Thursday,1,0.133,1.627,0.000,0.000,0.000,0.000,1.760,
2026-05-07 02:00:00,Thursday,2,0.136,1.586,0.000,0.000,0.000,0.000,1.722,
2026-05-07 03:00:00,Thursday,3,0.154,1.723,0.000,0.000,0.000,0.000,1.877,
2026-05-07 04:00:00,Thursday,4,0.143,1.871,0.000,0.000,0.000,0.000,2.014,
2026-05-07 05:00:00,Thursday,5,0.155,1.899,0.000,0.000,0.000,0.000,2.054,
2026-05-07 06:00:00,Thursday,6,0.148,1.934,0.000,0.465,0.000,0.000,2.547,
2026-05-07 07:00:00,Thursday,7,0.158,1.730,0.000,0.390,0.000,0.000,2.278,
2026-05-07 08:00:00,Thursday,8,0.134,1.400,0.000,0.311,0.000,0.000,1.845,
2026-05-07 09:00:00,Thursday,9,0.127,1.563,0.000,0.000,0.000,0.000,1.690,
2026-05-07 10:00:00,Thursday,10,0.124,1.280,0.000,0.000,0.000,0.000,1.404,
2026-05-07 11:00:00,Thursday,11,0.160,1.153,0.000,0.000,0.000,0.000,1.313,
2026-05-07 12:00:00,Thursday,12,0.141,0.893,0.000,0.000,0.000,0.000,1.034,
2026-05-07 13:00:00,Thursday,13,0.150,0.972,0.000,0.000,0.000,0.000,1.122,
2026-05-07 14:00:00,Thursday,14,0.135,0.937,0.000,0.000,0.246,0.000,1.318,
2026-05-07 15:00:00,Thursday,15,0.118,1.024,0.000,0.000,0.113,0.000,1.255,
2026-05-07 16:00:00,Thursday,16,0.137,0.896,0.000,0.000,0.125,0.000,1.158,
2026-05-07 17:00:00,Thursday,17,0.160,0.957,0.000,0.948,0.301,0.000,2.366,
2026-05-07 18:00:00,Thursday,18,0.138,0.978,0.000,0.000,0.320,0.000,1.436,
2026-05-07 19:00:00,Thursday,19,0.141,0.867,0.000,0.000,0.337,0.854,2.199,zmywarka
2026-05-07 20:00:00,Thursday,20,0.130,0.931,0.000,0.000,0.242,0.000,1.303,
2026-05-07 21:00:00,Thursday,21,0.157,1.046,0.126,0.000,0.224,0.000,1.553,
2026-05-07 22:00:00,Thursday,22,0.131,1.271,0.110,0.000,0.209,0.000,1.721,
2026-05-07 23:00:00,Thursday,23,0.167,1.267,0.000,0.000,0.000,0.000,1.434,
2026-05-08 00:00:00,Friday,0,0.163,1.098,0.000,0.000,0.000,0.000,1.261,
2026-05-08 01:00:00,Friday,1,0.117,1.508,0.000,0.000,0.000,0.000,1.625,
2026-05-08 02:00:00,Friday,2,0.131,1.823,0.000,0.000,0.000,0.000,1.954,
2026-05-08 03:00:00,Friday,3,0.148,1.572,0.000,0.000,0.000,0.000,1.720,
2026-05-08 04:00:00,Friday,4,0.154,2.023,0.000,0.000,0.000,0.000,2.177,
2026-05-08 05:00:00,Friday,5,0.124,1.865,0.000,0.000,0.000,0.000,1.989,
2026-05-08 06:00:00,Friday,6,0.149,2.113,0.000,0.286,0.000,0.000,2.548,
2026-05-08 07:00:00,Friday,7,0.136,1.501,0.000,0.215,0.000,0.000,1.852,
2026-05-08 08:00:00,Friday,8,0.111,1.336,0.000,0.563,0.000,0.000,2.010,
2026-05-08 09:00:00,Friday,9,0.127,1.320,0.000,0.000,0.149,0.000,1.596,
2026-05-08 10:00:00,Friday,10,0.117,1.262,0.000,0.000,0.109,0.000,1.488,
2026-05-08 11:00:00,Friday,11,0.119,1.102,0.000,0.000,0.097,0.000,1.318,
2026-05-08 12:00:00,Friday,12,0.125,1.038,0.000,0.000,0.149,0.000,1.312,
2026-05-08 13:00:00,Friday,13,0.154,0.861,0.000,0.875,0.117,0.000,2.007,
2026-05-08 14:00:00,Friday,14,0.136,0.827,0.000,0.000,0.157,0.000,1.120,
2026-05-08 15:00:00,Friday,15,0.121,0.869,0.000,0.000,0.241,0.000,1.231,
2026-05-08 16:00:00,Friday,16,0.139,0.983,0.000,0.000,0.117,0.000,1.239,
2026-05-08 17:00:00,Friday,17,0.154,0.875,0.000,0.698,0.281,0.000,2.008,
2026-05-08 18:00:00,Friday,18,0.152,0.846,0.000,0.000,0.319,0.000,1.317,
2026-05-08 19:00:00,Friday,19,0.145,1.064,0.000,0.000,0.210,0.970,2.389,zmywarka
2026-05-08 20:00:00,Friday,20,0.143,0.869,0.000,0.000,0.323,0.000,1.335,
2026-05-08 21:00:00,Friday,21,0.118,0.967,0.280,0.000,0.236,0.000,1.601,
2026-05-08 22:00:00,Friday,22,0.126,1.134,0.133,0.000,0.232,0.000,1.625,
2026-05-08 23:00:00,Friday,23,0.143,1.251,0.000,0.000,0.000,0.000,1.394,
2026-05-09 00:00:00,Saturday,0,0.133,1.125,0.000,0.000,0.000,0.000,1.258,
2026-05-09 01:00:00,Saturday,1,0.138,1.354,0.000,0.000,0.000,0.000,1.492,
2026-05-09 02:00:00,Saturday,2,0.137,1.486,0.000,0.000,0.000,0.000,1.623,
2026-05-09 03:00:00,Saturday,3,0.155,1.653,0.000,0.000,0.000,0.000,1.808,
2026-05-09 04:00:00,Saturday,4,0.120,1.512,0.000,0.000,0.000,0.000,1.632,
2026-05-09 05:00:00,Saturday,5,0.142,1.856,0.000,0.000,0.000,0.000,1.998,
2026-05-09 06:00:00,Saturday,6,0.112,1.711,0.000,0.338,0.000,0.000,2.161,
2026-05-09 07:00:00,Saturday,7,0.137,1.877,0.000,0.598,0.000,0.000,2.612,
2026-05-09 08:00:00,Saturday,8,0.139,1.852,0.000,0.366,0.000,0.000,2.357,
2026-05-09 09:00:00,Saturday,9,0.156,1.608,0.000,0.000,0.164,0.000,1.928,
2026-05-09 10:00:00,Saturday,10,0.115,1.367,0.000,0.000,0.210,0.000,1.692,
2026-05-09 11:00:00,Saturday,11,0.134,1.166,0.000,0.000,0.233,0.000,1.533,
2026-05-09 12:00:00,Saturday,12,0.118,0.987,0.000,0.488,0.126,0.000,1.719,
2026-05-09 13:00:00,Saturday,13,0.117,0.692,0.000,0.000,0.052,1.053,1.914,zmywarka
2026-05-09 14:00:00,Saturday,14,0.151,0.871,0.000,0.000,0.204,0.000,1.226,
2026-05-09 15:00:00,Saturday,15,0.147,0.866,0.000,0.000,0.137,0.000,1.150,
2026-05-09 16:00:00,Saturday,16,0.156,0.955,0.000,0.000,0.163,0.000,1.274,
2026-05-09 17:00:00,Saturday,17,0.121,1.074,0.000,1.262,0.264,0.000,2.721,
2026-05-09 18:00:00,Saturday,18,0.125,1.026,0.000,0.000,0.339,0.000,1.490,
2026-05-09 19:00:00,Saturday,19,0.112,1.184,0.000,0.000,0.313,0.000,1.609,
2026-05-09 20:00:00,Saturday,20,0.117,1.246,0.000,0.000,0.305,0.000,1.668,
2026-05-09 21:00:00,Saturday,21,0.143,1.367,0.174,0.000,0.316,0.000,2.000,
2026-05-09 22:00:00,Saturday,22,0.152,1.182,0.077,0.000,0.185,0.000,1.596,
2026-05-09 23:00:00,Saturday,23,0.170,1.135,0.000,0.000,0.000,0.000,1.305,
2026-05-10 00:00:00,Sunday,0,0.172,1.347,0.000,0.000,0.000,0.000,1.519,
2026-05-10 01:00:00,Sunday,1,0.185,1.461,0.000,0.000,0.000,0.000,1.646,
2026-05-10 02:00:00,Sunday,2,0.123,1.580,0.000,0.000,0.000,0.000,1.703,
2026-05-10 03:00:00,Sunday,3,0.142,1.518,0.000,0.000,0.000,0.000,1.660,
2026-05-10 04:00:00,Sunday,4,0.177,1.463,0.000,0.000,0.000,0.000,1.640,
2026-05-10 05:00:00,Sunday,5,0.168,1.362,0.000,0.000,0.000,0.000,1.530,
2026-05-10 06:00:00,Sunday,6,0.143,1.389,0.000,0.287,0.000,0.000,1.819,
2026-05-10 07:00:00,Sunday,7,0.133,1.660,0.000,0.390,0.000,0.000,2.183,
2026-05-10 08:00:00,Sunday,8,0.136,1.218,0.000,0.482,0.000,0.000,1.836,
2026-05-10 09:00:00,Sunday,9,0.118,1.478,0.000,0.000,0.166,0.000,1.762,
2026-05-10 10:00:00,Sunday,10,0.138,1.286,0.000,0.000,0.125,0.000,1.549,
2026-05-10 11:00:00,Sunday,11,0.117,1.135,0.000,0.000,0.133,0.000,1.385,
2026-05-10 12:00:00,Sunday,12,0.154,0.998,0.000,1.221,0.248,0.000,2.621,
2026-05-10 13:00:00,Sunday,13,0.114,1.000,0.000,0.000,0.242,0.000,1.356,
2026-05-10 14:00:00,Sunday,14,0.144,0.933,0.000,0.000,0.212,0.899,2.188,zmywarka
2026-05-10 15:00:00,Sunday,15,0.120,0.806,0.000,0.000,0.214,0.000,1.140,
2026-05-10 16:00:00,Sunday,16,0.121,0.947,0.000,0.000,0.129,0.000,1.197,
2026-05-10 17:00:00,Sunday,17,0.129,1.000,0.000,0.000,0.259,0.000,1.388,
2026-05-10 18:00:00,Sunday,18,0.123,0.829,0.000,0.753,0.164,0.000,1.869,
2026-05-10 19:00:00,Sunday,19,0.114,0.853,0.000,0.000,0.298,0.000,1.265,
2026-05-10 20:00:00,Sunday,20,0.134,1.193,0.000,0.000,0.242,0.000,1.569,
2026-05-10 21:00:00,Sunday,21,0.138,1.106,0.234,0.000,0.311,0.000,1.789,
2026-05-10 22:00:00,Sunday,22,0.135,1.174,0.107,0.000,0.222,0.000,1.638,
2026-05-10 23:00:00,Sunday,23,0.151,1.084,0.000,0.000,0.000,0.000,1.235,
2026-05-11 00:00:00,Monday,0,0.110,1.243,0.000,0.000,0.000,0.000,1.353,
2026-05-11 01:00:00,Monday,1,0.134,1.241,0.000,0.000,0.000,0.000,1.375,
2026-05-11 02:00:00,Monday,2,0.148,1.586,0.000,0.000,0.000,0.000,1.734,
2026-05-11 03:00:00,Monday,3,0.154,1.457,0.000,0.000,0.000,0.000,1.611,
2026-05-11 04:00:00,Monday,4,0.151,1.376,0.000,0.000,0.000,0.000,1.527,
2026-05-11 05:00:00,Monday,5,0.111,1.634,0.000,0.000,0.000,0.000,1.745,
2026-05-11 06:00:00,Monday,6,0.133,1.696,0.000,0.587,0.000,0.000,2.416,
2026-05-11 07:00:00,Monday,7,0.125,1.587,0.000,0.586,0.000,0.000,2.298,
2026-05-11 08:00:00,Monday,8,0.113,1.362,0.000,0.297,0.000,0.000,1.772,
2026-05-11 09:00:00,Monday,9,0.114,1.395,0.000,0.000,0.139,0.000,1.648,
2026-05-11 10:00:00,Monday,10,0.138,1.573,0.000,0.000,0.130,0.000,1.841,
2026-05-11 11:00:00,Monday,11,0.149,1.671,0.000,0.000,0.148,0.000,1.968,
2026-05-11 12:00:00,Monday,12,0.121,1.332,0.000,0.000,0.097,0.000,1.550,
2026-05-11 13:00:00,Monday,13,0.123,1.568,0.000,0.617,0.095,0.000,2.403,
2026-05-11 14:00:00,Monday,14,0.123,1.622,0.000,0.000,0.182,0.690,2.617,pralka
2026-05-11 15:00:00,Monday,15,0.113,1.574,0.000,0.000,0.098,1.544,3.329,suszarka
2026-05-11 16:00:00,Monday,16,0.140,1.474,0.000,0.000,0.225,0.000,1.839,
2026-05-11 17:00:00,Monday,17,0.127,1.627,0.000,0.792,0.199,0.000,2.745,
2026-05-11 18:00:00,Monday,18,0.127,1.337,0.000,0.000,0.320,0.000,1.784,
2026-05-11 19:00:00,Monday,19,0.112,1.714,0.000,0.000,0.298,0.000,2.124,
2026-05-11 20:00:00,Monday,20,0.159,1.331,0.000,0.000,0.245,0.000,1.735,
2026-05-11 21:00:00,Monday,21,0.142,1.434,0.257,0.000,0.334,0.000,2.167,
2026-05-11 22:00:00,Monday,22,0.137,1.605,0.061,0.000,0.299,0.000,2.102,
2026-05-11 23:00:00,Monday,23,0.133,1.581,0.000,0.000,0.000,0.000,1.714,
2026-05-12 00:00:00,Tuesday,0,0.111,1.229,0.000,0.000,0.000,0.000,1.340,
2026-05-12 01:00:00,Tuesday,1,0.134,1.292,0.000,0.000,0.000,0.000,1.426,
2026-05-12 02:00:00,Tuesday,2,0.182,1.492,0.000,0.000,0.000,0.000,1.674,
2026-05-12 03:00:00,Tuesday,3,0.128,1.497,0.000,0.000,0.000,0.000,1.625,
2026-05-12 04:00:00,Tuesday,4,0.143,1.690,0.000,0.000,0.000,0.000,1.833,
2026-05-12 05:00:00,Tuesday,5,0.152,1.701,0.000,0.000,0.000,0.000,1.853,
2026-05-12 06:00:00,Tuesday,6,0.126,1.611,0.000,0.407,0.000,0.000,2.144,
2026-05-12 07:00:00,Tuesday,7,0.117,1.716,0.000,0.384,0.000,0.000,2.217,
2026-05-12 08:00:00,Tuesday,8,0.158,1.655,0.000,0.480,0.000,0.000,2.293,
2026-05-12 09:00:00,Tuesday,9,0.140,1.691,0.000,0.000,0.103,0.000,1.934,
2026-05-12 10:00:00,Tuesday,10,0.119,1.484,0.000,0.000,0.139,0.000,1.742,
2026-05-12 11:00:00,Tuesday,11,0.129,1.164,0.000,0.000,0.128,0.000,1.421,
2026-05-12 12:00:00,Tuesday,12,0.137,1.063,0.000,0.000,0.145,0.818,2.163,pralka
2026-05-12 13:00:00,Tuesday,13,0.159,0.999,0.000,0.777,0.122,1.773,3.830,suszarka
2026-05-12 14:00:00,Tuesday,14,0.117,0.897,0.000,0.000,0.166,0.000,1.180,
2026-05-12 15:00:00,Tuesday,15,0.155,0.999,0.000,0.000,0.103,0.000,1.257,
2026-05-12 16:00:00,Tuesday,16,0.147,1.036,0.000,0.000,0.106,0.000,1.289,
2026-05-12 17:00:00,Tuesday,17,0.129,0.856,0.000,0.808,0.338,0.000,2.131,
2026-05-12 18:00:00,Tuesday,18,0.146,0.870,0.000,0.000,0.207,0.000,1.223,
2026-05-12 19:00:00,Tuesday,19,0.140,1.205,0.000,0.000,0.289,0.000,1.634,
2026-05-12 20:00:00,Tuesday,20,0.126,1.313,0.000,0.000,0.170,0.920,2.529,zmywarka
2026-05-12 21:00:00,Tuesday,21,0.144,1.339,0.162,0.000,0.338,0.000,1.983,
2026-05-12 22:00:00,Tuesday,22,0.158,1.364,0.085,0.000,0.254,0.000,1.861,
2026-05-12 23:00:00,Tuesday,23,0.125,1.470,0.000,0.000,0.000,0.000,1.595,
2026-05-13 00:00:00,Wednesday,0,0.137,1.391,0.000,0.000,0.000,0.000,1.528,
2026-05-13 01:00:00,Wednesday,1,0.156,1.418,0.000,0.000,0.000,0.000,1.574,
2026-05-13 02:00:00,Wednesday,2,0.148,1.798,0.000,0.000,0.000,0.000,1.946,
2026-05-13 03:00:00,Wednesday,3,0.130,1.714,0.000,0.000,0.000,0.000,1.844,
2026-05-13 04:00:00,Wednesday,4,0.141,1.745,0.000,0.000,0.000,0.000,1.886,
2026-05-13 05:00:00,Wednesday,5,0.136,1.521,0.000,0.000,0.000,0.000,1.657,
2026-05-13 06:00:00,Wednesday,6,0.141,1.704,0.000,0.551,0.000,0.000,2.396,
2026-05-13 07:00:00,Wednesday,7,0.136,2.077,0.000,0.285,0.000,0.000,2.498,
2026-05-13 08:00:00,Wednesday,8,0.114,1.525,0.000,0.331,0.000,0.000,1.970,
2026-05-13 09:00:00,Wednesday,9,0.134,1.848,0.000,0.000,0.097,0.000,2.079,praca zdalna
2026-05-13 10:00:00,Wednesday,10,0.138,1.743,0.000,0.000,0.178,0.000,2.059,praca zdalna
2026-05-13 11:00:00,Wednesday,11,0.128,1.744,0.000,0.000,0.137,0.000,2.009,praca zdalna
2026-05-13 12:00:00,Wednesday,12,0.140,1.646,0.000,0.000,0.190,0.000,1.976,praca zdalna
2026-05-13 13:00:00,Wednesday,13,0.136,1.828,0.000,0.000,0.137,0.000,2.101,praca zdalna
2026-05-13 14:00:00,Wednesday,14,0.157,1.743,0.000,0.000,0.318,0.000,2.218,praca zdalna
2026-05-13 15:00:00,Wednesday,15,0.148,1.488,0.000,0.000,0.307,0.000,1.943,praca zdalna
2026-05-13 16:00:00,Wednesday,16,0.115,1.464,0.000,0.000,0.353,0.000,1.932,praca zdalna
2026-05-13 17:00:00,Wednesday,17,0.133,1.434,0.000,1.757,0.227,0.000,3.551,
2026-05-13 18:00:00,Wednesday,18,0.146,1.513,0.000,0.000,0.232,0.000,1.891,
2026-05-13 19:00:00,Wednesday,19,0.125,1.589,0.000,0.000,0.160,0.000,1.874,
2026-05-13 20:00:00,Wednesday,20,0.113,1.337,0.000,0.000,0.327,0.864,2.641,zmywarka
2026-05-13 21:00:00,Wednesday,21,0.134,1.679,0.298,0.000,0.163,0.000,2.274,
2026-05-13 22:00:00,Wednesday,22,0.147,1.688,0.093,0.000,0.156,0.000,2.084,
2026-05-13 23:00:00,Wednesday,23,0.181,1.593,0.000,0.000,0.000,0.000,1.774,
2026-05-14 00:00:00,Thursday,0,0.149,1.489,0.000,0.000,0.000,0.000,1.638,
2026-05-14 01:00:00,Thursday,1,0.140,1.352,0.000,0.000,0.000,0.000,1.492,
2026-05-14 02:00:00,Thursday,2,0.118,1.527,0.000,0.000,0.000,0.000,1.645,
2026-05-14 03:00:00,Thursday,3,0.160,1.609,0.000,0.000,0.000,0.000,1.769,
2026-05-14 04:00:00,Thursday,4,0.166,1.562,0.000,0.000,0.000,0.000,1.728,
2026-05-14 05:00:00,Thursday,5,0.135,1.698,0.000,0.000,0.000,0.000,1.833,
2026-05-14 06:00:00,Thursday,6,0.133,1.910,0.000,0.467,0.000,0.000,2.510,
2026-05-14 07:00:00,Thursday,7,0.156,1.794,0.000,0.333,0.000,0.000,2.283,
2026-05-14 08:00:00,Thursday,8,0.145,1.873,0.000,0.481,0.000,0.000,2.499,
2026-05-14 09:00:00,Thursday,9,0.146,1.645,0.000,0.000,0.130,0.000,1.921,
2026-05-14 10:00:00,Thursday,10,0.135,1.562,0.000,0.000,0.134,0.000,1.831,
2026-05-14 11:00:00,Thursday,11,0.146,1.338,0.000,0.000,0.145,0.743,2.372,pralka
2026-05-14 12:00:00,Thursday,12,0.157,1.027,0.000,0.000,0.123,0.000,1.307,
2026-05-14 13:00:00,Thursday,13,0.123,1.112,0.000,0.676,0.111,0.000,2.022,
2026-05-14 14:00:00,Thursday,14,0.121,0.932,0.000,0.000,0.168,0.000,1.221,
2026-05-14 15:00:00,Thursday,15,0.140,1.083,0.000,0.000,0.151,0.000,1.374,
2026-05-14 16:00:00,Thursday,16,0.137,1.148,0.000,0.000,0.112,0.000,1.397,
2026-05-14 17:00:00,Thursday,17,0.151,1.113,0.000,0.000,0.164,0.000,1.428,
2026-05-14 18:00:00,Thursday,18,0.140,1.335,0.000,0.626,0.334,0.000,2.435,
2026-05-14 19:00:00,Thursday,19,0.135,1.037,0.000,0.000,0.187,0.897,2.256,zmywarka
2026-05-14 20:00:00,Thursday,20,0.117,1.400,0.000,0.000,0.273,0.000,1.790,
2026-05-14 21:00:00,Thursday,21,0.138,1.455,0.239,0.000,0.338,0.000,2.170,
2026-05-14 22:00:00,Thursday,22,0.131,1.229,0.057,0.000,0.303,0.000,1.720,
2026-05-14 23:00:00,Thursday,23,0.138,1.092,0.000,0.000,0.000,0.000,1.230,
2026-05-15 00:00:00,Friday,0,0.163,1.443,0.000,0.000,0.000,0.000,1.606,
2026-05-15 01:00:00,Friday,1,0.125,1.335,0.000,0.000,0.000,0.000,1.460,
2026-05-15 02:00:00,Friday,2,0.146,1.228,0.000,0.000,0.000,0.000,1.374,
2026-05-15 03:00:00,Friday,3,0.138,1.547,0.000,0.000,0.000,0.000,1.685,
2026-05-15 04:00:00,Friday,4,0.145,1.369,0.000,0.000,0.000,0.000,1.514,
2026-05-15 05:00:00,Friday,5,0.172,1.496,0.000,0.000,0.000,0.000,1.668,
2026-05-15 06:00:00,Friday,6,0.137,1.551,0.000,0.471,0.000,0.000,2.159,
2026-05-15 07:00:00,Friday,7,0.154,1.419,0.000,0.585,0.000,0.000,2.158,
2026-05-15 08:00:00,Friday,8,0.131,1.556,0.000,0.262,0.000,0.000,1.949,
2026-05-15 09:00:00,Friday,9,0.156,1.321,0.000,0.000,0.000,0.000,1.477,
2026-05-15 10:00:00,Friday,10,0.117,1.369,0.000,0.000,0.000,0.000,1.486,
2026-05-15 11:00:00,Friday,11,0.136,1.047,0.000,0.000,0.000,0.000,1.183,
2026-05-15 12:00:00,Friday,12,0.115,1.262,0.000,0.000,0.000,0.000,1.377,
2026-05-15 13:00:00,Friday,13,0.156,1.150,0.000,0.000,0.000,0.000,1.306,
2026-05-15 14:00:00,Friday,14,0.140,0.955,0.000,0.000,0.208,0.000,1.303,
2026-05-15 15:00:00,Friday,15,0.117,1.127,0.000,0.000,0.107,0.000,1.351,
2026-05-15 16:00:00,Friday,16,0.142,0.966,0.000,0.000,0.119,0.000,1.227,
2026-05-15 17:00:00,Friday,17,0.124,1.037,0.000,0.908,0.203,0.000,2.272,
2026-05-15 18:00:00,Friday,18,0.150,1.336,0.000,0.000,0.254,0.000,1.740,
2026-05-15 19:00:00,Friday,19,0.120,1.395,0.000,0.000,0.218,0.000,1.733,
2026-05-15 20:00:00,Friday,20,0.136,1.234,0.000,0.000,0.210,0.920,2.500,zmywarka
2026-05-15 21:00:00,Friday,21,0.147,1.225,0.116,0.000,0.176,0.000,1.664,
2026-05-15 22:00:00,Friday,22,0.158,1.136,0.089,0.000,0.325,0.000,1.708,
2026-05-15 23:00:00,Friday,23,0.136,1.108,0.000,0.000,0.000,0.000,1.244,
2026-05-16 00:00:00,Saturday,0,0.146,1.295,0.000,0.000,0.000,0.000,1.441,
2026-05-16 01:00:00,Saturday,1,0.160,1.154,0.000,0.000,0.000,0.000,1.314,
2026-05-16 02:00:00,Saturday,2,0.161,1.285,0.000,0.000,0.000,0.000,1.446,
2026-05-16 03:00:00,Saturday,3,0.128,1.502,0.000,0.000,0.000,0.000,1.630,
2026-05-16 04:00:00,Saturday,4,0.141,1.233,0.000,0.000,0.000,0.000,1.374,
2026-05-16 05:00:00,Saturday,5,0.154,1.577,0.000,0.000,0.000,0.000,1.731,
2026-05-16 06:00:00,Saturday,6,0.112,1.408,0.000,0.518,0.000,0.000,2.038,
2026-05-16 07:00:00,Saturday,7,0.144,1.327,0.000,0.556,0.000,0.000,2.027,
2026-05-16 08:00:00,Saturday,8,0.128,1.315,0.000,0.476,0.000,0.000,1.919,
2026-05-16 09:00:00,Saturday,9,0.127,1.271,0.000,0.000,0.085,0.000,1.483,
2026-05-16 10:00:00,Saturday,10,0.130,1.221,0.000,0.000,0.109,0.762,2.222,pralka
2026-05-16 11:00:00,Saturday,11,0.151,1.470,0.000,0.000,0.180,1.860,3.661,suszarka
2026-05-16 12:00:00,Saturday,12,0.151,1.315,0.000,0.000,0.092,0.000,1.558,
2026-05-16 13:00:00,Saturday,13,0.125,1.285,0.000,0.721,0.143,0.884,3.158,zmywarka
2026-05-16 14:00:00,Saturday,14,0.113,1.293,0.000,0.000,0.083,0.000,1.489,
2026-05-16 15:00:00,Saturday,15,0.154,1.101,0.000,0.000,0.174,0.000,1.429,
2026-05-16 16:00:00,Saturday,16,0.144,1.013,0.000,0.000,0.113,0.000,1.270,
2026-05-16 17:00:00,Saturday,17,0.135,1.046,0.000,0.000,0.179,0.000,1.360,
2026-05-16 18:00:00,Saturday,18,0.114,1.065,0.000,0.745,0.260,0.000,2.184,
2026-05-16 19:00:00,Saturday,19,0.128,1.005,0.000,0.000,0.325,0.000,1.458,
2026-05-16 20:00:00,Saturday,20,0.154,1.344,0.000,0.000,0.178,0.000,1.676,
2026-05-16 21:00:00,Saturday,21,0.115,1.356,0.170,0.000,0.179,0.000,1.820,
2026-05-16 22:00:00,Saturday,22,0.159,1.153,0.118,0.000,0.267,0.000,1.697,
2026-05-16 23:00:00,Saturday,23,0.127,1.327,0.000,0.000,0.000,0.000,1.454,
2026-05-17 00:00:00,Sunday,0,0.158,1.466,0.000,0.000,0.000,0.000,1.624,
2026-05-17 01:00:00,Sunday,1,0.123,1.428,0.000,0.000,0.000,0.000,1.551,
2026-05-17 02:00:00,Sunday,2,0.146,1.457,0.000,0.000,0.000,0.000,1.603,
2026-05-17 03:00:00,Sunday,3,0.142,1.248,0.000,0.000,0.000,0.000,1.390,
2026-05-17 04:00:00,Sunday,4,0.146,1.463,0.000,0.000,0.000,0.000,1.609,
2026-05-17 05:00:00,Sunday,5,0.130,1.340,0.000,0.000,0.000,0.000,1.470,
2026-05-17 06:00:00,Sunday,6,0.133,1.348,0.000,0.353,0.000,0.000,1.834,
2026-05-17 07:00:00,Sunday,7,0.119,1.654,0.000,0.560,0.000,0.000,2.333,
2026-05-17 08:00:00,Sunday,8,0.141,1.358,0.000,0.394,0.000,0.000,1.893,
2026-05-17 09:00:00,Sunday,9,0.142,1.120,0.000,0.000,0.067,0.000,1.329,
2026-05-17 10:00:00,Sunday,10,0.141,1.118,0.000,0.000,0.236,0.000,1.495,
2026-05-17 11:00:00,Sunday,11,0.116,1.008,0.000,0.000,0.085,0.000,1.209,
2026-05-17 12:00:00,Sunday,12,0.152,1.151,0.000,0.000,0.094,0.000,1.397,
2026-05-17 13:00:00,Sunday,13,0.149,1.206,0.000,0.341,0.250,0.000,1.946,
2026-05-17 14:00:00,Sunday,14,0.132,1.032,0.000,0.000,0.134,0.935,2.233,zmywarka
2026-05-17 15:00:00,Sunday,15,0.140,0.922,0.000,0.000,0.062,0.000,1.124,
2026-05-17 16:00:00,Sunday,16,0.154,0.926,0.000,0.000,0.157,0.000,1.237,
2026-05-17 17:00:00,Sunday,17,0.111,1.006,0.000,1.039,0.168,0.000,2.324,
2026-05-17 18:00:00,Sunday,18,0.110,0.849,0.000,0.000,0.273,0.000,1.232,
2026-05-17 19:00:00,Sunday,19,0.131,1.067,0.000,0.000,0.228,0.000,1.426,
2026-05-17 20:00:00,Sunday,20,0.151,0.981,0.000,0.000,0.273,0.000,1.405,
2026-05-17 21:00:00,Sunday,21,0.156,1.223,0.289,0.000,0.239,0.000,1.907,
2026-05-17 22:00:00,Sunday,22,0.137,0.936,0.112,0.000,0.299,0.000,1.484,
2026-05-17 23:00:00,Sunday,23,0.116,0.954,0.000,0.000,0.000,0.000,1.070,
2026-05-18 00:00:00,Monday,0,0.140,0.924,0.000,0.000,0.000,0.000,1.064,
2026-05-18 01:00:00,Monday,1,0.111,1.244,0.000,0.000,0.000,0.000,1.355,
2026-05-18 02:00:00,Monday,2,0.136,1.027,0.000,0.000,0.000,0.000,1.163,
2026-05-18 03:00:00,Monday,3,0.182,1.226,0.000,0.000,0.000,0.000,1.408,
2026-05-18 04:00:00,Monday,4,0.167,1.094,0.000,0.000,0.000,0.000,1.261,
2026-05-18 05:00:00,Monday,5,0.140,1.049,0.000,0.000,0.000,0.000,1.189,
2026-05-18 06:00:00,Monday,6,0.119,1.498,0.000,0.420,0.000,0.000,2.037,
2026-05-18 07:00:00,Monday,7,0.143,1.152,0.000,0.509,0.000,0.000,1.804,
2026-05-18 08:00:00,Monday,8,0.120,0.995,0.000,0.560,0.000,0.000,1.675,
2026-05-18 09:00:00,Monday,9,0.130,0.762,0.000,0.000,0.089,0.000,0.981,
2026-05-18 10:00:00,Monday,10,0.120,0.655,0.000,0.000,0.090,0.000,0.865,
2026-05-18 11:00:00,Monday,11,0.115,0.591,0.000,0.000,0.110,0.000,0.816,
2026-05-18 12:00:00,Monday,12,0.149,0.724,0.000,0.000,0.094,0.000,0.967,
2026-05-18 13:00:00,Monday,13,0.159,0.670,0.000,0.778,0.096,0.000,1.703,
2026-05-18 14:00:00,Monday,14,0.140,0.500,0.000,0.000,0.145,0.000,0.785,
2026-05-18 15:00:00,Monday,15,0.137,0.568,0.000,0.000,0.147,0.000,0.852,
2026-05-18 16:00:00,Monday,16,0.144,0.646,0.000,0.000,0.140,0.000,0.930,
2026-05-18 17:00:00,Monday,17,0.120,0.643,0.000,1.654,0.186,0.000,2.603,
2026-05-18 18:00:00,Monday,18,0.135,0.719,0.000,0.000,0.236,0.000,1.090,
2026-05-18 19:00:00,Monday,19,0.135,0.860,0.000,0.000,0.307,0.832,2.134,zmywarka
2026-05-18 20:00:00,Monday,20,0.144,0.901,0.000,0.000,0.155,0.000,1.200,
2026-05-18 21:00:00,Monday,21,0.130,0.834,0.178,0.000,0.169,0.000,1.311,
2026-05-18 22:00:00,Monday,22,0.140,0.693,0.066,0.000,0.271,0.000,1.170,
2026-05-18 23:00:00,Monday,23,0.124,0.855,0.000,0.000,0.000,0.000,0.979,
2026-05-19 00:00:00,Tuesday,0,0.144,1.060,0.000,0.000,0.000,0.000,1.204,
2026-05-19 01:00:00,Tuesday,1,0.138,1.106,0.000,0.000,0.000,0.000,1.244,
2026-05-19 02:00:00,Tuesday,2,0.143,1.168,0.000,0.000,0.000,0.000,1.311,
2026-05-19 03:00:00,Tuesday,3,0.156,1.220,0.000,0.000,0.000,0.000,1.376,
2026-05-19 04:00:00,Tuesday,4,0.182,1.506,0.000,0.000,0.000,0.000,1.688,
2026-05-19 05:00:00,Tuesday,5,0.165,1.477,0.000,0.000,0.000,0.000,1.642,
2026-05-19 06:00:00,Tuesday,6,0.128,1.373,0.000,0.456,0.000,0.000,1.957,
2026-05-19 07:00:00,Tuesday,7,0.147,1.393,0.000,0.379,0.000,0.000,1.919,
2026-05-19 08:00:00,Tuesday,8,0.136,1.068,0.000,0.429,0.000,0.000,1.633,
2026-05-19 09:00:00,Tuesday,9,0.150,0.899,0.000,0.000,0.132,0.000,1.181,
2026-05-19 10:00:00,Tuesday,10,0.153,0.835,0.000,0.000,0.146,0.000,1.134,
2026-05-19 11:00:00,Tuesday,11,0.129,0.837,0.000,0.000,0.128,0.000,1.094,
2026-05-19 12:00:00,Tuesday,12,0.142,0.735,0.000,0.000,0.085,0.810,1.772,pralka
2026-05-19 13:00:00,Tuesday,13,0.132,0.677,0.000,0.309,0.126,2.067,3.311,suszarka
2026-05-19 14:00:00,Tuesday,14,0.153,0.604,0.000,0.000,0.126,0.000,0.883,
2026-05-19 15:00:00,Tuesday,15,0.123,0.672,0.000,0.000,0.102,0.000,0.897,
2026-05-19 16:00:00,Tuesday,16,0.126,0.762,0.000,0.000,0.119,0.000,1.007,
2026-05-19 17:00:00,Tuesday,17,0.142,0.885,0.000,0.000,0.266,0.000,1.293,
2026-05-19 18:00:00,Tuesday,18,0.124,0.795,0.000,1.999,0.274,0.000,3.192,
2026-05-19 19:00:00,Tuesday,19,0.140,0.837,0.000,0.000,0.343,1.111,2.431,zmywarka
2026-05-19 20:00:00,Tuesday,20,0.145,0.796,0.000,0.000,0.186,0.000,1.127,
2026-05-19 21:00:00,Tuesday,21,0.137,0.884,0.108,0.000,0.202,0.000,1.331,
2026-05-19 22:00:00,Tuesday,22,0.111,0.930,0.141,0.000,0.328,0.000,1.510,
2026-05-19 23:00:00,Tuesday,23,0.137,0.870,0.000,0.000,0.000,0.000,1.007,
2026-05-20 00:00:00,Wednesday,0,0.134,0.929,0.000,0.000,0.000,0.000,1.063,
2026-05-20 01:00:00,Wednesday,1,0.170,1.033,0.000,0.000,0.000,0.000,1.203,
2026-05-20 02:00:00,Wednesday,2,0.141,1.100,0.000,0.000,0.000,0.000,1.241,
2026-05-20 03:00:00,Wednesday,3,0.177,0.984,0.000,0.000,0.000,0.000,1.161,
2026-05-20 04:00:00,Wednesday,4,0.128,0.897,0.000,0.000,0.000,0.000,1.025,
2026-05-20 05:00:00,Wednesday,5,0.142,0.960,0.000,0.000,0.000,0.000,1.102,
2026-05-20 06:00:00,Wednesday,6,0.114,1.246,0.000,0.265,0.000,0.000,1.625,
2026-05-20 07:00:00,Wednesday,7,0.111,1.166,0.000,0.323,0.000,0.000,1.600,
2026-05-20 08:00:00,Wednesday,8,0.123,0.936,0.000,0.577,0.000,0.000,1.636,
2026-05-20 09:00:00,Wednesday,9,0.159,0.857,0.000,0.000,0.081,0.000,1.097,
2026-05-20 10:00:00,Wednesday,10,0.113,0.659,0.000,0.000,0.081,0.000,0.853,
2026-05-20 11:00:00,Wednesday,11,0.110,0.972,0.000,0.000,0.088,0.000,1.170,
2026-05-20 12:00:00,Wednesday,12,0.153,0.864,0.000,0.529,0.115,0.000,1.661,
2026-05-20 13:00:00,Wednesday,13,0.117,0.822,0.000,0.000,0.147,0.000,1.086,
2026-05-20 14:00:00,Wednesday,14,0.122,0.735,0.000,0.000,0.189,0.000,1.046,
2026-05-20 15:00:00,Wednesday,15,0.113,1.014,0.000,0.000,0.194,0.000,1.321,
2026-05-20 16:00:00,Wednesday,16,0.153,0.882,0.000,0.000,0.217,0.000,1.252,
2026-05-20 17:00:00,Wednesday,17,0.116,0.856,0.000,0.000,0.295,0.000,1.267,
2026-05-20 18:00:00,Wednesday,18,0.129,1.116,0.000,1.175,0.193,0.000,2.613,
2026-05-20 19:00:00,Wednesday,19,0.120,1.050,0.000,0.000,0.204,0.917,2.291,zmywarka
2026-05-20 20:00:00,Wednesday,20,0.115,0.915,0.000,0.000,0.334,0.000,1.364,
2026-05-20 21:00:00,Wednesday,21,0.150,0.968,0.112,0.000,0.171,0.000,1.401,
2026-05-20 22:00:00,Wednesday,22,0.111,0.899,0.066,0.000,0.273,0.000,1.349,
2026-05-20 23:00:00,Wednesday,23,0.110,0.876,0.000,0.000,0.000,0.000,0.986,
2026-05-21 00:00:00,Thursday,0,0.147,0.918,0.000,0.000,0.000,0.000,1.065,
2026-05-21 01:00:00,Thursday,1,0.118,0.897,0.000,0.000,0.000,0.000,1.015,
2026-05-21 02:00:00,Thursday,2,0.152,0.866,0.000,0.000,0.000,0.000,1.018,
2026-05-21 03:00:00,Thursday,3,0.177,0.851,0.000,0.000,0.000,0.000,1.028,
2026-05-21 04:00:00,Thursday,4,0.149,1.026,0.000,0.000,0.000,0.000,1.175,
2026-05-21 05:00:00,Thursday,5,0.155,0.913,0.000,0.000,0.000,0.000,1.068,
2026-05-21 06:00:00,Thursday,6,0.138,1.346,0.000,0.444,0.000,0.000,1.928,
2026-05-21 07:00:00,Thursday,7,0.121,1.204,0.000,0.531,0.000,0.000,1.856,
2026-05-21 08:00:00,Thursday,8,0.115,0.891,0.000,0.558,0.000,0.000,1.564,
2026-05-21 09:00:00,Thursday,9,0.114,0.916,0.000,0.000,0.111,0.000,1.141,
2026-05-21 10:00:00,Thursday,10,0.115,0.696,0.000,0.000,0.142,0.000,0.953,
2026-05-21 11:00:00,Thursday,11,0.125,0.582,0.000,0.000,0.131,0.000,0.838,
2026-05-21 12:00:00,Thursday,12,0.135,0.663,0.000,0.835,0.082,0.000,1.715,
2026-05-21 13:00:00,Thursday,13,0.116,0.673,0.000,0.000,0.101,0.000,0.890,
2026-05-21 14:00:00,Thursday,14,0.158,0.543,0.000,0.000,0.159,0.000,0.860,
2026-05-21 15:00:00,Thursday,15,0.147,0.384,0.000,0.000,0.169,0.000,0.700,
2026-05-21 16:00:00,Thursday,16,0.141,0.380,0.000,0.000,0.097,0.000,0.618,
2026-05-21 17:00:00,Thursday,17,0.112,0.291,0.000,0.960,0.190,0.000,1.553,
2026-05-21 18:00:00,Thursday,18,0.127,0.308,0.000,0.000,0.258,0.000,0.693,
2026-05-21 19:00:00,Thursday,19,0.129,0.460,0.000,0.000,0.171,0.953,1.713,zmywarka
2026-05-21 20:00:00,Thursday,20,0.145,0.530,0.000,0.000,0.214,0.000,0.889,
2026-05-21 21:00:00,Thursday,21,0.125,0.671,0.265,0.000,0.329,0.000,1.390,
2026-05-21 22:00:00,Thursday,22,0.122,0.489,0.129,0.000,0.218,0.000,0.958,
2026-05-21 23:00:00,Thursday,23,0.152,0.626,0.000,0.000,0.000,0.000,0.778,
2026-05-22 00:00:00,Friday,0,0.159,0.781,0.000,0.000,0.000,0.000,0.940,
2026-05-22 01:00:00,Friday,1,0.173,0.762,0.000,0.000,0.000,0.000,0.935,
2026-05-22 02:00:00,Friday,2,0.127,0.899,0.000,0.000,0.000,0.000,1.026,
2026-05-22 03:00:00,Friday,3,0.153,1.060,0.000,0.000,0.000,0.000,1.213,
2026-05-22 04:00:00,Friday,4,0.145,0.934,0.000,0.000,0.000,0.000,1.079,
2026-05-22 05:00:00,Friday,5,0.156,1.112,0.000,0.000,0.000,0.000,1.268,
2026-05-22 06:00:00,Friday,6,0.128,1.248,0.000,0.466,0.000,0.000,1.842,
2026-05-22 07:00:00,Friday,7,0.147,0.932,0.000,0.187,0.000,0.000,1.266,
2026-05-22 08:00:00,Friday,8,0.111,0.859,0.000,0.378,0.000,0.000,1.348,
2026-05-22 09:00:00,Friday,9,0.134,0.603,0.000,0.000,0.144,0.000,0.881,
2026-05-22 10:00:00,Friday,10,0.114,0.501,0.000,0.000,0.148,0.000,0.763,
2026-05-22 11:00:00,Friday,11,0.144,0.556,0.000,0.000,0.113,0.000,0.813,
2026-05-22 12:00:00,Friday,12,0.125,0.519,0.000,0.000,0.086,0.000,0.730,
2026-05-22 13:00:00,Friday,13,0.131,0.559,0.000,0.722,0.100,0.000,1.512,
2026-05-22 14:00:00,Friday,14,0.118,0.429,0.000,0.000,0.160,0.000,0.707,
2026-05-22 15:00:00,Friday,15,0.140,0.325,0.000,0.000,0.205,0.000,0.670,
2026-05-22 16:00:00,Friday,16,0.121,0.366,0.000,0.000,0.206,0.000,0.693,
2026-05-22 17:00:00,Friday,17,0.127,0.292,0.000,0.000,0.207,0.000,0.626,
2026-05-22 18:00:00,Friday,18,0.126,0.245,0.000,0.905,0.279,0.000,1.555,
2026-05-22 19:00:00,Friday,19,0.157,0.227,0.000,0.000,0.179,0.000,0.563,
2026-05-22 20:00:00,Friday,20,0.122,0.274,0.000,0.000,0.324,0.871,1.591,zmywarka
2026-05-22 21:00:00,Friday,21,0.114,0.511,0.111,0.000,0.210,0.000,0.946,
2026-05-22 22:00:00,Friday,22,0.116,0.470,0.119,0.000,0.221,0.000,0.926,
2026-05-22 23:00:00,Friday,23,0.122,0.560,0.000,0.000,0.000,0.000,0.682,
2026-05-23 00:00:00,Saturday,0,0.124,0.465,0.000,0.000,0.000,0.000,0.589,
2026-05-23 01:00:00,Saturday,1,0.154,0.508,0.000,0.000,0.000,0.000,0.662,
2026-05-23 02:00:00,Saturday,2,0.147,0.718,0.000,0.000,0.000,0.000,0.865,
2026-05-23 03:00:00,Saturday,3,0.115,0.599,0.000,0.000,0.000,0.000,0.714,
2026-05-23 04:00:00,Saturday,4,0.156,0.724,0.000,0.000,0.000,0.000,0.880,
2026-05-23 05:00:00,Saturday,5,0.187,0.835,0.000,0.000,0.000,0.000,1.022,
2026-05-23 06:00:00,Saturday,6,0.150,0.895,0.000,0.391,0.000,0.000,1.436,
2026-05-23 07:00:00,Saturday,7,0.134,0.684,0.000,0.481,0.000,0.000,1.299,
2026-05-23 08:00:00,Saturday,8,0.127,0.514,0.000,0.585,0.000,0.000,1.226,
2026-05-23 09:00:00,Saturday,9,0.146,0.548,0.000,0.000,0.206,0.726,1.626,pralka
2026-05-23 10:00:00,Saturday,10,0.156,0.328,0.000,0.000,0.144,0.000,0.628,
2026-05-23 11:00:00,Saturday,11,0.118,0.303,0.000,0.000,0.059,0.000,0.480,
2026-05-23 12:00:00,Saturday,12,0.128,0.226,0.000,0.000,0.172,0.000,0.526,
2026-05-23 13:00:00,Saturday,13,0.133,0.000,0.000,0.336,0.207,0.912,1.588,zmywarka
2026-05-23 14:00:00,Saturday,14,0.124,0.000,0.000,0.000,0.187,0.000,0.311,
2026-05-23 15:00:00,Saturday,15,0.120,0.000,0.000,0.000,0.123,0.000,0.243,
2026-05-23 16:00:00,Saturday,16,0.131,0.000,0.000,0.000,0.193,0.000,0.324,
2026-05-23 17:00:00,Saturday,17,0.115,0.000,0.000,0.000,0.280,0.000,0.395,
2026-05-23 18:00:00,Saturday,18,0.156,0.000,0.000,0.621,0.285,0.000,1.062,
2026-05-23 19:00:00,Saturday,19,0.129,0.000,0.000,0.000,0.278,0.000,0.407,
2026-05-23 20:00:00,Saturday,20,0.115,0.000,0.000,0.000,0.240,0.000,0.355,
2026-05-23 21:00:00,Saturday,21,0.128,0.000,0.201,0.000,0.189,0.000,0.518,
2026-05-23 22:00:00,Saturday,22,0.129,0.000,0.111,0.000,0.339,0.000,0.579,
2026-05-23 23:00:00,Saturday,23,0.143,0.000,0.000,0.000,0.000,0.000,0.143,
2026-05-24 00:00:00,Sunday,0,0.152,0.000,0.000,0.000,0.000,0.000,0.152,
2026-05-24 01:00:00,Sunday,1,0.134,0.272,0.000,0.000,0.000,0.000,0.406,
2026-05-24 02:00:00,Sunday,2,0.149,0.448,0.000,0.000,0.000,0.000,0.597,
2026-05-24 03:00:00,Sunday,3,0.127,0.465,0.000,0.000,0.000,0.000,0.592,
2026-05-24 04:00:00,Sunday,4,0.135,0.622,0.000,0.000,0.000,0.000,0.757,
2026-05-24 05:00:00,Sunday,5,0.166,0.670,0.000,0.000,0.000,0.000,0.836,
2026-05-24 06:00:00,Sunday,6,0.151,0.970,0.000,0.449,0.000,0.000,1.570,
2026-05-24 07:00:00,Sunday,7,0.148,0.783,0.000,0.450,0.000,0.000,1.381,
2026-05-24 08:00:00,Sunday,8,0.151,0.671,0.000,0.318,0.000,0.000,1.140,
2026-05-24 09:00:00,Sunday,9,0.130,0.559,0.000,0.000,0.167,0.000,0.856,
2026-05-24 10:00:00,Sunday,10,0.133,0.402,0.000,0.000,0.134,0.000,0.669,
2026-05-24 11:00:00,Sunday,11,0.120,0.350,0.000,0.000,0.054,0.000,0.524,
2026-05-24 12:00:00,Sunday,12,0.134,0.313,0.000,0.000,0.237,0.000,0.684,
2026-05-24 13:00:00,Sunday,13,0.159,0.337,0.000,0.985,0.232,0.000,1.713,
2026-05-24 14:00:00,Sunday,14,0.125,0.233,0.000,0.000,0.224,0.965,1.547,zmywarka
2026-05-24 15:00:00,Sunday,15,0.152,0.247,0.000,0.000,0.090,0.000,0.489,
2026-05-24 16:00:00,Sunday,16,0.137,0.218,0.000,0.000,0.052,0.000,0.407,
2026-05-24 17:00:00,Sunday,17,0.120,0.198,0.000,0.748,0.212,0.000,1.278,
2026-05-24 18:00:00,Sunday,18,0.148,0.231,0.000,0.000,0.214,0.000,0.593,
2026-05-24 19:00:00,Sunday,19,0.153,0.294,0.000,0.000,0.215,0.000,0.662,
2026-05-24 20:00:00,Sunday,20,0.120,0.273,0.000,0.000,0.236,0.000,0.629,
2026-05-24 21:00:00,Sunday,21,0.148,0.333,0.270,0.000,0.215,0.000,0.966,
2026-05-24 22:00:00,Sunday,22,0.120,0.328,0.144,0.000,0.283,0.000,0.875,
2026-05-24 23:00:00,Sunday,23,0.136,0.334,0.000,0.000,0.000,0.000,0.470,
2026-05-25 00:00:00,Monday,0,0.137,0.462,0.000,0.000,0.000,0.000,0.599,
2026-05-25 01:00:00,Monday,1,0.113,0.492,0.000,0.000,0.000,0.000,0.605,
2026-05-25 02:00:00,Monday,2,0.123,0.621,0.000,0.000,0.000,0.000,0.744,
2026-05-25 03:00:00,Monday,3,0.157,0.756,0.000,0.000,0.000,0.000,0.913,
2026-05-25 04:00:00,Monday,4,0.169,0.714,0.000,0.000,0.000,0.000,0.883,
2026-05-25 05:00:00,Monday,5,0.134,0.782,0.000,0.000,0.000,0.000,0.916,
2026-05-25 06:00:00,Monday,6,0.141,0.869,0.000,0.367,0.000,0.000,1.377,
2026-05-25 07:00:00,Monday,7,0.142,0.881,0.000,0.394,0.000,0.000,1.417,
2026-05-25 08:00:00,Monday,8,0.148,0.579,0.000,0.323,0.000,0.000,1.050,
2026-05-25 09:00:00,Monday,9,0.124,0.336,0.000,0.000,0.000,0.000,0.460,
2026-05-25 10:00:00,Monday,10,0.120,0.245,0.000,0.000,0.000,0.000,0.365,
2026-05-25 11:00:00,Monday,11,0.150,0.000,0.000,0.000,0.000,0.000,0.150,
2026-05-25 12:00:00,Monday,12,0.136,0.000,0.000,0.000,0.000,0.000,0.136,
2026-05-25 13:00:00,Monday,13,0.155,0.000,0.000,0.000,0.000,0.000,0.155,
2026-05-25 14:00:00,Monday,14,0.136,0.000,0.000,0.000,0.206,0.000,0.342,
2026-05-25 15:00:00,Monday,15,0.115,0.000,0.000,0.000,0.161,0.000,0.276,
2026-05-25 16:00:00,Monday,16,0.144,0.000,0.000,0.000,0.124,0.000,0.268,
2026-05-25 17:00:00,Monday,17,0.152,0.000,0.000,1.086,0.269,0.000,1.507,
2026-05-25 18:00:00,Monday,18,0.160,0.000,0.000,0.000,0.173,0.000,0.333,
2026-05-25 19:00:00,Monday,19,0.113,0.000,0.000,0.000,0.175,0.000,0.288,
2026-05-25 20:00:00,Monday,20,0.134,0.000,0.000,0.000,0.182,1.025,1.341,zmywarka
2026-05-25 21:00:00,Monday,21,0.111,0.000,0.106,0.000,0.167,0.000,0.384,
2026-05-25 22:00:00,Monday,22,0.144,0.000,0.113,0.000,0.303,0.000,0.560,
2026-05-25 23:00:00,Monday,23,0.158,0.000,0.000,0.000,0.000,0.000,0.158,
2026-05-26 00:00:00,Tuesday,0,0.136,0.000,0.000,0.000,0.000,0.000,0.136,
2026-05-26 01:00:00,Tuesday,1,0.132,0.264,0.000,0.000,0.000,0.000,0.396,
2026-05-26 02:00:00,Tuesday,2,0.136,0.370,0.000,0.000,0.000,0.000,0.506,
2026-05-26 03:00:00,Tuesday,3,0.155,0.363,0.000,0.000,0.000,0.000,0.518,
2026-05-26 04:00:00,Tuesday,4,0.164,0.390,0.000,0.000,0.000,0.000,0.554,
2026-05-26 05:00:00,Tuesday,5,0.149,0.441,0.000,0.000,0.000,0.000,0.590,
2026-05-26 06:00:00,Tuesday,6,0.124,0.703,0.000,0.496,0.000,0.000,1.323,
2026-05-26 07:00:00,Tuesday,7,0.123,0.558,0.000,0.379,0.000,0.000,1.060,
2026-05-26 08:00:00,Tuesday,8,0.149,0.410,0.000,0.320,0.000,0.000,0.879,
2026-05-26 09:00:00,Tuesday,9,0.128,0.255,0.000,0.000,0.119,0.000,0.502,
2026-05-26 10:00:00,Tuesday,10,0.142,0.000,0.000,0.000,0.103,0.000,0.245,
2026-05-26 11:00:00,Tuesday,11,0.125,0.000,0.000,0.000,0.120,0.879,1.124,pralka
2026-05-26 12:00:00,Tuesday,12,0.146,0.000,0.000,0.366,0.130,1.868,2.510,suszarka
2026-05-26 13:00:00,Tuesday,13,0.130,0.000,0.000,0.000,0.114,0.000,0.244,
2026-05-26 14:00:00,Tuesday,14,0.121,0.000,0.000,0.000,0.124,0.000,0.245,
2026-05-26 15:00:00,Tuesday,15,0.125,0.000,0.000,0.000,0.086,0.000,0.211,
2026-05-26 16:00:00,Tuesday,16,0.117,0.000,0.000,0.000,0.225,0.000,0.342,
2026-05-26 17:00:00,Tuesday,17,0.138,0.000,0.000,1.791,0.279,0.000,2.208,
2026-05-26 18:00:00,Tuesday,18,0.138,0.000,0.000,0.000,0.192,0.000,0.330,
2026-05-26 19:00:00,Tuesday,19,0.118,0.000,0.000,0.000,0.273,0.000,0.391,
2026-05-26 20:00:00,Tuesday,20,0.112,0.000,0.000,0.000,0.228,1.021,1.361,zmywarka
2026-05-26 21:00:00,Tuesday,21,0.130,0.274,0.129,0.000,0.339,0.000,0.872,
2026-05-26 22:00:00,Tuesday,22,0.124,0.259,0.134,0.000,0.206,0.000,0.723,
2026-05-26 23:00:00,Tuesday,23,0.134,0.385,0.000,0.000,0.000,0.000,0.519,
2026-05-27 00:00:00,Wednesday,0,0.157,0.520,0.000,0.000,0.000,0.000,0.677,
2026-05-27 01:00:00,Wednesday,1,0.168,0.736,0.000,0.000,0.000,0.000,0.904,
2026-05-27 02:00:00,Wednesday,2,0.131,0.941,0.000,0.000,0.000,0.000,1.072,
2026-05-27 03:00:00,Wednesday,3,0.141,1.039,0.000,0.000,0.000,0.000,1.180,
2026-05-27 04:00:00,Wednesday,4,0.125,0.989,0.000,0.000,0.000,0.000,1.114,
2026-05-27 05:00:00,Wednesday,5,0.118,0.859,0.000,0.000,0.000,0.000,0.977,
2026-05-27 06:00:00,Wednesday,6,0.129,0.962,0.000,0.397,0.000,0.000,1.488,
2026-05-27 07:00:00,Wednesday,7,0.116,0.946,0.000,0.456,0.000,0.000,1.518,
2026-05-27 08:00:00,Wednesday,8,0.133,0.852,0.000,0.441,0.000,0.000,1.426,
2026-05-27 09:00:00,Wednesday,9,0.160,0.730,0.000,0.000,0.000,0.000,0.890,
2026-05-27 10:00:00,Wednesday,10,0.151,0.642,0.000,0.000,0.000,0.000,0.793,
2026-05-27 11:00:00,Wednesday,11,0.137,0.554,0.000,0.000,0.000,0.000,0.691,
2026-05-27 12:00:00,Wednesday,12,0.148,0.477,0.000,0.000,0.000,0.000,0.625,
2026-05-27 13:00:00,Wednesday,13,0.152,0.407,0.000,0.000,0.000,0.000,0.559,
2026-05-27 14:00:00,Wednesday,14,0.132,0.349,0.000,0.000,0.114,0.000,0.595,
2026-05-27 15:00:00,Wednesday,15,0.137,0.316,0.000,0.000,0.229,0.000,0.682,
2026-05-27 16:00:00,Wednesday,16,0.142,0.339,0.000,0.000,0.095,0.000,0.576,
2026-05-27 17:00:00,Wednesday,17,0.122,0.445,0.000,1.044,0.328,0.000,1.939,
2026-05-27 18:00:00,Wednesday,18,0.155,0.442,0.000,0.000,0.150,0.000,0.747,
2026-05-27 19:00:00,Wednesday,19,0.158,0.441,0.000,0.000,0.236,1.100,1.935,zmywarka
2026-05-27 20:00:00,Wednesday,20,0.120,0.578,0.000,0.000,0.304,0.000,1.002,
2026-05-27 21:00:00,Wednesday,21,0.147,0.748,0.142,0.000,0.170,0.000,1.207,
2026-05-27 22:00:00,Wednesday,22,0.137,0.530,0.122,0.000,0.322,0.000,1.111,
2026-05-27 23:00:00,Wednesday,23,0.174,0.574,0.000,0.000,0.000,0.000,0.748,
2026-05-28 00:00:00,Thursday,0,0.146,0.647,0.000,0.000,0.000,0.000,0.793,
2026-05-28 01:00:00,Thursday,1,0.166,0.788,0.000,0.000,0.000,0.000,0.954,
2026-05-28 02:00:00,Thursday,2,0.130,1.176,0.000,0.000,0.000,0.000,1.306,
2026-05-28 03:00:00,Thursday,3,0.123,1.008,0.000,0.000,0.000,0.000,1.131,
2026-05-28 04:00:00,Thursday,4,0.158,1.037,0.000,0.000,0.000,0.000,1.195,
2026-05-28 05:00:00,Thursday,5,0.113,1.304,0.000,0.000,0.000,0.000,1.417,
2026-05-28 06:00:00,Thursday,6,0.116,1.429,0.000,0.480,0.000,0.000,2.025,
2026-05-28 07:00:00,Thursday,7,0.113,1.124,0.000,0.354,0.000,0.000,1.591,
2026-05-28 08:00:00,Thursday,8,0.112,1.063,0.000,0.409,0.000,0.000,1.584,
2026-05-28 09:00:00,Thursday,9,0.141,0.839,0.000,0.000,0.261,0.000,1.241,praca zdalna
2026-05-28 10:00:00,Thursday,10,0.139,0.543,0.000,0.000,0.258,0.000,0.940,praca zdalna
2026-05-28 11:00:00,Thursday,11,0.151,0.331,0.000,0.000,0.234,0.000,0.716,praca zdalna
2026-05-28 12:00:00,Thursday,12,0.155,0.227,0.000,0.522,0.305,0.000,1.209,praca zdalna
2026-05-28 13:00:00,Thursday,13,0.113,0.000,0.000,0.000,0.260,0.000,0.373,praca zdalna
2026-05-28 14:00:00,Thursday,14,0.137,0.000,0.000,0.000,0.312,0.000,0.449,praca zdalna
2026-05-28 15:00:00,Thursday,15,0.112,0.000,0.000,0.000,0.353,0.000,0.465,praca zdalna
2026-05-28 16:00:00,Thursday,16,0.118,0.000,0.000,0.000,0.426,0.000,0.544,praca zdalna
2026-05-28 17:00:00,Thursday,17,0.110,0.000,0.000,0.000,0.311,0.000,0.421,
2026-05-28 18:00:00,Thursday,18,0.131,0.212,0.000,0.746,0.310,0.000,1.399,
2026-05-28 19:00:00,Thursday,19,0.122,0.322,0.000,0.000,0.154,0.000,0.598,
2026-05-28 20:00:00,Thursday,20,0.141,0.383,0.000,0.000,0.223,0.965,1.712,zmywarka
2026-05-28 21:00:00,Thursday,21,0.156,0.539,0.192,0.000,0.216,0.000,1.103,
2026-05-28 22:00:00,Thursday,22,0.149,0.428,0.126,0.000,0.268,0.000,0.971,
2026-05-28 23:00:00,Thursday,23,0.153,0.507,0.000,0.000,0.000,0.000,0.660,
2026-05-29 00:00:00,Friday,0,0.124,0.579,0.000,0.000,0.000,0.000,0.703,
2026-05-29 01:00:00,Friday,1,0.170,0.697,0.000,0.000,0.000,0.000,0.867,
2026-05-29 02:00:00,Friday,2,0.141,0.839,0.000,0.000,0.000,0.000,0.980,
2026-05-29 03:00:00,Friday,3,0.130,0.986,0.000,0.000,0.000,0.000,1.116,
2026-05-29 04:00:00,Friday,4,0.149,1.018,0.000,0.000,0.000,0.000,1.167,
2026-05-29 05:00:00,Friday,5,0.155,0.967,0.000,0.000,0.000,0.000,1.122,
2026-05-29 06:00:00,Friday,6,0.128,0.779,0.000,0.498,0.000,0.000,1.405,
2026-05-29 07:00:00,Friday,7,0.114,0.757,0.000,0.159,0.000,0.000,1.030,
2026-05-29 08:00:00,Friday,8,0.120,0.709,0.000,0.440,0.000,0.000,1.269,
2026-05-29 09:00:00,Friday,9,0.133,0.630,0.000,0.000,0.090,0.000,0.853,
2026-05-29 10:00:00,Friday,10,0.155,0.407,0.000,0.000,0.081,0.000,0.643,
2026-05-29 11:00:00,Friday,11,0.144,0.230,0.000,0.000,0.150,0.000,0.524,
2026-05-29 12:00:00,Friday,12,0.114,0.000,0.000,0.000,0.148,0.000,0.262,
2026-05-29 13:00:00,Friday,13,0.142,0.000,0.000,0.687,0.127,0.000,0.956,
2026-05-29 14:00:00,Friday,14,0.144,0.000,0.000,0.000,0.214,0.000,0.358,
2026-05-29 15:00:00,Friday,15,0.128,0.000,0.000,0.000,0.155,0.000,0.283,
2026-05-29 16:00:00,Friday,16,0.116,0.000,0.000,0.000,0.245,0.000,0.361,
2026-05-29 17:00:00,Friday,17,0.118,0.000,0.000,0.000,0.290,0.000,0.408,
2026-05-29 18:00:00,Friday,18,0.135,0.000,0.000,0.884,0.194,0.000,1.213,
2026-05-29 19:00:00,Friday,19,0.119,0.237,0.000,0.000,0.248,0.000,0.604,
2026-05-29 20:00:00,Friday,20,0.133,0.218,0.000,0.000,0.249,0.925,1.525,zmywarka
2026-05-29 21:00:00,Friday,21,0.154,0.319,0.286,0.000,0.290,0.000,1.049,
2026-05-29 22:00:00,Friday,22,0.144,0.000,0.094,0.000,0.261,0.000,0.499,
2026-05-29 23:00:00,Friday,23,0.137,0.000,0.000,0.000,0.000,0.000,0.137,
2026-05-30 00:00:00,Saturday,0,0.141,0.000,0.000,0.000,0.000,0.000,0.141,wyjazd / nieobecność
2026-05-30 01:00:00,Saturday,1,0.145,0.000,0.000,0.000,0.000,0.000,0.145,wyjazd / nieobecność
2026-05-30 02:00:00,Saturday,2,0.131,0.000,0.000,0.000,0.000,0.000,0.131,wyjazd / nieobecność
2026-05-30 03:00:00,Saturday,3,0.115,0.000,0.000,0.000,0.000,0.000,0.115,wyjazd / nieobecność
2026-05-30 04:00:00,Saturday,4,0.140,0.264,0.000,0.000,0.000,0.000,0.404,wyjazd / nieobecność
2026-05-30 05:00:00,Saturday,5,0.153,0.398,0.000,0.000,0.000,0.000,0.551,wyjazd / nieobecność
2026-05-30 06:00:00,Saturday,6,0.120,0.350,0.000,0.000,0.000,0.000,0.470,wyjazd / nieobecność
2026-05-30 07:00:00,Saturday,7,0.121,0.305,0.000,0.000,0.000,0.000,0.426,wyjazd / nieobecność
2026-05-30 08:00:00,Saturday,8,0.124,0.000,0.000,0.000,0.000,0.000,0.124,wyjazd / nieobecność
2026-05-30 09:00:00,Saturday,9,0.142,0.000,0.000,0.000,0.000,0.000,0.142,wyjazd / nieobecność
2026-05-30 10:00:00,Saturday,10,0.154,0.000,0.000,0.000,0.000,0.000,0.154,wyjazd / nieobecność
2026-05-30 11:00:00,Saturday,11,0.121,0.000,0.000,0.000,0.000,0.000,0.121,wyjazd / nieobecność
2026-05-30 12:00:00,Saturday,12,0.123,0.000,0.000,0.000,0.000,0.000,0.123,wyjazd / nieobecność
2026-05-30 13:00:00,Saturday,13,0.112,0.000,0.000,0.000,0.000,0.000,0.112,wyjazd / nieobecność
2026-05-30 14:00:00,Saturday,14,0.140,0.000,0.000,0.000,0.000,0.000,0.140,wyjazd / nieobecność
2026-05-30 15:00:00,Saturday,15,0.123,0.000,0.000,0.000,0.000,0.000,0.123,wyjazd / nieobecność
2026-05-30 16:00:00,Saturday,16,0.128,0.000,0.000,0.000,0.000,0.000,0.128,wyjazd / nieobecność
2026-05-30 17:00:00,Saturday,17,0.141,0.000,0.000,0.000,0.000,0.000,0.141,wyjazd / nieobecność
2026-05-30 18:00:00,Saturday,18,0.127,0.000,0.000,0.000,0.000,0.000,0.127,wyjazd / nieobecność
2026-05-30 19:00:00,Saturday,19,0.147,0.000,0.000,0.000,0.000,0.000,0.147,wyjazd / nieobecność
2026-05-30 20:00:00,Saturday,20,0.153,0.000,0.000,0.000,0.000,0.000,0.153,wyjazd / nieobecność
2026-05-30 21:00:00,Saturday,21,0.133,0.000,0.000,0.000,0.000,0.000,0.133,wyjazd / nieobecność
2026-05-30 22:00:00,Saturday,22,0.142,0.000,0.000,0.000,0.000,0.000,0.142,wyjazd / nieobecność
2026-05-30 23:00:00,Saturday,23,0.141,0.193,0.000,0.000,0.000,0.000,0.334,wyjazd / nieobecność
2026-05-31 00:00:00,Sunday,0,0.150,0.637,0.000,0.000,0.000,0.000,0.787,
2026-05-31 01:00:00,Sunday,1,0.152,0.691,0.000,0.000,0.000,0.000,0.843,
2026-05-31 02:00:00,Sunday,2,0.138,0.731,0.000,0.000,0.000,0.000,0.869,
2026-05-31 03:00:00,Sunday,3,0.128,0.645,0.000,0.000,0.000,0.000,0.773,
2026-05-31 04:00:00,Sunday,4,0.139,0.809,0.000,0.000,0.000,0.000,0.948,
2026-05-31 05:00:00,Sunday,5,0.127,0.864,0.000,0.000,0.000,0.000,0.991,
2026-05-31 06:00:00,Sunday,6,0.150,0.948,0.000,0.336,0.000,0.000,1.434,
2026-05-31 07:00:00,Sunday,7,0.141,0.845,0.000,0.375,0.000,0.000,1.361,
2026-05-31 08:00:00,Sunday,8,0.111,0.685,0.000,0.538,0.000,0.000,1.334,
2026-05-31 09:00:00,Sunday,9,0.127,0.678,0.000,0.000,0.090,0.000,0.895,
2026-05-31 10:00:00,Sunday,10,0.133,0.588,0.000,0.000,0.104,0.000,0.825,
2026-05-31 11:00:00,Sunday,11,0.134,0.477,0.000,0.000,0.206,0.000,0.817,
2026-05-31 12:00:00,Sunday,12,0.146,0.425,0.000,0.000,0.179,0.000,0.750,
2026-05-31 13:00:00,Sunday,13,0.154,0.414,0.000,0.416,0.107,0.000,1.091,
2026-05-31 14:00:00,Sunday,14,0.145,0.456,0.000,0.000,0.200,0.844,1.645,zmywarka
2026-05-31 15:00:00,Sunday,15,0.152,0.518,0.000,0.000,0.121,0.000,0.791,
2026-05-31 16:00:00,Sunday,16,0.153,0.640,0.000,0.000,0.119,0.000,0.912,
2026-05-31 17:00:00,Sunday,17,0.159,0.596,0.000,0.784,0.244,0.000,1.783,
2026-05-31 18:00:00,Sunday,18,0.136,0.588,0.000,0.000,0.325,0.000,1.049,
2026-05-31 19:00:00,Sunday,19,0.112,0.657,0.000,0.000,0.302,0.000,1.071,
2026-05-31 20:00:00,Sunday,20,0.131,0.608,0.000,0.000,0.296,0.000,1.035,
2026-05-31 21:00:00,Sunday,21,0.116,0.580,0.143,0.000,0.274,0.000,1.113,
2026-05-31 22:00:00,Sunday,22,0.113,0.544,0.135,0.000,0.335,0.000,1.127,
2026-05-31 23:00:00,Sunday,23,0.152,0.624,0.000,0.000,0.000,0.000,0.776,
2026-06-01 00:00:00,Monday,0,0.147,0.640,0.000,0.000,0.000,0.000,0.787,
2026-06-01 01:00:00,Monday,1,0.178,0.623,0.000,0.000,0.000,0.000,0.801,
2026-06-01 02:00:00,Monday,2,0.140,0.731,0.000,0.000,0.000,0.000,0.871,
2026-06-01 03:00:00,Monday,3,0.118,0.700,0.000,0.000,0.000,0.000,0.818,
2026-06-01 04:00:00,Monday,4,0.161,0.679,0.000,0.000,0.000,0.000,0.840,
2026-06-01 05:00:00,Monday,5,0.181,0.745,0.000,0.000,0.000,0.000,0.926,
2026-06-01 06:00:00,Monday,6,0.148,0.860,0.000,0.307,0.000,0.000,1.315,
2026-06-01 07:00:00,Monday,7,0.132,0.708,0.000,0.432,0.000,0.000,1.272,
2026-06-01 08:00:00,Monday,8,0.156,0.687,0.000,0.485,0.000,0.000,1.328,
2026-06-01 09:00:00,Monday,9,0.113,0.638,0.000,0.000,0.126,0.000,0.877,
2026-06-01 10:00:00,Monday,10,0.115,0.540,0.000,0.000,0.095,0.000,0.750,
2026-06-01 11:00:00,Monday,11,0.145,0.426,0.000,0.000,0.111,0.000,0.682,
2026-06-01 12:00:00,Monday,12,0.138,0.404,0.000,0.000,0.115,0.000,0.657,
2026-06-01 13:00:00,Monday,13,0.149,0.359,0.000,0.433,0.122,0.000,1.063,
2026-06-01 14:00:00,Monday,14,0.115,0.346,0.000,0.000,0.138,0.000,0.599,
2026-06-01 15:00:00,Monday,15,0.131,0.396,0.000,0.000,0.246,0.000,0.773,
2026-06-01 16:00:00,Monday,16,0.135,0.374,0.000,0.000,0.248,0.000,0.757,
2026-06-01 17:00:00,Monday,17,0.147,0.407,0.000,0.000,0.222,0.000,0.776,
2026-06-01 18:00:00,Monday,18,0.132,0.315,0.000,0.710,0.233,0.000,1.390,
2026-06-01 19:00:00,Monday,19,0.147,0.281,0.000,0.000,0.296,0.000,0.724,
2026-06-01 20:00:00,Monday,20,0.117,0.284,0.000,0.000,0.266,0.000,0.667,
2026-06-01 21:00:00,Monday,21,0.136,0.382,0.000,0.000,0.320,0.000,0.838,
2026-06-01 22:00:00,Monday,22,0.144,0.259,0.110,0.000,0.183,0.000,0.696,
2026-06-01 23:00:00,Monday,23,0.150,0.311,0.000,0.000,0.000,0.000,0.461,
2026-06-02 00:00:00,Tuesday,0,0.145,0.461,0.000,0.000,0.000,0.000,0.606,
2026-06-02 01:00:00,Tuesday,1,0.131,0.446,0.000,0.000,0.000,0.000,0.577,
2026-06-02 02:00:00,Tuesday,2,0.135,0.536,0.000,0.000,0.000,0.000,0.671,
2026-06-02 03:00:00,Tuesday,3,0.131,0.513,0.000,0.000,0.000,0.000,0.644,
2026-06-02 04:00:00,Tuesday,4,0.133,0.474,0.000,0.000,0.000,0.000,0.607,
2026-06-02 05:00:00,Tuesday,5,0.154,0.506,0.000,0.000,0.000,0.000,0.660,
2026-06-02 06:00:00,Tuesday,6,0.143,0.669,0.000,0.220,0.000,0.000,1.032,
2026-06-02 07:00:00,Tuesday,7,0.131,0.552,0.000,0.292,0.000,0.000,0.975,
2026-06-02 08:00:00,Tuesday,8,0.121,0.571,0.000,0.402,0.000,0.000,1.094,
2026-06-02 09:00:00,Tuesday,9,0.123,0.509,0.000,0.000,0.149,0.933,1.714,pralka
2026-06-02 10:00:00,Tuesday,10,0.119,0.329,0.000,0.000,0.082,1.592,2.122,suszarka
2026-06-02 11:00:00,Tuesday,11,0.115,0.329,0.000,0.000,0.134,0.000,0.578,
2026-06-02 12:00:00,Tuesday,12,0.145,0.304,0.000,0.805,0.098,0.000,1.352,
2026-06-02 13:00:00,Tuesday,13,0.155,0.235,0.000,0.000,0.139,0.000,0.529,
2026-06-02 14:00:00,Tuesday,14,0.142,0.000,0.000,0.000,0.167,0.000,0.309,
2026-06-02 15:00:00,Tuesday,15,0.137,0.000,0.000,0.000,0.197,0.000,0.334,
2026-06-02 16:00:00,Tuesday,16,0.117,0.000,0.000,0.000,0.212,0.000,0.329,
2026-06-02 17:00:00,Tuesday,17,0.118,0.000,0.000,1.058,0.239,0.000,1.415,
2026-06-02 18:00:00,Tuesday,18,0.111,0.000,0.000,0.000,0.257,0.000,0.368,
2026-06-02 19:00:00,Tuesday,19,0.153,0.223,0.000,0.000,0.319,0.852,1.547,zmywarka
2026-06-02 20:00:00,Tuesday,20,0.138,0.241,0.000,0.000,0.190,0.000,0.569,
2026-06-02 21:00:00,Tuesday,21,0.153,0.308,0.000,0.000,0.151,0.000,0.612,
2026-06-02 22:00:00,Tuesday,22,0.140,0.000,0.109,0.000,0.260,0.000,0.509,
2026-06-02 23:00:00,Tuesday,23,0.131,0.217,0.000,0.000,0.000,0.000,0.348,
2026-06-03 00:00:00,Wednesday,0,0.177,0.278,0.000,0.000,0.000,0.000,0.455,
2026-06-03 01:00:00,Wednesday,1,0.114,0.295,0.000,0.000,0.000,0.000,0.409,
2026-06-03 02:00:00,Wednesday,2,0.166,0.364,0.000,0.000,0.000,0.000,0.530,
2026-06-03 03:00:00,Wednesday,3,0.130,0.340,0.000,0.000,0.000,0.000,0.470,
2026-06-03 04:00:00,Wednesday,4,0.117,0.351,0.000,0.000,0.000,0.000,0.468,
2026-06-03 05:00:00,Wednesday,5,0.136,0.297,0.000,0.000,0.000,0.000,0.433,
2026-06-03 06:00:00,Wednesday,6,0.117,0.550,0.000,0.371,0.000,0.000,1.038,
2026-06-03 07:00:00,Wednesday,7,0.152,0.420,0.000,0.321,0.000,0.000,0.893,
2026-06-03 08:00:00,Wednesday,8,0.129,0.315,0.000,0.315,0.000,0.000,0.759,
2026-06-03 09:00:00,Wednesday,9,0.152,0.291,0.000,0.000,0.204,0.000,0.647,praca zdalna
2026-06-03 10:00:00,Wednesday,10,0.149,0.278,0.000,0.000,0.296,0.000,0.723,praca zdalna
2026-06-03 11:00:00,Wednesday,11,0.151,0.274,0.000,0.000,0.164,0.000,0.589,praca zdalna
2026-06-03 12:00:00,Wednesday,12,0.116,0.221,0.000,0.000,0.232,0.000,0.569,praca zdalna
2026-06-03 13:00:00,Wednesday,13,0.126,0.192,0.000,0.660,0.240,0.000,1.218,praca zdalna
2026-06-03 14:00:00,Wednesday,14,0.142,0.268,0.000,0.000,0.305,0.000,0.715,praca zdalna
2026-06-03 15:00:00,Wednesday,15,0.143,0.346,0.000,0.000,0.184,0.000,0.673,praca zdalna
2026-06-03 16:00:00,Wednesday,16,0.122,0.388,0.000,0.000,0.317,0.000,0.827,praca zdalna
2026-06-03 17:00:00,Wednesday,17,0.159,0.364,0.000,0.000,0.224,0.000,0.747,
2026-06-03 18:00:00,Wednesday,18,0.154,0.486,0.000,0.795,0.348,0.000,1.783,
2026-06-03 19:00:00,Wednesday,19,0.140,0.449,0.000,0.000,0.175,1.017,1.781,zmywarka
2026-06-03 20:00:00,Wednesday,20,0.146,0.552,0.000,0.000,0.205,0.000,0.903,
2026-06-03 21:00:00,Wednesday,21,0.147,0.470,0.000,0.000,0.261,0.000,0.878,
2026-06-03 22:00:00,Wednesday,22,0.119,0.430,0.113,0.000,0.198,0.000,0.860,
2026-06-03 23:00:00,Wednesday,23,0.141,0.428,0.000,0.000,0.000,0.000,0.569,
2026-06-04 00:00:00,Thursday,0,0.162,0.510,0.000,0.000,0.000,0.000,0.672,
2026-06-04 01:00:00,Thursday,1,0.169,0.430,0.000,0.000,0.000,0.000,0.599,
2026-06-04 02:00:00,Thursday,2,0.121,0.487,0.000,0.000,0.000,0.000,0.608,
2026-06-04 03:00:00,Thursday,3,0.156,0.368,0.000,0.000,0.000,0.000,0.524,
2026-06-04 04:00:00,Thursday,4,0.160,0.354,0.000,0.000,0.000,0.000,0.514,
2026-06-04 05:00:00,Thursday,5,0.153,0.396,0.000,0.000,0.000,0.000,0.549,
2026-06-04 06:00:00,Thursday,6,0.154,0.540,0.000,0.326,0.000,0.000,1.020,
2026-06-04 07:00:00,Thursday,7,0.150,0.519,0.000,0.495,0.000,0.000,1.164,
2026-06-04 08:00:00,Thursday,8,0.117,0.473,0.000,0.168,0.000,0.000,0.758,
2026-06-04 09:00:00,Thursday,9,0.120,0.500,0.000,0.000,0.081,0.000,0.701,
2026-06-04 10:00:00,Thursday,10,0.113,0.495,0.000,0.000,0.142,0.000,0.750,
2026-06-04 11:00:00,Thursday,11,0.142,0.368,0.000,0.000,0.092,0.000,0.602,
2026-06-04 12:00:00,Thursday,12,0.124,0.492,0.000,0.691,0.114,0.000,1.421,
2026-06-04 13:00:00,Thursday,13,0.134,0.385,0.000,0.000,0.126,0.000,0.645,
2026-06-04 14:00:00,Thursday,14,0.158,0.407,0.000,0.000,0.223,0.000,0.788,
2026-06-04 15:00:00,Thursday,15,0.133,0.406,0.000,0.000,0.086,0.000,0.625,
2026-06-04 16:00:00,Thursday,16,0.110,0.419,0.000,0.000,0.148,0.000,0.677,
2026-06-04 17:00:00,Thursday,17,0.133,0.369,0.000,0.000,0.172,0.000,0.674,goście
2026-06-04 18:00:00,Thursday,18,0.124,0.395,0.000,1.550,0.197,0.000,2.266,goście
2026-06-04 19:00:00,Thursday,19,0.121,0.458,0.000,0.000,0.238,1.136,1.953,goście; zmywarka
2026-06-04 20:00:00,Thursday,20,0.126,0.523,0.000,0.000,0.272,0.000,0.921,goście
2026-06-04 21:00:00,Thursday,21,0.140,0.553,0.000,0.000,0.207,0.000,0.900,goście
2026-06-04 22:00:00,Thursday,22,0.122,0.420,0.130,0.000,0.346,0.000,1.018,
2026-06-04 23:00:00,Thursday,23,0.146,0.529,0.000,0.000,0.000,0.000,0.675,
2026-06-05 00:00:00,Friday,0,0.149,0.468,0.000,0.000,0.000,0.000,0.617,
2026-06-05 01:00:00,Friday,1,0.114,0.453,0.000,0.000,0.000,0.000,0.567,
2026-06-05 02:00:00,Friday,2,0.134,0.439,0.000,0.000,0.000,0.000,0.573,
2026-06-05 03:00:00,Friday,3,0.138,0.460,0.000,0.000,0.000,0.000,0.598,
2026-06-05 04:00:00,Friday,4,0.141,0.580,0.000,0.000,0.000,0.000,0.721,
2026-06-05 05:00:00,Friday,5,0.155,0.670,0.000,0.000,0.000,0.000,0.825,
2026-06-05 06:00:00,Friday,6,0.133,0.631,0.000,0.452,0.000,0.000,1.216,
2026-06-05 07:00:00,Friday,7,0.119,0.738,0.000,0.394,0.000,0.000,1.251,
2026-06-05 08:00:00,Friday,8,0.159,0.547,0.000,0.219,0.000,0.000,0.925,
2026-06-05 09:00:00,Friday,9,0.130,0.616,0.000,0.000,0.104,0.000,0.850,
2026-06-05 10:00:00,Friday,10,0.115,0.446,0.000,0.000,0.137,0.000,0.698,
2026-06-05 11:00:00,Friday,11,0.139,0.406,0.000,0.000,0.096,0.000,0.641,
2026-06-05 12:00:00,Friday,12,0.146,0.339,0.000,0.443,0.128,0.000,1.056,
2026-06-05 13:00:00,Friday,13,0.128,0.263,0.000,0.000,0.098,0.000,0.489,
2026-06-05 14:00:00,Friday,14,0.139,0.237,0.000,0.000,0.247,0.000,0.623,
2026-06-05 15:00:00,Friday,15,0.138,0.287,0.000,0.000,0.193,0.000,0.618,
2026-06-05 16:00:00,Friday,16,0.140,0.338,0.000,0.000,0.125,0.000,0.603,
2026-06-05 17:00:00,Friday,17,0.157,0.217,0.000,0.000,0.208,0.000,0.582,
2026-06-05 18:00:00,Friday,18,0.118,0.493,0.000,1.095,0.317,0.000,2.023,
2026-06-05 19:00:00,Friday,19,0.150,0.502,0.000,0.000,0.183,0.823,1.658,zmywarka
2026-06-05 20:00:00,Friday,20,0.143,0.373,0.000,0.000,0.310,0.000,0.826,
2026-06-05 21:00:00,Friday,21,0.117,0.516,0.000,0.000,0.220,0.000,0.853,
2026-06-05 22:00:00,Friday,22,0.123,0.359,0.144,0.000,0.190,0.000,0.816,
2026-06-05 23:00:00,Friday,23,0.143,0.445,0.000,0.000,0.000,0.000,0.588,
2026-06-06 00:00:00,Saturday,0,0.153,0.475,0.000,0.000,0.000,0.000,0.628,
2026-06-06 01:00:00,Saturday,1,0.116,0.566,0.000,0.000,0.000,0.000,0.682,
2026-06-06 02:00:00,Saturday,2,0.151,0.756,0.000,0.000,0.000,0.000,0.907,
2026-06-06 03:00:00,Saturday,3,0.129,0.777,0.000,0.000,0.000,0.000,0.906,
2026-06-06 04:00:00,Saturday,4,0.129,0.884,0.000,0.000,0.000,0.000,1.013,
2026-06-06 05:00:00,Saturday,5,0.149,0.731,0.000,0.000,0.000,0.000,0.880,
2026-06-06 06:00:00,Saturday,6,0.146,1.015,0.000,0.554,0.000,0.000,1.715,
2026-06-06 07:00:00,Saturday,7,0.114,0.984,0.000,0.332,0.000,0.000,1.430,
2026-06-06 08:00:00,Saturday,8,0.126,0.717,0.000,0.508,0.000,0.000,1.351,
2026-06-06 09:00:00,Saturday,9,0.127,0.566,0.000,0.000,0.180,0.000,0.873,
2026-06-06 10:00:00,Saturday,10,0.129,0.574,0.000,0.000,0.119,0.000,0.822,
2026-06-06 11:00:00,Saturday,11,0.130,0.420,0.000,0.000,0.240,0.768,1.558,pralka
2026-06-06 12:00:00,Saturday,12,0.134,0.430,0.000,0.612,0.114,2.466,3.756,suszarka
2026-06-06 13:00:00,Saturday,13,0.127,0.489,0.000,0.000,0.156,0.000,0.772,
2026-06-06 14:00:00,Saturday,14,0.126,0.487,0.000,0.000,0.076,0.931,1.620,zmywarka
2026-06-06 15:00:00,Saturday,15,0.111,0.379,0.000,0.000,0.078,0.000,0.568,
2026-06-06 16:00:00,Saturday,16,0.128,0.403,0.000,0.000,0.241,0.000,0.772,
2026-06-06 17:00:00,Saturday,17,0.147,0.405,0.000,0.000,0.229,0.000,0.781,
2026-06-06 18:00:00,Saturday,18,0.148,0.359,0.000,1.422,0.241,0.000,2.170,
2026-06-06 19:00:00,Saturday,19,0.122,0.449,0.000,0.000,0.228,0.000,0.799,
2026-06-06 20:00:00,Saturday,20,0.128,0.400,0.000,0.000,0.284,0.000,0.812,
2026-06-06 21:00:00,Saturday,21,0.151,0.431,0.000,0.000,0.319,0.000,0.901,
2026-06-06 22:00:00,Saturday,22,0.112,0.312,0.113,0.000,0.279,0.000,0.816,
2026-06-06 23:00:00,Saturday,23,0.152,0.429,0.000,0.000,0.000,0.000,0.581,
2026-06-07 00:00:00,Sunday,0,0.160,0.442,0.000,0.000,0.000,0.000,0.602,
2026-06-07 01:00:00,Sunday,1,0.130,0.486,0.000,0.000,0.000,0.000,0.616,
2026-06-07 02:00:00,Sunday,2,0.145,0.577,0.000,0.000,0.000,0.000,0.722,
2026-06-07 03:00:00,Sunday,3,0.135,0.622,0.000,0.000,0.000,0.000,0.757,
2026-06-07 04:00:00,Sunday,4,0.156,0.475,0.000,0.000,0.000,0.000,0.631,
2026-06-07 05:00:00,Sunday,5,0.157,0.528,0.000,0.000,0.000,0.000,0.685,
2026-06-07 06:00:00,Sunday,6,0.129,0.724,0.000,0.600,0.000,0.000,1.453,
2026-06-07 07:00:00,Sunday,7,0.127,0.606,0.000,0.430,0.000,0.000,1.163,
2026-06-07 08:00:00,Sunday,8,0.159,0.504,0.000,0.402,0.000,0.000,1.065,
2026-06-07 09:00:00,Sunday,9,0.151,0.453,0.000,0.000,0.141,0.000,0.745,
2026-06-07 10:00:00,Sunday,10,0.141,0.436,0.000,0.000,0.064,0.000,0.641,
2026-06-07 11:00:00,Sunday,11,0.129,0.310,0.000,0.000,0.234,0.000,0.673,
2026-06-07 12:00:00,Sunday,12,0.133,0.289,0.000,0.000,0.105,0.000,0.527,
2026-06-07 13:00:00,Sunday,13,0.132,0.288,0.000,1.208,0.084,0.000,1.712,
2026-06-07 14:00:00,Sunday,14,0.127,0.242,0.000,0.000,0.197,1.055,1.621,zmywarka
2026-06-07 15:00:00,Sunday,15,0.119,0.247,0.000,0.000,0.230,0.000,0.596,
2026-06-07 16:00:00,Sunday,16,0.120,0.289,0.000,0.000,0.150,0.000,0.559,
2026-06-07 17:00:00,Sunday,17,0.128,0.331,0.000,0.993,0.248,0.000,1.700,
2026-06-07 18:00:00,Sunday,18,0.121,0.322,0.000,0.000,0.300,0.000,0.743,
2026-06-07 19:00:00,Sunday,19,0.156,0.433,0.000,0.000,0.272,0.000,0.861,
2026-06-07 20:00:00,Sunday,20,0.117,0.487,0.000,0.000,0.337,0.000,0.941,
2026-06-07 21:00:00,Sunday,21,0.128,0.619,0.000,0.000,0.258,0.000,1.005,
2026-06-07 22:00:00,Sunday,22,0.153,0.496,0.149,0.000,0.221,0.000,1.019,
2026-06-07 23:00:00,Sunday,23,0.153,0.537,0.000,0.000,0.000,0.000,0.690,
2026-06-08 00:00:00,Monday,0,0.150,0.572,0.000,0.000,0.000,0.000,0.722,
2026-06-08 01:00:00,Monday,1,0.163,0.664,0.000,0.000,0.000,0.000,0.827,
2026-06-08 02:00:00,Monday,2,0.131,0.687,0.000,0.000,0.000,0.000,0.818,
2026-06-08 03:00:00,Monday,3,0.137,0.638,0.000,0.000,0.000,0.000,0.775,
2026-06-08 04:00:00,Monday,4,0.134,0.585,0.000,0.000,0.000,0.000,0.719,
2026-06-08 05:00:00,Monday,5,0.125,0.700,0.000,0.000,0.000,0.000,0.825,
2026-06-08 06:00:00,Monday,6,0.158,0.943,0.000,0.427,0.000,0.000,1.528,
2026-06-08 07:00:00,Monday,7,0.153,0.743,0.000,0.357,0.000,0.000,1.253,
2026-06-08 08:00:00,Monday,8,0.113,0.614,0.000,0.413,0.000,0.000,1.140,
2026-06-08 09:00:00,Monday,9,0.133,0.477,0.000,0.000,0.000,0.000,0.610,
2026-06-08 10:00:00,Monday,10,0.158,0.454,0.000,0.000,0.000,0.000,0.612,
2026-06-08 11:00:00,Monday,11,0.146,0.390,0.000,0.000,0.000,0.000,0.536,
2026-06-08 12:00:00,Monday,12,0.152,0.417,0.000,0.000,0.000,0.000,0.569,
2026-06-08 13:00:00,Monday,13,0.154,0.406,0.000,0.000,0.000,0.000,0.560,
2026-06-08 14:00:00,Monday,14,0.132,0.407,0.000,0.000,0.177,0.000,0.716,
2026-06-08 15:00:00,Monday,15,0.136,0.454,0.000,0.000,0.173,0.000,0.763,
2026-06-08 16:00:00,Monday,16,0.119,0.350,0.000,0.000,0.118,0.000,0.587,
2026-06-08 17:00:00,Monday,17,0.141,0.356,0.000,0.000,0.168,0.000,0.665,
2026-06-08 18:00:00,Monday,18,0.116,0.352,0.000,0.640,0.177,0.000,1.285,
2026-06-08 19:00:00,Monday,19,0.144,0.454,0.000,0.000,0.198,0.000,0.796,
2026-06-08 20:00:00,Monday,20,0.113,0.434,0.000,0.000,0.317,0.000,0.864,
2026-06-08 21:00:00,Monday,21,0.141,0.425,0.000,0.000,0.267,0.000,0.833,
2026-06-08 22:00:00,Monday,22,0.125,0.366,0.080,0.000,0.329,0.000,0.900,
2026-06-08 23:00:00,Monday,23,0.165,0.427,0.000,0.000,0.000,0.000,0.592,
2026-06-09 00:00:00,Tuesday,0,0.144,0.378,0.000,0.000,0.000,0.000,0.522,
2026-06-09 01:00:00,Tuesday,1,0.159,0.359,0.000,0.000,0.000,0.000,0.518,
2026-06-09 02:00:00,Tuesday,2,0.147,0.443,0.000,0.000,0.000,0.000,0.590,
2026-06-09 03:00:00,Tuesday,3,0.152,0.334,0.000,0.000,0.000,0.000,0.486,
2026-06-09 04:00:00,Tuesday,4,0.140,0.402,0.000,0.000,0.000,0.000,0.542,
2026-06-09 05:00:00,Tuesday,5,0.117,0.424,0.000,0.000,0.000,0.000,0.541,
2026-06-09 06:00:00,Tuesday,6,0.123,0.508,0.000,0.377,0.000,0.000,1.008,
2026-06-09 07:00:00,Tuesday,7,0.137,0.626,0.000,0.378,0.000,0.000,1.141,
2026-06-09 08:00:00,Tuesday,8,0.137,0.629,0.000,0.172,0.000,0.000,0.938,
2026-06-09 09:00:00,Tuesday,9,0.146,0.512,0.000,0.000,0.112,0.000,0.770,
2026-06-09 10:00:00,Tuesday,10,0.116,0.627,0.000,0.000,0.112,0.000,0.855,
2026-06-09 11:00:00,Tuesday,11,0.120,0.731,0.000,0.000,0.146,0.000,0.997,
2026-06-09 12:00:00,Tuesday,12,0.130,0.432,0.000,0.735,0.138,0.000,1.435,
2026-06-09 13:00:00,Tuesday,13,0.140,0.474,0.000,0.000,0.120,0.000,0.734,
2026-06-09 14:00:00,Tuesday,14,0.154,0.366,0.000,0.000,0.083,0.000,0.603,
2026-06-09 15:00:00,Tuesday,15,0.144,0.547,0.000,0.000,0.171,0.000,0.862,
2026-06-09 16:00:00,Tuesday,16,0.121,0.411,0.000,0.000,0.168,0.000,0.700,
2026-06-09 17:00:00,Tuesday,17,0.132,0.419,0.000,0.000,0.328,0.000,0.879,
2026-06-09 18:00:00,Tuesday,18,0.131,0.655,0.000,0.921,0.242,0.000,1.949,
2026-06-09 19:00:00,Tuesday,19,0.125,0.548,0.000,0.000,0.348,0.863,1.884,zmywarka
2026-06-09 20:00:00,Tuesday,20,0.158,0.642,0.000,0.000,0.330,0.000,1.130,
2026-06-09 21:00:00,Tuesday,21,0.128,0.638,0.000,0.000,0.278,0.000,1.044,
2026-06-09 22:00:00,Tuesday,22,0.148,0.584,0.080,0.000,0.254,0.000,1.066,
2026-06-09 23:00:00,Tuesday,23,0.184,0.566,0.000,0.000,0.000,0.000,0.750,
2026-06-10 00:00:00,Wednesday,0,0.149,0.794,0.000,0.000,0.000,0.000,0.943,
2026-06-10 01:00:00,Wednesday,1,0.129,0.754,0.000,0.000,0.000,0.000,0.883,
2026-06-10 02:00:00,Wednesday,2,0.175,0.712,0.000,0.000,0.000,0.000,0.887,
2026-06-10 03:00:00,Wednesday,3,0.121,0.674,0.000,0.000,0.000,0.000,0.795,
2026-06-10 04:00:00,Wednesday,4,0.138,0.753,0.000,0.000,0.000,0.000,0.891,
2026-06-10 05:00:00,Wednesday,5,0.126,0.830,0.000,0.000,0.000,0.000,0.956,
2026-06-10 06:00:00,Wednesday,6,0.134,1.155,0.000,0.495,0.000,0.000,1.784,
2026-06-10 07:00:00,Wednesday,7,0.115,1.020,0.000,0.549,0.000,0.000,1.684,
2026-06-10 08:00:00,Wednesday,8,0.133,0.763,0.000,0.518,0.000,0.000,1.414,
2026-06-10 09:00:00,Wednesday,9,0.159,0.744,0.000,0.000,0.000,0.000,0.903,
2026-06-10 10:00:00,Wednesday,10,0.123,0.590,0.000,0.000,0.000,0.000,0.713,
2026-06-10 11:00:00,Wednesday,11,0.137,0.481,0.000,0.000,0.000,0.000,0.618,
2026-06-10 12:00:00,Wednesday,12,0.111,0.429,0.000,0.000,0.000,0.000,0.540,
2026-06-10 13:00:00,Wednesday,13,0.122,0.446,0.000,0.000,0.000,0.000,0.568,
2026-06-10 14:00:00,Wednesday,14,0.142,0.403,0.000,0.000,0.244,0.000,0.789,
2026-06-10 15:00:00,Wednesday,15,0.153,0.380,0.000,0.000,0.094,0.000,0.627,
2026-06-10 16:00:00,Wednesday,16,0.132,0.376,0.000,0.000,0.227,0.000,0.735,
2026-06-10 17:00:00,Wednesday,17,0.154,0.338,0.000,0.982,0.327,0.000,1.801,
2026-06-10 18:00:00,Wednesday,18,0.149,0.386,0.000,0.000,0.336,0.000,0.871,
2026-06-10 19:00:00,Wednesday,19,0.154,0.424,0.000,0.000,0.334,1.177,2.089,zmywarka
2026-06-10 20:00:00,Wednesday,20,0.120,0.527,0.000,0.000,0.166,0.000,0.813,
2026-06-10 21:00:00,Wednesday,21,0.128,0.656,0.000,0.000,0.269,0.000,1.053,
2026-06-10 22:00:00,Wednesday,22,0.118,0.502,0.104,0.000,0.267,0.000,0.991,
2026-06-10 23:00:00,Wednesday,23,0.164,0.627,0.000,0.000,0.000,0.000,0.791,
2026-06-11 00:00:00,Thursday,0,0.157,0.671,0.000,0.000,0.000,0.000,0.828,
2026-06-11 01:00:00,Thursday,1,0.121,0.613,0.000,0.000,0.000,0.000,0.734,
2026-06-11 02:00:00,Thursday,2,0.134,0.803,0.000,0.000,0.000,0.000,0.937,
2026-06-11 03:00:00,Thursday,3,0.139,0.793,0.000,0.000,0.000,0.000,0.932,
2026-06-11 04:00:00,Thursday,4,0.173,0.926,0.000,0.000,0.000,0.000,1.099,
2026-06-11 05:00:00,Thursday,5,0.128,0.834,0.000,0.000,0.000,0.000,0.962,
2026-06-11 06:00:00,Thursday,6,0.134,1.251,0.000,0.358,0.000,0.000,1.743,
2026-06-11 07:00:00,Thursday,7,0.117,0.984,0.000,0.456,0.000,0.000,1.557,
2026-06-11 08:00:00,Thursday,8,0.110,0.769,0.000,0.517,0.000,0.000,1.396,
2026-06-11 09:00:00,Thursday,9,0.157,0.598,0.000,0.000,0.000,0.000,0.755,
2026-06-11 10:00:00,Thursday,10,0.150,0.576,0.000,0.000,0.000,0.000,0.726,
2026-06-11 11:00:00,Thursday,11,0.125,0.672,0.000,0.000,0.000,0.000,0.797,
2026-06-11 12:00:00,Thursday,12,0.155,0.624,0.000,0.000,0.000,0.000,0.779,
2026-06-11 13:00:00,Thursday,13,0.147,0.601,0.000,0.000,0.000,0.000,0.748,
2026-06-11 14:00:00,Thursday,14,0.126,0.576,0.000,0.000,0.085,0.000,0.787,
2026-06-11 15:00:00,Thursday,15,0.129,0.464,0.000,0.000,0.101,0.000,0.694,
2026-06-11 16:00:00,Thursday,16,0.113,0.480,0.000,0.000,0.204,0.000,0.797,
2026-06-11 17:00:00,Thursday,17,0.147,0.419,0.000,0.000,0.272,0.000,0.838,
2026-06-11 18:00:00,Thursday,18,0.114,0.489,0.000,1.053,0.160,0.000,1.816,
2026-06-11 19:00:00,Thursday,19,0.116,0.441,0.000,0.000,0.264,0.000,0.821,
2026-06-11 20:00:00,Thursday,20,0.132,0.651,0.000,0.000,0.314,0.930,2.027,zmywarka
2026-06-11 21:00:00,Thursday,21,0.111,0.826,0.000,0.000,0.165,0.000,1.102,
2026-06-11 22:00:00,Thursday,22,0.148,0.611,0.066,0.000,0.347,0.000,1.172,
2026-06-11 23:00:00,Thursday,23,0.114,0.607,0.000,0.000,0.000,0.000,0.721,
2026-06-12 00:00:00,Friday,0,0.140,0.479,0.000,0.000,0.000,0.000,0.619,wyjazd / nieobecność
2026-06-12 01:00:00,Friday,1,0.134,0.517,0.000,0.000,0.000,0.000,0.651,wyjazd / nieobecność
2026-06-12 02:00:00,Friday,2,0.119,0.700,0.000,0.000,0.000,0.000,0.819,wyjazd / nieobecność
2026-06-12 03:00:00,Friday,3,0.137,0.787,0.000,0.000,0.000,0.000,0.924,wyjazd / nieobecność
2026-06-12 04:00:00,Friday,4,0.157,0.754,0.000,0.000,0.000,0.000,0.911,wyjazd / nieobecność
2026-06-12 05:00:00,Friday,5,0.119,0.769,0.000,0.000,0.000,0.000,0.888,wyjazd / nieobecność
2026-06-12 06:00:00,Friday,6,0.122,0.558,0.000,0.000,0.000,0.000,0.680,wyjazd / nieobecność
2026-06-12 07:00:00,Friday,7,0.113,0.412,0.000,0.000,0.000,0.000,0.525,wyjazd / nieobecność
2026-06-12 08:00:00,Friday,8,0.159,0.218,0.000,0.000,0.000,0.000,0.377,wyjazd / nieobecność
2026-06-12 09:00:00,Friday,9,0.156,0.203,0.000,0.000,0.186,0.000,0.545,wyjazd / nieobecność; praca zdalna
2026-06-12 10:00:00,Friday,10,0.143,0.000,0.000,0.000,0.113,0.000,0.256,wyjazd / nieobecność; praca zdalna
2026-06-12 11:00:00,Friday,11,0.112,0.000,0.000,0.000,0.149,0.000,0.261,wyjazd / nieobecność; praca zdalna
2026-06-12 12:00:00,Friday,12,0.132,0.000,0.000,0.000,0.174,0.000,0.306,wyjazd / nieobecność; praca zdalna
2026-06-12 13:00:00,Friday,13,0.156,0.000,0.000,0.000,0.133,0.000,0.289,wyjazd / nieobecność; praca zdalna
2026-06-12 14:00:00,Friday,14,0.149,0.000,0.000,0.000,0.194,0.000,0.343,wyjazd / nieobecność; praca zdalna
2026-06-12 15:00:00,Friday,15,0.126,0.000,0.000,0.000,0.161,0.000,0.287,wyjazd / nieobecność; praca zdalna
2026-06-12 16:00:00,Friday,16,0.147,0.000,0.000,0.000,0.186,0.000,0.333,wyjazd / nieobecność; praca zdalna
2026-06-12 17:00:00,Friday,17,0.122,0.000,0.000,0.000,0.000,0.000,0.122,wyjazd / nieobecność
2026-06-12 18:00:00,Friday,18,0.137,0.000,0.000,0.000,0.000,0.000,0.137,wyjazd / nieobecność
2026-06-12 19:00:00,Friday,19,0.145,0.208,0.000,0.000,0.000,0.000,0.353,wyjazd / nieobecność
2026-06-12 20:00:00,Friday,20,0.154,0.000,0.000,0.000,0.000,0.000,0.154,wyjazd / nieobecność
2026-06-12 21:00:00,Friday,21,0.137,0.000,0.000,0.000,0.000,0.000,0.137,wyjazd / nieobecność
2026-06-12 22:00:00,Friday,22,0.144,0.281,0.000,0.000,0.000,0.000,0.425,wyjazd / nieobecność
2026-06-12 23:00:00,Friday,23,0.136,0.288,0.000,0.000,0.000,0.000,0.424,wyjazd / nieobecność
2026-06-13 00:00:00,Saturday,0,0.133,0.626,0.000,0.000,0.000,0.000,0.759,
2026-06-13 01:00:00,Saturday,1,0.154,0.778,0.000,0.000,0.000,0.000,0.932,
2026-06-13 02:00:00,Saturday,2,0.110,0.733,0.000,0.000,0.000,0.000,0.843,
2026-06-13 03:00:00,Saturday,3,0.152,0.788,0.000,0.000,0.000,0.000,0.940,
2026-06-13 04:00:00,Saturday,4,0.139,0.758,0.000,0.000,0.000,0.000,0.897,
2026-06-13 05:00:00,Saturday,5,0.169,0.939,0.000,0.000,0.000,0.000,1.108,
2026-06-13 06:00:00,Saturday,6,0.113,0.892,0.000,0.165,0.000,0.000,1.170,
2026-06-13 07:00:00,Saturday,7,0.142,1.004,0.000,0.531,0.000,0.000,1.677,
2026-06-13 08:00:00,Saturday,8,0.110,0.743,0.000,0.573,0.000,0.000,1.426,
2026-06-13 09:00:00,Saturday,9,0.114,0.823,0.000,0.000,0.116,0.000,1.053,
2026-06-13 10:00:00,Saturday,10,0.141,0.610,0.000,0.000,0.163,0.947,1.861,pralka
2026-06-13 11:00:00,Saturday,11,0.145,0.650,0.000,0.000,0.077,0.000,0.872,
2026-06-13 12:00:00,Saturday,12,0.117,0.498,0.000,0.000,0.164,0.000,0.779,
2026-06-13 13:00:00,Saturday,13,0.114,0.539,0.000,0.436,0.218,1.130,2.437,zmywarka
2026-06-13 14:00:00,Saturday,14,0.110,0.764,0.000,0.000,0.212,0.000,1.086,
2026-06-13 15:00:00,Saturday,15,0.126,0.997,0.000,0.000,0.246,0.000,1.369,
2026-06-13 16:00:00,Saturday,16,0.136,0.712,0.000,0.000,0.057,0.000,0.905,
2026-06-13 17:00:00,Saturday,17,0.146,0.637,0.000,0.000,0.281,0.000,1.064,
2026-06-13 18:00:00,Saturday,18,0.115,0.628,0.000,0.824,0.268,0.000,1.835,
2026-06-13 19:00:00,Saturday,19,0.116,0.543,0.000,0.000,0.218,0.000,0.877,
2026-06-13 20:00:00,Saturday,20,0.127,0.821,0.000,0.000,0.157,0.000,1.105,
2026-06-13 21:00:00,Saturday,21,0.137,0.789,0.000,0.000,0.274,0.000,1.200,
2026-06-13 22:00:00,Saturday,22,0.120,0.778,0.061,0.000,0.251,0.000,1.210,
2026-06-13 23:00:00,Saturday,23,0.167,0.728,0.000,0.000,0.000,0.000,0.895,
2026-06-14 00:00:00,Sunday,0,0.121,1.084,0.000,0.000,0.000,0.000,1.205,
2026-06-14 01:00:00,Sunday,1,0.169,0.890,0.000,0.000,0.000,0.000,1.059,
2026-06-14 02:00:00,Sunday,2,0.131,1.083,0.000,0.000,0.000,0.000,1.214,
2026-06-14 03:00:00,Sunday,3,0.138,0.962,0.000,0.000,0.000,0.000,1.100,
2026-06-14 04:00:00,Sunday,4,0.150,1.136,0.000,0.000,0.000,0.000,1.286,
2026-06-14 05:00:00,Sunday,5,0.163,1.122,0.000,0.000,0.000,0.000,1.285,
2026-06-14 06:00:00,Sunday,6,0.159,1.272,0.000,0.241,0.000,0.000,1.672,
2026-06-14 07:00:00,Sunday,7,0.116,1.243,0.000,0.275,0.000,0.000,1.634,
2026-06-14 08:00:00,Sunday,8,0.112,0.909,0.000,0.505,0.000,0.000,1.526,
2026-06-14 09:00:00,Sunday,9,0.159,0.929,0.000,0.000,0.126,0.000,1.214,
2026-06-14 10:00:00,Sunday,10,0.122,0.739,0.000,0.000,0.095,0.000,0.956,
2026-06-14 11:00:00,Sunday,11,0.128,0.678,0.000,0.000,0.143,0.000,0.949,
2026-06-14 12:00:00,Sunday,12,0.148,0.568,0.000,0.000,0.191,0.000,0.907,
2026-06-14 13:00:00,Sunday,13,0.135,0.530,0.000,0.878,0.080,0.000,1.623,
2026-06-14 14:00:00,Sunday,14,0.124,0.443,0.000,0.000,0.189,1.139,1.895,zmywarka
2026-06-14 15:00:00,Sunday,15,0.138,0.572,0.000,0.000,0.184,0.000,0.894,
2026-06-14 16:00:00,Sunday,16,0.140,0.508,0.000,0.000,0.198,0.000,0.846,
2026-06-14 17:00:00,Sunday,17,0.114,0.470,0.000,0.000,0.317,0.000,0.901,
2026-06-14 18:00:00,Sunday,18,0.124,0.429,0.000,0.953,0.171,0.000,1.677,
2026-06-14 19:00:00,Sunday,19,0.140,0.508,0.000,0.000,0.220,0.000,0.868,
2026-06-14 20:00:00,Sunday,20,0.131,0.586,0.000,0.000,0.299,0.000,1.016,
2026-06-14 21:00:00,Sunday,21,0.146,0.606,0.000,0.000,0.255,0.000,1.007,
2026-06-14 22:00:00,Sunday,22,0.157,0.595,0.139,0.000,0.320,0.000,1.211,
2026-06-14 23:00:00,Sunday,23,0.116,0.824,0.000,0.000,0.000,0.000,0.940,
2026-06-15 00:00:00,Monday,0,0.121,0.648,0.000,0.000,0.000,0.000,0.769,
2026-06-15 01:00:00,Monday,1,0.115,0.621,0.000,0.000,0.000,0.000,0.736,
2026-06-15 02:00:00,Monday,2,0.113,0.635,0.000,0.000,0.000,0.000,0.748,
2026-06-15 03:00:00,Monday,3,0.163,0.680,0.000,0.000,0.000,0.000,0.843,
2026-06-15 04:00:00,Monday,4,0.165,0.734,0.000,0.000,0.000,0.000,0.899,
2026-06-15 05:00:00,Monday,5,0.161,0.888,0.000,0.000,0.000,0.000,1.049,
2026-06-15 06:00:00,Monday,6,0.122,1.072,0.000,0.259,0.000,0.000,1.453,
2026-06-15 07:00:00,Monday,7,0.114,0.768,0.000,0.333,0.000,0.000,1.215,
2026-06-15 08:00:00,Monday,8,0.136,0.916,0.000,0.404,0.000,0.000,1.456,
2026-06-15 09:00:00,Monday,9,0.150,0.588,0.000,0.000,0.128,0.000,0.866,
2026-06-15 10:00:00,Monday,10,0.128,0.610,0.000,0.000,0.121,0.000,0.859,
2026-06-15 11:00:00,Monday,11,0.142,0.553,0.000,0.000,0.138,0.000,0.833,
2026-06-15 12:00:00,Monday,12,0.130,0.598,0.000,0.000,0.134,0.000,0.862,
2026-06-15 13:00:00,Monday,13,0.113,0.520,0.000,0.768,0.090,0.000,1.491,
2026-06-15 14:00:00,Monday,14,0.147,0.599,0.000,0.000,0.161,0.000,0.907,
2026-06-15 15:00:00,Monday,15,0.141,0.432,0.000,0.000,0.235,0.000,0.808,
2026-06-15 16:00:00,Monday,16,0.149,0.391,0.000,0.000,0.114,0.000,0.654,
2026-06-15 17:00:00,Monday,17,0.128,0.424,0.000,0.956,0.151,0.000,1.659,
2026-06-15 18:00:00,Monday,18,0.127,0.531,0.000,0.000,0.264,0.000,0.922,
2026-06-15 19:00:00,Monday,19,0.130,0.556,0.000,0.000,0.274,0.000,0.960,
2026-06-15 20:00:00,Monday,20,0.124,0.558,0.000,0.000,0.259,0.000,0.941,
2026-06-15 21:00:00,Monday,21,0.141,0.688,0.000,0.000,0.182,0.000,1.011,
2026-06-15 22:00:00,Monday,22,0.147,0.476,0.111,0.000,0.245,0.000,0.979,
2026-06-15 23:00:00,Monday,23,0.165,0.539,0.000,0.000,0.000,0.000,0.704,
2026-06-16 00:00:00,Tuesday,0,0.115,0.618,0.000,0.000,0.000,0.000,0.733,
2026-06-16 01:00:00,Tuesday,1,0.151,0.737,0.000,0.000,0.000,0.000,0.888,
2026-06-16 02:00:00,Tuesday,2,0.130,0.814,0.000,0.000,0.000,0.000,0.944,
2026-06-16 03:00:00,Tuesday,3,0.149,0.820,0.000,0.000,0.000,0.000,0.969,
2026-06-16 04:00:00,Tuesday,4,0.177,0.928,0.000,0.000,0.000,0.000,1.105,
2026-06-16 05:00:00,Tuesday,5,0.113,0.905,0.000,0.000,0.000,0.000,1.018,
2026-06-16 06:00:00,Tuesday,6,0.127,0.956,0.000,0.386,0.000,0.000,1.469,
2026-06-16 07:00:00,Tuesday,7,0.138,0.951,0.000,0.538,0.000,0.000,1.627,
2026-06-16 08:00:00,Tuesday,8,0.158,0.947,0.000,0.517,0.000,0.000,1.622,
2026-06-16 09:00:00,Tuesday,9,0.131,1.013,0.000,0.000,0.000,0.000,1.144,
2026-06-16 10:00:00,Tuesday,10,0.127,1.045,0.000,0.000,0.000,0.000,1.172,
2026-06-16 11:00:00,Tuesday,11,0.128,0.981,0.000,0.000,0.000,0.941,2.050,pralka
2026-06-16 12:00:00,Tuesday,12,0.133,0.862,0.000,0.000,0.000,1.675,2.670,suszarka
2026-06-16 13:00:00,Tuesday,13,0.158,0.903,0.000,0.000,0.000,0.000,1.061,
2026-06-16 14:00:00,Tuesday,14,0.129,0.738,0.000,0.000,0.123,0.000,0.990,
2026-06-16 15:00:00,Tuesday,15,0.130,0.788,0.000,0.000,0.131,0.000,1.049,
2026-06-16 16:00:00,Tuesday,16,0.156,0.615,0.000,0.000,0.193,0.000,0.964,
2026-06-16 17:00:00,Tuesday,17,0.158,0.756,0.000,0.000,0.207,0.000,1.121,
2026-06-16 18:00:00,Tuesday,18,0.127,0.731,0.000,0.748,0.300,0.000,1.906,
2026-06-16 19:00:00,Tuesday,19,0.152,0.617,0.000,0.000,0.267,1.194,2.230,zmywarka
2026-06-16 20:00:00,Tuesday,20,0.144,0.770,0.000,0.000,0.267,0.000,1.181,
2026-06-16 21:00:00,Tuesday,21,0.135,0.855,0.000,0.000,0.196,0.000,1.186,
2026-06-16 22:00:00,Tuesday,22,0.115,0.736,0.099,0.000,0.177,0.000,1.127,
2026-06-16 23:00:00,Tuesday,23,0.112,0.876,0.000,0.000,0.000,0.000,0.988,
2026-06-17 00:00:00,Wednesday,0,0.158,0.857,0.000,0.000,0.000,0.000,1.015,
2026-06-17 01:00:00,Wednesday,1,0.143,1.003,0.000,0.000,0.000,0.000,1.146,
2026-06-17 02:00:00,Wednesday,2,0.164,0.975,0.000,0.000,0.000,0.000,1.139,
2026-06-17 03:00:00,Wednesday,3,0.127,1.081,0.000,0.000,0.000,0.000,1.208,
2026-06-17 04:00:00,Wednesday,4,0.170,0.866,0.000,0.000,0.000,0.000,1.036,
2026-06-17 05:00:00,Wednesday,5,0.185,1.079,0.000,0.000,0.000,0.000,1.264,
2026-06-17 06:00:00,Wednesday,6,0.151,1.013,0.000,0.352,0.000,0.000,1.516,
2026-06-17 07:00:00,Wednesday,7,0.111,1.080,0.000,0.521,0.000,0.000,1.712,
2026-06-17 08:00:00,Wednesday,8,0.145,1.180,0.000,0.347,0.000,0.000,1.672,
2026-06-17 09:00:00,Wednesday,9,0.127,0.948,0.000,0.000,0.093,0.000,1.168,
2026-06-17 10:00:00,Wednesday,10,0.117,0.952,0.000,0.000,0.104,0.000,1.173,
2026-06-17 11:00:00,Wednesday,11,0.148,0.794,0.000,0.000,0.144,0.000,1.086,
2026-06-17 12:00:00,Wednesday,12,0.148,0.685,0.000,0.422,0.146,0.939,2.340,pralka
2026-06-17 13:00:00,Wednesday,13,0.116,0.609,0.000,0.000,0.097,1.646,2.468,suszarka
2026-06-17 14:00:00,Wednesday,14,0.112,0.496,0.000,0.000,0.244,0.000,0.852,
2026-06-17 15:00:00,Wednesday,15,0.156,0.402,0.000,0.000,0.204,0.000,0.762,
2026-06-17 16:00:00,Wednesday,16,0.116,0.370,0.000,0.000,0.219,0.000,0.705,
2026-06-17 17:00:00,Wednesday,17,0.136,0.325,0.000,0.000,0.161,0.000,0.622,
2026-06-17 18:00:00,Wednesday,18,0.158,0.429,0.000,0.938,0.324,0.000,1.849,
2026-06-17 19:00:00,Wednesday,19,0.143,0.413,0.000,0.000,0.248,0.000,0.804,
2026-06-17 20:00:00,Wednesday,20,0.136,0.466,0.000,0.000,0.252,0.000,0.854,
2026-06-17 21:00:00,Wednesday,21,0.125,0.518,0.000,0.000,0.300,0.000,0.943,
2026-06-17 22:00:00,Wednesday,22,0.140,0.343,0.075,0.000,0.295,0.000,0.853,
2026-06-17 23:00:00,Wednesday,23,0.148,0.410,0.000,0.000,0.000,0.000,0.558,
2026-06-18 00:00:00,Thursday,0,0.165,0.461,0.000,0.000,0.000,0.000,0.626,
2026-06-18 01:00:00,Thursday,1,0.136,0.384,0.000,0.000,0.000,0.000,0.520,
2026-06-18 02:00:00,Thursday,2,0.113,0.289,0.000,0.000,0.000,0.000,0.402,
2026-06-18 03:00:00,Thursday,3,0.158,0.273,0.000,0.000,0.000,0.000,0.431,
2026-06-18 04:00:00,Thursday,4,0.156,0.319,0.000,0.000,0.000,0.000,0.475,
2026-06-18 05:00:00,Thursday,5,0.148,0.353,0.000,0.000,0.000,0.000,0.501,
2026-06-18 06:00:00,Thursday,6,0.117,0.506,0.000,0.395,0.000,0.000,1.018,
2026-06-18 07:00:00,Thursday,7,0.157,0.549,0.000,0.346,0.000,0.000,1.052,
2026-06-18 08:00:00,Thursday,8,0.151,0.439,0.000,0.509,0.000,0.000,1.099,
2026-06-18 09:00:00,Thursday,9,0.143,0.363,0.000,0.000,0.142,0.000,0.648,
2026-06-18 10:00:00,Thursday,10,0.144,0.311,0.000,0.000,0.083,0.000,0.538,
2026-06-18 11:00:00,Thursday,11,0.154,0.000,0.000,0.000,0.107,0.000,0.261,
2026-06-18 12:00:00,Thursday,12,0.152,0.000,0.000,0.340,0.128,0.000,0.620,
2026-06-18 13:00:00,Thursday,13,0.114,0.000,0.000,0.000,0.144,0.000,0.258,
2026-06-18 14:00:00,Thursday,14,0.141,0.000,0.000,0.000,0.123,0.000,0.264,
2026-06-18 15:00:00,Thursday,15,0.159,0.000,0.000,0.000,0.244,0.000,0.403,
2026-06-18 16:00:00,Thursday,16,0.119,0.000,0.000,0.000,0.176,0.000,0.295,
2026-06-18 17:00:00,Thursday,17,0.159,0.000,0.000,0.824,0.339,0.000,1.322,
2026-06-18 18:00:00,Thursday,18,0.129,0.000,0.000,0.000,0.299,0.000,0.428,
2026-06-18 19:00:00,Thursday,19,0.122,0.000,0.000,0.000,0.323,0.890,1.335,zmywarka
2026-06-18 20:00:00,Thursday,20,0.152,0.000,0.000,0.000,0.167,0.000,0.319,
2026-06-18 21:00:00,Thursday,21,0.142,0.000,0.000,0.000,0.287,0.000,0.429,
2026-06-18 22:00:00,Thursday,22,0.129,0.000,0.107,0.000,0.302,0.000,0.538,
2026-06-18 23:00:00,Thursday,23,0.125,0.000,0.000,0.000,0.000,0.000,0.125,
2026-06-19 00:00:00,Friday,0,0.182,0.000,0.000,0.000,0.000,0.000,0.182,
2026-06-19 01:00:00,Friday,1,0.121,0.000,0.000,0.000,0.000,0.000,0.121,
2026-06-19 02:00:00,Friday,2,0.114,0.279,0.000,0.000,0.000,0.000,0.393,
2026-06-19 03:00:00,Friday,3,0.115,0.247,0.000,0.000,0.000,0.000,0.362,
2026-06-19 04:00:00,Friday,4,0.138,0.273,0.000,0.000,0.000,0.000,0.411,
2026-06-19 05:00:00,Friday,5,0.152,0.304,0.000,0.000,0.000,0.000,0.456,
2026-06-19 06:00:00,Friday,6,0.126,0.447,0.000,0.355,0.000,0.000,0.928,
2026-06-19 07:00:00,Friday,7,0.133,0.271,0.000,0.294,0.000,0.000,0.698,
2026-06-19 08:00:00,Friday,8,0.128,0.267,0.000,0.453,0.000,0.000,0.848,
2026-06-19 09:00:00,Friday,9,0.136,0.000,0.000,0.000,0.248,0.000,0.384,praca zdalna
2026-06-19 10:00:00,Friday,10,0.150,0.000,0.000,0.000,0.288,0.000,0.438,praca zdalna
2026-06-19 11:00:00,Friday,11,0.112,0.000,0.000,0.000,0.264,0.000,0.376,praca zdalna
2026-06-19 12:00:00,Friday,12,0.153,0.000,0.000,0.631,0.213,0.000,0.997,praca zdalna
2026-06-19 13:00:00,Friday,13,0.145,0.000,0.000,0.000,0.269,0.000,0.414,praca zdalna
2026-06-19 14:00:00,Friday,14,0.150,0.000,0.000,0.000,0.197,0.000,0.347,praca zdalna
2026-06-19 15:00:00,Friday,15,0.147,0.000,0.000,0.000,0.413,0.000,0.560,praca zdalna
2026-06-19 16:00:00,Friday,16,0.118,0.000,0.000,0.000,0.325,0.000,0.443,praca zdalna
2026-06-19 17:00:00,Friday,17,0.118,0.000,0.000,0.779,0.286,0.000,1.183,
2026-06-19 18:00:00,Friday,18,0.127,0.000,0.000,0.000,0.151,0.000,0.278,
2026-06-19 19:00:00,Friday,19,0.139,0.000,0.000,0.000,0.337,0.828,1.304,zmywarka
2026-06-19 20:00:00,Friday,20,0.120,0.000,0.000,0.000,0.152,0.000,0.272,
2026-06-19 21:00:00,Friday,21,0.151,0.000,0.000,0.000,0.310,0.000,0.461,
2026-06-19 22:00:00,Friday,22,0.153,0.000,0.118,0.000,0.223,0.000,0.494,
2026-06-19 23:00:00,Friday,23,0.134,0.000,0.000,0.000,0.000,0.000,0.134,
2026-06-20 00:00:00,Saturday,0,0.129,0.000,0.000,0.000,0.000,0.000,0.129,
2026-06-20 01:00:00,Saturday,1,0.153,0.000,0.000,0.000,0.000,0.000,0.153,
2026-06-20 02:00:00,Saturday,2,0.145,0.000,0.000,0.000,0.000,0.000,0.145,
2026-06-20 03:00:00,Saturday,3,0.148,0.000,0.000,0.000,0.000,0.000,0.148,
2026-06-20 04:00:00,Saturday,4,0.141,0.000,0.000,0.000,0.000,0.000,0.141,
2026-06-20 05:00:00,Saturday,5,0.149,0.000,0.000,0.000,0.000,0.000,0.149,
2026-06-20 06:00:00,Saturday,6,0.158,0.240,0.000,0.476,0.000,0.000,0.874,
2026-06-20 07:00:00,Saturday,7,0.160,0.000,0.000,0.381,0.000,0.000,0.541,
2026-06-20 08:00:00,Saturday,8,0.133,0.000,0.000,0.566,0.000,0.000,0.699,
2026-06-20 09:00:00,Saturday,9,0.159,0.000,0.000,0.000,0.124,0.000,0.283,
2026-06-20 10:00:00,Saturday,10,0.158,0.000,0.000,0.000,0.132,0.000,0.290,
2026-06-20 11:00:00,Saturday,11,0.136,0.000,0.000,0.000,0.175,0.000,0.311,
2026-06-20 12:00:00,Saturday,12,0.154,0.000,0.000,1.312,0.173,0.000,1.639,
2026-06-20 13:00:00,Saturday,13,0.120,0.000,0.000,0.000,0.230,1.166,1.516,zmywarka
2026-06-20 14:00:00,Saturday,14,0.114,0.000,0.000,0.000,0.111,0.000,0.225,
2026-06-20 15:00:00,Saturday,15,0.145,0.000,0.000,0.000,0.087,0.000,0.232,
2026-06-20 16:00:00,Saturday,16,0.137,0.000,0.000,0.000,0.187,0.000,0.324,
2026-06-20 17:00:00,Saturday,17,0.140,0.000,0.000,1.980,0.277,0.000,2.397,
2026-06-20 18:00:00,Saturday,18,0.146,0.000,0.000,0.000,0.157,0.000,0.303,
2026-06-20 19:00:00,Saturday,19,0.116,0.000,0.000,0.000,0.323,0.000,0.439,
2026-06-20 20:00:00,Saturday,20,0.115,0.000,0.000,0.000,0.289,0.000,0.404,
2026-06-20 21:00:00,Saturday,21,0.153,0.000,0.000,0.000,0.229,0.000,0.382,
2026-06-20 22:00:00,Saturday,22,0.159,0.000,0.135,0.000,0.305,0.000,0.599,
2026-06-20 23:00:00,Saturday,23,0.146,0.000,0.000,0.000,0.000,0.000,0.146,
2026-06-21 00:00:00,Sunday,0,0.146,0.000,0.000,0.000,0.000,0.000,0.146,
2026-06-21 01:00:00,Sunday,1,0.153,0.000,0.000,0.000,0.000,0.000,0.153,
2026-06-21 02:00:00,Sunday,2,0.118,0.000,0.000,0.000,0.000,0.000,0.118,
2026-06-21 03:00:00,Sunday,3,0.137,0.000,0.000,0.000,0.000,0.000,0.137,
2026-06-21 04:00:00,Sunday,4,0.158,0.000,0.000,0.000,0.000,0.000,0.158,
2026-06-21 05:00:00,Sunday,5,0.158,0.000,0.000,0.000,0.000,0.000,0.158,
2026-06-21 06:00:00,Sunday,6,0.157,0.281,0.000,0.355,0.000,0.000,0.793,
2026-06-21 07:00:00,Sunday,7,0.133,0.180,0.000,0.343,0.000,0.000,0.656,
2026-06-21 08:00:00,Sunday,8,0.121,0.000,0.000,0.483,0.000,0.000,0.604,
2026-06-21 09:00:00,Sunday,9,0.148,0.000,0.000,0.000,0.086,0.000,0.234,
2026-06-21 10:00:00,Sunday,10,0.135,0.000,0.000,0.000,0.176,0.000,0.311,
2026-06-21 11:00:00,Sunday,11,0.149,0.000,0.000,0.000,0.064,0.000,0.213,
2026-06-21 12:00:00,Sunday,12,0.116,0.000,0.000,0.000,0.067,0.000,0.183,
2026-06-21 13:00:00,Sunday,13,0.118,0.000,0.000,1.128,0.067,0.000,1.313,
2026-06-21 14:00:00,Sunday,14,0.120,0.000,0.000,0.000,0.132,1.036,1.288,zmywarka
2026-06-21 15:00:00,Sunday,15,0.148,0.000,0.000,0.000,0.163,0.000,0.311,
2026-06-21 16:00:00,Sunday,16,0.111,0.000,0.000,0.000,0.194,0.000,0.305,
2026-06-21 17:00:00,Sunday,17,0.153,0.000,0.000,0.000,0.336,0.000,0.489,
2026-06-21 18:00:00,Sunday,18,0.141,0.000,0.000,0.647,0.206,0.000,0.994,
2026-06-21 19:00:00,Sunday,19,0.157,0.000,0.000,0.000,0.268,0.000,0.425,
2026-06-21 20:00:00,Sunday,20,0.152,0.000,0.000,0.000,0.266,0.000,0.418,
2026-06-21 21:00:00,Sunday,21,0.140,0.200,0.000,0.000,0.281,0.000,0.621,
2026-06-21 22:00:00,Sunday,22,0.148,0.000,0.098,0.000,0.290,0.000,0.536,
2026-06-21 23:00:00,Sunday,23,0.136,0.274,0.000,0.000,0.000,0.000,0.410,
2026-06-22 00:00:00,Monday,0,0.137,0.332,0.000,0.000,0.000,0.000,0.469,
2026-06-22 01:00:00,Monday,1,0.156,0.354,0.000,0.000,0.000,0.000,0.510,
2026-06-22 02:00:00,Monday,2,0.139,0.417,0.000,0.000,0.000,0.000,0.556,
2026-06-22 03:00:00,Monday,3,0.148,0.472,0.000,0.000,0.000,0.000,0.620,
2026-06-22 04:00:00,Monday,4,0.141,0.561,0.000,0.000,0.000,0.000,0.702,
2026-06-22 05:00:00,Monday,5,0.113,0.655,0.000,0.000,0.000,0.000,0.768,
2026-06-22 06:00:00,Monday,6,0.151,0.780,0.000,0.578,0.000,0.000,1.509,
2026-06-22 07:00:00,Monday,7,0.158,0.680,0.000,0.455,0.000,0.000,1.293,
2026-06-22 08:00:00,Monday,8,0.120,0.526,0.000,0.308,0.000,0.000,0.954,
2026-06-22 09:00:00,Monday,9,0.131,0.442,0.000,0.000,0.081,0.000,0.654,
2026-06-22 10:00:00,Monday,10,0.115,0.249,0.000,0.000,0.121,0.000,0.485,
2026-06-22 11:00:00,Monday,11,0.155,0.000,0.000,0.000,0.081,0.000,0.236,
2026-06-22 12:00:00,Monday,12,0.156,0.000,0.000,0.000,0.120,0.000,0.276,
2026-06-22 13:00:00,Monday,13,0.144,0.000,0.000,0.712,0.148,0.000,1.004,
2026-06-22 14:00:00,Monday,14,0.121,0.000,0.000,0.000,0.143,0.000,0.264,
2026-06-22 15:00:00,Monday,15,0.147,0.000,0.000,0.000,0.111,0.000,0.258,
2026-06-22 16:00:00,Monday,16,0.158,0.000,0.000,0.000,0.146,0.000,0.304,
2026-06-22 17:00:00,Monday,17,0.122,0.000,0.000,0.750,0.280,0.000,1.152,
2026-06-22 18:00:00,Monday,18,0.155,0.000,0.000,0.000,0.292,0.000,0.447,
2026-06-22 19:00:00,Monday,19,0.112,0.000,0.000,0.000,0.277,0.000,0.389,
2026-06-22 20:00:00,Monday,20,0.119,0.000,0.000,0.000,0.182,1.184,1.485,zmywarka
2026-06-22 21:00:00,Monday,21,0.139,0.322,0.000,0.000,0.161,0.000,0.622,
2026-06-22 22:00:00,Monday,22,0.136,0.237,0.071,0.000,0.312,0.000,0.756,
2026-06-22 23:00:00,Monday,23,0.154,0.337,0.000,0.000,0.000,0.000,0.491,
2026-06-23 00:00:00,Tuesday,0,0.148,0.400,0.000,0.000,0.000,0.000,0.548,
2026-06-23 01:00:00,Tuesday,1,0.166,0.386,0.000,0.000,0.000,0.000,0.552,
2026-06-23 02:00:00,Tuesday,2,0.130,0.632,0.000,0.000,0.000,0.000,0.762,
2026-06-23 03:00:00,Tuesday,3,0.167,0.567,0.000,0.000,0.000,0.000,0.734,
2026-06-23 04:00:00,Tuesday,4,0.114,0.664,0.000,0.000,0.000,0.000,0.778,
2026-06-23 05:00:00,Tuesday,5,0.120,0.675,0.000,0.000,0.000,0.000,0.795,
2026-06-23 06:00:00,Tuesday,6,0.135,0.805,0.000,0.463,0.000,0.000,1.403,
2026-06-23 07:00:00,Tuesday,7,0.156,0.763,0.000,0.422,0.000,0.000,1.341,
2026-06-23 08:00:00,Tuesday,8,0.128,0.585,0.000,0.482,0.000,0.000,1.195,
2026-06-23 09:00:00,Tuesday,9,0.131,0.401,0.000,0.000,0.097,0.000,0.629,
2026-06-23 10:00:00,Tuesday,10,0.113,0.369,0.000,0.000,0.107,0.000,0.589,
2026-06-23 11:00:00,Tuesday,11,0.117,0.240,0.000,0.000,0.129,0.000,0.486,
2026-06-23 12:00:00,Tuesday,12,0.149,0.000,0.000,0.000,0.102,0.000,0.251,
2026-06-23 13:00:00,Tuesday,13,0.122,0.000,0.000,0.537,0.105,0.736,1.500,pralka
2026-06-23 14:00:00,Tuesday,14,0.137,0.000,0.000,0.000,0.180,1.933,2.250,suszarka
2026-06-23 15:00:00,Tuesday,15,0.115,0.000,0.000,0.000,0.192,0.000,0.307,
2026-06-23 16:00:00,Tuesday,16,0.133,0.000,0.000,0.000,0.215,0.000,0.348,
2026-06-23 17:00:00,Tuesday,17,0.130,0.000,0.000,0.000,0.208,0.000,0.338,
2026-06-23 18:00:00,Tuesday,18,0.156,0.000,0.000,1.072,0.157,0.000,1.385,
2026-06-23 19:00:00,Tuesday,19,0.154,0.000,0.000,0.000,0.337,1.085,1.576,zmywarka
2026-06-23 20:00:00,Tuesday,20,0.155,0.000,0.000,0.000,0.209,0.000,0.364,
2026-06-23 21:00:00,Tuesday,21,0.116,0.000,0.000,0.000,0.275,0.000,0.391,
2026-06-23 22:00:00,Tuesday,22,0.138,0.000,0.082,0.000,0.242,0.000,0.462,
2026-06-23 23:00:00,Tuesday,23,0.178,0.000,0.000,0.000,0.000,0.000,0.178,
2026-06-24 00:00:00,Wednesday,0,0.150,0.000,0.000,0.000,0.000,0.000,0.150,
2026-06-24 01:00:00,Wednesday,1,0.159,0.000,0.000,0.000,0.000,0.000,0.159,
2026-06-24 02:00:00,Wednesday,2,0.150,0.268,0.000,0.000,0.000,0.000,0.418,
2026-06-24 03:00:00,Wednesday,3,0.157,0.322,0.000,0.000,0.000,0.000,0.479,
2026-06-24 04:00:00,Wednesday,4,0.149,0.321,0.000,0.000,0.000,0.000,0.470,
2026-06-24 05:00:00,Wednesday,5,0.138,0.278,0.000,0.000,0.000,0.000,0.416,
2026-06-24 06:00:00,Wednesday,6,0.131,0.365,0.000,0.420,0.000,0.000,0.916,
2026-06-24 07:00:00,Wednesday,7,0.115,0.307,0.000,0.185,0.000,0.000,0.607,
2026-06-24 08:00:00,Wednesday,8,0.118,0.000,0.000,0.173,0.000,0.000,0.291,
2026-06-24 09:00:00,Wednesday,9,0.119,0.000,0.000,0.000,0.132,0.000,0.251,
2026-06-24 10:00:00,Wednesday,10,0.116,0.000,0.000,0.000,0.118,0.000,0.234,
2026-06-24 11:00:00,Wednesday,11,0.121,0.000,0.000,0.000,0.137,0.000,0.258,
2026-06-24 12:00:00,Wednesday,12,0.113,0.000,0.000,0.301,0.140,0.000,0.554,
2026-06-24 13:00:00,Wednesday,13,0.143,0.000,0.000,0.000,0.122,0.000,0.265,
2026-06-24 14:00:00,Wednesday,14,0.144,0.000,0.000,0.000,0.206,0.000,0.350,
2026-06-24 15:00:00,Wednesday,15,0.115,0.000,0.000,0.000,0.146,0.000,0.261,
2026-06-24 16:00:00,Wednesday,16,0.146,0.000,0.000,0.000,0.167,0.000,0.313,
2026-06-24 17:00:00,Wednesday,17,0.155,0.000,0.000,0.000,0.299,0.000,0.454,
2026-06-24 18:00:00,Wednesday,18,0.122,0.000,0.000,1.668,0.319,0.000,2.109,
2026-06-24 19:00:00,Wednesday,19,0.158,0.000,0.000,0.000,0.220,0.000,0.378,
2026-06-24 20:00:00,Wednesday,20,0.130,0.000,0.000,0.000,0.165,1.016,1.311,zmywarka
2026-06-24 21:00:00,Wednesday,21,0.134,0.000,0.000,0.000,0.181,0.000,0.315,
2026-06-24 22:00:00,Wednesday,22,0.128,0.000,0.067,0.000,0.327,0.000,0.522,
2026-06-24 23:00:00,Wednesday,23,0.140,0.000,0.000,0.000,0.000,0.000,0.140,
2026-06-25 00:00:00,Thursday,0,0.144,0.000,0.000,0.000,0.000,0.000,0.144,
2026-06-25 01:00:00,Thursday,1,0.124,0.000,0.000,0.000,0.000,0.000,0.124,
2026-06-25 02:00:00,Thursday,2,0.129,0.000,0.000,0.000,0.000,0.000,0.129,
2026-06-25 03:00:00,Thursday,3,0.167,0.000,0.000,0.000,0.000,0.000,0.167,
2026-06-25 04:00:00,Thursday,4,0.147,0.000,0.000,0.000,0.000,0.000,0.147,
2026-06-25 05:00:00,Thursday,5,0.172,0.000,0.000,0.000,0.000,0.000,0.172,
2026-06-25 06:00:00,Thursday,6,0.152,0.272,0.000,0.494,0.000,0.000,0.918,
2026-06-25 07:00:00,Thursday,7,0.112,0.241,0.000,0.542,0.000,0.000,0.895,
2026-06-25 08:00:00,Thursday,8,0.150,0.000,0.000,0.323,0.000,0.000,0.473,
2026-06-25 09:00:00,Thursday,9,0.122,0.000,0.000,0.000,0.123,0.000,0.245,
2026-06-25 10:00:00,Thursday,10,0.138,0.000,0.000,0.000,0.148,0.774,1.060,pralka
2026-06-25 11:00:00,Thursday,11,0.121,0.000,0.000,0.000,0.115,2.028,2.264,suszarka
2026-06-25 12:00:00,Thursday,12,0.157,0.000,0.000,0.000,0.145,0.000,0.302,
2026-06-25 13:00:00,Thursday,13,0.146,0.000,0.000,0.339,0.107,0.000,0.592,
2026-06-25 14:00:00,Thursday,14,0.114,0.000,0.000,0.000,0.195,0.000,0.309,
2026-06-25 15:00:00,Thursday,15,0.118,0.000,0.000,0.000,0.194,0.000,0.312,
2026-06-25 16:00:00,Thursday,16,0.139,0.000,0.000,0.000,0.239,0.000,0.378,
2026-06-25 17:00:00,Thursday,17,0.118,0.000,0.000,0.000,0.250,0.000,0.368,
2026-06-25 18:00:00,Thursday,18,0.114,0.000,0.000,0.750,0.175,0.000,1.039,
2026-06-25 19:00:00,Thursday,19,0.113,0.000,0.000,0.000,0.321,0.000,0.434,
2026-06-25 20:00:00,Thursday,20,0.148,0.000,0.000,0.000,0.166,1.019,1.333,zmywarka
2026-06-25 21:00:00,Thursday,21,0.149,0.000,0.000,0.000,0.312,0.000,0.461,
2026-06-25 22:00:00,Thursday,22,0.159,0.000,0.084,0.000,0.265,0.000,0.508,
2026-06-25 23:00:00,Thursday,23,0.140,0.000,0.000,0.000,0.000,0.000,0.140,
2026-06-26 00:00:00,Friday,0,0.116,0.000,0.000,0.000,0.000,0.000,0.116,
2026-06-26 01:00:00,Friday,1,0.157,0.000,0.000,0.000,0.000,0.000,0.157,
2026-06-26 02:00:00,Friday,2,0.129,0.000,0.000,0.000,0.000,0.000,0.129,
2026-06-26 03:00:00,Friday,3,0.137,0.000,0.000,0.000,0.000,0.000,0.137,
2026-06-26 04:00:00,Friday,4,0.111,0.213,0.000,0.000,0.000,0.000,0.324,
2026-06-26 05:00:00,Friday,5,0.139,0.284,0.000,0.000,0.000,0.000,0.423,
2026-06-26 06:00:00,Friday,6,0.133,0.396,0.000,0.349,0.000,0.000,0.878,
2026-06-26 07:00:00,Friday,7,0.121,0.269,0.000,0.280,0.000,0.000,0.670,
2026-06-26 08:00:00,Friday,8,0.155,0.000,0.000,0.402,0.000,0.000,0.557,
2026-06-26 09:00:00,Friday,9,0.137,0.000,0.000,0.000,0.000,0.000,0.137,
2026-06-26 10:00:00,Friday,10,0.146,0.000,0.000,0.000,0.000,0.000,0.146,
2026-06-26 11:00:00,Friday,11,0.150,0.000,0.000,0.000,0.000,0.000,0.150,
2026-06-26 12:00:00,Friday,12,0.138,0.000,0.000,0.000,0.000,0.000,0.138,
2026-06-26 13:00:00,Friday,13,0.134,0.000,0.000,0.000,0.000,0.000,0.134,
2026-06-26 14:00:00,Friday,14,0.154,0.000,0.000,0.000,0.134,0.000,0.288,
2026-06-26 15:00:00,Friday,15,0.147,0.000,0.000,0.000,0.177,0.000,0.324,
2026-06-26 16:00:00,Friday,16,0.139,0.000,0.000,0.000,0.082,0.000,0.221,
2026-06-26 17:00:00,Friday,17,0.154,0.000,0.000,0.985,0.150,0.000,1.289,
2026-06-26 18:00:00,Friday,18,0.147,0.000,0.000,0.000,0.157,0.000,0.304,
2026-06-26 19:00:00,Friday,19,0.153,0.000,0.000,0.000,0.198,0.000,0.351,
2026-06-26 20:00:00,Friday,20,0.122,0.000,0.000,0.000,0.309,0.920,1.351,zmywarka
2026-06-26 21:00:00,Friday,21,0.114,0.000,0.000,0.000,0.169,0.000,0.283,
2026-06-26 22:00:00,Friday,22,0.111,0.000,0.103,0.000,0.231,0.000,0.445,
2026-06-26 23:00:00,Friday,23,0.165,0.000,0.000,0.000,0.000,0.000,0.165,
2026-06-27 00:00:00,Saturday,0,0.140,0.000,0.000,0.000,0.000,0.000,0.140,
2026-06-27 01:00:00,Saturday,1,0.161,0.000,0.000,0.000,0.000,0.000,0.161,
2026-06-27 02:00:00,Saturday,2,0.154,0.000,0.000,0.000,0.000,0.000,0.154,
2026-06-27 03:00:00,Saturday,3,0.117,0.000,0.000,0.000,0.000,0.000,0.117,
2026-06-27 04:00:00,Saturday,4,0.156,0.000,0.000,0.000,0.000,0.000,0.156,
2026-06-27 05:00:00,Saturday,5,0.157,0.000,0.000,0.000,0.000,0.000,0.157,
2026-06-27 06:00:00,Saturday,6,0.150,0.000,0.000,0.230,0.000,0.000,0.380,
2026-06-27 07:00:00,Saturday,7,0.113,0.000,0.000,0.346,0.000,0.000,0.459,
2026-06-27 08:00:00,Saturday,8,0.110,0.000,0.000,0.498,0.000,0.000,0.608,
2026-06-27 09:00:00,Saturday,9,0.112,0.000,0.000,0.000,0.140,0.000,0.252,
2026-06-27 10:00:00,Saturday,10,0.151,0.000,0.000,0.000,0.202,0.898,1.251,pralka
2026-06-27 11:00:00,Saturday,11,0.139,0.000,0.000,0.000,0.072,1.569,1.780,suszarka
2026-06-27 12:00:00,Saturday,12,0.110,0.000,0.000,0.000,0.173,0.000,0.283,
2026-06-27 13:00:00,Saturday,13,0.118,0.000,0.000,1.398,0.187,1.191,2.894,zmywarka
2026-06-27 14:00:00,Saturday,14,0.127,0.000,0.000,0.000,0.173,0.000,0.300,
2026-06-27 15:00:00,Saturday,15,0.127,0.000,0.000,0.000,0.169,0.000,0.296,
2026-06-27 16:00:00,Saturday,16,0.156,0.000,0.000,0.000,0.075,0.000,0.231,
2026-06-27 17:00:00,Saturday,17,0.129,0.000,0.000,0.000,0.332,0.000,0.461,
2026-06-27 18:00:00,Saturday,18,0.113,0.000,0.000,0.637,0.257,0.000,1.007,
2026-06-27 19:00:00,Saturday,19,0.159,0.000,0.000,0.000,0.238,0.000,0.397,
2026-06-27 20:00:00,Saturday,20,0.125,0.000,0.000,0.000,0.277,0.000,0.402,
2026-06-27 21:00:00,Saturday,21,0.121,0.000,0.000,0.000,0.348,0.000,0.469,
2026-06-27 22:00:00,Saturday,22,0.131,0.000,0.126,0.000,0.287,0.000,0.544,
2026-06-27 23:00:00,Saturday,23,0.110,0.000,0.000,0.000,0.000,0.000,0.110,
2026-06-28 00:00:00,Sunday,0,0.156,0.000,0.000,0.000,0.000,0.000,0.156,
2026-06-28 01:00:00,Sunday,1,0.128,0.000,0.000,0.000,0.000,0.000,0.128,
2026-06-28 02:00:00,Sunday,2,0.152,0.000,0.000,0.000,0.000,0.000,0.152,
2026-06-28 03:00:00,Sunday,3,0.170,0.000,0.000,0.000,0.000,0.000,0.170,
2026-06-28 04:00:00,Sunday,4,0.124,0.000,0.000,0.000,0.000,0.000,0.124,
2026-06-28 05:00:00,Sunday,5,0.148,0.000,0.000,0.000,0.000,0.000,0.148,
2026-06-28 06:00:00,Sunday,6,0.134,0.000,0.000,0.355,0.000,0.000,0.489,
2026-06-28 07:00:00,Sunday,7,0.139,0.000,0.000,0.327,0.000,0.000,0.466,
2026-06-28 08:00:00,Sunday,8,0.150,0.000,0.000,0.497,0.000,0.000,0.647,
2026-06-28 09:00:00,Sunday,9,0.157,0.000,0.000,0.000,0.164,0.000,0.321,
2026-06-28 10:00:00,Sunday,10,0.112,0.000,0.000,0.000,0.066,0.000,0.178,
2026-06-28 11:00:00,Sunday,11,0.138,0.000,0.000,0.000,0.206,0.000,0.344,
2026-06-28 12:00:00,Sunday,12,0.152,0.000,0.000,1.126,0.144,0.000,1.422,
2026-06-28 13:00:00,Sunday,13,0.122,0.000,0.000,0.000,0.094,0.000,0.216,
2026-06-28 14:00:00,Sunday,14,0.142,0.000,0.000,0.000,0.234,1.116,1.492,zmywarka
2026-06-28 15:00:00,Sunday,15,0.157,0.000,0.000,0.000,0.138,0.000,0.295,
2026-06-28 16:00:00,Sunday,16,0.126,0.000,0.000,0.000,0.246,0.000,0.372,
2026-06-28 17:00:00,Sunday,17,0.144,0.000,0.000,0.838,0.281,0.000,1.263,
2026-06-28 18:00:00,Sunday,18,0.140,0.000,0.000,0.000,0.162,0.000,0.302,
2026-06-28 19:00:00,Sunday,19,0.133,0.000,0.000,0.000,0.187,0.000,0.320,
2026-06-28 20:00:00,Sunday,20,0.160,0.000,0.000,0.000,0.164,0.000,0.324,
2026-06-28 21:00:00,Sunday,21,0.142,0.000,0.000,0.000,0.162,0.000,0.304,
2026-06-28 22:00:00,Sunday,22,0.141,0.000,0.062,0.000,0.263,0.000,0.466,
2026-06-28 23:00:00,Sunday,23,0.167,0.000,0.000,0.000,0.000,0.000,0.167,
2026-06-29 00:00:00,Monday,0,0.111,0.000,0.000,0.000,0.000,0.000,0.111,
2026-06-29 01:00:00,Monday,1,0.151,0.000,0.000,0.000,0.000,0.000,0.151,
2026-06-29 02:00:00,Monday,2,0.136,0.000,0.000,0.000,0.000,0.000,0.136,
2026-06-29 03:00:00,Monday,3,0.113,0.000,0.000,0.000,0.000,0.000,0.113,
2026-06-29 04:00:00,Monday,4,0.121,0.000,0.000,0.000,0.000,0.000,0.121,
2026-06-29 05:00:00,Monday,5,0.112,0.000,0.000,0.000,0.000,0.000,0.112,
2026-06-29 06:00:00,Monday,6,0.116,0.000,0.000,0.354,0.000,0.000,0.470,
2026-06-29 07:00:00,Monday,7,0.129,0.000,0.000,0.495,0.000,0.000,0.624,
2026-06-29 08:00:00,Monday,8,0.136,0.000,0.000,0.514,0.000,0.000,0.650,
2026-06-29 09:00:00,Monday,9,0.114,0.000,0.000,0.000,0.000,0.000,0.114,
2026-06-29 10:00:00,Monday,10,0.128,0.000,0.000,0.000,0.000,0.000,0.128,
2026-06-29 11:00:00,Monday,11,0.125,0.000,0.000,0.000,0.000,0.000,0.125,
2026-06-29 12:00:00,Monday,12,0.115,0.000,0.000,0.000,0.000,0.000,0.115,
2026-06-29 13:00:00,Monday,13,0.126,0.000,0.000,0.000,0.000,0.000,0.126,
2026-06-29 14:00:00,Monday,14,0.135,0.000,0.000,0.000,0.159,0.000,0.294,
2026-06-29 15:00:00,Monday,15,0.144,0.000,0.000,0.000,0.195,0.000,0.339,
2026-06-29 16:00:00,Monday,16,0.141,0.000,0.000,0.000,0.227,0.000,0.368,
2026-06-29 17:00:00,Monday,17,0.110,0.000,0.000,0.000,0.161,0.000,0.271,
2026-06-29 18:00:00,Monday,18,0.145,0.000,0.000,1.915,0.158,0.000,2.218,
2026-06-29 19:00:00,Monday,19,0.159,0.000,0.000,0.000,0.249,0.000,0.408,
2026-06-29 20:00:00,Monday,20,0.116,0.000,0.000,0.000,0.337,0.000,0.453,
2026-06-29 21:00:00,Monday,21,0.127,0.000,0.000,0.000,0.287,0.000,0.414,
2026-06-29 22:00:00,Monday,22,0.134,0.000,0.116,0.000,0.304,0.000,0.554,
2026-06-29 23:00:00,Monday,23,0.147,0.000,0.000,0.000,0.000,0.000,0.147,
2026-06-30 00:00:00,Tuesday,0,0.174,0.000,0.000,0.000,0.000,0.000,0.174,
2026-06-30 01:00:00,Tuesday,1,0.127,0.000,0.000,0.000,0.000,0.000,0.127,
2026-06-30 02:00:00,Tuesday,2,0.169,0.333,0.000,0.000,0.000,0.000,0.502,
2026-06-30 03:00:00,Tuesday,3,0.160,0.317,0.000,0.000,0.000,0.000,0.477,
2026-06-30 04:00:00,Tuesday,4,0.141,0.364,0.000,0.000,0.000,0.000,0.505,
2026-06-30 05:00:00,Tuesday,5,0.145,0.409,0.000,0.000,0.000,0.000,0.554,
2026-06-30 06:00:00,Tuesday,6,0.155,0.612,0.000,0.303,0.000,0.000,1.070,
2026-06-30 07:00:00,Tuesday,7,0.155,0.474,0.000,0.440,0.000,0.000,1.069,
2026-06-30 08:00:00,Tuesday,8,0.122,0.315,0.000,0.550,0.000,0.000,0.987,
2026-06-30 09:00:00,Tuesday,9,0.111,0.229,0.000,0.000,0.130,0.000,0.470,
2026-06-30 10:00:00,Tuesday,10,0.158,0.000,0.000,0.000,0.102,0.000,0.260,
2026-06-30 11:00:00,Tuesday,11,0.120,0.000,0.000,0.000,0.140,0.000,0.260,
2026-06-30 12:00:00,Tuesday,12,0.154,0.000,0.000,0.000,0.085,0.000,0.239,
2026-06-30 13:00:00,Tuesday,13,0.135,0.000,0.000,0.676,0.101,0.000,0.912,
2026-06-30 14:00:00,Tuesday,14,0.123,0.000,0.000,0.000,0.193,0.794,1.110,pralka
2026-06-30 15:00:00,Tuesday,15,0.126,0.000,0.000,0.000,0.146,2.164,2.436,suszarka
2026-06-30 16:00:00,Tuesday,16,0.146,0.000,0.000,0.000,0.230,0.000,0.376,
2026-06-30 17:00:00,Tuesday,17,0.117,0.000,0.000,0.000,0.307,0.000,0.424,
2026-06-30 18:00:00,Tuesday,18,0.135,0.000,0.000,1.433,0.167,0.000,1.735,
2026-06-30 19:00:00,Tuesday,19,0.138,0.000,0.000,0.000,0.277,0.000,0.415,
2026-06-30 20:00:00,Tuesday,20,0.128,0.000,0.000,0.000,0.250,1.099,1.477,zmywarka
2026-06-30 21:00:00,Tuesday,21,0.128,0.000,0.000,0.000,0.287,0.000,0.415,
2026-06-30 22:00:00,Tuesday,22,0.115,0.000,0.076,0.000,0.227,0.000,0.418,
2026-06-30 23:00:00,Tuesday,23,0.127,0.000,0.000,0.000,0.000,0.000,0.127,
2026-07-01 00:00:00,Wednesday,0,0.123,0.000,0.000,0.000,0.000,0.000,0.123,
2026-07-01 01:00:00,Wednesday,1,0.124,0.000,0.000,0.000,0.000,0.000,0.124,
2026-07-01 02:00:00,Wednesday,2,0.121,0.000,0.000,0.000,0.000,0.000,0.121,
2026-07-01 03:00:00,Wednesday,3,0.130,0.000,0.000,0.000,0.000,0.000,0.130,
2026-07-01 04:00:00,Wednesday,4,0.158,0.241,0.000,0.000,0.000,0.000,0.399,
2026-07-01 05:00:00,Wednesday,5,0.144,0.247,0.000,0.000,0.000,0.000,0.391,
2026-07-01 06:00:00,Wednesday,6,0.127,0.417,0.000,0.411,0.000,0.000,0.955,
2026-07-01 07:00:00,Wednesday,7,0.117,0.362,0.000,0.550,0.000,0.000,1.029,
2026-07-01 08:00:00,Wednesday,8,0.151,0.340,0.000,0.439,0.000,0.000,0.930,
2026-07-01 09:00:00,Wednesday,9,0.148,0.284,0.000,0.000,0.143,0.000,0.575,
2026-07-01 10:00:00,Wednesday,10,0.151,0.000,0.000,0.000,0.089,0.000,0.240,
2026-07-01 11:00:00,Wednesday,11,0.145,0.000,0.000,0.000,0.116,0.000,0.261,
2026-07-01 12:00:00,Wednesday,12,0.132,0.000,0.000,0.000,0.090,0.000,0.222,
2026-07-01 13:00:00,Wednesday,13,0.144,0.000,0.000,0.602,0.093,0.000,0.839,
2026-07-01 14:00:00,Wednesday,14,0.157,0.000,0.000,0.000,0.199,0.000,0.356,
2026-07-01 15:00:00,Wednesday,15,0.133,0.000,0.000,0.000,0.189,0.000,0.322,
2026-07-01 16:00:00,Wednesday,16,0.149,0.000,0.000,0.000,0.195,0.000,0.344,
2026-07-01 17:00:00,Wednesday,17,0.146,0.000,0.000,0.000,0.299,0.000,0.445,
2026-07-01 18:00:00,Wednesday,18,0.148,0.000,0.000,0.987,0.211,0.000,1.346,
2026-07-01 19:00:00,Wednesday,19,0.150,0.000,0.000,0.000,0.153,0.000,0.303,
2026-07-01 20:00:00,Wednesday,20,0.125,0.000,0.000,0.000,0.152,0.855,1.132,zmywarka
2026-07-01 21:00:00,Wednesday,21,0.130,0.000,0.000,0.000,0.180,0.000,0.310,
2026-07-01 22:00:00,Wednesday,22,0.157,0.000,0.113,0.000,0.256,0.000,0.526,
2026-07-01 23:00:00,Wednesday,23,0.122,0.000,0.000,0.000,0.000,0.000,0.122,
2026-07-02 00:00:00,Thursday,0,0.140,0.000,0.000,0.000,0.000,0.000,0.140,
2026-07-02 01:00:00,Thursday,1,0.138,0.000,0.000,0.000,0.000,0.000,0.138,
2026-07-02 02:00:00,Thursday,2,0.122,0.329,0.000,0.000,0.000,0.000,0.451,
2026-07-02 03:00:00,Thursday,3,0.121,0.361,0.000,0.000,0.000,0.000,0.482,
2026-07-02 04:00:00,Thursday,4,0.146,0.410,0.000,0.000,0.000,0.000,0.556,
2026-07-02 05:00:00,Thursday,5,0.142,0.461,0.000,0.000,0.000,0.000,0.603,
2026-07-02 06:00:00,Thursday,6,0.128,0.479,0.000,0.414,0.000,0.000,1.021,
2026-07-02 07:00:00,Thursday,7,0.160,0.454,0.000,0.576,0.000,0.000,1.190,
2026-07-02 08:00:00,Thursday,8,0.126,0.266,0.000,0.595,0.000,0.000,0.987,
2026-07-02 09:00:00,Thursday,9,0.140,0.000,0.000,0.000,0.000,0.000,0.140,
2026-07-02 10:00:00,Thursday,10,0.137,0.216,0.000,0.000,0.000,0.000,0.353,
2026-07-02 11:00:00,Thursday,11,0.123,0.000,0.000,0.000,0.000,0.000,0.123,
2026-07-02 12:00:00,Thursday,12,0.149,0.243,0.000,0.000,0.000,0.846,1.238,pralka
2026-07-02 13:00:00,Thursday,13,0.125,0.240,0.000,0.000,0.000,2.438,2.803,suszarka
2026-07-02 14:00:00,Thursday,14,0.116,0.231,0.000,0.000,0.134,0.000,0.481,
2026-07-02 15:00:00,Thursday,15,0.136,0.369,0.000,0.000,0.110,0.000,0.615,
2026-07-02 16:00:00,Thursday,16,0.154,0.259,0.000,0.000,0.207,0.000,0.620,
2026-07-02 17:00:00,Thursday,17,0.126,0.283,0.000,0.000,0.279,0.000,0.688,
2026-07-02 18:00:00,Thursday,18,0.137,0.190,0.000,0.946,0.206,0.000,1.479,
2026-07-02 19:00:00,Thursday,19,0.160,0.000,0.000,0.000,0.336,0.000,0.496,
2026-07-02 20:00:00,Thursday,20,0.141,0.247,0.000,0.000,0.194,0.810,1.392,zmywarka
2026-07-02 21:00:00,Thursday,21,0.117,0.345,0.000,0.000,0.164,0.000,0.626,
2026-07-02 22:00:00,Thursday,22,0.112,0.304,0.106,0.000,0.267,0.000,0.789,
2026-07-02 23:00:00,Thursday,23,0.154,0.348,0.000,0.000,0.000,0.000,0.502,
2026-07-03 00:00:00,Friday,0,0.120,0.434,0.000,0.000,0.000,0.000,0.554,
2026-07-03 01:00:00,Friday,1,0.122,0.533,0.000,0.000,0.000,0.000,0.655,
2026-07-03 02:00:00,Friday,2,0.129,0.580,0.000,0.000,0.000,0.000,0.709,
2026-07-03 03:00:00,Friday,3,0.128,0.576,0.000,0.000,0.000,0.000,0.704,
2026-07-03 04:00:00,Friday,4,0.159,0.576,0.000,0.000,0.000,0.000,0.735,
2026-07-03 05:00:00,Friday,5,0.162,0.521,0.000,0.000,0.000,0.000,0.683,
2026-07-03 06:00:00,Friday,6,0.112,0.786,0.000,0.391,0.000,0.000,1.289,
2026-07-03 07:00:00,Friday,7,0.111,0.738,0.000,0.274,0.000,0.000,1.123,
2026-07-03 08:00:00,Friday,8,0.150,0.725,0.000,0.386,0.000,0.000,1.261,
2026-07-03 09:00:00,Friday,9,0.138,0.574,0.000,0.000,0.088,0.000,0.800,
2026-07-03 10:00:00,Friday,10,0.158,0.522,0.000,0.000,0.107,0.000,0.787,
2026-07-03 11:00:00,Friday,11,0.129,0.438,0.000,0.000,0.082,0.000,0.649,
2026-07-03 12:00:00,Friday,12,0.160,0.475,0.000,0.894,0.114,0.000,1.643,
2026-07-03 13:00:00,Friday,13,0.122,0.423,0.000,0.000,0.094,0.000,0.639,
2026-07-03 14:00:00,Friday,14,0.132,0.604,0.000,0.000,0.237,0.000,0.973,
2026-07-03 15:00:00,Friday,15,0.114,0.546,0.000,0.000,0.212,0.000,0.872,
2026-07-03 16:00:00,Friday,16,0.145,0.402,0.000,0.000,0.118,0.000,0.665,
2026-07-03 17:00:00,Friday,17,0.138,0.353,0.000,1.678,0.180,0.000,2.349,
2026-07-03 18:00:00,Friday,18,0.135,0.474,0.000,0.000,0.217,0.000,0.826,
2026-07-03 19:00:00,Friday,19,0.126,0.406,0.000,0.000,0.264,0.000,0.796,
2026-07-03 20:00:00,Friday,20,0.148,0.417,0.000,0.000,0.217,1.080,1.862,zmywarka
2026-07-03 21:00:00,Friday,21,0.117,0.643,0.000,0.000,0.230,0.000,0.990,
2026-07-03 22:00:00,Friday,22,0.136,0.504,0.136,0.000,0.157,0.000,0.933,
2026-07-03 23:00:00,Friday,23,0.166,0.518,0.000,0.000,0.000,0.000,0.684,
2026-07-04 00:00:00,Saturday,0,0.125,0.497,0.000,0.000,0.000,0.000,0.622,
2026-07-04 01:00:00,Saturday,1,0.152,0.635,0.000,0.000,0.000,0.000,0.787,
2026-07-04 02:00:00,Saturday,2,0.115,0.690,0.000,0.000,0.000,0.000,0.805,
2026-07-04 03:00:00,Saturday,3,0.139,0.638,0.000,0.000,0.000,0.000,0.777,
2026-07-04 04:00:00,Saturday,4,0.150,0.744,0.000,0.000,0.000,0.000,0.894,
2026-07-04 05:00:00,Saturday,5,0.126,0.608,0.000,0.000,0.000,0.000,0.734,
2026-07-04 06:00:00,Saturday,6,0.133,0.683,0.000,0.392,0.000,0.000,1.208,
2026-07-04 07:00:00,Saturday,7,0.124,0.752,0.000,0.436,0.000,0.000,1.312,
2026-07-04 08:00:00,Saturday,8,0.132,0.533,0.000,0.362,0.000,0.000,1.027,
2026-07-04 09:00:00,Saturday,9,0.134,0.558,0.000,0.000,0.195,0.000,0.887,
2026-07-04 10:00:00,Saturday,10,0.149,0.542,0.000,0.000,0.065,0.000,0.756,
2026-07-04 11:00:00,Saturday,11,0.113,0.449,0.000,0.000,0.206,0.796,1.564,pralka
2026-07-04 12:00:00,Saturday,12,0.130,0.357,0.000,0.000,0.102,2.490,3.079,suszarka
2026-07-04 13:00:00,Saturday,13,0.144,0.393,0.000,0.992,0.124,0.964,2.617,zmywarka
2026-07-04 14:00:00,Saturday,14,0.112,0.314,0.000,0.000,0.066,0.000,0.492,
2026-07-04 15:00:00,Saturday,15,0.135,0.000,0.000,0.000,0.202,0.000,0.337,
2026-07-04 16:00:00,Saturday,16,0.154,0.000,0.000,0.000,0.132,0.000,0.286,
2026-07-04 17:00:00,Saturday,17,0.127,0.000,0.000,0.000,0.287,0.000,0.414,
2026-07-04 18:00:00,Saturday,18,0.127,0.000,0.000,0.676,0.226,0.000,1.029,
2026-07-04 19:00:00,Saturday,19,0.119,0.000,0.000,0.000,0.261,0.000,0.380,
2026-07-04 20:00:00,Saturday,20,0.116,0.000,0.000,0.000,0.314,0.000,0.430,
2026-07-04 21:00:00,Saturday,21,0.151,0.271,0.000,0.000,0.174,0.000,0.596,
2026-07-04 22:00:00,Saturday,22,0.158,0.283,0.149,0.000,0.172,0.000,0.762,
2026-07-04 23:00:00,Saturday,23,0.147,0.294,0.000,0.000,0.000,0.000,0.441,
2026-07-05 00:00:00,Sunday,0,0.160,0.000,0.000,0.000,0.000,0.000,0.160,wyjazd / nieobecność
2026-07-05 01:00:00,Sunday,1,0.156,0.000,0.000,0.000,0.000,0.000,0.156,wyjazd / nieobecność
2026-07-05 02:00:00,Sunday,2,0.158,0.000,0.000,0.000,0.000,0.000,0.158,wyjazd / nieobecność
2026-07-05 03:00:00,Sunday,3,0.128,0.000,0.000,0.000,0.000,0.000,0.128,wyjazd / nieobecność
2026-07-05 04:00:00,Sunday,4,0.148,0.000,0.000,0.000,0.000,0.000,0.148,wyjazd / nieobecność
2026-07-05 05:00:00,Sunday,5,0.134,0.227,0.000,0.000,0.000,0.000,0.361,wyjazd / nieobecność
2026-07-05 06:00:00,Sunday,6,0.123,0.205,0.000,0.000,0.000,0.000,0.328,wyjazd / nieobecność
2026-07-05 07:00:00,Sunday,7,0.120,0.000,0.000,0.000,0.000,0.000,0.120,wyjazd / nieobecność
2026-07-05 08:00:00,Sunday,8,0.138,0.000,0.000,0.000,0.000,0.000,0.138,wyjazd / nieobecność
2026-07-05 09:00:00,Sunday,9,0.159,0.000,0.000,0.000,0.000,0.000,0.159,wyjazd / nieobecność
2026-07-05 10:00:00,Sunday,10,0.156,0.000,0.000,0.000,0.000,0.000,0.156,wyjazd / nieobecność
2026-07-05 11:00:00,Sunday,11,0.133,0.000,0.000,0.000,0.000,0.000,0.133,wyjazd / nieobecność
2026-07-05 12:00:00,Sunday,12,0.143,0.000,0.000,0.000,0.000,0.000,0.143,wyjazd / nieobecność
2026-07-05 13:00:00,Sunday,13,0.158,0.000,0.000,0.000,0.000,0.000,0.158,wyjazd / nieobecność
2026-07-05 14:00:00,Sunday,14,0.141,0.000,0.000,0.000,0.000,0.000,0.141,wyjazd / nieobecność
2026-07-05 15:00:00,Sunday,15,0.158,0.000,0.000,0.000,0.000,0.000,0.158,wyjazd / nieobecność
2026-07-05 16:00:00,Sunday,16,0.138,0.000,0.000,0.000,0.000,0.000,0.138,wyjazd / nieobecność
2026-07-05 17:00:00,Sunday,17,0.122,0.000,0.000,0.000,0.000,0.000,0.122,wyjazd / nieobecność
2026-07-05 18:00:00,Sunday,18,0.153,0.000,0.000,0.000,0.000,0.000,0.153,wyjazd / nieobecność
2026-07-05 19:00:00,Sunday,19,0.156,0.000,0.000,0.000,0.000,0.000,0.156,wyjazd / nieobecność
2026-07-05 20:00:00,Sunday,20,0.152,0.000,0.000,0.000,0.000,0.000,0.152,wyjazd / nieobecność
2026-07-05 21:00:00,Sunday,21,0.144,0.000,0.000,0.000,0.000,0.000,0.144,wyjazd / nieobecność
2026-07-05 22:00:00,Sunday,22,0.135,0.000,0.000,0.000,0.000,0.000,0.135,wyjazd / nieobecność
2026-07-05 23:00:00,Sunday,23,0.160,0.251,0.000,0.000,0.000,0.000,0.411,wyjazd / nieobecność
2026-07-06 00:00:00,Monday,0,0.174,0.632,0.000,0.000,0.000,0.000,0.806,
2026-07-06 01:00:00,Monday,1,0.151,0.717,0.000,0.000,0.000,0.000,0.868,
2026-07-06 02:00:00,Monday,2,0.155,0.845,0.000,0.000,0.000,0.000,1.000,
2026-07-06 03:00:00,Monday,3,0.148,0.845,0.000,0.000,0.000,0.000,0.993,
2026-07-06 04:00:00,Monday,4,0.145,0.744,0.000,0.000,0.000,0.000,0.889,
2026-07-06 05:00:00,Monday,5,0.148,0.723,0.000,0.000,0.000,0.000,0.871,
2026-07-06 06:00:00,Monday,6,0.152,0.831,0.000,0.501,0.000,0.000,1.484,
2026-07-06 07:00:00,Monday,7,0.139,0.917,0.000,0.356,0.000,0.000,1.412,
2026-07-06 08:00:00,Monday,8,0.123,0.792,0.000,0.240,0.000,0.000,1.155,
2026-07-06 09:00:00,Monday,9,0.114,0.660,0.000,0.000,0.274,0.000,1.048,praca zdalna
2026-07-06 10:00:00,Monday,10,0.133,0.756,0.000,0.000,0.209,0.000,1.098,praca zdalna
2026-07-06 11:00:00,Monday,11,0.152,0.767,0.000,0.000,0.282,0.000,1.201,praca zdalna
2026-07-06 12:00:00,Monday,12,0.151,0.667,0.000,0.721,0.307,0.000,1.846,praca zdalna
2026-07-06 13:00:00,Monday,13,0.126,0.621,0.000,0.000,0.281,0.000,1.028,praca zdalna
2026-07-06 14:00:00,Monday,14,0.119,0.547,0.000,0.000,0.272,0.000,0.938,praca zdalna
2026-07-06 15:00:00,Monday,15,0.138,0.623,0.000,0.000,0.294,0.000,1.055,praca zdalna
2026-07-06 16:00:00,Monday,16,0.114,0.463,0.000,0.000,0.360,0.000,0.937,praca zdalna
2026-07-06 17:00:00,Monday,17,0.133,0.518,0.000,0.699,0.154,0.000,1.504,
2026-07-06 18:00:00,Monday,18,0.144,0.497,0.000,0.000,0.220,0.000,0.861,
2026-07-06 19:00:00,Monday,19,0.137,0.577,0.000,0.000,0.338,0.000,1.052,
2026-07-06 20:00:00,Monday,20,0.142,0.597,0.000,0.000,0.331,1.064,2.134,zmywarka
2026-07-06 21:00:00,Monday,21,0.125,0.578,0.181,0.000,0.182,0.000,1.066,
2026-07-06 22:00:00,Monday,22,0.151,0.504,0.144,0.000,0.344,0.000,1.143,
2026-07-06 23:00:00,Monday,23,0.133,0.427,0.000,0.000,0.000,0.000,0.560,
2026-07-07 00:00:00,Tuesday,0,0.141,0.449,0.000,0.000,0.000,0.000,0.590,
2026-07-07 01:00:00,Tuesday,1,0.174,0.507,0.000,0.000,0.000,0.000,0.681,
2026-07-07 02:00:00,Tuesday,2,0.137,0.529,0.000,0.000,0.000,0.000,0.666,
2026-07-07 03:00:00,Tuesday,3,0.158,0.549,0.000,0.000,0.000,0.000,0.707,
2026-07-07 04:00:00,Tuesday,4,0.145,0.465,0.000,0.000,0.000,0.000,0.610,
2026-07-07 05:00:00,Tuesday,5,0.184,0.554,0.000,0.000,0.000,0.000,0.738,
2026-07-07 06:00:00,Tuesday,6,0.153,0.676,0.000,0.531,0.000,0.000,1.360,
2026-07-07 07:00:00,Tuesday,7,0.151,0.704,0.000,0.434,0.000,0.000,1.289,
2026-07-07 08:00:00,Tuesday,8,0.147,0.658,0.000,0.518,0.000,0.000,1.323,
2026-07-07 09:00:00,Tuesday,9,0.135,0.536,0.000,0.000,0.096,0.000,0.767,
2026-07-07 10:00:00,Tuesday,10,0.119,0.518,0.000,0.000,0.150,0.000,0.787,
2026-07-07 11:00:00,Tuesday,11,0.137,0.485,0.000,0.000,0.148,0.000,0.770,
2026-07-07 12:00:00,Tuesday,12,0.140,0.450,0.000,0.590,0.114,0.000,1.294,
2026-07-07 13:00:00,Tuesday,13,0.113,0.311,0.000,0.000,0.149,0.000,0.573,
2026-07-07 14:00:00,Tuesday,14,0.118,0.585,0.000,0.000,0.246,0.871,1.820,pralka
2026-07-07 15:00:00,Tuesday,15,0.156,0.543,0.000,0.000,0.161,1.590,2.450,suszarka
2026-07-07 16:00:00,Tuesday,16,0.139,0.477,0.000,0.000,0.142,0.000,0.758,
2026-07-07 17:00:00,Tuesday,17,0.120,0.421,0.000,0.000,0.188,0.000,0.729,
2026-07-07 18:00:00,Tuesday,18,0.152,0.430,0.000,0.755,0.334,0.000,1.671,
2026-07-07 19:00:00,Tuesday,19,0.113,0.446,0.000,0.000,0.336,0.000,0.895,
2026-07-07 20:00:00,Tuesday,20,0.126,0.625,0.000,0.000,0.256,1.183,2.190,zmywarka
2026-07-07 21:00:00,Tuesday,21,0.110,0.688,0.000,0.000,0.227,0.000,1.025,
2026-07-07 22:00:00,Tuesday,22,0.122,0.547,0.122,0.000,0.298,0.000,1.089,
2026-07-07 23:00:00,Tuesday,23,0.130,0.535,0.000,0.000,0.000,0.000,0.665,
2026-07-08 00:00:00,Wednesday,0,0.170,0.543,0.000,0.000,0.000,0.000,0.713,
2026-07-08 01:00:00,Wednesday,1,0.143,0.565,0.000,0.000,0.000,0.000,0.708,
2026-07-08 02:00:00,Wednesday,2,0.149,0.635,0.000,0.000,0.000,0.000,0.784,
2026-07-08 03:00:00,Wednesday,3,0.175,0.705,0.000,0.000,0.000,0.000,0.880,
2026-07-08 04:00:00,Wednesday,4,0.148,0.835,0.000,0.000,0.000,0.000,0.983,
2026-07-08 05:00:00,Wednesday,5,0.144,0.711,0.000,0.000,0.000,0.000,0.855,
2026-07-08 06:00:00,Wednesday,6,0.122,0.763,0.000,0.321,0.000,0.000,1.206,
2026-07-08 07:00:00,Wednesday,7,0.155,0.720,0.000,0.556,0.000,0.000,1.431,
2026-07-08 08:00:00,Wednesday,8,0.143,0.590,0.000,0.382,0.000,0.000,1.115,
2026-07-08 09:00:00,Wednesday,9,0.131,0.509,0.000,0.000,0.000,0.000,0.640,
2026-07-08 10:00:00,Wednesday,10,0.111,0.440,0.000,0.000,0.000,0.000,0.551,
2026-07-08 11:00:00,Wednesday,11,0.137,0.335,0.000,0.000,0.000,0.000,0.472,
2026-07-08 12:00:00,Wednesday,12,0.125,0.201,0.000,0.000,0.000,0.000,0.326,
2026-07-08 13:00:00,Wednesday,13,0.158,0.000,0.000,0.000,0.000,0.000,0.158,
2026-07-08 14:00:00,Wednesday,14,0.158,0.000,0.000,0.000,0.160,0.000,0.318,
2026-07-08 15:00:00,Wednesday,15,0.129,0.000,0.000,0.000,0.098,0.000,0.227,
2026-07-08 16:00:00,Wednesday,16,0.151,0.000,0.000,0.000,0.118,0.000,0.269,
2026-07-08 17:00:00,Wednesday,17,0.152,0.000,0.000,1.052,0.301,0.000,1.505,
2026-07-08 18:00:00,Wednesday,18,0.113,0.000,0.000,0.000,0.336,0.000,0.449,
2026-07-08 19:00:00,Wednesday,19,0.134,0.000,0.000,0.000,0.174,0.000,0.308,
2026-07-08 20:00:00,Wednesday,20,0.147,0.000,0.000,0.000,0.169,1.168,1.484,zmywarka
2026-07-08 21:00:00,Wednesday,21,0.133,0.216,0.000,0.000,0.189,0.000,0.538,
2026-07-08 22:00:00,Wednesday,22,0.118,0.000,0.140,0.000,0.245,0.000,0.503,
2026-07-08 23:00:00,Wednesday,23,0.112,0.225,0.000,0.000,0.000,0.000,0.337,
2026-07-09 00:00:00,Thursday,0,0.148,0.288,0.000,0.000,0.000,0.000,0.436,
2026-07-09 01:00:00,Thursday,1,0.134,0.420,0.000,0.000,0.000,0.000,0.554,
2026-07-09 02:00:00,Thursday,2,0.136,0.462,0.000,0.000,0.000,0.000,0.598,
2026-07-09 03:00:00,Thursday,3,0.149,0.534,0.000,0.000,0.000,0.000,0.683,
2026-07-09 04:00:00,Thursday,4,0.175,0.597,0.000,0.000,0.000,0.000,0.772,
2026-07-09 05:00:00,Thursday,5,0.155,0.644,0.000,0.000,0.000,0.000,0.799,
2026-07-09 06:00:00,Thursday,6,0.123,0.740,0.000,0.371,0.000,0.000,1.234,
2026-07-09 07:00:00,Thursday,7,0.152,0.602,0.000,0.350,0.000,0.000,1.104,
2026-07-09 08:00:00,Thursday,8,0.143,0.470,0.000,0.269,0.000,0.000,0.882,
2026-07-09 09:00:00,Thursday,9,0.151,0.313,0.000,0.000,0.133,0.000,0.597,
2026-07-09 10:00:00,Thursday,10,0.123,0.232,0.000,0.000,0.131,0.000,0.486,
2026-07-09 11:00:00,Thursday,11,0.155,0.000,0.000,0.000,0.123,0.000,0.278,
2026-07-09 12:00:00,Thursday,12,0.135,0.000,0.000,0.000,0.139,0.713,0.987,pralka
2026-07-09 13:00:00,Thursday,13,0.130,0.000,0.000,0.373,0.138,1.697,2.338,suszarka
2026-07-09 14:00:00,Thursday,14,0.147,0.000,0.000,0.000,0.211,0.000,0.358,
2026-07-09 15:00:00,Thursday,15,0.120,0.000,0.000,0.000,0.240,0.000,0.360,
2026-07-09 16:00:00,Thursday,16,0.121,0.000,0.000,0.000,0.168,0.000,0.289,
2026-07-09 17:00:00,Thursday,17,0.139,0.000,0.000,0.000,0.165,0.000,0.304,
2026-07-09 18:00:00,Thursday,18,0.126,0.000,0.000,0.930,0.303,0.000,1.359,
2026-07-09 19:00:00,Thursday,19,0.138,0.000,0.000,0.000,0.255,0.968,1.361,zmywarka
2026-07-09 20:00:00,Thursday,20,0.116,0.000,0.000,0.000,0.290,0.000,0.406,
2026-07-09 21:00:00,Thursday,21,0.137,0.000,0.000,0.000,0.169,0.000,0.306,
2026-07-09 22:00:00,Thursday,22,0.131,0.000,0.108,0.000,0.266,0.000,0.505,
2026-07-09 23:00:00,Thursday,23,0.131,0.000,0.000,0.000,0.000,0.000,0.131,
2026-07-10 00:00:00,Friday,0,0.171,0.000,0.000,0.000,0.000,0.000,0.171,
2026-07-10 01:00:00,Friday,1,0.132,0.236,0.000,0.000,0.000,0.000,0.368,
2026-07-10 02:00:00,Friday,2,0.178,0.328,0.000,0.000,0.000,0.000,0.506,
2026-07-10 03:00:00,Friday,3,0.163,0.297,0.000,0.000,0.000,0.000,0.460,
2026-07-10 04:00:00,Friday,4,0.114,0.258,0.000,0.000,0.000,0.000,0.372,
2026-07-10 05:00:00,Friday,5,0.178,0.342,0.000,0.000,0.000,0.000,0.520,
2026-07-10 06:00:00,Friday,6,0.139,0.443,0.000,0.512,0.000,0.000,1.094,
2026-07-10 07:00:00,Friday,7,0.131,0.330,0.000,0.448,0.000,0.000,0.909,
2026-07-10 08:00:00,Friday,8,0.135,0.243,0.000,0.320,0.000,0.000,0.698,
2026-07-10 09:00:00,Friday,9,0.155,0.000,0.000,0.000,0.142,0.000,0.297,
2026-07-10 10:00:00,Friday,10,0.152,0.000,0.000,0.000,0.104,0.000,0.256,
2026-07-10 11:00:00,Friday,11,0.120,0.000,0.000,0.000,0.099,0.000,0.219,
2026-07-10 12:00:00,Friday,12,0.149,0.000,0.000,0.785,0.128,0.000,1.062,
2026-07-10 13:00:00,Friday,13,0.133,0.000,0.000,0.000,0.088,0.000,0.221,
2026-07-10 14:00:00,Friday,14,0.154,0.000,0.000,0.000,0.180,0.000,0.334,
2026-07-10 15:00:00,Friday,15,0.145,0.000,0.000,0.000,0.126,0.000,0.271,
2026-07-10 16:00:00,Friday,16,0.157,0.000,0.000,0.000,0.105,0.000,0.262,
2026-07-10 17:00:00,Friday,17,0.124,0.000,0.000,0.000,0.234,0.000,0.358,
2026-07-10 18:00:00,Friday,18,0.133,0.000,0.000,0.602,0.337,0.000,1.072,
2026-07-10 19:00:00,Friday,19,0.142,0.000,0.000,0.000,0.264,0.000,0.406,
2026-07-10 20:00:00,Friday,20,0.158,0.000,0.000,0.000,0.237,1.198,1.593,zmywarka
2026-07-10 21:00:00,Friday,21,0.158,0.000,0.268,0.000,0.235,0.000,0.661,
2026-07-10 22:00:00,Friday,22,0.137,0.000,0.070,0.000,0.334,0.000,0.541,
2026-07-10 23:00:00,Friday,23,0.163,0.000,0.000,0.000,0.000,0.000,0.163,
2026-07-11 00:00:00,Saturday,0,0.160,0.000,0.000,0.000,0.000,0.000,0.160,
2026-07-11 01:00:00,Saturday,1,0.120,0.000,0.000,0.000,0.000,0.000,0.120,
2026-07-11 02:00:00,Saturday,2,0.153,0.218,0.000,0.000,0.000,0.000,0.371,
2026-07-11 03:00:00,Saturday,3,0.134,0.309,0.000,0.000,0.000,0.000,0.443,
2026-07-11 04:00:00,Saturday,4,0.143,0.341,0.000,0.000,0.000,0.000,0.484,
2026-07-11 05:00:00,Saturday,5,0.134,0.367,0.000,0.000,0.000,0.000,0.501,
2026-07-11 06:00:00,Saturday,6,0.150,0.342,0.000,0.401,0.000,0.000,0.893,
2026-07-11 07:00:00,Saturday,7,0.140,0.422,0.000,0.514,0.000,0.000,1.076,
2026-07-11 08:00:00,Saturday,8,0.121,0.236,0.000,0.293,0.000,0.000,0.650,
2026-07-11 09:00:00,Saturday,9,0.154,0.000,0.000,0.000,0.183,0.000,0.337,
2026-07-11 10:00:00,Saturday,10,0.133,0.000,0.000,0.000,0.213,0.632,0.978,pralka
2026-07-11 11:00:00,Saturday,11,0.148,0.000,0.000,0.000,0.110,1.891,2.149,suszarka
2026-07-11 12:00:00,Saturday,12,0.127,0.000,0.000,1.020,0.234,0.000,1.381,
2026-07-11 13:00:00,Saturday,13,0.129,0.000,0.000,0.000,0.108,0.984,1.221,zmywarka
2026-07-11 14:00:00,Saturday,14,0.111,0.000,0.000,0.000,0.233,0.000,0.344,
2026-07-11 15:00:00,Saturday,15,0.141,0.000,0.000,0.000,0.161,0.000,0.302,
2026-07-11 16:00:00,Saturday,16,0.127,0.000,0.000,0.000,0.128,0.000,0.255,
2026-07-11 17:00:00,Saturday,17,0.138,0.000,0.000,0.000,0.277,0.000,0.415,
2026-07-11 18:00:00,Saturday,18,0.136,0.000,0.000,1.015,0.246,0.000,1.397,
2026-07-11 19:00:00,Saturday,19,0.152,0.000,0.000,0.000,0.198,0.000,0.350,
2026-07-11 20:00:00,Saturday,20,0.123,0.000,0.000,0.000,0.199,0.000,0.322,
2026-07-11 21:00:00,Saturday,21,0.142,0.000,0.000,0.000,0.268,0.000,0.410,
2026-07-11 22:00:00,Saturday,22,0.126,0.000,0.065,0.000,0.225,0.000,0.416,
2026-07-11 23:00:00,Saturday,23,0.137,0.000,0.000,0.000,0.000,0.000,0.137,
2026-07-12 00:00:00,Sunday,0,0.170,0.000,0.000,0.000,0.000,0.000,0.170,
2026-07-12 01:00:00,Sunday,1,0.156,0.000,0.000,0.000,0.000,0.000,0.156,
2026-07-12 02:00:00,Sunday,2,0.149,0.000,0.000,0.000,0.000,0.000,0.149,
2026-07-12 03:00:00,Sunday,3,0.165,0.000,0.000,0.000,0.000,0.000,0.165,
2026-07-12 04:00:00,Sunday,4,0.144,0.000,0.000,0.000,0.000,0.000,0.144,
2026-07-12 05:00:00,Sunday,5,0.141,0.000,0.000,0.000,0.000,0.000,0.141,
2026-07-12 06:00:00,Sunday,6,0.113,0.000,0.000,0.483,0.000,0.000,0.596,
2026-07-12 07:00:00,Sunday,7,0.136,0.000,0.000,0.518,0.000,0.000,0.654,
2026-07-12 08:00:00,Sunday,8,0.134,0.000,0.000,0.403,0.000,0.000,0.537,
2026-07-12 09:00:00,Sunday,9,0.128,0.000,0.000,0.000,0.126,0.000,0.254,
2026-07-12 10:00:00,Sunday,10,0.158,0.000,0.000,0.000,0.165,0.000,0.323,
2026-07-12 11:00:00,Sunday,11,0.127,0.000,0.000,0.000,0.083,0.000,0.210,
2026-07-12 12:00:00,Sunday,12,0.148,0.000,0.000,1.017,0.123,0.000,1.288,
2026-07-12 13:00:00,Sunday,13,0.123,0.000,0.000,0.000,0.177,0.000,0.300,
2026-07-12 14:00:00,Sunday,14,0.151,0.000,0.000,0.000,0.233,0.806,1.190,zmywarka
2026-07-12 15:00:00,Sunday,15,0.116,0.000,0.000,0.000,0.242,0.000,0.358,
2026-07-12 16:00:00,Sunday,16,0.159,0.000,0.000,0.000,0.181,0.000,0.340,
2026-07-12 17:00:00,Sunday,17,0.125,0.000,0.000,0.727,0.164,0.000,1.016,
2026-07-12 18:00:00,Sunday,18,0.130,0.000,0.000,0.000,0.308,0.000,0.438,
2026-07-12 19:00:00,Sunday,19,0.113,0.000,0.000,0.000,0.307,0.000,0.420,
2026-07-12 20:00:00,Sunday,20,0.115,0.000,0.000,0.000,0.151,0.000,0.266,
2026-07-12 21:00:00,Sunday,21,0.139,0.000,0.000,0.000,0.315,0.000,0.454,
2026-07-12 22:00:00,Sunday,22,0.151,0.000,0.122,0.000,0.332,0.000,0.605,
2026-07-12 23:00:00,Sunday,23,0.125,0.000,0.000,0.000,0.000,0.000,0.125,
2026-07-13 00:00:00,Monday,0,0.169,0.000,0.000,0.000,0.000,0.000,0.169,
2026-07-13 01:00:00,Monday,1,0.179,0.000,0.000,0.000,0.000,0.000,0.179,
2026-07-13 02:00:00,Monday,2,0.176,0.000,0.000,0.000,0.000,0.000,0.176,
2026-07-13 03:00:00,Monday,3,0.149,0.000,0.000,0.000,0.000,0.000,0.149,
2026-07-13 04:00:00,Monday,4,0.155,0.000,0.000,0.000,0.000,0.000,0.155,
2026-07-13 05:00:00,Monday,5,0.128,0.000,0.000,0.000,0.000,0.000,0.128,
2026-07-13 06:00:00,Monday,6,0.123,0.216,0.000,0.366,0.000,0.000,0.705,
2026-07-13 07:00:00,Monday,7,0.147,0.000,0.000,0.358,0.000,0.000,0.505,
2026-07-13 08:00:00,Monday,8,0.116,0.328,0.000,0.342,0.000,0.000,0.786,
2026-07-13 09:00:00,Monday,9,0.143,0.252,0.000,0.000,0.186,0.000,0.581,praca zdalna
2026-07-13 10:00:00,Monday,10,0.130,0.000,0.000,0.000,0.251,0.000,0.381,praca zdalna
2026-07-13 11:00:00,Monday,11,0.144,0.000,0.000,0.000,0.212,0.000,0.356,praca zdalna
2026-07-13 12:00:00,Monday,12,0.139,0.000,0.000,0.328,0.167,0.000,0.634,praca zdalna
2026-07-13 13:00:00,Monday,13,0.120,0.000,0.000,0.000,0.236,0.000,0.356,praca zdalna
2026-07-13 14:00:00,Monday,14,0.137,0.000,0.000,0.000,0.266,0.000,0.403,praca zdalna
2026-07-13 15:00:00,Monday,15,0.132,0.000,0.000,0.000,0.349,0.000,0.481,praca zdalna
2026-07-13 16:00:00,Monday,16,0.123,0.000,0.000,0.000,0.271,0.000,0.394,praca zdalna
2026-07-13 17:00:00,Monday,17,0.124,0.000,0.000,0.000,0.259,0.000,0.383,
2026-07-13 18:00:00,Monday,18,0.133,0.000,0.000,0.864,0.248,0.000,1.245,
2026-07-13 19:00:00,Monday,19,0.134,0.000,0.000,0.000,0.212,0.000,0.346,
2026-07-13 20:00:00,Monday,20,0.150,0.000,0.000,0.000,0.343,0.874,1.367,zmywarka
2026-07-13 21:00:00,Monday,21,0.125,0.000,0.000,0.000,0.217,0.000,0.342,
2026-07-13 22:00:00,Monday,22,0.125,0.000,0.147,0.000,0.164,0.000,0.436,
2026-07-13 23:00:00,Monday,23,0.119,0.000,0.000,0.000,0.000,0.000,0.119,
2026-07-14 00:00:00,Tuesday,0,0.126,0.000,0.000,0.000,0.000,0.000,0.126,
2026-07-14 01:00:00,Tuesday,1,0.130,0.000,0.000,0.000,0.000,0.000,0.130,
2026-07-14 02:00:00,Tuesday,2,0.121,0.000,0.000,0.000,0.000,0.000,0.121,
2026-07-14 03:00:00,Tuesday,3,0.126,0.199,0.000,0.000,0.000,0.000,0.325,
2026-07-14 04:00:00,Tuesday,4,0.117,0.272,0.000,0.000,0.000,0.000,0.389,
2026-07-14 05:00:00,Tuesday,5,0.141,0.281,0.000,0.000,0.000,0.000,0.422,
2026-07-14 06:00:00,Tuesday,6,0.122,0.391,0.000,0.444,0.000,0.000,0.957,
2026-07-14 07:00:00,Tuesday,7,0.154,0.263,0.000,0.472,0.000,0.000,0.889,
2026-07-14 08:00:00,Tuesday,8,0.118,0.000,0.000,0.346,0.000,0.000,0.464,
2026-07-14 09:00:00,Tuesday,9,0.119,0.000,0.000,0.000,0.091,0.000,0.210,
2026-07-14 10:00:00,Tuesday,10,0.147,0.000,0.000,0.000,0.124,0.000,0.271,
2026-07-14 11:00:00,Tuesday,11,0.126,0.000,0.000,0.000,0.132,0.000,0.258,
2026-07-14 12:00:00,Tuesday,12,0.111,0.000,0.000,0.000,0.131,0.000,0.242,
2026-07-14 13:00:00,Tuesday,13,0.115,0.000,0.000,0.310,0.130,0.000,0.555,
2026-07-14 14:00:00,Tuesday,14,0.134,0.000,0.000,0.000,0.241,0.000,0.375,
2026-07-14 15:00:00,Tuesday,15,0.135,0.000,0.000,0.000,0.080,0.000,0.215,
2026-07-14 16:00:00,Tuesday,16,0.133,0.000,0.000,0.000,0.209,0.000,0.342,
2026-07-14 17:00:00,Tuesday,17,0.126,0.000,0.000,0.000,0.305,0.000,0.431,
2026-07-14 18:00:00,Tuesday,18,0.146,0.000,0.000,0.607,0.215,0.000,0.968,
2026-07-14 19:00:00,Tuesday,19,0.128,0.000,0.000,0.000,0.283,0.000,0.411,
2026-07-14 20:00:00,Tuesday,20,0.114,0.000,0.000,0.000,0.220,0.842,1.176,zmywarka
2026-07-14 21:00:00,Tuesday,21,0.140,0.000,0.000,0.000,0.222,0.000,0.362,
2026-07-14 22:00:00,Tuesday,22,0.119,0.000,0.093,0.000,0.179,0.000,0.391,
2026-07-14 23:00:00,Tuesday,23,0.137,0.000,0.000,0.000,0.000,0.000,0.137,
2026-07-15 00:00:00,Wednesday,0,0.157,0.000,0.000,0.000,0.000,0.000,0.157,
2026-07-15 01:00:00,Wednesday,1,0.132,0.000,0.000,0.000,0.000,0.000,0.132,
2026-07-15 02:00:00,Wednesday,2,0.156,0.192,0.000,0.000,0.000,0.000,0.348,
2026-07-15 03:00:00,Wednesday,3,0.137,0.218,0.000,0.000,0.000,0.000,0.355,
2026-07-15 04:00:00,Wednesday,4,0.169,0.247,0.000,0.000,0.000,0.000,0.416,
2026-07-15 05:00:00,Wednesday,5,0.165,0.286,0.000,0.000,0.000,0.000,0.451,
2026-07-15 06:00:00,Wednesday,6,0.127,0.374,0.000,0.449,0.000,0.000,0.950,
2026-07-15 07:00:00,Wednesday,7,0.140,0.291,0.000,0.543,0.000,0.000,0.974,
2026-07-15 08:00:00,Wednesday,8,0.157,0.196,0.000,0.429,0.000,0.000,0.782,
2026-07-15 09:00:00,Wednesday,9,0.135,0.000,0.000,0.000,0.000,0.000,0.135,
2026-07-15 10:00:00,Wednesday,10,0.128,0.000,0.000,0.000,0.000,0.000,0.128,
2026-07-15 11:00:00,Wednesday,11,0.149,0.000,0.000,0.000,0.000,0.000,0.149,
2026-07-15 12:00:00,Wednesday,12,0.121,0.000,0.000,0.000,0.000,0.000,0.121,
2026-07-15 13:00:00,Wednesday,13,0.135,0.000,0.000,0.000,0.000,0.000,0.135,
2026-07-15 14:00:00,Wednesday,14,0.118,0.000,0.000,0.000,0.106,0.000,0.224,
2026-07-15 15:00:00,Wednesday,15,0.122,0.000,0.000,0.000,0.101,0.000,0.223,
2026-07-15 16:00:00,Wednesday,16,0.126,0.000,0.000,0.000,0.157,0.000,0.283,
2026-07-15 17:00:00,Wednesday,17,0.137,0.000,0.000,0.000,0.187,0.000,0.324,
2026-07-15 18:00:00,Wednesday,18,0.137,0.000,0.000,1.227,0.178,0.000,1.542,
2026-07-15 19:00:00,Wednesday,19,0.120,0.000,0.000,0.000,0.295,1.009,1.424,zmywarka
2026-07-15 20:00:00,Wednesday,20,0.143,0.000,0.000,0.000,0.211,0.000,0.354,
2026-07-15 21:00:00,Wednesday,21,0.123,0.000,0.000,0.000,0.197,0.000,0.320,
2026-07-15 22:00:00,Wednesday,22,0.120,0.000,0.124,0.000,0.158,0.000,0.402,
2026-07-15 23:00:00,Wednesday,23,0.176,0.000,0.000,0.000,0.000,0.000,0.176,
2026-07-16 00:00:00,Thursday,0,0.138,0.000,0.000,0.000,0.000,0.000,0.138,
2026-07-16 01:00:00,Thursday,1,0.150,0.000,0.000,0.000,0.000,0.000,0.150,
2026-07-16 02:00:00,Thursday,2,0.141,0.000,0.000,0.000,0.000,0.000,0.141,
2026-07-16 03:00:00,Thursday,3,0.185,0.000,0.000,0.000,0.000,0.000,0.185,
2026-07-16 04:00:00,Thursday,4,0.120,0.000,0.000,0.000,0.000,0.000,0.120,
2026-07-16 05:00:00,Thursday,5,0.160,0.000,0.000,0.000,0.000,0.000,0.160,
2026-07-16 06:00:00,Thursday,6,0.147,0.241,0.000,0.238,0.000,0.000,0.626,
2026-07-16 07:00:00,Thursday,7,0.158,0.265,0.000,0.547,0.000,0.000,0.970,
2026-07-16 08:00:00,Thursday,8,0.121,0.000,0.000,0.597,0.000,0.000,0.718,
2026-07-16 09:00:00,Thursday,9,0.149,0.000,0.000,0.000,0.000,0.000,0.149,
2026-07-16 10:00:00,Thursday,10,0.141,0.000,0.000,0.000,0.000,0.000,0.141,
2026-07-16 11:00:00,Thursday,11,0.114,0.000,0.000,0.000,0.000,0.000,0.114,
2026-07-16 12:00:00,Thursday,12,0.157,0.000,0.000,0.000,0.000,0.000,0.157,
2026-07-16 13:00:00,Thursday,13,0.129,0.000,0.000,0.000,0.000,0.000,0.129,
2026-07-16 14:00:00,Thursday,14,0.142,0.000,0.000,0.000,0.087,0.000,0.229,
2026-07-16 15:00:00,Thursday,15,0.126,0.000,0.000,0.000,0.243,0.000,0.369,
2026-07-16 16:00:00,Thursday,16,0.155,0.000,0.000,0.000,0.084,0.000,0.239,
2026-07-16 17:00:00,Thursday,17,0.149,0.000,0.000,0.000,0.200,0.000,0.349,
2026-07-16 18:00:00,Thursday,18,0.158,0.000,0.000,1.066,0.319,0.000,1.543,
2026-07-16 19:00:00,Thursday,19,0.159,0.000,0.000,0.000,0.248,0.974,1.381,zmywarka
2026-07-16 20:00:00,Thursday,20,0.114,0.000,0.000,0.000,0.215,0.000,0.329,
2026-07-16 21:00:00,Thursday,21,0.126,0.000,0.000,0.000,0.271,0.000,0.397,
2026-07-16 22:00:00,Thursday,22,0.123,0.000,0.149,0.000,0.320,0.000,0.592,
2026-07-16 23:00:00,Thursday,23,0.117,0.000,0.000,0.000,0.000,0.000,0.117,
2026-07-17 00:00:00,Friday,0,0.128,0.000,0.000,0.000,0.000,0.000,0.128,
2026-07-17 01:00:00,Friday,1,0.158,0.000,0.000,0.000,0.000,0.000,0.158,
2026-07-17 02:00:00,Friday,2,0.158,0.000,0.000,0.000,0.000,0.000,0.158,
2026-07-17 03:00:00,Friday,3,0.119,0.000,0.000,0.000,0.000,0.000,0.119,
2026-07-17 04:00:00,Friday,4,0.147,0.000,0.000,0.000,0.000,0.000,0.147,
2026-07-17 05:00:00,Friday,5,0.137,0.000,0.000,0.000,0.000,0.000,0.137,
2026-07-17 06:00:00,Friday,6,0.134,0.219,0.000,0.326,0.000,0.000,0.679,
2026-07-17 07:00:00,Friday,7,0.156,0.000,0.000,0.314,0.000,0.000,0.470,
2026-07-17 08:00:00,Friday,8,0.152,0.000,0.000,0.298,0.000,0.000,0.450,
2026-07-17 09:00:00,Friday,9,0.115,0.000,0.000,0.000,0.113,0.000,0.228,
2026-07-17 10:00:00,Friday,10,0.137,0.000,0.000,0.000,0.137,0.000,0.274,
2026-07-17 11:00:00,Friday,11,0.119,0.000,0.000,0.000,0.129,0.000,0.248,
2026-07-17 12:00:00,Friday,12,0.134,0.000,0.000,0.000,0.136,0.000,0.270,
2026-07-17 13:00:00,Friday,13,0.148,0.000,0.000,0.690,0.093,0.000,0.931,
2026-07-17 14:00:00,Friday,14,0.118,0.000,0.000,0.000,0.155,0.000,0.273,
2026-07-17 15:00:00,Friday,15,0.160,0.000,0.000,0.000,0.169,0.000,0.329,
2026-07-17 16:00:00,Friday,16,0.144,0.000,0.000,0.000,0.086,0.000,0.230,
2026-07-17 17:00:00,Friday,17,0.160,0.000,0.000,0.000,0.324,0.000,0.484,
2026-07-17 18:00:00,Friday,18,0.139,0.000,0.000,1.640,0.253,0.000,2.032,
2026-07-17 19:00:00,Friday,19,0.137,0.000,0.000,0.000,0.187,0.000,0.324,
2026-07-17 20:00:00,Friday,20,0.148,0.000,0.000,0.000,0.309,1.012,1.469,zmywarka
2026-07-17 21:00:00,Friday,21,0.159,0.000,0.000,0.000,0.265,0.000,0.424,
2026-07-17 22:00:00,Friday,22,0.158,0.000,0.107,0.000,0.274,0.000,0.539,
2026-07-17 23:00:00,Friday,23,0.130,0.000,0.000,0.000,0.000,0.000,0.130,
2026-07-18 00:00:00,Saturday,0,0.159,0.000,0.000,0.000,0.000,0.000,0.159,
2026-07-18 01:00:00,Saturday,1,0.133,0.000,0.000,0.000,0.000,0.000,0.133,
2026-07-18 02:00:00,Saturday,2,0.158,0.000,0.000,0.000,0.000,0.000,0.158,
2026-07-18 03:00:00,Saturday,3,0.134,0.000,0.000,0.000,0.000,0.000,0.134,
2026-07-18 04:00:00,Saturday,4,0.150,0.246,0.000,0.000,0.000,0.000,0.396,
2026-07-18 05:00:00,Saturday,5,0.141,0.279,0.000,0.000,0.000,0.000,0.420,
2026-07-18 06:00:00,Saturday,6,0.135,0.479,0.000,0.389,0.000,0.000,1.003,
2026-07-18 07:00:00,Saturday,7,0.116,0.431,0.000,0.476,0.000,0.000,1.023,
2026-07-18 08:00:00,Saturday,8,0.158,0.346,0.000,0.423,0.000,0.000,0.927,
2026-07-18 09:00:00,Saturday,9,0.133,0.256,0.000,0.000,0.217,0.000,0.606,
2026-07-18 10:00:00,Saturday,10,0.152,0.000,0.000,0.000,0.188,0.000,0.340,
2026-07-18 11:00:00,Saturday,11,0.132,0.000,0.000,0.000,0.206,0.775,1.113,pralka
2026-07-18 12:00:00,Saturday,12,0.115,0.000,0.000,0.000,0.132,0.000,0.247,
2026-07-18 13:00:00,Saturday,13,0.128,0.000,0.000,1.125,0.189,1.022,2.464,zmywarka
2026-07-18 14:00:00,Saturday,14,0.150,0.000,0.000,0.000,0.150,0.000,0.300,
2026-07-18 15:00:00,Saturday,15,0.119,0.000,0.000,0.000,0.117,0.000,0.236,
2026-07-18 16:00:00,Saturday,16,0.126,0.000,0.000,0.000,0.075,0.000,0.201,
2026-07-18 17:00:00,Saturday,17,0.159,0.000,0.000,0.759,0.243,0.000,1.161,
2026-07-18 18:00:00,Saturday,18,0.113,0.000,0.000,0.000,0.332,0.000,0.445,
2026-07-18 19:00:00,Saturday,19,0.130,0.000,0.000,0.000,0.223,0.000,0.353,
2026-07-18 20:00:00,Saturday,20,0.135,0.000,0.000,0.000,0.273,0.000,0.408,
2026-07-18 21:00:00,Saturday,21,0.120,0.281,0.000,0.000,0.319,0.000,0.720,
2026-07-18 22:00:00,Saturday,22,0.113,0.206,0.130,0.000,0.208,0.000,0.657,
2026-07-18 23:00:00,Saturday,23,0.162,0.258,0.000,0.000,0.000,0.000,0.420,
2026-07-19 00:00:00,Sunday,0,0.129,0.364,0.000,0.000,0.000,0.000,0.493,
2026-07-19 01:00:00,Sunday,1,0.170,0.352,0.000,0.000,0.000,0.000,0.522,
2026-07-19 02:00:00,Sunday,2,0.137,0.432,0.000,0.000,0.000,0.000,0.569,
2026-07-19 03:00:00,Sunday,3,0.159,0.438,0.000,0.000,0.000,0.000,0.597,
2026-07-19 04:00:00,Sunday,4,0.170,0.425,0.000,0.000,0.000,0.000,0.595,
2026-07-19 05:00:00,Sunday,5,0.148,0.413,0.000,0.000,0.000,0.000,0.561,
2026-07-19 06:00:00,Sunday,6,0.134,0.554,0.000,0.445,0.000,0.000,1.133,
2026-07-19 07:00:00,Sunday,7,0.147,0.606,0.000,0.424,0.000,0.000,1.177,
2026-07-19 08:00:00,Sunday,8,0.114,0.525,0.000,0.393,0.000,0.000,1.032,
2026-07-19 09:00:00,Sunday,9,0.113,0.439,0.000,0.000,0.098,0.000,0.650,
2026-07-19 10:00:00,Sunday,10,0.114,0.348,0.000,0.000,0.207,0.000,0.669,
2026-07-19 11:00:00,Sunday,11,0.115,0.301,0.000,0.000,0.082,0.000,0.498,
2026-07-19 12:00:00,Sunday,12,0.131,0.247,0.000,0.309,0.160,0.000,0.847,
2026-07-19 13:00:00,Sunday,13,0.127,0.000,0.000,0.000,0.156,1.172,1.455,zmywarka
2026-07-19 14:00:00,Sunday,14,0.150,0.277,0.000,0.000,0.089,0.000,0.516,
2026-07-19 15:00:00,Sunday,15,0.126,0.000,0.000,0.000,0.214,0.000,0.340,
2026-07-19 16:00:00,Sunday,16,0.119,0.422,0.000,0.000,0.143,0.000,0.684,
2026-07-19 17:00:00,Sunday,17,0.112,0.551,0.000,0.845,0.230,0.000,1.738,
2026-07-19 18:00:00,Sunday,18,0.160,0.448,0.000,0.000,0.228,0.000,0.836,
2026-07-19 19:00:00,Sunday,19,0.139,0.692,0.000,0.000,0.163,0.000,0.994,
2026-07-19 20:00:00,Sunday,20,0.152,0.602,0.000,0.000,0.196,0.000,0.950,
2026-07-19 21:00:00,Sunday,21,0.113,0.659,0.129,0.000,0.160,0.000,1.061,
2026-07-19 22:00:00,Sunday,22,0.132,0.562,0.132,0.000,0.251,0.000,1.077,
2026-07-19 23:00:00,Sunday,23,0.119,0.515,0.000,0.000,0.000,0.000,0.634,
2026-07-20 00:00:00,Monday,0,0.160,0.421,0.000,0.000,0.000,0.000,0.581,
2026-07-20 01:00:00,Monday,1,0.148,0.438,0.000,0.000,0.000,0.000,0.586,
2026-07-20 02:00:00,Monday,2,0.117,0.505,0.000,0.000,0.000,0.000,0.622,
2026-07-20 03:00:00,Monday,3,0.164,0.625,0.000,0.000,0.000,0.000,0.789,
2026-07-20 04:00:00,Monday,4,0.143,0.479,0.000,0.000,0.000,0.000,0.622,
2026-07-20 05:00:00,Monday,5,0.128,0.521,0.000,0.000,0.000,0.000,0.649,
2026-07-20 06:00:00,Monday,6,0.138,0.785,0.000,0.515,0.000,0.000,1.438,
2026-07-20 07:00:00,Monday,7,0.147,0.632,0.000,0.329,0.000,0.000,1.108,
2026-07-20 08:00:00,Monday,8,0.135,0.606,0.000,0.286,0.000,0.000,1.027,
2026-07-20 09:00:00,Monday,9,0.139,0.634,0.000,0.000,0.081,0.000,0.854,
2026-07-20 10:00:00,Monday,10,0.143,0.655,0.000,0.000,0.120,0.000,0.918,
2026-07-20 11:00:00,Monday,11,0.138,0.575,0.000,0.000,0.139,0.000,0.852,
2026-07-20 12:00:00,Monday,12,0.133,0.461,0.000,0.000,0.105,0.000,0.699,
2026-07-20 13:00:00,Monday,13,0.152,0.509,0.000,0.555,0.145,0.000,1.361,
2026-07-20 14:00:00,Monday,14,0.157,0.425,0.000,0.000,0.181,0.000,0.763,
2026-07-20 15:00:00,Monday,15,0.141,0.259,0.000,0.000,0.249,0.000,0.649,
2026-07-20 16:00:00,Monday,16,0.127,0.262,0.000,0.000,0.225,0.000,0.614,
2026-07-20 17:00:00,Monday,17,0.154,0.000,0.000,0.944,0.319,0.000,1.417,
2026-07-20 18:00:00,Monday,18,0.110,0.000,0.000,0.000,0.150,0.000,0.260,
2026-07-20 19:00:00,Monday,19,0.151,0.000,0.000,0.000,0.203,0.000,0.354,
2026-07-20 20:00:00,Monday,20,0.143,0.000,0.000,0.000,0.222,0.837,1.202,zmywarka
2026-07-20 21:00:00,Monday,21,0.138,0.265,0.000,0.000,0.229,0.000,0.632,
2026-07-20 22:00:00,Monday,22,0.128,0.238,0.125,0.000,0.315,0.000,0.806,
2026-07-20 23:00:00,Monday,23,0.179,0.329,0.000,0.000,0.000,0.000,0.508,
2026-07-21 00:00:00,Tuesday,0,0.177,0.465,0.000,0.000,0.000,0.000,0.642,
2026-07-21 01:00:00,Tuesday,1,0.182,0.369,0.000,0.000,0.000,0.000,0.551,
2026-07-21 02:00:00,Tuesday,2,0.122,0.469,0.000,0.000,0.000,0.000,0.591,
2026-07-21 03:00:00,Tuesday,3,0.167,0.571,0.000,0.000,0.000,0.000,0.738,
2026-07-21 04:00:00,Tuesday,4,0.124,0.649,0.000,0.000,0.000,0.000,0.773,
2026-07-21 05:00:00,Tuesday,5,0.151,0.513,0.000,0.000,0.000,0.000,0.664,
2026-07-21 06:00:00,Tuesday,6,0.151,0.587,0.000,0.307,0.000,0.000,1.045,
2026-07-21 07:00:00,Tuesday,7,0.127,0.483,0.000,0.413,0.000,0.000,1.023,
2026-07-21 08:00:00,Tuesday,8,0.153,0.370,0.000,0.335,0.000,0.000,0.858,
2026-07-21 09:00:00,Tuesday,9,0.124,0.285,0.000,0.000,0.141,0.000,0.550,
2026-07-21 10:00:00,Tuesday,10,0.157,0.261,0.000,0.000,0.140,0.000,0.558,
2026-07-21 11:00:00,Tuesday,11,0.135,0.000,0.000,0.000,0.107,0.967,1.209,pralka
2026-07-21 12:00:00,Tuesday,12,0.132,0.000,0.000,0.000,0.084,0.000,0.216,
2026-07-21 13:00:00,Tuesday,13,0.116,0.000,0.000,0.444,0.087,0.000,0.647,
2026-07-21 14:00:00,Tuesday,14,0.121,0.000,0.000,0.000,0.105,0.000,0.226,
2026-07-21 15:00:00,Tuesday,15,0.151,0.000,0.000,0.000,0.123,0.000,0.274,
2026-07-21 16:00:00,Tuesday,16,0.119,0.000,0.000,0.000,0.130,0.000,0.249,
2026-07-21 17:00:00,Tuesday,17,0.121,0.000,0.000,0.000,0.237,0.000,0.358,
2026-07-21 18:00:00,Tuesday,18,0.125,0.000,0.000,0.609,0.287,0.000,1.021,
2026-07-21 19:00:00,Tuesday,19,0.151,0.000,0.000,0.000,0.164,0.903,1.218,zmywarka
2026-07-21 20:00:00,Tuesday,20,0.112,0.000,0.000,0.000,0.322,0.000,0.434,
2026-07-21 21:00:00,Tuesday,21,0.115,0.000,0.000,0.000,0.331,0.000,0.446,
2026-07-21 22:00:00,Tuesday,22,0.123,0.000,0.102,0.000,0.222,0.000,0.447,
2026-07-21 23:00:00,Tuesday,23,0.147,0.000,0.000,0.000,0.000,0.000,0.147,
2026-07-22 00:00:00,Wednesday,0,0.157,0.205,0.000,0.000,0.000,0.000,0.362,
2026-07-22 01:00:00,Wednesday,1,0.151,0.351,0.000,0.000,0.000,0.000,0.502,
2026-07-22 02:00:00,Wednesday,2,0.139,0.494,0.000,0.000,0.000,0.000,0.633,
2026-07-22 03:00:00,Wednesday,3,0.137,0.520,0.000,0.000,0.000,0.000,0.657,
2026-07-22 04:00:00,Wednesday,4,0.144,0.485,0.000,0.000,0.000,0.000,0.629,
2026-07-22 05:00:00,Wednesday,5,0.154,0.557,0.000,0.000,0.000,0.000,0.711,
2026-07-22 06:00:00,Wednesday,6,0.144,0.654,0.000,0.557,0.000,0.000,1.355,
2026-07-22 07:00:00,Wednesday,7,0.111,0.583,0.000,0.499,0.000,0.000,1.193,
2026-07-22 08:00:00,Wednesday,8,0.132,0.550,0.000,0.328,0.000,0.000,1.010,
2026-07-22 09:00:00,Wednesday,9,0.133,0.492,0.000,0.000,0.094,0.000,0.719,
2026-07-22 10:00:00,Wednesday,10,0.133,0.459,0.000,0.000,0.123,0.000,0.715,
2026-07-22 11:00:00,Wednesday,11,0.131,0.415,0.000,0.000,0.107,0.000,0.653,
2026-07-22 12:00:00,Wednesday,12,0.128,0.299,0.000,0.525,0.124,0.000,1.076,
2026-07-22 13:00:00,Wednesday,13,0.123,0.000,0.000,0.000,0.125,0.000,0.248,
2026-07-22 14:00:00,Wednesday,14,0.156,0.000,0.000,0.000,0.189,0.000,0.345,
2026-07-22 15:00:00,Wednesday,15,0.157,0.000,0.000,0.000,0.235,0.000,0.392,
2026-07-22 16:00:00,Wednesday,16,0.125,0.000,0.000,0.000,0.183,0.000,0.308,
2026-07-22 17:00:00,Wednesday,17,0.119,0.306,0.000,0.650,0.213,0.000,1.288,
2026-07-22 18:00:00,Wednesday,18,0.150,0.383,0.000,0.000,0.322,0.000,0.855,
2026-07-22 19:00:00,Wednesday,19,0.125,0.366,0.000,0.000,0.231,1.162,1.884,zmywarka
2026-07-22 20:00:00,Wednesday,20,0.125,0.283,0.000,0.000,0.164,0.000,0.572,
2026-07-22 21:00:00,Wednesday,21,0.153,0.297,0.000,0.000,0.347,0.000,0.797,
2026-07-22 22:00:00,Wednesday,22,0.115,0.239,0.137,0.000,0.310,0.000,0.801,
2026-07-22 23:00:00,Wednesday,23,0.114,0.294,0.000,0.000,0.000,0.000,0.408,
2026-07-23 00:00:00,Thursday,0,0.156,0.285,0.000,0.000,0.000,0.000,0.441,
2026-07-23 01:00:00,Thursday,1,0.133,0.272,0.000,0.000,0.000,0.000,0.405,
2026-07-23 02:00:00,Thursday,2,0.167,0.342,0.000,0.000,0.000,0.000,0.509,
2026-07-23 03:00:00,Thursday,3,0.163,0.304,0.000,0.000,0.000,0.000,0.467,
2026-07-23 04:00:00,Thursday,4,0.139,0.411,0.000,0.000,0.000,0.000,0.550,
2026-07-23 05:00:00,Thursday,5,0.153,0.358,0.000,0.000,0.000,0.000,0.511,
2026-07-23 06:00:00,Thursday,6,0.157,0.594,0.000,0.546,0.000,0.000,1.297,
2026-07-23 07:00:00,Thursday,7,0.124,0.525,0.000,0.496,0.000,0.000,1.145,
2026-07-23 08:00:00,Thursday,8,0.132,0.423,0.000,0.559,0.000,0.000,1.114,
2026-07-23 09:00:00,Thursday,9,0.131,0.403,0.000,0.000,0.080,0.000,0.614,
2026-07-23 10:00:00,Thursday,10,0.132,0.329,0.000,0.000,0.095,0.000,0.556,
2026-07-23 11:00:00,Thursday,11,0.112,0.259,0.000,0.000,0.111,0.000,0.482,
2026-07-23 12:00:00,Thursday,12,0.125,0.000,0.000,0.000,0.128,0.000,0.253,
2026-07-23 13:00:00,Thursday,13,0.145,0.000,0.000,0.896,0.087,0.000,1.128,
2026-07-23 14:00:00,Thursday,14,0.136,0.000,0.000,0.000,0.141,0.000,0.277,
2026-07-23 15:00:00,Thursday,15,0.132,0.000,0.000,0.000,0.227,0.000,0.359,
2026-07-23 16:00:00,Thursday,16,0.159,0.000,0.000,0.000,0.237,0.000,0.396,
2026-07-23 17:00:00,Thursday,17,0.160,0.000,0.000,0.000,0.337,0.000,0.497,
2026-07-23 18:00:00,Thursday,18,0.129,0.000,0.000,1.442,0.243,0.000,1.814,
2026-07-23 19:00:00,Thursday,19,0.123,0.000,0.000,0.000,0.323,0.000,0.446,
2026-07-23 20:00:00,Thursday,20,0.134,0.000,0.000,0.000,0.297,0.854,1.285,zmywarka
2026-07-23 21:00:00,Thursday,21,0.121,0.000,0.000,0.000,0.164,0.000,0.285,
2026-07-23 22:00:00,Thursday,22,0.121,0.000,0.061,0.000,0.344,0.000,0.526,
2026-07-23 23:00:00,Thursday,23,0.153,0.000,0.000,0.000,0.000,0.000,0.153,
2026-07-24 00:00:00,Friday,0,0.138,0.235,0.000,0.000,0.000,0.000,0.373,
2026-07-24 01:00:00,Friday,1,0.131,0.322,0.000,0.000,0.000,0.000,0.453,
2026-07-24 02:00:00,Friday,2,0.149,0.426,0.000,0.000,0.000,0.000,0.575,
2026-07-24 03:00:00,Friday,3,0.166,0.418,0.000,0.000,0.000,0.000,0.584,
2026-07-24 04:00:00,Friday,4,0.149,0.423,0.000,0.000,0.000,0.000,0.572,
2026-07-24 05:00:00,Friday,5,0.130,0.493,0.000,0.000,0.000,0.000,0.623,
2026-07-24 06:00:00,Friday,6,0.135,0.521,0.000,0.373,0.000,0.000,1.029,
2026-07-24 07:00:00,Friday,7,0.125,0.548,0.000,0.588,0.000,0.000,1.261,
2026-07-24 08:00:00,Friday,8,0.137,0.602,0.000,0.527,0.000,0.000,1.266,
2026-07-24 09:00:00,Friday,9,0.129,0.456,0.000,0.000,0.113,0.000,0.698,praca zdalna
2026-07-24 10:00:00,Friday,10,0.140,0.263,0.000,0.000,0.097,0.000,0.500,praca zdalna
2026-07-24 11:00:00,Friday,11,0.140,0.000,0.000,0.000,0.189,0.000,0.329,praca zdalna
2026-07-24 12:00:00,Friday,12,0.115,0.000,0.000,0.000,0.158,0.000,0.273,praca zdalna
2026-07-24 13:00:00,Friday,13,0.125,0.240,0.000,0.000,0.199,0.000,0.564,praca zdalna
2026-07-24 14:00:00,Friday,14,0.118,0.269,0.000,0.000,0.260,0.000,0.647,praca zdalna
2026-07-24 15:00:00,Friday,15,0.115,0.303,0.000,0.000,0.317,0.000,0.735,praca zdalna
2026-07-24 16:00:00,Friday,16,0.138,0.000,0.000,0.000,0.330,0.000,0.468,praca zdalna
2026-07-24 17:00:00,Friday,17,0.131,0.000,0.000,0.990,0.235,0.000,1.356,
2026-07-24 18:00:00,Friday,18,0.111,0.000,0.000,0.000,0.275,0.000,0.386,
2026-07-24 19:00:00,Friday,19,0.124,0.000,0.000,0.000,0.320,0.000,0.444,
2026-07-24 20:00:00,Friday,20,0.143,0.000,0.000,0.000,0.150,1.051,1.344,zmywarka
2026-07-24 21:00:00,Friday,21,0.126,0.250,0.140,0.000,0.339,0.000,0.855,
2026-07-24 22:00:00,Friday,22,0.111,0.000,0.147,0.000,0.160,0.000,0.418,
2026-07-24 23:00:00,Friday,23,0.141,0.000,0.000,0.000,0.000,0.000,0.141,
2026-07-25 00:00:00,Saturday,0,0.133,0.231,0.000,0.000,0.000,0.000,0.364,
2026-07-25 01:00:00,Saturday,1,0.137,0.284,0.000,0.000,0.000,0.000,0.421,
2026-07-25 02:00:00,Saturday,2,0.119,0.394,0.000,0.000,0.000,0.000,0.513,
2026-07-25 03:00:00,Saturday,3,0.148,0.331,0.000,0.000,0.000,0.000,0.479,
2026-07-25 04:00:00,Saturday,4,0.147,0.337,0.000,0.000,0.000,0.000,0.484,
2026-07-25 05:00:00,Saturday,5,0.179,0.336,0.000,0.000,0.000,0.000,0.515,
2026-07-25 06:00:00,Saturday,6,0.113,0.417,0.000,0.573,0.000,0.000,1.103,
2026-07-25 07:00:00,Saturday,7,0.132,0.392,0.000,0.514,0.000,0.000,1.038,
2026-07-25 08:00:00,Saturday,8,0.125,0.339,0.000,0.498,0.000,0.000,0.962,
2026-07-25 09:00:00,Saturday,9,0.154,0.246,0.000,0.000,0.219,0.935,1.554,pralka
2026-07-25 10:00:00,Saturday,10,0.137,0.248,0.000,0.000,0.240,1.550,2.175,suszarka
2026-07-25 11:00:00,Saturday,11,0.128,0.000,0.000,0.000,0.173,0.000,0.301,
2026-07-25 12:00:00,Saturday,12,0.158,0.000,0.000,0.444,0.138,0.000,0.740,
2026-07-25 13:00:00,Saturday,13,0.123,0.000,0.000,0.000,0.189,0.000,0.312,
2026-07-25 14:00:00,Saturday,14,0.131,0.000,0.000,0.000,0.209,1.056,1.396,zmywarka
2026-07-25 15:00:00,Saturday,15,0.138,0.000,0.000,0.000,0.158,0.000,0.296,
2026-07-25 16:00:00,Saturday,16,0.138,0.000,0.000,0.000,0.201,0.000,0.339,
2026-07-25 17:00:00,Saturday,17,0.146,0.000,0.000,0.955,0.249,0.000,1.350,
2026-07-25 18:00:00,Saturday,18,0.140,0.000,0.000,0.000,0.281,0.000,0.421,
2026-07-25 19:00:00,Saturday,19,0.144,0.000,0.000,0.000,0.249,0.000,0.393,
2026-07-25 20:00:00,Saturday,20,0.127,0.000,0.000,0.000,0.184,0.000,0.311,
2026-07-25 21:00:00,Saturday,21,0.146,0.000,0.202,0.000,0.286,0.000,0.634,
2026-07-25 22:00:00,Saturday,22,0.136,0.000,0.112,0.000,0.324,0.000,0.572,
2026-07-25 23:00:00,Saturday,23,0.183,0.000,0.000,0.000,0.000,0.000,0.183,
2026-07-26 00:00:00,Sunday,0,0.149,0.000,0.000,0.000,0.000,0.000,0.149,
2026-07-26 01:00:00,Sunday,1,0.130,0.268,0.000,0.000,0.000,0.000,0.398,
2026-07-26 02:00:00,Sunday,2,0.113,0.292,0.000,0.000,0.000,0.000,0.405,
2026-07-26 03:00:00,Sunday,3,0.156,0.299,0.000,0.000,0.000,0.000,0.455,
2026-07-26 04:00:00,Sunday,4,0.140,0.253,0.000,0.000,0.000,0.000,0.393,
2026-07-26 05:00:00,Sunday,5,0.113,0.287,0.000,0.000,0.000,0.000,0.400,
2026-07-26 06:00:00,Sunday,6,0.155,0.533,0.000,0.521,0.000,0.000,1.209,
2026-07-26 07:00:00,Sunday,7,0.136,0.416,0.000,0.448,0.000,0.000,1.000,
2026-07-26 08:00:00,Sunday,8,0.143,0.408,0.000,0.512,0.000,0.000,1.063,
2026-07-26 09:00:00,Sunday,9,0.136,0.352,0.000,0.000,0.164,0.000,0.652,
2026-07-26 10:00:00,Sunday,10,0.125,0.429,0.000,0.000,0.211,0.000,0.765,
2026-07-26 11:00:00,Sunday,11,0.157,0.305,0.000,0.000,0.169,0.000,0.631,
2026-07-26 12:00:00,Sunday,12,0.136,0.248,0.000,0.000,0.219,0.000,0.603,
2026-07-26 13:00:00,Sunday,13,0.150,0.000,0.000,0.827,0.082,0.000,1.059,
2026-07-26 14:00:00,Sunday,14,0.126,0.332,0.000,0.000,0.069,0.000,0.527,
2026-07-26 15:00:00,Sunday,15,0.144,0.371,0.000,0.000,0.191,0.000,0.706,
2026-07-26 16:00:00,Sunday,16,0.127,0.386,0.000,0.000,0.127,0.000,0.640,
2026-07-26 17:00:00,Sunday,17,0.156,0.315,0.000,0.679,0.169,0.000,1.319,
2026-07-26 18:00:00,Sunday,18,0.122,0.347,0.000,0.000,0.302,0.000,0.771,
2026-07-26 19:00:00,Sunday,19,0.130,0.415,0.000,0.000,0.222,0.000,0.767,
2026-07-26 20:00:00,Sunday,20,0.123,0.376,0.000,0.000,0.193,0.000,0.692,
2026-07-26 21:00:00,Sunday,21,0.139,0.535,0.218,0.000,0.311,0.000,1.203,
2026-07-26 22:00:00,Sunday,22,0.115,0.452,0.113,0.000,0.338,0.000,1.018,
2026-07-26 23:00:00,Sunday,23,0.141,0.463,0.000,0.000,0.000,0.000,0.604,
2026-07-27 00:00:00,Monday,0,0.138,0.383,0.000,0.000,0.000,0.000,0.521,
2026-07-27 01:00:00,Monday,1,0.132,0.465,0.000,0.000,0.000,0.000,0.597,
2026-07-27 02:00:00,Monday,2,0.164,0.451,0.000,0.000,0.000,0.000,0.615,
2026-07-27 03:00:00,Monday,3,0.155,0.433,0.000,0.000,0.000,0.000,0.588,
2026-07-27 04:00:00,Monday,4,0.133,0.502,0.000,0.000,0.000,0.000,0.635,
2026-07-27 05:00:00,Monday,5,0.157,0.683,0.000,0.000,0.000,0.000,0.840,
2026-07-27 06:00:00,Monday,6,0.155,0.670,0.000,0.347,0.000,0.000,1.172,
2026-07-27 07:00:00,Monday,7,0.140,0.775,0.000,0.318,0.000,0.000,1.233,
2026-07-27 08:00:00,Monday,8,0.124,0.706,0.000,0.168,0.000,0.000,0.998,
2026-07-27 09:00:00,Monday,9,0.131,0.683,0.000,0.000,0.108,0.000,0.922,
2026-07-27 10:00:00,Monday,10,0.145,0.567,0.000,0.000,0.108,0.000,0.820,
2026-07-27 11:00:00,Monday,11,0.115,0.376,0.000,0.000,0.114,0.000,0.605,
2026-07-27 12:00:00,Monday,12,0.130,0.299,0.000,0.563,0.092,0.000,1.084,
2026-07-27 13:00:00,Monday,13,0.151,0.347,0.000,0.000,0.135,0.000,0.633,
2026-07-27 14:00:00,Monday,14,0.125,0.276,0.000,0.000,0.100,0.000,0.501,
2026-07-27 15:00:00,Monday,15,0.139,0.218,0.000,0.000,0.087,0.000,0.444,
2026-07-27 16:00:00,Monday,16,0.145,0.223,0.000,0.000,0.131,0.000,0.499,
2026-07-27 17:00:00,Monday,17,0.143,0.231,0.000,0.875,0.197,0.000,1.446,
2026-07-27 18:00:00,Monday,18,0.140,0.332,0.000,0.000,0.195,0.000,0.667,
2026-07-27 19:00:00,Monday,19,0.139,0.376,0.000,0.000,0.310,0.000,0.825,
2026-07-27 20:00:00,Monday,20,0.155,0.409,0.000,0.000,0.344,0.000,0.908,
2026-07-27 21:00:00,Monday,21,0.144,0.582,0.000,0.000,0.199,0.000,0.925,
2026-07-27 22:00:00,Monday,22,0.159,0.403,0.146,0.000,0.271,0.000,0.979,
2026-07-27 23:00:00,Monday,23,0.133,0.429,0.000,0.000,0.000,0.000,0.562,
2026-07-28 00:00:00,Tuesday,0,0.124,0.547,0.000,0.000,0.000,0.000,0.671,
2026-07-28 01:00:00,Tuesday,1,0.176,0.623,0.000,0.000,0.000,0.000,0.799,
2026-07-28 02:00:00,Tuesday,2,0.115,0.605,0.000,0.000,0.000,0.000,0.720,
2026-07-28 03:00:00,Tuesday,3,0.150,0.581,0.000,0.000,0.000,0.000,0.731,
2026-07-28 04:00:00,Tuesday,4,0.137,0.699,0.000,0.000,0.000,0.000,0.836,
2026-07-28 05:00:00,Tuesday,5,0.132,0.600,0.000,0.000,0.000,0.000,0.732,
2026-07-28 06:00:00,Tuesday,6,0.116,0.954,0.000,0.200,0.000,0.000,1.270,
2026-07-28 07:00:00,Tuesday,7,0.118,0.724,0.000,0.448,0.000,0.000,1.290,
2026-07-28 08:00:00,Tuesday,8,0.116,0.663,0.000,0.435,0.000,0.000,1.214,
2026-07-28 09:00:00,Tuesday,9,0.129,0.586,0.000,0.000,0.322,0.000,1.037,praca zdalna
2026-07-28 10:00:00,Tuesday,10,0.124,0.375,0.000,0.000,0.217,0.000,0.716,praca zdalna
2026-07-28 11:00:00,Tuesday,11,0.113,0.339,0.000,0.000,0.232,0.000,0.684,praca zdalna
2026-07-28 12:00:00,Tuesday,12,0.159,0.234,0.000,0.305,0.203,0.000,0.901,praca zdalna
2026-07-28 13:00:00,Tuesday,13,0.158,0.000,0.000,0.000,0.250,0.000,0.408,praca zdalna
2026-07-28 14:00:00,Tuesday,14,0.111,0.000,0.000,0.000,0.303,0.000,0.414,praca zdalna
2026-07-28 15:00:00,Tuesday,15,0.140,0.000,0.000,0.000,0.357,0.000,0.497,praca zdalna
2026-07-28 16:00:00,Tuesday,16,0.116,0.000,0.000,0.000,0.373,0.000,0.489,praca zdalna
2026-07-28 17:00:00,Tuesday,17,0.122,0.000,0.000,0.000,0.215,0.000,0.337,
2026-07-28 18:00:00,Tuesday,18,0.114,0.000,0.000,0.845,0.349,0.000,1.308,
2026-07-28 19:00:00,Tuesday,19,0.117,0.000,0.000,0.000,0.322,0.000,0.439,
2026-07-28 20:00:00,Tuesday,20,0.149,0.000,0.000,0.000,0.211,1.119,1.479,zmywarka
2026-07-28 21:00:00,Tuesday,21,0.118,0.000,0.142,0.000,0.285,0.000,0.545,
2026-07-28 22:00:00,Tuesday,22,0.111,0.000,0.058,0.000,0.281,0.000,0.450,
2026-07-28 23:00:00,Tuesday,23,0.152,0.000,0.000,0.000,0.000,0.000,0.152,
2026-07-29 00:00:00,Wednesday,0,0.120,0.000,0.000,0.000,0.000,0.000,0.120,
2026-07-29 01:00:00,Wednesday,1,0.119,0.000,0.000,0.000,0.000,0.000,0.119,
2026-07-29 02:00:00,Wednesday,2,0.145,0.000,0.000,0.000,0.000,0.000,0.145,
2026-07-29 03:00:00,Wednesday,3,0.130,0.000,0.000,0.000,0.000,0.000,0.130,
2026-07-29 04:00:00,Wednesday,4,0.169,0.000,0.000,0.000,0.000,0.000,0.169,
2026-07-29 05:00:00,Wednesday,5,0.149,0.000,0.000,0.000,0.000,0.000,0.149,
2026-07-29 06:00:00,Wednesday,6,0.138,0.370,0.000,0.437,0.000,0.000,0.945,
2026-07-29 07:00:00,Wednesday,7,0.147,0.252,0.000,0.509,0.000,0.000,0.908,
2026-07-29 08:00:00,Wednesday,8,0.145,0.000,0.000,0.306,0.000,0.000,0.451,
2026-07-29 09:00:00,Wednesday,9,0.154,0.000,0.000,0.000,0.139,0.000,0.293,
2026-07-29 10:00:00,Wednesday,10,0.157,0.000,0.000,0.000,0.117,0.000,0.274,
2026-07-29 11:00:00,Wednesday,11,0.152,0.000,0.000,0.000,0.131,0.000,0.283,
2026-07-29 12:00:00,Wednesday,12,0.114,0.000,0.000,0.716,0.087,0.000,0.917,
2026-07-29 13:00:00,Wednesday,13,0.115,0.000,0.000,0.000,0.137,0.000,0.252,
2026-07-29 14:00:00,Wednesday,14,0.139,0.000,0.000,0.000,0.152,0.000,0.291,
2026-07-29 15:00:00,Wednesday,15,0.118,0.000,0.000,0.000,0.135,0.000,0.253,
2026-07-29 16:00:00,Wednesday,16,0.128,0.000,0.000,0.000,0.116,0.000,0.244,
2026-07-29 17:00:00,Wednesday,17,0.119,0.000,0.000,0.000,0.200,0.000,0.319,
2026-07-29 18:00:00,Wednesday,18,0.146,0.000,0.000,0.713,0.263,0.000,1.122,
2026-07-29 19:00:00,Wednesday,19,0.126,0.000,0.000,0.000,0.302,0.000,0.428,
2026-07-29 20:00:00,Wednesday,20,0.134,0.000,0.000,0.000,0.257,1.195,1.586,zmywarka
2026-07-29 21:00:00,Wednesday,21,0.124,0.000,0.000,0.000,0.314,0.000,0.438,
2026-07-29 22:00:00,Wednesday,22,0.132,0.000,0.083,0.000,0.333,0.000,0.548,
2026-07-29 23:00:00,Wednesday,23,0.145,0.000,0.000,0.000,0.000,0.000,0.145,
2026-07-30 00:00:00,Thursday,0,0.147,0.000,0.000,0.000,0.000,0.000,0.147,
2026-07-30 01:00:00,Thursday,1,0.130,0.000,0.000,0.000,0.000,0.000,0.130,
2026-07-30 02:00:00,Thursday,2,0.129,0.000,0.000,0.000,0.000,0.000,0.129,
2026-07-30 03:00:00,Thursday,3,0.142,0.000,0.000,0.000,0.000,0.000,0.142,
2026-07-30 04:00:00,Thursday,4,0.111,0.000,0.000,0.000,0.000,0.000,0.111,
2026-07-30 05:00:00,Thursday,5,0.132,0.000,0.000,0.000,0.000,0.000,0.132,
2026-07-30 06:00:00,Thursday,6,0.146,0.000,0.000,0.524,0.000,0.000,0.670,
2026-07-30 07:00:00,Thursday,7,0.135,0.000,0.000,0.402,0.000,0.000,0.537,
2026-07-30 08:00:00,Thursday,8,0.153,0.000,0.000,0.546,0.000,0.000,0.699,
2026-07-30 09:00:00,Thursday,9,0.114,0.000,0.000,0.000,0.130,0.000,0.244,
2026-07-30 10:00:00,Thursday,10,0.151,0.000,0.000,0.000,0.107,0.000,0.258,
2026-07-30 11:00:00,Thursday,11,0.147,0.000,0.000,0.000,0.122,0.893,1.162,pralka
2026-07-30 12:00:00,Thursday,12,0.160,0.000,0.000,0.310,0.110,2.263,2.843,suszarka
2026-07-30 13:00:00,Thursday,13,0.150,0.000,0.000,0.000,0.150,0.000,0.300,
2026-07-30 14:00:00,Thursday,14,0.133,0.000,0.000,0.000,0.154,0.000,0.287,
2026-07-30 15:00:00,Thursday,15,0.156,0.000,0.000,0.000,0.163,0.000,0.319,
2026-07-30 16:00:00,Thursday,16,0.152,0.000,0.000,0.000,0.164,0.000,0.316,
2026-07-30 17:00:00,Thursday,17,0.140,0.000,0.000,1.709,0.268,0.000,2.117,
2026-07-30 18:00:00,Thursday,18,0.127,0.000,0.000,0.000,0.244,0.000,0.371,
2026-07-30 19:00:00,Thursday,19,0.115,0.000,0.000,0.000,0.212,1.105,1.432,zmywarka
2026-07-30 20:00:00,Thursday,20,0.121,0.000,0.000,0.000,0.306,0.000,0.427,
2026-07-30 21:00:00,Thursday,21,0.150,0.000,0.175,0.000,0.278,0.000,0.603,
2026-07-30 22:00:00,Thursday,22,0.133,0.000,0.141,0.000,0.235,0.000,0.509,
2026-07-30 23:00:00,Thursday,23,0.157,0.000,0.000,0.000,0.000,0.000,0.157,
2026-07-31 00:00:00,Friday,0,0.137,0.000,0.000,0.000,0.000,0.000,0.137,wyjazd / nieobecność
2026-07-31 01:00:00,Friday,1,0.130,0.000,0.000,0.000,0.000,0.000,0.130,wyjazd / nieobecność
2026-07-31 02:00:00,Friday,2,0.132,0.000,0.000,0.000,0.000,0.000,0.132,wyjazd / nieobecność
2026-07-31 03:00:00,Friday,3,0.120,0.000,0.000,0.000,0.000,0.000,0.120,wyjazd / nieobecność
2026-07-31 04:00:00,Friday,4,0.157,0.000,0.000,0.000,0.000,0.000,0.157,wyjazd / nieobecność
2026-07-31 05:00:00,Friday,5,0.145,0.000,0.000,0.000,0.000,0.000,0.145,wyjazd / nieobecność
2026-07-31 06:00:00,Friday,6,0.134,0.000,0.000,0.000,0.000,0.000,0.134,wyjazd / nieobecność
2026-07-31 07:00:00,Friday,7,0.144,0.000,0.000,0.000,0.000,0.000,0.144,wyjazd / nieobecność
2026-07-31 08:00:00,Friday,8,0.129,0.000,0.000,0.000,0.000,0.000,0.129,wyjazd / nieobecność
2026-07-31 09:00:00,Friday,9,0.156,0.000,0.000,0.000,0.000,0.000,0.156,wyjazd / nieobecność
2026-07-31 10:00:00,Friday,10,0.142,0.000,0.000,0.000,0.000,0.000,0.142,wyjazd / nieobecność
2026-07-31 11:00:00,Friday,11,0.133,0.000,0.000,0.000,0.000,0.000,0.133,wyjazd / nieobecność
2026-07-31 12:00:00,Friday,12,0.152,0.000,0.000,0.000,0.000,0.000,0.152,wyjazd / nieobecność
2026-07-31 13:00:00,Friday,13,0.134,0.000,0.000,0.000,0.000,0.000,0.134,wyjazd / nieobecność
2026-07-31 14:00:00,Friday,14,0.119,0.000,0.000,0.000,0.000,0.000,0.119,wyjazd / nieobecność
2026-07-31 15:00:00,Friday,15,0.140,0.000,0.000,0.000,0.000,0.000,0.140,wyjazd / nieobecność
2026-07-31 16:00:00,Friday,16,0.153,0.000,0.000,0.000,0.000,0.000,0.153,wyjazd / nieobecność
2026-07-31 17:00:00,Friday,17,0.117,0.000,0.000,0.000,0.000,0.000,0.117,wyjazd / nieobecność
2026-07-31 18:00:00,Friday,18,0.142,0.000,0.000,0.000,0.000,0.000,0.142,wyjazd / nieobecność
2026-07-31 19:00:00,Friday,19,0.118,0.000,0.000,0.000,0.000,0.000,0.118,wyjazd / nieobecność
2026-07-31 20:00:00,Friday,20,0.160,0.000,0.000,0.000,0.000,0.000,0.160,wyjazd / nieobecność
2026-07-31 21:00:00,Friday,21,0.147,0.000,0.000,0.000,0.000,0.000,0.147,wyjazd / nieobecność
2026-07-31 22:00:00,Friday,22,0.158,0.000,0.000,0.000,0.000,0.000,0.158,wyjazd / nieobecność
2026-07-31 23:00:00,Friday,23,0.154,0.000,0.000,0.000,0.000,0.000,0.154,wyjazd / nieobecność
2026-08-01 00:00:00,Saturday,0,0.167,0.269,0.000,0.000,0.000,0.000,0.436,
2026-08-01 01:00:00,Saturday,1,0.117,0.315,0.000,0.000,0.000,0.000,0.432,
2026-08-01 02:00:00,Saturday,2,0.153,0.393,0.000,0.000,0.000,0.000,0.546,
2026-08-01 03:00:00,Saturday,3,0.168,0.413,0.000,0.000,0.000,0.000,0.581,
2026-08-01 04:00:00,Saturday,4,0.111,0.345,0.000,0.000,0.000,0.000,0.456,
2026-08-01 05:00:00,Saturday,5,0.111,0.375,0.000,0.000,0.000,0.000,0.486,
2026-08-01 06:00:00,Saturday,6,0.122,0.571,0.000,0.571,0.000,0.000,1.264,
2026-08-01 07:00:00,Saturday,7,0.148,0.510,0.000,0.324,0.000,0.000,0.982,
2026-08-01 08:00:00,Saturday,8,0.141,0.462,0.000,0.501,0.000,0.000,1.104,
2026-08-01 09:00:00,Saturday,9,0.138,0.372,0.000,0.000,0.135,0.000,0.645,
2026-08-01 10:00:00,Saturday,10,0.158,0.356,0.000,0.000,0.182,0.639,1.335,pralka
2026-08-01 11:00:00,Saturday,11,0.111,0.258,0.000,0.000,0.202,2.342,2.913,suszarka
2026-08-01 12:00:00,Saturday,12,0.119,0.000,0.000,0.000,0.092,0.000,0.211,
2026-08-01 13:00:00,Saturday,13,0.118,0.000,0.000,0.727,0.237,0.827,1.909,zmywarka
2026-08-01 14:00:00,Saturday,14,0.111,0.000,0.000,0.000,0.183,0.000,0.294,
2026-08-01 15:00:00,Saturday,15,0.134,0.000,0.000,0.000,0.222,0.000,0.356,
2026-08-01 16:00:00,Saturday,16,0.144,0.000,0.000,0.000,0.062,0.000,0.206,
2026-08-01 17:00:00,Saturday,17,0.119,0.000,0.000,0.708,0.179,0.000,1.006,
2026-08-01 18:00:00,Saturday,18,0.148,0.000,0.000,0.000,0.289,0.000,0.437,
2026-08-01 19:00:00,Saturday,19,0.142,0.000,0.000,0.000,0.326,0.000,0.468,
2026-08-01 20:00:00,Saturday,20,0.159,0.000,0.000,0.000,0.183,0.000,0.342,
2026-08-01 21:00:00,Saturday,21,0.143,0.270,0.297,0.000,0.159,0.000,0.869,
2026-08-01 22:00:00,Saturday,22,0.122,0.000,0.148,0.000,0.247,0.000,0.517,
2026-08-01 23:00:00,Saturday,23,0.137,0.218,0.000,0.000,0.000,0.000,0.355,
2026-08-02 00:00:00,Sunday,0,0.115,0.306,0.000,0.000,0.000,0.000,0.421,
2026-08-02 01:00:00,Sunday,1,0.122,0.359,0.000,0.000,0.000,0.000,0.481,
2026-08-02 02:00:00,Sunday,2,0.128,0.480,0.000,0.000,0.000,0.000,0.608,
2026-08-02 03:00:00,Sunday,3,0.155,0.563,0.000,0.000,0.000,0.000,0.718,
2026-08-02 04:00:00,Sunday,4,0.123,0.550,0.000,0.000,0.000,0.000,0.673,
2026-08-02 05:00:00,Sunday,5,0.132,0.468,0.000,0.000,0.000,0.000,0.600,
2026-08-02 06:00:00,Sunday,6,0.151,0.704,0.000,0.527,0.000,0.000,1.382,
2026-08-02 07:00:00,Sunday,7,0.139,0.672,0.000,0.286,0.000,0.000,1.097,
2026-08-02 08:00:00,Sunday,8,0.158,0.503,0.000,0.185,0.000,0.000,0.846,
2026-08-02 09:00:00,Sunday,9,0.134,0.414,0.000,0.000,0.244,0.000,0.792,
2026-08-02 10:00:00,Sunday,10,0.157,0.270,0.000,0.000,0.151,0.000,0.578,
2026-08-02 11:00:00,Sunday,11,0.140,0.000,0.000,0.000,0.115,0.000,0.255,
2026-08-02 12:00:00,Sunday,12,0.151,0.000,0.000,0.000,0.194,0.000,0.345,
2026-08-02 13:00:00,Sunday,13,0.132,0.000,0.000,0.316,0.239,0.894,1.581,zmywarka
2026-08-02 14:00:00,Sunday,14,0.113,0.000,0.000,0.000,0.223,0.000,0.336,
2026-08-02 15:00:00,Sunday,15,0.132,0.000,0.000,0.000,0.142,0.000,0.274,
2026-08-02 16:00:00,Sunday,16,0.125,0.000,0.000,0.000,0.158,0.000,0.283,
2026-08-02 17:00:00,Sunday,17,0.159,0.000,0.000,0.712,0.314,0.000,1.185,
2026-08-02 18:00:00,Sunday,18,0.139,0.000,0.000,0.000,0.166,0.000,0.305,
2026-08-02 19:00:00,Sunday,19,0.146,0.000,0.000,0.000,0.257,0.000,0.403,
2026-08-02 20:00:00,Sunday,20,0.132,0.000,0.211,0.000,0.181,0.000,0.524,
2026-08-02 21:00:00,Sunday,21,0.153,0.000,0.131,0.000,0.236,0.000,0.520,
2026-08-02 22:00:00,Sunday,22,0.159,0.000,0.061,0.000,0.240,0.000,0.460,
2026-08-02 23:00:00,Sunday,23,0.124,0.000,0.000,0.000,0.000,0.000,0.124,
2026-08-03 00:00:00,Monday,0,0.118,0.000,0.000,0.000,0.000,0.000,0.118,
2026-08-03 01:00:00,Monday,1,0.153,0.000,0.000,0.000,0.000,0.000,0.153,
2026-08-03 02:00:00,Monday,2,0.168,0.363,0.000,0.000,0.000,0.000,0.531,
2026-08-03 03:00:00,Monday,3,0.158,0.486,0.000,0.000,0.000,0.000,0.644,
2026-08-03 04:00:00,Monday,4,0.151,0.556,0.000,0.000,0.000,0.000,0.707,
2026-08-03 05:00:00,Monday,5,0.136,0.552,0.000,0.000,0.000,0.000,0.688,
2026-08-03 06:00:00,Monday,6,0.123,0.617,0.000,0.547,0.000,0.000,1.287,
2026-08-03 07:00:00,Monday,7,0.133,0.549,0.000,0.398,0.000,0.000,1.080,
2026-08-03 08:00:00,Monday,8,0.130,0.258,0.000,0.375,0.000,0.000,0.763,
2026-08-03 09:00:00,Monday,9,0.147,0.227,0.000,0.000,0.093,0.000,0.467,
2026-08-03 10:00:00,Monday,10,0.118,0.000,0.000,0.000,0.139,0.000,0.257,
2026-08-03 11:00:00,Monday,11,0.139,0.000,0.000,0.000,0.083,0.000,0.222,
2026-08-03 12:00:00,Monday,12,0.121,0.000,0.000,0.000,0.109,0.000,0.230,
2026-08-03 13:00:00,Monday,13,0.150,0.000,0.000,0.486,0.103,0.000,0.739,
2026-08-03 14:00:00,Monday,14,0.131,0.000,0.000,0.000,0.109,0.000,0.240,
2026-08-03 15:00:00,Monday,15,0.113,0.000,0.000,0.000,0.082,0.000,0.195,
2026-08-03 16:00:00,Monday,16,0.127,0.000,0.000,0.000,0.173,0.000,0.300,
2026-08-03 17:00:00,Monday,17,0.136,0.000,0.000,1.622,0.314,0.000,2.072,
2026-08-03 18:00:00,Monday,18,0.113,0.000,0.000,0.000,0.284,0.000,0.397,
2026-08-03 19:00:00,Monday,19,0.130,0.000,0.000,0.000,0.293,1.178,1.601,zmywarka
2026-08-03 20:00:00,Monday,20,0.133,0.000,0.000,0.000,0.232,0.000,0.365,
2026-08-03 21:00:00,Monday,21,0.120,0.000,0.141,0.000,0.322,0.000,0.583,
2026-08-03 22:00:00,Monday,22,0.126,0.000,0.107,0.000,0.292,0.000,0.525,
2026-08-03 23:00:00,Monday,23,0.158,0.000,0.000,0.000,0.000,0.000,0.158,
2026-08-04 00:00:00,Tuesday,0,0.148,0.000,0.000,0.000,0.000,0.000,0.148,
2026-08-04 01:00:00,Tuesday,1,0.170,0.000,0.000,0.000,0.000,0.000,0.170,
2026-08-04 02:00:00,Tuesday,2,0.153,0.242,0.000,0.000,0.000,0.000,0.395,
2026-08-04 03:00:00,Tuesday,3,0.131,0.244,0.000,0.000,0.000,0.000,0.375,
2026-08-04 04:00:00,Tuesday,4,0.126,0.273,0.000,0.000,0.000,0.000,0.399,
2026-08-04 05:00:00,Tuesday,5,0.143,0.347,0.000,0.000,0.000,0.000,0.490,
2026-08-04 06:00:00,Tuesday,6,0.141,0.471,0.000,0.576,0.000,0.000,1.188,
2026-08-04 07:00:00,Tuesday,7,0.132,0.374,0.000,0.399,0.000,0.000,0.905,
2026-08-04 08:00:00,Tuesday,8,0.135,0.313,0.000,0.565,0.000,0.000,1.013,
2026-08-04 09:00:00,Tuesday,9,0.130,0.000,0.000,0.000,0.205,0.000,0.335,praca zdalna
2026-08-04 10:00:00,Tuesday,10,0.126,0.000,0.000,0.000,0.248,0.620,0.994,praca zdalna; pralka
2026-08-04 11:00:00,Tuesday,11,0.116,0.000,0.000,0.000,0.245,0.000,0.361,praca zdalna
2026-08-04 12:00:00,Tuesday,12,0.145,0.000,0.000,0.000,0.266,0.000,0.411,praca zdalna
2026-08-04 13:00:00,Tuesday,13,0.134,0.000,0.000,0.573,0.221,0.000,0.928,praca zdalna
2026-08-04 14:00:00,Tuesday,14,0.150,0.000,0.000,0.000,0.218,0.000,0.368,praca zdalna
2026-08-04 15:00:00,Tuesday,15,0.157,0.000,0.000,0.000,0.248,0.000,0.405,praca zdalna
2026-08-04 16:00:00,Tuesday,16,0.140,0.000,0.000,0.000,0.417,0.000,0.557,praca zdalna
2026-08-04 17:00:00,Tuesday,17,0.123,0.000,0.000,0.000,0.178,0.000,0.301,
2026-08-04 18:00:00,Tuesday,18,0.120,0.000,0.000,0.770,0.204,0.000,1.094,
2026-08-04 19:00:00,Tuesday,19,0.126,0.000,0.000,0.000,0.284,0.928,1.338,zmywarka
2026-08-04 20:00:00,Tuesday,20,0.138,0.000,0.000,0.000,0.160,0.000,0.298,
2026-08-04 21:00:00,Tuesday,21,0.140,0.000,0.246,0.000,0.278,0.000,0.664,
2026-08-04 22:00:00,Tuesday,22,0.116,0.000,0.053,0.000,0.194,0.000,0.363,
2026-08-04 23:00:00,Tuesday,23,0.170,0.000,0.000,0.000,0.000,0.000,0.170,
2026-08-05 00:00:00,Wednesday,0,0.120,0.000,0.000,0.000,0.000,0.000,0.120,
2026-08-05 01:00:00,Wednesday,1,0.110,0.000,0.000,0.000,0.000,0.000,0.110,
2026-08-05 02:00:00,Wednesday,2,0.143,0.000,0.000,0.000,0.000,0.000,0.143,
2026-08-05 03:00:00,Wednesday,3,0.112,0.000,0.000,0.000,0.000,0.000,0.112,
2026-08-05 04:00:00,Wednesday,4,0.121,0.000,0.000,0.000,0.000,0.000,0.121,
2026-08-05 05:00:00,Wednesday,5,0.122,0.000,0.000,0.000,0.000,0.000,0.122,
2026-08-05 06:00:00,Wednesday,6,0.141,0.191,0.000,0.445,0.000,0.000,0.777,
2026-08-05 07:00:00,Wednesday,7,0.140,0.000,0.000,0.460,0.000,0.000,0.600,
2026-08-05 08:00:00,Wednesday,8,0.153,0.205,0.000,0.419,0.000,0.000,0.777,
2026-08-05 09:00:00,Wednesday,9,0.126,0.234,0.000,0.000,0.142,0.000,0.502,
2026-08-05 10:00:00,Wednesday,10,0.132,0.000,0.000,0.000,0.149,0.000,0.281,
2026-08-05 11:00:00,Wednesday,11,0.127,0.000,0.000,0.000,0.090,0.000,0.217,
2026-08-05 12:00:00,Wednesday,12,0.138,0.000,0.000,0.859,0.092,0.000,1.089,
2026-08-05 13:00:00,Wednesday,13,0.111,0.000,0.000,0.000,0.086,0.000,0.197,
2026-08-05 14:00:00,Wednesday,14,0.151,0.000,0.000,0.000,0.215,0.000,0.366,
2026-08-05 15:00:00,Wednesday,15,0.154,0.000,0.000,0.000,0.230,0.000,0.384,
2026-08-05 16:00:00,Wednesday,16,0.146,0.000,0.000,0.000,0.158,0.000,0.304,
2026-08-05 17:00:00,Wednesday,17,0.153,0.000,0.000,0.693,0.348,0.000,1.194,
2026-08-05 18:00:00,Wednesday,18,0.139,0.000,0.000,0.000,0.211,0.000,0.350,
2026-08-05 19:00:00,Wednesday,19,0.129,0.000,0.000,0.000,0.152,1.024,1.305,zmywarka
2026-08-05 20:00:00,Wednesday,20,0.111,0.000,0.000,0.000,0.229,0.000,0.340,
2026-08-05 21:00:00,Wednesday,21,0.158,0.000,0.243,0.000,0.274,0.000,0.675,
2026-08-05 22:00:00,Wednesday,22,0.123,0.000,0.068,0.000,0.230,0.000,0.421,
2026-08-05 23:00:00,Wednesday,23,0.115,0.000,0.000,0.000,0.000,0.000,0.115,
2026-08-06 00:00:00,Thursday,0,0.144,0.000,0.000,0.000,0.000,0.000,0.144,
2026-08-06 01:00:00,Thursday,1,0.155,0.000,0.000,0.000,0.000,0.000,0.155,
2026-08-06 02:00:00,Thursday,2,0.156,0.000,0.000,0.000,0.000,0.000,0.156,
2026-08-06 03:00:00,Thursday,3,0.181,0.000,0.000,0.000,0.000,0.000,0.181,
2026-08-06 04:00:00,Thursday,4,0.111,0.000,0.000,0.000,0.000,0.000,0.111,
2026-08-06 05:00:00,Thursday,5,0.110,0.000,0.000,0.000,0.000,0.000,0.110,
2026-08-06 06:00:00,Thursday,6,0.116,0.258,0.000,0.348,0.000,0.000,0.722,
2026-08-06 07:00:00,Thursday,7,0.147,0.258,0.000,0.362,0.000,0.000,0.767,
2026-08-06 08:00:00,Thursday,8,0.125,0.000,0.000,0.381,0.000,0.000,0.506,
2026-08-06 09:00:00,Thursday,9,0.118,0.000,0.000,0.000,0.081,0.000,0.199,
2026-08-06 10:00:00,Thursday,10,0.146,0.000,0.000,0.000,0.118,0.000,0.264,
2026-08-06 11:00:00,Thursday,11,0.136,0.000,0.000,0.000,0.081,0.000,0.217,
2026-08-06 12:00:00,Thursday,12,0.124,0.000,0.000,0.000,0.128,0.000,0.252,
2026-08-06 13:00:00,Thursday,13,0.138,0.000,0.000,0.812,0.087,0.000,1.037,
2026-08-06 14:00:00,Thursday,14,0.138,0.000,0.000,0.000,0.161,0.000,0.299,
2026-08-06 15:00:00,Thursday,15,0.158,0.000,0.000,0.000,0.233,0.000,0.391,
2026-08-06 16:00:00,Thursday,16,0.116,0.000,0.000,0.000,0.237,0.000,0.353,
2026-08-06 17:00:00,Thursday,17,0.156,0.000,0.000,0.000,0.252,0.000,0.408,
2026-08-06 18:00:00,Thursday,18,0.127,0.000,0.000,0.904,0.292,0.000,1.323,
2026-08-06 19:00:00,Thursday,19,0.121,0.000,0.000,0.000,0.306,0.000,0.427,
2026-08-06 20:00:00,Thursday,20,0.132,0.000,0.000,0.000,0.210,1.099,1.441,zmywarka
2026-08-06 21:00:00,Thursday,21,0.154,0.325,0.222,0.000,0.255,0.000,0.956,
2026-08-06 22:00:00,Thursday,22,0.129,0.236,0.071,0.000,0.293,0.000,0.729,
2026-08-06 23:00:00,Thursday,23,0.116,0.313,0.000,0.000,0.000,0.000,0.429,
2026-08-07 00:00:00,Friday,0,0.127,0.331,0.000,0.000,0.000,0.000,0.458,
2026-08-07 01:00:00,Friday,1,0.113,0.320,0.000,0.000,0.000,0.000,0.433,
2026-08-07 02:00:00,Friday,2,0.155,0.436,0.000,0.000,0.000,0.000,0.591,
2026-08-07 03:00:00,Friday,3,0.151,0.470,0.000,0.000,0.000,0.000,0.621,
2026-08-07 04:00:00,Friday,4,0.143,0.402,0.000,0.000,0.000,0.000,0.545,
2026-08-07 05:00:00,Friday,5,0.130,0.455,0.000,0.000,0.000,0.000,0.585,
2026-08-07 06:00:00,Friday,6,0.159,0.696,0.000,0.503,0.000,0.000,1.358,
2026-08-07 07:00:00,Friday,7,0.157,0.631,0.000,0.412,0.000,0.000,1.200,
2026-08-07 08:00:00,Friday,8,0.152,0.496,0.000,0.402,0.000,0.000,1.050,
2026-08-07 09:00:00,Friday,9,0.132,0.457,0.000,0.000,0.118,0.000,0.707,
2026-08-07 10:00:00,Friday,10,0.130,0.417,0.000,0.000,0.118,0.000,0.665,
2026-08-07 11:00:00,Friday,11,0.113,0.419,0.000,0.000,0.101,0.000,0.633,
2026-08-07 12:00:00,Friday,12,0.137,0.305,0.000,0.478,0.096,0.000,1.016,
2026-08-07 13:00:00,Friday,13,0.128,0.397,0.000,0.000,0.135,0.000,0.660,
2026-08-07 14:00:00,Friday,14,0.150,0.379,0.000,0.000,0.098,0.000,0.627,
2026-08-07 15:00:00,Friday,15,0.153,0.272,0.000,0.000,0.214,0.000,0.639,
2026-08-07 16:00:00,Friday,16,0.143,0.238,0.000,0.000,0.197,0.000,0.578,
2026-08-07 17:00:00,Friday,17,0.126,0.250,0.000,0.932,0.344,0.000,1.652,
2026-08-07 18:00:00,Friday,18,0.124,0.227,0.000,0.000,0.302,0.000,0.653,
2026-08-07 19:00:00,Friday,19,0.120,0.223,0.000,0.000,0.265,0.000,0.608,
2026-08-07 20:00:00,Friday,20,0.124,0.332,0.000,0.000,0.239,0.000,0.695,
2026-08-07 21:00:00,Friday,21,0.140,0.449,0.256,0.000,0.211,0.000,1.056,
2026-08-07 22:00:00,Friday,22,0.113,0.336,0.133,0.000,0.264,0.000,0.846,
2026-08-07 23:00:00,Friday,23,0.111,0.337,0.000,0.000,0.000,0.000,0.448,
2026-08-08 00:00:00,Saturday,0,0.181,0.441,0.000,0.000,0.000,0.000,0.622,
2026-08-08 01:00:00,Saturday,1,0.127,0.384,0.000,0.000,0.000,0.000,0.511,
2026-08-08 02:00:00,Saturday,2,0.181,0.632,0.000,0.000,0.000,0.000,0.813,
2026-08-08 03:00:00,Saturday,3,0.115,0.506,0.000,0.000,0.000,0.000,0.621,
2026-08-08 04:00:00,Saturday,4,0.142,0.600,0.000,0.000,0.000,0.000,0.742,
2026-08-08 05:00:00,Saturday,5,0.142,0.542,0.000,0.000,0.000,0.000,0.684,
2026-08-08 06:00:00,Saturday,6,0.121,0.882,0.000,0.386,0.000,0.000,1.389,
2026-08-08 07:00:00,Saturday,7,0.159,0.715,0.000,0.499,0.000,0.000,1.373,
2026-08-08 08:00:00,Saturday,8,0.117,0.594,0.000,0.490,0.000,0.000,1.201,
2026-08-08 09:00:00,Saturday,9,0.139,0.389,0.000,0.000,0.223,0.795,1.546,pralka
2026-08-08 10:00:00,Saturday,10,0.132,0.283,0.000,0.000,0.173,0.000,0.588,
2026-08-08 11:00:00,Saturday,11,0.120,0.000,0.000,0.000,0.137,0.000,0.257,
2026-08-08 12:00:00,Saturday,12,0.142,0.000,0.000,0.518,0.083,0.000,0.743,
2026-08-08 13:00:00,Saturday,13,0.122,0.000,0.000,0.000,0.246,0.000,0.368,
2026-08-08 14:00:00,Saturday,14,0.120,0.000,0.000,0.000,0.200,0.000,0.320,
2026-08-08 15:00:00,Saturday,15,0.124,0.000,0.000,0.000,0.088,0.000,0.212,
2026-08-08 16:00:00,Saturday,16,0.147,0.000,0.000,0.000,0.169,0.000,0.316,
2026-08-08 17:00:00,Saturday,17,0.141,0.000,0.000,1.074,0.151,0.000,1.366,
2026-08-08 18:00:00,Saturday,18,0.133,0.000,0.000,0.000,0.263,0.000,0.396,
2026-08-08 19:00:00,Saturday,19,0.112,0.000,0.000,0.000,0.250,0.000,0.362,
2026-08-08 20:00:00,Saturday,20,0.133,0.000,0.213,0.000,0.170,0.000,0.516,
2026-08-08 21:00:00,Saturday,21,0.149,0.000,0.192,0.000,0.298,0.000,0.639,
2026-08-08 22:00:00,Saturday,22,0.134,0.000,0.105,0.000,0.319,0.000,0.558,
2026-08-08 23:00:00,Saturday,23,0.133,0.000,0.000,0.000,0.000,0.000,0.133,
2026-08-09 00:00:00,Sunday,0,0.125,0.000,0.000,0.000,0.000,0.000,0.125,
2026-08-09 01:00:00,Sunday,1,0.166,0.000,0.000,0.000,0.000,0.000,0.166,
2026-08-09 02:00:00,Sunday,2,0.151,0.319,0.000,0.000,0.000,0.000,0.470,
2026-08-09 03:00:00,Sunday,3,0.153,0.209,0.000,0.000,0.000,0.000,0.362,
2026-08-09 04:00:00,Sunday,4,0.164,0.000,0.000,0.000,0.000,0.000,0.164,
2026-08-09 05:00:00,Sunday,5,0.141,0.000,0.000,0.000,0.000,0.000,0.141,
2026-08-09 06:00:00,Sunday,6,0.149,0.370,0.000,0.496,0.000,0.000,1.015,
2026-08-09 07:00:00,Sunday,7,0.153,0.253,0.000,0.534,0.000,0.000,0.940,
2026-08-09 08:00:00,Sunday,8,0.146,0.220,0.000,0.444,0.000,0.000,0.810,
2026-08-09 09:00:00,Sunday,9,0.130,0.206,0.000,0.000,0.104,0.000,0.440,
2026-08-09 10:00:00,Sunday,10,0.160,0.000,0.000,0.000,0.066,0.000,0.226,
2026-08-09 11:00:00,Sunday,11,0.116,0.000,0.000,0.000,0.159,0.000,0.275,
2026-08-09 12:00:00,Sunday,12,0.158,0.000,0.000,1.399,0.244,0.000,1.801,
2026-08-09 13:00:00,Sunday,13,0.146,0.000,0.000,0.000,0.195,1.062,1.403,zmywarka
2026-08-09 14:00:00,Sunday,14,0.128,0.000,0.000,0.000,0.098,0.000,0.226,
2026-08-09 15:00:00,Sunday,15,0.145,0.000,0.000,0.000,0.163,0.000,0.308,
2026-08-09 16:00:00,Sunday,16,0.151,0.000,0.000,0.000,0.184,0.000,0.335,
2026-08-09 17:00:00,Sunday,17,0.118,0.000,0.000,0.000,0.313,0.000,0.431,
2026-08-09 18:00:00,Sunday,18,0.119,0.000,0.000,1.481,0.226,0.000,1.826,
2026-08-09 19:00:00,Sunday,19,0.113,0.000,0.000,0.000,0.318,0.000,0.431,
2026-08-09 20:00:00,Sunday,20,0.129,0.000,0.000,0.000,0.280,0.000,0.409,
2026-08-09 21:00:00,Sunday,21,0.132,0.000,0.214,0.000,0.305,0.000,0.651,
2026-08-09 22:00:00,Sunday,22,0.110,0.000,0.134,0.000,0.173,0.000,0.417,
2026-08-09 23:00:00,Sunday,23,0.186,0.000,0.000,0.000,0.000,0.000,0.186,
2026-08-10 00:00:00,Monday,0,0.172,0.000,0.000,0.000,0.000,0.000,0.172,
2026-08-10 01:00:00,Monday,1,0.112,0.000,0.000,0.000,0.000,0.000,0.112,
2026-08-10 02:00:00,Monday,2,0.157,0.000,0.000,0.000,0.000,0.000,0.157,
2026-08-10 03:00:00,Monday,3,0.120,0.000,0.000,0.000,0.000,0.000,0.120,
2026-08-10 04:00:00,Monday,4,0.151,0.198,0.000,0.000,0.000,0.000,0.349,
2026-08-10 05:00:00,Monday,5,0.126,0.000,0.000,0.000,0.000,0.000,0.126,
2026-08-10 06:00:00,Monday,6,0.124,0.280,0.000,0.588,0.000,0.000,0.992,
2026-08-10 07:00:00,Monday,7,0.112,0.276,0.000,0.278,0.000,0.000,0.666,
2026-08-10 08:00:00,Monday,8,0.154,0.348,0.000,0.513,0.000,0.000,1.015,
2026-08-10 09:00:00,Monday,9,0.159,0.375,0.000,0.000,0.109,0.000,0.643,
2026-08-10 10:00:00,Monday,10,0.152,0.478,0.000,0.000,0.138,0.000,0.768,
2026-08-10 11:00:00,Monday,11,0.110,0.399,0.000,0.000,0.114,0.000,0.623,
2026-08-10 12:00:00,Monday,12,0.119,0.448,0.000,0.424,0.106,0.000,1.097,
2026-08-10 13:00:00,Monday,13,0.157,0.398,0.000,0.000,0.139,0.000,0.694,
2026-08-10 14:00:00,Monday,14,0.132,0.193,0.000,0.000,0.100,0.000,0.425,
2026-08-10 15:00:00,Monday,15,0.120,0.000,0.000,0.000,0.224,0.000,0.344,
2026-08-10 16:00:00,Monday,16,0.117,0.000,0.000,0.000,0.121,0.000,0.238,
2026-08-10 17:00:00,Monday,17,0.139,0.000,0.000,0.000,0.216,0.000,0.355,
2026-08-10 18:00:00,Monday,18,0.136,0.000,0.000,0.751,0.280,0.000,1.167,
2026-08-10 19:00:00,Monday,19,0.137,0.000,0.000,0.000,0.334,0.000,0.471,
2026-08-10 20:00:00,Monday,20,0.120,0.312,0.000,0.000,0.338,1.180,1.950,zmywarka
2026-08-10 21:00:00,Monday,21,0.147,0.427,0.279,0.000,0.260,0.000,1.113,
2026-08-10 22:00:00,Monday,22,0.112,0.301,0.116,0.000,0.154,0.000,0.683,
2026-08-10 23:00:00,Monday,23,0.150,0.393,0.000,0.000,0.000,0.000,0.543,
2026-08-11 00:00:00,Tuesday,0,0.164,0.416,0.000,0.000,0.000,0.000,0.580,
2026-08-11 01:00:00,Tuesday,1,0.133,0.439,0.000,0.000,0.000,0.000,0.572,
2026-08-11 02:00:00,Tuesday,2,0.178,0.539,0.000,0.000,0.000,0.000,0.717,
2026-08-11 03:00:00,Tuesday,3,0.141,0.665,0.000,0.000,0.000,0.000,0.806,
2026-08-11 04:00:00,Tuesday,4,0.144,0.696,0.000,0.000,0.000,0.000,0.840,
2026-08-11 05:00:00,Tuesday,5,0.151,0.677,0.000,0.000,0.000,0.000,0.828,
2026-08-11 06:00:00,Tuesday,6,0.129,0.762,0.000,0.407,0.000,0.000,1.298,
2026-08-11 07:00:00,Tuesday,7,0.110,0.668,0.000,0.422,0.000,0.000,1.200,
2026-08-11 08:00:00,Tuesday,8,0.124,0.703,0.000,0.381,0.000,0.000,1.208,
2026-08-11 09:00:00,Tuesday,9,0.112,0.440,0.000,0.000,0.132,0.000,0.684,
2026-08-11 10:00:00,Tuesday,10,0.115,0.380,0.000,0.000,0.145,0.000,0.640,
2026-08-11 11:00:00,Tuesday,11,0.143,0.328,0.000,0.000,0.090,0.000,0.561,
2026-08-11 12:00:00,Tuesday,12,0.121,0.251,0.000,0.000,0.130,0.000,0.502,
2026-08-11 13:00:00,Tuesday,13,0.145,0.249,0.000,0.683,0.122,0.969,2.168,pralka
2026-08-11 14:00:00,Tuesday,14,0.121,0.000,0.000,0.000,0.225,2.499,2.845,suszarka
2026-08-11 15:00:00,Tuesday,15,0.157,0.000,0.000,0.000,0.116,0.000,0.273,
2026-08-11 16:00:00,Tuesday,16,0.126,0.000,0.000,0.000,0.141,0.000,0.267,
2026-08-11 17:00:00,Tuesday,17,0.134,0.000,0.000,0.000,0.313,0.000,0.447,
2026-08-11 18:00:00,Tuesday,18,0.153,0.000,0.000,0.796,0.331,0.000,1.280,
2026-08-11 19:00:00,Tuesday,19,0.155,0.252,0.000,0.000,0.151,0.802,1.360,zmywarka
2026-08-11 20:00:00,Tuesday,20,0.140,0.383,0.000,0.000,0.222,0.000,0.745,
2026-08-11 21:00:00,Tuesday,21,0.127,0.452,0.193,0.000,0.331,0.000,1.103,
2026-08-11 22:00:00,Tuesday,22,0.137,0.331,0.094,0.000,0.194,0.000,0.756,
2026-08-11 23:00:00,Tuesday,23,0.130,0.465,0.000,0.000,0.000,0.000,0.595,
2026-08-12 00:00:00,Wednesday,0,0.112,0.541,0.000,0.000,0.000,0.000,0.653,
2026-08-12 01:00:00,Wednesday,1,0.149,0.504,0.000,0.000,0.000,0.000,0.653,
2026-08-12 02:00:00,Wednesday,2,0.139,0.807,0.000,0.000,0.000,0.000,0.946,
2026-08-12 03:00:00,Wednesday,3,0.138,0.831,0.000,0.000,0.000,0.000,0.969,
2026-08-12 04:00:00,Wednesday,4,0.156,0.860,0.000,0.000,0.000,0.000,1.016,
2026-08-12 05:00:00,Wednesday,5,0.145,0.838,0.000,0.000,0.000,0.000,0.983,
2026-08-12 06:00:00,Wednesday,6,0.156,1.149,0.000,0.527,0.000,0.000,1.832,
2026-08-12 07:00:00,Wednesday,7,0.123,0.835,0.000,0.403,0.000,0.000,1.361,
2026-08-12 08:00:00,Wednesday,8,0.130,0.825,0.000,0.360,0.000,0.000,1.315,
2026-08-12 09:00:00,Wednesday,9,0.145,0.704,0.000,0.000,0.150,0.000,0.999,
2026-08-12 10:00:00,Wednesday,10,0.112,0.463,0.000,0.000,0.134,0.000,0.709,
2026-08-12 11:00:00,Wednesday,11,0.111,0.393,0.000,0.000,0.100,0.000,0.604,
2026-08-12 12:00:00,Wednesday,12,0.111,0.310,0.000,0.000,0.117,0.000,0.538,
2026-08-12 13:00:00,Wednesday,13,0.122,0.294,0.000,0.897,0.128,0.000,1.441,
2026-08-12 14:00:00,Wednesday,14,0.136,0.000,0.000,0.000,0.105,0.000,0.241,
2026-08-12 15:00:00,Wednesday,15,0.153,0.000,0.000,0.000,0.110,0.000,0.263,
2026-08-12 16:00:00,Wednesday,16,0.130,0.000,0.000,0.000,0.086,0.000,0.216,
2026-08-12 17:00:00,Wednesday,17,0.147,0.219,0.000,0.000,0.221,0.000,0.587,
2026-08-12 18:00:00,Wednesday,18,0.138,0.255,0.000,1.021,0.275,0.000,1.689,
2026-08-12 19:00:00,Wednesday,19,0.156,0.284,0.000,0.000,0.321,0.000,0.761,
2026-08-12 20:00:00,Wednesday,20,0.123,0.347,0.000,0.000,0.184,0.000,0.654,
2026-08-12 21:00:00,Wednesday,21,0.127,0.348,0.248,0.000,0.331,0.000,1.054,
2026-08-12 22:00:00,Wednesday,22,0.138,0.272,0.137,0.000,0.275,0.000,0.822,
2026-08-12 23:00:00,Wednesday,23,0.163,0.298,0.000,0.000,0.000,0.000,0.461,
2026-08-13 00:00:00,Thursday,0,0.143,0.321,0.000,0.000,0.000,0.000,0.464,
2026-08-13 01:00:00,Thursday,1,0.156,0.306,0.000,0.000,0.000,0.000,0.462,
2026-08-13 02:00:00,Thursday,2,0.145,0.452,0.000,0.000,0.000,0.000,0.597,
2026-08-13 03:00:00,Thursday,3,0.132,0.530,0.000,0.000,0.000,0.000,0.662,
2026-08-13 04:00:00,Thursday,4,0.139,0.432,0.000,0.000,0.000,0.000,0.571,
2026-08-13 05:00:00,Thursday,5,0.149,0.592,0.000,0.000,0.000,0.000,0.741,
2026-08-13 06:00:00,Thursday,6,0.126,0.734,0.000,0.364,0.000,0.000,1.224,
2026-08-13 07:00:00,Thursday,7,0.146,0.501,0.000,0.398,0.000,0.000,1.045,
2026-08-13 08:00:00,Thursday,8,0.140,0.341,0.000,0.394,0.000,0.000,0.875,
2026-08-13 09:00:00,Thursday,9,0.152,0.326,0.000,0.000,0.082,0.000,0.560,
2026-08-13 10:00:00,Thursday,10,0.153,0.261,0.000,0.000,0.144,0.000,0.558,
2026-08-13 11:00:00,Thursday,11,0.119,0.245,0.000,0.000,0.135,0.000,0.499,
2026-08-13 12:00:00,Thursday,12,0.141,0.000,0.000,0.000,0.122,0.000,0.263,
2026-08-13 13:00:00,Thursday,13,0.114,0.000,0.000,0.406,0.119,0.000,0.639,
2026-08-13 14:00:00,Thursday,14,0.143,0.000,0.000,0.000,0.215,0.000,0.358,
2026-08-13 15:00:00,Thursday,15,0.158,0.000,0.000,0.000,0.226,0.000,0.384,
2026-08-13 16:00:00,Thursday,16,0.122,0.000,0.000,0.000,0.110,0.000,0.232,
2026-08-13 17:00:00,Thursday,17,0.152,0.000,0.000,1.023,0.239,0.000,1.414,
2026-08-13 18:00:00,Thursday,18,0.128,0.000,0.000,0.000,0.320,0.000,0.448,
2026-08-13 19:00:00,Thursday,19,0.135,0.000,0.000,0.000,0.309,0.000,0.444,
2026-08-13 20:00:00,Thursday,20,0.146,0.000,0.000,0.000,0.154,1.163,1.463,zmywarka
2026-08-13 21:00:00,Thursday,21,0.118,0.000,0.103,0.000,0.263,0.000,0.484,
2026-08-13 22:00:00,Thursday,22,0.146,0.000,0.067,0.000,0.322,0.000,0.535,
2026-08-13 23:00:00,Thursday,23,0.126,0.000,0.000,0.000,0.000,0.000,0.126,
2026-08-14 00:00:00,Friday,0,0.111,0.000,0.000,0.000,0.000,0.000,0.111,
2026-08-14 01:00:00,Friday,1,0.154,0.000,0.000,0.000,0.000,0.000,0.154,
2026-08-14 02:00:00,Friday,2,0.113,0.000,0.000,0.000,0.000,0.000,0.113,
2026-08-14 03:00:00,Friday,3,0.140,0.000,0.000,0.000,0.000,0.000,0.140,
2026-08-14 04:00:00,Friday,4,0.116,0.000,0.000,0.000,0.000,0.000,0.116,
2026-08-14 05:00:00,Friday,5,0.187,0.000,0.000,0.000,0.000,0.000,0.187,
2026-08-14 06:00:00,Friday,6,0.119,0.287,0.000,0.359,0.000,0.000,0.765,
2026-08-14 07:00:00,Friday,7,0.114,0.214,0.000,0.493,0.000,0.000,0.821,
2026-08-14 08:00:00,Friday,8,0.142,0.000,0.000,0.331,0.000,0.000,0.473,
2026-08-14 09:00:00,Friday,9,0.157,0.000,0.000,0.000,0.122,0.000,0.279,
2026-08-14 10:00:00,Friday,10,0.128,0.000,0.000,0.000,0.141,0.000,0.269,
2026-08-14 11:00:00,Friday,11,0.151,0.000,0.000,0.000,0.086,0.000,0.237,
2026-08-14 12:00:00,Friday,12,0.146,0.000,0.000,0.498,0.080,0.000,0.724,
2026-08-14 13:00:00,Friday,13,0.145,0.000,0.000,0.000,0.102,0.000,0.247,
2026-08-14 14:00:00,Friday,14,0.142,0.000,0.000,0.000,0.106,0.000,0.248,
2026-08-14 15:00:00,Friday,15,0.132,0.000,0.000,0.000,0.225,0.000,0.357,
2026-08-14 16:00:00,Friday,16,0.124,0.000,0.000,0.000,0.211,0.000,0.335,
2026-08-14 17:00:00,Friday,17,0.150,0.000,0.000,0.000,0.221,0.000,0.371,
2026-08-14 18:00:00,Friday,18,0.122,0.000,0.000,0.742,0.286,0.000,1.150,
2026-08-14 19:00:00,Friday,19,0.153,0.000,0.000,0.000,0.350,0.941,1.444,zmywarka
2026-08-14 20:00:00,Friday,20,0.114,0.000,0.000,0.000,0.202,0.000,0.316,
2026-08-14 21:00:00,Friday,21,0.150,0.000,0.161,0.000,0.307,0.000,0.618,
2026-08-14 22:00:00,Friday,22,0.136,0.000,0.129,0.000,0.338,0.000,0.603,
2026-08-14 23:00:00,Friday,23,0.147,0.000,0.000,0.000,0.000,0.000,0.147,
2026-08-15 00:00:00,Saturday,0,0.112,0.000,0.000,0.000,0.000,0.000,0.112,
2026-08-15 01:00:00,Saturday,1,0.120,0.000,0.000,0.000,0.000,0.000,0.120,
2026-08-15 02:00:00,Saturday,2,0.167,0.000,0.000,0.000,0.000,0.000,0.167,
2026-08-15 03:00:00,Saturday,3,0.135,0.000,0.000,0.000,0.000,0.000,0.135,
2026-08-15 04:00:00,Saturday,4,0.171,0.000,0.000,0.000,0.000,0.000,0.171,
2026-08-15 05:00:00,Saturday,5,0.111,0.000,0.000,0.000,0.000,0.000,0.111,
2026-08-15 06:00:00,Saturday,6,0.130,0.000,0.000,0.494,0.000,0.000,0.624,
2026-08-15 07:00:00,Saturday,7,0.125,0.000,0.000,0.306,0.000,0.000,0.431,
2026-08-15 08:00:00,Saturday,8,0.154,0.000,0.000,0.555,0.000,0.000,0.709,
2026-08-15 09:00:00,Saturday,9,0.131,0.000,0.000,0.000,0.212,0.763,1.106,pralka
2026-08-15 10:00:00,Saturday,10,0.119,0.000,0.000,0.000,0.241,0.000,0.360,
2026-08-15 11:00:00,Saturday,11,0.112,0.000,0.000,0.000,0.072,0.000,0.184,
2026-08-15 12:00:00,Saturday,12,0.129,0.000,0.000,1.304,0.057,0.000,1.490,
2026-08-15 13:00:00,Saturday,13,0.128,0.000,0.000,0.000,0.199,0.946,1.273,zmywarka
2026-08-15 14:00:00,Saturday,14,0.111,0.000,0.000,0.000,0.054,0.000,0.165,
2026-08-15 15:00:00,Saturday,15,0.145,0.000,0.000,0.000,0.190,0.000,0.335,
2026-08-15 16:00:00,Saturday,16,0.118,0.000,0.000,0.000,0.074,0.000,0.192,
2026-08-15 17:00:00,Saturday,17,0.153,0.000,0.000,0.000,0.338,0.000,0.491,
2026-08-15 18:00:00,Saturday,18,0.113,0.000,0.000,0.684,0.298,0.000,1.095,
2026-08-15 19:00:00,Saturday,19,0.129,0.000,0.000,0.000,0.319,0.000,0.448,
2026-08-15 20:00:00,Saturday,20,0.130,0.000,0.162,0.000,0.349,0.000,0.641,
2026-08-15 21:00:00,Saturday,21,0.129,0.280,0.287,0.000,0.333,0.000,1.029,
2026-08-15 22:00:00,Saturday,22,0.124,0.000,0.066,0.000,0.192,0.000,0.382,
2026-08-15 23:00:00,Saturday,23,0.122,0.222,0.000,0.000,0.000,0.000,0.344,
2026-08-16 00:00:00,Sunday,0,0.151,0.311,0.000,0.000,0.000,0.000,0.462,
2026-08-16 01:00:00,Sunday,1,0.130,0.322,0.000,0.000,0.000,0.000,0.452,
2026-08-16 02:00:00,Sunday,2,0.147,0.393,0.000,0.000,0.000,0.000,0.540,
2026-08-16 03:00:00,Sunday,3,0.110,0.517,0.000,0.000,0.000,0.000,0.627,
2026-08-16 04:00:00,Sunday,4,0.122,0.539,0.000,0.000,0.000,0.000,0.661,
2026-08-16 05:00:00,Sunday,5,0.137,0.569,0.000,0.000,0.000,0.000,0.706,
2026-08-16 06:00:00,Sunday,6,0.143,0.630,0.000,0.472,0.000,0.000,1.245,
2026-08-16 07:00:00,Sunday,7,0.140,0.648,0.000,0.489,0.000,0.000,1.277,
2026-08-16 08:00:00,Sunday,8,0.126,0.502,0.000,0.414,0.000,0.000,1.042,
2026-08-16 09:00:00,Sunday,9,0.134,0.482,0.000,0.000,0.234,0.000,0.850,
2026-08-16 10:00:00,Sunday,10,0.115,0.296,0.000,0.000,0.195,0.000,0.606,
2026-08-16 11:00:00,Sunday,11,0.112,0.285,0.000,0.000,0.228,0.000,0.625,
2026-08-16 12:00:00,Sunday,12,0.144,0.246,0.000,0.512,0.233,0.000,1.135,
2026-08-16 13:00:00,Sunday,13,0.132,0.000,0.000,0.000,0.170,0.000,0.302,
2026-08-16 14:00:00,Sunday,14,0.119,0.000,0.000,0.000,0.162,1.117,1.398,zmywarka
2026-08-16 15:00:00,Sunday,15,0.122,0.000,0.000,0.000,0.189,0.000,0.311,
2026-08-16 16:00:00,Sunday,16,0.119,0.000,0.000,0.000,0.093,0.000,0.212,
2026-08-16 17:00:00,Sunday,17,0.127,0.000,0.000,0.000,0.184,0.000,0.311,
2026-08-16 18:00:00,Sunday,18,0.124,0.000,0.000,0.685,0.205,0.000,1.014,
2026-08-16 19:00:00,Sunday,19,0.115,0.000,0.000,0.000,0.320,0.000,0.435,
2026-08-16 20:00:00,Sunday,20,0.128,0.276,0.238,0.000,0.246,0.000,0.888,
2026-08-16 21:00:00,Sunday,21,0.155,0.361,0.136,0.000,0.219,0.000,0.871,
2026-08-16 22:00:00,Sunday,22,0.149,0.256,0.147,0.000,0.152,0.000,0.704,
2026-08-16 23:00:00,Sunday,23,0.123,0.263,0.000,0.000,0.000,0.000,0.386,
2026-08-17 00:00:00,Monday,0,0.180,0.372,0.000,0.000,0.000,0.000,0.552,
2026-08-17 01:00:00,Monday,1,0.140,0.336,0.000,0.000,0.000,0.000,0.476,
2026-08-17 02:00:00,Monday,2,0.146,0.358,0.000,0.000,0.000,0.000,0.504,
2026-08-17 03:00:00,Monday,3,0.142,0.417,0.000,0.000,0.000,0.000,0.559,
2026-08-17 04:00:00,Monday,4,0.115,0.511,0.000,0.000,0.000,0.000,0.626,
2026-08-17 05:00:00,Monday,5,0.163,0.464,0.000,0.000,0.000,0.000,0.627,
2026-08-17 06:00:00,Monday,6,0.115,0.607,0.000,0.418,0.000,0.000,1.140,
2026-08-17 07:00:00,Monday,7,0.133,0.795,0.000,0.177,0.000,0.000,1.105,
2026-08-17 08:00:00,Monday,8,0.121,0.757,0.000,0.333,0.000,0.000,1.211,
2026-08-17 09:00:00,Monday,9,0.141,0.536,0.000,0.000,0.000,0.000,0.677,
2026-08-17 10:00:00,Monday,10,0.124,0.401,0.000,0.000,0.000,0.000,0.525,
2026-08-17 11:00:00,Monday,11,0.113,0.353,0.000,0.000,0.000,0.000,0.466,
2026-08-17 12:00:00,Monday,12,0.114,0.218,0.000,0.000,0.000,0.000,0.332,
2026-08-17 13:00:00,Monday,13,0.141,0.000,0.000,0.000,0.000,0.000,0.141,
2026-08-17 14:00:00,Monday,14,0.136,0.000,0.000,0.000,0.114,0.000,0.250,
2026-08-17 15:00:00,Monday,15,0.111,0.000,0.000,0.000,0.196,0.000,0.307,
2026-08-17 16:00:00,Monday,16,0.146,0.000,0.000,0.000,0.161,0.000,0.307,
2026-08-17 17:00:00,Monday,17,0.133,0.000,0.000,0.000,0.237,0.000,0.370,
2026-08-17 18:00:00,Monday,18,0.117,0.000,0.000,0.730,0.211,0.000,1.058,
2026-08-17 19:00:00,Monday,19,0.112,0.247,0.000,0.000,0.250,0.909,1.518,zmywarka
2026-08-17 20:00:00,Monday,20,0.147,0.336,0.222,0.000,0.319,0.000,1.024,
2026-08-17 21:00:00,Monday,21,0.147,0.362,0.120,0.000,0.176,0.000,0.805,
2026-08-17 22:00:00,Monday,22,0.159,0.280,0.083,0.000,0.180,0.000,0.702,
2026-08-17 23:00:00,Monday,23,0.147,0.396,0.000,0.000,0.000,0.000,0.543,
2026-08-18 00:00:00,Tuesday,0,0.113,0.450,0.000,0.000,0.000,0.000,0.563,
2026-08-18 01:00:00,Tuesday,1,0.140,0.561,0.000,0.000,0.000,0.000,0.701,
2026-08-18 02:00:00,Tuesday,2,0.153,0.651,0.000,0.000,0.000,0.000,0.804,
2026-08-18 03:00:00,Tuesday,3,0.124,0.647,0.000,0.000,0.000,0.000,0.771,
2026-08-18 04:00:00,Tuesday,4,0.121,0.728,0.000,0.000,0.000,0.000,0.849,
2026-08-18 05:00:00,Tuesday,5,0.148,0.673,0.000,0.000,0.000,0.000,0.821,
2026-08-18 06:00:00,Tuesday,6,0.121,0.771,0.000,0.557,0.000,0.000,1.449,
2026-08-18 07:00:00,Tuesday,7,0.139,0.679,0.000,0.347,0.000,0.000,1.165,
2026-08-18 08:00:00,Tuesday,8,0.130,0.639,0.000,0.362,0.000,0.000,1.131,
2026-08-18 09:00:00,Tuesday,9,0.130,0.548,0.000,0.000,0.133,0.000,0.811,
2026-08-18 10:00:00,Tuesday,10,0.113,0.497,0.000,0.000,0.126,0.000,0.736,
2026-08-18 11:00:00,Tuesday,11,0.117,0.367,0.000,0.000,0.106,0.000,0.590,
2026-08-18 12:00:00,Tuesday,12,0.145,0.342,0.000,0.000,0.143,0.694,1.324,pralka
2026-08-18 13:00:00,Tuesday,13,0.159,0.293,0.000,0.741,0.122,0.000,1.315,
2026-08-18 14:00:00,Tuesday,14,0.145,0.250,0.000,0.000,0.236,0.000,0.631,
2026-08-18 15:00:00,Tuesday,15,0.128,0.272,0.000,0.000,0.249,0.000,0.649,
2026-08-18 16:00:00,Tuesday,16,0.111,0.288,0.000,0.000,0.105,0.000,0.504,
2026-08-18 17:00:00,Tuesday,17,0.127,0.229,0.000,0.000,0.294,0.000,0.650,
2026-08-18 18:00:00,Tuesday,18,0.121,0.254,0.000,0.894,0.293,0.000,1.562,
2026-08-18 19:00:00,Tuesday,19,0.142,0.361,0.000,0.000,0.285,1.185,1.973,zmywarka
2026-08-18 20:00:00,Tuesday,20,0.139,0.351,0.125,0.000,0.184,0.000,0.799,
2026-08-18 21:00:00,Tuesday,21,0.155,0.456,0.188,0.000,0.265,0.000,1.064,
2026-08-18 22:00:00,Tuesday,22,0.151,0.304,0.098,0.000,0.349,0.000,0.902,
2026-08-18 23:00:00,Tuesday,23,0.127,0.374,0.000,0.000,0.000,0.000,0.501,
2026-08-19 00:00:00,Wednesday,0,0.129,0.388,0.000,0.000,0.000,0.000,0.517,
2026-08-19 01:00:00,Wednesday,1,0.179,0.298,0.000,0.000,0.000,0.000,0.477,
2026-08-19 02:00:00,Wednesday,2,0.154,0.356,0.000,0.000,0.000,0.000,0.510,
2026-08-19 03:00:00,Wednesday,3,0.148,0.410,0.000,0.000,0.000,0.000,0.558,
2026-08-19 04:00:00,Wednesday,4,0.119,0.379,0.000,0.000,0.000,0.000,0.498,
2026-08-19 05:00:00,Wednesday,5,0.142,0.367,0.000,0.000,0.000,0.000,0.509,
2026-08-19 06:00:00,Wednesday,6,0.141,0.457,0.000,0.354,0.000,0.000,0.952,
2026-08-19 07:00:00,Wednesday,7,0.133,0.510,0.000,0.507,0.000,0.000,1.150,
2026-08-19 08:00:00,Wednesday,8,0.114,0.623,0.000,0.531,0.000,0.000,1.268,
2026-08-19 09:00:00,Wednesday,9,0.138,0.611,0.000,0.000,0.116,0.000,0.865,
2026-08-19 10:00:00,Wednesday,10,0.135,0.615,0.000,0.000,0.149,0.000,0.899,
2026-08-19 11:00:00,Wednesday,11,0.153,0.503,0.000,0.000,0.089,0.000,0.745,
2026-08-19 12:00:00,Wednesday,12,0.146,0.356,0.000,0.372,0.107,0.000,0.981,
2026-08-19 13:00:00,Wednesday,13,0.154,0.349,0.000,0.000,0.142,0.000,0.645,
2026-08-19 14:00:00,Wednesday,14,0.144,0.507,0.000,0.000,0.145,0.000,0.796,
2026-08-19 15:00:00,Wednesday,15,0.138,0.451,0.000,0.000,0.117,0.000,0.706,
2026-08-19 16:00:00,Wednesday,16,0.142,0.285,0.000,0.000,0.200,0.000,0.627,
2026-08-19 17:00:00,Wednesday,17,0.115,0.217,0.000,0.000,0.235,0.000,0.567,
2026-08-19 18:00:00,Wednesday,18,0.136,0.000,0.000,0.823,0.205,0.000,1.164,
2026-08-19 19:00:00,Wednesday,19,0.134,0.197,0.000,0.000,0.225,1.117,1.673,zmywarka
2026-08-19 20:00:00,Wednesday,20,0.147,0.276,0.000,0.000,0.254,0.000,0.677,
2026-08-19 21:00:00,Wednesday,21,0.119,0.330,0.255,0.000,0.344,0.000,1.048,
2026-08-19 22:00:00,Wednesday,22,0.148,0.270,0.127,0.000,0.338,0.000,0.883,
2026-08-19 23:00:00,Wednesday,23,0.135,0.337,0.000,0.000,0.000,0.000,0.472,
2026-08-20 00:00:00,Thursday,0,0.116,0.391,0.000,0.000,0.000,0.000,0.507,
2026-08-20 01:00:00,Thursday,1,0.136,0.417,0.000,0.000,0.000,0.000,0.553,
2026-08-20 02:00:00,Thursday,2,0.126,0.443,0.000,0.000,0.000,0.000,0.569,
2026-08-20 03:00:00,Thursday,3,0.165,0.579,0.000,0.000,0.000,0.000,0.744,
2026-08-20 04:00:00,Thursday,4,0.175,0.636,0.000,0.000,0.000,0.000,0.811,
2026-08-20 05:00:00,Thursday,5,0.166,0.562,0.000,0.000,0.000,0.000,0.728,
2026-08-20 06:00:00,Thursday,6,0.123,0.765,0.000,0.360,0.000,0.000,1.248,
2026-08-20 07:00:00,Thursday,7,0.138,0.837,0.000,0.506,0.000,0.000,1.481,
2026-08-20 08:00:00,Thursday,8,0.151,0.670,0.000,0.475,0.000,0.000,1.296,
2026-08-20 09:00:00,Thursday,9,0.111,0.579,0.000,0.000,0.000,0.000,0.690,
2026-08-20 10:00:00,Thursday,10,0.146,0.480,0.000,0.000,0.000,0.000,0.626,
2026-08-20 11:00:00,Thursday,11,0.124,0.334,0.000,0.000,0.000,0.000,0.458,
2026-08-20 12:00:00,Thursday,12,0.157,0.333,0.000,0.000,0.000,0.000,0.490,
2026-08-20 13:00:00,Thursday,13,0.151,0.231,0.000,0.000,0.000,0.000,0.382,
2026-08-20 14:00:00,Thursday,14,0.112,0.000,0.000,0.000,0.106,0.000,0.218,
2026-08-20 15:00:00,Thursday,15,0.137,0.000,0.000,0.000,0.115,0.000,0.252,
2026-08-20 16:00:00,Thursday,16,0.142,0.000,0.000,0.000,0.083,0.000,0.225,
2026-08-20 17:00:00,Thursday,17,0.144,0.000,0.000,1.531,0.270,0.000,1.945,
2026-08-20 18:00:00,Thursday,18,0.138,0.238,0.000,0.000,0.284,0.000,0.660,
2026-08-20 19:00:00,Thursday,19,0.130,0.250,0.000,0.000,0.186,0.000,0.566,
2026-08-20 20:00:00,Thursday,20,0.129,0.403,0.000,0.000,0.184,0.959,1.675,zmywarka
2026-08-20 21:00:00,Thursday,21,0.133,0.353,0.141,0.000,0.239,0.000,0.866,
2026-08-20 22:00:00,Thursday,22,0.157,0.232,0.147,0.000,0.283,0.000,0.819,
2026-08-20 23:00:00,Thursday,23,0.187,0.000,0.000,0.000,0.000,0.000,0.187,
2026-08-21 00:00:00,Friday,0,0.157,0.251,0.000,0.000,0.000,0.000,0.408,
2026-08-21 01:00:00,Friday,1,0.136,0.313,0.000,0.000,0.000,0.000,0.449,
2026-08-21 02:00:00,Friday,2,0.154,0.583,0.000,0.000,0.000,0.000,0.737,
2026-08-21 03:00:00,Friday,3,0.121,0.521,0.000,0.000,0.000,0.000,0.642,
2026-08-21 04:00:00,Friday,4,0.137,0.533,0.000,0.000,0.000,0.000,0.670,
2026-08-21 05:00:00,Friday,5,0.140,0.550,0.000,0.000,0.000,0.000,0.690,
2026-08-21 06:00:00,Friday,6,0.131,0.849,0.000,0.504,0.000,0.000,1.484,
2026-08-21 07:00:00,Friday,7,0.140,0.676,0.000,0.456,0.000,0.000,1.272,
2026-08-21 08:00:00,Friday,8,0.111,0.578,0.000,0.509,0.000,0.000,1.198,
2026-08-21 09:00:00,Friday,9,0.147,0.559,0.000,0.000,0.000,0.000,0.706,
2026-08-21 10:00:00,Friday,10,0.116,0.371,0.000,0.000,0.000,0.000,0.487,
2026-08-21 11:00:00,Friday,11,0.133,0.311,0.000,0.000,0.000,0.702,1.146,pralka
2026-08-21 12:00:00,Friday,12,0.121,0.194,0.000,0.000,0.000,2.393,2.708,suszarka
2026-08-21 13:00:00,Friday,13,0.155,0.000,0.000,0.000,0.000,0.000,0.155,
2026-08-21 14:00:00,Friday,14,0.140,0.000,0.000,0.000,0.133,0.000,0.273,
2026-08-21 15:00:00,Friday,15,0.154,0.000,0.000,0.000,0.215,0.000,0.369,
2026-08-21 16:00:00,Friday,16,0.120,0.000,0.000,0.000,0.151,0.000,0.271,
2026-08-21 17:00:00,Friday,17,0.130,0.000,0.000,0.000,0.202,0.000,0.332,
2026-08-21 18:00:00,Friday,18,0.159,0.000,0.000,1.408,0.223,0.000,1.790,
2026-08-21 19:00:00,Friday,19,0.146,0.000,0.000,0.000,0.324,0.800,1.270,zmywarka
2026-08-21 20:00:00,Friday,20,0.138,0.269,0.238,0.000,0.219,0.000,0.864,
2026-08-21 21:00:00,Friday,21,0.159,0.374,0.136,0.000,0.333,0.000,1.002,
2026-08-21 22:00:00,Friday,22,0.118,0.197,0.091,0.000,0.194,0.000,0.600,
2026-08-21 23:00:00,Friday,23,0.170,0.279,0.000,0.000,0.000,0.000,0.449,
2026-08-22 00:00:00,Saturday,0,0.156,0.000,0.000,0.000,0.000,0.000,0.156,wyjazd / nieobecność
2026-08-22 01:00:00,Saturday,1,0.113,0.000,0.000,0.000,0.000,0.000,0.113,wyjazd / nieobecność
2026-08-22 02:00:00,Saturday,2,0.118,0.260,0.000,0.000,0.000,0.000,0.378,wyjazd / nieobecność
2026-08-22 03:00:00,Saturday,3,0.146,0.330,0.000,0.000,0.000,0.000,0.476,wyjazd / nieobecność
2026-08-22 04:00:00,Saturday,4,0.154,0.384,0.000,0.000,0.000,0.000,0.538,wyjazd / nieobecność
2026-08-22 05:00:00,Saturday,5,0.123,0.355,0.000,0.000,0.000,0.000,0.478,wyjazd / nieobecność
2026-08-22 06:00:00,Saturday,6,0.131,0.383,0.000,0.000,0.000,0.000,0.514,wyjazd / nieobecność
2026-08-22 07:00:00,Saturday,7,0.116,0.477,0.000,0.000,0.000,0.000,0.593,wyjazd / nieobecność
2026-08-22 08:00:00,Saturday,8,0.127,0.319,0.000,0.000,0.000,0.000,0.446,wyjazd / nieobecność
2026-08-22 09:00:00,Saturday,9,0.126,0.000,0.000,0.000,0.000,0.000,0.126,wyjazd / nieobecność
2026-08-22 10:00:00,Saturday,10,0.127,0.000,0.000,0.000,0.000,0.000,0.127,wyjazd / nieobecność
2026-08-22 11:00:00,Saturday,11,0.119,0.000,0.000,0.000,0.000,0.000,0.119,wyjazd / nieobecność
2026-08-22 12:00:00,Saturday,12,0.143,0.000,0.000,0.000,0.000,0.000,0.143,wyjazd / nieobecność
2026-08-22 13:00:00,Saturday,13,0.147,0.000,0.000,0.000,0.000,0.000,0.147,wyjazd / nieobecność
2026-08-22 14:00:00,Saturday,14,0.121,0.000,0.000,0.000,0.000,0.000,0.121,wyjazd / nieobecność
2026-08-22 15:00:00,Saturday,15,0.133,0.000,0.000,0.000,0.000,0.000,0.133,wyjazd / nieobecność
2026-08-22 16:00:00,Saturday,16,0.137,0.000,0.000,0.000,0.000,0.000,0.137,wyjazd / nieobecność
2026-08-22 17:00:00,Saturday,17,0.146,0.000,0.000,0.000,0.000,0.000,0.146,wyjazd / nieobecność
2026-08-22 18:00:00,Saturday,18,0.123,0.000,0.000,0.000,0.000,0.000,0.123,wyjazd / nieobecność
2026-08-22 19:00:00,Saturday,19,0.157,0.000,0.000,0.000,0.000,0.000,0.157,wyjazd / nieobecność
2026-08-22 20:00:00,Saturday,20,0.117,0.000,0.000,0.000,0.000,0.000,0.117,wyjazd / nieobecność
2026-08-22 21:00:00,Saturday,21,0.154,0.000,0.000,0.000,0.000,0.000,0.154,wyjazd / nieobecność
2026-08-22 22:00:00,Saturday,22,0.131,0.000,0.000,0.000,0.000,0.000,0.131,wyjazd / nieobecność
2026-08-22 23:00:00,Saturday,23,0.135,0.000,0.000,0.000,0.000,0.000,0.135,wyjazd / nieobecność
2026-08-23 00:00:00,Sunday,0,0.156,0.447,0.000,0.000,0.000,0.000,0.603,
2026-08-23 01:00:00,Sunday,1,0.143,0.559,0.000,0.000,0.000,0.000,0.702,
2026-08-23 02:00:00,Sunday,2,0.150,0.608,0.000,0.000,0.000,0.000,0.758,
2026-08-23 03:00:00,Sunday,3,0.138,0.757,0.000,0.000,0.000,0.000,0.895,
2026-08-23 04:00:00,Sunday,4,0.129,0.769,0.000,0.000,0.000,0.000,0.898,
2026-08-23 05:00:00,Sunday,5,0.123,0.578,0.000,0.000,0.000,0.000,0.701,
2026-08-23 06:00:00,Sunday,6,0.113,0.800,0.000,0.606,0.000,0.000,1.519,
2026-08-23 07:00:00,Sunday,7,0.136,0.743,0.000,0.304,0.000,0.000,1.183,
2026-08-23 08:00:00,Sunday,8,0.146,0.827,0.000,0.420,0.000,0.000,1.393,
2026-08-23 09:00:00,Sunday,9,0.142,0.755,0.000,0.000,0.086,0.000,0.983,
2026-08-23 10:00:00,Sunday,10,0.143,0.604,0.000,0.000,0.121,0.000,0.868,
2026-08-23 11:00:00,Sunday,11,0.144,0.544,0.000,0.000,0.095,0.000,0.783,
2026-08-23 12:00:00,Sunday,12,0.116,0.461,0.000,0.000,0.151,0.000,0.728,
2026-08-23 13:00:00,Sunday,13,0.116,0.364,0.000,0.909,0.192,1.119,2.700,zmywarka
2026-08-23 14:00:00,Sunday,14,0.113,0.444,0.000,0.000,0.241,0.000,0.798,
2026-08-23 15:00:00,Sunday,15,0.122,0.437,0.000,0.000,0.097,0.000,0.656,
2026-08-23 16:00:00,Sunday,16,0.133,0.520,0.000,0.000,0.065,0.000,0.718,
2026-08-23 17:00:00,Sunday,17,0.160,0.336,0.000,0.000,0.227,0.000,0.723,
2026-08-23 18:00:00,Sunday,18,0.148,0.322,0.000,1.308,0.245,0.000,2.023,
2026-08-23 19:00:00,Sunday,19,0.129,0.382,0.000,0.000,0.323,0.000,0.834,
2026-08-23 20:00:00,Sunday,20,0.149,0.548,0.293,0.000,0.222,0.000,1.212,
2026-08-23 21:00:00,Sunday,21,0.147,0.655,0.161,0.000,0.196,0.000,1.159,
2026-08-23 22:00:00,Sunday,22,0.141,0.488,0.089,0.000,0.254,0.000,0.972,
2026-08-23 23:00:00,Sunday,23,0.125,0.578,0.000,0.000,0.000,0.000,0.703,
2026-08-24 00:00:00,Monday,0,0.124,0.642,0.000,0.000,0.000,0.000,0.766,
2026-08-24 01:00:00,Monday,1,0.126,0.517,0.000,0.000,0.000,0.000,0.643,
2026-08-24 02:00:00,Monday,2,0.118,0.436,0.000,0.000,0.000,0.000,0.554,
2026-08-24 03:00:00,Monday,3,0.176,0.552,0.000,0.000,0.000,0.000,0.728,
2026-08-24 04:00:00,Monday,4,0.170,0.450,0.000,0.000,0.000,0.000,0.620,
2026-08-24 05:00:00,Monday,5,0.163,0.489,0.000,0.000,0.000,0.000,0.652,
2026-08-24 06:00:00,Monday,6,0.136,0.826,0.000,0.363,0.000,0.000,1.325,
2026-08-24 07:00:00,Monday,7,0.143,0.640,0.000,0.289,0.000,0.000,1.072,
2026-08-24 08:00:00,Monday,8,0.121,0.670,0.000,0.457,0.000,0.000,1.248,
2026-08-24 09:00:00,Monday,9,0.112,0.579,0.000,0.000,0.100,0.000,0.791,
2026-08-24 10:00:00,Monday,10,0.113,0.298,0.000,0.000,0.107,0.000,0.518,
2026-08-24 11:00:00,Monday,11,0.149,0.202,0.000,0.000,0.105,0.000,0.456,
2026-08-24 12:00:00,Monday,12,0.150,0.000,0.000,0.654,0.081,0.000,0.885,
2026-08-24 13:00:00,Monday,13,0.122,0.000,0.000,0.000,0.136,0.000,0.258,
2026-08-24 14:00:00,Monday,14,0.135,0.000,0.000,0.000,0.127,0.000,0.262,
2026-08-24 15:00:00,Monday,15,0.144,0.000,0.000,0.000,0.109,0.000,0.253,
2026-08-24 16:00:00,Monday,16,0.125,0.000,0.000,0.000,0.134,0.000,0.259,
2026-08-24 17:00:00,Monday,17,0.160,0.000,0.000,0.623,0.278,0.000,1.061,
2026-08-24 18:00:00,Monday,18,0.112,0.000,0.000,0.000,0.289,0.000,0.401,
2026-08-24 19:00:00,Monday,19,0.160,0.000,0.000,0.000,0.271,0.000,0.431,
2026-08-24 20:00:00,Monday,20,0.117,0.292,0.000,0.000,0.174,1.060,1.643,zmywarka
2026-08-24 21:00:00,Monday,21,0.158,0.396,0.202,0.000,0.214,0.000,0.970,
2026-08-24 22:00:00,Monday,22,0.154,0.361,0.060,0.000,0.309,0.000,0.884,
2026-08-24 23:00:00,Monday,23,0.140,0.356,0.000,0.000,0.000,0.000,0.496,
2026-08-25 00:00:00,Tuesday,0,0.151,0.428,0.000,0.000,0.000,0.000,0.579,
2026-08-25 01:00:00,Tuesday,1,0.138,0.587,0.000,0.000,0.000,0.000,0.725,
2026-08-25 02:00:00,Tuesday,2,0.155,0.733,0.000,0.000,0.000,0.000,0.888,
2026-08-25 03:00:00,Tuesday,3,0.171,0.665,0.000,0.000,0.000,0.000,0.836,
2026-08-25 04:00:00,Tuesday,4,0.133,0.752,0.000,0.000,0.000,0.000,0.885,
2026-08-25 05:00:00,Tuesday,5,0.135,0.778,0.000,0.000,0.000,0.000,0.913,
2026-08-25 06:00:00,Tuesday,6,0.140,0.879,0.000,0.543,0.000,0.000,1.562,
2026-08-25 07:00:00,Tuesday,7,0.141,0.997,0.000,0.495,0.000,0.000,1.633,
2026-08-25 08:00:00,Tuesday,8,0.139,0.719,0.000,0.263,0.000,0.000,1.121,
2026-08-25 09:00:00,Tuesday,9,0.157,0.704,0.000,0.000,0.133,0.000,0.994,
2026-08-25 10:00:00,Tuesday,10,0.140,0.470,0.000,0.000,0.132,0.000,0.742,
2026-08-25 11:00:00,Tuesday,11,0.150,0.358,0.000,0.000,0.114,0.000,0.622,
2026-08-25 12:00:00,Tuesday,12,0.137,0.288,0.000,0.000,0.132,0.000,0.557,
2026-08-25 13:00:00,Tuesday,13,0.141,0.208,0.000,0.780,0.081,0.000,1.210,
2026-08-25 14:00:00,Tuesday,14,0.127,0.000,0.000,0.000,0.083,0.839,1.049,pralka
2026-08-25 15:00:00,Tuesday,15,0.124,0.000,0.000,0.000,0.178,1.651,1.953,suszarka
2026-08-25 16:00:00,Tuesday,16,0.146,0.000,0.000,0.000,0.126,0.000,0.272,
2026-08-25 17:00:00,Tuesday,17,0.159,0.000,0.000,0.698,0.223,0.000,1.080,
2026-08-25 18:00:00,Tuesday,18,0.155,0.000,0.000,0.000,0.227,0.000,0.382,
2026-08-25 19:00:00,Tuesday,19,0.111,0.000,0.000,0.000,0.211,0.000,0.322,
2026-08-25 20:00:00,Tuesday,20,0.146,0.306,0.000,0.000,0.340,1.092,1.884,zmywarka
2026-08-25 21:00:00,Tuesday,21,0.137,0.395,0.221,0.000,0.279,0.000,1.032,
2026-08-25 22:00:00,Tuesday,22,0.123,0.211,0.082,0.000,0.210,0.000,0.626,
2026-08-25 23:00:00,Tuesday,23,0.147,0.252,0.000,0.000,0.000,0.000,0.399,
2026-08-26 00:00:00,Wednesday,0,0.153,0.250,0.000,0.000,0.000,0.000,0.403,
2026-08-26 01:00:00,Wednesday,1,0.120,0.249,0.000,0.000,0.000,0.000,0.369,
2026-08-26 02:00:00,Wednesday,2,0.130,0.409,0.000,0.000,0.000,0.000,0.539,
2026-08-26 03:00:00,Wednesday,3,0.133,0.535,0.000,0.000,0.000,0.000,0.668,
2026-08-26 04:00:00,Wednesday,4,0.147,0.476,0.000,0.000,0.000,0.000,0.623,
2026-08-26 05:00:00,Wednesday,5,0.157,0.428,0.000,0.000,0.000,0.000,0.585,
2026-08-26 06:00:00,Wednesday,6,0.140,0.505,0.000,0.302,0.000,0.000,0.947,
2026-08-26 07:00:00,Wednesday,7,0.112,0.559,0.000,0.356,0.000,0.000,1.027,
2026-08-26 08:00:00,Wednesday,8,0.134,0.391,0.000,0.530,0.000,0.000,1.055,
2026-08-26 09:00:00,Wednesday,9,0.152,0.392,0.000,0.000,0.134,0.000,0.678,
2026-08-26 10:00:00,Wednesday,10,0.118,0.259,0.000,0.000,0.114,0.000,0.491,
2026-08-26 11:00:00,Wednesday,11,0.141,0.000,0.000,0.000,0.122,0.000,0.263,
2026-08-26 12:00:00,Wednesday,12,0.155,0.000,0.000,0.430,0.109,0.000,0.694,
2026-08-26 13:00:00,Wednesday,13,0.123,0.000,0.000,0.000,0.122,0.000,0.245,
2026-08-26 14:00:00,Wednesday,14,0.138,0.000,0.000,0.000,0.205,0.000,0.343,
2026-08-26 15:00:00,Wednesday,15,0.127,0.000,0.000,0.000,0.226,0.000,0.353,
2026-08-26 16:00:00,Wednesday,16,0.146,0.000,0.000,0.000,0.173,0.000,0.319,
2026-08-26 17:00:00,Wednesday,17,0.128,0.000,0.000,0.676,0.168,0.000,0.972,
2026-08-26 18:00:00,Wednesday,18,0.147,0.000,0.000,0.000,0.331,0.000,0.478,
2026-08-26 19:00:00,Wednesday,19,0.118,0.000,0.000,0.000,0.263,0.000,0.381,
2026-08-26 20:00:00,Wednesday,20,0.142,0.226,0.000,0.000,0.225,0.933,1.526,zmywarka
2026-08-26 21:00:00,Wednesday,21,0.147,0.313,0.256,0.000,0.258,0.000,0.974,
2026-08-26 22:00:00,Wednesday,22,0.144,0.253,0.059,0.000,0.245,0.000,0.701,
2026-08-26 23:00:00,Wednesday,23,0.141,0.298,0.000,0.000,0.000,0.000,0.439,
2026-08-27 00:00:00,Thursday,0,0.157,0.418,0.000,0.000,0.000,0.000,0.575,
2026-08-27 01:00:00,Thursday,1,0.148,0.433,0.000,0.000,0.000,0.000,0.581,
2026-08-27 02:00:00,Thursday,2,0.138,0.451,0.000,0.000,0.000,0.000,0.589,
2026-08-27 03:00:00,Thursday,3,0.159,0.542,0.000,0.000,0.000,0.000,0.701,
2026-08-27 04:00:00,Thursday,4,0.115,0.532,0.000,0.000,0.000,0.000,0.647,
2026-08-27 05:00:00,Thursday,5,0.118,0.525,0.000,0.000,0.000,0.000,0.643,
2026-08-27 06:00:00,Thursday,6,0.123,0.594,0.000,0.447,0.000,0.000,1.164,
2026-08-27 07:00:00,Thursday,7,0.156,0.692,0.000,0.313,0.000,0.000,1.161,
2026-08-27 08:00:00,Thursday,8,0.148,0.530,0.000,0.311,0.000,0.000,0.989,
2026-08-27 09:00:00,Thursday,9,0.130,0.388,0.000,0.000,0.139,0.000,0.657,
2026-08-27 10:00:00,Thursday,10,0.157,0.289,0.000,0.000,0.124,0.000,0.570,
2026-08-27 11:00:00,Thursday,11,0.137,0.000,0.000,0.000,0.099,0.000,0.236,
2026-08-27 12:00:00,Thursday,12,0.122,0.000,0.000,0.000,0.112,0.000,0.234,
2026-08-27 13:00:00,Thursday,13,0.143,0.000,0.000,0.760,0.081,0.928,1.912,pralka
2026-08-27 14:00:00,Thursday,14,0.144,0.000,0.000,0.000,0.160,1.551,1.855,suszarka
2026-08-27 15:00:00,Thursday,15,0.159,0.000,0.000,0.000,0.178,0.000,0.337,
2026-08-27 16:00:00,Thursday,16,0.156,0.000,0.000,0.000,0.133,0.000,0.289,
2026-08-27 17:00:00,Thursday,17,0.157,0.000,0.000,0.000,0.296,0.000,0.453,
2026-08-27 18:00:00,Thursday,18,0.123,0.000,0.000,0.725,0.287,0.000,1.135,
2026-08-27 19:00:00,Thursday,19,0.124,0.000,0.000,0.000,0.206,1.114,1.444,zmywarka
2026-08-27 20:00:00,Thursday,20,0.153,0.232,0.229,0.000,0.220,0.000,0.834,
2026-08-27 21:00:00,Thursday,21,0.110,0.315,0.235,0.000,0.266,0.000,0.926,
2026-08-27 22:00:00,Thursday,22,0.111,0.247,0.143,0.000,0.204,0.000,0.705,
2026-08-27 23:00:00,Thursday,23,0.151,0.190,0.000,0.000,0.000,0.000,0.341,
2026-08-28 00:00:00,Friday,0,0.133,0.000,0.000,0.000,0.000,0.000,0.133,
2026-08-28 01:00:00,Friday,1,0.140,0.000,0.000,0.000,0.000,0.000,0.140,
2026-08-28 02:00:00,Friday,2,0.120,0.000,0.000,0.000,0.000,0.000,0.120,
2026-08-28 03:00:00,Friday,3,0.170,0.000,0.000,0.000,0.000,0.000,0.170,
2026-08-28 04:00:00,Friday,4,0.155,0.000,0.000,0.000,0.000,0.000,0.155,
2026-08-28 05:00:00,Friday,5,0.139,0.000,0.000,0.000,0.000,0.000,0.139,
2026-08-28 06:00:00,Friday,6,0.144,0.275,0.000,0.283,0.000,0.000,0.702,
2026-08-28 07:00:00,Friday,7,0.119,0.303,0.000,0.384,0.000,0.000,0.806,
2026-08-28 08:00:00,Friday,8,0.117,0.224,0.000,0.283,0.000,0.000,0.624,
2026-08-28 09:00:00,Friday,9,0.125,0.000,0.000,0.000,0.000,0.000,0.125,
2026-08-28 10:00:00,Friday,10,0.145,0.000,0.000,0.000,0.000,0.000,0.145,
2026-08-28 11:00:00,Friday,11,0.123,0.000,0.000,0.000,0.000,0.000,0.123,
2026-08-28 12:00:00,Friday,12,0.153,0.000,0.000,0.000,0.000,0.000,0.153,
2026-08-28 13:00:00,Friday,13,0.127,0.000,0.000,0.000,0.000,0.000,0.127,
2026-08-28 14:00:00,Friday,14,0.149,0.000,0.000,0.000,0.162,0.000,0.311,
2026-08-28 15:00:00,Friday,15,0.141,0.000,0.000,0.000,0.176,0.000,0.317,
2026-08-28 16:00:00,Friday,16,0.155,0.000,0.000,0.000,0.151,0.000,0.306,
2026-08-28 17:00:00,Friday,17,0.136,0.000,0.000,0.000,0.288,0.000,0.424,
2026-08-28 18:00:00,Friday,18,0.117,0.000,0.000,0.774,0.341,0.000,1.232,
2026-08-28 19:00:00,Friday,19,0.124,0.000,0.000,0.000,0.337,0.919,1.380,zmywarka
2026-08-28 20:00:00,Friday,20,0.127,0.000,0.251,0.000,0.235,0.000,0.613,
2026-08-28 21:00:00,Friday,21,0.142,0.212,0.126,0.000,0.264,0.000,0.744,
2026-08-28 22:00:00,Friday,22,0.118,0.000,0.062,0.000,0.259,0.000,0.439,
2026-08-28 23:00:00,Friday,23,0.127,0.000,0.000,0.000,0.000,0.000,0.127,
2026-08-29 00:00:00,Saturday,0,0.143,0.000,0.000,0.000,0.000,0.000,0.143,
2026-08-29 01:00:00,Saturday,1,0.153,0.234,0.000,0.000,0.000,0.000,0.387,
2026-08-29 02:00:00,Saturday,2,0.128,0.000,0.000,0.000,0.000,0.000,0.128,
2026-08-29 03:00:00,Saturday,3,0.127,0.000,0.000,0.000,0.000,0.000,0.127,
2026-08-29 04:00:00,Saturday,4,0.120,0.315,0.000,0.000,0.000,0.000,0.435,
2026-08-29 05:00:00,Saturday,5,0.126,0.345,0.000,0.000,0.000,0.000,0.471,
2026-08-29 06:00:00,Saturday,6,0.123,0.438,0.000,0.446,0.000,0.000,1.007,
2026-08-29 07:00:00,Saturday,7,0.142,0.453,0.000,0.569,0.000,0.000,1.164,
2026-08-29 08:00:00,Saturday,8,0.113,0.392,0.000,0.398,0.000,0.000,0.903,
2026-08-29 09:00:00,Saturday,9,0.148,0.411,0.000,0.000,0.137,0.000,0.696,
2026-08-29 10:00:00,Saturday,10,0.130,0.266,0.000,0.000,0.211,0.000,0.607,
2026-08-29 11:00:00,Saturday,11,0.121,0.000,0.000,0.000,0.120,0.000,0.241,
2026-08-29 12:00:00,Saturday,12,0.127,0.000,0.000,0.608,0.218,0.000,0.953,
2026-08-29 13:00:00,Saturday,13,0.147,0.376,0.000,0.000,0.197,0.000,0.720,
2026-08-29 14:00:00,Saturday,14,0.117,0.410,0.000,0.000,0.248,1.048,1.823,zmywarka
2026-08-29 15:00:00,Saturday,15,0.127,0.282,0.000,0.000,0.231,0.000,0.640,
2026-08-29 16:00:00,Saturday,16,0.124,0.245,0.000,0.000,0.157,0.000,0.526,
2026-08-29 17:00:00,Saturday,17,0.152,0.000,0.000,0.000,0.157,0.000,0.309,
2026-08-29 18:00:00,Saturday,18,0.137,0.000,0.000,1.098,0.171,0.000,1.406,
2026-08-29 19:00:00,Saturday,19,0.120,0.000,0.000,0.000,0.199,0.000,0.319,
2026-08-29 20:00:00,Saturday,20,0.143,0.229,0.000,0.000,0.177,0.000,0.549,
2026-08-29 21:00:00,Saturday,21,0.122,0.213,0.226,0.000,0.282,0.000,0.843,
2026-08-29 22:00:00,Saturday,22,0.132,0.000,0.074,0.000,0.346,0.000,0.552,
2026-08-29 23:00:00,Saturday,23,0.121,0.000,0.000,0.000,0.000,0.000,0.121,
2026-08-30 00:00:00,Sunday,0,0.166,0.000,0.000,0.000,0.000,0.000,0.166,
2026-08-30 01:00:00,Sunday,1,0.135,0.000,0.000,0.000,0.000,0.000,0.135,
2026-08-30 02:00:00,Sunday,2,0.113,0.000,0.000,0.000,0.000,0.000,0.113,
2026-08-30 03:00:00,Sunday,3,0.144,0.000,0.000,0.000,0.000,0.000,0.144,
2026-08-30 04:00:00,Sunday,4,0.115,0.000,0.000,0.000,0.000,0.000,0.115,
2026-08-30 05:00:00,Sunday,5,0.118,0.000,0.000,0.000,0.000,0.000,0.118,
2026-08-30 06:00:00,Sunday,6,0.149,0.243,0.000,0.493,0.000,0.000,0.885,
2026-08-30 07:00:00,Sunday,7,0.116,0.231,0.000,0.161,0.000,0.000,0.508,
2026-08-30 08:00:00,Sunday,8,0.135,0.218,0.000,0.331,0.000,0.000,0.684,
2026-08-30 09:00:00,Sunday,9,0.149,0.310,0.000,0.000,0.209,0.000,0.668,
2026-08-30 10:00:00,Sunday,10,0.156,0.357,0.000,0.000,0.170,0.000,0.683,
2026-08-30 11:00:00,Sunday,11,0.114,0.260,0.000,0.000,0.164,0.000,0.538,
2026-08-30 12:00:00,Sunday,12,0.138,0.240,0.000,0.000,0.077,0.000,0.455,
2026-08-30 13:00:00,Sunday,13,0.135,0.224,0.000,1.336,0.192,0.000,1.887,
2026-08-30 14:00:00,Sunday,14,0.117,0.000,0.000,0.000,0.059,0.000,0.176,
2026-08-30 15:00:00,Sunday,15,0.117,0.000,0.000,0.000,0.158,0.000,0.275,
2026-08-30 16:00:00,Sunday,16,0.128,0.000,0.000,0.000,0.136,0.000,0.264,
2026-08-30 17:00:00,Sunday,17,0.141,0.000,0.000,0.000,0.319,0.000,0.460,goście
2026-08-30 18:00:00,Sunday,18,0.142,0.226,0.000,1.576,0.283,0.000,2.227,goście
2026-08-30 19:00:00,Sunday,19,0.131,0.203,0.000,0.000,0.347,0.000,0.681,goście
2026-08-30 20:00:00,Sunday,20,0.138,0.322,0.000,0.000,0.323,0.000,0.783,goście
2026-08-30 21:00:00,Sunday,21,0.131,0.380,0.271,0.000,0.264,0.000,1.046,goście
2026-08-30 22:00:00,Sunday,22,0.151,0.300,0.088,0.000,0.303,0.000,0.842,
2026-08-30 23:00:00,Sunday,23,0.167,0.332,0.000,0.000,0.000,0.000,0.499,
2026-08-31 00:00:00,Monday,0,0.140,0.316,0.000,0.000,0.000,0.000,0.456,
2026-08-31 01:00:00,Monday,1,0.117,0.324,0.000,0.000,0.000,0.000,0.441,
2026-08-31 02:00:00,Monday,2,0.154,0.341,0.000,0.000,0.000,0.000,0.495,
2026-08-31 03:00:00,Monday,3,0.119,0.367,0.000,0.000,0.000,0.000,0.486,
2026-08-31 04:00:00,Monday,4,0.149,0.479,0.000,0.000,0.000,0.000,0.628,
2026-08-31 05:00:00,Monday,5,0.145,0.466,0.000,0.000,0.000,0.000,0.611,
2026-08-31 06:00:00,Monday,6,0.148,0.497,0.000,0.303,0.000,0.000,0.948,
2026-08-31 07:00:00,Monday,7,0.125,0.511,0.000,0.539,0.000,0.000,1.175,
2026-08-31 08:00:00,Monday,8,0.140,0.341,0.000,0.359,0.000,0.000,0.840,
2026-08-31 09:00:00,Monday,9,0.125,0.323,0.000,0.000,0.267,0.000,0.715,praca zdalna
2026-08-31 10:00:00,Monday,10,0.114,0.289,0.000,0.000,0.305,0.000,0.708,praca zdalna
2026-08-31 11:00:00,Monday,11,0.155,0.266,0.000,0.000,0.311,0.000,0.732,praca zdalna
2026-08-31 12:00:00,Monday,12,0.142,0.395,0.000,0.000,0.207,0.000,0.744,praca zdalna
2026-08-31 13:00:00,Monday,13,0.133,0.347,0.000,0.881,0.280,0.000,1.641,praca zdalna
2026-08-31 14:00:00,Monday,14,0.126,0.000,0.000,0.000,0.358,0.000,0.484,praca zdalna
2026-08-31 15:00:00,Monday,15,0.131,0.000,0.000,0.000,0.246,0.000,0.377,praca zdalna
2026-08-31 16:00:00,Monday,16,0.156,0.345,0.000,0.000,0.351,0.000,0.852,praca zdalna
2026-08-31 17:00:00,Monday,17,0.157,0.359,0.000,0.000,0.190,0.000,0.706,
2026-08-31 18:00:00,Monday,18,0.158,0.311,0.000,0.788,0.249,0.000,1.506,
2026-08-31 19:00:00,Monday,19,0.138,0.324,0.000,0.000,0.309,1.025,1.796,zmywarka
2026-08-31 20:00:00,Monday,20,0.118,0.309,0.118,0.000,0.323,0.000,0.868,
2026-08-31 21:00:00,Monday,21,0.141,0.351,0.133,0.000,0.322,0.000,0.947,
2026-08-31 22:00:00,Monday,22,0.114,0.294,0.098,0.000,0.284,0.000,0.790,
2026-08-31 23:00:00,Monday,23,0.138,0.305,0.000,0.000,0.000,0.000,0.443,
2026-09-01 00:00:00,Tuesday,0,0.138,0.432,0.000,0.000,0.000,0.000,0.570,
2026-09-01 01:00:00,Tuesday,1,0.151,0.389,0.000,0.000,0.000,0.000,0.540,
2026-09-01 02:00:00,Tuesday,2,0.143,0.398,0.000,0.000,0.000,0.000,0.541,
2026-09-01 03:00:00,Tuesday,3,0.134,0.452,0.000,0.000,0.000,0.000,0.586,
2026-09-01 04:00:00,Tuesday,4,0.145,0.557,0.000,0.000,0.000,0.000,0.702,
2026-09-01 05:00:00,Tuesday,5,0.155,0.582,0.000,0.000,0.000,0.000,0.737,
2026-09-01 06:00:00,Tuesday,6,0.123,0.623,0.166,0.398,0.000,0.000,1.310,
2026-09-01 07:00:00,Tuesday,7,0.116,0.635,0.000,0.596,0.000,0.000,1.347,
2026-09-01 08:00:00,Tuesday,8,0.158,0.724,0.000,0.386,0.000,0.000,1.268,
2026-09-01 09:00:00,Tuesday,9,0.110,0.532,0.000,0.000,0.137,0.000,0.779,
2026-09-01 10:00:00,Tuesday,10,0.150,0.342,0.000,0.000,0.121,0.000,0.613,
2026-09-01 11:00:00,Tuesday,11,0.132,0.248,0.000,0.000,0.132,0.000,0.512,
2026-09-01 12:00:00,Tuesday,12,0.121,0.000,0.000,0.671,0.116,0.820,1.728,pralka
2026-09-01 13:00:00,Tuesday,13,0.142,0.000,0.000,0.000,0.104,0.000,0.246,
2026-09-01 14:00:00,Tuesday,14,0.158,0.000,0.000,0.000,0.217,0.000,0.375,
2026-09-01 15:00:00,Tuesday,15,0.111,0.000,0.000,0.000,0.117,0.000,0.228,
2026-09-01 16:00:00,Tuesday,16,0.130,0.223,0.000,0.000,0.224,0.000,0.577,
2026-09-01 17:00:00,Tuesday,17,0.124,0.351,0.000,0.000,0.300,0.000,0.775,
2026-09-01 18:00:00,Tuesday,18,0.154,0.319,0.000,0.603,0.285,0.000,1.361,
2026-09-01 19:00:00,Tuesday,19,0.125,0.337,0.000,0.000,0.311,0.881,1.654,zmywarka
2026-09-01 20:00:00,Tuesday,20,0.148,0.491,0.178,0.000,0.350,0.000,1.167,
2026-09-01 21:00:00,Tuesday,21,0.121,0.572,0.180,0.000,0.348,0.000,1.221,
2026-09-01 22:00:00,Tuesday,22,0.119,0.365,0.123,0.000,0.187,0.000,0.794,
2026-09-01 23:00:00,Tuesday,23,0.146,0.364,0.000,0.000,0.000,0.000,0.510,
2026-09-02 00:00:00,Wednesday,0,0.152,0.463,0.000,0.000,0.000,0.000,0.615,
2026-09-02 01:00:00,Wednesday,1,0.169,0.418,0.000,0.000,0.000,0.000,0.587,
2026-09-02 02:00:00,Wednesday,2,0.149,0.500,0.000,0.000,0.000,0.000,0.649,
2026-09-02 03:00:00,Wednesday,3,0.137,0.448,0.000,0.000,0.000,0.000,0.585,
2026-09-02 04:00:00,Wednesday,4,0.111,0.543,0.000,0.000,0.000,0.000,0.654,
2026-09-02 05:00:00,Wednesday,5,0.123,0.539,0.000,0.000,0.000,0.000,0.662,
2026-09-02 06:00:00,Wednesday,6,0.116,0.787,0.207,0.447,0.000,0.000,1.557,
2026-09-02 07:00:00,Wednesday,7,0.156,0.652,0.000,0.402,0.000,0.000,1.210,
2026-09-02 08:00:00,Wednesday,8,0.118,0.505,0.000,0.543,0.000,0.000,1.166,
2026-09-02 09:00:00,Wednesday,9,0.149,0.415,0.000,0.000,0.142,0.000,0.706,
2026-09-02 10:00:00,Wednesday,10,0.132,0.381,0.000,0.000,0.098,0.000,0.611,
2026-09-02 11:00:00,Wednesday,11,0.159,0.260,0.000,0.000,0.092,0.000,0.511,
2026-09-02 12:00:00,Wednesday,12,0.139,0.211,0.000,0.794,0.126,0.000,1.270,
2026-09-02 13:00:00,Wednesday,13,0.146,0.237,0.000,0.000,0.100,0.000,0.483,
2026-09-02 14:00:00,Wednesday,14,0.126,0.295,0.000,0.000,0.126,0.000,0.547,
2026-09-02 15:00:00,Wednesday,15,0.117,0.309,0.000,0.000,0.155,0.000,0.581,
2026-09-02 16:00:00,Wednesday,16,0.146,0.370,0.000,0.000,0.125,0.000,0.641,
2026-09-02 17:00:00,Wednesday,17,0.129,0.343,0.000,1.994,0.198,0.000,2.664,
2026-09-02 18:00:00,Wednesday,18,0.124,0.358,0.000,0.000,0.264,0.000,0.746,
2026-09-02 19:00:00,Wednesday,19,0.110,0.337,0.000,0.000,0.264,0.000,0.711,
2026-09-02 20:00:00,Wednesday,20,0.145,0.500,0.300,0.000,0.232,0.000,1.177,
2026-09-02 21:00:00,Wednesday,21,0.151,0.534,0.115,0.000,0.226,0.000,1.026,
2026-09-02 22:00:00,Wednesday,22,0.119,0.358,0.135,0.000,0.290,0.000,0.902,
2026-09-02 23:00:00,Wednesday,23,0.153,0.453,0.000,0.000,0.000,0.000,0.606,
2026-09-03 00:00:00,Thursday,0,0.134,0.435,0.000,0.000,0.000,0.000,0.569,
2026-09-03 01:00:00,Thursday,1,0.146,0.428,0.000,0.000,0.000,0.000,0.574,
2026-09-03 02:00:00,Thursday,2,0.157,0.408,0.000,0.000,0.000,0.000,0.565,
2026-09-03 03:00:00,Thursday,3,0.155,0.488,0.000,0.000,0.000,0.000,0.643,
2026-09-03 04:00:00,Thursday,4,0.141,0.427,0.000,0.000,0.000,0.000,0.568,
2026-09-03 05:00:00,Thursday,5,0.155,0.482,0.000,0.000,0.000,0.000,0.637,
2026-09-03 06:00:00,Thursday,6,0.136,0.722,0.120,0.365,0.000,0.000,1.343,
2026-09-03 07:00:00,Thursday,7,0.116,0.676,0.000,0.513,0.000,0.000,1.305,
2026-09-03 08:00:00,Thursday,8,0.137,0.550,0.000,0.440,0.000,0.000,1.127,
2026-09-03 09:00:00,Thursday,9,0.146,0.448,0.000,0.000,0.000,0.000,0.594,
2026-09-03 10:00:00,Thursday,10,0.115,0.411,0.000,0.000,0.000,0.000,0.526,
2026-09-03 11:00:00,Thursday,11,0.118,0.515,0.000,0.000,0.000,0.000,0.633,
2026-09-03 12:00:00,Thursday,12,0.150,0.470,0.000,0.000,0.000,0.000,0.620,
2026-09-03 13:00:00,Thursday,13,0.126,0.446,0.000,0.000,0.000,0.000,0.572,
2026-09-03 14:00:00,Thursday,14,0.112,0.224,0.000,0.000,0.245,0.000,0.581,
2026-09-03 15:00:00,Thursday,15,0.121,0.204,0.000,0.000,0.197,0.000,0.522,
2026-09-03 16:00:00,Thursday,16,0.112,0.193,0.000,0.000,0.227,0.000,0.532,
2026-09-03 17:00:00,Thursday,17,0.153,0.000,0.000,0.000,0.289,0.000,0.442,
2026-09-03 18:00:00,Thursday,18,0.127,0.274,0.000,0.955,0.250,0.000,1.606,
2026-09-03 19:00:00,Thursday,19,0.142,0.215,0.000,0.000,0.196,1.164,1.717,zmywarka
2026-09-03 20:00:00,Thursday,20,0.139,0.324,0.286,0.000,0.217,0.000,0.966,
2026-09-03 21:00:00,Thursday,21,0.159,0.284,0.110,0.000,0.294,0.000,0.847,
2026-09-03 22:00:00,Thursday,22,0.150,0.248,0.149,0.000,0.234,0.000,0.781,
2026-09-03 23:00:00,Thursday,23,0.143,0.317,0.000,0.000,0.000,0.000,0.460,
2026-09-04 00:00:00,Friday,0,0.121,0.349,0.000,0.000,0.000,0.000,0.470,
2026-09-04 01:00:00,Friday,1,0.123,0.293,0.000,0.000,0.000,0.000,0.416,
2026-09-04 02:00:00,Friday,2,0.142,0.350,0.000,0.000,0.000,0.000,0.492,
2026-09-04 03:00:00,Friday,3,0.139,0.328,0.000,0.000,0.000,0.000,0.467,
2026-09-04 04:00:00,Friday,4,0.134,0.448,0.000,0.000,0.000,0.000,0.582,
2026-09-04 05:00:00,Friday,5,0.152,0.430,0.000,0.000,0.000,0.000,0.582,
2026-09-04 06:00:00,Friday,6,0.153,0.655,0.097,0.370,0.000,0.000,1.275,
2026-09-04 07:00:00,Friday,7,0.141,0.630,0.000,0.440,0.000,0.000,1.211,
2026-09-04 08:00:00,Friday,8,0.156,0.471,0.000,0.450,0.000,0.000,1.077,
2026-09-04 09:00:00,Friday,9,0.117,0.505,0.000,0.000,0.139,0.000,0.761,
2026-09-04 10:00:00,Friday,10,0.117,0.490,0.000,0.000,0.111,0.000,0.718,
2026-09-04 11:00:00,Friday,11,0.115,0.505,0.000,0.000,0.098,0.000,0.718,
2026-09-04 12:00:00,Friday,12,0.120,0.343,0.000,0.000,0.112,0.000,0.575,
2026-09-04 13:00:00,Friday,13,0.128,0.406,0.000,0.521,0.088,0.000,1.143,
2026-09-04 14:00:00,Friday,14,0.131,0.517,0.000,0.000,0.230,0.000,0.878,
2026-09-04 15:00:00,Friday,15,0.136,0.440,0.000,0.000,0.200,0.000,0.776,
2026-09-04 16:00:00,Friday,16,0.157,0.583,0.000,0.000,0.084,0.000,0.824,
2026-09-04 17:00:00,Friday,17,0.115,0.555,0.000,0.900,0.271,0.000,1.841,
2026-09-04 18:00:00,Friday,18,0.155,0.469,0.000,0.000,0.302,0.000,0.926,
2026-09-04 19:00:00,Friday,19,0.140,0.428,0.293,0.000,0.304,0.830,1.995,zmywarka
2026-09-04 20:00:00,Friday,20,0.112,0.678,0.248,0.000,0.260,0.000,1.298,
2026-09-04 21:00:00,Friday,21,0.154,0.700,0.274,0.000,0.316,0.000,1.444,
2026-09-04 22:00:00,Friday,22,0.129,0.584,0.143,0.000,0.225,0.000,1.081,
2026-09-04 23:00:00,Friday,23,0.124,0.622,0.000,0.000,0.000,0.000,0.746,
2026-09-05 00:00:00,Saturday,0,0.162,0.573,0.000,0.000,0.000,0.000,0.735,
2026-09-05 01:00:00,Saturday,1,0.125,0.572,0.000,0.000,0.000,0.000,0.697,
2026-09-05 02:00:00,Saturday,2,0.155,0.569,0.000,0.000,0.000,0.000,0.724,
2026-09-05 03:00:00,Saturday,3,0.111,0.682,0.000,0.000,0.000,0.000,0.793,
2026-09-05 04:00:00,Saturday,4,0.181,0.583,0.000,0.000,0.000,0.000,0.764,
2026-09-05 05:00:00,Saturday,5,0.127,0.552,0.000,0.000,0.000,0.000,0.679,
2026-09-05 06:00:00,Saturday,6,0.145,0.890,0.118,0.515,0.000,0.000,1.668,
2026-09-05 07:00:00,Saturday,7,0.150,0.755,0.000,0.465,0.000,0.000,1.370,
2026-09-05 08:00:00,Saturday,8,0.131,0.797,0.000,0.526,0.000,0.000,1.454,
2026-09-05 09:00:00,Saturday,9,0.159,0.634,0.000,0.000,0.053,0.000,0.846,
2026-09-05 10:00:00,Saturday,10,0.114,0.605,0.000,0.000,0.246,0.000,0.965,
2026-09-05 11:00:00,Saturday,11,0.142,0.478,0.000,0.000,0.075,0.000,0.695,
2026-09-05 12:00:00,Saturday,12,0.153,0.449,0.000,0.579,0.120,0.000,1.301,
2026-09-05 13:00:00,Saturday,13,0.118,0.505,0.000,0.000,0.164,0.000,0.787,
2026-09-05 14:00:00,Saturday,14,0.136,0.410,0.000,0.000,0.244,1.171,1.961,zmywarka
2026-09-05 15:00:00,Saturday,15,0.155,0.382,0.000,0.000,0.166,0.000,0.703,
2026-09-05 16:00:00,Saturday,16,0.112,0.382,0.000,0.000,0.132,0.000,0.626,
2026-09-05 17:00:00,Saturday,17,0.156,0.391,0.000,0.891,0.247,0.000,1.685,
2026-09-05 18:00:00,Saturday,18,0.151,0.553,0.000,0.000,0.278,0.000,0.982,
2026-09-05 19:00:00,Saturday,19,0.112,0.579,0.000,0.000,0.169,0.000,0.860,
2026-09-05 20:00:00,Saturday,20,0.155,0.569,0.182,0.000,0.258,0.000,1.164,
2026-09-05 21:00:00,Saturday,21,0.120,0.717,0.284,0.000,0.329,0.000,1.450,
2026-09-05 22:00:00,Saturday,22,0.128,0.559,0.070,0.000,0.299,0.000,1.056,
2026-09-05 23:00:00,Saturday,23,0.134,0.542,0.000,0.000,0.000,0.000,0.676,
2026-09-06 00:00:00,Sunday,0,0.134,0.501,0.000,0.000,0.000,0.000,0.635,
2026-09-06 01:00:00,Sunday,1,0.124,0.575,0.000,0.000,0.000,0.000,0.699,
2026-09-06 02:00:00,Sunday,2,0.140,0.490,0.000,0.000,0.000,0.000,0.630,
2026-09-06 03:00:00,Sunday,3,0.129,0.615,0.000,0.000,0.000,0.000,0.744,
2026-09-06 04:00:00,Sunday,4,0.155,0.662,0.000,0.000,0.000,0.000,0.817,
2026-09-06 05:00:00,Sunday,5,0.148,0.634,0.000,0.000,0.000,0.000,0.782,
2026-09-06 06:00:00,Sunday,6,0.144,0.798,0.070,0.482,0.000,0.000,1.494,
2026-09-06 07:00:00,Sunday,7,0.134,0.869,0.000,0.456,0.000,0.000,1.459,
2026-09-06 08:00:00,Sunday,8,0.134,0.635,0.000,0.467,0.000,0.000,1.236,
2026-09-06 09:00:00,Sunday,9,0.152,0.644,0.000,0.000,0.075,0.000,0.871,
2026-09-06 10:00:00,Sunday,10,0.111,0.485,0.000,0.000,0.121,0.000,0.717,
2026-09-06 11:00:00,Sunday,11,0.142,0.454,0.000,0.000,0.161,0.000,0.757,
2026-09-06 12:00:00,Sunday,12,0.130,0.426,0.000,0.445,0.160,0.000,1.161,
2026-09-06 13:00:00,Sunday,13,0.157,0.373,0.000,0.000,0.167,0.000,0.697,
2026-09-06 14:00:00,Sunday,14,0.110,0.302,0.000,0.000,0.081,0.000,0.493,
2026-09-06 15:00:00,Sunday,15,0.156,0.373,0.000,0.000,0.070,0.000,0.599,
2026-09-06 16:00:00,Sunday,16,0.113,0.396,0.000,0.000,0.147,0.000,0.656,
2026-09-06 17:00:00,Sunday,17,0.124,0.307,0.000,0.000,0.243,0.000,0.674,
2026-09-06 18:00:00,Sunday,18,0.159,0.432,0.000,0.678,0.215,0.000,1.484,
2026-09-06 19:00:00,Sunday,19,0.155,0.408,0.000,0.000,0.166,0.000,0.729,
2026-09-06 20:00:00,Sunday,20,0.111,0.460,0.222,0.000,0.293,0.000,1.086,
2026-09-06 21:00:00,Sunday,21,0.113,0.501,0.130,0.000,0.150,0.000,0.894,
2026-09-06 22:00:00,Sunday,22,0.115,0.364,0.112,0.000,0.165,0.000,0.756,
2026-09-06 23:00:00,Sunday,23,0.127,0.472,0.000,0.000,0.000,0.000,0.599,
2026-09-07 00:00:00,Monday,0,0.145,0.483,0.000,0.000,0.000,0.000,0.628,
2026-09-07 01:00:00,Monday,1,0.143,0.431,0.000,0.000,0.000,0.000,0.574,
2026-09-07 02:00:00,Monday,2,0.137,0.457,0.000,0.000,0.000,0.000,0.594,
2026-09-07 03:00:00,Monday,3,0.146,0.459,0.000,0.000,0.000,0.000,0.605,
2026-09-07 04:00:00,Monday,4,0.159,0.467,0.000,0.000,0.000,0.000,0.626,
2026-09-07 05:00:00,Monday,5,0.122,0.398,0.000,0.000,0.000,0.000,0.520,
2026-09-07 06:00:00,Monday,6,0.153,0.505,0.089,0.403,0.000,0.000,1.150,
2026-09-07 07:00:00,Monday,7,0.136,0.470,0.000,0.340,0.000,0.000,0.946,
2026-09-07 08:00:00,Monday,8,0.126,0.369,0.000,0.469,0.000,0.000,0.964,
2026-09-07 09:00:00,Monday,9,0.122,0.429,0.000,0.000,0.000,0.000,0.551,
2026-09-07 10:00:00,Monday,10,0.152,0.409,0.000,0.000,0.000,0.000,0.561,
2026-09-07 11:00:00,Monday,11,0.140,0.399,0.000,0.000,0.000,0.000,0.539,
2026-09-07 12:00:00,Monday,12,0.142,0.351,0.000,0.000,0.000,0.000,0.493,
2026-09-07 13:00:00,Monday,13,0.153,0.350,0.000,0.000,0.000,0.000,0.503,
2026-09-07 14:00:00,Monday,14,0.121,0.213,0.000,0.000,0.113,0.000,0.447,
2026-09-07 15:00:00,Monday,15,0.147,0.235,0.000,0.000,0.112,0.000,0.494,
2026-09-07 16:00:00,Monday,16,0.110,0.000,0.000,0.000,0.114,0.000,0.224,
2026-09-07 17:00:00,Monday,17,0.159,0.000,0.000,0.895,0.258,0.000,1.312,
2026-09-07 18:00:00,Monday,18,0.154,0.000,0.000,0.000,0.274,0.000,0.428,
2026-09-07 19:00:00,Monday,19,0.158,0.189,0.000,0.000,0.259,1.022,1.628,zmywarka
2026-09-07 20:00:00,Monday,20,0.159,0.228,0.229,0.000,0.245,0.000,0.861,
2026-09-07 21:00:00,Monday,21,0.151,0.000,0.112,0.000,0.213,0.000,0.476,
2026-09-07 22:00:00,Monday,22,0.141,0.000,0.120,0.000,0.160,0.000,0.421,
2026-09-07 23:00:00,Monday,23,0.129,0.000,0.000,0.000,0.000,0.000,0.129,
2026-09-08 00:00:00,Tuesday,0,0.128,0.000,0.000,0.000,0.000,0.000,0.128,
2026-09-08 01:00:00,Tuesday,1,0.166,0.000,0.000,0.000,0.000,0.000,0.166,
2026-09-08 02:00:00,Tuesday,2,0.150,0.000,0.000,0.000,0.000,0.000,0.150,
2026-09-08 03:00:00,Tuesday,3,0.133,0.000,0.000,0.000,0.000,0.000,0.133,
2026-09-08 04:00:00,Tuesday,4,0.147,0.000,0.000,0.000,0.000,0.000,0.147,
2026-09-08 05:00:00,Tuesday,5,0.139,0.000,0.000,0.000,0.000,0.000,0.139,
2026-09-08 06:00:00,Tuesday,6,0.110,0.416,0.179,0.542,0.000,0.000,1.247,
2026-09-08 07:00:00,Tuesday,7,0.149,0.337,0.000,0.391,0.000,0.000,0.877,
2026-09-08 08:00:00,Tuesday,8,0.118,0.355,0.000,0.432,0.000,0.000,0.905,
2026-09-08 09:00:00,Tuesday,9,0.138,0.289,0.000,0.000,0.098,0.000,0.525,
2026-09-08 10:00:00,Tuesday,10,0.139,0.238,0.000,0.000,0.117,0.000,0.494,
2026-09-08 11:00:00,Tuesday,11,0.110,0.310,0.000,0.000,0.110,0.960,1.490,pralka
2026-09-08 12:00:00,Tuesday,12,0.124,0.254,0.000,0.000,0.126,1.808,2.312,suszarka
2026-09-08 13:00:00,Tuesday,13,0.141,0.244,0.000,0.552,0.146,0.000,1.083,
2026-09-08 14:00:00,Tuesday,14,0.111,0.000,0.000,0.000,0.176,0.000,0.287,
2026-09-08 15:00:00,Tuesday,15,0.145,0.181,0.000,0.000,0.148,0.000,0.474,
2026-09-08 16:00:00,Tuesday,16,0.129,0.286,0.000,0.000,0.200,0.000,0.615,
2026-09-08 17:00:00,Tuesday,17,0.117,0.370,0.000,0.000,0.304,0.000,0.791,
2026-09-08 18:00:00,Tuesday,18,0.134,0.489,0.000,0.951,0.278,0.000,1.852,
2026-09-08 19:00:00,Tuesday,19,0.118,0.455,0.224,0.000,0.217,0.939,1.953,zmywarka
2026-09-08 20:00:00,Tuesday,20,0.127,0.708,0.188,0.000,0.158,0.000,1.181,
2026-09-08 21:00:00,Tuesday,21,0.129,0.636,0.166,0.000,0.233,0.000,1.164,
2026-09-08 22:00:00,Tuesday,22,0.136,0.462,0.146,0.000,0.215,0.000,0.959,
2026-09-08 23:00:00,Tuesday,23,0.185,0.366,0.000,0.000,0.000,0.000,0.551,
2026-09-09 00:00:00,Wednesday,0,0.173,0.415,0.000,0.000,0.000,0.000,0.588,
2026-09-09 01:00:00,Wednesday,1,0.128,0.435,0.000,0.000,0.000,0.000,0.563,
2026-09-09 02:00:00,Wednesday,2,0.112,0.469,0.000,0.000,0.000,0.000,0.581,
2026-09-09 03:00:00,Wednesday,3,0.133,0.370,0.000,0.000,0.000,0.000,0.503,
2026-09-09 04:00:00,Wednesday,4,0.142,0.427,0.000,0.000,0.000,0.000,0.569,
2026-09-09 05:00:00,Wednesday,5,0.140,0.505,0.000,0.000,0.000,0.000,0.645,
2026-09-09 06:00:00,Wednesday,6,0.120,0.758,0.112,0.319,0.000,0.000,1.309,
2026-09-09 07:00:00,Wednesday,7,0.123,0.621,0.000,0.490,0.000,0.000,1.234,
2026-09-09 08:00:00,Wednesday,8,0.120,0.623,0.000,0.541,0.000,0.000,1.284,
2026-09-09 09:00:00,Wednesday,9,0.138,0.762,0.000,0.000,0.000,0.000,0.900,
2026-09-09 10:00:00,Wednesday,10,0.156,0.581,0.000,0.000,0.000,0.000,0.737,
2026-09-09 11:00:00,Wednesday,11,0.137,0.555,0.000,0.000,0.000,0.000,0.692,
2026-09-09 12:00:00,Wednesday,12,0.112,0.411,0.000,0.000,0.000,0.000,0.523,
2026-09-09 13:00:00,Wednesday,13,0.131,0.333,0.000,0.000,0.000,0.000,0.464,
2026-09-09 14:00:00,Wednesday,14,0.143,0.366,0.000,0.000,0.103,0.000,0.612,
2026-09-09 15:00:00,Wednesday,15,0.117,0.369,0.000,0.000,0.128,0.000,0.614,
2026-09-09 16:00:00,Wednesday,16,0.127,0.408,0.000,0.000,0.174,0.000,0.709,
2026-09-09 17:00:00,Wednesday,17,0.159,0.460,0.000,0.000,0.266,0.000,0.885,
2026-09-09 18:00:00,Wednesday,18,0.147,0.430,0.000,0.600,0.257,0.000,1.434,
2026-09-09 19:00:00,Wednesday,19,0.153,0.467,0.000,0.000,0.231,0.000,0.851,
2026-09-09 20:00:00,Wednesday,20,0.111,0.670,0.138,0.000,0.312,0.817,2.048,zmywarka
2026-09-09 21:00:00,Wednesday,21,0.123,0.781,0.249,0.000,0.338,0.000,1.491,
2026-09-09 22:00:00,Wednesday,22,0.121,0.511,0.084,0.000,0.251,0.000,0.967,
2026-09-09 23:00:00,Wednesday,23,0.119,0.670,0.000,0.000,0.000,0.000,0.789,
2026-09-10 00:00:00,Thursday,0,0.145,0.776,0.000,0.000,0.000,0.000,0.921,
2026-09-10 01:00:00,Thursday,1,0.154,0.787,0.000,0.000,0.000,0.000,0.941,
2026-09-10 02:00:00,Thursday,2,0.170,0.744,0.000,0.000,0.000,0.000,0.914,
2026-09-10 03:00:00,Thursday,3,0.168,0.724,0.000,0.000,0.000,0.000,0.892,
2026-09-10 04:00:00,Thursday,4,0.127,0.771,0.000,0.000,0.000,0.000,0.898,
2026-09-10 05:00:00,Thursday,5,0.178,0.714,0.000,0.000,0.000,0.000,0.892,
2026-09-10 06:00:00,Thursday,6,0.120,0.764,0.076,0.587,0.000,0.000,1.547,
2026-09-10 07:00:00,Thursday,7,0.160,0.851,0.000,0.280,0.000,0.000,1.291,
2026-09-10 08:00:00,Thursday,8,0.120,0.903,0.000,0.543,0.000,0.000,1.566,
2026-09-10 09:00:00,Thursday,9,0.148,0.730,0.000,0.000,0.231,0.000,1.109,praca zdalna
2026-09-10 10:00:00,Thursday,10,0.143,0.655,0.000,0.000,0.191,0.000,0.989,praca zdalna
2026-09-10 11:00:00,Thursday,11,0.139,0.582,0.000,0.000,0.186,0.000,0.907,praca zdalna
2026-09-10 12:00:00,Thursday,12,0.115,0.553,0.000,0.715,0.278,0.000,1.661,praca zdalna
2026-09-10 13:00:00,Thursday,13,0.125,0.474,0.000,0.000,0.262,0.000,0.861,praca zdalna
2026-09-10 14:00:00,Thursday,14,0.132,0.373,0.000,0.000,0.285,0.000,0.790,praca zdalna
2026-09-10 15:00:00,Thursday,15,0.136,0.441,0.000,0.000,0.255,0.000,0.832,praca zdalna
2026-09-10 16:00:00,Thursday,16,0.154,0.399,0.000,0.000,0.264,0.000,0.817,praca zdalna
2026-09-10 17:00:00,Thursday,17,0.133,0.537,0.000,1.712,0.200,0.000,2.582,
2026-09-10 18:00:00,Thursday,18,0.143,0.526,0.000,0.000,0.336,0.000,1.005,
2026-09-10 19:00:00,Thursday,19,0.123,0.679,0.000,0.000,0.168,0.000,0.970,
2026-09-10 20:00:00,Thursday,20,0.129,0.649,0.273,0.000,0.296,0.967,2.314,zmywarka
2026-09-10 21:00:00,Thursday,21,0.156,0.779,0.174,0.000,0.278,0.000,1.387,
2026-09-10 22:00:00,Thursday,22,0.153,0.613,0.123,0.000,0.246,0.000,1.135,
2026-09-10 23:00:00,Thursday,23,0.127,0.738,0.000,0.000,0.000,0.000,0.865,
2026-09-11 00:00:00,Friday,0,0.156,0.809,0.000,0.000,0.000,0.000,0.965,
2026-09-11 01:00:00,Friday,1,0.111,0.782,0.000,0.000,0.000,0.000,0.893,
2026-09-11 02:00:00,Friday,2,0.137,0.719,0.000,0.000,0.000,0.000,0.856,
2026-09-11 03:00:00,Friday,3,0.134,0.739,0.000,0.000,0.000,0.000,0.873,
2026-09-11 04:00:00,Friday,4,0.116,0.815,0.000,0.000,0.000,0.000,0.931,
2026-09-11 05:00:00,Friday,5,0.130,0.810,0.000,0.000,0.000,0.000,0.940,
2026-09-11 06:00:00,Friday,6,0.121,1.039,0.096,0.420,0.000,0.000,1.676,
2026-09-11 07:00:00,Friday,7,0.149,1.059,0.000,0.350,0.000,0.000,1.558,
2026-09-11 08:00:00,Friday,8,0.144,0.817,0.000,0.476,0.000,0.000,1.437,
2026-09-11 09:00:00,Friday,9,0.160,0.768,0.000,0.000,0.091,0.000,1.019,
2026-09-11 10:00:00,Friday,10,0.159,0.583,0.000,0.000,0.128,0.000,0.870,
2026-09-11 11:00:00,Friday,11,0.126,0.514,0.000,0.000,0.113,0.000,0.753,
2026-09-11 12:00:00,Friday,12,0.127,0.442,0.000,0.841,0.082,0.000,1.492,
2026-09-11 13:00:00,Friday,13,0.153,0.469,0.000,0.000,0.094,0.000,0.716,
2026-09-11 14:00:00,Friday,14,0.121,0.426,0.000,0.000,0.117,0.000,0.664,
2026-09-11 15:00:00,Friday,15,0.128,0.349,0.000,0.000,0.220,0.000,0.697,
2026-09-11 16:00:00,Friday,16,0.117,0.396,0.000,0.000,0.215,0.000,0.728,
2026-09-11 17:00:00,Friday,17,0.126,0.338,0.000,0.000,0.208,0.000,0.672,
2026-09-11 18:00:00,Friday,18,0.148,0.388,0.000,1.249,0.216,0.000,2.001,
2026-09-11 19:00:00,Friday,19,0.140,0.392,0.165,0.000,0.254,0.000,0.951,
2026-09-11 20:00:00,Friday,20,0.143,0.556,0.188,0.000,0.313,1.107,2.307,zmywarka
2026-09-11 21:00:00,Friday,21,0.134,0.469,0.207,0.000,0.320,0.000,1.130,
2026-09-11 22:00:00,Friday,22,0.155,0.303,0.074,0.000,0.156,0.000,0.688,
2026-09-11 23:00:00,Friday,23,0.157,0.315,0.000,0.000,0.000,0.000,0.472,
2026-09-12 00:00:00,Saturday,0,0.113,0.349,0.000,0.000,0.000,0.000,0.462,
2026-09-12 01:00:00,Saturday,1,0.129,0.338,0.000,0.000,0.000,0.000,0.467,
2026-09-12 02:00:00,Saturday,2,0.126,0.311,0.000,0.000,0.000,0.000,0.437,
2026-09-12 03:00:00,Saturday,3,0.118,0.368,0.000,0.000,0.000,0.000,0.486,
2026-09-12 04:00:00,Saturday,4,0.120,0.384,0.000,0.000,0.000,0.000,0.504,
2026-09-12 05:00:00,Saturday,5,0.147,0.474,0.000,0.000,0.000,0.000,0.621,
2026-09-12 06:00:00,Saturday,6,0.114,0.703,0.196,0.366,0.000,0.000,1.379,
2026-09-12 07:00:00,Saturday,7,0.120,0.842,0.000,0.294,0.000,0.000,1.256,
2026-09-12 08:00:00,Saturday,8,0.140,0.675,0.000,0.425,0.000,0.000,1.240,
2026-09-12 09:00:00,Saturday,9,0.117,0.650,0.000,0.000,0.155,0.000,0.922,
2026-09-12 10:00:00,Saturday,10,0.138,0.481,0.000,0.000,0.232,0.000,0.851,
2026-09-12 11:00:00,Saturday,11,0.159,0.411,0.000,0.000,0.228,0.649,1.447,pralka
2026-09-12 12:00:00,Saturday,12,0.130,0.340,0.000,0.000,0.104,1.903,2.477,suszarka
2026-09-12 13:00:00,Saturday,13,0.121,0.213,0.000,0.664,0.139,1.147,2.284,zmywarka
2026-09-12 14:00:00,Saturday,14,0.114,0.267,0.000,0.000,0.108,0.000,0.489,
2026-09-12 15:00:00,Saturday,15,0.133,0.264,0.000,0.000,0.184,0.000,0.581,
2026-09-12 16:00:00,Saturday,16,0.135,0.203,0.000,0.000,0.071,0.000,0.409,
2026-09-12 17:00:00,Saturday,17,0.145,0.315,0.000,1.042,0.210,0.000,1.712,
2026-09-12 18:00:00,Saturday,18,0.115,0.333,0.000,0.000,0.296,0.000,0.744,
2026-09-12 19:00:00,Saturday,19,0.114,0.416,0.279,0.000,0.266,0.000,1.075,
2026-09-12 20:00:00,Saturday,20,0.160,0.333,0.226,0.000,0.254,0.000,0.973,
2026-09-12 21:00:00,Saturday,21,0.160,0.478,0.138,0.000,0.301,0.000,1.077,
2026-09-12 22:00:00,Saturday,22,0.149,0.384,0.108,0.000,0.267,0.000,0.908,
2026-09-12 23:00:00,Saturday,23,0.144,0.382,0.000,0.000,0.000,0.000,0.526,
2026-09-13 00:00:00,Sunday,0,0.157,0.334,0.000,0.000,0.000,0.000,0.491,
2026-09-13 01:00:00,Sunday,1,0.159,0.317,0.000,0.000,0.000,0.000,0.476,
2026-09-13 02:00:00,Sunday,2,0.141,0.345,0.000,0.000,0.000,0.000,0.486,
2026-09-13 03:00:00,Sunday,3,0.129,0.407,0.000,0.000,0.000,0.000,0.536,
2026-09-13 04:00:00,Sunday,4,0.115,0.395,0.000,0.000,0.000,0.000,0.510,
2026-09-13 05:00:00,Sunday,5,0.163,0.303,0.000,0.000,0.000,0.000,0.466,
2026-09-13 06:00:00,Sunday,6,0.123,0.501,0.158,0.288,0.000,0.000,1.070,
2026-09-13 07:00:00,Sunday,7,0.132,0.497,0.000,0.315,0.000,0.000,0.944,
2026-09-13 08:00:00,Sunday,8,0.114,0.535,0.000,0.436,0.000,0.000,1.085,
2026-09-13 09:00:00,Sunday,9,0.118,0.432,0.000,0.000,0.132,0.000,0.682,
2026-09-13 10:00:00,Sunday,10,0.137,0.362,0.000,0.000,0.240,0.000,0.739,
2026-09-13 11:00:00,Sunday,11,0.118,0.277,0.000,0.000,0.155,0.000,0.550,
2026-09-13 12:00:00,Sunday,12,0.152,0.220,0.000,1.327,0.072,0.000,1.771,
2026-09-13 13:00:00,Sunday,13,0.136,0.000,0.000,0.000,0.080,1.125,1.341,zmywarka
2026-09-13 14:00:00,Sunday,14,0.150,0.223,0.000,0.000,0.077,0.000,0.450,
2026-09-13 15:00:00,Sunday,15,0.123,0.226,0.000,0.000,0.115,0.000,0.464,
2026-09-13 16:00:00,Sunday,16,0.114,0.215,0.000,0.000,0.120,0.000,0.449,
2026-09-13 17:00:00,Sunday,17,0.154,0.237,0.000,0.000,0.345,0.000,0.736,
2026-09-13 18:00:00,Sunday,18,0.130,0.351,0.000,0.998,0.324,0.000,1.803,
2026-09-13 19:00:00,Sunday,19,0.131,0.414,0.282,0.000,0.312,0.000,1.139,
2026-09-13 20:00:00,Sunday,20,0.143,0.612,0.180,0.000,0.269,0.000,1.204,
2026-09-13 21:00:00,Sunday,21,0.131,0.643,0.150,0.000,0.239,0.000,1.163,
2026-09-13 22:00:00,Sunday,22,0.144,0.584,0.147,0.000,0.151,0.000,1.026,
2026-09-13 23:00:00,Sunday,23,0.179,0.471,0.000,0.000,0.000,0.000,0.650,
2026-09-14 00:00:00,Monday,0,0.146,0.506,0.000,0.000,0.000,0.000,0.652,
2026-09-14 01:00:00,Monday,1,0.141,0.620,0.000,0.000,0.000,0.000,0.761,
2026-09-14 02:00:00,Monday,2,0.123,0.616,0.000,0.000,0.000,0.000,0.739,
2026-09-14 03:00:00,Monday,3,0.155,0.855,0.000,0.000,0.000,0.000,1.010,
2026-09-14 04:00:00,Monday,4,0.115,0.909,0.000,0.000,0.000,0.000,1.024,
2026-09-14 05:00:00,Monday,5,0.128,0.900,0.000,0.000,0.000,0.000,1.028,
2026-09-14 06:00:00,Monday,6,0.117,1.199,0.181,0.555,0.000,0.000,2.052,
2026-09-14 07:00:00,Monday,7,0.116,1.015,0.000,0.409,0.000,0.000,1.540,
2026-09-14 08:00:00,Monday,8,0.142,1.019,0.000,0.544,0.000,0.000,1.705,
2026-09-14 09:00:00,Monday,9,0.139,0.848,0.000,0.000,0.136,0.000,1.123,
2026-09-14 10:00:00,Monday,10,0.121,0.791,0.000,0.000,0.136,0.000,1.048,
2026-09-14 11:00:00,Monday,11,0.126,0.714,0.000,0.000,0.147,0.000,0.987,
2026-09-14 12:00:00,Monday,12,0.125,0.687,0.000,0.895,0.096,0.000,1.803,
2026-09-14 13:00:00,Monday,13,0.120,0.494,0.000,0.000,0.114,0.000,0.728,
2026-09-14 14:00:00,Monday,14,0.155,0.433,0.000,0.000,0.241,0.000,0.829,
2026-09-14 15:00:00,Monday,15,0.138,0.450,0.000,0.000,0.223,0.000,0.811,
2026-09-14 16:00:00,Monday,16,0.136,0.554,0.000,0.000,0.230,0.000,0.920,
2026-09-14 17:00:00,Monday,17,0.156,0.509,0.000,0.000,0.168,0.000,0.833,
2026-09-14 18:00:00,Monday,18,0.156,0.476,0.000,1.223,0.201,0.000,2.056,
2026-09-14 19:00:00,Monday,19,0.149,0.513,0.104,0.000,0.198,0.858,1.822,zmywarka
2026-09-14 20:00:00,Monday,20,0.111,0.584,0.285,0.000,0.150,0.000,1.130,
2026-09-14 21:00:00,Monday,21,0.140,0.734,0.163,0.000,0.339,0.000,1.376,
2026-09-14 22:00:00,Monday,22,0.141,0.525,0.148,0.000,0.167,0.000,0.981,
2026-09-14 23:00:00,Monday,23,0.136,0.503,0.000,0.000,0.000,0.000,0.639,
2026-09-15 00:00:00,Tuesday,0,0.124,0.497,0.000,0.000,0.000,0.000,0.621,
2026-09-15 01:00:00,Tuesday,1,0.159,0.536,0.000,0.000,0.000,0.000,0.695,
2026-09-15 02:00:00,Tuesday,2,0.111,0.678,0.000,0.000,0.000,0.000,0.789,
2026-09-15 03:00:00,Tuesday,3,0.153,0.588,0.000,0.000,0.000,0.000,0.741,
2026-09-15 04:00:00,Tuesday,4,0.133,0.545,0.000,0.000,0.000,0.000,0.678,
2026-09-15 05:00:00,Tuesday,5,0.111,0.683,0.000,0.000,0.000,0.000,0.794,
2026-09-15 06:00:00,Tuesday,6,0.146,0.603,0.104,0.521,0.000,0.000,1.374,
2026-09-15 07:00:00,Tuesday,7,0.124,0.618,0.000,0.467,0.000,0.000,1.209,
2026-09-15 08:00:00,Tuesday,8,0.134,0.589,0.000,0.454,0.000,0.000,1.177,
2026-09-15 09:00:00,Tuesday,9,0.113,0.460,0.000,0.000,0.150,0.000,0.723,
2026-09-15 10:00:00,Tuesday,10,0.114,0.542,0.000,0.000,0.147,0.000,0.803,
2026-09-15 11:00:00,Tuesday,11,0.157,0.497,0.000,0.000,0.148,0.000,0.802,
2026-09-15 12:00:00,Tuesday,12,0.116,0.377,0.000,0.000,0.126,0.727,1.346,pralka
2026-09-15 13:00:00,Tuesday,13,0.147,0.447,0.000,0.449,0.118,0.000,1.161,
2026-09-15 14:00:00,Tuesday,14,0.124,0.284,0.000,0.000,0.111,0.000,0.519,
2026-09-15 15:00:00,Tuesday,15,0.134,0.291,0.000,0.000,0.219,0.000,0.644,
2026-09-15 16:00:00,Tuesday,16,0.111,0.296,0.000,0.000,0.199,0.000,0.606,
2026-09-15 17:00:00,Tuesday,17,0.157,0.240,0.000,0.919,0.327,0.000,1.643,
2026-09-15 18:00:00,Tuesday,18,0.119,0.245,0.000,0.000,0.191,0.000,0.555,
2026-09-15 19:00:00,Tuesday,19,0.149,0.239,0.183,0.000,0.263,0.000,0.834,
2026-09-15 20:00:00,Tuesday,20,0.130,0.199,0.218,0.000,0.169,1.053,1.769,zmywarka
2026-09-15 21:00:00,Tuesday,21,0.134,0.000,0.251,0.000,0.234,0.000,0.619,
2026-09-15 22:00:00,Tuesday,22,0.112,0.000,0.054,0.000,0.343,0.000,0.509,
2026-09-15 23:00:00,Tuesday,23,0.151,0.000,0.000,0.000,0.000,0.000,0.151,
2026-09-16 00:00:00,Wednesday,0,0.168,0.000,0.000,0.000,0.000,0.000,0.168,
2026-09-16 01:00:00,Wednesday,1,0.149,0.219,0.000,0.000,0.000,0.000,0.368,
2026-09-16 02:00:00,Wednesday,2,0.145,0.225,0.000,0.000,0.000,0.000,0.370,
2026-09-16 03:00:00,Wednesday,3,0.180,0.270,0.000,0.000,0.000,0.000,0.450,
2026-09-16 04:00:00,Wednesday,4,0.144,0.319,0.000,0.000,0.000,0.000,0.463,
2026-09-16 05:00:00,Wednesday,5,0.162,0.442,0.000,0.000,0.000,0.000,0.604,
2026-09-16 06:00:00,Wednesday,6,0.141,0.682,0.122,0.363,0.000,0.000,1.308,
2026-09-16 07:00:00,Wednesday,7,0.129,0.632,0.000,0.327,0.000,0.000,1.088,
2026-09-16 08:00:00,Wednesday,8,0.135,0.725,0.000,0.456,0.000,0.000,1.316,
2026-09-16 09:00:00,Wednesday,9,0.122,0.619,0.000,0.000,0.133,0.000,0.874,
2026-09-16 10:00:00,Wednesday,10,0.155,0.652,0.000,0.000,0.139,0.000,0.946,
2026-09-16 11:00:00,Wednesday,11,0.123,0.414,0.000,0.000,0.108,0.000,0.645,
2026-09-16 12:00:00,Wednesday,12,0.132,0.391,0.000,0.000,0.101,0.000,0.624,
2026-09-16 13:00:00,Wednesday,13,0.150,0.366,0.000,0.737,0.122,0.000,1.375,
2026-09-16 14:00:00,Wednesday,14,0.139,0.327,0.000,0.000,0.143,0.000,0.609,
2026-09-16 15:00:00,Wednesday,15,0.115,0.379,0.000,0.000,0.130,0.000,0.624,
2026-09-16 16:00:00,Wednesday,16,0.146,0.381,0.000,0.000,0.204,0.000,0.731,
2026-09-16 17:00:00,Wednesday,17,0.118,0.423,0.000,0.995,0.233,0.000,1.769,
2026-09-16 18:00:00,Wednesday,18,0.159,0.414,0.000,0.000,0.259,0.000,0.832,
2026-09-16 19:00:00,Wednesday,19,0.160,0.533,0.000,0.000,0.179,0.000,0.872,
2026-09-16 20:00:00,Wednesday,20,0.135,0.575,0.225,0.000,0.323,0.863,2.121,zmywarka
2026-09-16 21:00:00,Wednesday,21,0.112,0.702,0.233,0.000,0.197,0.000,1.244,
2026-09-16 22:00:00,Wednesday,22,0.122,0.644,0.095,0.000,0.186,0.000,1.047,
2026-09-16 23:00:00,Wednesday,23,0.138,0.572,0.000,0.000,0.000,0.000,0.710,
2026-09-17 00:00:00,Thursday,0,0.123,0.469,0.000,0.000,0.000,0.000,0.592,wyjazd / nieobecność
2026-09-17 01:00:00,Thursday,1,0.121,0.451,0.000,0.000,0.000,0.000,0.572,wyjazd / nieobecność
2026-09-17 02:00:00,Thursday,2,0.116,0.479,0.000,0.000,0.000,0.000,0.595,wyjazd / nieobecność
2026-09-17 03:00:00,Thursday,3,0.130,0.585,0.000,0.000,0.000,0.000,0.715,wyjazd / nieobecność
2026-09-17 04:00:00,Thursday,4,0.125,0.584,0.000,0.000,0.000,0.000,0.709,wyjazd / nieobecność
2026-09-17 05:00:00,Thursday,5,0.132,0.533,0.000,0.000,0.000,0.000,0.665,wyjazd / nieobecność
2026-09-17 06:00:00,Thursday,6,0.154,0.549,0.000,0.000,0.000,0.000,0.703,wyjazd / nieobecność
2026-09-17 07:00:00,Thursday,7,0.134,0.583,0.000,0.000,0.000,0.000,0.717,wyjazd / nieobecność
2026-09-17 08:00:00,Thursday,8,0.116,0.586,0.000,0.000,0.000,0.000,0.702,wyjazd / nieobecność
2026-09-17 09:00:00,Thursday,9,0.146,0.468,0.000,0.000,0.000,0.000,0.614,wyjazd / nieobecność
2026-09-17 10:00:00,Thursday,10,0.157,0.352,0.000,0.000,0.000,0.000,0.509,wyjazd / nieobecność
2026-09-17 11:00:00,Thursday,11,0.154,0.000,0.000,0.000,0.000,0.000,0.154,wyjazd / nieobecność
2026-09-17 12:00:00,Thursday,12,0.129,0.000,0.000,0.000,0.000,0.000,0.129,wyjazd / nieobecność
2026-09-17 13:00:00,Thursday,13,0.118,0.000,0.000,0.000,0.000,0.000,0.118,wyjazd / nieobecność
2026-09-17 14:00:00,Thursday,14,0.129,0.000,0.000,0.000,0.000,0.000,0.129,wyjazd / nieobecność
2026-09-17 15:00:00,Thursday,15,0.152,0.000,0.000,0.000,0.000,0.000,0.152,wyjazd / nieobecność
2026-09-17 16:00:00,Thursday,16,0.133,0.000,0.000,0.000,0.000,0.000,0.133,wyjazd / nieobecność
2026-09-17 17:00:00,Thursday,17,0.146,0.000,0.000,0.000,0.000,0.000,0.146,wyjazd / nieobecność
2026-09-17 18:00:00,Thursday,18,0.133,0.000,0.000,0.000,0.000,0.000,0.133,wyjazd / nieobecność
2026-09-17 19:00:00,Thursday,19,0.144,0.000,0.000,0.000,0.000,0.000,0.144,wyjazd / nieobecność
2026-09-17 20:00:00,Thursday,20,0.151,0.000,0.000,0.000,0.000,0.000,0.151,wyjazd / nieobecność
2026-09-17 21:00:00,Thursday,21,0.120,0.000,0.000,0.000,0.000,0.000,0.120,wyjazd / nieobecność
2026-09-17 22:00:00,Thursday,22,0.117,0.000,0.000,0.000,0.000,0.000,0.117,wyjazd / nieobecność
2026-09-17 23:00:00,Thursday,23,0.152,0.000,0.000,0.000,0.000,0.000,0.152,wyjazd / nieobecność
2026-09-18 00:00:00,Friday,0,0.126,0.515,0.000,0.000,0.000,0.000,0.641,
2026-09-18 01:00:00,Friday,1,0.135,0.495,0.000,0.000,0.000,0.000,0.630,
2026-09-18 02:00:00,Friday,2,0.141,0.560,0.000,0.000,0.000,0.000,0.701,
2026-09-18 03:00:00,Friday,3,0.144,0.483,0.000,0.000,0.000,0.000,0.627,
2026-09-18 04:00:00,Friday,4,0.159,0.531,0.000,0.000,0.000,0.000,0.690,
2026-09-18 05:00:00,Friday,5,0.119,0.604,0.000,0.000,0.000,0.000,0.723,
2026-09-18 06:00:00,Friday,6,0.128,0.806,0.189,0.316,0.000,0.000,1.439,
2026-09-18 07:00:00,Friday,7,0.157,0.834,0.000,0.520,0.000,0.000,1.511,
2026-09-18 08:00:00,Friday,8,0.119,0.815,0.000,0.421,0.000,0.000,1.355,
2026-09-18 09:00:00,Friday,9,0.141,0.683,0.000,0.000,0.000,0.000,0.824,
2026-09-18 10:00:00,Friday,10,0.154,0.696,0.000,0.000,0.000,0.000,0.850,
2026-09-18 11:00:00,Friday,11,0.130,0.559,0.000,0.000,0.000,0.000,0.689,
2026-09-18 12:00:00,Friday,12,0.132,0.470,0.000,0.000,0.000,0.000,0.602,
2026-09-18 13:00:00,Friday,13,0.132,0.645,0.000,0.000,0.000,0.000,0.777,
2026-09-18 14:00:00,Friday,14,0.155,0.441,0.000,0.000,0.198,0.000,0.794,
2026-09-18 15:00:00,Friday,15,0.110,0.396,0.000,0.000,0.234,0.000,0.740,
2026-09-18 16:00:00,Friday,16,0.119,0.419,0.000,0.000,0.140,0.000,0.678,
2026-09-18 17:00:00,Friday,17,0.116,0.455,0.000,0.000,0.212,0.000,0.783,
2026-09-18 18:00:00,Friday,18,0.138,0.552,0.000,0.640,0.315,0.000,1.645,
2026-09-18 19:00:00,Friday,19,0.112,0.644,0.000,0.000,0.155,0.000,0.911,
2026-09-18 20:00:00,Friday,20,0.138,0.560,0.123,0.000,0.270,0.000,1.091,
2026-09-18 21:00:00,Friday,21,0.143,0.684,0.161,0.000,0.245,0.000,1.233,
2026-09-18 22:00:00,Friday,22,0.132,0.477,0.106,0.000,0.211,0.000,0.926,
2026-09-18 23:00:00,Friday,23,0.158,0.587,0.000,0.000,0.000,0.000,0.745,
2026-09-19 00:00:00,Saturday,0,0.154,0.575,0.000,0.000,0.000,0.000,0.729,
2026-09-19 01:00:00,Saturday,1,0.121,0.464,0.000,0.000,0.000,0.000,0.585,
2026-09-19 02:00:00,Saturday,2,0.147,0.468,0.000,0.000,0.000,0.000,0.615,
2026-09-19 03:00:00,Saturday,3,0.139,0.491,0.000,0.000,0.000,0.000,0.630,
2026-09-19 04:00:00,Saturday,4,0.143,0.422,0.000,0.000,0.000,0.000,0.565,
2026-09-19 05:00:00,Saturday,5,0.155,0.430,0.000,0.000,0.000,0.000,0.585,
2026-09-19 06:00:00,Saturday,6,0.121,0.709,0.102,0.369,0.000,0.000,1.301,
2026-09-19 07:00:00,Saturday,7,0.150,0.667,0.000,0.478,0.000,0.000,1.295,
2026-09-19 08:00:00,Saturday,8,0.139,0.631,0.000,0.417,0.000,0.000,1.187,
2026-09-19 09:00:00,Saturday,9,0.116,0.528,0.000,0.000,0.074,0.768,1.486,pralka
2026-09-19 10:00:00,Saturday,10,0.126,0.561,0.000,0.000,0.074,0.000,0.761,
2026-09-19 11:00:00,Saturday,11,0.135,0.482,0.000,0.000,0.132,0.000,0.749,
2026-09-19 12:00:00,Saturday,12,0.159,0.455,0.000,0.000,0.199,0.000,0.813,
2026-09-19 13:00:00,Saturday,13,0.146,0.429,0.000,0.979,0.052,0.000,1.606,
2026-09-19 14:00:00,Saturday,14,0.138,0.325,0.000,0.000,0.066,1.177,1.706,zmywarka
2026-09-19 15:00:00,Saturday,15,0.129,0.365,0.000,0.000,0.242,0.000,0.736,
2026-09-19 16:00:00,Saturday,16,0.129,0.353,0.000,0.000,0.209,0.000,0.691,
2026-09-19 17:00:00,Saturday,17,0.121,0.305,0.000,0.000,0.156,0.000,0.582,
2026-09-19 18:00:00,Saturday,18,0.112,0.301,0.000,0.839,0.296,0.000,1.548,
2026-09-19 19:00:00,Saturday,19,0.143,0.428,0.226,0.000,0.284,0.000,1.081,
2026-09-19 20:00:00,Saturday,20,0.155,0.362,0.125,0.000,0.307,0.000,0.949,
2026-09-19 21:00:00,Saturday,21,0.145,0.365,0.178,0.000,0.205,0.000,0.893,
2026-09-19 22:00:00,Saturday,22,0.115,0.321,0.060,0.000,0.183,0.000,0.679,
2026-09-19 23:00:00,Saturday,23,0.159,0.306,0.000,0.000,0.000,0.000,0.465,
2026-09-20 00:00:00,Sunday,0,0.131,0.278,0.000,0.000,0.000,0.000,0.409,
2026-09-20 01:00:00,Sunday,1,0.153,0.308,0.000,0.000,0.000,0.000,0.461,
2026-09-20 02:00:00,Sunday,2,0.128,0.377,0.000,0.000,0.000,0.000,0.505,
2026-09-20 03:00:00,Sunday,3,0.142,0.401,0.000,0.000,0.000,0.000,0.543,
2026-09-20 04:00:00,Sunday,4,0.120,0.399,0.000,0.000,0.000,0.000,0.519,
2026-09-20 05:00:00,Sunday,5,0.144,0.494,0.000,0.000,0.000,0.000,0.638,
2026-09-20 06:00:00,Sunday,6,0.143,0.656,0.123,0.197,0.000,0.000,1.119,
2026-09-20 07:00:00,Sunday,7,0.142,0.676,0.000,0.337,0.000,0.000,1.155,
2026-09-20 08:00:00,Sunday,8,0.130,0.625,0.000,0.366,0.000,0.000,1.121,
2026-09-20 09:00:00,Sunday,9,0.147,0.649,0.000,0.000,0.247,0.000,1.043,
2026-09-20 10:00:00,Sunday,10,0.159,0.506,0.000,0.000,0.190,0.000,0.855,
2026-09-20 11:00:00,Sunday,11,0.157,0.456,0.000,0.000,0.110,0.000,0.723,
2026-09-20 12:00:00,Sunday,12,0.151,0.457,0.000,0.000,0.150,0.000,0.758,
2026-09-20 13:00:00,Sunday,13,0.156,0.479,0.000,0.517,0.141,1.094,2.387,zmywarka
2026-09-20 14:00:00,Sunday,14,0.114,0.598,0.000,0.000,0.247,0.000,0.959,
2026-09-20 15:00:00,Sunday,15,0.138,0.851,0.000,0.000,0.226,0.000,1.215,
2026-09-20 16:00:00,Sunday,16,0.150,0.644,0.000,0.000,0.142,0.000,0.936,
2026-09-20 17:00:00,Sunday,17,0.116,0.687,0.000,0.000,0.170,0.000,0.973,
2026-09-20 18:00:00,Sunday,18,0.132,0.893,0.000,0.686,0.260,0.000,1.971,
2026-09-20 19:00:00,Sunday,19,0.149,0.797,0.000,0.000,0.176,0.000,1.122,
2026-09-20 20:00:00,Sunday,20,0.137,0.856,0.278,0.000,0.235,0.000,1.506,
2026-09-20 21:00:00,Sunday,21,0.114,0.947,0.266,0.000,0.316,0.000,1.643,
2026-09-20 22:00:00,Sunday,22,0.122,0.817,0.142,0.000,0.251,0.000,1.332,
2026-09-20 23:00:00,Sunday,23,0.155,0.797,0.000,0.000,0.000,0.000,0.952,
2026-09-21 00:00:00,Monday,0,0.120,0.429,0.000,0.000,0.000,0.000,0.549,wyjazd / nieobecność
2026-09-21 01:00:00,Monday,1,0.139,0.419,0.000,0.000,0.000,0.000,0.558,wyjazd / nieobecność
2026-09-21 02:00:00,Monday,2,0.145,0.474,0.000,0.000,0.000,0.000,0.619,wyjazd / nieobecność
2026-09-21 03:00:00,Monday,3,0.133,0.407,0.000,0.000,0.000,0.000,0.540,wyjazd / nieobecność
2026-09-21 04:00:00,Monday,4,0.123,0.539,0.000,0.000,0.000,0.000,0.662,wyjazd / nieobecność
2026-09-21 05:00:00,Monday,5,0.136,0.572,0.000,0.000,0.000,0.000,0.708,wyjazd / nieobecność
2026-09-21 06:00:00,Monday,6,0.120,0.577,0.000,0.000,0.000,0.000,0.697,wyjazd / nieobecność
2026-09-21 07:00:00,Monday,7,0.118,0.486,0.000,0.000,0.000,0.000,0.604,wyjazd / nieobecność
2026-09-21 08:00:00,Monday,8,0.140,0.556,0.000,0.000,0.000,0.000,0.696,wyjazd / nieobecność
2026-09-21 09:00:00,Monday,9,0.122,0.383,0.000,0.000,0.000,0.000,0.505,wyjazd / nieobecność
2026-09-21 10:00:00,Monday,10,0.157,0.388,0.000,0.000,0.000,0.000,0.545,wyjazd / nieobecność
2026-09-21 11:00:00,Monday,11,0.136,0.266,0.000,0.000,0.000,0.000,0.402,wyjazd / nieobecność
2026-09-21 12:00:00,Monday,12,0.125,0.204,0.000,0.000,0.000,0.000,0.329,wyjazd / nieobecność
2026-09-21 13:00:00,Monday,13,0.149,0.000,0.000,0.000,0.000,0.000,0.149,wyjazd / nieobecność
2026-09-21 14:00:00,Monday,14,0.156,0.000,0.000,0.000,0.000,0.000,0.156,wyjazd / nieobecność
2026-09-21 15:00:00,Monday,15,0.144,0.000,0.000,0.000,0.000,0.000,0.144,wyjazd / nieobecność
2026-09-21 16:00:00,Monday,16,0.154,0.000,0.000,0.000,0.000,0.000,0.154,wyjazd / nieobecność
2026-09-21 17:00:00,Monday,17,0.140,0.000,0.000,0.000,0.000,0.000,0.140,wyjazd / nieobecność
2026-09-21 18:00:00,Monday,18,0.113,0.217,0.000,0.000,0.000,0.000,0.330,wyjazd / nieobecność
2026-09-21 19:00:00,Monday,19,0.114,0.284,0.000,0.000,0.000,0.000,0.398,wyjazd / nieobecność
2026-09-21 20:00:00,Monday,20,0.155,0.485,0.000,0.000,0.000,0.000,0.640,wyjazd / nieobecność
2026-09-21 21:00:00,Monday,21,0.137,0.515,0.000,0.000,0.000,0.000,0.652,wyjazd / nieobecność
2026-09-21 22:00:00,Monday,22,0.158,0.559,0.000,0.000,0.000,0.000,0.717,wyjazd / nieobecność
2026-09-21 23:00:00,Monday,23,0.151,0.466,0.000,0.000,0.000,0.000,0.617,wyjazd / nieobecność
2026-09-22 00:00:00,Tuesday,0,0.159,0.867,0.000,0.000,0.000,0.000,1.026,
2026-09-22 01:00:00,Tuesday,1,0.166,0.786,0.000,0.000,0.000,0.000,0.952,
2026-09-22 02:00:00,Tuesday,2,0.153,0.833,0.000,0.000,0.000,0.000,0.986,
2026-09-22 03:00:00,Tuesday,3,0.157,0.738,0.000,0.000,0.000,0.000,0.895,
2026-09-22 04:00:00,Tuesday,4,0.163,0.910,0.000,0.000,0.000,0.000,1.073,
2026-09-22 05:00:00,Tuesday,5,0.150,0.680,0.000,0.000,0.000,0.000,0.830,
2026-09-22 06:00:00,Tuesday,6,0.146,1.005,0.134,0.569,0.000,0.000,1.854,
2026-09-22 07:00:00,Tuesday,7,0.155,1.039,0.000,0.479,0.000,0.000,1.673,
2026-09-22 08:00:00,Tuesday,8,0.133,1.232,0.000,0.471,0.000,0.000,1.836,
2026-09-22 09:00:00,Tuesday,9,0.147,0.821,0.000,0.000,0.189,0.000,1.157,praca zdalna
2026-09-22 10:00:00,Tuesday,10,0.123,0.812,0.000,0.000,0.232,0.000,1.167,praca zdalna
2026-09-22 11:00:00,Tuesday,11,0.148,0.775,0.000,0.000,0.266,0.000,1.189,praca zdalna
2026-09-22 12:00:00,Tuesday,12,0.144,0.555,0.000,0.000,0.301,0.000,1.000,praca zdalna
2026-09-22 13:00:00,Tuesday,13,0.120,0.526,0.000,0.850,0.213,0.000,1.709,praca zdalna
2026-09-22 14:00:00,Tuesday,14,0.118,0.374,0.000,0.000,0.351,0.881,1.724,praca zdalna; pralka
2026-09-22 15:00:00,Tuesday,15,0.130,0.350,0.000,0.000,0.319,2.111,2.910,praca zdalna; suszarka
2026-09-22 16:00:00,Tuesday,16,0.122,0.341,0.000,0.000,0.217,0.000,0.680,praca zdalna
2026-09-22 17:00:00,Tuesday,17,0.114,0.437,0.000,0.000,0.251,0.000,0.802,
2026-09-22 18:00:00,Tuesday,18,0.112,0.613,0.000,1.756,0.198,0.000,2.679,
2026-09-22 19:00:00,Tuesday,19,0.118,0.797,0.000,0.000,0.175,0.000,1.090,
2026-09-22 20:00:00,Tuesday,20,0.141,0.862,0.246,0.000,0.194,0.836,2.279,zmywarka
2026-09-22 21:00:00,Tuesday,21,0.121,0.778,0.281,0.000,0.322,0.000,1.502,
2026-09-22 22:00:00,Tuesday,22,0.134,0.783,0.062,0.000,0.282,0.000,1.261,
2026-09-22 23:00:00,Tuesday,23,0.154,0.807,0.000,0.000,0.000,0.000,0.961,
