Data_Czas,Temperatura_C,Zachmurzenie_proc,Promieniowanie_W_m2
2025-09-23 00:00:00,10.6,41,0.0
2025-09-23 01:00:00,10.1,49,0.0
2025-09-23 02:00:00,10.0,31,0.0
2025-09-23 03:00:00,9.6,35,0.0
2025-09-23 04:00:00,9.7,21,0.0
2025-09-23 05:00:00,9.6,27,0.0
2025-09-23 06:00:00,9.6,48,0.0
2025-09-23 07:00:00,9.6,32,0.0
2025-09-23 08:00:00,10.1,21,33.0
2025-09-23 09:00:00,10.8,12,140.0
2025-09-23 10:00:00,12.2,11,278.0
2025-09-23 11:00:00,13.4,13,389.0
2025-09-23 12:00:00,14.1,11,463.0
2025-09-23 13:00:00,14.6,16,512.0
2025-09-23 14:00:00,14.9,18,504.0
2025-09-23 15:00:00,15.2,1,477.0
2025-09-23 16:00:00,14.9,0,419.0
2025-09-23 17:00:00,14.3,0,308.0
2025-09-23 18:00:00,13.6,0,172.0
2025-09-23 19:00:00,12.8,0,45.0
2025-09-23 20:00:00,12.4,0,0.0
2025-09-23 21:00:00,12.0,0,0.0
2025-09-23 22:00:00,11.9,0,0.0
2025-09-23 23:00:00,11.8,2,0.0
2025-09-24 00:00:00,11.8,0,0.0
2025-09-24 01:00:00,11.4,0,0.0
2025-09-24 02:00:00,11.1,0,0.0
2025-09-24 03:00:00,9.0,7,0.0
2025-09-24 04:00:00,8.8,9,0.0
2025-09-24 05:00:00,8.6,9,0.0
2025-09-24 06:00:00,8.5,40,0.0
2025-09-24 07:00:00,8.5,15,0.0
2025-09-24 08:00:00,9.0,6,36.0
2025-09-24 09:00:00,9.9,18,157.0
2025-09-24 10:00:00,10.8,17,290.0
2025-09-24 11:00:00,11.8,1,406.0
2025-09-24 12:00:00,12.7,0,491.0
2025-09-24 13:00:00,13.3,0,536.0
2025-09-24 14:00:00,13.7,0,537.0
2025-09-24 15:00:00,14.4,0,495.0
2025-09-24 16:00:00,14.4,0,412.0
2025-09-24 17:00:00,14.2,0,297.0
2025-09-24 18:00:00,13.7,0,162.0
2025-09-24 19:00:00,13.0,0,40.0
2025-09-24 20:00:00,12.9,0,0.0
2025-09-24 21:00:00,12.3,0,0.0
2025-09-24 22:00:00,11.8,0,0.0
2025-09-24 23:00:00,11.5,0,0.0
2025-09-25 00:00:00,11.3,0,0.0
2025-09-25 01:00:00,11.1,0,0.0
2025-09-25 02:00:00,11.0,0,0.0
2025-09-25 03:00:00,9.7,0,0.0
2025-09-25 04:00:00,9.6,0,0.0
2025-09-25 05:00:00,9.4,0,0.0
2025-09-25 06:00:00,9.1,0,0.0
2025-09-25 07:00:00,9.0,1,0.0
2025-09-25 08:00:00,9.4,0,33.0
2025-09-25 09:00:00,10.2,0,150.0
2025-09-25 10:00:00,10.9,0,282.0
2025-09-25 11:00:00,11.8,0,398.0
2025-09-25 12:00:00,12.9,0,482.0
2025-09-25 13:00:00,14.0,32,527.0
2025-09-25 14:00:00,14.7,100,457.0
2025-09-25 15:00:00,15.3,99,338.0
2025-09-25 16:00:00,15.3,100,238.0
2025-09-25 17:00:00,15.0,32,135.0
2025-09-25 18:00:00,14.7,30,126.0
2025-09-25 19:00:00,14.1,54,31.0
2025-09-25 20:00:00,13.6,6,0.0
2025-09-25 21:00:00,13.1,5,0.0
2025-09-25 22:00:00,12.9,3,0.0
2025-09-25 23:00:00,12.7,3,0.0
2025-09-26 00:00:00,12.5,12,0.0
2025-09-26 01:00:00,12.6,22,0.0
2025-09-26 02:00:00,12.4,41,0.0
2025-09-26 03:00:00,11.6,15,0.0
2025-09-26 04:00:00,11.5,2,0.0
2025-09-26 05:00:00,11.3,1,0.0
2025-09-26 06:00:00,11.3,16,0.0
2025-09-26 07:00:00,11.5,6,0.0
2025-09-26 08:00:00,11.8,1,29.0
2025-09-26 09:00:00,12.3,0,145.0
2025-09-26 10:00:00,13.2,0,277.0
2025-09-26 11:00:00,14.5,1,392.0
2025-09-26 12:00:00,15.0,4,477.0
2025-09-26 13:00:00,15.2,12,520.0
2025-09-26 14:00:00,15.3,12,516.0
2025-09-26 15:00:00,15.5,6,473.0
2025-09-26 16:00:00,15.3,15,389.0
2025-09-26 17:00:00,14.9,7,267.0
2025-09-26 18:00:00,14.3,2,145.0
2025-09-26 19:00:00,13.9,8,32.0
2025-09-26 20:00:00,13.7,8,0.0
2025-09-26 21:00:00,13.5,1,0.0
2025-09-26 22:00:00,13.4,6,0.0
2025-09-26 23:00:00,13.2,19,0.0
2025-09-27 00:00:00,13.2,8,0.0
2025-09-27 01:00:00,13.2,7,0.0
2025-09-27 02:00:00,12.9,1,0.0
2025-09-27 03:00:00,12.0,0,0.0
2025-09-27 04:00:00,11.9,0,0.0
2025-09-27 05:00:00,11.9,0,0.0
2025-09-27 06:00:00,11.7,0,0.0
2025-09-27 07:00:00,11.6,0,0.0
2025-09-27 08:00:00,11.7,0,29.0
2025-09-27 09:00:00,12.4,0,146.0
2025-09-27 10:00:00,13.3,0,281.0
2025-09-27 11:00:00,14.4,0,398.0
2025-09-27 12:00:00,15.2,0,482.0
2025-09-27 13:00:00,15.6,1,527.0
2025-09-27 14:00:00,15.7,99,527.0
2025-09-27 15:00:00,16.2,5,480.0
2025-09-27 16:00:00,16.0,89,396.0
2025-09-27 17:00:00,15.5,78,272.0
2025-09-27 18:00:00,14.7,97,139.0
2025-09-27 19:00:00,14.0,94,25.0
2025-09-27 20:00:00,13.5,32,0.0
2025-09-27 21:00:00,13.1,53,0.0
2025-09-27 22:00:00,12.9,87,0.0
2025-09-27 23:00:00,12.8,93,0.0
2025-09-28 00:00:00,12.7,45,0.0
2025-09-28 01:00:00,12.6,0,0.0
2025-09-28 02:00:00,12.5,9,0.0
2025-09-28 03:00:00,12.0,10,0.0
2025-09-28 04:00:00,11.9,17,0.0
2025-09-28 05:00:00,11.9,15,0.0
2025-09-28 06:00:00,11.8,0,0.0
2025-09-28 07:00:00,11.7,3,0.0
2025-09-28 08:00:00,11.8,2,25.0
2025-09-28 09:00:00,12.4,23,134.0
2025-09-28 10:00:00,13.1,28,246.0
2025-09-28 11:00:00,14.1,25,350.0
2025-09-28 12:00:00,15.3,88,424.0
2025-09-28 13:00:00,15.9,97,340.0
2025-09-28 14:00:00,16.1,100,316.0
2025-09-28 15:00:00,16.2,70,298.0
2025-09-28 16:00:00,16.4,60,303.0
2025-09-28 17:00:00,16.2,53,197.0
2025-09-28 18:00:00,15.4,34,101.0
2025-09-28 19:00:00,14.5,71,21.0
2025-09-28 20:00:00,14.1,32,0.0
2025-09-28 21:00:00,13.7,29,0.0
2025-09-28 22:00:00,13.4,34,0.0
2025-09-28 23:00:00,13.5,16,0.0
2025-09-29 00:00:00,13.2,16,0.0
2025-09-29 01:00:00,12.8,9,0.0
2025-09-29 02:00:00,12.8,7,0.0
2025-09-29 03:00:00,12.1,23,0.0
2025-09-29 04:00:00,12.1,7,0.0
2025-09-29 05:00:00,12.0,11,0.0
2025-09-29 06:00:00,11.8,12,0.0
2025-09-29 07:00:00,11.6,10,0.0
2025-09-29 08:00:00,11.8,11,21.0
2025-09-29 09:00:00,12.5,23,122.0
2025-09-29 10:00:00,13.4,21,228.0
2025-09-29 11:00:00,14.0,17,328.0
2025-09-29 12:00:00,14.5,35,421.0
2025-09-29 13:00:00,14.6,39,416.0
2025-09-29 14:00:00,14.5,37,389.0
2025-09-29 15:00:00,14.0,60,175.0
2025-09-29 16:00:00,14.1,39,293.0
2025-09-29 17:00:00,13.8,31,201.0
2025-09-29 18:00:00,13.0,25,110.0
2025-09-29 19:00:00,12.3,20,19.0
2025-09-29 20:00:00,11.9,25,0.0
2025-09-29 21:00:00,11.6,20,0.0
2025-09-29 22:00:00,11.3,5,0.0
2025-09-29 23:00:00,11.1,9,0.0
2025-09-30 00:00:00,10.8,18,0.0
2025-09-30 01:00:00,10.5,20,0.0
2025-09-30 02:00:00,10.5,5,0.0
2025-09-30 03:00:00,10.1,1,0.0
2025-09-30 04:00:00,10.1,5,0.0
2025-09-30 05:00:00,10.1,14,0.0
2025-09-30 06:00:00,10.0,20,0.0
2025-09-30 07:00:00,9.9,26,0.0
2025-09-30 08:00:00,10.1,7,19.0
2025-09-30 09:00:00,10.8,25,120.0
2025-09-30 10:00:00,11.5,42,216.0
2025-09-30 11:00:00,12.1,30,296.0
2025-09-30 12:00:00,12.6,26,401.0
2025-09-30 13:00:00,13.1,37,435.0
2025-09-30 14:00:00,13.3,32,407.0
2025-09-30 15:00:00,13.4,44,362.0
2025-09-30 16:00:00,13.1,41,280.0
2025-09-30 17:00:00,12.7,44,200.0
2025-09-30 18:00:00,12.4,27,98.0
2025-09-30 19:00:00,11.8,17,16.0
2025-09-30 20:00:00,11.6,5,0.0
2025-09-30 21:00:00,11.4,5,0.0
2025-09-30 22:00:00,11.1,12,0.0
2025-09-30 23:00:00,10.6,15,0.0
2025-10-01 00:00:00,10.4,16,0.0
2025-10-01 01:00:00,10.2,7,0.0
2025-10-01 02:00:00,9.5,12,0.0
2025-10-01 03:00:00,9.4,0,0.0
2025-10-01 04:00:00,9.4,2,0.0
2025-10-01 05:00:00,9.5,6,0.0
2025-10-01 06:00:00,9.5,8,0.0
2025-10-01 07:00:00,9.5,15,0.0
2025-10-01 08:00:00,9.8,2,17.0
2025-10-01 09:00:00,10.3,22,116.0
2025-10-01 10:00:00,10.7,89,220.0
2025-10-01 11:00:00,11.2,28,224.0
2025-10-01 12:00:00,11.9,23,379.0
2025-10-01 13:00:00,12.3,20,441.0
2025-10-01 14:00:00,12.5,34,434.0
2025-10-01 15:00:00,12.9,25,346.0
2025-10-01 16:00:00,12.8,17,315.0
2025-10-01 17:00:00,12.7,13,230.0
2025-10-01 18:00:00,12.2,13,109.0
2025-10-01 19:00:00,10.9,9,15.0
2025-10-01 20:00:00,10.6,8,0.0
2025-10-01 21:00:00,11.0,9,0.0
2025-10-01 22:00:00,11.2,5,0.0
2025-10-01 23:00:00,10.9,13,0.0
2025-10-02 00:00:00,10.7,7,0.0
2025-10-02 01:00:00,10.7,5,0.0
2025-10-02 02:00:00,10.5,14,0.0
2025-10-02 03:00:00,10.2,11,0.0
2025-10-02 04:00:00,10.0,5,0.0
2025-10-02 05:00:00,9.8,4,0.0
2025-10-02 06:00:00,9.5,13,0.0
2025-10-02 07:00:00,9.3,19,0.0
2025-10-02 08:00:00,9.7,15,15.0
2025-10-02 09:00:00,10.1,10,113.0
2025-10-02 10:00:00,10.8,6,242.0
2025-10-02 11:00:00,11.7,13,357.0
2025-10-02 12:00:00,12.4,24,417.0
2025-10-02 13:00:00,12.8,32,416.0
2025-10-02 14:00:00,13.3,19,396.0
2025-10-02 15:00:00,13.4,18,396.0
2025-10-02 16:00:00,13.4,23,335.0
2025-10-02 17:00:00,13.1,16,213.0
2025-10-02 18:00:00,12.5,26,106.0
2025-10-02 19:00:00,12.1,44,12.0
2025-10-02 20:00:00,11.7,25,0.0
2025-10-02 21:00:00,11.1,9,0.0
2025-10-02 22:00:00,10.7,2,0.0
2025-10-02 23:00:00,10.5,0,0.0
2025-10-03 00:00:00,10.4,2,0.0
2025-10-03 01:00:00,10.6,15,0.0
2025-10-03 02:00:00,10.5,17,0.0
2025-10-03 03:00:00,10.4,30,0.0
2025-10-03 04:00:00,10.5,53,0.0
2025-10-03 05:00:00,10.6,59,0.0
2025-10-03 06:00:00,10.6,71,0.0
2025-10-03 07:00:00,10.8,65,0.0
2025-10-03 08:00:00,11.0,64,10.0
2025-10-03 09:00:00,11.5,59,82.0
2025-10-03 10:00:00,12.1,23,188.0
2025-10-03 11:00:00,12.6,16,323.0
2025-10-03 12:00:00,12.8,9,403.0
2025-10-03 13:00:00,13.0,8,460.0
2025-10-03 14:00:00,13.2,2,466.0
2025-10-03 15:00:00,13.1,7,430.0
2025-10-03 16:00:00,12.9,7,340.0
2025-10-03 17:00:00,12.7,4,230.0
2025-10-03 18:00:00,12.5,22,107.0
2025-10-03 19:00:00,12.2,91,12.0
2025-10-03 20:00:00,12.0,95,0.0
2025-10-03 21:00:00,12.0,100,0.0
2025-10-03 22:00:00,12.1,100,0.0
2025-10-03 23:00:00,12.2,100,0.0
2025-10-04 00:00:00,12.0,100,0.0
2025-10-04 01:00:00,11.9,100,0.0
2025-10-04 02:00:00,12.1,100,0.0
2025-10-04 03:00:00,12.2,100,0.0
2025-10-04 04:00:00,12.1,100,0.0
2025-10-04 05:00:00,11.8,100,0.0
2025-10-04 06:00:00,11.6,100,0.0
2025-10-04 07:00:00,11.4,100,0.0
2025-10-04 08:00:00,10.6,100,1.0
2025-10-04 09:00:00,10.2,100,4.0
2025-10-04 10:00:00,10.0,100,11.0
2025-10-04 11:00:00,10.0,100,17.0
2025-10-04 12:00:00,10.5,100,21.0
2025-10-04 13:00:00,11.0,100,19.0
2025-10-04 14:00:00,11.0,100,23.0
2025-10-04 15:00:00,11.3,100,43.0
2025-10-04 16:00:00,11.5,100,33.0
2025-10-04 17:00:00,11.8,100,21.0
2025-10-04 18:00:00,11.8,51,13.0
2025-10-04 19:00:00,11.4,90,7.0
2025-10-04 20:00:00,11.3,22,0.0
2025-10-04 21:00:00,10.9,7,0.0
2025-10-04 22:00:00,10.7,30,0.0
2025-10-04 23:00:00,10.6,34,0.0
2025-10-05 00:00:00,10.7,57,0.0
2025-10-05 01:00:00,10.7,98,0.0
2025-10-05 02:00:00,10.9,100,0.0
2025-10-05 03:00:00,11.0,98,0.0
2025-10-05 04:00:00,11.0,100,0.0
2025-10-05 05:00:00,11.2,100,0.0
2025-10-05 06:00:00,11.2,100,0.0
2025-10-05 07:00:00,11.2,100,0.0
2025-10-05 08:00:00,11.1,100,8.0
2025-10-05 09:00:00,11.3,51,39.0
2025-10-05 10:00:00,12.1,59,199.0
2025-10-05 11:00:00,12.8,83,257.0
2025-10-05 12:00:00,13.3,24,293.0
2025-10-05 13:00:00,14.0,21,399.0
2025-10-05 14:00:00,13.5,90,420.0
2025-10-05 15:00:00,13.1,98,190.0
2025-10-05 16:00:00,13.3,96,142.0
2025-10-05 17:00:00,13.1,100,161.0
2025-10-05 18:00:00,12.8,100,63.0
2025-10-05 19:00:00,12.4,94,4.0
2025-10-05 20:00:00,12.3,99,0.0
2025-10-05 21:00:00,12.2,92,0.0
2025-10-05 22:00:00,11.8,100,0.0
2025-10-05 23:00:00,11.7,99,0.0
2025-10-06 00:00:00,12.6,98,0.0
2025-10-06 01:00:00,12.9,45,0.0
2025-10-06 02:00:00,13.0,43,0.0
2025-10-06 03:00:00,13.2,31,0.0
2025-10-06 04:00:00,13.2,34,0.0
2025-10-06 05:00:00,12.9,55,0.0
2025-10-06 06:00:00,12.8,91,0.0
2025-10-06 07:00:00,12.6,77,0.0
2025-10-06 08:00:00,12.5,48,5.0
2025-10-06 09:00:00,12.8,53,80.0
2025-10-06 10:00:00,13.3,55,161.0
2025-10-06 11:00:00,13.9,90,268.0
2025-10-06 12:00:00,14.4,100,283.0
2025-10-06 13:00:00,14.9,98,287.0
2025-10-06 14:00:00,15.1,99,336.0
2025-10-06 15:00:00,15.0,55,329.0
2025-10-06 16:00:00,14.7,65,241.0
2025-10-06 17:00:00,14.2,31,148.0
2025-10-06 18:00:00,13.5,52,78.0
2025-10-06 19:00:00,12.7,98,6.0
2025-10-06 20:00:00,12.7,100,0.0
2025-10-06 21:00:00,12.2,100,0.0
2025-10-06 22:00:00,12.0,100,0.0
2025-10-06 23:00:00,11.5,100,0.0
2025-10-07 00:00:00,11.1,100,0.0
2025-10-07 01:00:00,11.0,100,0.0
2025-10-07 02:00:00,11.1,100,0.0
2025-10-07 03:00:00,11.3,100,0.0
2025-10-07 04:00:00,11.4,100,0.0
2025-10-07 05:00:00,11.5,100,0.0
2025-10-07 06:00:00,11.6,100,0.0
2025-10-07 07:00:00,11.8,100,0.0
2025-10-07 08:00:00,12.0,97,3.0
2025-10-07 09:00:00,12.4,98,76.0
2025-10-07 10:00:00,12.9,100,153.0
2025-10-07 11:00:00,13.5,100,210.0
2025-10-07 12:00:00,14.1,100,277.0
2025-10-07 13:00:00,13.9,100,84.0
2025-10-07 14:00:00,14.3,100,151.0
2025-10-07 15:00:00,14.0,100,67.0
2025-10-07 16:00:00,14.0,100,50.0
2025-10-07 17:00:00,13.9,100,31.0
2025-10-07 18:00:00,13.8,100,10.0
2025-10-07 19:00:00,13.9,100,1.0
2025-10-07 20:00:00,14.1,100,0.0
2025-10-07 21:00:00,14.2,100,0.0
2025-10-07 22:00:00,14.1,100,0.0
2025-10-07 23:00:00,14.2,100,0.0
2025-10-08 00:00:00,14.2,100,0.0
2025-10-08 01:00:00,14.1,100,0.0
2025-10-08 02:00:00,13.9,100,0.0
2025-10-08 03:00:00,13.6,100,0.0
2025-10-08 04:00:00,13.3,100,0.0
2025-10-08 05:00:00,12.9,100,0.0
2025-10-08 06:00:00,12.4,100,0.0
2025-10-08 07:00:00,12.7,100,0.0
2025-10-08 08:00:00,12.8,100,2.0
2025-10-08 09:00:00,13.0,100,15.0
2025-10-08 10:00:00,13.2,100,35.0
2025-10-08 11:00:00,13.6,100,59.0
2025-10-08 12:00:00,14.1,100,101.0
2025-10-08 13:00:00,14.0,100,55.0
2025-10-08 14:00:00,14.1,100,143.0
2025-10-08 15:00:00,14.6,37,185.0
2025-10-08 16:00:00,15.0,87,238.0
2025-10-08 17:00:00,14.7,23,126.0
2025-10-08 18:00:00,13.7,21,74.0
2025-10-08 19:00:00,12.7,70,4.0
2025-10-08 20:00:00,11.8,100,0.0
2025-10-08 21:00:00,11.0,100,0.0
2025-10-08 22:00:00,10.5,98,0.0
2025-10-08 23:00:00,10.6,99,0.0
2025-10-09 00:00:00,10.8,100,0.0
2025-10-09 01:00:00,11.1,97,0.0
2025-10-09 02:00:00,10.7,98,0.0
2025-10-09 03:00:00,10.7,27,0.0
2025-10-09 04:00:00,10.2,0,0.0
2025-10-09 05:00:00,9.9,0,0.0
2025-10-09 06:00:00,9.5,0,0.0
2025-10-09 07:00:00,9.2,0,0.0
2025-10-09 08:00:00,9.3,0,6.0
2025-10-09 09:00:00,9.8,23,88.0
2025-10-09 10:00:00,10.8,93,208.0
2025-10-09 11:00:00,11.9,14,312.0
2025-10-09 12:00:00,12.9,34,388.0
2025-10-09 13:00:00,14.0,100,413.0
2025-10-09 14:00:00,14.0,100,189.0
2025-10-09 15:00:00,14.0,100,127.0
2025-10-09 16:00:00,14.0,100,106.0
2025-10-09 17:00:00,13.6,100,33.0
2025-10-09 18:00:00,13.7,100,16.0
2025-10-09 19:00:00,13.6,100,0.0
2025-10-09 20:00:00,13.4,100,0.0
2025-10-09 21:00:00,13.2,100,0.0
2025-10-09 22:00:00,13.1,100,0.0
2025-10-09 23:00:00,12.6,100,0.0
2025-10-10 00:00:00,12.5,100,0.0
2025-10-10 01:00:00,12.4,100,0.0
2025-10-10 02:00:00,12.1,100,0.0
2025-10-10 03:00:00,11.9,50,0.0
2025-10-10 04:00:00,11.8,38,0.0
2025-10-10 05:00:00,11.7,66,0.0
2025-10-10 06:00:00,11.7,55,0.0
2025-10-10 07:00:00,11.7,76,0.0
2025-10-10 08:00:00,11.8,67,4.0
2025-10-10 09:00:00,12.2,71,65.0
2025-10-10 10:00:00,13.0,51,156.0
2025-10-10 11:00:00,13.6,86,257.0
2025-10-10 12:00:00,14.4,80,236.0
2025-10-10 13:00:00,14.9,100,284.0
2025-10-10 14:00:00,14.7,100,194.0
2025-10-10 15:00:00,14.7,100,137.0
2025-10-10 16:00:00,14.6,100,112.0
2025-10-10 17:00:00,14.3,100,66.0
2025-10-10 18:00:00,13.9,100,15.0
2025-10-10 19:00:00,13.8,100,1.0
2025-10-10 20:00:00,13.8,100,0.0
2025-10-10 21:00:00,13.7,70,0.0
2025-10-10 22:00:00,13.4,100,0.0
2025-10-10 23:00:00,13.6,100,0.0
2025-10-11 00:00:00,13.7,100,0.0
2025-10-11 01:00:00,13.7,100,0.0
2025-10-11 02:00:00,13.7,100,0.0
2025-10-11 03:00:00,13.3,100,0.0
2025-10-11 04:00:00,13.0,81,0.0
2025-10-11 05:00:00,12.5,12,0.0
2025-10-11 06:00:00,12.3,9,0.0
2025-10-11 07:00:00,12.1,16,0.0
2025-10-11 08:00:00,12.3,7,4.0
2025-10-11 09:00:00,12.5,23,77.0
2025-10-11 10:00:00,13.2,93,188.0
2025-10-11 11:00:00,13.6,52,213.0
2025-10-11 12:00:00,14.1,63,305.0
2025-10-11 13:00:00,14.4,80,320.0
2025-10-11 14:00:00,14.0,100,284.0
2025-10-11 15:00:00,14.2,99,164.0
2025-10-11 16:00:00,14.3,100,145.0
2025-10-11 17:00:00,14.0,84,82.0
2025-10-11 18:00:00,13.5,2,45.0
2025-10-11 19:00:00,12.9,14,1.0
2025-10-11 20:00:00,12.8,73,0.0
2025-10-11 21:00:00,12.7,70,0.0
2025-10-11 22:00:00,12.3,38,0.0
2025-10-11 23:00:00,12.0,95,0.0
2025-10-12 00:00:00,12.3,100,0.0
2025-10-12 01:00:00,12.5,100,0.0
2025-10-12 02:00:00,12.7,100,0.0
2025-10-12 03:00:00,12.6,100,0.0
2025-10-12 04:00:00,12.5,100,0.0
2025-10-12 05:00:00,12.6,100,0.0
2025-10-12 06:00:00,12.9,100,0.0
2025-10-12 07:00:00,13.0,100,0.0
2025-10-12 08:00:00,12.7,100,1.0
2025-10-12 09:00:00,12.9,90,17.0
2025-10-12 10:00:00,13.4,63,131.0
2025-10-12 11:00:00,14.4,58,243.0
2025-10-12 12:00:00,15.2,52,294.0
2025-10-12 13:00:00,15.5,53,350.0
2025-10-12 14:00:00,15.8,76,366.0
2025-10-12 15:00:00,16.1,87,334.0
2025-10-12 16:00:00,15.9,2,260.0
2025-10-12 17:00:00,15.2,5,175.0
2025-10-12 18:00:00,13.7,1,59.0
2025-10-12 19:00:00,12.6,0,1.0
2025-10-12 20:00:00,11.7,59,0.0
2025-10-12 21:00:00,11.2,100,0.0
2025-10-12 22:00:00,10.9,100,0.0
2025-10-12 23:00:00,10.1,99,0.0
2025-10-13 00:00:00,9.3,31,0.0
2025-10-13 01:00:00,8.8,0,0.0
2025-10-13 02:00:00,8.2,0,0.0
2025-10-13 03:00:00,7.7,0,0.0
2025-10-13 04:00:00,7.6,0,0.0
2025-10-13 05:00:00,7.6,0,0.0
2025-10-13 06:00:00,7.4,0,0.0
2025-10-13 07:00:00,7.2,7,0.0
2025-10-13 08:00:00,6.0,8,3.0
2025-10-13 09:00:00,6.5,39,74.0
2025-10-13 10:00:00,7.8,23,191.0
2025-10-13 11:00:00,9.6,0,300.0
2025-10-13 12:00:00,11.0,5,377.0
2025-10-13 13:00:00,12.1,66,413.0
2025-10-13 14:00:00,13.4,98,404.0
2025-10-13 15:00:00,13.6,100,331.0
2025-10-13 16:00:00,13.3,99,227.0
2025-10-13 17:00:00,12.7,98,150.0
2025-10-13 18:00:00,11.8,67,51.0
2025-10-13 19:00:00,11.2,90,0.0
2025-10-13 20:00:00,11.0,96,0.0
2025-10-13 21:00:00,10.6,70,0.0
2025-10-13 22:00:00,10.2,84,0.0
2025-10-13 23:00:00,10.2,84,0.0
2025-10-14 00:00:00,10.4,86,0.0
2025-10-14 01:00:00,10.8,100,0.0
2025-10-14 02:00:00,10.7,100,0.0
2025-10-14 03:00:00,11.0,100,0.0
2025-10-14 04:00:00,11.0,100,0.0
2025-10-14 05:00:00,11.0,84,0.0
2025-10-14 06:00:00,10.7,41,0.0
2025-10-14 07:00:00,10.6,78,0.0
2025-10-14 08:00:00,11.0,45,2.0
2025-10-14 09:00:00,11.3,59,54.0
2025-10-14 10:00:00,11.8,95,151.0
2025-10-14 11:00:00,12.0,49,199.0
2025-10-14 12:00:00,12.6,77,308.0
2025-10-14 13:00:00,13.1,55,318.0
2025-10-14 14:00:00,13.2,92,317.0
2025-10-14 15:00:00,13.3,80,248.0
2025-10-14 16:00:00,13.2,43,197.0
2025-10-14 17:00:00,13.0,30,141.0
2025-10-14 18:00:00,12.2,54,46.0
2025-10-14 19:00:00,11.4,16,0.0
2025-10-14 20:00:00,11.2,36,0.0
2025-10-14 21:00:00,11.1,5,0.0
2025-10-14 22:00:00,10.8,0,0.0
2025-10-14 23:00:00,10.6,6,0.0
2025-10-15 00:00:00,10.4,2,0.0
2025-10-15 01:00:00,10.2,1,0.0
2025-10-15 02:00:00,9.9,5,0.0
2025-10-15 03:00:00,9.5,1,0.0
2025-10-15 04:00:00,9.3,8,0.0
2025-10-15 05:00:00,9.2,39,0.0
2025-10-15 06:00:00,9.0,60,0.0
2025-10-15 07:00:00,8.9,69,0.0
2025-10-15 08:00:00,8.9,77,1.0
2025-10-15 09:00:00,9.1,98,50.0
2025-10-15 10:00:00,9.9,100,139.0
2025-10-15 11:00:00,11.2,100,237.0
2025-10-15 12:00:00,12.2,66,240.0
2025-10-15 13:00:00,13.3,100,305.0
2025-10-15 14:00:00,13.2,100,191.0
2025-10-15 15:00:00,13.0,100,80.0
2025-10-15 16:00:00,12.9,100,58.0
2025-10-15 17:00:00,12.8,100,45.0
2025-10-15 18:00:00,12.5,100,13.0
2025-10-15 19:00:00,12.1,100,0.0
2025-10-15 20:00:00,11.7,100,0.0
2025-10-15 21:00:00,11.7,79,0.0
2025-10-15 22:00:00,11.6,88,0.0
2025-10-15 23:00:00,11.6,100,0.0
2025-10-16 00:00:00,11.6,100,0.0
2025-10-16 01:00:00,11.4,100,0.0
2025-10-16 02:00:00,11.6,85,0.0
2025-10-16 03:00:00,11.2,73,0.0
2025-10-16 04:00:00,11.0,21,0.0
2025-10-16 05:00:00,10.6,9,0.0
2025-10-16 06:00:00,9.7,0,0.0
2025-10-16 07:00:00,9.4,0,0.0
2025-10-16 08:00:00,9.8,5,1.0
2025-10-16 09:00:00,10.1,3,60.0
2025-10-16 10:00:00,11.1,4,174.0
2025-10-16 11:00:00,12.1,23,279.0
2025-10-16 12:00:00,13.0,4,342.0
2025-10-16 13:00:00,14.0,18,395.0
2025-10-16 14:00:00,14.5,80,372.0
2025-10-16 15:00:00,14.2,70,223.0
2025-10-16 16:00:00,13.8,67,176.0
2025-10-16 17:00:00,13.4,16,91.0
2025-10-16 18:00:00,12.8,64,39.0
2025-10-16 19:00:00,12.5,87,0.0
2025-10-16 20:00:00,12.3,34,0.0
2025-10-16 21:00:00,11.7,7,0.0
2025-10-16 22:00:00,11.4,64,0.0
2025-10-16 23:00:00,11.1,62,0.0
2025-10-17 00:00:00,10.9,9,0.0
2025-10-17 01:00:00,10.8,12,0.0
2025-10-17 02:00:00,10.5,13,0.0
2025-10-17 03:00:00,10.2,6,0.0
2025-10-17 04:00:00,10.0,53,0.0
2025-10-17 05:00:00,9.7,99,0.0
2025-10-17 06:00:00,9.4,100,0.0
2025-10-17 07:00:00,9.1,87,0.0
2025-10-17 08:00:00,9.1,100,1.0
2025-10-17 09:00:00,9.2,100,36.0
2025-10-17 10:00:00,9.6,100,69.0
2025-10-17 11:00:00,9.9,99,100.0
2025-10-17 12:00:00,10.1,88,188.0
2025-10-17 13:00:00,10.4,27,226.0
2025-10-17 14:00:00,10.1,51,338.0
2025-10-17 15:00:00,10.3,98,244.0
2025-10-17 16:00:00,10.1,100,94.0
2025-10-17 17:00:00,9.5,100,42.0
2025-10-17 18:00:00,8.6,100,7.0
2025-10-17 19:00:00,8.1,86,0.0
2025-10-17 20:00:00,8.1,17,0.0
2025-10-17 21:00:00,7.2,0,0.0
2025-10-17 22:00:00,6.7,0,0.0
2025-10-17 23:00:00,6.3,0,0.0
2025-10-18 00:00:00,6.0,0,0.0
2025-10-18 01:00:00,5.7,0,0.0
2025-10-18 02:00:00,5.1,0,0.0
2025-10-18 03:00:00,5.0,0,0.0
2025-10-18 04:00:00,5.0,0,0.0
2025-10-18 05:00:00,5.1,0,0.0
2025-10-18 06:00:00,5.1,0,0.0
2025-10-18 07:00:00,5.2,0,0.0
2025-10-18 08:00:00,4.7,0,0.0
2025-10-18 09:00:00,5.2,0,56.0
2025-10-18 10:00:00,6.1,0,172.0
2025-10-18 11:00:00,6.9,0,281.0
2025-10-18 12:00:00,7.6,0,360.0
2025-10-18 13:00:00,8.2,0,399.0
2025-10-18 14:00:00,9.3,0,394.0
2025-10-18 15:00:00,9.5,0,346.0
2025-10-18 16:00:00,9.5,1,260.0
2025-10-18 17:00:00,9.0,1,148.0
2025-10-18 18:00:00,8.2,0,37.0
2025-10-18 19:00:00,7.8,0,0.0
2025-10-18 20:00:00,6.7,0,0.0
2025-10-18 21:00:00,5.1,0,0.0
2025-10-18 22:00:00,4.8,0,0.0
2025-10-18 23:00:00,5.5,0,0.0
2025-10-19 00:00:00,5.2,0,0.0
2025-10-19 01:00:00,5.4,0,0.0
2025-10-19 02:00:00,3.9,0,0.0
2025-10-19 03:00:00,4.0,0,0.0
2025-10-19 04:00:00,4.0,2,0.0
2025-10-19 05:00:00,5.0,1,0.0
2025-10-19 06:00:00,5.4,0,0.0
2025-10-19 07:00:00,5.9,1,0.0
2025-10-19 08:00:00,4.3,2,0.0
2025-10-19 09:00:00,6.8,2,52.0
2025-10-19 10:00:00,7.7,38,165.0
2025-10-19 11:00:00,8.7,96,268.0
2025-10-19 12:00:00,9.1,89,312.0
2025-10-19 13:00:00,9.2,12,373.0
2025-10-19 14:00:00,9.6,0,384.0
2025-10-19 15:00:00,9.4,0,343.0
2025-10-19 16:00:00,9.2,16,258.0
2025-10-19 17:00:00,8.9,0,145.0
2025-10-19 18:00:00,8.6,0,34.0
2025-10-19 19:00:00,8.8,0,0.0
2025-10-19 20:00:00,8.8,0,0.0
2025-10-19 21:00:00,9.1,0,0.0
2025-10-19 22:00:00,9.4,4,0.0
2025-10-19 23:00:00,9.5,0,0.0
2025-10-20 00:00:00,9.5,0,0.0
2025-10-20 01:00:00,9.4,0,0.0
2025-10-20 02:00:00,9.4,0,0.0
2025-10-20 03:00:00,9.5,0,0.0
2025-10-20 04:00:00,9.5,0,0.0
2025-10-20 05:00:00,9.4,20,0.0
2025-10-20 06:00:00,9.4,98,0.0
2025-10-20 07:00:00,9.3,98,0.0
2025-10-20 08:00:00,9.5,100,0.0
2025-10-20 09:00:00,9.7,74,46.0
2025-10-20 10:00:00,10.0,39,158.0
2025-10-20 11:00:00,10.2,23,265.0
2025-10-20 12:00:00,10.3,100,337.0
2025-10-20 13:00:00,10.4,99,372.0
2025-10-20 14:00:00,11.0,100,366.0
2025-10-20 15:00:00,11.0,100,312.0
2025-10-20 16:00:00,11.1,100,227.0
2025-10-20 17:00:00,10.9,100,114.0
2025-10-20 18:00:00,10.8,100,20.0
2025-10-20 19:00:00,11.1,100,0.0
2025-10-20 20:00:00,11.3,100,0.0
2025-10-20 21:00:00,11.5,99,0.0
2025-10-20 22:00:00,11.5,100,0.0
2025-10-20 23:00:00,11.4,100,0.0
2025-10-21 00:00:00,11.3,100,0.0
2025-10-21 01:00:00,11.3,100,0.0
2025-10-21 02:00:00,11.6,100,0.0
2025-10-21 03:00:00,11.5,100,0.0
2025-10-21 04:00:00,11.2,100,0.0
2025-10-21 05:00:00,11.1,100,0.0
2025-10-21 06:00:00,10.9,100,0.0
2025-10-21 07:00:00,11.1,100,0.0
2025-10-21 08:00:00,11.2,100,0.0
2025-10-21 09:00:00,11.5,100,22.0
2025-10-21 10:00:00,11.5,100,98.0
2025-10-21 11:00:00,11.6,100,189.0
2025-10-21 12:00:00,11.5,100,220.0
2025-10-21 13:00:00,11.5,99,193.0
2025-10-21 14:00:00,11.6,73,179.0
2025-10-21 15:00:00,11.8,97,190.0
2025-10-21 16:00:00,12.1,100,138.0
2025-10-21 17:00:00,12.5,89,67.0
2025-10-21 18:00:00,12.5,100,13.0
2025-10-21 19:00:00,13.0,35,0.0
2025-10-21 20:00:00,13.1,98,0.0
2025-10-21 21:00:00,13.1,63,0.0
2025-10-21 22:00:00,12.9,53,0.0
2025-10-21 23:00:00,12.6,21,0.0
2025-10-22 00:00:00,12.3,41,0.0
2025-10-22 01:00:00,12.3,91,0.0
2025-10-22 02:00:00,12.3,100,0.0
2025-10-22 03:00:00,12.3,99,0.0
2025-10-22 04:00:00,12.2,100,0.0
2025-10-22 05:00:00,12.4,86,0.0
2025-10-22 06:00:00,12.4,57,0.0
2025-10-22 07:00:00,12.4,47,0.0
2025-10-22 08:00:00,12.0,40,0.0
2025-10-22 09:00:00,12.0,76,33.0
2025-10-22 10:00:00,12.2,65,82.0
2025-10-22 11:00:00,12.3,21,146.0
2025-10-22 12:00:00,13.0,50,297.0
2025-10-22 13:00:00,13.0,100,284.0
2025-10-22 14:00:00,13.0,98,186.0
2025-10-22 15:00:00,13.1,52,203.0
2025-10-22 16:00:00,13.3,27,171.0
2025-10-22 17:00:00,12.8,95,100.0
2025-10-22 18:00:00,12.6,92,9.0
2025-10-22 19:00:00,12.2,89,0.0
2025-10-22 20:00:00,12.1,63,0.0
2025-10-22 21:00:00,11.9,14,0.0
2025-10-22 22:00:00,11.3,13,0.0
2025-10-22 23:00:00,10.9,0,0.0
2025-10-23 00:00:00,10.4,0,0.0
2025-10-23 01:00:00,10.1,0,0.0
2025-10-23 02:00:00,9.7,3,0.0
2025-10-23 03:00:00,8.8,1,0.0
2025-10-23 04:00:00,9.5,1,0.0
2025-10-23 05:00:00,10.3,89,0.0
2025-10-23 06:00:00,10.2,99,0.0
2025-10-23 07:00:00,10.2,99,0.0
2025-10-23 08:00:00,10.5,100,0.0
2025-10-23 09:00:00,10.9,100,17.0
2025-10-23 10:00:00,11.8,100,91.0
2025-10-23 11:00:00,12.5,100,88.0
2025-10-23 12:00:00,13.1,100,185.0
2025-10-23 13:00:00,13.1,100,146.0
2025-10-23 14:00:00,12.7,100,124.0
2025-10-23 15:00:00,11.9,100,27.0
2025-10-23 16:00:00,12.0,100,19.0
2025-10-23 17:00:00,12.1,100,33.0
2025-10-23 18:00:00,12.0,100,3.0
2025-10-23 19:00:00,12.4,100,0.0
2025-10-23 20:00:00,13.3,100,0.0
2025-10-23 21:00:00,13.4,100,0.0
2025-10-23 22:00:00,13.1,100,0.0
2025-10-23 23:00:00,13.0,100,0.0
2025-10-24 00:00:00,13.0,100,0.0
2025-10-24 01:00:00,13.0,100,0.0
2025-10-24 02:00:00,13.1,100,0.0
2025-10-24 03:00:00,12.8,100,0.0
2025-10-24 04:00:00,12.6,100,0.0
2025-10-24 05:00:00,12.4,100,0.0
2025-10-24 06:00:00,11.6,100,0.0
2025-10-24 07:00:00,11.5,100,0.0
2025-10-24 08:00:00,11.3,100,0.0
2025-10-24 09:00:00,11.5,100,20.0
2025-10-24 10:00:00,11.6,100,81.0
2025-10-24 11:00:00,11.7,70,112.0
2025-10-24 12:00:00,12.0,100,235.0
2025-10-24 13:00:00,11.8,100,184.0
2025-10-24 14:00:00,11.8,100,214.0
2025-10-24 15:00:00,12.1,88,213.0
2025-10-24 16:00:00,11.9,100,171.0
2025-10-24 17:00:00,11.1,83,31.0
2025-10-24 18:00:00,10.7,100,11.0
2025-10-24 19:00:00,10.8,99,0.0
2025-10-24 20:00:00,10.8,50,0.0
2025-10-24 21:00:00,10.6,83,0.0
2025-10-24 22:00:00,10.5,45,0.0
2025-10-24 23:00:00,10.3,80,0.0
2025-10-25 00:00:00,10.0,14,0.0
2025-10-25 01:00:00,9.6,100,0.0
2025-10-25 02:00:00,9.5,18,0.0
2025-10-25 03:00:00,9.3,43,0.0
2025-10-25 04:00:00,9.2,57,0.0
2025-10-25 05:00:00,9.2,43,0.0
2025-10-25 06:00:00,9.1,50,0.0
2025-10-25 07:00:00,9.1,13,0.0
2025-10-25 08:00:00,9.4,37,0.0
2025-10-25 09:00:00,9.4,55,25.0
2025-10-25 10:00:00,9.7,22,106.0
2025-10-25 11:00:00,10.2,23,212.0
2025-10-25 12:00:00,10.4,39,267.0
2025-10-25 13:00:00,10.4,37,246.0
2025-10-25 14:00:00,10.2,99,286.0
2025-10-25 15:00:00,10.0,100,131.0
2025-10-25 16:00:00,9.5,100,19.0
2025-10-25 17:00:00,9.8,100,14.0
2025-10-25 18:00:00,10.1,100,2.0
2025-10-25 19:00:00,10.1,100,0.0
2025-10-25 20:00:00,10.4,100,0.0
2025-10-25 21:00:00,10.2,100,0.0
2025-10-25 22:00:00,10.3,100,0.0
2025-10-25 23:00:00,9.9,65,0.0
2025-10-26 00:00:00,9.8,100,0.0
2025-10-26 01:00:00,9.8,100,0.0
2025-10-26 02:00:00,9.8,16,0.0
2025-10-26 03:00:00,9.7,9,0.0
2025-10-26 04:00:00,9.5,61,0.0
2025-10-26 05:00:00,9.1,82,0.0
2025-10-26 06:00:00,8.8,26,0.0
2025-10-26 07:00:00,8.5,47,0.0
2025-10-26 08:00:00,8.2,100,0.0
2025-10-26 09:00:00,8.2,100,13.0
2025-10-26 10:00:00,8.2,100,49.0
2025-10-26 11:00:00,8.3,100,75.0
2025-10-26 12:00:00,8.7,100,97.0
2025-10-26 13:00:00,8.6,100,67.0
2025-10-26 14:00:00,8.2,100,68.0
2025-10-26 15:00:00,8.2,100,72.0
2025-10-26 16:00:00,8.0,100,44.0
2025-10-26 17:00:00,7.9,100,16.0
2025-10-26 18:00:00,7.9,100,2.0
2025-10-26 19:00:00,7.6,100,0.0
2025-10-26 20:00:00,7.3,69,0.0
2025-10-26 21:00:00,7.2,88,0.0
2025-10-26 22:00:00,7.7,72,0.0
2025-10-26 23:00:00,8.3,34,0.0
2025-10-27 00:00:00,8.2,93,0.0
2025-10-27 01:00:00,7.9,100,0.0
2025-10-27 02:00:00,7.8,100,0.0
2025-10-27 03:00:00,7.9,99,0.0
2025-10-27 04:00:00,7.5,100,0.0
2025-10-27 05:00:00,8.2,100,0.0
2025-10-27 06:00:00,8.2,100,0.0
2025-10-27 07:00:00,8.0,100,0.0
2025-10-27 08:00:00,7.7,99,0.0
2025-10-27 09:00:00,7.7,100,16.0
2025-10-27 10:00:00,8.0,100,44.0
2025-10-27 11:00:00,8.5,100,138.0
2025-10-27 12:00:00,9.2,95,231.0
2025-10-27 13:00:00,9.8,97,306.0
2025-10-27 14:00:00,9.1,100,231.0
2025-10-27 15:00:00,8.5,92,56.0
2025-10-27 16:00:00,8.8,100,104.0
2025-10-27 17:00:00,8.8,100,37.0
2025-10-27 18:00:00,8.6,84,5.0
2025-10-27 19:00:00,8.3,98,0.0
2025-10-27 20:00:00,8.6,63,0.0
2025-10-27 21:00:00,8.3,56,0.0
2025-10-27 22:00:00,8.1,62,0.0
2025-10-27 23:00:00,8.1,19,0.0
2025-10-28 00:00:00,7.7,55,0.0
2025-10-28 01:00:00,7.9,49,0.0
2025-10-28 02:00:00,8.3,48,0.0
2025-10-28 03:00:00,8.4,63,0.0
2025-10-28 04:00:00,8.4,64,0.0
2025-10-28 05:00:00,8.4,36,0.0
2025-10-28 06:00:00,8.3,66,0.0
2025-10-28 07:00:00,8.4,100,0.0
2025-10-28 08:00:00,8.4,29,0.0
2025-10-28 09:00:00,8.2,9,21.0
2025-10-28 10:00:00,8.4,100,113.0
2025-10-28 11:00:00,8.9,99,177.0
2025-10-28 12:00:00,8.8,73,194.0
2025-10-28 13:00:00,9.2,100,271.0
2025-10-28 14:00:00,8.4,100,163.0
2025-10-28 15:00:00,8.2,100,99.0
2025-10-28 16:00:00,8.3,95,45.0
2025-10-28 17:00:00,8.0,72,47.0
2025-10-28 18:00:00,7.6,86,8.0
2025-10-28 19:00:00,7.4,41,0.0
2025-10-28 20:00:00,7.5,22,0.0
2025-10-28 21:00:00,7.2,7,0.0
2025-10-28 22:00:00,7.4,29,0.0
2025-10-28 23:00:00,7.5,30,0.0
2025-10-29 00:00:00,7.4,100,0.0
2025-10-29 01:00:00,8.1,100,0.0
2025-10-29 02:00:00,7.8,100,0.0
2025-10-29 03:00:00,8.5,96,0.0
2025-10-29 04:00:00,9.4,26,0.0
2025-10-29 05:00:00,9.1,35,0.0
2025-10-29 06:00:00,9.3,63,0.0
2025-10-29 07:00:00,9.4,100,0.0
2025-10-29 08:00:00,9.8,100,0.0
2025-10-29 09:00:00,10.1,70,15.0
2025-10-29 10:00:00,10.6,98,104.0
2025-10-29 11:00:00,11.2,100,178.0
2025-10-29 12:00:00,11.6,100,172.0
2025-10-29 13:00:00,11.7,100,218.0
2025-10-29 14:00:00,10.8,100,174.0
2025-10-29 15:00:00,11.2,100,120.0
2025-10-29 16:00:00,11.1,100,58.0
2025-10-29 17:00:00,10.9,100,24.0
2025-10-29 18:00:00,10.9,100,2.0
2025-10-29 19:00:00,10.8,100,0.0
2025-10-29 20:00:00,11.2,100,0.0
2025-10-29 21:00:00,11.5,100,0.0
2025-10-29 22:00:00,11.5,100,0.0
2025-10-29 23:00:00,11.5,100,0.0
2025-10-30 00:00:00,11.4,100,0.0
2025-10-30 01:00:00,11.3,100,0.0
2025-10-30 02:00:00,11.1,100,0.0
2025-10-30 03:00:00,11.0,100,0.0
2025-10-30 04:00:00,10.9,100,0.0
2025-10-30 05:00:00,10.6,100,0.0
2025-10-30 06:00:00,10.3,100,0.0
2025-10-30 07:00:00,10.0,100,0.0
2025-10-30 08:00:00,10.2,100,0.0
2025-10-30 09:00:00,10.2,100,3.0
2025-10-30 10:00:00,10.2,100,12.0
2025-10-30 11:00:00,10.3,100,33.0
2025-10-30 12:00:00,9.8,100,15.0
2025-10-30 13:00:00,9.5,100,15.0
2025-10-30 14:00:00,9.7,100,32.0
2025-10-30 15:00:00,9.7,100,40.0
2025-10-30 16:00:00,10.0,90,81.0
2025-10-30 17:00:00,9.8,8,53.0
2025-10-30 18:00:00,9.4,11,7.0
2025-10-30 19:00:00,9.3,12,0.0
2025-10-30 20:00:00,9.1,9,0.0
2025-10-30 21:00:00,8.6,28,0.0
2025-10-30 22:00:00,8.4,15,0.0
2025-10-30 23:00:00,8.2,11,0.0
2025-10-31 00:00:00,8.0,5,0.0
2025-10-31 01:00:00,7.8,2,0.0
2025-10-31 02:00:00,7.9,0,0.0
2025-10-31 03:00:00,7.4,0,0.0
2025-10-31 04:00:00,7.0,4,0.0
2025-10-31 05:00:00,6.7,4,0.0
2025-10-31 06:00:00,6.5,25,0.0
2025-10-31 07:00:00,6.3,46,0.0
2025-10-31 08:00:00,6.1,98,0.0
2025-10-31 09:00:00,6.1,88,15.0
2025-10-31 10:00:00,7.1,93,99.0
2025-10-31 11:00:00,8.2,100,195.0
2025-10-31 12:00:00,9.0,94,207.0
2025-10-31 13:00:00,9.7,100,284.0
2025-10-31 14:00:00,10.0,100,170.0
2025-10-31 15:00:00,10.2,100,198.0
2025-10-31 16:00:00,10.2,100,130.0
2025-10-31 17:00:00,10.1,100,54.0
2025-10-31 18:00:00,9.8,100,5.0
2025-10-31 19:00:00,9.9,100,0.0
2025-10-31 20:00:00,9.9,100,0.0
2025-10-31 21:00:00,10.1,100,0.0
2025-10-31 22:00:00,10.3,100,0.0
2025-10-31 23:00:00,10.5,100,0.0
2025-11-01 00:00:00,10.5,100,0.0
2025-11-01 01:00:00,10.4,100,0.0
2025-11-01 02:00:00,10.3,67,0.0
2025-11-01 03:00:00,10.1,39,0.0
2025-11-01 04:00:00,10.0,0,0.0
2025-11-01 05:00:00,9.9,0,0.0
2025-11-01 06:00:00,9.8,0,0.0
2025-11-01 07:00:00,9.7,0,0.0
2025-11-01 08:00:00,9.6,2,0.0
2025-11-01 09:00:00,9.8,0,13.0
2025-11-01 10:00:00,10.1,100,97.0
2025-11-01 11:00:00,10.3,100,157.0
2025-11-01 12:00:00,10.3,100,175.0
2025-11-01 13:00:00,10.4,100,180.0
2025-11-01 14:00:00,10.7,100,195.0
2025-11-01 15:00:00,10.7,100,161.0
2025-11-01 16:00:00,10.8,100,95.0
2025-11-01 17:00:00,11.2,100,34.0
2025-11-01 18:00:00,11.5,100,1.0
2025-11-01 19:00:00,11.9,100,0.0
2025-11-01 20:00:00,12.0,100,0.0
2025-11-01 21:00:00,12.0,100,0.0
2025-11-01 22:00:00,12.0,100,0.0
2025-11-01 23:00:00,11.8,96,0.0
2025-11-02 00:00:00,11.4,95,0.0
2025-11-02 01:00:00,10.6,34,0.0
2025-11-02 02:00:00,10.8,13,0.0
2025-11-02 03:00:00,10.4,16,0.0
2025-11-02 04:00:00,10.3,94,0.0
2025-11-02 05:00:00,10.3,100,0.0
2025-11-02 06:00:00,10.5,100,0.0
2025-11-02 07:00:00,10.7,100,0.0
2025-11-02 08:00:00,10.6,100,0.0
2025-11-02 09:00:00,10.6,100,5.0
2025-11-02 10:00:00,10.7,100,61.0
2025-11-02 11:00:00,10.7,100,87.0
2025-11-02 12:00:00,10.8,100,93.0
2025-11-02 13:00:00,11.2,100,121.0
2025-11-02 14:00:00,10.9,100,114.0
2025-11-02 15:00:00,10.9,100,96.0
2025-11-02 16:00:00,10.8,100,68.0
2025-11-02 17:00:00,10.6,100,47.0
2025-11-02 18:00:00,10.3,100,3.0
2025-11-02 19:00:00,10.2,100,0.0
2025-11-02 20:00:00,9.8,100,0.0
2025-11-02 21:00:00,9.5,65,0.0
2025-11-02 22:00:00,9.2,99,0.0
2025-11-02 23:00:00,8.8,99,0.0
2025-11-03 00:00:00,8.6,6,0.0
2025-11-03 01:00:00,8.3,0,0.0
2025-11-03 02:00:00,8.3,16,0.0
2025-11-03 03:00:00,8.2,92,0.0
2025-11-03 04:00:00,8.3,86,0.0
2025-11-03 05:00:00,8.3,38,0.0
2025-11-03 06:00:00,8.1,23,0.0
2025-11-03 07:00:00,8.2,17,0.0
2025-11-03 08:00:00,8.3,12,0.0
2025-11-03 09:00:00,8.5,70,9.0
2025-11-03 10:00:00,9.2,23,54.0
2025-11-03 11:00:00,9.7,71,171.0
2025-11-03 12:00:00,10.3,90,230.0
2025-11-03 13:00:00,10.9,21,260.0
2025-11-03 14:00:00,11.3,100,258.0
2025-11-03 15:00:00,11.1,100,140.0
2025-11-03 16:00:00,10.7,100,99.0
2025-11-03 17:00:00,10.4,100,40.0
2025-11-03 18:00:00,10.2,100,2.0
2025-11-03 19:00:00,10.2,100,0.0
2025-11-03 20:00:00,10.3,100,0.0
2025-11-03 21:00:00,10.2,100,0.0
2025-11-03 22:00:00,10.4,100,0.0
2025-11-03 23:00:00,10.6,100,0.0
2025-11-04 00:00:00,11.0,100,0.0
2025-11-04 01:00:00,11.0,100,0.0
2025-11-04 02:00:00,11.4,100,0.0
2025-11-04 03:00:00,11.6,100,0.0
2025-11-04 04:00:00,11.8,100,0.0
2025-11-04 05:00:00,11.9,100,0.0
2025-11-04 06:00:00,11.9,100,0.0
2025-11-04 07:00:00,11.9,100,0.0
2025-11-04 08:00:00,12.1,100,0.0
2025-11-04 09:00:00,12.2,100,2.0
2025-11-04 10:00:00,12.4,100,25.0
2025-11-04 11:00:00,12.6,100,63.0
2025-11-04 12:00:00,13.2,100,99.0
2025-11-04 13:00:00,13.2,100,91.0
2025-11-04 14:00:00,13.1,100,75.0
2025-11-04 15:00:00,13.0,100,73.0
2025-11-04 16:00:00,13.1,100,33.0
2025-11-04 17:00:00,13.1,100,16.0
2025-11-04 18:00:00,13.0,100,1.0
2025-11-04 19:00:00,12.6,79,0.0
2025-11-04 20:00:00,12.2,58,0.0
2025-11-04 21:00:00,12.0,98,0.0
2025-11-04 22:00:00,11.9,91,0.0
2025-11-04 23:00:00,11.9,100,0.0
2025-11-05 00:00:00,12.1,100,0.0
2025-11-05 01:00:00,12.2,100,0.0
2025-11-05 02:00:00,11.7,100,0.0
2025-11-05 03:00:00,11.5,100,0.0
2025-11-05 04:00:00,11.3,100,0.0
2025-11-05 05:00:00,11.3,100,0.0
2025-11-05 06:00:00,11.3,100,0.0
2025-11-05 07:00:00,11.2,100,0.0
2025-11-05 08:00:00,11.2,100,0.0
2025-11-05 09:00:00,11.1,100,3.0
2025-11-05 10:00:00,11.3,100,51.0
2025-11-05 11:00:00,11.6,100,111.0
2025-11-05 12:00:00,12.2,100,159.0
2025-11-05 13:00:00,12.2,100,132.0
2025-11-05 14:00:00,11.9,100,109.0
2025-11-05 15:00:00,11.8,100,166.0
2025-11-05 16:00:00,12.0,100,66.0
2025-11-05 17:00:00,11.9,100,23.0
2025-11-05 18:00:00,11.8,100,1.0
2025-11-05 19:00:00,11.8,85,0.0
2025-11-05 20:00:00,11.6,98,0.0
2025-11-05 21:00:00,11.6,100,0.0
2025-11-05 22:00:00,11.5,100,0.0
2025-11-05 23:00:00,11.4,98,0.0
2025-11-06 00:00:00,11.1,40,0.0
2025-11-06 01:00:00,11.0,36,0.0
2025-11-06 02:00:00,11.0,97,0.0
2025-11-06 03:00:00,10.9,87,0.0
2025-11-06 04:00:00,10.9,90,0.0
2025-11-06 05:00:00,10.9,73,0.0
2025-11-06 06:00:00,10.8,37,0.0
2025-11-06 07:00:00,10.7,89,0.0
2025-11-06 08:00:00,10.7,100,0.0
2025-11-06 09:00:00,10.6,100,6.0
2025-11-06 10:00:00,10.9,82,41.0
2025-11-06 11:00:00,11.0,65,103.0
2025-11-06 12:00:00,11.3,54,219.0
2025-11-06 13:00:00,11.3,0,266.0
2025-11-06 14:00:00,11.7,0,268.0
2025-11-06 15:00:00,11.5,13,225.0
2025-11-06 16:00:00,11.2,5,148.0
2025-11-06 17:00:00,10.8,0,55.0
2025-11-06 18:00:00,10.5,0,1.0
2025-11-06 19:00:00,10.4,0,0.0
2025-11-06 20:00:00,10.1,2,0.0
2025-11-06 21:00:00,9.8,9,0.0
2025-11-06 22:00:00,9.6,9,0.0
2025-11-06 23:00:00,9.4,0,0.0
2025-11-07 00:00:00,9.7,0,0.0
2025-11-07 01:00:00,10.1,2,0.0
2025-11-07 02:00:00,9.5,0,0.0
2025-11-07 03:00:00,9.4,0,0.0
2025-11-07 04:00:00,9.2,0,0.0
2025-11-07 05:00:00,9.1,0,0.0
2025-11-07 06:00:00,9.1,0,0.0
2025-11-07 07:00:00,9.2,0,0.0
2025-11-07 08:00:00,8.8,0,0.0
2025-11-07 09:00:00,9.0,0,5.0
2025-11-07 10:00:00,9.4,0,75.0
2025-11-07 11:00:00,9.7,3,169.0
2025-11-07 12:00:00,9.7,12,240.0
2025-11-07 13:00:00,9.6,16,271.0
2025-11-07 14:00:00,9.6,53,265.0
2025-11-07 15:00:00,9.6,59,194.0
2025-11-07 16:00:00,9.4,60,122.0
2025-11-07 17:00:00,9.1,94,43.0
2025-11-07 18:00:00,9.0,100,1.0
2025-11-07 19:00:00,9.1,99,0.0
2025-11-07 20:00:00,9.3,95,0.0
2025-11-07 21:00:00,9.0,100,0.0
2025-11-07 22:00:00,9.0,99,0.0
2025-11-07 23:00:00,8.7,96,0.0
2025-11-08 00:00:00,8.4,98,0.0
2025-11-08 01:00:00,8.0,98,0.0
2025-11-08 02:00:00,7.4,95,0.0
2025-11-08 03:00:00,7.3,92,0.0
2025-11-08 04:00:00,7.4,76,0.0
2025-11-08 05:00:00,7.2,85,0.0
2025-11-08 06:00:00,7.5,100,0.0
2025-11-08 07:00:00,8.2,100,0.0
2025-11-08 08:00:00,8.2,100,0.0
2025-11-08 09:00:00,8.7,100,2.0
2025-11-08 10:00:00,9.0,87,30.0
2025-11-08 11:00:00,9.4,98,94.0
2025-11-08 12:00:00,9.6,63,148.0
2025-11-08 13:00:00,9.7,98,214.0
2025-11-08 14:00:00,9.5,100,178.0
2025-11-08 15:00:00,9.5,100,123.0
2025-11-08 16:00:00,9.3,100,72.0
2025-11-08 17:00:00,8.9,100,24.0
2025-11-08 18:00:00,8.9,100,0.0
2025-11-08 19:00:00,8.8,98,0.0
2025-11-08 20:00:00,8.6,100,0.0
2025-11-08 21:00:00,8.6,100,0.0
2025-11-08 22:00:00,8.5,100,0.0
2025-11-08 23:00:00,8.4,100,0.0
2025-11-09 00:00:00,8.3,100,0.0
2025-11-09 01:00:00,8.2,100,0.0
2025-11-09 02:00:00,8.1,100,0.0
2025-11-09 03:00:00,7.9,100,0.0
2025-11-09 04:00:00,7.6,100,0.0
2025-11-09 05:00:00,7.5,100,0.0
2025-11-09 06:00:00,7.2,100,0.0
2025-11-09 07:00:00,7.0,100,0.0
2025-11-09 08:00:00,7.0,100,0.0
2025-11-09 09:00:00,6.7,100,1.0
2025-11-09 10:00:00,6.7,100,21.0
2025-11-09 11:00:00,7.0,100,64.0
2025-11-09 12:00:00,7.3,100,80.0
2025-11-09 13:00:00,7.7,100,125.0
2025-11-09 14:00:00,7.5,100,114.0
2025-11-09 15:00:00,7.5,100,85.0
2025-11-09 16:00:00,7.6,100,56.0
2025-11-09 17:00:00,7.4,100,16.0
2025-11-09 18:00:00,7.4,100,0.0
2025-11-09 19:00:00,7.4,100,0.0
2025-11-09 20:00:00,7.7,100,0.0
2025-11-09 21:00:00,7.5,100,0.0
2025-11-09 22:00:00,7.5,100,0.0
2025-11-09 23:00:00,7.6,95,0.0
2025-11-10 00:00:00,7.6,100,0.0
2025-11-10 01:00:00,7.6,100,0.0
2025-11-10 02:00:00,7.5,100,0.0
2025-11-10 03:00:00,7.5,100,0.0
2025-11-10 04:00:00,7.5,100,0.0
2025-11-10 05:00:00,7.5,100,0.0
2025-11-10 06:00:00,7.5,100,0.0
2025-11-10 07:00:00,7.6,100,0.0
2025-11-10 08:00:00,7.3,100,0.0
2025-11-10 09:00:00,7.4,100,1.0
2025-11-10 10:00:00,7.6,100,16.0
2025-11-10 11:00:00,7.7,100,35.0
2025-11-10 12:00:00,7.8,100,45.0
2025-11-10 13:00:00,8.0,100,56.0
2025-11-10 14:00:00,8.0,100,85.0
2025-11-10 15:00:00,8.0,100,59.0
2025-11-10 16:00:00,7.9,100,36.0
2025-11-10 17:00:00,7.8,100,20.0
2025-11-10 18:00:00,7.6,100,0.0
2025-11-10 19:00:00,7.6,100,0.0
2025-11-10 20:00:00,7.5,97,0.0
2025-11-10 21:00:00,7.5,100,0.0
2025-11-10 22:00:00,7.5,91,0.0
2025-11-10 23:00:00,7.4,96,0.0
2025-11-11 00:00:00,7.5,100,0.0
2025-11-11 01:00:00,7.6,100,0.0
2025-11-11 02:00:00,7.6,100,0.0
2025-11-11 03:00:00,7.7,100,0.0
2025-11-11 04:00:00,7.9,95,0.0
2025-11-11 05:00:00,8.3,100,0.0
2025-11-11 06:00:00,8.3,98,0.0
2025-11-11 07:00:00,8.3,81,0.0
2025-11-11 08:00:00,8.2,62,0.0
2025-11-11 09:00:00,8.4,95,2.0
2025-11-11 10:00:00,8.8,100,38.0
2025-11-11 11:00:00,9.0,98,60.0
2025-11-11 12:00:00,9.5,98,107.0
2025-11-11 13:00:00,9.7,100,158.0
2025-11-11 14:00:00,9.0,100,67.0
2025-11-11 15:00:00,8.8,100,28.0
2025-11-11 16:00:00,8.9,100,23.0
2025-11-11 17:00:00,9.0,100,9.0
2025-11-11 18:00:00,9.1,100,0.0
2025-11-11 19:00:00,9.6,93,0.0
2025-11-11 20:00:00,10.0,30,0.0
2025-11-11 21:00:00,9.5,34,0.0
2025-11-11 22:00:00,9.3,32,0.0
2025-11-11 23:00:00,9.1,10,0.0
2025-11-12 00:00:00,8.9,23,0.0
2025-11-12 01:00:00,8.8,82,0.0
2025-11-12 02:00:00,9.1,98,0.0
2025-11-12 03:00:00,8.9,100,0.0
2025-11-12 04:00:00,8.9,100,0.0
2025-11-12 05:00:00,9.0,100,0.0
2025-11-12 06:00:00,9.2,100,0.0
2025-11-12 07:00:00,9.3,100,0.0
2025-11-12 08:00:00,9.7,100,0.0
2025-11-12 09:00:00,9.7,100,1.0
2025-11-12 10:00:00,9.7,100,25.0
2025-11-12 11:00:00,9.7,100,43.0
2025-11-12 12:00:00,9.9,100,82.0
2025-11-12 13:00:00,9.7,100,34.0
2025-11-12 14:00:00,9.7,100,36.0
2025-11-12 15:00:00,10.4,100,72.0
2025-11-12 16:00:00,11.1,100,48.0
2025-11-12 17:00:00,11.3,100,6.0
2025-11-12 18:00:00,11.2,100,0.0
2025-11-12 19:00:00,11.4,100,0.0
2025-11-12 20:00:00,11.3,100,0.0
2025-11-12 21:00:00,11.3,100,0.0
2025-11-12 22:00:00,11.1,100,0.0
2025-11-12 23:00:00,10.9,100,0.0
2025-11-13 00:00:00,11.3,100,0.0
2025-11-13 01:00:00,11.4,96,0.0
2025-11-13 02:00:00,11.1,99,0.0
2025-11-13 03:00:00,10.6,100,0.0
2025-11-13 04:00:00,10.5,100,0.0
2025-11-13 05:00:00,10.5,100,0.0
2025-11-13 06:00:00,10.4,100,0.0
2025-11-13 07:00:00,10.2,100,0.0
2025-11-13 08:00:00,9.9,100,0.0
2025-11-13 09:00:00,9.6,100,1.0
2025-11-13 10:00:00,9.7,100,39.0
2025-11-13 11:00:00,10.2,96,97.0
2025-11-13 12:00:00,11.2,99,190.0
2025-11-13 13:00:00,11.8,97,191.0
2025-11-13 14:00:00,12.2,100,177.0
2025-11-13 15:00:00,12.1,91,82.0
2025-11-13 16:00:00,12.7,100,98.0
2025-11-13 17:00:00,13.1,16,14.0
2025-11-13 18:00:00,12.8,25,0.0
2025-11-13 19:00:00,12.5,59,0.0
2025-11-13 20:00:00,12.6,91,0.0
2025-11-13 21:00:00,12.5,100,0.0
2025-11-13 22:00:00,10.1,33,0.0
2025-11-13 23:00:00,7.9,33,0.0
2025-11-14 00:00:00,7.4,80,0.0
2025-11-14 01:00:00,7.7,39,0.0
2025-11-14 02:00:00,7.2,100,0.0
2025-11-14 03:00:00,6.9,100,0.0
2025-11-14 04:00:00,6.7,100,0.0
2025-11-14 05:00:00,6.5,100,0.0
2025-11-14 06:00:00,6.6,100,0.0
2025-11-14 07:00:00,6.5,100,0.0
2025-11-14 08:00:00,6.1,100,0.0
2025-11-14 09:00:00,6.0,100,1.0
2025-11-14 10:00:00,6.7,100,21.0
2025-11-14 11:00:00,6.9,100,56.0
2025-11-14 12:00:00,7.1,100,82.0
2025-11-14 13:00:00,7.0,100,55.0
2025-11-14 14:00:00,6.6,100,70.0
2025-11-14 15:00:00,6.4,100,66.0
2025-11-14 16:00:00,6.2,100,53.0
2025-11-14 17:00:00,5.9,100,17.0
2025-11-14 18:00:00,5.7,100,0.0
2025-11-14 19:00:00,5.5,100,0.0
2025-11-14 20:00:00,5.2,100,0.0
2025-11-14 21:00:00,4.9,100,0.0
2025-11-14 22:00:00,4.7,100,0.0
2025-11-14 23:00:00,4.6,100,0.0
2025-11-15 00:00:00,4.4,100,0.0
2025-11-15 01:00:00,4.1,100,0.0
2025-11-15 02:00:00,3.9,98,0.0
2025-11-15 03:00:00,3.0,100,0.0
2025-11-15 04:00:00,2.8,100,0.0
2025-11-15 05:00:00,2.5,91,0.0
2025-11-15 06:00:00,2.2,41,0.0
2025-11-15 07:00:00,2.0,2,0.0
2025-11-15 08:00:00,1.5,0,0.0
2025-11-15 09:00:00,1.2,0,1.0
2025-11-15 10:00:00,1.4,0,49.0
2025-11-15 11:00:00,1.8,0,140.0
2025-11-15 12:00:00,2.3,0,213.0
2025-11-15 13:00:00,3.0,0,250.0
2025-11-15 14:00:00,4.1,2,245.0
2025-11-15 15:00:00,4.3,4,196.0
2025-11-15 16:00:00,4.3,8,118.0
2025-11-15 17:00:00,4.0,10,31.0
2025-11-15 18:00:00,4.1,2,0.0
2025-11-15 19:00:00,4.0,5,0.0
2025-11-15 20:00:00,3.3,50,0.0
2025-11-15 21:00:00,3.1,93,0.0
2025-11-15 22:00:00,3.2,97,0.0
2025-11-15 23:00:00,3.5,100,0.0
2025-11-16 00:00:00,3.4,100,0.0
2025-11-16 01:00:00,3.5,100,0.0
2025-11-16 02:00:00,3.4,100,0.0
2025-11-16 03:00:00,3.5,100,0.0
2025-11-16 04:00:00,3.5,100,0.0
2025-11-16 05:00:00,3.5,100,0.0
2025-11-16 06:00:00,3.7,100,0.0
2025-11-16 07:00:00,3.6,98,0.0
2025-11-16 08:00:00,3.0,25,0.0
2025-11-16 09:00:00,2.5,31,0.0
2025-11-16 10:00:00,2.9,44,44.0
2025-11-16 11:00:00,3.3,100,131.0
2025-11-16 12:00:00,3.4,99,166.0
2025-11-16 13:00:00,3.6,99,204.0
2025-11-16 14:00:00,4.2,99,197.0
2025-11-16 15:00:00,4.4,100,145.0
2025-11-16 16:00:00,4.4,100,80.0
2025-11-16 17:00:00,4.3,100,19.0
2025-11-16 18:00:00,4.4,100,0.0
2025-11-16 19:00:00,4.6,100,0.0
2025-11-16 20:00:00,5.0,94,0.0
2025-11-16 21:00:00,4.6,94,0.0
2025-11-16 22:00:00,4.8,23,0.0
2025-11-16 23:00:00,4.9,55,0.0
2025-11-17 00:00:00,4.9,35,0.0
2025-11-17 01:00:00,4.7,22,0.0
2025-11-17 02:00:00,4.4,13,0.0
2025-11-17 03:00:00,4.1,7,0.0
2025-11-17 04:00:00,4.1,16,0.0
2025-11-17 05:00:00,3.9,10,0.0
2025-11-17 06:00:00,3.4,41,0.0
2025-11-17 07:00:00,3.2,24,0.0
2025-11-17 08:00:00,3.0,2,0.0
2025-11-17 09:00:00,2.6,13,0.0
2025-11-17 10:00:00,3.4,52,38.0
2025-11-17 11:00:00,3.3,38,120.0
2025-11-17 12:00:00,3.4,41,173.0
2025-11-17 13:00:00,4.3,0,219.0
2025-11-17 14:00:00,4.9,17,228.0
2025-11-17 15:00:00,5.0,19,178.0
2025-11-17 16:00:00,4.7,2,104.0
2025-11-17 17:00:00,4.1,33,27.0
2025-11-17 18:00:00,3.5,73,0.0
2025-11-17 19:00:00,2.9,78,0.0
2025-11-17 20:00:00,3.0,38,0.0
2025-11-17 21:00:00,2.9,66,0.0
2025-11-17 22:00:00,3.0,55,0.0
2025-11-17 23:00:00,2.8,65,0.0
2025-11-18 00:00:00,2.8,63,0.0
2025-11-18 01:00:00,2.8,15,0.0
2025-11-18 02:00:00,2.3,10,0.0
2025-11-18 03:00:00,2.5,25,0.0
2025-11-18 04:00:00,2.8,61,0.0
2025-11-18 05:00:00,2.9,85,0.0
2025-11-18 06:00:00,3.2,94,0.0
2025-11-18 07:00:00,3.5,100,0.0
2025-11-18 08:00:00,3.7,95,0.0
2025-11-18 09:00:00,3.7,85,0.0
2025-11-18 10:00:00,3.9,91,31.0
2025-11-18 11:00:00,4.6,80,94.0
2025-11-18 12:00:00,5.3,94,176.0
2025-11-18 13:00:00,5.5,98,196.0
2025-11-18 14:00:00,5.3,100,192.0
2025-11-18 15:00:00,5.3,100,130.0
2025-11-18 16:00:00,5.0,100,71.0
2025-11-18 17:00:00,4.6,100,15.0
2025-11-18 18:00:00,4.1,100,0.0
2025-11-18 19:00:00,4.0,100,0.0
2025-11-18 20:00:00,3.7,100,0.0
2025-11-18 21:00:00,3.5,100,0.0
2025-11-18 22:00:00,3.2,100,0.0
2025-11-18 23:00:00,3.2,100,0.0
2025-11-19 00:00:00,3.2,100,0.0
2025-11-19 01:00:00,3.1,100,0.0
2025-11-19 02:00:00,3.2,100,0.0
2025-11-19 03:00:00,3.2,100,0.0
2025-11-19 04:00:00,3.2,100,0.0
2025-11-19 05:00:00,3.0,100,0.0
2025-11-19 06:00:00,2.9,100,0.0
2025-11-19 07:00:00,2.7,95,0.0
2025-11-19 08:00:00,1.8,13,0.0
2025-11-19 09:00:00,1.7,6,0.0
2025-11-19 10:00:00,2.3,44,34.0
2025-11-19 11:00:00,3.1,65,116.0
2025-11-19 12:00:00,3.6,100,175.0
2025-11-19 13:00:00,3.9,100,170.0
2025-11-19 14:00:00,3.9,100,125.0
2025-11-19 15:00:00,4.0,100,111.0
2025-11-19 16:00:00,3.5,100,56.0
2025-11-19 17:00:00,3.1,100,6.0
2025-11-19 18:00:00,2.8,100,0.0
2025-11-19 19:00:00,1.6,100,0.0
2025-11-19 20:00:00,1.6,100,0.0
2025-11-19 21:00:00,1.7,100,0.0
2025-11-19 22:00:00,1.7,100,0.0
2025-11-19 23:00:00,1.7,100,0.0
2025-11-20 00:00:00,1.9,100,0.0
2025-11-20 01:00:00,1.9,100,0.0
2025-11-20 02:00:00,2.1,100,0.0
2025-11-20 03:00:00,2.0,100,0.0
2025-11-20 04:00:00,2.1,100,0.0
2025-11-20 05:00:00,2.3,100,0.0
2025-11-20 06:00:00,1.9,100,0.0
2025-11-20 07:00:00,1.4,100,0.0
2025-11-20 08:00:00,1.3,100,0.0
2025-11-20 09:00:00,1.5,100,0.0
2025-11-20 10:00:00,1.6,100,7.0
2025-11-20 11:00:00,1.6,100,20.0
2025-11-20 12:00:00,1.5,100,33.0
2025-11-20 13:00:00,1.3,100,29.0
2025-11-20 14:00:00,1.4,100,36.0
2025-11-20 15:00:00,1.0,100,23.0
2025-11-20 16:00:00,0.9,100,17.0
2025-11-20 17:00:00,0.9,100,4.0
2025-11-20 18:00:00,0.8,100,0.0
2025-11-20 19:00:00,0.8,100,0.0
2025-11-20 20:00:00,0.9,100,0.0
2025-11-20 21:00:00,1.1,100,0.0
2025-11-20 22:00:00,1.3,100,0.0
2025-11-20 23:00:00,1.2,100,0.0
2025-11-21 00:00:00,1.3,100,0.0
2025-11-21 01:00:00,1.2,100,0.0
2025-11-21 02:00:00,1.4,100,0.0
2025-11-21 03:00:00,1.8,99,0.0
2025-11-21 04:00:00,1.7,99,0.0
2025-11-21 05:00:00,1.5,97,0.0
2025-11-21 06:00:00,1.2,24,0.0
2025-11-21 07:00:00,1.1,13,0.0
2025-11-21 08:00:00,0.9,21,0.0
2025-11-21 09:00:00,0.7,30,0.0
2025-11-21 10:00:00,0.8,37,28.0
2025-11-21 11:00:00,1.0,19,102.0
2025-11-21 12:00:00,1.3,3,178.0
2025-11-21 13:00:00,1.7,13,224.0
2025-11-21 14:00:00,2.4,4,220.0
2025-11-21 15:00:00,1.9,2,176.0
2025-11-21 16:00:00,1.8,52,99.0
2025-11-21 17:00:00,1.7,61,17.0
2025-11-21 18:00:00,1.5,91,0.0
2025-11-21 19:00:00,1.3,41,0.0
2025-11-21 20:00:00,0.6,13,0.0
2025-11-21 21:00:00,0.2,89,0.0
2025-11-21 22:00:00,0.4,38,0.0
2025-11-21 23:00:00,0.4,30,0.0
2025-11-22 00:00:00,0.9,0,0.0
2025-11-22 01:00:00,1.1,2,0.0
2025-11-22 02:00:00,0.9,10,0.0
2025-11-22 03:00:00,1.2,12,0.0
2025-11-22 04:00:00,1.6,6,0.0
2025-11-22 05:00:00,1.9,23,0.0
2025-11-22 06:00:00,2.1,17,0.0
2025-11-22 07:00:00,2.4,97,0.0
2025-11-22 08:00:00,2.7,99,0.0
2025-11-22 09:00:00,2.8,51,0.0
2025-11-22 10:00:00,3.0,38,24.0
2025-11-22 11:00:00,3.4,88,100.0
2025-11-22 12:00:00,3.7,88,150.0
2025-11-22 13:00:00,3.9,100,164.0
2025-11-22 14:00:00,4.2,100,94.0
2025-11-22 15:00:00,4.3,100,68.0
2025-11-22 16:00:00,4.4,85,44.0
2025-11-22 17:00:00,4.2,25,15.0
2025-11-22 18:00:00,3.7,100,0.0
2025-11-22 19:00:00,3.6,97,0.0
2025-11-22 20:00:00,3.8,95,0.0
2025-11-22 21:00:00,3.7,73,0.0
2025-11-22 22:00:00,3.6,75,0.0
2025-11-22 23:00:00,3.4,16,0.0
2025-11-23 00:00:00,3.3,88,0.0
2025-11-23 01:00:00,3.2,94,0.0
2025-11-23 02:00:00,3.1,91,0.0
2025-11-23 03:00:00,2.9,59,0.0
2025-11-23 04:00:00,2.9,30,0.0
2025-11-23 05:00:00,3.0,41,0.0
2025-11-23 06:00:00,3.2,57,0.0
2025-11-23 07:00:00,3.3,6,0.0
2025-11-23 08:00:00,3.4,2,0.0
2025-11-23 09:00:00,3.6,42,0.0
2025-11-23 10:00:00,3.9,9,25.0
2025-11-23 11:00:00,4.3,27,104.0
2025-11-23 12:00:00,4.4,72,170.0
2025-11-23 13:00:00,4.3,5,183.0
2025-11-23 14:00:00,4.1,25,206.0
2025-11-23 15:00:00,3.8,49,163.0
2025-11-23 16:00:00,3.6,28,89.0
2025-11-23 17:00:00,3.5,2,16.0
2025-11-23 18:00:00,3.6,69,0.0
2025-11-23 19:00:00,3.7,100,0.0
2025-11-23 20:00:00,3.6,100,0.0
2025-11-23 21:00:00,3.4,100,0.0
2025-11-23 22:00:00,3.3,100,0.0
2025-11-23 23:00:00,3.1,100,0.0
2025-11-24 00:00:00,3.0,100,0.0
2025-11-24 01:00:00,2.8,100,0.0
2025-11-24 02:00:00,2.6,100,0.0
2025-11-24 03:00:00,2.6,100,0.0
2025-11-24 04:00:00,2.7,100,0.0
2025-11-24 05:00:00,2.5,100,0.0
2025-11-24 06:00:00,1.9,100,0.0
2025-11-24 07:00:00,1.4,100,0.0
2025-11-24 08:00:00,1.7,100,0.0
2025-11-24 09:00:00,1.6,100,0.0
2025-11-24 10:00:00,1.6,100,4.0
2025-11-24 11:00:00,1.8,100,14.0
2025-11-24 12:00:00,2.0,100,26.0
2025-11-24 13:00:00,2.4,100,42.0
2025-11-24 14:00:00,2.2,100,44.0
2025-11-24 15:00:00,2.5,100,47.0
2025-11-24 16:00:00,2.7,100,24.0
2025-11-24 17:00:00,2.9,100,3.0
2025-11-24 18:00:00,3.2,100,0.0
2025-11-24 19:00:00,3.4,100,0.0
2025-11-24 20:00:00,3.6,100,0.0
2025-11-24 21:00:00,4.1,100,0.0
2025-11-24 22:00:00,4.6,100,0.0
2025-11-24 23:00:00,5.0,100,0.0
2025-11-25 00:00:00,5.1,100,0.0
2025-11-25 01:00:00,5.1,100,0.0
2025-11-25 02:00:00,5.0,100,0.0
2025-11-25 03:00:00,5.1,100,0.0
2025-11-25 04:00:00,5.2,100,0.0
2025-11-25 05:00:00,4.7,91,0.0
2025-11-25 06:00:00,4.8,89,0.0
2025-11-25 07:00:00,4.3,49,0.0
2025-11-25 08:00:00,4.0,66,0.0
2025-11-25 09:00:00,3.7,35,0.0
2025-11-25 10:00:00,3.4,64,18.0
2025-11-25 11:00:00,3.7,63,66.0
2025-11-25 12:00:00,3.9,98,112.0
2025-11-25 13:00:00,4.0,98,115.0
2025-11-25 14:00:00,4.2,63,105.0
2025-11-25 15:00:00,4.0,71,120.0
2025-11-25 16:00:00,3.8,59,63.0
2025-11-25 17:00:00,3.4,54,10.0
2025-11-25 18:00:00,3.3,100,0.0
2025-11-25 19:00:00,3.7,100,0.0
2025-11-25 20:00:00,4.3,85,0.0
2025-11-25 21:00:00,4.4,47,0.0
2025-11-25 22:00:00,4.1,99,0.0
2025-11-25 23:00:00,4.1,91,0.0
2025-11-26 00:00:00,3.7,57,0.0
2025-11-26 01:00:00,3.3,57,0.0
2025-11-26 02:00:00,4.0,89,0.0
2025-11-26 03:00:00,3.5,80,0.0
2025-11-26 04:00:00,3.3,100,0.0
2025-11-26 05:00:00,3.4,100,0.0
2025-11-26 06:00:00,3.3,100,0.0
2025-11-26 07:00:00,3.2,100,0.0
2025-11-26 08:00:00,3.7,67,0.0
2025-11-26 09:00:00,3.2,43,0.0
2025-11-26 10:00:00,2.9,51,17.0
2025-11-26 11:00:00,3.1,39,78.0
2025-11-26 12:00:00,3.5,23,147.0
2025-11-26 13:00:00,3.8,19,185.0
2025-11-26 14:00:00,4.0,37,185.0
2025-11-26 15:00:00,3.8,52,133.0
2025-11-26 16:00:00,3.4,58,67.0
2025-11-26 17:00:00,3.1,47,10.0
2025-11-26 18:00:00,2.9,56,0.0
2025-11-26 19:00:00,2.6,91,0.0
2025-11-26 20:00:00,2.9,38,0.0
2025-11-26 21:00:00,2.5,59,0.0
2025-11-26 22:00:00,2.2,73,0.0
2025-11-26 23:00:00,1.2,58,0.0
2025-11-27 00:00:00,1.0,45,0.0
2025-11-27 01:00:00,1.3,55,0.0
2025-11-27 02:00:00,1.5,23,0.0
2025-11-27 03:00:00,1.2,88,0.0
2025-11-27 04:00:00,1.7,100,0.0
2025-11-27 05:00:00,1.1,100,0.0
2025-11-27 06:00:00,1.3,100,0.0
2025-11-27 07:00:00,2.4,100,0.0
2025-11-27 08:00:00,3.4,100,0.0
2025-11-27 09:00:00,3.7,100,0.0
2025-11-27 10:00:00,3.5,100,14.0
2025-11-27 11:00:00,3.6,100,50.0
2025-11-27 12:00:00,3.7,100,70.0
2025-11-27 13:00:00,4.0,100,69.0
2025-11-27 14:00:00,4.8,100,33.0
2025-11-27 15:00:00,4.8,100,22.0
2025-11-27 16:00:00,4.8,100,6.0
2025-11-27 17:00:00,4.7,100,1.0
2025-11-27 18:00:00,4.7,100,0.0
2025-11-27 19:00:00,5.0,100,0.0
2025-11-27 20:00:00,5.1,100,0.0
2025-11-27 21:00:00,5.3,100,0.0
2025-11-27 22:00:00,5.5,100,0.0
2025-11-27 23:00:00,6.3,100,0.0
2025-11-28 00:00:00,6.6,100,0.0
2025-11-28 01:00:00,6.8,100,0.0
2025-11-28 02:00:00,7.1,100,0.0
2025-11-28 03:00:00,7.3,100,0.0
2025-11-28 04:00:00,7.3,100,0.0
2025-11-28 05:00:00,7.4,100,0.0
2025-11-28 06:00:00,7.5,100,0.0
2025-11-28 07:00:00,7.6,100,0.0
2025-11-28 08:00:00,7.8,100,0.0
2025-11-28 09:00:00,7.8,100,0.0
2025-11-28 10:00:00,7.8,100,2.0
2025-11-28 11:00:00,7.9,100,11.0
2025-11-28 12:00:00,8.0,100,20.0
2025-11-28 13:00:00,8.1,100,30.0
2025-11-28 14:00:00,8.1,100,49.0
2025-11-28 15:00:00,8.3,100,41.0
2025-11-28 16:00:00,7.9,100,34.0
2025-11-28 17:00:00,8.0,100,4.0
2025-11-28 18:00:00,8.0,100,0.0
2025-11-28 19:00:00,7.9,100,0.0
2025-11-28 20:00:00,8.0,100,0.0
2025-11-28 21:00:00,7.9,100,0.0
2025-11-28 22:00:00,7.8,100,0.0
2025-11-28 23:00:00,7.7,100,0.0
2025-11-29 00:00:00,7.7,100,0.0
2025-11-29 01:00:00,7.2,100,0.0
2025-11-29 02:00:00,7.5,100,0.0
2025-11-29 03:00:00,7.5,100,0.0
2025-11-29 04:00:00,7.8,100,0.0
2025-11-29 05:00:00,7.9,79,0.0
2025-11-29 06:00:00,8.0,72,0.0
2025-11-29 07:00:00,7.7,17,0.0
2025-11-29 08:00:00,7.6,49,0.0
2025-11-29 09:00:00,7.2,100,0.0
2025-11-29 10:00:00,7.3,100,9.0
2025-11-29 11:00:00,7.6,100,42.0
2025-11-29 12:00:00,7.8,100,61.0
2025-11-29 13:00:00,7.9,100,86.0
2025-11-29 14:00:00,8.0,100,94.0
2025-11-29 15:00:00,8.0,100,65.0
2025-11-29 16:00:00,8.0,100,44.0
2025-11-29 17:00:00,7.7,96,6.0
2025-11-29 18:00:00,7.3,100,0.0
2025-11-29 19:00:00,7.3,100,0.0
2025-11-29 20:00:00,7.9,100,0.0
2025-11-29 21:00:00,7.9,100,0.0
2025-11-29 22:00:00,7.7,100,0.0
2025-11-29 23:00:00,7.6,100,0.0
2025-11-30 00:00:00,7.6,100,0.0
2025-11-30 01:00:00,7.4,100,0.0
2025-11-30 02:00:00,7.0,100,0.0
2025-11-30 03:00:00,7.1,100,0.0
2025-11-30 04:00:00,7.3,100,0.0
2025-11-30 05:00:00,7.3,100,0.0
2025-11-30 06:00:00,7.5,100,0.0
2025-11-30 07:00:00,7.5,100,0.0
2025-11-30 08:00:00,7.4,100,0.0
2025-11-30 09:00:00,7.4,100,0.0
2025-11-30 10:00:00,7.6,100,6.0
2025-11-30 11:00:00,7.7,100,10.0
2025-11-30 12:00:00,7.7,100,20.0
2025-11-30 13:00:00,7.9,100,29.0
2025-11-30 14:00:00,8.0,100,46.0
2025-11-30 15:00:00,8.1,100,79.0
2025-11-30 16:00:00,8.0,100,42.0
2025-11-30 17:00:00,7.6,99,6.0
2025-11-30 18:00:00,7.1,11,0.0
2025-11-30 19:00:00,6.7,95,0.0
2025-11-30 20:00:00,7.0,20,0.0
2025-11-30 21:00:00,6.8,54,0.0
2025-11-30 22:00:00,6.7,100,0.0
2025-11-30 23:00:00,6.8,66,0.0
2025-12-01 00:00:00,6.6,30,0.0
2025-12-01 01:00:00,6.4,3,0.0
2025-12-01 02:00:00,6.6,9,0.0
2025-12-01 03:00:00,6.3,2,0.0
2025-12-01 04:00:00,6.1,2,0.0
2025-12-01 05:00:00,6.0,0,0.0
2025-12-01 06:00:00,5.9,2,0.0
2025-12-01 07:00:00,5.7,2,0.0
2025-12-01 08:00:00,5.7,5,0.0
2025-12-01 09:00:00,5.6,25,0.0
2025-12-01 10:00:00,5.7,10,10.0
2025-12-01 11:00:00,6.0,9,73.0
2025-12-01 12:00:00,6.2,3,137.0
2025-12-01 13:00:00,6.1,22,174.0
2025-12-01 14:00:00,5.9,55,157.0
2025-12-01 15:00:00,6.0,45,108.0
2025-12-01 16:00:00,5.8,98,65.0
2025-12-01 17:00:00,5.8,97,8.0
2025-12-01 18:00:00,5.7,100,0.0
2025-12-01 19:00:00,5.8,100,0.0
2025-12-01 20:00:00,6.3,100,0.0
2025-12-01 21:00:00,6.3,100,0.0
2025-12-01 22:00:00,6.1,100,0.0
2025-12-01 23:00:00,6.1,100,0.0
2025-12-02 00:00:00,6.0,100,0.0
2025-12-02 01:00:00,5.9,100,0.0
2025-12-02 02:00:00,6.0,100,0.0
2025-12-02 03:00:00,6.0,100,0.0
2025-12-02 04:00:00,5.9,100,0.0
2025-12-02 05:00:00,5.8,100,0.0
2025-12-02 06:00:00,5.8,100,0.0
2025-12-02 07:00:00,5.7,100,0.0
2025-12-02 08:00:00,5.6,100,0.0
2025-12-02 09:00:00,5.6,100,0.0
2025-12-02 10:00:00,5.7,100,5.0
2025-12-02 11:00:00,5.5,100,49.0
2025-12-02 12:00:00,5.2,100,89.0
2025-12-02 13:00:00,5.0,99,112.0
2025-12-02 14:00:00,5.2,100,134.0
2025-12-02 15:00:00,5.2,100,104.0
2025-12-02 16:00:00,5.2,100,52.0
2025-12-02 17:00:00,5.5,99,5.0
2025-12-02 18:00:00,5.5,99,0.0
2025-12-02 19:00:00,5.7,100,0.0
2025-12-02 20:00:00,5.9,100,0.0
2025-12-02 21:00:00,5.7,99,0.0
2025-12-02 22:00:00,5.6,100,0.0
2025-12-02 23:00:00,5.8,100,0.0
2025-12-03 00:00:00,5.8,100,0.0
2025-12-03 01:00:00,5.8,100,0.0
2025-12-03 02:00:00,5.8,100,0.0
2025-12-03 03:00:00,5.8,100,0.0
2025-12-03 04:00:00,5.7,100,0.0
2025-12-03 05:00:00,5.6,100,0.0
2025-12-03 06:00:00,5.5,100,0.0
2025-12-03 07:00:00,5.5,100,0.0
2025-12-03 08:00:00,5.8,99,0.0
2025-12-03 09:00:00,5.9,98,0.0
2025-12-03 10:00:00,5.9,100,5.0
2025-12-03 11:00:00,5.9,100,26.0
2025-12-03 12:00:00,5.9,100,47.0
2025-12-03 13:00:00,5.9,100,53.0
2025-12-03 14:00:00,5.6,100,49.0
2025-12-03 15:00:00,5.5,100,30.0
2025-12-03 16:00:00,5.3,100,15.0
2025-12-03 17:00:00,5.2,100,1.0
2025-12-03 18:00:00,5.2,100,0.0
2025-12-03 19:00:00,5.2,100,0.0
2025-12-03 20:00:00,5.4,100,0.0
2025-12-03 21:00:00,5.4,100,0.0
2025-12-03 22:00:00,5.5,100,0.0
2025-12-03 23:00:00,5.5,100,0.0
2025-12-04 00:00:00,5.7,100,0.0
2025-12-04 01:00:00,5.9,100,0.0
2025-12-04 02:00:00,6.0,100,0.0
2025-12-04 03:00:00,6.1,100,0.0
2025-12-04 04:00:00,6.1,100,0.0
2025-12-04 05:00:00,6.0,100,0.0
2025-12-04 06:00:00,6.0,100,0.0
2025-12-04 07:00:00,5.9,100,0.0
2025-12-04 08:00:00,5.9,95,0.0
2025-12-04 09:00:00,5.7,100,0.0
2025-12-04 10:00:00,5.7,100,4.0
2025-12-04 11:00:00,5.7,95,23.0
2025-12-04 12:00:00,5.5,100,54.0
2025-12-04 13:00:00,5.4,100,35.0
2025-12-04 14:00:00,5.5,100,40.0
2025-12-04 15:00:00,5.4,100,42.0
2025-12-04 16:00:00,5.3,100,22.0
2025-12-04 17:00:00,4.6,100,3.0
2025-12-04 18:00:00,4.9,100,0.0
2025-12-04 19:00:00,4.8,100,0.0
2025-12-04 20:00:00,5.1,85,0.0
2025-12-04 21:00:00,5.2,83,0.0
2025-12-04 22:00:00,5.2,100,0.0
2025-12-04 23:00:00,5.4,100,0.0
2025-12-05 00:00:00,5.2,100,0.0
2025-12-05 01:00:00,4.9,100,0.0
2025-12-05 02:00:00,5.2,100,0.0
2025-12-05 03:00:00,5.1,100,0.0
2025-12-05 04:00:00,5.1,100,0.0
2025-12-05 05:00:00,5.2,100,0.0
2025-12-05 06:00:00,5.1,100,0.0
2025-12-05 07:00:00,5.0,100,0.0
2025-12-05 08:00:00,5.1,100,0.0
2025-12-05 09:00:00,5.1,100,0.0
2025-12-05 10:00:00,5.5,100,4.0
2025-12-05 11:00:00,5.7,100,34.0
2025-12-05 12:00:00,5.8,100,31.0
2025-12-05 13:00:00,6.0,100,31.0
2025-12-05 14:00:00,6.1,100,15.0
2025-12-05 15:00:00,6.3,100,15.0
2025-12-05 16:00:00,6.2,100,10.0
2025-12-05 17:00:00,5.9,100,1.0
2025-12-05 18:00:00,5.7,100,0.0
2025-12-05 19:00:00,5.5,100,0.0
2025-12-05 20:00:00,6.2,100,0.0
2025-12-05 21:00:00,6.3,100,0.0
2025-12-05 22:00:00,6.2,100,0.0
2025-12-05 23:00:00,6.1,100,0.0
2025-12-06 00:00:00,5.9,100,0.0
2025-12-06 01:00:00,5.5,100,0.0
2025-12-06 02:00:00,5.4,100,0.0
2025-12-06 03:00:00,5.2,100,0.0
2025-12-06 04:00:00,4.8,100,0.0
2025-12-06 05:00:00,4.2,100,0.0
2025-12-06 06:00:00,4.0,100,0.0
2025-12-06 07:00:00,4.0,100,0.0
2025-12-06 08:00:00,4.5,100,0.0
2025-12-06 09:00:00,5.2,100,0.0
2025-12-06 10:00:00,5.5,100,3.0
2025-12-06 11:00:00,5.4,100,16.0
2025-12-06 12:00:00,5.5,100,45.0
2025-12-06 13:00:00,5.4,100,66.0
2025-12-06 14:00:00,5.2,100,61.0
2025-12-06 15:00:00,4.9,100,34.0
2025-12-06 16:00:00,4.5,100,24.0
2025-12-06 17:00:00,4.5,100,2.0
2025-12-06 18:00:00,4.8,100,0.0
2025-12-06 19:00:00,4.9,100,0.0
2025-12-06 20:00:00,5.3,100,0.0
2025-12-06 21:00:00,5.5,100,0.0
2025-12-06 22:00:00,5.6,100,0.0
2025-12-06 23:00:00,5.5,100,0.0
2025-12-07 00:00:00,5.5,100,0.0
2025-12-07 01:00:00,5.7,100,0.0
2025-12-07 02:00:00,5.7,100,0.0
2025-12-07 03:00:00,5.6,100,0.0
2025-12-07 04:00:00,5.6,100,0.0
2025-12-07 05:00:00,5.7,100,0.0
2025-12-07 06:00:00,5.8,100,0.0
2025-12-07 07:00:00,5.8,100,0.0
2025-12-07 08:00:00,6.2,100,0.0
2025-12-07 09:00:00,6.3,100,0.0
2025-12-07 10:00:00,6.2,99,3.0
2025-12-07 11:00:00,6.2,88,45.0
2025-12-07 12:00:00,6.7,81,82.0
2025-12-07 13:00:00,7.0,97,103.0
2025-12-07 14:00:00,6.7,100,98.0
2025-12-07 15:00:00,6.7,100,32.0
2025-12-07 16:00:00,6.7,100,15.0
2025-12-07 17:00:00,6.8,100,3.0
2025-12-07 18:00:00,6.7,100,0.0
2025-12-07 19:00:00,6.6,100,0.0
2025-12-07 20:00:00,7.0,70,0.0
2025-12-07 21:00:00,6.7,80,0.0
2025-12-07 22:00:00,6.4,92,0.0
2025-12-07 23:00:00,6.4,84,0.0
2025-12-08 00:00:00,6.5,100,0.0
2025-12-08 01:00:00,6.6,100,0.0
2025-12-08 02:00:00,7.2,100,0.0
2025-12-08 03:00:00,7.3,100,0.0
2025-12-08 04:00:00,7.5,100,0.0
2025-12-08 05:00:00,7.7,100,0.0
2025-12-08 06:00:00,7.2,100,0.0
2025-12-08 07:00:00,7.2,100,0.0
2025-12-08 08:00:00,8.0,100,0.0
2025-12-08 09:00:00,8.8,26,0.0
2025-12-08 10:00:00,8.3,15,5.0
2025-12-08 11:00:00,8.4,14,57.0
2025-12-08 12:00:00,8.9,13,116.0
2025-12-08 13:00:00,9.3,63,153.0
2025-12-08 14:00:00,9.5,22,153.0
2025-12-08 15:00:00,9.3,100,120.0
2025-12-08 16:00:00,9.0,100,45.0
2025-12-08 17:00:00,8.8,100,4.0
2025-12-08 18:00:00,9.0,100,0.0
2025-12-08 19:00:00,8.9,100,0.0
2025-12-08 20:00:00,9.7,100,0.0
2025-12-08 21:00:00,9.7,100,0.0
2025-12-08 22:00:00,9.3,100,0.0
2025-12-08 23:00:00,9.2,100,0.0
2025-12-09 00:00:00,9.3,100,0.0
2025-12-09 01:00:00,9.4,100,0.0
2025-12-09 02:00:00,9.3,90,0.0
2025-12-09 03:00:00,8.7,26,0.0
2025-12-09 04:00:00,8.1,87,0.0
2025-12-09 05:00:00,7.8,3,0.0
2025-12-09 06:00:00,7.6,0,0.0
2025-12-09 07:00:00,7.2,14,0.0
2025-12-09 08:00:00,7.5,52,0.0
2025-12-09 09:00:00,7.7,100,0.0
2025-12-09 10:00:00,8.3,100,2.0
2025-12-09 11:00:00,8.5,100,23.0
2025-12-09 12:00:00,8.8,100,47.0
2025-12-09 13:00:00,8.9,100,54.0
2025-12-09 14:00:00,8.6,100,43.0
2025-12-09 15:00:00,8.7,100,36.0
2025-12-09 16:00:00,8.7,100,21.0
2025-12-09 17:00:00,8.8,100,2.0
2025-12-09 18:00:00,8.9,100,0.0
2025-12-09 19:00:00,8.9,100,0.0
2025-12-09 20:00:00,9.0,100,0.0
2025-12-09 21:00:00,8.9,100,0.0
2025-12-09 22:00:00,8.7,100,0.0
2025-12-09 23:00:00,8.9,100,0.0
2025-12-10 00:00:00,9.2,100,0.0
2025-12-10 01:00:00,9.2,100,0.0
2025-12-10 02:00:00,9.3,100,0.0
2025-12-10 03:00:00,9.6,100,0.0
2025-12-10 04:00:00,10.0,100,0.0
2025-12-10 05:00:00,10.0,100,0.0
2025-12-10 06:00:00,10.2,100,0.0
2025-12-10 07:00:00,10.2,100,0.0
2025-12-10 08:00:00,10.4,100,0.0
2025-12-10 09:00:00,10.5,100,0.0
2025-12-10 10:00:00,10.5,100,1.0
2025-12-10 11:00:00,10.5,100,26.0
2025-12-10 12:00:00,10.3,100,73.0
2025-12-10 13:00:00,10.3,100,65.0
2025-12-10 14:00:00,10.4,100,63.0
2025-12-10 15:00:00,10.1,100,71.0
2025-12-10 16:00:00,9.8,100,45.0
2025-12-10 17:00:00,9.4,100,5.0
2025-12-10 18:00:00,9.2,100,0.0
2025-12-10 19:00:00,9.0,100,0.0
2025-12-10 20:00:00,9.6,100,0.0
2025-12-10 21:00:00,9.7,100,0.0
2025-12-10 22:00:00,9.7,100,0.0
2025-12-10 23:00:00,9.4,48,0.0
2025-12-11 00:00:00,9.0,19,0.0
2025-12-11 01:00:00,8.6,18,0.0
2025-12-11 02:00:00,9.2,37,0.0
2025-12-11 03:00:00,8.8,54,0.0
2025-12-11 04:00:00,8.8,73,0.0
2025-12-11 05:00:00,8.6,35,0.0
2025-12-11 06:00:00,8.4,5,0.0
2025-12-11 07:00:00,8.3,4,0.0
2025-12-11 08:00:00,8.9,6,0.0
2025-12-11 09:00:00,8.7,26,0.0
2025-12-11 10:00:00,8.6,100,4.0
2025-12-11 11:00:00,9.0,100,22.0
2025-12-11 12:00:00,9.1,100,44.0
2025-12-11 13:00:00,9.3,100,96.0
2025-12-11 14:00:00,9.3,100,83.0
2025-12-11 15:00:00,9.1,100,28.0
2025-12-11 16:00:00,9.1,100,26.0
2025-12-11 17:00:00,9.0,100,1.0
2025-12-11 18:00:00,8.9,100,0.0
2025-12-11 19:00:00,8.7,100,0.0
2025-12-11 20:00:00,8.9,100,0.0
2025-12-11 21:00:00,8.8,100,0.0
2025-12-11 22:00:00,8.7,98,0.0
2025-12-11 23:00:00,8.6,66,0.0
2025-12-12 00:00:00,8.2,16,0.0
2025-12-12 01:00:00,7.8,59,0.0
2025-12-12 02:00:00,7.8,70,0.0
2025-12-12 03:00:00,7.8,98,0.0
2025-12-12 04:00:00,7.7,100,0.0
2025-12-12 05:00:00,7.8,100,0.0
2025-12-12 06:00:00,7.8,100,0.0
2025-12-12 07:00:00,7.7,100,0.0
2025-12-12 08:00:00,7.9,100,0.0
2025-12-12 09:00:00,7.5,100,0.0
2025-12-12 10:00:00,7.0,99,2.0
2025-12-12 11:00:00,7.0,100,32.0
2025-12-12 12:00:00,7.3,100,55.0
2025-12-12 13:00:00,7.9,95,86.0
2025-12-12 14:00:00,7.7,99,66.0
2025-12-12 15:00:00,7.5,100,42.0
2025-12-12 16:00:00,7.4,100,23.0
2025-12-12 17:00:00,7.1,100,3.0
2025-12-12 18:00:00,6.8,100,0.0
2025-12-12 19:00:00,6.6,100,0.0
2025-12-12 20:00:00,6.6,96,0.0
2025-12-12 21:00:00,6.5,100,0.0
2025-12-12 22:00:00,6.1,96,0.0
2025-12-12 23:00:00,5.9,73,0.0
2025-12-13 00:00:00,5.4,100,0.0
2025-12-13 01:00:00,5.6,100,0.0
2025-12-13 02:00:00,5.5,100,0.0
2025-12-13 03:00:00,5.1,100,0.0
2025-12-13 04:00:00,5.1,100,0.0
2025-12-13 05:00:00,5.5,100,0.0
2025-12-13 06:00:00,5.9,100,0.0
2025-12-13 07:00:00,6.2,100,0.0
2025-12-13 08:00:00,6.4,100,0.0
2025-12-13 09:00:00,6.4,100,0.0
2025-12-13 10:00:00,6.9,100,0.0
2025-12-13 11:00:00,7.5,100,12.0
2025-12-13 12:00:00,8.0,100,31.0
2025-12-13 13:00:00,8.4,100,59.0
2025-12-13 14:00:00,8.7,100,24.0
2025-12-13 15:00:00,8.8,92,22.0
2025-12-13 16:00:00,8.5,2,32.0
2025-12-13 17:00:00,7.1,3,6.0
2025-12-13 18:00:00,6.5,2,0.0
2025-12-13 19:00:00,6.3,2,0.0
2025-12-13 20:00:00,6.3,1,0.0
2025-12-13 21:00:00,6.1,5,0.0
2025-12-13 22:00:00,5.8,47,0.0
2025-12-13 23:00:00,5.6,73,0.0
2025-12-14 00:00:00,5.4,99,0.0
2025-12-14 01:00:00,5.5,100,0.0
2025-12-14 02:00:00,6.2,100,0.0
2025-12-14 03:00:00,6.4,100,0.0
2025-12-14 04:00:00,6.3,100,0.0
2025-12-14 05:00:00,6.2,100,0.0
2025-12-14 06:00:00,6.2,100,0.0
2025-12-14 07:00:00,6.4,100,0.0
2025-12-14 08:00:00,6.7,100,0.0
2025-12-14 09:00:00,6.8,100,0.0
2025-12-14 10:00:00,6.7,100,1.0
2025-12-14 11:00:00,6.3,100,20.0
2025-12-14 12:00:00,6.1,100,48.0
2025-12-14 13:00:00,6.2,100,87.0
2025-12-14 14:00:00,6.6,100,29.0
2025-12-14 15:00:00,6.5,100,23.0
2025-12-14 16:00:00,6.5,100,16.0
2025-12-14 17:00:00,6.5,100,1.0
2025-12-14 18:00:00,6.4,100,0.0
2025-12-14 19:00:00,6.5,100,0.0
2025-12-14 20:00:00,6.8,100,0.0
2025-12-14 21:00:00,6.8,100,0.0
2025-12-14 22:00:00,6.8,100,0.0
2025-12-14 23:00:00,6.9,100,0.0
2025-12-15 00:00:00,6.8,93,0.0
2025-12-15 01:00:00,6.4,100,0.0
2025-12-15 02:00:00,6.7,100,0.0
2025-12-15 03:00:00,6.7,100,0.0
2025-12-15 04:00:00,6.7,100,0.0
2025-12-15 05:00:00,6.7,100,0.0
2025-12-15 06:00:00,6.8,100,0.0
2025-12-15 07:00:00,6.8,100,0.0
2025-12-15 08:00:00,7.2,100,0.0
2025-12-15 09:00:00,6.9,100,0.0
2025-12-15 10:00:00,7.1,97,2.0
2025-12-15 11:00:00,7.3,100,30.0
2025-12-15 12:00:00,7.5,100,59.0
2025-12-15 13:00:00,7.4,63,65.0
2025-12-15 14:00:00,7.7,100,116.0
2025-12-15 15:00:00,7.6,16,69.0
2025-12-15 16:00:00,6.9,0,58.0
2025-12-15 17:00:00,6.4,0,6.0
2025-12-15 18:00:00,6.2,1,0.0
2025-12-15 19:00:00,6.0,0,0.0
2025-12-15 20:00:00,6.2,0,0.0
2025-12-15 21:00:00,6.1,0,0.0
2025-12-15 22:00:00,5.9,0,0.0
2025-12-15 23:00:00,5.9,0,0.0
2025-12-16 00:00:00,5.7,0,0.0
2025-12-16 01:00:00,5.4,0,0.0
2025-12-16 02:00:00,5.3,0,0.0
2025-12-16 03:00:00,5.2,1,0.0
2025-12-16 04:00:00,5.2,0,0.0
2025-12-16 05:00:00,5.3,8,0.0
2025-12-16 06:00:00,5.3,3,0.0
2025-12-16 07:00:00,5.1,24,0.0
2025-12-16 08:00:00,5.5,37,0.0
2025-12-16 09:00:00,5.4,39,0.0
2025-12-16 10:00:00,5.3,66,2.0
2025-12-16 11:00:00,5.7,13,43.0
2025-12-16 12:00:00,6.0,2,104.0
2025-12-16 13:00:00,6.2,17,145.0
2025-12-16 14:00:00,6.6,73,148.0
2025-12-16 15:00:00,6.7,58,113.0
2025-12-16 16:00:00,6.6,44,57.0
2025-12-16 17:00:00,6.5,71,6.0
2025-12-16 18:00:00,6.5,88,0.0
2025-12-16 19:00:00,6.7,1,0.0
2025-12-16 20:00:00,7.2,16,0.0
2025-12-16 21:00:00,7.3,95,0.0
2025-12-16 22:00:00,7.4,52,0.0
2025-12-16 23:00:00,7.1,91,0.0
2025-12-17 00:00:00,6.9,93,0.0
2025-12-17 01:00:00,6.6,96,0.0
2025-12-17 02:00:00,6.6,100,0.0
2025-12-17 03:00:00,6.7,100,0.0
2025-12-17 04:00:00,6.8,100,0.0
2025-12-17 05:00:00,6.8,100,0.0
2025-12-17 06:00:00,6.8,100,0.0
2025-12-17 07:00:00,6.8,100,0.0
2025-12-17 08:00:00,6.7,100,0.0
2025-12-17 09:00:00,6.7,100,0.0
2025-12-17 10:00:00,6.4,100,1.0
2025-12-17 11:00:00,6.6,100,18.0
2025-12-17 12:00:00,6.5,100,22.0
2025-12-17 13:00:00,6.4,18,40.0
2025-12-17 14:00:00,7.1,2,144.0
2025-12-17 15:00:00,6.7,47,114.0
2025-12-17 16:00:00,6.3,64,50.0
2025-12-17 17:00:00,6.1,96,5.0
2025-12-17 18:00:00,5.8,100,0.0
2025-12-17 19:00:00,5.8,100,0.0
2025-12-17 20:00:00,6.2,100,0.0
2025-12-17 21:00:00,6.4,100,0.0
2025-12-17 22:00:00,6.6,100,0.0
2025-12-17 23:00:00,7.1,100,0.0
2025-12-18 00:00:00,7.3,100,0.0
2025-12-18 01:00:00,7.5,100,0.0
2025-12-18 02:00:00,7.3,100,0.0
2025-12-18 03:00:00,7.1,100,0.0
2025-12-18 04:00:00,7.2,100,0.0
2025-12-18 05:00:00,7.1,100,0.0
2025-12-18 06:00:00,6.7,100,0.0
2025-12-18 07:00:00,6.7,100,0.0
2025-12-18 08:00:00,7.4,100,0.0
2025-12-18 09:00:00,7.2,100,0.0
2025-12-18 10:00:00,7.0,91,1.0
2025-12-18 11:00:00,7.0,100,42.0
2025-12-18 12:00:00,7.1,99,93.0
2025-12-18 13:00:00,7.1,98,110.0
2025-12-18 14:00:00,7.5,100,143.0
2025-12-18 15:00:00,7.5,100,100.0
2025-12-18 16:00:00,7.3,99,49.0
2025-12-18 17:00:00,7.2,100,4.0
2025-12-18 18:00:00,7.3,100,0.0
2025-12-18 19:00:00,7.2,100,0.0
2025-12-18 20:00:00,7.4,100,0.0
2025-12-18 21:00:00,7.6,100,0.0
2025-12-18 22:00:00,7.6,99,0.0
2025-12-18 23:00:00,7.3,88,0.0
2025-12-19 00:00:00,7.3,100,0.0
2025-12-19 01:00:00,7.3,99,0.0
2025-12-19 02:00:00,7.3,99,0.0
2025-12-19 03:00:00,7.4,100,0.0
2025-12-19 04:00:00,7.5,99,0.0
2025-12-19 05:00:00,7.6,100,0.0
2025-12-19 06:00:00,7.8,100,0.0
2025-12-19 07:00:00,8.1,100,0.0
2025-12-19 08:00:00,8.5,100,0.0
2025-12-19 09:00:00,9.0,100,0.0
2025-12-19 10:00:00,9.2,100,0.0
2025-12-19 11:00:00,9.5,100,23.0
2025-12-19 12:00:00,9.5,100,16.0
2025-12-19 13:00:00,9.4,100,19.0
2025-12-19 14:00:00,9.4,100,21.0
2025-12-19 15:00:00,9.2,100,19.0
2025-12-19 16:00:00,9.2,100,6.0
2025-12-19 17:00:00,9.3,100,2.0
2025-12-19 18:00:00,9.2,100,0.0
2025-12-19 19:00:00,9.2,100,0.0
2025-12-19 20:00:00,9.2,100,0.0
2025-12-19 21:00:00,9.0,100,0.0
2025-12-19 22:00:00,8.6,98,0.0
2025-12-19 23:00:00,7.5,100,0.0
2025-12-20 00:00:00,6.9,100,0.0
2025-12-20 01:00:00,6.6,100,0.0
2025-12-20 02:00:00,6.7,92,0.0
2025-12-20 03:00:00,6.6,62,0.0
2025-12-20 04:00:00,6.4,59,0.0
2025-12-20 05:00:00,6.5,100,0.0
2025-12-20 06:00:00,6.8,100,0.0
2025-12-20 07:00:00,7.0,41,0.0
2025-12-20 08:00:00,6.8,93,0.0
2025-12-20 09:00:00,6.8,100,0.0
2025-12-20 10:00:00,6.9,100,1.0
2025-12-20 11:00:00,7.0,45,28.0
2025-12-20 12:00:00,7.1,2,99.0
2025-12-20 13:00:00,7.5,20,149.0
2025-12-20 14:00:00,7.3,55,146.0
2025-12-20 15:00:00,7.3,41,93.0
2025-12-20 16:00:00,7.0,100,52.0
2025-12-20 17:00:00,6.8,100,4.0
2025-12-20 18:00:00,6.8,100,0.0
2025-12-20 19:00:00,6.6,100,0.0
2025-12-20 20:00:00,6.1,100,0.0
2025-12-20 21:00:00,5.8,100,0.0
2025-12-20 22:00:00,5.6,100,0.0
2025-12-20 23:00:00,5.5,100,0.0
2025-12-21 00:00:00,5.4,100,0.0
2025-12-21 01:00:00,5.4,100,0.0
2025-12-21 02:00:00,5.0,100,0.0
2025-12-21 03:00:00,4.9,100,0.0
2025-12-21 04:00:00,4.9,100,0.0
2025-12-21 05:00:00,4.8,100,0.0
2025-12-21 06:00:00,4.7,100,0.0
2025-12-21 07:00:00,4.5,100,0.0
2025-12-21 08:00:00,4.3,100,0.0
2025-12-21 09:00:00,4.2,100,0.0
2025-12-21 10:00:00,4.2,100,1.0
2025-12-21 11:00:00,4.1,100,18.0
2025-12-21 12:00:00,4.2,100,44.0
2025-12-21 13:00:00,4.2,100,60.0
2025-12-21 14:00:00,4.5,100,56.0
2025-12-21 15:00:00,4.5,100,49.0
2025-12-21 16:00:00,4.5,100,21.0
2025-12-21 17:00:00,4.6,100,3.0
2025-12-21 18:00:00,4.7,100,0.0
2025-12-21 19:00:00,4.6,100,0.0
2025-12-21 20:00:00,4.9,100,0.0
2025-12-21 21:00:00,4.8,100,0.0
2025-12-21 22:00:00,4.7,100,0.0
2025-12-21 23:00:00,4.8,100,0.0
2025-12-22 00:00:00,5.0,100,0.0
2025-12-22 01:00:00,5.1,100,0.0
2025-12-22 02:00:00,5.3,100,0.0
2025-12-22 03:00:00,5.3,100,0.0
2025-12-22 04:00:00,5.4,99,0.0
2025-12-22 05:00:00,5.6,98,0.0
2025-12-22 06:00:00,5.5,93,0.0
2025-12-22 07:00:00,5.4,100,0.0
2025-12-22 08:00:00,5.3,100,0.0
2025-12-22 09:00:00,5.2,100,0.0
2025-12-22 10:00:00,5.0,100,1.0
2025-12-22 11:00:00,5.2,100,29.0
2025-12-22 12:00:00,5.4,100,60.0
2025-12-22 13:00:00,5.6,100,90.0
2025-12-22 14:00:00,5.5,100,95.0
2025-12-22 15:00:00,5.5,100,59.0
2025-12-22 16:00:00,5.4,91,31.0
2025-12-22 17:00:00,5.0,95,5.0
2025-12-22 18:00:00,5.0,89,0.0
2025-12-22 19:00:00,4.9,87,0.0
2025-12-22 20:00:00,5.1,88,0.0
2025-12-22 21:00:00,5.0,100,0.0
2025-12-22 22:00:00,5.1,66,0.0
2025-12-22 23:00:00,5.2,50,0.0
2025-12-23 00:00:00,5.3,69,0.0
2025-12-23 01:00:00,5.1,100,0.0
2025-12-23 02:00:00,5.0,100,0.0
2025-12-23 03:00:00,4.4,100,0.0
2025-12-23 04:00:00,3.4,89,0.0
2025-12-23 05:00:00,3.2,56,0.0
2025-12-23 06:00:00,3.1,100,0.0
2025-12-23 07:00:00,3.4,95,0.0
2025-12-23 08:00:00,3.2,100,0.0
2025-12-23 09:00:00,3.3,87,0.0
2025-12-23 10:00:00,2.9,48,1.0
2025-12-23 11:00:00,2.9,49,36.0
2025-12-23 12:00:00,3.4,42,76.0
2025-12-23 13:00:00,3.6,6,131.0
2025-12-23 14:00:00,3.8,13,149.0
2025-12-23 15:00:00,3.7,9,113.0
2025-12-23 16:00:00,3.4,9,60.0
2025-12-23 17:00:00,3.0,51,7.0
2025-12-23 18:00:00,2.9,56,0.0
2025-12-23 19:00:00,3.1,31,0.0
2025-12-23 20:00:00,2.7,54,0.0
2025-12-23 21:00:00,1.5,18,0.0
2025-12-23 22:00:00,0.5,17,0.0
2025-12-23 23:00:00,0.1,8,0.0
2025-12-24 00:00:00,0.1,13,0.0
2025-12-24 01:00:00,0.3,90,0.0
2025-12-24 02:00:00,0.6,100,0.0
2025-12-24 03:00:00,0.5,100,0.0
2025-12-24 04:00:00,0.5,93,0.0
2025-12-24 05:00:00,0.3,100,0.0
2025-12-24 06:00:00,0.1,48,0.0
2025-12-24 07:00:00,0.0,2,0.0
2025-12-24 08:00:00,-0.3,30,0.0
2025-12-24 09:00:00,-0.4,45,0.0
2025-12-24 10:00:00,-0.3,44,1.0
2025-12-24 11:00:00,-0.1,56,39.0
2025-12-24 12:00:00,0.3,42,91.0
2025-12-24 13:00:00,0.6,28,135.0
2025-12-24 14:00:00,0.8,77,149.0
2025-12-24 15:00:00,0.8,66,91.0
2025-12-24 16:00:00,0.6,35,51.0
2025-12-24 17:00:00,0.1,48,7.0
2025-12-24 18:00:00,0.1,42,0.0
2025-12-24 19:00:00,0.0,15,0.0
2025-12-24 20:00:00,-0.6,9,0.0
2025-12-24 21:00:00,-0.7,2,0.0
2025-12-24 22:00:00,-0.8,1,0.0
2025-12-24 23:00:00,-0.7,1,0.0
2025-12-25 00:00:00,-0.7,0,0.0
2025-12-25 01:00:00,-0.6,1,0.0
2025-12-25 02:00:00,-1.1,20,0.0
2025-12-25 03:00:00,-1.1,10,0.0
2025-12-25 04:00:00,-1.0,0,0.0
2025-12-25 05:00:00,-0.9,1,0.0
2025-12-25 06:00:00,-0.7,2,0.0
2025-12-25 07:00:00,-0.7,2,0.0
2025-12-25 08:00:00,-1.6,0,0.0
2025-12-25 09:00:00,-1.6,3,0.0
2025-12-25 10:00:00,-2.2,40,1.0
2025-12-25 11:00:00,-1.0,57,44.0
2025-12-25 12:00:00,0.2,81,109.0
2025-12-25 13:00:00,0.5,100,149.0
2025-12-25 14:00:00,0.0,100,131.0
2025-12-25 15:00:00,0.3,100,72.0
2025-12-25 16:00:00,0.1,100,46.0
2025-12-25 17:00:00,0.1,100,6.0
2025-12-25 18:00:00,0.0,100,0.0
2025-12-25 19:00:00,-0.3,100,0.0
2025-12-25 20:00:00,-0.6,100,0.0
2025-12-25 21:00:00,-0.9,99,0.0
2025-12-25 22:00:00,-0.8,95,0.0
2025-12-25 23:00:00,-0.7,99,0.0
2025-12-26 00:00:00,-0.9,92,0.0
2025-12-26 01:00:00,-1.0,98,0.0
2025-12-26 02:00:00,-0.3,97,0.0
2025-12-26 03:00:00,0.2,96,0.0
2025-12-26 04:00:00,0.6,100,0.0
2025-12-26 05:00:00,1.0,81,0.0
2025-12-26 06:00:00,1.2,100,0.0
2025-12-26 07:00:00,2.7,100,0.0
2025-12-26 08:00:00,3.9,100,0.0
2025-12-26 09:00:00,4.0,100,0.0
2025-12-26 10:00:00,4.1,100,1.0
2025-12-26 11:00:00,4.2,100,18.0
2025-12-26 12:00:00,4.2,100,38.0
2025-12-26 13:00:00,4.2,100,51.0
2025-12-26 14:00:00,4.3,100,52.0
2025-12-26 15:00:00,4.6,100,34.0
2025-12-26 16:00:00,4.8,100,23.0
2025-12-26 17:00:00,4.9,100,4.0
2025-12-26 18:00:00,4.8,100,0.0
2025-12-26 19:00:00,4.7,100,0.0
2025-12-26 20:00:00,4.4,100,0.0
2025-12-26 21:00:00,4.3,99,0.0
2025-12-26 22:00:00,4.3,100,0.0
2025-12-26 23:00:00,4.1,100,0.0
2025-12-27 00:00:00,3.8,100,0.0
2025-12-27 01:00:00,3.5,100,0.0
2025-12-27 02:00:00,3.8,100,0.0
2025-12-27 03:00:00,3.7,100,0.0
2025-12-27 04:00:00,3.7,100,0.0
2025-12-27 05:00:00,3.8,100,0.0
2025-12-27 06:00:00,4.1,100,0.0
2025-12-27 07:00:00,4.3,100,0.0
2025-12-27 08:00:00,4.4,100,0.0
2025-12-27 09:00:00,4.4,100,0.0
2025-12-27 10:00:00,5.3,2,1.0
2025-12-27 11:00:00,5.5,72,43.0
2025-12-27 12:00:00,6.2,5,106.0
2025-12-27 13:00:00,6.7,6,149.0
2025-12-27 14:00:00,7.5,0,157.0
2025-12-27 15:00:00,7.4,24,127.0
2025-12-27 16:00:00,6.5,9,69.0
2025-12-27 17:00:00,5.9,59,9.0
2025-12-27 18:00:00,5.4,92,0.0
2025-12-27 19:00:00,5.3,71,0.0
2025-12-27 20:00:00,4.7,50,0.0
2025-12-27 21:00:00,4.7,26,0.0
2025-12-27 22:00:00,4.8,5,0.0
2025-12-27 23:00:00,4.9,0,0.0
2025-12-28 00:00:00,5.1,0,0.0
2025-12-28 01:00:00,4.6,24,0.0
2025-12-28 02:00:00,3.9,45,0.0
2025-12-28 03:00:00,3.6,0,0.0
2025-12-28 04:00:00,3.2,9,0.0
2025-12-28 05:00:00,2.9,1,0.0
2025-12-28 06:00:00,2.6,5,0.0
2025-12-28 07:00:00,2.4,7,0.0
2025-12-28 08:00:00,2.0,0,0.0
2025-12-28 09:00:00,1.7,0,0.0
2025-12-28 10:00:00,1.3,0,1.0
2025-12-28 11:00:00,1.2,0,45.0
2025-12-28 12:00:00,1.9,2,111.0
2025-12-28 13:00:00,2.6,0,155.0
2025-12-28 14:00:00,3.6,0,162.0
2025-12-28 15:00:00,4.0,0,131.0
2025-12-28 16:00:00,3.8,0,71.0
2025-12-28 17:00:00,3.7,25,10.0
2025-12-28 18:00:00,3.4,22,0.0
2025-12-28 19:00:00,3.4,12,0.0
2025-12-28 20:00:00,3.9,55,0.0
2025-12-28 21:00:00,4.0,38,0.0
2025-12-28 22:00:00,3.9,49,0.0
2025-12-28 23:00:00,3.6,33,0.0
2025-12-29 00:00:00,3.4,65,0.0
2025-12-29 01:00:00,3.0,48,0.0
2025-12-29 02:00:00,2.7,34,0.0
2025-12-29 03:00:00,2.9,25,0.0
2025-12-29 04:00:00,3.2,51,0.0
2025-12-29 05:00:00,3.2,20,0.0
2025-12-29 06:00:00,2.9,2,0.0
2025-12-29 07:00:00,2.7,1,0.0
2025-12-29 08:00:00,2.6,23,0.0
2025-12-29 09:00:00,2.4,2,0.0
2025-12-29 10:00:00,2.4,7,1.0
2025-12-29 11:00:00,2.9,2,44.0
2025-12-29 12:00:00,3.8,47,108.0
2025-12-29 13:00:00,4.4,100,148.0
2025-12-29 14:00:00,3.6,100,68.0
2025-12-29 15:00:00,3.3,94,50.0
2025-12-29 16:00:00,2.9,25,31.0
2025-12-29 17:00:00,2.3,60,10.0
2025-12-29 18:00:00,2.0,100,0.0
2025-12-29 19:00:00,2.1,9,0.0
2025-12-29 20:00:00,1.9,0,0.0
2025-12-29 21:00:00,1.7,1,0.0
2025-12-29 22:00:00,1.7,9,0.0
2025-12-29 23:00:00,2.4,21,0.0
2025-12-30 00:00:00,2.4,6,0.0
2025-12-30 01:00:00,2.1,5,0.0
2025-12-30 02:00:00,1.4,2,0.0
2025-12-30 03:00:00,1.2,16,0.0
2025-12-30 04:00:00,1.3,48,0.0
2025-12-30 05:00:00,1.5,29,0.0
2025-12-30 06:00:00,1.2,10,0.0
2025-12-30 07:00:00,1.0,0,0.0
2025-12-30 08:00:00,0.8,0,0.0
2025-12-30 09:00:00,1.1,12,0.0
2025-12-30 10:00:00,1.1,0,1.0
2025-12-30 11:00:00,1.1,0,46.0
2025-12-30 12:00:00,1.1,0,114.0
2025-12-30 13:00:00,1.1,0,159.0
2025-12-30 14:00:00,1.0,0,167.0
2025-12-30 15:00:00,0.8,0,136.0
2025-12-30 16:00:00,0.6,0,75.0
2025-12-30 17:00:00,0.4,0,11.0
2025-12-30 18:00:00,0.4,5,0.0
2025-12-30 19:00:00,0.3,0,0.0
2025-12-30 20:00:00,-0.2,13,0.0
2025-12-30 21:00:00,-0.4,20,0.0
2025-12-30 22:00:00,-0.4,40,0.0
2025-12-30 23:00:00,-0.5,39,0.0
2025-12-31 00:00:00,-0.6,57,0.0
2025-12-31 01:00:00,-0.6,97,0.0
2025-12-31 02:00:00,-0.3,96,0.0
2025-12-31 03:00:00,-0.2,17,0.0
2025-12-31 04:00:00,-0.4,100,0.0
2025-12-31 05:00:00,0.0,98,0.0
2025-12-31 06:00:00,0.5,100,0.0
2025-12-31 07:00:00,0.6,100,0.0
2025-12-31 08:00:00,0.7,100,0.0
2025-12-31 09:00:00,1.1,23,0.0
2025-12-31 10:00:00,0.9,84,1.0
2025-12-31 11:00:00,1.6,38,38.0
2025-12-31 12:00:00,2.0,51,106.0
2025-12-31 13:00:00,2.7,20,141.0
2025-12-31 14:00:00,3.3,39,161.0
2025-12-31 15:00:00,3.3,46,109.0
2025-12-31 16:00:00,3.0,9,62.0
2025-12-31 17:00:00,1.9,76,11.0
2025-12-31 18:00:00,1.0,89,0.0
2025-12-31 19:00:00,0.2,100,0.0
2025-12-31 20:00:00,-0.4,100,0.0
2025-12-31 21:00:00,-0.4,100,0.0
2025-12-31 22:00:00,1.4,100,0.0
2025-12-31 23:00:00,1.8,100,0.0
2026-01-01 00:00:00,1.7,100,0.0
2026-01-01 01:00:00,2.1,100,0.0
2026-01-01 02:00:00,3.0,100,0.0
2026-01-01 03:00:00,3.9,100,0.0
2026-01-01 04:00:00,4.2,100,0.0
2026-01-01 05:00:00,4.2,100,0.0
2026-01-01 06:00:00,4.2,100,0.0
2026-01-01 07:00:00,4.3,100,0.0
2026-01-01 08:00:00,4.5,100,0.0
2026-01-01 09:00:00,4.3,100,0.0
2026-01-01 10:00:00,4.2,100,0.0
2026-01-01 11:00:00,3.8,100,9.0
2026-01-01 12:00:00,3.8,100,35.0
2026-01-01 13:00:00,3.8,100,81.0
2026-01-01 14:00:00,3.5,100,79.0
2026-01-01 15:00:00,3.4,98,58.0
2026-01-01 16:00:00,3.5,72,33.0
2026-01-01 17:00:00,3.1,78,9.0
2026-01-01 18:00:00,3.1,98,0.0
2026-01-01 19:00:00,2.6,99,0.0
2026-01-01 20:00:00,3.5,99,0.0
2026-01-01 21:00:00,3.6,99,0.0
2026-01-01 22:00:00,3.5,100,0.0
2026-01-01 23:00:00,3.1,33,0.0
2026-01-02 00:00:00,3.0,11,0.0
2026-01-02 01:00:00,2.9,22,0.0
2026-01-02 02:00:00,3.4,95,0.0
2026-01-02 03:00:00,2.1,100,0.0
2026-01-02 04:00:00,2.4,100,0.0
2026-01-02 05:00:00,2.0,100,0.0
2026-01-02 06:00:00,2.4,100,0.0
2026-01-02 07:00:00,1.9,100,0.0
2026-01-02 08:00:00,1.8,100,0.0
2026-01-02 09:00:00,1.8,100,0.0
2026-01-02 10:00:00,2.0,97,0.0
2026-01-02 11:00:00,1.8,57,18.0
2026-01-02 12:00:00,1.8,100,107.0
2026-01-02 13:00:00,2.1,52,131.0
2026-01-02 14:00:00,1.5,100,154.0
2026-01-02 15:00:00,1.7,97,75.0
2026-01-02 16:00:00,1.3,2,60.0
2026-01-02 17:00:00,0.7,8,14.0
2026-01-02 18:00:00,0.3,3,0.0
2026-01-02 19:00:00,-0.4,87,0.0
2026-01-02 20:00:00,-0.1,61,0.0
2026-01-02 21:00:00,-0.4,100,0.0
2026-01-02 22:00:00,-0.5,100,0.0
2026-01-02 23:00:00,-0.6,100,0.0
2026-01-03 00:00:00,-0.7,100,0.0
2026-01-03 01:00:00,-0.8,100,0.0
2026-01-03 02:00:00,-0.8,100,0.0
2026-01-03 03:00:00,-0.9,99,0.0
2026-01-03 04:00:00,-1.0,98,0.0
2026-01-03 05:00:00,-0.9,87,0.0
2026-01-03 06:00:00,-1.0,97,0.0
2026-01-03 07:00:00,-1.0,100,0.0
2026-01-03 08:00:00,-1.7,86,0.0
2026-01-03 09:00:00,-1.9,91,0.0
2026-01-03 10:00:00,-2.1,95,1.0
2026-01-03 11:00:00,-1.8,92,28.0
2026-01-03 12:00:00,-1.5,77,57.0
2026-01-03 13:00:00,-1.5,83,128.0
2026-01-03 14:00:00,-1.7,37,118.0
2026-01-03 15:00:00,-1.8,43,122.0
2026-01-03 16:00:00,-1.9,4,67.0
2026-01-03 17:00:00,-2.4,25,14.0
2026-01-03 18:00:00,-2.4,48,0.0
2026-01-03 19:00:00,-2.7,100,0.0
2026-01-03 20:00:00,-2.5,100,0.0
2026-01-03 21:00:00,-2.7,94,0.0
2026-01-03 22:00:00,-2.9,30,0.0
2026-01-03 23:00:00,-3.3,80,0.0
2026-01-04 00:00:00,-3.1,78,0.0
2026-01-04 01:00:00,-3.1,100,0.0
2026-01-04 02:00:00,-2.9,100,0.0
2026-01-04 03:00:00,-2.8,100,0.0
2026-01-04 04:00:00,-2.7,100,0.0
2026-01-04 05:00:00,-2.6,99,0.0
2026-01-04 06:00:00,-2.7,98,0.0
2026-01-04 07:00:00,-2.7,94,0.0
2026-01-04 08:00:00,-2.3,80,0.0
2026-01-04 09:00:00,-2.4,55,0.0
2026-01-04 10:00:00,-2.5,100,1.0
2026-01-04 11:00:00,-2.2,100,23.0
2026-01-04 12:00:00,-1.9,100,40.0
2026-01-04 13:00:00,-1.6,100,41.0
2026-01-04 14:00:00,-1.4,94,83.0
2026-01-04 15:00:00,-1.5,100,124.0
2026-01-04 16:00:00,-1.7,100,64.0
2026-01-04 17:00:00,-1.8,100,7.0
2026-01-04 18:00:00,-1.8,97,0.0
2026-01-04 19:00:00,-1.8,91,0.0
2026-01-04 20:00:00,-1.8,66,0.0
2026-01-04 21:00:00,-2.2,38,0.0
2026-01-04 22:00:00,-2.6,17,0.0
2026-01-04 23:00:00,-2.7,53,0.0
2026-01-05 00:00:00,-2.6,42,0.0
2026-01-05 01:00:00,-2.9,0,0.0
2026-01-05 02:00:00,-2.6,0,0.0
2026-01-05 03:00:00,-2.8,0,0.0
2026-01-05 04:00:00,-2.8,0,0.0
2026-01-05 05:00:00,-4.7,0,0.0
2026-01-05 06:00:00,-4.8,0,0.0
2026-01-05 07:00:00,-4.9,32,0.0
2026-01-05 08:00:00,-2.9,94,0.0
2026-01-05 09:00:00,-1.1,7,0.0
2026-01-05 10:00:00,-1.5,20,2.0
2026-01-05 11:00:00,-1.4,65,46.0
2026-01-05 12:00:00,-1.2,95,98.0
2026-01-05 13:00:00,-0.9,95,112.0
2026-01-05 14:00:00,-1.0,88,94.0
2026-01-05 15:00:00,-1.4,90,121.0
2026-01-05 16:00:00,-1.9,90,74.0
2026-01-05 17:00:00,-2.2,98,14.0
2026-01-05 18:00:00,-1.1,98,0.0
2026-01-05 19:00:00,-1.3,100,0.0
2026-01-05 20:00:00,-0.1,100,0.0
2026-01-05 21:00:00,-1.6,100,0.0
2026-01-05 22:00:00,-1.5,100,0.0
2026-01-05 23:00:00,-0.8,100,0.0
2026-01-06 00:00:00,-1.0,100,0.0
2026-01-06 01:00:00,-2.0,100,0.0
2026-01-06 02:00:00,-1.1,98,0.0
2026-01-06 03:00:00,-1.3,100,0.0
2026-01-06 04:00:00,-1.6,99,0.0
2026-01-06 05:00:00,-2.3,100,0.0
2026-01-06 06:00:00,-2.3,100,0.0
2026-01-06 07:00:00,-2.4,100,0.0
2026-01-06 08:00:00,-2.2,100,0.0
2026-01-06 09:00:00,-2.7,100,0.0
2026-01-06 10:00:00,-3.4,77,2.0
2026-01-06 11:00:00,-3.0,95,41.0
2026-01-06 12:00:00,-2.4,100,89.0
2026-01-06 13:00:00,-2.2,100,103.0
2026-01-06 14:00:00,-1.4,100,126.0
2026-01-06 15:00:00,-1.6,100,95.0
2026-01-06 16:00:00,-2.0,100,52.0
2026-01-06 17:00:00,-2.8,57,14.0
2026-01-06 18:00:00,-4.2,0,0.0
2026-01-06 19:00:00,-1.9,91,0.0
2026-01-06 20:00:00,-2.0,100,0.0
2026-01-06 21:00:00,-1.2,100,0.0
2026-01-06 22:00:00,-0.9,70,0.0
2026-01-06 23:00:00,-1.0,55,0.0
2026-01-07 00:00:00,-0.7,100,0.0
2026-01-07 01:00:00,0.3,38,0.0
2026-01-07 02:00:00,-0.2,44,0.0
2026-01-07 03:00:00,-0.3,28,0.0
2026-01-07 04:00:00,-0.1,48,0.0
2026-01-07 05:00:00,-0.3,100,0.0
2026-01-07 06:00:00,-0.3,100,0.0
2026-01-07 07:00:00,0.2,100,0.0
2026-01-07 08:00:00,0.2,100,0.0
2026-01-07 09:00:00,-0.1,100,0.0
2026-01-07 10:00:00,0.2,100,1.0
2026-01-07 11:00:00,0.6,100,25.0
2026-01-07 12:00:00,0.5,100,54.0
2026-01-07 13:00:00,0.2,100,48.0
2026-01-07 14:00:00,0.4,100,90.0
2026-01-07 15:00:00,0.4,100,93.0
2026-01-07 16:00:00,0.4,100,77.0
2026-01-07 17:00:00,0.4,100,13.0
2026-01-07 18:00:00,0.7,100,0.0
2026-01-07 19:00:00,0.5,100,0.0
2026-01-07 20:00:00,0.2,100,0.0
2026-01-07 21:00:00,-0.3,100,0.0
2026-01-07 22:00:00,-0.5,100,0.0
2026-01-07 23:00:00,-0.6,100,0.0
2026-01-08 00:00:00,-0.7,100,0.0
2026-01-08 01:00:00,-0.8,100,0.0
2026-01-08 02:00:00,-0.7,100,0.0
2026-01-08 03:00:00,-0.7,99,0.0
2026-01-08 04:00:00,-0.8,100,0.0
2026-01-08 05:00:00,-0.8,99,0.0
2026-01-08 06:00:00,-0.9,98,0.0
2026-01-08 07:00:00,-1.1,99,0.0
2026-01-08 08:00:00,-1.2,100,0.0
2026-01-08 09:00:00,-1.4,95,0.0
2026-01-08 10:00:00,-1.5,91,2.0
2026-01-08 11:00:00,-1.5,98,41.0
2026-01-08 12:00:00,-1.5,98,89.0
2026-01-08 13:00:00,-1.5,77,131.0
2026-01-08 14:00:00,-1.2,52,146.0
2026-01-08 15:00:00,-1.2,41,136.0
2026-01-08 16:00:00,-1.2,47,86.0
2026-01-08 17:00:00,-1.3,37,20.0
2026-01-08 18:00:00,-1.3,32,0.0
2026-01-08 19:00:00,-1.2,47,0.0
2026-01-08 20:00:00,-1.5,38,0.0
2026-01-08 21:00:00,-1.7,41,0.0
2026-01-08 22:00:00,-1.8,41,0.0
2026-01-08 23:00:00,-1.7,57,0.0
2026-01-09 00:00:00,-1.6,89,0.0
2026-01-09 01:00:00,-1.6,52,0.0
2026-01-09 02:00:00,-1.2,50,0.0
2026-01-09 03:00:00,-1.3,84,0.0
2026-01-09 04:00:00,-1.6,94,0.0
2026-01-09 05:00:00,-1.6,95,0.0
2026-01-09 06:00:00,-1.9,100,0.0
2026-01-09 07:00:00,-1.7,100,0.0
2026-01-09 08:00:00,-1.2,98,0.0
2026-01-09 09:00:00,-0.9,100,0.0
2026-01-09 10:00:00,-0.6,100,2.0
2026-01-09 11:00:00,-0.6,100,38.0
2026-01-09 12:00:00,-0.4,100,69.0
2026-01-09 13:00:00,-0.2,100,99.0
2026-01-09 14:00:00,0.1,100,127.0
2026-01-09 15:00:00,0.0,93,142.0
2026-01-09 16:00:00,-0.1,100,87.0
2026-01-09 17:00:00,-0.2,100,18.0
2026-01-09 18:00:00,-0.7,100,0.0
2026-01-09 19:00:00,-0.9,98,0.0
2026-01-09 20:00:00,-0.7,82,0.0
2026-01-09 21:00:00,-0.9,80,0.0
2026-01-09 22:00:00,-1.1,94,0.0
2026-01-09 23:00:00,-1.3,98,0.0
2026-01-10 00:00:00,-1.7,100,0.0
2026-01-10 01:00:00,-1.7,100,0.0
2026-01-10 02:00:00,-1.5,100,0.0
2026-01-10 03:00:00,-1.4,100,0.0
2026-01-10 04:00:00,-1.3,100,0.0
2026-01-10 05:00:00,-1.4,100,0.0
2026-01-10 06:00:00,-1.4,100,0.0
2026-01-10 07:00:00,-1.3,100,0.0
2026-01-10 08:00:00,-2.1,50,0.0
2026-01-10 09:00:00,-2.7,0,0.0
2026-01-10 10:00:00,-3.2,0,3.0
2026-01-10 11:00:00,-3.3,0,57.0
2026-01-10 12:00:00,-3.8,0,134.0
2026-01-10 13:00:00,-4.0,0,187.0
2026-01-10 14:00:00,-3.2,0,199.0
2026-01-10 15:00:00,-3.3,0,167.0
2026-01-10 16:00:00,-3.3,0,104.0
2026-01-10 17:00:00,-3.4,0,26.0
2026-01-10 18:00:00,-3.5,0,0.0
2026-01-10 19:00:00,-3.4,0,0.0
2026-01-10 20:00:00,-3.4,0,0.0
2026-01-10 21:00:00,-3.9,0,0.0
2026-01-10 22:00:00,-4.2,0,0.0
2026-01-10 23:00:00,-4.3,0,0.0
2026-01-11 00:00:00,-4.3,0,0.0
2026-01-11 01:00:00,-4.3,0,0.0
2026-01-11 02:00:00,-4.7,1,0.0
2026-01-11 03:00:00,-4.5,0,0.0
2026-01-11 04:00:00,-4.2,1,0.0
2026-01-11 05:00:00,-4.0,1,0.0
2026-01-11 06:00:00,-3.9,0,0.0
2026-01-11 07:00:00,-3.7,0,0.0
2026-01-11 08:00:00,-4.0,1,0.0
2026-01-11 09:00:00,-4.3,1,0.0
2026-01-11 10:00:00,-4.4,1,3.0
2026-01-11 11:00:00,-4.2,1,60.0
2026-01-11 12:00:00,-3.8,0,136.0
2026-01-11 13:00:00,-3.2,0,187.0
2026-01-11 14:00:00,-1.9,0,199.0
2026-01-11 15:00:00,-1.8,0,169.0
2026-01-11 16:00:00,-2.0,27,106.0
2026-01-11 17:00:00,-2.8,47,28.0
2026-01-11 18:00:00,-3.2,12,0.0
2026-01-11 19:00:00,-3.6,9,0.0
2026-01-11 20:00:00,-3.7,2,0.0
2026-01-11 21:00:00,-3.7,15,0.0
2026-01-11 22:00:00,-3.6,16,0.0
2026-01-11 23:00:00,-5.0,10,0.0
2026-01-12 00:00:00,-5.2,39,0.0
2026-01-12 01:00:00,-5.8,89,0.0
2026-01-12 02:00:00,-5.7,100,0.0
2026-01-12 03:00:00,-4.6,100,0.0
2026-01-12 04:00:00,-4.7,100,0.0
2026-01-12 05:00:00,-4.8,85,0.0
2026-01-12 06:00:00,-4.9,100,0.0
2026-01-12 07:00:00,-4.2,100,0.0
2026-01-12 08:00:00,-4.3,100,0.0
2026-01-12 09:00:00,-4.3,100,0.0
2026-01-12 10:00:00,-4.4,100,2.0
2026-01-12 11:00:00,-3.5,100,35.0
2026-01-12 12:00:00,-2.3,100,60.0
2026-01-12 13:00:00,-1.0,100,81.0
2026-01-12 14:00:00,0.2,100,85.0
2026-01-12 15:00:00,0.6,100,78.0
2026-01-12 16:00:00,0.9,100,53.0
2026-01-12 17:00:00,1.0,100,7.0
2026-01-12 18:00:00,1.1,100,0.0
2026-01-12 19:00:00,1.4,100,0.0
2026-01-12 20:00:00,1.1,100,0.0
2026-01-12 21:00:00,0.9,100,0.0
2026-01-12 22:00:00,0.5,100,0.0
2026-01-12 23:00:00,0.4,100,0.0
2026-01-13 00:00:00,0.2,100,0.0
2026-01-13 01:00:00,0.2,100,0.0
2026-01-13 02:00:00,0.4,100,0.0
2026-01-13 03:00:00,0.5,100,0.0
2026-01-13 04:00:00,0.6,100,0.0
2026-01-13 05:00:00,0.7,100,0.0
2026-01-13 06:00:00,0.9,100,0.0
2026-01-13 07:00:00,1.0,100,0.0
2026-01-13 08:00:00,1.0,100,0.0
2026-01-13 09:00:00,1.2,100,0.0
2026-01-13 10:00:00,1.4,100,1.0
2026-01-13 11:00:00,1.6,100,14.0
2026-01-13 12:00:00,1.9,100,29.0
2026-01-13 13:00:00,2.0,100,29.0
2026-01-13 14:00:00,2.1,100,28.0
2026-01-13 15:00:00,2.4,100,30.0
2026-01-13 16:00:00,2.6,100,19.0
2026-01-13 17:00:00,2.9,100,5.0
2026-01-13 18:00:00,3.0,100,0.0
2026-01-13 19:00:00,3.1,100,0.0
2026-01-13 20:00:00,3.1,100,0.0
2026-01-13 21:00:00,3.3,100,0.0
2026-01-13 22:00:00,3.2,100,0.0
2026-01-13 23:00:00,3.4,100,0.0
2026-01-14 00:00:00,3.6,100,0.0
2026-01-14 01:00:00,3.7,100,0.0
2026-01-14 02:00:00,3.5,100,0.0
2026-01-14 03:00:00,3.4,100,0.0
2026-01-14 04:00:00,3.5,100,0.0
2026-01-14 05:00:00,3.7,100,0.0
2026-01-14 06:00:00,3.8,100,0.0
2026-01-14 07:00:00,3.7,100,0.0
2026-01-14 08:00:00,4.0,100,0.0
2026-01-14 09:00:00,4.0,100,0.0
2026-01-14 10:00:00,4.1,100,1.0
2026-01-14 11:00:00,4.2,100,13.0
2026-01-14 12:00:00,4.4,100,41.0
2026-01-14 13:00:00,4.3,6,108.0
2026-01-14 14:00:00,4.6,3,195.0
2026-01-14 15:00:00,4.6,7,168.0
2026-01-14 16:00:00,4.1,0,106.0
2026-01-14 17:00:00,3.3,0,32.0
2026-01-14 18:00:00,2.7,2,0.0
2026-01-14 19:00:00,2.2,2,0.0
2026-01-14 20:00:00,2.4,1,0.0
2026-01-14 21:00:00,2.1,1,0.0
2026-01-14 22:00:00,1.8,0,0.0
2026-01-14 23:00:00,1.5,0,0.0
2026-01-15 00:00:00,1.2,0,0.0
2026-01-15 01:00:00,1.1,77,0.0
2026-01-15 02:00:00,1.3,98,0.0
2026-01-15 03:00:00,0.9,100,0.0
2026-01-15 04:00:00,0.8,98,0.0
2026-01-15 05:00:00,1.0,100,0.0
2026-01-15 06:00:00,1.1,100,0.0
2026-01-15 07:00:00,1.2,100,0.0
2026-01-15 08:00:00,1.9,100,0.0
2026-01-15 09:00:00,2.1,95,0.0
2026-01-15 10:00:00,2.6,98,4.0
2026-01-15 11:00:00,3.1,97,56.0
2026-01-15 12:00:00,3.4,72,126.0
2026-01-15 13:00:00,3.4,100,143.0
2026-01-15 14:00:00,2.9,100,68.0
2026-01-15 15:00:00,3.1,100,40.0
2026-01-15 16:00:00,3.4,100,38.0
2026-01-15 17:00:00,3.7,100,7.0
2026-01-15 18:00:00,3.8,100,0.0
2026-01-15 19:00:00,3.7,100,0.0
2026-01-15 20:00:00,3.7,100,0.0
2026-01-15 21:00:00,3.8,100,0.0
2026-01-15 22:00:00,3.9,100,0.0
2026-01-15 23:00:00,3.9,100,0.0
2026-01-16 00:00:00,3.9,100,0.0
2026-01-16 01:00:00,3.9,100,0.0
2026-01-16 02:00:00,3.8,100,0.0
2026-01-16 03:00:00,3.8,100,0.0
2026-01-16 04:00:00,3.7,100,0.0
2026-01-16 05:00:00,3.9,100,0.0
2026-01-16 06:00:00,4.0,100,0.0
2026-01-16 07:00:00,4.0,100,0.0
2026-01-16 08:00:00,4.2,100,0.0
2026-01-16 09:00:00,4.3,100,0.0
2026-01-16 10:00:00,4.7,100,2.0
2026-01-16 11:00:00,4.8,94,40.0
2026-01-16 12:00:00,4.9,92,129.0
2026-01-16 13:00:00,4.9,99,167.0
2026-01-16 14:00:00,4.7,100,145.0
2026-01-16 15:00:00,4.9,27,93.0
2026-01-16 16:00:00,5.1,95,94.0
2026-01-16 17:00:00,5.0,80,29.0
2026-01-16 18:00:00,5.0,77,0.0
2026-01-16 19:00:00,4.5,85,0.0
2026-01-16 20:00:00,4.6,100,0.0
2026-01-16 21:00:00,4.4,100,0.0
2026-01-16 22:00:00,4.2,100,0.0
2026-01-16 23:00:00,3.2,100,0.0
2026-01-17 00:00:00,2.6,99,0.0
2026-01-17 01:00:00,1.7,100,0.0
2026-01-17 02:00:00,3.7,99,0.0
2026-01-17 03:00:00,3.5,84,0.0
2026-01-17 04:00:00,3.0,100,0.0
2026-01-17 05:00:00,2.5,93,0.0
2026-01-17 06:00:00,2.2,77,0.0
2026-01-17 07:00:00,2.0,16,0.0
2026-01-17 08:00:00,2.2,93,0.0
2026-01-17 09:00:00,2.2,100,0.0
2026-01-17 10:00:00,2.0,100,3.0
2026-01-17 11:00:00,1.9,100,27.0
2026-01-17 12:00:00,2.0,100,58.0
2026-01-17 13:00:00,2.0,100,74.0
2026-01-17 14:00:00,1.7,100,73.0
2026-01-17 15:00:00,1.7,100,61.0
2026-01-17 16:00:00,1.9,100,39.0
2026-01-17 17:00:00,1.8,100,14.0
2026-01-17 18:00:00,1.9,100,0.0
2026-01-17 19:00:00,2.0,100,0.0
2026-01-17 20:00:00,2.1,100,0.0
2026-01-17 21:00:00,2.1,100,0.0
2026-01-17 22:00:00,2.1,100,0.0
2026-01-17 23:00:00,2.2,100,0.0
2026-01-18 00:00:00,2.4,100,0.0
2026-01-18 01:00:00,2.7,100,0.0
2026-01-18 02:00:00,2.5,100,0.0
2026-01-18 03:00:00,2.4,100,0.0
2026-01-18 04:00:00,2.4,100,0.0
2026-01-18 05:00:00,2.4,100,0.0
2026-01-18 06:00:00,2.6,100,0.0
2026-01-18 07:00:00,2.8,100,0.0
2026-01-18 08:00:00,2.8,100,0.0
2026-01-18 09:00:00,2.5,100,0.0
2026-01-18 10:00:00,2.1,88,5.0
2026-01-18 11:00:00,2.1,66,63.0
2026-01-18 12:00:00,2.8,95,141.0
2026-01-18 13:00:00,3.1,48,190.0
2026-01-18 14:00:00,3.3,96,206.0
2026-01-18 15:00:00,3.2,89,177.0
2026-01-18 16:00:00,2.9,77,120.0
2026-01-18 17:00:00,2.3,59,43.0
2026-01-18 18:00:00,1.9,67,0.0
2026-01-18 19:00:00,1.7,30,0.0
2026-01-18 20:00:00,2.1,33,0.0
2026-01-18 21:00:00,2.3,0,0.0
2026-01-18 22:00:00,2.4,2,0.0
2026-01-18 23:00:00,2.5,5,0.0
2026-01-19 00:00:00,2.2,0,0.0
2026-01-19 01:00:00,1.8,0,0.0
2026-01-19 02:00:00,1.9,0,0.0
2026-01-19 03:00:00,1.6,0,0.0
2026-01-19 04:00:00,1.3,0,0.0
2026-01-19 05:00:00,1.1,0,0.0
2026-01-19 06:00:00,0.9,0,0.0
2026-01-19 07:00:00,0.7,0,0.0
2026-01-19 08:00:00,0.8,0,0.0
2026-01-19 09:00:00,1.0,0,0.0
2026-01-19 10:00:00,1.1,0,7.0
2026-01-19 11:00:00,1.4,0,76.0
2026-01-19 12:00:00,1.8,0,156.0
2026-01-19 13:00:00,2.0,0,209.0
2026-01-19 14:00:00,2.4,0,223.0
2026-01-19 15:00:00,2.3,0,196.0
2026-01-19 16:00:00,2.1,0,133.0
2026-01-19 17:00:00,1.7,0,49.0
2026-01-19 18:00:00,1.5,0,1.0
2026-01-19 19:00:00,1.6,0,0.0
2026-01-19 20:00:00,2.2,0,0.0
2026-01-19 21:00:00,2.5,0,0.0
2026-01-19 22:00:00,2.4,0,0.0
2026-01-19 23:00:00,2.3,0,0.0
2026-01-20 00:00:00,2.2,0,0.0
2026-01-20 01:00:00,2.1,0,0.0
2026-01-20 02:00:00,1.8,0,0.0
2026-01-20 03:00:00,1.7,0,0.0
2026-01-20 04:00:00,1.6,0,0.0
2026-01-20 05:00:00,1.5,0,0.0
2026-01-20 06:00:00,1.5,0,0.0
2026-01-20 07:00:00,1.5,0,0.0
2026-01-20 08:00:00,0.9,0,0.0
2026-01-20 09:00:00,0.7,0,0.0
2026-01-20 10:00:00,0.8,0,8.0
2026-01-20 11:00:00,1.4,0,75.0
2026-01-20 12:00:00,1.9,0,152.0
2026-01-20 13:00:00,2.2,0,202.0
2026-01-20 14:00:00,1.9,91,215.0
2026-01-20 15:00:00,1.9,73,160.0
2026-01-20 16:00:00,1.6,48,113.0
2026-01-20 17:00:00,0.8,15,43.0
2026-01-20 18:00:00,0.7,1,1.0
2026-01-20 19:00:00,0.6,4,0.0
2026-01-20 20:00:00,0.5,0,0.0
2026-01-20 21:00:00,0.2,0,0.0
2026-01-20 22:00:00,-0.2,0,0.0
2026-01-20 23:00:00,-0.4,0,0.0
2026-01-21 00:00:00,-0.6,0,0.0
2026-01-21 01:00:00,-0.6,0,0.0
2026-01-21 02:00:00,-0.7,0,0.0
2026-01-21 03:00:00,-0.8,0,0.0
2026-01-21 04:00:00,-0.7,0,0.0
2026-01-21 05:00:00,-0.7,0,0.0
2026-01-21 06:00:00,-0.8,1,0.0
2026-01-21 07:00:00,-0.7,0,0.0
2026-01-21 08:00:00,-0.9,18,0.0
2026-01-21 09:00:00,-0.8,60,0.0
2026-01-21 10:00:00,-0.5,57,7.0
2026-01-21 11:00:00,-0.1,66,63.0
2026-01-21 12:00:00,0.2,100,103.0
2026-01-21 13:00:00,0.2,100,80.0
2026-01-21 14:00:00,-0.1,100,87.0
2026-01-21 15:00:00,0.3,100,54.0
2026-01-21 16:00:00,0.5,100,50.0
2026-01-21 17:00:00,0.3,100,27.0
2026-01-21 18:00:00,0.3,100,1.0
2026-01-21 19:00:00,0.8,100,0.0
2026-01-21 20:00:00,1.2,99,0.0
2026-01-21 21:00:00,1.2,100,0.0
2026-01-21 22:00:00,0.9,100,0.0
2026-01-21 23:00:00,0.9,100,0.0
2026-01-22 00:00:00,0.8,100,0.0
2026-01-22 01:00:00,0.6,100,0.0
2026-01-22 02:00:00,0.3,100,0.0
2026-01-22 03:00:00,0.0,100,0.0
2026-01-22 04:00:00,-0.4,89,0.0
2026-01-22 05:00:00,-0.9,100,0.0
2026-01-22 06:00:00,-1.2,100,0.0
2026-01-22 07:00:00,-1.4,100,0.0
2026-01-22 08:00:00,-1.0,100,0.0
2026-01-22 09:00:00,-1.0,100,0.0
2026-01-22 10:00:00,-1.0,100,2.0
2026-01-22 11:00:00,-1.0,100,17.0
2026-01-22 12:00:00,-1.0,100,29.0
2026-01-22 13:00:00,-0.3,100,42.0
2026-01-22 14:00:00,0.0,100,36.0
2026-01-22 15:00:00,0.3,100,35.0
2026-01-22 16:00:00,0.7,88,33.0
2026-01-22 17:00:00,0.7,79,25.0
2026-01-22 18:00:00,0.7,91,1.0
2026-01-22 19:00:00,0.6,100,0.0
2026-01-22 20:00:00,0.8,88,0.0
2026-01-22 21:00:00,0.8,100,0.0
2026-01-22 22:00:00,0.8,100,0.0
2026-01-22 23:00:00,0.9,99,0.0
2026-01-23 00:00:00,1.0,90,0.0
2026-01-23 01:00:00,0.7,100,0.0
2026-01-23 02:00:00,0.5,100,0.0
2026-01-23 03:00:00,0.5,100,0.0
2026-01-23 04:00:00,0.4,99,0.0
2026-01-23 05:00:00,0.2,100,0.0
2026-01-23 06:00:00,-0.2,100,0.0
2026-01-23 07:00:00,-0.5,100,0.0
2026-01-23 08:00:00,-0.7,100,0.0
2026-01-23 09:00:00,-1.0,100,0.0
2026-01-23 10:00:00,-1.2,100,5.0
2026-01-23 11:00:00,-1.3,100,24.0
2026-01-23 12:00:00,-1.2,100,45.0
2026-01-23 13:00:00,-0.9,100,63.0
2026-01-23 14:00:00,-0.8,100,82.0
2026-01-23 15:00:00,-0.8,100,81.0
2026-01-23 16:00:00,-1.0,100,47.0
2026-01-23 17:00:00,-0.9,100,22.0
2026-01-23 18:00:00,-1.1,100,1.0
2026-01-23 19:00:00,-1.2,100,0.0
2026-01-23 20:00:00,-1.1,100,0.0
2026-01-23 21:00:00,-1.0,100,0.0
2026-01-23 22:00:00,-0.8,100,0.0
2026-01-23 23:00:00,-0.7,100,0.0
2026-01-24 00:00:00,-0.6,100,0.0
2026-01-24 01:00:00,-0.5,100,0.0
2026-01-24 02:00:00,-0.4,100,0.0
2026-01-24 03:00:00,-0.4,100,0.0
2026-01-24 04:00:00,-0.3,100,0.0
2026-01-24 05:00:00,-0.2,100,0.0
2026-01-24 06:00:00,-0.2,100,0.0
2026-01-24 07:00:00,-0.1,100,0.0
2026-01-24 08:00:00,0.1,97,0.0
2026-01-24 09:00:00,0.3,100,0.0
2026-01-24 10:00:00,0.3,100,3.0
2026-01-24 11:00:00,0.6,100,28.0
2026-01-24 12:00:00,0.8,100,45.0
2026-01-24 13:00:00,1.0,100,63.0
2026-01-24 14:00:00,0.8,100,64.0
2026-01-24 15:00:00,0.9,90,62.0
2026-01-24 16:00:00,0.9,100,75.0
2026-01-24 17:00:00,0.8,98,37.0
2026-01-24 18:00:00,0.5,98,1.0
2026-01-24 19:00:00,0.2,100,0.0
2026-01-24 20:00:00,-0.1,100,0.0
2026-01-24 21:00:00,-0.4,100,0.0
2026-01-24 22:00:00,-0.3,100,0.0
2026-01-24 23:00:00,-0.2,100,0.0
2026-01-25 00:00:00,0.1,100,0.0
2026-01-25 01:00:00,0.2,100,0.0
2026-01-25 02:00:00,0.3,100,0.0
2026-01-25 03:00:00,0.3,100,0.0
2026-01-25 04:00:00,0.3,100,0.0
2026-01-25 05:00:00,0.2,100,0.0
2026-01-25 06:00:00,0.2,100,0.0
2026-01-25 07:00:00,0.0,100,0.0
2026-01-25 08:00:00,0.1,100,0.0
2026-01-25 09:00:00,0.0,100,0.0
2026-01-25 10:00:00,0.2,100,2.0
2026-01-25 11:00:00,0.3,100,10.0
2026-01-25 12:00:00,0.7,100,34.0
2026-01-25 13:00:00,0.7,100,60.0
2026-01-25 14:00:00,0.6,100,49.0
2026-01-25 15:00:00,0.9,100,43.0
2026-01-25 16:00:00,1.1,100,26.0
2026-01-25 17:00:00,1.4,100,19.0
2026-01-25 18:00:00,1.1,100,2.0
2026-01-25 19:00:00,1.0,97,0.0
2026-01-25 20:00:00,0.7,99,0.0
2026-01-25 21:00:00,0.6,100,0.0
2026-01-25 22:00:00,0.3,100,0.0
2026-01-25 23:00:00,0.3,100,0.0
2026-01-26 00:00:00,0.5,100,0.0
2026-01-26 01:00:00,0.5,100,0.0
2026-01-26 02:00:00,0.2,100,0.0
2026-01-26 03:00:00,-0.5,100,0.0
2026-01-26 04:00:00,-0.5,100,0.0
2026-01-26 05:00:00,-0.4,100,0.0
2026-01-26 06:00:00,-0.5,100,0.0
2026-01-26 07:00:00,-0.6,100,0.0
2026-01-26 08:00:00,-1.3,100,0.0
2026-01-26 09:00:00,-1.5,100,0.0
2026-01-26 10:00:00,-1.2,100,5.0
2026-01-26 11:00:00,-0.8,100,35.0
2026-01-26 12:00:00,-1.1,100,58.0
2026-01-26 13:00:00,-0.8,100,35.0
2026-01-26 14:00:00,-0.3,100,37.0
2026-01-26 15:00:00,0.2,100,39.0
2026-01-26 16:00:00,0.2,100,30.0
2026-01-26 17:00:00,-0.1,100,8.0
2026-01-26 18:00:00,-0.3,100,1.0
2026-01-26 19:00:00,-0.3,100,0.0
2026-01-26 20:00:00,-0.5,100,0.0
2026-01-26 21:00:00,-0.3,100,0.0
2026-01-26 22:00:00,-0.1,100,0.0
2026-01-26 23:00:00,0.1,100,0.0
2026-01-27 00:00:00,0.1,100,0.0
2026-01-27 01:00:00,0.1,100,0.0
2026-01-27 02:00:00,0.0,100,0.0
2026-01-27 03:00:00,-0.1,100,0.0
2026-01-27 04:00:00,-0.2,100,0.0
2026-01-27 05:00:00,-0.2,100,0.0
2026-01-27 06:00:00,-0.3,100,0.0
2026-01-27 07:00:00,-0.3,100,0.0
2026-01-27 08:00:00,-0.7,100,0.0
2026-01-27 09:00:00,-0.7,100,0.0
2026-01-27 10:00:00,-0.6,100,3.0
2026-01-27 11:00:00,-0.6,100,14.0
2026-01-27 12:00:00,-0.6,100,31.0
2026-01-27 13:00:00,-0.6,100,42.0
2026-01-27 14:00:00,-0.6,100,56.0
2026-01-27 15:00:00,-0.6,100,63.0
2026-01-27 16:00:00,-0.5,100,78.0
2026-01-27 17:00:00,-0.5,100,39.0
2026-01-27 18:00:00,-0.5,100,2.0
2026-01-27 19:00:00,-0.6,100,0.0
2026-01-27 20:00:00,-0.7,100,0.0
2026-01-27 21:00:00,-0.9,100,0.0
2026-01-27 22:00:00,-0.9,100,0.0
2026-01-27 23:00:00,-0.8,100,0.0
2026-01-28 00:00:00,-0.8,100,0.0
2026-01-28 01:00:00,-0.7,100,0.0
2026-01-28 02:00:00,-1.1,100,0.0
2026-01-28 03:00:00,-1.1,100,0.0
2026-01-28 04:00:00,-1.0,100,0.0
2026-01-28 05:00:00,-1.1,100,0.0
2026-01-28 06:00:00,-1.2,100,0.0
2026-01-28 07:00:00,-1.3,100,0.0
2026-01-28 08:00:00,-1.3,100,0.0
2026-01-28 09:00:00,-1.5,100,0.0
2026-01-28 10:00:00,-1.6,100,6.0
2026-01-28 11:00:00,-1.6,100,32.0
2026-01-28 12:00:00,-1.6,100,51.0
2026-01-28 13:00:00,-1.5,100,68.0
2026-01-28 14:00:00,-1.0,100,63.0
2026-01-28 15:00:00,-1.1,100,57.0
2026-01-28 16:00:00,-1.0,100,52.0
2026-01-28 17:00:00,-1.1,100,26.0
2026-01-28 18:00:00,-1.2,100,3.0
2026-01-28 19:00:00,-1.3,100,0.0
2026-01-28 20:00:00,-1.4,100,0.0
2026-01-28 21:00:00,-1.6,100,0.0
2026-01-28 22:00:00,-1.7,100,0.0
2026-01-28 23:00:00,-1.8,100,0.0
2026-01-29 00:00:00,-1.8,100,0.0
2026-01-29 01:00:00,-1.8,100,0.0
2026-01-29 02:00:00,-2.2,100,0.0
2026-01-29 03:00:00,-2.3,100,0.0
2026-01-29 04:00:00,-2.2,100,0.0
2026-01-29 05:00:00,-2.1,100,0.0
2026-01-29 06:00:00,-2.0,100,0.0
2026-01-29 07:00:00,-2.0,100,0.0
2026-01-29 08:00:00,-2.2,100,0.0
2026-01-29 09:00:00,-2.2,100,0.0
2026-01-29 10:00:00,-2.1,100,5.0
2026-01-29 11:00:00,-2.0,100,29.0
2026-01-29 12:00:00,-1.5,100,78.0
2026-01-29 13:00:00,-1.4,100,98.0
2026-01-29 14:00:00,-1.2,100,108.0
2026-01-29 15:00:00,-1.3,100,83.0
2026-01-29 16:00:00,-1.2,100,61.0
2026-01-29 17:00:00,-1.1,100,29.0
2026-01-29 18:00:00,-1.1,100,3.0
2026-01-29 19:00:00,-1.3,100,0.0
2026-01-29 20:00:00,-1.4,100,0.0
2026-01-29 21:00:00,-1.4,100,0.0
2026-01-29 22:00:00,-1.3,100,0.0
2026-01-29 23:00:00,-1.4,100,0.0
2026-01-30 00:00:00,-1.6,100,0.0
2026-01-30 01:00:00,-1.4,100,0.0
2026-01-30 02:00:00,-1.5,100,0.0
2026-01-30 03:00:00,-1.4,100,0.0
2026-01-30 04:00:00,-1.3,100,0.0
2026-01-30 05:00:00,-1.2,100,0.0
2026-01-30 06:00:00,-1.2,100,0.0
2026-01-30 07:00:00,-1.2,100,0.0
2026-01-30 08:00:00,-1.3,100,0.0
2026-01-30 09:00:00,-1.2,100,0.0
2026-01-30 10:00:00,-1.2,100,4.0
2026-01-30 11:00:00,-1.0,100,20.0
2026-01-30 12:00:00,-0.9,100,46.0
2026-01-30 13:00:00,-0.7,100,43.0
2026-01-30 14:00:00,-0.8,100,44.0
2026-01-30 15:00:00,-0.3,100,64.0
2026-01-30 16:00:00,-0.4,100,56.0
2026-01-30 17:00:00,-0.4,100,23.0
2026-01-30 18:00:00,-0.6,100,4.0
2026-01-30 19:00:00,-0.8,100,0.0
2026-01-30 20:00:00,-0.7,100,0.0
2026-01-30 21:00:00,-0.7,100,0.0
2026-01-30 22:00:00,-0.6,100,0.0
2026-01-30 23:00:00,-0.5,100,0.0
2026-01-31 00:00:00,-0.8,100,0.0
2026-01-31 01:00:00,-1.0,100,0.0
2026-01-31 02:00:00,-0.7,100,0.0
2026-01-31 03:00:00,-0.9,100,0.0
2026-01-31 04:00:00,-1.0,100,0.0
2026-01-31 05:00:00,-1.2,100,0.0
2026-01-31 06:00:00,-1.3,100,0.0
2026-01-31 07:00:00,-1.5,100,0.0
2026-01-31 08:00:00,-2.2,100,0.0
2026-01-31 09:00:00,-2.7,100,0.0
2026-01-31 10:00:00,-3.0,100,14.0
2026-01-31 11:00:00,-3.1,100,59.0
2026-01-31 12:00:00,-3.1,100,70.0
2026-01-31 13:00:00,-3.3,100,92.0
2026-01-31 14:00:00,-2.9,100,89.0
2026-01-31 15:00:00,-2.5,100,105.0
2026-01-31 16:00:00,-2.3,100,97.0
2026-01-31 17:00:00,-2.3,100,49.0
2026-01-31 18:00:00,-2.4,100,7.0
2026-01-31 19:00:00,-2.4,100,0.0
2026-01-31 20:00:00,-2.3,100,0.0
2026-01-31 21:00:00,-2.2,100,0.0
2026-01-31 22:00:00,-2.3,99,0.0
2026-01-31 23:00:00,-2.3,100,0.0
2026-02-01 00:00:00,-2.4,97,0.0
2026-02-01 01:00:00,-2.5,100,0.0
2026-02-01 02:00:00,-2.6,97,0.0
2026-02-01 03:00:00,-2.8,95,0.0
2026-02-01 04:00:00,-3.0,99,0.0
2026-02-01 05:00:00,-3.1,100,0.0
2026-02-01 06:00:00,-3.3,100,0.0
2026-02-01 07:00:00,-3.5,100,0.0
2026-02-01 08:00:00,-3.9,100,0.0
2026-02-01 09:00:00,-4.0,98,0.0
2026-02-01 10:00:00,-3.9,93,20.0
2026-02-01 11:00:00,-3.6,90,65.0
2026-02-01 12:00:00,-3.1,100,121.0
2026-02-01 13:00:00,-2.9,100,158.0
2026-02-01 14:00:00,-3.1,100,193.0
2026-02-01 15:00:00,-3.0,100,168.0
2026-02-01 16:00:00,-3.1,98,142.0
2026-02-01 17:00:00,-3.4,73,73.0
2026-02-01 18:00:00,-3.9,65,12.0
2026-02-01 19:00:00,-4.2,38,0.0
2026-02-01 20:00:00,-4.7,69,0.0
2026-02-01 21:00:00,-4.5,100,0.0
2026-02-01 22:00:00,-4.3,100,0.0
2026-02-01 23:00:00,-4.1,99,0.0
2026-02-02 00:00:00,-4.2,100,0.0
2026-02-02 01:00:00,-4.2,99,0.0
2026-02-02 02:00:00,-4.5,100,0.0
2026-02-02 03:00:00,-4.8,100,0.0
2026-02-02 04:00:00,-5.0,100,0.0
2026-02-02 05:00:00,-5.1,100,0.0
2026-02-02 06:00:00,-5.2,31,0.0
2026-02-02 07:00:00,-5.2,22,0.0
2026-02-02 08:00:00,-5.5,6,0.0
2026-02-02 09:00:00,-5.4,12,0.0
2026-02-02 10:00:00,-5.1,25,29.0
2026-02-02 11:00:00,-4.7,38,124.0
2026-02-02 12:00:00,-4.3,15,213.0
2026-02-02 13:00:00,-3.9,27,273.0
2026-02-02 14:00:00,-3.9,8,285.0
2026-02-02 15:00:00,-3.8,4,263.0
2026-02-02 16:00:00,-3.9,0,198.0
2026-02-02 17:00:00,-4.2,0,105.0
2026-02-02 18:00:00,-4.5,0,16.0
2026-02-02 19:00:00,-4.6,1,0.0
2026-02-02 20:00:00,-4.2,1,0.0
2026-02-02 21:00:00,-4.1,1,0.0
2026-02-02 22:00:00,-4.0,1,0.0
2026-02-02 23:00:00,-3.9,0,0.0
2026-02-03 00:00:00,-3.8,0,0.0
2026-02-03 01:00:00,-3.7,0,0.0
2026-02-03 02:00:00,-4.0,5,0.0
2026-02-03 03:00:00,-4.0,9,0.0
2026-02-03 04:00:00,-4.1,7,0.0
2026-02-03 05:00:00,-4.1,58,0.0
2026-02-03 06:00:00,-4.0,19,0.0
2026-02-03 07:00:00,-3.8,10,0.0
2026-02-03 08:00:00,-4.0,0,0.0
2026-02-03 09:00:00,-3.7,0,0.0
2026-02-03 10:00:00,-3.2,0,32.0
2026-02-03 11:00:00,-2.5,0,132.0
2026-02-03 12:00:00,-1.7,1,224.0
2026-02-03 13:00:00,-1.0,2,282.0
2026-02-03 14:00:00,-0.1,15,296.0
2026-02-03 15:00:00,0.2,51,262.0
2026-02-03 16:00:00,0.1,4,186.0
2026-02-03 17:00:00,-0.4,7,106.0
2026-02-03 18:00:00,-1.0,21,17.0
2026-02-03 19:00:00,-1.4,92,0.0
2026-02-03 20:00:00,-1.3,86,0.0
2026-02-03 21:00:00,-1.4,100,0.0
2026-02-03 22:00:00,-1.6,100,0.0
2026-02-03 23:00:00,-1.8,100,0.0
2026-02-04 00:00:00,-2.0,98,0.0
2026-02-04 01:00:00,-2.2,86,0.0
2026-02-04 02:00:00,-2.5,74,0.0
2026-02-04 03:00:00,-2.6,93,0.0
2026-02-04 04:00:00,-2.7,95,0.0
2026-02-04 05:00:00,-2.7,91,0.0
2026-02-04 06:00:00,-2.9,82,0.0
2026-02-04 07:00:00,-2.9,86,0.0
2026-02-04 08:00:00,-2.9,84,0.0
2026-02-04 09:00:00,-2.7,73,0.0
2026-02-04 10:00:00,-2.6,73,23.0
2026-02-04 11:00:00,-2.2,82,96.0
2026-02-04 12:00:00,-1.7,100,129.0
2026-02-04 13:00:00,-1.3,100,104.0
2026-02-04 14:00:00,-1.8,100,115.0
2026-02-04 15:00:00,-1.7,100,86.0
2026-02-04 16:00:00,-1.6,100,54.0
2026-02-04 17:00:00,-1.7,100,43.0
2026-02-04 18:00:00,-1.8,99,8.0
2026-02-04 19:00:00,-1.9,98,0.0
2026-02-04 20:00:00,-2.2,98,0.0
2026-02-04 21:00:00,-2.2,100,0.0
2026-02-04 22:00:00,-2.0,100,0.0
2026-02-04 23:00:00,-1.9,100,0.0
2026-02-05 00:00:00,-1.7,100,0.0
2026-02-05 01:00:00,-1.6,100,0.0
2026-02-05 02:00:00,-2.3,100,0.0
2026-02-05 03:00:00,-2.5,100,0.0
2026-02-05 04:00:00,-2.1,100,0.0
2026-02-05 05:00:00,-1.7,100,0.0
2026-02-05 06:00:00,-1.8,100,0.0
2026-02-05 07:00:00,-1.1,100,0.0
2026-02-05 08:00:00,-1.7,100,0.0
2026-02-05 09:00:00,-2.1,100,0.0
2026-02-05 10:00:00,-1.8,100,7.0
2026-02-05 11:00:00,-1.8,100,24.0
2026-02-05 12:00:00,-1.6,100,43.0
2026-02-05 13:00:00,-1.1,100,63.0
2026-02-05 14:00:00,-1.0,100,32.0
2026-02-05 15:00:00,-1.0,100,37.0
2026-02-05 16:00:00,-1.0,100,20.0
2026-02-05 17:00:00,-1.2,100,10.0
2026-02-05 18:00:00,-1.1,100,3.0
2026-02-05 19:00:00,-1.0,100,0.0
2026-02-05 20:00:00,-1.0,100,0.0
2026-02-05 21:00:00,-0.9,100,0.0
2026-02-05 22:00:00,-0.6,100,0.0
2026-02-05 23:00:00,-0.4,100,0.0
2026-02-06 00:00:00,-0.3,100,0.0
2026-02-06 01:00:00,-0.2,100,0.0
2026-02-06 02:00:00,-0.3,100,0.0
2026-02-06 03:00:00,-0.1,100,0.0
2026-02-06 04:00:00,0.1,100,0.0
2026-02-06 05:00:00,0.1,100,0.0
2026-02-06 06:00:00,0.2,100,0.0
2026-02-06 07:00:00,0.3,100,0.0
2026-02-06 08:00:00,-0.1,100,0.0
2026-02-06 09:00:00,0.1,100,0.0
2026-02-06 10:00:00,0.3,100,13.0
2026-02-06 11:00:00,0.5,100,34.0
2026-02-06 12:00:00,0.7,100,58.0
2026-02-06 13:00:00,0.9,100,103.0
2026-02-06 14:00:00,0.7,100,114.0
2026-02-06 15:00:00,0.8,100,120.0
2026-02-06 16:00:00,0.9,100,109.0
2026-02-06 17:00:00,1.0,100,45.0
2026-02-06 18:00:00,0.9,100,5.0
2026-02-06 19:00:00,1.0,100,0.0
2026-02-06 20:00:00,0.8,100,0.0
2026-02-06 21:00:00,0.8,100,0.0
2026-02-06 22:00:00,0.8,100,0.0
2026-02-06 23:00:00,0.7,100,0.0
2026-02-07 00:00:00,0.7,100,0.0
2026-02-07 01:00:00,0.7,100,0.0
2026-02-07 02:00:00,0.4,100,0.0
2026-02-07 03:00:00,0.5,100,0.0
2026-02-07 04:00:00,0.4,100,0.0
2026-02-07 05:00:00,0.4,100,0.0
2026-02-07 06:00:00,0.5,100,0.0
2026-02-07 07:00:00,0.4,100,0.0
2026-02-07 08:00:00,0.4,100,0.0
2026-02-07 09:00:00,0.3,100,0.0
2026-02-07 10:00:00,0.3,100,11.0
2026-02-07 11:00:00,0.4,100,38.0
2026-02-07 12:00:00,0.5,100,71.0
2026-02-07 13:00:00,0.5,100,97.0
2026-02-07 14:00:00,-0.1,100,94.0
2026-02-07 15:00:00,-0.3,100,53.0
2026-02-07 16:00:00,-0.3,100,41.0
2026-02-07 17:00:00,-0.3,100,28.0
2026-02-07 18:00:00,-0.4,100,7.0
2026-02-07 19:00:00,-0.5,100,0.0
2026-02-07 20:00:00,-0.1,100,0.0
2026-02-07 21:00:00,-0.1,100,0.0
2026-02-07 22:00:00,-0.1,100,0.0
2026-02-07 23:00:00,0.0,100,0.0
2026-02-08 00:00:00,0.0,100,0.0
2026-02-08 01:00:00,-0.1,100,0.0
2026-02-08 02:00:00,-0.7,100,0.0
2026-02-08 03:00:00,-0.7,100,0.0
2026-02-08 04:00:00,-0.8,100,0.0
2026-02-08 05:00:00,-0.9,100,0.0
2026-02-08 06:00:00,-1.0,100,0.0
2026-02-08 07:00:00,-1.0,100,0.0
2026-02-08 08:00:00,-1.5,100,0.0
2026-02-08 09:00:00,-1.3,100,0.0
2026-02-08 10:00:00,-1.2,100,11.0
2026-02-08 11:00:00,-0.8,100,34.0
2026-02-08 12:00:00,-0.7,100,48.0
2026-02-08 13:00:00,-0.5,100,57.0
2026-02-08 14:00:00,0.1,100,67.0
2026-02-08 15:00:00,0.2,100,59.0
2026-02-08 16:00:00,-0.2,100,25.0
2026-02-08 17:00:00,-0.1,100,20.0
2026-02-08 18:00:00,-0.2,100,5.0
2026-02-08 19:00:00,-0.6,100,0.0
2026-02-08 20:00:00,-0.8,100,0.0
2026-02-08 21:00:00,-0.9,100,0.0
2026-02-08 22:00:00,-1.0,100,0.0
2026-02-08 23:00:00,-0.9,100,0.0
2026-02-09 00:00:00,-0.9,100,0.0
2026-02-09 01:00:00,-0.8,100,0.0
2026-02-09 02:00:00,-1.0,100,0.0
2026-02-09 03:00:00,-1.2,100,0.0
2026-02-09 04:00:00,-1.0,100,0.0
2026-02-09 05:00:00,-0.9,100,0.0
2026-02-09 06:00:00,-1.1,100,0.0
2026-02-09 07:00:00,-1.3,100,0.0
2026-02-09 08:00:00,-1.8,100,0.0
2026-02-09 09:00:00,-1.9,100,0.0
2026-02-09 10:00:00,-1.6,100,14.0
2026-02-09 11:00:00,-1.2,100,42.0
2026-02-09 12:00:00,-0.6,100,62.0
2026-02-09 13:00:00,-0.3,100,72.0
2026-02-09 14:00:00,-0.5,100,72.0
2026-02-09 15:00:00,-0.6,100,44.0
2026-02-09 16:00:00,-0.6,100,54.0
2026-02-09 17:00:00,-0.7,100,22.0
2026-02-09 18:00:00,-0.7,100,8.0
2026-02-09 19:00:00,-0.8,100,0.0
2026-02-09 20:00:00,-1.0,100,0.0
2026-02-09 21:00:00,-0.9,100,0.0
2026-02-09 22:00:00,-0.6,100,0.0
2026-02-09 23:00:00,-0.4,100,0.0
2026-02-10 00:00:00,-0.2,100,0.0
2026-02-10 01:00:00,-0.1,100,0.0
2026-02-10 02:00:00,-0.1,100,0.0
2026-02-10 03:00:00,-0.1,100,0.0
2026-02-10 04:00:00,-0.1,100,0.0
2026-02-10 05:00:00,-0.2,100,0.0
2026-02-10 06:00:00,-0.2,100,0.0
2026-02-10 07:00:00,-0.1,100,0.0
2026-02-10 08:00:00,-0.2,100,0.0
2026-02-10 09:00:00,-0.1,100,0.0
2026-02-10 10:00:00,0.0,100,20.0
2026-02-10 11:00:00,0.2,100,58.0
2026-02-10 12:00:00,0.3,100,89.0
2026-02-10 13:00:00,0.4,100,112.0
2026-02-10 14:00:00,0.2,100,113.0
2026-02-10 15:00:00,0.0,100,97.0
2026-02-10 16:00:00,0.0,100,116.0
2026-02-10 17:00:00,-0.1,100,70.0
2026-02-10 18:00:00,-0.2,100,19.0
2026-02-10 19:00:00,-0.5,100,0.0
2026-02-10 20:00:00,-0.4,100,0.0
2026-02-10 21:00:00,-0.5,100,0.0
2026-02-10 22:00:00,-0.4,100,0.0
2026-02-10 23:00:00,-0.4,100,0.0
2026-02-11 00:00:00,-0.3,100,0.0
2026-02-11 01:00:00,-0.2,100,0.0
2026-02-11 02:00:00,-0.2,100,0.0
2026-02-11 03:00:00,-0.1,100,0.0
2026-02-11 04:00:00,-0.1,100,0.0
2026-02-11 05:00:00,0.0,100,0.0
2026-02-11 06:00:00,0.1,100,0.0
2026-02-11 07:00:00,0.2,100,0.0
2026-02-11 08:00:00,0.3,100,0.0
2026-02-11 09:00:00,0.4,100,0.0
2026-02-11 10:00:00,0.4,100,21.0
2026-02-11 11:00:00,0.6,100,58.0
2026-02-11 12:00:00,0.8,100,115.0
2026-02-11 13:00:00,1.0,100,192.0
2026-02-11 14:00:00,0.9,100,177.0
2026-02-11 15:00:00,0.7,100,136.0
2026-02-11 16:00:00,0.7,100,102.0
2026-02-11 17:00:00,0.7,100,40.0
2026-02-11 18:00:00,0.6,100,14.0
2026-02-11 19:00:00,0.5,100,0.0
2026-02-11 20:00:00,0.5,100,0.0
2026-02-11 21:00:00,0.3,100,0.0
2026-02-11 22:00:00,0.0,100,0.0
2026-02-11 23:00:00,-0.3,100,0.0
2026-02-12 00:00:00,-0.6,100,0.0
2026-02-12 01:00:00,-0.8,100,0.0
2026-02-12 02:00:00,-0.9,100,0.0
2026-02-12 03:00:00,-0.8,100,0.0
2026-02-12 04:00:00,-0.7,100,0.0
2026-02-12 05:00:00,-0.6,100,0.0
2026-02-12 06:00:00,-0.6,100,0.0
2026-02-12 07:00:00,-0.5,100,0.0
2026-02-12 08:00:00,-0.5,100,0.0
2026-02-12 09:00:00,-0.3,100,0.0
2026-02-12 10:00:00,-0.2,100,14.0
2026-02-12 11:00:00,0.1,100,29.0
2026-02-12 12:00:00,0.2,100,52.0
2026-02-12 13:00:00,0.2,100,79.0
2026-02-12 14:00:00,0.1,100,114.0
2026-02-12 15:00:00,0.0,100,80.0
2026-02-12 16:00:00,-0.1,100,53.0
2026-02-12 17:00:00,-0.1,100,39.0
2026-02-12 18:00:00,-0.2,100,8.0
2026-02-12 19:00:00,-0.3,100,0.0
2026-02-12 20:00:00,-0.6,100,0.0
2026-02-12 21:00:00,-0.5,100,0.0
2026-02-12 22:00:00,-0.4,100,0.0
2026-02-12 23:00:00,-0.4,100,0.0
2026-02-13 00:00:00,-0.6,100,0.0
2026-02-13 01:00:00,-1.1,100,0.0
2026-02-13 02:00:00,-1.5,100,0.0
2026-02-13 03:00:00,-1.5,100,0.0
2026-02-13 04:00:00,-1.7,100,0.0
2026-02-13 05:00:00,-1.8,99,0.0
2026-02-13 06:00:00,-1.8,100,0.0
2026-02-13 07:00:00,-2.0,99,0.0
2026-02-13 08:00:00,-2.3,100,0.0
2026-02-13 09:00:00,-2.4,100,1.0
2026-02-13 10:00:00,-2.4,100,15.0
2026-02-13 11:00:00,-2.3,100,58.0
2026-02-13 12:00:00,-2.2,100,124.0
2026-02-13 13:00:00,-2.0,100,165.0
2026-02-13 14:00:00,-2.3,100,158.0
2026-02-13 15:00:00,-2.4,100,151.0
2026-02-13 16:00:00,-2.2,100,130.0
2026-02-13 17:00:00,-2.0,100,72.0
2026-02-13 18:00:00,-1.9,100,22.0
2026-02-13 19:00:00,-1.8,100,0.0
2026-02-13 20:00:00,-1.8,100,0.0
2026-02-13 21:00:00,-2.0,100,0.0
2026-02-13 22:00:00,-2.2,100,0.0
2026-02-13 23:00:00,-2.1,100,0.0
2026-02-14 00:00:00,-2.3,100,0.0
2026-02-14 01:00:00,-2.5,100,0.0
2026-02-14 02:00:00,-3.1,100,0.0
2026-02-14 03:00:00,-3.3,100,0.0
2026-02-14 04:00:00,-3.5,100,0.0
2026-02-14 05:00:00,-3.6,100,0.0
2026-02-14 06:00:00,-3.7,100,0.0
2026-02-14 07:00:00,-3.8,100,0.0
2026-02-14 08:00:00,-4.4,100,0.0
2026-02-14 09:00:00,-4.6,100,2.0
2026-02-14 10:00:00,-4.3,100,50.0
2026-02-14 11:00:00,-4.0,100,142.0
2026-02-14 12:00:00,-3.6,100,247.0
2026-02-14 13:00:00,-3.1,40,291.0
2026-02-14 14:00:00,-2.3,5,355.0
2026-02-14 15:00:00,-2.1,30,336.0
2026-02-14 16:00:00,-2.2,44,248.0
2026-02-14 17:00:00,-2.3,99,147.0
2026-02-14 18:00:00,-2.6,95,33.0
2026-02-14 19:00:00,-2.6,98,0.0
2026-02-14 20:00:00,-2.6,100,0.0
2026-02-14 21:00:00,-2.6,95,0.0
2026-02-14 22:00:00,-2.7,88,0.0
2026-02-14 23:00:00,-2.8,71,0.0
2026-02-15 00:00:00,-3.2,69,0.0
2026-02-15 01:00:00,-3.8,69,0.0
2026-02-15 02:00:00,-5.2,0,0.0
2026-02-15 03:00:00,-5.5,3,0.0
2026-02-15 04:00:00,-5.7,27,0.0
2026-02-15 05:00:00,-6.0,47,0.0
2026-02-15 06:00:00,-6.2,51,0.0
2026-02-15 07:00:00,-5.8,41,0.0
2026-02-15 08:00:00,-6.0,27,0.0
2026-02-15 09:00:00,-7.1,9,3.0
2026-02-15 10:00:00,-4.7,0,76.0
2026-02-15 11:00:00,-3.4,13,193.0
2026-02-15 12:00:00,-2.6,77,289.0
2026-02-15 13:00:00,-2.4,88,347.0
2026-02-15 14:00:00,-1.5,100,367.0
2026-02-15 15:00:00,-1.9,100,330.0
2026-02-15 16:00:00,-1.8,100,171.0
2026-02-15 17:00:00,-2.1,99,76.0
2026-02-15 18:00:00,-2.2,95,48.0
2026-02-15 19:00:00,-2.3,100,0.0
2026-02-15 20:00:00,-2.1,95,0.0
2026-02-15 21:00:00,-1.8,52,0.0
2026-02-15 22:00:00,-1.7,32,0.0
2026-02-15 23:00:00,-1.9,35,0.0
2026-02-16 00:00:00,-1.9,88,0.0
2026-02-16 01:00:00,-1.9,100,0.0
2026-02-16 02:00:00,-2.0,100,0.0
2026-02-16 03:00:00,-2.3,100,0.0
2026-02-16 04:00:00,-2.3,100,0.0
2026-02-16 05:00:00,-2.5,100,0.0
2026-02-16 06:00:00,-2.6,100,0.0
2026-02-16 07:00:00,-2.6,100,0.0
2026-02-16 08:00:00,-2.8,100,0.0
2026-02-16 09:00:00,-2.8,100,2.0
2026-02-16 10:00:00,-2.7,100,34.0
2026-02-16 11:00:00,-2.5,100,80.0
2026-02-16 12:00:00,-2.2,100,129.0
2026-02-16 13:00:00,-2.2,100,178.0
2026-02-16 14:00:00,-2.3,100,187.0
2026-02-16 15:00:00,-2.2,100,193.0
2026-02-16 16:00:00,-2.4,100,138.0
2026-02-16 17:00:00,-2.6,100,90.0
2026-02-16 18:00:00,-2.6,100,37.0
2026-02-16 19:00:00,-2.7,100,1.0
2026-02-16 20:00:00,-2.7,100,0.0
2026-02-16 21:00:00,-2.7,100,0.0
2026-02-16 22:00:00,-2.7,100,0.0
2026-02-16 23:00:00,-2.7,100,0.0
2026-02-17 00:00:00,-2.8,100,0.0
2026-02-17 01:00:00,-2.9,100,0.0
2026-02-17 02:00:00,-3.1,100,0.0
2026-02-17 03:00:00,-3.3,100,0.0
2026-02-17 04:00:00,-3.4,100,0.0
2026-02-17 05:00:00,-3.7,100,0.0
2026-02-17 06:00:00,-3.8,100,0.0
2026-02-17 07:00:00,-4.1,100,0.0
2026-02-17 08:00:00,-4.1,100,0.0
2026-02-17 09:00:00,-4.0,100,5.0
2026-02-17 10:00:00,-3.6,100,67.0
2026-02-17 11:00:00,-2.9,100,173.0
2026-02-17 12:00:00,-2.1,100,260.0
2026-02-17 13:00:00,-1.5,100,306.0
2026-02-17 14:00:00,-1.8,100,302.0
2026-02-17 15:00:00,-1.3,100,280.0
2026-02-17 16:00:00,-1.3,100,243.0
2026-02-17 17:00:00,-1.6,100,148.0
2026-02-17 18:00:00,-2.0,100,42.0
2026-02-17 19:00:00,-2.3,99,1.0
2026-02-17 20:00:00,-2.6,91,0.0
2026-02-17 21:00:00,-2.9,99,0.0
2026-02-17 22:00:00,-2.9,100,0.0
2026-02-17 23:00:00,-3.2,100,0.0
2026-02-18 00:00:00,-3.6,94,0.0
2026-02-18 01:00:00,-4.1,56,0.0
2026-02-18 02:00:00,-4.5,31,0.0
2026-02-18 03:00:00,-5.0,30,0.0
2026-02-18 04:00:00,-5.4,81,0.0
2026-02-18 05:00:00,-5.8,100,0.0
2026-02-18 06:00:00,-6.1,95,0.0
2026-02-18 07:00:00,-6.4,100,0.0
2026-02-18 08:00:00,-6.9,13,0.0
2026-02-18 09:00:00,-7.7,25,7.0
2026-02-18 10:00:00,-7.1,63,91.0
2026-02-18 11:00:00,-5.5,96,181.0
2026-02-18 12:00:00,-4.0,100,177.0
2026-02-18 13:00:00,-3.0,100,239.0
2026-02-18 14:00:00,-1.6,100,217.0
2026-02-18 15:00:00,-1.5,100,137.0
2026-02-18 16:00:00,-1.5,100,110.0
2026-02-18 17:00:00,-1.2,100,126.0
2026-02-18 18:00:00,-1.2,100,30.0
2026-02-18 19:00:00,-1.2,100,1.0
2026-02-18 20:00:00,-1.6,65,0.0
2026-02-18 21:00:00,-2.0,0,0.0
2026-02-18 22:00:00,-2.9,1,0.0
2026-02-18 23:00:00,-3.3,20,0.0
2026-02-19 00:00:00,-3.4,72,0.0
2026-02-19 01:00:00,-3.3,100,0.0
2026-02-19 02:00:00,-2.2,100,0.0
2026-02-19 03:00:00,-1.7,3,0.0
2026-02-19 04:00:00,-2.2,38,0.0
2026-02-19 05:00:00,-2.3,100,0.0
2026-02-19 06:00:00,-1.8,55,0.0
2026-02-19 07:00:00,-2.4,4,0.0
2026-02-19 08:00:00,-3.2,4,0.0
2026-02-19 09:00:00,-4.0,13,9.0
2026-02-19 10:00:00,-3.9,2,97.0
2026-02-19 11:00:00,-3.9,0,220.0
2026-02-19 12:00:00,-3.8,0,321.0
2026-02-19 13:00:00,-3.2,0,386.0
2026-02-19 14:00:00,-2.2,0,405.0
2026-02-19 15:00:00,-2.3,0,376.0
2026-02-19 16:00:00,-2.4,0,305.0
2026-02-19 17:00:00,-2.6,0,199.0
2026-02-19 18:00:00,-3.2,0,77.0
2026-02-19 19:00:00,-3.7,0,3.0
2026-02-19 20:00:00,-4.1,0,0.0
2026-02-19 21:00:00,-4.3,0,0.0
2026-02-19 22:00:00,-5.3,0,0.0
2026-02-19 23:00:00,-6.5,16,0.0
2026-02-20 00:00:00,-7.2,34,0.0
2026-02-20 01:00:00,-5.4,77,0.0
2026-02-20 02:00:00,-6.4,100,0.0
2026-02-20 03:00:00,-6.5,100,0.0
2026-02-20 04:00:00,-6.1,100,0.0
2026-02-20 05:00:00,-6.0,100,0.0
2026-02-20 06:00:00,-5.5,100,0.0
2026-02-20 07:00:00,-3.8,100,0.0
2026-02-20 08:00:00,-3.1,100,0.0
2026-02-20 09:00:00,-2.5,100,7.0
2026-02-20 10:00:00,-2.5,100,65.0
2026-02-20 11:00:00,-2.3,100,155.0
2026-02-20 12:00:00,-2.1,100,216.0
2026-02-20 13:00:00,-2.1,100,281.0
2026-02-20 14:00:00,-1.7,100,305.0
2026-02-20 15:00:00,-1.9,100,293.0
2026-02-20 16:00:00,-1.7,100,260.0
2026-02-20 17:00:00,-1.6,100,179.0
2026-02-20 18:00:00,-1.2,100,51.0
2026-02-20 19:00:00,-0.9,100,3.0
2026-02-20 20:00:00,-0.3,100,0.0
2026-02-20 21:00:00,-0.4,100,0.0
2026-02-20 22:00:00,-0.5,100,0.0
2026-02-20 23:00:00,-0.2,100,0.0
2026-02-21 00:00:00,0.1,100,0.0
2026-02-21 01:00:00,0.2,100,0.0
2026-02-21 02:00:00,0.4,100,0.0
2026-02-21 03:00:00,0.4,100,0.0
2026-02-21 04:00:00,0.8,100,0.0
2026-02-21 05:00:00,1.0,100,0.0
2026-02-21 06:00:00,1.1,100,0.0
2026-02-21 07:00:00,0.8,100,0.0
2026-02-21 08:00:00,1.2,100,0.0
2026-02-21 09:00:00,1.3,100,2.0
2026-02-21 10:00:00,1.4,100,12.0
2026-02-21 11:00:00,1.9,100,64.0
2026-02-21 12:00:00,2.2,100,82.0
2026-02-21 13:00:00,2.9,100,45.0
2026-02-21 14:00:00,3.5,100,161.0
2026-02-21 15:00:00,3.7,100,183.0
2026-02-21 16:00:00,3.6,100,90.0
2026-02-21 17:00:00,3.5,100,28.0
2026-02-21 18:00:00,3.2,100,14.0
2026-02-21 19:00:00,2.9,100,1.0
2026-02-21 20:00:00,2.9,94,0.0
2026-02-21 21:00:00,2.3,73,0.0
2026-02-21 22:00:00,1.9,94,0.0
2026-02-21 23:00:00,1.6,100,0.0
2026-02-22 00:00:00,1.5,100,0.0
2026-02-22 01:00:00,1.5,100,0.0
2026-02-22 02:00:00,1.5,100,0.0
2026-02-22 03:00:00,1.0,100,0.0
2026-02-22 04:00:00,0.5,100,0.0
2026-02-22 05:00:00,0.1,100,0.0
2026-02-22 06:00:00,-0.1,100,0.0
2026-02-22 07:00:00,-0.3,100,0.0
2026-02-22 08:00:00,0.7,100,0.0
2026-02-22 09:00:00,0.7,100,4.0
2026-02-22 10:00:00,0.7,100,18.0
2026-02-22 11:00:00,0.6,100,26.0
2026-02-22 12:00:00,0.7,100,47.0
2026-02-22 13:00:00,1.1,100,43.0
2026-02-22 14:00:00,1.2,100,66.0
2026-02-22 15:00:00,1.4,100,61.0
2026-02-22 16:00:00,1.5,100,60.0
2026-02-22 17:00:00,1.5,100,43.0
2026-02-22 18:00:00,1.4,100,19.0
2026-02-22 19:00:00,1.2,100,1.0
2026-02-22 20:00:00,1.4,100,0.0
2026-02-22 21:00:00,1.4,100,0.0
2026-02-22 22:00:00,1.2,100,0.0
2026-02-22 23:00:00,1.2,100,0.0
2026-02-23 00:00:00,2.4,100,0.0
2026-02-23 01:00:00,3.3,100,0.0
2026-02-23 02:00:00,2.9,100,0.0
2026-02-23 03:00:00,2.6,100,0.0
2026-02-23 04:00:00,2.6,100,0.0
2026-02-23 05:00:00,2.5,100,0.0
2026-02-23 06:00:00,2.5,100,0.0
2026-02-23 07:00:00,2.5,100,0.0
2026-02-23 08:00:00,2.7,100,0.0
2026-02-23 09:00:00,2.8,100,7.0
2026-02-23 10:00:00,3.1,100,44.0
2026-02-23 11:00:00,3.2,100,35.0
2026-02-23 12:00:00,4.2,100,135.0
2026-02-23 13:00:00,5.1,100,146.0
2026-02-23 14:00:00,4.7,100,216.0
2026-02-23 15:00:00,5.1,100,171.0
2026-02-23 16:00:00,4.9,100,105.0
2026-02-23 17:00:00,4.8,100,48.0
2026-02-23 18:00:00,4.7,100,29.0
2026-02-23 19:00:00,4.5,100,2.0
2026-02-23 20:00:00,3.5,99,0.0
2026-02-23 21:00:00,2.7,83,0.0
2026-02-23 22:00:00,2.4,81,0.0
2026-02-23 23:00:00,2.4,83,0.0
2026-02-24 00:00:00,2.2,100,0.0
2026-02-24 01:00:00,2.3,100,0.0
2026-02-24 02:00:00,3.2,45,0.0
2026-02-24 03:00:00,2.3,65,0.0
2026-02-24 04:00:00,2.3,100,0.0
2026-02-24 05:00:00,2.4,100,0.0
2026-02-24 06:00:00,2.3,100,0.0
2026-02-24 07:00:00,2.3,100,0.0
2026-02-24 08:00:00,1.8,100,0.0
2026-02-24 09:00:00,1.7,100,6.0
2026-02-24 10:00:00,2.0,100,33.0
2026-02-24 11:00:00,2.2,100,60.0
2026-02-24 12:00:00,2.8,88,123.0
2026-02-24 13:00:00,4.1,88,327.0
2026-02-24 14:00:00,3.4,100,350.0
2026-02-24 15:00:00,3.4,100,184.0
2026-02-24 16:00:00,3.1,100,128.0
2026-02-24 17:00:00,2.5,100,64.0
2026-02-24 18:00:00,2.0,100,37.0
2026-02-24 19:00:00,1.7,100,2.0
2026-02-24 20:00:00,1.3,100,0.0
2026-02-24 21:00:00,0.8,100,0.0
2026-02-24 22:00:00,0.4,100,0.0
2026-02-24 23:00:00,0.2,100,0.0
2026-02-25 00:00:00,-0.1,100,0.0
2026-02-25 01:00:00,0.1,100,0.0
2026-02-25 02:00:00,-0.2,99,0.0
2026-02-25 03:00:00,-0.1,100,0.0
2026-02-25 04:00:00,0.0,100,0.0
2026-02-25 05:00:00,0.3,100,0.0
2026-02-25 06:00:00,0.3,100,0.0
2026-02-25 07:00:00,0.4,100,0.0
2026-02-25 08:00:00,0.6,100,0.0
2026-02-25 09:00:00,0.6,100,6.0
2026-02-25 10:00:00,0.9,100,37.0
2026-02-25 11:00:00,1.2,100,87.0
2026-02-25 12:00:00,1.2,100,79.0
2026-02-25 13:00:00,1.3,100,79.0
2026-02-25 14:00:00,1.0,100,73.0
2026-02-25 15:00:00,1.1,100,77.0
2026-02-25 16:00:00,1.1,100,89.0
2026-02-25 17:00:00,1.0,100,39.0
2026-02-25 18:00:00,1.0,100,19.0
2026-02-25 19:00:00,1.1,100,3.0
2026-02-25 20:00:00,1.3,100,0.0
2026-02-25 21:00:00,1.7,43,0.0
2026-02-25 22:00:00,1.7,13,0.0
2026-02-25 23:00:00,1.9,14,0.0
2026-02-26 00:00:00,2.0,14,0.0
2026-02-26 01:00:00,2.1,2,0.0
2026-02-26 02:00:00,2.4,1,0.0
2026-02-26 03:00:00,2.6,2,0.0
2026-02-26 04:00:00,2.9,5,0.0
2026-02-26 05:00:00,3.2,0,0.0
2026-02-26 06:00:00,3.2,95,0.0
2026-02-26 07:00:00,3.1,99,0.0
2026-02-26 08:00:00,3.1,36,0.0
2026-02-26 09:00:00,3.6,8,22.0
2026-02-26 10:00:00,4.2,84,121.0
2026-02-26 11:00:00,4.8,98,197.0
2026-02-26 12:00:00,5.9,100,244.0
2026-02-26 13:00:00,6.6,100,263.0
2026-02-26 14:00:00,7.1,94,225.0
2026-02-26 15:00:00,8.1,55,256.0
2026-02-26 16:00:00,9.3,93,258.0
2026-02-26 17:00:00,9.2,100,174.0
2026-02-26 18:00:00,8.8,100,64.0
2026-02-26 19:00:00,8.4,100,6.0
2026-02-26 20:00:00,8.3,100,0.0
2026-02-26 21:00:00,8.2,100,0.0
2026-02-26 22:00:00,8.3,100,0.0
2026-02-26 23:00:00,8.1,100,0.0
2026-02-27 00:00:00,8.1,100,0.0
2026-02-27 01:00:00,7.6,100,0.0
2026-02-27 02:00:00,7.5,100,0.0
2026-02-27 03:00:00,6.5,100,0.0
2026-02-27 04:00:00,6.7,100,0.0
2026-02-27 05:00:00,7.3,100,0.0
2026-02-27 06:00:00,6.9,100,0.0
2026-02-27 07:00:00,6.8,100,0.0
2026-02-27 08:00:00,7.3,100,0.0
2026-02-27 09:00:00,7.3,100,5.0
2026-02-27 10:00:00,7.3,100,23.0
2026-02-27 11:00:00,7.5,99,42.0
2026-02-27 12:00:00,8.8,100,180.0
2026-02-27 13:00:00,9.9,92,225.0
2026-02-27 14:00:00,10.4,98,277.0
2026-02-27 15:00:00,10.5,100,225.0
2026-02-27 16:00:00,9.7,100,56.0
2026-02-27 17:00:00,9.4,100,30.0
2026-02-27 18:00:00,9.3,100,23.0
2026-02-27 19:00:00,9.0,100,2.0
2026-02-27 20:00:00,9.1,100,0.0
2026-02-27 21:00:00,8.8,100,0.0
2026-02-27 22:00:00,8.3,100,0.0
2026-02-27 23:00:00,7.6,100,0.0
2026-02-28 00:00:00,6.5,100,0.0
2026-02-28 01:00:00,6.2,100,0.0
2026-02-28 02:00:00,6.7,100,0.0
2026-02-28 03:00:00,6.0,100,0.0
2026-02-28 04:00:00,5.4,100,0.0
2026-02-28 05:00:00,5.0,100,0.0
2026-02-28 06:00:00,5.0,100,0.0
2026-02-28 07:00:00,5.1,100,0.0
2026-02-28 08:00:00,6.4,100,0.0
2026-02-28 09:00:00,6.5,100,9.0
2026-02-28 10:00:00,6.6,100,30.0
2026-02-28 11:00:00,7.7,100,132.0
2026-02-28 12:00:00,7.9,100,161.0
2026-02-28 13:00:00,8.0,100,196.0
2026-02-28 14:00:00,7.9,100,118.0
2026-02-28 15:00:00,7.4,100,62.0
2026-02-28 16:00:00,7.7,100,86.0
2026-02-28 17:00:00,8.7,100,70.0
2026-02-28 18:00:00,8.9,100,32.0
2026-02-28 19:00:00,8.2,89,8.0
2026-02-28 20:00:00,8.4,91,0.0
2026-02-28 21:00:00,6.9,4,0.0
2026-02-28 22:00:00,6.6,26,0.0
2026-02-28 23:00:00,7.2,20,0.0
2026-03-01 00:00:00,6.9,4,0.0
2026-03-01 01:00:00,7.0,9,0.0
2026-03-01 02:00:00,7.4,100,0.0
2026-03-01 03:00:00,7.0,100,0.0
2026-03-01 04:00:00,5.7,100,0.0
2026-03-01 05:00:00,5.2,100,0.0
2026-03-01 06:00:00,4.8,100,0.0
2026-03-01 07:00:00,3.7,100,0.0
2026-03-01 08:00:00,3.8,100,0.0
2026-03-01 09:00:00,3.7,100,15.0
2026-03-01 10:00:00,3.8,15,96.0
2026-03-01 11:00:00,4.7,52,261.0
2026-03-01 12:00:00,5.5,68,299.0
2026-03-01 13:00:00,6.3,5,368.0
2026-03-01 14:00:00,7.1,36,437.0
2026-03-01 15:00:00,7.2,71,383.0
2026-03-01 16:00:00,6.3,38,218.0
2026-03-01 17:00:00,6.3,41,191.0
2026-03-01 18:00:00,5.9,2,87.0
2026-03-01 19:00:00,5.2,0,15.0
2026-03-01 20:00:00,5.3,3,0.0
2026-03-01 21:00:00,4.9,98,0.0
2026-03-01 22:00:00,5.1,47,0.0
2026-03-01 23:00:00,4.5,84,0.0
2026-03-02 00:00:00,4.5,100,0.0
2026-03-02 01:00:00,5.1,95,0.0
2026-03-02 02:00:00,5.5,100,0.0
2026-03-02 03:00:00,5.7,95,0.0
2026-03-02 04:00:00,5.6,100,0.0
2026-03-02 05:00:00,5.7,100,0.0
2026-03-02 06:00:00,5.4,100,0.0
2026-03-02 07:00:00,5.5,100,0.0
2026-03-02 08:00:00,5.7,100,0.0
2026-03-02 09:00:00,5.7,100,13.0
2026-03-02 10:00:00,6.1,100,85.0
2026-03-02 11:00:00,6.3,100,71.0
2026-03-02 12:00:00,6.7,100,75.0
2026-03-02 13:00:00,7.5,100,127.0
2026-03-02 14:00:00,8.5,100,83.0
2026-03-02 15:00:00,8.9,83,274.0
2026-03-02 16:00:00,9.1,85,267.0
2026-03-02 17:00:00,8.0,50,168.0
2026-03-02 18:00:00,6.6,7,92.0
2026-03-02 19:00:00,5.3,19,16.0
2026-03-02 20:00:00,5.7,83,0.0
2026-03-02 21:00:00,5.8,100,0.0
2026-03-02 22:00:00,5.9,5,0.0
2026-03-02 23:00:00,5.4,78,0.0
2026-03-03 00:00:00,5.1,96,0.0
2026-03-03 01:00:00,4.9,59,0.0
2026-03-03 02:00:00,4.4,84,0.0
2026-03-03 03:00:00,4.0,77,0.0
2026-03-03 04:00:00,4.0,100,0.0
2026-03-03 05:00:00,4.1,100,0.0
2026-03-03 06:00:00,4.1,90,0.0
2026-03-03 07:00:00,4.1,56,0.0
2026-03-03 08:00:00,4.2,100,0.0
2026-03-03 09:00:00,4.5,85,34.0
2026-03-03 10:00:00,5.4,51,148.0
2026-03-03 11:00:00,6.7,20,262.0
2026-03-03 12:00:00,8.3,7,357.0
2026-03-03 13:00:00,9.9,3,428.0
2026-03-03 14:00:00,11.4,20,442.0
2026-03-03 15:00:00,12.0,27,411.0
2026-03-03 16:00:00,11.0,2,332.0
2026-03-03 17:00:00,9.2,13,238.0
2026-03-03 18:00:00,8.2,1,114.0
2026-03-03 19:00:00,6.8,10,19.0
2026-03-03 20:00:00,6.1,92,0.0
2026-03-03 21:00:00,5.4,40,0.0
2026-03-03 22:00:00,4.8,2,0.0
2026-03-03 23:00:00,4.4,0,0.0
2026-03-04 00:00:00,4.0,0,0.0
2026-03-04 01:00:00,3.6,0,0.0
2026-03-04 02:00:00,3.3,0,0.0
2026-03-04 03:00:00,2.9,0,0.0
2026-03-04 04:00:00,2.7,0,0.0
2026-03-04 05:00:00,2.6,0,0.0
2026-03-04 06:00:00,2.4,1,0.0
2026-03-04 07:00:00,2.4,0,0.0
2026-03-04 08:00:00,2.5,9,0.0
2026-03-04 09:00:00,2.8,24,44.0
2026-03-04 10:00:00,3.9,51,161.0
2026-03-04 11:00:00,5.2,51,270.0
2026-03-04 12:00:00,6.2,52,325.0
2026-03-04 13:00:00,6.9,47,388.0
2026-03-04 14:00:00,7.3,5,405.0
2026-03-04 15:00:00,7.6,2,429.0
2026-03-04 16:00:00,7.6,23,360.0
2026-03-04 17:00:00,7.4,0,254.0
2026-03-04 18:00:00,6.8,5,129.0
2026-03-04 19:00:00,5.7,24,22.0
2026-03-04 20:00:00,5.7,26,0.0
2026-03-04 21:00:00,4.8,84,0.0
2026-03-04 22:00:00,4.1,73,0.0
2026-03-04 23:00:00,3.6,6,0.0
2026-03-05 00:00:00,3.0,35,0.0
2026-03-05 01:00:00,2.5,6,0.0
2026-03-05 02:00:00,1.5,8,0.0
2026-03-05 03:00:00,1.0,2,0.0
2026-03-05 04:00:00,0.1,0,0.0
2026-03-05 05:00:00,-0.7,0,0.0
2026-03-05 06:00:00,-0.7,0,0.0
2026-03-05 07:00:00,-0.4,0,0.0
2026-03-05 08:00:00,-0.4,0,0.0
2026-03-05 09:00:00,0.8,0,51.0
2026-03-05 10:00:00,2.2,1,175.0
2026-03-05 11:00:00,3.1,9,300.0
2026-03-05 12:00:00,3.8,84,397.0
2026-03-05 13:00:00,3.9,88,452.0
2026-03-05 14:00:00,3.8,99,460.0
2026-03-05 15:00:00,3.3,100,411.0
2026-03-05 16:00:00,2.6,100,337.0
2026-03-05 17:00:00,1.6,100,209.0
2026-03-05 18:00:00,0.6,100,99.0
2026-03-05 19:00:00,0.0,100,15.0
2026-03-05 20:00:00,1.0,100,0.0
2026-03-05 21:00:00,1.0,98,0.0
2026-03-05 22:00:00,0.7,84,0.0
2026-03-05 23:00:00,1.2,54,0.0
2026-03-06 00:00:00,1.9,21,0.0
2026-03-06 01:00:00,2.5,9,0.0
2026-03-06 02:00:00,1.6,6,0.0
2026-03-06 03:00:00,1.8,0,0.0
2026-03-06 04:00:00,1.9,0,0.0
2026-03-06 05:00:00,1.9,0,0.0
2026-03-06 06:00:00,2.0,0,0.0
2026-03-06 07:00:00,2.0,0,0.0
2026-03-06 08:00:00,1.7,0,0.0
2026-03-06 09:00:00,2.4,0,55.0
2026-03-06 10:00:00,3.3,0,180.0
2026-03-06 11:00:00,4.2,0,305.0
2026-03-06 12:00:00,4.7,0,403.0
2026-03-06 13:00:00,4.7,0,464.0
2026-03-06 14:00:00,5.3,0,480.0
2026-03-06 15:00:00,5.4,0,450.0
2026-03-06 16:00:00,5.5,0,377.0
2026-03-06 17:00:00,5.6,25,270.0
2026-03-06 18:00:00,5.1,100,141.0
2026-03-06 19:00:00,4.4,98,24.0
2026-03-06 20:00:00,4.9,97,0.0
2026-03-06 21:00:00,4.4,99,0.0
2026-03-06 22:00:00,4.3,100,0.0
2026-03-06 23:00:00,4.4,100,0.0
2026-03-07 00:00:00,4.3,26,0.0
2026-03-07 01:00:00,4.1,7,0.0
2026-03-07 02:00:00,2.7,1,0.0
2026-03-07 03:00:00,2.0,24,0.0
2026-03-07 04:00:00,1.8,18,0.0
2026-03-07 05:00:00,1.6,100,0.0
2026-03-07 06:00:00,2.6,91,0.0
2026-03-07 07:00:00,2.2,80,0.0
2026-03-07 08:00:00,1.9,100,1.0
2026-03-07 09:00:00,2.8,100,46.0
2026-03-07 10:00:00,3.5,85,132.0
2026-03-07 11:00:00,4.3,98,244.0
2026-03-07 12:00:00,4.8,100,325.0
2026-03-07 13:00:00,5.1,100,353.0
2026-03-07 14:00:00,5.4,99,202.0
2026-03-07 15:00:00,5.7,97,291.0
2026-03-07 16:00:00,5.7,98,296.0
2026-03-07 17:00:00,5.4,98,203.0
2026-03-07 18:00:00,4.7,99,123.0
2026-03-07 19:00:00,4.1,99,24.0
2026-03-07 20:00:00,5.5,94,0.0
2026-03-07 21:00:00,5.4,76,0.0
2026-03-07 22:00:00,4.5,27,0.0
2026-03-07 23:00:00,3.2,5,0.0
2026-03-08 00:00:00,3.7,24,0.0
2026-03-08 01:00:00,3.8,20,0.0
2026-03-08 02:00:00,3.9,72,0.0
2026-03-08 03:00:00,4.1,50,0.0
2026-03-08 04:00:00,4.3,92,0.0
2026-03-08 05:00:00,4.6,22,0.0
2026-03-08 06:00:00,4.4,66,0.0
2026-03-08 07:00:00,4.3,100,0.0
2026-03-08 08:00:00,4.7,95,1.0
2026-03-08 09:00:00,5.1,95,52.0
2026-03-08 10:00:00,5.4,98,104.0
2026-03-08 11:00:00,6.0,98,227.0
2026-03-08 12:00:00,6.2,100,232.0
2026-03-08 13:00:00,5.7,100,91.0
2026-03-08 14:00:00,6.0,100,220.0
2026-03-08 15:00:00,6.7,38,243.0
2026-03-08 16:00:00,7.1,24,362.0
2026-03-08 17:00:00,6.4,98,261.0
2026-03-08 18:00:00,6.1,100,116.0
2026-03-08 19:00:00,5.7,70,24.0
2026-03-08 20:00:00,5.9,100,0.0
2026-03-08 21:00:00,5.5,100,0.0
2026-03-08 22:00:00,5.1,100,0.0
2026-03-08 23:00:00,5.2,97,0.0
2026-03-09 00:00:00,5.0,66,0.0
2026-03-09 01:00:00,4.8,100,0.0
2026-03-09 02:00:00,5.0,93,0.0
2026-03-09 03:00:00,4.7,93,0.0
2026-03-09 04:00:00,4.5,100,0.0
2026-03-09 05:00:00,4.4,100,0.0
2026-03-09 06:00:00,4.2,99,0.0
2026-03-09 07:00:00,4.1,91,0.0
2026-03-09 08:00:00,3.9,95,1.0
2026-03-09 09:00:00,4.2,86,53.0
2026-03-09 10:00:00,4.9,2,173.0
2026-03-09 11:00:00,5.7,5,325.0
2026-03-09 12:00:00,6.1,2,424.0
2026-03-09 13:00:00,6.2,2,485.0
2026-03-09 14:00:00,6.9,6,500.0
2026-03-09 15:00:00,6.9,7,470.0
2026-03-09 16:00:00,6.8,19,396.0
2026-03-09 17:00:00,6.3,15,286.0
2026-03-09 18:00:00,5.6,0,157.0
2026-03-09 19:00:00,4.7,0,37.0
2026-03-09 20:00:00,4.9,0,0.0
2026-03-09 21:00:00,4.5,1,0.0
2026-03-09 22:00:00,4.2,0,0.0
2026-03-09 23:00:00,4.0,10,0.0
2026-03-10 00:00:00,3.8,32,0.0
2026-03-10 01:00:00,3.5,42,0.0
2026-03-10 02:00:00,3.0,1,0.0
2026-03-10 03:00:00,2.9,15,0.0
2026-03-10 04:00:00,2.8,10,0.0
2026-03-10 05:00:00,2.7,2,0.0
2026-03-10 06:00:00,2.6,2,0.0
2026-03-10 07:00:00,2.3,0,0.0
2026-03-10 08:00:00,1.9,0,2.0
2026-03-10 09:00:00,2.7,0,73.0
2026-03-10 10:00:00,3.5,0,201.0
2026-03-10 11:00:00,4.6,0,326.0
2026-03-10 12:00:00,5.8,0,424.0
2026-03-10 13:00:00,7.1,1,484.0
2026-03-10 14:00:00,8.2,2,497.0
2026-03-10 15:00:00,8.6,1,463.0
2026-03-10 16:00:00,9.0,25,387.0
2026-03-10 17:00:00,9.2,11,278.0
2026-03-10 18:00:00,8.5,27,151.0
2026-03-10 19:00:00,7.2,73,36.0
2026-03-10 20:00:00,6.5,33,0.0
2026-03-10 21:00:00,5.6,28,0.0
2026-03-10 22:00:00,5.0,4,0.0
2026-03-10 23:00:00,4.5,5,0.0
2026-03-11 00:00:00,4.5,6,0.0
2026-03-11 01:00:00,4.3,40,0.0
2026-03-11 02:00:00,3.6,100,0.0
2026-03-11 03:00:00,4.3,97,0.0
2026-03-11 04:00:00,5.8,49,0.0
2026-03-11 05:00:00,5.9,100,0.0
2026-03-11 06:00:00,5.8,100,0.0
2026-03-11 07:00:00,5.8,100,0.0
2026-03-11 08:00:00,6.2,100,1.0
2026-03-11 09:00:00,6.5,100,26.0
2026-03-11 10:00:00,6.9,100,106.0
2026-03-11 11:00:00,7.3,100,136.0
2026-03-11 12:00:00,7.2,81,182.0
2026-03-11 13:00:00,9.1,37,421.0
2026-03-11 14:00:00,8.9,53,461.0
2026-03-11 15:00:00,8.6,100,415.0
2026-03-11 16:00:00,8.8,100,310.0
2026-03-11 17:00:00,7.8,100,202.0
2026-03-11 18:00:00,7.6,100,45.0
2026-03-11 19:00:00,7.0,100,16.0
2026-03-11 20:00:00,7.5,100,0.0
2026-03-11 21:00:00,7.8,100,0.0
2026-03-11 22:00:00,7.5,100,0.0
2026-03-11 23:00:00,7.6,100,0.0
2026-03-12 00:00:00,7.5,100,0.0
2026-03-12 01:00:00,7.4,100,0.0
2026-03-12 02:00:00,6.8,100,0.0
2026-03-12 03:00:00,5.9,97,0.0
2026-03-12 04:00:00,5.1,75,0.0
2026-03-12 05:00:00,4.6,0,0.0
2026-03-12 06:00:00,4.1,0,0.0
2026-03-12 07:00:00,3.8,0,0.0
2026-03-12 08:00:00,4.1,0,4.0
2026-03-12 09:00:00,4.7,40,84.0
2026-03-12 10:00:00,5.6,93,216.0
2026-03-12 11:00:00,6.6,67,315.0
2026-03-12 12:00:00,7.5,100,423.0
2026-03-12 13:00:00,7.8,98,320.0
2026-03-12 14:00:00,8.7,0,435.0
2026-03-12 15:00:00,8.4,100,478.0
2026-03-12 16:00:00,8.3,100,401.0
2026-03-12 17:00:00,8.6,100,240.0
2026-03-12 18:00:00,8.3,100,122.0
2026-03-12 19:00:00,7.2,100,38.0
2026-03-12 20:00:00,7.6,100,0.0
2026-03-12 21:00:00,7.9,100,0.0
2026-03-12 22:00:00,7.7,100,0.0
2026-03-12 23:00:00,7.0,99,0.0
2026-03-13 00:00:00,7.1,100,0.0
2026-03-13 01:00:00,6.8,100,0.0
2026-03-13 02:00:00,7.1,99,0.0
2026-03-13 03:00:00,6.6,100,0.0
2026-03-13 04:00:00,6.1,100,0.0
2026-03-13 05:00:00,5.9,100,0.0
2026-03-13 06:00:00,5.8,100,0.0
2026-03-13 07:00:00,5.5,100,0.0
2026-03-13 08:00:00,5.7,100,4.0
2026-03-13 09:00:00,5.9,100,21.0
2026-03-13 10:00:00,5.8,100,127.0
2026-03-13 11:00:00,6.4,100,256.0
2026-03-13 12:00:00,7.1,100,328.0
2026-03-13 13:00:00,8.0,100,380.0
2026-03-13 14:00:00,7.8,100,369.0
2026-03-13 15:00:00,8.4,100,127.0
2026-03-13 16:00:00,8.3,100,65.0
2026-03-13 17:00:00,8.0,100,28.0
2026-03-13 18:00:00,7.3,100,17.0
2026-03-13 19:00:00,5.7,100,7.0
2026-03-13 20:00:00,5.1,100,0.0
2026-03-13 21:00:00,4.4,100,0.0
2026-03-13 22:00:00,4.2,100,0.0
2026-03-13 23:00:00,4.1,100,0.0
2026-03-14 00:00:00,3.8,100,0.0
2026-03-14 01:00:00,3.7,100,0.0
2026-03-14 02:00:00,3.4,100,0.0
2026-03-14 03:00:00,3.3,100,0.0
2026-03-14 04:00:00,3.3,100,0.0
2026-03-14 05:00:00,3.2,100,0.0
2026-03-14 06:00:00,3.2,100,0.0
2026-03-14 07:00:00,3.1,100,0.0
2026-03-14 08:00:00,2.7,100,1.0
2026-03-14 09:00:00,2.1,100,8.0
2026-03-14 10:00:00,2.0,100,22.0
2026-03-14 11:00:00,2.1,100,56.0
2026-03-14 12:00:00,2.6,100,49.0
2026-03-14 13:00:00,3.3,100,82.0
2026-03-14 14:00:00,4.0,100,135.0
2026-03-14 15:00:00,4.8,100,292.0
2026-03-14 16:00:00,4.9,100,200.0
2026-03-14 17:00:00,5.2,100,177.0
2026-03-14 18:00:00,5.1,100,91.0
2026-03-14 19:00:00,4.3,100,33.0
2026-03-14 20:00:00,4.0,100,0.0
2026-03-14 21:00:00,3.8,100,0.0
2026-03-14 22:00:00,3.3,100,0.0
2026-03-14 23:00:00,2.8,100,0.0
2026-03-15 00:00:00,2.9,100,0.0
2026-03-15 01:00:00,2.6,100,0.0
2026-03-15 02:00:00,3.5,100,0.0
2026-03-15 03:00:00,3.4,100,0.0
2026-03-15 04:00:00,3.4,100,0.0
2026-03-15 05:00:00,3.2,100,0.0
2026-03-15 06:00:00,3.2,100,0.0
2026-03-15 07:00:00,3.2,100,0.0
2026-03-15 08:00:00,3.2,100,3.0
2026-03-15 09:00:00,3.9,61,66.0
2026-03-15 10:00:00,4.9,75,209.0
2026-03-15 11:00:00,5.9,59,292.0
2026-03-15 12:00:00,6.6,66,355.0
2026-03-15 13:00:00,7.1,95,364.0
2026-03-15 14:00:00,6.8,98,301.0
2026-03-15 15:00:00,6.4,100,255.0
2026-03-15 16:00:00,6.5,94,249.0
2026-03-15 17:00:00,6.7,74,195.0
2026-03-15 18:00:00,6.2,10,115.0
2026-03-15 19:00:00,5.3,5,54.0
2026-03-15 20:00:00,4.7,53,0.0
2026-03-15 21:00:00,4.2,15,0.0
2026-03-15 22:00:00,4.0,2,0.0
2026-03-15 23:00:00,3.9,30,0.0
2026-03-16 00:00:00,3.8,83,0.0
2026-03-16 01:00:00,4.0,100,0.0
2026-03-16 02:00:00,3.9,98,0.0
2026-03-16 03:00:00,3.8,100,0.0
2026-03-16 04:00:00,3.8,100,0.0
2026-03-16 05:00:00,3.6,100,0.0
2026-03-16 06:00:00,3.7,100,0.0
2026-03-16 07:00:00,3.6,100,0.0
2026-03-16 08:00:00,3.9,95,7.0
2026-03-16 09:00:00,4.2,89,97.0
2026-03-16 10:00:00,4.3,100,207.0
2026-03-16 11:00:00,4.3,100,271.0
2026-03-16 12:00:00,4.4,100,300.0
2026-03-16 13:00:00,4.6,100,323.0
2026-03-16 14:00:00,4.1,100,185.0
2026-03-16 15:00:00,3.5,100,136.0
2026-03-16 16:00:00,2.9,100,39.0
2026-03-16 17:00:00,3.0,100,43.0
2026-03-16 18:00:00,3.2,100,35.0
2026-03-16 19:00:00,3.3,100,13.0
2026-03-16 20:00:00,3.3,100,0.0
2026-03-16 21:00:00,3.4,98,0.0
2026-03-16 22:00:00,3.1,38,0.0
2026-03-16 23:00:00,2.7,38,0.0
2026-03-17 00:00:00,2.7,88,0.0
2026-03-17 01:00:00,2.9,66,0.0
2026-03-17 02:00:00,2.6,1,0.0
2026-03-17 03:00:00,2.1,0,0.0
2026-03-17 04:00:00,1.6,0,0.0
2026-03-17 05:00:00,1.2,0,0.0
2026-03-17 06:00:00,0.8,0,0.0
2026-03-17 07:00:00,0.1,0,0.0
2026-03-17 08:00:00,0.6,2,12.0
2026-03-17 09:00:00,2.2,0,112.0
2026-03-17 10:00:00,3.3,25,249.0
2026-03-17 11:00:00,4.0,6,366.0
2026-03-17 12:00:00,4.7,7,468.0
2026-03-17 13:00:00,4.9,4,529.0
2026-03-17 14:00:00,5.0,33,543.0
2026-03-17 15:00:00,5.1,66,475.0
2026-03-17 16:00:00,5.0,98,433.0
2026-03-17 17:00:00,4.3,99,284.0
2026-03-17 18:00:00,3.8,97,177.0
2026-03-17 19:00:00,2.8,95,52.0
2026-03-17 20:00:00,2.4,100,1.0
2026-03-17 21:00:00,2.1,100,0.0
2026-03-17 22:00:00,2.0,100,0.0
2026-03-17 23:00:00,2.3,9,0.0
2026-03-18 00:00:00,2.9,6,0.0
2026-03-18 01:00:00,3.0,0,0.0
2026-03-18 02:00:00,3.1,0,0.0
2026-03-18 03:00:00,3.0,1,0.0
2026-03-18 04:00:00,3.0,5,0.0
2026-03-18 05:00:00,3.2,2,0.0
2026-03-18 06:00:00,3.4,73,0.0
2026-03-18 07:00:00,3.5,97,0.0
2026-03-18 08:00:00,3.4,96,14.0
2026-03-18 09:00:00,4.1,16,118.0
2026-03-18 10:00:00,4.9,11,260.0
2026-03-18 11:00:00,5.4,30,389.0
2026-03-18 12:00:00,5.6,31,484.0
2026-03-18 13:00:00,5.8,3,547.0
2026-03-18 14:00:00,6.0,98,565.0
2026-03-18 15:00:00,6.1,34,514.0
2026-03-18 16:00:00,6.0,5,451.0
2026-03-18 17:00:00,5.9,9,340.0
2026-03-18 18:00:00,5.5,11,204.0
2026-03-18 19:00:00,5.0,45,69.0
2026-03-18 20:00:00,5.4,99,2.0
2026-03-18 21:00:00,5.4,100,0.0
2026-03-18 22:00:00,5.2,100,0.0
2026-03-18 23:00:00,5.0,100,0.0
2026-03-19 00:00:00,4.7,95,0.0
2026-03-19 01:00:00,4.3,78,0.0
2026-03-19 02:00:00,4.0,92,0.0
2026-03-19 03:00:00,3.8,41,0.0
2026-03-19 04:00:00,3.6,42,0.0
2026-03-19 05:00:00,3.5,16,0.0
2026-03-19 06:00:00,3.4,52,0.0
2026-03-19 07:00:00,3.5,98,0.0
2026-03-19 08:00:00,3.7,13,12.0
2026-03-19 09:00:00,4.9,24,117.0
2026-03-19 10:00:00,6.5,11,251.0
2026-03-19 11:00:00,8.3,30,376.0
2026-03-19 12:00:00,9.8,100,471.0
2026-03-19 13:00:00,9.9,100,296.0
2026-03-19 14:00:00,9.8,100,217.0
2026-03-19 15:00:00,10.8,100,300.0
2026-03-19 16:00:00,10.0,100,91.0
2026-03-19 17:00:00,7.9,100,46.0
2026-03-19 18:00:00,7.4,100,28.0
2026-03-19 19:00:00,7.0,100,23.0
2026-03-19 20:00:00,7.5,0,1.0
2026-03-19 21:00:00,6.4,0,0.0
2026-03-19 22:00:00,5.8,0,0.0
2026-03-19 23:00:00,5.3,0,0.0
2026-03-20 00:00:00,4.6,5,0.0
2026-03-20 01:00:00,4.0,100,0.0
2026-03-20 02:00:00,2.9,100,0.0
2026-03-20 03:00:00,2.3,100,0.0
2026-03-20 04:00:00,2.0,100,0.0
2026-03-20 05:00:00,1.9,100,0.0
2026-03-20 06:00:00,2.0,100,0.0
2026-03-20 07:00:00,1.9,100,0.0
2026-03-20 08:00:00,1.9,100,10.0
2026-03-20 09:00:00,2.1,100,63.0
2026-03-20 10:00:00,2.5,100,115.0
2026-03-20 11:00:00,3.0,100,184.0
2026-03-20 12:00:00,3.5,100,226.0
2026-03-20 13:00:00,4.1,100,256.0
2026-03-20 14:00:00,5.4,100,261.0
2026-03-20 15:00:00,7.0,53,413.0
2026-03-20 16:00:00,7.8,11,397.0
2026-03-20 17:00:00,7.0,20,324.0
2026-03-20 18:00:00,4.6,100,197.0
2026-03-20 19:00:00,2.7,100,55.0
2026-03-20 20:00:00,2.6,100,2.0
2026-03-20 21:00:00,2.4,100,0.0
2026-03-20 22:00:00,2.4,100,0.0
2026-03-20 23:00:00,2.3,100,0.0
2026-03-21 00:00:00,2.0,100,0.0
2026-03-21 01:00:00,1.8,100,0.0
2026-03-21 02:00:00,2.4,100,0.0
2026-03-21 03:00:00,2.1,100,0.0
2026-03-21 04:00:00,1.9,100,0.0
2026-03-21 05:00:00,1.6,100,0.0
2026-03-21 06:00:00,1.4,100,0.0
2026-03-21 07:00:00,1.1,100,0.0
2026-03-21 08:00:00,1.1,100,11.0
2026-03-21 09:00:00,1.2,100,56.0
2026-03-21 10:00:00,1.8,100,147.0
2026-03-21 11:00:00,2.6,64,235.0
2026-03-21 12:00:00,3.8,0,428.0
2026-03-21 13:00:00,4.6,0,549.0
2026-03-21 14:00:00,4.5,0,568.0
2026-03-21 15:00:00,4.8,0,539.0
2026-03-21 16:00:00,4.9,0,465.0
2026-03-21 17:00:00,4.7,1,355.0
2026-03-21 18:00:00,4.3,0,220.0
2026-03-21 19:00:00,3.4,0,83.0
2026-03-21 20:00:00,2.4,48,4.0
2026-03-21 21:00:00,2.4,8,0.0
2026-03-21 22:00:00,2.1,0,0.0
2026-03-21 23:00:00,2.9,0,0.0
2026-03-22 00:00:00,2.9,1,0.0
2026-03-22 01:00:00,2.3,5,0.0
2026-03-22 02:00:00,1.7,0,0.0
2026-03-22 03:00:00,1.8,0,0.0
2026-03-22 04:00:00,1.9,0,0.0
2026-03-22 05:00:00,2.2,0,0.0
2026-03-22 06:00:00,2.6,0,0.0
2026-03-22 07:00:00,2.4,0,0.0
2026-03-22 08:00:00,2.6,0,26.0
2026-03-22 09:00:00,3.6,0,144.0
2026-03-22 10:00:00,4.4,0,286.0
2026-03-22 11:00:00,5.0,0,414.0
2026-03-22 12:00:00,5.5,0,514.0
2026-03-22 13:00:00,5.8,0,573.0
2026-03-22 14:00:00,6.1,0,587.0
2026-03-22 15:00:00,6.3,0,553.0
2026-03-22 16:00:00,6.1,0,476.0
2026-03-22 17:00:00,5.9,0,364.0
2026-03-22 18:00:00,5.4,0,227.0
2026-03-22 19:00:00,4.5,0,87.0
2026-03-22 20:00:00,4.6,0,4.0
2026-03-22 21:00:00,4.4,0,0.0
2026-03-22 22:00:00,4.1,0,0.0
2026-03-22 23:00:00,3.9,0,0.0
2026-03-23 00:00:00,3.9,0,0.0
2026-03-23 01:00:00,4.0,0,0.0
2026-03-23 02:00:00,3.2,0,0.0
2026-03-23 03:00:00,2.9,0,0.0
2026-03-23 04:00:00,2.4,0,0.0
2026-03-23 05:00:00,2.6,0,0.0
2026-03-23 06:00:00,2.5,0,0.0
2026-03-23 07:00:00,2.5,0,0.0
2026-03-23 08:00:00,2.5,2,29.0
2026-03-23 09:00:00,3.1,100,146.0
2026-03-23 10:00:00,4.2,100,223.0
2026-03-23 11:00:00,5.8,100,339.0
2026-03-23 12:00:00,6.3,100,210.0
2026-03-23 13:00:00,7.3,100,358.0
2026-03-23 14:00:00,8.8,100,439.0
2026-03-23 15:00:00,9.2,98,449.0
2026-03-23 16:00:00,8.9,100,453.0
2026-03-23 17:00:00,7.9,100,295.0
2026-03-23 18:00:00,7.3,100,153.0
2026-03-23 19:00:00,6.5,100,60.0
2026-03-23 20:00:00,5.5,100,4.0
2026-03-23 21:00:00,5.2,100,0.0
2026-03-23 22:00:00,4.7,100,0.0
2026-03-23 23:00:00,4.7,100,0.0
2026-03-24 00:00:00,4.4,100,0.0
2026-03-24 01:00:00,4.2,100,0.0
2026-03-24 02:00:00,4.4,100,0.0
2026-03-24 03:00:00,4.4,100,0.0
2026-03-24 04:00:00,4.3,100,0.0
2026-03-24 05:00:00,4.3,100,0.0
2026-03-24 06:00:00,4.3,100,0.0
2026-03-24 07:00:00,4.5,100,0.0
2026-03-24 08:00:00,4.6,100,11.0
2026-03-24 09:00:00,4.9,100,50.0
2026-03-24 10:00:00,5.3,100,91.0
2026-03-24 11:00:00,6.8,100,248.0
2026-03-24 12:00:00,6.7,100,95.0
2026-03-24 13:00:00,7.6,100,265.0
2026-03-24 14:00:00,7.2,100,178.0
2026-03-24 15:00:00,10.0,100,440.0
2026-03-24 16:00:00,10.6,100,389.0
2026-03-24 17:00:00,10.0,100,293.0
2026-03-24 18:00:00,9.1,100,138.0
2026-03-24 19:00:00,8.6,100,53.0
2026-03-24 20:00:00,8.4,100,2.0
2026-03-24 21:00:00,8.1,100,0.0
2026-03-24 22:00:00,7.8,100,0.0
2026-03-24 23:00:00,7.7,100,0.0
2026-03-25 00:00:00,8.2,100,0.0
2026-03-25 01:00:00,8.4,100,0.0
2026-03-25 02:00:00,9.2,100,0.0
2026-03-25 03:00:00,9.6,100,0.0
2026-03-25 04:00:00,9.3,100,0.0
2026-03-25 05:00:00,7.1,100,0.0
2026-03-25 06:00:00,7.4,100,0.0
2026-03-25 07:00:00,7.6,100,0.0
2026-03-25 08:00:00,7.6,100,6.0
2026-03-25 09:00:00,7.6,100,31.0
2026-03-25 10:00:00,7.0,100,31.0
2026-03-25 11:00:00,7.2,38,108.0
2026-03-25 12:00:00,7.2,88,394.0
2026-03-25 13:00:00,7.3,93,287.0
2026-03-25 14:00:00,6.1,100,342.0
2026-03-25 15:00:00,6.3,98,237.0
2026-03-25 16:00:00,7.8,100,363.0
2026-03-25 17:00:00,7.7,100,253.0
2026-03-25 18:00:00,7.0,100,145.0
2026-03-25 19:00:00,6.2,13,72.0
2026-03-25 20:00:00,5.6,47,7.0
2026-03-25 21:00:00,4.9,5,0.0
2026-03-25 22:00:00,4.6,77,0.0
2026-03-25 23:00:00,4.3,100,0.0
2026-03-26 00:00:00,4.1,100,0.0
2026-03-26 01:00:00,3.5,100,0.0
2026-03-26 02:00:00,4.3,100,0.0
2026-03-26 03:00:00,4.4,99,0.0
2026-03-26 04:00:00,4.5,98,0.0
2026-03-26 05:00:00,4.2,53,0.0
2026-03-26 06:00:00,4.0,70,0.0
2026-03-26 07:00:00,3.7,88,0.0
2026-03-26 08:00:00,4.5,100,28.0
2026-03-26 09:00:00,5.0,100,71.0
2026-03-26 10:00:00,5.4,100,159.0
2026-03-26 11:00:00,5.4,100,184.0
2026-03-26 12:00:00,5.9,96,352.0
2026-03-26 13:00:00,6.1,45,338.0
2026-03-26 14:00:00,6.9,36,518.0
2026-03-26 15:00:00,7.0,51,487.0
2026-03-26 16:00:00,7.0,56,389.0
2026-03-26 17:00:00,6.9,23,292.0
2026-03-26 18:00:00,6.4,34,213.0
2026-03-26 19:00:00,5.7,1,89.0
2026-03-26 20:00:00,5.2,1,9.0
2026-03-26 21:00:00,4.4,0,0.0
2026-03-26 22:00:00,3.7,3,0.0
2026-03-26 23:00:00,3.2,0,0.0
2026-03-27 00:00:00,2.7,0,0.0
2026-03-27 01:00:00,2.4,0,0.0
2026-03-27 02:00:00,2.5,0,0.0
2026-03-27 03:00:00,2.2,0,0.0
2026-03-27 04:00:00,2.0,0,0.0
2026-03-27 05:00:00,1.8,0,0.0
2026-03-27 06:00:00,1.5,0,0.0
2026-03-27 07:00:00,1.2,0,0.0
2026-03-27 08:00:00,1.2,0,44.0
2026-03-27 09:00:00,2.3,0,171.0
2026-03-27 10:00:00,4.1,15,313.0
2026-03-27 11:00:00,5.9,16,428.0
2026-03-27 12:00:00,7.0,65,513.0
2026-03-27 13:00:00,7.2,93,495.0
2026-03-27 14:00:00,7.3,98,379.0
2026-03-27 15:00:00,7.4,100,380.0
2026-03-27 16:00:00,7.1,98,289.0
2026-03-27 17:00:00,7.0,34,256.0
2026-03-27 18:00:00,6.9,52,208.0
2026-03-27 19:00:00,6.1,52,83.0
2026-03-27 20:00:00,5.8,80,9.0
2026-03-27 21:00:00,5.3,97,0.0
2026-03-27 22:00:00,4.9,100,0.0
2026-03-27 23:00:00,4.8,100,0.0
2026-03-28 00:00:00,4.4,100,0.0
2026-03-28 01:00:00,4.4,100,0.0
2026-03-28 02:00:00,4.7,100,0.0
2026-03-28 03:00:00,4.9,100,0.0
2026-03-28 04:00:00,4.8,100,0.0
2026-03-28 05:00:00,4.6,100,0.0
2026-03-28 06:00:00,4.4,100,0.0
2026-03-28 07:00:00,4.3,100,0.0
2026-03-28 08:00:00,4.3,100,5.0
2026-03-28 09:00:00,4.5,100,48.0
2026-03-28 10:00:00,4.5,100,40.0
2026-03-28 11:00:00,4.8,100,67.0
2026-03-28 12:00:00,4.9,100,50.0
2026-03-28 13:00:00,4.8,100,63.0
2026-03-28 14:00:00,5.1,100,79.0
2026-03-28 15:00:00,5.4,100,106.0
2026-03-28 16:00:00,6.0,100,208.0
2026-03-28 17:00:00,6.2,100,189.0
2026-03-28 18:00:00,5.7,100,104.0
2026-03-28 19:00:00,5.5,100,64.0
2026-03-28 20:00:00,5.4,100,7.0
2026-03-28 21:00:00,5.2,100,0.0
2026-03-28 22:00:00,5.3,100,0.0
2026-03-28 23:00:00,4.8,100,0.0
2026-03-29 00:00:00,4.3,59,0.0
2026-03-29 01:00:00,3.6,3,0.0
2026-03-29 02:00:00,3.7,9,0.0
2026-03-29 03:00:00,3.2,7,0.0
2026-03-29 04:00:00,2.7,2,0.0
2026-03-29 05:00:00,2.2,3,0.0
2026-03-29 06:00:00,1.7,2,0.0
2026-03-29 07:00:00,1.4,3,0.0
2026-03-29 08:00:00,2.1,13,52.0
2026-03-29 09:00:00,3.2,41,173.0
2026-03-29 10:00:00,4.5,66,266.0
2026-03-29 11:00:00,5.4,100,343.0
2026-03-29 12:00:00,6.1,55,261.0
2026-03-29 13:00:00,7.4,52,476.0
2026-03-29 14:00:00,7.7,52,538.0
2026-03-29 15:00:00,8.2,100,457.0
2026-03-29 16:00:00,7.9,56,289.0
2026-03-29 17:00:00,7.4,49,261.0
2026-03-29 18:00:00,7.2,100,200.0
2026-03-29 19:00:00,6.4,100,91.0
2026-03-29 20:00:00,6.4,100,7.0
2026-03-29 21:00:00,6.0,100,0.0
2026-03-29 22:00:00,5.7,100,0.0
2026-03-29 23:00:00,5.4,100,0.0
2026-03-30 00:00:00,5.3,100,0.0
2026-03-30 01:00:00,4.8,100,0.0
2026-03-30 02:00:00,5.0,100,0.0
2026-03-30 03:00:00,4.9,100,0.0
2026-03-30 04:00:00,4.6,100,0.0
2026-03-30 05:00:00,4.5,100,0.0
2026-03-30 06:00:00,4.2,100,0.0
2026-03-30 07:00:00,3.6,100,0.0
2026-03-30 08:00:00,3.1,100,5.0
2026-03-30 09:00:00,3.2,100,26.0
2026-03-30 10:00:00,4.6,100,130.0
2026-03-30 11:00:00,5.9,100,289.0
2026-03-30 12:00:00,6.9,73,454.0
2026-03-30 13:00:00,7.8,19,563.0
2026-03-30 14:00:00,7.3,47,579.0
2026-03-30 15:00:00,7.7,50,414.0
2026-03-30 16:00:00,7.8,20,450.0
2026-03-30 17:00:00,8.0,38,347.0
2026-03-30 18:00:00,7.6,44,191.0
2026-03-30 19:00:00,6.2,32,90.0
2026-03-30 20:00:00,6.0,91,12.0
2026-03-30 21:00:00,5.4,32,0.0
2026-03-30 22:00:00,4.9,39,0.0
2026-03-30 23:00:00,4.6,0,0.0
2026-03-31 00:00:00,4.4,0,0.0
2026-03-31 01:00:00,4.1,1,0.0
2026-03-31 02:00:00,4.8,14,0.0
2026-03-31 03:00:00,4.6,62,0.0
2026-03-31 04:00:00,4.5,100,0.0
2026-03-31 05:00:00,4.5,51,0.0
2026-03-31 06:00:00,4.3,100,0.0
2026-03-31 07:00:00,4.8,100,1.0
2026-03-31 08:00:00,5.3,77,24.0
2026-03-31 09:00:00,5.9,48,145.0
2026-03-31 10:00:00,6.9,22,280.0
2026-03-31 11:00:00,7.6,16,412.0
2026-03-31 12:00:00,8.3,26,516.0
2026-03-31 13:00:00,8.8,14,541.0
2026-03-31 14:00:00,8.8,16,601.0
2026-03-31 15:00:00,9.1,5,564.0
2026-03-31 16:00:00,8.9,1,507.0
2026-03-31 17:00:00,8.6,1,403.0
2026-03-31 18:00:00,8.1,2,267.0
2026-03-31 19:00:00,7.2,2,123.0
2026-03-31 20:00:00,6.6,1,16.0
2026-03-31 21:00:00,5.7,1,0.0
2026-03-31 22:00:00,5.2,1,0.0
2026-03-31 23:00:00,4.9,0,0.0
2026-04-01 00:00:00,4.7,0,0.0
2026-04-01 01:00:00,4.5,0,0.0
2026-04-01 02:00:00,3.2,0,0.0
2026-04-01 03:00:00,2.8,0,0.0
2026-04-01 04:00:00,2.2,0,0.0
2026-04-01 05:00:00,1.5,0,0.0
2026-04-01 06:00:00,1.2,0,0.0
2026-04-01 07:00:00,1.0,0,1.0
2026-04-01 08:00:00,2.3,0,68.0
2026-04-01 09:00:00,3.7,0,204.0
2026-04-01 10:00:00,5.3,0,348.0
2026-04-01 11:00:00,6.5,0,475.0
2026-04-01 12:00:00,7.1,0,571.0
2026-04-01 13:00:00,7.5,0,627.0
2026-04-01 14:00:00,7.8,0,638.0
2026-04-01 15:00:00,7.9,0,603.0
2026-04-01 16:00:00,8.2,2,520.0
2026-04-01 17:00:00,9.2,1,397.0
2026-04-01 18:00:00,9.5,0,267.0
2026-04-01 19:00:00,8.6,0,129.0
2026-04-01 20:00:00,8.1,0,19.0
2026-04-01 21:00:00,7.1,0,0.0
2026-04-01 22:00:00,6.1,0,0.0
2026-04-01 23:00:00,5.4,0,0.0
2026-04-02 00:00:00,5.1,0,0.0
2026-04-02 01:00:00,4.8,0,0.0
2026-04-02 02:00:00,4.2,0,0.0
2026-04-02 03:00:00,3.9,0,0.0
2026-04-02 04:00:00,3.8,0,0.0
2026-04-02 05:00:00,3.7,0,0.0
2026-04-02 06:00:00,3.6,1,0.0
2026-04-02 07:00:00,3.5,8,2.0
2026-04-02 08:00:00,4.0,5,71.0
2026-04-02 09:00:00,4.8,1,207.0
2026-04-02 10:00:00,5.8,31,350.0
2026-04-02 11:00:00,7.1,88,473.0
2026-04-02 12:00:00,8.0,100,530.0
2026-04-02 13:00:00,8.3,100,469.0
2026-04-02 14:00:00,7.9,100,383.0
2026-04-02 15:00:00,8.0,100,337.0
2026-04-02 16:00:00,8.1,100,216.0
2026-04-02 17:00:00,8.1,100,98.0
2026-04-02 18:00:00,8.3,100,88.0
2026-04-02 19:00:00,8.0,98,76.0
2026-04-02 20:00:00,7.9,100,11.0
2026-04-02 21:00:00,7.5,100,0.0
2026-04-02 22:00:00,6.8,100,0.0
2026-04-02 23:00:00,6.2,14,0.0
2026-04-03 00:00:00,4.5,2,0.0
2026-04-03 01:00:00,3.4,2,0.0
2026-04-03 02:00:00,3.1,4,0.0
2026-04-03 03:00:00,2.8,16,0.0
2026-04-03 04:00:00,3.1,64,0.0
2026-04-03 05:00:00,3.4,100,0.0
2026-04-03 06:00:00,3.9,100,0.0
2026-04-03 07:00:00,4.1,100,1.0
2026-04-03 08:00:00,4.1,100,13.0
2026-04-03 09:00:00,4.4,100,62.0
2026-04-03 10:00:00,5.0,100,125.0
2026-04-03 11:00:00,5.5,100,153.0
2026-04-03 12:00:00,5.9,100,230.0
2026-04-03 13:00:00,5.9,100,209.0
2026-04-03 14:00:00,5.9,100,233.0
2026-04-03 15:00:00,6.2,82,278.0
2026-04-03 16:00:00,6.8,99,413.0
2026-04-03 17:00:00,6.8,90,220.0
2026-04-03 18:00:00,6.9,100,183.0
2026-04-03 19:00:00,6.4,97,72.0
2026-04-03 20:00:00,6.3,100,13.0
2026-04-03 21:00:00,5.9,100,0.0
2026-04-03 22:00:00,5.6,100,0.0
2026-04-03 23:00:00,6.1,100,0.0
2026-04-04 00:00:00,6.3,100,0.0
2026-04-04 01:00:00,5.7,100,0.0
2026-04-04 02:00:00,6.5,100,0.0
2026-04-04 03:00:00,6.7,100,0.0
2026-04-04 04:00:00,7.5,100,0.0
2026-04-04 05:00:00,8.1,82,0.0
2026-04-04 06:00:00,7.4,40,0.0
2026-04-04 07:00:00,6.4,48,3.0
2026-04-04 08:00:00,6.6,72,64.0
2026-04-04 09:00:00,6.7,45,169.0
2026-04-04 10:00:00,7.1,13,305.0
2026-04-04 11:00:00,7.6,27,463.0
2026-04-04 12:00:00,8.0,26,507.0
2026-04-04 13:00:00,8.7,38,587.0
2026-04-04 14:00:00,9.2,19,565.0
2026-04-04 15:00:00,9.6,35,580.0
2026-04-04 16:00:00,9.5,66,469.0
2026-04-04 17:00:00,9.2,63,300.0
2026-04-04 18:00:00,8.9,15,213.0
2026-04-04 19:00:00,8.1,1,133.0
2026-04-04 20:00:00,7.5,26,24.0
2026-04-04 21:00:00,6.8,1,0.0
2026-04-04 22:00:00,6.1,0,0.0
2026-04-04 23:00:00,5.6,30,0.0
2026-04-05 00:00:00,5.1,90,0.0
2026-04-05 01:00:00,4.5,91,0.0
2026-04-05 02:00:00,5.5,100,0.0
2026-04-05 03:00:00,5.7,100,0.0
2026-04-05 04:00:00,5.8,100,0.0
2026-04-05 05:00:00,6.4,100,0.0
2026-04-05 06:00:00,6.6,100,0.0
2026-04-05 07:00:00,6.8,100,3.0
2026-04-05 08:00:00,7.8,100,44.0
2026-04-05 09:00:00,9.5,100,153.0
2026-04-05 10:00:00,10.4,100,107.0
2026-04-05 11:00:00,11.0,100,170.0
2026-04-05 12:00:00,11.3,86,452.0
2026-04-05 13:00:00,11.0,75,609.0
2026-04-05 14:00:00,10.9,24,601.0
2026-04-05 15:00:00,10.8,25,597.0
2026-04-05 16:00:00,10.4,2,536.0
2026-04-05 17:00:00,10.0,0,426.0
2026-04-05 18:00:00,9.0,14,292.0
2026-04-05 19:00:00,8.1,2,140.0
2026-04-05 20:00:00,7.6,4,27.0
2026-04-05 21:00:00,6.8,16,0.0
2026-04-05 22:00:00,6.4,23,0.0
2026-04-05 23:00:00,6.0,13,0.0
2026-04-06 00:00:00,5.6,20,0.0
2026-04-06 01:00:00,5.1,5,0.0
2026-04-06 02:00:00,5.8,96,0.0
2026-04-06 03:00:00,5.3,23,0.0
2026-04-06 04:00:00,4.8,28,0.0
2026-04-06 05:00:00,4.8,25,0.0
2026-04-06 06:00:00,4.7,44,0.0
2026-04-06 07:00:00,5.0,30,5.0
2026-04-06 08:00:00,5.5,27,78.0
2026-04-06 09:00:00,6.3,33,203.0
2026-04-06 10:00:00,6.7,42,309.0
2026-04-06 11:00:00,7.4,100,368.0
2026-04-06 12:00:00,7.9,67,259.0
2026-04-06 13:00:00,8.5,50,469.0
2026-04-06 14:00:00,8.7,33,443.0
2026-04-06 15:00:00,9.3,23,504.0
2026-04-06 16:00:00,9.2,37,466.0
2026-04-06 17:00:00,9.2,10,342.0
2026-04-06 18:00:00,9.0,2,278.0
2026-04-06 19:00:00,8.3,2,145.0
2026-04-06 20:00:00,7.7,13,29.0
2026-04-06 21:00:00,7.2,7,0.0
2026-04-06 22:00:00,6.7,3,0.0
2026-04-06 23:00:00,6.2,6,0.0
2026-04-07 00:00:00,5.8,2,0.0
2026-04-07 01:00:00,5.6,2,0.0
2026-04-07 02:00:00,5.4,1,0.0
2026-04-07 03:00:00,5.0,7,0.0
2026-04-07 04:00:00,4.7,5,0.0
2026-04-07 05:00:00,4.3,0,0.0
2026-04-07 06:00:00,4.2,2,0.0
2026-04-07 07:00:00,4.4,1,8.0
2026-04-07 08:00:00,5.4,0,97.0
2026-04-07 09:00:00,6.4,0,242.0
2026-04-07 10:00:00,7.1,0,391.0
2026-04-07 11:00:00,7.7,0,520.0
2026-04-07 12:00:00,8.3,0,617.0
2026-04-07 13:00:00,9.1,0,674.0
2026-04-07 14:00:00,9.7,7,685.0
2026-04-07 15:00:00,9.6,41,649.0
2026-04-07 16:00:00,9.2,15,566.0
2026-04-07 17:00:00,8.6,0,452.0
2026-04-07 18:00:00,7.9,0,310.0
2026-04-07 19:00:00,7.0,0,159.0
2026-04-07 20:00:00,6.6,1,33.0
2026-04-07 21:00:00,5.8,20,0.0
2026-04-07 22:00:00,5.5,3,0.0
2026-04-07 23:00:00,5.4,0,0.0
2026-04-08 00:00:00,5.2,0,0.0
2026-04-08 01:00:00,5.0,0,0.0
2026-04-08 02:00:00,4.5,7,0.0
2026-04-08 03:00:00,4.2,2,0.0
2026-04-08 04:00:00,3.9,0,0.0
2026-04-08 05:00:00,3.7,0,0.0
2026-04-08 06:00:00,3.5,7,0.0
2026-04-08 07:00:00,3.6,40,9.0
2026-04-08 08:00:00,4.3,6,100.0
2026-04-08 09:00:00,5.2,0,245.0
2026-04-08 10:00:00,6.3,0,390.0
2026-04-08 11:00:00,7.5,0,517.0
2026-04-08 12:00:00,8.7,0,612.0
2026-04-08 13:00:00,9.6,0,668.0
2026-04-08 14:00:00,10.7,0,678.0
2026-04-08 15:00:00,10.9,1,639.0
2026-04-08 16:00:00,11.0,5,556.0
2026-04-08 17:00:00,10.6,2,442.0
2026-04-08 18:00:00,5.7,0,298.0
2026-04-08 19:00:00,5.7,24,156.0
2026-04-08 20:00:00,6.2,35,34.0
2026-04-08 21:00:00,5.6,50,0.0
2026-04-08 22:00:00,5.2,88,0.0
2026-04-08 23:00:00,4.8,100,0.0
2026-04-09 00:00:00,4.6,100,0.0
2026-04-09 01:00:00,4.3,100,0.0
2026-04-09 02:00:00,3.8,100,0.0
2026-04-09 03:00:00,3.6,100,0.0
2026-04-09 04:00:00,3.3,100,0.0
2026-04-09 05:00:00,2.7,100,0.0
2026-04-09 06:00:00,2.4,100,0.0
2026-04-09 07:00:00,3.4,100,11.0
2026-04-09 08:00:00,3.8,100,97.0
2026-04-09 09:00:00,4.4,88,236.0
2026-04-09 10:00:00,5.1,19,395.0
2026-04-09 11:00:00,5.9,31,529.0
2026-04-09 12:00:00,6.5,43,626.0
2026-04-09 13:00:00,6.4,55,681.0
2026-04-09 14:00:00,5.9,13,692.0
2026-04-09 15:00:00,6.0,2,653.0
2026-04-09 16:00:00,6.3,4,573.0
2026-04-09 17:00:00,6.1,0,459.0
2026-04-09 18:00:00,5.6,0,319.0
2026-04-09 19:00:00,4.7,0,170.0
2026-04-09 20:00:00,4.3,0,40.0
2026-04-09 21:00:00,3.6,5,0.0
2026-04-09 22:00:00,2.9,7,0.0
2026-04-09 23:00:00,2.4,14,0.0
2026-04-10 00:00:00,2.2,0,0.0
2026-04-10 01:00:00,2.0,14,0.0
2026-04-10 02:00:00,1.9,19,0.0
2026-04-10 03:00:00,1.9,60,0.0
2026-04-10 04:00:00,2.3,100,0.0
2026-04-10 05:00:00,2.6,100,0.0
2026-04-10 06:00:00,2.7,100,0.0
2026-04-10 07:00:00,2.8,100,11.0
2026-04-10 08:00:00,3.5,100,75.0
2026-04-10 09:00:00,4.0,100,182.0
2026-04-10 10:00:00,4.5,100,301.0
2026-04-10 11:00:00,4.8,100,403.0
2026-04-10 12:00:00,5.0,100,499.0
2026-04-10 13:00:00,5.3,100,547.0
2026-04-10 14:00:00,4.9,100,426.0
2026-04-10 15:00:00,5.0,100,312.0
2026-04-10 16:00:00,4.6,100,74.0
2026-04-10 17:00:00,5.0,100,74.0
2026-04-10 18:00:00,4.8,99,85.0
2026-04-10 19:00:00,5.2,55,76.0
2026-04-10 20:00:00,5.2,73,32.0
2026-04-10 21:00:00,5.1,68,0.0
2026-04-10 22:00:00,5.0,57,0.0
2026-04-10 23:00:00,4.8,49,0.0
2026-04-11 00:00:00,4.6,46,0.0
2026-04-11 01:00:00,4.4,48,0.0
2026-04-11 02:00:00,4.5,34,0.0
2026-04-11 03:00:00,4.5,0,0.0
2026-04-11 04:00:00,4.0,2,0.0
2026-04-11 05:00:00,3.1,23,0.0
2026-04-11 06:00:00,3.8,27,0.0
2026-04-11 07:00:00,3.7,0,13.0
2026-04-11 08:00:00,3.9,0,112.0
2026-04-11 09:00:00,4.6,0,255.0
2026-04-11 10:00:00,5.6,16,401.0
2026-04-11 11:00:00,6.9,22,513.0
2026-04-11 12:00:00,7.9,16,602.0
2026-04-11 13:00:00,8.2,20,669.0
2026-04-11 14:00:00,8.2,5,672.0
2026-04-11 15:00:00,8.0,0,652.0
2026-04-11 16:00:00,7.9,0,575.0
2026-04-11 17:00:00,7.8,0,460.0
2026-04-11 18:00:00,7.4,18,321.0
2026-04-11 19:00:00,6.7,100,173.0
2026-04-11 20:00:00,6.4,100,45.0
2026-04-11 21:00:00,5.5,100,0.0
2026-04-11 22:00:00,4.5,98,0.0
2026-04-11 23:00:00,4.1,99,0.0
2026-04-12 00:00:00,4.2,91,0.0
2026-04-12 01:00:00,4.4,94,0.0
2026-04-12 02:00:00,4.7,100,0.0
2026-04-12 03:00:00,5.3,95,0.0
2026-04-12 04:00:00,5.8,100,0.0
2026-04-12 05:00:00,6.2,100,0.0
2026-04-12 06:00:00,6.5,100,0.0
2026-04-12 07:00:00,6.6,100,4.0
2026-04-12 08:00:00,7.0,100,18.0
2026-04-12 09:00:00,6.8,100,53.0
2026-04-12 10:00:00,6.7,100,80.0
2026-04-12 11:00:00,6.6,100,73.0
2026-04-12 12:00:00,7.0,100,196.0
2026-04-12 13:00:00,6.9,100,188.0
2026-04-12 14:00:00,6.9,100,184.0
2026-04-12 15:00:00,7.1,100,187.0
2026-04-12 16:00:00,7.0,100,140.0
2026-04-12 17:00:00,7.2,100,149.0
2026-04-12 18:00:00,7.1,100,72.0
2026-04-12 19:00:00,7.0,100,39.0
2026-04-12 20:00:00,7.1,100,12.0
2026-04-12 21:00:00,7.0,100,0.0
2026-04-12 22:00:00,6.9,100,0.0
2026-04-12 23:00:00,6.7,100,0.0
2026-04-13 00:00:00,6.7,100,0.0
2026-04-13 01:00:00,6.7,100,0.0
2026-04-13 02:00:00,6.5,100,0.0
2026-04-13 03:00:00,6.4,100,0.0
2026-04-13 04:00:00,6.4,100,0.0
2026-04-13 05:00:00,6.5,100,0.0
2026-04-13 06:00:00,6.7,100,0.0
2026-04-13 07:00:00,6.9,100,8.0
2026-04-13 08:00:00,7.3,100,57.0
2026-04-13 09:00:00,7.7,100,111.0
2026-04-13 10:00:00,8.8,100,232.0
2026-04-13 11:00:00,9.7,100,279.0
2026-04-13 12:00:00,11.1,100,552.0
2026-04-13 13:00:00,11.6,100,572.0
2026-04-13 14:00:00,11.4,100,551.0
2026-04-13 15:00:00,10.9,100,342.0
2026-04-13 16:00:00,10.4,100,303.0
2026-04-13 17:00:00,9.3,100,98.0
2026-04-13 18:00:00,8.1,100,63.0
2026-04-13 19:00:00,7.0,100,43.0
2026-04-13 20:00:00,6.7,100,24.0
2026-04-13 21:00:00,6.7,100,0.0
2026-04-13 22:00:00,7.0,100,0.0
2026-04-13 23:00:00,7.3,100,0.0
2026-04-14 00:00:00,7.4,100,0.0
2026-04-14 01:00:00,7.3,100,0.0
2026-04-14 02:00:00,7.3,100,0.0
2026-04-14 03:00:00,7.2,100,0.0
2026-04-14 04:00:00,7.1,100,0.0
2026-04-14 05:00:00,7.3,100,0.0
2026-04-14 06:00:00,7.3,100,0.0
2026-04-14 07:00:00,7.3,100,5.0
2026-04-14 08:00:00,7.2,100,23.0
2026-04-14 09:00:00,7.5,100,66.0
2026-04-14 10:00:00,7.6,100,69.0
2026-04-14 11:00:00,7.8,100,100.0
2026-04-14 12:00:00,8.0,100,179.0
2026-04-14 13:00:00,8.5,100,332.0
2026-04-14 14:00:00,8.3,100,365.0
2026-04-14 15:00:00,7.8,100,95.0
2026-04-14 16:00:00,7.8,100,104.0
2026-04-14 17:00:00,7.4,100,77.0
2026-04-14 18:00:00,6.9,98,87.0
2026-04-14 19:00:00,6.4,3,72.0
2026-04-14 20:00:00,6.0,6,51.0
2026-04-14 21:00:00,4.7,4,0.0
2026-04-14 22:00:00,4.4,5,0.0
2026-04-14 23:00:00,5.1,8,0.0
2026-04-15 00:00:00,5.2,1,0.0
2026-04-15 01:00:00,5.0,0,0.0
2026-04-15 02:00:00,4.6,0,0.0
2026-04-15 03:00:00,4.3,0,0.0
2026-04-15 04:00:00,4.2,0,0.0
2026-04-15 05:00:00,3.8,0,0.0
2026-04-15 06:00:00,3.4,0,0.0
2026-04-15 07:00:00,3.4,0,24.0
2026-04-15 08:00:00,3.9,0,136.0
2026-04-15 09:00:00,5.4,0,282.0
2026-04-15 10:00:00,7.0,0,426.0
2026-04-15 11:00:00,8.2,53,550.0
2026-04-15 12:00:00,8.6,41,533.0
2026-04-15 13:00:00,9.0,75,560.0
2026-04-15 14:00:00,8.8,72,469.0
2026-04-15 15:00:00,8.3,32,466.0
2026-04-15 16:00:00,9.1,27,482.0
2026-04-15 17:00:00,9.0,23,413.0
2026-04-15 18:00:00,8.5,22,282.0
2026-04-15 19:00:00,7.6,5,162.0
2026-04-15 20:00:00,7.2,0,54.0
2026-04-15 21:00:00,6.3,0,1.0
2026-04-15 22:00:00,5.6,0,0.0
2026-04-15 23:00:00,5.2,0,0.0
2026-04-16 00:00:00,4.8,0,0.0
2026-04-16 01:00:00,4.3,0,0.0
2026-04-16 02:00:00,3.5,0,0.0
2026-04-16 03:00:00,3.4,0,0.0
2026-04-16 04:00:00,2.8,0,0.0
2026-04-16 05:00:00,3.0,84,0.0
2026-04-16 06:00:00,3.0,100,0.0
2026-04-16 07:00:00,3.7,100,20.0
2026-04-16 08:00:00,4.3,100,106.0
2026-04-16 09:00:00,5.3,100,197.0
2026-04-16 10:00:00,5.9,100,218.0
2026-04-16 11:00:00,6.4,100,239.0
2026-04-16 12:00:00,6.8,100,222.0
2026-04-16 13:00:00,7.0,100,203.0
2026-04-16 14:00:00,6.7,100,169.0
2026-04-16 15:00:00,6.9,100,137.0
2026-04-16 16:00:00,7.0,98,138.0
2026-04-16 17:00:00,7.2,91,156.0
2026-04-16 18:00:00,7.3,99,196.0
2026-04-16 19:00:00,7.0,70,151.0
2026-04-16 20:00:00,6.4,20,51.0
2026-04-16 21:00:00,6.0,0,1.0
2026-04-16 22:00:00,5.7,1,0.0
2026-04-16 23:00:00,5.5,12,0.0
2026-04-17 00:00:00,4.9,12,0.0
2026-04-17 01:00:00,4.3,6,0.0
2026-04-17 02:00:00,4.9,98,0.0
2026-04-17 03:00:00,5.0,93,0.0
2026-04-17 04:00:00,5.1,69,0.0
2026-04-17 05:00:00,4.9,35,0.0
2026-04-17 06:00:00,4.3,2,0.0
2026-04-17 07:00:00,4.7,7,30.0
2026-04-17 08:00:00,6.2,0,142.0
2026-04-17 09:00:00,7.2,0,288.0
2026-04-17 10:00:00,8.1,1,431.0
2026-04-17 11:00:00,9.0,2,553.0
2026-04-17 12:00:00,9.7,9,644.0
2026-04-17 13:00:00,10.4,9,691.0
2026-04-17 14:00:00,10.8,0,702.0
2026-04-17 15:00:00,10.7,3,670.0
2026-04-17 16:00:00,10.5,91,591.0
2026-04-17 17:00:00,9.9,100,469.0
2026-04-17 18:00:00,9.1,99,294.0
2026-04-17 19:00:00,8.6,100,164.0
2026-04-17 20:00:00,8.5,99,53.0
2026-04-17 21:00:00,8.1,100,1.0
2026-04-17 22:00:00,7.3,100,0.0
2026-04-17 23:00:00,6.8,100,0.0
2026-04-18 00:00:00,5.9,98,0.0
2026-04-18 01:00:00,5.9,100,0.0
2026-04-18 02:00:00,5.4,100,0.0
2026-04-18 03:00:00,5.4,100,0.0
2026-04-18 04:00:00,5.3,100,0.0
2026-04-18 05:00:00,5.2,100,0.0
2026-04-18 06:00:00,5.1,100,0.0
2026-04-18 07:00:00,4.9,100,22.0
2026-04-18 08:00:00,5.4,99,118.0
2026-04-18 09:00:00,6.1,99,276.0
2026-04-18 10:00:00,7.1,100,397.0
2026-04-18 11:00:00,7.6,100,378.0
2026-04-18 12:00:00,7.5,100,314.0
2026-04-18 13:00:00,8.1,100,392.0
2026-04-18 14:00:00,8.4,100,455.0
2026-04-18 15:00:00,9.8,100,351.0
2026-04-18 16:00:00,10.3,100,320.0
2026-04-18 17:00:00,8.8,100,118.0
2026-04-18 18:00:00,8.3,100,69.0
2026-04-18 19:00:00,8.6,100,52.0
2026-04-18 20:00:00,8.6,100,20.0
2026-04-18 21:00:00,8.1,100,0.0
2026-04-18 22:00:00,7.6,100,0.0
2026-04-18 23:00:00,7.4,100,0.0
2026-04-19 00:00:00,7.2,100,0.0
2026-04-19 01:00:00,7.0,100,0.0
2026-04-19 02:00:00,7.1,98,0.0
2026-04-19 03:00:00,6.7,100,0.0
2026-04-19 04:00:00,6.6,100,0.0
2026-04-19 05:00:00,6.4,100,0.0
2026-04-19 06:00:00,6.3,100,0.0
2026-04-19 07:00:00,6.4,100,11.0
2026-04-19 08:00:00,6.8,100,42.0
2026-04-19 09:00:00,7.2,100,103.0
2026-04-19 10:00:00,7.6,100,125.0
2026-04-19 11:00:00,8.2,100,205.0
2026-04-19 12:00:00,8.2,100,184.0
2026-04-19 13:00:00,8.4,100,267.0
2026-04-19 14:00:00,7.2,100,357.0
2026-04-19 15:00:00,7.5,100,142.0
2026-04-19 16:00:00,8.1,100,142.0
2026-04-19 17:00:00,8.5,100,102.0
2026-04-19 18:00:00,8.1,100,93.0
2026-04-19 19:00:00,7.9,100,34.0
2026-04-19 20:00:00,7.5,100,12.0
2026-04-19 21:00:00,7.2,100,0.0
2026-04-19 22:00:00,7.2,100,0.0
2026-04-19 23:00:00,7.1,100,0.0
2026-04-20 00:00:00,6.5,100,0.0
2026-04-20 01:00:00,5.8,100,0.0
2026-04-20 02:00:00,4.7,48,0.0
2026-04-20 03:00:00,4.2,12,0.0
2026-04-20 04:00:00,3.9,27,0.0
2026-04-20 05:00:00,3.7,40,0.0
2026-04-20 06:00:00,3.7,88,0.0
2026-04-20 07:00:00,4.1,99,39.0
2026-04-20 08:00:00,4.8,30,151.0
2026-04-20 09:00:00,5.7,92,316.0
2026-04-20 10:00:00,7.0,92,454.0
2026-04-20 11:00:00,8.1,0,575.0
2026-04-20 12:00:00,9.0,0,682.0
2026-04-20 13:00:00,9.3,17,733.0
2026-04-20 14:00:00,9.5,8,739.0
2026-04-20 15:00:00,9.8,0,702.0
2026-04-20 16:00:00,10.1,0,624.0
2026-04-20 17:00:00,10.6,0,506.0
2026-04-20 18:00:00,10.5,4,360.0
2026-04-20 19:00:00,9.5,2,208.0
2026-04-20 20:00:00,8.1,0,73.0
2026-04-20 21:00:00,7.0,0,3.0
2026-04-20 22:00:00,6.2,0,0.0
2026-04-20 23:00:00,5.6,0,0.0
2026-04-21 00:00:00,5.1,5,0.0
2026-04-21 01:00:00,5.1,0,0.0
2026-04-21 02:00:00,4.3,0,0.0
2026-04-21 03:00:00,3.9,0,0.0
2026-04-21 04:00:00,3.4,0,0.0
2026-04-21 05:00:00,3.1,0,0.0
2026-04-21 06:00:00,2.8,0,0.0
2026-04-21 07:00:00,3.0,0,46.0
2026-04-21 08:00:00,4.1,0,174.0
2026-04-21 09:00:00,4.9,0,326.0
2026-04-21 10:00:00,6.1,0,473.0
2026-04-21 11:00:00,7.5,0,599.0
2026-04-21 12:00:00,9.0,0,692.0
2026-04-21 13:00:00,10.3,0,744.0
2026-04-21 14:00:00,11.0,0,750.0
2026-04-21 15:00:00,11.9,0,709.0
2026-04-21 16:00:00,12.1,0,626.0
2026-04-21 17:00:00,12.2,0,509.0
2026-04-21 18:00:00,11.7,0,366.0
2026-04-21 19:00:00,10.8,0,214.0
2026-04-21 20:00:00,9.9,0,78.0
2026-04-21 21:00:00,8.8,0,4.0
2026-04-21 22:00:00,7.9,0,0.0
2026-04-21 23:00:00,7.3,0,0.0
2026-04-22 00:00:00,7.0,0,0.0
2026-04-22 01:00:00,7.0,0,0.0
2026-04-22 02:00:00,6.5,0,0.0
2026-04-22 03:00:00,6.3,0,0.0
2026-04-22 04:00:00,6.2,0,0.0
2026-04-22 05:00:00,6.0,0,0.0
2026-04-22 06:00:00,5.7,0,0.0
2026-04-22 07:00:00,6.4,0,50.0
2026-04-22 08:00:00,8.2,0,177.0
2026-04-22 09:00:00,10.1,0,327.0
2026-04-22 10:00:00,11.8,0,472.0
2026-04-22 11:00:00,13.2,0,595.0
2026-04-22 12:00:00,14.2,0,685.0
2026-04-22 13:00:00,15.1,0,736.0
2026-04-22 14:00:00,15.7,0,744.0
2026-04-22 15:00:00,16.0,0,706.0
2026-04-22 16:00:00,15.8,1,627.0
2026-04-22 17:00:00,15.3,5,513.0
2026-04-22 18:00:00,14.7,1,374.0
2026-04-22 19:00:00,14.1,62,224.0
2026-04-22 20:00:00,13.9,37,81.0
2026-04-22 21:00:00,12.9,77,5.0
2026-04-22 22:00:00,11.6,98,0.0
2026-04-22 23:00:00,10.2,97,0.0
2026-04-23 00:00:00,9.0,15,0.0
2026-04-23 01:00:00,8.0,59,0.0
2026-04-23 02:00:00,7.4,23,0.0
2026-04-23 03:00:00,6.9,2,0.0
2026-04-23 04:00:00,6.6,8,0.0
2026-04-23 05:00:00,6.4,39,0.0
2026-04-23 06:00:00,6.4,44,0.0
2026-04-23 07:00:00,7.0,2,51.0
2026-04-23 08:00:00,8.2,14,177.0
2026-04-23 09:00:00,9.9,5,325.0
2026-04-23 10:00:00,11.4,0,468.0
2026-04-23 11:00:00,12.9,0,591.0
2026-04-23 12:00:00,13.9,0,681.0
2026-04-23 13:00:00,14.3,0,731.0
2026-04-23 14:00:00,15.2,0,738.0
2026-04-23 15:00:00,15.2,0,701.0
2026-04-23 16:00:00,15.1,0,622.0
2026-04-23 17:00:00,14.9,0,508.0
2026-04-23 18:00:00,14.4,0,370.0
2026-04-23 19:00:00,13.9,2,221.0
2026-04-23 20:00:00,14.0,0,84.0
2026-04-23 21:00:00,12.7,5,5.0
2026-04-23 22:00:00,11.7,7,0.0
2026-04-23 23:00:00,10.4,6,0.0
2026-04-24 00:00:00,9.5,2,0.0
2026-04-24 01:00:00,9.0,0,0.0
2026-04-24 02:00:00,8.0,0,0.0
2026-04-24 03:00:00,7.3,0,0.0
2026-04-24 04:00:00,6.9,0,0.0
2026-04-24 05:00:00,6.8,0,0.0
2026-04-24 06:00:00,6.7,0,1.0
2026-04-24 07:00:00,7.2,0,55.0
2026-04-24 08:00:00,8.7,0,183.0
2026-04-24 09:00:00,10.5,0,331.0
2026-04-24 10:00:00,12.3,0,473.0
2026-04-24 11:00:00,13.8,0,594.0
2026-04-24 12:00:00,14.7,0,683.0
2026-04-24 13:00:00,15.3,0,733.0
2026-04-24 14:00:00,15.5,0,743.0
2026-04-24 15:00:00,15.6,0,707.0
2026-04-24 16:00:00,15.6,0,627.0
2026-04-24 17:00:00,15.1,0,513.0
2026-04-24 18:00:00,14.6,0,375.0
2026-04-24 19:00:00,14.1,0,226.0
2026-04-24 20:00:00,14.1,5,87.0
2026-04-24 21:00:00,13.2,5,6.0
2026-04-24 22:00:00,12.4,0,0.0
2026-04-24 23:00:00,10.9,0,0.0
2026-04-25 00:00:00,9.4,0,0.0
2026-04-25 01:00:00,8.1,3,0.0
2026-04-25 02:00:00,7.5,5,0.0
2026-04-25 03:00:00,6.9,80,0.0
2026-04-25 04:00:00,6.6,30,0.0
2026-04-25 05:00:00,6.5,0,0.0
2026-04-25 06:00:00,6.4,6,1.0
2026-04-25 07:00:00,7.0,77,60.0
2026-04-25 08:00:00,7.8,77,188.0
2026-04-25 09:00:00,9.0,59,332.0
2026-04-25 10:00:00,10.0,83,467.0
2026-04-25 11:00:00,10.3,100,459.0
2026-04-25 12:00:00,9.8,100,286.0
2026-04-25 13:00:00,10.2,100,331.0
2026-04-25 14:00:00,10.6,99,320.0
2026-04-25 15:00:00,10.7,100,420.0
2026-04-25 16:00:00,11.2,67,465.0
2026-04-25 17:00:00,11.0,59,347.0
2026-04-25 18:00:00,9.0,57,237.0
2026-04-25 19:00:00,9.4,58,151.0
2026-04-25 20:00:00,8.5,59,76.0
2026-04-25 21:00:00,8.1,29,7.0
2026-04-25 22:00:00,7.1,2,0.0
2026-04-25 23:00:00,6.9,1,0.0
2026-04-26 00:00:00,7.1,11,0.0
2026-04-26 01:00:00,7.4,11,0.0
2026-04-26 02:00:00,6.5,0,0.0
2026-04-26 03:00:00,5.9,0,0.0
2026-04-26 04:00:00,5.5,0,0.0
2026-04-26 05:00:00,5.2,0,0.0
2026-04-26 06:00:00,4.8,0,2.0
2026-04-26 07:00:00,5.1,0,67.0
2026-04-26 08:00:00,5.8,0,202.0
2026-04-26 09:00:00,6.8,0,356.0
2026-04-26 10:00:00,7.9,0,501.0
2026-04-26 11:00:00,8.9,0,624.0
2026-04-26 12:00:00,9.7,0,713.0
2026-04-26 13:00:00,10.5,16,761.0
2026-04-26 14:00:00,10.7,71,763.0
2026-04-26 15:00:00,11.0,100,718.0
2026-04-26 16:00:00,11.1,100,616.0
2026-04-26 17:00:00,10.9,100,455.0
2026-04-26 18:00:00,10.8,100,315.0
2026-04-26 19:00:00,10.6,86,155.0
2026-04-26 20:00:00,10.5,16,74.0
2026-04-26 21:00:00,9.2,37,8.0
2026-04-26 22:00:00,8.5,40,0.0
2026-04-26 23:00:00,7.8,12,0.0
2026-04-27 00:00:00,7.2,0,0.0
2026-04-27 01:00:00,6.8,31,0.0
2026-04-27 02:00:00,6.0,29,0.0
2026-04-27 03:00:00,5.3,3,0.0
2026-04-27 04:00:00,5.0,5,0.0
2026-04-27 05:00:00,4.9,2,0.0
2026-04-27 06:00:00,4.7,0,2.0
2026-04-27 07:00:00,5.0,0,67.0
2026-04-27 08:00:00,6.1,0,199.0
2026-04-27 09:00:00,7.0,0,350.0
2026-04-27 10:00:00,7.9,1,494.0
2026-04-27 11:00:00,8.9,12,615.0
2026-04-27 12:00:00,10.0,24,704.0
2026-04-27 13:00:00,10.9,48,753.0
2026-04-27 14:00:00,11.5,30,757.0
2026-04-27 15:00:00,12.0,44,720.0
2026-04-27 16:00:00,11.8,52,632.0
2026-04-27 17:00:00,11.5,52,506.0
2026-04-27 18:00:00,11.0,65,374.0
2026-04-27 19:00:00,10.3,48,228.0
2026-04-27 20:00:00,9.6,9,97.0
2026-04-27 21:00:00,8.7,6,10.0
2026-04-27 22:00:00,8.0,0,0.0
2026-04-27 23:00:00,7.7,0,0.0
2026-04-28 00:00:00,7.6,4,0.0
2026-04-28 01:00:00,7.2,97,0.0
2026-04-28 02:00:00,6.2,98,0.0
2026-04-28 03:00:00,5.7,100,0.0
2026-04-28 04:00:00,5.2,35,0.0
2026-04-28 05:00:00,4.8,0,0.0
2026-04-28 06:00:00,4.7,5,3.0
2026-04-28 07:00:00,5.2,2,72.0
2026-04-28 08:00:00,6.6,61,206.0
2026-04-28 09:00:00,8.1,91,351.0
2026-04-28 10:00:00,9.5,10,486.0
2026-04-28 11:00:00,11.2,2,619.0
2026-04-28 12:00:00,11.6,12,708.0
2026-04-28 13:00:00,11.5,0,763.0
2026-04-28 14:00:00,11.7,0,775.0
2026-04-28 15:00:00,11.8,0,736.0
2026-04-28 16:00:00,12.0,1,648.0
2026-04-28 17:00:00,12.0,0,531.0
2026-04-28 18:00:00,11.3,9,394.0
2026-04-28 19:00:00,10.5,7,244.0
2026-04-28 20:00:00,10.0,5,103.0
2026-04-28 21:00:00,9.1,16,11.0
2026-04-28 22:00:00,8.8,100,0.0
2026-04-28 23:00:00,8.8,55,0.0
2026-04-29 00:00:00,8.1,39,0.0
2026-04-29 01:00:00,7.4,0,0.0
2026-04-29 02:00:00,5.6,1,0.0
2026-04-29 03:00:00,4.6,33,0.0
2026-04-29 04:00:00,4.2,17,0.0
2026-04-29 05:00:00,4.1,36,0.0
2026-04-29 06:00:00,4.1,95,4.0
2026-04-29 07:00:00,4.9,77,71.0
2026-04-29 08:00:00,6.3,5,203.0
2026-04-29 09:00:00,7.9,3,355.0
2026-04-29 10:00:00,9.4,15,497.0
2026-04-29 11:00:00,10.6,13,617.0
2026-04-29 12:00:00,11.3,0,704.0
2026-04-29 13:00:00,11.9,2,751.0
2026-04-29 14:00:00,12.5,7,754.0
2026-04-29 15:00:00,12.9,7,713.0
2026-04-29 16:00:00,13.0,27,635.0
2026-04-29 17:00:00,13.5,12,522.0
2026-04-29 18:00:00,13.6,73,387.0
2026-04-29 19:00:00,13.3,9,237.0
2026-04-29 20:00:00,13.3,11,101.0
2026-04-29 21:00:00,12.5,25,12.0
2026-04-29 22:00:00,11.7,59,0.0
2026-04-29 23:00:00,11.1,39,0.0
2026-04-30 00:00:00,10.5,2,0.0
2026-04-30 01:00:00,9.9,1,0.0
2026-04-30 02:00:00,8.7,2,0.0
2026-04-30 03:00:00,7.9,2,0.0
2026-04-30 04:00:00,7.4,0,0.0
2026-04-30 05:00:00,6.9,0,0.0
2026-04-30 06:00:00,6.8,0,4.0
2026-04-30 07:00:00,7.5,0,76.0
2026-04-30 08:00:00,9.1,0,209.0
2026-04-30 09:00:00,11.3,0,362.0
2026-04-30 10:00:00,13.5,1,506.0
2026-04-30 11:00:00,15.0,2,627.0
2026-04-30 12:00:00,15.9,5,714.0
2026-04-30 13:00:00,16.6,5,761.0
2026-04-30 14:00:00,17.7,42,764.0
2026-04-30 15:00:00,17.9,0,725.0
2026-04-30 16:00:00,17.8,0,647.0
2026-04-30 17:00:00,17.4,0,535.0
2026-04-30 18:00:00,16.9,0,398.0
2026-04-30 19:00:00,16.1,0,248.0
2026-04-30 20:00:00,15.3,0,108.0
2026-04-30 21:00:00,14.3,0,14.0
2026-04-30 22:00:00,13.5,0,0.0
2026-04-30 23:00:00,12.7,0,0.0
2026-05-01 00:00:00,11.9,0,0.0
2026-05-01 01:00:00,11.2,0,0.0
2026-05-01 02:00:00,9.5,0,0.0
2026-05-01 03:00:00,8.7,0,0.0
2026-05-01 04:00:00,8.0,0,0.0
2026-05-01 05:00:00,7.4,1,0.0
2026-05-01 06:00:00,7.0,5,6.0
2026-05-01 07:00:00,7.5,0,83.0
2026-05-01 08:00:00,9.9,0,219.0
2026-05-01 09:00:00,12.2,0,371.0
2026-05-01 10:00:00,14.5,0,515.0
2026-05-01 11:00:00,16.5,0,637.0
2026-05-01 12:00:00,18.0,0,725.0
2026-05-01 13:00:00,18.8,0,774.0
2026-05-01 14:00:00,18.9,0,779.0
2026-05-01 15:00:00,19.7,0,739.0
2026-05-01 16:00:00,19.2,0,658.0
2026-05-01 17:00:00,18.5,0,544.0
2026-05-01 18:00:00,17.5,0,405.0
2026-05-01 19:00:00,15.9,0,255.0
2026-05-01 20:00:00,15.3,0,113.0
2026-05-01 21:00:00,14.1,0,16.0
2026-05-01 22:00:00,14.4,0,0.0
2026-05-01 23:00:00,15.2,0,0.0
2026-05-02 00:00:00,14.2,0,0.0
2026-05-02 01:00:00,12.9,0,0.0
2026-05-02 02:00:00,11.5,0,0.0
2026-05-02 03:00:00,11.1,0,0.0
2026-05-02 04:00:00,11.0,0,0.0
2026-05-02 05:00:00,10.8,0,0.0
2026-05-02 06:00:00,10.9,0,7.0
2026-05-02 07:00:00,11.6,0,87.0
2026-05-02 08:00:00,13.1,0,221.0
2026-05-02 09:00:00,13.9,0,370.0
2026-05-02 10:00:00,15.2,0,511.0
2026-05-02 11:00:00,16.4,0,630.0
2026-05-02 12:00:00,17.3,0,719.0
2026-05-02 13:00:00,18.1,0,769.0
2026-05-02 14:00:00,18.1,0,774.0
2026-05-02 15:00:00,18.3,0,734.0
2026-05-02 16:00:00,18.7,0,655.0
2026-05-02 17:00:00,19.5,0,541.0
2026-05-02 18:00:00,20.4,0,404.0
2026-05-02 19:00:00,20.8,0,256.0
2026-05-02 20:00:00,19.8,80,112.0
2026-05-02 21:00:00,18.0,72,15.0
2026-05-02 22:00:00,18.8,100,0.0
2026-05-02 23:00:00,18.8,100,0.0
2026-05-03 00:00:00,18.5,100,0.0
2026-05-03 01:00:00,17.1,9,0.0
2026-05-03 02:00:00,15.5,12,0.0
2026-05-03 03:00:00,14.5,7,0.0
2026-05-03 04:00:00,13.7,35,0.0
2026-05-03 05:00:00,12.9,100,0.0
2026-05-03 06:00:00,12.1,100,7.0
2026-05-03 07:00:00,12.0,99,69.0
2026-05-03 08:00:00,12.6,72,207.0
2026-05-03 09:00:00,13.6,48,356.0
2026-05-03 10:00:00,14.6,80,494.0
2026-05-03 11:00:00,15.2,100,606.0
2026-05-03 12:00:00,15.9,79,666.0
2026-05-03 13:00:00,16.3,93,734.0
2026-05-03 14:00:00,14.3,100,605.0
2026-05-03 15:00:00,15.7,56,520.0
2026-05-03 16:00:00,16.5,66,586.0
2026-05-03 17:00:00,16.0,92,506.0
2026-05-03 18:00:00,15.1,100,323.0
2026-05-03 19:00:00,14.1,100,215.0
2026-05-03 20:00:00,13.4,100,87.0
2026-05-03 21:00:00,12.7,100,9.0
2026-05-03 22:00:00,12.1,99,0.0
2026-05-03 23:00:00,11.9,100,0.0
2026-05-04 00:00:00,11.9,100,0.0
2026-05-04 01:00:00,11.7,100,0.0
2026-05-04 02:00:00,11.8,100,0.0
2026-05-04 03:00:00,11.6,100,0.0
2026-05-04 04:00:00,11.9,98,0.0
2026-05-04 05:00:00,12.7,88,0.0
2026-05-04 06:00:00,12.2,100,7.0
2026-05-04 07:00:00,12.3,100,59.0
2026-05-04 08:00:00,12.4,100,41.0
2026-05-04 09:00:00,12.5,100,109.0
2026-05-04 10:00:00,12.2,93,117.0
2026-05-04 11:00:00,13.2,77,364.0
2026-05-04 12:00:00,14.4,5,623.0
2026-05-04 13:00:00,15.5,1,755.0
2026-05-04 14:00:00,15.8,5,765.0
2026-05-04 15:00:00,16.1,2,733.0
2026-05-04 16:00:00,16.0,11,655.0
2026-05-04 17:00:00,15.6,0,537.0
2026-05-04 18:00:00,14.9,1,406.0
2026-05-04 19:00:00,13.8,0,257.0
2026-05-04 20:00:00,13.4,0,118.0
2026-05-04 21:00:00,12.6,0,20.0
2026-05-04 22:00:00,12.0,0,0.0
2026-05-04 23:00:00,11.4,2,0.0
2026-05-05 00:00:00,10.6,0,0.0
2026-05-05 01:00:00,9.8,0,0.0
2026-05-05 02:00:00,8.8,0,0.0
2026-05-05 03:00:00,8.1,5,0.0
2026-05-05 04:00:00,7.6,49,0.0
2026-05-05 05:00:00,7.4,25,0.0
2026-05-05 06:00:00,7.2,34,10.0
2026-05-05 07:00:00,7.9,64,84.0
2026-05-05 08:00:00,9.1,72,168.0
2026-05-05 09:00:00,9.8,72,267.0
2026-05-05 10:00:00,10.7,83,377.0
2026-05-05 11:00:00,12.0,63,478.0
2026-05-05 12:00:00,12.9,94,557.0
2026-05-05 13:00:00,12.8,100,463.0
2026-05-05 14:00:00,13.1,10,446.0
2026-05-05 15:00:00,13.9,8,741.0
2026-05-05 16:00:00,13.5,10,675.0
2026-05-05 17:00:00,13.2,4,562.0
2026-05-05 18:00:00,12.7,0,425.0
2026-05-05 19:00:00,11.8,0,275.0
2026-05-05 20:00:00,11.2,1,130.0
2026-05-05 21:00:00,10.3,2,23.0
2026-05-05 22:00:00,9.5,2,0.0
2026-05-05 23:00:00,9.3,0,0.0
2026-05-06 00:00:00,9.1,0,0.0
2026-05-06 01:00:00,8.9,4,0.0
2026-05-06 02:00:00,7.9,19,0.0
2026-05-06 03:00:00,7.3,50,0.0
2026-05-06 04:00:00,6.9,100,0.0
2026-05-06 05:00:00,6.5,100,0.0
2026-05-06 06:00:00,6.4,100,11.0
2026-05-06 07:00:00,6.9,100,93.0
2026-05-06 08:00:00,7.5,99,225.0
2026-05-06 09:00:00,8.4,100,362.0
2026-05-06 10:00:00,9.7,100,497.0
2026-05-06 11:00:00,10.9,100,591.0
2026-05-06 12:00:00,12.0,100,635.0
2026-05-06 13:00:00,13.2,100,658.0
2026-05-06 14:00:00,13.5,100,576.0
2026-05-06 15:00:00,13.6,100,643.0
2026-05-06 16:00:00,13.0,100,578.0
2026-05-06 17:00:00,12.5,100,481.0
2026-05-06 18:00:00,11.7,100,351.0
2026-05-06 19:00:00,10.8,100,214.0
2026-05-06 20:00:00,10.3,100,89.0
2026-05-06 21:00:00,9.6,100,15.0
2026-05-06 22:00:00,9.1,100,0.0
2026-05-06 23:00:00,8.6,100,0.0
2026-05-07 00:00:00,8.1,100,0.0
2026-05-07 01:00:00,7.6,100,0.0
2026-05-07 02:00:00,6.4,100,0.0
2026-05-07 03:00:00,6.0,100,0.0
2026-05-07 04:00:00,5.9,87,0.0
2026-05-07 05:00:00,6.1,92,0.0
2026-05-07 06:00:00,6.7,13,11.0
2026-05-07 07:00:00,7.6,0,102.0
2026-05-07 08:00:00,8.4,4,241.0
2026-05-07 09:00:00,9.7,2,389.0
2026-05-07 10:00:00,10.7,3,530.0
2026-05-07 11:00:00,11.7,0,650.0
2026-05-07 12:00:00,12.6,23,739.0
2026-05-07 13:00:00,12.8,76,717.0
2026-05-07 14:00:00,12.5,100,560.0
2026-05-07 15:00:00,12.9,98,391.0
2026-05-07 16:00:00,13.2,100,344.0
2026-05-07 17:00:00,13.4,98,281.0
2026-05-07 18:00:00,13.3,50,255.0
2026-05-07 19:00:00,12.8,9,212.0
2026-05-07 20:00:00,12.1,0,130.0
2026-05-07 21:00:00,10.8,0,26.0
2026-05-07 22:00:00,10.1,0,0.0
2026-05-07 23:00:00,10.2,0,0.0
2026-05-08 00:00:00,9.4,0,0.0
2026-05-08 01:00:00,8.3,0,0.0
2026-05-08 02:00:00,7.0,0,0.0
2026-05-08 03:00:00,6.1,0,0.0
2026-05-08 04:00:00,5.7,0,0.0
2026-05-08 05:00:00,5.5,0,0.0
2026-05-08 06:00:00,6.9,2,15.0
2026-05-08 07:00:00,7.8,7,108.0
2026-05-08 08:00:00,8.7,0,244.0
2026-05-08 09:00:00,9.9,0,396.0
2026-05-08 10:00:00,11.2,0,537.0
2026-05-08 11:00:00,12.1,81,662.0
2026-05-08 12:00:00,12.5,6,749.0
2026-05-08 13:00:00,12.6,0,800.0
2026-05-08 14:00:00,12.5,0,804.0
2026-05-08 15:00:00,12.6,0,763.0
2026-05-08 16:00:00,12.9,0,685.0
2026-05-08 17:00:00,13.1,0,571.0
2026-05-08 18:00:00,13.0,0,431.0
2026-05-08 19:00:00,12.6,0,281.0
2026-05-08 20:00:00,12.2,0,137.0
2026-05-08 21:00:00,11.4,0,29.0
2026-05-08 22:00:00,10.8,0,0.0
2026-05-08 23:00:00,9.9,0,0.0
2026-05-09 00:00:00,9.1,0,0.0
2026-05-09 01:00:00,8.5,0,0.0
2026-05-09 02:00:00,7.4,0,0.0
2026-05-09 03:00:00,6.9,0,0.0
2026-05-09 04:00:00,6.6,0,0.0
2026-05-09 05:00:00,6.4,0,0.0
2026-05-09 06:00:00,6.3,0,17.0
2026-05-09 07:00:00,6.7,0,116.0
2026-05-09 08:00:00,7.9,0,260.0
2026-05-09 09:00:00,9.0,0,413.0
2026-05-09 10:00:00,10.4,0,554.0
2026-05-09 11:00:00,12.0,0,672.0
2026-05-09 12:00:00,13.2,0,757.0
2026-05-09 13:00:00,14.2,16,802.0
2026-05-09 14:00:00,14.0,34,802.0
2026-05-09 15:00:00,13.7,23,764.0
2026-05-09 16:00:00,12.7,74,684.0
2026-05-09 17:00:00,11.9,38,566.0
2026-05-09 18:00:00,11.6,91,431.0
2026-05-09 19:00:00,11.1,16,272.0
2026-05-09 20:00:00,10.7,2,139.0
2026-05-09 21:00:00,9.8,0,30.0
2026-05-09 22:00:00,9.6,1,0.0
2026-05-09 23:00:00,9.4,9,0.0
2026-05-10 00:00:00,9.2,31,0.0
2026-05-10 01:00:00,9.1,59,0.0
2026-05-10 02:00:00,8.3,10,0.0
2026-05-10 03:00:00,7.9,35,0.0
2026-05-10 04:00:00,7.8,63,0.0
2026-05-10 05:00:00,7.7,100,0.0
2026-05-10 06:00:00,8.3,100,12.0
2026-05-10 07:00:00,9.0,100,48.0
2026-05-10 08:00:00,9.4,100,84.0
2026-05-10 09:00:00,10.2,100,161.0
2026-05-10 10:00:00,10.5,100,183.0
2026-05-10 11:00:00,11.2,84,289.0
2026-05-10 12:00:00,12.1,81,459.0
2026-05-10 13:00:00,13.1,59,565.0
2026-05-10 14:00:00,13.6,84,546.0
2026-05-10 15:00:00,13.4,87,436.0
2026-05-10 16:00:00,12.9,65,329.0
2026-05-10 17:00:00,12.0,83,306.0
2026-05-10 18:00:00,12.6,33,182.0
2026-05-10 19:00:00,12.8,29,235.0
2026-05-10 20:00:00,11.8,37,113.0
2026-05-10 21:00:00,11.2,7,27.0
2026-05-10 22:00:00,10.7,14,0.0
2026-05-10 23:00:00,10.1,33,0.0
2026-05-11 00:00:00,9.5,41,0.0
2026-05-11 01:00:00,9.0,5,0.0
2026-05-11 02:00:00,8.2,16,0.0
2026-05-11 03:00:00,7.0,80,0.0
2026-05-11 04:00:00,7.6,94,0.0
2026-05-11 05:00:00,7.5,77,0.0
2026-05-11 06:00:00,7.7,98,17.0
2026-05-11 07:00:00,8.2,100,57.0
2026-05-11 08:00:00,8.4,100,75.0
2026-05-11 09:00:00,8.1,100,68.0
2026-05-11 10:00:00,8.2,100,72.0
2026-05-11 11:00:00,8.6,100,146.0
2026-05-11 12:00:00,8.7,100,125.0
2026-05-11 13:00:00,8.8,100,87.0
2026-05-11 14:00:00,9.2,100,73.0
2026-05-11 15:00:00,9.2,100,81.0
2026-05-11 16:00:00,9.0,100,71.0
2026-05-11 17:00:00,8.9,100,86.0
2026-05-11 18:00:00,8.6,100,78.0
2026-05-11 19:00:00,8.7,100,118.0
2026-05-11 20:00:00,8.5,100,35.0
2026-05-11 21:00:00,8.4,100,7.0
2026-05-11 22:00:00,8.3,100,0.0
2026-05-11 23:00:00,8.1,100,0.0
2026-05-12 00:00:00,8.2,100,0.0
2026-05-12 01:00:00,8.0,64,0.0
2026-05-12 02:00:00,8.0,35,0.0
2026-05-12 03:00:00,7.7,20,0.0
2026-05-12 04:00:00,7.6,82,0.0
2026-05-12 05:00:00,7.7,97,0.0
2026-05-12 06:00:00,7.8,97,10.0
2026-05-12 07:00:00,8.3,96,62.0
2026-05-12 08:00:00,8.4,96,146.0
2026-05-12 09:00:00,9.0,100,197.0
2026-05-12 10:00:00,9.6,98,290.0
2026-05-12 11:00:00,10.3,100,360.0
2026-05-12 12:00:00,10.8,97,395.0
2026-05-12 13:00:00,11.5,95,516.0
2026-05-12 14:00:00,12.1,100,520.0
2026-05-12 15:00:00,11.8,100,310.0
2026-05-12 16:00:00,12.0,66,391.0
2026-05-12 17:00:00,12.3,46,434.0
2026-05-12 18:00:00,12.1,73,349.0
2026-05-12 19:00:00,11.6,19,199.0
2026-05-12 20:00:00,11.1,34,147.0
2026-05-12 21:00:00,10.0,41,37.0
2026-05-12 22:00:00,9.2,43,0.0
2026-05-12 23:00:00,8.8,93,0.0
2026-05-13 00:00:00,8.4,100,0.0
2026-05-13 01:00:00,8.2,100,0.0
2026-05-13 02:00:00,7.3,100,0.0
2026-05-13 03:00:00,7.4,100,0.0
2026-05-13 04:00:00,7.2,100,0.0
2026-05-13 05:00:00,6.9,100,0.0
2026-05-13 06:00:00,6.8,100,9.0
2026-05-13 07:00:00,6.9,100,42.0
2026-05-13 08:00:00,7.3,100,85.0
2026-05-13 09:00:00,8.0,100,211.0
2026-05-13 10:00:00,8.4,100,283.0
2026-05-13 11:00:00,8.4,100,260.0
2026-05-13 12:00:00,8.3,100,309.0
2026-05-13 13:00:00,8.2,100,243.0
2026-05-13 14:00:00,8.5,100,345.0
2026-05-13 15:00:00,8.7,99,450.0
2026-05-13 16:00:00,9.0,96,513.0
2026-05-13 17:00:00,8.9,79,462.0
2026-05-13 18:00:00,8.8,55,336.0
2026-05-13 19:00:00,8.9,59,219.0
2026-05-13 20:00:00,8.6,30,90.0
2026-05-13 21:00:00,8.0,20,35.0
2026-05-13 22:00:00,7.4,28,0.0
2026-05-13 23:00:00,7.4,30,0.0
2026-05-14 00:00:00,7.5,47,0.0
2026-05-14 01:00:00,7.5,2,0.0
2026-05-14 02:00:00,7.0,29,0.0
2026-05-14 03:00:00,6.9,9,0.0
2026-05-14 04:00:00,6.4,2,0.0
2026-05-14 05:00:00,6.1,4,0.0
2026-05-14 06:00:00,6.2,1,26.0
2026-05-14 07:00:00,6.8,1,132.0
2026-05-14 08:00:00,7.9,0,276.0
2026-05-14 09:00:00,8.8,3,427.0
2026-05-14 10:00:00,9.7,15,562.0
2026-05-14 11:00:00,10.4,25,640.0
2026-05-14 12:00:00,11.0,29,689.0
2026-05-14 13:00:00,11.3,20,713.0
2026-05-14 14:00:00,12.0,20,751.0
2026-05-14 15:00:00,11.8,27,710.0
2026-05-14 16:00:00,11.5,29,588.0
2026-05-14 17:00:00,11.4,32,509.0
2026-05-14 18:00:00,10.9,27,356.0
2026-05-14 19:00:00,10.8,10,258.0
2026-05-14 20:00:00,10.7,30,151.0
2026-05-14 21:00:00,9.8,59,40.0
2026-05-14 22:00:00,9.8,63,0.0
2026-05-14 23:00:00,9.3,31,0.0
2026-05-15 00:00:00,8.8,43,0.0
2026-05-15 01:00:00,8.6,5,0.0
2026-05-15 02:00:00,8.2,6,0.0
2026-05-15 03:00:00,7.7,5,0.0
2026-05-15 04:00:00,7.6,21,0.0
2026-05-15 05:00:00,8.0,38,0.0
2026-05-15 06:00:00,8.2,22,25.0
2026-05-15 07:00:00,8.6,2,122.0
2026-05-15 08:00:00,9.6,7,276.0
2026-05-15 09:00:00,10.2,7,408.0
2026-05-15 10:00:00,10.6,2,555.0
2026-05-15 11:00:00,10.7,1,683.0
2026-05-15 12:00:00,10.8,1,772.0
2026-05-15 13:00:00,11.0,2,820.0
2026-05-15 14:00:00,11.9,4,818.0
2026-05-15 15:00:00,11.8,4,772.0
2026-05-15 16:00:00,11.6,10,696.0
2026-05-15 17:00:00,11.3,10,570.0
2026-05-15 18:00:00,10.9,5,440.0
2026-05-15 19:00:00,10.5,9,304.0
2026-05-15 20:00:00,10.7,12,163.0
2026-05-15 21:00:00,10.4,14,45.0
2026-05-15 22:00:00,10.3,18,0.0
2026-05-15 23:00:00,10.3,2,0.0
2026-05-16 00:00:00,9.9,10,0.0
2026-05-16 01:00:00,9.5,5,0.0
2026-05-16 02:00:00,8.7,2,0.0
2026-05-16 03:00:00,8.6,52,0.0
2026-05-16 04:00:00,8.4,94,0.0
2026-05-16 05:00:00,8.4,93,0.0
2026-05-16 06:00:00,8.5,90,24.0
2026-05-16 07:00:00,8.9,98,89.0
2026-05-16 08:00:00,9.1,99,193.0
2026-05-16 09:00:00,9.6,99,278.0
2026-05-16 10:00:00,10.1,100,398.0
2026-05-16 11:00:00,10.1,100,469.0
2026-05-16 12:00:00,9.9,100,331.0
2026-05-16 13:00:00,10.7,100,440.0
2026-05-16 14:00:00,10.2,98,466.0
2026-05-16 15:00:00,11.1,77,471.0
2026-05-16 16:00:00,12.0,74,576.0
2026-05-16 17:00:00,11.6,68,364.0
2026-05-16 18:00:00,11.3,55,318.0
2026-05-16 19:00:00,11.1,22,240.0
2026-05-16 20:00:00,10.4,8,145.0
2026-05-16 21:00:00,9.9,30,45.0
2026-05-16 22:00:00,9.6,41,0.0
2026-05-16 23:00:00,9.4,16,0.0
2026-05-17 00:00:00,9.0,15,0.0
2026-05-17 01:00:00,8.7,31,0.0
2026-05-17 02:00:00,8.6,33,0.0
2026-05-17 03:00:00,8.5,27,0.0
2026-05-17 04:00:00,8.6,17,0.0
2026-05-17 05:00:00,8.3,2,0.0
2026-05-17 06:00:00,8.4,1,32.0
2026-05-17 07:00:00,8.8,0,141.0
2026-05-17 08:00:00,10.0,16,283.0
2026-05-17 09:00:00,10.6,34,402.0
2026-05-17 10:00:00,11.2,13,476.0
2026-05-17 11:00:00,11.3,41,647.0
2026-05-17 12:00:00,11.3,34,640.0
2026-05-17 13:00:00,11.4,59,702.0
2026-05-17 14:00:00,12.6,16,581.0
2026-05-17 15:00:00,12.7,36,714.0
2026-05-17 16:00:00,13.0,73,644.0
2026-05-17 17:00:00,12.8,84,486.0
2026-05-17 18:00:00,12.5,88,374.0
2026-05-17 19:00:00,12.2,84,277.0
2026-05-17 20:00:00,12.0,95,147.0
2026-05-17 21:00:00,11.6,99,37.0
2026-05-17 22:00:00,11.2,96,1.0
2026-05-17 23:00:00,10.9,98,0.0
2026-05-18 00:00:00,10.7,93,0.0
2026-05-18 01:00:00,10.4,98,0.0
2026-05-18 02:00:00,10.2,91,0.0
2026-05-18 03:00:00,10.0,97,0.0
2026-05-18 04:00:00,9.9,98,0.0
2026-05-18 05:00:00,9.7,100,0.0
2026-05-18 06:00:00,9.9,99,28.0
2026-05-18 07:00:00,10.5,9,103.0
2026-05-18 08:00:00,11.9,0,282.0
2026-05-18 09:00:00,13.1,1,434.0
2026-05-18 10:00:00,14.2,8,574.0
2026-05-18 11:00:00,14.8,14,692.0
2026-05-18 12:00:00,14.7,12,778.0
2026-05-18 13:00:00,14.5,20,817.0
2026-05-18 14:00:00,15.7,18,776.0
2026-05-18 15:00:00,15.5,12,722.0
2026-05-18 16:00:00,15.3,23,676.0
2026-05-18 17:00:00,14.9,18,583.0
2026-05-18 18:00:00,14.5,7,446.0
2026-05-18 19:00:00,13.9,50,315.0
2026-05-18 20:00:00,13.6,84,165.0
2026-05-18 21:00:00,12.9,79,46.0
2026-05-18 22:00:00,12.4,67,1.0
2026-05-18 23:00:00,11.5,12,0.0
2026-05-19 00:00:00,10.6,5,0.0
2026-05-19 01:00:00,9.7,1,0.0
2026-05-19 02:00:00,9.4,4,0.0
2026-05-19 03:00:00,9.1,15,0.0
2026-05-19 04:00:00,8.6,36,0.0
2026-05-19 05:00:00,8.5,5,0.0
2026-05-19 06:00:00,9.0,0,36.0
2026-05-19 07:00:00,10.1,0,148.0
2026-05-19 08:00:00,11.3,0,292.0
2026-05-19 09:00:00,12.2,0,440.0
2026-05-19 10:00:00,12.9,0,578.0
2026-05-19 11:00:00,13.7,0,692.0
2026-05-19 12:00:00,14.0,0,774.0
2026-05-19 13:00:00,14.0,3,821.0
2026-05-19 14:00:00,14.7,1,822.0
2026-05-19 15:00:00,14.3,6,782.0
2026-05-19 16:00:00,14.0,3,698.0
2026-05-19 17:00:00,14.0,3,588.0
2026-05-19 18:00:00,13.8,2,460.0
2026-05-19 19:00:00,13.3,3,316.0
2026-05-19 20:00:00,13.1,3,170.0
2026-05-19 21:00:00,12.4,4,53.0
2026-05-19 22:00:00,12.0,3,1.0
2026-05-19 23:00:00,11.8,1,0.0
2026-05-20 00:00:00,11.8,0,0.0
2026-05-20 01:00:00,11.6,1,0.0
2026-05-20 02:00:00,10.9,12,0.0
2026-05-20 03:00:00,10.9,29,0.0
2026-05-20 04:00:00,10.7,9,0.0
2026-05-20 05:00:00,10.6,13,0.0
2026-05-20 06:00:00,11.1,100,34.0
2026-05-20 07:00:00,11.6,96,65.0
2026-05-20 08:00:00,12.6,59,107.0
2026-05-20 09:00:00,13.4,58,362.0
2026-05-20 10:00:00,14.0,100,455.0
2026-05-20 11:00:00,13.1,100,215.0
2026-05-20 12:00:00,13.2,100,244.0
2026-05-20 13:00:00,13.6,97,328.0
2026-05-20 14:00:00,13.3,100,518.0
2026-05-20 15:00:00,12.6,100,186.0
2026-05-20 16:00:00,12.4,84,156.0
2026-05-20 17:00:00,13.5,83,460.0
2026-05-20 18:00:00,12.4,100,247.0
2026-05-20 19:00:00,12.1,100,68.0
2026-05-20 20:00:00,12.4,99,36.0
2026-05-20 21:00:00,12.3,100,30.0
2026-05-20 22:00:00,12.5,95,1.0
2026-05-20 23:00:00,12.5,69,0.0
2026-05-21 00:00:00,12.3,41,0.0
2026-05-21 01:00:00,12.1,39,0.0
2026-05-21 02:00:00,11.9,41,0.0
2026-05-21 03:00:00,11.6,9,0.0
2026-05-21 04:00:00,11.0,13,0.0
2026-05-21 05:00:00,10.6,12,0.0
2026-05-21 06:00:00,10.8,7,36.0
2026-05-21 07:00:00,11.7,27,140.0
2026-05-21 08:00:00,13.1,97,254.0
2026-05-21 09:00:00,13.6,70,222.0
2026-05-21 10:00:00,14.5,47,337.0
2026-05-21 11:00:00,15.3,45,518.0
2026-05-21 12:00:00,15.1,100,648.0
2026-05-21 13:00:00,15.3,75,455.0
2026-05-21 14:00:00,15.8,49,568.0
2026-05-21 15:00:00,17.3,70,630.0
2026-05-21 16:00:00,17.4,42,417.0
2026-05-21 17:00:00,18.4,34,453.0
2026-05-21 18:00:00,17.6,24,386.0
2026-05-21 19:00:00,17.1,10,293.0
2026-05-21 20:00:00,16.4,16,176.0
2026-05-21 21:00:00,15.5,1,59.0
2026-05-21 22:00:00,14.3,1,2.0
2026-05-21 23:00:00,13.4,8,0.0
2026-05-22 00:00:00,12.9,10,0.0
2026-05-22 01:00:00,12.2,0,0.0
2026-05-22 02:00:00,11.4,0,0.0
2026-05-22 03:00:00,11.2,35,0.0
2026-05-22 04:00:00,11.1,24,0.0
2026-05-22 05:00:00,10.9,27,0.0
2026-05-22 06:00:00,11.3,22,38.0
2026-05-22 07:00:00,12.2,88,143.0
2026-05-22 08:00:00,13.5,88,270.0
2026-05-22 09:00:00,14.7,92,411.0
2026-05-22 10:00:00,16.0,100,516.0
2026-05-22 11:00:00,16.2,100,382.0
2026-05-22 12:00:00,15.6,100,200.0
2026-05-22 13:00:00,16.3,92,263.0
2026-05-22 14:00:00,16.8,100,485.0
2026-05-22 15:00:00,17.4,100,372.0
2026-05-22 16:00:00,17.5,95,317.0
2026-05-22 17:00:00,18.3,68,412.0
2026-05-22 18:00:00,18.7,54,365.0
2026-05-22 19:00:00,18.6,27,256.0
2026-05-22 20:00:00,18.4,5,156.0
2026-05-22 21:00:00,16.6,16,58.0
2026-05-22 22:00:00,15.5,12,2.0
2026-05-22 23:00:00,14.8,12,0.0
2026-05-23 00:00:00,15.0,14,0.0
2026-05-23 01:00:00,14.5,8,0.0
2026-05-23 02:00:00,13.6,30,0.0
2026-05-23 03:00:00,13.4,35,0.0
2026-05-23 04:00:00,13.2,36,0.0
2026-05-23 05:00:00,13.0,52,0.0
2026-05-23 06:00:00,13.3,5,40.0
2026-05-23 07:00:00,14.1,41,146.0
2026-05-23 08:00:00,15.4,22,281.0
2026-05-23 09:00:00,16.4,81,427.0
2026-05-23 10:00:00,17.4,64,553.0
2026-05-23 11:00:00,17.9,23,670.0
2026-05-23 12:00:00,18.7,27,736.0
2026-05-23 13:00:00,19.1,95,743.0
2026-05-23 14:00:00,19.8,99,734.0
2026-05-23 15:00:00,19.3,98,545.0
2026-05-23 16:00:00,19.5,86,576.0
2026-05-23 17:00:00,19.5,80,480.0
2026-05-23 18:00:00,20.4,19,312.0
2026-05-23 19:00:00,21.6,9,293.0
2026-05-23 20:00:00,22.0,26,169.0
2026-05-23 21:00:00,21.5,26,57.0
2026-05-23 22:00:00,20.3,39,3.0
2026-05-23 23:00:00,19.3,26,0.0
2026-05-24 00:00:00,18.1,13,0.0
2026-05-24 01:00:00,16.7,12,0.0
2026-05-24 02:00:00,15.8,1,0.0
2026-05-24 03:00:00,14.9,8,0.0
2026-05-24 04:00:00,14.0,15,0.0
2026-05-24 05:00:00,13.1,23,0.0
2026-05-24 06:00:00,12.9,1,44.0
2026-05-24 07:00:00,13.5,57,157.0
2026-05-24 08:00:00,14.9,84,294.0
2026-05-24 09:00:00,15.7,94,403.0
2026-05-24 10:00:00,16.5,89,536.0
2026-05-24 11:00:00,17.2,91,630.0
2026-05-24 12:00:00,17.7,84,711.0
2026-05-24 13:00:00,18.0,80,774.0
2026-05-24 14:00:00,18.8,95,800.0
2026-05-24 15:00:00,18.7,89,734.0
2026-05-24 16:00:00,18.9,87,682.0
2026-05-24 17:00:00,18.8,77,560.0
2026-05-24 18:00:00,18.7,76,450.0
2026-05-24 19:00:00,18.4,76,312.0
2026-05-24 20:00:00,18.0,30,175.0
2026-05-24 21:00:00,17.4,62,63.0
2026-05-24 22:00:00,16.7,40,3.0
2026-05-24 23:00:00,16.1,38,0.0
2026-05-25 00:00:00,15.6,17,0.0
2026-05-25 01:00:00,14.8,12,0.0
2026-05-25 02:00:00,13.7,1,0.0
2026-05-25 03:00:00,13.5,14,0.0
2026-05-25 04:00:00,13.1,5,0.0
2026-05-25 05:00:00,12.7,0,1.0
2026-05-25 06:00:00,12.9,0,44.0
2026-05-25 07:00:00,13.9,0,153.0
2026-05-25 08:00:00,15.7,0,289.0
2026-05-25 09:00:00,17.2,0,431.0
2026-05-25 10:00:00,18.5,0,565.0
2026-05-25 11:00:00,19.7,0,679.0
2026-05-25 12:00:00,20.8,0,764.0
2026-05-25 13:00:00,21.6,0,814.0
2026-05-25 14:00:00,22.6,0,824.0
2026-05-25 15:00:00,22.8,0,788.0
2026-05-25 16:00:00,23.0,1,711.0
2026-05-25 17:00:00,23.0,0,599.0
2026-05-25 18:00:00,22.7,0,470.0
2026-05-25 19:00:00,22.1,0,329.0
2026-05-25 20:00:00,21.6,0,188.0
2026-05-25 21:00:00,20.5,0,68.0
2026-05-25 22:00:00,19.3,0,4.0
2026-05-25 23:00:00,18.2,0,0.0
2026-05-26 00:00:00,17.5,1,0.0
2026-05-26 01:00:00,16.9,0,0.0
2026-05-26 02:00:00,16.2,0,0.0
2026-05-26 03:00:00,15.8,4,0.0
2026-05-26 04:00:00,15.3,0,0.0
2026-05-26 05:00:00,14.8,0,1.0
2026-05-26 06:00:00,14.8,0,47.0
2026-05-26 07:00:00,15.4,1,157.0
2026-05-26 08:00:00,16.8,0,295.0
2026-05-26 09:00:00,18.3,2,439.0
2026-05-26 10:00:00,19.7,37,569.0
2026-05-26 11:00:00,20.5,50,583.0
2026-05-26 12:00:00,21.1,35,597.0
2026-05-26 13:00:00,22.2,35,722.0
2026-05-26 14:00:00,22.7,38,749.0
2026-05-26 15:00:00,22.5,25,636.0
2026-05-26 16:00:00,22.9,52,652.0
2026-05-26 17:00:00,23.1,59,550.0
2026-05-26 18:00:00,22.2,16,434.0
2026-05-26 19:00:00,21.2,9,299.0
2026-05-26 20:00:00,19.6,3,184.0
2026-05-26 21:00:00,18.4,5,67.0
2026-05-26 22:00:00,17.2,6,4.0
2026-05-26 23:00:00,15.6,3,0.0
2026-05-27 00:00:00,14.5,4,0.0
2026-05-27 01:00:00,13.4,2,0.0
2026-05-27 02:00:00,12.3,2,0.0
2026-05-27 03:00:00,11.7,4,0.0
2026-05-27 04:00:00,11.4,5,0.0
2026-05-27 05:00:00,11.3,0,1.0
2026-05-27 06:00:00,11.6,0,52.0
2026-05-27 07:00:00,12.6,2,170.0
2026-05-27 08:00:00,13.8,0,313.0
2026-05-27 09:00:00,14.7,0,461.0
2026-05-27 10:00:00,15.5,0,599.0
2026-05-27 11:00:00,16.2,0,715.0
2026-05-27 12:00:00,16.8,0,800.0
2026-05-27 13:00:00,17.1,0,848.0
2026-05-27 14:00:00,17.6,0,854.0
2026-05-27 15:00:00,17.4,3,817.0
2026-05-27 16:00:00,17.3,0,743.0
2026-05-27 17:00:00,17.2,5,632.0
2026-05-27 18:00:00,16.9,3,494.0
2026-05-27 19:00:00,16.5,1,346.0
2026-05-27 20:00:00,15.7,34,200.0
2026-05-27 21:00:00,14.9,84,75.0
2026-05-27 22:00:00,14.1,77,5.0
2026-05-27 23:00:00,13.6,48,0.0
2026-05-28 00:00:00,12.9,48,0.0
2026-05-28 01:00:00,12.2,30,0.0
2026-05-28 02:00:00,10.8,0,0.0
2026-05-28 03:00:00,10.3,0,0.0
2026-05-28 04:00:00,9.9,0,0.0
2026-05-28 05:00:00,9.5,0,1.0
2026-05-28 06:00:00,9.9,0,53.0
2026-05-28 07:00:00,10.9,9,170.0
2026-05-28 08:00:00,12.6,41,311.0
2026-05-28 09:00:00,14.3,58,450.0
2026-05-28 10:00:00,16.1,38,589.0
2026-05-28 11:00:00,17.5,38,708.0
2026-05-28 12:00:00,18.6,25,793.0
2026-05-28 13:00:00,19.5,27,837.0
2026-05-28 14:00:00,20.4,24,842.0
2026-05-28 15:00:00,20.2,6,810.0
2026-05-28 16:00:00,19.9,11,737.0
2026-05-28 17:00:00,19.5,16,628.0
2026-05-28 18:00:00,18.9,35,494.0
2026-05-28 19:00:00,18.1,46,343.0
2026-05-28 20:00:00,17.3,41,198.0
2026-05-28 21:00:00,16.3,79,73.0
2026-05-28 22:00:00,15.4,72,6.0
2026-05-28 23:00:00,14.7,40,0.0
2026-05-29 00:00:00,14.0,29,0.0
2026-05-29 01:00:00,13.2,3,0.0
2026-05-29 02:00:00,11.8,0,0.0
2026-05-29 03:00:00,11.6,1,0.0
2026-05-29 04:00:00,11.6,34,0.0
2026-05-29 05:00:00,11.8,21,1.0
2026-05-29 06:00:00,12.9,12,54.0
2026-05-29 07:00:00,13.6,2,168.0
2026-05-29 08:00:00,14.7,7,309.0
2026-05-29 09:00:00,15.5,4,451.0
2026-05-29 10:00:00,16.9,0,588.0
2026-05-29 11:00:00,18.4,0,702.0
2026-05-29 12:00:00,19.5,0,787.0
2026-05-29 13:00:00,19.8,0,833.0
2026-05-29 14:00:00,19.4,9,837.0
2026-05-29 15:00:00,20.3,77,760.0
2026-05-29 16:00:00,20.7,91,506.0
2026-05-29 17:00:00,19.1,74,441.0
2026-05-29 18:00:00,19.5,83,391.0
2026-05-29 19:00:00,18.4,72,213.0
2026-05-29 20:00:00,18.6,36,133.0
2026-05-29 21:00:00,18.0,56,72.0
2026-05-29 22:00:00,18.8,94,6.0
2026-05-29 23:00:00,19.0,97,0.0
2026-05-30 00:00:00,18.5,97,0.0
2026-05-30 01:00:00,17.2,100,0.0
2026-05-30 02:00:00,16.1,100,0.0
2026-05-30 03:00:00,15.4,91,0.0
2026-05-30 04:00:00,14.7,97,0.0
2026-05-30 05:00:00,13.6,1,1.0
2026-05-30 06:00:00,13.4,61,54.0
2026-05-30 07:00:00,14.0,5,157.0
2026-05-30 08:00:00,15.5,15,304.0
2026-05-30 09:00:00,16.9,76,426.0
2026-05-30 10:00:00,17.2,99,367.0
2026-05-30 11:00:00,17.3,100,317.0
2026-05-30 12:00:00,18.0,100,418.0
2026-05-30 13:00:00,18.6,96,352.0
2026-05-30 14:00:00,19.4,55,446.0
2026-05-30 15:00:00,19.7,64,651.0
2026-05-30 16:00:00,19.3,53,506.0
2026-05-30 17:00:00,19.1,66,464.0
2026-05-30 18:00:00,18.7,70,355.0
2026-05-30 19:00:00,17.8,55,234.0
2026-05-30 20:00:00,17.0,41,149.0
2026-05-30 21:00:00,16.3,30,67.0
2026-05-30 22:00:00,15.5,64,6.0
2026-05-30 23:00:00,14.9,9,0.0
2026-05-31 00:00:00,13.9,3,0.0
2026-05-31 01:00:00,13.4,5,0.0
2026-05-31 02:00:00,13.3,19,0.0
2026-05-31 03:00:00,13.1,59,0.0
2026-05-31 04:00:00,13.0,46,0.0
2026-05-31 05:00:00,12.7,19,2.0
2026-05-31 06:00:00,12.7,5,50.0
2026-05-31 07:00:00,13.3,5,161.0
2026-05-31 08:00:00,14.2,96,299.0
2026-05-31 09:00:00,15.0,95,340.0
2026-05-31 10:00:00,15.9,99,415.0
2026-05-31 11:00:00,16.5,99,467.0
2026-05-31 12:00:00,16.8,93,492.0
2026-05-31 13:00:00,17.1,100,672.0
2026-05-31 14:00:00,16.8,99,648.0
2026-05-31 15:00:00,16.4,100,547.0
2026-05-31 16:00:00,15.7,100,431.0
2026-05-31 17:00:00,15.5,98,461.0
2026-05-31 18:00:00,15.2,98,329.0
2026-05-31 19:00:00,14.6,96,170.0
2026-05-31 20:00:00,15.1,100,114.0
2026-05-31 21:00:00,14.9,62,42.0
2026-05-31 22:00:00,14.5,55,5.0
2026-05-31 23:00:00,14.2,39,0.0
2026-06-01 00:00:00,13.8,100,0.0
2026-06-01 01:00:00,13.8,99,0.0
2026-06-01 02:00:00,13.3,77,0.0
2026-06-01 03:00:00,13.1,99,0.0
2026-06-01 04:00:00,13.2,92,0.0
2026-06-01 05:00:00,12.7,100,2.0
2026-06-01 06:00:00,13.3,100,27.0
2026-06-01 07:00:00,13.7,100,73.0
2026-06-01 08:00:00,14.5,100,140.0
2026-06-01 09:00:00,15.4,100,244.0
2026-06-01 10:00:00,15.9,100,243.0
2026-06-01 11:00:00,16.4,100,297.0
2026-06-01 12:00:00,17.3,100,471.0
2026-06-01 13:00:00,17.6,100,547.0
2026-06-01 14:00:00,17.8,51,646.0
2026-06-01 15:00:00,17.5,47,599.0
2026-06-01 16:00:00,17.2,66,525.0
2026-06-01 17:00:00,17.5,17,408.0
2026-06-01 18:00:00,17.9,41,426.0
2026-06-01 19:00:00,17.9,45,290.0
2026-06-01 20:00:00,17.8,64,164.0
2026-06-01 21:00:00,17.3,99,71.0
2026-06-01 22:00:00,16.7,100,7.0
2026-06-01 23:00:00,16.2,100,0.0
2026-06-02 00:00:00,15.7,99,0.0
2026-06-02 01:00:00,15.4,99,0.0
2026-06-02 02:00:00,14.7,100,0.0
2026-06-02 03:00:00,14.6,100,0.0
2026-06-02 04:00:00,14.6,100,0.0
2026-06-02 05:00:00,14.7,53,1.0
2026-06-02 06:00:00,15.0,84,52.0
2026-06-02 07:00:00,15.6,100,114.0
2026-06-02 08:00:00,16.1,68,137.0
2026-06-02 09:00:00,16.5,25,352.0
2026-06-02 10:00:00,17.3,7,524.0
2026-06-02 11:00:00,17.8,2,683.0
2026-06-02 12:00:00,18.3,9,771.0
2026-06-02 13:00:00,18.6,27,811.0
2026-06-02 14:00:00,19.6,86,821.0
2026-06-02 15:00:00,20.0,98,783.0
2026-06-02 16:00:00,19.6,91,688.0
2026-06-02 17:00:00,19.6,100,604.0
2026-06-02 18:00:00,19.6,100,470.0
2026-06-02 19:00:00,18.9,100,305.0
2026-06-02 20:00:00,18.9,100,160.0
2026-06-02 21:00:00,18.3,100,60.0
2026-06-02 22:00:00,17.7,99,6.0
2026-06-02 23:00:00,17.2,94,0.0
2026-06-03 00:00:00,16.7,95,0.0
2026-06-03 01:00:00,16.4,90,0.0
2026-06-03 02:00:00,16.2,60,0.0
2026-06-03 03:00:00,16.2,51,0.0
2026-06-03 04:00:00,16.2,84,0.0
2026-06-03 05:00:00,16.3,56,2.0
2026-06-03 06:00:00,16.4,41,51.0
2026-06-03 07:00:00,16.9,10,142.0
2026-06-03 08:00:00,17.9,54,303.0
2026-06-03 09:00:00,18.0,58,441.0
2026-06-03 10:00:00,18.1,94,568.0
2026-06-03 11:00:00,18.1,98,601.0
2026-06-03 12:00:00,18.7,93,593.0
2026-06-03 13:00:00,18.9,100,715.0
2026-06-03 14:00:00,18.5,100,433.0
2026-06-03 15:00:00,17.4,100,222.0
2026-06-03 16:00:00,17.0,100,101.0
2026-06-03 17:00:00,17.0,100,132.0
2026-06-03 18:00:00,16.4,100,80.0
2026-06-03 19:00:00,16.0,100,80.0
2026-06-03 20:00:00,16.2,100,54.0
2026-06-03 21:00:00,15.8,87,41.0
2026-06-03 22:00:00,15.5,1,8.0
2026-06-03 23:00:00,15.4,8,0.0
2026-06-04 00:00:00,15.2,35,0.0
2026-06-04 01:00:00,15.0,85,0.0
2026-06-04 02:00:00,15.4,92,0.0
2026-06-04 03:00:00,15.8,99,0.0
2026-06-04 04:00:00,15.8,96,0.0
2026-06-04 05:00:00,15.5,100,2.0
2026-06-04 06:00:00,15.8,100,23.0
2026-06-04 07:00:00,15.7,100,56.0
2026-06-04 08:00:00,16.1,98,131.0
2026-06-04 09:00:00,16.5,78,313.0
2026-06-04 10:00:00,16.8,66,552.0
2026-06-04 11:00:00,17.2,100,650.0
2026-06-04 12:00:00,16.1,98,238.0
2026-06-04 13:00:00,17.1,100,542.0
2026-06-04 14:00:00,17.3,100,527.0
2026-06-04 15:00:00,17.3,100,558.0
2026-06-04 16:00:00,17.3,100,370.0
2026-06-04 17:00:00,17.7,99,325.0
2026-06-04 18:00:00,16.9,100,210.0
2026-06-04 19:00:00,16.3,86,155.0
2026-06-04 20:00:00,15.6,100,181.0
2026-06-04 21:00:00,16.1,99,28.0
2026-06-04 22:00:00,15.2,100,5.0
2026-06-04 23:00:00,15.1,100,0.0
2026-06-05 00:00:00,14.9,100,0.0
2026-06-05 01:00:00,14.7,100,0.0
2026-06-05 02:00:00,15.1,92,0.0
2026-06-05 03:00:00,14.9,69,0.0
2026-06-05 04:00:00,14.1,27,0.0
2026-06-05 05:00:00,13.8,16,3.0
2026-06-05 06:00:00,14.3,73,54.0
2026-06-05 07:00:00,14.7,54,152.0
2026-06-05 08:00:00,15.5,100,273.0
2026-06-05 09:00:00,15.6,100,235.0
2026-06-05 10:00:00,16.7,89,471.0
2026-06-05 11:00:00,17.4,73,580.0
2026-06-05 12:00:00,17.9,59,584.0
2026-06-05 13:00:00,18.3,70,707.0
2026-06-05 14:00:00,18.7,62,632.0
2026-06-05 15:00:00,18.2,69,680.0
2026-06-05 16:00:00,17.8,23,571.0
2026-06-05 17:00:00,18.8,21,597.0
2026-06-05 18:00:00,16.5,91,445.0
2026-06-05 19:00:00,16.2,95,193.0
2026-06-05 20:00:00,16.9,66,176.0
2026-06-05 21:00:00,16.4,17,73.0
2026-06-05 22:00:00,15.7,23,10.0
2026-06-05 23:00:00,15.3,62,0.0
2026-06-06 00:00:00,14.6,12,0.0
2026-06-06 01:00:00,13.7,4,0.0
2026-06-06 02:00:00,13.3,2,0.0
2026-06-06 03:00:00,12.9,2,0.0
2026-06-06 04:00:00,12.5,2,0.0
2026-06-06 05:00:00,12.1,0,3.0
2026-06-06 06:00:00,12.3,0,61.0
2026-06-06 07:00:00,13.0,5,176.0
2026-06-06 08:00:00,14.5,35,315.0
2026-06-06 09:00:00,15.4,88,455.0
2026-06-06 10:00:00,16.1,80,555.0
2026-06-06 11:00:00,16.7,34,669.0
2026-06-06 12:00:00,16.8,89,727.0
2026-06-06 13:00:00,16.3,90,665.0
2026-06-06 14:00:00,16.9,38,674.0
2026-06-06 15:00:00,17.1,41,680.0
2026-06-06 16:00:00,16.8,59,575.0
2026-06-06 17:00:00,16.9,20,451.0
2026-06-06 18:00:00,17.0,19,440.0
2026-06-06 19:00:00,16.9,13,317.0
2026-06-06 20:00:00,17.1,11,191.0
2026-06-06 21:00:00,16.8,34,84.0
2026-06-06 22:00:00,16.1,73,10.0
2026-06-06 23:00:00,15.8,97,0.0
2026-06-07 00:00:00,15.7,81,0.0
2026-06-07 01:00:00,15.2,99,0.0
2026-06-07 02:00:00,14.4,99,0.0
2026-06-07 03:00:00,14.3,82,0.0
2026-06-07 04:00:00,14.4,100,0.0
2026-06-07 05:00:00,14.9,100,1.0
2026-06-07 06:00:00,15.1,86,22.0
2026-06-07 07:00:00,15.6,72,89.0
2026-06-07 08:00:00,16.3,98,240.0
2026-06-07 09:00:00,16.2,98,213.0
2026-06-07 10:00:00,17.0,98,370.0
2026-06-07 11:00:00,17.8,94,425.0
2026-06-07 12:00:00,18.2,72,598.0
2026-06-07 13:00:00,18.5,48,667.0
2026-06-07 14:00:00,18.6,35,787.0
2026-06-07 15:00:00,18.8,80,774.0
2026-06-07 16:00:00,17.7,67,569.0
2026-06-07 17:00:00,17.8,59,408.0
2026-06-07 18:00:00,18.0,73,399.0
2026-06-07 19:00:00,16.8,58,168.0
2026-06-07 20:00:00,16.2,68,146.0
2026-06-07 21:00:00,15.5,9,59.0
2026-06-07 22:00:00,15.4,15,11.0
2026-06-07 23:00:00,15.0,7,0.0
2026-06-08 00:00:00,14.4,10,0.0
2026-06-08 01:00:00,14.0,17,0.0
2026-06-08 02:00:00,14.0,20,0.0
2026-06-08 03:00:00,13.7,35,0.0
2026-06-08 04:00:00,13.6,42,0.0
2026-06-08 05:00:00,13.4,41,3.0
2026-06-08 06:00:00,13.6,23,43.0
2026-06-08 07:00:00,14.0,5,155.0
2026-06-08 08:00:00,15.0,20,302.0
2026-06-08 09:00:00,16.0,60,444.0
2026-06-08 10:00:00,16.8,100,535.0
2026-06-08 11:00:00,16.9,100,409.0
2026-06-08 12:00:00,17.2,100,344.0
2026-06-08 13:00:00,17.3,99,432.0
2026-06-08 14:00:00,17.2,99,509.0
2026-06-08 15:00:00,16.9,87,586.0
2026-06-08 16:00:00,17.3,89,597.0
2026-06-08 17:00:00,17.4,98,517.0
2026-06-08 18:00:00,17.0,97,403.0
2026-06-08 19:00:00,16.6,100,265.0
2026-06-08 20:00:00,16.7,100,92.0
2026-06-08 21:00:00,16.4,100,34.0
2026-06-08 22:00:00,16.2,99,6.0
2026-06-08 23:00:00,15.9,98,0.0
2026-06-09 00:00:00,15.7,100,0.0
2026-06-09 01:00:00,15.8,100,0.0
2026-06-09 02:00:00,15.8,100,0.0
2026-06-09 03:00:00,15.9,95,0.0
2026-06-09 04:00:00,15.5,99,0.0
2026-06-09 05:00:00,15.3,99,1.0
2026-06-09 06:00:00,15.5,100,35.0
2026-06-09 07:00:00,15.6,100,46.0
2026-06-09 08:00:00,15.8,100,91.0
2026-06-09 09:00:00,15.8,100,129.0
2026-06-09 10:00:00,14.5,100,42.0
2026-06-09 11:00:00,14.6,100,141.0
2026-06-09 12:00:00,16.4,94,519.0
2026-06-09 13:00:00,16.9,82,712.0
2026-06-09 14:00:00,17.4,92,668.0
2026-06-09 15:00:00,15.9,99,502.0
2026-06-09 16:00:00,16.4,96,574.0
2026-06-09 17:00:00,16.3,100,475.0
2026-06-09 18:00:00,15.5,59,391.0
2026-06-09 19:00:00,15.3,17,290.0
2026-06-09 20:00:00,15.6,8,205.0
2026-06-09 21:00:00,15.1,11,92.0
2026-06-09 22:00:00,14.2,4,13.0
2026-06-09 23:00:00,13.6,3,0.0
2026-06-10 00:00:00,13.2,20,0.0
2026-06-10 01:00:00,13.0,2,0.0
2026-06-10 02:00:00,12.5,9,0.0
2026-06-10 03:00:00,12.8,59,0.0
2026-06-10 04:00:00,12.5,98,0.0
2026-06-10 05:00:00,12.1,32,2.0
2026-06-10 06:00:00,12.2,50,58.0
2026-06-10 07:00:00,12.5,22,149.0
2026-06-10 08:00:00,13.3,17,296.0
2026-06-10 09:00:00,14.3,20,431.0
2026-06-10 10:00:00,15.1,34,561.0
2026-06-10 11:00:00,15.7,21,610.0
2026-06-10 12:00:00,16.4,23,705.0
2026-06-10 13:00:00,16.9,18,733.0
2026-06-10 14:00:00,17.5,29,762.0
2026-06-10 15:00:00,17.5,30,702.0
2026-06-10 16:00:00,17.4,11,665.0
2026-06-10 17:00:00,17.5,27,614.0
2026-06-10 18:00:00,17.0,22,449.0
2026-06-10 19:00:00,16.5,84,342.0
2026-06-10 20:00:00,16.1,97,196.0
2026-06-10 21:00:00,15.3,89,70.0
2026-06-10 22:00:00,14.6,30,12.0
2026-06-10 23:00:00,14.1,20,0.0
2026-06-11 00:00:00,13.9,19,0.0
2026-06-11 01:00:00,13.7,11,0.0
2026-06-11 02:00:00,12.5,84,0.0
2026-06-11 03:00:00,12.0,92,0.0
2026-06-11 04:00:00,11.7,77,0.0
2026-06-11 05:00:00,11.3,47,4.0
2026-06-11 06:00:00,11.6,41,59.0
2026-06-11 07:00:00,12.6,55,173.0
2026-06-11 08:00:00,14.1,44,307.0
2026-06-11 09:00:00,14.9,46,456.0
2026-06-11 10:00:00,15.1,48,465.0
2026-06-11 11:00:00,15.5,93,548.0
2026-06-11 12:00:00,15.3,75,353.0
2026-06-11 13:00:00,15.4,63,443.0
2026-06-11 14:00:00,15.7,47,509.0
2026-06-11 15:00:00,16.5,70,713.0
2026-06-11 16:00:00,16.5,66,516.0
2026-06-11 17:00:00,16.7,41,530.0
2026-06-11 18:00:00,16.4,48,383.0
2026-06-11 19:00:00,16.1,62,289.0
2026-06-11 20:00:00,14.7,33,161.0
2026-06-11 21:00:00,14.1,13,87.0
2026-06-11 22:00:00,13.8,16,14.0
2026-06-11 23:00:00,13.4,6,0.0
2026-06-12 00:00:00,12.9,4,0.0
2026-06-12 01:00:00,12.6,3,0.0
2026-06-12 02:00:00,11.1,1,0.0
2026-06-12 03:00:00,10.9,23,0.0
2026-06-12 04:00:00,10.9,7,0.0
2026-06-12 05:00:00,10.6,2,4.0
2026-06-12 06:00:00,12.1,2,65.0
2026-06-12 07:00:00,13.4,2,180.0
2026-06-12 08:00:00,14.9,16,319.0
2026-06-12 09:00:00,14.9,32,420.0
2026-06-12 10:00:00,15.1,50,510.0
2026-06-12 11:00:00,15.0,88,530.0
2026-06-12 12:00:00,15.2,80,563.0
2026-06-12 13:00:00,15.4,79,674.0
2026-06-12 14:00:00,16.5,70,574.0
2026-06-12 15:00:00,16.5,77,709.0
2026-06-12 16:00:00,15.8,88,391.0
2026-06-12 17:00:00,16.1,100,462.0
2026-06-12 18:00:00,15.2,100,106.0
2026-06-12 19:00:00,14.9,100,71.0
2026-06-12 20:00:00,15.3,100,52.0
2026-06-12 21:00:00,15.7,62,31.0
2026-06-12 22:00:00,14.1,100,10.0
2026-06-12 23:00:00,14.0,100,0.0
2026-06-13 00:00:00,13.4,9,0.0
2026-06-13 01:00:00,12.7,18,0.0
2026-06-13 02:00:00,12.6,14,0.0
2026-06-13 03:00:00,12.3,20,0.0
2026-06-13 04:00:00,12.2,16,0.0
2026-06-13 05:00:00,12.0,16,4.0
2026-06-13 06:00:00,12.5,13,58.0
2026-06-13 07:00:00,13.1,15,164.0
2026-06-13 08:00:00,14.1,100,294.0
2026-06-13 09:00:00,14.4,62,142.0
2026-06-13 10:00:00,15.2,80,455.0
2026-06-13 11:00:00,15.1,80,414.0
2026-06-13 12:00:00,16.1,85,572.0
2026-06-13 13:00:00,15.3,98,453.0
2026-06-13 14:00:00,14.6,99,278.0
2026-06-13 15:00:00,12.9,99,264.0
2026-06-13 16:00:00,13.7,78,228.0
2026-06-13 17:00:00,15.3,83,397.0
2026-06-13 18:00:00,15.2,26,359.0
2026-06-13 19:00:00,15.1,23,329.0
2026-06-13 20:00:00,14.2,26,201.0
2026-06-13 21:00:00,13.6,41,90.0
2026-06-13 22:00:00,12.9,20,12.0
2026-06-13 23:00:00,12.3,49,0.0
2026-06-14 00:00:00,11.4,66,0.0
2026-06-14 01:00:00,11.0,94,0.0
2026-06-14 02:00:00,10.9,98,0.0
2026-06-14 03:00:00,11.0,81,0.0
2026-06-14 04:00:00,10.5,99,0.0
2026-06-14 05:00:00,10.4,80,4.0
2026-06-14 06:00:00,10.7,45,60.0
2026-06-14 07:00:00,11.6,30,173.0
2026-06-14 08:00:00,12.6,57,276.0
2026-06-14 09:00:00,13.5,41,377.0
2026-06-14 10:00:00,14.2,58,488.0
2026-06-14 11:00:00,15.0,69,560.0
2026-06-14 12:00:00,15.9,66,704.0
2026-06-14 13:00:00,16.0,58,551.0
2026-06-14 14:00:00,16.3,84,661.0
2026-06-14 15:00:00,15.3,99,455.0
2026-06-14 16:00:00,16.2,99,431.0
2026-06-14 17:00:00,16.3,91,419.0
2026-06-14 18:00:00,16.4,80,418.0
2026-06-14 19:00:00,16.0,90,310.0
2026-06-14 20:00:00,15.2,91,161.0
2026-06-14 21:00:00,15.1,88,58.0
2026-06-14 22:00:00,14.2,88,12.0
2026-06-14 23:00:00,13.1,100,0.0
2026-06-15 00:00:00,12.8,98,0.0
2026-06-15 01:00:00,13.2,100,0.0
2026-06-15 02:00:00,13.5,96,0.0
2026-06-15 03:00:00,13.5,94,0.0
2026-06-15 04:00:00,13.1,72,0.0
2026-06-15 05:00:00,12.6,97,3.0
2026-06-15 06:00:00,12.6,78,34.0
2026-06-15 07:00:00,13.1,81,124.0
2026-06-15 08:00:00,13.5,67,181.0
2026-06-15 09:00:00,14.9,28,360.0
2026-06-15 10:00:00,15.6,39,539.0
2026-06-15 11:00:00,15.7,39,579.0
2026-06-15 12:00:00,15.6,41,619.0
2026-06-15 13:00:00,16.0,20,645.0
2026-06-15 14:00:00,16.0,27,746.0
2026-06-15 15:00:00,16.5,35,733.0
2026-06-15 16:00:00,16.6,31,612.0
2026-06-15 17:00:00,16.6,19,568.0
2026-06-15 18:00:00,16.4,9,469.0
2026-06-15 19:00:00,15.9,3,354.0
2026-06-15 20:00:00,15.9,7,222.0
2026-06-15 21:00:00,15.2,1,97.0
2026-06-15 22:00:00,14.6,0,16.0
2026-06-15 23:00:00,14.0,0,0.0
2026-06-16 00:00:00,13.6,3,0.0
2026-06-16 01:00:00,13.1,7,0.0
2026-06-16 02:00:00,12.3,22,0.0
2026-06-16 03:00:00,12.5,11,0.0
2026-06-16 04:00:00,12.0,23,0.0
2026-06-16 05:00:00,11.9,53,4.0
2026-06-16 06:00:00,12.2,100,46.0
2026-06-16 07:00:00,12.6,100,80.0
2026-06-16 08:00:00,12.5,100,138.0
2026-06-16 09:00:00,12.5,100,150.0
2026-06-16 10:00:00,12.4,100,224.0
2026-06-16 11:00:00,12.4,100,209.0
2026-06-16 12:00:00,12.9,100,265.0
2026-06-16 13:00:00,13.6,100,379.0
2026-06-16 14:00:00,14.0,100,335.0
2026-06-16 15:00:00,14.5,100,436.0
2026-06-16 16:00:00,15.1,100,469.0
2026-06-16 17:00:00,14.7,100,276.0
2026-06-16 18:00:00,14.6,100,208.0
2026-06-16 19:00:00,14.8,100,209.0
2026-06-16 20:00:00,14.4,76,125.0
2026-06-16 21:00:00,13.9,48,76.0
2026-06-16 22:00:00,13.1,14,15.0
2026-06-16 23:00:00,12.5,16,0.0
2026-06-17 00:00:00,12.1,26,0.0
2026-06-17 01:00:00,11.8,85,0.0
2026-06-17 02:00:00,11.5,19,0.0
2026-06-17 03:00:00,11.2,52,0.0
2026-06-17 04:00:00,11.1,100,0.0
2026-06-17 05:00:00,11.3,100,3.0
2026-06-17 06:00:00,11.4,98,31.0
2026-06-17 07:00:00,11.9,100,122.0
2026-06-17 08:00:00,11.8,100,178.0
2026-06-17 09:00:00,12.2,100,269.0
2026-06-17 10:00:00,12.7,100,273.0
2026-06-17 11:00:00,13.8,100,470.0
2026-06-17 12:00:00,14.7,100,567.0
2026-06-17 13:00:00,15.7,99,685.0
2026-06-17 14:00:00,16.3,74,684.0
2026-06-17 15:00:00,17.2,91,785.0
2026-06-17 16:00:00,17.1,96,466.0
2026-06-17 17:00:00,17.3,99,434.0
2026-06-17 18:00:00,17.2,100,336.0
2026-06-17 19:00:00,16.7,84,141.0
2026-06-17 20:00:00,16.9,100,130.0
2026-06-17 21:00:00,16.2,100,27.0
2026-06-17 22:00:00,16.1,100,5.0
2026-06-17 23:00:00,16.1,100,0.0
2026-06-18 00:00:00,15.5,100,0.0
2026-06-18 01:00:00,15.8,100,0.0
2026-06-18 02:00:00,16.4,100,0.0
2026-06-18 03:00:00,16.5,100,0.0
2026-06-18 04:00:00,16.3,100,0.0
2026-06-18 05:00:00,16.0,100,2.0
2026-06-18 06:00:00,16.0,100,31.0
2026-06-18 07:00:00,16.0,53,101.0
2026-06-18 08:00:00,16.9,100,243.0
2026-06-18 09:00:00,17.3,95,301.0
2026-06-18 10:00:00,18.2,81,348.0
2026-06-18 11:00:00,19.3,49,494.0
2026-06-18 12:00:00,20.6,92,683.0
2026-06-18 13:00:00,21.5,100,636.0
2026-06-18 14:00:00,22.0,100,453.0
2026-06-18 15:00:00,21.8,98,367.0
2026-06-18 16:00:00,22.3,97,397.0
2026-06-18 17:00:00,22.0,98,350.0
2026-06-18 18:00:00,22.2,99,334.0
2026-06-18 19:00:00,21.6,53,161.0
2026-06-18 20:00:00,21.6,26,187.0
2026-06-18 21:00:00,20.9,70,96.0
2026-06-18 22:00:00,19.4,82,15.0
2026-06-18 23:00:00,18.8,97,0.0
2026-06-19 00:00:00,18.4,98,0.0
2026-06-19 01:00:00,18.0,98,0.0
2026-06-19 02:00:00,16.9,94,0.0
2026-06-19 03:00:00,16.9,100,0.0
2026-06-19 04:00:00,16.9,100,0.0
2026-06-19 05:00:00,16.7,38,3.0
2026-06-19 06:00:00,17.2,79,58.0
2026-06-19 07:00:00,18.1,100,162.0
2026-06-19 08:00:00,18.6,100,265.0
2026-06-19 09:00:00,19.9,100,391.0
2026-06-19 10:00:00,20.1,99,439.0
2026-06-19 11:00:00,20.5,92,538.0
2026-06-19 12:00:00,21.2,83,709.0
2026-06-19 13:00:00,20.7,21,759.0
2026-06-19 14:00:00,21.7,17,723.0
2026-06-19 15:00:00,22.8,6,765.0
2026-06-19 16:00:00,22.6,9,700.0
2026-06-19 17:00:00,22.2,14,600.0
2026-06-19 18:00:00,22.0,4,469.0
2026-06-19 19:00:00,21.8,3,348.0
2026-06-19 20:00:00,21.4,3,216.0
2026-06-19 21:00:00,20.5,1,98.0
2026-06-19 22:00:00,20.1,22,17.0
2026-06-19 23:00:00,19.8,9,0.0
2026-06-20 00:00:00,19.6,50,0.0
2026-06-20 01:00:00,19.4,95,0.0
2026-06-20 02:00:00,18.4,23,0.0
2026-06-20 03:00:00,18.4,96,0.0
2026-06-20 04:00:00,18.4,98,0.0
2026-06-20 05:00:00,18.0,100,3.0
2026-06-20 06:00:00,18.3,100,31.0
2026-06-20 07:00:00,19.4,100,99.0
2026-06-20 08:00:00,21.8,69,135.0
2026-06-20 09:00:00,22.7,80,423.0
2026-06-20 10:00:00,22.2,96,511.0
2026-06-20 11:00:00,21.3,98,339.0
2026-06-20 12:00:00,21.0,48,295.0
2026-06-20 13:00:00,22.4,91,765.0
2026-06-20 14:00:00,22.7,95,711.0
2026-06-20 15:00:00,22.6,97,717.0
2026-06-20 16:00:00,22.3,97,656.0
2026-06-20 17:00:00,22.9,87,540.0
2026-06-20 18:00:00,23.4,52,385.0
2026-06-20 19:00:00,23.1,29,292.0
2026-06-20 20:00:00,24.0,59,202.0
2026-06-20 21:00:00,24.2,89,87.0
2026-06-20 22:00:00,24.2,20,16.0
2026-06-20 23:00:00,24.0,33,0.0
2026-06-21 00:00:00,22.9,6,0.0
2026-06-21 01:00:00,22.1,38,0.0
2026-06-21 02:00:00,20.9,92,0.0
2026-06-21 03:00:00,20.0,6,0.0
2026-06-21 04:00:00,19.5,22,0.0
2026-06-21 05:00:00,18.9,4,4.0
2026-06-21 06:00:00,18.5,27,61.0
2026-06-21 07:00:00,18.9,48,169.0
2026-06-21 08:00:00,19.7,21,234.0
2026-06-21 09:00:00,20.5,88,428.0
2026-06-21 10:00:00,20.8,100,445.0
2026-06-21 11:00:00,21.1,100,452.0
2026-06-21 12:00:00,21.9,100,638.0
2026-06-21 13:00:00,22.2,94,721.0
2026-06-21 14:00:00,22.4,8,754.0
2026-06-21 15:00:00,22.2,15,815.0
2026-06-21 16:00:00,22.0,0,744.0
2026-06-21 17:00:00,21.6,0,646.0
2026-06-21 18:00:00,21.0,0,520.0
2026-06-21 19:00:00,20.2,0,377.0
2026-06-21 20:00:00,19.7,0,234.0
2026-06-21 21:00:00,18.8,0,108.0
2026-06-21 22:00:00,17.8,0,19.0
2026-06-21 23:00:00,17.1,0,0.0
2026-06-22 00:00:00,16.6,0,0.0
2026-06-22 01:00:00,16.1,0,0.0
2026-06-22 02:00:00,15.2,0,0.0
2026-06-22 03:00:00,14.5,0,0.0
2026-06-22 04:00:00,14.0,32,0.0
2026-06-22 05:00:00,13.6,73,5.0
2026-06-22 06:00:00,13.7,20,63.0
2026-06-22 07:00:00,14.5,0,186.0
2026-06-22 08:00:00,15.9,0,329.0
2026-06-22 09:00:00,17.1,0,476.0
2026-06-22 10:00:00,18.2,0,613.0
2026-06-22 11:00:00,19.3,2,728.0
2026-06-22 12:00:00,20.1,70,812.0
2026-06-22 13:00:00,20.8,41,853.0
2026-06-22 14:00:00,21.9,99,866.0
2026-06-22 15:00:00,21.5,99,780.0
2026-06-22 16:00:00,20.9,100,634.0
2026-06-22 17:00:00,20.3,100,457.0
2026-06-22 18:00:00,19.4,50,278.0
2026-06-22 19:00:00,19.3,29,364.0
2026-06-22 20:00:00,19.1,0,234.0
2026-06-22 21:00:00,18.2,0,107.0
2026-06-22 22:00:00,17.3,0,19.0
2026-06-22 23:00:00,16.6,0,0.0
2026-06-23 00:00:00,16.0,43,0.0
2026-06-23 01:00:00,15.6,32,0.0
2026-06-23 02:00:00,14.3,98,0.0
2026-06-23 03:00:00,14.0,100,0.0
2026-06-23 04:00:00,13.9,100,0.0
2026-06-23 05:00:00,13.7,64,4.0
2026-06-23 06:00:00,14.0,77,58.0
2026-06-23 07:00:00,14.7,33,140.0
2026-06-23 08:00:00,16.1,20,311.0
2026-06-23 09:00:00,16.8,55,459.0
2026-06-23 10:00:00,17.6,6,546.0
2026-06-23 11:00:00,18.5,19,697.0
2026-06-23 12:00:00,19.4,1,775.0
2026-06-23 13:00:00,20.2,10,839.0
2026-06-23 14:00:00,21.4,0,839.0
2026-06-23 15:00:00,21.4,0,817.0
2026-06-23 16:00:00,21.4,16,745.0
2026-06-23 17:00:00,21.7,0,639.0
2026-06-23 18:00:00,21.7,0,513.0
2026-06-23 19:00:00,21.5,1,372.0
2026-06-23 20:00:00,21.5,6,230.0
2026-06-23 21:00:00,20.8,93,105.0
2026-06-23 22:00:00,19.9,93,17.0
2026-06-23 23:00:00,19.3,99,0.0
2026-06-24 00:00:00,19.0,96,0.0
2026-06-24 01:00:00,18.3,79,0.0
2026-06-24 02:00:00,16.7,66,0.0
2026-06-24 03:00:00,16.6,52,0.0
2026-06-24 04:00:00,16.4,86,0.0
2026-06-24 05:00:00,16.5,100,4.0
2026-06-24 06:00:00,17.2,79,49.0
2026-06-24 07:00:00,18.1,63,155.0
2026-06-24 08:00:00,19.4,76,297.0
2026-06-24 09:00:00,20.6,73,381.0
2026-06-24 10:00:00,21.7,53,492.0
2026-06-24 11:00:00,22.8,79,677.0
2026-06-24 12:00:00,23.3,91,749.0
2026-06-24 13:00:00,23.1,69,727.0
2026-06-24 14:00:00,23.9,68,692.0
2026-06-24 15:00:00,24.2,38,767.0
2026-06-24 16:00:00,25.1,42,702.0
2026-06-24 17:00:00,26.3,6,613.0
2026-06-24 18:00:00,27.1,3,501.0
2026-06-24 19:00:00,26.8,3,361.0
2026-06-24 20:00:00,25.9,8,223.0
2026-06-24 21:00:00,25.1,1,99.0
2026-06-24 22:00:00,23.9,1,18.0
2026-06-24 23:00:00,23.2,5,0.0
2026-06-25 00:00:00,22.6,0,0.0
2026-06-25 01:00:00,22.0,0,0.0
2026-06-25 02:00:00,20.6,1,0.0
2026-06-25 03:00:00,20.0,1,0.0
2026-06-25 04:00:00,19.1,2,0.0
2026-06-25 05:00:00,18.4,1,4.0
2026-06-25 06:00:00,18.4,0,62.0
2026-06-25 07:00:00,18.8,0,173.0
2026-06-25 08:00:00,20.3,0,310.0
2026-06-25 09:00:00,21.4,13,455.0
2026-06-25 10:00:00,22.2,21,591.0
2026-06-25 11:00:00,23.1,16,703.0
2026-06-25 12:00:00,23.5,0,785.0
2026-06-25 13:00:00,23.7,0,834.0
2026-06-25 14:00:00,24.9,0,842.0
2026-06-25 15:00:00,25.0,15,809.0
2026-06-25 16:00:00,25.0,51,738.0
2026-06-25 17:00:00,24.7,51,624.0
2026-06-25 18:00:00,24.5,55,495.0
2026-06-25 19:00:00,24.0,65,354.0
2026-06-25 20:00:00,23.8,52,215.0
2026-06-25 21:00:00,22.9,28,96.0
2026-06-25 22:00:00,22.1,1,18.0
2026-06-25 23:00:00,21.4,0,0.0
2026-06-26 00:00:00,20.7,0,0.0
2026-06-26 01:00:00,20.0,0,0.0
2026-06-26 02:00:00,18.5,0,0.0
2026-06-26 03:00:00,17.9,0,0.0
2026-06-26 04:00:00,17.4,0,0.0
2026-06-26 05:00:00,17.0,0,4.0
2026-06-26 06:00:00,17.5,0,63.0
2026-06-26 07:00:00,18.6,0,175.0
2026-06-26 08:00:00,20.2,0,312.0
2026-06-26 09:00:00,21.6,0,453.0
2026-06-26 10:00:00,22.2,0,586.0
2026-06-26 11:00:00,22.5,0,699.0
2026-06-26 12:00:00,22.9,0,783.0
2026-06-26 13:00:00,23.3,0,831.0
2026-06-26 14:00:00,24.1,0,840.0
2026-06-26 15:00:00,23.9,0,808.0
2026-06-26 16:00:00,24.0,0,738.0
2026-06-26 17:00:00,24.0,0,636.0
2026-06-26 18:00:00,23.7,0,510.0
2026-06-26 19:00:00,23.2,0,369.0
2026-06-26 20:00:00,23.0,27,230.0
2026-06-26 21:00:00,21.9,71,104.0
2026-06-26 22:00:00,21.1,88,18.0
2026-06-26 23:00:00,21.1,80,0.0
2026-06-27 00:00:00,21.0,8,0.0
2026-06-27 01:00:00,20.8,3,0.0
2026-06-27 02:00:00,20.0,0,0.0
2026-06-27 03:00:00,20.0,9,0.0
2026-06-27 04:00:00,20.1,0,0.0
2026-06-27 05:00:00,20.2,8,4.0
2026-06-27 06:00:00,20.7,0,61.0
2026-06-27 07:00:00,21.4,16,172.0
2026-06-27 08:00:00,22.7,34,304.0
2026-06-27 09:00:00,23.4,88,441.0
2026-06-27 10:00:00,23.7,72,554.0
2026-06-27 11:00:00,24.1,70,646.0
2026-06-27 12:00:00,24.9,71,747.0
2026-06-27 13:00:00,26.0,96,788.0
2026-06-27 14:00:00,25.6,99,768.0
2026-06-27 15:00:00,24.8,100,435.0
2026-06-27 16:00:00,26.2,100,499.0
2026-06-27 17:00:00,24.3,99,432.0
2026-06-27 18:00:00,26.6,98,372.0
2026-06-27 19:00:00,27.1,99,282.0
2026-06-27 20:00:00,26.5,66,146.0
2026-06-27 21:00:00,24.3,99,96.0
2026-06-27 22:00:00,24.3,97,10.0
2026-06-27 23:00:00,24.3,96,0.0
2026-06-28 00:00:00,23.8,91,0.0
2026-06-28 01:00:00,23.0,71,0.0
2026-06-28 02:00:00,21.7,84,0.0
2026-06-28 03:00:00,22.5,100,0.0
2026-06-28 04:00:00,22.1,100,0.0
2026-06-28 05:00:00,22.1,100,1.0
2026-06-28 06:00:00,23.1,100,19.0
2026-06-28 07:00:00,23.2,100,38.0
2026-06-28 08:00:00,22.7,99,66.0
2026-06-28 09:00:00,23.8,73,277.0
2026-06-28 10:00:00,25.4,56,481.0
2026-06-28 11:00:00,27.2,64,641.0
2026-06-28 12:00:00,28.3,91,698.0
2026-06-28 13:00:00,29.3,9,691.0
2026-06-28 14:00:00,29.9,20,806.0
2026-06-28 15:00:00,30.0,31,773.0
2026-06-28 16:00:00,29.7,26,674.0
2026-06-28 17:00:00,29.7,17,591.0
2026-06-28 18:00:00,28.9,19,455.0
2026-06-28 19:00:00,28.2,18,329.0
2026-06-28 20:00:00,26.9,17,198.0
2026-06-28 21:00:00,26.2,13,92.0
2026-06-28 22:00:00,24.9,7,17.0
2026-06-28 23:00:00,24.1,1,0.0
2026-06-29 00:00:00,23.3,1,0.0
2026-06-29 01:00:00,22.4,3,0.0
2026-06-29 02:00:00,22.0,4,0.0
2026-06-29 03:00:00,21.8,0,0.0
2026-06-29 04:00:00,21.0,0,0.0
2026-06-29 05:00:00,20.2,41,3.0
2026-06-29 06:00:00,20.2,63,56.0
2026-06-29 07:00:00,20.5,91,156.0
2026-06-29 08:00:00,21.2,59,271.0
2026-06-29 09:00:00,21.9,98,378.0
2026-06-29 10:00:00,22.5,93,436.0
2026-06-29 11:00:00,23.0,98,507.0
2026-06-29 12:00:00,22.9,100,528.0
2026-06-29 13:00:00,21.8,100,212.0
2026-06-29 14:00:00,22.4,100,289.0
2026-06-29 15:00:00,23.2,100,315.0
2026-06-29 16:00:00,23.7,100,430.0
2026-06-29 17:00:00,23.4,98,302.0
2026-06-29 18:00:00,23.3,93,334.0
2026-06-29 19:00:00,22.7,97,320.0
2026-06-29 20:00:00,21.8,11,186.0
2026-06-29 21:00:00,20.9,5,105.0
2026-06-29 22:00:00,19.6,4,18.0
2026-06-29 23:00:00,18.8,8,0.0
2026-06-30 00:00:00,18.2,0,0.0
2026-06-30 01:00:00,17.5,5,0.0
2026-06-30 02:00:00,16.4,1,0.0
2026-06-30 03:00:00,16.1,1,0.0
2026-06-30 04:00:00,15.7,0,0.0
2026-06-30 05:00:00,15.4,0,3.0
2026-06-30 06:00:00,15.9,1,60.0
2026-06-30 07:00:00,16.7,13,172.0
2026-06-30 08:00:00,18.0,29,310.0
2026-06-30 09:00:00,18.8,12,452.0
2026-06-30 10:00:00,19.6,5,589.0
2026-06-30 11:00:00,20.4,59,700.0
2026-06-30 12:00:00,20.8,83,728.0
2026-06-30 13:00:00,20.7,45,764.0
2026-06-30 14:00:00,21.3,74,825.0
2026-06-30 15:00:00,21.2,84,777.0
2026-06-30 16:00:00,21.2,100,679.0
2026-06-30 17:00:00,20.1,100,431.0
2026-06-30 18:00:00,19.3,100,266.0
2026-06-30 19:00:00,19.3,98,179.0
2026-06-30 20:00:00,19.4,99,153.0
2026-06-30 21:00:00,19.2,96,45.0
2026-06-30 22:00:00,18.8,96,10.0
2026-06-30 23:00:00,18.6,92,0.0
2026-07-01 00:00:00,18.4,99,0.0
2026-07-01 01:00:00,18.4,100,0.0
2026-07-01 02:00:00,17.7,97,0.0
2026-07-01 03:00:00,17.5,99,0.0
2026-07-01 04:00:00,17.3,92,0.0
2026-07-01 05:00:00,17.0,53,2.0
2026-07-01 06:00:00,16.9,95,55.0
2026-07-01 07:00:00,17.2,20,112.0
2026-07-01 08:00:00,17.9,28,298.0
2026-07-01 09:00:00,18.5,38,441.0
2026-07-01 10:00:00,19.1,65,572.0
2026-07-01 11:00:00,19.9,98,683.0
2026-07-01 12:00:00,20.8,98,705.0
2026-07-01 13:00:00,21.4,100,705.0
2026-07-01 14:00:00,22.4,100,736.0
2026-07-01 15:00:00,22.4,75,592.0
2026-07-01 16:00:00,22.6,88,664.0
2026-07-01 17:00:00,22.1,97,436.0
2026-07-01 18:00:00,21.7,62,299.0
2026-07-01 19:00:00,21.6,84,294.0
2026-07-01 20:00:00,21.7,46,188.0
2026-07-01 21:00:00,20.8,20,87.0
2026-07-01 22:00:00,19.8,1,16.0
2026-07-01 23:00:00,18.9,0,0.0
2026-07-02 00:00:00,18.3,0,0.0
2026-07-02 01:00:00,17.8,1,0.0
2026-07-02 02:00:00,16.4,1,0.0
2026-07-02 03:00:00,15.9,3,0.0
2026-07-02 04:00:00,15.7,51,0.0
2026-07-02 05:00:00,15.6,31,3.0
2026-07-02 06:00:00,15.9,38,54.0
2026-07-02 07:00:00,16.7,62,166.0
2026-07-02 08:00:00,18.2,82,299.0
2026-07-02 09:00:00,19.0,100,375.0
2026-07-02 10:00:00,18.7,100,197.0
2026-07-02 11:00:00,19.1,100,230.0
2026-07-02 12:00:00,18.6,100,133.0
2026-07-02 13:00:00,18.4,100,192.0
2026-07-02 14:00:00,18.6,100,198.0
2026-07-02 15:00:00,17.4,100,102.0
2026-07-02 16:00:00,18.5,100,187.0
2026-07-02 17:00:00,18.0,84,143.0
2026-07-02 18:00:00,18.8,54,265.0
2026-07-02 19:00:00,19.2,15,265.0
2026-07-02 20:00:00,18.5,19,205.0
2026-07-02 21:00:00,17.5,33,92.0
2026-07-02 22:00:00,16.8,16,14.0
2026-07-02 23:00:00,16.1,23,0.0
2026-07-03 00:00:00,15.5,13,0.0
2026-07-03 01:00:00,15.1,31,0.0
2026-07-03 02:00:00,14.5,36,0.0
2026-07-03 03:00:00,14.5,32,0.0
2026-07-03 04:00:00,14.2,73,0.0
2026-07-03 05:00:00,14.0,75,2.0
2026-07-03 06:00:00,14.3,97,36.0
2026-07-03 07:00:00,14.1,100,70.0
2026-07-03 08:00:00,14.4,100,80.0
2026-07-03 09:00:00,14.9,84,113.0
2026-07-03 10:00:00,16.0,94,408.0
2026-07-03 11:00:00,16.3,100,370.0
2026-07-03 12:00:00,16.6,91,397.0
2026-07-03 13:00:00,16.5,100,397.0
2026-07-03 14:00:00,15.9,100,384.0
2026-07-03 15:00:00,16.1,73,211.0
2026-07-03 16:00:00,17.2,63,488.0
2026-07-03 17:00:00,17.1,59,474.0
2026-07-03 18:00:00,16.8,100,352.0
2026-07-03 19:00:00,16.6,54,157.0
2026-07-03 20:00:00,16.4,10,171.0
2026-07-03 21:00:00,15.7,6,96.0
2026-07-03 22:00:00,15.1,2,16.0
2026-07-03 23:00:00,14.7,1,0.0
2026-07-04 00:00:00,14.4,2,0.0
2026-07-04 01:00:00,14.0,1,0.0
2026-07-04 02:00:00,13.6,23,0.0
2026-07-04 03:00:00,13.5,96,0.0
2026-07-04 04:00:00,13.5,98,0.0
2026-07-04 05:00:00,13.5,100,2.0
2026-07-04 06:00:00,14.0,83,42.0
2026-07-04 07:00:00,14.7,85,131.0
2026-07-04 08:00:00,15.2,88,257.0
2026-07-04 09:00:00,15.9,100,318.0
2026-07-04 10:00:00,16.2,100,332.0
2026-07-04 11:00:00,16.6,100,371.0
2026-07-04 12:00:00,17.1,100,448.0
2026-07-04 13:00:00,17.6,98,439.0
2026-07-04 14:00:00,18.2,82,447.0
2026-07-04 15:00:00,19.1,81,628.0
2026-07-04 16:00:00,19.8,63,576.0
2026-07-04 17:00:00,20.6,66,549.0
2026-07-04 18:00:00,20.4,23,452.0
2026-07-04 19:00:00,19.8,5,346.0
2026-07-04 20:00:00,19.7,23,223.0
2026-07-04 21:00:00,18.6,40,98.0
2026-07-04 22:00:00,16.9,14,15.0
2026-07-04 23:00:00,16.4,43,0.0
2026-07-05 00:00:00,16.1,98,0.0
2026-07-05 01:00:00,16.1,100,0.0
2026-07-05 02:00:00,15.6,100,0.0
2026-07-05 03:00:00,15.5,100,0.0
2026-07-05 04:00:00,15.3,98,0.0
2026-07-05 05:00:00,14.9,99,0.0
2026-07-05 06:00:00,14.8,32,22.0
2026-07-05 07:00:00,15.3,16,131.0
2026-07-05 08:00:00,15.7,15,277.0
2026-07-05 09:00:00,16.5,15,407.0
2026-07-05 10:00:00,17.2,38,544.0
2026-07-05 11:00:00,17.5,42,538.0
2026-07-05 12:00:00,18.1,11,597.0
2026-07-05 13:00:00,19.1,8,800.0
2026-07-05 14:00:00,19.4,18,844.0
2026-07-05 15:00:00,18.9,24,763.0
2026-07-05 16:00:00,18.9,41,738.0
2026-07-05 17:00:00,18.9,42,618.0
2026-07-05 18:00:00,18.5,32,496.0
2026-07-05 19:00:00,17.9,30,349.0
2026-07-05 20:00:00,17.1,66,220.0
2026-07-05 21:00:00,16.2,58,92.0
2026-07-05 22:00:00,15.2,61,16.0
2026-07-05 23:00:00,14.4,80,0.0
2026-07-06 00:00:00,13.8,84,0.0
2026-07-06 01:00:00,13.3,94,0.0
2026-07-06 02:00:00,12.6,100,0.0
2026-07-06 03:00:00,12.3,99,0.0
2026-07-06 04:00:00,12.2,99,0.0
2026-07-06 05:00:00,12.5,99,1.0
2026-07-06 06:00:00,12.6,99,29.0
2026-07-06 07:00:00,13.0,99,113.0
2026-07-06 08:00:00,13.4,94,181.0
2026-07-06 09:00:00,14.8,100,291.0
2026-07-06 10:00:00,14.2,100,114.0
2026-07-06 11:00:00,14.3,100,115.0
2026-07-06 12:00:00,15.3,100,257.0
2026-07-06 13:00:00,15.2,100,189.0
2026-07-06 14:00:00,15.1,100,220.0
2026-07-06 15:00:00,15.7,100,303.0
2026-07-06 16:00:00,16.0,100,229.0
2026-07-06 17:00:00,15.7,100,91.0
2026-07-06 18:00:00,15.9,100,128.0
2026-07-06 19:00:00,15.3,100,52.0
2026-07-06 20:00:00,15.3,100,22.0
2026-07-06 21:00:00,15.0,100,12.0
2026-07-06 22:00:00,15.0,100,3.0
2026-07-06 23:00:00,15.0,100,0.0
2026-07-07 00:00:00,15.0,100,0.0
2026-07-07 01:00:00,15.0,97,0.0
2026-07-07 02:00:00,14.6,95,0.0
2026-07-07 03:00:00,14.8,98,0.0
2026-07-07 04:00:00,14.8,82,0.0
2026-07-07 05:00:00,14.7,92,1.0
2026-07-07 06:00:00,15.0,100,33.0
2026-07-07 07:00:00,15.1,100,29.0
2026-07-07 08:00:00,15.2,100,41.0
2026-07-07 09:00:00,15.2,91,60.0
2026-07-07 10:00:00,16.4,98,361.0
2026-07-07 11:00:00,16.7,100,310.0
2026-07-07 12:00:00,16.9,88,253.0
2026-07-07 13:00:00,18.1,100,599.0
2026-07-07 14:00:00,16.0,100,244.0
2026-07-07 15:00:00,15.9,100,207.0
2026-07-07 16:00:00,16.5,23,231.0
2026-07-07 17:00:00,17.0,33,578.0
2026-07-07 18:00:00,16.4,6,421.0
2026-07-07 19:00:00,16.3,21,359.0
2026-07-07 20:00:00,15.7,34,206.0
2026-07-07 21:00:00,14.8,59,82.0
2026-07-07 22:00:00,14.1,64,11.0
2026-07-07 23:00:00,14.2,20,0.0
2026-07-08 00:00:00,14.6,24,0.0
2026-07-08 01:00:00,14.6,2,0.0
2026-07-08 02:00:00,13.6,12,0.0
2026-07-08 03:00:00,13.2,38,0.0
2026-07-08 04:00:00,13.0,67,0.0
2026-07-08 05:00:00,12.7,20,1.0
2026-07-08 06:00:00,13.1,1,49.0
2026-07-08 07:00:00,13.9,21,160.0
2026-07-08 08:00:00,15.0,5,296.0
2026-07-08 09:00:00,16.1,9,439.0
2026-07-08 10:00:00,17.0,2,573.0
2026-07-08 11:00:00,18.0,0,697.0
2026-07-08 12:00:00,18.9,0,788.0
2026-07-08 13:00:00,19.5,0,839.0
2026-07-08 14:00:00,20.2,0,848.0
2026-07-08 15:00:00,20.2,73,817.0
2026-07-08 16:00:00,20.1,80,696.0
2026-07-08 17:00:00,20.2,76,591.0
2026-07-08 18:00:00,20.1,48,469.0
2026-07-08 19:00:00,19.8,48,365.0
2026-07-08 20:00:00,19.4,34,223.0
2026-07-08 21:00:00,18.6,59,95.0
2026-07-08 22:00:00,17.7,86,13.0
2026-07-08 23:00:00,17.1,9,0.0
2026-07-09 00:00:00,16.4,2,0.0
2026-07-09 01:00:00,15.7,0,0.0
2026-07-09 02:00:00,14.8,0,0.0
2026-07-09 03:00:00,14.3,0,0.0
2026-07-09 04:00:00,14.0,0,0.0
2026-07-09 05:00:00,13.8,0,1.0
2026-07-09 06:00:00,14.1,0,49.0
2026-07-09 07:00:00,15.0,2,158.0
2026-07-09 08:00:00,16.1,7,295.0
2026-07-09 09:00:00,17.4,2,437.0
2026-07-09 10:00:00,18.8,2,574.0
2026-07-09 11:00:00,20.1,4,691.0
2026-07-09 12:00:00,21.2,1,778.0
2026-07-09 13:00:00,22.3,2,826.0
2026-07-09 14:00:00,23.4,2,834.0
2026-07-09 15:00:00,23.7,4,800.0
2026-07-09 16:00:00,23.5,5,732.0
2026-07-09 17:00:00,23.3,5,630.0
2026-07-09 18:00:00,22.8,2,501.0
2026-07-09 19:00:00,22.2,5,362.0
2026-07-09 20:00:00,21.6,0,220.0
2026-07-09 21:00:00,20.7,1,96.0
2026-07-09 22:00:00,19.4,0,14.0
2026-07-09 23:00:00,18.4,5,0.0
2026-07-10 00:00:00,17.7,12,0.0
2026-07-10 01:00:00,17.4,38,0.0
2026-07-10 02:00:00,16.7,10,0.0
2026-07-10 03:00:00,16.8,6,0.0
2026-07-10 04:00:00,16.6,5,0.0
2026-07-10 05:00:00,16.3,3,1.0
2026-07-10 06:00:00,16.6,4,47.0
2026-07-10 07:00:00,17.5,15,156.0
2026-07-10 08:00:00,18.6,28,291.0
2026-07-10 09:00:00,20.0,71,424.0
2026-07-10 10:00:00,21.0,82,475.0
2026-07-10 11:00:00,22.0,84,546.0
2026-07-10 12:00:00,22.9,73,691.0
2026-07-10 13:00:00,23.5,88,796.0
2026-07-10 14:00:00,24.4,44,765.0
2026-07-10 15:00:00,24.3,64,775.0
2026-07-10 16:00:00,24.6,83,714.0
2026-07-10 17:00:00,24.2,95,448.0
2026-07-10 18:00:00,23.5,84,291.0
2026-07-10 19:00:00,23.2,91,321.0
2026-07-10 20:00:00,22.4,98,155.0
2026-07-10 21:00:00,21.9,89,55.0
2026-07-10 22:00:00,21.0,87,9.0
2026-07-10 23:00:00,20.3,86,0.0
2026-07-11 00:00:00,19.6,70,0.0
2026-07-11 01:00:00,19.0,83,0.0
2026-07-11 02:00:00,17.4,84,0.0
2026-07-11 03:00:00,16.9,84,0.0
2026-07-11 04:00:00,16.3,93,0.0
2026-07-11 05:00:00,16.2,95,1.0
2026-07-11 06:00:00,17.1,81,38.0
2026-07-11 07:00:00,17.4,49,127.0
2026-07-11 08:00:00,18.6,8,275.0
2026-07-11 09:00:00,19.9,2,424.0
2026-07-11 10:00:00,21.0,5,562.0
2026-07-11 11:00:00,22.0,20,678.0
2026-07-11 12:00:00,22.7,20,759.0
2026-07-11 13:00:00,23.2,20,808.0
2026-07-11 14:00:00,23.8,10,785.0
2026-07-11 15:00:00,24.1,16,758.0
2026-07-11 16:00:00,24.8,9,707.0
2026-07-11 17:00:00,25.2,26,607.0
2026-07-11 18:00:00,25.2,9,482.0
2026-07-11 19:00:00,24.8,8,348.0
2026-07-11 20:00:00,25.1,19,206.0
2026-07-11 21:00:00,24.2,13,86.0
2026-07-11 22:00:00,23.1,6,11.0
2026-07-11 23:00:00,22.3,9,0.0
2026-07-12 00:00:00,21.5,3,0.0
2026-07-12 01:00:00,21.1,19,0.0
2026-07-12 02:00:00,20.1,30,0.0
2026-07-12 03:00:00,19.6,71,0.0
2026-07-12 04:00:00,19.1,75,0.0
2026-07-12 05:00:00,18.8,57,1.0
2026-07-12 06:00:00,19.0,52,42.0
2026-07-12 07:00:00,19.7,40,146.0
2026-07-12 08:00:00,21.1,2,279.0
2026-07-12 09:00:00,22.7,1,426.0
2026-07-12 10:00:00,23.6,23,560.0
2026-07-12 11:00:00,25.1,30,673.0
2026-07-12 12:00:00,26.1,44,758.0
2026-07-12 13:00:00,26.6,82,806.0
2026-07-12 14:00:00,27.6,59,801.0
2026-07-12 15:00:00,27.9,73,761.0
2026-07-12 16:00:00,28.3,77,645.0
2026-07-12 17:00:00,27.8,77,560.0
2026-07-12 18:00:00,25.7,60,417.0
2026-07-12 19:00:00,25.2,59,305.0
2026-07-12 20:00:00,26.0,53,189.0
2026-07-12 21:00:00,24.1,49,80.0
2026-07-12 22:00:00,21.8,36,11.0
2026-07-12 23:00:00,21.3,70,0.0
2026-07-13 00:00:00,20.7,73,0.0
2026-07-13 01:00:00,20.5,96,0.0
2026-07-13 02:00:00,19.0,100,0.0
2026-07-13 03:00:00,18.7,98,0.0
2026-07-13 04:00:00,18.6,50,0.0
2026-07-13 05:00:00,18.6,60,0.0
2026-07-13 06:00:00,18.8,59,32.0
2026-07-13 07:00:00,19.5,14,130.0
2026-07-13 08:00:00,18.1,98,270.0
2026-07-13 09:00:00,18.4,88,92.0
2026-07-13 10:00:00,19.6,73,376.0
2026-07-13 11:00:00,21.0,94,570.0
2026-07-13 12:00:00,20.9,100,532.0
2026-07-13 13:00:00,20.4,100,404.0
2026-07-13 14:00:00,21.4,100,440.0
2026-07-13 15:00:00,21.5,100,535.0
2026-07-13 16:00:00,21.7,87,474.0
2026-07-13 17:00:00,21.9,31,531.0
2026-07-13 18:00:00,21.9,3,483.0
2026-07-13 19:00:00,22.0,3,350.0
2026-07-13 20:00:00,20.9,15,208.0
2026-07-13 21:00:00,20.1,17,83.0
2026-07-13 22:00:00,19.3,9,10.0
2026-07-13 23:00:00,18.7,33,0.0
2026-07-14 00:00:00,18.4,48,0.0
2026-07-14 01:00:00,17.9,14,0.0
2026-07-14 02:00:00,17.6,84,0.0
2026-07-14 03:00:00,17.4,20,0.0
2026-07-14 04:00:00,17.1,29,0.0
2026-07-14 05:00:00,16.9,1,0.0
2026-07-14 06:00:00,17.6,2,39.0
2026-07-14 07:00:00,18.1,49,143.0
2026-07-14 08:00:00,19.0,2,272.0
2026-07-14 09:00:00,20.2,0,421.0
2026-07-14 10:00:00,21.3,0,555.0
2026-07-14 11:00:00,22.2,0,671.0
2026-07-14 12:00:00,22.4,1,758.0
2026-07-14 13:00:00,22.2,1,805.0
2026-07-14 14:00:00,22.8,51,815.0
2026-07-14 15:00:00,23.2,77,783.0
2026-07-14 16:00:00,23.3,92,693.0
2026-07-14 17:00:00,23.2,94,556.0
2026-07-14 18:00:00,23.2,74,465.0
2026-07-14 19:00:00,23.3,24,328.0
2026-07-14 20:00:00,23.3,2,199.0
2026-07-14 21:00:00,22.8,3,87.0
2026-07-14 22:00:00,21.8,4,10.0
2026-07-14 23:00:00,20.9,0,0.0
2026-07-15 00:00:00,19.6,0,0.0
2026-07-15 01:00:00,19.0,6,0.0
2026-07-15 02:00:00,17.3,2,0.0
2026-07-15 03:00:00,17.2,3,0.0
2026-07-15 04:00:00,17.1,0,0.0
2026-07-15 05:00:00,16.9,0,0.0
2026-07-15 06:00:00,17.2,0,40.0
2026-07-15 07:00:00,17.8,0,148.0
2026-07-15 08:00:00,18.7,0,286.0
2026-07-15 09:00:00,19.9,0,433.0
2026-07-15 10:00:00,20.8,0,569.0
2026-07-15 11:00:00,21.8,0,684.0
2026-07-15 12:00:00,22.6,0,771.0
2026-07-15 13:00:00,23.2,0,823.0
2026-07-15 14:00:00,23.3,0,832.0
2026-07-15 15:00:00,24.0,0,798.0
2026-07-15 16:00:00,23.8,0,726.0
2026-07-15 17:00:00,23.3,8,620.0
2026-07-15 18:00:00,22.8,0,490.0
2026-07-15 19:00:00,22.4,0,349.0
2026-07-15 20:00:00,22.4,0,208.0
2026-07-15 21:00:00,21.6,33,86.0
2026-07-15 22:00:00,20.6,16,9.0
2026-07-15 23:00:00,20.1,4,0.0
2026-07-16 00:00:00,19.8,0,0.0
2026-07-16 01:00:00,19.8,2,0.0
2026-07-16 02:00:00,18.6,14,0.0
2026-07-16 03:00:00,18.5,36,0.0
2026-07-16 04:00:00,17.8,2,0.0
2026-07-16 05:00:00,17.5,3,0.0
2026-07-16 06:00:00,18.2,17,37.0
2026-07-16 07:00:00,18.5,53,141.0
2026-07-16 08:00:00,19.5,21,270.0
2026-07-16 09:00:00,20.5,23,421.0
2026-07-16 10:00:00,21.4,1,557.0
2026-07-16 11:00:00,22.0,0,674.0
2026-07-16 12:00:00,22.2,0,760.0
2026-07-16 13:00:00,22.5,0,811.0
2026-07-16 14:00:00,23.5,0,822.0
2026-07-16 15:00:00,23.8,0,794.0
2026-07-16 16:00:00,23.7,0,725.0
2026-07-16 17:00:00,23.3,0,624.0
2026-07-16 18:00:00,22.9,2,495.0
2026-07-16 19:00:00,22.2,11,347.0
2026-07-16 20:00:00,22.2,9,197.0
2026-07-16 21:00:00,21.3,5,83.0
2026-07-16 22:00:00,20.5,35,9.0
2026-07-16 23:00:00,20.3,2,0.0
2026-07-17 00:00:00,19.8,2,0.0
2026-07-17 01:00:00,19.7,0,0.0
2026-07-17 02:00:00,19.0,9,0.0
2026-07-17 03:00:00,18.4,9,0.0
2026-07-17 04:00:00,18.3,39,0.0
2026-07-17 05:00:00,18.4,65,0.0
2026-07-17 06:00:00,18.7,84,29.0
2026-07-17 07:00:00,19.2,95,119.0
2026-07-17 08:00:00,20.1,81,225.0
2026-07-17 09:00:00,21.2,99,365.0
2026-07-17 10:00:00,22.1,100,405.0
2026-07-17 11:00:00,22.9,100,398.0
2026-07-17 12:00:00,23.8,96,463.0
2026-07-17 13:00:00,23.5,100,654.0
2026-07-17 14:00:00,23.8,87,288.0
2026-07-17 15:00:00,24.9,82,662.0
2026-07-17 16:00:00,25.5,97,643.0
2026-07-17 17:00:00,24.7,98,508.0
2026-07-17 18:00:00,23.5,95,420.0
2026-07-17 19:00:00,20.4,97,240.0
2026-07-17 20:00:00,20.5,94,138.0
2026-07-17 21:00:00,21.0,36,49.0
2026-07-17 22:00:00,20.3,52,7.0
2026-07-17 23:00:00,20.0,83,0.0
2026-07-18 00:00:00,19.7,23,0.0
2026-07-18 01:00:00,19.1,27,0.0
2026-07-18 02:00:00,18.2,2,0.0
2026-07-18 03:00:00,17.6,13,0.0
2026-07-18 04:00:00,17.3,29,0.0
2026-07-18 05:00:00,16.8,15,0.0
2026-07-18 06:00:00,16.2,12,32.0
2026-07-18 07:00:00,16.5,2,135.0
2026-07-18 08:00:00,17.4,20,270.0
2026-07-18 09:00:00,18.5,91,383.0
2026-07-18 10:00:00,19.1,100,319.0
2026-07-18 11:00:00,19.8,100,359.0
2026-07-18 12:00:00,19.5,93,317.0
2026-07-18 13:00:00,19.4,100,367.0
2026-07-18 14:00:00,20.2,100,340.0
2026-07-18 15:00:00,20.9,38,508.0
2026-07-18 16:00:00,21.8,69,660.0
2026-07-18 17:00:00,22.0,98,541.0
2026-07-18 18:00:00,21.2,100,356.0
2026-07-18 19:00:00,20.0,1,245.0
2026-07-18 20:00:00,19.5,9,203.0
2026-07-18 21:00:00,18.5,13,77.0
2026-07-18 22:00:00,17.2,69,7.0
2026-07-18 23:00:00,16.6,62,0.0
2026-07-19 00:00:00,16.4,55,0.0
2026-07-19 01:00:00,16.1,11,0.0
2026-07-19 02:00:00,15.7,1,0.0
2026-07-19 03:00:00,15.5,16,0.0
2026-07-19 04:00:00,15.3,84,0.0
2026-07-19 05:00:00,15.3,100,0.0
2026-07-19 06:00:00,15.8,88,11.0
2026-07-19 07:00:00,15.9,13,63.0
2026-07-19 08:00:00,16.3,46,249.0
2026-07-19 09:00:00,17.0,67,340.0
2026-07-19 10:00:00,17.4,67,367.0
2026-07-19 11:00:00,17.7,91,466.0
2026-07-19 12:00:00,18.2,94,495.0
2026-07-19 13:00:00,19.0,45,576.0
2026-07-19 14:00:00,18.5,90,693.0
2026-07-19 15:00:00,19.0,95,461.0
2026-07-19 16:00:00,16.3,100,347.0
2026-07-19 17:00:00,16.1,98,266.0
2026-07-19 18:00:00,16.2,100,215.0
2026-07-19 19:00:00,15.3,98,92.0
2026-07-19 20:00:00,15.5,98,61.0
2026-07-19 21:00:00,15.2,98,46.0
2026-07-19 22:00:00,14.1,100,4.0
2026-07-19 23:00:00,14.9,91,0.0
2026-07-20 00:00:00,15.3,96,0.0
2026-07-20 01:00:00,15.3,84,0.0
2026-07-20 02:00:00,14.4,100,0.0
2026-07-20 03:00:00,14.5,100,0.0
2026-07-20 04:00:00,15.2,84,0.0
2026-07-20 05:00:00,14.9,49,0.0
2026-07-20 06:00:00,14.6,100,22.0
2026-07-20 07:00:00,14.5,84,65.0
2026-07-20 08:00:00,14.7,73,174.0
2026-07-20 09:00:00,14.9,100,237.0
2026-07-20 10:00:00,14.8,100,225.0
2026-07-20 11:00:00,15.5,100,359.0
2026-07-20 12:00:00,16.3,100,441.0
2026-07-20 13:00:00,16.4,100,244.0
2026-07-20 14:00:00,17.1,90,149.0
2026-07-20 15:00:00,18.2,100,518.0
2026-07-20 16:00:00,18.5,98,335.0
2026-07-20 17:00:00,19.5,77,424.0
2026-07-20 18:00:00,20.2,86,444.0
2026-07-20 19:00:00,20.3,84,308.0
2026-07-20 20:00:00,19.3,24,119.0
2026-07-20 21:00:00,18.5,23,71.0
2026-07-20 22:00:00,17.4,93,6.0
2026-07-20 23:00:00,16.5,63,0.0
2026-07-21 00:00:00,15.5,97,0.0
2026-07-21 01:00:00,15.7,82,0.0
2026-07-21 02:00:00,14.9,87,0.0
2026-07-21 03:00:00,14.6,28,0.0
2026-07-21 04:00:00,14.1,0,0.0
2026-07-21 05:00:00,14.3,0,0.0
2026-07-21 06:00:00,15.0,69,29.0
2026-07-21 07:00:00,16.0,2,124.0
2026-07-21 08:00:00,17.1,5,270.0
2026-07-21 09:00:00,17.9,0,419.0
2026-07-21 10:00:00,18.6,0,560.0
2026-07-21 11:00:00,19.6,0,679.0
2026-07-21 12:00:00,20.5,1,765.0
2026-07-21 13:00:00,21.1,2,813.0
2026-07-21 14:00:00,22.3,13,816.0
2026-07-21 15:00:00,22.4,20,789.0
2026-07-21 16:00:00,22.3,18,719.0
2026-07-21 17:00:00,22.0,10,589.0
2026-07-21 18:00:00,21.8,5,463.0
2026-07-21 19:00:00,21.3,2,335.0
2026-07-21 20:00:00,20.7,5,200.0
2026-07-21 21:00:00,20.1,10,77.0
2026-07-21 22:00:00,19.0,23,6.0
2026-07-21 23:00:00,18.1,68,0.0
2026-07-22 00:00:00,17.3,47,0.0
2026-07-22 01:00:00,16.0,2,0.0
2026-07-22 02:00:00,14.8,8,0.0
2026-07-22 03:00:00,14.4,99,0.0
2026-07-22 04:00:00,14.8,100,0.0
2026-07-22 05:00:00,14.9,100,0.0
2026-07-22 06:00:00,14.8,98,14.0
2026-07-22 07:00:00,15.2,100,57.0
2026-07-22 08:00:00,15.3,100,91.0
2026-07-22 09:00:00,15.7,100,91.0
2026-07-22 10:00:00,16.8,100,255.0
2026-07-22 11:00:00,17.4,100,204.0
2026-07-22 12:00:00,18.4,95,346.0
2026-07-22 13:00:00,19.4,90,417.0
2026-07-22 14:00:00,20.0,42,482.0
2026-07-22 15:00:00,21.0,49,702.0
2026-07-22 16:00:00,21.0,87,655.0
2026-07-22 17:00:00,18.2,96,442.0
2026-07-22 18:00:00,17.5,97,258.0
2026-07-22 19:00:00,17.7,80,213.0
2026-07-22 20:00:00,18.1,90,132.0
2026-07-22 21:00:00,18.0,26,58.0
2026-07-22 22:00:00,17.2,29,4.0
2026-07-22 23:00:00,17.0,24,0.0
2026-07-23 00:00:00,16.6,10,0.0
2026-07-23 01:00:00,16.5,5,0.0
2026-07-23 02:00:00,16.1,13,0.0
2026-07-23 03:00:00,16.1,2,0.0
2026-07-23 04:00:00,16.0,2,0.0
2026-07-23 05:00:00,15.7,20,0.0
2026-07-23 06:00:00,15.9,9,23.0
2026-07-23 07:00:00,16.5,15,119.0
2026-07-23 08:00:00,16.7,41,251.0
2026-07-23 09:00:00,17.4,22,315.0
2026-07-23 10:00:00,18.1,35,487.0
2026-07-23 11:00:00,18.7,19,552.0
2026-07-23 12:00:00,19.8,3,701.0
2026-07-23 13:00:00,20.5,3,804.0
2026-07-23 14:00:00,21.3,2,821.0
2026-07-23 15:00:00,21.1,8,795.0
2026-07-23 16:00:00,21.0,1,711.0
2026-07-23 17:00:00,21.0,0,620.0
2026-07-23 18:00:00,20.8,1,487.0
2026-07-23 19:00:00,20.6,10,344.0
2026-07-23 20:00:00,20.0,34,198.0
2026-07-23 21:00:00,19.0,45,70.0
2026-07-23 22:00:00,18.1,66,4.0
2026-07-23 23:00:00,17.6,88,0.0
2026-07-24 00:00:00,17.3,65,0.0
2026-07-24 01:00:00,16.7,87,0.0
2026-07-24 02:00:00,15.6,99,0.0
2026-07-24 03:00:00,15.6,99,0.0
2026-07-24 04:00:00,15.5,100,0.0
2026-07-24 05:00:00,15.4,96,0.0
2026-07-24 06:00:00,15.4,48,12.0
2026-07-24 07:00:00,15.5,13,99.0
2026-07-24 08:00:00,16.0,55,244.0
2026-07-24 09:00:00,16.9,81,339.0
2026-07-24 10:00:00,18.2,78,412.0
2026-07-24 11:00:00,19.5,100,575.0
2026-07-24 12:00:00,19.5,100,526.0
2026-07-24 13:00:00,18.5,100,374.0
2026-07-24 14:00:00,18.1,100,323.0
2026-07-24 15:00:00,18.3,100,306.0
2026-07-24 16:00:00,19.1,100,308.0
2026-07-24 17:00:00,19.4,98,295.0
2026-07-24 18:00:00,19.4,82,274.0
2026-07-24 19:00:00,19.1,100,227.0
2026-07-24 20:00:00,19.0,100,74.0
2026-07-24 21:00:00,18.6,88,32.0
2026-07-24 22:00:00,18.1,91,4.0
2026-07-24 23:00:00,17.7,45,0.0
2026-07-25 00:00:00,17.1,80,0.0
2026-07-25 01:00:00,16.7,84,0.0
2026-07-25 02:00:00,16.1,88,0.0
2026-07-25 03:00:00,16.3,92,0.0
2026-07-25 04:00:00,16.4,100,0.0
2026-07-25 05:00:00,16.5,100,0.0
2026-07-25 06:00:00,16.6,99,14.0
2026-07-25 07:00:00,16.9,64,73.0
2026-07-25 08:00:00,17.8,78,218.0
2026-07-25 09:00:00,18.6,88,366.0
2026-07-25 10:00:00,18.8,64,313.0
2026-07-25 11:00:00,19.8,59,425.0
2026-07-25 12:00:00,19.9,100,499.0
2026-07-25 13:00:00,20.0,100,392.0
2026-07-25 14:00:00,20.6,100,440.0
2026-07-25 15:00:00,21.4,100,411.0
2026-07-25 16:00:00,20.9,99,289.0
2026-07-25 17:00:00,21.2,100,189.0
2026-07-25 18:00:00,21.0,100,116.0
2026-07-25 19:00:00,21.2,99,114.0
2026-07-25 20:00:00,20.6,100,74.0
2026-07-25 21:00:00,19.7,100,32.0
2026-07-25 22:00:00,19.7,100,1.0
2026-07-25 23:00:00,19.3,76,0.0
2026-07-26 00:00:00,18.4,91,0.0
2026-07-26 01:00:00,16.9,99,0.0
2026-07-26 02:00:00,16.9,95,0.0
2026-07-26 03:00:00,16.8,99,0.0
2026-07-26 04:00:00,16.9,100,0.0
2026-07-26 05:00:00,16.6,100,0.0
2026-07-26 06:00:00,16.3,100,10.0
2026-07-26 07:00:00,16.4,96,48.0
2026-07-26 08:00:00,16.9,94,161.0
2026-07-26 09:00:00,17.4,100,308.0
2026-07-26 10:00:00,17.2,90,166.0
2026-07-26 11:00:00,17.9,91,267.0
2026-07-26 12:00:00,18.5,99,342.0
2026-07-26 13:00:00,19.1,100,390.0
2026-07-26 14:00:00,17.5,100,288.0
2026-07-26 15:00:00,17.5,100,197.0
2026-07-26 16:00:00,17.5,99,163.0
2026-07-26 17:00:00,17.6,84,239.0
2026-07-26 18:00:00,17.5,90,291.0
2026-07-26 19:00:00,17.4,100,188.0
2026-07-26 20:00:00,17.2,100,71.0
2026-07-26 21:00:00,16.4,71,22.0
2026-07-26 22:00:00,15.7,94,2.0
2026-07-26 23:00:00,15.5,100,0.0
2026-07-27 00:00:00,15.3,100,0.0
2026-07-27 01:00:00,15.2,98,0.0
2026-07-27 02:00:00,15.1,100,0.0
2026-07-27 03:00:00,14.8,74,0.0
2026-07-27 04:00:00,14.4,100,0.0
2026-07-27 05:00:00,13.9,100,0.0
2026-07-27 06:00:00,13.9,100,2.0
2026-07-27 07:00:00,13.9,98,13.0
2026-07-27 08:00:00,14.0,6,74.0
2026-07-27 09:00:00,15.4,27,387.0
2026-07-27 10:00:00,16.1,15,484.0
2026-07-27 11:00:00,16.8,34,612.0
2026-07-27 12:00:00,17.6,45,646.0
2026-07-27 13:00:00,17.6,34,597.0
2026-07-27 14:00:00,18.4,15,665.0
2026-07-27 15:00:00,18.8,38,709.0
2026-07-27 16:00:00,18.8,38,554.0
2026-07-27 17:00:00,18.4,88,519.0
2026-07-27 18:00:00,17.3,98,259.0
2026-07-27 19:00:00,17.2,99,202.0
2026-07-27 20:00:00,16.6,9,109.0
2026-07-27 21:00:00,15.9,12,59.0
2026-07-27 22:00:00,15.3,20,2.0
2026-07-27 23:00:00,14.9,12,0.0
2026-07-28 00:00:00,14.6,18,0.0
2026-07-28 01:00:00,14.3,13,0.0
2026-07-28 02:00:00,14.0,9,0.0
2026-07-28 03:00:00,13.7,10,0.0
2026-07-28 04:00:00,13.5,25,0.0
2026-07-28 05:00:00,13.4,27,0.0
2026-07-28 06:00:00,13.3,22,16.0
2026-07-28 07:00:00,13.8,77,104.0
2026-07-28 08:00:00,14.8,9,227.0
2026-07-28 09:00:00,15.9,34,389.0
2026-07-28 10:00:00,16.8,35,526.0
2026-07-28 11:00:00,17.9,30,642.0
2026-07-28 12:00:00,18.8,45,728.0
2026-07-28 13:00:00,19.8,55,780.0
2026-07-28 14:00:00,20.4,100,755.0
2026-07-28 15:00:00,20.3,78,368.0
2026-07-28 16:00:00,20.9,87,511.0
2026-07-28 17:00:00,19.9,64,249.0
2026-07-28 18:00:00,20.6,63,290.0
2026-07-28 19:00:00,20.7,92,211.0
2026-07-28 20:00:00,20.4,94,107.0
2026-07-28 21:00:00,19.8,74,41.0
2026-07-28 22:00:00,19.2,98,1.0
2026-07-28 23:00:00,19.2,100,0.0
2026-07-29 00:00:00,18.9,49,0.0
2026-07-29 01:00:00,18.2,65,0.0
2026-07-29 02:00:00,18.0,42,0.0
2026-07-29 03:00:00,18.0,70,0.0
2026-07-29 04:00:00,17.7,89,0.0
2026-07-29 05:00:00,17.5,14,0.0
2026-07-29 06:00:00,17.5,8,15.0
2026-07-29 07:00:00,18.2,51,101.0
2026-07-29 08:00:00,19.3,63,222.0
2026-07-29 09:00:00,20.5,98,349.0
2026-07-29 10:00:00,21.7,94,457.0
2026-07-29 11:00:00,22.6,80,545.0
2026-07-29 12:00:00,23.6,94,672.0
2026-07-29 13:00:00,23.6,80,730.0
2026-07-29 14:00:00,23.5,96,740.0
2026-07-29 15:00:00,23.4,89,709.0
2026-07-29 16:00:00,23.5,6,651.0
2026-07-29 17:00:00,23.5,0,569.0
2026-07-29 18:00:00,23.3,8,444.0
2026-07-29 19:00:00,22.9,6,305.0
2026-07-29 20:00:00,22.4,10,168.0
2026-07-29 21:00:00,21.7,9,54.0
2026-07-29 22:00:00,21.6,12,1.0
2026-07-29 23:00:00,21.2,2,0.0
2026-07-30 00:00:00,21.4,4,0.0
2026-07-30 01:00:00,21.1,62,0.0
2026-07-30 02:00:00,20.5,91,0.0
2026-07-30 03:00:00,20.4,92,0.0
2026-07-30 04:00:00,20.2,84,0.0
2026-07-30 05:00:00,20.0,81,0.0
2026-07-30 06:00:00,19.9,58,13.0
2026-07-30 07:00:00,20.3,79,97.0
2026-07-30 08:00:00,21.0,28,217.0
2026-07-30 09:00:00,21.6,1,370.0
2026-07-30 10:00:00,22.0,0,513.0
2026-07-30 11:00:00,22.4,0,631.0
2026-07-30 12:00:00,22.9,0,720.0
2026-07-30 13:00:00,23.4,0,772.0
2026-07-30 14:00:00,25.4,0,784.0
2026-07-30 15:00:00,25.4,59,754.0
2026-07-30 16:00:00,24.6,33,647.0
2026-07-30 17:00:00,24.7,72,570.0
2026-07-30 18:00:00,24.9,95,429.0
2026-07-30 19:00:00,24.6,93,240.0
2026-07-30 20:00:00,24.3,100,138.0
2026-07-30 21:00:00,23.3,100,21.0
2026-07-30 22:00:00,22.6,100,1.0
2026-07-30 23:00:00,21.8,100,0.0
2026-07-31 00:00:00,21.5,100,0.0
2026-07-31 01:00:00,20.3,100,0.0
2026-07-31 02:00:00,19.4,100,0.0
2026-07-31 03:00:00,19.0,97,0.0
2026-07-31 04:00:00,18.3,23,0.0
2026-07-31 05:00:00,17.5,3,0.0
2026-07-31 06:00:00,16.9,67,13.0
2026-07-31 07:00:00,16.8,34,95.0
2026-07-31 08:00:00,17.3,74,228.0
2026-07-31 09:00:00,18.1,85,352.0
2026-07-31 10:00:00,18.9,77,463.0
2026-07-31 11:00:00,20.1,93,594.0
2026-07-31 12:00:00,21.0,74,691.0
2026-07-31 13:00:00,21.7,58,773.0
2026-07-31 14:00:00,21.8,83,781.0
2026-07-31 15:00:00,21.7,86,701.0
2026-07-31 16:00:00,21.1,80,560.0
2026-07-31 17:00:00,20.3,63,526.0
2026-07-31 18:00:00,19.7,48,423.0
2026-07-31 19:00:00,19.2,17,272.0
2026-07-31 20:00:00,19.2,45,151.0
2026-07-31 21:00:00,18.8,39,39.0
2026-07-31 22:00:00,17.7,72,1.0
2026-07-31 23:00:00,16.4,94,0.0
2026-08-01 00:00:00,16.6,100,0.0
2026-08-01 01:00:00,16.7,100,0.0
2026-08-01 02:00:00,15.7,100,0.0
2026-08-01 03:00:00,15.9,100,0.0
2026-08-01 04:00:00,16.0,100,0.0
2026-08-01 05:00:00,16.2,70,0.0
2026-08-01 06:00:00,15.7,83,10.0
2026-08-01 07:00:00,15.7,98,87.0
2026-08-01 08:00:00,16.3,98,167.0
2026-08-01 09:00:00,16.9,100,308.0
2026-08-01 10:00:00,17.6,100,409.0
2026-08-01 11:00:00,18.1,98,470.0
2026-08-01 12:00:00,19.0,97,544.0
2026-08-01 13:00:00,19.7,97,596.0
2026-08-01 14:00:00,20.1,88,586.0
2026-08-01 15:00:00,20.4,88,526.0
2026-08-01 16:00:00,20.2,60,472.0
2026-08-01 17:00:00,19.7,13,486.0
2026-08-01 18:00:00,19.6,2,441.0
2026-08-01 19:00:00,19.4,2,311.0
2026-08-01 20:00:00,19.1,4,167.0
2026-08-01 21:00:00,18.4,17,48.0
2026-08-01 22:00:00,17.8,23,0.0
2026-08-01 23:00:00,17.3,7,0.0
2026-08-02 00:00:00,16.5,2,0.0
2026-08-02 01:00:00,16.0,1,0.0
2026-08-02 02:00:00,15.0,1,0.0
2026-08-02 03:00:00,14.9,1,0.0
2026-08-02 04:00:00,14.6,1,0.0
2026-08-02 05:00:00,14.5,20,0.0
2026-08-02 06:00:00,14.6,9,11.0
2026-08-02 07:00:00,15.2,16,90.0
2026-08-02 08:00:00,15.9,9,203.0
2026-08-02 09:00:00,16.9,13,354.0
2026-08-02 10:00:00,18.0,16,492.0
2026-08-02 11:00:00,19.1,27,588.0
2026-08-02 12:00:00,20.0,60,645.0
2026-08-02 13:00:00,20.2,86,548.0
2026-08-02 14:00:00,20.9,100,436.0
2026-08-02 15:00:00,20.6,100,257.0
2026-08-02 16:00:00,20.7,87,275.0
2026-08-02 17:00:00,20.9,91,361.0
2026-08-02 18:00:00,20.5,63,288.0
2026-08-02 19:00:00,20.2,86,234.0
2026-08-02 20:00:00,19.8,100,135.0
2026-08-02 21:00:00,19.3,100,38.0
2026-08-02 22:00:00,18.6,99,0.0
2026-08-02 23:00:00,18.3,99,0.0
2026-08-03 00:00:00,18.1,33,0.0
2026-08-03 01:00:00,17.7,41,0.0
2026-08-03 02:00:00,16.3,61,0.0
2026-08-03 03:00:00,15.5,39,0.0
2026-08-03 04:00:00,15.0,13,0.0
2026-08-03 05:00:00,14.5,64,0.0
2026-08-03 06:00:00,14.6,70,9.0
2026-08-03 07:00:00,16.4,66,89.0
2026-08-03 08:00:00,18.2,98,207.0
2026-08-03 09:00:00,18.8,98,273.0
2026-08-03 10:00:00,19.4,70,422.0
2026-08-03 11:00:00,20.0,30,592.0
2026-08-03 12:00:00,20.4,33,709.0
2026-08-03 13:00:00,20.7,68,763.0
2026-08-03 14:00:00,21.9,59,750.0
2026-08-03 15:00:00,22.2,35,698.0
2026-08-03 16:00:00,22.4,41,661.0
2026-08-03 17:00:00,22.1,78,543.0
2026-08-03 18:00:00,21.7,34,396.0
2026-08-03 19:00:00,21.1,17,263.0
2026-08-03 20:00:00,20.6,19,151.0
2026-08-03 21:00:00,20.1,1,41.0
2026-08-03 22:00:00,19.8,97,0.0
2026-08-03 23:00:00,19.7,52,0.0
2026-08-04 00:00:00,18.7,70,0.0
2026-08-04 01:00:00,18.3,22,0.0
2026-08-04 02:00:00,17.0,0,0.0
2026-08-04 03:00:00,16.9,9,0.0
2026-08-04 04:00:00,16.8,59,0.0
2026-08-04 05:00:00,16.6,97,0.0
2026-08-04 06:00:00,16.7,84,8.0
2026-08-04 07:00:00,17.4,71,84.0
2026-08-04 08:00:00,18.1,98,210.0
2026-08-04 09:00:00,19.5,98,314.0
2026-08-04 10:00:00,20.8,100,366.0
2026-08-04 11:00:00,21.2,100,214.0
2026-08-04 12:00:00,20.9,100,165.0
2026-08-04 13:00:00,20.5,100,176.0
2026-08-04 14:00:00,19.0,100,171.0
2026-08-04 15:00:00,20.1,62,226.0
2026-08-04 16:00:00,21.3,8,543.0
2026-08-04 17:00:00,21.3,7,536.0
2026-08-04 18:00:00,21.3,2,418.0
2026-08-04 19:00:00,20.9,7,281.0
2026-08-04 20:00:00,20.3,3,147.0
2026-08-04 21:00:00,19.8,2,38.0
2026-08-04 22:00:00,19.4,2,0.0
2026-08-04 23:00:00,19.1,2,0.0
2026-08-05 00:00:00,19.0,16,0.0
2026-08-05 01:00:00,18.8,27,0.0
2026-08-05 02:00:00,18.7,57,0.0
2026-08-05 03:00:00,18.7,85,0.0
2026-08-05 04:00:00,18.6,84,0.0
2026-08-05 05:00:00,18.7,100,0.0
2026-08-05 06:00:00,18.8,91,1.0
2026-08-05 07:00:00,19.1,41,54.0
2026-08-05 08:00:00,18.6,99,177.0
2026-08-05 09:00:00,18.7,73,76.0
2026-08-05 10:00:00,20.1,76,364.0
2026-08-05 11:00:00,20.7,5,402.0
2026-08-05 12:00:00,22.4,11,677.0
2026-08-05 13:00:00,23.2,9,701.0
2026-08-05 14:00:00,26.4,12,730.0
2026-08-05 15:00:00,26.5,17,689.0
2026-08-05 16:00:00,26.1,9,605.0
2026-08-05 17:00:00,25.5,9,516.0
2026-08-05 18:00:00,24.9,4,402.0
2026-08-05 19:00:00,24.1,3,276.0
2026-08-05 20:00:00,23.5,3,144.0
2026-08-05 21:00:00,22.6,5,36.0
2026-08-05 22:00:00,21.7,8,0.0
2026-08-05 23:00:00,20.9,3,0.0
2026-08-06 00:00:00,20.3,7,0.0
2026-08-06 01:00:00,19.9,13,0.0
2026-08-06 02:00:00,18.5,73,0.0
2026-08-06 03:00:00,18.8,90,0.0
2026-08-06 04:00:00,19.1,4,0.0
2026-08-06 05:00:00,18.7,2,0.0
2026-08-06 06:00:00,18.5,22,6.0
2026-08-06 07:00:00,18.7,47,83.0
2026-08-06 08:00:00,19.5,45,205.0
2026-08-06 09:00:00,20.4,53,334.0
2026-08-06 10:00:00,21.1,27,432.0
2026-08-06 11:00:00,21.9,50,576.0
2026-08-06 12:00:00,22.1,84,642.0
2026-08-06 13:00:00,22.3,98,612.0
2026-08-06 14:00:00,22.0,95,607.0
2026-08-06 15:00:00,21.9,48,556.0
2026-08-06 16:00:00,21.9,55,550.0
2026-08-06 17:00:00,21.9,46,502.0
2026-08-06 18:00:00,21.1,45,347.0
2026-08-06 19:00:00,20.1,19,233.0
2026-08-06 20:00:00,19.0,19,126.0
2026-08-06 21:00:00,18.0,5,31.0
2026-08-06 22:00:00,17.4,2,0.0
2026-08-06 23:00:00,16.8,4,0.0
2026-08-07 00:00:00,16.4,52,0.0
2026-08-07 01:00:00,16.2,29,0.0
2026-08-07 02:00:00,15.6,21,0.0
2026-08-07 03:00:00,15.4,23,0.0
2026-08-07 04:00:00,15.2,12,0.0
2026-08-07 05:00:00,15.1,6,0.0
2026-08-07 06:00:00,14.9,29,5.0
2026-08-07 07:00:00,15.1,34,68.0
2026-08-07 08:00:00,15.8,39,177.0
2026-08-07 09:00:00,16.4,74,290.0
2026-08-07 10:00:00,16.6,100,347.0
2026-08-07 11:00:00,16.5,70,290.0
2026-08-07 12:00:00,17.5,100,513.0
2026-08-07 13:00:00,17.4,91,355.0
2026-08-07 14:00:00,17.3,100,488.0
2026-08-07 15:00:00,18.1,56,337.0
2026-08-07 16:00:00,18.9,96,532.0
2026-08-07 17:00:00,18.6,99,304.0
2026-08-07 18:00:00,18.4,100,206.0
2026-08-07 19:00:00,18.4,91,167.0
2026-08-07 20:00:00,17.5,26,83.0
2026-08-07 21:00:00,17.0,31,29.0
2026-08-07 22:00:00,16.6,27,0.0
2026-08-07 23:00:00,16.2,39,0.0
2026-08-08 00:00:00,15.8,30,0.0
2026-08-08 01:00:00,15.5,12,0.0
2026-08-08 02:00:00,14.2,13,0.0
2026-08-08 03:00:00,14.2,13,0.0
2026-08-08 04:00:00,14.0,4,0.0
2026-08-08 05:00:00,13.9,5,0.0
2026-08-08 06:00:00,13.9,47,5.0
2026-08-08 07:00:00,14.5,13,75.0
2026-08-08 08:00:00,15.5,34,204.0
2026-08-08 09:00:00,16.7,44,342.0
2026-08-08 10:00:00,18.0,51,462.0
2026-08-08 11:00:00,19.0,100,479.0
2026-08-08 12:00:00,19.3,100,350.0
2026-08-08 13:00:00,20.0,100,448.0
2026-08-08 14:00:00,20.5,88,412.0
2026-08-08 15:00:00,20.9,63,386.0
2026-08-08 16:00:00,21.8,98,574.0
2026-08-08 17:00:00,21.5,83,344.0
2026-08-08 18:00:00,21.5,93,292.0
2026-08-08 19:00:00,21.2,98,171.0
2026-08-08 20:00:00,20.7,96,71.0
2026-08-08 21:00:00,20.3,99,16.0
2026-08-08 22:00:00,20.0,72,0.0
2026-08-08 23:00:00,19.0,2,0.0
2026-08-09 00:00:00,18.0,0,0.0
2026-08-09 01:00:00,17.8,0,0.0
2026-08-09 02:00:00,16.8,0,0.0
2026-08-09 03:00:00,17.2,0,0.0
2026-08-09 04:00:00,17.5,3,0.0
2026-08-09 05:00:00,17.5,7,0.0
2026-08-09 06:00:00,17.6,8,4.0
2026-08-09 07:00:00,18.2,91,74.0
2026-08-09 08:00:00,18.6,100,192.0
2026-08-09 09:00:00,18.9,98,278.0
2026-08-09 10:00:00,19.4,100,443.0
2026-08-09 11:00:00,19.6,100,546.0
2026-08-09 12:00:00,19.9,89,626.0
2026-08-09 13:00:00,20.5,59,709.0
2026-08-09 14:00:00,21.9,95,755.0
2026-08-09 15:00:00,21.8,99,658.0
2026-08-09 16:00:00,21.5,95,546.0
2026-08-09 17:00:00,21.4,98,430.0
2026-08-09 18:00:00,21.2,5,233.0
2026-08-09 19:00:00,21.3,5,276.0
2026-08-09 20:00:00,20.9,16,134.0
2026-08-09 21:00:00,20.6,26,26.0
2026-08-09 22:00:00,20.3,39,0.0
2026-08-09 23:00:00,20.2,44,0.0
2026-08-10 00:00:00,19.7,32,0.0
2026-08-10 01:00:00,19.2,59,0.0
2026-08-10 02:00:00,18.1,68,0.0
2026-08-10 03:00:00,17.6,88,0.0
2026-08-10 04:00:00,17.4,100,0.0
2026-08-10 05:00:00,18.0,100,0.0
2026-08-10 06:00:00,18.0,100,1.0
2026-08-10 07:00:00,18.0,100,45.0
2026-08-10 08:00:00,17.4,100,70.0
2026-08-10 09:00:00,17.1,100,68.0
2026-08-10 10:00:00,16.8,100,90.0
2026-08-10 11:00:00,16.6,100,105.0
2026-08-10 12:00:00,16.8,100,188.0
2026-08-10 13:00:00,17.1,82,144.0
2026-08-10 14:00:00,18.9,87,512.0
2026-08-10 15:00:00,20.1,21,581.0
2026-08-10 16:00:00,20.5,16,583.0
2026-08-10 17:00:00,20.5,30,501.0
2026-08-10 18:00:00,20.3,38,354.0
2026-08-10 19:00:00,19.6,19,219.0
2026-08-10 20:00:00,18.1,8,119.0
2026-08-10 21:00:00,17.1,7,24.0
2026-08-10 22:00:00,16.4,9,0.0
2026-08-10 23:00:00,15.7,9,0.0
2026-08-11 00:00:00,15.2,9,0.0
2026-08-11 01:00:00,14.8,4,0.0
2026-08-11 02:00:00,14.1,9,0.0
2026-08-11 03:00:00,14.0,23,0.0
2026-08-11 04:00:00,13.9,8,0.0
2026-08-11 05:00:00,13.6,13,0.0
2026-08-11 06:00:00,13.4,9,3.0
2026-08-11 07:00:00,14.0,20,67.0
2026-08-11 08:00:00,15.1,25,180.0
2026-08-11 09:00:00,16.1,20,314.0
2026-08-11 10:00:00,16.8,5,449.0
2026-08-11 11:00:00,17.5,5,593.0
2026-08-11 12:00:00,18.1,2,684.0
2026-08-11 13:00:00,18.5,8,746.0
2026-08-11 14:00:00,19.0,10,747.0
2026-08-11 15:00:00,19.3,16,714.0
2026-08-11 16:00:00,19.5,36,622.0
2026-08-11 17:00:00,19.4,66,491.0
2026-08-11 18:00:00,19.1,50,340.0
2026-08-11 19:00:00,18.6,26,235.0
2026-08-11 20:00:00,17.5,13,121.0
2026-08-11 21:00:00,16.6,9,23.0
2026-08-11 22:00:00,16.0,40,0.0
2026-08-11 23:00:00,15.3,49,0.0
2026-08-12 00:00:00,14.8,2,0.0
2026-08-12 01:00:00,14.6,0,0.0
2026-08-12 02:00:00,12.9,2,0.0
2026-08-12 03:00:00,12.9,2,0.0
2026-08-12 04:00:00,12.8,0,0.0
2026-08-12 05:00:00,12.5,0,0.0
2026-08-12 06:00:00,12.2,2,2.0
2026-08-12 07:00:00,12.7,1,66.0
2026-08-12 08:00:00,13.6,1,193.0
2026-08-12 09:00:00,15.0,1,338.0
2026-08-12 10:00:00,16.1,4,479.0
2026-08-12 11:00:00,16.8,5,599.0
2026-08-12 12:00:00,17.5,16,689.0
2026-08-12 13:00:00,18.0,37,739.0
2026-08-12 14:00:00,19.1,65,747.0
2026-08-12 15:00:00,19.1,77,709.0
2026-08-12 16:00:00,19.0,71,622.0
2026-08-12 17:00:00,18.9,52,522.0
2026-08-12 18:00:00,18.6,69,402.0
2026-08-12 19:00:00,18.3,59,257.0
2026-08-12 20:00:00,17.7,45,91.0
2026-08-12 21:00:00,17.2,34,7.0
2026-08-12 22:00:00,16.8,66,0.0
2026-08-12 23:00:00,16.7,81,0.0
2026-08-13 00:00:00,16.6,38,0.0
2026-08-13 01:00:00,16.3,67,0.0
2026-08-13 02:00:00,15.4,16,0.0
2026-08-13 03:00:00,15.1,12,0.0
2026-08-13 04:00:00,15.0,0,0.0
2026-08-13 05:00:00,14.5,5,0.0
2026-08-13 06:00:00,14.7,1,2.0
2026-08-13 07:00:00,16.2,5,62.0
2026-08-13 08:00:00,17.2,1,186.0
2026-08-13 09:00:00,18.0,13,329.0
2026-08-13 10:00:00,18.4,24,467.0
2026-08-13 11:00:00,18.8,73,585.0
2026-08-13 12:00:00,19.0,96,657.0
2026-08-13 13:00:00,19.0,98,674.0
2026-08-13 14:00:00,20.3,83,628.0
2026-08-13 15:00:00,20.5,66,683.0
2026-08-13 16:00:00,20.4,8,599.0
2026-08-13 17:00:00,20.4,2,527.0
2026-08-13 18:00:00,20.2,16,396.0
2026-08-13 19:00:00,19.9,34,251.0
2026-08-13 20:00:00,19.5,40,112.0
2026-08-13 21:00:00,19.2,13,17.0
2026-08-13 22:00:00,19.1,3,0.0
2026-08-13 23:00:00,18.8,2,0.0
2026-08-14 00:00:00,18.6,0,0.0
2026-08-14 01:00:00,18.5,0,0.0
2026-08-14 02:00:00,17.6,0,0.0
2026-08-14 03:00:00,17.8,0,0.0
2026-08-14 04:00:00,18.0,0,0.0
2026-08-14 05:00:00,18.0,0,0.0
2026-08-14 06:00:00,18.0,0,1.0
2026-08-14 07:00:00,18.7,12,59.0
2026-08-14 08:00:00,19.7,5,183.0
2026-08-14 09:00:00,20.4,16,326.0
2026-08-14 10:00:00,20.8,72,465.0
2026-08-14 11:00:00,21.1,95,580.0
2026-08-14 12:00:00,21.2,81,667.0
2026-08-14 13:00:00,21.3,98,705.0
2026-08-14 14:00:00,22.6,98,687.0
2026-08-14 15:00:00,23.1,9,644.0
2026-08-14 16:00:00,23.7,17,633.0
2026-08-14 17:00:00,23.4,9,527.0
2026-08-14 18:00:00,23.0,48,395.0
2026-08-14 19:00:00,22.4,63,250.0
2026-08-14 20:00:00,21.9,64,108.0
2026-08-14 21:00:00,21.3,82,16.0
2026-08-14 22:00:00,21.2,89,0.0
2026-08-14 23:00:00,21.0,97,0.0
2026-08-15 00:00:00,20.9,84,0.0
2026-08-15 01:00:00,20.8,55,0.0
2026-08-15 02:00:00,20.2,75,0.0
2026-08-15 03:00:00,20.5,86,0.0
2026-08-15 04:00:00,20.6,88,0.0
2026-08-15 05:00:00,20.4,86,0.0
2026-08-15 06:00:00,19.8,90,1.0
2026-08-15 07:00:00,19.8,83,43.0
2026-08-15 08:00:00,20.0,92,166.0
2026-08-15 09:00:00,21.1,75,242.0
2026-08-15 10:00:00,22.7,52,435.0
2026-08-15 11:00:00,24.1,45,552.0
2026-08-15 12:00:00,25.1,64,659.0
2026-08-15 13:00:00,25.3,45,700.0
2026-08-15 14:00:00,24.8,63,716.0
2026-08-15 15:00:00,23.5,80,665.0
2026-08-15 16:00:00,22.6,88,581.0
2026-08-15 17:00:00,22.1,98,407.0
2026-08-15 18:00:00,21.5,99,282.0
2026-08-15 19:00:00,20.3,95,182.0
2026-08-15 20:00:00,19.3,98,99.0
2026-08-15 21:00:00,18.5,100,13.0
2026-08-15 22:00:00,17.8,80,0.0
2026-08-15 23:00:00,17.1,100,0.0
2026-08-16 00:00:00,16.7,83,0.0
2026-08-16 01:00:00,16.3,1,0.0
2026-08-16 02:00:00,15.5,12,0.0
2026-08-16 03:00:00,15.2,13,0.0
2026-08-16 04:00:00,14.9,22,0.0
2026-08-16 05:00:00,14.7,16,0.0
2026-08-16 06:00:00,14.4,29,1.0
2026-08-16 07:00:00,14.9,31,48.0
2026-08-16 08:00:00,15.8,73,165.0
2026-08-16 09:00:00,16.9,70,246.0
2026-08-16 10:00:00,17.7,100,342.0
2026-08-16 11:00:00,18.2,95,291.0
2026-08-16 12:00:00,18.8,94,419.0
2026-08-16 13:00:00,19.6,100,402.0
2026-08-16 14:00:00,20.2,98,326.0
2026-08-16 15:00:00,20.0,78,379.0
2026-08-16 16:00:00,20.1,99,377.0
2026-08-16 17:00:00,19.8,100,189.0
2026-08-16 18:00:00,19.8,100,159.0
2026-08-16 19:00:00,19.3,100,121.0
2026-08-16 20:00:00,18.5,100,60.0
2026-08-16 21:00:00,17.9,100,6.0
2026-08-16 22:00:00,17.3,100,0.0
2026-08-16 23:00:00,17.0,100,0.0
2026-08-17 00:00:00,16.4,100,0.0
2026-08-17 01:00:00,16.1,100,0.0
2026-08-17 02:00:00,15.8,100,0.0
2026-08-17 03:00:00,15.0,100,0.0
2026-08-17 04:00:00,14.6,100,0.0
2026-08-17 05:00:00,14.5,100,0.0
2026-08-17 06:00:00,14.5,94,0.0
2026-08-17 07:00:00,14.6,30,25.0
2026-08-17 08:00:00,14.7,52,141.0
2026-08-17 09:00:00,15.6,40,266.0
2026-08-17 10:00:00,16.7,57,394.0
2026-08-17 11:00:00,17.9,29,479.0
2026-08-17 12:00:00,18.9,80,582.0
2026-08-17 13:00:00,19.0,98,412.0
2026-08-17 14:00:00,19.4,75,375.0
2026-08-17 15:00:00,19.8,56,543.0
2026-08-17 16:00:00,20.0,55,515.0
2026-08-17 17:00:00,20.6,99,409.0
2026-08-17 18:00:00,19.8,63,173.0
2026-08-17 19:00:00,18.8,70,192.0
2026-08-17 20:00:00,18.0,74,70.0
2026-08-17 21:00:00,17.6,16,7.0
2026-08-17 22:00:00,16.8,30,0.0
2026-08-17 23:00:00,16.1,44,0.0
2026-08-18 00:00:00,15.4,10,0.0
2026-08-18 01:00:00,14.7,5,0.0
2026-08-18 02:00:00,14.1,28,0.0
2026-08-18 03:00:00,14.0,27,0.0
2026-08-18 04:00:00,13.7,10,0.0
2026-08-18 05:00:00,13.5,21,0.0
2026-08-18 06:00:00,13.4,19,0.0
2026-08-18 07:00:00,13.8,100,44.0
2026-08-18 08:00:00,14.6,100,69.0
2026-08-18 09:00:00,15.2,99,164.0
2026-08-18 10:00:00,16.4,97,336.0
2026-08-18 11:00:00,17.1,99,428.0
2026-08-18 12:00:00,17.7,100,505.0
2026-08-18 13:00:00,17.7,100,380.0
2026-08-18 14:00:00,18.4,90,333.0
2026-08-18 15:00:00,18.3,100,391.0
2026-08-18 16:00:00,18.0,100,310.0
2026-08-18 17:00:00,18.5,100,356.0
2026-08-18 18:00:00,18.2,100,232.0
2026-08-18 19:00:00,17.8,100,118.0
2026-08-18 20:00:00,17.1,100,67.0
2026-08-18 21:00:00,16.9,79,5.0
2026-08-18 22:00:00,16.5,59,0.0
2026-08-18 23:00:00,15.6,30,0.0
2026-08-19 00:00:00,16.0,55,0.0
2026-08-19 01:00:00,16.2,92,0.0
2026-08-19 02:00:00,16.1,26,0.0
2026-08-19 03:00:00,15.9,46,0.0
2026-08-19 04:00:00,15.7,100,0.0
2026-08-19 05:00:00,16.1,79,0.0
2026-08-19 06:00:00,16.3,84,0.0
2026-08-19 07:00:00,16.6,100,29.0
2026-08-19 08:00:00,15.6,100,57.0
2026-08-19 09:00:00,15.9,100,66.0
2026-08-19 10:00:00,15.6,100,185.0
2026-08-19 11:00:00,16.0,99,108.0
2026-08-19 12:00:00,17.5,100,326.0
2026-08-19 13:00:00,17.5,100,260.0
2026-08-19 14:00:00,16.7,100,181.0
2026-08-19 15:00:00,16.5,88,130.0
2026-08-19 16:00:00,17.9,55,347.0
2026-08-19 17:00:00,18.7,45,361.0
2026-08-19 18:00:00,19.1,25,280.0
2026-08-19 19:00:00,18.9,15,193.0
2026-08-19 20:00:00,17.9,27,84.0
2026-08-19 21:00:00,17.4,27,7.0
2026-08-19 22:00:00,17.2,11,0.0
2026-08-19 23:00:00,16.6,2,0.0
2026-08-20 00:00:00,15.9,2,0.0
2026-08-20 01:00:00,15.5,9,0.0
2026-08-20 02:00:00,14.8,20,0.0
2026-08-20 03:00:00,14.7,19,0.0
2026-08-20 04:00:00,14.2,13,0.0
2026-08-20 05:00:00,14.0,9,0.0
2026-08-20 06:00:00,13.8,9,0.0
2026-08-20 07:00:00,14.0,7,40.0
2026-08-20 08:00:00,14.9,5,152.0
2026-08-20 09:00:00,15.8,56,295.0
2026-08-20 10:00:00,16.7,59,355.0
2026-08-20 11:00:00,17.5,100,400.0
2026-08-20 12:00:00,18.0,100,333.0
2026-08-20 13:00:00,18.5,69,405.0
2026-08-20 14:00:00,19.4,99,531.0
2026-08-20 15:00:00,19.3,41,383.0
2026-08-20 16:00:00,19.8,88,504.0
2026-08-20 17:00:00,19.8,63,364.0
2026-08-20 18:00:00,18.7,49,247.0
2026-08-20 19:00:00,18.6,33,182.0
2026-08-20 20:00:00,17.3,53,73.0
2026-08-20 21:00:00,17.2,99,5.0
2026-08-20 22:00:00,17.3,77,0.0
2026-08-20 23:00:00,17.5,36,0.0
2026-08-21 00:00:00,16.8,75,0.0
2026-08-21 01:00:00,16.2,18,0.0
2026-08-21 02:00:00,14.6,66,0.0
2026-08-21 03:00:00,14.8,20,0.0
2026-08-21 04:00:00,14.4,10,0.0
2026-08-21 05:00:00,14.2,9,0.0
2026-08-21 06:00:00,14.2,23,0.0
2026-08-21 07:00:00,14.6,20,36.0
2026-08-21 08:00:00,15.0,25,141.0
2026-08-21 09:00:00,16.0,29,265.0
2026-08-21 10:00:00,17.0,30,368.0
2026-08-21 11:00:00,18.0,22,482.0
2026-08-21 12:00:00,18.9,60,597.0
2026-08-21 13:00:00,19.3,42,611.0
2026-08-21 14:00:00,19.9,45,584.0
2026-08-21 15:00:00,19.6,83,550.0
2026-08-21 16:00:00,19.5,84,444.0
2026-08-21 17:00:00,19.8,91,374.0
2026-08-21 18:00:00,19.6,98,304.0
2026-08-21 19:00:00,19.0,96,123.0
2026-08-21 20:00:00,18.5,98,64.0
2026-08-21 21:00:00,17.7,99,4.0
2026-08-21 22:00:00,17.3,100,0.0
2026-08-21 23:00:00,16.4,98,0.0
2026-08-22 00:00:00,15.8,100,0.0
2026-08-22 01:00:00,15.5,100,0.0
2026-08-22 02:00:00,14.5,100,0.0
2026-08-22 03:00:00,14.3,100,0.0
2026-08-22 04:00:00,13.9,100,0.0
2026-08-22 05:00:00,13.6,100,0.0
2026-08-22 06:00:00,13.1,100,0.0
2026-08-22 07:00:00,13.2,100,27.0
2026-08-22 08:00:00,13.8,84,117.0
2026-08-22 09:00:00,15.0,62,284.0
2026-08-22 10:00:00,16.0,100,359.0
2026-08-22 11:00:00,16.6,71,301.0
2026-08-22 12:00:00,17.7,100,488.0
2026-08-22 13:00:00,17.9,86,431.0
2026-08-22 14:00:00,18.4,91,512.0
2026-08-22 15:00:00,19.5,97,505.0
2026-08-22 16:00:00,19.4,78,293.0
2026-08-22 17:00:00,18.6,29,319.0
2026-08-22 18:00:00,18.8,13,306.0
2026-08-22 19:00:00,16.3,49,196.0
2026-08-22 20:00:00,16.2,51,56.0
2026-08-22 21:00:00,15.3,35,3.0
2026-08-22 22:00:00,15.3,41,0.0
2026-08-22 23:00:00,15.0,23,0.0
2026-08-23 00:00:00,14.7,10,0.0
2026-08-23 01:00:00,14.2,7,0.0
2026-08-23 02:00:00,13.3,11,0.0
2026-08-23 03:00:00,13.5,6,0.0
2026-08-23 04:00:00,13.4,9,0.0
2026-08-23 05:00:00,13.5,49,0.0
2026-08-23 06:00:00,13.8,48,0.0
2026-08-23 07:00:00,13.8,55,31.0
2026-08-23 08:00:00,13.9,79,130.0
2026-08-23 09:00:00,13.8,86,211.0
2026-08-23 10:00:00,14.7,77,311.0
2026-08-23 11:00:00,15.7,78,492.0
2026-08-23 12:00:00,16.5,69,530.0
2026-08-23 13:00:00,17.2,65,545.0
2026-08-23 14:00:00,16.7,78,616.0
2026-08-23 15:00:00,16.6,85,421.0
2026-08-23 16:00:00,16.4,65,501.0
2026-08-23 17:00:00,17.2,98,446.0
2026-08-23 18:00:00,17.8,71,288.0
2026-08-23 19:00:00,17.4,43,176.0
2026-08-23 20:00:00,15.8,75,66.0
2026-08-23 21:00:00,14.3,68,2.0
2026-08-23 22:00:00,14.3,37,0.0
2026-08-23 23:00:00,14.1,19,0.0
2026-08-24 00:00:00,14.0,81,0.0
2026-08-24 01:00:00,14.1,66,0.0
2026-08-24 02:00:00,15.0,38,0.0
2026-08-24 03:00:00,15.0,63,0.0
2026-08-24 04:00:00,14.9,76,0.0
2026-08-24 05:00:00,14.6,41,0.0
2026-08-24 06:00:00,14.2,48,0.0
2026-08-24 07:00:00,14.3,98,32.0
2026-08-24 08:00:00,14.9,1,129.0
2026-08-24 09:00:00,16.2,0,287.0
2026-08-24 10:00:00,17.6,0,428.0
2026-08-24 11:00:00,18.8,0,550.0
2026-08-24 12:00:00,19.7,23,639.0
2026-08-24 13:00:00,20.1,27,623.0
2026-08-24 14:00:00,20.8,38,655.0
2026-08-24 15:00:00,21.0,30,621.0
2026-08-24 16:00:00,21.1,42,559.0
2026-08-24 17:00:00,20.8,42,432.0
2026-08-24 18:00:00,20.1,20,318.0
2026-08-24 19:00:00,19.4,2,203.0
2026-08-24 20:00:00,18.0,0,72.0
2026-08-24 21:00:00,16.8,1,3.0
2026-08-24 22:00:00,16.0,0,0.0
2026-08-24 23:00:00,15.6,0,0.0
2026-08-25 00:00:00,15.1,1,0.0
2026-08-25 01:00:00,14.7,1,0.0
2026-08-25 02:00:00,13.2,0,0.0
2026-08-25 03:00:00,13.0,0,0.0
2026-08-25 04:00:00,12.7,13,0.0
2026-08-25 05:00:00,12.4,52,0.0
2026-08-25 06:00:00,12.1,73,0.0
2026-08-25 07:00:00,12.9,80,24.0
2026-08-25 08:00:00,13.6,66,106.0
2026-08-25 09:00:00,15.0,65,229.0
2026-08-25 10:00:00,15.9,23,358.0
2026-08-25 11:00:00,17.2,12,523.0
2026-08-25 12:00:00,18.1,5,621.0
2026-08-25 13:00:00,18.9,2,687.0
2026-08-25 14:00:00,20.0,1,696.0
2026-08-25 15:00:00,20.4,0,666.0
2026-08-25 16:00:00,20.5,0,590.0
2026-08-25 17:00:00,20.2,0,480.0
2026-08-25 18:00:00,19.7,0,345.0
2026-08-25 19:00:00,19.1,0,199.0
2026-08-25 20:00:00,17.7,0,67.0
2026-08-25 21:00:00,17.4,0,2.0
2026-08-25 22:00:00,17.3,0,0.0
2026-08-25 23:00:00,16.9,1,0.0
2026-08-26 00:00:00,17.1,0,0.0
2026-08-26 01:00:00,16.9,0,0.0
2026-08-26 02:00:00,15.3,0,0.0
2026-08-26 03:00:00,15.1,1,0.0
2026-08-26 04:00:00,15.1,1,0.0
2026-08-26 05:00:00,15.3,0,0.0
2026-08-26 06:00:00,15.8,1,0.0
2026-08-26 07:00:00,16.1,1,27.0
2026-08-26 08:00:00,16.7,6,138.0
2026-08-26 09:00:00,17.5,6,276.0
2026-08-26 10:00:00,18.4,5,415.0
2026-08-26 11:00:00,19.4,11,532.0
2026-08-26 12:00:00,20.2,7,617.0
2026-08-26 13:00:00,20.4,38,658.0
2026-08-26 14:00:00,20.9,36,555.0
2026-08-26 15:00:00,20.6,45,559.0
2026-08-26 16:00:00,20.1,46,484.0
2026-08-26 17:00:00,20.2,32,362.0
2026-08-26 18:00:00,20.1,7,292.0
2026-08-26 19:00:00,19.5,2,185.0
2026-08-26 20:00:00,18.7,1,61.0
2026-08-26 21:00:00,17.7,0,1.0
2026-08-26 22:00:00,16.9,0,0.0
2026-08-26 23:00:00,16.3,0,0.0
2026-08-27 00:00:00,15.9,0,0.0
2026-08-27 01:00:00,15.6,0,0.0
2026-08-27 02:00:00,14.8,0,0.0
2026-08-27 03:00:00,14.8,0,0.0
2026-08-27 04:00:00,14.8,0,0.0
2026-08-27 05:00:00,14.8,0,0.0
2026-08-27 06:00:00,14.8,0,0.0
2026-08-27 07:00:00,15.0,0,26.0
2026-08-27 08:00:00,15.8,0,137.0
2026-08-27 09:00:00,16.8,5,278.0
2026-08-27 10:00:00,18.1,5,418.0
2026-08-27 11:00:00,19.1,2,538.0
2026-08-27 12:00:00,19.8,5,627.0
2026-08-27 13:00:00,20.3,5,673.0
2026-08-27 14:00:00,20.6,9,677.0
2026-08-27 15:00:00,20.7,5,635.0
2026-08-27 16:00:00,20.7,20,570.0
2026-08-27 17:00:00,20.5,0,461.0
2026-08-27 18:00:00,20.1,5,330.0
2026-08-27 19:00:00,19.2,54,186.0
2026-08-27 20:00:00,18.3,74,58.0
2026-08-27 21:00:00,17.7,70,1.0
2026-08-27 22:00:00,17.3,77,0.0
2026-08-27 23:00:00,17.4,84,0.0
2026-08-28 00:00:00,17.5,84,0.0
2026-08-28 01:00:00,17.8,83,0.0
2026-08-28 02:00:00,17.9,85,0.0
2026-08-28 03:00:00,18.2,95,0.0
2026-08-28 04:00:00,18.4,97,0.0
2026-08-28 05:00:00,18.3,99,0.0
2026-08-28 06:00:00,18.2,99,0.0
2026-08-28 07:00:00,18.3,100,14.0
2026-08-28 08:00:00,18.9,100,73.0
2026-08-28 09:00:00,19.2,99,104.0
2026-08-28 10:00:00,19.5,100,219.0
2026-08-28 11:00:00,19.3,100,205.0
2026-08-28 12:00:00,19.2,100,116.0
2026-08-28 13:00:00,19.5,100,232.0
2026-08-28 14:00:00,20.0,100,168.0
2026-08-28 15:00:00,19.6,98,196.0
2026-08-28 16:00:00,19.1,100,289.0
2026-08-28 17:00:00,20.1,100,213.0
2026-08-28 18:00:00,19.9,99,119.0
2026-08-28 19:00:00,19.3,100,85.0
2026-08-28 20:00:00,19.4,96,15.0
2026-08-28 21:00:00,18.6,83,0.0
2026-08-28 22:00:00,18.5,95,0.0
2026-08-28 23:00:00,17.9,93,0.0
2026-08-29 00:00:00,17.7,100,0.0
2026-08-29 01:00:00,17.4,100,0.0
2026-08-29 02:00:00,17.5,76,0.0
2026-08-29 03:00:00,17.6,33,0.0
2026-08-29 04:00:00,16.8,94,0.0
2026-08-29 05:00:00,16.3,95,0.0
2026-08-29 06:00:00,16.3,99,0.0
2026-08-29 07:00:00,16.7,52,11.0
2026-08-29 08:00:00,17.0,96,113.0
2026-08-29 09:00:00,17.4,99,196.0
2026-08-29 10:00:00,18.2,98,307.0
2026-08-29 11:00:00,19.0,89,331.0
2026-08-29 12:00:00,19.6,73,404.0
2026-08-29 13:00:00,17.2,99,481.0
2026-08-29 14:00:00,17.5,100,196.0
2026-08-29 15:00:00,18.4,98,219.0
2026-08-29 16:00:00,18.8,43,307.0
2026-08-29 17:00:00,19.2,95,412.0
2026-08-29 18:00:00,19.2,11,183.0
2026-08-29 19:00:00,19.4,15,162.0
2026-08-29 20:00:00,18.9,20,45.0
2026-08-29 21:00:00,18.9,27,0.0
2026-08-29 22:00:00,18.5,21,0.0
2026-08-29 23:00:00,18.1,53,0.0
2026-08-30 00:00:00,17.9,98,0.0
2026-08-30 01:00:00,17.6,88,0.0
2026-08-30 02:00:00,17.7,82,0.0
2026-08-30 03:00:00,17.8,100,0.0
2026-08-30 04:00:00,18.4,99,0.0
2026-08-30 05:00:00,18.2,97,0.0
2026-08-30 06:00:00,18.5,79,0.0
2026-08-30 07:00:00,18.6,47,11.0
2026-08-30 08:00:00,18.6,89,102.0
2026-08-30 09:00:00,18.2,88,101.0
2026-08-30 10:00:00,17.9,95,297.0
2026-08-30 11:00:00,18.0,79,201.0
2026-08-30 12:00:00,18.8,99,442.0
2026-08-30 13:00:00,18.5,100,304.0
2026-08-30 14:00:00,19.2,87,206.0
2026-08-30 15:00:00,20.2,96,520.0
2026-08-30 16:00:00,19.7,60,271.0
2026-08-30 17:00:00,20.4,81,330.0
2026-08-30 18:00:00,18.8,42,170.0
2026-08-30 19:00:00,18.7,70,133.0
2026-08-30 20:00:00,18.0,20,32.0
2026-08-30 21:00:00,17.2,4,0.0
2026-08-30 22:00:00,16.8,3,0.0
2026-08-30 23:00:00,16.6,5,0.0
2026-08-31 00:00:00,16.4,16,0.0
2026-08-31 01:00:00,16.1,13,0.0
2026-08-31 02:00:00,15.9,13,0.0
2026-08-31 03:00:00,15.8,48,0.0
2026-08-31 04:00:00,15.5,99,0.0
2026-08-31 05:00:00,15.5,77,0.0
2026-08-31 06:00:00,15.6,65,0.0
2026-08-31 07:00:00,16.3,27,16.0
2026-08-31 08:00:00,17.4,91,112.0
2026-08-31 09:00:00,18.2,86,208.0
2026-08-31 10:00:00,18.3,87,231.0
2026-08-31 11:00:00,18.4,86,334.0
2026-08-31 12:00:00,16.7,99,388.0
2026-08-31 13:00:00,17.3,81,160.0
2026-08-31 14:00:00,19.0,95,548.0
2026-08-31 15:00:00,19.5,95,439.0
2026-08-31 16:00:00,17.5,99,455.0
2026-08-31 17:00:00,17.8,98,190.0
2026-08-31 18:00:00,17.7,100,227.0
2026-08-31 19:00:00,17.5,98,81.0
2026-08-31 20:00:00,17.8,95,29.0
2026-08-31 21:00:00,17.4,91,0.0
2026-08-31 22:00:00,17.0,81,0.0
2026-08-31 23:00:00,16.7,90,0.0
2026-09-01 00:00:00,15.8,77,0.0
2026-09-01 01:00:00,15.5,21,0.0
2026-09-01 02:00:00,15.7,95,0.0
2026-09-01 03:00:00,15.3,93,0.0
2026-09-01 04:00:00,14.8,83,0.0
2026-09-01 05:00:00,14.7,57,0.0
2026-09-01 06:00:00,14.5,59,0.0
2026-09-01 07:00:00,14.5,9,14.0
2026-09-01 08:00:00,15.1,22,107.0
2026-09-01 09:00:00,16.3,19,223.0
2026-09-01 10:00:00,17.3,30,364.0
2026-09-01 11:00:00,18.2,20,433.0
2026-09-01 12:00:00,19.0,20,530.0
2026-09-01 13:00:00,19.6,27,604.0
2026-09-01 14:00:00,19.9,32,595.0
2026-09-01 15:00:00,19.3,79,513.0
2026-09-01 16:00:00,18.4,84,376.0
2026-09-01 17:00:00,17.9,99,372.0
2026-09-01 18:00:00,17.4,99,136.0
2026-09-01 19:00:00,17.4,31,93.0
2026-09-01 20:00:00,16.8,38,35.0
2026-09-01 21:00:00,16.2,28,0.0
2026-09-01 22:00:00,16.0,16,0.0
2026-09-01 23:00:00,15.5,25,0.0
2026-09-02 00:00:00,15.3,7,0.0
2026-09-02 01:00:00,15.0,10,0.0
2026-09-02 02:00:00,14.8,15,0.0
2026-09-02 03:00:00,14.7,70,0.0
2026-09-02 04:00:00,14.4,99,0.0
2026-09-02 05:00:00,14.3,100,0.0
2026-09-02 06:00:00,14.6,81,0.0
2026-09-02 07:00:00,15.1,100,12.0
2026-09-02 08:00:00,15.7,97,51.0
2026-09-02 09:00:00,16.4,70,98.0
2026-09-02 10:00:00,17.5,67,359.0
2026-09-02 11:00:00,18.3,65,454.0
2026-09-02 12:00:00,18.6,60,544.0
2026-09-02 13:00:00,18.9,97,572.0
2026-09-02 14:00:00,17.7,85,454.0
2026-09-02 15:00:00,17.6,86,359.0
2026-09-02 16:00:00,17.7,98,398.0
2026-09-02 17:00:00,17.2,99,278.0
2026-09-02 18:00:00,17.2,95,112.0
2026-09-02 19:00:00,17.2,32,76.0
2026-09-02 20:00:00,16.7,52,30.0
2026-09-02 21:00:00,16.1,34,0.0
2026-09-02 22:00:00,15.8,61,0.0
2026-09-02 23:00:00,15.6,56,0.0
2026-09-03 00:00:00,15.5,25,0.0
2026-09-03 01:00:00,15.2,10,0.0
2026-09-03 02:00:00,15.4,34,0.0
2026-09-03 03:00:00,15.4,30,0.0
2026-09-03 04:00:00,15.1,74,0.0
2026-09-03 05:00:00,14.6,97,0.0
2026-09-03 06:00:00,14.4,100,0.0
2026-09-03 07:00:00,15.2,100,4.0
2026-09-03 08:00:00,15.4,100,24.0
2026-09-03 09:00:00,16.3,100,69.0
2026-09-03 10:00:00,16.4,100,160.0
2026-09-03 11:00:00,16.3,100,116.0
2026-09-03 12:00:00,16.6,100,123.0
2026-09-03 13:00:00,17.0,81,218.0
2026-09-03 14:00:00,18.5,99,409.0
2026-09-03 15:00:00,18.8,100,345.0
2026-09-03 16:00:00,18.8,41,285.0
2026-09-03 17:00:00,19.8,93,372.0
2026-09-03 18:00:00,18.4,15,176.0
2026-09-03 19:00:00,18.6,20,136.0
2026-09-03 20:00:00,18.1,34,28.0
2026-09-03 21:00:00,17.8,98,0.0
2026-09-03 22:00:00,17.3,99,0.0
2026-09-03 23:00:00,16.6,98,0.0
2026-09-04 00:00:00,16.5,100,0.0
2026-09-04 01:00:00,16.3,100,0.0
2026-09-04 02:00:00,16.0,100,0.0
2026-09-04 03:00:00,16.1,100,0.0
2026-09-04 04:00:00,15.8,100,0.0
2026-09-04 05:00:00,15.5,100,0.0
2026-09-04 06:00:00,15.6,100,0.0
2026-09-04 07:00:00,15.6,100,6.0
2026-09-04 08:00:00,15.8,100,36.0
2026-09-04 09:00:00,15.9,100,98.0
2026-09-04 10:00:00,16.3,100,123.0
2026-09-04 11:00:00,16.7,100,156.0
2026-09-04 12:00:00,17.1,100,263.0
2026-09-04 13:00:00,17.2,100,273.0
2026-09-04 14:00:00,16.3,100,144.0
2026-09-04 15:00:00,16.3,100,49.0
2026-09-04 16:00:00,15.9,100,58.0
2026-09-04 17:00:00,15.7,73,28.0
2026-09-04 18:00:00,16.3,97,230.0
2026-09-04 19:00:00,16.3,97,105.0
2026-09-04 20:00:00,15.4,100,19.0
2026-09-04 21:00:00,14.9,98,0.0
2026-09-04 22:00:00,14.6,13,0.0
2026-09-04 23:00:00,14.3,5,0.0
2026-09-05 00:00:00,14.2,29,0.0
2026-09-05 01:00:00,14.1,20,0.0
2026-09-05 02:00:00,14.1,48,0.0
2026-09-05 03:00:00,13.4,19,0.0
2026-09-05 04:00:00,13.7,34,0.0
2026-09-05 05:00:00,14.0,9,0.0
2026-09-05 06:00:00,13.9,26,0.0
2026-09-05 07:00:00,14.0,77,9.0
2026-09-05 08:00:00,14.1,54,96.0
2026-09-05 09:00:00,15.0,95,208.0
2026-09-05 10:00:00,15.4,40,225.0
2026-09-05 11:00:00,16.3,52,438.0
2026-09-05 12:00:00,16.3,59,534.0
2026-09-05 13:00:00,16.6,44,480.0
2026-09-05 14:00:00,17.3,28,560.0
2026-09-05 15:00:00,17.5,16,527.0
2026-09-05 16:00:00,17.4,18,491.0
2026-09-05 17:00:00,16.7,47,396.0
2026-09-05 18:00:00,15.8,4,232.0
2026-09-05 19:00:00,15.8,7,135.0
2026-09-05 20:00:00,15.2,11,24.0
2026-09-05 21:00:00,14.7,38,0.0
2026-09-05 22:00:00,14.5,21,0.0
2026-09-05 23:00:00,14.5,14,0.0
2026-09-06 00:00:00,14.4,8,0.0
2026-09-06 01:00:00,14.4,23,0.0
2026-09-06 02:00:00,14.3,18,0.0
2026-09-06 03:00:00,14.2,9,0.0
2026-09-06 04:00:00,14.1,13,0.0
2026-09-06 05:00:00,13.9,13,0.0
2026-09-06 06:00:00,13.8,15,0.0
2026-09-06 07:00:00,13.7,7,8.0
2026-09-06 08:00:00,14.3,8,97.0
2026-09-06 09:00:00,15.2,21,231.0
2026-09-06 10:00:00,15.9,55,348.0
2026-09-06 11:00:00,16.4,49,417.0
2026-09-06 12:00:00,16.9,75,481.0
2026-09-06 13:00:00,17.1,100,467.0
2026-09-06 14:00:00,17.6,93,427.0
2026-09-06 15:00:00,17.3,64,408.0
2026-09-06 16:00:00,17.6,47,457.0
2026-09-06 17:00:00,17.8,91,349.0
2026-09-06 18:00:00,17.3,77,151.0
2026-09-06 19:00:00,16.7,52,95.0
2026-09-06 20:00:00,16.2,76,20.0
2026-09-06 21:00:00,15.8,44,0.0
2026-09-06 22:00:00,15.5,93,0.0
2026-09-06 23:00:00,15.3,98,0.0
2026-09-07 00:00:00,15.1,99,0.0
2026-09-07 01:00:00,14.9,98,0.0
2026-09-07 02:00:00,15.2,98,0.0
2026-09-07 03:00:00,15.5,73,0.0
2026-09-07 04:00:00,15.5,29,0.0
2026-09-07 05:00:00,15.5,7,0.0
2026-09-07 06:00:00,15.8,10,0.0
2026-09-07 07:00:00,16.4,9,7.0
2026-09-07 08:00:00,16.9,43,91.0
2026-09-07 09:00:00,17.0,86,203.0
2026-09-07 10:00:00,17.3,91,326.0
2026-09-07 11:00:00,17.3,82,416.0
2026-09-07 12:00:00,17.4,95,557.0
2026-09-07 13:00:00,17.6,94,534.0
2026-09-07 14:00:00,18.8,38,561.0
2026-09-07 15:00:00,18.9,75,572.0
2026-09-07 16:00:00,19.3,18,479.0
2026-09-07 17:00:00,19.2,49,371.0
2026-09-07 18:00:00,19.1,19,236.0
2026-09-07 19:00:00,18.9,66,119.0
2026-09-07 20:00:00,18.8,73,17.0
2026-09-07 21:00:00,19.0,100,0.0
2026-09-07 22:00:00,19.1,98,0.0
2026-09-07 23:00:00,19.0,99,0.0
2026-09-08 00:00:00,18.9,96,0.0
2026-09-08 01:00:00,18.7,90,0.0
2026-09-08 02:00:00,18.2,93,0.0
2026-09-08 03:00:00,18.2,95,0.0
2026-09-08 04:00:00,17.9,100,0.0
2026-09-08 05:00:00,17.5,100,0.0
2026-09-08 06:00:00,17.4,100,0.0
2026-09-08 07:00:00,17.4,100,3.0
2026-09-08 08:00:00,17.6,100,43.0
2026-09-08 09:00:00,18.0,100,60.0
2026-09-08 10:00:00,18.4,100,154.0
2026-09-08 11:00:00,18.0,100,92.0
2026-09-08 12:00:00,18.4,100,121.0
2026-09-08 13:00:00,18.7,100,165.0
2026-09-08 14:00:00,19.2,100,107.0
2026-09-08 15:00:00,18.9,100,125.0
2026-09-08 16:00:00,17.9,100,74.0
2026-09-08 17:00:00,17.2,100,87.0
2026-09-08 18:00:00,16.5,100,76.0
2026-09-08 19:00:00,16.2,95,31.0
2026-09-08 20:00:00,15.2,93,10.0
2026-09-08 21:00:00,15.4,99,0.0
2026-09-08 22:00:00,15.4,99,0.0
2026-09-08 23:00:00,15.7,100,0.0
2026-09-09 00:00:00,15.6,100,0.0
2026-09-09 01:00:00,15.5,100,0.0
2026-09-09 02:00:00,15.3,100,0.0
2026-09-09 03:00:00,15.6,98,0.0
2026-09-09 04:00:00,15.1,100,0.0
2026-09-09 05:00:00,14.8,100,0.0
2026-09-09 06:00:00,14.4,100,0.0
2026-09-09 07:00:00,14.5,100,1.0
2026-09-09 08:00:00,14.5,100,22.0
2026-09-09 09:00:00,14.6,96,42.0
2026-09-09 10:00:00,15.2,98,165.0
2026-09-09 11:00:00,16.0,59,315.0
2026-09-09 12:00:00,16.5,18,416.0
2026-09-09 13:00:00,17.4,16,558.0
2026-09-09 14:00:00,17.8,30,582.0
2026-09-09 15:00:00,17.7,20,478.0
2026-09-09 16:00:00,17.2,36,454.0
2026-09-09 17:00:00,17.1,19,328.0
2026-09-09 18:00:00,16.9,24,229.0
2026-09-09 19:00:00,16.1,6,108.0
2026-09-09 20:00:00,15.0,11,14.0
2026-09-09 21:00:00,14.6,13,0.0
2026-09-09 22:00:00,14.1,8,0.0
2026-09-09 23:00:00,13.6,5,0.0
2026-09-10 00:00:00,12.9,2,0.0
2026-09-10 01:00:00,12.6,32,0.0
2026-09-10 02:00:00,12.6,12,0.0
2026-09-10 03:00:00,12.7,4,0.0
2026-09-10 04:00:00,12.8,12,0.0
2026-09-10 05:00:00,12.9,33,0.0
2026-09-10 06:00:00,13.1,7,0.0
2026-09-10 07:00:00,12.9,3,4.0
2026-09-10 08:00:00,13.1,2,85.0
2026-09-10 09:00:00,14.2,4,221.0
2026-09-10 10:00:00,15.0,1,357.0
2026-09-10 11:00:00,15.7,17,480.0
2026-09-10 12:00:00,16.0,30,545.0
2026-09-10 13:00:00,16.2,32,562.0
2026-09-10 14:00:00,16.8,16,562.0
2026-09-10 15:00:00,16.9,25,558.0
2026-09-10 16:00:00,16.8,64,480.0
2026-09-10 17:00:00,16.3,44,308.0
2026-09-10 18:00:00,15.8,42,227.0
2026-09-10 19:00:00,15.1,37,105.0
2026-09-10 20:00:00,14.2,64,12.0
2026-09-10 21:00:00,13.9,92,0.0
2026-09-10 22:00:00,13.5,99,0.0
2026-09-10 23:00:00,13.3,98,0.0
2026-09-11 00:00:00,13.0,84,0.0
2026-09-11 01:00:00,12.7,40,0.0
2026-09-11 02:00:00,12.4,65,0.0
2026-09-11 03:00:00,12.6,47,0.0
2026-09-11 04:00:00,12.4,12,0.0
2026-09-11 05:00:00,12.4,21,0.0
2026-09-11 06:00:00,12.5,7,0.0
2026-09-11 07:00:00,12.8,2,4.0
2026-09-11 08:00:00,13.6,2,82.0
2026-09-11 09:00:00,14.8,54,217.0
2026-09-11 10:00:00,15.6,64,352.0
2026-09-11 11:00:00,16.3,11,466.0
2026-09-11 12:00:00,16.9,34,555.0
2026-09-11 13:00:00,17.0,94,548.0
2026-09-11 14:00:00,17.3,74,347.0
2026-09-11 15:00:00,17.6,88,459.0
2026-09-11 16:00:00,17.5,100,330.0
2026-09-11 17:00:00,17.6,100,275.0
2026-09-11 18:00:00,17.3,100,125.0
2026-09-11 19:00:00,16.8,100,52.0
2026-09-11 20:00:00,16.2,79,4.0
2026-09-11 21:00:00,16.3,100,0.0
2026-09-11 22:00:00,16.6,100,0.0
2026-09-11 23:00:00,16.7,100,0.0
2026-09-12 00:00:00,16.4,100,0.0
2026-09-12 01:00:00,16.2,100,0.0
2026-09-12 02:00:00,16.6,99,0.0
2026-09-12 03:00:00,16.3,55,0.0
2026-09-12 04:00:00,15.4,59,0.0
2026-09-12 05:00:00,14.8,83,0.0
2026-09-12 06:00:00,14.6,25,0.0
2026-09-12 07:00:00,14.1,35,3.0
2026-09-12 08:00:00,14.6,93,65.0
2026-09-12 09:00:00,15.4,85,139.0
2026-09-12 10:00:00,16.5,25,301.0
2026-09-12 11:00:00,17.2,15,408.0
2026-09-12 12:00:00,17.8,66,515.0
2026-09-12 13:00:00,18.5,56,538.0
2026-09-12 14:00:00,18.5,91,467.0
2026-09-12 15:00:00,18.7,92,442.0
2026-09-12 16:00:00,18.7,100,390.0
2026-09-12 17:00:00,18.2,100,211.0
2026-09-12 18:00:00,17.5,100,46.0
2026-09-12 19:00:00,17.0,100,44.0
2026-09-12 20:00:00,17.2,99,4.0
2026-09-12 21:00:00,16.1,100,0.0
2026-09-12 22:00:00,16.0,100,0.0
2026-09-12 23:00:00,15.9,100,0.0
2026-09-13 00:00:00,16.3,100,0.0
2026-09-13 01:00:00,16.0,100,0.0
2026-09-13 02:00:00,15.8,100,0.0
2026-09-13 03:00:00,15.9,100,0.0
2026-09-13 04:00:00,16.1,100,0.0
2026-09-13 05:00:00,16.2,96,0.0
2026-09-13 06:00:00,16.1,100,0.0
2026-09-13 07:00:00,16.2,84,1.0
2026-09-13 08:00:00,16.0,70,48.0
2026-09-13 09:00:00,16.7,98,170.0
2026-09-13 10:00:00,17.1,85,234.0
2026-09-13 11:00:00,17.8,51,376.0
2026-09-13 12:00:00,18.5,27,456.0
2026-09-13 13:00:00,19.1,41,519.0
2026-09-13 14:00:00,18.7,59,496.0
2026-09-13 15:00:00,18.5,78,415.0
2026-09-13 16:00:00,18.6,100,379.0
2026-09-13 17:00:00,18.3,100,242.0
2026-09-13 18:00:00,17.7,98,151.0
2026-09-13 19:00:00,16.8,92,63.0
2026-09-13 20:00:00,15.9,100,6.0
2026-09-13 21:00:00,15.3,100,0.0
2026-09-13 22:00:00,14.8,100,0.0
2026-09-13 23:00:00,14.5,100,0.0
2026-09-14 00:00:00,14.4,98,0.0
2026-09-14 01:00:00,13.6,100,0.0
2026-09-14 02:00:00,13.3,74,0.0
2026-09-14 03:00:00,12.8,23,0.0
2026-09-14 04:00:00,12.3,7,0.0
2026-09-14 05:00:00,11.7,11,0.0
2026-09-14 06:00:00,11.5,73,0.0
2026-09-14 07:00:00,11.5,76,2.0
2026-09-14 08:00:00,12.1,47,65.0
2026-09-14 09:00:00,13.1,79,195.0
2026-09-14 10:00:00,14.1,100,307.0
2026-09-14 11:00:00,14.8,100,339.0
2026-09-14 12:00:00,15.0,100,240.0
2026-09-14 13:00:00,15.6,100,366.0
2026-09-14 14:00:00,16.2,100,393.0
2026-09-14 15:00:00,16.0,98,314.0
2026-09-14 16:00:00,16.2,100,278.0
2026-09-14 17:00:00,16.3,98,237.0
2026-09-14 18:00:00,16.0,87,152.0
2026-09-14 19:00:00,15.5,98,63.0
2026-09-14 20:00:00,14.8,98,4.0
2026-09-14 21:00:00,14.7,99,0.0
2026-09-14 22:00:00,14.7,100,0.0
2026-09-14 23:00:00,14.7,100,0.0
2026-09-15 00:00:00,14.7,93,0.0
2026-09-15 01:00:00,14.4,34,0.0
2026-09-15 02:00:00,13.8,38,0.0
2026-09-15 03:00:00,13.6,46,0.0
2026-09-15 04:00:00,13.9,11,0.0
2026-09-15 05:00:00,14.0,52,0.0
2026-09-15 06:00:00,14.5,90,0.0
2026-09-15 07:00:00,15.1,78,1.0
2026-09-15 08:00:00,15.8,82,58.0
2026-09-15 09:00:00,16.2,100,138.0
2026-09-15 10:00:00,16.3,96,228.0
2026-09-15 11:00:00,16.7,71,332.0
2026-09-15 12:00:00,16.8,84,360.0
2026-09-15 13:00:00,17.1,84,403.0
2026-09-15 14:00:00,18.1,99,472.0
2026-09-15 15:00:00,17.9,95,335.0
2026-09-15 16:00:00,17.9,100,215.0
2026-09-15 17:00:00,18.2,98,157.0
2026-09-15 18:00:00,18.5,100,145.0
2026-09-15 19:00:00,18.6,99,48.0
2026-09-15 20:00:00,18.9,99,3.0
2026-09-15 21:00:00,19.1,98,0.0
2026-09-15 22:00:00,18.2,98,0.0
2026-09-15 23:00:00,18.1,100,0.0
2026-09-16 00:00:00,18.1,100,0.0
2026-09-16 01:00:00,17.4,100,0.0
2026-09-16 02:00:00,17.3,100,0.0
2026-09-16 03:00:00,16.8,100,0.0
2026-09-16 04:00:00,16.3,100,0.0
2026-09-16 05:00:00,15.8,99,0.0
2026-09-16 06:00:00,15.0,97,0.0
2026-09-16 07:00:00,14.3,63,1.0
2026-09-16 08:00:00,14.3,77,59.0
2026-09-16 09:00:00,14.8,86,170.0
2026-09-16 10:00:00,15.5,84,286.0
2026-09-16 11:00:00,16.4,16,411.0
2026-09-16 12:00:00,17.0,16,503.0
2026-09-16 13:00:00,17.3,28,540.0
2026-09-16 14:00:00,17.5,40,520.0
2026-09-16 15:00:00,17.3,55,438.0
2026-09-16 16:00:00,17.0,52,313.0
2026-09-16 17:00:00,17.1,25,255.0
2026-09-16 18:00:00,16.9,19,193.0
2026-09-16 19:00:00,16.0,19,73.0
2026-09-16 20:00:00,15.2,13,3.0
2026-09-16 21:00:00,14.7,18,0.0
2026-09-16 22:00:00,14.2,23,0.0
2026-09-16 23:00:00,13.6,13,0.0
2026-09-17 00:00:00,13.1,21,0.0
2026-09-17 01:00:00,12.9,17,0.0
2026-09-17 02:00:00,12.6,23,0.0
2026-09-17 03:00:00,12.4,16,0.0
2026-09-17 04:00:00,12.2,29,0.0
2026-09-17 05:00:00,12.1,15,0.0
2026-09-17 06:00:00,12.0,11,0.0
2026-09-17 07:00:00,11.8,13,1.0
2026-09-17 08:00:00,12.3,9,56.0
2026-09-17 09:00:00,13.0,25,180.0
2026-09-17 10:00:00,14.1,61,286.0
2026-09-17 11:00:00,15.0,74,358.0
2026-09-17 12:00:00,15.9,86,417.0
2026-09-17 13:00:00,16.7,100,438.0
2026-09-17 14:00:00,16.2,100,182.0
2026-09-17 15:00:00,15.9,100,135.0
2026-09-17 16:00:00,15.7,100,100.0
2026-09-17 17:00:00,15.6,100,65.0
2026-09-17 18:00:00,15.3,100,20.0
2026-09-17 19:00:00,15.5,100,12.0
2026-09-17 20:00:00,16.1,100,1.0
2026-09-17 21:00:00,16.4,62,0.0
2026-09-17 22:00:00,16.1,46,0.0
2026-09-17 23:00:00,15.6,77,0.0
2026-09-18 00:00:00,15.0,100,0.0
2026-09-18 01:00:00,14.9,98,0.0
2026-09-18 02:00:00,14.9,99,0.0
2026-09-18 03:00:00,14.8,25,0.0
2026-09-18 04:00:00,14.3,10,0.0
2026-09-18 05:00:00,14.1,31,0.0
2026-09-18 06:00:00,13.9,10,0.0
2026-09-18 07:00:00,13.7,13,0.0
2026-09-18 08:00:00,14.3,54,54.0
2026-09-18 09:00:00,14.6,54,163.0
2026-09-18 10:00:00,14.3,51,218.0
2026-09-18 11:00:00,15.1,26,303.0
2026-09-18 12:00:00,15.8,84,456.0
2026-09-18 13:00:00,15.7,43,257.0
2026-09-18 14:00:00,16.9,46,490.0
2026-09-18 15:00:00,16.8,39,381.0
2026-09-18 16:00:00,16.8,14,361.0
2026-09-18 17:00:00,16.8,17,308.0
2026-09-18 18:00:00,16.2,30,185.0
2026-09-18 19:00:00,15.7,8,63.0
2026-09-18 20:00:00,15.0,45,1.0
2026-09-18 21:00:00,14.8,41,0.0
2026-09-18 22:00:00,14.4,91,0.0
2026-09-18 23:00:00,14.5,100,0.0
2026-09-19 00:00:00,14.8,98,0.0
2026-09-19 01:00:00,14.9,100,0.0
2026-09-19 02:00:00,15.0,100,0.0
2026-09-19 03:00:00,15.0,100,0.0
2026-09-19 04:00:00,15.0,98,0.0
2026-09-19 05:00:00,14.9,100,0.0
2026-09-19 06:00:00,15.0,100,0.0
2026-09-19 07:00:00,15.0,95,0.0
2026-09-19 08:00:00,15.1,100,25.0
2026-09-19 09:00:00,15.5,100,34.0
2026-09-19 10:00:00,15.9,100,72.0
2026-09-19 11:00:00,16.3,97,107.0
2026-09-19 12:00:00,17.0,100,250.0
2026-09-19 13:00:00,17.2,91,107.0
2026-09-19 14:00:00,17.4,100,309.0
2026-09-19 15:00:00,17.5,100,196.0
2026-09-19 16:00:00,17.6,100,112.0
2026-09-19 17:00:00,17.5,100,47.0
2026-09-19 18:00:00,17.6,100,28.0
2026-09-19 19:00:00,17.1,100,10.0
2026-09-19 20:00:00,17.1,100,0.0
2026-09-19 21:00:00,17.1,95,0.0
2026-09-19 22:00:00,16.8,98,0.0
2026-09-19 23:00:00,16.5,100,0.0
2026-09-20 00:00:00,16.6,98,0.0
2026-09-20 01:00:00,16.5,89,0.0
2026-09-20 02:00:00,15.6,98,0.0
2026-09-20 03:00:00,15.5,100,0.0
2026-09-20 04:00:00,15.4,100,0.0
2026-09-20 05:00:00,15.3,64,0.0
2026-09-20 06:00:00,15.0,21,0.0
2026-09-20 07:00:00,14.7,6,0.0
2026-09-20 08:00:00,14.6,14,47.0
2026-09-20 09:00:00,15.1,5,155.0
2026-09-20 10:00:00,15.8,30,295.0
2026-09-20 11:00:00,16.3,34,346.0
2026-09-20 12:00:00,16.7,9,416.0
2026-09-20 13:00:00,16.9,25,536.0
2026-09-20 14:00:00,15.2,80,477.0
2026-09-20 15:00:00,13.8,24,346.0
2026-09-20 16:00:00,15.5,20,413.0
2026-09-20 17:00:00,14.0,98,301.0
2026-09-20 18:00:00,13.5,41,88.0
2026-09-20 19:00:00,13.7,66,52.0
2026-09-20 20:00:00,12.9,62,1.0
2026-09-20 21:00:00,12.4,62,0.0
2026-09-20 22:00:00,12.6,20,0.0
2026-09-20 23:00:00,13.0,23,0.0
2026-09-21 00:00:00,13.0,34,0.0
2026-09-21 01:00:00,13.0,25,0.0
2026-09-21 02:00:00,12.6,36,0.0
2026-09-21 03:00:00,13.3,64,0.0
2026-09-21 04:00:00,12.8,13,0.0
2026-09-21 05:00:00,12.6,4,0.0
2026-09-21 06:00:00,12.4,3,0.0
2026-09-21 07:00:00,12.4,10,0.0
2026-09-21 08:00:00,12.7,26,44.0
2026-09-21 09:00:00,13.3,58,154.0
2026-09-21 10:00:00,13.8,23,247.0
2026-09-21 11:00:00,14.4,52,387.0
2026-09-21 12:00:00,14.9,38,415.0
2026-09-21 13:00:00,15.4,100,469.0
2026-09-21 14:00:00,15.6,45,324.0
2026-09-21 15:00:00,15.6,60,408.0
2026-09-21 16:00:00,15.7,59,338.0
2026-09-21 17:00:00,15.5,14,245.0
2026-09-21 18:00:00,14.8,2,172.0
2026-09-21 19:00:00,14.0,2,54.0
2026-09-21 20:00:00,13.2,2,0.0
2026-09-21 21:00:00,12.9,1,0.0
2026-09-21 22:00:00,12.7,0,0.0
2026-09-21 23:00:00,12.6,0,0.0
2026-09-22 00:00:00,12.5,0,0.0
2026-09-22 01:00:00,12.5,0,0.0
2026-09-22 02:00:00,12.0,0,0.0
2026-09-22 03:00:00,12.2,0,0.0
2026-09-22 04:00:00,12.4,0,0.0
2026-09-22 05:00:00,12.5,0,0.0
2026-09-22 06:00:00,12.2,0,0.0
2026-09-22 07:00:00,11.9,0,0.0
2026-09-22 08:00:00,11.6,0,44.0
2026-09-22 09:00:00,12.7,0,167.0
2026-09-22 10:00:00,13.9,0,303.0
2026-09-22 11:00:00,14.7,0,421.0
2026-09-22 12:00:00,15.4,0,506.0
2026-09-22 13:00:00,16.1,0,551.0
2026-09-22 14:00:00,17.2,0,552.0
2026-09-22 15:00:00,17.4,0,511.0
2026-09-22 16:00:00,17.3,0,426.0
2026-09-22 17:00:00,16.8,2,310.0
2026-09-22 18:00:00,15.8,2,175.0
2026-09-22 19:00:00,14.6,5,50.0
2026-09-22 20:00:00,13.8,6,0.0
2026-09-22 21:00:00,13.3,6,0.0
2026-09-22 22:00:00,12.8,1,0.0
2026-09-22 23:00:00,12.3,7,0.0
