Data_Czas,Dzien_Tygodnia,Godzina,Baza_kWh,Ogrzewanie_kWh,Oswietlenie_kWh,Gotowanie_kWh,RTV_PC_kWh,Duze_AGD_kWh,Calkowite_Zuzycie_kWh,Zdarzenia
2025-09-23 00:00:00,Tuesday,0,0.090,0.758,0.000,0.000,0.000,0.000,0.848,
2025-09-23 01:00:00,Tuesday,1,0.127,0.867,0.000,0.000,0.000,0.000,0.994,
2025-09-23 02:00:00,Tuesday,2,0.118,0.985,0.000,0.000,0.000,0.000,1.103,
2025-09-23 03:00:00,Tuesday,3,0.094,1.090,0.000,0.000,0.000,0.000,1.184,
2025-09-23 04:00:00,Tuesday,4,0.121,0.835,0.000,0.000,0.000,0.000,0.956,
2025-09-23 05:00:00,Tuesday,5,0.103,1.041,0.000,0.000,0.000,0.000,1.144,
2025-09-23 06:00:00,Tuesday,6,0.104,0.978,0.060,0.398,0.000,0.000,1.540,
2025-09-23 07:00:00,Tuesday,7,0.097,1.156,0.000,0.202,0.000,0.000,1.455,
2025-09-23 08:00:00,Tuesday,8,0.106,0.913,0.000,0.221,0.000,0.000,1.240,
2025-09-23 09:00:00,Tuesday,9,0.090,0.970,0.000,0.000,0.106,0.000,1.166,
2025-09-23 10:00:00,Tuesday,10,0.099,0.881,0.000,0.000,0.080,0.785,1.845,pralka
2025-09-23 11:00:00,Tuesday,11,0.126,0.607,0.000,0.000,0.110,0.000,0.843,
2025-09-23 12:00:00,Tuesday,12,0.126,0.541,0.000,0.000,0.091,0.000,0.758,
2025-09-23 13:00:00,Tuesday,13,0.104,0.619,0.000,0.661,0.072,0.000,1.456,
2025-09-23 14:00:00,Tuesday,14,0.101,0.587,0.000,0.000,0.126,0.000,0.814,
2025-09-23 15:00:00,Tuesday,15,0.122,0.571,0.000,0.000,0.198,0.000,0.891,
2025-09-23 16:00:00,Tuesday,16,0.119,0.589,0.000,0.000,0.130,0.000,0.838,
2025-09-23 17:00:00,Tuesday,17,0.124,0.657,0.000,0.821,0.178,0.000,1.780,
2025-09-23 18:00:00,Tuesday,18,0.092,0.614,0.000,0.000,0.235,0.000,0.941,
2025-09-23 19:00:00,Tuesday,19,0.094,0.684,0.000,0.000,0.246,0.000,1.024,
2025-09-23 20:00:00,Tuesday,20,0.125,0.789,0.196,0.000,0.136,0.744,1.990,zmywarka
2025-09-23 21:00:00,Tuesday,21,0.122,0.726,0.174,0.000,0.138,0.000,1.160,
2025-09-23 22:00:00,Tuesday,22,0.115,0.642,0.089,0.000,0.154,0.000,1.000,
2025-09-23 23:00:00,Tuesday,23,0.110,0.778,0.000,0.000,0.000,0.000,0.888,
2025-09-24 00:00:00,Wednesday,0,0.111,0.706,0.000,0.000,0.000,0.000,0.817,
2025-09-24 01:00:00,Wednesday,1,0.089,0.818,0.000,0.000,0.000,0.000,0.907,
2025-09-24 02:00:00,Wednesday,2,0.120,0.888,0.000,0.000,0.000,0.000,1.008,
2025-09-24 03:00:00,Wednesday,3,0.106,1.160,0.000,0.000,0.000,0.000,1.266,
2025-09-24 04:00:00,Wednesday,4,0.114,1.171,0.000,0.000,0.000,0.000,1.285,
2025-09-24 05:00:00,Wednesday,5,0.137,1.029,0.000,0.000,0.000,0.000,1.166,
2025-09-24 06:00:00,Wednesday,6,0.114,1.249,0.127,0.146,0.000,0.000,1.636,
2025-09-24 07:00:00,Wednesday,7,0.105,1.206,0.000,0.332,0.000,0.000,1.643,
2025-09-24 08:00:00,Wednesday,8,0.117,1.242,0.000,0.378,0.000,0.000,1.737,
2025-09-24 09:00:00,Wednesday,9,0.124,1.030,0.000,0.000,0.110,0.000,1.264,
2025-09-24 10:00:00,Wednesday,10,0.089,1.013,0.000,0.000,0.098,0.000,1.200,
2025-09-24 11:00:00,Wednesday,11,0.098,0.902,0.000,0.000,0.111,0.000,1.111,
2025-09-24 12:00:00,Wednesday,12,0.098,0.751,0.000,0.554,0.108,0.000,1.511,
2025-09-24 13:00:00,Wednesday,13,0.109,0.733,0.000,0.000,0.112,0.000,0.954,
2025-09-24 14:00:00,Wednesday,14,0.126,0.653,0.000,0.000,0.194,0.000,0.973,
2025-09-24 15:00:00,Wednesday,15,0.119,0.495,0.000,0.000,0.130,0.000,0.744,
2025-09-24 16:00:00,Wednesday,16,0.117,0.586,0.000,0.000,0.139,0.000,0.842,
2025-09-24 17:00:00,Wednesday,17,0.094,0.538,0.000,0.000,0.185,0.000,0.817,
2025-09-24 18:00:00,Wednesday,18,0.121,0.736,0.000,0.862,0.165,0.000,1.884,
2025-09-24 19:00:00,Wednesday,19,0.090,0.659,0.000,0.000,0.266,0.000,1.015,
2025-09-24 20:00:00,Wednesday,20,0.095,0.816,0.094,0.000,0.251,0.746,2.002,zmywarka
2025-09-24 21:00:00,Wednesday,21,0.092,0.767,0.186,0.000,0.256,0.000,1.301,
2025-09-24 22:00:00,Wednesday,22,0.111,0.711,0.054,0.000,0.150,0.000,1.026,
2025-09-24 23:00:00,Wednesday,23,0.116,0.652,0.000,0.000,0.000,0.000,0.768,
2025-09-25 00:00:00,Thursday,0,0.114,0.813,0.000,0.000,0.000,0.000,0.927,
2025-09-25 01:00:00,Thursday,1,0.102,0.796,0.000,0.000,0.000,0.000,0.898,
2025-09-25 02:00:00,Thursday,2,0.094,0.894,0.000,0.000,0.000,0.000,0.988,
2025-09-25 03:00:00,Thursday,3,0.100,0.847,0.000,0.000,0.000,0.000,0.947,
2025-09-25 04:00:00,Thursday,4,0.118,1.002,0.000,0.000,0.000,0.000,1.120,
2025-09-25 05:00:00,Thursday,5,0.120,1.100,0.000,0.000,0.000,0.000,1.220,
2025-09-25 06:00:00,Thursday,6,0.106,1.149,0.130,0.430,0.000,0.000,1.815,
2025-09-25 07:00:00,Thursday,7,0.112,1.156,0.000,0.427,0.000,0.000,1.695,
2025-09-25 08:00:00,Thursday,8,0.125,1.135,0.000,0.328,0.000,0.000,1.588,
2025-09-25 09:00:00,Thursday,9,0.109,0.885,0.000,0.000,0.118,0.000,1.112,
2025-09-25 10:00:00,Thursday,10,0.099,1.030,0.000,0.000,0.068,0.000,1.197,
2025-09-25 11:00:00,Thursday,11,0.125,0.852,0.000,0.000,0.093,0.000,1.070,
2025-09-25 12:00:00,Thursday,12,0.094,0.638,0.000,0.607,0.113,0.000,1.452,
2025-09-25 13:00:00,Thursday,13,0.123,0.686,0.000,0.000,0.080,0.000,0.889,
2025-09-25 14:00:00,Thursday,14,0.099,0.547,0.000,0.000,0.099,0.000,0.745,
2025-09-25 15:00:00,Thursday,15,0.091,0.525,0.000,0.000,0.191,0.000,0.807,
2025-09-25 16:00:00,Thursday,16,0.118,0.551,0.000,0.000,0.096,0.000,0.765,
2025-09-25 17:00:00,Thursday,17,0.106,0.455,0.000,2.061,0.201,0.000,2.823,goście
2025-09-25 18:00:00,Thursday,18,0.110,0.547,0.000,0.000,0.123,0.000,0.780,goście
2025-09-25 19:00:00,Thursday,19,0.088,0.544,0.000,0.000,0.172,0.000,0.804,goście
2025-09-25 20:00:00,Thursday,20,0.105,0.756,0.106,0.000,0.187,0.867,2.021,goście; zmywarka
2025-09-25 21:00:00,Thursday,21,0.127,0.757,0.154,0.000,0.250,0.000,1.288,goście
2025-09-25 22:00:00,Thursday,22,0.106,0.532,0.077,0.000,0.251,0.000,0.966,
2025-09-25 23:00:00,Thursday,23,0.098,0.692,0.000,0.000,0.000,0.000,0.790,
2025-09-26 00:00:00,Friday,0,0.114,0.668,0.000,0.000,0.000,0.000,0.782,
2025-09-26 01:00:00,Friday,1,0.116,0.710,0.000,0.000,0.000,0.000,0.826,
2025-09-26 02:00:00,Friday,2,0.092,0.741,0.000,0.000,0.000,0.000,0.833,
2025-09-26 03:00:00,Friday,3,0.114,0.720,0.000,0.000,0.000,0.000,0.834,
2025-09-26 04:00:00,Friday,4,0.107,0.852,0.000,0.000,0.000,0.000,0.959,
2025-09-26 05:00:00,Friday,5,0.131,0.817,0.000,0.000,0.000,0.000,0.948,
2025-09-26 06:00:00,Friday,6,0.095,0.985,0.160,0.347,0.000,0.000,1.587,
2025-09-26 07:00:00,Friday,7,0.101,0.908,0.000,0.462,0.000,0.000,1.471,
2025-09-26 08:00:00,Friday,8,0.126,0.741,0.000,0.337,0.000,0.000,1.204,
2025-09-26 09:00:00,Friday,9,0.090,0.706,0.000,0.000,0.084,0.000,0.880,
2025-09-26 10:00:00,Friday,10,0.092,0.771,0.000,0.000,0.119,0.602,1.584,pralka
2025-09-26 11:00:00,Friday,11,0.114,0.505,0.000,0.000,0.114,1.837,2.570,suszarka
2025-09-26 12:00:00,Friday,12,0.090,0.544,0.000,0.698,0.081,0.000,1.413,
2025-09-26 13:00:00,Friday,13,0.118,0.549,0.000,0.000,0.119,0.000,0.786,
2025-09-26 14:00:00,Friday,14,0.105,0.449,0.000,0.000,0.078,0.000,0.632,
2025-09-26 15:00:00,Friday,15,0.102,0.427,0.000,0.000,0.102,0.000,0.631,
2025-09-26 16:00:00,Friday,16,0.115,0.498,0.000,0.000,0.122,0.000,0.735,
2025-09-26 17:00:00,Friday,17,0.097,0.555,0.000,0.000,0.250,0.000,0.902,
2025-09-26 18:00:00,Friday,18,0.098,0.590,0.000,0.742,0.254,0.000,1.684,
2025-09-26 19:00:00,Friday,19,0.094,0.666,0.000,0.000,0.169,0.000,0.929,
2025-09-26 20:00:00,Friday,20,0.124,0.646,0.110,0.000,0.242,0.726,1.848,zmywarka
2025-09-26 21:00:00,Friday,21,0.101,0.573,0.234,0.000,0.252,0.000,1.160,
2025-09-26 22:00:00,Friday,22,0.098,0.564,0.080,0.000,0.178,0.000,0.920,
2025-09-26 23:00:00,Friday,23,0.146,0.575,0.000,0.000,0.000,0.000,0.721,
2025-09-27 00:00:00,Saturday,0,0.102,0.505,0.000,0.000,0.000,0.000,0.607,
2025-09-27 01:00:00,Saturday,1,0.121,0.497,0.000,0.000,0.000,0.000,0.618,
2025-09-27 02:00:00,Saturday,2,0.112,0.518,0.000,0.000,0.000,0.000,0.630,
2025-09-27 03:00:00,Saturday,3,0.135,0.691,0.000,0.000,0.000,0.000,0.826,
2025-09-27 04:00:00,Saturday,4,0.138,0.638,0.000,0.000,0.000,0.000,0.776,
2025-09-27 05:00:00,Saturday,5,0.135,0.650,0.000,0.000,0.000,0.000,0.785,
2025-09-27 06:00:00,Saturday,6,0.093,0.757,0.092,0.415,0.000,0.000,1.357,
2025-09-27 07:00:00,Saturday,7,0.113,0.791,0.000,0.294,0.000,0.000,1.198,
2025-09-27 08:00:00,Saturday,8,0.120,0.762,0.000,0.284,0.000,0.000,1.166,
2025-09-27 09:00:00,Saturday,9,0.098,0.754,0.000,0.000,0.153,0.523,1.528,pralka
2025-09-27 10:00:00,Saturday,10,0.120,0.654,0.000,0.000,0.104,0.000,0.878,
2025-09-27 11:00:00,Saturday,11,0.089,0.610,0.000,0.000,0.060,0.000,0.759,
2025-09-27 12:00:00,Saturday,12,0.106,0.425,0.000,0.513,0.078,0.000,1.122,
2025-09-27 13:00:00,Saturday,13,0.114,0.485,0.000,0.000,0.151,0.000,0.750,
2025-09-27 14:00:00,Saturday,14,0.118,0.482,0.000,0.000,0.173,0.810,1.583,zmywarka
2025-09-27 15:00:00,Saturday,15,0.098,0.423,0.000,0.000,0.189,0.000,0.710,
2025-09-27 16:00:00,Saturday,16,0.124,0.404,0.000,0.000,0.114,0.000,0.642,
2025-09-27 17:00:00,Saturday,17,0.126,0.418,0.000,0.000,0.207,0.000,0.751,
2025-09-27 18:00:00,Saturday,18,0.101,0.542,0.000,0.962,0.230,0.000,1.835,
2025-09-27 19:00:00,Saturday,19,0.114,0.663,0.137,0.000,0.127,0.000,1.041,
2025-09-27 20:00:00,Saturday,20,0.124,0.631,0.138,0.000,0.275,0.000,1.168,
2025-09-27 21:00:00,Saturday,21,0.089,0.792,0.145,0.000,0.182,0.000,1.208,
2025-09-27 22:00:00,Saturday,22,0.114,0.537,0.105,0.000,0.194,0.000,0.950,
2025-09-27 23:00:00,Saturday,23,0.107,0.574,0.000,0.000,0.000,0.000,0.681,
2025-09-28 00:00:00,Sunday,0,0.090,0.611,0.000,0.000,0.000,0.000,0.701,
2025-09-28 01:00:00,Sunday,1,0.109,0.609,0.000,0.000,0.000,0.000,0.718,
2025-09-28 02:00:00,Sunday,2,0.088,0.577,0.000,0.000,0.000,0.000,0.665,
2025-09-28 03:00:00,Sunday,3,0.104,0.688,0.000,0.000,0.000,0.000,0.792,
2025-09-28 04:00:00,Sunday,4,0.100,0.786,0.000,0.000,0.000,0.000,0.886,
2025-09-28 05:00:00,Sunday,5,0.124,0.722,0.000,0.000,0.000,0.000,0.846,
2025-09-28 06:00:00,Sunday,6,0.122,0.904,0.154,0.472,0.000,0.000,1.652,
2025-09-28 07:00:00,Sunday,7,0.106,0.983,0.000,0.430,0.000,0.000,1.519,
2025-09-28 08:00:00,Sunday,8,0.124,0.826,0.000,0.426,0.000,0.000,1.376,
2025-09-28 09:00:00,Sunday,9,0.111,0.879,0.000,0.000,0.139,0.000,1.129,
2025-09-28 10:00:00,Sunday,10,0.114,0.799,0.000,0.000,0.082,0.000,0.995,
2025-09-28 11:00:00,Sunday,11,0.122,0.625,0.000,0.000,0.178,0.000,0.925,
2025-09-28 12:00:00,Sunday,12,0.111,0.454,0.000,0.719,0.126,0.000,1.410,
2025-09-28 13:00:00,Sunday,13,0.125,0.438,0.000,0.000,0.049,0.816,1.428,zmywarka
2025-09-28 14:00:00,Sunday,14,0.116,0.388,0.000,0.000,0.147,0.000,0.651,
2025-09-28 15:00:00,Sunday,15,0.097,0.362,0.000,0.000,0.060,0.000,0.519,
2025-09-28 16:00:00,Sunday,16,0.102,0.366,0.000,0.000,0.045,0.000,0.513,
2025-09-28 17:00:00,Sunday,17,0.110,0.348,0.000,0.000,0.259,0.000,0.717,
2025-09-28 18:00:00,Sunday,18,0.117,0.474,0.000,1.512,0.129,0.000,2.232,
2025-09-28 19:00:00,Sunday,19,0.110,0.489,0.148,0.000,0.190,0.000,0.937,
2025-09-28 20:00:00,Sunday,20,0.101,0.632,0.089,0.000,0.186,0.000,1.008,
2025-09-28 21:00:00,Sunday,21,0.107,0.558,0.202,0.000,0.274,0.000,1.141,
2025-09-28 22:00:00,Sunday,22,0.103,0.615,0.086,0.000,0.233,0.000,1.037,
2025-09-28 23:00:00,Sunday,23,0.134,0.534,0.000,0.000,0.000,0.000,0.668,
2025-09-29 00:00:00,Monday,0,0.111,0.503,0.000,0.000,0.000,0.000,0.614,
2025-09-29 01:00:00,Monday,1,0.119,0.578,0.000,0.000,0.000,0.000,0.697,
2025-09-29 02:00:00,Monday,2,0.125,0.593,0.000,0.000,0.000,0.000,0.718,
2025-09-29 03:00:00,Monday,3,0.130,0.774,0.000,0.000,0.000,0.000,0.904,
2025-09-29 04:00:00,Monday,4,0.130,0.781,0.000,0.000,0.000,0.000,0.911,
2025-09-29 05:00:00,Monday,5,0.100,0.775,0.000,0.000,0.000,0.000,0.875,
2025-09-29 06:00:00,Monday,6,0.093,0.794,0.061,0.346,0.000,0.000,1.294,
2025-09-29 07:00:00,Monday,7,0.123,0.981,0.000,0.384,0.000,0.000,1.488,
2025-09-29 08:00:00,Monday,8,0.118,0.903,0.000,0.435,0.000,0.000,1.456,
2025-09-29 09:00:00,Monday,9,0.121,0.862,0.000,0.000,0.194,0.000,1.177,praca zdalna
2025-09-29 10:00:00,Monday,10,0.121,0.748,0.000,0.000,0.242,0.000,1.111,praca zdalna
2025-09-29 11:00:00,Monday,11,0.102,0.562,0.000,0.000,0.197,0.000,0.861,praca zdalna
2025-09-29 12:00:00,Monday,12,0.111,0.538,0.000,0.000,0.194,0.000,0.843,praca zdalna
2025-09-29 13:00:00,Monday,13,0.090,0.478,0.000,0.590,0.202,0.000,1.360,praca zdalna
2025-09-29 14:00:00,Monday,14,0.110,0.576,0.000,0.000,0.246,0.000,0.932,praca zdalna
2025-09-29 15:00:00,Monday,15,0.098,0.639,0.000,0.000,0.237,0.000,0.974,praca zdalna
2025-09-29 16:00:00,Monday,16,0.099,0.670,0.000,0.000,0.189,0.000,0.958,praca zdalna
2025-09-29 17:00:00,Monday,17,0.094,0.704,0.000,0.504,0.223,0.000,1.525,
2025-09-29 18:00:00,Monday,18,0.122,0.783,0.000,0.000,0.252,0.000,1.157,
2025-09-29 19:00:00,Monday,19,0.112,0.834,0.000,0.000,0.260,0.000,1.206,
2025-09-29 20:00:00,Monday,20,0.122,0.782,0.141,0.000,0.227,0.000,1.272,
2025-09-29 21:00:00,Monday,21,0.127,0.843,0.083,0.000,0.207,0.000,1.260,
2025-09-29 22:00:00,Monday,22,0.118,0.699,0.098,0.000,0.194,0.000,1.109,
2025-09-29 23:00:00,Monday,23,0.139,0.893,0.000,0.000,0.000,0.000,1.032,
2025-09-30 00:00:00,Tuesday,0,0.125,0.713,0.000,0.000,0.000,0.000,0.838,
2025-09-30 01:00:00,Tuesday,1,0.107,0.942,0.000,0.000,0.000,0.000,1.049,
2025-09-30 02:00:00,Tuesday,2,0.091,0.797,0.000,0.000,0.000,0.000,0.888,
2025-09-30 03:00:00,Tuesday,3,0.113,0.859,0.000,0.000,0.000,0.000,0.972,
2025-09-30 04:00:00,Tuesday,4,0.142,0.805,0.000,0.000,0.000,0.000,0.947,
2025-09-30 05:00:00,Tuesday,5,0.107,0.946,0.000,0.000,0.000,0.000,1.053,
2025-09-30 06:00:00,Tuesday,6,0.102,1.045,0.098,0.438,0.000,0.000,1.683,
2025-09-30 07:00:00,Tuesday,7,0.108,0.981,0.000,0.313,0.000,0.000,1.402,
2025-09-30 08:00:00,Tuesday,8,0.119,1.198,0.000,0.169,0.000,0.000,1.486,
2025-09-30 09:00:00,Tuesday,9,0.110,1.104,0.000,0.000,0.115,0.000,1.329,
2025-09-30 10:00:00,Tuesday,10,0.102,0.802,0.000,0.000,0.078,0.000,0.982,
2025-09-30 11:00:00,Tuesday,11,0.115,0.828,0.000,0.000,0.106,0.000,1.049,
2025-09-30 12:00:00,Tuesday,12,0.120,0.664,0.000,0.000,0.107,0.000,0.891,
2025-09-30 13:00:00,Tuesday,13,0.096,0.632,0.000,0.705,0.066,0.000,1.499,
2025-09-30 14:00:00,Tuesday,14,0.090,0.661,0.000,0.000,0.094,0.592,1.437,pralka
2025-09-30 15:00:00,Tuesday,15,0.125,0.753,0.000,0.000,0.126,1.972,2.976,suszarka
2025-09-30 16:00:00,Tuesday,16,0.110,0.691,0.000,0.000,0.070,0.000,0.871,
2025-09-30 17:00:00,Tuesday,17,0.109,0.739,0.000,0.682,0.149,0.000,1.679,
2025-09-30 18:00:00,Tuesday,18,0.103,0.676,0.000,0.000,0.152,0.000,0.931,
2025-09-30 19:00:00,Tuesday,19,0.104,0.909,0.000,0.000,0.139,0.000,1.152,
2025-09-30 20:00:00,Tuesday,20,0.098,0.873,0.204,0.000,0.133,0.000,1.308,
2025-09-30 21:00:00,Tuesday,21,0.091,0.839,0.210,0.000,0.149,0.000,1.289,
2025-09-30 22:00:00,Tuesday,22,0.125,0.803,0.098,0.000,0.218,0.000,1.244,
2025-09-30 23:00:00,Tuesday,23,0.095,0.801,0.000,0.000,0.000,0.000,0.896,
2025-10-01 00:00:00,Wednesday,0,0.123,0.758,0.000,0.000,0.000,0.000,0.881,
2025-10-01 01:00:00,Wednesday,1,0.119,0.852,0.000,0.000,0.000,0.000,0.971,
2025-10-01 02:00:00,Wednesday,2,0.105,1.061,0.000,0.000,0.000,0.000,1.166,
2025-10-01 03:00:00,Wednesday,3,0.118,1.110,0.000,0.000,0.000,0.000,1.228,
2025-10-01 04:00:00,Wednesday,4,0.101,1.033,0.000,0.000,0.000,0.000,1.134,
2025-10-01 05:00:00,Wednesday,5,0.124,0.911,0.000,0.000,0.000,0.000,1.035,
2025-10-01 06:00:00,Wednesday,6,0.094,1.230,0.074,0.262,0.000,0.000,1.660,
2025-10-01 07:00:00,Wednesday,7,0.108,1.186,0.000,0.302,0.000,0.000,1.596,
2025-10-01 08:00:00,Wednesday,8,0.127,0.982,0.000,0.456,0.000,0.000,1.565,
2025-10-01 09:00:00,Wednesday,9,0.126,0.970,0.000,0.000,0.089,0.000,1.185,
2025-10-01 10:00:00,Wednesday,10,0.100,0.964,0.000,0.000,0.103,0.000,1.167,
2025-10-01 11:00:00,Wednesday,11,0.126,0.918,0.000,0.000,0.082,0.000,1.126,
2025-10-01 12:00:00,Wednesday,12,0.109,0.898,0.000,0.000,0.096,0.000,1.103,
2025-10-01 13:00:00,Wednesday,13,0.098,0.710,0.000,0.698,0.075,0.000,1.581,
2025-10-01 14:00:00,Wednesday,14,0.093,0.748,0.000,0.000,0.196,0.000,1.037,
2025-10-01 15:00:00,Wednesday,15,0.106,0.798,0.000,0.000,0.177,0.000,1.081,
2025-10-01 16:00:00,Wednesday,16,0.110,0.637,0.000,0.000,0.190,0.000,0.937,
2025-10-01 17:00:00,Wednesday,17,0.122,0.813,0.000,0.000,0.144,0.000,1.079,
2025-10-01 18:00:00,Wednesday,18,0.108,0.714,0.093,0.681,0.167,0.000,1.763,
2025-10-01 19:00:00,Wednesday,19,0.090,1.014,0.238,0.000,0.133,0.000,1.475,
2025-10-01 20:00:00,Wednesday,20,0.114,1.069,0.207,0.000,0.159,0.939,2.488,zmywarka
2025-10-01 21:00:00,Wednesday,21,0.117,0.908,0.084,0.000,0.218,0.000,1.327,
2025-10-01 22:00:00,Wednesday,22,0.101,0.681,0.079,0.000,0.260,0.000,1.121,
2025-10-01 23:00:00,Wednesday,23,0.124,0.882,0.000,0.000,0.000,0.000,1.006,
2025-10-02 00:00:00,Thursday,0,0.110,0.790,0.000,0.000,0.000,0.000,0.900,
2025-10-02 01:00:00,Thursday,1,0.111,0.807,0.000,0.000,0.000,0.000,0.918,
2025-10-02 02:00:00,Thursday,2,0.096,0.850,0.000,0.000,0.000,0.000,0.946,
2025-10-02 03:00:00,Thursday,3,0.099,0.828,0.000,0.000,0.000,0.000,0.927,
2025-10-02 04:00:00,Thursday,4,0.097,0.962,0.000,0.000,0.000,0.000,1.059,
2025-10-02 05:00:00,Thursday,5,0.094,0.955,0.000,0.000,0.000,0.000,1.049,
2025-10-02 06:00:00,Thursday,6,0.104,1.007,0.081,0.372,0.000,0.000,1.564,
2025-10-02 07:00:00,Thursday,7,0.122,1.293,0.000,0.245,0.000,0.000,1.660,
2025-10-02 08:00:00,Thursday,8,0.103,0.979,0.000,0.150,0.000,0.000,1.232,
2025-10-02 09:00:00,Thursday,9,0.099,1.093,0.000,0.000,0.097,0.000,1.289,
2025-10-02 10:00:00,Thursday,10,0.106,0.847,0.000,0.000,0.114,0.000,1.067,
2025-10-02 11:00:00,Thursday,11,0.106,0.858,0.000,0.000,0.098,0.000,1.062,
2025-10-02 12:00:00,Thursday,12,0.124,0.697,0.000,0.000,0.089,0.000,0.910,
2025-10-02 13:00:00,Thursday,13,0.122,0.834,0.000,0.521,0.066,0.000,1.543,
2025-10-02 14:00:00,Thursday,14,0.088,0.713,0.000,0.000,0.154,0.000,0.955,
2025-10-02 15:00:00,Thursday,15,0.114,0.703,0.000,0.000,0.135,0.000,0.952,
2025-10-02 16:00:00,Thursday,16,0.092,0.759,0.000,0.000,0.138,0.000,0.989,
2025-10-02 17:00:00,Thursday,17,0.114,0.637,0.000,0.000,0.270,0.000,1.021,
2025-10-02 18:00:00,Thursday,18,0.091,0.758,0.129,0.506,0.275,0.000,1.759,
2025-10-02 19:00:00,Thursday,19,0.102,0.894,0.121,0.000,0.186,0.000,1.303,
2025-10-02 20:00:00,Thursday,20,0.119,0.872,0.139,0.000,0.131,0.846,2.107,zmywarka
2025-10-02 21:00:00,Thursday,21,0.098,0.830,0.194,0.000,0.257,0.000,1.379,
2025-10-02 22:00:00,Thursday,22,0.091,0.788,0.096,0.000,0.171,0.000,1.146,
2025-10-02 23:00:00,Thursday,23,0.110,0.826,0.000,0.000,0.000,0.000,0.936,
2025-10-03 00:00:00,Friday,0,0.134,0.970,0.000,0.000,0.000,0.000,1.104,
2025-10-03 01:00:00,Friday,1,0.134,0.937,0.000,0.000,0.000,0.000,1.071,
2025-10-03 02:00:00,Friday,2,0.140,0.781,0.000,0.000,0.000,0.000,0.921,
2025-10-03 03:00:00,Friday,3,0.118,0.882,0.000,0.000,0.000,0.000,1.000,
2025-10-03 04:00:00,Friday,4,0.132,0.977,0.000,0.000,0.000,0.000,1.109,
2025-10-03 05:00:00,Friday,5,0.090,0.773,0.000,0.000,0.000,0.000,0.863,
2025-10-03 06:00:00,Friday,6,0.097,1.101,0.102,0.320,0.000,0.000,1.620,
2025-10-03 07:00:00,Friday,7,0.093,1.058,0.000,0.199,0.000,0.000,1.350,
2025-10-03 08:00:00,Friday,8,0.111,1.061,0.000,0.265,0.000,0.000,1.437,
2025-10-03 09:00:00,Friday,9,0.119,0.882,0.000,0.000,0.100,0.000,1.101,
2025-10-03 10:00:00,Friday,10,0.105,0.774,0.000,0.000,0.100,0.000,0.979,
2025-10-03 11:00:00,Friday,11,0.100,0.655,0.000,0.000,0.069,0.000,0.824,
2025-10-03 12:00:00,Friday,12,0.110,0.811,0.000,0.713,0.102,0.710,2.446,pralka
2025-10-03 13:00:00,Friday,13,0.089,0.694,0.000,0.000,0.101,1.852,2.736,suszarka
2025-10-03 14:00:00,Friday,14,0.102,0.775,0.000,0.000,0.157,0.000,1.034,
2025-10-03 15:00:00,Friday,15,0.102,0.606,0.000,0.000,0.142,0.000,0.850,
2025-10-03 16:00:00,Friday,16,0.122,0.674,0.000,0.000,0.170,0.000,0.966,
2025-10-03 17:00:00,Friday,17,0.118,0.718,0.000,0.652,0.164,0.000,1.652,
2025-10-03 18:00:00,Friday,18,0.126,0.847,0.231,0.000,0.257,0.000,1.461,
2025-10-03 19:00:00,Friday,19,0.099,0.711,0.219,0.000,0.273,0.000,1.302,
2025-10-03 20:00:00,Friday,20,0.113,0.849,0.120,0.000,0.144,0.714,1.940,zmywarka
2025-10-03 21:00:00,Friday,21,0.112,0.729,0.090,0.000,0.150,0.000,1.081,
2025-10-03 22:00:00,Friday,22,0.109,0.615,0.053,0.000,0.279,0.000,1.056,
2025-10-03 23:00:00,Friday,23,0.109,0.619,0.000,0.000,0.000,0.000,0.728,
2025-10-04 00:00:00,Saturday,0,0.118,0.630,0.000,0.000,0.000,0.000,0.748,
2025-10-04 01:00:00,Saturday,1,0.112,0.786,0.000,0.000,0.000,0.000,0.898,
2025-10-04 02:00:00,Saturday,2,0.094,0.699,0.000,0.000,0.000,0.000,0.793,
2025-10-04 03:00:00,Saturday,3,0.113,0.674,0.000,0.000,0.000,0.000,0.787,
2025-10-04 04:00:00,Saturday,4,0.125,0.722,0.000,0.000,0.000,0.000,0.847,
2025-10-04 05:00:00,Saturday,5,0.126,0.630,0.000,0.000,0.000,0.000,0.756,
2025-10-04 06:00:00,Saturday,6,0.101,0.923,0.063,0.170,0.000,0.000,1.257,
2025-10-04 07:00:00,Saturday,7,0.113,0.827,0.082,0.265,0.000,0.000,1.287,
2025-10-04 08:00:00,Saturday,8,0.118,1.078,0.000,0.398,0.000,0.000,1.594,
2025-10-04 09:00:00,Saturday,9,0.116,0.986,0.000,0.000,0.118,0.000,1.220,
2025-10-04 10:00:00,Saturday,10,0.093,0.926,0.000,0.000,0.196,0.000,1.215,
2025-10-04 11:00:00,Saturday,11,0.090,1.048,0.000,0.000,0.161,0.796,2.095,pralka
2025-10-04 12:00:00,Saturday,12,0.117,1.006,0.000,0.000,0.130,1.319,2.572,suszarka
2025-10-04 13:00:00,Saturday,13,0.121,0.845,0.000,0.629,0.082,0.908,2.585,zmywarka
2025-10-04 14:00:00,Saturday,14,0.127,0.818,0.000,0.000,0.141,0.000,1.086,
2025-10-04 15:00:00,Saturday,15,0.106,0.774,0.000,0.000,0.099,0.000,0.979,
2025-10-04 16:00:00,Saturday,16,0.114,0.910,0.000,0.000,0.154,0.000,1.178,
2025-10-04 17:00:00,Saturday,17,0.113,0.795,0.000,0.000,0.137,0.000,1.045,
2025-10-04 18:00:00,Saturday,18,0.118,0.930,0.131,0.569,0.122,0.000,1.870,
2025-10-04 19:00:00,Saturday,19,0.098,0.840,0.134,0.000,0.143,0.000,1.215,
2025-10-04 20:00:00,Saturday,20,0.089,0.931,0.219,0.000,0.162,0.000,1.401,
2025-10-04 21:00:00,Saturday,21,0.090,0.839,0.188,0.000,0.194,0.000,1.311,
2025-10-04 22:00:00,Saturday,22,0.091,0.798,0.073,0.000,0.172,0.000,1.134,
2025-10-04 23:00:00,Saturday,23,0.108,0.933,0.000,0.000,0.000,0.000,1.041,
2025-10-05 00:00:00,Sunday,0,0.106,0.818,0.000,0.000,0.000,0.000,0.924,
2025-10-05 01:00:00,Sunday,1,0.101,0.806,0.000,0.000,0.000,0.000,0.907,
2025-10-05 02:00:00,Sunday,2,0.136,0.922,0.000,0.000,0.000,0.000,1.058,
2025-10-05 03:00:00,Sunday,3,0.128,0.851,0.000,0.000,0.000,0.000,0.979,
2025-10-05 04:00:00,Sunday,4,0.115,0.719,0.000,0.000,0.000,0.000,0.834,
2025-10-05 05:00:00,Sunday,5,0.118,0.886,0.000,0.000,0.000,0.000,1.004,
2025-10-05 06:00:00,Sunday,6,0.105,0.933,0.064,0.392,0.000,0.000,1.494,
2025-10-05 07:00:00,Sunday,7,0.115,1.002,0.114,0.234,0.000,0.000,1.465,
2025-10-05 08:00:00,Sunday,8,0.113,0.994,0.000,0.239,0.000,0.000,1.346,
2025-10-05 09:00:00,Sunday,9,0.120,0.977,0.000,0.000,0.141,0.000,1.238,
2025-10-05 10:00:00,Sunday,10,0.122,0.900,0.000,0.000,0.197,0.000,1.219,
2025-10-05 11:00:00,Sunday,11,0.119,0.721,0.000,0.000,0.178,0.000,1.018,
2025-10-05 12:00:00,Sunday,12,0.122,0.648,0.000,1.084,0.095,0.000,1.949,
2025-10-05 13:00:00,Sunday,13,0.097,0.634,0.000,0.000,0.154,0.000,0.885,
2025-10-05 14:00:00,Sunday,14,0.091,0.755,0.000,0.000,0.130,0.898,1.874,zmywarka
2025-10-05 15:00:00,Sunday,15,0.114,0.682,0.000,0.000,0.063,0.000,0.859,
2025-10-05 16:00:00,Sunday,16,0.101,0.782,0.000,0.000,0.165,0.000,1.048,
2025-10-05 17:00:00,Sunday,17,0.096,0.750,0.000,0.000,0.120,0.000,0.966,
2025-10-05 18:00:00,Sunday,18,0.120,0.636,0.114,0.762,0.142,0.000,1.774,
2025-10-05 19:00:00,Sunday,19,0.124,0.754,0.202,0.000,0.179,0.000,1.259,
2025-10-05 20:00:00,Sunday,20,0.102,0.678,0.137,0.000,0.251,0.000,1.168,
2025-10-05 21:00:00,Sunday,21,0.095,0.751,0.189,0.000,0.174,0.000,1.209,
2025-10-05 22:00:00,Sunday,22,0.126,0.652,0.104,0.000,0.175,0.000,1.057,
2025-10-05 23:00:00,Sunday,23,0.088,0.784,0.000,0.000,0.000,0.000,0.872,
2025-10-06 00:00:00,Monday,0,0.110,0.624,0.000,0.000,0.000,0.000,0.734,
2025-10-06 01:00:00,Monday,1,0.146,0.518,0.000,0.000,0.000,0.000,0.664,
2025-10-06 02:00:00,Monday,2,0.104,0.532,0.000,0.000,0.000,0.000,0.636,
2025-10-06 03:00:00,Monday,3,0.099,0.490,0.000,0.000,0.000,0.000,0.589,
2025-10-06 04:00:00,Monday,4,0.122,0.601,0.000,0.000,0.000,0.000,0.723,
2025-10-06 05:00:00,Monday,5,0.124,0.673,0.000,0.000,0.000,0.000,0.797,
2025-10-06 06:00:00,Monday,6,0.089,0.838,0.162,0.249,0.000,0.000,1.338,
2025-10-06 07:00:00,Monday,7,0.111,0.665,0.166,0.326,0.000,0.000,1.268,
2025-10-06 08:00:00,Monday,8,0.125,0.762,0.000,0.275,0.000,0.000,1.162,
2025-10-06 09:00:00,Monday,9,0.114,0.703,0.000,0.000,0.178,0.000,0.995,praca zdalna
2025-10-06 10:00:00,Monday,10,0.098,0.658,0.000,0.000,0.174,0.000,0.930,praca zdalna
2025-10-06 11:00:00,Monday,11,0.102,0.612,0.000,0.000,0.254,0.000,0.968,praca zdalna
2025-10-06 12:00:00,Monday,12,0.093,0.554,0.000,0.344,0.196,0.000,1.187,praca zdalna
2025-10-06 13:00:00,Monday,13,0.118,0.586,0.000,0.000,0.213,0.000,0.917,praca zdalna
2025-10-06 14:00:00,Monday,14,0.106,0.471,0.000,0.000,0.293,0.000,0.870,praca zdalna
2025-10-06 15:00:00,Monday,15,0.126,0.552,0.000,0.000,0.238,0.000,0.916,praca zdalna
2025-10-06 16:00:00,Monday,16,0.123,0.496,0.000,0.000,0.284,0.000,0.903,praca zdalna
2025-10-06 17:00:00,Monday,17,0.106,0.509,0.000,0.000,0.250,0.000,0.865,
2025-10-06 18:00:00,Monday,18,0.115,0.742,0.146,1.033,0.263,0.000,2.299,
2025-10-06 19:00:00,Monday,19,0.124,0.790,0.218,0.000,0.254,0.806,2.192,zmywarka
2025-10-06 20:00:00,Monday,20,0.123,0.738,0.220,0.000,0.250,0.000,1.331,
2025-10-06 21:00:00,Monday,21,0.095,0.845,0.115,0.000,0.276,0.000,1.331,
2025-10-06 22:00:00,Monday,22,0.127,0.725,0.045,0.000,0.152,0.000,1.049,
2025-10-06 23:00:00,Monday,23,0.138,0.724,0.000,0.000,0.000,0.000,0.862,
2025-10-07 00:00:00,Tuesday,0,0.096,0.680,0.000,0.000,0.000,0.000,0.776,
2025-10-07 01:00:00,Tuesday,1,0.130,0.805,0.000,0.000,0.000,0.000,0.935,
2025-10-07 02:00:00,Tuesday,2,0.134,0.835,0.000,0.000,0.000,0.000,0.969,
2025-10-07 03:00:00,Tuesday,3,0.106,0.844,0.000,0.000,0.000,0.000,0.950,
2025-10-07 04:00:00,Tuesday,4,0.122,0.858,0.000,0.000,0.000,0.000,0.980,
2025-10-07 05:00:00,Tuesday,5,0.091,0.705,0.000,0.000,0.000,0.000,0.796,
2025-10-07 06:00:00,Tuesday,6,0.118,0.911,0.091,0.253,0.000,0.000,1.373,
2025-10-07 07:00:00,Tuesday,7,0.094,0.826,0.077,0.335,0.000,0.000,1.332,
2025-10-07 08:00:00,Tuesday,8,0.102,0.826,0.000,0.266,0.000,0.000,1.194,
2025-10-07 09:00:00,Tuesday,9,0.122,0.724,0.000,0.000,0.098,0.000,0.944,
2025-10-07 10:00:00,Tuesday,10,0.093,0.666,0.000,0.000,0.112,0.000,0.871,
2025-10-07 11:00:00,Tuesday,11,0.120,0.622,0.000,0.000,0.113,0.000,0.855,
2025-10-07 12:00:00,Tuesday,12,0.117,0.593,0.000,0.478,0.097,0.000,1.285,
2025-10-07 13:00:00,Tuesday,13,0.098,0.585,0.000,0.000,0.116,0.000,0.799,
2025-10-07 14:00:00,Tuesday,14,0.113,0.651,0.000,0.000,0.158,0.000,0.922,
2025-10-07 15:00:00,Tuesday,15,0.116,0.574,0.000,0.000,0.118,0.000,0.808,
2025-10-07 16:00:00,Tuesday,16,0.090,0.630,0.000,0.000,0.118,0.000,0.838,
2025-10-07 17:00:00,Tuesday,17,0.089,0.710,0.000,0.869,0.141,0.000,1.809,
2025-10-07 18:00:00,Tuesday,18,0.092,0.589,0.174,0.000,0.162,0.000,1.017,
2025-10-07 19:00:00,Tuesday,19,0.126,0.659,0.151,0.000,0.266,0.751,1.953,zmywarka
2025-10-07 20:00:00,Tuesday,20,0.096,0.534,0.209,0.000,0.131,0.000,0.970,
2025-10-07 21:00:00,Tuesday,21,0.118,0.554,0.158,0.000,0.196,0.000,1.026,
2025-10-07 22:00:00,Tuesday,22,0.122,0.438,0.074,0.000,0.268,0.000,0.902,
2025-10-07 23:00:00,Tuesday,23,0.109,0.398,0.000,0.000,0.000,0.000,0.507,
2025-10-08 00:00:00,Wednesday,0,0.122,0.509,0.000,0.000,0.000,0.000,0.631,
2025-10-08 01:00:00,Wednesday,1,0.113,0.537,0.000,0.000,0.000,0.000,0.650,
2025-10-08 02:00:00,Wednesday,2,0.111,0.514,0.000,0.000,0.000,0.000,0.625,
2025-10-08 03:00:00,Wednesday,3,0.099,0.525,0.000,0.000,0.000,0.000,0.624,
2025-10-08 04:00:00,Wednesday,4,0.146,0.542,0.000,0.000,0.000,0.000,0.688,
2025-10-08 05:00:00,Wednesday,5,0.099,0.635,0.000,0.000,0.000,0.000,0.734,
2025-10-08 06:00:00,Wednesday,6,0.098,0.820,0.061,0.286,0.000,0.000,1.265,
2025-10-08 07:00:00,Wednesday,7,0.089,0.731,0.095,0.387,0.000,0.000,1.302,
2025-10-08 08:00:00,Wednesday,8,0.116,0.752,0.000,0.345,0.000,0.000,1.213,
2025-10-08 09:00:00,Wednesday,9,0.126,0.783,0.000,0.000,0.118,0.000,1.027,
2025-10-08 10:00:00,Wednesday,10,0.122,0.794,0.000,0.000,0.086,0.000,1.002,
2025-10-08 11:00:00,Wednesday,11,0.114,0.697,0.000,0.000,0.082,0.000,0.893,
2025-10-08 12:00:00,Wednesday,12,0.093,0.674,0.000,0.659,0.078,0.000,1.504,
2025-10-08 13:00:00,Wednesday,13,0.115,0.571,0.000,0.000,0.071,0.000,0.757,
2025-10-08 14:00:00,Wednesday,14,0.113,0.538,0.000,0.000,0.122,0.000,0.773,
2025-10-08 15:00:00,Wednesday,15,0.098,0.582,0.000,0.000,0.154,0.000,0.834,
2025-10-08 16:00:00,Wednesday,16,0.088,0.565,0.000,0.000,0.180,0.000,0.833,
2025-10-08 17:00:00,Wednesday,17,0.122,0.563,0.000,0.765,0.202,0.000,1.652,
2025-10-08 18:00:00,Wednesday,18,0.106,0.594,0.213,0.000,0.200,0.000,1.113,
2025-10-08 19:00:00,Wednesday,19,0.110,0.774,0.083,0.000,0.266,0.877,2.110,zmywarka
2025-10-08 20:00:00,Wednesday,20,0.120,0.866,0.202,0.000,0.197,0.000,1.385,
2025-10-08 21:00:00,Wednesday,21,0.093,1.032,0.217,0.000,0.157,0.000,1.499,
2025-10-08 22:00:00,Wednesday,22,0.122,0.758,0.086,0.000,0.126,0.000,1.092,
2025-10-08 23:00:00,Wednesday,23,0.094,0.783,0.000,0.000,0.000,0.000,0.877,
2025-10-09 00:00:00,Thursday,0,0.124,0.938,0.000,0.000,0.000,0.000,1.062,
2025-10-09 01:00:00,Thursday,1,0.114,0.851,0.000,0.000,0.000,0.000,0.965,
2025-10-09 02:00:00,Thursday,2,0.121,0.872,0.000,0.000,0.000,0.000,0.993,
2025-10-09 03:00:00,Thursday,3,0.130,0.851,0.000,0.000,0.000,0.000,0.981,
2025-10-09 04:00:00,Thursday,4,0.103,1.025,0.000,0.000,0.000,0.000,1.128,
2025-10-09 05:00:00,Thursday,5,0.106,0.946,0.000,0.000,0.000,0.000,1.052,
2025-10-09 06:00:00,Thursday,6,0.093,1.208,0.076,0.361,0.000,0.000,1.738,
2025-10-09 07:00:00,Thursday,7,0.121,1.105,0.000,0.414,0.000,0.000,1.640,
2025-10-09 08:00:00,Thursday,8,0.104,1.056,0.000,0.258,0.000,0.000,1.418,
2025-10-09 09:00:00,Thursday,9,0.106,0.941,0.000,0.000,0.094,0.000,1.141,
2025-10-09 10:00:00,Thursday,10,0.099,1.058,0.000,0.000,0.091,0.000,1.248,
2025-10-09 11:00:00,Thursday,11,0.119,0.912,0.000,0.000,0.105,0.000,1.136,
2025-10-09 12:00:00,Thursday,12,0.118,0.779,0.000,0.702,0.083,0.000,1.682,
2025-10-09 13:00:00,Thursday,13,0.089,0.570,0.000,0.000,0.074,0.000,0.733,
2025-10-09 14:00:00,Thursday,14,0.101,0.667,0.000,0.000,0.160,0.000,0.928,
2025-10-09 15:00:00,Thursday,15,0.089,0.650,0.000,0.000,0.172,0.000,0.911,
2025-10-09 16:00:00,Thursday,16,0.118,0.702,0.000,0.000,0.066,0.000,0.886,
2025-10-09 17:00:00,Thursday,17,0.120,0.562,0.000,0.000,0.134,0.000,0.816,
2025-10-09 18:00:00,Thursday,18,0.118,0.571,0.155,0.610,0.160,0.000,1.614,
2025-10-09 19:00:00,Thursday,19,0.122,0.699,0.090,0.000,0.145,0.000,1.056,
2025-10-09 20:00:00,Thursday,20,0.094,0.624,0.143,0.000,0.171,0.651,1.683,zmywarka
2025-10-09 21:00:00,Thursday,21,0.089,0.641,0.162,0.000,0.191,0.000,1.083,
2025-10-09 22:00:00,Thursday,22,0.098,0.568,0.092,0.000,0.212,0.000,0.970,
2025-10-09 23:00:00,Thursday,23,0.116,0.571,0.000,0.000,0.000,0.000,0.687,
2025-10-10 00:00:00,Friday,0,0.111,0.639,0.000,0.000,0.000,0.000,0.750,
2025-10-10 01:00:00,Friday,1,0.133,0.654,0.000,0.000,0.000,0.000,0.787,
2025-10-10 02:00:00,Friday,2,0.099,0.696,0.000,0.000,0.000,0.000,0.795,
2025-10-10 03:00:00,Friday,3,0.125,0.789,0.000,0.000,0.000,0.000,0.914,
2025-10-10 04:00:00,Friday,4,0.089,0.716,0.000,0.000,0.000,0.000,0.805,
2025-10-10 05:00:00,Friday,5,0.102,0.635,0.000,0.000,0.000,0.000,0.737,
2025-10-10 06:00:00,Friday,6,0.102,0.882,0.145,0.363,0.000,0.000,1.492,
2025-10-10 07:00:00,Friday,7,0.124,0.758,0.090,0.262,0.000,0.000,1.234,
2025-10-10 08:00:00,Friday,8,0.090,0.873,0.000,0.372,0.000,0.000,1.335,
2025-10-10 09:00:00,Friday,9,0.121,0.736,0.000,0.000,0.086,0.000,0.943,
2025-10-10 10:00:00,Friday,10,0.114,0.717,0.000,0.000,0.078,0.000,0.909,
2025-10-10 11:00:00,Friday,11,0.126,0.740,0.000,0.000,0.087,0.000,0.953,
2025-10-10 12:00:00,Friday,12,0.089,0.641,0.000,0.470,0.106,0.000,1.306,
2025-10-10 13:00:00,Friday,13,0.097,0.506,0.000,0.000,0.107,0.000,0.710,
2025-10-10 14:00:00,Friday,14,0.101,0.579,0.000,0.000,0.109,0.000,0.789,
2025-10-10 15:00:00,Friday,15,0.126,0.466,0.000,0.000,0.116,0.000,0.708,
2025-10-10 16:00:00,Friday,16,0.126,0.551,0.000,0.000,0.074,0.000,0.751,
2025-10-10 17:00:00,Friday,17,0.114,0.554,0.000,0.000,0.178,0.000,0.846,
2025-10-10 18:00:00,Friday,18,0.092,0.687,0.173,0.843,0.242,0.000,2.037,
2025-10-10 19:00:00,Friday,19,0.106,0.630,0.163,0.000,0.265,0.000,1.164,
2025-10-10 20:00:00,Friday,20,0.117,0.702,0.202,0.000,0.195,0.912,2.128,zmywarka
2025-10-10 21:00:00,Friday,21,0.118,0.602,0.130,0.000,0.198,0.000,1.048,
2025-10-10 22:00:00,Friday,22,0.126,0.514,0.049,0.000,0.134,0.000,0.823,
2025-10-10 23:00:00,Friday,23,0.122,0.569,0.000,0.000,0.000,0.000,0.691,
2025-10-11 00:00:00,Saturday,0,0.114,0.482,0.000,0.000,0.000,0.000,0.596,
2025-10-11 01:00:00,Saturday,1,0.128,0.581,0.000,0.000,0.000,0.000,0.709,
2025-10-11 02:00:00,Saturday,2,0.096,0.448,0.000,0.000,0.000,0.000,0.544,
2025-10-11 03:00:00,Saturday,3,0.113,0.606,0.000,0.000,0.000,0.000,0.719,
2025-10-11 04:00:00,Saturday,4,0.102,0.514,0.000,0.000,0.000,0.000,0.616,
2025-10-11 05:00:00,Saturday,5,0.125,0.723,0.000,0.000,0.000,0.000,0.848,
2025-10-11 06:00:00,Saturday,6,0.094,0.686,0.070,0.493,0.000,0.000,1.343,
2025-10-11 07:00:00,Saturday,7,0.103,0.826,0.000,0.321,0.000,0.000,1.250,
2025-10-11 08:00:00,Saturday,8,0.116,0.862,0.000,0.365,0.000,0.000,1.343,
2025-10-11 09:00:00,Saturday,9,0.090,0.711,0.000,0.000,0.063,0.000,0.864,
2025-10-11 10:00:00,Saturday,10,0.101,0.709,0.000,0.000,0.051,0.000,0.861,
2025-10-11 11:00:00,Saturday,11,0.113,0.676,0.000,0.000,0.144,0.000,0.933,
2025-10-11 12:00:00,Saturday,12,0.126,0.689,0.000,0.519,0.074,0.000,1.408,
2025-10-11 13:00:00,Saturday,13,0.125,0.606,0.000,0.000,0.130,0.784,1.645,zmywarka
2025-10-11 14:00:00,Saturday,14,0.110,0.526,0.000,0.000,0.068,0.000,0.704,
2025-10-11 15:00:00,Saturday,15,0.122,0.605,0.000,0.000,0.042,0.000,0.769,
2025-10-11 16:00:00,Saturday,16,0.114,0.630,0.000,0.000,0.154,0.000,0.898,
2025-10-11 17:00:00,Saturday,17,0.106,0.642,0.000,0.000,0.129,0.000,0.877,
2025-10-11 18:00:00,Saturday,18,0.106,0.577,0.084,0.738,0.228,0.000,1.733,
2025-10-11 19:00:00,Saturday,19,0.089,0.657,0.206,0.000,0.131,0.000,1.083,
2025-10-11 20:00:00,Saturday,20,0.090,0.739,0.156,0.000,0.246,0.000,1.231,
2025-10-11 21:00:00,Saturday,21,0.114,0.715,0.229,0.000,0.189,0.000,1.247,
2025-10-11 22:00:00,Saturday,22,0.100,0.716,0.079,0.000,0.127,0.000,1.022,
2025-10-11 23:00:00,Saturday,23,0.102,0.597,0.000,0.000,0.000,0.000,0.699,
2025-10-12 00:00:00,Sunday,0,0.127,0.644,0.000,0.000,0.000,0.000,0.771,
2025-10-12 01:00:00,Sunday,1,0.115,0.701,0.000,0.000,0.000,0.000,0.816,
2025-10-12 02:00:00,Sunday,2,0.092,0.562,0.000,0.000,0.000,0.000,0.654,
2025-10-12 03:00:00,Sunday,3,0.092,0.705,0.000,0.000,0.000,0.000,0.797,
2025-10-12 04:00:00,Sunday,4,0.140,0.601,0.000,0.000,0.000,0.000,0.741,
2025-10-12 05:00:00,Sunday,5,0.118,0.602,0.000,0.000,0.000,0.000,0.720,
2025-10-12 06:00:00,Sunday,6,0.091,0.819,0.126,0.436,0.000,0.000,1.472,
2025-10-12 07:00:00,Sunday,7,0.120,0.696,0.106,0.405,0.000,0.000,1.327,
2025-10-12 08:00:00,Sunday,8,0.118,0.851,0.000,0.246,0.000,0.000,1.215,
2025-10-12 09:00:00,Sunday,9,0.124,0.784,0.000,0.000,0.163,0.000,1.071,
2025-10-12 10:00:00,Sunday,10,0.116,0.766,0.000,0.000,0.102,0.000,0.984,
2025-10-12 11:00:00,Sunday,11,0.117,0.647,0.000,0.000,0.060,0.000,0.824,
2025-10-12 12:00:00,Sunday,12,0.112,0.571,0.000,0.000,0.126,0.000,0.809,
2025-10-12 13:00:00,Sunday,13,0.117,0.494,0.000,0.887,0.185,0.000,1.683,
2025-10-12 14:00:00,Sunday,14,0.117,0.450,0.000,0.000,0.054,0.764,1.385,zmywarka
2025-10-12 15:00:00,Sunday,15,0.096,0.465,0.000,0.000,0.196,0.000,0.757,
2025-10-12 16:00:00,Sunday,16,0.118,0.403,0.000,0.000,0.049,0.000,0.570,
2025-10-12 17:00:00,Sunday,17,0.119,0.560,0.000,0.000,0.178,0.000,0.857,
2025-10-12 18:00:00,Sunday,18,0.098,0.720,0.130,0.897,0.172,0.000,2.017,
2025-10-12 19:00:00,Sunday,19,0.118,0.676,0.153,0.000,0.210,0.000,1.157,
2025-10-12 20:00:00,Sunday,20,0.126,0.890,0.091,0.000,0.138,0.000,1.245,
2025-10-12 21:00:00,Sunday,21,0.119,0.961,0.132,0.000,0.126,0.000,1.338,
2025-10-12 22:00:00,Sunday,22,0.108,0.906,0.114,0.000,0.256,0.000,1.384,
2025-10-12 23:00:00,Sunday,23,0.130,0.875,0.000,0.000,0.000,0.000,1.005,
2025-10-13 00:00:00,Monday,0,0.104,0.987,0.000,0.000,0.000,0.000,1.091,
2025-10-13 01:00:00,Monday,1,0.122,1.168,0.000,0.000,0.000,0.000,1.290,
2025-10-13 02:00:00,Monday,2,0.125,1.057,0.000,0.000,0.000,0.000,1.182,
2025-10-13 03:00:00,Monday,3,0.126,1.278,0.000,0.000,0.000,0.000,1.404,
2025-10-13 04:00:00,Monday,4,0.115,1.314,0.000,0.000,0.000,0.000,1.429,
2025-10-13 05:00:00,Monday,5,0.092,1.205,0.000,0.000,0.000,0.000,1.297,
2025-10-13 06:00:00,Monday,6,0.114,1.493,0.087,0.450,0.000,0.000,2.144,
2025-10-13 07:00:00,Monday,7,0.094,1.620,0.000,0.256,0.000,0.000,1.970,
2025-10-13 08:00:00,Monday,8,0.122,1.570,0.000,0.318,0.000,0.000,2.010,
2025-10-13 09:00:00,Monday,9,0.118,1.730,0.000,0.000,0.162,0.000,2.010,praca zdalna
2025-10-13 10:00:00,Monday,10,0.123,1.391,0.000,0.000,0.245,0.000,1.759,praca zdalna
2025-10-13 11:00:00,Monday,11,0.122,1.034,0.000,0.000,0.206,0.000,1.362,praca zdalna
2025-10-13 12:00:00,Monday,12,0.104,0.862,0.000,0.000,0.217,0.000,1.183,praca zdalna
2025-10-13 13:00:00,Monday,13,0.110,0.816,0.000,0.602,0.183,0.000,1.711,praca zdalna
2025-10-13 14:00:00,Monday,14,0.101,0.589,0.000,0.000,0.210,0.000,0.900,praca zdalna
2025-10-13 15:00:00,Monday,15,0.119,0.663,0.000,0.000,0.136,0.000,0.918,praca zdalna
2025-10-13 16:00:00,Monday,16,0.106,0.638,0.000,0.000,0.242,0.000,0.986,praca zdalna
2025-10-13 17:00:00,Monday,17,0.092,0.690,0.000,0.000,0.247,0.000,1.029,
2025-10-13 18:00:00,Monday,18,0.121,0.858,0.169,1.406,0.276,0.000,2.830,
2025-10-13 19:00:00,Monday,19,0.126,0.991,0.190,0.000,0.147,0.000,1.454,
2025-10-13 20:00:00,Monday,20,0.103,0.868,0.210,0.000,0.217,0.863,2.261,zmywarka
2025-10-13 21:00:00,Monday,21,0.118,0.864,0.086,0.000,0.158,0.000,1.226,
2025-10-13 22:00:00,Monday,22,0.102,0.881,0.099,0.000,0.130,0.000,1.212,
2025-10-13 23:00:00,Monday,23,0.114,0.791,0.000,0.000,0.000,0.000,0.905,
2025-10-14 00:00:00,Tuesday,0,0.131,0.871,0.000,0.000,0.000,0.000,1.002,
2025-10-14 01:00:00,Tuesday,1,0.122,0.745,0.000,0.000,0.000,0.000,0.867,
2025-10-14 02:00:00,Tuesday,2,0.099,0.753,0.000,0.000,0.000,0.000,0.852,
2025-10-14 03:00:00,Tuesday,3,0.091,0.870,0.000,0.000,0.000,0.000,0.961,
2025-10-14 04:00:00,Tuesday,4,0.106,0.751,0.000,0.000,0.000,0.000,0.857,
2025-10-14 05:00:00,Tuesday,5,0.125,0.700,0.000,0.000,0.000,0.000,0.825,
2025-10-14 06:00:00,Tuesday,6,0.118,0.942,0.104,0.337,0.000,0.000,1.501,
2025-10-14 07:00:00,Tuesday,7,0.091,1.061,0.099,0.191,0.000,0.000,1.442,
2025-10-14 08:00:00,Tuesday,8,0.094,1.054,0.000,0.252,0.000,0.000,1.400,
2025-10-14 09:00:00,Tuesday,9,0.109,0.798,0.000,0.000,0.072,0.000,0.979,
2025-10-14 10:00:00,Tuesday,10,0.108,0.830,0.000,0.000,0.102,0.671,1.711,pralka
2025-10-14 11:00:00,Tuesday,11,0.090,0.830,0.000,0.000,0.081,1.846,2.847,suszarka
2025-10-14 12:00:00,Tuesday,12,0.101,0.688,0.000,0.583,0.101,0.000,1.473,
2025-10-14 13:00:00,Tuesday,13,0.127,0.808,0.000,0.000,0.084,0.000,1.019,
2025-10-14 14:00:00,Tuesday,14,0.116,0.690,0.000,0.000,0.083,0.000,0.889,
2025-10-14 15:00:00,Tuesday,15,0.091,0.738,0.000,0.000,0.119,0.000,0.948,
2025-10-14 16:00:00,Tuesday,16,0.119,0.726,0.000,0.000,0.186,0.000,1.031,
2025-10-14 17:00:00,Tuesday,17,0.114,0.644,0.000,0.000,0.233,0.000,0.991,
2025-10-14 18:00:00,Tuesday,18,0.126,0.714,0.110,1.451,0.146,0.000,2.547,
2025-10-14 19:00:00,Tuesday,19,0.090,0.766,0.182,0.000,0.138,0.000,1.176,
2025-10-14 20:00:00,Tuesday,20,0.114,0.871,0.190,0.000,0.202,0.762,2.139,zmywarka
2025-10-14 21:00:00,Tuesday,21,0.127,1.068,0.145,0.000,0.224,0.000,1.564,
2025-10-14 22:00:00,Tuesday,22,0.118,0.764,0.079,0.000,0.130,0.000,1.091,
2025-10-14 23:00:00,Tuesday,23,0.138,0.962,0.000,0.000,0.000,0.000,1.100,
2025-10-15 00:00:00,Wednesday,0,0.103,0.758,0.000,0.000,0.000,0.000,0.861,
2025-10-15 01:00:00,Wednesday,1,0.114,0.946,0.000,0.000,0.000,0.000,1.060,
2025-10-15 02:00:00,Wednesday,2,0.135,1.033,0.000,0.000,0.000,0.000,1.168,
2025-10-15 03:00:00,Wednesday,3,0.120,1.118,0.000,0.000,0.000,0.000,1.238,
2025-10-15 04:00:00,Wednesday,4,0.110,0.912,0.000,0.000,0.000,0.000,1.022,
2025-10-15 05:00:00,Wednesday,5,0.096,0.935,0.000,0.000,0.000,0.000,1.031,
2025-10-15 06:00:00,Wednesday,6,0.117,1.121,0.059,0.306,0.000,0.000,1.603,
2025-10-15 07:00:00,Wednesday,7,0.104,1.258,0.000,0.347,0.000,0.000,1.709,
2025-10-15 08:00:00,Wednesday,8,0.117,1.212,0.000,0.418,0.000,0.000,1.747,
2025-10-15 09:00:00,Wednesday,9,0.100,1.261,0.000,0.000,0.097,0.000,1.458,
2025-10-15 10:00:00,Wednesday,10,0.096,1.119,0.000,0.000,0.078,0.000,1.293,
2025-10-15 11:00:00,Wednesday,11,0.092,0.890,0.000,0.000,0.099,0.000,1.081,
2025-10-15 12:00:00,Wednesday,12,0.101,0.694,0.000,0.460,0.096,0.000,1.351,
2025-10-15 13:00:00,Wednesday,13,0.118,0.608,0.000,0.000,0.075,0.000,0.801,
2025-10-15 14:00:00,Wednesday,14,0.097,0.752,0.000,0.000,0.110,0.000,0.959,
2025-10-15 15:00:00,Wednesday,15,0.109,0.777,0.000,0.000,0.156,0.000,1.042,
2025-10-15 16:00:00,Wednesday,16,0.126,0.622,0.000,0.000,0.146,0.000,0.894,
2025-10-15 17:00:00,Wednesday,17,0.115,0.839,0.000,0.530,0.266,0.000,1.750,
2025-10-15 18:00:00,Wednesday,18,0.094,0.722,0.137,0.000,0.194,0.000,1.147,
2025-10-15 19:00:00,Wednesday,19,0.116,0.848,0.198,0.000,0.122,0.000,1.284,
2025-10-15 20:00:00,Wednesday,20,0.103,0.744,0.238,0.000,0.211,0.748,2.044,zmywarka
2025-10-15 21:00:00,Wednesday,21,0.108,0.818,0.129,0.000,0.238,0.000,1.293,
2025-10-15 22:00:00,Wednesday,22,0.114,0.629,0.078,0.000,0.272,0.000,1.093,
2025-10-15 23:00:00,Wednesday,23,0.118,0.674,0.000,0.000,0.000,0.000,0.792,
2025-10-16 00:00:00,Thursday,0,0.094,0.704,0.000,0.000,0.000,0.000,0.798,
2025-10-16 01:00:00,Thursday,1,0.101,0.722,0.000,0.000,0.000,0.000,0.823,
2025-10-16 02:00:00,Thursday,2,0.096,0.668,0.000,0.000,0.000,0.000,0.764,
2025-10-16 03:00:00,Thursday,3,0.111,0.729,0.000,0.000,0.000,0.000,0.840,
2025-10-16 04:00:00,Thursday,4,0.138,0.855,0.000,0.000,0.000,0.000,0.993,
2025-10-16 05:00:00,Thursday,5,0.149,0.963,0.000,0.000,0.000,0.000,1.112,
2025-10-16 06:00:00,Thursday,6,0.119,1.163,0.132,0.390,0.000,0.000,1.804,
2025-10-16 07:00:00,Thursday,7,0.103,1.197,0.000,0.220,0.000,0.000,1.520,
2025-10-16 08:00:00,Thursday,8,0.124,1.013,0.000,0.263,0.000,0.000,1.400,
2025-10-16 09:00:00,Thursday,9,0.102,0.935,0.000,0.000,0.264,0.000,1.301,praca zdalna
2025-10-16 10:00:00,Thursday,10,0.106,0.994,0.000,0.000,0.187,0.000,1.287,praca zdalna
2025-10-16 11:00:00,Thursday,11,0.118,0.701,0.000,0.000,0.189,0.000,1.008,praca zdalna
2025-10-16 12:00:00,Thursday,12,0.090,0.666,0.000,0.000,0.199,0.000,0.955,praca zdalna
2025-10-16 13:00:00,Thursday,13,0.104,0.666,0.000,0.338,0.237,0.000,1.345,praca zdalna
2025-10-16 14:00:00,Thursday,14,0.111,0.625,0.000,0.000,0.181,0.000,0.917,praca zdalna
2025-10-16 15:00:00,Thursday,15,0.100,0.645,0.000,0.000,0.256,0.000,1.001,praca zdalna
2025-10-16 16:00:00,Thursday,16,0.091,0.622,0.000,0.000,0.154,0.000,0.867,praca zdalna
2025-10-16 17:00:00,Thursday,17,0.111,0.747,0.000,0.518,0.173,0.000,1.549,
2025-10-16 18:00:00,Thursday,18,0.098,0.783,0.206,0.000,0.242,0.000,1.329,
2025-10-16 19:00:00,Thursday,19,0.117,0.731,0.218,0.000,0.143,0.000,1.209,
2025-10-16 20:00:00,Thursday,20,0.096,0.837,0.194,0.000,0.275,0.000,1.402,
2025-10-16 21:00:00,Thursday,21,0.096,0.805,0.194,0.000,0.272,0.000,1.367,
2025-10-16 22:00:00,Thursday,22,0.122,0.855,0.076,0.000,0.210,0.000,1.263,
2025-10-16 23:00:00,Thursday,23,0.107,0.695,0.000,0.000,0.000,0.000,0.802,
2025-10-17 00:00:00,Friday,0,0.102,0.748,0.000,0.000,0.000,0.000,0.850,
2025-10-17 01:00:00,Friday,1,0.119,0.721,0.000,0.000,0.000,0.000,0.840,
2025-10-17 02:00:00,Friday,2,0.098,0.777,0.000,0.000,0.000,0.000,0.875,
2025-10-17 03:00:00,Friday,3,0.107,0.803,0.000,0.000,0.000,0.000,0.910,
2025-10-17 04:00:00,Friday,4,0.095,0.888,0.000,0.000,0.000,0.000,0.983,
2025-10-17 05:00:00,Friday,5,0.128,1.053,0.000,0.000,0.000,0.000,1.181,
2025-10-17 06:00:00,Friday,6,0.108,1.232,0.162,0.344,0.000,0.000,1.846,
2025-10-17 07:00:00,Friday,7,0.110,1.294,0.132,0.394,0.000,0.000,1.930,
2025-10-17 08:00:00,Friday,8,0.106,1.076,0.000,0.417,0.000,0.000,1.599,
2025-10-17 09:00:00,Friday,9,0.108,1.287,0.000,0.000,0.117,0.000,1.512,
2025-10-17 10:00:00,Friday,10,0.100,0.994,0.000,0.000,0.074,0.000,1.168,
2025-10-17 11:00:00,Friday,11,0.099,0.945,0.000,0.000,0.116,0.000,1.160,
2025-10-17 12:00:00,Friday,12,0.119,1.016,0.000,0.000,0.071,0.000,1.206,
2025-10-17 13:00:00,Friday,13,0.106,0.945,0.000,0.425,0.085,0.000,1.561,
2025-10-17 14:00:00,Friday,14,0.090,1.203,0.000,0.000,0.174,0.000,1.467,
2025-10-17 15:00:00,Friday,15,0.106,0.946,0.000,0.000,0.096,0.000,1.148,
2025-10-17 16:00:00,Friday,16,0.114,1.177,0.000,0.000,0.080,0.000,1.371,
2025-10-17 17:00:00,Friday,17,0.096,1.017,0.000,0.000,0.133,0.000,1.246,
2025-10-17 18:00:00,Friday,18,0.109,1.078,0.173,1.470,0.132,0.000,2.962,
2025-10-17 19:00:00,Friday,19,0.102,1.372,0.110,0.000,0.212,0.924,2.720,zmywarka
2025-10-17 20:00:00,Friday,20,0.103,1.261,0.155,0.000,0.202,0.000,1.721,
2025-10-17 21:00:00,Friday,21,0.104,1.449,0.129,0.000,0.199,0.000,1.881,
2025-10-17 22:00:00,Friday,22,0.110,1.182,0.046,0.000,0.125,0.000,1.463,
2025-10-17 23:00:00,Friday,23,0.127,1.225,0.000,0.000,0.000,0.000,1.352,
2025-10-18 00:00:00,Saturday,0,0.137,1.526,0.000,0.000,0.000,0.000,1.663,
2025-10-18 01:00:00,Saturday,1,0.108,1.524,0.000,0.000,0.000,0.000,1.632,
2025-10-18 02:00:00,Saturday,2,0.126,1.769,0.000,0.000,0.000,0.000,1.895,
2025-10-18 03:00:00,Saturday,3,0.137,1.738,0.000,0.000,0.000,0.000,1.875,
2025-10-18 04:00:00,Saturday,4,0.140,1.509,0.000,0.000,0.000,0.000,1.649,
2025-10-18 05:00:00,Saturday,5,0.126,1.547,0.000,0.000,0.000,0.000,1.673,
2025-10-18 06:00:00,Saturday,6,0.108,1.982,0.112,0.377,0.000,0.000,2.579,
2025-10-18 07:00:00,Saturday,7,0.094,1.577,0.000,0.244,0.000,0.000,1.915,
2025-10-18 08:00:00,Saturday,8,0.100,1.644,0.000,0.382,0.000,0.000,2.126,
2025-10-18 09:00:00,Saturday,9,0.101,1.903,0.000,0.000,0.076,0.000,2.080,
2025-10-18 10:00:00,Saturday,10,0.116,1.777,0.000,0.000,0.173,0.000,2.066,
2025-10-18 11:00:00,Saturday,11,0.095,1.393,0.000,0.000,0.194,0.000,1.682,
2025-10-18 12:00:00,Saturday,12,0.098,1.578,0.000,0.698,0.047,0.000,2.421,
2025-10-18 13:00:00,Saturday,13,0.122,1.372,0.000,0.000,0.168,0.000,1.662,
2025-10-18 14:00:00,Saturday,14,0.106,1.166,0.000,0.000,0.171,0.663,2.106,zmywarka
2025-10-18 15:00:00,Saturday,15,0.115,0.990,0.000,0.000,0.071,0.000,1.176,
2025-10-18 16:00:00,Saturday,16,0.109,0.983,0.000,0.000,0.090,0.000,1.182,
2025-10-18 17:00:00,Saturday,17,0.124,1.287,0.000,0.799,0.217,0.000,2.427,
2025-10-18 18:00:00,Saturday,18,0.103,1.439,0.114,0.000,0.174,0.000,1.830,
2025-10-18 19:00:00,Saturday,19,0.102,1.344,0.120,0.000,0.274,0.000,1.840,
2025-10-18 20:00:00,Saturday,20,0.090,1.689,0.115,0.000,0.189,0.000,2.083,
2025-10-18 21:00:00,Saturday,21,0.102,1.603,0.090,0.000,0.213,0.000,2.008,
2025-10-18 22:00:00,Saturday,22,0.122,1.764,0.109,0.000,0.182,0.000,2.177,
2025-10-18 23:00:00,Saturday,23,0.122,1.442,0.000,0.000,0.000,0.000,1.564,
2025-10-19 00:00:00,Sunday,0,0.092,1.520,0.000,0.000,0.000,0.000,1.612,
2025-10-19 01:00:00,Sunday,1,0.091,1.481,0.000,0.000,0.000,0.000,1.572,
2025-10-19 02:00:00,Sunday,2,0.128,2.031,0.000,0.000,0.000,0.000,2.159,
2025-10-19 03:00:00,Sunday,3,0.117,1.954,0.000,0.000,0.000,0.000,2.071,
2025-10-19 04:00:00,Sunday,4,0.112,1.875,0.000,0.000,0.000,0.000,1.987,
2025-10-19 05:00:00,Sunday,5,0.127,1.414,0.000,0.000,0.000,0.000,1.541,
2025-10-19 06:00:00,Sunday,6,0.128,1.477,0.165,0.254,0.000,0.000,2.024,
2025-10-19 07:00:00,Sunday,7,0.097,1.704,0.000,0.370,0.000,0.000,2.171,
2025-10-19 08:00:00,Sunday,8,0.092,1.590,0.000,0.296,0.000,0.000,1.978,
2025-10-19 09:00:00,Sunday,9,0.097,1.411,0.000,0.000,0.142,0.000,1.650,
2025-10-19 10:00:00,Sunday,10,0.104,1.474,0.000,0.000,0.064,0.000,1.642,
2025-10-19 11:00:00,Sunday,11,0.099,1.155,0.000,0.000,0.070,0.000,1.324,
2025-10-19 12:00:00,Sunday,12,0.110,1.142,0.000,0.442,0.133,0.000,1.827,
2025-10-19 13:00:00,Sunday,13,0.118,1.318,0.000,0.000,0.159,0.000,1.595,
2025-10-19 14:00:00,Sunday,14,0.096,1.070,0.000,0.000,0.130,0.714,2.010,zmywarka
2025-10-19 15:00:00,Sunday,15,0.122,1.246,0.000,0.000,0.182,0.000,1.550,
2025-10-19 16:00:00,Sunday,16,0.108,1.102,0.000,0.000,0.182,0.000,1.392,
2025-10-19 17:00:00,Sunday,17,0.090,1.322,0.000,1.018,0.206,0.000,2.636,
2025-10-19 18:00:00,Sunday,18,0.106,1.420,0.213,0.000,0.174,0.000,1.913,
2025-10-19 19:00:00,Sunday,19,0.090,1.080,0.113,0.000,0.214,0.000,1.497,
2025-10-19 20:00:00,Sunday,20,0.120,1.203,0.114,0.000,0.166,0.000,1.603,
2025-10-19 21:00:00,Sunday,21,0.120,1.048,0.127,0.000,0.245,0.000,1.540,
2025-10-19 22:00:00,Sunday,22,0.093,0.987,0.086,0.000,0.201,0.000,1.367,
2025-10-19 23:00:00,Sunday,23,0.122,0.898,0.000,0.000,0.000,0.000,1.020,
2025-10-20 00:00:00,Monday,0,0.108,0.962,0.000,0.000,0.000,0.000,1.070,
2025-10-20 01:00:00,Monday,1,0.102,1.108,0.000,0.000,0.000,0.000,1.210,
2025-10-20 02:00:00,Monday,2,0.134,1.055,0.000,0.000,0.000,0.000,1.189,
2025-10-20 03:00:00,Monday,3,0.115,1.095,0.000,0.000,0.000,0.000,1.210,
2025-10-20 04:00:00,Monday,4,0.113,1.110,0.000,0.000,0.000,0.000,1.223,
2025-10-20 05:00:00,Monday,5,0.120,1.110,0.000,0.000,0.000,0.000,1.230,
2025-10-20 06:00:00,Monday,6,0.093,1.122,0.105,0.383,0.000,0.000,1.703,
2025-10-20 07:00:00,Monday,7,0.122,1.135,0.159,0.245,0.000,0.000,1.661,
2025-10-20 08:00:00,Monday,8,0.121,1.086,0.000,0.126,0.000,0.000,1.333,
2025-10-20 09:00:00,Monday,9,0.106,1.161,0.000,0.000,0.217,0.000,1.484,praca zdalna
2025-10-20 10:00:00,Monday,10,0.118,0.973,0.000,0.000,0.190,0.000,1.281,praca zdalna
2025-10-20 11:00:00,Monday,11,0.099,0.978,0.000,0.000,0.204,0.000,1.281,praca zdalna
2025-10-20 12:00:00,Monday,12,0.115,0.990,0.000,0.614,0.176,0.000,1.895,praca zdalna
2025-10-20 13:00:00,Monday,13,0.121,1.154,0.000,0.000,0.170,0.000,1.445,praca zdalna
2025-10-20 14:00:00,Monday,14,0.118,1.050,0.000,0.000,0.279,0.000,1.447,praca zdalna
2025-10-20 15:00:00,Monday,15,0.118,1.081,0.000,0.000,0.211,0.000,1.410,praca zdalna
2025-10-20 16:00:00,Monday,16,0.115,0.893,0.000,0.000,0.334,0.000,1.342,praca zdalna
2025-10-20 17:00:00,Monday,17,0.091,1.060,0.000,0.000,0.194,0.000,1.345,
2025-10-20 18:00:00,Monday,18,0.102,1.022,0.211,0.656,0.231,0.000,2.222,
2025-10-20 19:00:00,Monday,19,0.118,1.050,0.231,0.000,0.275,0.000,1.674,
2025-10-20 20:00:00,Monday,20,0.102,0.858,0.171,0.000,0.224,0.739,2.094,zmywarka
2025-10-20 21:00:00,Monday,21,0.098,0.916,0.219,0.000,0.263,0.000,1.496,
2025-10-20 22:00:00,Monday,22,0.108,0.749,0.083,0.000,0.152,0.000,1.092,
2025-10-20 23:00:00,Monday,23,0.096,0.716,0.000,0.000,0.000,0.000,0.812,
2025-10-21 00:00:00,Tuesday,0,0.136,0.673,0.000,0.000,0.000,0.000,0.809,
2025-10-21 01:00:00,Tuesday,1,0.133,0.859,0.000,0.000,0.000,0.000,0.992,
2025-10-21 02:00:00,Tuesday,2,0.138,0.686,0.000,0.000,0.000,0.000,0.824,
2025-10-21 03:00:00,Tuesday,3,0.112,0.770,0.000,0.000,0.000,0.000,0.882,
2025-10-21 04:00:00,Tuesday,4,0.093,0.801,0.000,0.000,0.000,0.000,0.894,
2025-10-21 05:00:00,Tuesday,5,0.106,0.778,0.000,0.000,0.000,0.000,0.884,
2025-10-21 06:00:00,Tuesday,6,0.108,0.856,0.118,0.255,0.000,0.000,1.337,
2025-10-21 07:00:00,Tuesday,7,0.111,1.063,0.139,0.465,0.000,0.000,1.778,
2025-10-21 08:00:00,Tuesday,8,0.113,0.955,0.000,0.266,0.000,0.000,1.334,
2025-10-21 09:00:00,Tuesday,9,0.106,0.813,0.000,0.000,0.094,0.000,1.013,
2025-10-21 10:00:00,Tuesday,10,0.113,0.765,0.000,0.000,0.092,0.618,1.588,pralka
2025-10-21 11:00:00,Tuesday,11,0.123,0.998,0.000,0.000,0.106,1.855,3.082,suszarka
2025-10-21 12:00:00,Tuesday,12,0.098,0.938,0.000,0.000,0.087,0.000,1.123,
2025-10-21 13:00:00,Tuesday,13,0.090,0.926,0.000,0.274,0.106,0.000,1.396,
2025-10-21 14:00:00,Tuesday,14,0.105,0.915,0.000,0.000,0.181,0.000,1.201,
2025-10-21 15:00:00,Tuesday,15,0.104,0.920,0.000,0.000,0.181,0.000,1.205,
2025-10-21 16:00:00,Tuesday,16,0.117,0.902,0.000,0.000,0.096,0.000,1.115,
2025-10-21 17:00:00,Tuesday,17,0.096,0.825,0.000,0.000,0.155,0.000,1.076,
2025-10-21 18:00:00,Tuesday,18,0.098,0.847,0.182,0.639,0.221,0.000,1.987,
2025-10-21 19:00:00,Tuesday,19,0.113,0.729,0.126,0.000,0.278,0.000,1.246,
2025-10-21 20:00:00,Tuesday,20,0.105,0.626,0.233,0.000,0.127,0.743,1.834,zmywarka
2025-10-21 21:00:00,Tuesday,21,0.126,0.680,0.182,0.000,0.236,0.000,1.224,
2025-10-21 22:00:00,Tuesday,22,0.114,0.510,0.114,0.000,0.199,0.000,0.937,
2025-10-21 23:00:00,Tuesday,23,0.123,0.603,0.000,0.000,0.000,0.000,0.726,
2025-10-22 00:00:00,Wednesday,0,0.117,0.588,0.000,0.000,0.000,0.000,0.705,
2025-10-22 01:00:00,Wednesday,1,0.089,0.584,0.000,0.000,0.000,0.000,0.673,
2025-10-22 02:00:00,Wednesday,2,0.095,0.626,0.000,0.000,0.000,0.000,0.721,
2025-10-22 03:00:00,Wednesday,3,0.117,0.696,0.000,0.000,0.000,0.000,0.813,
2025-10-22 04:00:00,Wednesday,4,0.111,0.764,0.000,0.000,0.000,0.000,0.875,
2025-10-22 05:00:00,Wednesday,5,0.107,0.692,0.000,0.000,0.000,0.000,0.799,
2025-10-22 06:00:00,Wednesday,6,0.115,0.890,0.165,0.468,0.000,0.000,1.638,
2025-10-22 07:00:00,Wednesday,7,0.126,0.759,0.000,0.271,0.000,0.000,1.156,
2025-10-22 08:00:00,Wednesday,8,0.101,0.862,0.000,0.438,0.000,0.000,1.401,
2025-10-22 09:00:00,Wednesday,9,0.106,0.707,0.000,0.000,0.088,0.000,0.901,
2025-10-22 10:00:00,Wednesday,10,0.101,0.702,0.000,0.000,0.081,0.000,0.884,
2025-10-22 11:00:00,Wednesday,11,0.089,0.883,0.000,0.000,0.115,0.000,1.087,
2025-10-22 12:00:00,Wednesday,12,0.112,0.732,0.000,0.548,0.110,0.000,1.502,
2025-10-22 13:00:00,Wednesday,13,0.088,0.716,0.000,0.000,0.110,0.000,0.914,
2025-10-22 14:00:00,Wednesday,14,0.127,0.684,0.000,0.000,0.182,0.000,0.993,
2025-10-22 15:00:00,Wednesday,15,0.107,0.737,0.000,0.000,0.118,0.000,0.962,
2025-10-22 16:00:00,Wednesday,16,0.098,0.638,0.000,0.000,0.111,0.000,0.847,
2025-10-22 17:00:00,Wednesday,17,0.095,0.810,0.000,0.000,0.174,0.000,1.079,
2025-10-22 18:00:00,Wednesday,18,0.122,0.795,0.226,0.669,0.165,0.000,1.977,
2025-10-22 19:00:00,Wednesday,19,0.118,0.818,0.134,0.000,0.266,0.758,2.094,zmywarka
2025-10-22 20:00:00,Wednesday,20,0.118,0.886,0.117,0.000,0.224,0.000,1.345,
2025-10-22 21:00:00,Wednesday,21,0.108,0.919,0.120,0.000,0.216,0.000,1.363,
2025-10-22 22:00:00,Wednesday,22,0.122,0.686,0.074,0.000,0.259,0.000,1.141,
2025-10-22 23:00:00,Wednesday,23,0.120,0.762,0.000,0.000,0.000,0.000,0.882,
2025-10-23 00:00:00,Thursday,0,0.102,0.850,0.000,0.000,0.000,0.000,0.952,
2025-10-23 01:00:00,Thursday,1,0.122,0.830,0.000,0.000,0.000,0.000,0.952,
2025-10-23 02:00:00,Thursday,2,0.120,1.034,0.000,0.000,0.000,0.000,1.154,
2025-10-23 03:00:00,Thursday,3,0.100,1.157,0.000,0.000,0.000,0.000,1.257,
2025-10-23 04:00:00,Thursday,4,0.139,0.838,0.000,0.000,0.000,0.000,0.977,
2025-10-23 05:00:00,Thursday,5,0.104,0.876,0.000,0.000,0.000,0.000,0.980,
2025-10-23 06:00:00,Thursday,6,0.114,1.118,0.144,0.362,0.000,0.000,1.738,
2025-10-23 07:00:00,Thursday,7,0.098,1.117,0.080,0.265,0.000,0.000,1.560,
2025-10-23 08:00:00,Thursday,8,0.095,1.046,0.000,0.446,0.000,0.000,1.587,
2025-10-23 09:00:00,Thursday,9,0.123,0.990,0.000,0.000,0.110,0.000,1.223,
2025-10-23 10:00:00,Thursday,10,0.097,0.884,0.000,0.000,0.065,0.000,1.046,
2025-10-23 11:00:00,Thursday,11,0.109,0.810,0.000,0.000,0.086,0.000,1.005,
2025-10-23 12:00:00,Thursday,12,0.114,0.638,0.000,0.000,0.090,0.000,0.842,
2025-10-23 13:00:00,Thursday,13,0.125,0.814,0.000,0.413,0.119,0.000,1.471,
2025-10-23 14:00:00,Thursday,14,0.107,0.843,0.000,0.000,0.134,0.000,1.084,
2025-10-23 15:00:00,Thursday,15,0.099,0.748,0.000,0.000,0.078,0.000,0.925,
2025-10-23 16:00:00,Thursday,16,0.114,0.886,0.000,0.000,0.150,0.000,1.150,
2025-10-23 17:00:00,Thursday,17,0.107,0.702,0.000,0.594,0.178,0.000,1.581,
2025-10-23 18:00:00,Thursday,18,0.114,0.926,0.194,0.000,0.161,0.000,1.395,
2025-10-23 19:00:00,Thursday,19,0.103,0.683,0.195,0.000,0.204,0.762,1.947,zmywarka
2025-10-23 20:00:00,Thursday,20,0.126,0.672,0.195,0.000,0.167,0.000,1.160,
2025-10-23 21:00:00,Thursday,21,0.100,0.601,0.145,0.000,0.267,0.000,1.113,
2025-10-23 22:00:00,Thursday,22,0.092,0.615,0.081,0.000,0.203,0.000,0.991,
2025-10-23 23:00:00,Thursday,23,0.100,0.599,0.000,0.000,0.000,0.000,0.699,
2025-10-24 00:00:00,Friday,0,0.106,0.574,0.000,0.000,0.000,0.000,0.680,
2025-10-24 01:00:00,Friday,1,0.094,0.540,0.000,0.000,0.000,0.000,0.634,
2025-10-24 02:00:00,Friday,2,0.109,0.626,0.000,0.000,0.000,0.000,0.735,
2025-10-24 03:00:00,Friday,3,0.118,0.653,0.000,0.000,0.000,0.000,0.771,
2025-10-24 04:00:00,Friday,4,0.110,0.694,0.000,0.000,0.000,0.000,0.804,
2025-10-24 05:00:00,Friday,5,0.118,0.558,0.000,0.000,0.000,0.000,0.676,
2025-10-24 06:00:00,Friday,6,0.118,0.934,0.147,0.262,0.000,0.000,1.461,
2025-10-24 07:00:00,Friday,7,0.128,0.993,0.151,0.346,0.000,0.000,1.618,
2025-10-24 08:00:00,Friday,8,0.088,0.954,0.000,0.379,0.000,0.000,1.421,
2025-10-24 09:00:00,Friday,9,0.108,0.962,0.000,0.000,0.111,0.000,1.181,
2025-10-24 10:00:00,Friday,10,0.107,0.914,0.000,0.000,0.064,0.000,1.085,
2025-10-24 11:00:00,Friday,11,0.105,0.974,0.000,0.000,0.078,0.000,1.157,
2025-10-24 12:00:00,Friday,12,0.094,0.778,0.000,0.000,0.102,0.000,0.974,
2025-10-24 13:00:00,Friday,13,0.113,0.836,0.000,0.283,0.086,0.000,1.318,
2025-10-24 14:00:00,Friday,14,0.104,0.802,0.000,0.000,0.111,0.641,1.658,pralka
2025-10-24 15:00:00,Friday,15,0.122,0.799,0.000,0.000,0.161,0.000,1.082,
2025-10-24 16:00:00,Friday,16,0.112,0.874,0.000,0.000,0.089,0.000,1.075,
2025-10-24 17:00:00,Friday,17,0.125,0.859,0.000,0.729,0.217,0.000,1.930,
2025-10-24 18:00:00,Friday,18,0.108,1.114,0.152,0.000,0.164,0.000,1.538,
2025-10-24 19:00:00,Friday,19,0.097,0.946,0.103,0.000,0.269,0.912,2.327,zmywarka
2025-10-24 20:00:00,Friday,20,0.118,0.894,0.103,0.000,0.249,0.000,1.364,
2025-10-24 21:00:00,Friday,21,0.100,0.901,0.128,0.000,0.192,0.000,1.321,
2025-10-24 22:00:00,Friday,22,0.113,0.952,0.089,0.000,0.216,0.000,1.370,
2025-10-24 23:00:00,Friday,23,0.117,0.780,0.000,0.000,0.000,0.000,0.897,
2025-10-25 00:00:00,Saturday,0,0.122,0.918,0.000,0.000,0.000,0.000,1.040,
2025-10-25 01:00:00,Saturday,1,0.128,0.884,0.000,0.000,0.000,0.000,1.012,
2025-10-25 02:00:00,Saturday,2,0.127,0.926,0.000,0.000,0.000,0.000,1.053,
2025-10-25 03:00:00,Saturday,3,0.118,0.958,0.000,0.000,0.000,0.000,1.076,
2025-10-25 04:00:00,Saturday,4,0.112,0.971,0.000,0.000,0.000,0.000,1.083,
2025-10-25 05:00:00,Saturday,5,0.092,0.905,0.000,0.000,0.000,0.000,0.997,
2025-10-25 06:00:00,Saturday,6,0.102,1.279,0.113,0.447,0.000,0.000,1.941,
2025-10-25 07:00:00,Saturday,7,0.118,1.195,0.000,0.235,0.000,0.000,1.548,
2025-10-25 08:00:00,Saturday,8,0.123,1.263,0.000,0.342,0.000,0.000,1.728,
2025-10-25 09:00:00,Saturday,9,0.115,1.022,0.000,0.000,0.099,0.000,1.236,
2025-10-25 10:00:00,Saturday,10,0.097,1.043,0.000,0.000,0.081,0.000,1.221,
2025-10-25 11:00:00,Saturday,11,0.122,1.188,0.000,0.000,0.168,0.590,2.068,pralka
2025-10-25 12:00:00,Saturday,12,0.114,0.874,0.000,0.000,0.130,1.460,2.578,suszarka
2025-10-25 13:00:00,Saturday,13,0.115,1.121,0.000,1.094,0.200,0.000,2.530,
2025-10-25 14:00:00,Saturday,14,0.094,0.934,0.000,0.000,0.139,0.659,1.826,zmywarka
2025-10-25 15:00:00,Saturday,15,0.106,0.911,0.000,0.000,0.086,0.000,1.103,
2025-10-25 16:00:00,Saturday,16,0.093,1.037,0.000,0.000,0.108,0.000,1.238,
2025-10-25 17:00:00,Saturday,17,0.118,1.234,0.000,0.000,0.214,0.000,1.566,
2025-10-25 18:00:00,Saturday,18,0.128,1.103,0.214,0.844,0.272,0.000,2.561,
2025-10-25 19:00:00,Saturday,19,0.120,1.096,0.208,0.000,0.189,0.000,1.613,
2025-10-25 20:00:00,Saturday,20,0.118,0.866,0.224,0.000,0.250,0.000,1.458,
2025-10-25 21:00:00,Saturday,21,0.123,0.980,0.174,0.000,0.134,0.000,1.411,
2025-10-25 22:00:00,Saturday,22,0.106,0.909,0.067,0.000,0.254,0.000,1.336,
2025-10-25 23:00:00,Saturday,23,0.123,0.913,0.000,0.000,0.000,0.000,1.036,
2025-10-26 00:00:00,Sunday,0,0.102,0.944,0.000,0.000,0.000,0.000,1.046,
2025-10-26 01:00:00,Sunday,1,0.128,0.892,0.000,0.000,0.000,0.000,1.020,
2025-10-26 02:00:00,Sunday,2,0.119,0.954,0.000,0.000,0.000,0.000,1.073,
2025-10-26 03:00:00,Sunday,3,0.125,0.818,0.000,0.000,0.000,0.000,0.943,
2025-10-26 04:00:00,Sunday,4,0.092,0.852,0.000,0.000,0.000,0.000,0.944,
2025-10-26 05:00:00,Sunday,5,0.119,1.150,0.000,0.000,0.000,0.000,1.269,
2025-10-26 06:00:00,Sunday,6,0.096,1.120,0.135,0.233,0.000,0.000,1.584,
2025-10-26 07:00:00,Sunday,7,0.125,1.170,0.000,0.470,0.000,0.000,1.765,
2025-10-26 08:00:00,Sunday,8,0.121,1.408,0.000,0.291,0.000,0.000,1.820,
2025-10-26 09:00:00,Sunday,9,0.102,1.438,0.000,0.000,0.109,0.000,1.649,
2025-10-26 10:00:00,Sunday,10,0.108,1.107,0.000,0.000,0.132,0.000,1.347,
2025-10-26 11:00:00,Sunday,11,0.093,1.361,0.000,0.000,0.052,0.000,1.506,
2025-10-26 12:00:00,Sunday,12,0.099,1.092,0.000,0.000,0.127,0.000,1.318,
2025-10-26 13:00:00,Sunday,13,0.113,1.360,0.000,1.062,0.138,0.900,3.573,zmywarka
2025-10-26 14:00:00,Sunday,14,0.089,1.299,0.000,0.000,0.194,0.000,1.582,
2025-10-26 15:00:00,Sunday,15,0.114,1.427,0.000,0.000,0.193,0.000,1.734,
2025-10-26 16:00:00,Sunday,16,0.094,1.234,0.000,0.000,0.142,0.000,1.470,
2025-10-26 17:00:00,Sunday,17,0.126,1.316,0.000,0.000,0.255,0.000,1.697,
2025-10-26 18:00:00,Sunday,18,0.112,1.323,0.182,0.622,0.131,0.000,2.370,
2025-10-26 19:00:00,Sunday,19,0.123,1.510,0.099,0.000,0.226,0.000,1.958,
2025-10-26 20:00:00,Sunday,20,0.114,1.293,0.156,0.000,0.222,0.000,1.785,
2025-10-26 21:00:00,Sunday,21,0.098,1.327,0.083,0.000,0.244,0.000,1.752,
2025-10-26 22:00:00,Sunday,22,0.102,1.070,0.061,0.000,0.242,0.000,1.475,
2025-10-26 23:00:00,Sunday,23,0.124,1.122,0.000,0.000,0.000,0.000,1.246,
2025-10-27 00:00:00,Monday,0,0.100,1.119,0.000,0.000,0.000,0.000,1.219,
2025-10-27 01:00:00,Monday,1,0.101,1.268,0.000,0.000,0.000,0.000,1.369,
2025-10-27 02:00:00,Monday,2,0.142,1.173,0.000,0.000,0.000,0.000,1.315,
2025-10-27 03:00:00,Monday,3,0.094,1.246,0.000,0.000,0.000,0.000,1.340,
2025-10-27 04:00:00,Monday,4,0.119,1.239,0.000,0.000,0.000,0.000,1.358,
2025-10-27 05:00:00,Monday,5,0.089,1.050,0.000,0.000,0.000,0.000,1.139,
2025-10-27 06:00:00,Monday,6,0.126,1.247,0.129,0.258,0.000,0.000,1.760,
2025-10-27 07:00:00,Monday,7,0.116,1.302,0.072,0.222,0.000,0.000,1.712,
2025-10-27 08:00:00,Monday,8,0.091,1.537,0.000,0.271,0.000,0.000,1.899,
2025-10-27 09:00:00,Monday,9,0.094,1.513,0.000,0.000,0.104,0.000,1.711,
2025-10-27 10:00:00,Monday,10,0.109,1.313,0.000,0.000,0.065,0.000,1.487,
2025-10-27 11:00:00,Monday,11,0.116,1.121,0.000,0.000,0.075,0.000,1.312,
2025-10-27 12:00:00,Monday,12,0.120,1.214,0.000,0.658,0.107,0.000,2.099,
2025-10-27 13:00:00,Monday,13,0.106,1.226,0.000,0.000,0.089,0.000,1.421,
2025-10-27 14:00:00,Monday,14,0.095,1.188,0.000,0.000,0.168,0.000,1.451,
2025-10-27 15:00:00,Monday,15,0.090,1.262,0.000,0.000,0.118,0.000,1.470,
2025-10-27 16:00:00,Monday,16,0.117,1.172,0.000,0.000,0.064,0.000,1.353,
2025-10-27 17:00:00,Monday,17,0.110,1.074,0.000,0.000,0.210,0.000,1.394,
2025-10-27 18:00:00,Monday,18,0.101,1.324,0.178,0.800,0.182,0.000,2.585,
2025-10-27 19:00:00,Monday,19,0.098,1.454,0.134,0.000,0.200,0.000,1.886,
2025-10-27 20:00:00,Monday,20,0.121,1.285,0.222,0.000,0.276,0.000,1.904,
2025-10-27 21:00:00,Monday,21,0.114,1.182,0.170,0.000,0.122,0.000,1.588,
2025-10-27 22:00:00,Monday,22,0.118,1.104,0.106,0.000,0.231,0.000,1.559,
2025-10-27 23:00:00,Monday,23,0.090,1.128,0.000,0.000,0.000,0.000,1.218,
2025-10-28 00:00:00,Tuesday,0,0.120,1.158,0.000,0.000,0.000,0.000,1.278,
2025-10-28 01:00:00,Tuesday,1,0.100,1.250,0.000,0.000,0.000,0.000,1.350,
2025-10-28 02:00:00,Tuesday,2,0.094,1.252,0.000,0.000,0.000,0.000,1.346,
2025-10-28 03:00:00,Tuesday,3,0.127,1.157,0.000,0.000,0.000,0.000,1.284,
2025-10-28 04:00:00,Tuesday,4,0.118,1.185,0.000,0.000,0.000,0.000,1.303,
2025-10-28 05:00:00,Tuesday,5,0.122,0.975,0.000,0.000,0.000,0.000,1.097,
2025-10-28 06:00:00,Tuesday,6,0.104,1.153,0.139,0.394,0.000,0.000,1.790,
2025-10-28 07:00:00,Tuesday,7,0.108,1.150,0.138,0.255,0.000,0.000,1.651,
2025-10-28 08:00:00,Tuesday,8,0.114,1.454,0.000,0.406,0.000,0.000,1.974,
2025-10-28 09:00:00,Tuesday,9,0.098,1.481,0.000,0.000,0.096,0.000,1.675,
2025-10-28 10:00:00,Tuesday,10,0.095,1.446,0.000,0.000,0.070,0.726,2.337,pralka
2025-10-28 11:00:00,Tuesday,11,0.127,1.213,0.000,0.000,0.084,1.461,2.885,suszarka
2025-10-28 12:00:00,Tuesday,12,0.115,1.049,0.000,0.000,0.105,0.000,1.269,
2025-10-28 13:00:00,Tuesday,13,0.106,1.266,0.000,0.358,0.087,0.000,1.817,
2025-10-28 14:00:00,Tuesday,14,0.108,1.142,0.000,0.000,0.175,0.000,1.425,
2025-10-28 15:00:00,Tuesday,15,0.089,1.432,0.000,0.000,0.108,0.000,1.629,
2025-10-28 16:00:00,Tuesday,16,0.127,1.174,0.000,0.000,0.154,0.000,1.455,
2025-10-28 17:00:00,Tuesday,17,0.100,1.336,0.000,0.000,0.213,0.000,1.649,
2025-10-28 18:00:00,Tuesday,18,0.094,1.225,0.210,1.044,0.247,0.000,2.820,
2025-10-28 19:00:00,Tuesday,19,0.115,1.243,0.193,0.000,0.192,0.000,1.743,
2025-10-28 20:00:00,Tuesday,20,0.121,1.199,0.178,0.000,0.133,0.000,1.631,
2025-10-28 21:00:00,Tuesday,21,0.114,1.310,0.238,0.000,0.198,0.000,1.860,
2025-10-28 22:00:00,Tuesday,22,0.094,1.106,0.079,0.000,0.278,0.000,1.557,
2025-10-28 23:00:00,Tuesday,23,0.105,1.350,0.000,0.000,0.000,0.000,1.455,
2025-10-29 00:00:00,Wednesday,0,0.108,1.367,0.000,0.000,0.000,0.000,1.475,
2025-10-29 01:00:00,Wednesday,1,0.116,1.038,0.000,0.000,0.000,0.000,1.154,
2025-10-29 02:00:00,Wednesday,2,0.095,1.258,0.000,0.000,0.000,0.000,1.353,
2025-10-29 03:00:00,Wednesday,3,0.121,1.030,0.000,0.000,0.000,0.000,1.151,
2025-10-29 04:00:00,Wednesday,4,0.103,1.069,0.000,0.000,0.000,0.000,1.172,
2025-10-29 05:00:00,Wednesday,5,0.140,1.178,0.000,0.000,0.000,0.000,1.318,
2025-10-29 06:00:00,Wednesday,6,0.105,1.317,0.166,0.433,0.000,0.000,2.021,
2025-10-29 07:00:00,Wednesday,7,0.091,1.194,0.159,0.395,0.000,0.000,1.839,
2025-10-29 08:00:00,Wednesday,8,0.091,1.016,0.000,0.448,0.000,0.000,1.555,
2025-10-29 09:00:00,Wednesday,9,0.124,0.964,0.000,0.000,0.082,0.000,1.170,
2025-10-29 10:00:00,Wednesday,10,0.098,1.022,0.000,0.000,0.080,0.000,1.200,
2025-10-29 11:00:00,Wednesday,11,0.106,0.839,0.000,0.000,0.105,0.000,1.050,
2025-10-29 12:00:00,Wednesday,12,0.116,0.826,0.000,0.000,0.066,0.000,1.008,
2025-10-29 13:00:00,Wednesday,13,0.097,0.974,0.000,0.270,0.067,0.000,1.408,
2025-10-29 14:00:00,Wednesday,14,0.102,0.917,0.000,0.000,0.194,0.000,1.213,
2025-10-29 15:00:00,Wednesday,15,0.092,0.844,0.000,0.000,0.119,0.000,1.055,
2025-10-29 16:00:00,Wednesday,16,0.106,0.889,0.000,0.000,0.191,0.000,1.186,
2025-10-29 17:00:00,Wednesday,17,0.090,0.972,0.000,0.775,0.193,0.000,2.030,
2025-10-29 18:00:00,Wednesday,18,0.122,1.037,0.132,0.000,0.269,0.000,1.560,
2025-10-29 19:00:00,Wednesday,19,0.110,0.913,0.220,0.000,0.153,0.000,1.396,
2025-10-29 20:00:00,Wednesday,20,0.114,0.978,0.197,0.000,0.215,0.000,1.504,
2025-10-29 21:00:00,Wednesday,21,0.098,0.783,0.193,0.000,0.239,0.000,1.313,
2025-10-29 22:00:00,Wednesday,22,0.120,0.691,0.052,0.000,0.121,0.000,0.984,
2025-10-29 23:00:00,Wednesday,23,0.104,0.740,0.000,0.000,0.000,0.000,0.844,
2025-10-30 00:00:00,Thursday,0,0.117,0.721,0.000,0.000,0.000,0.000,0.838,
2025-10-30 01:00:00,Thursday,1,0.114,0.758,0.000,0.000,0.000,0.000,0.872,
2025-10-30 02:00:00,Thursday,2,0.113,0.787,0.000,0.000,0.000,0.000,0.900,
2025-10-30 03:00:00,Thursday,3,0.108,0.856,0.000,0.000,0.000,0.000,0.964,
2025-10-30 04:00:00,Thursday,4,0.133,0.834,0.000,0.000,0.000,0.000,0.967,
2025-10-30 05:00:00,Thursday,5,0.106,0.774,0.000,0.000,0.000,0.000,0.880,
2025-10-30 06:00:00,Thursday,6,0.107,0.996,0.146,0.270,0.000,0.000,1.519,
2025-10-30 07:00:00,Thursday,7,0.107,1.218,0.142,0.261,0.000,0.000,1.728,
2025-10-30 08:00:00,Thursday,8,0.099,0.951,0.000,0.419,0.000,0.000,1.469,
2025-10-30 09:00:00,Thursday,9,0.100,1.052,0.000,0.000,0.067,0.000,1.219,
2025-10-30 10:00:00,Thursday,10,0.121,1.117,0.000,0.000,0.086,0.000,1.324,
2025-10-30 11:00:00,Thursday,11,0.091,0.899,0.000,0.000,0.119,0.000,1.109,
2025-10-30 12:00:00,Thursday,12,0.118,0.975,0.000,0.458,0.110,0.000,1.661,
2025-10-30 13:00:00,Thursday,13,0.124,0.998,0.000,0.000,0.116,0.000,1.238,
2025-10-30 14:00:00,Thursday,14,0.116,1.181,0.000,0.000,0.178,0.000,1.475,
2025-10-30 15:00:00,Thursday,15,0.112,1.055,0.000,0.000,0.163,0.000,1.330,
2025-10-30 16:00:00,Thursday,16,0.123,0.918,0.000,0.000,0.098,0.000,1.139,
2025-10-30 17:00:00,Thursday,17,0.126,1.026,0.000,0.000,0.162,0.000,1.314,
2025-10-30 18:00:00,Thursday,18,0.100,1.084,0.094,0.790,0.231,0.000,2.299,
2025-10-30 19:00:00,Thursday,19,0.118,1.170,0.153,0.000,0.135,0.837,2.413,zmywarka
2025-10-30 20:00:00,Thursday,20,0.118,1.122,0.082,0.000,0.147,0.000,1.469,
2025-10-30 21:00:00,Thursday,21,0.126,1.210,0.095,0.000,0.149,0.000,1.580,
2025-10-30 22:00:00,Thursday,22,0.112,1.096,0.086,0.000,0.192,0.000,1.486,
2025-10-30 23:00:00,Thursday,23,0.106,1.216,0.000,0.000,0.000,0.000,1.322,
2025-10-31 00:00:00,Friday,0,0.091,1.286,0.000,0.000,0.000,0.000,1.377,
2025-10-31 01:00:00,Friday,1,0.110,1.058,0.000,0.000,0.000,0.000,1.168,
2025-10-31 02:00:00,Friday,2,0.094,1.036,0.000,0.000,0.000,0.000,1.130,
2025-10-31 03:00:00,Friday,3,0.114,1.268,0.000,0.000,0.000,0.000,1.382,
2025-10-31 04:00:00,Friday,4,0.117,1.442,0.000,0.000,0.000,0.000,1.559,
2025-10-31 05:00:00,Friday,5,0.110,1.209,0.000,0.000,0.000,0.000,1.319,
2025-10-31 06:00:00,Friday,6,0.121,1.738,0.097,0.355,0.000,0.000,2.311,
2025-10-31 07:00:00,Friday,7,0.106,1.482,0.000,0.276,0.000,0.000,1.864,
2025-10-31 08:00:00,Friday,8,0.118,1.562,0.000,0.241,0.000,0.000,1.921,
2025-10-31 09:00:00,Friday,9,0.102,1.406,0.000,0.000,0.078,0.000,1.586,
2025-10-31 10:00:00,Friday,10,0.127,1.573,0.000,0.000,0.102,0.000,1.802,
2025-10-31 11:00:00,Friday,11,0.110,1.144,0.000,0.000,0.119,0.000,1.373,
2025-10-31 12:00:00,Friday,12,0.093,1.270,0.000,0.000,0.074,0.000,1.437,
2025-10-31 13:00:00,Friday,13,0.107,0.938,0.000,0.680,0.093,0.000,1.818,
2025-10-31 14:00:00,Friday,14,0.093,1.022,0.000,0.000,0.159,0.000,1.274,
2025-10-31 15:00:00,Friday,15,0.113,1.135,0.000,0.000,0.095,0.000,1.343,
2025-10-31 16:00:00,Friday,16,0.113,1.050,0.000,0.000,0.140,0.000,1.303,
2025-10-31 17:00:00,Friday,17,0.121,1.089,0.000,0.000,0.158,0.000,1.368,
2025-10-31 18:00:00,Friday,18,0.126,1.196,0.189,0.732,0.277,0.000,2.520,
2025-10-31 19:00:00,Friday,19,0.098,1.230,0.142,0.000,0.198,0.743,2.411,zmywarka
2025-10-31 20:00:00,Friday,20,0.122,0.935,0.126,0.000,0.224,0.000,1.407,
2025-10-31 21:00:00,Friday,21,0.111,0.914,0.106,0.000,0.173,0.000,1.304,
2025-10-31 22:00:00,Friday,22,0.118,0.876,0.078,0.000,0.134,0.000,1.206,
2025-10-31 23:00:00,Friday,23,0.110,0.814,0.000,0.000,0.000,0.000,0.924,
2025-11-01 00:00:00,Saturday,0,0.144,0.980,0.000,0.000,0.000,0.000,1.124,
2025-11-01 01:00:00,Saturday,1,0.146,0.778,0.000,0.000,0.000,0.000,0.924,
2025-11-01 02:00:00,Saturday,2,0.103,0.973,0.000,0.000,0.000,0.000,1.076,
2025-11-01 03:00:00,Saturday,3,0.102,0.984,0.000,0.000,0.000,0.000,1.086,
2025-11-01 04:00:00,Saturday,4,0.101,1.008,0.000,0.000,0.000,0.000,1.109,
2025-11-01 05:00:00,Saturday,5,0.129,0.893,0.000,0.000,0.000,0.000,1.022,
2025-11-01 06:00:00,Saturday,6,0.089,1.217,0.123,0.287,0.000,0.000,1.716,
2025-11-01 07:00:00,Saturday,7,0.123,1.220,0.135,0.141,0.000,0.000,1.619,
2025-11-01 08:00:00,Saturday,8,0.095,0.970,0.000,0.361,0.000,0.000,1.426,
2025-11-01 09:00:00,Saturday,9,0.090,1.108,0.000,0.000,0.130,0.000,1.328,
2025-11-01 10:00:00,Saturday,10,0.106,0.906,0.000,0.000,0.135,0.735,1.882,pralka
2025-11-01 11:00:00,Saturday,11,0.094,0.879,0.000,0.000,0.112,1.427,2.512,suszarka
2025-11-01 12:00:00,Saturday,12,0.092,1.077,0.000,0.283,0.152,0.000,1.604,
2025-11-01 13:00:00,Saturday,13,0.125,0.962,0.000,0.000,0.187,0.000,1.274,
2025-11-01 14:00:00,Saturday,14,0.118,1.086,0.000,0.000,0.180,0.000,1.384,
2025-11-01 15:00:00,Saturday,15,0.102,0.914,0.000,0.000,0.158,0.000,1.174,
2025-11-01 16:00:00,Saturday,16,0.093,0.854,0.082,0.000,0.186,0.000,1.215,
2025-11-01 17:00:00,Saturday,17,0.116,0.839,0.083,0.789,0.135,0.000,1.962,
2025-11-01 18:00:00,Saturday,18,0.122,0.818,0.161,0.000,0.215,0.000,1.316,
2025-11-01 19:00:00,Saturday,19,0.089,0.778,0.097,0.000,0.275,0.000,1.239,
2025-11-01 20:00:00,Saturday,20,0.126,0.853,0.094,0.000,0.200,0.000,1.273,
2025-11-01 21:00:00,Saturday,21,0.123,0.926,0.204,0.000,0.196,0.000,1.449,
2025-11-01 22:00:00,Saturday,22,0.097,0.691,0.083,0.000,0.140,0.000,1.011,
2025-11-01 23:00:00,Saturday,23,0.106,0.798,0.000,0.000,0.000,0.000,0.904,
2025-11-02 00:00:00,Sunday,0,0.117,0.698,0.000,0.000,0.000,0.000,0.815,
2025-11-02 01:00:00,Sunday,1,0.134,0.754,0.000,0.000,0.000,0.000,0.888,
2025-11-02 02:00:00,Sunday,2,0.109,0.842,0.000,0.000,0.000,0.000,0.951,
2025-11-02 03:00:00,Sunday,3,0.113,0.998,0.000,0.000,0.000,0.000,1.111,
2025-11-02 04:00:00,Sunday,4,0.122,0.758,0.000,0.000,0.000,0.000,0.880,
2025-11-02 05:00:00,Sunday,5,0.120,0.812,0.000,0.000,0.000,0.000,0.932,
2025-11-02 06:00:00,Sunday,6,0.118,1.042,0.081,0.296,0.000,0.000,1.537,
2025-11-02 07:00:00,Sunday,7,0.094,1.098,0.118,0.254,0.000,0.000,1.564,
2025-11-02 08:00:00,Sunday,8,0.116,0.889,0.000,0.230,0.000,0.000,1.235,
2025-11-02 09:00:00,Sunday,9,0.094,0.858,0.000,0.000,0.124,0.000,1.076,
2025-11-02 10:00:00,Sunday,10,0.102,1.033,0.000,0.000,0.053,0.000,1.188,
2025-11-02 11:00:00,Sunday,11,0.106,0.949,0.000,0.000,0.043,0.000,1.098,
2025-11-02 12:00:00,Sunday,12,0.098,0.901,0.000,1.090,0.072,0.000,2.161,
2025-11-02 13:00:00,Sunday,13,0.098,1.035,0.000,0.000,0.163,0.000,1.296,
2025-11-02 14:00:00,Sunday,14,0.112,0.817,0.000,0.000,0.164,0.731,1.824,zmywarka
2025-11-02 15:00:00,Sunday,15,0.106,1.077,0.000,0.000,0.156,0.000,1.339,
2025-11-02 16:00:00,Sunday,16,0.114,0.972,0.069,0.000,0.060,0.000,1.215,
2025-11-02 17:00:00,Sunday,17,0.096,1.078,0.179,0.000,0.258,0.000,1.611,
2025-11-02 18:00:00,Sunday,18,0.094,0.962,0.178,0.610,0.209,0.000,2.053,
2025-11-02 19:00:00,Sunday,19,0.125,1.188,0.187,0.000,0.211,0.000,1.711,
2025-11-02 20:00:00,Sunday,20,0.088,0.970,0.165,0.000,0.204,0.000,1.427,
2025-11-02 21:00:00,Sunday,21,0.097,1.088,0.166,0.000,0.136,0.000,1.487,
2025-11-02 22:00:00,Sunday,22,0.094,0.902,0.080,0.000,0.245,0.000,1.321,
2025-11-02 23:00:00,Sunday,23,0.126,1.130,0.000,0.000,0.000,0.000,1.256,
2025-11-03 00:00:00,Monday,0,0.118,1.169,0.000,0.000,0.000,0.000,1.287,
2025-11-03 01:00:00,Monday,1,0.104,0.992,0.000,0.000,0.000,0.000,1.096,
2025-11-03 02:00:00,Monday,2,0.108,1.149,0.000,0.000,0.000,0.000,1.257,
2025-11-03 03:00:00,Monday,3,0.094,1.139,0.000,0.000,0.000,0.000,1.233,
2025-11-03 04:00:00,Monday,4,0.142,0.986,0.000,0.000,0.000,0.000,1.128,
2025-11-03 05:00:00,Monday,5,0.098,1.200,0.000,0.000,0.000,0.000,1.298,
2025-11-03 06:00:00,Monday,6,0.107,1.454,0.158,0.398,0.000,0.000,2.117,
2025-11-03 07:00:00,Monday,7,0.122,1.307,0.078,0.328,0.000,0.000,1.835,
2025-11-03 08:00:00,Monday,8,0.093,1.087,0.000,0.282,0.000,0.000,1.462,
2025-11-03 09:00:00,Monday,9,0.094,1.187,0.000,0.000,0.193,0.000,1.474,praca zdalna
2025-11-03 10:00:00,Monday,10,0.106,1.293,0.000,0.000,0.162,0.000,1.561,praca zdalna
2025-11-03 11:00:00,Monday,11,0.096,1.011,0.000,0.000,0.238,0.000,1.345,praca zdalna
2025-11-03 12:00:00,Monday,12,0.118,1.091,0.000,0.000,0.232,0.000,1.441,praca zdalna
2025-11-03 13:00:00,Monday,13,0.113,1.035,0.000,0.632,0.178,0.000,1.958,praca zdalna
2025-11-03 14:00:00,Monday,14,0.119,0.953,0.000,0.000,0.173,0.000,1.245,praca zdalna
2025-11-03 15:00:00,Monday,15,0.094,0.935,0.000,0.000,0.251,0.000,1.280,praca zdalna
2025-11-03 16:00:00,Monday,16,0.091,0.869,0.098,0.000,0.203,0.000,1.261,praca zdalna
2025-11-03 17:00:00,Monday,17,0.090,1.013,0.153,0.000,0.171,0.000,1.427,
2025-11-03 18:00:00,Monday,18,0.116,1.068,0.225,0.789,0.139,0.000,2.337,
2025-11-03 19:00:00,Monday,19,0.121,0.891,0.225,0.000,0.270,0.000,1.507,
2025-11-03 20:00:00,Monday,20,0.101,0.998,0.092,0.000,0.268,0.000,1.459,
2025-11-03 21:00:00,Monday,21,0.118,1.054,0.148,0.000,0.213,0.000,1.533,
2025-11-03 22:00:00,Monday,22,0.122,0.992,0.078,0.000,0.246,0.000,1.438,
2025-11-03 23:00:00,Monday,23,0.123,0.902,0.000,0.000,0.000,0.000,1.025,
2025-11-04 00:00:00,Tuesday,0,0.118,0.870,0.000,0.000,0.000,0.000,0.988,
2025-11-04 01:00:00,Tuesday,1,0.102,0.734,0.000,0.000,0.000,0.000,0.836,
2025-11-04 02:00:00,Tuesday,2,0.123,0.714,0.000,0.000,0.000,0.000,0.837,
2025-11-04 03:00:00,Tuesday,3,0.106,0.766,0.000,0.000,0.000,0.000,0.872,
2025-11-04 04:00:00,Tuesday,4,0.114,0.680,0.000,0.000,0.000,0.000,0.794,
2025-11-04 05:00:00,Tuesday,5,0.095,0.653,0.000,0.000,0.000,0.000,0.748,
2025-11-04 06:00:00,Tuesday,6,0.100,0.800,0.063,0.417,0.000,0.000,1.380,
2025-11-04 07:00:00,Tuesday,7,0.128,0.861,0.132,0.373,0.000,0.000,1.494,
2025-11-04 08:00:00,Tuesday,8,0.124,0.727,0.000,0.132,0.000,0.000,0.983,
2025-11-04 09:00:00,Tuesday,9,0.124,0.714,0.000,0.000,0.185,0.489,1.512,praca zdalna; pralka
2025-11-04 10:00:00,Tuesday,10,0.106,0.797,0.000,0.000,0.197,1.542,2.642,praca zdalna; suszarka
2025-11-04 11:00:00,Tuesday,11,0.103,0.662,0.000,0.000,0.224,0.000,0.989,praca zdalna
2025-11-04 12:00:00,Tuesday,12,0.111,0.712,0.000,0.327,0.157,0.000,1.307,praca zdalna
2025-11-04 13:00:00,Tuesday,13,0.126,0.747,0.000,0.000,0.208,0.000,1.081,praca zdalna
2025-11-04 14:00:00,Tuesday,14,0.106,0.763,0.000,0.000,0.298,0.000,1.167,praca zdalna
2025-11-04 15:00:00,Tuesday,15,0.096,0.668,0.000,0.000,0.281,0.000,1.045,praca zdalna
2025-11-04 16:00:00,Tuesday,16,0.108,0.765,0.106,0.000,0.266,0.000,1.245,praca zdalna
2025-11-04 17:00:00,Tuesday,17,0.115,0.650,0.136,0.524,0.200,0.000,1.625,
2025-11-04 18:00:00,Tuesday,18,0.126,0.614,0.122,0.000,0.204,0.000,1.066,
2025-11-04 19:00:00,Tuesday,19,0.102,0.686,0.239,0.000,0.269,0.684,1.980,zmywarka
2025-11-04 20:00:00,Tuesday,20,0.110,0.732,0.102,0.000,0.214,0.000,1.158,
2025-11-04 21:00:00,Tuesday,21,0.096,0.822,0.205,0.000,0.248,0.000,1.371,
2025-11-04 22:00:00,Tuesday,22,0.118,0.618,0.116,0.000,0.213,0.000,1.065,
2025-11-04 23:00:00,Tuesday,23,0.118,0.765,0.000,0.000,0.000,0.000,0.883,
2025-11-05 00:00:00,Wednesday,0,0.109,0.751,0.000,0.000,0.000,0.000,0.860,
2025-11-05 01:00:00,Wednesday,1,0.091,0.590,0.000,0.000,0.000,0.000,0.681,
2025-11-05 02:00:00,Wednesday,2,0.110,0.651,0.000,0.000,0.000,0.000,0.761,
2025-11-05 03:00:00,Wednesday,3,0.090,0.642,0.000,0.000,0.000,0.000,0.732,
2025-11-05 04:00:00,Wednesday,4,0.111,0.713,0.000,0.000,0.000,0.000,0.824,
2025-11-05 05:00:00,Wednesday,5,0.101,0.665,0.000,0.000,0.000,0.000,0.766,
2025-11-05 06:00:00,Wednesday,6,0.120,0.797,0.113,0.410,0.000,0.000,1.440,
2025-11-05 07:00:00,Wednesday,7,0.110,0.898,0.158,0.343,0.000,0.000,1.509,
2025-11-05 08:00:00,Wednesday,8,0.110,0.898,0.000,0.382,0.000,0.000,1.390,
2025-11-05 09:00:00,Wednesday,9,0.127,0.874,0.000,0.000,0.092,0.000,1.093,
2025-11-05 10:00:00,Wednesday,10,0.104,1.002,0.000,0.000,0.106,0.000,1.212,
2025-11-05 11:00:00,Wednesday,11,0.126,0.903,0.000,0.000,0.067,0.000,1.096,
2025-11-05 12:00:00,Wednesday,12,0.106,0.758,0.000,0.000,0.100,0.000,0.964,
2025-11-05 13:00:00,Wednesday,13,0.115,0.739,0.000,0.328,0.086,0.000,1.268,
2025-11-05 14:00:00,Wednesday,14,0.112,0.857,0.000,0.000,0.114,0.000,1.083,
2025-11-05 15:00:00,Wednesday,15,0.090,0.743,0.000,0.000,0.142,0.000,0.975,
2025-11-05 16:00:00,Wednesday,16,0.126,0.942,0.120,0.000,0.133,0.000,1.321,
2025-11-05 17:00:00,Wednesday,17,0.106,0.937,0.095,0.000,0.246,0.000,1.384,
2025-11-05 18:00:00,Wednesday,18,0.114,0.902,0.174,0.852,0.124,0.000,2.166,
2025-11-05 19:00:00,Wednesday,19,0.122,0.742,0.237,0.000,0.249,0.000,1.350,
2025-11-05 20:00:00,Wednesday,20,0.117,0.953,0.235,0.000,0.162,0.000,1.467,
2025-11-05 21:00:00,Wednesday,21,0.113,0.868,0.171,0.000,0.183,0.000,1.335,
2025-11-05 22:00:00,Wednesday,22,0.088,0.680,0.117,0.000,0.170,0.000,1.055,
2025-11-05 23:00:00,Wednesday,23,0.119,0.762,0.000,0.000,0.000,0.000,0.881,
2025-11-06 00:00:00,Thursday,0,0.114,0.744,0.000,0.000,0.000,0.000,0.858,
2025-11-06 01:00:00,Thursday,1,0.117,0.750,0.000,0.000,0.000,0.000,0.867,
2025-11-06 02:00:00,Thursday,2,0.118,0.778,0.000,0.000,0.000,0.000,0.896,
2025-11-06 03:00:00,Thursday,3,0.102,0.715,0.000,0.000,0.000,0.000,0.817,
2025-11-06 04:00:00,Thursday,4,0.129,0.758,0.000,0.000,0.000,0.000,0.887,
2025-11-06 05:00:00,Thursday,5,0.104,0.830,0.000,0.000,0.000,0.000,0.934,
2025-11-06 06:00:00,Thursday,6,0.093,1.032,0.062,0.282,0.000,0.000,1.469,
2025-11-06 07:00:00,Thursday,7,0.106,1.066,0.096,0.269,0.000,0.000,1.537,
2025-11-06 08:00:00,Thursday,8,0.095,1.073,0.000,0.330,0.000,0.000,1.498,
2025-11-06 09:00:00,Thursday,9,0.091,0.957,0.000,0.000,0.113,0.000,1.161,
2025-11-06 10:00:00,Thursday,10,0.096,0.908,0.000,0.000,0.081,0.000,1.085,
2025-11-06 11:00:00,Thursday,11,0.098,0.828,0.000,0.000,0.075,0.000,1.001,
2025-11-06 12:00:00,Thursday,12,0.108,0.877,0.000,0.000,0.090,0.000,1.075,
2025-11-06 13:00:00,Thursday,13,0.123,0.970,0.000,0.681,0.074,0.000,1.848,
2025-11-06 14:00:00,Thursday,14,0.108,0.932,0.000,0.000,0.130,0.000,1.170,
2025-11-06 15:00:00,Thursday,15,0.122,0.977,0.000,0.000,0.167,0.000,1.266,
2025-11-06 16:00:00,Thursday,16,0.127,0.808,0.059,0.000,0.126,0.000,1.120,
2025-11-06 17:00:00,Thursday,17,0.116,1.023,0.154,0.528,0.218,0.000,2.039,
2025-11-06 18:00:00,Thursday,18,0.101,1.003,0.163,0.000,0.162,0.000,1.429,
2025-11-06 19:00:00,Thursday,19,0.088,1.064,0.137,0.000,0.142,0.000,1.431,
2025-11-06 20:00:00,Thursday,20,0.100,1.185,0.102,0.000,0.157,0.900,2.444,zmywarka
2025-11-06 21:00:00,Thursday,21,0.097,1.147,0.114,0.000,0.257,0.000,1.615,
2025-11-06 22:00:00,Thursday,22,0.093,0.978,0.067,0.000,0.126,0.000,1.264,
2025-11-06 23:00:00,Thursday,23,0.095,1.046,0.000,0.000,0.000,0.000,1.141,
2025-11-07 00:00:00,Friday,0,0.142,1.033,0.000,0.000,0.000,0.000,1.175,
2025-11-07 01:00:00,Friday,1,0.122,0.810,0.000,0.000,0.000,0.000,0.932,
2025-11-07 02:00:00,Friday,2,0.095,0.858,0.000,0.000,0.000,0.000,0.953,
2025-11-07 03:00:00,Friday,3,0.116,1.053,0.000,0.000,0.000,0.000,1.169,
2025-11-07 04:00:00,Friday,4,0.113,0.890,0.000,0.000,0.000,0.000,1.003,
2025-11-07 05:00:00,Friday,5,0.121,0.969,0.000,0.000,0.000,0.000,1.090,
2025-11-07 06:00:00,Friday,6,0.090,1.174,0.152,0.332,0.000,0.000,1.748,
2025-11-07 07:00:00,Friday,7,0.112,1.014,0.122,0.270,0.000,0.000,1.518,
2025-11-07 08:00:00,Friday,8,0.109,1.105,0.000,0.419,0.000,0.000,1.633,
2025-11-07 09:00:00,Friday,9,0.122,1.207,0.000,0.000,0.170,0.000,1.499,praca zdalna
2025-11-07 10:00:00,Friday,10,0.101,1.275,0.000,0.000,0.213,0.000,1.589,praca zdalna
2025-11-07 11:00:00,Friday,11,0.104,1.255,0.000,0.000,0.206,0.000,1.565,praca zdalna
2025-11-07 12:00:00,Friday,12,0.107,0.951,0.000,0.000,0.178,0.000,1.236,praca zdalna
2025-11-07 13:00:00,Friday,13,0.110,1.142,0.000,0.406,0.230,0.000,1.888,praca zdalna
2025-11-07 14:00:00,Friday,14,0.101,1.140,0.000,0.000,0.322,0.000,1.563,praca zdalna
2025-11-07 15:00:00,Friday,15,0.110,1.053,0.000,0.000,0.229,0.000,1.392,praca zdalna
2025-11-07 16:00:00,Friday,16,0.094,1.222,0.098,0.000,0.346,0.000,1.760,praca zdalna
2025-11-07 17:00:00,Friday,17,0.118,1.118,0.082,1.278,0.226,0.000,2.822,
2025-11-07 18:00:00,Friday,18,0.110,1.155,0.146,0.000,0.124,0.000,1.535,
2025-11-07 19:00:00,Friday,19,0.100,1.013,0.201,0.000,0.143,0.776,2.233,zmywarka
2025-11-07 20:00:00,Friday,20,0.102,1.018,0.182,0.000,0.197,0.000,1.499,
2025-11-07 21:00:00,Friday,21,0.114,1.145,0.154,0.000,0.136,0.000,1.549,
2025-11-07 22:00:00,Friday,22,0.125,0.999,0.041,0.000,0.256,0.000,1.421,
2025-11-07 23:00:00,Friday,23,0.142,0.970,0.000,0.000,0.000,0.000,1.112,
2025-11-08 00:00:00,Saturday,0,0.113,1.224,0.000,0.000,0.000,0.000,1.337,
2025-11-08 01:00:00,Saturday,1,0.110,1.161,0.000,0.000,0.000,0.000,1.271,
2025-11-08 02:00:00,Saturday,2,0.092,1.178,0.000,0.000,0.000,0.000,1.270,
2025-11-08 03:00:00,Saturday,3,0.120,1.198,0.000,0.000,0.000,0.000,1.318,
2025-11-08 04:00:00,Saturday,4,0.122,1.114,0.000,0.000,0.000,0.000,1.236,
2025-11-08 05:00:00,Saturday,5,0.102,1.375,0.000,0.000,0.000,0.000,1.477,
2025-11-08 06:00:00,Saturday,6,0.102,1.507,0.163,0.438,0.000,0.000,2.210,
2025-11-08 07:00:00,Saturday,7,0.101,1.445,0.117,0.312,0.000,0.000,1.975,
2025-11-08 08:00:00,Saturday,8,0.111,1.442,0.000,0.401,0.000,0.000,1.954,
2025-11-08 09:00:00,Saturday,9,0.111,1.240,0.000,0.000,0.101,0.623,2.075,pralka
2025-11-08 10:00:00,Saturday,10,0.114,1.063,0.000,0.000,0.191,1.305,2.673,suszarka
2025-11-08 11:00:00,Saturday,11,0.089,1.276,0.000,0.000,0.054,0.000,1.419,
2025-11-08 12:00:00,Saturday,12,0.112,1.092,0.000,0.518,0.052,0.000,1.774,
2025-11-08 13:00:00,Saturday,13,0.106,1.130,0.000,0.000,0.061,0.784,2.081,zmywarka
2025-11-08 14:00:00,Saturday,14,0.119,1.204,0.000,0.000,0.192,0.000,1.515,
2025-11-08 15:00:00,Saturday,15,0.099,0.987,0.000,0.000,0.188,0.000,1.274,
2025-11-08 16:00:00,Saturday,16,0.124,1.170,0.086,0.000,0.070,0.000,1.450,
2025-11-08 17:00:00,Saturday,17,0.122,1.244,0.197,1.270,0.160,0.000,2.993,
2025-11-08 18:00:00,Saturday,18,0.115,1.323,0.164,0.000,0.180,0.000,1.782,
2025-11-08 19:00:00,Saturday,19,0.110,1.118,0.145,0.000,0.219,0.000,1.592,
2025-11-08 20:00:00,Saturday,20,0.094,1.418,0.149,0.000,0.261,0.000,1.922,
2025-11-08 21:00:00,Saturday,21,0.114,1.270,0.104,0.000,0.192,0.000,1.680,
2025-11-08 22:00:00,Saturday,22,0.090,1.090,0.104,0.000,0.266,0.000,1.550,
2025-11-08 23:00:00,Saturday,23,0.111,1.145,0.000,0.000,0.000,0.000,1.256,
2025-11-09 00:00:00,Sunday,0,0.115,1.033,0.000,0.000,0.000,0.000,1.148,
2025-11-09 01:00:00,Sunday,1,0.117,1.023,0.000,0.000,0.000,0.000,1.140,
2025-11-09 02:00:00,Sunday,2,0.109,1.041,0.000,0.000,0.000,0.000,1.150,
2025-11-09 03:00:00,Sunday,3,0.094,1.100,0.000,0.000,0.000,0.000,1.194,
2025-11-09 04:00:00,Sunday,4,0.114,1.223,0.000,0.000,0.000,0.000,1.337,
2025-11-09 05:00:00,Sunday,5,0.090,1.060,0.000,0.000,0.000,0.000,1.150,
2025-11-09 06:00:00,Sunday,6,0.097,1.517,0.080,0.309,0.000,0.000,2.003,
2025-11-09 07:00:00,Sunday,7,0.114,1.537,0.087,0.258,0.000,0.000,1.996,
2025-11-09 08:00:00,Sunday,8,0.126,1.635,0.000,0.421,0.000,0.000,2.182,
2025-11-09 09:00:00,Sunday,9,0.103,1.430,0.000,0.000,0.181,0.000,1.714,
2025-11-09 10:00:00,Sunday,10,0.100,1.467,0.000,0.000,0.064,0.000,1.631,
2025-11-09 11:00:00,Sunday,11,0.099,1.278,0.000,0.000,0.115,0.000,1.492,
2025-11-09 12:00:00,Sunday,12,0.101,1.433,0.000,0.000,0.084,0.000,1.618,
2025-11-09 13:00:00,Sunday,13,0.106,1.481,0.000,0.352,0.108,0.862,2.909,zmywarka
2025-11-09 14:00:00,Sunday,14,0.122,1.187,0.000,0.000,0.073,0.000,1.382,
2025-11-09 15:00:00,Sunday,15,0.118,1.229,0.000,0.000,0.128,0.000,1.475,
2025-11-09 16:00:00,Sunday,16,0.116,1.301,0.091,0.000,0.144,0.000,1.652,
2025-11-09 17:00:00,Sunday,17,0.106,1.199,0.143,0.000,0.134,0.000,1.582,
2025-11-09 18:00:00,Sunday,18,0.094,1.454,0.175,0.654,0.142,0.000,2.519,
2025-11-09 19:00:00,Sunday,19,0.123,1.279,0.099,0.000,0.279,0.000,1.780,
2025-11-09 20:00:00,Sunday,20,0.108,1.158,0.153,0.000,0.266,0.000,1.685,
2025-11-09 21:00:00,Sunday,21,0.094,1.541,0.215,0.000,0.193,0.000,2.043,
2025-11-09 22:00:00,Sunday,22,0.094,1.218,0.058,0.000,0.202,0.000,1.572,
2025-11-09 23:00:00,Sunday,23,0.089,1.247,0.000,0.000,0.000,0.000,1.336,
2025-11-10 00:00:00,Monday,0,0.115,1.211,0.000,0.000,0.000,0.000,1.326,
2025-11-10 01:00:00,Monday,1,0.127,1.048,0.000,0.000,0.000,0.000,1.175,
2025-11-10 02:00:00,Monday,2,0.130,1.130,0.000,0.000,0.000,0.000,1.260,
2025-11-10 03:00:00,Monday,3,0.089,1.265,0.000,0.000,0.000,0.000,1.354,
2025-11-10 04:00:00,Monday,4,0.096,1.260,0.000,0.000,0.000,0.000,1.356,
2025-11-10 05:00:00,Monday,5,0.091,1.229,0.000,0.000,0.000,0.000,1.320,
2025-11-10 06:00:00,Monday,6,0.126,1.398,0.066,0.340,0.000,0.000,1.930,
2025-11-10 07:00:00,Monday,7,0.128,1.552,0.145,0.436,0.000,0.000,2.261,
2025-11-10 08:00:00,Monday,8,0.088,1.309,0.000,0.210,0.000,0.000,1.607,
2025-11-10 09:00:00,Monday,9,0.091,1.373,0.000,0.000,0.094,0.000,1.558,
2025-11-10 10:00:00,Monday,10,0.093,1.375,0.000,0.000,0.075,0.000,1.543,
2025-11-10 11:00:00,Monday,11,0.121,1.176,0.000,0.000,0.088,0.000,1.385,
2025-11-10 12:00:00,Monday,12,0.127,1.370,0.000,0.000,0.074,0.000,1.571,
2025-11-10 13:00:00,Monday,13,0.109,1.400,0.000,0.642,0.092,0.000,2.243,
2025-11-10 14:00:00,Monday,14,0.118,1.341,0.000,0.000,0.101,0.000,1.560,
2025-11-10 15:00:00,Monday,15,0.110,1.290,0.000,0.000,0.146,0.000,1.546,
2025-11-10 16:00:00,Monday,16,0.093,1.425,0.121,0.000,0.179,0.000,1.818,
2025-11-10 17:00:00,Monday,17,0.105,1.518,0.220,0.772,0.195,0.000,2.810,
2025-11-10 18:00:00,Monday,18,0.117,1.522,0.094,0.000,0.134,0.000,1.867,
2025-11-10 19:00:00,Monday,19,0.113,1.354,0.173,0.000,0.181,0.000,1.821,
2025-11-10 20:00:00,Monday,20,0.124,1.224,0.231,0.000,0.170,0.763,2.512,zmywarka
2025-11-10 21:00:00,Monday,21,0.110,1.489,0.142,0.000,0.254,0.000,1.995,
2025-11-10 22:00:00,Monday,22,0.107,1.060,0.094,0.000,0.154,0.000,1.415,
2025-11-10 23:00:00,Monday,23,0.117,1.320,0.000,0.000,0.000,0.000,1.437,
2025-11-11 00:00:00,Tuesday,0,0.110,1.358,0.000,0.000,0.000,0.000,1.468,
2025-11-11 01:00:00,Tuesday,1,0.103,1.330,0.000,0.000,0.000,0.000,1.433,
2025-11-11 02:00:00,Tuesday,2,0.098,1.082,0.000,0.000,0.000,0.000,1.180,
2025-11-11 03:00:00,Tuesday,3,0.118,1.056,0.000,0.000,0.000,0.000,1.174,
2025-11-11 04:00:00,Tuesday,4,0.134,1.242,0.000,0.000,0.000,0.000,1.376,
2025-11-11 05:00:00,Tuesday,5,0.094,1.195,0.000,0.000,0.000,0.000,1.289,
2025-11-11 06:00:00,Tuesday,6,0.091,1.311,0.077,0.402,0.000,0.000,1.881,
2025-11-11 07:00:00,Tuesday,7,0.099,1.203,0.107,0.302,0.000,0.000,1.711,
2025-11-11 08:00:00,Tuesday,8,0.096,1.291,0.000,0.402,0.000,0.000,1.789,
2025-11-11 09:00:00,Tuesday,9,0.118,1.098,0.000,0.000,0.079,0.000,1.295,
2025-11-11 10:00:00,Tuesday,10,0.104,1.341,0.000,0.000,0.099,0.754,2.298,pralka
2025-11-11 11:00:00,Tuesday,11,0.109,1.267,0.000,0.000,0.070,0.000,1.446,
2025-11-11 12:00:00,Tuesday,12,0.125,1.074,0.000,0.435,0.091,0.000,1.725,
2025-11-11 13:00:00,Tuesday,13,0.112,1.048,0.000,0.000,0.087,0.000,1.247,
2025-11-11 14:00:00,Tuesday,14,0.123,1.278,0.000,0.000,0.166,0.000,1.567,
2025-11-11 15:00:00,Tuesday,15,0.102,1.218,0.000,0.000,0.128,0.000,1.448,
2025-11-11 16:00:00,Tuesday,16,0.109,1.326,0.084,0.000,0.190,0.000,1.709,
2025-11-11 17:00:00,Tuesday,17,0.119,1.153,0.199,0.000,0.225,0.000,1.696,
2025-11-11 18:00:00,Tuesday,18,0.118,1.172,0.101,1.242,0.241,0.000,2.874,
2025-11-11 19:00:00,Tuesday,19,0.103,1.231,0.086,0.000,0.164,0.748,2.332,zmywarka
2025-11-11 20:00:00,Tuesday,20,0.099,1.208,0.149,0.000,0.159,0.000,1.615,
2025-11-11 21:00:00,Tuesday,21,0.089,0.969,0.121,0.000,0.145,0.000,1.324,
2025-11-11 22:00:00,Tuesday,22,0.102,1.094,0.070,0.000,0.145,0.000,1.411,
2025-11-11 23:00:00,Tuesday,23,0.094,0.945,0.000,0.000,0.000,0.000,1.039,
2025-11-12 00:00:00,Wednesday,0,0.110,1.190,0.000,0.000,0.000,0.000,1.300,
2025-11-12 01:00:00,Wednesday,1,0.102,1.173,0.000,0.000,0.000,0.000,1.275,
2025-11-12 02:00:00,Wednesday,2,0.099,1.098,0.000,0.000,0.000,0.000,1.197,
2025-11-12 03:00:00,Wednesday,3,0.122,1.202,0.000,0.000,0.000,0.000,1.324,
2025-11-12 04:00:00,Wednesday,4,0.136,0.938,0.000,0.000,0.000,0.000,1.074,
2025-11-12 05:00:00,Wednesday,5,0.126,1.040,0.000,0.000,0.000,0.000,1.166,
2025-11-12 06:00:00,Wednesday,6,0.115,1.215,0.113,0.290,0.000,0.000,1.733,
2025-11-12 07:00:00,Wednesday,7,0.119,1.020,0.098,0.447,0.000,0.000,1.684,
2025-11-12 08:00:00,Wednesday,8,0.090,1.225,0.000,0.318,0.000,0.000,1.633,
2025-11-12 09:00:00,Wednesday,9,0.101,1.255,0.000,0.000,0.076,0.000,1.432,
2025-11-12 10:00:00,Wednesday,10,0.107,0.945,0.000,0.000,0.083,0.000,1.135,
2025-11-12 11:00:00,Wednesday,11,0.127,0.986,0.000,0.000,0.066,0.000,1.179,
2025-11-12 12:00:00,Wednesday,12,0.124,1.074,0.000,0.000,0.103,0.000,1.301,
2025-11-12 13:00:00,Wednesday,13,0.101,0.958,0.000,0.403,0.098,0.000,1.560,
2025-11-12 14:00:00,Wednesday,14,0.106,1.257,0.000,0.000,0.103,0.000,1.466,
2025-11-12 15:00:00,Wednesday,15,0.122,0.888,0.000,0.000,0.168,0.000,1.178,
2025-11-12 16:00:00,Wednesday,16,0.123,0.914,0.089,0.000,0.091,0.000,1.217,
2025-11-12 17:00:00,Wednesday,17,0.121,1.039,0.198,0.513,0.239,0.000,2.110,
2025-11-12 18:00:00,Wednesday,18,0.124,0.890,0.158,0.000,0.162,0.000,1.334,
2025-11-12 19:00:00,Wednesday,19,0.126,0.981,0.148,0.000,0.170,0.000,1.425,
2025-11-12 20:00:00,Wednesday,20,0.091,0.950,0.184,0.000,0.185,0.835,2.245,zmywarka
2025-11-12 21:00:00,Wednesday,21,0.118,0.922,0.211,0.000,0.276,0.000,1.527,
2025-11-12 22:00:00,Wednesday,22,0.098,0.699,0.108,0.000,0.178,0.000,1.083,
2025-11-12 23:00:00,Wednesday,23,0.094,0.739,0.000,0.000,0.000,0.000,0.833,
2025-11-13 00:00:00,Thursday,0,0.123,0.779,0.000,0.000,0.000,0.000,0.902,
2025-11-13 01:00:00,Thursday,1,0.125,0.694,0.000,0.000,0.000,0.000,0.819,
2025-11-13 02:00:00,Thursday,2,0.106,0.802,0.000,0.000,0.000,0.000,0.908,
2025-11-13 03:00:00,Thursday,3,0.088,0.888,0.000,0.000,0.000,0.000,0.976,
2025-11-13 04:00:00,Thursday,4,0.112,0.974,0.000,0.000,0.000,0.000,1.086,
2025-11-13 05:00:00,Thursday,5,0.102,0.959,0.000,0.000,0.000,0.000,1.061,
2025-11-13 06:00:00,Thursday,6,0.106,1.002,0.062,0.241,0.000,0.000,1.411,
2025-11-13 07:00:00,Thursday,7,0.093,0.994,0.099,0.289,0.000,0.000,1.475,
2025-11-13 08:00:00,Thursday,8,0.102,1.067,0.000,0.316,0.000,0.000,1.485,
2025-11-13 09:00:00,Thursday,9,0.100,1.151,0.000,0.000,0.086,0.000,1.337,
2025-11-13 10:00:00,Thursday,10,0.099,1.033,0.000,0.000,0.075,0.000,1.207,
2025-11-13 11:00:00,Thursday,11,0.098,1.010,0.000,0.000,0.113,0.000,1.221,
2025-11-13 12:00:00,Thursday,12,0.120,0.953,0.000,0.000,0.090,0.000,1.163,
2025-11-13 13:00:00,Thursday,13,0.111,0.840,0.000,0.473,0.067,0.000,1.491,
2025-11-13 14:00:00,Thursday,14,0.094,0.694,0.000,0.000,0.148,0.000,0.936,
2025-11-13 15:00:00,Thursday,15,0.126,0.749,0.000,0.000,0.156,0.000,1.031,
2025-11-13 16:00:00,Thursday,16,0.106,0.664,0.054,0.000,0.081,0.000,0.905,
2025-11-13 17:00:00,Thursday,17,0.094,0.611,0.154,0.546,0.186,0.000,1.591,
2025-11-13 18:00:00,Thursday,18,0.092,0.806,0.128,0.000,0.132,0.000,1.158,
2025-11-13 19:00:00,Thursday,19,0.117,0.798,0.125,0.000,0.231,0.000,1.271,
2025-11-13 20:00:00,Thursday,20,0.124,0.668,0.218,0.000,0.146,0.000,1.156,
2025-11-13 21:00:00,Thursday,21,0.117,0.693,0.170,0.000,0.211,0.000,1.191,
2025-11-13 22:00:00,Thursday,22,0.088,0.779,0.075,0.000,0.198,0.000,1.140,
2025-11-13 23:00:00,Thursday,23,0.103,1.040,0.000,0.000,0.000,0.000,1.143,
2025-11-14 00:00:00,Friday,0,0.092,1.119,0.000,0.000,0.000,0.000,1.211,
2025-11-14 01:00:00,Friday,1,0.103,1.360,0.000,0.000,0.000,0.000,1.463,
2025-11-14 02:00:00,Friday,2,0.092,1.252,0.000,0.000,0.000,0.000,1.344,
2025-11-14 03:00:00,Friday,3,0.100,1.152,0.000,0.000,0.000,0.000,1.252,
2025-11-14 04:00:00,Friday,4,0.102,1.452,0.000,0.000,0.000,0.000,1.554,
2025-11-14 05:00:00,Friday,5,0.137,1.399,0.000,0.000,0.000,0.000,1.536,
2025-11-14 06:00:00,Friday,6,0.090,1.717,0.131,0.345,0.000,0.000,2.283,
2025-11-14 07:00:00,Friday,7,0.114,1.417,0.142,0.299,0.000,0.000,1.972,
2025-11-14 08:00:00,Friday,8,0.116,1.628,0.000,0.482,0.000,0.000,2.226,
2025-11-14 09:00:00,Friday,9,0.106,1.614,0.000,0.000,0.110,0.000,1.830,
2025-11-14 10:00:00,Friday,10,0.106,1.303,0.000,0.000,0.114,0.000,1.523,
2025-11-14 11:00:00,Friday,11,0.089,1.508,0.000,0.000,0.112,0.000,1.709,
2025-11-14 12:00:00,Friday,12,0.117,1.245,0.000,0.431,0.070,0.000,1.863,
2025-11-14 13:00:00,Friday,13,0.107,1.599,0.000,0.000,0.091,0.000,1.797,
2025-11-14 14:00:00,Friday,14,0.118,1.508,0.000,0.000,0.150,0.000,1.776,
2025-11-14 15:00:00,Friday,15,0.094,1.544,0.000,0.000,0.107,0.000,1.745,
2025-11-14 16:00:00,Friday,16,0.098,1.554,0.110,0.000,0.194,0.000,1.956,
2025-11-14 17:00:00,Friday,17,0.098,1.707,0.191,0.715,0.149,0.000,2.860,
2025-11-14 18:00:00,Friday,18,0.094,1.504,0.094,0.000,0.226,0.000,1.918,
2025-11-14 19:00:00,Friday,19,0.105,1.610,0.196,0.000,0.163,0.000,2.074,
2025-11-14 20:00:00,Friday,20,0.118,1.706,0.128,0.000,0.234,0.662,2.848,zmywarka
2025-11-14 21:00:00,Friday,21,0.118,1.767,0.203,0.000,0.142,0.000,2.230,
2025-11-14 22:00:00,Friday,22,0.104,1.549,0.054,0.000,0.131,0.000,1.838,
2025-11-14 23:00:00,Friday,23,0.104,1.491,0.000,0.000,0.000,0.000,1.595,
2025-11-15 00:00:00,Saturday,0,0.099,1.531,0.000,0.000,0.000,0.000,1.630,
2025-11-15 01:00:00,Saturday,1,0.102,1.504,0.000,0.000,0.000,0.000,1.606,
2025-11-15 02:00:00,Saturday,2,0.118,1.760,0.000,0.000,0.000,0.000,1.878,
2025-11-15 03:00:00,Saturday,3,0.125,1.657,0.000,0.000,0.000,0.000,1.782,
2025-11-15 04:00:00,Saturday,4,0.107,1.934,0.000,0.000,0.000,0.000,2.041,
2025-11-15 05:00:00,Saturday,5,0.110,2.298,0.000,0.000,0.000,0.000,2.408,
2025-11-15 06:00:00,Saturday,6,0.122,2.015,0.120,0.453,0.000,0.000,2.710,
2025-11-15 07:00:00,Saturday,7,0.104,2.115,0.096,0.275,0.000,0.000,2.590,
2025-11-15 08:00:00,Saturday,8,0.118,2.571,0.000,0.341,0.000,0.000,3.030,
2025-11-15 09:00:00,Saturday,9,0.090,2.616,0.000,0.000,0.117,0.000,2.823,
2025-11-15 10:00:00,Saturday,10,0.102,2.674,0.000,0.000,0.059,0.558,3.393,pralka
2025-11-15 11:00:00,Saturday,11,0.113,2.094,0.000,0.000,0.127,0.000,2.334,
2025-11-15 12:00:00,Saturday,12,0.088,2.343,0.000,0.614,0.097,0.000,3.142,
2025-11-15 13:00:00,Saturday,13,0.098,2.042,0.000,0.000,0.093,0.000,2.233,
2025-11-15 14:00:00,Saturday,14,0.089,1.648,0.000,0.000,0.123,0.895,2.755,zmywarka
2025-11-15 15:00:00,Saturday,15,0.118,1.777,0.000,0.000,0.149,0.000,2.044,
2025-11-15 16:00:00,Saturday,16,0.114,1.807,0.117,0.000,0.063,0.000,2.101,
2025-11-15 17:00:00,Saturday,17,0.126,2.059,0.140,1.258,0.251,0.000,3.834,
2025-11-15 18:00:00,Saturday,18,0.116,2.111,0.147,0.000,0.267,0.000,2.641,
2025-11-15 19:00:00,Saturday,19,0.091,1.859,0.081,0.000,0.258,0.000,2.289,
2025-11-15 20:00:00,Saturday,20,0.109,2.093,0.113,0.000,0.252,0.000,2.567,
2025-11-15 21:00:00,Saturday,21,0.098,2.256,0.162,0.000,0.175,0.000,2.691,
2025-11-15 22:00:00,Saturday,22,0.108,2.042,0.111,0.000,0.221,0.000,2.482,
2025-11-15 23:00:00,Saturday,23,0.111,1.823,0.000,0.000,0.000,0.000,1.934,
2025-11-16 00:00:00,Sunday,0,0.106,1.797,0.000,0.000,0.000,0.000,1.903,
2025-11-16 01:00:00,Sunday,1,0.095,1.830,0.000,0.000,0.000,0.000,1.925,
2025-11-16 02:00:00,Sunday,2,0.121,1.614,0.000,0.000,0.000,0.000,1.735,
2025-11-16 03:00:00,Sunday,3,0.126,1.807,0.000,0.000,0.000,0.000,1.933,
2025-11-16 04:00:00,Sunday,4,0.099,2.063,0.000,0.000,0.000,0.000,2.162,
2025-11-16 05:00:00,Sunday,5,0.127,1.778,0.000,0.000,0.000,0.000,1.905,
2025-11-16 06:00:00,Sunday,6,0.126,2.102,0.114,0.443,0.000,0.000,2.785,
2025-11-16 07:00:00,Sunday,7,0.126,1.749,0.166,0.337,0.000,0.000,2.378,
2025-11-16 08:00:00,Sunday,8,0.089,2.065,0.000,0.240,0.000,0.000,2.394,
2025-11-16 09:00:00,Sunday,9,0.106,2.367,0.000,0.000,0.080,0.000,2.553,
2025-11-16 10:00:00,Sunday,10,0.122,2.054,0.000,0.000,0.190,0.000,2.366,
2025-11-16 11:00:00,Sunday,11,0.093,2.122,0.000,0.000,0.126,0.000,2.341,
2025-11-16 12:00:00,Sunday,12,0.119,2.207,0.000,0.000,0.050,0.000,2.376,
2025-11-16 13:00:00,Sunday,13,0.125,1.911,0.000,0.496,0.130,0.656,3.318,zmywarka
2025-11-16 14:00:00,Sunday,14,0.101,2.102,0.000,0.000,0.088,0.000,2.291,
2025-11-16 15:00:00,Sunday,15,0.098,1.798,0.000,0.000,0.085,0.000,1.981,
2025-11-16 16:00:00,Sunday,16,0.124,1.773,0.051,0.000,0.174,0.000,2.122,
2025-11-16 17:00:00,Sunday,17,0.103,2.129,0.150,0.545,0.187,0.000,3.114,
2025-11-16 18:00:00,Sunday,18,0.110,1.806,0.090,0.000,0.276,0.000,2.282,
2025-11-16 19:00:00,Sunday,19,0.098,1.953,0.206,0.000,0.227,0.000,2.484,
2025-11-16 20:00:00,Sunday,20,0.114,1.977,0.140,0.000,0.255,0.000,2.486,
2025-11-16 21:00:00,Sunday,21,0.105,1.621,0.164,0.000,0.121,0.000,2.011,
2025-11-16 22:00:00,Sunday,22,0.117,1.572,0.109,0.000,0.160,0.000,1.958,
2025-11-16 23:00:00,Sunday,23,0.111,1.746,0.000,0.000,0.000,0.000,1.857,
2025-11-17 00:00:00,Monday,0,0.102,1.533,0.000,0.000,0.000,0.000,1.635,
2025-11-17 01:00:00,Monday,1,0.109,1.598,0.000,0.000,0.000,0.000,1.707,
2025-11-17 02:00:00,Monday,2,0.104,1.838,0.000,0.000,0.000,0.000,1.942,
2025-11-17 03:00:00,Monday,3,0.094,1.497,0.000,0.000,0.000,0.000,1.591,
2025-11-17 04:00:00,Monday,4,0.091,1.826,0.000,0.000,0.000,0.000,1.917,
2025-11-17 05:00:00,Monday,5,0.146,1.534,0.000,0.000,0.000,0.000,1.680,
2025-11-17 06:00:00,Monday,6,0.106,2.150,0.116,0.273,0.000,0.000,2.645,
2025-11-17 07:00:00,Monday,7,0.106,2.314,0.122,0.458,0.000,0.000,3.000,
2025-11-17 08:00:00,Monday,8,0.099,1.909,0.000,0.284,0.000,0.000,2.292,
2025-11-17 09:00:00,Monday,9,0.103,2.074,0.000,0.000,0.109,0.000,2.286,
2025-11-17 10:00:00,Monday,10,0.101,2.199,0.000,0.000,0.078,0.000,2.378,
2025-11-17 11:00:00,Monday,11,0.110,2.088,0.000,0.000,0.103,0.000,2.301,
2025-11-17 12:00:00,Monday,12,0.105,1.857,0.000,0.589,0.066,0.000,2.617,
2025-11-17 13:00:00,Monday,13,0.095,2.130,0.000,0.000,0.091,0.000,2.316,
2025-11-17 14:00:00,Monday,14,0.092,1.830,0.000,0.000,0.146,0.000,2.068,
2025-11-17 15:00:00,Monday,15,0.125,1.839,0.000,0.000,0.138,0.000,2.102,
2025-11-17 16:00:00,Monday,16,0.105,1.581,0.084,0.000,0.182,0.000,1.952,
2025-11-17 17:00:00,Monday,17,0.098,2.118,0.114,0.000,0.172,0.000,2.502,
2025-11-17 18:00:00,Monday,18,0.118,2.296,0.215,0.665,0.198,0.000,3.492,
2025-11-17 19:00:00,Monday,19,0.113,1.973,0.231,0.000,0.150,0.662,3.129,zmywarka
2025-11-17 20:00:00,Monday,20,0.124,2.096,0.206,0.000,0.206,0.000,2.632,
2025-11-17 21:00:00,Monday,21,0.122,2.326,0.163,0.000,0.191,0.000,2.802,
2025-11-17 22:00:00,Monday,22,0.104,1.704,0.078,0.000,0.251,0.000,2.137,
2025-11-17 23:00:00,Monday,23,0.091,2.148,0.000,0.000,0.000,0.000,2.239,
2025-11-18 00:00:00,Tuesday,0,0.099,1.972,0.000,0.000,0.000,0.000,2.071,
2025-11-18 01:00:00,Tuesday,1,0.094,1.866,0.000,0.000,0.000,0.000,1.960,
2025-11-18 02:00:00,Tuesday,2,0.118,1.951,0.000,0.000,0.000,0.000,2.069,
2025-11-18 03:00:00,Tuesday,3,0.119,2.085,0.000,0.000,0.000,0.000,2.204,
2025-11-18 04:00:00,Tuesday,4,0.098,1.741,0.000,0.000,0.000,0.000,1.839,
2025-11-18 05:00:00,Tuesday,5,0.140,1.734,0.000,0.000,0.000,0.000,1.874,
2025-11-18 06:00:00,Tuesday,6,0.106,2.038,0.084,0.252,0.000,0.000,2.480,
2025-11-18 07:00:00,Tuesday,7,0.122,2.150,0.092,0.374,0.000,0.000,2.738,
2025-11-18 08:00:00,Tuesday,8,0.108,1.688,0.000,0.237,0.000,0.000,2.033,
2025-11-18 09:00:00,Tuesday,9,0.092,2.054,0.000,0.000,0.094,0.000,2.240,
2025-11-18 10:00:00,Tuesday,10,0.090,1.919,0.000,0.000,0.119,0.000,2.128,
2025-11-18 11:00:00,Tuesday,11,0.121,1.958,0.000,0.000,0.100,0.752,2.931,pralka
2025-11-18 12:00:00,Tuesday,12,0.106,1.550,0.000,0.618,0.110,1.634,4.018,suszarka
2025-11-18 13:00:00,Tuesday,13,0.109,1.921,0.000,0.000,0.079,0.000,2.109,
2025-11-18 14:00:00,Tuesday,14,0.094,1.627,0.000,0.000,0.117,0.000,1.838,
2025-11-18 15:00:00,Tuesday,15,0.091,1.466,0.000,0.000,0.133,0.000,1.690,
2025-11-18 16:00:00,Tuesday,16,0.119,1.522,0.131,0.000,0.187,0.000,1.959,
2025-11-18 17:00:00,Tuesday,17,0.091,2.015,0.155,0.000,0.155,0.000,2.416,
2025-11-18 18:00:00,Tuesday,18,0.109,2.122,0.234,0.502,0.259,0.000,3.226,
2025-11-18 19:00:00,Tuesday,19,0.088,1.670,0.146,0.000,0.149,0.948,3.001,zmywarka
2025-11-18 20:00:00,Tuesday,20,0.108,1.932,0.192,0.000,0.174,0.000,2.406,
2025-11-18 21:00:00,Tuesday,21,0.114,2.274,0.116,0.000,0.146,0.000,2.650,
2025-11-18 22:00:00,Tuesday,22,0.111,2.008,0.041,0.000,0.155,0.000,2.315,
2025-11-18 23:00:00,Tuesday,23,0.117,1.759,0.000,0.000,0.000,0.000,1.876,
2025-11-19 00:00:00,Wednesday,0,0.119,1.895,0.000,0.000,0.000,0.000,2.014,
2025-11-19 01:00:00,Wednesday,1,0.109,1.797,0.000,0.000,0.000,0.000,1.906,
2025-11-19 02:00:00,Wednesday,2,0.090,1.888,0.000,0.000,0.000,0.000,1.978,
2025-11-19 03:00:00,Wednesday,3,0.118,1.622,0.000,0.000,0.000,0.000,1.740,
2025-11-19 04:00:00,Wednesday,4,0.091,1.926,0.000,0.000,0.000,0.000,2.017,
2025-11-19 05:00:00,Wednesday,5,0.098,1.798,0.000,0.000,0.000,0.000,1.896,
2025-11-19 06:00:00,Wednesday,6,0.089,2.109,0.145,0.427,0.000,0.000,2.770,
2025-11-19 07:00:00,Wednesday,7,0.098,1.889,0.147,0.236,0.000,0.000,2.370,
2025-11-19 08:00:00,Wednesday,8,0.096,2.230,0.000,0.452,0.000,0.000,2.778,
2025-11-19 09:00:00,Wednesday,9,0.126,2.060,0.000,0.000,0.117,0.000,2.303,
2025-11-19 10:00:00,Wednesday,10,0.103,2.073,0.000,0.000,0.112,0.000,2.288,
2025-11-19 11:00:00,Wednesday,11,0.100,1.820,0.000,0.000,0.110,0.000,2.030,
2025-11-19 12:00:00,Wednesday,12,0.116,1.701,0.000,0.000,0.106,0.000,1.923,
2025-11-19 13:00:00,Wednesday,13,0.120,1.702,0.000,0.342,0.086,0.000,2.250,
2025-11-19 14:00:00,Wednesday,14,0.110,2.058,0.000,0.000,0.178,0.000,2.346,
2025-11-19 15:00:00,Wednesday,15,0.126,1.647,0.000,0.000,0.120,0.000,1.893,
2025-11-19 16:00:00,Wednesday,16,0.116,1.946,0.089,0.000,0.100,0.000,2.251,
2025-11-19 17:00:00,Wednesday,17,0.122,1.838,0.111,0.000,0.126,0.000,2.197,
2025-11-19 18:00:00,Wednesday,18,0.101,2.073,0.175,0.599,0.154,0.000,3.102,
2025-11-19 19:00:00,Wednesday,19,0.123,2.430,0.204,0.000,0.217,0.829,3.803,zmywarka
2025-11-19 20:00:00,Wednesday,20,0.097,2.086,0.189,0.000,0.223,0.000,2.595,
2025-11-19 21:00:00,Wednesday,21,0.100,2.264,0.092,0.000,0.216,0.000,2.672,
2025-11-19 22:00:00,Wednesday,22,0.118,2.073,0.099,0.000,0.208,0.000,2.498,
2025-11-19 23:00:00,Wednesday,23,0.128,2.376,0.000,0.000,0.000,0.000,2.504,
2025-11-20 00:00:00,Thursday,0,0.126,2.169,0.000,0.000,0.000,0.000,2.295,
2025-11-20 01:00:00,Thursday,1,0.110,1.869,0.000,0.000,0.000,0.000,1.979,
2025-11-20 02:00:00,Thursday,2,0.138,2.144,0.000,0.000,0.000,0.000,2.282,
2025-11-20 03:00:00,Thursday,3,0.090,2.337,0.000,0.000,0.000,0.000,2.427,
2025-11-20 04:00:00,Thursday,4,0.122,2.226,0.000,0.000,0.000,0.000,2.348,
2025-11-20 05:00:00,Thursday,5,0.146,1.748,0.000,0.000,0.000,0.000,1.894,
2025-11-20 06:00:00,Thursday,6,0.110,2.273,0.158,0.283,0.000,0.000,2.824,
2025-11-20 07:00:00,Thursday,7,0.102,2.666,0.161,0.434,0.000,0.000,3.363,
2025-11-20 08:00:00,Thursday,8,0.125,2.312,0.000,0.370,0.000,0.000,2.807,
2025-11-20 09:00:00,Thursday,9,0.091,2.562,0.000,0.000,0.068,0.000,2.721,
2025-11-20 10:00:00,Thursday,10,0.124,2.186,0.000,0.000,0.120,0.000,2.430,
2025-11-20 11:00:00,Thursday,11,0.114,2.286,0.000,0.000,0.095,0.000,2.495,
2025-11-20 12:00:00,Thursday,12,0.118,2.672,0.000,0.562,0.119,0.000,3.471,
2025-11-20 13:00:00,Thursday,13,0.089,2.450,0.000,0.000,0.091,0.000,2.630,
2025-11-20 14:00:00,Thursday,14,0.102,2.680,0.000,0.000,0.145,0.000,2.927,
2025-11-20 15:00:00,Thursday,15,0.088,2.725,0.000,0.000,0.148,0.000,2.961,
2025-11-20 16:00:00,Thursday,16,0.096,2.320,0.058,0.000,0.105,0.000,2.579,
2025-11-20 17:00:00,Thursday,17,0.098,2.384,0.142,0.635,0.197,0.000,3.456,
2025-11-20 18:00:00,Thursday,18,0.098,2.298,0.134,0.000,0.131,0.000,2.661,
2025-11-20 19:00:00,Thursday,19,0.107,2.395,0.218,0.000,0.122,0.789,3.631,zmywarka
2025-11-20 20:00:00,Thursday,20,0.122,2.428,0.233,0.000,0.189,0.000,2.972,
2025-11-20 21:00:00,Thursday,21,0.114,2.330,0.188,0.000,0.158,0.000,2.790,
2025-11-20 22:00:00,Thursday,22,0.102,2.252,0.097,0.000,0.238,0.000,2.689,
2025-11-20 23:00:00,Thursday,23,0.127,1.910,0.000,0.000,0.000,0.000,2.037,
2025-11-21 00:00:00,Friday,0,0.097,2.246,0.000,0.000,0.000,0.000,2.343,
2025-11-21 01:00:00,Friday,1,0.115,2.562,0.000,0.000,0.000,0.000,2.677,
2025-11-21 02:00:00,Friday,2,0.118,2.242,0.000,0.000,0.000,0.000,2.360,
2025-11-21 03:00:00,Friday,3,0.113,2.398,0.000,0.000,0.000,0.000,2.511,
2025-11-21 04:00:00,Friday,4,0.122,2.403,0.000,0.000,0.000,0.000,2.525,
2025-11-21 05:00:00,Friday,5,0.142,1.926,0.000,0.000,0.000,0.000,2.068,
2025-11-21 06:00:00,Friday,6,0.119,2.326,0.080,0.315,0.000,0.000,2.840,
2025-11-21 07:00:00,Friday,7,0.125,2.213,0.085,0.473,0.000,0.000,2.896,
2025-11-21 08:00:00,Friday,8,0.107,2.231,0.000,0.395,0.000,0.000,2.733,
2025-11-21 09:00:00,Friday,9,0.096,2.474,0.000,0.000,0.082,0.000,2.652,
2025-11-21 10:00:00,Friday,10,0.122,2.502,0.000,0.000,0.095,0.000,2.719,
2025-11-21 11:00:00,Friday,11,0.091,2.393,0.000,0.000,0.087,0.000,2.571,
2025-11-21 12:00:00,Friday,12,0.116,2.629,0.000,0.650,0.108,0.000,3.503,
2025-11-21 13:00:00,Friday,13,0.116,2.214,0.000,0.000,0.078,0.000,2.408,
2025-11-21 14:00:00,Friday,14,0.126,2.428,0.000,0.000,0.146,0.000,2.700,
2025-11-21 15:00:00,Friday,15,0.126,2.042,0.000,0.000,0.172,0.000,2.340,
2025-11-21 16:00:00,Friday,16,0.100,2.563,0.063,0.000,0.109,0.000,2.835,
2025-11-21 17:00:00,Friday,17,0.100,2.544,0.229,0.000,0.228,0.000,3.101,goście
2025-11-21 18:00:00,Friday,18,0.118,2.178,0.148,1.164,0.162,0.000,3.770,goście
2025-11-21 19:00:00,Friday,19,0.102,2.687,0.186,0.000,0.123,0.000,3.098,goście
2025-11-21 20:00:00,Friday,20,0.103,2.582,0.214,0.000,0.226,0.000,3.125,goście
2025-11-21 21:00:00,Friday,21,0.096,2.923,0.124,0.000,0.186,0.000,3.329,goście
2025-11-21 22:00:00,Friday,22,0.125,2.109,0.088,0.000,0.244,0.000,2.566,
2025-11-21 23:00:00,Friday,23,0.108,2.481,0.000,0.000,0.000,0.000,2.589,
2025-11-22 00:00:00,Saturday,0,0.117,2.582,0.000,0.000,0.000,0.000,2.699,
2025-11-22 01:00:00,Saturday,1,0.119,2.125,0.000,0.000,0.000,0.000,2.244,
2025-11-22 02:00:00,Saturday,2,0.121,2.238,0.000,0.000,0.000,0.000,2.359,
2025-11-22 03:00:00,Saturday,3,0.109,2.248,0.000,0.000,0.000,0.000,2.357,
2025-11-22 04:00:00,Saturday,4,0.133,2.161,0.000,0.000,0.000,0.000,2.294,
2025-11-22 05:00:00,Saturday,5,0.088,2.183,0.000,0.000,0.000,0.000,2.271,
2025-11-22 06:00:00,Saturday,6,0.096,2.310,0.083,0.298,0.000,0.000,2.787,
2025-11-22 07:00:00,Saturday,7,0.102,1.899,0.145,0.253,0.000,0.000,2.399,
2025-11-22 08:00:00,Saturday,8,0.103,2.069,0.000,0.430,0.000,0.000,2.602,
2025-11-22 09:00:00,Saturday,9,0.106,2.226,0.000,0.000,0.070,0.759,3.161,pralka
2025-11-22 10:00:00,Saturday,10,0.114,1.894,0.000,0.000,0.154,0.000,2.162,
2025-11-22 11:00:00,Saturday,11,0.103,1.766,0.000,0.000,0.051,0.000,1.920,
2025-11-22 12:00:00,Saturday,12,0.104,1.977,0.000,0.000,0.106,0.000,2.187,
2025-11-22 13:00:00,Saturday,13,0.102,1.979,0.000,0.385,0.056,0.000,2.522,
2025-11-22 14:00:00,Saturday,14,0.125,1.978,0.000,0.000,0.140,0.000,2.243,
2025-11-22 15:00:00,Saturday,15,0.125,2.090,0.000,0.000,0.082,0.000,2.297,
2025-11-22 16:00:00,Saturday,16,0.102,2.093,0.080,0.000,0.088,0.000,2.363,
2025-11-22 17:00:00,Saturday,17,0.104,1.878,0.206,0.000,0.274,0.000,2.462,
2025-11-22 18:00:00,Saturday,18,0.106,1.711,0.216,0.493,0.237,0.000,2.763,
2025-11-22 19:00:00,Saturday,19,0.088,2.274,0.189,0.000,0.165,0.000,2.716,
2025-11-22 20:00:00,Saturday,20,0.090,2.191,0.083,0.000,0.202,0.000,2.566,
2025-11-22 21:00:00,Saturday,21,0.102,2.043,0.118,0.000,0.172,0.000,2.435,
2025-11-22 22:00:00,Saturday,22,0.094,1.839,0.118,0.000,0.190,0.000,2.241,
2025-11-22 23:00:00,Saturday,23,0.119,1.739,0.000,0.000,0.000,0.000,1.858,
2025-11-23 00:00:00,Sunday,0,0.114,2.020,0.000,0.000,0.000,0.000,2.134,
2025-11-23 01:00:00,Sunday,1,0.090,1.897,0.000,0.000,0.000,0.000,1.987,
2025-11-23 02:00:00,Sunday,2,0.102,1.817,0.000,0.000,0.000,0.000,1.919,
2025-11-23 03:00:00,Sunday,3,0.098,2.076,0.000,0.000,0.000,0.000,2.174,
2025-11-23 04:00:00,Sunday,4,0.118,1.827,0.000,0.000,0.000,0.000,1.945,
2025-11-23 05:00:00,Sunday,5,0.123,2.094,0.000,0.000,0.000,0.000,2.217,
2025-11-23 06:00:00,Sunday,6,0.095,1.785,0.103,0.195,0.000,0.000,2.178,
2025-11-23 07:00:00,Sunday,7,0.090,2.044,0.139,0.215,0.000,0.000,2.488,
2025-11-23 08:00:00,Sunday,8,0.088,2.279,0.000,0.391,0.000,0.000,2.758,
2025-11-23 09:00:00,Sunday,9,0.105,2.008,0.000,0.000,0.163,0.000,2.276,
2025-11-23 10:00:00,Sunday,10,0.126,1.904,0.000,0.000,0.116,0.000,2.146,
2025-11-23 11:00:00,Sunday,11,0.104,1.651,0.000,0.000,0.126,0.000,1.881,
2025-11-23 12:00:00,Sunday,12,0.109,1.578,0.000,0.000,0.168,0.000,1.855,
2025-11-23 13:00:00,Sunday,13,0.102,2.146,0.000,0.697,0.141,0.886,3.972,zmywarka
2025-11-23 14:00:00,Sunday,14,0.124,1.909,0.000,0.000,0.146,0.000,2.179,
2025-11-23 15:00:00,Sunday,15,0.112,1.699,0.000,0.000,0.126,0.000,1.937,
2025-11-23 16:00:00,Sunday,16,0.125,2.050,0.113,0.000,0.066,0.000,2.354,
2025-11-23 17:00:00,Sunday,17,0.098,1.981,0.207,1.327,0.154,0.000,3.767,
2025-11-23 18:00:00,Sunday,18,0.124,1.984,0.099,0.000,0.229,0.000,2.436,
2025-11-23 19:00:00,Sunday,19,0.098,1.765,0.196,0.000,0.206,0.000,2.265,
2025-11-23 20:00:00,Sunday,20,0.105,2.060,0.091,0.000,0.248,0.000,2.504,
2025-11-23 21:00:00,Sunday,21,0.110,2.005,0.116,0.000,0.233,0.000,2.464,
2025-11-23 22:00:00,Sunday,22,0.110,1.949,0.064,0.000,0.149,0.000,2.272,
2025-11-23 23:00:00,Sunday,23,0.139,2.150,0.000,0.000,0.000,0.000,2.289,
2025-11-24 00:00:00,Monday,0,0.094,1.986,0.000,0.000,0.000,0.000,2.080,
2025-11-24 01:00:00,Monday,1,0.136,1.717,0.000,0.000,0.000,0.000,1.853,
2025-11-24 02:00:00,Monday,2,0.114,1.845,0.000,0.000,0.000,0.000,1.959,
2025-11-24 03:00:00,Monday,3,0.112,1.958,0.000,0.000,0.000,0.000,2.070,
2025-11-24 04:00:00,Monday,4,0.098,2.144,0.000,0.000,0.000,0.000,2.242,
2025-11-24 05:00:00,Monday,5,0.126,1.862,0.000,0.000,0.000,0.000,1.988,
2025-11-24 06:00:00,Monday,6,0.108,2.567,0.148,0.315,0.000,0.000,3.138,
2025-11-24 07:00:00,Monday,7,0.112,2.075,0.129,0.268,0.000,0.000,2.584,
2025-11-24 08:00:00,Monday,8,0.101,2.301,0.000,0.406,0.000,0.000,2.808,
2025-11-24 09:00:00,Monday,9,0.098,2.169,0.000,0.000,0.119,0.000,2.386,
2025-11-24 10:00:00,Monday,10,0.094,2.201,0.000,0.000,0.118,0.000,2.413,
2025-11-24 11:00:00,Monday,11,0.094,2.509,0.000,0.000,0.075,0.000,2.678,
2025-11-24 12:00:00,Monday,12,0.089,2.006,0.000,0.402,0.094,0.000,2.591,
2025-11-24 13:00:00,Monday,13,0.115,2.463,0.000,0.000,0.097,0.000,2.675,
2025-11-24 14:00:00,Monday,14,0.094,2.488,0.000,0.000,0.075,0.000,2.657,
2025-11-24 15:00:00,Monday,15,0.123,1.858,0.000,0.000,0.198,0.000,2.179,
2025-11-24 16:00:00,Monday,16,0.114,1.976,0.104,0.000,0.122,0.000,2.316,
2025-11-24 17:00:00,Monday,17,0.107,2.024,0.126,0.000,0.146,0.000,2.403,
2025-11-24 18:00:00,Monday,18,0.114,2.060,0.203,0.743,0.200,0.000,3.320,
2025-11-24 19:00:00,Monday,19,0.118,2.141,0.220,0.000,0.147,0.000,2.626,
2025-11-24 20:00:00,Monday,20,0.095,1.900,0.140,0.000,0.248,0.833,3.216,zmywarka
2025-11-24 21:00:00,Monday,21,0.110,1.878,0.184,0.000,0.209,0.000,2.381,
2025-11-24 22:00:00,Monday,22,0.090,1.530,0.107,0.000,0.124,0.000,1.851,
2025-11-24 23:00:00,Monday,23,0.097,1.364,0.000,0.000,0.000,0.000,1.461,
2025-11-25 00:00:00,Tuesday,0,0.122,1.587,0.000,0.000,0.000,0.000,1.709,
2025-11-25 01:00:00,Tuesday,1,0.103,1.734,0.000,0.000,0.000,0.000,1.837,
2025-11-25 02:00:00,Tuesday,2,0.130,1.687,0.000,0.000,0.000,0.000,1.817,
2025-11-25 03:00:00,Tuesday,3,0.130,1.780,0.000,0.000,0.000,0.000,1.910,
2025-11-25 04:00:00,Tuesday,4,0.108,1.451,0.000,0.000,0.000,0.000,1.559,
2025-11-25 05:00:00,Tuesday,5,0.109,1.558,0.000,0.000,0.000,0.000,1.667,
2025-11-25 06:00:00,Tuesday,6,0.105,1.664,0.133,0.412,0.000,0.000,2.314,
2025-11-25 07:00:00,Tuesday,7,0.114,2.008,0.154,0.342,0.000,0.000,2.618,
2025-11-25 08:00:00,Tuesday,8,0.113,2.018,0.000,0.152,0.000,0.000,2.283,
2025-11-25 09:00:00,Tuesday,9,0.114,1.800,0.000,0.000,0.243,0.000,2.157,praca zdalna
2025-11-25 10:00:00,Tuesday,10,0.115,2.153,0.000,0.000,0.260,0.782,3.310,praca zdalna; pralka
2025-11-25 11:00:00,Tuesday,11,0.092,1.934,0.000,0.000,0.185,0.000,2.211,praca zdalna
2025-11-25 12:00:00,Tuesday,12,0.103,2.081,0.000,0.545,0.202,0.000,2.931,praca zdalna
2025-11-25 13:00:00,Tuesday,13,0.118,1.954,0.000,0.000,0.166,0.000,2.238,praca zdalna
2025-11-25 14:00:00,Tuesday,14,0.126,1.707,0.000,0.000,0.223,0.000,2.056,praca zdalna
2025-11-25 15:00:00,Tuesday,15,0.114,2.162,0.000,0.000,0.318,0.000,2.594,praca zdalna
2025-11-25 16:00:00,Tuesday,16,0.128,1.878,0.058,0.000,0.225,0.000,2.289,praca zdalna
2025-11-25 17:00:00,Tuesday,17,0.110,1.856,0.178,0.573,0.174,0.000,2.891,
2025-11-25 18:00:00,Tuesday,18,0.118,1.977,0.094,0.000,0.162,0.000,2.351,
2025-11-25 19:00:00,Tuesday,19,0.126,2.244,0.197,0.000,0.151,0.927,3.645,zmywarka
2025-11-25 20:00:00,Tuesday,20,0.100,1.739,0.132,0.000,0.158,0.000,2.129,
2025-11-25 21:00:00,Tuesday,21,0.113,1.711,0.186,0.000,0.128,0.000,2.138,
2025-11-25 22:00:00,Tuesday,22,0.095,1.474,0.091,0.000,0.200,0.000,1.860,
2025-11-25 23:00:00,Tuesday,23,0.094,1.550,0.000,0.000,0.000,0.000,1.644,
2025-11-26 00:00:00,Wednesday,0,0.118,1.729,0.000,0.000,0.000,0.000,1.847,
2025-11-26 01:00:00,Wednesday,1,0.129,1.706,0.000,0.000,0.000,0.000,1.835,
2025-11-26 02:00:00,Wednesday,2,0.116,1.509,0.000,0.000,0.000,0.000,1.625,
2025-11-26 03:00:00,Wednesday,3,0.101,2.061,0.000,0.000,0.000,0.000,2.162,
2025-11-26 04:00:00,Wednesday,4,0.111,2.139,0.000,0.000,0.000,0.000,2.250,
2025-11-26 05:00:00,Wednesday,5,0.094,1.630,0.000,0.000,0.000,0.000,1.724,
2025-11-26 06:00:00,Wednesday,6,0.093,2.307,0.138,0.420,0.000,0.000,2.958,
2025-11-26 07:00:00,Wednesday,7,0.107,2.266,0.057,0.470,0.000,0.000,2.900,
2025-11-26 08:00:00,Wednesday,8,0.093,2.000,0.000,0.405,0.000,0.000,2.498,
2025-11-26 09:00:00,Wednesday,9,0.122,1.890,0.000,0.000,0.067,0.000,2.079,
2025-11-26 10:00:00,Wednesday,10,0.124,2.071,0.000,0.000,0.070,0.000,2.265,
2025-11-26 11:00:00,Wednesday,11,0.114,2.000,0.000,0.000,0.080,0.000,2.194,
2025-11-26 12:00:00,Wednesday,12,0.116,1.858,0.000,0.000,0.078,0.000,2.052,
2025-11-26 13:00:00,Wednesday,13,0.116,2.027,0.000,0.538,0.082,0.000,2.763,
2025-11-26 14:00:00,Wednesday,14,0.119,2.069,0.000,0.000,0.118,0.000,2.306,
2025-11-26 15:00:00,Wednesday,15,0.102,1.982,0.000,0.000,0.099,0.000,2.183,
2025-11-26 16:00:00,Wednesday,16,0.122,2.116,0.110,0.000,0.115,0.000,2.463,
2025-11-26 17:00:00,Wednesday,17,0.107,2.187,0.104,0.000,0.134,0.000,2.532,
2025-11-26 18:00:00,Wednesday,18,0.090,2.049,0.157,1.313,0.175,0.000,3.784,
2025-11-26 19:00:00,Wednesday,19,0.096,2.008,0.209,0.000,0.151,0.877,3.341,zmywarka
2025-11-26 20:00:00,Wednesday,20,0.106,2.011,0.106,0.000,0.144,0.000,2.367,
2025-11-26 21:00:00,Wednesday,21,0.105,2.438,0.229,0.000,0.274,0.000,3.046,
2025-11-26 22:00:00,Wednesday,22,0.118,2.216,0.085,0.000,0.234,0.000,2.653,
2025-11-26 23:00:00,Wednesday,23,0.114,2.434,0.000,0.000,0.000,0.000,2.548,
2025-11-27 00:00:00,Thursday,0,0.145,2.508,0.000,0.000,0.000,0.000,2.653,
2025-11-27 01:00:00,Thursday,1,0.090,2.204,0.000,0.000,0.000,0.000,2.294,
2025-11-27 02:00:00,Thursday,2,0.110,2.176,0.000,0.000,0.000,0.000,2.286,
2025-11-27 03:00:00,Thursday,3,0.138,1.966,0.000,0.000,0.000,0.000,2.104,
2025-11-27 04:00:00,Thursday,4,0.113,1.875,0.000,0.000,0.000,0.000,1.988,
2025-11-27 05:00:00,Thursday,5,0.134,1.955,0.000,0.000,0.000,0.000,2.089,
2025-11-27 06:00:00,Thursday,6,0.092,2.227,0.127,0.256,0.000,0.000,2.702,
2025-11-27 07:00:00,Thursday,7,0.090,2.427,0.058,0.331,0.000,0.000,2.906,
2025-11-27 08:00:00,Thursday,8,0.093,2.262,0.000,0.335,0.000,0.000,2.690,
2025-11-27 09:00:00,Thursday,9,0.112,2.214,0.000,0.000,0.098,0.000,2.424,
2025-11-27 10:00:00,Thursday,10,0.108,1.872,0.000,0.000,0.092,0.000,2.072,
2025-11-27 11:00:00,Thursday,11,0.108,1.698,0.000,0.000,0.098,0.000,1.904,
2025-11-27 12:00:00,Thursday,12,0.090,1.858,0.000,0.000,0.079,0.000,2.027,
2025-11-27 13:00:00,Thursday,13,0.094,1.944,0.000,0.244,0.102,0.000,2.384,
2025-11-27 14:00:00,Thursday,14,0.117,2.022,0.000,0.000,0.069,0.000,2.208,
2025-11-27 15:00:00,Thursday,15,0.118,1.910,0.000,0.000,0.064,0.000,2.092,
2025-11-27 16:00:00,Thursday,16,0.095,1.712,0.128,0.000,0.198,0.000,2.133,
2025-11-27 17:00:00,Thursday,17,0.112,1.541,0.210,0.000,0.174,0.000,2.037,goście
2025-11-27 18:00:00,Thursday,18,0.089,1.637,0.086,0.957,0.184,0.000,2.953,goście
2025-11-27 19:00:00,Thursday,19,0.098,1.973,0.203,0.000,0.150,0.869,3.293,goście; zmywarka
2025-11-27 20:00:00,Thursday,20,0.102,1.690,0.230,0.000,0.195,0.000,2.217,goście
2025-11-27 21:00:00,Thursday,21,0.097,1.922,0.224,0.000,0.208,0.000,2.451,goście
2025-11-27 22:00:00,Thursday,22,0.106,1.730,0.062,0.000,0.194,0.000,2.092,
2025-11-27 23:00:00,Thursday,23,0.132,1.284,0.000,0.000,0.000,0.000,1.416,
2025-11-28 00:00:00,Friday,0,0.102,1.488,0.000,0.000,0.000,0.000,1.590,
2025-11-28 01:00:00,Friday,1,0.100,1.264,0.000,0.000,0.000,0.000,1.364,
2025-11-28 02:00:00,Friday,2,0.126,1.197,0.000,0.000,0.000,0.000,1.323,
2025-11-28 03:00:00,Friday,3,0.118,1.214,0.000,0.000,0.000,0.000,1.332,
2025-11-28 04:00:00,Friday,4,0.107,1.423,0.000,0.000,0.000,0.000,1.530,
2025-11-28 05:00:00,Friday,5,0.146,1.423,0.000,0.000,0.000,0.000,1.569,
2025-11-28 06:00:00,Friday,6,0.110,1.231,0.090,0.277,0.000,0.000,1.708,
2025-11-28 07:00:00,Friday,7,0.121,1.358,0.136,0.344,0.000,0.000,1.959,
2025-11-28 08:00:00,Friday,8,0.111,1.334,0.000,0.210,0.000,0.000,1.655,
2025-11-28 09:00:00,Friday,9,0.092,1.507,0.000,0.000,0.103,0.000,1.702,
2025-11-28 10:00:00,Friday,10,0.103,1.164,0.000,0.000,0.110,0.000,1.377,
2025-11-28 11:00:00,Friday,11,0.103,1.487,0.000,0.000,0.088,0.000,1.678,
2025-11-28 12:00:00,Friday,12,0.114,1.186,0.000,0.000,0.090,0.000,1.390,
2025-11-28 13:00:00,Friday,13,0.098,1.458,0.000,0.453,0.101,0.000,2.110,
2025-11-28 14:00:00,Friday,14,0.120,1.221,0.000,0.000,0.169,0.000,1.510,
2025-11-28 15:00:00,Friday,15,0.094,1.366,0.000,0.000,0.088,0.000,1.548,
2025-11-28 16:00:00,Friday,16,0.124,1.390,0.059,0.000,0.141,0.000,1.714,
2025-11-28 17:00:00,Friday,17,0.103,1.384,0.162,1.941,0.132,0.000,3.722,goście
2025-11-28 18:00:00,Friday,18,0.096,1.336,0.185,0.000,0.211,0.000,1.828,goście
2025-11-28 19:00:00,Friday,19,0.123,1.336,0.179,0.000,0.196,0.837,2.671,goście; zmywarka
2025-11-28 20:00:00,Friday,20,0.120,1.451,0.200,0.000,0.158,0.000,1.929,goście
2025-11-28 21:00:00,Friday,21,0.122,1.186,0.156,0.000,0.136,0.000,1.600,goście
2025-11-28 22:00:00,Friday,22,0.101,1.252,0.085,0.000,0.196,0.000,1.634,
2025-11-28 23:00:00,Friday,23,0.122,1.354,0.000,0.000,0.000,0.000,1.476,
2025-11-29 00:00:00,Saturday,0,0.114,1.292,0.000,0.000,0.000,0.000,1.406,
2025-11-29 01:00:00,Saturday,1,0.097,1.300,0.000,0.000,0.000,0.000,1.397,
2025-11-29 02:00:00,Saturday,2,0.110,1.129,0.000,0.000,0.000,0.000,1.239,
2025-11-29 03:00:00,Saturday,3,0.124,1.115,0.000,0.000,0.000,0.000,1.239,
2025-11-29 04:00:00,Saturday,4,0.136,1.037,0.000,0.000,0.000,0.000,1.173,
2025-11-29 05:00:00,Saturday,5,0.100,1.323,0.000,0.000,0.000,0.000,1.423,
2025-11-29 06:00:00,Saturday,6,0.090,1.263,0.110,0.447,0.000,0.000,1.910,
2025-11-29 07:00:00,Saturday,7,0.117,1.378,0.112,0.304,0.000,0.000,1.911,
2025-11-29 08:00:00,Saturday,8,0.092,1.272,0.000,0.398,0.000,0.000,1.762,
2025-11-29 09:00:00,Saturday,9,0.092,1.354,0.000,0.000,0.055,0.563,2.064,pralka
2025-11-29 10:00:00,Saturday,10,0.126,1.592,0.000,0.000,0.114,0.000,1.832,
2025-11-29 11:00:00,Saturday,11,0.090,1.478,0.000,0.000,0.106,0.000,1.674,
2025-11-29 12:00:00,Saturday,12,0.112,1.242,0.000,1.029,0.174,0.000,2.557,
2025-11-29 13:00:00,Saturday,13,0.096,1.245,0.000,0.000,0.101,0.000,1.442,
2025-11-29 14:00:00,Saturday,14,0.093,1.468,0.000,0.000,0.056,0.656,2.273,zmywarka
2025-11-29 15:00:00,Saturday,15,0.118,1.490,0.000,0.000,0.050,0.000,1.658,
2025-11-29 16:00:00,Saturday,16,0.118,1.390,0.062,0.000,0.110,0.000,1.680,
2025-11-29 17:00:00,Saturday,17,0.089,1.491,0.217,0.792,0.261,0.000,2.850,
2025-11-29 18:00:00,Saturday,18,0.117,1.324,0.135,0.000,0.236,0.000,1.812,
2025-11-29 19:00:00,Saturday,19,0.094,1.383,0.205,0.000,0.158,0.000,1.840,
2025-11-29 20:00:00,Saturday,20,0.113,1.314,0.117,0.000,0.217,0.000,1.761,
2025-11-29 21:00:00,Saturday,21,0.123,1.232,0.162,0.000,0.198,0.000,1.715,
2025-11-29 22:00:00,Saturday,22,0.117,1.354,0.090,0.000,0.166,0.000,1.727,
2025-11-29 23:00:00,Saturday,23,0.088,1.298,0.000,0.000,0.000,0.000,1.386,
2025-11-30 00:00:00,Sunday,0,0.114,1.253,0.000,0.000,0.000,0.000,1.367,
2025-11-30 01:00:00,Sunday,1,0.118,1.105,0.000,0.000,0.000,0.000,1.223,
2025-11-30 02:00:00,Sunday,2,0.138,1.479,0.000,0.000,0.000,0.000,1.617,
2025-11-30 03:00:00,Sunday,3,0.105,1.134,0.000,0.000,0.000,0.000,1.239,
2025-11-30 04:00:00,Sunday,4,0.123,1.102,0.000,0.000,0.000,0.000,1.225,
2025-11-30 05:00:00,Sunday,5,0.090,1.160,0.000,0.000,0.000,0.000,1.250,
2025-11-30 06:00:00,Sunday,6,0.121,1.412,0.075,0.240,0.000,0.000,1.848,
2025-11-30 07:00:00,Sunday,7,0.102,1.231,0.131,0.323,0.000,0.000,1.787,
2025-11-30 08:00:00,Sunday,8,0.118,1.390,0.000,0.228,0.000,0.000,1.736,
2025-11-30 09:00:00,Sunday,9,0.126,1.438,0.000,0.000,0.136,0.000,1.700,
2025-11-30 10:00:00,Sunday,10,0.120,1.350,0.000,0.000,0.151,0.000,1.621,
2025-11-30 11:00:00,Sunday,11,0.098,1.419,0.000,0.000,0.086,0.000,1.603,
2025-11-30 12:00:00,Sunday,12,0.120,1.324,0.000,0.000,0.088,0.000,1.532,
2025-11-30 13:00:00,Sunday,13,0.117,1.239,0.000,0.390,0.114,0.000,1.860,
2025-11-30 14:00:00,Sunday,14,0.096,1.186,0.000,0.000,0.159,0.938,2.379,zmywarka
2025-11-30 15:00:00,Sunday,15,0.111,1.124,0.000,0.000,0.124,0.000,1.359,
2025-11-30 16:00:00,Sunday,16,0.109,1.500,0.052,0.000,0.075,0.000,1.736,
2025-11-30 17:00:00,Sunday,17,0.114,1.277,0.222,0.000,0.139,0.000,1.752,
2025-11-30 18:00:00,Sunday,18,0.117,1.620,0.198,0.891,0.234,0.000,3.060,
2025-11-30 19:00:00,Sunday,19,0.119,1.415,0.171,0.000,0.271,0.000,1.976,
2025-11-30 20:00:00,Sunday,20,0.126,1.460,0.238,0.000,0.174,0.000,1.998,
2025-11-30 21:00:00,Sunday,21,0.116,1.607,0.198,0.000,0.261,0.000,2.182,
2025-11-30 22:00:00,Sunday,22,0.089,1.203,0.118,0.000,0.179,0.000,1.589,
2025-11-30 23:00:00,Sunday,23,0.105,1.491,0.000,0.000,0.000,0.000,1.596,
2025-12-01 00:00:00,Monday,0,0.117,1.521,0.000,0.000,0.000,0.000,1.638,
2025-12-01 01:00:00,Monday,1,0.130,1.290,0.000,0.000,0.000,0.000,1.420,
2025-12-01 02:00:00,Monday,2,0.125,1.537,0.000,0.000,0.000,0.000,1.662,
2025-12-01 03:00:00,Monday,3,0.113,1.533,0.000,0.000,0.000,0.000,1.646,
2025-12-01 04:00:00,Monday,4,0.102,1.307,0.000,0.000,0.000,0.000,1.409,
2025-12-01 05:00:00,Monday,5,0.094,1.394,0.000,0.000,0.000,0.000,1.488,
2025-12-01 06:00:00,Monday,6,0.092,1.413,0.138,0.216,0.000,0.000,1.859,
2025-12-01 07:00:00,Monday,7,0.098,1.514,0.064,0.429,0.000,0.000,2.105,
2025-12-01 08:00:00,Monday,8,0.094,1.422,0.135,0.411,0.000,0.000,2.062,
2025-12-01 09:00:00,Monday,9,0.110,1.474,0.000,0.000,0.065,0.000,1.649,
2025-12-01 10:00:00,Monday,10,0.091,1.614,0.000,0.000,0.118,0.000,1.823,
2025-12-01 11:00:00,Monday,11,0.106,1.830,0.000,0.000,0.079,0.000,2.015,
2025-12-01 12:00:00,Monday,12,0.094,1.794,0.000,0.288,0.110,0.000,2.286,
2025-12-01 13:00:00,Monday,13,0.102,1.810,0.000,0.000,0.109,0.000,2.021,
2025-12-01 14:00:00,Monday,14,0.107,1.412,0.000,0.000,0.143,0.000,1.662,
2025-12-01 15:00:00,Monday,15,0.121,1.479,0.000,0.000,0.071,0.000,1.671,
2025-12-01 16:00:00,Monday,16,0.109,1.403,0.092,0.000,0.082,0.000,1.686,
2025-12-01 17:00:00,Monday,17,0.103,1.718,0.142,1.159,0.251,0.000,3.373,
2025-12-01 18:00:00,Monday,18,0.093,1.475,0.098,0.000,0.194,0.000,1.860,
2025-12-01 19:00:00,Monday,19,0.094,1.468,0.116,0.000,0.154,0.749,2.581,zmywarka
2025-12-01 20:00:00,Monday,20,0.108,1.779,0.101,0.000,0.144,0.000,2.132,
2025-12-01 21:00:00,Monday,21,0.093,1.560,0.087,0.000,0.177,0.000,1.917,
2025-12-01 22:00:00,Monday,22,0.093,1.546,0.078,0.000,0.176,0.000,1.893,
2025-12-01 23:00:00,Monday,23,0.095,1.546,0.000,0.000,0.000,0.000,1.641,
2025-12-02 00:00:00,Tuesday,0,0.125,1.502,0.000,0.000,0.000,0.000,1.627,
2025-12-02 01:00:00,Tuesday,1,0.108,1.421,0.000,0.000,0.000,0.000,1.529,
2025-12-02 02:00:00,Tuesday,2,0.123,1.502,0.000,0.000,0.000,0.000,1.625,
2025-12-02 03:00:00,Tuesday,3,0.098,1.491,0.000,0.000,0.000,0.000,1.589,
2025-12-02 04:00:00,Tuesday,4,0.118,1.640,0.000,0.000,0.000,0.000,1.758,
2025-12-02 05:00:00,Tuesday,5,0.127,1.434,0.000,0.000,0.000,0.000,1.561,
2025-12-02 06:00:00,Tuesday,6,0.090,1.526,0.110,0.260,0.000,0.000,1.986,
2025-12-02 07:00:00,Tuesday,7,0.108,1.778,0.077,0.247,0.000,0.000,2.210,
2025-12-02 08:00:00,Tuesday,8,0.109,1.871,0.143,0.389,0.000,0.000,2.512,
2025-12-02 09:00:00,Tuesday,9,0.118,1.634,0.000,0.000,0.260,0.000,2.012,praca zdalna
2025-12-02 10:00:00,Tuesday,10,0.102,1.523,0.000,0.000,0.160,0.000,1.785,praca zdalna
2025-12-02 11:00:00,Tuesday,11,0.118,1.705,0.000,0.000,0.177,0.000,2.000,praca zdalna
2025-12-02 12:00:00,Tuesday,12,0.113,1.546,0.000,0.000,0.179,0.000,1.838,praca zdalna
2025-12-02 13:00:00,Tuesday,13,0.109,1.576,0.000,0.448,0.220,0.000,2.353,praca zdalna
2025-12-02 14:00:00,Tuesday,14,0.120,1.713,0.000,0.000,0.267,0.000,2.100,praca zdalna
2025-12-02 15:00:00,Tuesday,15,0.108,1.944,0.112,0.000,0.332,0.000,2.496,praca zdalna
2025-12-02 16:00:00,Tuesday,16,0.109,1.557,0.118,0.000,0.210,0.000,1.994,praca zdalna
2025-12-02 17:00:00,Tuesday,17,0.091,1.549,0.095,0.000,0.136,0.000,1.871,
2025-12-02 18:00:00,Tuesday,18,0.090,1.838,0.215,0.575,0.120,0.000,2.838,
2025-12-02 19:00:00,Tuesday,19,0.113,1.791,0.148,0.000,0.155,0.000,2.207,
2025-12-02 20:00:00,Tuesday,20,0.103,1.671,0.081,0.000,0.139,0.000,1.994,
2025-12-02 21:00:00,Tuesday,21,0.104,1.838,0.129,0.000,0.156,0.000,2.227,
2025-12-02 22:00:00,Tuesday,22,0.111,1.617,0.062,0.000,0.217,0.000,2.007,
2025-12-02 23:00:00,Tuesday,23,0.118,1.524,0.000,0.000,0.000,0.000,1.642,
2025-12-03 00:00:00,Wednesday,0,0.126,1.393,0.000,0.000,0.000,0.000,1.519,
2025-12-03 01:00:00,Wednesday,1,0.113,1.609,0.000,0.000,0.000,0.000,1.722,
2025-12-03 02:00:00,Wednesday,2,0.122,1.588,0.000,0.000,0.000,0.000,1.710,
2025-12-03 03:00:00,Wednesday,3,0.110,1.300,0.000,0.000,0.000,0.000,1.410,
2025-12-03 04:00:00,Wednesday,4,0.121,1.493,0.000,0.000,0.000,0.000,1.614,
2025-12-03 05:00:00,Wednesday,5,0.115,1.449,0.000,0.000,0.000,0.000,1.564,
2025-12-03 06:00:00,Wednesday,6,0.101,1.519,0.150,0.442,0.000,0.000,2.212,
2025-12-03 07:00:00,Wednesday,7,0.118,1.800,0.074,0.436,0.000,0.000,2.428,
2025-12-03 08:00:00,Wednesday,8,0.118,1.734,0.124,0.324,0.000,0.000,2.300,
2025-12-03 09:00:00,Wednesday,9,0.125,1.403,0.000,0.000,0.073,0.000,1.601,
2025-12-03 10:00:00,Wednesday,10,0.114,1.597,0.000,0.000,0.070,0.000,1.781,
2025-12-03 11:00:00,Wednesday,11,0.124,1.412,0.000,0.000,0.100,0.000,1.636,
2025-12-03 12:00:00,Wednesday,12,0.107,1.784,0.000,0.000,0.106,0.000,1.997,
2025-12-03 13:00:00,Wednesday,13,0.113,1.814,0.000,0.319,0.110,0.000,2.356,
2025-12-03 14:00:00,Wednesday,14,0.112,1.578,0.000,0.000,0.150,0.000,1.840,
2025-12-03 15:00:00,Wednesday,15,0.123,1.759,0.110,0.000,0.111,0.000,2.103,
2025-12-03 16:00:00,Wednesday,16,0.116,1.505,0.111,0.000,0.181,0.000,1.913,
2025-12-03 17:00:00,Wednesday,17,0.099,1.534,0.140,0.000,0.237,0.000,2.010,
2025-12-03 18:00:00,Wednesday,18,0.123,1.528,0.170,0.547,0.224,0.000,2.592,
2025-12-03 19:00:00,Wednesday,19,0.118,1.562,0.142,0.000,0.279,0.000,2.101,
2025-12-03 20:00:00,Wednesday,20,0.126,1.588,0.110,0.000,0.194,0.710,2.728,zmywarka
2025-12-03 21:00:00,Wednesday,21,0.104,1.884,0.162,0.000,0.161,0.000,2.311,
2025-12-03 22:00:00,Wednesday,22,0.112,1.479,0.065,0.000,0.208,0.000,1.864,
2025-12-03 23:00:00,Wednesday,23,0.142,1.334,0.000,0.000,0.000,0.000,1.476,
2025-12-04 00:00:00,Thursday,0,0.114,1.473,0.000,0.000,0.000,0.000,1.587,
2025-12-04 01:00:00,Thursday,1,0.118,1.306,0.000,0.000,0.000,0.000,1.424,
2025-12-04 02:00:00,Thursday,2,0.091,1.334,0.000,0.000,0.000,0.000,1.425,
2025-12-04 03:00:00,Thursday,3,0.105,1.537,0.000,0.000,0.000,0.000,1.642,
2025-12-04 04:00:00,Thursday,4,0.098,1.488,0.000,0.000,0.000,0.000,1.586,
2025-12-04 05:00:00,Thursday,5,0.125,1.609,0.000,0.000,0.000,0.000,1.734,
2025-12-04 06:00:00,Thursday,6,0.126,1.630,0.057,0.248,0.000,0.000,2.061,
2025-12-04 07:00:00,Thursday,7,0.096,1.859,0.150,0.212,0.000,0.000,2.317,
2025-12-04 08:00:00,Thursday,8,0.088,1.805,0.098,0.444,0.000,0.000,2.435,
2025-12-04 09:00:00,Thursday,9,0.122,1.722,0.000,0.000,0.108,0.000,1.952,
2025-12-04 10:00:00,Thursday,10,0.110,1.559,0.000,0.000,0.066,0.000,1.735,
2025-12-04 11:00:00,Thursday,11,0.109,1.489,0.000,0.000,0.090,0.000,1.688,
2025-12-04 12:00:00,Thursday,12,0.102,1.592,0.000,0.000,0.083,0.000,1.777,
2025-12-04 13:00:00,Thursday,13,0.114,1.879,0.000,0.470,0.065,0.000,2.528,
2025-12-04 14:00:00,Thursday,14,0.111,1.600,0.000,0.000,0.146,0.000,1.857,
2025-12-04 15:00:00,Thursday,15,0.119,1.766,0.079,0.000,0.109,0.000,2.073,
2025-12-04 16:00:00,Thursday,16,0.123,1.624,0.076,0.000,0.094,0.000,1.917,
2025-12-04 17:00:00,Thursday,17,0.126,1.661,0.174,0.537,0.248,0.000,2.746,
2025-12-04 18:00:00,Thursday,18,0.115,1.941,0.084,0.000,0.254,0.000,2.394,
2025-12-04 19:00:00,Thursday,19,0.110,1.639,0.190,0.000,0.143,0.761,2.843,zmywarka
2025-12-04 20:00:00,Thursday,20,0.102,1.578,0.097,0.000,0.266,0.000,2.043,
2025-12-04 21:00:00,Thursday,21,0.095,1.983,0.094,0.000,0.238,0.000,2.410,
2025-12-04 22:00:00,Thursday,22,0.115,1.539,0.044,0.000,0.212,0.000,1.910,
2025-12-04 23:00:00,Thursday,23,0.126,1.386,0.000,0.000,0.000,0.000,1.512,
2025-12-05 00:00:00,Friday,0,0.130,1.446,0.000,0.000,0.000,0.000,1.576,
2025-12-05 01:00:00,Friday,1,0.131,1.648,0.000,0.000,0.000,0.000,1.779,
2025-12-05 02:00:00,Friday,2,0.103,1.514,0.000,0.000,0.000,0.000,1.617,
2025-12-05 03:00:00,Friday,3,0.114,1.394,0.000,0.000,0.000,0.000,1.508,
2025-12-05 04:00:00,Friday,4,0.104,1.594,0.000,0.000,0.000,0.000,1.698,
2025-12-05 05:00:00,Friday,5,0.108,1.700,0.000,0.000,0.000,0.000,1.808,
2025-12-05 06:00:00,Friday,6,0.117,1.684,0.086,0.371,0.000,0.000,2.258,
2025-12-05 07:00:00,Friday,7,0.095,1.782,0.074,0.250,0.000,0.000,2.201,
2025-12-05 08:00:00,Friday,8,0.095,1.922,0.098,0.446,0.000,0.000,2.561,
2025-12-05 09:00:00,Friday,9,0.090,1.722,0.000,0.000,0.071,0.000,1.883,
2025-12-05 10:00:00,Friday,10,0.112,1.751,0.000,0.000,0.106,0.000,1.969,
2025-12-05 11:00:00,Friday,11,0.113,1.865,0.000,0.000,0.097,0.000,2.075,
2025-12-05 12:00:00,Friday,12,0.099,1.795,0.000,0.000,0.097,0.000,1.991,
2025-12-05 13:00:00,Friday,13,0.115,1.682,0.000,0.618,0.106,0.000,2.521,
2025-12-05 14:00:00,Friday,14,0.118,1.640,0.000,0.000,0.197,0.000,1.955,
2025-12-05 15:00:00,Friday,15,0.090,1.549,0.074,0.000,0.134,0.000,1.847,
2025-12-05 16:00:00,Friday,16,0.107,1.409,0.126,0.000,0.079,0.000,1.721,
2025-12-05 17:00:00,Friday,17,0.118,1.794,0.140,0.000,0.231,0.000,2.283,
2025-12-05 18:00:00,Friday,18,0.126,1.550,0.208,0.796,0.237,0.000,2.917,
2025-12-05 19:00:00,Friday,19,0.093,1.764,0.182,0.000,0.225,0.000,2.264,
2025-12-05 20:00:00,Friday,20,0.108,1.456,0.222,0.000,0.214,0.755,2.755,zmywarka
2025-12-05 21:00:00,Friday,21,0.119,1.770,0.202,0.000,0.210,0.000,2.301,
2025-12-05 22:00:00,Friday,22,0.092,1.214,0.084,0.000,0.256,0.000,1.646,
2025-12-05 23:00:00,Friday,23,0.126,1.411,0.000,0.000,0.000,0.000,1.537,
2025-12-06 00:00:00,Saturday,0,0.113,1.508,0.000,0.000,0.000,0.000,1.621,
2025-12-06 01:00:00,Saturday,1,0.094,1.634,0.000,0.000,0.000,0.000,1.728,
2025-12-06 02:00:00,Saturday,2,0.123,1.666,0.000,0.000,0.000,0.000,1.789,
2025-12-06 03:00:00,Saturday,3,0.106,1.402,0.000,0.000,0.000,0.000,1.508,
2025-12-06 04:00:00,Saturday,4,0.104,1.842,0.000,0.000,0.000,0.000,1.946,
2025-12-06 05:00:00,Saturday,5,0.118,1.797,0.000,0.000,0.000,0.000,1.915,
2025-12-06 06:00:00,Saturday,6,0.128,2.014,0.086,0.342,0.000,0.000,2.570,
2025-12-06 07:00:00,Saturday,7,0.120,2.198,0.083,0.363,0.000,0.000,2.764,
2025-12-06 08:00:00,Saturday,8,0.098,1.951,0.078,0.334,0.000,0.000,2.461,
2025-12-06 09:00:00,Saturday,9,0.121,1.937,0.000,0.000,0.052,0.000,2.110,
2025-12-06 10:00:00,Saturday,10,0.107,1.524,0.000,0.000,0.096,0.000,1.727,
2025-12-06 11:00:00,Saturday,11,0.121,1.800,0.000,0.000,0.106,0.799,2.826,pralka
2025-12-06 12:00:00,Saturday,12,0.126,1.774,0.000,0.000,0.184,1.234,3.318,suszarka
2025-12-06 13:00:00,Saturday,13,0.103,1.628,0.000,0.877,0.131,0.000,2.739,
2025-12-06 14:00:00,Saturday,14,0.093,1.510,0.000,0.000,0.194,0.839,2.636,zmywarka
2025-12-06 15:00:00,Saturday,15,0.098,1.654,0.141,0.000,0.116,0.000,2.009,
2025-12-06 16:00:00,Saturday,16,0.089,1.630,0.058,0.000,0.061,0.000,1.838,
2025-12-06 17:00:00,Saturday,17,0.103,2.065,0.082,0.000,0.202,0.000,2.452,goście
2025-12-06 18:00:00,Saturday,18,0.097,1.790,0.093,0.884,0.223,0.000,3.087,goście
2025-12-06 19:00:00,Saturday,19,0.104,1.583,0.215,0.000,0.262,0.000,2.164,goście
2025-12-06 20:00:00,Saturday,20,0.088,1.732,0.085,0.000,0.274,0.000,2.179,goście
2025-12-06 21:00:00,Saturday,21,0.115,1.871,0.096,0.000,0.258,0.000,2.340,goście
2025-12-06 22:00:00,Saturday,22,0.110,1.434,0.114,0.000,0.214,0.000,1.872,
2025-12-06 23:00:00,Saturday,23,0.090,1.575,0.000,0.000,0.000,0.000,1.665,
2025-12-07 00:00:00,Sunday,0,0.122,1.130,0.000,0.000,0.000,0.000,1.252,wyjazd / nieobecność
2025-12-07 01:00:00,Sunday,1,0.092,1.116,0.000,0.000,0.000,0.000,1.208,wyjazd / nieobecność
2025-12-07 02:00:00,Sunday,2,0.120,1.398,0.000,0.000,0.000,0.000,1.518,wyjazd / nieobecność
2025-12-07 03:00:00,Sunday,3,0.127,1.074,0.000,0.000,0.000,0.000,1.201,wyjazd / nieobecność
2025-12-07 04:00:00,Sunday,4,0.095,1.402,0.000,0.000,0.000,0.000,1.497,wyjazd / nieobecność
2025-12-07 05:00:00,Sunday,5,0.128,1.389,0.000,0.000,0.000,0.000,1.517,wyjazd / nieobecność
2025-12-07 06:00:00,Sunday,6,0.112,1.211,0.000,0.000,0.000,0.000,1.323,wyjazd / nieobecność
2025-12-07 07:00:00,Sunday,7,0.090,1.323,0.000,0.000,0.000,0.000,1.413,wyjazd / nieobecność
2025-12-07 08:00:00,Sunday,8,0.098,1.065,0.000,0.000,0.000,0.000,1.163,wyjazd / nieobecność
2025-12-07 09:00:00,Sunday,9,0.092,1.193,0.000,0.000,0.000,0.000,1.285,wyjazd / nieobecność
2025-12-07 10:00:00,Sunday,10,0.114,0.980,0.000,0.000,0.000,0.000,1.094,wyjazd / nieobecność
2025-12-07 11:00:00,Sunday,11,0.115,1.003,0.000,0.000,0.000,0.000,1.118,wyjazd / nieobecność
2025-12-07 12:00:00,Sunday,12,0.111,1.054,0.000,0.000,0.000,0.000,1.165,wyjazd / nieobecność
2025-12-07 13:00:00,Sunday,13,0.102,1.100,0.000,0.000,0.000,0.000,1.202,wyjazd / nieobecność
2025-12-07 14:00:00,Sunday,14,0.114,1.038,0.000,0.000,0.000,0.000,1.152,wyjazd / nieobecność
2025-12-07 15:00:00,Sunday,15,0.100,0.932,0.000,0.000,0.000,0.000,1.032,wyjazd / nieobecność
2025-12-07 16:00:00,Sunday,16,0.114,1.222,0.000,0.000,0.000,0.000,1.336,wyjazd / nieobecność
2025-12-07 17:00:00,Sunday,17,0.093,0.930,0.000,0.000,0.000,0.000,1.023,wyjazd / nieobecność
2025-12-07 18:00:00,Sunday,18,0.106,0.987,0.000,0.000,0.000,0.000,1.093,wyjazd / nieobecność
2025-12-07 19:00:00,Sunday,19,0.109,1.253,0.000,0.000,0.000,0.000,1.362,wyjazd / nieobecność
2025-12-07 20:00:00,Sunday,20,0.099,1.154,0.000,0.000,0.000,0.000,1.253,wyjazd / nieobecność
2025-12-07 21:00:00,Sunday,21,0.108,1.046,0.000,0.000,0.000,0.000,1.154,wyjazd / nieobecność
2025-12-07 22:00:00,Sunday,22,0.093,1.138,0.000,0.000,0.000,0.000,1.231,wyjazd / nieobecność
2025-12-07 23:00:00,Sunday,23,0.098,1.178,0.000,0.000,0.000,0.000,1.276,wyjazd / nieobecność
2025-12-08 00:00:00,Monday,0,0.116,1.558,0.000,0.000,0.000,0.000,1.674,
2025-12-08 01:00:00,Monday,1,0.130,1.370,0.000,0.000,0.000,0.000,1.500,
2025-12-08 02:00:00,Monday,2,0.111,1.137,0.000,0.000,0.000,0.000,1.248,
2025-12-08 03:00:00,Monday,3,0.124,1.314,0.000,0.000,0.000,0.000,1.438,
2025-12-08 04:00:00,Monday,4,0.107,1.199,0.000,0.000,0.000,0.000,1.306,
2025-12-08 05:00:00,Monday,5,0.107,1.379,0.000,0.000,0.000,0.000,1.486,
2025-12-08 06:00:00,Monday,6,0.090,1.345,0.061,0.137,0.000,0.000,1.633,
2025-12-08 07:00:00,Monday,7,0.108,1.382,0.120,0.291,0.000,0.000,1.901,
2025-12-08 08:00:00,Monday,8,0.124,1.486,0.166,0.194,0.000,0.000,1.970,
2025-12-08 09:00:00,Monday,9,0.108,1.283,0.000,0.000,0.201,0.747,2.339,praca zdalna; pralka
2025-12-08 10:00:00,Monday,10,0.106,1.090,0.000,0.000,0.200,0.000,1.396,praca zdalna
2025-12-08 11:00:00,Monday,11,0.095,1.382,0.000,0.000,0.211,0.000,1.688,praca zdalna
2025-12-08 12:00:00,Monday,12,0.088,1.367,0.000,0.279,0.190,0.000,1.924,praca zdalna
2025-12-08 13:00:00,Monday,13,0.124,1.054,0.000,0.000,0.167,0.000,1.345,praca zdalna
2025-12-08 14:00:00,Monday,14,0.111,1.244,0.000,0.000,0.253,0.000,1.608,praca zdalna
2025-12-08 15:00:00,Monday,15,0.126,1.080,0.104,0.000,0.249,0.000,1.559,praca zdalna
2025-12-08 16:00:00,Monday,16,0.114,1.166,0.094,0.000,0.182,0.000,1.556,praca zdalna
2025-12-08 17:00:00,Monday,17,0.117,1.387,0.171,0.000,0.201,0.000,1.876,
2025-12-08 18:00:00,Monday,18,0.098,1.211,0.082,1.199,0.169,0.000,2.759,
2025-12-08 19:00:00,Monday,19,0.128,1.172,0.211,0.000,0.120,0.000,1.631,
2025-12-08 20:00:00,Monday,20,0.094,0.986,0.182,0.000,0.260,0.682,2.204,zmywarka
2025-12-08 21:00:00,Monday,21,0.097,1.096,0.144,0.000,0.260,0.000,1.597,
2025-12-08 22:00:00,Monday,22,0.121,0.936,0.092,0.000,0.267,0.000,1.416,
2025-12-08 23:00:00,Monday,23,0.094,0.915,0.000,0.000,0.000,0.000,1.009,
2025-12-09 00:00:00,Tuesday,0,0.099,0.958,0.000,0.000,0.000,0.000,1.057,
2025-12-09 01:00:00,Tuesday,1,0.126,1.074,0.000,0.000,0.000,0.000,1.200,
2025-12-09 02:00:00,Tuesday,2,0.127,0.975,0.000,0.000,0.000,0.000,1.102,
2025-12-09 03:00:00,Tuesday,3,0.114,1.042,0.000,0.000,0.000,0.000,1.156,
2025-12-09 04:00:00,Tuesday,4,0.115,1.184,0.000,0.000,0.000,0.000,1.299,
2025-12-09 05:00:00,Tuesday,5,0.113,1.263,0.000,0.000,0.000,0.000,1.376,
2025-12-09 06:00:00,Tuesday,6,0.111,1.280,0.089,0.296,0.000,0.000,1.776,
2025-12-09 07:00:00,Tuesday,7,0.089,1.625,0.151,0.344,0.000,0.000,2.209,
2025-12-09 08:00:00,Tuesday,8,0.099,1.180,0.140,0.474,0.000,0.000,1.893,
2025-12-09 09:00:00,Tuesday,9,0.117,1.541,0.000,0.000,0.085,0.000,1.743,
2025-12-09 10:00:00,Tuesday,10,0.113,1.146,0.000,0.000,0.077,0.000,1.336,
2025-12-09 11:00:00,Tuesday,11,0.094,1.353,0.000,0.000,0.069,0.000,1.516,
2025-12-09 12:00:00,Tuesday,12,0.099,1.183,0.000,0.000,0.084,0.583,1.949,pralka
2025-12-09 13:00:00,Tuesday,13,0.119,1.055,0.000,0.345,0.065,1.610,3.194,suszarka
2025-12-09 14:00:00,Tuesday,14,0.118,1.149,0.000,0.000,0.118,0.000,1.385,
2025-12-09 15:00:00,Tuesday,15,0.108,1.339,0.066,0.000,0.104,0.000,1.617,
2025-12-09 16:00:00,Tuesday,16,0.114,1.362,0.065,0.000,0.196,0.000,1.737,
2025-12-09 17:00:00,Tuesday,17,0.091,1.250,0.196,0.623,0.262,0.000,2.422,
2025-12-09 18:00:00,Tuesday,18,0.112,1.084,0.151,0.000,0.123,0.000,1.470,
2025-12-09 19:00:00,Tuesday,19,0.105,1.162,0.155,0.000,0.134,0.730,2.286,zmywarka
2025-12-09 20:00:00,Tuesday,20,0.111,1.204,0.115,0.000,0.234,0.000,1.664,
2025-12-09 21:00:00,Tuesday,21,0.098,1.040,0.198,0.000,0.171,0.000,1.507,
2025-12-09 22:00:00,Tuesday,22,0.127,1.044,0.067,0.000,0.205,0.000,1.443,
2025-12-09 23:00:00,Tuesday,23,0.133,0.956,0.000,0.000,0.000,0.000,1.089,
2025-12-10 00:00:00,Wednesday,0,0.134,1.156,0.000,0.000,0.000,0.000,1.290,
2025-12-10 01:00:00,Wednesday,1,0.112,0.944,0.000,0.000,0.000,0.000,1.056,
2025-12-10 02:00:00,Wednesday,2,0.116,0.989,0.000,0.000,0.000,0.000,1.105,
2025-12-10 03:00:00,Wednesday,3,0.112,0.889,0.000,0.000,0.000,0.000,1.001,
2025-12-10 04:00:00,Wednesday,4,0.098,0.946,0.000,0.000,0.000,0.000,1.044,
2025-12-10 05:00:00,Wednesday,5,0.108,0.914,0.000,0.000,0.000,0.000,1.022,
2025-12-10 06:00:00,Wednesday,6,0.089,1.124,0.076,0.446,0.000,0.000,1.735,
2025-12-10 07:00:00,Wednesday,7,0.094,1.078,0.116,0.417,0.000,0.000,1.705,
2025-12-10 08:00:00,Wednesday,8,0.126,1.053,0.110,0.259,0.000,0.000,1.548,
2025-12-10 09:00:00,Wednesday,9,0.090,1.136,0.000,0.000,0.106,0.000,1.332,
2025-12-10 10:00:00,Wednesday,10,0.100,1.066,0.000,0.000,0.094,0.000,1.260,
2025-12-10 11:00:00,Wednesday,11,0.096,0.864,0.000,0.000,0.108,0.000,1.068,
2025-12-10 12:00:00,Wednesday,12,0.093,1.041,0.000,0.000,0.065,0.000,1.199,
2025-12-10 13:00:00,Wednesday,13,0.119,1.046,0.000,0.473,0.079,0.000,1.717,
2025-12-10 14:00:00,Wednesday,14,0.117,1.049,0.000,0.000,0.160,0.000,1.326,
2025-12-10 15:00:00,Wednesday,15,0.106,1.023,0.109,0.000,0.199,0.000,1.437,
2025-12-10 16:00:00,Wednesday,16,0.094,0.930,0.105,0.000,0.121,0.000,1.250,
2025-12-10 17:00:00,Wednesday,17,0.091,1.016,0.230,0.549,0.192,0.000,2.078,
2025-12-10 18:00:00,Wednesday,18,0.127,1.098,0.117,0.000,0.158,0.000,1.500,
2025-12-10 19:00:00,Wednesday,19,0.124,1.250,0.146,0.000,0.138,0.728,2.386,zmywarka
2025-12-10 20:00:00,Wednesday,20,0.097,1.250,0.146,0.000,0.153,0.000,1.646,
2025-12-10 21:00:00,Wednesday,21,0.120,1.133,0.182,0.000,0.125,0.000,1.560,
2025-12-10 22:00:00,Wednesday,22,0.090,0.851,0.094,0.000,0.279,0.000,1.314,
2025-12-10 23:00:00,Wednesday,23,0.130,1.105,0.000,0.000,0.000,0.000,1.235,
2025-12-11 00:00:00,Thursday,0,0.124,1.027,0.000,0.000,0.000,0.000,1.151,
2025-12-11 01:00:00,Thursday,1,0.106,0.943,0.000,0.000,0.000,0.000,1.049,
2025-12-11 02:00:00,Thursday,2,0.119,0.999,0.000,0.000,0.000,0.000,1.118,
2025-12-11 03:00:00,Thursday,3,0.105,0.943,0.000,0.000,0.000,0.000,1.048,
2025-12-11 04:00:00,Thursday,4,0.122,1.105,0.000,0.000,0.000,0.000,1.227,
2025-12-11 05:00:00,Thursday,5,0.090,0.975,0.000,0.000,0.000,0.000,1.065,
2025-12-11 06:00:00,Thursday,6,0.100,1.270,0.135,0.477,0.000,0.000,1.982,
2025-12-11 07:00:00,Thursday,7,0.108,1.170,0.166,0.375,0.000,0.000,1.819,
2025-12-11 08:00:00,Thursday,8,0.091,1.362,0.144,0.267,0.000,0.000,1.864,
2025-12-11 09:00:00,Thursday,9,0.107,1.154,0.000,0.000,0.241,0.000,1.502,praca zdalna
2025-12-11 10:00:00,Thursday,10,0.125,1.330,0.000,0.000,0.163,0.000,1.618,praca zdalna
2025-12-11 11:00:00,Thursday,11,0.101,1.210,0.000,0.000,0.228,0.000,1.539,praca zdalna
2025-12-11 12:00:00,Thursday,12,0.106,1.313,0.000,0.000,0.192,0.000,1.611,praca zdalna
2025-12-11 13:00:00,Thursday,13,0.114,1.266,0.000,0.720,0.211,0.000,2.311,praca zdalna
2025-12-11 14:00:00,Thursday,14,0.121,1.205,0.000,0.000,0.262,0.000,1.588,praca zdalna
2025-12-11 15:00:00,Thursday,15,0.122,1.277,0.052,0.000,0.282,0.000,1.733,praca zdalna
2025-12-11 16:00:00,Thursday,16,0.095,1.218,0.106,0.000,0.226,0.000,1.645,praca zdalna
2025-12-11 17:00:00,Thursday,17,0.094,1.167,0.094,1.224,0.214,0.000,2.793,
2025-12-11 18:00:00,Thursday,18,0.088,1.044,0.217,0.000,0.190,0.000,1.539,
2025-12-11 19:00:00,Thursday,19,0.118,1.261,0.105,0.000,0.126,0.000,1.610,
2025-12-11 20:00:00,Thursday,20,0.091,1.283,0.134,0.000,0.167,0.759,2.434,zmywarka
2025-12-11 21:00:00,Thursday,21,0.096,1.300,0.112,0.000,0.224,0.000,1.732,
2025-12-11 22:00:00,Thursday,22,0.122,1.174,0.118,0.000,0.278,0.000,1.692,
2025-12-11 23:00:00,Thursday,23,0.121,1.197,0.000,0.000,0.000,0.000,1.318,
2025-12-12 00:00:00,Friday,0,0.115,1.292,0.000,0.000,0.000,0.000,1.407,
2025-12-12 01:00:00,Friday,1,0.118,1.034,0.000,0.000,0.000,0.000,1.152,
2025-12-12 02:00:00,Friday,2,0.130,1.030,0.000,0.000,0.000,0.000,1.160,
2025-12-12 03:00:00,Friday,3,0.121,1.258,0.000,0.000,0.000,0.000,1.379,
2025-12-12 04:00:00,Friday,4,0.115,1.215,0.000,0.000,0.000,0.000,1.330,
2025-12-12 05:00:00,Friday,5,0.126,1.285,0.000,0.000,0.000,0.000,1.411,
2025-12-12 06:00:00,Friday,6,0.127,1.199,0.124,0.432,0.000,0.000,1.882,
2025-12-12 07:00:00,Friday,7,0.114,1.226,0.058,0.327,0.000,0.000,1.725,
2025-12-12 08:00:00,Friday,8,0.108,1.427,0.098,0.215,0.000,0.000,1.848,
2025-12-12 09:00:00,Friday,9,0.098,1.264,0.000,0.000,0.095,0.000,1.457,
2025-12-12 10:00:00,Friday,10,0.101,1.489,0.000,0.000,0.105,0.626,2.321,pralka
2025-12-12 11:00:00,Friday,11,0.106,1.671,0.000,0.000,0.080,0.000,1.857,
2025-12-12 12:00:00,Friday,12,0.111,1.288,0.000,0.000,0.090,0.000,1.489,
2025-12-12 13:00:00,Friday,13,0.114,1.182,0.000,0.356,0.117,0.000,1.769,
2025-12-12 14:00:00,Friday,14,0.100,1.185,0.000,0.000,0.140,0.000,1.425,
2025-12-12 15:00:00,Friday,15,0.091,1.272,0.109,0.000,0.079,0.000,1.551,
2025-12-12 16:00:00,Friday,16,0.122,1.462,0.082,0.000,0.142,0.000,1.808,
2025-12-12 17:00:00,Friday,17,0.126,1.332,0.096,0.000,0.234,0.000,1.788,
2025-12-12 18:00:00,Friday,18,0.125,1.462,0.145,0.856,0.159,0.000,2.747,
2025-12-12 19:00:00,Friday,19,0.094,1.642,0.210,0.000,0.238,0.000,2.184,
2025-12-12 20:00:00,Friday,20,0.098,1.390,0.228,0.000,0.149,0.649,2.514,zmywarka
2025-12-12 21:00:00,Friday,21,0.115,1.678,0.230,0.000,0.245,0.000,2.268,
2025-12-12 22:00:00,Friday,22,0.092,1.223,0.094,0.000,0.132,0.000,1.541,
2025-12-12 23:00:00,Friday,23,0.102,1.293,0.000,0.000,0.000,0.000,1.395,
2025-12-13 00:00:00,Saturday,0,0.128,1.642,0.000,0.000,0.000,0.000,1.770,
2025-12-13 01:00:00,Saturday,1,0.106,1.468,0.000,0.000,0.000,0.000,1.574,
2025-12-13 02:00:00,Saturday,2,0.122,1.318,0.000,0.000,0.000,0.000,1.440,
2025-12-13 03:00:00,Saturday,3,0.134,1.612,0.000,0.000,0.000,0.000,1.746,
2025-12-13 04:00:00,Saturday,4,0.137,1.350,0.000,0.000,0.000,0.000,1.487,
2025-12-13 05:00:00,Saturday,5,0.121,1.419,0.000,0.000,0.000,0.000,1.540,
2025-12-13 06:00:00,Saturday,6,0.089,1.467,0.147,0.276,0.000,0.000,1.979,
2025-12-13 07:00:00,Saturday,7,0.090,1.777,0.069,0.180,0.000,0.000,2.116,
2025-12-13 08:00:00,Saturday,8,0.097,1.326,0.112,0.452,0.000,0.000,1.987,
2025-12-13 09:00:00,Saturday,9,0.089,1.482,0.000,0.000,0.047,0.723,2.341,pralka
2025-12-13 10:00:00,Saturday,10,0.105,1.673,0.000,0.000,0.069,0.000,1.847,
2025-12-13 11:00:00,Saturday,11,0.090,1.310,0.000,0.000,0.106,0.000,1.506,
2025-12-13 12:00:00,Saturday,12,0.110,1.423,0.000,0.660,0.111,0.000,2.304,
2025-12-13 13:00:00,Saturday,13,0.088,1.198,0.000,0.000,0.058,0.000,1.344,
2025-12-13 14:00:00,Saturday,14,0.088,1.207,0.000,0.000,0.088,0.881,2.264,zmywarka
2025-12-13 15:00:00,Saturday,15,0.119,1.193,0.068,0.000,0.147,0.000,1.527,
2025-12-13 16:00:00,Saturday,16,0.108,1.118,0.078,0.000,0.126,0.000,1.430,
2025-12-13 17:00:00,Saturday,17,0.094,1.572,0.136,0.643,0.236,0.000,2.681,
2025-12-13 18:00:00,Saturday,18,0.100,1.578,0.209,0.000,0.163,0.000,2.050,
2025-12-13 19:00:00,Saturday,19,0.108,1.390,0.098,0.000,0.240,0.000,1.836,
2025-12-13 20:00:00,Saturday,20,0.125,1.713,0.178,0.000,0.139,0.000,2.155,
2025-12-13 21:00:00,Saturday,21,0.094,1.478,0.188,0.000,0.277,0.000,2.037,
2025-12-13 22:00:00,Saturday,22,0.102,1.273,0.059,0.000,0.161,0.000,1.595,
2025-12-13 23:00:00,Saturday,23,0.129,1.621,0.000,0.000,0.000,0.000,1.750,
2025-12-14 00:00:00,Sunday,0,0.092,1.740,0.000,0.000,0.000,0.000,1.832,
2025-12-14 01:00:00,Sunday,1,0.120,1.620,0.000,0.000,0.000,0.000,1.740,
2025-12-14 02:00:00,Sunday,2,0.126,1.354,0.000,0.000,0.000,0.000,1.480,
2025-12-14 03:00:00,Sunday,3,0.132,1.210,0.000,0.000,0.000,0.000,1.342,
2025-12-14 04:00:00,Sunday,4,0.114,1.286,0.000,0.000,0.000,0.000,1.400,
2025-12-14 05:00:00,Sunday,5,0.120,1.413,0.000,0.000,0.000,0.000,1.533,
2025-12-14 06:00:00,Sunday,6,0.117,1.779,0.090,0.349,0.000,0.000,2.335,
2025-12-14 07:00:00,Sunday,7,0.118,1.426,0.157,0.331,0.000,0.000,2.032,
2025-12-14 08:00:00,Sunday,8,0.110,1.410,0.120,0.492,0.000,0.000,2.132,
2025-12-14 09:00:00,Sunday,9,0.091,1.477,0.000,0.000,0.045,0.000,1.613,
2025-12-14 10:00:00,Sunday,10,0.100,1.598,0.000,0.000,0.116,0.000,1.814,
2025-12-14 11:00:00,Sunday,11,0.112,1.768,0.000,0.000,0.166,0.000,2.046,
2025-12-14 12:00:00,Sunday,12,0.127,1.464,0.000,0.000,0.190,0.000,1.781,
2025-12-14 13:00:00,Sunday,13,0.110,1.401,0.000,0.593,0.098,0.788,2.990,zmywarka
2025-12-14 14:00:00,Sunday,14,0.095,1.382,0.000,0.000,0.051,0.000,1.528,
2025-12-14 15:00:00,Sunday,15,0.090,1.448,0.133,0.000,0.111,0.000,1.782,
2025-12-14 16:00:00,Sunday,16,0.103,1.638,0.115,0.000,0.074,0.000,1.930,
2025-12-14 17:00:00,Sunday,17,0.089,1.716,0.181,0.000,0.162,0.000,2.148,
2025-12-14 18:00:00,Sunday,18,0.110,1.518,0.124,0.817,0.258,0.000,2.827,
2025-12-14 19:00:00,Sunday,19,0.126,1.398,0.196,0.000,0.132,0.000,1.852,
2025-12-14 20:00:00,Sunday,20,0.108,1.531,0.161,0.000,0.234,0.000,2.034,
2025-12-14 21:00:00,Sunday,21,0.089,1.490,0.082,0.000,0.142,0.000,1.803,
2025-12-14 22:00:00,Sunday,22,0.093,1.208,0.064,0.000,0.170,0.000,1.535,
2025-12-14 23:00:00,Sunday,23,0.122,1.278,0.000,0.000,0.000,0.000,1.400,
2025-12-15 00:00:00,Monday,0,0.116,1.294,0.000,0.000,0.000,0.000,1.410,
2025-12-15 01:00:00,Monday,1,0.098,1.201,0.000,0.000,0.000,0.000,1.299,
2025-12-15 02:00:00,Monday,2,0.113,1.506,0.000,0.000,0.000,0.000,1.619,
2025-12-15 03:00:00,Monday,3,0.138,1.306,0.000,0.000,0.000,0.000,1.444,
2025-12-15 04:00:00,Monday,4,0.122,1.512,0.000,0.000,0.000,0.000,1.634,
2025-12-15 05:00:00,Monday,5,0.119,1.382,0.000,0.000,0.000,0.000,1.501,
2025-12-15 06:00:00,Monday,6,0.088,1.314,0.070,0.379,0.000,0.000,1.851,
2025-12-15 07:00:00,Monday,7,0.091,1.382,0.140,0.375,0.000,0.000,1.988,
2025-12-15 08:00:00,Monday,8,0.126,1.277,0.154,0.412,0.000,0.000,1.969,
2025-12-15 09:00:00,Monday,9,0.127,1.589,0.000,0.000,0.114,0.000,1.830,
2025-12-15 10:00:00,Monday,10,0.098,1.266,0.000,0.000,0.090,0.000,1.454,
2025-12-15 11:00:00,Monday,11,0.112,1.622,0.000,0.000,0.082,0.000,1.816,
2025-12-15 12:00:00,Monday,12,0.089,1.522,0.000,0.000,0.098,0.000,1.709,
2025-12-15 13:00:00,Monday,13,0.126,1.603,0.000,0.261,0.065,0.000,2.055,
2025-12-15 14:00:00,Monday,14,0.094,1.182,0.000,0.000,0.102,0.000,1.378,
2025-12-15 15:00:00,Monday,15,0.118,1.270,0.000,0.000,0.168,0.000,1.556,
2025-12-15 16:00:00,Monday,16,0.126,1.490,0.106,0.000,0.142,0.000,1.864,
2025-12-15 17:00:00,Monday,17,0.117,1.684,0.154,0.000,0.202,0.000,2.157,
2025-12-15 18:00:00,Monday,18,0.122,1.445,0.210,0.746,0.256,0.000,2.779,
2025-12-15 19:00:00,Monday,19,0.093,1.513,0.130,0.000,0.123,0.834,2.693,zmywarka
2025-12-15 20:00:00,Monday,20,0.093,1.619,0.237,0.000,0.134,0.000,2.083,
2025-12-15 21:00:00,Monday,21,0.095,1.612,0.193,0.000,0.242,0.000,2.142,
2025-12-15 22:00:00,Monday,22,0.104,1.342,0.110,0.000,0.183,0.000,1.739,
2025-12-15 23:00:00,Monday,23,0.118,1.418,0.000,0.000,0.000,0.000,1.536,
2025-12-16 00:00:00,Tuesday,0,0.113,1.533,0.000,0.000,0.000,0.000,1.646,
2025-12-16 01:00:00,Tuesday,1,0.119,1.619,0.000,0.000,0.000,0.000,1.738,
2025-12-16 02:00:00,Tuesday,2,0.114,1.315,0.000,0.000,0.000,0.000,1.429,
2025-12-16 03:00:00,Tuesday,3,0.096,1.716,0.000,0.000,0.000,0.000,1.812,
2025-12-16 04:00:00,Tuesday,4,0.114,1.670,0.000,0.000,0.000,0.000,1.784,
2025-12-16 05:00:00,Tuesday,5,0.100,1.709,0.000,0.000,0.000,0.000,1.809,
2025-12-16 06:00:00,Tuesday,6,0.126,1.847,0.142,0.150,0.000,0.000,2.265,
2025-12-16 07:00:00,Tuesday,7,0.097,1.814,0.070,0.290,0.000,0.000,2.271,
2025-12-16 08:00:00,Tuesday,8,0.096,1.484,0.090,0.140,0.000,0.000,1.810,
2025-12-16 09:00:00,Tuesday,9,0.095,1.606,0.000,0.000,0.066,0.000,1.767,
2025-12-16 10:00:00,Tuesday,10,0.117,1.714,0.000,0.000,0.075,0.000,1.906,
2025-12-16 11:00:00,Tuesday,11,0.119,1.542,0.000,0.000,0.087,0.000,1.748,
2025-12-16 12:00:00,Tuesday,12,0.121,1.759,0.000,0.000,0.083,0.000,1.963,
2025-12-16 13:00:00,Tuesday,13,0.091,1.473,0.000,0.255,0.078,0.000,1.897,
2025-12-16 14:00:00,Tuesday,14,0.089,1.637,0.000,0.000,0.112,0.000,1.838,
2025-12-16 15:00:00,Tuesday,15,0.089,1.450,0.000,0.000,0.117,0.000,1.656,
2025-12-16 16:00:00,Tuesday,16,0.122,1.688,0.120,0.000,0.134,0.000,2.064,
2025-12-16 17:00:00,Tuesday,17,0.116,1.428,0.192,0.000,0.207,0.000,1.943,
2025-12-16 18:00:00,Tuesday,18,0.114,1.342,0.091,0.875,0.130,0.000,2.552,
2025-12-16 19:00:00,Tuesday,19,0.119,1.498,0.204,0.000,0.173,0.911,2.905,zmywarka
2025-12-16 20:00:00,Tuesday,20,0.104,1.509,0.161,0.000,0.242,0.000,2.016,
2025-12-16 21:00:00,Tuesday,21,0.118,1.484,0.153,0.000,0.198,0.000,1.953,
2025-12-16 22:00:00,Tuesday,22,0.117,1.178,0.098,0.000,0.125,0.000,1.518,
2025-12-16 23:00:00,Tuesday,23,0.144,1.134,0.000,0.000,0.000,0.000,1.278,
2025-12-17 00:00:00,Wednesday,0,0.138,1.425,0.000,0.000,0.000,0.000,1.563,
2025-12-17 01:00:00,Wednesday,1,0.106,1.155,0.000,0.000,0.000,0.000,1.261,
2025-12-17 02:00:00,Wednesday,2,0.120,1.334,0.000,0.000,0.000,0.000,1.454,
2025-12-17 03:00:00,Wednesday,3,0.143,1.488,0.000,0.000,0.000,0.000,1.631,
2025-12-17 04:00:00,Wednesday,4,0.106,1.368,0.000,0.000,0.000,0.000,1.474,
2025-12-17 05:00:00,Wednesday,5,0.098,1.372,0.000,0.000,0.000,0.000,1.470,
2025-12-17 06:00:00,Wednesday,6,0.126,1.501,0.130,0.394,0.000,0.000,2.151,
2025-12-17 07:00:00,Wednesday,7,0.108,1.702,0.102,0.348,0.000,0.000,2.260,
2025-12-17 08:00:00,Wednesday,8,0.097,1.314,0.070,0.411,0.000,0.000,1.892,
2025-12-17 09:00:00,Wednesday,9,0.109,1.348,0.000,0.000,0.098,0.000,1.555,
2025-12-17 10:00:00,Wednesday,10,0.098,1.516,0.000,0.000,0.082,0.000,1.696,
2025-12-17 11:00:00,Wednesday,11,0.089,1.630,0.000,0.000,0.117,0.526,2.362,pralka
2025-12-17 12:00:00,Wednesday,12,0.127,1.366,0.000,0.000,0.112,1.749,3.354,suszarka
2025-12-17 13:00:00,Wednesday,13,0.128,1.318,0.000,0.461,0.077,0.000,1.984,
2025-12-17 14:00:00,Wednesday,14,0.125,1.359,0.000,0.000,0.091,0.000,1.575,
2025-12-17 15:00:00,Wednesday,15,0.119,1.630,0.000,0.000,0.186,0.000,1.935,
2025-12-17 16:00:00,Wednesday,16,0.122,1.336,0.110,0.000,0.101,0.000,1.669,
2025-12-17 17:00:00,Wednesday,17,0.123,1.503,0.135,0.000,0.172,0.000,1.933,
2025-12-17 18:00:00,Wednesday,18,0.111,1.574,0.217,0.792,0.138,0.000,2.832,
2025-12-17 19:00:00,Wednesday,19,0.096,1.762,0.118,0.000,0.275,0.000,2.251,
2025-12-17 20:00:00,Wednesday,20,0.106,1.461,0.198,0.000,0.264,0.000,2.029,
2025-12-17 21:00:00,Wednesday,21,0.116,1.749,0.146,0.000,0.256,0.000,2.267,
2025-12-17 22:00:00,Wednesday,22,0.114,1.469,0.119,0.000,0.247,0.000,1.949,
2025-12-17 23:00:00,Wednesday,23,0.105,1.125,0.000,0.000,0.000,0.000,1.230,
2025-12-18 00:00:00,Thursday,0,0.114,1.354,0.000,0.000,0.000,0.000,1.468,
2025-12-18 01:00:00,Thursday,1,0.126,1.314,0.000,0.000,0.000,0.000,1.440,
2025-12-18 02:00:00,Thursday,2,0.095,1.338,0.000,0.000,0.000,0.000,1.433,
2025-12-18 03:00:00,Thursday,3,0.130,1.108,0.000,0.000,0.000,0.000,1.238,
2025-12-18 04:00:00,Thursday,4,0.110,1.177,0.000,0.000,0.000,0.000,1.287,
2025-12-18 05:00:00,Thursday,5,0.104,1.184,0.000,0.000,0.000,0.000,1.288,
2025-12-18 06:00:00,Thursday,6,0.127,1.412,0.129,0.350,0.000,0.000,2.018,
2025-12-18 07:00:00,Thursday,7,0.103,1.483,0.118,0.353,0.000,0.000,2.057,
2025-12-18 08:00:00,Thursday,8,0.104,1.346,0.130,0.356,0.000,0.000,1.936,
2025-12-18 09:00:00,Thursday,9,0.106,1.430,0.000,0.000,0.069,0.000,1.605,
2025-12-18 10:00:00,Thursday,10,0.108,1.451,0.000,0.000,0.099,0.000,1.658,
2025-12-18 11:00:00,Thursday,11,0.110,1.286,0.000,0.000,0.074,0.000,1.470,
2025-12-18 12:00:00,Thursday,12,0.094,1.341,0.000,0.000,0.078,0.000,1.513,
2025-12-18 13:00:00,Thursday,13,0.116,1.421,0.000,0.708,0.101,0.000,2.346,
2025-12-18 14:00:00,Thursday,14,0.126,1.278,0.000,0.000,0.154,0.000,1.558,
2025-12-18 15:00:00,Thursday,15,0.116,1.431,0.099,0.000,0.084,0.000,1.730,
2025-12-18 16:00:00,Thursday,16,0.107,1.504,0.062,0.000,0.189,0.000,1.862,
2025-12-18 17:00:00,Thursday,17,0.108,1.380,0.182,0.645,0.198,0.000,2.513,
2025-12-18 18:00:00,Thursday,18,0.115,1.326,0.176,0.000,0.142,0.000,1.759,
2025-12-18 19:00:00,Thursday,19,0.122,1.430,0.239,0.000,0.147,0.806,2.744,zmywarka
2025-12-18 20:00:00,Thursday,20,0.097,1.586,0.174,0.000,0.132,0.000,1.989,
2025-12-18 21:00:00,Thursday,21,0.091,1.214,0.202,0.000,0.147,0.000,1.654,
2025-12-18 22:00:00,Thursday,22,0.109,1.278,0.069,0.000,0.258,0.000,1.714,
2025-12-18 23:00:00,Thursday,23,0.116,1.196,0.000,0.000,0.000,0.000,1.312,
2025-12-19 00:00:00,Friday,0,0.134,1.151,0.000,0.000,0.000,0.000,1.285,
2025-12-19 01:00:00,Friday,1,0.102,1.413,0.000,0.000,0.000,0.000,1.515,
2025-12-19 02:00:00,Friday,2,0.127,1.350,0.000,0.000,0.000,0.000,1.477,
2025-12-19 03:00:00,Friday,3,0.145,1.170,0.000,0.000,0.000,0.000,1.315,
2025-12-19 04:00:00,Friday,4,0.138,1.370,0.000,0.000,0.000,0.000,1.508,
2025-12-19 05:00:00,Friday,5,0.089,1.402,0.000,0.000,0.000,0.000,1.491,
2025-12-19 06:00:00,Friday,6,0.119,1.447,0.148,0.421,0.000,0.000,2.135,
2025-12-19 07:00:00,Friday,7,0.095,1.206,0.162,0.300,0.000,0.000,1.763,
2025-12-19 08:00:00,Friday,8,0.122,1.353,0.093,0.186,0.000,0.000,1.754,
2025-12-19 09:00:00,Friday,9,0.090,1.085,0.000,0.000,0.101,0.000,1.276,
2025-12-19 10:00:00,Friday,10,0.096,1.302,0.000,0.000,0.082,0.000,1.480,
2025-12-19 11:00:00,Friday,11,0.092,1.138,0.000,0.000,0.070,0.000,1.300,
2025-12-19 12:00:00,Friday,12,0.098,1.057,0.000,0.438,0.067,0.000,1.660,
2025-12-19 13:00:00,Friday,13,0.104,1.042,0.000,0.000,0.096,0.000,1.242,
2025-12-19 14:00:00,Friday,14,0.124,1.185,0.000,0.000,0.081,0.000,1.390,
2025-12-19 15:00:00,Friday,15,0.097,1.105,0.079,0.000,0.098,0.000,1.379,
2025-12-19 16:00:00,Friday,16,0.092,1.247,0.140,0.000,0.186,0.000,1.665,
2025-12-19 17:00:00,Friday,17,0.106,1.135,0.098,0.000,0.147,0.000,1.486,
2025-12-19 18:00:00,Friday,18,0.094,1.241,0.113,0.560,0.240,0.000,2.248,
2025-12-19 19:00:00,Friday,19,0.114,1.180,0.214,0.000,0.270,0.000,1.778,
2025-12-19 20:00:00,Friday,20,0.127,1.091,0.143,0.000,0.218,0.867,2.446,zmywarka
2025-12-19 21:00:00,Friday,21,0.126,1.199,0.165,0.000,0.267,0.000,1.757,
2025-12-19 22:00:00,Friday,22,0.103,0.963,0.071,0.000,0.146,0.000,1.283,
2025-12-19 23:00:00,Friday,23,0.114,1.266,0.000,0.000,0.000,0.000,1.380,
2025-12-20 00:00:00,Saturday,0,0.108,1.270,0.000,0.000,0.000,0.000,1.378,
2025-12-20 01:00:00,Saturday,1,0.142,1.538,0.000,0.000,0.000,0.000,1.680,
2025-12-20 02:00:00,Saturday,2,0.100,1.304,0.000,0.000,0.000,0.000,1.404,
2025-12-20 03:00:00,Saturday,3,0.104,1.487,0.000,0.000,0.000,0.000,1.591,
2025-12-20 04:00:00,Saturday,4,0.118,1.438,0.000,0.000,0.000,0.000,1.556,
2025-12-20 05:00:00,Saturday,5,0.090,1.503,0.000,0.000,0.000,0.000,1.593,
2025-12-20 06:00:00,Saturday,6,0.115,1.635,0.111,0.398,0.000,0.000,2.259,
2025-12-20 07:00:00,Saturday,7,0.116,1.597,0.151,0.259,0.000,0.000,2.123,
2025-12-20 08:00:00,Saturday,8,0.122,1.442,0.165,0.238,0.000,0.000,1.967,
2025-12-20 09:00:00,Saturday,9,0.126,1.454,0.000,0.000,0.131,0.000,1.711,
2025-12-20 10:00:00,Saturday,10,0.115,1.662,0.000,0.000,0.174,0.000,1.951,
2025-12-20 11:00:00,Saturday,11,0.121,1.298,0.000,0.000,0.086,0.574,2.079,pralka
2025-12-20 12:00:00,Saturday,12,0.118,1.478,0.000,0.000,0.084,1.754,3.434,suszarka
2025-12-20 13:00:00,Saturday,13,0.126,1.463,0.000,0.585,0.174,0.000,2.348,
2025-12-20 14:00:00,Saturday,14,0.107,1.406,0.000,0.000,0.085,0.748,2.346,zmywarka
2025-12-20 15:00:00,Saturday,15,0.109,1.533,0.000,0.000,0.077,0.000,1.719,
2025-12-20 16:00:00,Saturday,16,0.092,1.399,0.078,0.000,0.105,0.000,1.674,
2025-12-20 17:00:00,Saturday,17,0.102,1.626,0.209,0.917,0.261,0.000,3.115,goście
2025-12-20 18:00:00,Saturday,18,0.115,1.512,0.114,0.000,0.154,0.000,1.895,goście
2025-12-20 19:00:00,Saturday,19,0.122,1.403,0.084,0.000,0.274,0.000,1.883,goście
2025-12-20 20:00:00,Saturday,20,0.101,1.430,0.158,0.000,0.249,0.000,1.938,goście
2025-12-20 21:00:00,Saturday,21,0.099,1.781,0.134,0.000,0.216,0.000,2.230,goście
2025-12-20 22:00:00,Saturday,22,0.118,1.396,0.085,0.000,0.143,0.000,1.742,
2025-12-20 23:00:00,Saturday,23,0.101,1.714,0.000,0.000,0.000,0.000,1.815,
2025-12-21 00:00:00,Sunday,0,0.117,1.602,0.000,0.000,0.000,0.000,1.719,
2025-12-21 01:00:00,Sunday,1,0.146,1.584,0.000,0.000,0.000,0.000,1.730,
2025-12-21 02:00:00,Sunday,2,0.118,1.651,0.000,0.000,0.000,0.000,1.769,
2025-12-21 03:00:00,Sunday,3,0.100,1.845,0.000,0.000,0.000,0.000,1.945,
2025-12-21 04:00:00,Sunday,4,0.095,1.782,0.000,0.000,0.000,0.000,1.877,
2025-12-21 05:00:00,Sunday,5,0.092,1.756,0.000,0.000,0.000,0.000,1.848,
2025-12-21 06:00:00,Sunday,6,0.121,1.684,0.109,0.376,0.000,0.000,2.290,
2025-12-21 07:00:00,Sunday,7,0.127,1.577,0.110,0.285,0.000,0.000,2.099,
2025-12-21 08:00:00,Sunday,8,0.125,1.678,0.071,0.158,0.000,0.000,2.032,
2025-12-21 09:00:00,Sunday,9,0.106,2.162,0.000,0.000,0.050,0.000,2.318,
2025-12-21 10:00:00,Sunday,10,0.116,1.961,0.000,0.000,0.147,0.000,2.224,
2025-12-21 11:00:00,Sunday,11,0.098,2.132,0.000,0.000,0.098,0.000,2.328,
2025-12-21 12:00:00,Sunday,12,0.119,1.790,0.000,0.940,0.105,0.000,2.954,
2025-12-21 13:00:00,Sunday,13,0.093,1.698,0.000,0.000,0.156,0.679,2.626,zmywarka
2025-12-21 14:00:00,Sunday,14,0.114,1.929,0.000,0.000,0.178,0.000,2.221,
2025-12-21 15:00:00,Sunday,15,0.096,2.043,0.111,0.000,0.159,0.000,2.409,
2025-12-21 16:00:00,Sunday,16,0.118,1.726,0.132,0.000,0.186,0.000,2.162,
2025-12-21 17:00:00,Sunday,17,0.122,1.678,0.106,1.254,0.269,0.000,3.429,
2025-12-21 18:00:00,Sunday,18,0.097,1.547,0.153,0.000,0.169,0.000,1.966,
2025-12-21 19:00:00,Sunday,19,0.097,1.806,0.083,0.000,0.211,0.000,2.197,
2025-12-21 20:00:00,Sunday,20,0.112,1.910,0.176,0.000,0.203,0.000,2.401,
2025-12-21 21:00:00,Sunday,21,0.117,2.009,0.107,0.000,0.186,0.000,2.419,
2025-12-21 22:00:00,Sunday,22,0.103,1.458,0.063,0.000,0.225,0.000,1.849,
2025-12-21 23:00:00,Sunday,23,0.116,1.738,0.000,0.000,0.000,0.000,1.854,
2025-12-22 00:00:00,Monday,0,0.118,1.725,0.000,0.000,0.000,0.000,1.843,
2025-12-22 01:00:00,Monday,1,0.117,1.374,0.000,0.000,0.000,0.000,1.491,
2025-12-22 02:00:00,Monday,2,0.107,1.590,0.000,0.000,0.000,0.000,1.697,
2025-12-22 03:00:00,Monday,3,0.127,1.560,0.000,0.000,0.000,0.000,1.687,
2025-12-22 04:00:00,Monday,4,0.127,1.676,0.000,0.000,0.000,0.000,1.803,
2025-12-22 05:00:00,Monday,5,0.092,1.631,0.000,0.000,0.000,0.000,1.723,
2025-12-22 06:00:00,Monday,6,0.114,1.526,0.068,0.214,0.000,0.000,1.922,
2025-12-22 07:00:00,Monday,7,0.112,1.486,0.145,0.405,0.000,0.000,2.148,
2025-12-22 08:00:00,Monday,8,0.126,1.582,0.109,0.414,0.000,0.000,2.231,
2025-12-22 09:00:00,Monday,9,0.110,1.774,0.000,0.000,0.086,0.000,1.970,
2025-12-22 10:00:00,Monday,10,0.092,1.908,0.000,0.000,0.090,0.000,2.090,
2025-12-22 11:00:00,Monday,11,0.106,1.843,0.000,0.000,0.078,0.000,2.027,
2025-12-22 12:00:00,Monday,12,0.126,1.728,0.000,0.458,0.103,0.000,2.415,
2025-12-22 13:00:00,Monday,13,0.106,1.716,0.000,0.000,0.087,0.000,1.909,
2025-12-22 14:00:00,Monday,14,0.111,1.481,0.000,0.000,0.078,0.000,1.670,
2025-12-22 15:00:00,Monday,15,0.091,1.726,0.122,0.000,0.186,0.000,2.125,
2025-12-22 16:00:00,Monday,16,0.114,1.841,0.119,0.000,0.197,0.000,2.271,
2025-12-22 17:00:00,Monday,17,0.110,1.519,0.237,0.839,0.148,0.000,2.853,
2025-12-22 18:00:00,Monday,18,0.108,1.903,0.106,0.000,0.207,0.000,2.324,
2025-12-22 19:00:00,Monday,19,0.094,1.610,0.152,0.000,0.266,0.000,2.122,
2025-12-22 20:00:00,Monday,20,0.099,1.702,0.125,0.000,0.202,0.684,2.812,zmywarka
2025-12-22 21:00:00,Monday,21,0.088,1.923,0.191,0.000,0.185,0.000,2.387,
2025-12-22 22:00:00,Monday,22,0.095,1.502,0.054,0.000,0.246,0.000,1.897,
2025-12-22 23:00:00,Monday,23,0.112,1.651,0.000,0.000,0.000,0.000,1.763,
2025-12-23 00:00:00,Tuesday,0,0.094,1.502,0.000,0.000,0.000,0.000,1.596,
2025-12-23 01:00:00,Tuesday,1,0.089,1.603,0.000,0.000,0.000,0.000,1.692,
2025-12-23 02:00:00,Tuesday,2,0.131,1.466,0.000,0.000,0.000,0.000,1.597,
2025-12-23 03:00:00,Tuesday,3,0.097,1.550,0.000,0.000,0.000,0.000,1.647,
2025-12-23 04:00:00,Tuesday,4,0.146,1.602,0.000,0.000,0.000,0.000,1.748,
2025-12-23 05:00:00,Tuesday,5,0.104,2.073,0.000,0.000,0.000,0.000,2.177,
2025-12-23 06:00:00,Tuesday,6,0.098,1.774,0.072,0.182,0.000,0.000,2.126,
2025-12-23 07:00:00,Tuesday,7,0.118,2.253,0.111,0.286,0.000,0.000,2.768,
2025-12-23 08:00:00,Tuesday,8,0.091,1.874,0.076,0.451,0.000,0.000,2.492,
2025-12-23 09:00:00,Tuesday,9,0.103,1.916,0.000,0.000,0.071,0.771,2.861,pralka
2025-12-23 10:00:00,Tuesday,10,0.099,1.864,0.000,0.000,0.074,0.000,2.037,
2025-12-23 11:00:00,Tuesday,11,0.095,2.354,0.000,0.000,0.106,0.000,2.555,
2025-12-23 12:00:00,Tuesday,12,0.120,2.184,0.000,0.000,0.118,0.000,2.422,
2025-12-23 13:00:00,Tuesday,13,0.123,1.866,0.000,0.364,0.088,0.000,2.441,
2025-12-23 14:00:00,Tuesday,14,0.111,1.883,0.000,0.000,0.148,0.000,2.142,
2025-12-23 15:00:00,Tuesday,15,0.103,2.082,0.000,0.000,0.181,0.000,2.366,
2025-12-23 16:00:00,Tuesday,16,0.107,2.049,0.110,0.000,0.092,0.000,2.358,
2025-12-23 17:00:00,Tuesday,17,0.128,2.258,0.134,0.000,0.148,0.000,2.668,
2025-12-23 18:00:00,Tuesday,18,0.110,2.074,0.115,0.517,0.263,0.000,3.079,
2025-12-23 19:00:00,Tuesday,19,0.092,2.004,0.107,0.000,0.186,0.000,2.389,
2025-12-23 20:00:00,Tuesday,20,0.099,2.017,0.196,0.000,0.172,0.000,2.484,
2025-12-23 21:00:00,Tuesday,21,0.126,2.686,0.152,0.000,0.152,0.000,3.116,
2025-12-23 22:00:00,Tuesday,22,0.099,2.462,0.051,0.000,0.146,0.000,2.758,
2025-12-23 23:00:00,Tuesday,23,0.103,2.398,0.000,0.000,0.000,0.000,2.501,
2025-12-24 00:00:00,Wednesday,0,0.121,2.344,0.000,0.000,0.000,0.000,2.465,
2025-12-24 01:00:00,Wednesday,1,0.110,2.234,0.000,0.000,0.000,0.000,2.344,
2025-12-24 02:00:00,Wednesday,2,0.101,2.347,0.000,0.000,0.000,0.000,2.448,
2025-12-24 03:00:00,Wednesday,3,0.119,2.391,0.000,0.000,0.000,0.000,2.510,
2025-12-24 04:00:00,Wednesday,4,0.106,2.496,0.000,0.000,0.000,0.000,2.602,
2025-12-24 05:00:00,Wednesday,5,0.101,2.662,0.000,0.000,0.000,0.000,2.763,
2025-12-24 06:00:00,Wednesday,6,0.099,2.941,0.154,0.383,0.000,0.000,3.577,
2025-12-24 07:00:00,Wednesday,7,0.125,2.694,0.112,0.239,0.000,0.000,3.170,
2025-12-24 08:00:00,Wednesday,8,0.106,2.330,0.088,0.206,0.000,0.000,2.730,
2025-12-24 09:00:00,Wednesday,9,0.118,2.704,0.000,0.000,0.090,0.000,2.912,
2025-12-24 10:00:00,Wednesday,10,0.126,3.009,0.000,0.000,0.074,0.000,3.209,
2025-12-24 11:00:00,Wednesday,11,0.124,2.853,0.000,0.000,0.069,0.000,3.046,
2025-12-24 12:00:00,Wednesday,12,0.111,2.536,0.000,0.450,0.096,0.000,3.193,
2025-12-24 13:00:00,Wednesday,13,0.122,2.742,0.000,0.000,0.077,0.000,2.941,
2025-12-24 14:00:00,Wednesday,14,0.102,2.814,0.000,0.000,0.166,0.000,3.082,
2025-12-24 15:00:00,Wednesday,15,0.108,2.524,0.000,0.000,0.178,0.000,2.810,
2025-12-24 16:00:00,Wednesday,16,0.118,2.864,0.126,0.000,0.068,0.000,3.176,
2025-12-24 17:00:00,Wednesday,17,0.121,2.812,0.140,0.000,0.155,0.000,3.228,
2025-12-24 18:00:00,Wednesday,18,0.112,2.537,0.165,0.688,0.123,0.000,3.625,
2025-12-24 19:00:00,Wednesday,19,0.112,2.603,0.212,0.000,0.156,0.922,4.005,zmywarka
2025-12-24 20:00:00,Wednesday,20,0.115,2.956,0.198,0.000,0.139,0.000,3.408,
2025-12-24 21:00:00,Wednesday,21,0.113,2.839,0.134,0.000,0.213,0.000,3.299,
2025-12-24 22:00:00,Wednesday,22,0.098,2.918,0.048,0.000,0.266,0.000,3.330,
2025-12-24 23:00:00,Wednesday,23,0.125,2.624,0.000,0.000,0.000,0.000,2.749,
2025-12-25 00:00:00,Thursday,0,0.114,2.949,0.000,0.000,0.000,0.000,3.063,
2025-12-25 01:00:00,Thursday,1,0.105,2.792,0.000,0.000,0.000,0.000,2.897,
2025-12-25 02:00:00,Thursday,2,0.126,2.779,0.000,0.000,0.000,0.000,2.905,
2025-12-25 03:00:00,Thursday,3,0.126,2.713,0.000,0.000,0.000,0.000,2.839,
2025-12-25 04:00:00,Thursday,4,0.126,2.609,0.000,0.000,0.000,0.000,2.735,
2025-12-25 05:00:00,Thursday,5,0.094,2.365,0.000,0.000,0.000,0.000,2.459,
2025-12-25 06:00:00,Thursday,6,0.119,2.682,0.136,0.256,0.000,0.000,3.193,
2025-12-25 07:00:00,Thursday,7,0.121,2.382,0.080,0.340,0.000,0.000,2.923,
2025-12-25 08:00:00,Thursday,8,0.094,3.304,0.140,0.306,0.000,0.000,3.844,
2025-12-25 09:00:00,Thursday,9,0.112,2.694,0.000,0.000,0.170,0.000,2.976,praca zdalna
2025-12-25 10:00:00,Thursday,10,0.113,2.863,0.000,0.000,0.194,0.000,3.170,praca zdalna
2025-12-25 11:00:00,Thursday,11,0.122,2.847,0.000,0.000,0.250,0.000,3.219,praca zdalna
2025-12-25 12:00:00,Thursday,12,0.125,2.812,0.000,0.571,0.206,0.000,3.714,praca zdalna
2025-12-25 13:00:00,Thursday,13,0.101,2.296,0.000,0.000,0.138,0.000,2.535,praca zdalna
2025-12-25 14:00:00,Thursday,14,0.121,2.987,0.000,0.000,0.304,0.000,3.412,praca zdalna
2025-12-25 15:00:00,Thursday,15,0.121,2.989,0.102,0.000,0.355,0.000,3.567,praca zdalna
2025-12-25 16:00:00,Thursday,16,0.103,2.405,0.056,0.000,0.265,0.000,2.829,praca zdalna
2025-12-25 17:00:00,Thursday,17,0.098,2.990,0.223,0.679,0.161,0.000,4.151,
2025-12-25 18:00:00,Thursday,18,0.090,2.786,0.196,0.000,0.173,0.000,3.245,
2025-12-25 19:00:00,Thursday,19,0.102,2.579,0.218,0.000,0.208,0.000,3.107,
2025-12-25 20:00:00,Thursday,20,0.108,3.162,0.138,0.000,0.260,0.000,3.668,
2025-12-25 21:00:00,Thursday,21,0.127,2.642,0.165,0.000,0.187,0.000,3.121,
2025-12-25 22:00:00,Thursday,22,0.102,2.635,0.106,0.000,0.130,0.000,2.973,
2025-12-25 23:00:00,Thursday,23,0.132,2.341,0.000,0.000,0.000,0.000,2.473,
2025-12-26 00:00:00,Friday,0,0.129,2.703,0.000,0.000,0.000,0.000,2.832,
2025-12-26 01:00:00,Friday,1,0.112,2.624,0.000,0.000,0.000,0.000,2.736,
2025-12-26 02:00:00,Friday,2,0.125,2.214,0.000,0.000,0.000,0.000,2.339,
2025-12-26 03:00:00,Friday,3,0.121,2.446,0.000,0.000,0.000,0.000,2.567,
2025-12-26 04:00:00,Friday,4,0.134,2.406,0.000,0.000,0.000,0.000,2.540,
2025-12-26 05:00:00,Friday,5,0.105,1.967,0.000,0.000,0.000,0.000,2.072,
2025-12-26 06:00:00,Friday,6,0.105,2.438,0.094,0.215,0.000,0.000,2.852,
2025-12-26 07:00:00,Friday,7,0.108,1.982,0.166,0.396,0.000,0.000,2.652,
2025-12-26 08:00:00,Friday,8,0.100,2.004,0.126,0.399,0.000,0.000,2.629,
2025-12-26 09:00:00,Friday,9,0.108,1.748,0.000,0.000,0.090,0.000,1.946,
2025-12-26 10:00:00,Friday,10,0.117,1.654,0.000,0.000,0.112,0.000,1.883,
2025-12-26 11:00:00,Friday,11,0.103,2.088,0.000,0.000,0.075,0.000,2.266,
2025-12-26 12:00:00,Friday,12,0.098,2.146,0.000,0.361,0.106,0.000,2.711,
2025-12-26 13:00:00,Friday,13,0.114,1.711,0.000,0.000,0.082,0.000,1.907,
2025-12-26 14:00:00,Friday,14,0.091,1.813,0.000,0.000,0.103,0.000,2.007,
2025-12-26 15:00:00,Friday,15,0.125,1.802,0.058,0.000,0.195,0.000,2.180,
2025-12-26 16:00:00,Friday,16,0.124,1.795,0.109,0.000,0.097,0.000,2.125,
2025-12-26 17:00:00,Friday,17,0.092,1.874,0.101,0.000,0.144,0.000,2.211,
2025-12-26 18:00:00,Friday,18,0.128,1.978,0.202,0.532,0.221,0.000,3.061,
2025-12-26 19:00:00,Friday,19,0.102,1.626,0.198,0.000,0.137,0.931,2.994,zmywarka
2025-12-26 20:00:00,Friday,20,0.111,1.783,0.163,0.000,0.224,0.000,2.281,
2025-12-26 21:00:00,Friday,21,0.102,2.042,0.192,0.000,0.146,0.000,2.482,
2025-12-26 22:00:00,Friday,22,0.117,1.585,0.050,0.000,0.244,0.000,1.996,
2025-12-26 23:00:00,Friday,23,0.110,1.750,0.000,0.000,0.000,0.000,1.860,
2025-12-27 00:00:00,Saturday,0,0.118,1.905,0.000,0.000,0.000,0.000,2.023,
2025-12-27 01:00:00,Saturday,1,0.101,1.593,0.000,0.000,0.000,0.000,1.694,
2025-12-27 02:00:00,Saturday,2,0.104,1.912,0.000,0.000,0.000,0.000,2.016,
2025-12-27 03:00:00,Saturday,3,0.140,1.776,0.000,0.000,0.000,0.000,1.916,
2025-12-27 04:00:00,Saturday,4,0.109,1.790,0.000,0.000,0.000,0.000,1.899,
2025-12-27 05:00:00,Saturday,5,0.114,1.858,0.000,0.000,0.000,0.000,1.972,
2025-12-27 06:00:00,Saturday,6,0.114,1.654,0.152,0.362,0.000,0.000,2.282,
2025-12-27 07:00:00,Saturday,7,0.112,1.838,0.146,0.370,0.000,0.000,2.466,
2025-12-27 08:00:00,Saturday,8,0.089,2.080,0.077,0.299,0.000,0.000,2.545,
2025-12-27 09:00:00,Saturday,9,0.117,2.114,0.000,0.000,0.050,0.000,2.281,
2025-12-27 10:00:00,Saturday,10,0.088,1.646,0.000,0.000,0.094,0.000,1.828,
2025-12-27 11:00:00,Saturday,11,0.088,1.597,0.000,0.000,0.078,0.714,2.477,pralka
2025-12-27 12:00:00,Saturday,12,0.124,1.443,0.000,0.000,0.040,0.000,1.607,
2025-12-27 13:00:00,Saturday,13,0.116,1.511,0.000,0.933,0.092,0.000,2.652,
2025-12-27 14:00:00,Saturday,14,0.110,1.322,0.000,0.000,0.066,0.000,1.498,
2025-12-27 15:00:00,Saturday,15,0.122,1.539,0.000,0.000,0.076,0.000,1.737,
2025-12-27 16:00:00,Saturday,16,0.126,1.643,0.064,0.000,0.150,0.000,1.983,
2025-12-27 17:00:00,Saturday,17,0.088,1.529,0.228,0.000,0.142,0.000,1.987,
2025-12-27 18:00:00,Saturday,18,0.088,1.471,0.183,0.712,0.237,0.000,2.691,
2025-12-27 19:00:00,Saturday,19,0.101,1.482,0.090,0.000,0.187,0.000,1.860,
2025-12-27 20:00:00,Saturday,20,0.118,1.823,0.166,0.000,0.265,0.000,2.372,
2025-12-27 21:00:00,Saturday,21,0.108,1.723,0.230,0.000,0.260,0.000,2.321,
2025-12-27 22:00:00,Saturday,22,0.096,1.838,0.085,0.000,0.210,0.000,2.229,
2025-12-27 23:00:00,Saturday,23,0.116,1.482,0.000,0.000,0.000,0.000,1.598,
2025-12-28 00:00:00,Sunday,0,0.114,1.358,0.000,0.000,0.000,0.000,1.472,
2025-12-28 01:00:00,Sunday,1,0.123,1.891,0.000,0.000,0.000,0.000,2.014,
2025-12-28 02:00:00,Sunday,2,0.116,1.850,0.000,0.000,0.000,0.000,1.966,
2025-12-28 03:00:00,Sunday,3,0.111,1.576,0.000,0.000,0.000,0.000,1.687,
2025-12-28 04:00:00,Sunday,4,0.098,1.901,0.000,0.000,0.000,0.000,1.999,
2025-12-28 05:00:00,Sunday,5,0.098,1.702,0.000,0.000,0.000,0.000,1.800,
2025-12-28 06:00:00,Sunday,6,0.117,2.246,0.133,0.212,0.000,0.000,2.708,
2025-12-28 07:00:00,Sunday,7,0.114,1.934,0.099,0.379,0.000,0.000,2.526,
2025-12-28 08:00:00,Sunday,8,0.124,2.213,0.092,0.296,0.000,0.000,2.725,
2025-12-28 09:00:00,Sunday,9,0.103,2.257,0.000,0.000,0.054,0.000,2.414,
2025-12-28 10:00:00,Sunday,10,0.098,2.758,0.000,0.000,0.150,0.000,3.006,
2025-12-28 11:00:00,Sunday,11,0.120,2.483,0.000,0.000,0.072,0.000,2.675,
2025-12-28 12:00:00,Sunday,12,0.094,2.630,0.000,0.651,0.195,0.000,3.570,
2025-12-28 13:00:00,Sunday,13,0.114,2.182,0.000,0.000,0.068,0.690,3.054,zmywarka
2025-12-28 14:00:00,Sunday,14,0.098,1.938,0.000,0.000,0.106,0.000,2.142,
2025-12-28 15:00:00,Sunday,15,0.095,2.206,0.000,0.000,0.154,0.000,2.455,
2025-12-28 16:00:00,Sunday,16,0.106,2.046,0.078,0.000,0.185,0.000,2.415,
2025-12-28 17:00:00,Sunday,17,0.126,2.222,0.140,0.000,0.256,0.000,2.744,
2025-12-28 18:00:00,Sunday,18,0.104,2.290,0.220,0.696,0.162,0.000,3.472,
2025-12-28 19:00:00,Sunday,19,0.090,2.310,0.144,0.000,0.134,0.000,2.678,
2025-12-28 20:00:00,Sunday,20,0.090,2.059,0.219,0.000,0.157,0.000,2.525,
2025-12-28 21:00:00,Sunday,21,0.122,1.986,0.086,0.000,0.180,0.000,2.374,
2025-12-28 22:00:00,Sunday,22,0.097,1.594,0.070,0.000,0.141,0.000,1.902,
2025-12-28 23:00:00,Sunday,23,0.131,1.916,0.000,0.000,0.000,0.000,2.047,
2025-12-29 00:00:00,Monday,0,0.126,1.626,0.000,0.000,0.000,0.000,1.752,
2025-12-29 01:00:00,Monday,1,0.107,2.015,0.000,0.000,0.000,0.000,2.122,
2025-12-29 02:00:00,Monday,2,0.117,2.041,0.000,0.000,0.000,0.000,2.158,
2025-12-29 03:00:00,Monday,3,0.136,1.710,0.000,0.000,0.000,0.000,1.846,
2025-12-29 04:00:00,Monday,4,0.131,1.994,0.000,0.000,0.000,0.000,2.125,
2025-12-29 05:00:00,Monday,5,0.098,1.622,0.000,0.000,0.000,0.000,1.720,
2025-12-29 06:00:00,Monday,6,0.103,1.805,0.140,0.317,0.000,0.000,2.365,
2025-12-29 07:00:00,Monday,7,0.123,1.958,0.139,0.275,0.000,0.000,2.495,
2025-12-29 08:00:00,Monday,8,0.110,2.235,0.103,0.164,0.000,0.000,2.612,
2025-12-29 09:00:00,Monday,9,0.118,2.236,0.000,0.000,0.093,0.000,2.447,
2025-12-29 10:00:00,Monday,10,0.123,2.442,0.000,0.000,0.093,0.000,2.658,
2025-12-29 11:00:00,Monday,11,0.090,2.044,0.000,0.000,0.115,0.000,2.249,
2025-12-29 12:00:00,Monday,12,0.094,1.863,0.000,0.613,0.107,0.000,2.677,
2025-12-29 13:00:00,Monday,13,0.119,2.123,0.000,0.000,0.090,0.000,2.332,
2025-12-29 14:00:00,Monday,14,0.105,2.229,0.000,0.000,0.074,0.000,2.408,
2025-12-29 15:00:00,Monday,15,0.121,2.181,0.130,0.000,0.092,0.000,2.524,
2025-12-29 16:00:00,Monday,16,0.096,1.902,0.055,0.000,0.087,0.000,2.140,
2025-12-29 17:00:00,Monday,17,0.122,1.925,0.144,0.000,0.263,0.000,2.454,
2025-12-29 18:00:00,Monday,18,0.119,2.305,0.092,0.781,0.151,0.000,3.448,
2025-12-29 19:00:00,Monday,19,0.105,2.528,0.172,0.000,0.218,0.000,3.023,
2025-12-29 20:00:00,Monday,20,0.106,2.318,0.192,0.000,0.171,0.000,2.787,
2025-12-29 21:00:00,Monday,21,0.114,2.116,0.153,0.000,0.166,0.000,2.549,
2025-12-29 22:00:00,Monday,22,0.098,2.295,0.058,0.000,0.232,0.000,2.683,
2025-12-29 23:00:00,Monday,23,0.123,2.014,0.000,0.000,0.000,0.000,2.137,
2025-12-30 00:00:00,Tuesday,0,0.110,2.077,0.000,0.000,0.000,0.000,2.187,
2025-12-30 01:00:00,Tuesday,1,0.107,2.038,0.000,0.000,0.000,0.000,2.145,
2025-12-30 02:00:00,Tuesday,2,0.114,2.305,0.000,0.000,0.000,0.000,2.419,
2025-12-30 03:00:00,Tuesday,3,0.105,2.497,0.000,0.000,0.000,0.000,2.602,
2025-12-30 04:00:00,Tuesday,4,0.113,1.902,0.000,0.000,0.000,0.000,2.015,
2025-12-30 05:00:00,Tuesday,5,0.138,2.054,0.000,0.000,0.000,0.000,2.192,
2025-12-30 06:00:00,Tuesday,6,0.108,2.597,0.159,0.253,0.000,0.000,3.117,
2025-12-30 07:00:00,Tuesday,7,0.126,2.387,0.163,0.378,0.000,0.000,3.054,
2025-12-30 08:00:00,Tuesday,8,0.126,2.780,0.135,0.120,0.000,0.000,3.161,
2025-12-30 09:00:00,Tuesday,9,0.115,2.607,0.000,0.000,0.094,0.000,2.816,
2025-12-30 10:00:00,Tuesday,10,0.091,2.134,0.000,0.000,0.077,0.000,2.302,
2025-12-30 11:00:00,Tuesday,11,0.122,2.134,0.000,0.000,0.090,0.000,2.346,
2025-12-30 12:00:00,Tuesday,12,0.102,2.500,0.000,0.529,0.090,0.000,3.221,
2025-12-30 13:00:00,Tuesday,13,0.110,2.798,0.000,0.000,0.114,0.494,3.516,pralka
2025-12-30 14:00:00,Tuesday,14,0.107,2.334,0.000,0.000,0.082,0.000,2.523,
2025-12-30 15:00:00,Tuesday,15,0.095,2.632,0.000,0.000,0.175,0.000,2.902,
2025-12-30 16:00:00,Tuesday,16,0.091,2.555,0.050,0.000,0.161,0.000,2.857,
2025-12-30 17:00:00,Tuesday,17,0.110,2.790,0.166,0.599,0.203,0.000,3.868,
2025-12-30 18:00:00,Tuesday,18,0.117,2.338,0.232,0.000,0.145,0.000,2.832,
2025-12-30 19:00:00,Tuesday,19,0.103,2.958,0.206,0.000,0.179,0.746,4.192,zmywarka
2025-12-30 20:00:00,Tuesday,20,0.103,2.560,0.237,0.000,0.134,0.000,3.034,
2025-12-30 21:00:00,Tuesday,21,0.098,2.441,0.154,0.000,0.228,0.000,2.921,
2025-12-30 22:00:00,Tuesday,22,0.118,2.806,0.048,0.000,0.141,0.000,3.113,
2025-12-30 23:00:00,Tuesday,23,0.121,2.350,0.000,0.000,0.000,0.000,2.471,
2025-12-31 00:00:00,Wednesday,0,0.133,2.714,0.000,0.000,0.000,0.000,2.847,
2025-12-31 01:00:00,Wednesday,1,0.098,2.837,0.000,0.000,0.000,0.000,2.935,
2025-12-31 02:00:00,Wednesday,2,0.130,2.897,0.000,0.000,0.000,0.000,3.027,
2025-12-31 03:00:00,Wednesday,3,0.100,2.308,0.000,0.000,0.000,0.000,2.408,
2025-12-31 04:00:00,Wednesday,4,0.139,2.266,0.000,0.000,0.000,0.000,2.405,
2025-12-31 05:00:00,Wednesday,5,0.106,2.277,0.000,0.000,0.000,0.000,2.383,
2025-12-31 06:00:00,Wednesday,6,0.100,2.342,0.059,0.449,0.000,0.000,2.950,
2025-12-31 07:00:00,Wednesday,7,0.094,2.704,0.097,0.280,0.000,0.000,3.175,
2025-12-31 08:00:00,Wednesday,8,0.097,2.462,0.142,0.434,0.000,0.000,3.135,
2025-12-31 09:00:00,Wednesday,9,0.092,2.713,0.000,0.000,0.075,0.000,2.880,
2025-12-31 10:00:00,Wednesday,10,0.101,2.422,0.000,0.000,0.071,0.000,2.594,
2025-12-31 11:00:00,Wednesday,11,0.116,2.302,0.000,0.000,0.099,0.000,2.517,
2025-12-31 12:00:00,Wednesday,12,0.105,2.182,0.000,0.241,0.098,0.000,2.626,
2025-12-31 13:00:00,Wednesday,13,0.089,2.351,0.000,0.000,0.068,0.000,2.508,
2025-12-31 14:00:00,Wednesday,14,0.110,1.850,0.000,0.000,0.115,0.000,2.075,
2025-12-31 15:00:00,Wednesday,15,0.114,2.326,0.000,0.000,0.182,0.000,2.622,
2025-12-31 16:00:00,Wednesday,16,0.099,2.286,0.075,0.000,0.178,0.000,2.638,
2025-12-31 17:00:00,Wednesday,17,0.125,2.177,0.112,0.754,0.214,0.000,3.382,
2025-12-31 18:00:00,Wednesday,18,0.107,2.242,0.126,0.000,0.224,0.000,2.699,
2025-12-31 19:00:00,Wednesday,19,0.095,2.710,0.207,0.000,0.126,0.000,3.138,
2025-12-31 20:00:00,Wednesday,20,0.118,3.083,0.188,0.000,0.265,0.895,4.549,zmywarka
2025-12-31 21:00:00,Wednesday,21,0.116,2.534,0.172,0.000,0.171,0.000,2.993,
2025-12-31 22:00:00,Wednesday,22,0.098,1.966,0.113,0.000,0.130,0.000,2.307,
2025-12-31 23:00:00,Wednesday,23,0.095,2.430,0.000,0.000,0.000,0.000,2.525,
2026-01-01 00:00:00,Thursday,0,0.126,2.362,0.000,0.000,0.000,0.000,2.488,
2026-01-01 01:00:00,Thursday,1,0.107,1.807,0.000,0.000,0.000,0.000,1.914,
2026-01-01 02:00:00,Thursday,2,0.129,1.775,0.000,0.000,0.000,0.000,1.904,
2026-01-01 03:00:00,Thursday,3,0.115,1.530,0.000,0.000,0.000,0.000,1.645,
2026-01-01 04:00:00,Thursday,4,0.122,1.724,0.000,0.000,0.000,0.000,1.846,
2026-01-01 05:00:00,Thursday,5,0.098,1.615,0.000,0.000,0.000,0.000,1.713,
2026-01-01 06:00:00,Thursday,6,0.095,1.694,0.058,0.316,0.000,0.000,2.163,
2026-01-01 07:00:00,Thursday,7,0.125,1.804,0.144,0.390,0.000,0.000,2.463,
2026-01-01 08:00:00,Thursday,8,0.089,2.068,0.119,0.248,0.000,0.000,2.524,
2026-01-01 09:00:00,Thursday,9,0.088,1.762,0.000,0.000,0.196,0.000,2.046,praca zdalna
2026-01-01 10:00:00,Thursday,10,0.120,1.772,0.000,0.000,0.193,0.000,2.085,praca zdalna
2026-01-01 11:00:00,Thursday,11,0.106,2.129,0.000,0.000,0.242,0.000,2.477,praca zdalna
2026-01-01 12:00:00,Thursday,12,0.112,1.704,0.000,0.472,0.252,0.000,2.540,praca zdalna
2026-01-01 13:00:00,Thursday,13,0.110,2.128,0.000,0.000,0.221,0.654,3.113,praca zdalna; pralka
2026-01-01 14:00:00,Thursday,14,0.102,2.124,0.000,0.000,0.226,0.000,2.452,praca zdalna
2026-01-01 15:00:00,Thursday,15,0.094,1.870,0.000,0.000,0.227,0.000,2.191,praca zdalna
2026-01-01 16:00:00,Thursday,16,0.110,1.844,0.092,0.000,0.202,0.000,2.248,praca zdalna
2026-01-01 17:00:00,Thursday,17,0.117,2.095,0.080,0.000,0.151,0.000,2.443,
2026-01-01 18:00:00,Thursday,18,0.105,2.303,0.114,0.663,0.138,0.000,3.323,
2026-01-01 19:00:00,Thursday,19,0.118,2.238,0.175,0.000,0.254,0.000,2.785,
2026-01-01 20:00:00,Thursday,20,0.101,1.754,0.228,0.000,0.228,0.000,2.311,
2026-01-01 21:00:00,Thursday,21,0.094,2.205,0.089,0.000,0.192,0.000,2.580,
2026-01-01 22:00:00,Thursday,22,0.111,1.699,0.067,0.000,0.258,0.000,2.135,
2026-01-01 23:00:00,Thursday,23,0.120,1.968,0.000,0.000,0.000,0.000,2.088,
2026-01-02 00:00:00,Friday,0,0.115,1.985,0.000,0.000,0.000,0.000,2.100,
2026-01-02 01:00:00,Friday,1,0.094,1.930,0.000,0.000,0.000,0.000,2.024,
2026-01-02 02:00:00,Friday,2,0.090,2.051,0.000,0.000,0.000,0.000,2.141,
2026-01-02 03:00:00,Friday,3,0.109,1.841,0.000,0.000,0.000,0.000,1.950,
2026-01-02 04:00:00,Friday,4,0.094,2.265,0.000,0.000,0.000,0.000,2.359,
2026-01-02 05:00:00,Friday,5,0.089,2.033,0.000,0.000,0.000,0.000,2.122,
2026-01-02 06:00:00,Friday,6,0.109,2.119,0.116,0.461,0.000,0.000,2.805,
2026-01-02 07:00:00,Friday,7,0.103,1.967,0.164,0.458,0.000,0.000,2.692,
2026-01-02 08:00:00,Friday,8,0.114,1.986,0.088,0.353,0.000,0.000,2.541,
2026-01-02 09:00:00,Friday,9,0.106,2.178,0.000,0.000,0.078,0.000,2.362,
2026-01-02 10:00:00,Friday,10,0.117,2.382,0.000,0.000,0.110,0.000,2.609,
2026-01-02 11:00:00,Friday,11,0.099,2.405,0.000,0.000,0.090,0.000,2.594,
2026-01-02 12:00:00,Friday,12,0.091,2.566,0.000,0.312,0.089,0.000,3.058,
2026-01-02 13:00:00,Friday,13,0.094,2.445,0.000,0.000,0.114,0.000,2.653,
2026-01-02 14:00:00,Friday,14,0.128,2.470,0.000,0.000,0.109,0.000,2.707,
2026-01-02 15:00:00,Friday,15,0.106,2.008,0.000,0.000,0.125,0.000,2.239,
2026-01-02 16:00:00,Friday,16,0.097,2.261,0.058,0.000,0.156,0.000,2.572,
2026-01-02 17:00:00,Friday,17,0.116,2.609,0.222,0.755,0.172,0.000,3.874,
2026-01-02 18:00:00,Friday,18,0.113,2.519,0.117,0.000,0.257,0.000,3.006,
2026-01-02 19:00:00,Friday,19,0.105,2.330,0.116,0.000,0.121,0.000,2.672,
2026-01-02 20:00:00,Friday,20,0.112,2.364,0.094,0.000,0.156,0.000,2.726,
2026-01-02 21:00:00,Friday,21,0.106,2.528,0.218,0.000,0.232,0.000,3.084,
2026-01-02 22:00:00,Friday,22,0.089,2.418,0.042,0.000,0.165,0.000,2.714,
2026-01-02 23:00:00,Friday,23,0.099,2.922,0.000,0.000,0.000,0.000,3.021,
2026-01-03 00:00:00,Saturday,0,0.115,2.587,0.000,0.000,0.000,0.000,2.702,
2026-01-03 01:00:00,Saturday,1,0.115,2.826,0.000,0.000,0.000,0.000,2.941,
2026-01-03 02:00:00,Saturday,2,0.103,2.418,0.000,0.000,0.000,0.000,2.521,
2026-01-03 03:00:00,Saturday,3,0.105,2.654,0.000,0.000,0.000,0.000,2.759,
2026-01-03 04:00:00,Saturday,4,0.136,2.334,0.000,0.000,0.000,0.000,2.470,
2026-01-03 05:00:00,Saturday,5,0.115,2.841,0.000,0.000,0.000,0.000,2.956,
2026-01-03 06:00:00,Saturday,6,0.109,2.519,0.080,0.240,0.000,0.000,2.948,
2026-01-03 07:00:00,Saturday,7,0.101,2.470,0.086,0.375,0.000,0.000,3.032,
2026-01-03 08:00:00,Saturday,8,0.094,3.202,0.098,0.334,0.000,0.000,3.728,
2026-01-03 09:00:00,Saturday,9,0.108,2.569,0.000,0.000,0.116,0.000,2.793,
2026-01-03 10:00:00,Saturday,10,0.099,3.116,0.000,0.000,0.044,0.000,3.259,
2026-01-03 11:00:00,Saturday,11,0.122,3.007,0.000,0.000,0.191,0.510,3.830,pralka
2026-01-03 12:00:00,Saturday,12,0.107,2.572,0.000,0.000,0.194,1.918,4.791,suszarka
2026-01-03 13:00:00,Saturday,13,0.090,2.848,0.000,0.574,0.130,0.818,4.460,zmywarka
2026-01-03 14:00:00,Saturday,14,0.106,2.774,0.000,0.000,0.078,0.000,2.958,
2026-01-03 15:00:00,Saturday,15,0.098,3.105,0.000,0.000,0.096,0.000,3.299,
2026-01-03 16:00:00,Saturday,16,0.089,2.832,0.119,0.000,0.162,0.000,3.202,
2026-01-03 17:00:00,Saturday,17,0.116,3.198,0.178,0.952,0.176,0.000,4.620,goście
2026-01-03 18:00:00,Saturday,18,0.105,3.359,0.102,0.000,0.259,0.000,3.825,goście
2026-01-03 19:00:00,Saturday,19,0.106,3.256,0.136,0.000,0.162,0.000,3.660,goście
2026-01-03 20:00:00,Saturday,20,0.127,2.826,0.111,0.000,0.204,0.000,3.268,goście
2026-01-03 21:00:00,Saturday,21,0.117,3.146,0.203,0.000,0.132,0.000,3.598,goście
2026-01-03 22:00:00,Saturday,22,0.101,3.210,0.066,0.000,0.140,0.000,3.517,
2026-01-03 23:00:00,Saturday,23,0.113,2.853,0.000,0.000,0.000,0.000,2.966,
2026-01-04 00:00:00,Sunday,0,0.125,2.855,0.000,0.000,0.000,0.000,2.980,wyjazd / nieobecność
2026-01-04 01:00:00,Sunday,1,0.112,2.195,0.000,0.000,0.000,0.000,2.307,wyjazd / nieobecność
2026-01-04 02:00:00,Sunday,2,0.110,2.822,0.000,0.000,0.000,0.000,2.932,wyjazd / nieobecność
2026-01-04 03:00:00,Sunday,3,0.090,2.184,0.000,0.000,0.000,0.000,2.274,wyjazd / nieobecność
2026-01-04 04:00:00,Sunday,4,0.098,2.198,0.000,0.000,0.000,0.000,2.296,wyjazd / nieobecność
2026-01-04 05:00:00,Sunday,5,0.089,2.122,0.000,0.000,0.000,0.000,2.211,wyjazd / nieobecność
2026-01-04 06:00:00,Sunday,6,0.103,2.138,0.000,0.000,0.000,0.000,2.241,wyjazd / nieobecność
2026-01-04 07:00:00,Sunday,7,0.101,2.722,0.000,0.000,0.000,0.000,2.823,wyjazd / nieobecność
2026-01-04 08:00:00,Sunday,8,0.111,2.506,0.000,0.000,0.000,0.000,2.617,wyjazd / nieobecność
2026-01-04 09:00:00,Sunday,9,0.125,2.734,0.000,0.000,0.000,0.000,2.859,wyjazd / nieobecność
2026-01-04 10:00:00,Sunday,10,0.112,2.206,0.000,0.000,0.000,0.000,2.318,wyjazd / nieobecność
2026-01-04 11:00:00,Sunday,11,0.114,2.403,0.000,0.000,0.000,0.000,2.517,wyjazd / nieobecność
2026-01-04 12:00:00,Sunday,12,0.114,2.752,0.000,0.000,0.000,0.000,2.866,wyjazd / nieobecność
2026-01-04 13:00:00,Sunday,13,0.088,2.170,0.000,0.000,0.000,0.000,2.258,wyjazd / nieobecność
2026-01-04 14:00:00,Sunday,14,0.118,2.490,0.000,0.000,0.000,0.000,2.608,wyjazd / nieobecność
2026-01-04 15:00:00,Sunday,15,0.106,2.290,0.000,0.000,0.000,0.000,2.396,wyjazd / nieobecność
2026-01-04 16:00:00,Sunday,16,0.103,2.444,0.000,0.000,0.000,0.000,2.547,wyjazd / nieobecność
2026-01-04 17:00:00,Sunday,17,0.090,2.165,0.000,0.000,0.000,0.000,2.255,wyjazd / nieobecność
2026-01-04 18:00:00,Sunday,18,0.098,2.749,0.000,0.000,0.000,0.000,2.847,wyjazd / nieobecność
2026-01-04 19:00:00,Sunday,19,0.091,2.514,0.000,0.000,0.000,0.000,2.605,wyjazd / nieobecność
2026-01-04 20:00:00,Sunday,20,0.106,2.739,0.000,0.000,0.000,0.000,2.845,wyjazd / nieobecność
2026-01-04 21:00:00,Sunday,21,0.104,2.471,0.000,0.000,0.000,0.000,2.575,wyjazd / nieobecność
2026-01-04 22:00:00,Sunday,22,0.097,2.528,0.000,0.000,0.000,0.000,2.625,wyjazd / nieobecność
2026-01-04 23:00:00,Sunday,23,0.117,2.733,0.000,0.000,0.000,0.000,2.850,wyjazd / nieobecność
2026-01-05 00:00:00,Monday,0,0.102,3.034,0.000,0.000,0.000,0.000,3.136,
2026-01-05 01:00:00,Monday,1,0.111,2.441,0.000,0.000,0.000,0.000,2.552,
2026-01-05 02:00:00,Monday,2,0.101,3.218,0.000,0.000,0.000,0.000,3.319,
2026-01-05 03:00:00,Monday,3,0.121,2.772,0.000,0.000,0.000,0.000,2.893,
2026-01-05 04:00:00,Monday,4,0.113,2.486,0.000,0.000,0.000,0.000,2.599,
2026-01-05 05:00:00,Monday,5,0.101,3.042,0.000,0.000,0.000,0.000,3.143,
2026-01-05 06:00:00,Monday,6,0.097,3.010,0.104,0.256,0.000,0.000,3.467,
2026-01-05 07:00:00,Monday,7,0.109,2.922,0.070,0.249,0.000,0.000,3.350,
2026-01-05 08:00:00,Monday,8,0.092,2.781,0.124,0.263,0.000,0.000,3.260,
2026-01-05 09:00:00,Monday,9,0.118,2.670,0.000,0.000,0.098,0.000,2.886,
2026-01-05 10:00:00,Monday,10,0.111,2.757,0.000,0.000,0.103,0.000,2.971,
2026-01-05 11:00:00,Monday,11,0.109,2.635,0.000,0.000,0.106,0.000,2.850,
2026-01-05 12:00:00,Monday,12,0.103,3.145,0.000,0.625,0.080,0.000,3.953,
2026-01-05 13:00:00,Monday,13,0.088,2.838,0.000,0.000,0.105,0.000,3.031,
2026-01-05 14:00:00,Monday,14,0.093,2.734,0.000,0.000,0.114,0.000,2.941,
2026-01-05 15:00:00,Monday,15,0.110,2.682,0.000,0.000,0.075,0.000,2.867,
2026-01-05 16:00:00,Monday,16,0.107,3.098,0.072,0.000,0.142,0.000,3.419,
2026-01-05 17:00:00,Monday,17,0.093,2.832,0.112,0.000,0.258,0.000,3.295,
2026-01-05 18:00:00,Monday,18,0.111,2.988,0.094,0.577,0.167,0.000,3.937,
2026-01-05 19:00:00,Monday,19,0.096,2.730,0.111,0.000,0.187,0.000,3.124,
2026-01-05 20:00:00,Monday,20,0.114,2.882,0.090,0.000,0.242,0.000,3.328,
2026-01-05 21:00:00,Monday,21,0.122,2.591,0.211,0.000,0.212,0.000,3.136,
2026-01-05 22:00:00,Monday,22,0.126,2.637,0.053,0.000,0.220,0.000,3.036,
2026-01-05 23:00:00,Monday,23,0.107,2.801,0.000,0.000,0.000,0.000,2.908,
2026-01-06 00:00:00,Tuesday,0,0.126,2.762,0.000,0.000,0.000,0.000,2.888,
2026-01-06 01:00:00,Tuesday,1,0.118,2.902,0.000,0.000,0.000,0.000,3.020,
2026-01-06 02:00:00,Tuesday,2,0.112,2.238,0.000,0.000,0.000,0.000,2.350,
2026-01-06 03:00:00,Tuesday,3,0.103,2.970,0.000,0.000,0.000,0.000,3.073,
2026-01-06 04:00:00,Tuesday,4,0.100,2.790,0.000,0.000,0.000,0.000,2.890,
2026-01-06 05:00:00,Tuesday,5,0.122,2.517,0.000,0.000,0.000,0.000,2.639,
2026-01-06 06:00:00,Tuesday,6,0.096,2.598,0.098,0.444,0.000,0.000,3.236,
2026-01-06 07:00:00,Tuesday,7,0.106,2.697,0.113,0.371,0.000,0.000,3.287,
2026-01-06 08:00:00,Tuesday,8,0.107,2.662,0.095,0.276,0.000,0.000,3.140,
2026-01-06 09:00:00,Tuesday,9,0.106,3.353,0.000,0.000,0.073,0.000,3.532,
2026-01-06 10:00:00,Tuesday,10,0.110,3.369,0.000,0.000,0.096,0.000,3.575,
2026-01-06 11:00:00,Tuesday,11,0.112,3.437,0.000,0.000,0.078,0.000,3.627,
2026-01-06 12:00:00,Tuesday,12,0.097,3.200,0.000,0.429,0.101,0.686,4.513,pralka
2026-01-06 13:00:00,Tuesday,13,0.108,3.394,0.000,0.000,0.118,1.787,5.407,suszarka
2026-01-06 14:00:00,Tuesday,14,0.096,2.434,0.000,0.000,0.122,0.000,2.652,
2026-01-06 15:00:00,Tuesday,15,0.093,3.126,0.000,0.000,0.199,0.000,3.418,
2026-01-06 16:00:00,Tuesday,16,0.116,2.680,0.073,0.000,0.172,0.000,3.041,
2026-01-06 17:00:00,Tuesday,17,0.104,3.440,0.210,0.000,0.226,0.000,3.980,
2026-01-06 18:00:00,Tuesday,18,0.123,2.894,0.227,0.651,0.198,0.000,4.093,
2026-01-06 19:00:00,Tuesday,19,0.122,2.914,0.117,0.000,0.266,0.787,4.206,zmywarka
2026-01-06 20:00:00,Tuesday,20,0.102,2.642,0.134,0.000,0.217,0.000,3.095,
2026-01-06 21:00:00,Tuesday,21,0.102,2.818,0.084,0.000,0.280,0.000,3.284,
2026-01-06 22:00:00,Tuesday,22,0.114,2.750,0.082,0.000,0.186,0.000,3.132,
2026-01-06 23:00:00,Tuesday,23,0.111,2.353,0.000,0.000,0.000,0.000,2.464,
2026-01-07 00:00:00,Wednesday,0,0.135,2.186,0.000,0.000,0.000,0.000,2.321,
2026-01-07 01:00:00,Wednesday,1,0.129,2.396,0.000,0.000,0.000,0.000,2.525,
2026-01-07 02:00:00,Wednesday,2,0.111,2.204,0.000,0.000,0.000,0.000,2.315,
2026-01-07 03:00:00,Wednesday,3,0.114,2.163,0.000,0.000,0.000,0.000,2.277,
2026-01-07 04:00:00,Wednesday,4,0.140,2.173,0.000,0.000,0.000,0.000,2.313,
2026-01-07 05:00:00,Wednesday,5,0.120,2.886,0.000,0.000,0.000,0.000,3.006,
2026-01-07 06:00:00,Wednesday,6,0.097,2.564,0.122,0.277,0.000,0.000,3.060,
2026-01-07 07:00:00,Wednesday,7,0.097,2.455,0.095,0.443,0.000,0.000,3.090,
2026-01-07 08:00:00,Wednesday,8,0.093,2.471,0.157,0.374,0.000,0.000,3.095,
2026-01-07 09:00:00,Wednesday,9,0.101,2.655,0.000,0.000,0.098,0.000,2.854,
2026-01-07 10:00:00,Wednesday,10,0.126,2.697,0.000,0.000,0.084,0.000,2.907,
2026-01-07 11:00:00,Wednesday,11,0.106,2.894,0.000,0.000,0.100,0.000,3.100,
2026-01-07 12:00:00,Wednesday,12,0.098,2.410,0.000,0.000,0.077,0.000,2.585,
2026-01-07 13:00:00,Wednesday,13,0.116,2.950,0.000,0.358,0.118,0.000,3.542,
2026-01-07 14:00:00,Wednesday,14,0.122,2.701,0.000,0.000,0.194,0.000,3.017,
2026-01-07 15:00:00,Wednesday,15,0.095,2.727,0.000,0.000,0.087,0.000,2.909,
2026-01-07 16:00:00,Wednesday,16,0.116,2.798,0.099,0.000,0.154,0.000,3.167,
2026-01-07 17:00:00,Wednesday,17,0.107,2.380,0.180,0.000,0.198,0.000,2.865,
2026-01-07 18:00:00,Wednesday,18,0.104,2.671,0.170,0.517,0.270,0.000,3.732,
2026-01-07 19:00:00,Wednesday,19,0.107,2.642,0.145,0.000,0.140,0.000,3.034,
2026-01-07 20:00:00,Wednesday,20,0.112,2.817,0.146,0.000,0.267,0.000,3.342,
2026-01-07 21:00:00,Wednesday,21,0.115,2.948,0.190,0.000,0.266,0.000,3.519,
2026-01-07 22:00:00,Wednesday,22,0.118,2.884,0.093,0.000,0.124,0.000,3.219,
2026-01-07 23:00:00,Wednesday,23,0.133,2.736,0.000,0.000,0.000,0.000,2.869,
2026-01-08 00:00:00,Thursday,0,0.107,2.702,0.000,0.000,0.000,0.000,2.809,
2026-01-08 01:00:00,Thursday,1,0.106,2.558,0.000,0.000,0.000,0.000,2.664,
2026-01-08 02:00:00,Thursday,2,0.117,2.367,0.000,0.000,0.000,0.000,2.484,
2026-01-08 03:00:00,Thursday,3,0.140,2.626,0.000,0.000,0.000,0.000,2.766,
2026-01-08 04:00:00,Thursday,4,0.104,2.966,0.000,0.000,0.000,0.000,3.070,
2026-01-08 05:00:00,Thursday,5,0.091,2.626,0.000,0.000,0.000,0.000,2.717,
2026-01-08 06:00:00,Thursday,6,0.128,2.542,0.163,0.166,0.000,0.000,2.999,
2026-01-08 07:00:00,Thursday,7,0.121,3.134,0.154,0.453,0.000,0.000,3.862,
2026-01-08 08:00:00,Thursday,8,0.118,2.513,0.062,0.255,0.000,0.000,2.948,
2026-01-08 09:00:00,Thursday,9,0.098,2.828,0.000,0.000,0.070,0.000,2.996,
2026-01-08 10:00:00,Thursday,10,0.126,2.884,0.000,0.000,0.116,0.000,3.126,
2026-01-08 11:00:00,Thursday,11,0.107,2.835,0.000,0.000,0.070,0.000,3.012,
2026-01-08 12:00:00,Thursday,12,0.110,2.889,0.000,0.000,0.075,0.000,3.074,
2026-01-08 13:00:00,Thursday,13,0.093,3.085,0.000,0.534,0.095,0.000,3.807,
2026-01-08 14:00:00,Thursday,14,0.098,2.612,0.000,0.000,0.182,0.000,2.892,
2026-01-08 15:00:00,Thursday,15,0.115,3.198,0.000,0.000,0.150,0.000,3.463,
2026-01-08 16:00:00,Thursday,16,0.097,2.469,0.063,0.000,0.146,0.000,2.775,
2026-01-08 17:00:00,Thursday,17,0.109,2.808,0.141,0.000,0.263,0.000,3.321,
2026-01-08 18:00:00,Thursday,18,0.108,2.948,0.202,0.524,0.213,0.000,3.995,
2026-01-08 19:00:00,Thursday,19,0.092,3.042,0.166,0.000,0.174,0.730,4.204,zmywarka
2026-01-08 20:00:00,Thursday,20,0.106,3.245,0.094,0.000,0.127,0.000,3.572,
2026-01-08 21:00:00,Thursday,21,0.090,2.934,0.154,0.000,0.155,0.000,3.333,
2026-01-08 22:00:00,Thursday,22,0.090,2.507,0.066,0.000,0.250,0.000,2.913,
2026-01-08 23:00:00,Thursday,23,0.118,2.591,0.000,0.000,0.000,0.000,2.709,
2026-01-09 00:00:00,Friday,0,0.098,2.389,0.000,0.000,0.000,0.000,2.487,
2026-01-09 01:00:00,Friday,1,0.116,2.680,0.000,0.000,0.000,0.000,2.796,
2026-01-09 02:00:00,Friday,2,0.121,2.268,0.000,0.000,0.000,0.000,2.389,
2026-01-09 03:00:00,Friday,3,0.122,2.381,0.000,0.000,0.000,0.000,2.503,
2026-01-09 04:00:00,Friday,4,0.095,2.477,0.000,0.000,0.000,0.000,2.572,
2026-01-09 05:00:00,Friday,5,0.136,3.017,0.000,0.000,0.000,0.000,3.153,
2026-01-09 06:00:00,Friday,6,0.102,2.999,0.154,0.266,0.000,0.000,3.521,
2026-01-09 07:00:00,Friday,7,0.094,2.525,0.082,0.273,0.000,0.000,2.974,
2026-01-09 08:00:00,Friday,8,0.127,2.860,0.057,0.382,0.000,0.000,3.426,
2026-01-09 09:00:00,Friday,9,0.119,3.133,0.000,0.000,0.070,0.000,3.322,
2026-01-09 10:00:00,Friday,10,0.112,2.693,0.000,0.000,0.109,0.000,2.914,
2026-01-09 11:00:00,Friday,11,0.127,2.607,0.000,0.000,0.112,0.000,2.846,
2026-01-09 12:00:00,Friday,12,0.118,2.604,0.000,0.624,0.096,0.000,3.442,
2026-01-09 13:00:00,Friday,13,0.093,2.582,0.000,0.000,0.096,0.000,2.771,
2026-01-09 14:00:00,Friday,14,0.122,2.802,0.000,0.000,0.139,0.000,3.063,
2026-01-09 15:00:00,Friday,15,0.104,2.642,0.000,0.000,0.114,0.000,2.860,
2026-01-09 16:00:00,Friday,16,0.111,2.782,0.105,0.000,0.075,0.000,3.073,
2026-01-09 17:00:00,Friday,17,0.094,2.502,0.161,0.000,0.196,0.000,2.953,
2026-01-09 18:00:00,Friday,18,0.110,3.072,0.088,1.262,0.247,0.000,4.779,
2026-01-09 19:00:00,Friday,19,0.126,2.802,0.152,0.000,0.229,0.809,4.118,zmywarka
2026-01-09 20:00:00,Friday,20,0.118,2.404,0.143,0.000,0.261,0.000,2.926,
2026-01-09 21:00:00,Friday,21,0.104,2.886,0.105,0.000,0.130,0.000,3.225,
2026-01-09 22:00:00,Friday,22,0.094,2.522,0.063,0.000,0.146,0.000,2.825,
2026-01-09 23:00:00,Friday,23,0.114,2.559,0.000,0.000,0.000,0.000,2.673,
2026-01-10 00:00:00,Saturday,0,0.113,2.114,0.000,0.000,0.000,0.000,2.227,wyjazd / nieobecność
2026-01-10 01:00:00,Saturday,1,0.106,2.126,0.000,0.000,0.000,0.000,2.232,wyjazd / nieobecność
2026-01-10 02:00:00,Saturday,2,0.121,2.259,0.000,0.000,0.000,0.000,2.380,wyjazd / nieobecność
2026-01-10 03:00:00,Saturday,3,0.114,2.049,0.000,0.000,0.000,0.000,2.163,wyjazd / nieobecność
2026-01-10 04:00:00,Saturday,4,0.113,2.474,0.000,0.000,0.000,0.000,2.587,wyjazd / nieobecność
2026-01-10 05:00:00,Saturday,5,0.090,2.442,0.000,0.000,0.000,0.000,2.532,wyjazd / nieobecność
2026-01-10 06:00:00,Saturday,6,0.108,2.339,0.000,0.000,0.000,0.000,2.447,wyjazd / nieobecność
2026-01-10 07:00:00,Saturday,7,0.107,2.002,0.000,0.000,0.000,0.000,2.109,wyjazd / nieobecność
2026-01-10 08:00:00,Saturday,8,0.094,2.389,0.000,0.000,0.000,0.000,2.483,wyjazd / nieobecność
2026-01-10 09:00:00,Saturday,9,0.107,2.534,0.000,0.000,0.000,0.000,2.641,wyjazd / nieobecność
2026-01-10 10:00:00,Saturday,10,0.102,2.562,0.000,0.000,0.000,0.000,2.664,wyjazd / nieobecność
2026-01-10 11:00:00,Saturday,11,0.119,2.407,0.000,0.000,0.000,0.000,2.526,wyjazd / nieobecność
2026-01-10 12:00:00,Saturday,12,0.127,2.779,0.000,0.000,0.000,0.000,2.906,wyjazd / nieobecność
2026-01-10 13:00:00,Saturday,13,0.094,2.482,0.000,0.000,0.000,0.000,2.576,wyjazd / nieobecność
2026-01-10 14:00:00,Saturday,14,0.123,2.231,0.000,0.000,0.000,0.000,2.354,wyjazd / nieobecność
2026-01-10 15:00:00,Saturday,15,0.101,2.483,0.000,0.000,0.000,0.000,2.584,wyjazd / nieobecność
2026-01-10 16:00:00,Saturday,16,0.093,2.912,0.000,0.000,0.000,0.000,3.005,wyjazd / nieobecność
2026-01-10 17:00:00,Saturday,17,0.108,2.268,0.000,0.000,0.000,0.000,2.376,wyjazd / nieobecność
2026-01-10 18:00:00,Saturday,18,0.127,2.608,0.000,0.000,0.000,0.000,2.735,wyjazd / nieobecność
2026-01-10 19:00:00,Saturday,19,0.126,2.577,0.000,0.000,0.000,0.000,2.703,wyjazd / nieobecność
2026-01-10 20:00:00,Saturday,20,0.102,2.826,0.000,0.000,0.000,0.000,2.928,wyjazd / nieobecność
2026-01-10 21:00:00,Saturday,21,0.102,2.366,0.000,0.000,0.000,0.000,2.468,wyjazd / nieobecność
2026-01-10 22:00:00,Saturday,22,0.125,2.619,0.000,0.000,0.000,0.000,2.744,wyjazd / nieobecność
2026-01-10 23:00:00,Saturday,23,0.120,2.699,0.000,0.000,0.000,0.000,2.819,wyjazd / nieobecność
2026-01-11 00:00:00,Sunday,0,0.113,3.168,0.000,0.000,0.000,0.000,3.281,
2026-01-11 01:00:00,Sunday,1,0.111,3.334,0.000,0.000,0.000,0.000,3.445,
2026-01-11 02:00:00,Sunday,2,0.106,2.957,0.000,0.000,0.000,0.000,3.063,
2026-01-11 03:00:00,Sunday,3,0.136,3.081,0.000,0.000,0.000,0.000,3.217,
2026-01-11 04:00:00,Sunday,4,0.117,2.818,0.000,0.000,0.000,0.000,2.935,
2026-01-11 05:00:00,Sunday,5,0.095,3.410,0.000,0.000,0.000,0.000,3.505,
2026-01-11 06:00:00,Sunday,6,0.094,2.742,0.122,0.351,0.000,0.000,3.309,
2026-01-11 07:00:00,Sunday,7,0.101,2.905,0.085,0.238,0.000,0.000,3.329,
2026-01-11 08:00:00,Sunday,8,0.111,3.216,0.000,0.294,0.000,0.000,3.621,
2026-01-11 09:00:00,Sunday,9,0.102,2.880,0.000,0.000,0.104,0.000,3.086,
2026-01-11 10:00:00,Sunday,10,0.127,2.957,0.000,0.000,0.139,0.000,3.223,
2026-01-11 11:00:00,Sunday,11,0.095,3.210,0.000,0.000,0.112,0.000,3.417,
2026-01-11 12:00:00,Sunday,12,0.106,3.342,0.000,0.000,0.182,0.000,3.630,
2026-01-11 13:00:00,Sunday,13,0.103,3.437,0.000,0.631,0.066,0.748,4.985,zmywarka
2026-01-11 14:00:00,Sunday,14,0.117,2.611,0.000,0.000,0.078,0.000,2.806,
2026-01-11 15:00:00,Sunday,15,0.112,3.252,0.000,0.000,0.164,0.000,3.528,
2026-01-11 16:00:00,Sunday,16,0.126,2.985,0.074,0.000,0.150,0.000,3.335,
2026-01-11 17:00:00,Sunday,17,0.120,3.264,0.182,1.268,0.183,0.000,5.017,
2026-01-11 18:00:00,Sunday,18,0.098,3.342,0.164,0.000,0.258,0.000,3.862,
2026-01-11 19:00:00,Sunday,19,0.112,3.413,0.101,0.000,0.180,0.000,3.806,
2026-01-11 20:00:00,Sunday,20,0.101,3.128,0.101,0.000,0.208,0.000,3.538,
2026-01-11 21:00:00,Sunday,21,0.116,2.848,0.146,0.000,0.137,0.000,3.247,
2026-01-11 22:00:00,Sunday,22,0.112,3.187,0.046,0.000,0.258,0.000,3.603,
2026-01-11 23:00:00,Sunday,23,0.121,3.556,0.000,0.000,0.000,0.000,3.677,
2026-01-12 00:00:00,Monday,0,0.100,3.016,0.000,0.000,0.000,0.000,3.116,
2026-01-12 01:00:00,Monday,1,0.103,3.253,0.000,0.000,0.000,0.000,3.356,
2026-01-12 02:00:00,Monday,2,0.090,2.723,0.000,0.000,0.000,0.000,2.813,
2026-01-12 03:00:00,Monday,3,0.105,2.631,0.000,0.000,0.000,0.000,2.736,
2026-01-12 04:00:00,Monday,4,0.146,2.853,0.000,0.000,0.000,0.000,2.999,
2026-01-12 05:00:00,Monday,5,0.123,3.073,0.000,0.000,0.000,0.000,3.196,
2026-01-12 06:00:00,Monday,6,0.108,3.034,0.132,0.364,0.000,0.000,3.638,
2026-01-12 07:00:00,Monday,7,0.096,2.885,0.074,0.209,0.000,0.000,3.264,
2026-01-12 08:00:00,Monday,8,0.092,3.284,0.080,0.323,0.000,0.000,3.779,
2026-01-12 09:00:00,Monday,9,0.090,3.154,0.000,0.000,0.217,0.000,3.461,praca zdalna
2026-01-12 10:00:00,Monday,10,0.090,2.826,0.000,0.000,0.266,0.000,3.182,praca zdalna
2026-01-12 11:00:00,Monday,11,0.091,3.094,0.000,0.000,0.182,0.000,3.367,praca zdalna
2026-01-12 12:00:00,Monday,12,0.093,3.082,0.000,0.000,0.164,0.000,3.339,praca zdalna
2026-01-12 13:00:00,Monday,13,0.126,2.980,0.000,0.242,0.182,0.000,3.530,praca zdalna
2026-01-12 14:00:00,Monday,14,0.110,2.958,0.000,0.000,0.146,0.000,3.214,praca zdalna
2026-01-12 15:00:00,Monday,15,0.115,2.812,0.000,0.000,0.294,0.000,3.221,praca zdalna
2026-01-12 16:00:00,Monday,16,0.101,2.157,0.128,0.000,0.214,0.000,2.600,praca zdalna
2026-01-12 17:00:00,Monday,17,0.122,2.492,0.217,0.000,0.179,0.000,3.010,
2026-01-12 18:00:00,Monday,18,0.128,2.355,0.088,0.726,0.203,0.000,3.500,
2026-01-12 19:00:00,Monday,19,0.111,2.112,0.090,0.000,0.150,0.758,3.221,zmywarka
2026-01-12 20:00:00,Monday,20,0.118,2.113,0.171,0.000,0.271,0.000,2.673,
2026-01-12 21:00:00,Monday,21,0.108,2.210,0.166,0.000,0.146,0.000,2.630,
2026-01-12 22:00:00,Monday,22,0.118,2.442,0.084,0.000,0.166,0.000,2.810,
2026-01-12 23:00:00,Monday,23,0.118,2.398,0.000,0.000,0.000,0.000,2.516,
2026-01-13 00:00:00,Tuesday,0,0.113,2.417,0.000,0.000,0.000,0.000,2.530,
2026-01-13 01:00:00,Tuesday,1,0.106,2.286,0.000,0.000,0.000,0.000,2.392,
2026-01-13 02:00:00,Tuesday,2,0.120,2.302,0.000,0.000,0.000,0.000,2.422,
2026-01-13 03:00:00,Tuesday,3,0.100,2.626,0.000,0.000,0.000,0.000,2.726,
2026-01-13 04:00:00,Tuesday,4,0.099,2.124,0.000,0.000,0.000,0.000,2.223,
2026-01-13 05:00:00,Tuesday,5,0.094,2.632,0.000,0.000,0.000,0.000,2.726,
2026-01-13 06:00:00,Tuesday,6,0.101,2.776,0.106,0.294,0.000,0.000,3.277,
2026-01-13 07:00:00,Tuesday,7,0.128,2.650,0.056,0.242,0.000,0.000,3.076,
2026-01-13 08:00:00,Tuesday,8,0.100,2.486,0.098,0.293,0.000,0.000,2.977,
2026-01-13 09:00:00,Tuesday,9,0.122,2.483,0.000,0.000,0.070,0.000,2.675,
2026-01-13 10:00:00,Tuesday,10,0.118,2.077,0.000,0.000,0.114,0.789,3.098,pralka
2026-01-13 11:00:00,Tuesday,11,0.124,2.333,0.000,0.000,0.087,0.000,2.544,
2026-01-13 12:00:00,Tuesday,12,0.102,2.466,0.000,0.000,0.087,0.000,2.655,
2026-01-13 13:00:00,Tuesday,13,0.113,2.029,0.000,0.422,0.064,0.000,2.628,
2026-01-13 14:00:00,Tuesday,14,0.122,2.454,0.000,0.000,0.078,0.000,2.654,
2026-01-13 15:00:00,Tuesday,15,0.090,2.035,0.000,0.000,0.116,0.000,2.241,
2026-01-13 16:00:00,Tuesday,16,0.097,2.114,0.070,0.000,0.162,0.000,2.443,
2026-01-13 17:00:00,Tuesday,17,0.123,2.394,0.231,0.996,0.151,0.000,3.895,
2026-01-13 18:00:00,Tuesday,18,0.107,2.194,0.223,0.000,0.198,0.000,2.722,
2026-01-13 19:00:00,Tuesday,19,0.101,2.107,0.196,0.000,0.162,0.000,2.566,
2026-01-13 20:00:00,Tuesday,20,0.107,2.310,0.107,0.000,0.249,0.000,2.773,
2026-01-13 21:00:00,Tuesday,21,0.099,2.054,0.181,0.000,0.266,0.000,2.600,
2026-01-13 22:00:00,Tuesday,22,0.102,1.874,0.044,0.000,0.186,0.000,2.206,
2026-01-13 23:00:00,Tuesday,23,0.108,1.932,0.000,0.000,0.000,0.000,2.040,
2026-01-14 00:00:00,Wednesday,0,0.114,1.846,0.000,0.000,0.000,0.000,1.960,
2026-01-14 01:00:00,Wednesday,1,0.121,1.666,0.000,0.000,0.000,0.000,1.787,
2026-01-14 02:00:00,Wednesday,2,0.142,1.766,0.000,0.000,0.000,0.000,1.908,
2026-01-14 03:00:00,Wednesday,3,0.112,1.938,0.000,0.000,0.000,0.000,2.050,
2026-01-14 04:00:00,Wednesday,4,0.133,1.622,0.000,0.000,0.000,0.000,1.755,
2026-01-14 05:00:00,Wednesday,5,0.123,1.791,0.000,0.000,0.000,0.000,1.914,
2026-01-14 06:00:00,Wednesday,6,0.090,2.143,0.141,0.282,0.000,0.000,2.656,
2026-01-14 07:00:00,Wednesday,7,0.118,2.063,0.098,0.274,0.000,0.000,2.553,
2026-01-14 08:00:00,Wednesday,8,0.093,2.117,0.115,0.264,0.000,0.000,2.589,
2026-01-14 09:00:00,Wednesday,9,0.118,2.118,0.000,0.000,0.078,0.000,2.314,
2026-01-14 10:00:00,Wednesday,10,0.088,1.730,0.000,0.000,0.086,0.000,1.904,
2026-01-14 11:00:00,Wednesday,11,0.105,1.857,0.000,0.000,0.119,0.000,2.081,
2026-01-14 12:00:00,Wednesday,12,0.089,1.973,0.000,0.000,0.114,0.000,2.176,
2026-01-14 13:00:00,Wednesday,13,0.113,1.744,0.000,0.400,0.066,0.000,2.323,
2026-01-14 14:00:00,Wednesday,14,0.118,1.765,0.000,0.000,0.104,0.000,1.987,
2026-01-14 15:00:00,Wednesday,15,0.122,1.970,0.000,0.000,0.068,0.000,2.160,
2026-01-14 16:00:00,Wednesday,16,0.094,1.810,0.105,0.000,0.135,0.000,2.144,
2026-01-14 17:00:00,Wednesday,17,0.120,1.887,0.114,0.685,0.138,0.000,2.944,
2026-01-14 18:00:00,Wednesday,18,0.089,2.400,0.166,0.000,0.213,0.000,2.868,
2026-01-14 19:00:00,Wednesday,19,0.091,2.378,0.230,0.000,0.126,0.941,3.766,zmywarka
2026-01-14 20:00:00,Wednesday,20,0.092,2.050,0.223,0.000,0.210,0.000,2.575,
2026-01-14 21:00:00,Wednesday,21,0.104,2.389,0.091,0.000,0.147,0.000,2.731,
2026-01-14 22:00:00,Wednesday,22,0.119,1.905,0.069,0.000,0.134,0.000,2.227,
2026-01-14 23:00:00,Wednesday,23,0.093,2.366,0.000,0.000,0.000,0.000,2.459,
2026-01-15 00:00:00,Thursday,0,0.121,2.396,0.000,0.000,0.000,0.000,2.517,
2026-01-15 01:00:00,Thursday,1,0.097,2.136,0.000,0.000,0.000,0.000,2.233,
2026-01-15 02:00:00,Thursday,2,0.113,2.258,0.000,0.000,0.000,0.000,2.371,
2026-01-15 03:00:00,Thursday,3,0.114,2.186,0.000,0.000,0.000,0.000,2.300,
2026-01-15 04:00:00,Thursday,4,0.097,2.573,0.000,0.000,0.000,0.000,2.670,
2026-01-15 05:00:00,Thursday,5,0.101,2.384,0.000,0.000,0.000,0.000,2.485,
2026-01-15 06:00:00,Thursday,6,0.091,2.602,0.059,0.414,0.000,0.000,3.166,
2026-01-15 07:00:00,Thursday,7,0.101,2.568,0.154,0.277,0.000,0.000,3.100,
2026-01-15 08:00:00,Thursday,8,0.126,2.618,0.077,0.260,0.000,0.000,3.081,
2026-01-15 09:00:00,Thursday,9,0.110,2.560,0.000,0.000,0.078,0.000,2.748,
2026-01-15 10:00:00,Thursday,10,0.098,1.894,0.000,0.000,0.090,0.000,2.082,
2026-01-15 11:00:00,Thursday,11,0.098,2.222,0.000,0.000,0.084,0.000,2.404,
2026-01-15 12:00:00,Thursday,12,0.091,1.754,0.000,0.000,0.090,0.000,1.935,
2026-01-15 13:00:00,Thursday,13,0.101,1.938,0.000,0.426,0.068,0.000,2.533,
2026-01-15 14:00:00,Thursday,14,0.118,2.199,0.000,0.000,0.189,0.000,2.506,
2026-01-15 15:00:00,Thursday,15,0.094,1.856,0.000,0.000,0.172,0.000,2.122,
2026-01-15 16:00:00,Thursday,16,0.110,1.793,0.129,0.000,0.198,0.000,2.230,
2026-01-15 17:00:00,Thursday,17,0.105,2.112,0.148,0.755,0.148,0.000,3.268,
2026-01-15 18:00:00,Thursday,18,0.113,2.089,0.149,0.000,0.191,0.000,2.542,
2026-01-15 19:00:00,Thursday,19,0.119,1.890,0.089,0.000,0.121,0.000,2.219,
2026-01-15 20:00:00,Thursday,20,0.127,2.242,0.125,0.000,0.173,0.695,3.362,zmywarka
2026-01-15 21:00:00,Thursday,21,0.118,1.974,0.152,0.000,0.258,0.000,2.502,
2026-01-15 22:00:00,Thursday,22,0.096,1.914,0.059,0.000,0.152,0.000,2.221,
2026-01-15 23:00:00,Thursday,23,0.092,1.926,0.000,0.000,0.000,0.000,2.018,
2026-01-16 00:00:00,Friday,0,0.109,1.611,0.000,0.000,0.000,0.000,1.720,
2026-01-16 01:00:00,Friday,1,0.107,1.510,0.000,0.000,0.000,0.000,1.617,
2026-01-16 02:00:00,Friday,2,0.111,1.742,0.000,0.000,0.000,0.000,1.853,
2026-01-16 03:00:00,Friday,3,0.111,1.691,0.000,0.000,0.000,0.000,1.802,
2026-01-16 04:00:00,Friday,4,0.088,1.534,0.000,0.000,0.000,0.000,1.622,
2026-01-16 05:00:00,Friday,5,0.114,1.586,0.000,0.000,0.000,0.000,1.700,
2026-01-16 06:00:00,Friday,6,0.111,1.929,0.087,0.292,0.000,0.000,2.419,
2026-01-16 07:00:00,Friday,7,0.095,1.700,0.067,0.354,0.000,0.000,2.216,
2026-01-16 08:00:00,Friday,8,0.102,2.046,0.073,0.435,0.000,0.000,2.656,
2026-01-16 09:00:00,Friday,9,0.110,1.969,0.000,0.000,0.090,0.000,2.169,
2026-01-16 10:00:00,Friday,10,0.120,1.622,0.000,0.000,0.095,0.000,1.837,
2026-01-16 11:00:00,Friday,11,0.106,1.741,0.000,0.000,0.104,0.000,1.951,
2026-01-16 12:00:00,Friday,12,0.106,1.620,0.000,0.000,0.065,0.000,1.791,
2026-01-16 13:00:00,Friday,13,0.118,1.998,0.000,0.602,0.090,0.000,2.808,
2026-01-16 14:00:00,Friday,14,0.104,2.018,0.000,0.000,0.124,0.000,2.246,
2026-01-16 15:00:00,Friday,15,0.116,1.613,0.000,0.000,0.154,0.000,1.883,
2026-01-16 16:00:00,Friday,16,0.125,1.756,0.102,0.000,0.111,0.000,2.094,
2026-01-16 17:00:00,Friday,17,0.107,1.550,0.185,0.000,0.152,0.000,1.994,
2026-01-16 18:00:00,Friday,18,0.110,1.807,0.139,0.806,0.122,0.000,2.984,
2026-01-16 19:00:00,Friday,19,0.098,2.077,0.171,0.000,0.231,0.854,3.431,zmywarka
2026-01-16 20:00:00,Friday,20,0.111,1.800,0.087,0.000,0.250,0.000,2.248,
2026-01-16 21:00:00,Friday,21,0.090,1.882,0.092,0.000,0.176,0.000,2.240,
2026-01-16 22:00:00,Friday,22,0.110,1.740,0.075,0.000,0.278,0.000,2.203,
2026-01-16 23:00:00,Friday,23,0.115,1.794,0.000,0.000,0.000,0.000,1.909,
2026-01-17 00:00:00,Saturday,0,0.123,2.134,0.000,0.000,0.000,0.000,2.257,
2026-01-17 01:00:00,Saturday,1,0.106,1.985,0.000,0.000,0.000,0.000,2.091,
2026-01-17 02:00:00,Saturday,2,0.146,1.902,0.000,0.000,0.000,0.000,2.048,
2026-01-17 03:00:00,Saturday,3,0.088,1.591,0.000,0.000,0.000,0.000,1.679,
2026-01-17 04:00:00,Saturday,4,0.088,1.987,0.000,0.000,0.000,0.000,2.075,
2026-01-17 05:00:00,Saturday,5,0.132,1.775,0.000,0.000,0.000,0.000,1.907,
2026-01-17 06:00:00,Saturday,6,0.098,1.967,0.146,0.248,0.000,0.000,2.459,
2026-01-17 07:00:00,Saturday,7,0.110,2.413,0.118,0.315,0.000,0.000,2.956,
2026-01-17 08:00:00,Saturday,8,0.114,2.006,0.084,0.393,0.000,0.000,2.597,
2026-01-17 09:00:00,Saturday,9,0.115,2.170,0.000,0.000,0.178,0.000,2.463,
2026-01-17 10:00:00,Saturday,10,0.090,2.499,0.000,0.000,0.159,0.516,3.264,pralka
2026-01-17 11:00:00,Saturday,11,0.099,2.433,0.000,0.000,0.186,1.892,4.610,suszarka
2026-01-17 12:00:00,Saturday,12,0.106,2.069,0.000,0.442,0.145,0.000,2.762,
2026-01-17 13:00:00,Saturday,13,0.110,2.326,0.000,0.000,0.122,0.835,3.393,zmywarka
2026-01-17 14:00:00,Saturday,14,0.099,2.395,0.000,0.000,0.103,0.000,2.597,
2026-01-17 15:00:00,Saturday,15,0.104,2.344,0.000,0.000,0.063,0.000,2.511,
2026-01-17 16:00:00,Saturday,16,0.124,2.240,0.096,0.000,0.105,0.000,2.565,
2026-01-17 17:00:00,Saturday,17,0.094,1.997,0.138,0.616,0.155,0.000,3.000,
2026-01-17 18:00:00,Saturday,18,0.090,2.099,0.126,0.000,0.122,0.000,2.437,
2026-01-17 19:00:00,Saturday,19,0.109,1.975,0.107,0.000,0.249,0.000,2.440,
2026-01-17 20:00:00,Saturday,20,0.090,1.962,0.090,0.000,0.167,0.000,2.309,
2026-01-17 21:00:00,Saturday,21,0.102,2.052,0.118,0.000,0.184,0.000,2.456,
2026-01-17 22:00:00,Saturday,22,0.107,1.999,0.096,0.000,0.198,0.000,2.400,
2026-01-17 23:00:00,Saturday,23,0.133,2.159,0.000,0.000,0.000,0.000,2.292,
2026-01-18 00:00:00,Sunday,0,0.112,2.298,0.000,0.000,0.000,0.000,2.410,
2026-01-18 01:00:00,Sunday,1,0.111,2.162,0.000,0.000,0.000,0.000,2.273,
2026-01-18 02:00:00,Sunday,2,0.098,2.088,0.000,0.000,0.000,0.000,2.186,
2026-01-18 03:00:00,Sunday,3,0.099,2.298,0.000,0.000,0.000,0.000,2.397,
2026-01-18 04:00:00,Sunday,4,0.091,2.129,0.000,0.000,0.000,0.000,2.220,
2026-01-18 05:00:00,Sunday,5,0.098,1.985,0.000,0.000,0.000,0.000,2.083,
2026-01-18 06:00:00,Sunday,6,0.102,2.034,0.146,0.184,0.000,0.000,2.466,
2026-01-18 07:00:00,Sunday,7,0.088,2.438,0.146,0.354,0.000,0.000,3.026,
2026-01-18 08:00:00,Sunday,8,0.121,2.237,0.078,0.303,0.000,0.000,2.739,
2026-01-18 09:00:00,Sunday,9,0.122,1.898,0.000,0.000,0.089,0.000,2.109,
2026-01-18 10:00:00,Sunday,10,0.093,2.451,0.000,0.000,0.070,0.000,2.614,
2026-01-18 11:00:00,Sunday,11,0.092,2.547,0.000,0.000,0.146,0.000,2.785,
2026-01-18 12:00:00,Sunday,12,0.127,2.280,0.000,0.000,0.155,0.000,2.562,
2026-01-18 13:00:00,Sunday,13,0.097,2.212,0.000,0.270,0.047,0.763,3.389,zmywarka
2026-01-18 14:00:00,Sunday,14,0.090,2.010,0.000,0.000,0.165,0.000,2.265,
2026-01-18 15:00:00,Sunday,15,0.104,2.291,0.000,0.000,0.159,0.000,2.554,
2026-01-18 16:00:00,Sunday,16,0.105,1.862,0.139,0.000,0.108,0.000,2.214,
2026-01-18 17:00:00,Sunday,17,0.099,2.046,0.226,0.000,0.122,0.000,2.493,
2026-01-18 18:00:00,Sunday,18,0.109,2.006,0.198,0.640,0.230,0.000,3.183,
2026-01-18 19:00:00,Sunday,19,0.121,2.407,0.098,0.000,0.226,0.000,2.852,
2026-01-18 20:00:00,Sunday,20,0.097,2.414,0.081,0.000,0.206,0.000,2.798,
2026-01-18 21:00:00,Sunday,21,0.120,2.277,0.198,0.000,0.208,0.000,2.803,
2026-01-18 22:00:00,Sunday,22,0.102,1.802,0.087,0.000,0.122,0.000,2.113,
2026-01-18 23:00:00,Sunday,23,0.126,1.900,0.000,0.000,0.000,0.000,2.026,
2026-01-19 00:00:00,Monday,0,0.112,2.014,0.000,0.000,0.000,0.000,2.126,
2026-01-19 01:00:00,Monday,1,0.094,2.054,0.000,0.000,0.000,0.000,2.148,
2026-01-19 02:00:00,Monday,2,0.134,2.198,0.000,0.000,0.000,0.000,2.332,
2026-01-19 03:00:00,Monday,3,0.102,2.188,0.000,0.000,0.000,0.000,2.290,
2026-01-19 04:00:00,Monday,4,0.125,2.169,0.000,0.000,0.000,0.000,2.294,
2026-01-19 05:00:00,Monday,5,0.107,2.078,0.000,0.000,0.000,0.000,2.185,
2026-01-19 06:00:00,Monday,6,0.091,2.552,0.101,0.285,0.000,0.000,3.029,
2026-01-19 07:00:00,Monday,7,0.114,2.876,0.114,0.342,0.000,0.000,3.446,
2026-01-19 08:00:00,Monday,8,0.091,2.141,0.000,0.183,0.000,0.000,2.415,
2026-01-19 09:00:00,Monday,9,0.128,2.230,0.000,0.000,0.080,0.000,2.438,
2026-01-19 10:00:00,Monday,10,0.119,2.729,0.000,0.000,0.102,0.000,2.950,
2026-01-19 11:00:00,Monday,11,0.110,2.315,0.000,0.000,0.097,0.000,2.522,
2026-01-19 12:00:00,Monday,12,0.107,2.529,0.000,0.000,0.082,0.000,2.718,
2026-01-19 13:00:00,Monday,13,0.115,2.316,0.000,0.273,0.065,0.000,2.769,
2026-01-19 14:00:00,Monday,14,0.110,2.410,0.000,0.000,0.180,0.000,2.700,
2026-01-19 15:00:00,Monday,15,0.096,2.002,0.000,0.000,0.138,0.000,2.236,
2026-01-19 16:00:00,Monday,16,0.116,2.130,0.132,0.000,0.090,0.000,2.468,
2026-01-19 17:00:00,Monday,17,0.107,2.203,0.090,0.000,0.135,0.000,2.535,
2026-01-19 18:00:00,Monday,18,0.105,2.055,0.118,0.674,0.254,0.000,3.206,
2026-01-19 19:00:00,Monday,19,0.102,2.316,0.223,0.000,0.128,0.000,2.769,
2026-01-19 20:00:00,Monday,20,0.123,2.557,0.117,0.000,0.145,0.856,3.798,zmywarka
2026-01-19 21:00:00,Monday,21,0.093,2.092,0.082,0.000,0.173,0.000,2.440,
2026-01-19 22:00:00,Monday,22,0.090,1.813,0.064,0.000,0.126,0.000,2.093,
2026-01-19 23:00:00,Monday,23,0.125,2.335,0.000,0.000,0.000,0.000,2.460,
2026-01-20 00:00:00,Tuesday,0,0.100,2.211,0.000,0.000,0.000,0.000,2.311,
2026-01-20 01:00:00,Tuesday,1,0.122,1.772,0.000,0.000,0.000,0.000,1.894,
2026-01-20 02:00:00,Tuesday,2,0.107,2.051,0.000,0.000,0.000,0.000,2.158,
2026-01-20 03:00:00,Tuesday,3,0.134,1.837,0.000,0.000,0.000,0.000,1.971,
2026-01-20 04:00:00,Tuesday,4,0.119,1.854,0.000,0.000,0.000,0.000,1.973,
2026-01-20 05:00:00,Tuesday,5,0.118,1.988,0.000,0.000,0.000,0.000,2.106,
2026-01-20 06:00:00,Tuesday,6,0.106,2.377,0.069,0.282,0.000,0.000,2.834,
2026-01-20 07:00:00,Tuesday,7,0.106,2.618,0.102,0.331,0.000,0.000,3.157,
2026-01-20 08:00:00,Tuesday,8,0.120,2.240,0.000,0.296,0.000,0.000,2.656,
2026-01-20 09:00:00,Tuesday,9,0.126,2.831,0.000,0.000,0.110,0.000,3.067,
2026-01-20 10:00:00,Tuesday,10,0.127,2.437,0.000,0.000,0.076,0.000,2.640,
2026-01-20 11:00:00,Tuesday,11,0.101,2.534,0.000,0.000,0.083,0.000,2.718,
2026-01-20 12:00:00,Tuesday,12,0.120,2.286,0.000,0.589,0.081,0.000,3.076,
2026-01-20 13:00:00,Tuesday,13,0.126,1.923,0.000,0.000,0.068,0.000,2.117,
2026-01-20 14:00:00,Tuesday,14,0.088,1.965,0.000,0.000,0.130,0.000,2.183,
2026-01-20 15:00:00,Tuesday,15,0.126,1.983,0.000,0.000,0.166,0.000,2.275,
2026-01-20 16:00:00,Tuesday,16,0.097,2.135,0.079,0.000,0.166,0.000,2.477,
2026-01-20 17:00:00,Tuesday,17,0.110,2.525,0.110,0.537,0.192,0.000,3.474,
2026-01-20 18:00:00,Tuesday,18,0.103,2.206,0.198,0.000,0.279,0.000,2.786,
2026-01-20 19:00:00,Tuesday,19,0.094,2.286,0.193,0.000,0.129,0.000,2.702,
2026-01-20 20:00:00,Tuesday,20,0.115,2.270,0.235,0.000,0.278,0.000,2.898,
2026-01-20 21:00:00,Tuesday,21,0.106,2.482,0.123,0.000,0.146,0.000,2.857,
2026-01-20 22:00:00,Tuesday,22,0.097,2.359,0.068,0.000,0.129,0.000,2.653,
2026-01-20 23:00:00,Tuesday,23,0.114,2.574,0.000,0.000,0.000,0.000,2.688,
2026-01-21 00:00:00,Wednesday,0,0.096,2.811,0.000,0.000,0.000,0.000,2.907,
2026-01-21 01:00:00,Wednesday,1,0.125,2.698,0.000,0.000,0.000,0.000,2.823,
2026-01-21 02:00:00,Wednesday,2,0.118,2.700,0.000,0.000,0.000,0.000,2.818,
2026-01-21 03:00:00,Wednesday,3,0.104,2.226,0.000,0.000,0.000,0.000,2.330,
2026-01-21 04:00:00,Wednesday,4,0.105,2.878,0.000,0.000,0.000,0.000,2.983,
2026-01-21 05:00:00,Wednesday,5,0.131,2.702,0.000,0.000,0.000,0.000,2.833,
2026-01-21 06:00:00,Wednesday,6,0.127,3.141,0.131,0.263,0.000,0.000,3.662,
2026-01-21 07:00:00,Wednesday,7,0.097,3.148,0.124,0.429,0.000,0.000,3.798,
2026-01-21 08:00:00,Wednesday,8,0.098,2.778,0.000,0.324,0.000,0.000,3.200,
2026-01-21 09:00:00,Wednesday,9,0.093,2.486,0.000,0.000,0.115,0.000,2.694,
2026-01-21 10:00:00,Wednesday,10,0.088,3.121,0.000,0.000,0.110,0.000,3.319,
2026-01-21 11:00:00,Wednesday,11,0.114,2.710,0.000,0.000,0.082,0.000,2.906,
2026-01-21 12:00:00,Wednesday,12,0.108,2.902,0.000,0.467,0.114,0.000,3.591,
2026-01-21 13:00:00,Wednesday,13,0.107,2.862,0.000,0.000,0.099,0.000,3.068,
2026-01-21 14:00:00,Wednesday,14,0.110,3.053,0.000,0.000,0.071,0.000,3.234,
2026-01-21 15:00:00,Wednesday,15,0.105,2.838,0.000,0.000,0.112,0.000,3.055,
2026-01-21 16:00:00,Wednesday,16,0.095,2.846,0.098,0.000,0.083,0.000,3.122,
2026-01-21 17:00:00,Wednesday,17,0.098,2.950,0.126,0.000,0.195,0.000,3.369,
2026-01-21 18:00:00,Wednesday,18,0.118,2.847,0.135,0.523,0.201,0.000,3.824,
2026-01-21 19:00:00,Wednesday,19,0.127,2.273,0.166,0.000,0.143,0.834,3.543,zmywarka
2026-01-21 20:00:00,Wednesday,20,0.098,2.753,0.204,0.000,0.197,0.000,3.252,
2026-01-21 21:00:00,Wednesday,21,0.124,2.500,0.140,0.000,0.121,0.000,2.885,
2026-01-21 22:00:00,Wednesday,22,0.126,2.593,0.049,0.000,0.219,0.000,2.987,
2026-01-21 23:00:00,Wednesday,23,0.135,2.342,0.000,0.000,0.000,0.000,2.477,
2026-01-22 00:00:00,Thursday,0,0.090,2.245,0.000,0.000,0.000,0.000,2.335,
2026-01-22 01:00:00,Thursday,1,0.092,2.334,0.000,0.000,0.000,0.000,2.426,
2026-01-22 02:00:00,Thursday,2,0.122,2.155,0.000,0.000,0.000,0.000,2.277,
2026-01-22 03:00:00,Thursday,3,0.117,2.154,0.000,0.000,0.000,0.000,2.271,
2026-01-22 04:00:00,Thursday,4,0.119,2.413,0.000,0.000,0.000,0.000,2.532,
2026-01-22 05:00:00,Thursday,5,0.095,2.226,0.000,0.000,0.000,0.000,2.321,
2026-01-22 06:00:00,Thursday,6,0.103,3.214,0.090,0.366,0.000,0.000,3.773,
2026-01-22 07:00:00,Thursday,7,0.126,2.736,0.094,0.285,0.000,0.000,3.241,
2026-01-22 08:00:00,Thursday,8,0.120,2.386,0.075,0.217,0.000,0.000,2.798,
2026-01-22 09:00:00,Thursday,9,0.111,2.538,0.000,0.000,0.189,0.000,2.838,praca zdalna
2026-01-22 10:00:00,Thursday,10,0.117,2.782,0.000,0.000,0.264,0.000,3.163,praca zdalna
2026-01-22 11:00:00,Thursday,11,0.123,2.434,0.000,0.000,0.162,0.000,2.719,praca zdalna
2026-01-22 12:00:00,Thursday,12,0.126,3.094,0.000,0.607,0.156,0.000,3.983,praca zdalna
2026-01-22 13:00:00,Thursday,13,0.098,2.598,0.000,0.000,0.204,0.000,2.900,praca zdalna
2026-01-22 14:00:00,Thursday,14,0.119,2.967,0.000,0.000,0.298,0.000,3.384,praca zdalna
2026-01-22 15:00:00,Thursday,15,0.095,2.815,0.000,0.000,0.302,0.000,3.212,praca zdalna
2026-01-22 16:00:00,Thursday,16,0.098,2.264,0.099,0.000,0.146,0.000,2.607,praca zdalna
2026-01-22 17:00:00,Thursday,17,0.106,2.483,0.125,0.824,0.226,0.000,3.764,
2026-01-22 18:00:00,Thursday,18,0.107,2.657,0.094,0.000,0.256,0.000,3.114,
2026-01-22 19:00:00,Thursday,19,0.118,2.594,0.194,0.000,0.277,0.000,3.183,
2026-01-22 20:00:00,Thursday,20,0.119,2.198,0.210,0.000,0.137,0.803,3.467,zmywarka
2026-01-22 21:00:00,Thursday,21,0.092,2.352,0.133,0.000,0.250,0.000,2.827,
2026-01-22 22:00:00,Thursday,22,0.104,2.070,0.116,0.000,0.121,0.000,2.411,
2026-01-22 23:00:00,Thursday,23,0.134,2.275,0.000,0.000,0.000,0.000,2.409,
2026-01-23 00:00:00,Friday,0,0.111,2.057,0.000,0.000,0.000,0.000,2.168,
2026-01-23 01:00:00,Friday,1,0.097,2.053,0.000,0.000,0.000,0.000,2.150,
2026-01-23 02:00:00,Friday,2,0.138,2.405,0.000,0.000,0.000,0.000,2.543,
2026-01-23 03:00:00,Friday,3,0.138,2.629,0.000,0.000,0.000,0.000,2.767,
2026-01-23 04:00:00,Friday,4,0.126,2.478,0.000,0.000,0.000,0.000,2.604,
2026-01-23 05:00:00,Friday,5,0.092,2.134,0.000,0.000,0.000,0.000,2.226,
2026-01-23 06:00:00,Friday,6,0.109,2.926,0.062,0.410,0.000,0.000,3.507,
2026-01-23 07:00:00,Friday,7,0.102,2.551,0.110,0.342,0.000,0.000,3.105,
2026-01-23 08:00:00,Friday,8,0.105,3.025,0.094,0.263,0.000,0.000,3.487,
2026-01-23 09:00:00,Friday,9,0.120,2.434,0.000,0.000,0.200,0.000,2.754,praca zdalna
2026-01-23 10:00:00,Friday,10,0.106,3.182,0.000,0.000,0.224,0.000,3.512,praca zdalna
2026-01-23 11:00:00,Friday,11,0.104,2.990,0.000,0.000,0.243,0.000,3.337,praca zdalna
2026-01-23 12:00:00,Friday,12,0.117,2.447,0.000,0.000,0.180,0.000,2.744,praca zdalna
2026-01-23 13:00:00,Friday,13,0.105,2.806,0.000,0.604,0.225,0.000,3.740,praca zdalna
2026-01-23 14:00:00,Friday,14,0.127,2.949,0.000,0.000,0.270,0.000,3.346,praca zdalna
2026-01-23 15:00:00,Friday,15,0.113,2.462,0.000,0.000,0.210,0.000,2.785,praca zdalna
2026-01-23 16:00:00,Friday,16,0.110,2.907,0.126,0.000,0.283,0.000,3.426,praca zdalna
2026-01-23 17:00:00,Friday,17,0.118,2.785,0.106,0.000,0.210,0.000,3.219,
2026-01-23 18:00:00,Friday,18,0.122,2.452,0.213,0.866,0.218,0.000,3.871,
2026-01-23 19:00:00,Friday,19,0.119,3.072,0.132,0.000,0.174,0.000,3.497,
2026-01-23 20:00:00,Friday,20,0.112,2.636,0.234,0.000,0.249,0.881,4.112,zmywarka
2026-01-23 21:00:00,Friday,21,0.095,2.907,0.165,0.000,0.278,0.000,3.445,
2026-01-23 22:00:00,Friday,22,0.093,2.309,0.094,0.000,0.132,0.000,2.628,
2026-01-23 23:00:00,Friday,23,0.106,2.298,0.000,0.000,0.000,0.000,2.404,
2026-01-24 00:00:00,Saturday,0,0.099,2.637,0.000,0.000,0.000,0.000,2.736,
2026-01-24 01:00:00,Saturday,1,0.127,2.602,0.000,0.000,0.000,0.000,2.729,
2026-01-24 02:00:00,Saturday,2,0.102,2.242,0.000,0.000,0.000,0.000,2.344,
2026-01-24 03:00:00,Saturday,3,0.093,2.225,0.000,0.000,0.000,0.000,2.318,
2026-01-24 04:00:00,Saturday,4,0.115,2.656,0.000,0.000,0.000,0.000,2.771,
2026-01-24 05:00:00,Saturday,5,0.109,2.470,0.000,0.000,0.000,0.000,2.579,
2026-01-24 06:00:00,Saturday,6,0.124,3.002,0.086,0.312,0.000,0.000,3.524,
2026-01-24 07:00:00,Saturday,7,0.094,2.518,0.095,0.374,0.000,0.000,3.081,
2026-01-24 08:00:00,Saturday,8,0.122,2.595,0.167,0.394,0.000,0.000,3.278,
2026-01-24 09:00:00,Saturday,9,0.098,2.810,0.000,0.000,0.184,0.652,3.744,pralka
2026-01-24 10:00:00,Saturday,10,0.114,2.977,0.000,0.000,0.155,1.597,4.843,suszarka
2026-01-24 11:00:00,Saturday,11,0.090,2.682,0.000,0.000,0.067,0.000,2.839,
2026-01-24 12:00:00,Saturday,12,0.125,2.154,0.000,0.271,0.110,0.000,2.660,
2026-01-24 13:00:00,Saturday,13,0.122,2.328,0.000,0.000,0.135,0.000,2.585,
2026-01-24 14:00:00,Saturday,14,0.110,2.485,0.000,0.000,0.128,0.830,3.553,zmywarka
2026-01-24 15:00:00,Saturday,15,0.126,2.715,0.000,0.000,0.064,0.000,2.905,
2026-01-24 16:00:00,Saturday,16,0.098,2.322,0.049,0.000,0.051,0.000,2.520,
2026-01-24 17:00:00,Saturday,17,0.121,2.631,0.186,0.000,0.126,0.000,3.064,
2026-01-24 18:00:00,Saturday,18,0.122,2.691,0.193,0.720,0.135,0.000,3.861,
2026-01-24 19:00:00,Saturday,19,0.098,2.498,0.189,0.000,0.155,0.000,2.940,
2026-01-24 20:00:00,Saturday,20,0.111,2.881,0.236,0.000,0.264,0.000,3.492,
2026-01-24 21:00:00,Saturday,21,0.090,2.834,0.232,0.000,0.176,0.000,3.332,
2026-01-24 22:00:00,Saturday,22,0.099,2.767,0.086,0.000,0.194,0.000,3.146,
2026-01-24 23:00:00,Saturday,23,0.098,2.317,0.000,0.000,0.000,0.000,2.415,
2026-01-25 00:00:00,Sunday,0,0.142,2.114,0.000,0.000,0.000,0.000,2.256,
2026-01-25 01:00:00,Sunday,1,0.124,2.268,0.000,0.000,0.000,0.000,2.392,
2026-01-25 02:00:00,Sunday,2,0.094,2.658,0.000,0.000,0.000,0.000,2.752,
2026-01-25 03:00:00,Sunday,3,0.135,2.186,0.000,0.000,0.000,0.000,2.321,
2026-01-25 04:00:00,Sunday,4,0.122,2.524,0.000,0.000,0.000,0.000,2.646,
2026-01-25 05:00:00,Sunday,5,0.102,2.199,0.000,0.000,0.000,0.000,2.301,
2026-01-25 06:00:00,Sunday,6,0.107,2.362,0.088,0.182,0.000,0.000,2.739,
2026-01-25 07:00:00,Sunday,7,0.094,2.912,0.070,0.386,0.000,0.000,3.462,
2026-01-25 08:00:00,Sunday,8,0.101,2.918,0.066,0.306,0.000,0.000,3.391,
2026-01-25 09:00:00,Sunday,9,0.101,2.687,0.000,0.000,0.133,0.000,2.921,
2026-01-25 10:00:00,Sunday,10,0.103,2.529,0.000,0.000,0.194,0.000,2.826,
2026-01-25 11:00:00,Sunday,11,0.106,2.300,0.000,0.000,0.098,0.000,2.504,
2026-01-25 12:00:00,Sunday,12,0.094,2.210,0.000,0.810,0.182,0.000,3.296,
2026-01-25 13:00:00,Sunday,13,0.120,2.796,0.000,0.000,0.112,0.836,3.864,zmywarka
2026-01-25 14:00:00,Sunday,14,0.090,2.591,0.000,0.000,0.117,0.000,2.798,
2026-01-25 15:00:00,Sunday,15,0.095,2.359,0.000,0.000,0.079,0.000,2.533,
2026-01-25 16:00:00,Sunday,16,0.101,2.652,0.049,0.000,0.072,0.000,2.874,
2026-01-25 17:00:00,Sunday,17,0.095,2.486,0.204,0.000,0.196,0.000,2.981,
2026-01-25 18:00:00,Sunday,18,0.108,2.538,0.086,0.614,0.230,0.000,3.576,
2026-01-25 19:00:00,Sunday,19,0.108,2.150,0.207,0.000,0.201,0.000,2.666,
2026-01-25 20:00:00,Sunday,20,0.098,2.250,0.099,0.000,0.121,0.000,2.568,
2026-01-25 21:00:00,Sunday,21,0.097,2.408,0.169,0.000,0.270,0.000,2.944,
2026-01-25 22:00:00,Sunday,22,0.100,2.498,0.054,0.000,0.200,0.000,2.852,
2026-01-25 23:00:00,Sunday,23,0.110,2.677,0.000,0.000,0.000,0.000,2.787,
2026-01-26 00:00:00,Monday,0,0.118,2.660,0.000,0.000,0.000,0.000,2.778,
2026-01-26 01:00:00,Monday,1,0.134,2.130,0.000,0.000,0.000,0.000,2.264,
2026-01-26 02:00:00,Monday,2,0.098,2.104,0.000,0.000,0.000,0.000,2.202,
2026-01-26 03:00:00,Monday,3,0.116,2.218,0.000,0.000,0.000,0.000,2.334,
2026-01-26 04:00:00,Monday,4,0.101,2.529,0.000,0.000,0.000,0.000,2.630,
2026-01-26 05:00:00,Monday,5,0.123,2.318,0.000,0.000,0.000,0.000,2.441,
2026-01-26 06:00:00,Monday,6,0.102,2.886,0.108,0.372,0.000,0.000,3.468,
2026-01-26 07:00:00,Monday,7,0.118,2.755,0.067,0.458,0.000,0.000,3.398,
2026-01-26 08:00:00,Monday,8,0.112,2.875,0.070,0.246,0.000,0.000,3.303,
2026-01-26 09:00:00,Monday,9,0.127,2.523,0.000,0.000,0.106,0.000,2.756,
2026-01-26 10:00:00,Monday,10,0.114,2.676,0.000,0.000,0.110,0.000,2.900,
2026-01-26 11:00:00,Monday,11,0.097,2.438,0.000,0.000,0.118,0.000,2.653,
2026-01-26 12:00:00,Monday,12,0.102,2.963,0.000,0.480,0.074,0.000,3.619,
2026-01-26 13:00:00,Monday,13,0.114,2.561,0.000,0.000,0.115,0.000,2.790,
2026-01-26 14:00:00,Monday,14,0.118,2.332,0.000,0.000,0.109,0.000,2.559,
2026-01-26 15:00:00,Monday,15,0.096,2.878,0.000,0.000,0.085,0.000,3.059,
2026-01-26 16:00:00,Monday,16,0.119,2.839,0.117,0.000,0.076,0.000,3.151,
2026-01-26 17:00:00,Monday,17,0.109,2.942,0.190,0.000,0.263,0.000,3.504,
2026-01-26 18:00:00,Monday,18,0.120,2.422,0.170,0.583,0.179,0.000,3.474,
2026-01-26 19:00:00,Monday,19,0.108,2.469,0.186,0.000,0.182,0.000,2.945,
2026-01-26 20:00:00,Monday,20,0.094,2.822,0.134,0.000,0.224,0.694,3.968,zmywarka
2026-01-26 21:00:00,Monday,21,0.096,2.638,0.220,0.000,0.252,0.000,3.206,
2026-01-26 22:00:00,Monday,22,0.099,2.644,0.082,0.000,0.130,0.000,2.955,
2026-01-26 23:00:00,Monday,23,0.126,2.194,0.000,0.000,0.000,0.000,2.320,
2026-01-27 00:00:00,Tuesday,0,0.125,2.164,0.000,0.000,0.000,0.000,2.289,
2026-01-27 01:00:00,Tuesday,1,0.109,2.772,0.000,0.000,0.000,0.000,2.881,
2026-01-27 02:00:00,Tuesday,2,0.111,2.551,0.000,0.000,0.000,0.000,2.662,
2026-01-27 03:00:00,Tuesday,3,0.122,2.511,0.000,0.000,0.000,0.000,2.633,
2026-01-27 04:00:00,Tuesday,4,0.130,2.511,0.000,0.000,0.000,0.000,2.641,
2026-01-27 05:00:00,Tuesday,5,0.118,2.386,0.000,0.000,0.000,0.000,2.504,
2026-01-27 06:00:00,Tuesday,6,0.110,3.033,0.117,0.308,0.000,0.000,3.568,
2026-01-27 07:00:00,Tuesday,7,0.119,2.990,0.057,0.278,0.000,0.000,3.444,
2026-01-27 08:00:00,Tuesday,8,0.108,3.147,0.145,0.354,0.000,0.000,3.754,
2026-01-27 09:00:00,Tuesday,9,0.109,3.130,0.000,0.000,0.106,0.000,3.345,
2026-01-27 10:00:00,Tuesday,10,0.104,2.894,0.000,0.000,0.102,0.000,3.100,
2026-01-27 11:00:00,Tuesday,11,0.115,2.913,0.000,0.000,0.117,0.794,3.939,pralka
2026-01-27 12:00:00,Tuesday,12,0.122,2.649,0.000,0.286,0.073,0.000,3.130,
2026-01-27 13:00:00,Tuesday,13,0.126,3.090,0.000,0.000,0.098,0.000,3.314,
2026-01-27 14:00:00,Tuesday,14,0.124,2.668,0.000,0.000,0.146,0.000,2.938,
2026-01-27 15:00:00,Tuesday,15,0.099,3.154,0.000,0.000,0.146,0.000,3.399,
2026-01-27 16:00:00,Tuesday,16,0.123,3.060,0.061,0.000,0.092,0.000,3.336,
2026-01-27 17:00:00,Tuesday,17,0.098,2.894,0.239,0.814,0.153,0.000,4.198,
2026-01-27 18:00:00,Tuesday,18,0.101,2.555,0.184,0.000,0.190,0.000,3.030,
2026-01-27 19:00:00,Tuesday,19,0.090,3.142,0.218,0.000,0.144,0.706,4.300,zmywarka
2026-01-27 20:00:00,Tuesday,20,0.114,3.003,0.223,0.000,0.126,0.000,3.466,
2026-01-27 21:00:00,Tuesday,21,0.094,3.168,0.106,0.000,0.258,0.000,3.626,
2026-01-27 22:00:00,Tuesday,22,0.120,2.538,0.087,0.000,0.159,0.000,2.904,
2026-01-27 23:00:00,Tuesday,23,0.090,2.568,0.000,0.000,0.000,0.000,2.658,
2026-01-28 00:00:00,Wednesday,0,0.094,2.742,0.000,0.000,0.000,0.000,2.836,
2026-01-28 01:00:00,Wednesday,1,0.110,2.372,0.000,0.000,0.000,0.000,2.482,
2026-01-28 02:00:00,Wednesday,2,0.112,2.782,0.000,0.000,0.000,0.000,2.894,
2026-01-28 03:00:00,Wednesday,3,0.110,2.850,0.000,0.000,0.000,0.000,2.960,
2026-01-28 04:00:00,Wednesday,4,0.089,2.306,0.000,0.000,0.000,0.000,2.395,
2026-01-28 05:00:00,Wednesday,5,0.119,2.282,0.000,0.000,0.000,0.000,2.401,
2026-01-28 06:00:00,Wednesday,6,0.093,3.114,0.164,0.434,0.000,0.000,3.805,
2026-01-28 07:00:00,Wednesday,7,0.093,2.668,0.061,0.141,0.000,0.000,2.963,
2026-01-28 08:00:00,Wednesday,8,0.091,2.495,0.124,0.286,0.000,0.000,2.996,
2026-01-28 09:00:00,Wednesday,9,0.110,3.052,0.000,0.000,0.082,0.000,3.244,
2026-01-28 10:00:00,Wednesday,10,0.103,3.230,0.000,0.000,0.111,0.000,3.444,
2026-01-28 11:00:00,Wednesday,11,0.102,2.686,0.000,0.000,0.081,0.000,2.869,
2026-01-28 12:00:00,Wednesday,12,0.103,2.770,0.000,0.000,0.073,0.000,2.946,
2026-01-28 13:00:00,Wednesday,13,0.124,3.030,0.000,0.253,0.078,0.000,3.485,
2026-01-28 14:00:00,Wednesday,14,0.126,3.125,0.000,0.000,0.092,0.000,3.343,
2026-01-28 15:00:00,Wednesday,15,0.119,2.398,0.000,0.000,0.089,0.000,2.606,
2026-01-28 16:00:00,Wednesday,16,0.106,2.538,0.114,0.000,0.182,0.000,2.940,
2026-01-28 17:00:00,Wednesday,17,0.124,2.756,0.190,1.374,0.134,0.000,4.578,
2026-01-28 18:00:00,Wednesday,18,0.090,2.674,0.202,0.000,0.178,0.000,3.144,
2026-01-28 19:00:00,Wednesday,19,0.116,2.534,0.146,0.000,0.242,0.000,3.038,
2026-01-28 20:00:00,Wednesday,20,0.121,3.106,0.218,0.000,0.124,0.700,4.269,zmywarka
2026-01-28 21:00:00,Wednesday,21,0.104,2.979,0.096,0.000,0.164,0.000,3.343,
2026-01-28 22:00:00,Wednesday,22,0.093,2.325,0.107,0.000,0.169,0.000,2.694,
2026-01-28 23:00:00,Wednesday,23,0.143,2.860,0.000,0.000,0.000,0.000,3.003,
2026-01-29 00:00:00,Thursday,0,0.138,2.696,0.000,0.000,0.000,0.000,2.834,
2026-01-29 01:00:00,Thursday,1,0.120,2.962,0.000,0.000,0.000,0.000,3.082,
2026-01-29 02:00:00,Thursday,2,0.104,2.710,0.000,0.000,0.000,0.000,2.814,
2026-01-29 03:00:00,Thursday,3,0.123,2.898,0.000,0.000,0.000,0.000,3.021,
2026-01-29 04:00:00,Thursday,4,0.135,2.494,0.000,0.000,0.000,0.000,2.629,
2026-01-29 05:00:00,Thursday,5,0.108,2.926,0.000,0.000,0.000,0.000,3.034,
2026-01-29 06:00:00,Thursday,6,0.115,2.526,0.163,0.306,0.000,0.000,3.110,
2026-01-29 07:00:00,Thursday,7,0.103,3.024,0.110,0.433,0.000,0.000,3.670,
2026-01-29 08:00:00,Thursday,8,0.090,2.964,0.137,0.193,0.000,0.000,3.384,
2026-01-29 09:00:00,Thursday,9,0.122,3.371,0.000,0.000,0.106,0.000,3.599,
2026-01-29 10:00:00,Thursday,10,0.094,2.903,0.000,0.000,0.107,0.000,3.104,
2026-01-29 11:00:00,Thursday,11,0.127,3.254,0.000,0.000,0.115,0.000,3.496,
2026-01-29 12:00:00,Thursday,12,0.093,3.084,0.000,0.000,0.097,0.000,3.274,
2026-01-29 13:00:00,Thursday,13,0.099,2.814,0.000,0.422,0.094,0.000,3.429,
2026-01-29 14:00:00,Thursday,14,0.090,2.756,0.000,0.000,0.178,0.000,3.024,
2026-01-29 15:00:00,Thursday,15,0.100,2.966,0.000,0.000,0.126,0.000,3.192,
2026-01-29 16:00:00,Thursday,16,0.105,2.798,0.108,0.000,0.177,0.000,3.188,
2026-01-29 17:00:00,Thursday,17,0.114,2.897,0.125,0.862,0.160,0.000,4.158,
2026-01-29 18:00:00,Thursday,18,0.102,2.628,0.130,0.000,0.234,0.000,3.094,
2026-01-29 19:00:00,Thursday,19,0.127,3.176,0.091,0.000,0.246,0.925,4.565,zmywarka
2026-01-29 20:00:00,Thursday,20,0.126,2.491,0.086,0.000,0.131,0.000,2.834,
2026-01-29 21:00:00,Thursday,21,0.127,2.548,0.110,0.000,0.139,0.000,2.924,
2026-01-29 22:00:00,Thursday,22,0.123,2.797,0.062,0.000,0.270,0.000,3.252,
2026-01-29 23:00:00,Thursday,23,0.117,2.842,0.000,0.000,0.000,0.000,2.959,
2026-01-30 00:00:00,Friday,0,0.109,2.990,0.000,0.000,0.000,0.000,3.099,
2026-01-30 01:00:00,Friday,1,0.118,2.628,0.000,0.000,0.000,0.000,2.746,
2026-01-30 02:00:00,Friday,2,0.140,2.343,0.000,0.000,0.000,0.000,2.483,
2026-01-30 03:00:00,Friday,3,0.093,2.754,0.000,0.000,0.000,0.000,2.847,
2026-01-30 04:00:00,Friday,4,0.140,3.004,0.000,0.000,0.000,0.000,3.144,
2026-01-30 05:00:00,Friday,5,0.107,2.647,0.000,0.000,0.000,0.000,2.754,
2026-01-30 06:00:00,Friday,6,0.092,3.200,0.069,0.418,0.000,0.000,3.779,
2026-01-30 07:00:00,Friday,7,0.090,3.072,0.150,0.330,0.000,0.000,3.642,
2026-01-30 08:00:00,Friday,8,0.094,2.446,0.079,0.354,0.000,0.000,2.973,
2026-01-30 09:00:00,Friday,9,0.117,3.133,0.000,0.000,0.114,0.000,3.364,
2026-01-30 10:00:00,Friday,10,0.118,2.757,0.000,0.000,0.066,0.000,2.941,
2026-01-30 11:00:00,Friday,11,0.103,3.187,0.000,0.000,0.079,0.000,3.369,
2026-01-30 12:00:00,Friday,12,0.112,3.130,0.000,0.278,0.118,0.791,4.429,pralka
2026-01-30 13:00:00,Friday,13,0.108,2.630,0.000,0.000,0.065,0.000,2.803,
2026-01-30 14:00:00,Friday,14,0.123,2.371,0.000,0.000,0.069,0.000,2.563,
2026-01-30 15:00:00,Friday,15,0.102,2.534,0.000,0.000,0.131,0.000,2.767,
2026-01-30 16:00:00,Friday,16,0.120,2.914,0.116,0.000,0.141,0.000,3.291,
2026-01-30 17:00:00,Friday,17,0.125,2.622,0.213,0.000,0.234,0.000,3.194,
2026-01-30 18:00:00,Friday,18,0.095,2.420,0.154,0.880,0.250,0.000,3.799,
2026-01-30 19:00:00,Friday,19,0.121,2.476,0.112,0.000,0.129,0.000,2.838,
2026-01-30 20:00:00,Friday,20,0.124,2.520,0.213,0.000,0.195,0.862,3.914,zmywarka
2026-01-30 21:00:00,Friday,21,0.122,2.570,0.133,0.000,0.238,0.000,3.063,
2026-01-30 22:00:00,Friday,22,0.093,2.441,0.058,0.000,0.257,0.000,2.849,
2026-01-30 23:00:00,Friday,23,0.114,2.307,0.000,0.000,0.000,0.000,2.421,
2026-01-31 00:00:00,Saturday,0,0.118,2.418,0.000,0.000,0.000,0.000,2.536,
2026-01-31 01:00:00,Saturday,1,0.142,2.462,0.000,0.000,0.000,0.000,2.604,
2026-01-31 02:00:00,Saturday,2,0.127,2.913,0.000,0.000,0.000,0.000,3.040,
2026-01-31 03:00:00,Saturday,3,0.111,2.640,0.000,0.000,0.000,0.000,2.751,
2026-01-31 04:00:00,Saturday,4,0.120,2.347,0.000,0.000,0.000,0.000,2.467,
2026-01-31 05:00:00,Saturday,5,0.090,2.490,0.000,0.000,0.000,0.000,2.580,
2026-01-31 06:00:00,Saturday,6,0.114,2.806,0.158,0.347,0.000,0.000,3.425,
2026-01-31 07:00:00,Saturday,7,0.100,2.954,0.159,0.436,0.000,0.000,3.649,
2026-01-31 08:00:00,Saturday,8,0.106,3.205,0.133,0.199,0.000,0.000,3.643,
2026-01-31 09:00:00,Saturday,9,0.095,3.346,0.000,0.000,0.115,0.000,3.556,
2026-01-31 10:00:00,Saturday,10,0.095,3.006,0.000,0.000,0.167,0.000,3.268,
2026-01-31 11:00:00,Saturday,11,0.095,2.809,0.000,0.000,0.062,0.000,2.966,
2026-01-31 12:00:00,Saturday,12,0.118,3.143,0.000,0.000,0.179,0.000,3.440,
2026-01-31 13:00:00,Saturday,13,0.110,3.158,0.000,0.684,0.198,0.000,4.150,
2026-01-31 14:00:00,Saturday,14,0.109,3.475,0.000,0.000,0.163,0.718,4.465,zmywarka
2026-01-31 15:00:00,Saturday,15,0.122,3.256,0.000,0.000,0.170,0.000,3.548,
2026-01-31 16:00:00,Saturday,16,0.111,3.167,0.066,0.000,0.163,0.000,3.507,
2026-01-31 17:00:00,Saturday,17,0.094,2.668,0.089,0.000,0.187,0.000,3.038,
2026-01-31 18:00:00,Saturday,18,0.123,2.585,0.239,0.542,0.273,0.000,3.762,
2026-01-31 19:00:00,Saturday,19,0.100,3.298,0.122,0.000,0.166,0.000,3.686,
2026-01-31 20:00:00,Saturday,20,0.126,2.727,0.136,0.000,0.142,0.000,3.131,
2026-01-31 21:00:00,Saturday,21,0.098,2.570,0.188,0.000,0.148,0.000,3.004,
2026-01-31 22:00:00,Saturday,22,0.110,2.571,0.053,0.000,0.234,0.000,2.968,
2026-01-31 23:00:00,Saturday,23,0.118,2.678,0.000,0.000,0.000,0.000,2.796,
2026-02-01 00:00:00,Sunday,0,0.120,3.192,0.000,0.000,0.000,0.000,3.312,
2026-02-01 01:00:00,Sunday,1,0.118,2.518,0.000,0.000,0.000,0.000,2.636,
2026-02-01 02:00:00,Sunday,2,0.114,2.910,0.000,0.000,0.000,0.000,3.024,
2026-02-01 03:00:00,Sunday,3,0.143,3.040,0.000,0.000,0.000,0.000,3.183,
2026-02-01 04:00:00,Sunday,4,0.135,2.750,0.000,0.000,0.000,0.000,2.885,
2026-02-01 05:00:00,Sunday,5,0.099,2.591,0.000,0.000,0.000,0.000,2.690,
2026-02-01 06:00:00,Sunday,6,0.099,2.781,0.161,0.420,0.000,0.000,3.461,
2026-02-01 07:00:00,Sunday,7,0.106,2.836,0.149,0.250,0.000,0.000,3.341,
2026-02-01 08:00:00,Sunday,8,0.111,3.533,0.000,0.401,0.000,0.000,4.045,
2026-02-01 09:00:00,Sunday,9,0.106,3.297,0.000,0.000,0.179,0.000,3.582,
2026-02-01 10:00:00,Sunday,10,0.120,3.369,0.000,0.000,0.188,0.000,3.677,
2026-02-01 11:00:00,Sunday,11,0.096,3.063,0.000,0.000,0.054,0.000,3.213,
2026-02-01 12:00:00,Sunday,12,0.101,2.778,0.000,0.550,0.138,0.000,3.567,
2026-02-01 13:00:00,Sunday,13,0.110,3.037,0.000,0.000,0.162,0.722,4.031,zmywarka
2026-02-01 14:00:00,Sunday,14,0.089,3.346,0.000,0.000,0.187,0.000,3.622,
2026-02-01 15:00:00,Sunday,15,0.122,2.757,0.000,0.000,0.109,0.000,2.988,
2026-02-01 16:00:00,Sunday,16,0.127,2.814,0.000,0.000,0.082,0.000,3.023,
2026-02-01 17:00:00,Sunday,17,0.096,2.975,0.230,0.817,0.152,0.000,4.270,
2026-02-01 18:00:00,Sunday,18,0.118,3.415,0.142,0.000,0.165,0.000,3.840,
2026-02-01 19:00:00,Sunday,19,0.110,2.738,0.237,0.000,0.120,0.000,3.205,
2026-02-01 20:00:00,Sunday,20,0.094,2.760,0.162,0.000,0.214,0.000,3.230,
2026-02-01 21:00:00,Sunday,21,0.093,3.028,0.170,0.000,0.216,0.000,3.507,
2026-02-01 22:00:00,Sunday,22,0.110,2.996,0.083,0.000,0.225,0.000,3.414,
2026-02-01 23:00:00,Sunday,23,0.122,2.758,0.000,0.000,0.000,0.000,2.880,
2026-02-02 00:00:00,Monday,0,0.145,3.132,0.000,0.000,0.000,0.000,3.277,
2026-02-02 01:00:00,Monday,1,0.118,3.325,0.000,0.000,0.000,0.000,3.443,
2026-02-02 02:00:00,Monday,2,0.105,3.381,0.000,0.000,0.000,0.000,3.486,
2026-02-02 03:00:00,Monday,3,0.114,3.307,0.000,0.000,0.000,0.000,3.421,
2026-02-02 04:00:00,Monday,4,0.095,2.666,0.000,0.000,0.000,0.000,2.761,
2026-02-02 05:00:00,Monday,5,0.089,3.194,0.000,0.000,0.000,0.000,3.283,
2026-02-02 06:00:00,Monday,6,0.118,2.958,0.121,0.343,0.000,0.000,3.540,
2026-02-02 07:00:00,Monday,7,0.111,2.761,0.121,0.318,0.000,0.000,3.311,
2026-02-02 08:00:00,Monday,8,0.106,3.646,0.000,0.301,0.000,0.000,4.053,
2026-02-02 09:00:00,Monday,9,0.102,2.738,0.000,0.000,0.098,0.000,2.938,
2026-02-02 10:00:00,Monday,10,0.114,2.873,0.000,0.000,0.118,0.000,3.105,
2026-02-02 11:00:00,Monday,11,0.099,3.566,0.000,0.000,0.072,0.000,3.737,
2026-02-02 12:00:00,Monday,12,0.090,3.678,0.000,0.265,0.110,0.000,4.143,
2026-02-02 13:00:00,Monday,13,0.110,3.392,0.000,0.000,0.104,0.000,3.606,
2026-02-02 14:00:00,Monday,14,0.114,2.745,0.000,0.000,0.104,0.000,2.963,
2026-02-02 15:00:00,Monday,15,0.122,3.266,0.000,0.000,0.142,0.000,3.530,
2026-02-02 16:00:00,Monday,16,0.089,2.770,0.000,0.000,0.091,0.000,2.950,
2026-02-02 17:00:00,Monday,17,0.121,2.895,0.188,0.534,0.224,0.000,3.962,
2026-02-02 18:00:00,Monday,18,0.100,3.158,0.201,0.000,0.162,0.000,3.621,
2026-02-02 19:00:00,Monday,19,0.119,3.345,0.100,0.000,0.207,0.000,3.771,
2026-02-02 20:00:00,Monday,20,0.126,3.488,0.141,0.000,0.235,0.000,3.990,
2026-02-02 21:00:00,Monday,21,0.106,3.026,0.222,0.000,0.121,0.000,3.475,
2026-02-02 22:00:00,Monday,22,0.105,3.047,0.106,0.000,0.206,0.000,3.464,
2026-02-02 23:00:00,Monday,23,0.130,2.613,0.000,0.000,0.000,0.000,2.743,
2026-02-03 00:00:00,Tuesday,0,0.104,3.038,0.000,0.000,0.000,0.000,3.142,
2026-02-03 01:00:00,Tuesday,1,0.114,2.938,0.000,0.000,0.000,0.000,3.052,
2026-02-03 02:00:00,Tuesday,2,0.137,3.160,0.000,0.000,0.000,0.000,3.297,
2026-02-03 03:00:00,Tuesday,3,0.136,2.588,0.000,0.000,0.000,0.000,2.724,
2026-02-03 04:00:00,Tuesday,4,0.092,3.205,0.000,0.000,0.000,0.000,3.297,
2026-02-03 05:00:00,Tuesday,5,0.093,2.958,0.000,0.000,0.000,0.000,3.051,
2026-02-03 06:00:00,Tuesday,6,0.125,3.290,0.063,0.418,0.000,0.000,3.896,
2026-02-03 07:00:00,Tuesday,7,0.112,2.928,0.137,0.314,0.000,0.000,3.491,
2026-02-03 08:00:00,Tuesday,8,0.111,3.201,0.000,0.272,0.000,0.000,3.584,
2026-02-03 09:00:00,Tuesday,9,0.103,3.002,0.000,0.000,0.180,0.000,3.285,praca zdalna
2026-02-03 10:00:00,Tuesday,10,0.113,3.031,0.000,0.000,0.163,0.000,3.307,praca zdalna
2026-02-03 11:00:00,Tuesday,11,0.115,3.011,0.000,0.000,0.155,0.000,3.281,praca zdalna
2026-02-03 12:00:00,Tuesday,12,0.117,2.541,0.000,0.000,0.187,0.000,2.845,praca zdalna
2026-02-03 13:00:00,Tuesday,13,0.118,2.569,0.000,0.670,0.148,0.586,4.091,praca zdalna; pralka
2026-02-03 14:00:00,Tuesday,14,0.123,2.592,0.000,0.000,0.185,0.000,2.900,praca zdalna
2026-02-03 15:00:00,Tuesday,15,0.122,2.798,0.000,0.000,0.252,0.000,3.172,praca zdalna
2026-02-03 16:00:00,Tuesday,16,0.119,2.565,0.000,0.000,0.260,0.000,2.944,praca zdalna
2026-02-03 17:00:00,Tuesday,17,0.116,2.906,0.098,0.000,0.162,0.000,3.282,
2026-02-03 18:00:00,Tuesday,18,0.121,2.513,0.142,0.786,0.180,0.000,3.742,
2026-02-03 19:00:00,Tuesday,19,0.098,2.919,0.095,0.000,0.262,0.000,3.374,
2026-02-03 20:00:00,Tuesday,20,0.121,2.968,0.106,0.000,0.240,0.834,4.269,zmywarka
2026-02-03 21:00:00,Tuesday,21,0.101,2.488,0.142,0.000,0.265,0.000,2.996,
2026-02-03 22:00:00,Tuesday,22,0.122,2.546,0.094,0.000,0.226,0.000,2.988,
2026-02-03 23:00:00,Tuesday,23,0.109,2.902,0.000,0.000,0.000,0.000,3.011,
2026-02-04 00:00:00,Wednesday,0,0.126,2.457,0.000,0.000,0.000,0.000,2.583,
2026-02-04 01:00:00,Wednesday,1,0.123,2.996,0.000,0.000,0.000,0.000,3.119,
2026-02-04 02:00:00,Wednesday,2,0.099,3.112,0.000,0.000,0.000,0.000,3.211,
2026-02-04 03:00:00,Wednesday,3,0.114,2.746,0.000,0.000,0.000,0.000,2.860,
2026-02-04 04:00:00,Wednesday,4,0.101,2.547,0.000,0.000,0.000,0.000,2.648,
2026-02-04 05:00:00,Wednesday,5,0.099,2.661,0.000,0.000,0.000,0.000,2.760,
2026-02-04 06:00:00,Wednesday,6,0.104,3.068,0.086,0.279,0.000,0.000,3.537,
2026-02-04 07:00:00,Wednesday,7,0.102,2.774,0.147,0.447,0.000,0.000,3.470,
2026-02-04 08:00:00,Wednesday,8,0.108,2.996,0.000,0.251,0.000,0.000,3.355,
2026-02-04 09:00:00,Wednesday,9,0.094,3.140,0.000,0.000,0.086,0.000,3.320,
2026-02-04 10:00:00,Wednesday,10,0.096,2.658,0.000,0.000,0.079,0.000,2.833,
2026-02-04 11:00:00,Wednesday,11,0.124,3.266,0.000,0.000,0.083,0.000,3.473,
2026-02-04 12:00:00,Wednesday,12,0.103,2.993,0.000,0.559,0.099,0.000,3.754,
2026-02-04 13:00:00,Wednesday,13,0.090,2.516,0.000,0.000,0.082,0.000,2.688,
2026-02-04 14:00:00,Wednesday,14,0.110,2.866,0.000,0.000,0.130,0.000,3.106,
2026-02-04 15:00:00,Wednesday,15,0.099,2.898,0.000,0.000,0.166,0.000,3.163,
2026-02-04 16:00:00,Wednesday,16,0.114,2.813,0.000,0.000,0.104,0.000,3.031,
2026-02-04 17:00:00,Wednesday,17,0.095,3.221,0.224,0.000,0.125,0.000,3.665,
2026-02-04 18:00:00,Wednesday,18,0.122,3.279,0.116,0.732,0.240,0.000,4.489,
2026-02-04 19:00:00,Wednesday,19,0.089,2.956,0.227,0.000,0.246,0.937,4.455,zmywarka
2026-02-04 20:00:00,Wednesday,20,0.123,3.001,0.208,0.000,0.159,0.000,3.491,
2026-02-04 21:00:00,Wednesday,21,0.124,3.040,0.109,0.000,0.171,0.000,3.444,
2026-02-04 22:00:00,Wednesday,22,0.106,2.463,0.114,0.000,0.129,0.000,2.812,
2026-02-04 23:00:00,Wednesday,23,0.106,3.100,0.000,0.000,0.000,0.000,3.206,
2026-02-05 00:00:00,Thursday,0,0.113,2.758,0.000,0.000,0.000,0.000,2.871,
2026-02-05 01:00:00,Thursday,1,0.106,2.934,0.000,0.000,0.000,0.000,3.040,
2026-02-05 02:00:00,Thursday,2,0.126,3.125,0.000,0.000,0.000,0.000,3.251,
2026-02-05 03:00:00,Thursday,3,0.121,2.675,0.000,0.000,0.000,0.000,2.796,
2026-02-05 04:00:00,Thursday,4,0.113,2.722,0.000,0.000,0.000,0.000,2.835,
2026-02-05 05:00:00,Thursday,5,0.095,2.398,0.000,0.000,0.000,0.000,2.493,
2026-02-05 06:00:00,Thursday,6,0.091,2.514,0.086,0.124,0.000,0.000,2.815,
2026-02-05 07:00:00,Thursday,7,0.105,3.154,0.102,0.236,0.000,0.000,3.597,
2026-02-05 08:00:00,Thursday,8,0.098,2.627,0.000,0.243,0.000,0.000,2.968,
2026-02-05 09:00:00,Thursday,9,0.101,3.236,0.000,0.000,0.095,0.000,3.432,
2026-02-05 10:00:00,Thursday,10,0.124,2.973,0.000,0.000,0.077,0.000,3.174,
2026-02-05 11:00:00,Thursday,11,0.105,2.798,0.000,0.000,0.096,0.000,2.999,
2026-02-05 12:00:00,Thursday,12,0.120,3.162,0.000,0.000,0.094,0.000,3.376,
2026-02-05 13:00:00,Thursday,13,0.124,2.997,0.000,0.457,0.119,0.000,3.697,
2026-02-05 14:00:00,Thursday,14,0.127,2.408,0.000,0.000,0.079,0.000,2.614,
2026-02-05 15:00:00,Thursday,15,0.101,2.743,0.000,0.000,0.084,0.000,2.928,
2026-02-05 16:00:00,Thursday,16,0.094,3.042,0.000,0.000,0.085,0.000,3.221,
2026-02-05 17:00:00,Thursday,17,0.090,3.139,0.095,0.789,0.186,0.000,4.299,
2026-02-05 18:00:00,Thursday,18,0.110,2.871,0.104,0.000,0.262,0.000,3.347,
2026-02-05 19:00:00,Thursday,19,0.122,2.746,0.191,0.000,0.253,0.000,3.312,
2026-02-05 20:00:00,Thursday,20,0.102,2.624,0.155,0.000,0.234,0.000,3.115,
2026-02-05 21:00:00,Thursday,21,0.126,2.432,0.152,0.000,0.174,0.000,2.884,
2026-02-05 22:00:00,Thursday,22,0.114,2.760,0.096,0.000,0.258,0.000,3.228,
2026-02-05 23:00:00,Thursday,23,0.091,2.800,0.000,0.000,0.000,0.000,2.891,
2026-02-06 00:00:00,Friday,0,0.125,2.319,0.000,0.000,0.000,0.000,2.444,
2026-02-06 01:00:00,Friday,1,0.114,2.830,0.000,0.000,0.000,0.000,2.944,
2026-02-06 02:00:00,Friday,2,0.118,2.442,0.000,0.000,0.000,0.000,2.560,
2026-02-06 03:00:00,Friday,3,0.125,2.265,0.000,0.000,0.000,0.000,2.390,
2026-02-06 04:00:00,Friday,4,0.129,2.507,0.000,0.000,0.000,0.000,2.636,
2026-02-06 05:00:00,Friday,5,0.106,2.596,0.000,0.000,0.000,0.000,2.702,
2026-02-06 06:00:00,Friday,6,0.121,3.018,0.110,0.270,0.000,0.000,3.519,
2026-02-06 07:00:00,Friday,7,0.118,2.862,0.117,0.366,0.000,0.000,3.463,
2026-02-06 08:00:00,Friday,8,0.093,2.470,0.000,0.297,0.000,0.000,2.860,
2026-02-06 09:00:00,Friday,9,0.091,2.894,0.000,0.000,0.086,0.000,3.071,
2026-02-06 10:00:00,Friday,10,0.114,2.898,0.000,0.000,0.082,0.000,3.094,
2026-02-06 11:00:00,Friday,11,0.111,2.776,0.000,0.000,0.102,0.000,2.989,
2026-02-06 12:00:00,Friday,12,0.096,2.486,0.000,0.360,0.104,0.000,3.046,
2026-02-06 13:00:00,Friday,13,0.098,2.387,0.000,0.000,0.078,0.000,2.563,
2026-02-06 14:00:00,Friday,14,0.102,2.285,0.000,0.000,0.105,0.000,2.492,
2026-02-06 15:00:00,Friday,15,0.098,2.138,0.000,0.000,0.091,0.000,2.327,
2026-02-06 16:00:00,Friday,16,0.126,2.130,0.000,0.000,0.148,0.000,2.404,
2026-02-06 17:00:00,Friday,17,0.122,2.826,0.110,0.000,0.158,0.000,3.216,goście
2026-02-06 18:00:00,Friday,18,0.115,2.418,0.158,1.317,0.200,0.000,4.208,goście
2026-02-06 19:00:00,Friday,19,0.101,2.617,0.177,0.000,0.157,0.000,3.052,goście
2026-02-06 20:00:00,Friday,20,0.102,2.505,0.145,0.000,0.160,0.682,3.594,goście; zmywarka
2026-02-06 21:00:00,Friday,21,0.125,2.849,0.120,0.000,0.168,0.000,3.262,goście
2026-02-06 22:00:00,Friday,22,0.095,2.362,0.100,0.000,0.252,0.000,2.809,
2026-02-06 23:00:00,Friday,23,0.113,2.254,0.000,0.000,0.000,0.000,2.367,
2026-02-07 00:00:00,Saturday,0,0.107,2.235,0.000,0.000,0.000,0.000,2.342,
2026-02-07 01:00:00,Saturday,1,0.102,2.310,0.000,0.000,0.000,0.000,2.412,
2026-02-07 02:00:00,Saturday,2,0.150,2.218,0.000,0.000,0.000,0.000,2.368,
2026-02-07 03:00:00,Saturday,3,0.116,2.459,0.000,0.000,0.000,0.000,2.575,
2026-02-07 04:00:00,Saturday,4,0.124,2.389,0.000,0.000,0.000,0.000,2.513,
2026-02-07 05:00:00,Saturday,5,0.139,2.059,0.000,0.000,0.000,0.000,2.198,
2026-02-07 06:00:00,Saturday,6,0.117,2.889,0.066,0.446,0.000,0.000,3.518,
2026-02-07 07:00:00,Saturday,7,0.118,2.688,0.091,0.326,0.000,0.000,3.223,
2026-02-07 08:00:00,Saturday,8,0.097,2.857,0.000,0.240,0.000,0.000,3.194,
2026-02-07 09:00:00,Saturday,9,0.110,2.786,0.000,0.000,0.182,0.000,3.078,
2026-02-07 10:00:00,Saturday,10,0.122,2.654,0.000,0.000,0.070,0.000,2.846,
2026-02-07 11:00:00,Saturday,11,0.096,2.538,0.000,0.000,0.136,0.000,2.770,
2026-02-07 12:00:00,Saturday,12,0.105,2.393,0.000,0.000,0.064,0.000,2.562,
2026-02-07 13:00:00,Saturday,13,0.102,2.611,0.000,0.328,0.169,0.000,3.210,
2026-02-07 14:00:00,Saturday,14,0.126,3.024,0.000,0.000,0.181,0.000,3.331,
2026-02-07 15:00:00,Saturday,15,0.116,2.800,0.000,0.000,0.056,0.000,2.972,
2026-02-07 16:00:00,Saturday,16,0.102,2.897,0.000,0.000,0.142,0.000,3.141,
2026-02-07 17:00:00,Saturday,17,0.107,2.618,0.106,0.000,0.224,0.000,3.055,
2026-02-07 18:00:00,Saturday,18,0.102,3.078,0.098,0.768,0.121,0.000,4.167,
2026-02-07 19:00:00,Saturday,19,0.117,3.006,0.186,0.000,0.168,0.000,3.477,
2026-02-07 20:00:00,Saturday,20,0.092,2.421,0.124,0.000,0.126,0.000,2.763,
2026-02-07 21:00:00,Saturday,21,0.119,2.610,0.178,0.000,0.252,0.000,3.159,
2026-02-07 22:00:00,Saturday,22,0.095,2.252,0.046,0.000,0.127,0.000,2.520,
2026-02-07 23:00:00,Saturday,23,0.134,2.366,0.000,0.000,0.000,0.000,2.500,
2026-02-08 00:00:00,Sunday,0,0.114,2.453,0.000,0.000,0.000,0.000,2.567,
2026-02-08 01:00:00,Sunday,1,0.095,2.674,0.000,0.000,0.000,0.000,2.769,
2026-02-08 02:00:00,Sunday,2,0.115,2.331,0.000,0.000,0.000,0.000,2.446,
2026-02-08 03:00:00,Sunday,3,0.101,2.795,0.000,0.000,0.000,0.000,2.896,
2026-02-08 04:00:00,Sunday,4,0.102,2.680,0.000,0.000,0.000,0.000,2.782,
2026-02-08 05:00:00,Sunday,5,0.107,2.479,0.000,0.000,0.000,0.000,2.586,
2026-02-08 06:00:00,Sunday,6,0.102,2.793,0.114,0.258,0.000,0.000,3.267,
2026-02-08 07:00:00,Sunday,7,0.106,3.140,0.090,0.394,0.000,0.000,3.730,
2026-02-08 08:00:00,Sunday,8,0.090,3.203,0.000,0.163,0.000,0.000,3.456,
2026-02-08 09:00:00,Sunday,9,0.106,2.535,0.000,0.000,0.184,0.000,2.825,
2026-02-08 10:00:00,Sunday,10,0.122,3.221,0.000,0.000,0.194,0.000,3.537,
2026-02-08 11:00:00,Sunday,11,0.104,3.157,0.000,0.000,0.123,0.000,3.384,
2026-02-08 12:00:00,Sunday,12,0.116,2.657,0.000,0.000,0.167,0.000,2.940,
2026-02-08 13:00:00,Sunday,13,0.094,3.022,0.000,0.386,0.069,0.000,3.571,
2026-02-08 14:00:00,Sunday,14,0.103,2.406,0.000,0.000,0.066,0.646,3.221,zmywarka
2026-02-08 15:00:00,Sunday,15,0.125,2.945,0.000,0.000,0.046,0.000,3.116,
2026-02-08 16:00:00,Sunday,16,0.102,3.085,0.000,0.000,0.113,0.000,3.300,
2026-02-08 17:00:00,Sunday,17,0.101,2.541,0.213,0.510,0.191,0.000,3.556,
2026-02-08 18:00:00,Sunday,18,0.098,2.524,0.132,0.000,0.238,0.000,2.992,
2026-02-08 19:00:00,Sunday,19,0.106,2.746,0.183,0.000,0.142,0.000,3.177,
2026-02-08 20:00:00,Sunday,20,0.106,2.883,0.097,0.000,0.186,0.000,3.272,
2026-02-08 21:00:00,Sunday,21,0.116,2.805,0.207,0.000,0.192,0.000,3.320,
2026-02-08 22:00:00,Sunday,22,0.101,2.899,0.051,0.000,0.259,0.000,3.310,
2026-02-08 23:00:00,Sunday,23,0.130,2.628,0.000,0.000,0.000,0.000,2.758,
2026-02-09 00:00:00,Monday,0,0.125,2.624,0.000,0.000,0.000,0.000,2.749,
2026-02-09 01:00:00,Monday,1,0.109,2.560,0.000,0.000,0.000,0.000,2.669,
2026-02-09 02:00:00,Monday,2,0.097,2.523,0.000,0.000,0.000,0.000,2.620,
2026-02-09 03:00:00,Monday,3,0.125,2.828,0.000,0.000,0.000,0.000,2.953,
2026-02-09 04:00:00,Monday,4,0.107,2.642,0.000,0.000,0.000,0.000,2.749,
2026-02-09 05:00:00,Monday,5,0.118,2.921,0.000,0.000,0.000,0.000,3.039,
2026-02-09 06:00:00,Monday,6,0.107,2.803,0.114,0.265,0.000,0.000,3.289,
2026-02-09 07:00:00,Monday,7,0.119,2.818,0.130,0.339,0.000,0.000,3.406,
2026-02-09 08:00:00,Monday,8,0.095,2.473,0.000,0.266,0.000,0.000,2.834,
2026-02-09 09:00:00,Monday,9,0.092,2.900,0.000,0.000,0.190,0.000,3.182,praca zdalna
2026-02-09 10:00:00,Monday,10,0.099,2.490,0.000,0.000,0.143,0.000,2.732,praca zdalna
2026-02-09 11:00:00,Monday,11,0.103,2.523,0.000,0.000,0.226,0.000,2.852,praca zdalna
2026-02-09 12:00:00,Monday,12,0.108,2.436,0.000,0.558,0.201,0.000,3.303,praca zdalna
2026-02-09 13:00:00,Monday,13,0.098,2.374,0.000,0.000,0.241,0.000,2.713,praca zdalna
2026-02-09 14:00:00,Monday,14,0.122,2.747,0.000,0.000,0.302,0.000,3.171,praca zdalna
2026-02-09 15:00:00,Monday,15,0.125,2.666,0.000,0.000,0.222,0.000,3.013,praca zdalna
2026-02-09 16:00:00,Monday,16,0.103,2.669,0.000,0.000,0.286,0.000,3.058,praca zdalna
2026-02-09 17:00:00,Monday,17,0.114,2.528,0.154,0.000,0.262,0.000,3.058,
2026-02-09 18:00:00,Monday,18,0.113,3.101,0.158,0.700,0.198,0.000,4.270,
2026-02-09 19:00:00,Monday,19,0.113,2.786,0.169,0.000,0.222,0.000,3.290,
2026-02-09 20:00:00,Monday,20,0.114,2.766,0.081,0.000,0.280,0.000,3.241,
2026-02-09 21:00:00,Monday,21,0.122,3.184,0.080,0.000,0.150,0.000,3.536,
2026-02-09 22:00:00,Monday,22,0.102,2.874,0.110,0.000,0.182,0.000,3.268,
2026-02-09 23:00:00,Monday,23,0.108,2.888,0.000,0.000,0.000,0.000,2.996,
2026-02-10 00:00:00,Tuesday,0,0.092,1.916,0.000,0.000,0.000,0.000,2.008,wyjazd / nieobecność
2026-02-10 01:00:00,Tuesday,1,0.106,2.088,0.000,0.000,0.000,0.000,2.194,wyjazd / nieobecność
2026-02-10 02:00:00,Tuesday,2,0.110,2.152,0.000,0.000,0.000,0.000,2.262,wyjazd / nieobecność
2026-02-10 03:00:00,Tuesday,3,0.106,1.998,0.000,0.000,0.000,0.000,2.104,wyjazd / nieobecność
2026-02-10 04:00:00,Tuesday,4,0.091,2.069,0.000,0.000,0.000,0.000,2.160,wyjazd / nieobecność
2026-02-10 05:00:00,Tuesday,5,0.097,2.025,0.000,0.000,0.000,0.000,2.122,wyjazd / nieobecność
2026-02-10 06:00:00,Tuesday,6,0.089,2.278,0.000,0.000,0.000,0.000,2.367,wyjazd / nieobecność
2026-02-10 07:00:00,Tuesday,7,0.101,2.339,0.000,0.000,0.000,0.000,2.440,wyjazd / nieobecność
2026-02-10 08:00:00,Tuesday,8,0.102,2.444,0.000,0.000,0.000,0.000,2.546,wyjazd / nieobecność
2026-02-10 09:00:00,Tuesday,9,0.116,2.191,0.000,0.000,0.000,0.000,2.307,wyjazd / nieobecność
2026-02-10 10:00:00,Tuesday,10,0.109,2.254,0.000,0.000,0.000,0.000,2.363,wyjazd / nieobecność
2026-02-10 11:00:00,Tuesday,11,0.094,1.945,0.000,0.000,0.000,0.000,2.039,wyjazd / nieobecność
2026-02-10 12:00:00,Tuesday,12,0.122,2.268,0.000,0.000,0.000,0.000,2.390,wyjazd / nieobecność
2026-02-10 13:00:00,Tuesday,13,0.123,1.903,0.000,0.000,0.000,0.000,2.026,wyjazd / nieobecność
2026-02-10 14:00:00,Tuesday,14,0.091,1.858,0.000,0.000,0.000,0.000,1.949,wyjazd / nieobecność
2026-02-10 15:00:00,Tuesday,15,0.107,2.440,0.000,0.000,0.000,0.000,2.547,wyjazd / nieobecność
2026-02-10 16:00:00,Tuesday,16,0.123,2.372,0.000,0.000,0.000,0.000,2.495,wyjazd / nieobecność
2026-02-10 17:00:00,Tuesday,17,0.111,1.980,0.000,0.000,0.000,0.000,2.091,wyjazd / nieobecność
2026-02-10 18:00:00,Tuesday,18,0.127,2.240,0.000,0.000,0.000,0.000,2.367,wyjazd / nieobecność
2026-02-10 19:00:00,Tuesday,19,0.096,2.322,0.000,0.000,0.000,0.000,2.418,wyjazd / nieobecność
2026-02-10 20:00:00,Tuesday,20,0.114,1.892,0.000,0.000,0.000,0.000,2.006,wyjazd / nieobecność
2026-02-10 21:00:00,Tuesday,21,0.094,1.902,0.000,0.000,0.000,0.000,1.996,wyjazd / nieobecność
2026-02-10 22:00:00,Tuesday,22,0.122,2.044,0.000,0.000,0.000,0.000,2.166,wyjazd / nieobecność
2026-02-10 23:00:00,Tuesday,23,0.095,2.377,0.000,0.000,0.000,0.000,2.472,wyjazd / nieobecność
2026-02-11 00:00:00,Wednesday,0,0.113,2.896,0.000,0.000,0.000,0.000,3.009,
2026-02-11 01:00:00,Wednesday,1,0.112,2.722,0.000,0.000,0.000,0.000,2.834,
2026-02-11 02:00:00,Wednesday,2,0.109,2.735,0.000,0.000,0.000,0.000,2.844,
2026-02-11 03:00:00,Wednesday,3,0.142,2.504,0.000,0.000,0.000,0.000,2.646,
2026-02-11 04:00:00,Wednesday,4,0.114,2.494,0.000,0.000,0.000,0.000,2.608,
2026-02-11 05:00:00,Wednesday,5,0.118,2.271,0.000,0.000,0.000,0.000,2.389,
2026-02-11 06:00:00,Wednesday,6,0.117,2.845,0.124,0.331,0.000,0.000,3.417,
2026-02-11 07:00:00,Wednesday,7,0.113,2.805,0.091,0.319,0.000,0.000,3.328,
2026-02-11 08:00:00,Wednesday,8,0.108,2.389,0.000,0.151,0.000,0.000,2.648,
2026-02-11 09:00:00,Wednesday,9,0.108,2.287,0.000,0.000,0.116,0.530,3.041,pralka
2026-02-11 10:00:00,Wednesday,10,0.102,2.330,0.000,0.000,0.090,1.214,3.736,suszarka
2026-02-11 11:00:00,Wednesday,11,0.117,2.638,0.000,0.000,0.085,0.000,2.840,
2026-02-11 12:00:00,Wednesday,12,0.120,2.742,0.000,0.000,0.113,0.000,2.975,
2026-02-11 13:00:00,Wednesday,13,0.109,2.733,0.000,0.692,0.075,0.000,3.609,
2026-02-11 14:00:00,Wednesday,14,0.099,2.670,0.000,0.000,0.186,0.000,2.955,
2026-02-11 15:00:00,Wednesday,15,0.090,2.560,0.000,0.000,0.178,0.000,2.828,
2026-02-11 16:00:00,Wednesday,16,0.098,2.618,0.000,0.000,0.107,0.000,2.823,
2026-02-11 17:00:00,Wednesday,17,0.121,2.326,0.171,0.000,0.265,0.000,2.883,
2026-02-11 18:00:00,Wednesday,18,0.115,2.287,0.089,0.778,0.122,0.000,3.391,
2026-02-11 19:00:00,Wednesday,19,0.097,2.797,0.174,0.000,0.170,0.000,3.238,
2026-02-11 20:00:00,Wednesday,20,0.108,2.354,0.230,0.000,0.202,0.000,2.894,
2026-02-11 21:00:00,Wednesday,21,0.115,2.897,0.222,0.000,0.236,0.000,3.470,
2026-02-11 22:00:00,Wednesday,22,0.118,2.650,0.065,0.000,0.248,0.000,3.081,
2026-02-11 23:00:00,Wednesday,23,0.122,2.734,0.000,0.000,0.000,0.000,2.856,
2026-02-12 00:00:00,Thursday,0,0.098,2.682,0.000,0.000,0.000,0.000,2.780,
2026-02-12 01:00:00,Thursday,1,0.120,2.312,0.000,0.000,0.000,0.000,2.432,
2026-02-12 02:00:00,Thursday,2,0.115,2.569,0.000,0.000,0.000,0.000,2.684,
2026-02-12 03:00:00,Thursday,3,0.123,2.329,0.000,0.000,0.000,0.000,2.452,
2026-02-12 04:00:00,Thursday,4,0.122,2.375,0.000,0.000,0.000,0.000,2.497,
2026-02-12 05:00:00,Thursday,5,0.094,2.494,0.000,0.000,0.000,0.000,2.588,
2026-02-12 06:00:00,Thursday,6,0.118,2.374,0.090,0.346,0.000,0.000,2.928,
2026-02-12 07:00:00,Thursday,7,0.117,2.394,0.134,0.267,0.000,0.000,2.912,
2026-02-12 08:00:00,Thursday,8,0.114,2.951,0.000,0.404,0.000,0.000,3.469,
2026-02-12 09:00:00,Thursday,9,0.089,2.711,0.000,0.000,0.086,0.000,2.886,
2026-02-12 10:00:00,Thursday,10,0.102,2.521,0.000,0.000,0.086,0.000,2.709,
2026-02-12 11:00:00,Thursday,11,0.094,2.280,0.000,0.000,0.075,0.000,2.449,
2026-02-12 12:00:00,Thursday,12,0.122,2.889,0.000,0.524,0.093,0.000,3.628,
2026-02-12 13:00:00,Thursday,13,0.119,2.362,0.000,0.000,0.074,0.000,2.555,
2026-02-12 14:00:00,Thursday,14,0.109,2.815,0.000,0.000,0.117,0.000,3.041,
2026-02-12 15:00:00,Thursday,15,0.090,2.657,0.000,0.000,0.157,0.000,2.904,
2026-02-12 16:00:00,Thursday,16,0.100,2.890,0.000,0.000,0.152,0.000,3.142,
2026-02-12 17:00:00,Thursday,17,0.092,2.989,0.131,0.000,0.171,0.000,3.383,
2026-02-12 18:00:00,Thursday,18,0.114,2.437,0.218,0.622,0.167,0.000,3.558,
2026-02-12 19:00:00,Thursday,19,0.123,2.582,0.082,0.000,0.268,0.653,3.708,zmywarka
2026-02-12 20:00:00,Thursday,20,0.095,3.112,0.128,0.000,0.196,0.000,3.531,
2026-02-12 21:00:00,Thursday,21,0.097,2.726,0.122,0.000,0.134,0.000,3.079,
2026-02-12 22:00:00,Thursday,22,0.124,2.482,0.053,0.000,0.211,0.000,2.870,
2026-02-12 23:00:00,Thursday,23,0.104,2.312,0.000,0.000,0.000,0.000,2.416,
2026-02-13 00:00:00,Friday,0,0.110,2.673,0.000,0.000,0.000,0.000,2.783,
2026-02-13 01:00:00,Friday,1,0.122,2.388,0.000,0.000,0.000,0.000,2.510,
2026-02-13 02:00:00,Friday,2,0.114,2.488,0.000,0.000,0.000,0.000,2.602,
2026-02-13 03:00:00,Friday,3,0.095,2.959,0.000,0.000,0.000,0.000,3.054,
2026-02-13 04:00:00,Friday,4,0.114,3.046,0.000,0.000,0.000,0.000,3.160,
2026-02-13 05:00:00,Friday,5,0.135,2.555,0.000,0.000,0.000,0.000,2.690,
2026-02-13 06:00:00,Friday,6,0.118,2.630,0.126,0.291,0.000,0.000,3.165,
2026-02-13 07:00:00,Friday,7,0.118,2.850,0.158,0.334,0.000,0.000,3.460,
2026-02-13 08:00:00,Friday,8,0.109,2.695,0.000,0.385,0.000,0.000,3.189,
2026-02-13 09:00:00,Friday,9,0.091,3.390,0.000,0.000,0.092,0.000,3.573,
2026-02-13 10:00:00,Friday,10,0.104,2.885,0.000,0.000,0.090,0.000,3.079,
2026-02-13 11:00:00,Friday,11,0.116,2.592,0.000,0.000,0.107,0.000,2.815,
2026-02-13 12:00:00,Friday,12,0.113,3.356,0.000,0.000,0.118,0.000,3.587,
2026-02-13 13:00:00,Friday,13,0.126,2.864,0.000,0.718,0.102,0.000,3.810,
2026-02-13 14:00:00,Friday,14,0.104,3.011,0.000,0.000,0.189,0.000,3.304,
2026-02-13 15:00:00,Friday,15,0.099,3.121,0.000,0.000,0.147,0.000,3.367,
2026-02-13 16:00:00,Friday,16,0.126,3.058,0.000,0.000,0.120,0.000,3.304,
2026-02-13 17:00:00,Friday,17,0.118,3.338,0.178,0.482,0.223,0.000,4.339,
2026-02-13 18:00:00,Friday,18,0.107,3.059,0.092,0.000,0.240,0.000,3.498,
2026-02-13 19:00:00,Friday,19,0.118,2.974,0.088,0.000,0.205,0.698,4.083,zmywarka
2026-02-13 20:00:00,Friday,20,0.126,3.268,0.158,0.000,0.223,0.000,3.775,
2026-02-13 21:00:00,Friday,21,0.098,2.545,0.233,0.000,0.234,0.000,3.110,
2026-02-13 22:00:00,Friday,22,0.124,2.710,0.116,0.000,0.216,0.000,3.166,
2026-02-13 23:00:00,Friday,23,0.137,2.372,0.000,0.000,0.000,0.000,2.509,
2026-02-14 00:00:00,Saturday,0,0.133,2.460,0.000,0.000,0.000,0.000,2.593,
2026-02-14 01:00:00,Saturday,1,0.120,2.398,0.000,0.000,0.000,0.000,2.518,
2026-02-14 02:00:00,Saturday,2,0.114,2.450,0.000,0.000,0.000,0.000,2.564,
2026-02-14 03:00:00,Saturday,3,0.094,3.322,0.000,0.000,0.000,0.000,3.416,
2026-02-14 04:00:00,Saturday,4,0.111,2.516,0.000,0.000,0.000,0.000,2.627,
2026-02-14 05:00:00,Saturday,5,0.139,3.131,0.000,0.000,0.000,0.000,3.270,
2026-02-14 06:00:00,Saturday,6,0.112,2.828,0.088,0.379,0.000,0.000,3.407,
2026-02-14 07:00:00,Saturday,7,0.111,3.030,0.095,0.417,0.000,0.000,3.653,
2026-02-14 08:00:00,Saturday,8,0.097,3.416,0.000,0.366,0.000,0.000,3.879,
2026-02-14 09:00:00,Saturday,9,0.102,3.298,0.000,0.000,0.136,0.000,3.536,
2026-02-14 10:00:00,Saturday,10,0.126,3.194,0.000,0.000,0.194,0.000,3.514,
2026-02-14 11:00:00,Saturday,11,0.090,3.474,0.000,0.000,0.114,0.000,3.678,
2026-02-14 12:00:00,Saturday,12,0.106,3.448,0.000,0.000,0.078,0.000,3.632,
2026-02-14 13:00:00,Saturday,13,0.111,3.042,0.000,0.639,0.196,0.000,3.988,
2026-02-14 14:00:00,Saturday,14,0.094,3.306,0.000,0.000,0.182,0.650,4.232,zmywarka
2026-02-14 15:00:00,Saturday,15,0.105,2.864,0.000,0.000,0.078,0.000,3.047,
2026-02-14 16:00:00,Saturday,16,0.104,3.298,0.000,0.000,0.106,0.000,3.508,
2026-02-14 17:00:00,Saturday,17,0.122,3.363,0.227,0.000,0.122,0.000,3.834,
2026-02-14 18:00:00,Saturday,18,0.098,2.865,0.227,1.546,0.224,0.000,4.960,
2026-02-14 19:00:00,Saturday,19,0.122,3.334,0.109,0.000,0.186,0.000,3.751,
2026-02-14 20:00:00,Saturday,20,0.088,2.998,0.126,0.000,0.239,0.000,3.451,
2026-02-14 21:00:00,Saturday,21,0.104,2.740,0.123,0.000,0.245,0.000,3.212,
2026-02-14 22:00:00,Saturday,22,0.089,2.461,0.078,0.000,0.238,0.000,2.866,
2026-02-14 23:00:00,Saturday,23,0.119,2.740,0.000,0.000,0.000,0.000,2.859,
2026-02-15 00:00:00,Sunday,0,0.115,3.107,0.000,0.000,0.000,0.000,3.222,
2026-02-15 01:00:00,Sunday,1,0.110,2.825,0.000,0.000,0.000,0.000,2.935,
2026-02-15 02:00:00,Sunday,2,0.152,2.752,0.000,0.000,0.000,0.000,2.904,
2026-02-15 03:00:00,Sunday,3,0.121,2.913,0.000,0.000,0.000,0.000,3.034,
2026-02-15 04:00:00,Sunday,4,0.096,2.746,0.000,0.000,0.000,0.000,2.842,
2026-02-15 05:00:00,Sunday,5,0.140,3.472,0.000,0.000,0.000,0.000,3.612,
2026-02-15 06:00:00,Sunday,6,0.126,3.269,0.109,0.329,0.000,0.000,3.833,
2026-02-15 07:00:00,Sunday,7,0.105,3.145,0.114,0.158,0.000,0.000,3.522,
2026-02-15 08:00:00,Sunday,8,0.117,3.601,0.000,0.265,0.000,0.000,3.983,
2026-02-15 09:00:00,Sunday,9,0.113,3.662,0.000,0.000,0.170,0.000,3.945,
2026-02-15 10:00:00,Sunday,10,0.120,3.514,0.000,0.000,0.104,0.000,3.738,
2026-02-15 11:00:00,Sunday,11,0.106,2.965,0.000,0.000,0.130,0.000,3.201,
2026-02-15 12:00:00,Sunday,12,0.126,3.290,0.000,0.000,0.194,0.000,3.610,
2026-02-15 13:00:00,Sunday,13,0.117,3.085,0.000,0.903,0.106,0.000,4.211,
2026-02-15 14:00:00,Sunday,14,0.100,2.472,0.000,0.000,0.060,0.654,3.286,zmywarka
2026-02-15 15:00:00,Sunday,15,0.128,3.144,0.000,0.000,0.106,0.000,3.378,
2026-02-15 16:00:00,Sunday,16,0.090,2.601,0.000,0.000,0.115,0.000,2.806,
2026-02-15 17:00:00,Sunday,17,0.097,2.940,0.123,0.790,0.222,0.000,4.172,
2026-02-15 18:00:00,Sunday,18,0.126,2.526,0.222,0.000,0.244,0.000,3.118,
2026-02-15 19:00:00,Sunday,19,0.119,2.926,0.136,0.000,0.180,0.000,3.361,
2026-02-15 20:00:00,Sunday,20,0.115,3.135,0.091,0.000,0.242,0.000,3.583,
2026-02-15 21:00:00,Sunday,21,0.110,3.158,0.192,0.000,0.195,0.000,3.655,
2026-02-15 22:00:00,Sunday,22,0.104,2.633,0.093,0.000,0.234,0.000,3.064,
2026-02-15 23:00:00,Sunday,23,0.095,2.514,0.000,0.000,0.000,0.000,2.609,
2026-02-16 00:00:00,Monday,0,0.115,3.114,0.000,0.000,0.000,0.000,3.229,
2026-02-16 01:00:00,Monday,1,0.146,2.633,0.000,0.000,0.000,0.000,2.779,
2026-02-16 02:00:00,Monday,2,0.111,2.498,0.000,0.000,0.000,0.000,2.609,
2026-02-16 03:00:00,Monday,3,0.117,3.112,0.000,0.000,0.000,0.000,3.229,
2026-02-16 04:00:00,Monday,4,0.110,3.142,0.000,0.000,0.000,0.000,3.252,
2026-02-16 05:00:00,Monday,5,0.130,2.678,0.000,0.000,0.000,0.000,2.808,
2026-02-16 06:00:00,Monday,6,0.117,3.238,0.158,0.346,0.000,0.000,3.859,
2026-02-16 07:00:00,Monday,7,0.106,2.781,0.066,0.302,0.000,0.000,3.255,
2026-02-16 08:00:00,Monday,8,0.097,2.614,0.000,0.397,0.000,0.000,3.108,
2026-02-16 09:00:00,Monday,9,0.090,2.954,0.000,0.000,0.074,0.000,3.118,
2026-02-16 10:00:00,Monday,10,0.110,3.161,0.000,0.000,0.076,0.000,3.347,
2026-02-16 11:00:00,Monday,11,0.098,2.599,0.000,0.000,0.101,0.000,2.798,
2026-02-16 12:00:00,Monday,12,0.090,2.738,0.000,0.591,0.090,0.000,3.509,
2026-02-16 13:00:00,Monday,13,0.122,3.346,0.000,0.000,0.090,0.000,3.558,
2026-02-16 14:00:00,Monday,14,0.107,3.242,0.000,0.000,0.166,0.000,3.515,
2026-02-16 15:00:00,Monday,15,0.091,2.950,0.000,0.000,0.068,0.000,3.109,
2026-02-16 16:00:00,Monday,16,0.096,3.409,0.000,0.000,0.168,0.000,3.673,
2026-02-16 17:00:00,Monday,17,0.122,2.636,0.202,0.000,0.255,0.000,3.215,
2026-02-16 18:00:00,Monday,18,0.127,3.177,0.197,1.149,0.255,0.000,4.905,
2026-02-16 19:00:00,Monday,19,0.098,3.077,0.230,0.000,0.164,0.000,3.569,
2026-02-16 20:00:00,Monday,20,0.125,2.818,0.124,0.000,0.194,0.650,3.911,zmywarka
2026-02-16 21:00:00,Monday,21,0.126,2.663,0.210,0.000,0.134,0.000,3.133,
2026-02-16 22:00:00,Monday,22,0.117,3.117,0.102,0.000,0.144,0.000,3.480,
2026-02-16 23:00:00,Monday,23,0.111,3.233,0.000,0.000,0.000,0.000,3.344,
2026-02-17 00:00:00,Tuesday,0,0.110,2.898,0.000,0.000,0.000,0.000,3.008,
2026-02-17 01:00:00,Tuesday,1,0.140,3.254,0.000,0.000,0.000,0.000,3.394,
2026-02-17 02:00:00,Tuesday,2,0.113,3.017,0.000,0.000,0.000,0.000,3.130,
2026-02-17 03:00:00,Tuesday,3,0.106,2.908,0.000,0.000,0.000,0.000,3.014,
2026-02-17 04:00:00,Tuesday,4,0.112,2.578,0.000,0.000,0.000,0.000,2.690,
2026-02-17 05:00:00,Tuesday,5,0.091,2.697,0.000,0.000,0.000,0.000,2.788,
2026-02-17 06:00:00,Tuesday,6,0.124,2.986,0.127,0.456,0.000,0.000,3.693,
2026-02-17 07:00:00,Tuesday,7,0.100,3.456,0.147,0.147,0.000,0.000,3.850,
2026-02-17 08:00:00,Tuesday,8,0.121,2.832,0.000,0.195,0.000,0.000,3.148,
2026-02-17 09:00:00,Tuesday,9,0.126,2.777,0.000,0.000,0.098,0.000,3.001,
2026-02-17 10:00:00,Tuesday,10,0.107,2.782,0.000,0.000,0.081,0.000,2.970,
2026-02-17 11:00:00,Tuesday,11,0.122,2.716,0.000,0.000,0.077,0.000,2.915,
2026-02-17 12:00:00,Tuesday,12,0.110,3.010,0.000,0.000,0.086,0.000,3.206,
2026-02-17 13:00:00,Tuesday,13,0.104,2.811,0.000,0.659,0.064,0.512,4.150,pralka
2026-02-17 14:00:00,Tuesday,14,0.094,3.198,0.000,0.000,0.109,0.000,3.401,
2026-02-17 15:00:00,Tuesday,15,0.125,2.994,0.000,0.000,0.070,0.000,3.189,
2026-02-17 16:00:00,Tuesday,16,0.103,3.028,0.000,0.000,0.119,0.000,3.250,
2026-02-17 17:00:00,Tuesday,17,0.101,3.124,0.145,0.795,0.172,0.000,4.337,
2026-02-17 18:00:00,Tuesday,18,0.088,3.179,0.189,0.000,0.183,0.000,3.639,
2026-02-17 19:00:00,Tuesday,19,0.122,3.398,0.098,0.000,0.255,0.000,3.873,
2026-02-17 20:00:00,Tuesday,20,0.097,3.350,0.203,0.000,0.230,0.804,4.684,zmywarka
2026-02-17 21:00:00,Tuesday,21,0.118,3.147,0.234,0.000,0.143,0.000,3.642,
2026-02-17 22:00:00,Tuesday,22,0.101,2.912,0.062,0.000,0.233,0.000,3.308,
2026-02-17 23:00:00,Tuesday,23,0.132,2.964,0.000,0.000,0.000,0.000,3.096,
2026-02-18 00:00:00,Wednesday,0,0.123,2.986,0.000,0.000,0.000,0.000,3.109,
2026-02-18 01:00:00,Wednesday,1,0.125,2.630,0.000,0.000,0.000,0.000,2.755,
2026-02-18 02:00:00,Wednesday,2,0.100,2.792,0.000,0.000,0.000,0.000,2.892,
2026-02-18 03:00:00,Wednesday,3,0.090,3.265,0.000,0.000,0.000,0.000,3.355,
2026-02-18 04:00:00,Wednesday,4,0.126,2.930,0.000,0.000,0.000,0.000,3.056,
2026-02-18 05:00:00,Wednesday,5,0.114,3.193,0.000,0.000,0.000,0.000,3.307,
2026-02-18 06:00:00,Wednesday,6,0.102,2.857,0.056,0.343,0.000,0.000,3.358,
2026-02-18 07:00:00,Wednesday,7,0.127,3.336,0.126,0.256,0.000,0.000,3.845,
2026-02-18 08:00:00,Wednesday,8,0.117,3.150,0.000,0.257,0.000,0.000,3.524,
2026-02-18 09:00:00,Wednesday,9,0.108,3.165,0.000,0.000,0.090,0.000,3.363,
2026-02-18 10:00:00,Wednesday,10,0.114,3.408,0.000,0.000,0.089,0.000,3.611,
2026-02-18 11:00:00,Wednesday,11,0.118,2.803,0.000,0.000,0.114,0.000,3.035,
2026-02-18 12:00:00,Wednesday,12,0.110,3.485,0.000,0.000,0.114,0.000,3.709,
2026-02-18 13:00:00,Wednesday,13,0.123,3.218,0.000,0.247,0.066,0.000,3.654,
2026-02-18 14:00:00,Wednesday,14,0.117,3.030,0.000,0.000,0.083,0.000,3.230,
2026-02-18 15:00:00,Wednesday,15,0.118,2.822,0.000,0.000,0.128,0.000,3.068,
2026-02-18 16:00:00,Wednesday,16,0.102,2.987,0.000,0.000,0.149,0.000,3.238,
2026-02-18 17:00:00,Wednesday,17,0.121,2.999,0.173,0.508,0.269,0.000,4.070,
2026-02-18 18:00:00,Wednesday,18,0.089,3.246,0.220,0.000,0.237,0.000,3.792,
2026-02-18 19:00:00,Wednesday,19,0.110,3.072,0.211,0.000,0.229,0.870,4.492,zmywarka
2026-02-18 20:00:00,Wednesday,20,0.088,3.061,0.090,0.000,0.172,0.000,3.411,
2026-02-18 21:00:00,Wednesday,21,0.113,2.655,0.210,0.000,0.238,0.000,3.216,
2026-02-18 22:00:00,Wednesday,22,0.098,3.215,0.089,0.000,0.191,0.000,3.593,
2026-02-18 23:00:00,Wednesday,23,0.112,3.050,0.000,0.000,0.000,0.000,3.162,
2026-02-19 00:00:00,Thursday,0,0.109,3.294,0.000,0.000,0.000,0.000,3.403,
2026-02-19 01:00:00,Thursday,1,0.128,3.328,0.000,0.000,0.000,0.000,3.456,
2026-02-19 02:00:00,Thursday,2,0.102,2.438,0.000,0.000,0.000,0.000,2.540,
2026-02-19 03:00:00,Thursday,3,0.128,3.058,0.000,0.000,0.000,0.000,3.186,
2026-02-19 04:00:00,Thursday,4,0.099,2.436,0.000,0.000,0.000,0.000,2.535,
2026-02-19 05:00:00,Thursday,5,0.093,2.858,0.000,0.000,0.000,0.000,2.951,
2026-02-19 06:00:00,Thursday,6,0.096,2.583,0.062,0.396,0.000,0.000,3.137,
2026-02-19 07:00:00,Thursday,7,0.105,3.144,0.114,0.360,0.000,0.000,3.723,
2026-02-19 08:00:00,Thursday,8,0.104,3.259,0.000,0.399,0.000,0.000,3.762,
2026-02-19 09:00:00,Thursday,9,0.122,3.042,0.000,0.000,0.095,0.000,3.259,
2026-02-19 10:00:00,Thursday,10,0.110,3.158,0.000,0.000,0.105,0.000,3.373,
2026-02-19 11:00:00,Thursday,11,0.098,2.986,0.000,0.000,0.112,0.000,3.196,
2026-02-19 12:00:00,Thursday,12,0.110,2.871,0.000,0.311,0.072,0.561,3.925,pralka
2026-02-19 13:00:00,Thursday,13,0.120,2.834,0.000,0.000,0.108,1.480,4.542,suszarka
2026-02-19 14:00:00,Thursday,14,0.112,2.991,0.000,0.000,0.181,0.000,3.284,
2026-02-19 15:00:00,Thursday,15,0.106,2.784,0.000,0.000,0.158,0.000,3.048,
2026-02-19 16:00:00,Thursday,16,0.110,3.091,0.000,0.000,0.066,0.000,3.267,
2026-02-19 17:00:00,Thursday,17,0.119,2.740,0.083,0.000,0.222,0.000,3.164,
2026-02-19 18:00:00,Thursday,18,0.106,2.830,0.111,0.499,0.218,0.000,3.764,
2026-02-19 19:00:00,Thursday,19,0.110,3.325,0.096,0.000,0.122,0.000,3.653,
2026-02-19 20:00:00,Thursday,20,0.126,3.211,0.164,0.000,0.232,0.000,3.733,
2026-02-19 21:00:00,Thursday,21,0.092,3.052,0.104,0.000,0.167,0.000,3.415,
2026-02-19 22:00:00,Thursday,22,0.091,3.504,0.074,0.000,0.187,0.000,3.856,
2026-02-19 23:00:00,Thursday,23,0.088,3.668,0.000,0.000,0.000,0.000,3.756,
2026-02-20 00:00:00,Friday,0,0.124,3.226,0.000,0.000,0.000,0.000,3.350,
2026-02-20 01:00:00,Friday,1,0.104,3.312,0.000,0.000,0.000,0.000,3.416,
2026-02-20 02:00:00,Friday,2,0.126,2.954,0.000,0.000,0.000,0.000,3.080,
2026-02-20 03:00:00,Friday,3,0.090,2.948,0.000,0.000,0.000,0.000,3.038,
2026-02-20 04:00:00,Friday,4,0.123,3.433,0.000,0.000,0.000,0.000,3.556,
2026-02-20 05:00:00,Friday,5,0.127,3.286,0.000,0.000,0.000,0.000,3.413,
2026-02-20 06:00:00,Friday,6,0.095,3.097,0.104,0.266,0.000,0.000,3.562,
2026-02-20 07:00:00,Friday,7,0.108,3.566,0.129,0.337,0.000,0.000,4.140,
2026-02-20 08:00:00,Friday,8,0.097,2.648,0.000,0.449,0.000,0.000,3.194,
2026-02-20 09:00:00,Friday,9,0.092,2.748,0.000,0.000,0.075,0.000,2.915,
2026-02-20 10:00:00,Friday,10,0.102,3.213,0.000,0.000,0.101,0.000,3.416,
2026-02-20 11:00:00,Friday,11,0.122,3.186,0.000,0.000,0.115,0.000,3.423,
2026-02-20 12:00:00,Friday,12,0.089,2.820,0.000,0.000,0.091,0.000,3.000,
2026-02-20 13:00:00,Friday,13,0.112,3.022,0.000,0.370,0.087,0.000,3.591,
2026-02-20 14:00:00,Friday,14,0.113,2.980,0.000,0.000,0.073,0.000,3.166,
2026-02-20 15:00:00,Friday,15,0.121,3.302,0.000,0.000,0.130,0.000,3.553,
2026-02-20 16:00:00,Friday,16,0.096,2.942,0.000,0.000,0.174,0.000,3.212,
2026-02-20 17:00:00,Friday,17,0.110,2.952,0.128,0.000,0.189,0.000,3.379,
2026-02-20 18:00:00,Friday,18,0.124,2.755,0.086,0.570,0.191,0.000,3.726,
2026-02-20 19:00:00,Friday,19,0.096,2.535,0.170,0.000,0.194,0.836,3.831,zmywarka
2026-02-20 20:00:00,Friday,20,0.115,2.647,0.091,0.000,0.270,0.000,3.123,
2026-02-20 21:00:00,Friday,21,0.125,2.764,0.101,0.000,0.251,0.000,3.241,
2026-02-20 22:00:00,Friday,22,0.114,2.491,0.072,0.000,0.224,0.000,2.901,
2026-02-20 23:00:00,Friday,23,0.098,2.286,0.000,0.000,0.000,0.000,2.384,
2026-02-21 00:00:00,Saturday,0,0.118,2.512,0.000,0.000,0.000,0.000,2.630,
2026-02-21 01:00:00,Saturday,1,0.125,2.258,0.000,0.000,0.000,0.000,2.383,
2026-02-21 02:00:00,Saturday,2,0.134,2.151,0.000,0.000,0.000,0.000,2.285,
2026-02-21 03:00:00,Saturday,3,0.133,2.174,0.000,0.000,0.000,0.000,2.307,
2026-02-21 04:00:00,Saturday,4,0.121,2.553,0.000,0.000,0.000,0.000,2.674,
2026-02-21 05:00:00,Saturday,5,0.118,2.030,0.000,0.000,0.000,0.000,2.148,
2026-02-21 06:00:00,Saturday,6,0.108,2.759,0.130,0.278,0.000,0.000,3.275,
2026-02-21 07:00:00,Saturday,7,0.101,2.550,0.065,0.308,0.000,0.000,3.024,
2026-02-21 08:00:00,Saturday,8,0.107,2.741,0.000,0.261,0.000,0.000,3.109,
2026-02-21 09:00:00,Saturday,9,0.118,2.277,0.000,0.000,0.174,0.554,3.123,pralka
2026-02-21 10:00:00,Saturday,10,0.114,2.350,0.000,0.000,0.164,0.000,2.628,
2026-02-21 11:00:00,Saturday,11,0.128,2.279,0.000,0.000,0.045,0.000,2.452,
2026-02-21 12:00:00,Saturday,12,0.128,2.051,0.000,0.569,0.199,0.000,2.947,
2026-02-21 13:00:00,Saturday,13,0.125,2.389,0.000,0.000,0.180,0.000,2.694,
2026-02-21 14:00:00,Saturday,14,0.126,1.975,0.000,0.000,0.162,0.801,3.064,zmywarka
2026-02-21 15:00:00,Saturday,15,0.098,1.808,0.000,0.000,0.043,0.000,1.949,
2026-02-21 16:00:00,Saturday,16,0.094,1.773,0.000,0.000,0.157,0.000,2.024,
2026-02-21 17:00:00,Saturday,17,0.095,1.938,0.179,0.566,0.210,0.000,2.988,
2026-02-21 18:00:00,Saturday,18,0.112,2.148,0.102,0.000,0.121,0.000,2.483,
2026-02-21 19:00:00,Saturday,19,0.122,2.237,0.101,0.000,0.173,0.000,2.633,
2026-02-21 20:00:00,Saturday,20,0.125,2.001,0.124,0.000,0.264,0.000,2.514,
2026-02-21 21:00:00,Saturday,21,0.098,2.018,0.214,0.000,0.250,0.000,2.580,
2026-02-21 22:00:00,Saturday,22,0.118,2.389,0.042,0.000,0.184,0.000,2.733,
2026-02-21 23:00:00,Saturday,23,0.103,2.315,0.000,0.000,0.000,0.000,2.418,
2026-02-22 00:00:00,Sunday,0,0.117,1.988,0.000,0.000,0.000,0.000,2.105,
2026-02-22 01:00:00,Sunday,1,0.145,1.970,0.000,0.000,0.000,0.000,2.115,
2026-02-22 02:00:00,Sunday,2,0.094,2.310,0.000,0.000,0.000,0.000,2.404,
2026-02-22 03:00:00,Sunday,3,0.109,2.448,0.000,0.000,0.000,0.000,2.557,
2026-02-22 04:00:00,Sunday,4,0.128,2.051,0.000,0.000,0.000,0.000,2.179,
2026-02-22 05:00:00,Sunday,5,0.112,2.733,0.000,0.000,0.000,0.000,2.845,
2026-02-22 06:00:00,Sunday,6,0.125,2.392,0.133,0.320,0.000,0.000,2.970,
2026-02-22 07:00:00,Sunday,7,0.095,2.737,0.093,0.388,0.000,0.000,3.313,
2026-02-22 08:00:00,Sunday,8,0.125,2.272,0.000,0.229,0.000,0.000,2.626,
2026-02-22 09:00:00,Sunday,9,0.121,2.655,0.000,0.000,0.067,0.000,2.843,
2026-02-22 10:00:00,Sunday,10,0.100,2.639,0.000,0.000,0.092,0.000,2.831,
2026-02-22 11:00:00,Sunday,11,0.110,2.874,0.000,0.000,0.179,0.000,3.163,
2026-02-22 12:00:00,Sunday,12,0.090,2.602,0.000,0.000,0.130,0.000,2.822,
2026-02-22 13:00:00,Sunday,13,0.122,2.468,0.000,0.350,0.179,0.686,3.805,zmywarka
2026-02-22 14:00:00,Sunday,14,0.102,2.106,0.000,0.000,0.151,0.000,2.359,
2026-02-22 15:00:00,Sunday,15,0.088,2.066,0.000,0.000,0.054,0.000,2.208,
2026-02-22 16:00:00,Sunday,16,0.126,2.702,0.000,0.000,0.188,0.000,3.016,
2026-02-22 17:00:00,Sunday,17,0.114,2.255,0.199,0.607,0.226,0.000,3.401,
2026-02-22 18:00:00,Sunday,18,0.115,2.746,0.099,0.000,0.140,0.000,3.100,
2026-02-22 19:00:00,Sunday,19,0.115,2.609,0.118,0.000,0.266,0.000,3.108,
2026-02-22 20:00:00,Sunday,20,0.111,2.601,0.109,0.000,0.254,0.000,3.075,
2026-02-22 21:00:00,Sunday,21,0.105,2.155,0.122,0.000,0.228,0.000,2.610,
2026-02-22 22:00:00,Sunday,22,0.106,2.556,0.106,0.000,0.221,0.000,2.989,
2026-02-22 23:00:00,Sunday,23,0.122,2.157,0.000,0.000,0.000,0.000,2.279,
2026-02-23 00:00:00,Monday,0,0.092,2.166,0.000,0.000,0.000,0.000,2.258,
2026-02-23 01:00:00,Monday,1,0.095,1.825,0.000,0.000,0.000,0.000,1.920,
2026-02-23 02:00:00,Monday,2,0.105,1.751,0.000,0.000,0.000,0.000,1.856,
2026-02-23 03:00:00,Monday,3,0.115,2.082,0.000,0.000,0.000,0.000,2.197,
2026-02-23 04:00:00,Monday,4,0.119,2.088,0.000,0.000,0.000,0.000,2.207,
2026-02-23 05:00:00,Monday,5,0.114,2.172,0.000,0.000,0.000,0.000,2.286,
2026-02-23 06:00:00,Monday,6,0.115,2.462,0.086,0.436,0.000,0.000,3.099,
2026-02-23 07:00:00,Monday,7,0.098,1.890,0.143,0.452,0.000,0.000,2.583,
2026-02-23 08:00:00,Monday,8,0.127,1.962,0.000,0.120,0.000,0.000,2.209,
2026-02-23 09:00:00,Monday,9,0.119,2.347,0.000,0.000,0.069,0.000,2.535,
2026-02-23 10:00:00,Monday,10,0.105,1.975,0.000,0.000,0.084,0.000,2.164,
2026-02-23 11:00:00,Monday,11,0.107,2.239,0.000,0.000,0.065,0.000,2.411,
2026-02-23 12:00:00,Monday,12,0.114,1.792,0.000,0.255,0.094,0.000,2.255,
2026-02-23 13:00:00,Monday,13,0.097,1.797,0.000,0.000,0.105,0.000,1.999,
2026-02-23 14:00:00,Monday,14,0.096,1.681,0.000,0.000,0.155,0.000,1.932,
2026-02-23 15:00:00,Monday,15,0.114,1.625,0.000,0.000,0.139,0.000,1.878,
2026-02-23 16:00:00,Monday,16,0.090,1.618,0.000,0.000,0.100,0.000,1.808,
2026-02-23 17:00:00,Monday,17,0.114,1.528,0.108,0.000,0.124,0.000,1.874,
2026-02-23 18:00:00,Monday,18,0.122,1.684,0.146,0.820,0.253,0.000,3.025,
2026-02-23 19:00:00,Monday,19,0.111,1.930,0.134,0.000,0.159,0.000,2.334,
2026-02-23 20:00:00,Monday,20,0.105,1.751,0.222,0.000,0.259,0.794,3.131,zmywarka
2026-02-23 21:00:00,Monday,21,0.112,2.167,0.191,0.000,0.143,0.000,2.613,
2026-02-23 22:00:00,Monday,22,0.106,1.746,0.071,0.000,0.138,0.000,2.061,
2026-02-23 23:00:00,Monday,23,0.135,2.014,0.000,0.000,0.000,0.000,2.149,
2026-02-24 00:00:00,Tuesday,0,0.122,2.215,0.000,0.000,0.000,0.000,2.337,
2026-02-24 01:00:00,Tuesday,1,0.110,1.735,0.000,0.000,0.000,0.000,1.845,
2026-02-24 02:00:00,Tuesday,2,0.106,1.799,0.000,0.000,0.000,0.000,1.905,
2026-02-24 03:00:00,Tuesday,3,0.115,2.030,0.000,0.000,0.000,0.000,2.145,
2026-02-24 04:00:00,Tuesday,4,0.124,1.959,0.000,0.000,0.000,0.000,2.083,
2026-02-24 05:00:00,Tuesday,5,0.097,2.079,0.000,0.000,0.000,0.000,2.176,
2026-02-24 06:00:00,Tuesday,6,0.095,2.378,0.140,0.466,0.000,0.000,3.079,
2026-02-24 07:00:00,Tuesday,7,0.098,2.429,0.105,0.252,0.000,0.000,2.884,
2026-02-24 08:00:00,Tuesday,8,0.098,2.598,0.000,0.126,0.000,0.000,2.822,
2026-02-24 09:00:00,Tuesday,9,0.096,2.335,0.000,0.000,0.074,0.000,2.505,
2026-02-24 10:00:00,Tuesday,10,0.094,2.371,0.000,0.000,0.065,0.000,2.530,
2026-02-24 11:00:00,Tuesday,11,0.104,2.288,0.000,0.000,0.075,0.000,2.467,
2026-02-24 12:00:00,Tuesday,12,0.114,2.196,0.000,0.000,0.105,0.511,2.926,pralka
2026-02-24 13:00:00,Tuesday,13,0.095,1.948,0.000,0.693,0.108,1.961,4.805,suszarka
2026-02-24 14:00:00,Tuesday,14,0.104,2.023,0.000,0.000,0.113,0.000,2.240,
2026-02-24 15:00:00,Tuesday,15,0.090,1.850,0.000,0.000,0.146,0.000,2.086,
2026-02-24 16:00:00,Tuesday,16,0.117,2.159,0.000,0.000,0.158,0.000,2.434,
2026-02-24 17:00:00,Tuesday,17,0.122,1.964,0.195,0.658,0.157,0.000,3.096,
2026-02-24 18:00:00,Tuesday,18,0.088,2.074,0.185,0.000,0.205,0.000,2.552,
2026-02-24 19:00:00,Tuesday,19,0.104,2.414,0.097,0.000,0.177,0.865,3.657,zmywarka
2026-02-24 20:00:00,Tuesday,20,0.122,2.213,0.229,0.000,0.266,0.000,2.830,
2026-02-24 21:00:00,Tuesday,21,0.110,2.394,0.105,0.000,0.225,0.000,2.834,
2026-02-24 22:00:00,Tuesday,22,0.088,2.749,0.109,0.000,0.266,0.000,3.212,
2026-02-24 23:00:00,Tuesday,23,0.119,2.795,0.000,0.000,0.000,0.000,2.914,
2026-02-25 00:00:00,Wednesday,0,0.110,2.244,0.000,0.000,0.000,0.000,2.354,
2026-02-25 01:00:00,Wednesday,1,0.104,2.266,0.000,0.000,0.000,0.000,2.370,
2026-02-25 02:00:00,Wednesday,2,0.127,2.754,0.000,0.000,0.000,0.000,2.881,
2026-02-25 03:00:00,Wednesday,3,0.124,2.369,0.000,0.000,0.000,0.000,2.493,
2026-02-25 04:00:00,Wednesday,4,0.140,2.282,0.000,0.000,0.000,0.000,2.422,
2026-02-25 05:00:00,Wednesday,5,0.095,2.578,0.000,0.000,0.000,0.000,2.673,
2026-02-25 06:00:00,Wednesday,6,0.114,2.598,0.094,0.254,0.000,0.000,3.060,
2026-02-25 07:00:00,Wednesday,7,0.119,2.826,0.106,0.377,0.000,0.000,3.428,
2026-02-25 08:00:00,Wednesday,8,0.106,2.656,0.000,0.408,0.000,0.000,3.170,
2026-02-25 09:00:00,Wednesday,9,0.106,2.480,0.000,0.000,0.072,0.000,2.658,
2026-02-25 10:00:00,Wednesday,10,0.126,2.662,0.000,0.000,0.099,0.000,2.887,
2026-02-25 11:00:00,Wednesday,11,0.113,2.088,0.000,0.000,0.100,0.000,2.301,
2026-02-25 12:00:00,Wednesday,12,0.101,2.226,0.000,0.490,0.114,0.000,2.931,
2026-02-25 13:00:00,Wednesday,13,0.118,2.684,0.000,0.000,0.074,0.000,2.876,
2026-02-25 14:00:00,Wednesday,14,0.096,2.235,0.000,0.000,0.168,0.000,2.499,
2026-02-25 15:00:00,Wednesday,15,0.089,2.547,0.000,0.000,0.154,0.000,2.790,
2026-02-25 16:00:00,Wednesday,16,0.102,2.695,0.000,0.000,0.166,0.000,2.963,
2026-02-25 17:00:00,Wednesday,17,0.095,2.104,0.087,0.510,0.146,0.000,2.942,
2026-02-25 18:00:00,Wednesday,18,0.118,2.130,0.223,0.000,0.127,0.000,2.598,
2026-02-25 19:00:00,Wednesday,19,0.110,2.390,0.148,0.000,0.274,0.000,2.922,
2026-02-25 20:00:00,Wednesday,20,0.103,2.493,0.226,0.000,0.246,0.000,3.068,
2026-02-25 21:00:00,Wednesday,21,0.106,2.523,0.099,0.000,0.242,0.000,2.970,
2026-02-25 22:00:00,Wednesday,22,0.126,2.175,0.118,0.000,0.147,0.000,2.566,
2026-02-25 23:00:00,Wednesday,23,0.102,2.198,0.000,0.000,0.000,0.000,2.300,
2026-02-26 00:00:00,Thursday,0,0.141,1.837,0.000,0.000,0.000,0.000,1.978,
2026-02-26 01:00:00,Thursday,1,0.106,1.874,0.000,0.000,0.000,0.000,1.980,
2026-02-26 02:00:00,Thursday,2,0.134,1.894,0.000,0.000,0.000,0.000,2.028,
2026-02-26 03:00:00,Thursday,3,0.109,1.783,0.000,0.000,0.000,0.000,1.892,
2026-02-26 04:00:00,Thursday,4,0.122,1.820,0.000,0.000,0.000,0.000,1.942,
2026-02-26 05:00:00,Thursday,5,0.114,1.754,0.000,0.000,0.000,0.000,1.868,
2026-02-26 06:00:00,Thursday,6,0.127,1.760,0.086,0.431,0.000,0.000,2.404,
2026-02-26 07:00:00,Thursday,7,0.123,2.186,0.070,0.383,0.000,0.000,2.762,
2026-02-26 08:00:00,Thursday,8,0.114,1.965,0.000,0.133,0.000,0.000,2.212,
2026-02-26 09:00:00,Thursday,9,0.124,1.964,0.000,0.000,0.102,0.000,2.190,
2026-02-26 10:00:00,Thursday,10,0.120,1.957,0.000,0.000,0.074,0.000,2.151,
2026-02-26 11:00:00,Thursday,11,0.116,1.816,0.000,0.000,0.094,0.000,2.026,
2026-02-26 12:00:00,Thursday,12,0.104,1.733,0.000,0.621,0.087,0.000,2.545,
2026-02-26 13:00:00,Thursday,13,0.111,1.514,0.000,0.000,0.066,0.000,1.691,
2026-02-26 14:00:00,Thursday,14,0.094,1.298,0.000,0.000,0.105,0.000,1.497,
2026-02-26 15:00:00,Thursday,15,0.106,1.462,0.000,0.000,0.102,0.000,1.670,
2026-02-26 16:00:00,Thursday,16,0.096,1.046,0.000,0.000,0.191,0.000,1.333,
2026-02-26 17:00:00,Thursday,17,0.090,1.090,0.195,1.377,0.144,0.000,2.896,goście
2026-02-26 18:00:00,Thursday,18,0.101,1.318,0.105,0.000,0.263,0.000,1.787,goście
2026-02-26 19:00:00,Thursday,19,0.105,1.338,0.150,0.000,0.279,0.000,1.872,goście
2026-02-26 20:00:00,Thursday,20,0.119,1.138,0.123,0.000,0.228,0.000,1.608,goście
2026-02-26 21:00:00,Thursday,21,0.117,1.274,0.164,0.000,0.270,0.000,1.825,goście
2026-02-26 22:00:00,Thursday,22,0.114,1.154,0.057,0.000,0.163,0.000,1.488,
2026-02-26 23:00:00,Thursday,23,0.108,1.148,0.000,0.000,0.000,0.000,1.256,
2026-02-27 00:00:00,Friday,0,0.121,1.014,0.000,0.000,0.000,0.000,1.135,
2026-02-27 01:00:00,Friday,1,0.114,1.107,0.000,0.000,0.000,0.000,1.221,
2026-02-27 02:00:00,Friday,2,0.094,1.088,0.000,0.000,0.000,0.000,1.182,
2026-02-27 03:00:00,Friday,3,0.102,1.306,0.000,0.000,0.000,0.000,1.408,
2026-02-27 04:00:00,Friday,4,0.102,1.399,0.000,0.000,0.000,0.000,1.501,
2026-02-27 05:00:00,Friday,5,0.119,1.414,0.000,0.000,0.000,0.000,1.533,
2026-02-27 06:00:00,Friday,6,0.106,1.550,0.122,0.374,0.000,0.000,2.152,
2026-02-27 07:00:00,Friday,7,0.102,1.519,0.061,0.259,0.000,0.000,1.941,
2026-02-27 08:00:00,Friday,8,0.105,1.348,0.000,0.156,0.000,0.000,1.609,
2026-02-27 09:00:00,Friday,9,0.088,1.565,0.000,0.000,0.098,0.000,1.751,
2026-02-27 10:00:00,Friday,10,0.115,1.546,0.000,0.000,0.108,0.000,1.769,
2026-02-27 11:00:00,Friday,11,0.106,1.444,0.000,0.000,0.108,0.000,1.658,
2026-02-27 12:00:00,Friday,12,0.102,1.338,0.000,0.434,0.088,0.000,1.962,
2026-02-27 13:00:00,Friday,13,0.125,1.182,0.000,0.000,0.090,0.000,1.397,
2026-02-27 14:00:00,Friday,14,0.114,1.102,0.000,0.000,0.189,0.659,2.064,pralka
2026-02-27 15:00:00,Friday,15,0.124,1.100,0.000,0.000,0.131,1.815,3.170,suszarka
2026-02-27 16:00:00,Friday,16,0.102,1.095,0.000,0.000,0.114,0.000,1.311,
2026-02-27 17:00:00,Friday,17,0.118,0.982,0.127,0.000,0.221,0.000,1.448,
2026-02-27 18:00:00,Friday,18,0.114,1.096,0.082,0.806,0.255,0.000,2.353,
2026-02-27 19:00:00,Friday,19,0.092,1.364,0.150,0.000,0.134,0.000,1.740,
2026-02-27 20:00:00,Friday,20,0.122,1.066,0.146,0.000,0.230,0.925,2.489,zmywarka
2026-02-27 21:00:00,Friday,21,0.098,1.255,0.222,0.000,0.255,0.000,1.830,
2026-02-27 22:00:00,Friday,22,0.102,1.259,0.048,0.000,0.200,0.000,1.609,
2026-02-27 23:00:00,Friday,23,0.137,1.206,0.000,0.000,0.000,0.000,1.343,
2026-02-28 00:00:00,Saturday,0,0.118,1.497,0.000,0.000,0.000,0.000,1.615,
2026-02-28 01:00:00,Saturday,1,0.117,1.297,0.000,0.000,0.000,0.000,1.414,
2026-02-28 02:00:00,Saturday,2,0.126,1.445,0.000,0.000,0.000,0.000,1.571,
2026-02-28 03:00:00,Saturday,3,0.131,1.543,0.000,0.000,0.000,0.000,1.674,
2026-02-28 04:00:00,Saturday,4,0.092,1.421,0.000,0.000,0.000,0.000,1.513,
2026-02-28 05:00:00,Saturday,5,0.106,1.663,0.000,0.000,0.000,0.000,1.769,
2026-02-28 06:00:00,Saturday,6,0.102,1.729,0.136,0.346,0.000,0.000,2.313,
2026-02-28 07:00:00,Saturday,7,0.096,1.861,0.105,0.370,0.000,0.000,2.432,
2026-02-28 08:00:00,Saturday,8,0.128,1.426,0.000,0.154,0.000,0.000,1.708,
2026-02-28 09:00:00,Saturday,9,0.097,1.562,0.000,0.000,0.198,0.000,1.857,
2026-02-28 10:00:00,Saturday,10,0.102,1.400,0.000,0.000,0.100,0.000,1.602,
2026-02-28 11:00:00,Saturday,11,0.099,1.483,0.000,0.000,0.110,0.738,2.430,pralka
2026-02-28 12:00:00,Saturday,12,0.124,1.410,0.000,0.922,0.044,1.351,3.851,suszarka
2026-02-28 13:00:00,Saturday,13,0.104,1.142,0.000,0.000,0.104,0.000,1.350,
2026-02-28 14:00:00,Saturday,14,0.104,1.525,0.000,0.000,0.149,0.000,1.778,
2026-02-28 15:00:00,Saturday,15,0.100,1.514,0.000,0.000,0.174,0.000,1.788,
2026-02-28 16:00:00,Saturday,16,0.116,1.430,0.000,0.000,0.197,0.000,1.743,
2026-02-28 17:00:00,Saturday,17,0.098,1.184,0.135,0.581,0.152,0.000,2.150,
2026-02-28 18:00:00,Saturday,18,0.096,1.106,0.126,0.000,0.137,0.000,1.465,
2026-02-28 19:00:00,Saturday,19,0.095,1.333,0.098,0.000,0.245,0.000,1.771,
2026-02-28 20:00:00,Saturday,20,0.106,1.352,0.239,0.000,0.249,0.000,1.946,
2026-02-28 21:00:00,Saturday,21,0.123,1.413,0.188,0.000,0.121,0.000,1.845,
2026-02-28 22:00:00,Saturday,22,0.105,1.193,0.118,0.000,0.271,0.000,1.687,
2026-02-28 23:00:00,Saturday,23,0.130,1.162,0.000,0.000,0.000,0.000,1.292,
2026-03-01 00:00:00,Sunday,0,0.095,1.389,0.000,0.000,0.000,0.000,1.484,
2026-03-01 01:00:00,Sunday,1,0.135,1.226,0.000,0.000,0.000,0.000,1.361,
2026-03-01 02:00:00,Sunday,2,0.106,1.361,0.000,0.000,0.000,0.000,1.467,
2026-03-01 03:00:00,Sunday,3,0.126,1.330,0.000,0.000,0.000,0.000,1.456,
2026-03-01 04:00:00,Sunday,4,0.115,1.490,0.000,0.000,0.000,0.000,1.605,
2026-03-01 05:00:00,Sunday,5,0.108,1.550,0.000,0.000,0.000,0.000,1.658,
2026-03-01 06:00:00,Sunday,6,0.092,2.016,0.148,0.339,0.000,0.000,2.595,
2026-03-01 07:00:00,Sunday,7,0.090,2.020,0.000,0.409,0.000,0.000,2.519,
2026-03-01 08:00:00,Sunday,8,0.112,2.235,0.000,0.282,0.000,0.000,2.629,
2026-03-01 09:00:00,Sunday,9,0.117,1.802,0.000,0.000,0.042,0.000,1.961,
2026-03-01 10:00:00,Sunday,10,0.127,2.188,0.000,0.000,0.059,0.000,2.374,
2026-03-01 11:00:00,Sunday,11,0.122,2.008,0.000,0.000,0.170,0.000,2.300,
2026-03-01 12:00:00,Sunday,12,0.122,1.788,0.000,0.582,0.134,0.000,2.626,
2026-03-01 13:00:00,Sunday,13,0.125,1.694,0.000,0.000,0.190,0.000,2.009,
2026-03-01 14:00:00,Sunday,14,0.114,1.586,0.000,0.000,0.138,0.668,2.506,zmywarka
2026-03-01 15:00:00,Sunday,15,0.097,1.261,0.000,0.000,0.127,0.000,1.485,
2026-03-01 16:00:00,Sunday,16,0.123,1.510,0.000,0.000,0.085,0.000,1.718,
2026-03-01 17:00:00,Sunday,17,0.102,1.718,0.000,0.000,0.270,0.000,2.090,
2026-03-01 18:00:00,Sunday,18,0.098,1.590,0.155,0.668,0.131,0.000,2.642,
2026-03-01 19:00:00,Sunday,19,0.095,1.494,0.185,0.000,0.262,0.000,2.036,
2026-03-01 20:00:00,Sunday,20,0.125,1.807,0.192,0.000,0.278,0.000,2.402,
2026-03-01 21:00:00,Sunday,21,0.105,1.586,0.158,0.000,0.162,0.000,2.011,
2026-03-01 22:00:00,Sunday,22,0.111,1.761,0.063,0.000,0.140,0.000,2.075,
2026-03-01 23:00:00,Sunday,23,0.102,1.731,0.000,0.000,0.000,0.000,1.833,
2026-03-02 00:00:00,Monday,0,0.109,1.424,0.000,0.000,0.000,0.000,1.533,
2026-03-02 01:00:00,Monday,1,0.134,1.676,0.000,0.000,0.000,0.000,1.810,
2026-03-02 02:00:00,Monday,2,0.114,1.410,0.000,0.000,0.000,0.000,1.524,
2026-03-02 03:00:00,Monday,3,0.126,1.423,0.000,0.000,0.000,0.000,1.549,
2026-03-02 04:00:00,Monday,4,0.107,1.692,0.000,0.000,0.000,0.000,1.799,
2026-03-02 05:00:00,Monday,5,0.104,1.331,0.000,0.000,0.000,0.000,1.435,
2026-03-02 06:00:00,Monday,6,0.094,1.483,0.073,0.266,0.000,0.000,1.916,
2026-03-02 07:00:00,Monday,7,0.112,1.603,0.000,0.334,0.000,0.000,2.049,
2026-03-02 08:00:00,Monday,8,0.093,1.684,0.000,0.422,0.000,0.000,2.199,
2026-03-02 09:00:00,Monday,9,0.115,1.736,0.000,0.000,0.089,0.000,1.940,
2026-03-02 10:00:00,Monday,10,0.103,1.634,0.000,0.000,0.080,0.000,1.817,
2026-03-02 11:00:00,Monday,11,0.122,1.724,0.000,0.000,0.102,0.000,1.948,
2026-03-02 12:00:00,Monday,12,0.096,1.624,0.000,0.282,0.082,0.000,2.084,
2026-03-02 13:00:00,Monday,13,0.098,1.338,0.000,0.000,0.107,0.000,1.543,
2026-03-02 14:00:00,Monday,14,0.107,1.293,0.000,0.000,0.095,0.000,1.495,
2026-03-02 15:00:00,Monday,15,0.104,1.331,0.000,0.000,0.194,0.000,1.629,
2026-03-02 16:00:00,Monday,16,0.121,1.125,0.000,0.000,0.126,0.000,1.372,
2026-03-02 17:00:00,Monday,17,0.126,1.267,0.000,1.251,0.141,0.000,2.785,
2026-03-02 18:00:00,Monday,18,0.109,1.462,0.115,0.000,0.186,0.000,1.872,
2026-03-02 19:00:00,Monday,19,0.109,1.674,0.085,0.000,0.184,0.838,2.890,zmywarka
2026-03-02 20:00:00,Monday,20,0.124,1.883,0.220,0.000,0.201,0.000,2.428,
2026-03-02 21:00:00,Monday,21,0.122,1.862,0.212,0.000,0.132,0.000,2.328,
2026-03-02 22:00:00,Monday,22,0.099,1.566,0.046,0.000,0.122,0.000,1.833,
2026-03-02 23:00:00,Monday,23,0.122,1.370,0.000,0.000,0.000,0.000,1.492,
2026-03-03 00:00:00,Tuesday,0,0.130,1.779,0.000,0.000,0.000,0.000,1.909,
2026-03-03 01:00:00,Tuesday,1,0.122,1.843,0.000,0.000,0.000,0.000,1.965,
2026-03-03 02:00:00,Tuesday,2,0.095,1.685,0.000,0.000,0.000,0.000,1.780,
2026-03-03 03:00:00,Tuesday,3,0.123,1.901,0.000,0.000,0.000,0.000,2.024,
2026-03-03 04:00:00,Tuesday,4,0.094,1.495,0.000,0.000,0.000,0.000,1.589,
2026-03-03 05:00:00,Tuesday,5,0.112,1.909,0.000,0.000,0.000,0.000,2.021,
2026-03-03 06:00:00,Tuesday,6,0.122,1.661,0.120,0.285,0.000,0.000,2.188,
2026-03-03 07:00:00,Tuesday,7,0.126,2.168,0.000,0.306,0.000,0.000,2.600,
2026-03-03 08:00:00,Tuesday,8,0.104,1.733,0.000,0.288,0.000,0.000,2.125,
2026-03-03 09:00:00,Tuesday,9,0.110,1.878,0.000,0.000,0.108,0.000,2.096,
2026-03-03 10:00:00,Tuesday,10,0.119,1.610,0.000,0.000,0.116,0.589,2.434,pralka
2026-03-03 11:00:00,Tuesday,11,0.102,1.450,0.000,0.000,0.065,1.425,3.042,suszarka
2026-03-03 12:00:00,Tuesday,12,0.110,1.100,0.000,0.000,0.068,0.000,1.278,
2026-03-03 13:00:00,Tuesday,13,0.126,1.158,0.000,0.699,0.072,0.000,2.055,
2026-03-03 14:00:00,Tuesday,14,0.105,0.986,0.000,0.000,0.168,0.000,1.259,
2026-03-03 15:00:00,Tuesday,15,0.102,0.761,0.000,0.000,0.143,0.000,1.006,
2026-03-03 16:00:00,Tuesday,16,0.108,1.017,0.000,0.000,0.188,0.000,1.313,
2026-03-03 17:00:00,Tuesday,17,0.090,1.173,0.000,0.500,0.229,0.000,1.992,
2026-03-03 18:00:00,Tuesday,18,0.101,1.387,0.173,0.000,0.213,0.000,1.874,
2026-03-03 19:00:00,Tuesday,19,0.118,1.322,0.225,0.000,0.274,0.000,1.939,
2026-03-03 20:00:00,Tuesday,20,0.103,1.726,0.213,0.000,0.261,0.892,3.195,zmywarka
2026-03-03 21:00:00,Tuesday,21,0.114,1.846,0.106,0.000,0.257,0.000,2.323,
2026-03-03 22:00:00,Tuesday,22,0.117,1.397,0.109,0.000,0.188,0.000,1.811,
2026-03-03 23:00:00,Tuesday,23,0.122,1.678,0.000,0.000,0.000,0.000,1.800,
2026-03-04 00:00:00,Wednesday,0,0.117,1.934,0.000,0.000,0.000,0.000,2.051,
2026-03-04 01:00:00,Wednesday,1,0.106,2.002,0.000,0.000,0.000,0.000,2.108,
2026-03-04 02:00:00,Wednesday,2,0.103,1.748,0.000,0.000,0.000,0.000,1.851,
2026-03-04 03:00:00,Wednesday,3,0.092,1.983,0.000,0.000,0.000,0.000,2.075,
2026-03-04 04:00:00,Wednesday,4,0.141,1.692,0.000,0.000,0.000,0.000,1.833,
2026-03-04 05:00:00,Wednesday,5,0.138,2.135,0.000,0.000,0.000,0.000,2.273,
2026-03-04 06:00:00,Wednesday,6,0.103,2.213,0.141,0.363,0.000,0.000,2.820,
2026-03-04 07:00:00,Wednesday,7,0.122,2.381,0.000,0.347,0.000,0.000,2.850,
2026-03-04 08:00:00,Wednesday,8,0.112,2.262,0.000,0.168,0.000,0.000,2.542,
2026-03-04 09:00:00,Wednesday,9,0.112,2.305,0.000,0.000,0.070,0.000,2.487,
2026-03-04 10:00:00,Wednesday,10,0.126,2.174,0.000,0.000,0.114,0.606,3.020,pralka
2026-03-04 11:00:00,Wednesday,11,0.109,1.490,0.000,0.000,0.096,1.212,2.907,suszarka
2026-03-04 12:00:00,Wednesday,12,0.097,1.804,0.000,0.500,0.114,0.000,2.515,
2026-03-04 13:00:00,Wednesday,13,0.092,1.458,0.000,0.000,0.076,0.000,1.626,
2026-03-04 14:00:00,Wednesday,14,0.091,1.451,0.000,0.000,0.146,0.000,1.688,
2026-03-04 15:00:00,Wednesday,15,0.101,1.277,0.000,0.000,0.190,0.000,1.568,
2026-03-04 16:00:00,Wednesday,16,0.104,1.371,0.000,0.000,0.112,0.000,1.587,
2026-03-04 17:00:00,Wednesday,17,0.094,1.410,0.000,0.578,0.190,0.000,2.272,
2026-03-04 18:00:00,Wednesday,18,0.108,1.436,0.097,0.000,0.218,0.000,1.859,
2026-03-04 19:00:00,Wednesday,19,0.102,1.734,0.183,0.000,0.263,0.000,2.282,
2026-03-04 20:00:00,Wednesday,20,0.102,1.618,0.216,0.000,0.148,0.674,2.758,zmywarka
2026-03-04 21:00:00,Wednesday,21,0.116,1.902,0.154,0.000,0.143,0.000,2.315,
2026-03-04 22:00:00,Wednesday,22,0.098,1.675,0.058,0.000,0.140,0.000,1.971,
2026-03-04 23:00:00,Wednesday,23,0.103,1.601,0.000,0.000,0.000,0.000,1.704,
2026-03-05 00:00:00,Thursday,0,0.098,1.821,0.000,0.000,0.000,0.000,1.919,
2026-03-05 01:00:00,Thursday,1,0.096,1.786,0.000,0.000,0.000,0.000,1.882,
2026-03-05 02:00:00,Thursday,2,0.136,2.173,0.000,0.000,0.000,0.000,2.309,
2026-03-05 03:00:00,Thursday,3,0.114,1.941,0.000,0.000,0.000,0.000,2.055,
2026-03-05 04:00:00,Thursday,4,0.126,2.130,0.000,0.000,0.000,0.000,2.256,
2026-03-05 05:00:00,Thursday,5,0.100,2.941,0.000,0.000,0.000,0.000,3.041,
2026-03-05 06:00:00,Thursday,6,0.117,2.350,0.105,0.442,0.000,0.000,3.014,
2026-03-05 07:00:00,Thursday,7,0.127,2.333,0.000,0.386,0.000,0.000,2.846,
2026-03-05 08:00:00,Thursday,8,0.100,3.042,0.000,0.290,0.000,0.000,3.432,
2026-03-05 09:00:00,Thursday,9,0.122,2.594,0.000,0.000,0.112,0.000,2.828,
2026-03-05 10:00:00,Thursday,10,0.120,2.142,0.000,0.000,0.104,0.000,2.366,
2026-03-05 11:00:00,Thursday,11,0.095,2.252,0.000,0.000,0.086,0.000,2.433,
2026-03-05 12:00:00,Thursday,12,0.089,2.213,0.000,0.674,0.109,0.000,3.085,
2026-03-05 13:00:00,Thursday,13,0.089,2.093,0.000,0.000,0.092,0.000,2.274,
2026-03-05 14:00:00,Thursday,14,0.126,1.762,0.000,0.000,0.193,0.000,2.081,
2026-03-05 15:00:00,Thursday,15,0.118,2.315,0.000,0.000,0.131,0.000,2.564,
2026-03-05 16:00:00,Thursday,16,0.094,2.261,0.000,0.000,0.168,0.000,2.523,
2026-03-05 17:00:00,Thursday,17,0.096,2.470,0.000,0.000,0.231,0.000,2.797,
2026-03-05 18:00:00,Thursday,18,0.090,2.221,0.220,0.622,0.130,0.000,3.283,
2026-03-05 19:00:00,Thursday,19,0.109,2.515,0.186,0.000,0.257,0.000,3.067,
2026-03-05 20:00:00,Thursday,20,0.093,2.413,0.191,0.000,0.267,0.882,3.846,zmywarka
2026-03-05 21:00:00,Thursday,21,0.098,2.690,0.137,0.000,0.152,0.000,3.077,
2026-03-05 22:00:00,Thursday,22,0.108,2.130,0.046,0.000,0.277,0.000,2.561,
2026-03-05 23:00:00,Thursday,23,0.114,2.508,0.000,0.000,0.000,0.000,2.622,
2026-03-06 00:00:00,Friday,0,0.115,2.057,0.000,0.000,0.000,0.000,2.172,
2026-03-06 01:00:00,Friday,1,0.135,2.247,0.000,0.000,0.000,0.000,2.382,
2026-03-06 02:00:00,Friday,2,0.128,2.416,0.000,0.000,0.000,0.000,2.544,
2026-03-06 03:00:00,Friday,3,0.123,1.898,0.000,0.000,0.000,0.000,2.021,
2026-03-06 04:00:00,Friday,4,0.094,2.220,0.000,0.000,0.000,0.000,2.314,
2026-03-06 05:00:00,Friday,5,0.146,2.161,0.000,0.000,0.000,0.000,2.307,
2026-03-06 06:00:00,Friday,6,0.101,1.962,0.156,0.282,0.000,0.000,2.501,
2026-03-06 07:00:00,Friday,7,0.092,2.208,0.000,0.310,0.000,0.000,2.610,
2026-03-06 08:00:00,Friday,8,0.127,2.086,0.000,0.394,0.000,0.000,2.607,
2026-03-06 09:00:00,Friday,9,0.098,2.253,0.000,0.000,0.182,0.718,3.251,praca zdalna; pralka
2026-03-06 10:00:00,Friday,10,0.104,2.311,0.000,0.000,0.160,1.968,4.543,praca zdalna; suszarka
2026-03-06 11:00:00,Friday,11,0.094,1.714,0.000,0.000,0.242,0.000,2.050,praca zdalna
2026-03-06 12:00:00,Friday,12,0.096,1.954,0.000,0.000,0.226,0.000,2.276,praca zdalna
2026-03-06 13:00:00,Friday,13,0.096,1.989,0.000,0.322,0.208,0.000,2.615,praca zdalna
2026-03-06 14:00:00,Friday,14,0.090,1.536,0.000,0.000,0.305,0.000,1.931,praca zdalna
2026-03-06 15:00:00,Friday,15,0.126,1.690,0.000,0.000,0.224,0.000,2.040,praca zdalna
2026-03-06 16:00:00,Friday,16,0.124,1.538,0.000,0.000,0.257,0.000,1.919,praca zdalna
2026-03-06 17:00:00,Friday,17,0.120,1.759,0.000,1.396,0.270,0.000,3.545,
2026-03-06 18:00:00,Friday,18,0.124,1.500,0.126,0.000,0.267,0.000,2.017,
2026-03-06 19:00:00,Friday,19,0.118,2.090,0.097,0.000,0.164,0.860,3.329,zmywarka
2026-03-06 20:00:00,Friday,20,0.119,1.965,0.173,0.000,0.230,0.000,2.487,
2026-03-06 21:00:00,Friday,21,0.128,1.846,0.160,0.000,0.144,0.000,2.278,
2026-03-06 22:00:00,Friday,22,0.120,1.913,0.086,0.000,0.172,0.000,2.291,
2026-03-06 23:00:00,Friday,23,0.113,1.674,0.000,0.000,0.000,0.000,1.787,
2026-03-07 00:00:00,Saturday,0,0.114,1.598,0.000,0.000,0.000,0.000,1.712,
2026-03-07 01:00:00,Saturday,1,0.107,1.889,0.000,0.000,0.000,0.000,1.996,
2026-03-07 02:00:00,Saturday,2,0.110,1.773,0.000,0.000,0.000,0.000,1.883,
2026-03-07 03:00:00,Saturday,3,0.091,2.271,0.000,0.000,0.000,0.000,2.362,
2026-03-07 04:00:00,Saturday,4,0.098,2.335,0.000,0.000,0.000,0.000,2.433,
2026-03-07 05:00:00,Saturday,5,0.110,2.472,0.000,0.000,0.000,0.000,2.582,
2026-03-07 06:00:00,Saturday,6,0.093,2.380,0.098,0.415,0.000,0.000,2.986,
2026-03-07 07:00:00,Saturday,7,0.104,2.175,0.000,0.314,0.000,0.000,2.593,
2026-03-07 08:00:00,Saturday,8,0.101,2.367,0.000,0.377,0.000,0.000,2.845,
2026-03-07 09:00:00,Saturday,9,0.106,1.934,0.000,0.000,0.132,0.000,2.172,
2026-03-07 10:00:00,Saturday,10,0.119,2.289,0.000,0.000,0.084,0.793,3.285,pralka
2026-03-07 11:00:00,Saturday,11,0.113,2.063,0.000,0.000,0.195,0.000,2.371,
2026-03-07 12:00:00,Saturday,12,0.118,1.856,0.000,0.288,0.150,0.000,2.412,
2026-03-07 13:00:00,Saturday,13,0.110,1.494,0.000,0.000,0.184,0.834,2.622,zmywarka
2026-03-07 14:00:00,Saturday,14,0.101,1.751,0.000,0.000,0.100,0.000,1.952,
2026-03-07 15:00:00,Saturday,15,0.111,1.478,0.000,0.000,0.142,0.000,1.731,
2026-03-07 16:00:00,Saturday,16,0.109,1.650,0.000,0.000,0.163,0.000,1.922,
2026-03-07 17:00:00,Saturday,17,0.122,1.755,0.000,0.000,0.235,0.000,2.112,
2026-03-07 18:00:00,Saturday,18,0.128,1.555,0.186,0.673,0.219,0.000,2.761,
2026-03-07 19:00:00,Saturday,19,0.110,1.987,0.086,0.000,0.205,0.000,2.388,
2026-03-07 20:00:00,Saturday,20,0.106,1.493,0.110,0.000,0.212,0.000,1.921,
2026-03-07 21:00:00,Saturday,21,0.090,1.569,0.122,0.000,0.134,0.000,1.915,
2026-03-07 22:00:00,Saturday,22,0.112,1.843,0.108,0.000,0.178,0.000,2.241,
2026-03-07 23:00:00,Saturday,23,0.096,1.939,0.000,0.000,0.000,0.000,2.035,
2026-03-08 00:00:00,Sunday,0,0.122,1.707,0.000,0.000,0.000,0.000,1.829,
2026-03-08 01:00:00,Sunday,1,0.097,1.646,0.000,0.000,0.000,0.000,1.743,
2026-03-08 02:00:00,Sunday,2,0.123,1.564,0.000,0.000,0.000,0.000,1.687,
2026-03-08 03:00:00,Sunday,3,0.121,1.477,0.000,0.000,0.000,0.000,1.598,
2026-03-08 04:00:00,Sunday,4,0.120,1.900,0.000,0.000,0.000,0.000,2.020,
2026-03-08 05:00:00,Sunday,5,0.125,1.520,0.000,0.000,0.000,0.000,1.645,
2026-03-08 06:00:00,Sunday,6,0.120,2.034,0.153,0.198,0.000,0.000,2.505,
2026-03-08 07:00:00,Sunday,7,0.121,1.690,0.000,0.282,0.000,0.000,2.093,
2026-03-08 08:00:00,Sunday,8,0.110,2.017,0.000,0.201,0.000,0.000,2.328,
2026-03-08 09:00:00,Sunday,9,0.096,1.592,0.000,0.000,0.149,0.000,1.837,
2026-03-08 10:00:00,Sunday,10,0.121,1.561,0.000,0.000,0.057,0.000,1.739,
2026-03-08 11:00:00,Sunday,11,0.117,1.623,0.000,0.000,0.166,0.000,1.906,
2026-03-08 12:00:00,Sunday,12,0.112,1.607,0.000,0.000,0.186,0.000,1.905,
2026-03-08 13:00:00,Sunday,13,0.128,1.707,0.000,0.965,0.133,0.943,3.876,zmywarka
2026-03-08 14:00:00,Sunday,14,0.125,1.682,0.000,0.000,0.101,0.000,1.908,
2026-03-08 15:00:00,Sunday,15,0.112,1.380,0.000,0.000,0.040,0.000,1.532,
2026-03-08 16:00:00,Sunday,16,0.095,1.475,0.000,0.000,0.062,0.000,1.632,
2026-03-08 17:00:00,Sunday,17,0.108,1.488,0.000,0.635,0.226,0.000,2.457,
2026-03-08 18:00:00,Sunday,18,0.092,1.687,0.146,0.000,0.177,0.000,2.102,
2026-03-08 19:00:00,Sunday,19,0.094,1.775,0.155,0.000,0.238,0.000,2.262,
2026-03-08 20:00:00,Sunday,20,0.104,1.441,0.235,0.000,0.134,0.000,1.914,
2026-03-08 21:00:00,Sunday,21,0.124,1.618,0.151,0.000,0.173,0.000,2.066,
2026-03-08 22:00:00,Sunday,22,0.104,1.666,0.084,0.000,0.137,0.000,1.991,
2026-03-08 23:00:00,Sunday,23,0.135,1.539,0.000,0.000,0.000,0.000,1.674,
2026-03-09 00:00:00,Monday,0,0.149,1.439,0.000,0.000,0.000,0.000,1.588,
2026-03-09 01:00:00,Monday,1,0.095,1.538,0.000,0.000,0.000,0.000,1.633,
2026-03-09 02:00:00,Monday,2,0.110,1.692,0.000,0.000,0.000,0.000,1.802,
2026-03-09 03:00:00,Monday,3,0.121,1.424,0.000,0.000,0.000,0.000,1.545,
2026-03-09 04:00:00,Monday,4,0.117,1.479,0.000,0.000,0.000,0.000,1.596,
2026-03-09 05:00:00,Monday,5,0.128,1.894,0.000,0.000,0.000,0.000,2.022,
2026-03-09 06:00:00,Monday,6,0.124,1.734,0.111,0.274,0.000,0.000,2.243,
2026-03-09 07:00:00,Monday,7,0.127,1.785,0.000,0.399,0.000,0.000,2.311,
2026-03-09 08:00:00,Monday,8,0.122,2.222,0.000,0.302,0.000,0.000,2.646,
2026-03-09 09:00:00,Monday,9,0.098,1.879,0.000,0.000,0.074,0.000,2.051,
2026-03-09 10:00:00,Monday,10,0.105,1.610,0.000,0.000,0.082,0.000,1.797,
2026-03-09 11:00:00,Monday,11,0.118,1.519,0.000,0.000,0.115,0.000,1.752,
2026-03-09 12:00:00,Monday,12,0.090,1.509,0.000,0.000,0.110,0.000,1.709,
2026-03-09 13:00:00,Monday,13,0.114,1.780,0.000,0.677,0.109,0.000,2.680,
2026-03-09 14:00:00,Monday,14,0.092,1.367,0.000,0.000,0.119,0.000,1.578,
2026-03-09 15:00:00,Monday,15,0.107,1.524,0.000,0.000,0.143,0.000,1.774,
2026-03-09 16:00:00,Monday,16,0.118,1.521,0.000,0.000,0.166,0.000,1.805,
2026-03-09 17:00:00,Monday,17,0.105,1.526,0.000,0.581,0.243,0.000,2.455,
2026-03-09 18:00:00,Monday,18,0.095,1.634,0.238,0.000,0.261,0.000,2.228,
2026-03-09 19:00:00,Monday,19,0.114,1.970,0.154,0.000,0.122,0.000,2.360,
2026-03-09 20:00:00,Monday,20,0.112,1.724,0.173,0.000,0.153,0.000,2.162,
2026-03-09 21:00:00,Monday,21,0.098,1.567,0.080,0.000,0.190,0.000,1.935,
2026-03-09 22:00:00,Monday,22,0.094,1.862,0.071,0.000,0.212,0.000,2.239,
2026-03-09 23:00:00,Monday,23,0.107,1.878,0.000,0.000,0.000,0.000,1.985,
2026-03-10 00:00:00,Tuesday,0,0.133,1.994,0.000,0.000,0.000,0.000,2.127,
2026-03-10 01:00:00,Tuesday,1,0.142,1.945,0.000,0.000,0.000,0.000,2.087,
2026-03-10 02:00:00,Tuesday,2,0.088,1.755,0.000,0.000,0.000,0.000,1.843,
2026-03-10 03:00:00,Tuesday,3,0.126,1.915,0.000,0.000,0.000,0.000,2.041,
2026-03-10 04:00:00,Tuesday,4,0.106,2.061,0.000,0.000,0.000,0.000,2.167,
2026-03-10 05:00:00,Tuesday,5,0.098,2.108,0.000,0.000,0.000,0.000,2.206,
2026-03-10 06:00:00,Tuesday,6,0.097,2.419,0.134,0.464,0.000,0.000,3.114,
2026-03-10 07:00:00,Tuesday,7,0.120,2.001,0.000,0.354,0.000,0.000,2.475,
2026-03-10 08:00:00,Tuesday,8,0.104,2.077,0.000,0.450,0.000,0.000,2.631,
2026-03-10 09:00:00,Tuesday,9,0.105,2.411,0.000,0.000,0.118,0.000,2.634,
2026-03-10 10:00:00,Tuesday,10,0.121,2.039,0.000,0.000,0.083,0.000,2.243,
2026-03-10 11:00:00,Tuesday,11,0.122,1.838,0.000,0.000,0.117,0.000,2.077,
2026-03-10 12:00:00,Tuesday,12,0.091,1.408,0.000,0.000,0.119,0.000,1.618,
2026-03-10 13:00:00,Tuesday,13,0.110,1.488,0.000,0.242,0.100,0.000,1.940,
2026-03-10 14:00:00,Tuesday,14,0.126,1.196,0.000,0.000,0.143,0.000,1.465,
2026-03-10 15:00:00,Tuesday,15,0.115,1.092,0.000,0.000,0.151,0.000,1.358,
2026-03-10 16:00:00,Tuesday,16,0.118,1.143,0.000,0.000,0.117,0.000,1.378,
2026-03-10 17:00:00,Tuesday,17,0.127,1.098,0.000,0.760,0.251,0.000,2.236,
2026-03-10 18:00:00,Tuesday,18,0.104,1.178,0.164,0.000,0.186,0.000,1.632,
2026-03-10 19:00:00,Tuesday,19,0.092,1.290,0.234,0.000,0.162,0.000,1.778,
2026-03-10 20:00:00,Tuesday,20,0.094,1.462,0.179,0.000,0.243,0.000,1.978,
2026-03-10 21:00:00,Tuesday,21,0.104,1.591,0.234,0.000,0.149,0.000,2.078,
2026-03-10 22:00:00,Tuesday,22,0.106,1.364,0.118,0.000,0.260,0.000,1.848,
2026-03-10 23:00:00,Tuesday,23,0.138,1.559,0.000,0.000,0.000,0.000,1.697,
2026-03-11 00:00:00,Wednesday,0,0.124,1.838,0.000,0.000,0.000,0.000,1.962,
2026-03-11 01:00:00,Wednesday,1,0.120,1.950,0.000,0.000,0.000,0.000,2.070,
2026-03-11 02:00:00,Wednesday,2,0.114,1.702,0.000,0.000,0.000,0.000,1.816,
2026-03-11 03:00:00,Wednesday,3,0.127,1.898,0.000,0.000,0.000,0.000,2.025,
2026-03-11 04:00:00,Wednesday,4,0.136,1.686,0.000,0.000,0.000,0.000,1.822,
2026-03-11 05:00:00,Wednesday,5,0.108,1.620,0.000,0.000,0.000,0.000,1.728,
2026-03-11 06:00:00,Wednesday,6,0.113,1.735,0.113,0.257,0.000,0.000,2.218,
2026-03-11 07:00:00,Wednesday,7,0.126,1.583,0.000,0.389,0.000,0.000,2.098,
2026-03-11 08:00:00,Wednesday,8,0.121,1.457,0.000,0.342,0.000,0.000,1.920,
2026-03-11 09:00:00,Wednesday,9,0.120,1.572,0.000,0.000,0.080,0.000,1.772,
2026-03-11 10:00:00,Wednesday,10,0.125,1.577,0.000,0.000,0.101,0.000,1.803,
2026-03-11 11:00:00,Wednesday,11,0.099,1.421,0.000,0.000,0.066,0.000,1.586,
2026-03-11 12:00:00,Wednesday,12,0.089,1.484,0.000,0.383,0.074,0.000,2.030,
2026-03-11 13:00:00,Wednesday,13,0.113,1.158,0.000,0.000,0.118,0.000,1.389,
2026-03-11 14:00:00,Wednesday,14,0.096,1.159,0.000,0.000,0.163,0.000,1.418,
2026-03-11 15:00:00,Wednesday,15,0.115,1.169,0.000,0.000,0.189,0.000,1.473,
2026-03-11 16:00:00,Wednesday,16,0.103,1.234,0.000,0.000,0.066,0.000,1.403,
2026-03-11 17:00:00,Wednesday,17,0.122,1.360,0.000,0.000,0.178,0.000,1.660,
2026-03-11 18:00:00,Wednesday,18,0.106,1.547,0.122,0.656,0.182,0.000,2.613,
2026-03-11 19:00:00,Wednesday,19,0.126,1.369,0.114,0.000,0.266,0.000,1.875,
2026-03-11 20:00:00,Wednesday,20,0.114,1.190,0.187,0.000,0.269,0.773,2.533,zmywarka
2026-03-11 21:00:00,Wednesday,21,0.095,1.234,0.184,0.000,0.163,0.000,1.676,
2026-03-11 22:00:00,Wednesday,22,0.108,1.254,0.069,0.000,0.161,0.000,1.592,
2026-03-11 23:00:00,Wednesday,23,0.098,1.258,0.000,0.000,0.000,0.000,1.356,
2026-03-12 00:00:00,Thursday,0,0.117,1.338,0.000,0.000,0.000,0.000,1.455,
2026-03-12 01:00:00,Thursday,1,0.108,1.166,0.000,0.000,0.000,0.000,1.274,
2026-03-12 02:00:00,Thursday,2,0.126,1.146,0.000,0.000,0.000,0.000,1.272,
2026-03-12 03:00:00,Thursday,3,0.092,1.621,0.000,0.000,0.000,0.000,1.713,
2026-03-12 04:00:00,Thursday,4,0.106,1.706,0.000,0.000,0.000,0.000,1.812,
2026-03-12 05:00:00,Thursday,5,0.139,1.792,0.000,0.000,0.000,0.000,1.931,
2026-03-12 06:00:00,Thursday,6,0.116,2.099,0.068,0.408,0.000,0.000,2.691,
2026-03-12 07:00:00,Thursday,7,0.090,2.030,0.000,0.253,0.000,0.000,2.373,
2026-03-12 08:00:00,Thursday,8,0.110,1.619,0.000,0.306,0.000,0.000,2.035,
2026-03-12 09:00:00,Thursday,9,0.114,2.052,0.000,0.000,0.118,0.000,2.284,
2026-03-12 10:00:00,Thursday,10,0.128,1.650,0.000,0.000,0.114,0.000,1.892,
2026-03-12 11:00:00,Thursday,11,0.098,1.354,0.000,0.000,0.066,0.000,1.518,
2026-03-12 12:00:00,Thursday,12,0.112,1.202,0.000,0.561,0.068,0.000,1.943,
2026-03-12 13:00:00,Thursday,13,0.122,1.455,0.000,0.000,0.104,0.000,1.681,
2026-03-12 14:00:00,Thursday,14,0.115,1.366,0.000,0.000,0.161,0.000,1.642,
2026-03-12 15:00:00,Thursday,15,0.101,1.374,0.000,0.000,0.174,0.000,1.649,
2026-03-12 16:00:00,Thursday,16,0.092,1.385,0.000,0.000,0.191,0.000,1.668,
2026-03-12 17:00:00,Thursday,17,0.115,1.414,0.000,0.789,0.189,0.000,2.507,
2026-03-12 18:00:00,Thursday,18,0.105,1.255,0.180,0.000,0.255,0.000,1.795,
2026-03-12 19:00:00,Thursday,19,0.098,1.562,0.165,0.000,0.210,0.000,2.035,
2026-03-12 20:00:00,Thursday,20,0.098,1.179,0.178,0.000,0.209,0.736,2.400,zmywarka
2026-03-12 21:00:00,Thursday,21,0.115,1.369,0.081,0.000,0.211,0.000,1.776,
2026-03-12 22:00:00,Thursday,22,0.123,1.140,0.106,0.000,0.200,0.000,1.569,
2026-03-12 23:00:00,Thursday,23,0.093,1.130,0.000,0.000,0.000,0.000,1.223,
2026-03-13 00:00:00,Friday,0,0.090,1.237,0.000,0.000,0.000,0.000,1.327,
2026-03-13 01:00:00,Friday,1,0.122,1.276,0.000,0.000,0.000,0.000,1.398,
2026-03-13 02:00:00,Friday,2,0.124,1.407,0.000,0.000,0.000,0.000,1.531,
2026-03-13 03:00:00,Friday,3,0.116,1.217,0.000,0.000,0.000,0.000,1.333,
2026-03-13 04:00:00,Friday,4,0.143,1.627,0.000,0.000,0.000,0.000,1.770,
2026-03-13 05:00:00,Friday,5,0.112,1.397,0.000,0.000,0.000,0.000,1.509,
2026-03-13 06:00:00,Friday,6,0.089,1.529,0.081,0.282,0.000,0.000,1.981,
2026-03-13 07:00:00,Friday,7,0.105,1.872,0.000,0.281,0.000,0.000,2.258,
2026-03-13 08:00:00,Friday,8,0.116,1.726,0.000,0.288,0.000,0.000,2.130,
2026-03-13 09:00:00,Friday,9,0.123,1.618,0.000,0.000,0.111,0.000,1.852,
2026-03-13 10:00:00,Friday,10,0.089,1.692,0.000,0.000,0.081,0.000,1.862,
2026-03-13 11:00:00,Friday,11,0.111,1.713,0.000,0.000,0.066,0.000,1.890,
2026-03-13 12:00:00,Friday,12,0.110,1.554,0.000,0.437,0.118,0.000,2.219,
2026-03-13 13:00:00,Friday,13,0.108,1.398,0.000,0.000,0.112,0.000,1.618,
2026-03-13 14:00:00,Friday,14,0.094,1.216,0.000,0.000,0.122,0.000,1.432,
2026-03-13 15:00:00,Friday,15,0.098,1.137,0.000,0.000,0.195,0.000,1.430,
2026-03-13 16:00:00,Friday,16,0.113,1.370,0.000,0.000,0.139,0.000,1.622,
2026-03-13 17:00:00,Friday,17,0.123,1.382,0.000,0.521,0.197,0.000,2.223,
2026-03-13 18:00:00,Friday,18,0.096,1.389,0.099,0.000,0.164,0.000,1.748,
2026-03-13 19:00:00,Friday,19,0.110,1.765,0.118,0.000,0.184,0.825,3.002,zmywarka
2026-03-13 20:00:00,Friday,20,0.104,1.551,0.194,0.000,0.159,0.000,2.008,
2026-03-13 21:00:00,Friday,21,0.093,1.760,0.207,0.000,0.273,0.000,2.333,
2026-03-13 22:00:00,Friday,22,0.121,1.762,0.088,0.000,0.266,0.000,2.237,
2026-03-13 23:00:00,Friday,23,0.116,1.847,0.000,0.000,0.000,0.000,1.963,
2026-03-14 00:00:00,Saturday,0,0.103,1.964,0.000,0.000,0.000,0.000,2.067,
2026-03-14 01:00:00,Saturday,1,0.123,2.006,0.000,0.000,0.000,0.000,2.129,
2026-03-14 02:00:00,Saturday,2,0.096,1.574,0.000,0.000,0.000,0.000,1.670,
2026-03-14 03:00:00,Saturday,3,0.111,2.030,0.000,0.000,0.000,0.000,2.141,
2026-03-14 04:00:00,Saturday,4,0.099,2.109,0.000,0.000,0.000,0.000,2.208,
2026-03-14 05:00:00,Saturday,5,0.089,1.642,0.000,0.000,0.000,0.000,1.731,
2026-03-14 06:00:00,Saturday,6,0.110,2.331,0.086,0.394,0.000,0.000,2.921,
2026-03-14 07:00:00,Saturday,7,0.118,2.202,0.000,0.277,0.000,0.000,2.597,
2026-03-14 08:00:00,Saturday,8,0.088,2.006,0.000,0.462,0.000,0.000,2.556,
2026-03-14 09:00:00,Saturday,9,0.117,1.999,0.000,0.000,0.071,0.000,2.187,
2026-03-14 10:00:00,Saturday,10,0.124,2.453,0.000,0.000,0.054,0.784,3.415,pralka
2026-03-14 11:00:00,Saturday,11,0.118,1.919,0.000,0.000,0.159,1.306,3.502,suszarka
2026-03-14 12:00:00,Saturday,12,0.123,2.214,0.000,0.000,0.062,0.000,2.399,
2026-03-14 13:00:00,Saturday,13,0.114,1.988,0.000,0.457,0.078,0.000,2.637,
2026-03-14 14:00:00,Saturday,14,0.093,2.114,0.000,0.000,0.184,0.691,3.082,zmywarka
2026-03-14 15:00:00,Saturday,15,0.121,2.005,0.000,0.000,0.179,0.000,2.305,
2026-03-14 16:00:00,Saturday,16,0.106,1.902,0.000,0.000,0.069,0.000,2.077,
2026-03-14 17:00:00,Saturday,17,0.119,1.643,0.000,1.443,0.223,0.000,3.428,goście
2026-03-14 18:00:00,Saturday,18,0.090,1.942,0.195,0.000,0.202,0.000,2.429,goście
2026-03-14 19:00:00,Saturday,19,0.125,1.929,0.117,0.000,0.267,0.000,2.438,goście
2026-03-14 20:00:00,Saturday,20,0.126,1.848,0.138,0.000,0.170,0.000,2.282,goście
2026-03-14 21:00:00,Saturday,21,0.127,1.941,0.226,0.000,0.271,0.000,2.565,goście
2026-03-14 22:00:00,Saturday,22,0.102,2.141,0.074,0.000,0.216,0.000,2.533,
2026-03-14 23:00:00,Saturday,23,0.098,1.904,0.000,0.000,0.000,0.000,2.002,
2026-03-15 00:00:00,Sunday,0,0.112,1.681,0.000,0.000,0.000,0.000,1.793,
2026-03-15 01:00:00,Sunday,1,0.089,1.833,0.000,0.000,0.000,0.000,1.922,
2026-03-15 02:00:00,Sunday,2,0.093,1.774,0.000,0.000,0.000,0.000,1.867,
2026-03-15 03:00:00,Sunday,3,0.142,1.572,0.000,0.000,0.000,0.000,1.714,
2026-03-15 04:00:00,Sunday,4,0.107,1.612,0.000,0.000,0.000,0.000,1.719,
2026-03-15 05:00:00,Sunday,5,0.118,1.811,0.000,0.000,0.000,0.000,1.929,
2026-03-15 06:00:00,Sunday,6,0.107,2.024,0.094,0.267,0.000,0.000,2.492,
2026-03-15 07:00:00,Sunday,7,0.109,2.033,0.000,0.369,0.000,0.000,2.511,
2026-03-15 08:00:00,Sunday,8,0.110,1.932,0.000,0.235,0.000,0.000,2.277,
2026-03-15 09:00:00,Sunday,9,0.125,1.894,0.000,0.000,0.189,0.000,2.208,
2026-03-15 10:00:00,Sunday,10,0.099,1.696,0.000,0.000,0.150,0.000,1.945,
2026-03-15 11:00:00,Sunday,11,0.103,1.419,0.000,0.000,0.176,0.000,1.698,
2026-03-15 12:00:00,Sunday,12,0.108,1.736,0.000,1.074,0.043,0.000,2.961,
2026-03-15 13:00:00,Sunday,13,0.091,1.618,0.000,0.000,0.130,0.670,2.509,zmywarka
2026-03-15 14:00:00,Sunday,14,0.097,1.398,0.000,0.000,0.057,0.000,1.552,
2026-03-15 15:00:00,Sunday,15,0.091,1.490,0.000,0.000,0.073,0.000,1.654,
2026-03-15 16:00:00,Sunday,16,0.093,1.422,0.000,0.000,0.146,0.000,1.661,
2026-03-15 17:00:00,Sunday,17,0.115,1.611,0.000,0.000,0.171,0.000,1.897,
2026-03-15 18:00:00,Sunday,18,0.100,1.568,0.156,1.111,0.266,0.000,3.201,
2026-03-15 19:00:00,Sunday,19,0.108,1.618,0.201,0.000,0.134,0.000,2.061,
2026-03-15 20:00:00,Sunday,20,0.126,2.064,0.156,0.000,0.210,0.000,2.556,
2026-03-15 21:00:00,Sunday,21,0.094,1.739,0.154,0.000,0.225,0.000,2.212,
2026-03-15 22:00:00,Sunday,22,0.114,1.974,0.078,0.000,0.160,0.000,2.326,
2026-03-15 23:00:00,Sunday,23,0.122,1.678,0.000,0.000,0.000,0.000,1.800,
2026-03-16 00:00:00,Monday,0,0.128,1.994,0.000,0.000,0.000,0.000,2.122,
2026-03-16 01:00:00,Monday,1,0.117,1.736,0.000,0.000,0.000,0.000,1.853,
2026-03-16 02:00:00,Monday,2,0.094,1.639,0.000,0.000,0.000,0.000,1.733,
2026-03-16 03:00:00,Monday,3,0.124,1.611,0.000,0.000,0.000,0.000,1.735,
2026-03-16 04:00:00,Monday,4,0.109,1.769,0.000,0.000,0.000,0.000,1.878,
2026-03-16 05:00:00,Monday,5,0.126,1.923,0.000,0.000,0.000,0.000,2.049,
2026-03-16 06:00:00,Monday,6,0.114,1.745,0.086,0.396,0.000,0.000,2.341,
2026-03-16 07:00:00,Monday,7,0.097,2.000,0.000,0.377,0.000,0.000,2.474,
2026-03-16 08:00:00,Monday,8,0.103,2.054,0.000,0.466,0.000,0.000,2.623,
2026-03-16 09:00:00,Monday,9,0.100,2.122,0.000,0.000,0.098,0.000,2.320,
2026-03-16 10:00:00,Monday,10,0.102,1.726,0.000,0.000,0.094,0.000,1.922,
2026-03-16 11:00:00,Monday,11,0.124,2.122,0.000,0.000,0.109,0.000,2.355,
2026-03-16 12:00:00,Monday,12,0.106,1.734,0.000,0.000,0.079,0.000,1.919,
2026-03-16 13:00:00,Monday,13,0.093,1.658,0.000,0.472,0.109,0.000,2.332,
2026-03-16 14:00:00,Monday,14,0.118,1.669,0.000,0.000,0.180,0.000,1.967,
2026-03-16 15:00:00,Monday,15,0.125,1.914,0.000,0.000,0.074,0.000,2.113,
2026-03-16 16:00:00,Monday,16,0.105,2.157,0.000,0.000,0.130,0.000,2.392,
2026-03-16 17:00:00,Monday,17,0.103,1.974,0.000,0.000,0.140,0.000,2.217,
2026-03-16 18:00:00,Monday,18,0.117,2.034,0.095,1.503,0.238,0.000,3.987,
2026-03-16 19:00:00,Monday,19,0.106,1.790,0.172,0.000,0.170,0.000,2.238,
2026-03-16 20:00:00,Monday,20,0.114,1.971,0.100,0.000,0.174,0.000,2.359,
2026-03-16 21:00:00,Monday,21,0.121,1.750,0.146,0.000,0.186,0.000,2.203,
2026-03-16 22:00:00,Monday,22,0.105,1.946,0.071,0.000,0.279,0.000,2.401,
2026-03-16 23:00:00,Monday,23,0.114,1.686,0.000,0.000,0.000,0.000,1.800,
2026-03-17 00:00:00,Tuesday,0,0.138,1.792,0.000,0.000,0.000,0.000,1.930,
2026-03-17 01:00:00,Tuesday,1,0.090,1.849,0.000,0.000,0.000,0.000,1.939,
2026-03-17 02:00:00,Tuesday,2,0.124,2.017,0.000,0.000,0.000,0.000,2.141,
2026-03-17 03:00:00,Tuesday,3,0.110,2.236,0.000,0.000,0.000,0.000,2.346,
2026-03-17 04:00:00,Tuesday,4,0.110,1.888,0.000,0.000,0.000,0.000,1.998,
2026-03-17 05:00:00,Tuesday,5,0.102,1.970,0.000,0.000,0.000,0.000,2.072,
2026-03-17 06:00:00,Tuesday,6,0.126,2.496,0.107,0.377,0.000,0.000,3.106,
2026-03-17 07:00:00,Tuesday,7,0.102,2.633,0.000,0.392,0.000,0.000,3.127,
2026-03-17 08:00:00,Tuesday,8,0.090,2.278,0.000,0.426,0.000,0.000,2.794,
2026-03-17 09:00:00,Tuesday,9,0.106,2.269,0.000,0.000,0.116,0.000,2.491,
2026-03-17 10:00:00,Tuesday,10,0.114,2.075,0.000,0.000,0.099,0.000,2.288,
2026-03-17 11:00:00,Tuesday,11,0.101,2.141,0.000,0.000,0.114,0.000,2.356,
2026-03-17 12:00:00,Tuesday,12,0.121,1.668,0.000,0.285,0.078,0.000,2.152,
2026-03-17 13:00:00,Tuesday,13,0.124,1.576,0.000,0.000,0.082,0.000,1.782,
2026-03-17 14:00:00,Tuesday,14,0.126,1.893,0.000,0.000,0.161,0.000,2.180,
2026-03-17 15:00:00,Tuesday,15,0.110,1.563,0.000,0.000,0.176,0.000,1.849,
2026-03-17 16:00:00,Tuesday,16,0.117,1.742,0.000,0.000,0.139,0.000,1.998,
2026-03-17 17:00:00,Tuesday,17,0.106,2.008,0.000,0.526,0.238,0.000,2.878,
2026-03-17 18:00:00,Tuesday,18,0.118,2.210,0.239,0.000,0.157,0.000,2.724,
2026-03-17 19:00:00,Tuesday,19,0.122,2.259,0.111,0.000,0.254,0.000,2.746,
2026-03-17 20:00:00,Tuesday,20,0.111,2.184,0.230,0.000,0.241,0.677,3.443,zmywarka
2026-03-17 21:00:00,Tuesday,21,0.105,1.923,0.190,0.000,0.266,0.000,2.484,
2026-03-17 22:00:00,Tuesday,22,0.109,1.894,0.050,0.000,0.132,0.000,2.185,
2026-03-17 23:00:00,Tuesday,23,0.134,1.856,0.000,0.000,0.000,0.000,1.990,
2026-03-18 00:00:00,Wednesday,0,0.097,1.994,0.000,0.000,0.000,0.000,2.091,
2026-03-18 01:00:00,Wednesday,1,0.108,2.084,0.000,0.000,0.000,0.000,2.192,
2026-03-18 02:00:00,Wednesday,2,0.124,1.751,0.000,0.000,0.000,0.000,1.875,
2026-03-18 03:00:00,Wednesday,3,0.088,2.183,0.000,0.000,0.000,0.000,2.271,
2026-03-18 04:00:00,Wednesday,4,0.122,2.030,0.000,0.000,0.000,0.000,2.152,
2026-03-18 05:00:00,Wednesday,5,0.119,1.852,0.000,0.000,0.000,0.000,1.971,
2026-03-18 06:00:00,Wednesday,6,0.097,2.132,0.134,0.422,0.000,0.000,2.785,
2026-03-18 07:00:00,Wednesday,7,0.091,1.716,0.000,0.310,0.000,0.000,2.117,
2026-03-18 08:00:00,Wednesday,8,0.120,2.222,0.000,0.327,0.000,0.000,2.669,
2026-03-18 09:00:00,Wednesday,9,0.090,2.126,0.000,0.000,0.090,0.000,2.306,
2026-03-18 10:00:00,Wednesday,10,0.102,1.678,0.000,0.000,0.118,0.000,1.898,
2026-03-18 11:00:00,Wednesday,11,0.126,1.486,0.000,0.000,0.075,0.000,1.687,
2026-03-18 12:00:00,Wednesday,12,0.124,1.559,0.000,0.000,0.082,0.000,1.765,
2026-03-18 13:00:00,Wednesday,13,0.112,1.818,0.000,0.245,0.079,0.000,2.254,
2026-03-18 14:00:00,Wednesday,14,0.114,1.798,0.000,0.000,0.150,0.000,2.062,
2026-03-18 15:00:00,Wednesday,15,0.114,1.522,0.000,0.000,0.131,0.000,1.767,
2026-03-18 16:00:00,Wednesday,16,0.089,1.378,0.000,0.000,0.194,0.000,1.661,
2026-03-18 17:00:00,Wednesday,17,0.121,1.522,0.000,0.000,0.197,0.000,1.840,
2026-03-18 18:00:00,Wednesday,18,0.090,1.690,0.149,1.159,0.174,0.000,3.262,
2026-03-18 19:00:00,Wednesday,19,0.120,1.704,0.170,0.000,0.189,0.664,2.847,zmywarka
2026-03-18 20:00:00,Wednesday,20,0.114,1.536,0.115,0.000,0.122,0.000,1.887,
2026-03-18 21:00:00,Wednesday,21,0.099,1.636,0.230,0.000,0.225,0.000,2.190,
2026-03-18 22:00:00,Wednesday,22,0.119,1.380,0.118,0.000,0.250,0.000,1.867,
2026-03-18 23:00:00,Wednesday,23,0.111,1.396,0.000,0.000,0.000,0.000,1.507,
2026-03-19 00:00:00,Thursday,0,0.128,1.530,0.000,0.000,0.000,0.000,1.658,
2026-03-19 01:00:00,Thursday,1,0.118,1.451,0.000,0.000,0.000,0.000,1.569,
2026-03-19 02:00:00,Thursday,2,0.091,1.527,0.000,0.000,0.000,0.000,1.618,
2026-03-19 03:00:00,Thursday,3,0.142,1.754,0.000,0.000,0.000,0.000,1.896,
2026-03-19 04:00:00,Thursday,4,0.112,1.972,0.000,0.000,0.000,0.000,2.084,
2026-03-19 05:00:00,Thursday,5,0.114,1.862,0.000,0.000,0.000,0.000,1.976,
2026-03-19 06:00:00,Thursday,6,0.127,2.012,0.062,0.381,0.000,0.000,2.582,
2026-03-19 07:00:00,Thursday,7,0.090,2.242,0.000,0.442,0.000,0.000,2.774,
2026-03-19 08:00:00,Thursday,8,0.126,1.990,0.000,0.307,0.000,0.000,2.423,
2026-03-19 09:00:00,Thursday,9,0.090,1.937,0.000,0.000,0.113,0.000,2.140,
2026-03-19 10:00:00,Thursday,10,0.097,1.514,0.000,0.000,0.082,0.000,1.693,
2026-03-19 11:00:00,Thursday,11,0.099,1.182,0.000,0.000,0.111,0.000,1.392,
2026-03-19 12:00:00,Thursday,12,0.123,1.018,0.000,0.000,0.070,0.000,1.211,
2026-03-19 13:00:00,Thursday,13,0.124,1.206,0.000,0.690,0.101,0.489,2.610,pralka
2026-03-19 14:00:00,Thursday,14,0.118,0.943,0.000,0.000,0.096,1.698,2.855,suszarka
2026-03-19 15:00:00,Thursday,15,0.103,1.057,0.000,0.000,0.189,0.000,1.349,
2026-03-19 16:00:00,Thursday,16,0.089,1.018,0.000,0.000,0.106,0.000,1.213,
2026-03-19 17:00:00,Thursday,17,0.092,1.518,0.000,0.000,0.246,0.000,1.856,
2026-03-19 18:00:00,Thursday,18,0.110,1.450,0.205,0.542,0.139,0.000,2.446,
2026-03-19 19:00:00,Thursday,19,0.088,1.544,0.182,0.000,0.261,0.000,2.075,
2026-03-19 20:00:00,Thursday,20,0.102,1.342,0.238,0.000,0.234,0.000,1.916,
2026-03-19 21:00:00,Thursday,21,0.111,1.318,0.173,0.000,0.269,0.000,1.871,
2026-03-19 22:00:00,Thursday,22,0.120,1.399,0.093,0.000,0.270,0.000,1.882,
2026-03-19 23:00:00,Thursday,23,0.122,1.661,0.000,0.000,0.000,0.000,1.783,
2026-03-20 00:00:00,Friday,0,0.108,1.537,0.000,0.000,0.000,0.000,1.645,
2026-03-20 01:00:00,Friday,1,0.114,1.936,0.000,0.000,0.000,0.000,2.050,
2026-03-20 02:00:00,Friday,2,0.097,2.211,0.000,0.000,0.000,0.000,2.308,
2026-03-20 03:00:00,Friday,3,0.092,2.160,0.000,0.000,0.000,0.000,2.252,
2026-03-20 04:00:00,Friday,4,0.122,1.850,0.000,0.000,0.000,0.000,1.972,
2026-03-20 05:00:00,Friday,5,0.117,2.114,0.000,0.000,0.000,0.000,2.231,
2026-03-20 06:00:00,Friday,6,0.109,2.507,0.109,0.156,0.000,0.000,2.881,
2026-03-20 07:00:00,Friday,7,0.114,2.171,0.000,0.414,0.000,0.000,2.699,
2026-03-20 08:00:00,Friday,8,0.114,2.292,0.000,0.237,0.000,0.000,2.643,
2026-03-20 09:00:00,Friday,9,0.091,1.941,0.000,0.000,0.079,0.000,2.111,
2026-03-20 10:00:00,Friday,10,0.118,2.065,0.000,0.000,0.106,0.000,2.289,
2026-03-20 11:00:00,Friday,11,0.114,2.224,0.000,0.000,0.104,0.000,2.442,
2026-03-20 12:00:00,Friday,12,0.118,1.844,0.000,0.000,0.086,0.000,2.048,
2026-03-20 13:00:00,Friday,13,0.104,1.638,0.000,0.307,0.084,0.000,2.133,
2026-03-20 14:00:00,Friday,14,0.127,1.592,0.000,0.000,0.090,0.000,1.809,
2026-03-20 15:00:00,Friday,15,0.093,1.548,0.000,0.000,0.075,0.000,1.716,
2026-03-20 16:00:00,Friday,16,0.110,1.443,0.000,0.000,0.143,0.000,1.696,
2026-03-20 17:00:00,Friday,17,0.097,1.257,0.000,0.000,0.221,0.000,1.575,goście
2026-03-20 18:00:00,Friday,18,0.119,1.938,0.115,1.231,0.240,0.000,3.643,goście
2026-03-20 19:00:00,Friday,19,0.112,1.883,0.083,0.000,0.174,0.000,2.252,goście
2026-03-20 20:00:00,Friday,20,0.112,2.462,0.197,0.000,0.208,0.661,3.640,goście; zmywarka
2026-03-20 21:00:00,Friday,21,0.122,2.018,0.102,0.000,0.217,0.000,2.459,goście
2026-03-20 22:00:00,Friday,22,0.120,2.134,0.115,0.000,0.267,0.000,2.636,
2026-03-20 23:00:00,Friday,23,0.130,1.885,0.000,0.000,0.000,0.000,2.015,
2026-03-21 00:00:00,Saturday,0,0.134,2.041,0.000,0.000,0.000,0.000,2.175,
2026-03-21 01:00:00,Saturday,1,0.122,1.992,0.000,0.000,0.000,0.000,2.114,
2026-03-21 02:00:00,Saturday,2,0.112,2.029,0.000,0.000,0.000,0.000,2.141,
2026-03-21 03:00:00,Saturday,3,0.121,2.060,0.000,0.000,0.000,0.000,2.181,
2026-03-21 04:00:00,Saturday,4,0.098,2.121,0.000,0.000,0.000,0.000,2.219,
2026-03-21 05:00:00,Saturday,5,0.096,2.169,0.000,0.000,0.000,0.000,2.265,
2026-03-21 06:00:00,Saturday,6,0.106,2.342,0.142,0.318,0.000,0.000,2.908,
2026-03-21 07:00:00,Saturday,7,0.119,2.592,0.000,0.199,0.000,0.000,2.910,
2026-03-21 08:00:00,Saturday,8,0.094,2.442,0.000,0.406,0.000,0.000,2.942,
2026-03-21 09:00:00,Saturday,9,0.114,2.686,0.000,0.000,0.067,0.000,2.867,
2026-03-21 10:00:00,Saturday,10,0.120,2.302,0.000,0.000,0.097,0.000,2.519,
2026-03-21 11:00:00,Saturday,11,0.092,2.311,0.000,0.000,0.144,0.000,2.547,
2026-03-21 12:00:00,Saturday,12,0.118,1.765,0.000,0.000,0.108,0.000,1.991,
2026-03-21 13:00:00,Saturday,13,0.118,1.925,0.000,0.439,0.070,0.792,3.344,zmywarka
2026-03-21 14:00:00,Saturday,14,0.121,1.648,0.000,0.000,0.172,0.000,1.941,
2026-03-21 15:00:00,Saturday,15,0.113,1.774,0.000,0.000,0.192,0.000,2.079,
2026-03-21 16:00:00,Saturday,16,0.102,1.987,0.000,0.000,0.159,0.000,2.248,
2026-03-21 17:00:00,Saturday,17,0.107,1.836,0.000,0.000,0.198,0.000,2.141,
2026-03-21 18:00:00,Saturday,18,0.106,1.688,0.194,0.711,0.130,0.000,2.829,
2026-03-21 19:00:00,Saturday,19,0.090,2.308,0.096,0.000,0.216,0.000,2.710,
2026-03-21 20:00:00,Saturday,20,0.099,2.134,0.106,0.000,0.156,0.000,2.495,
2026-03-21 21:00:00,Saturday,21,0.107,2.429,0.143,0.000,0.182,0.000,2.861,
2026-03-21 22:00:00,Saturday,22,0.101,1.878,0.054,0.000,0.181,0.000,2.214,
2026-03-21 23:00:00,Saturday,23,0.110,2.219,0.000,0.000,0.000,0.000,2.329,
2026-03-22 00:00:00,Sunday,0,0.121,2.075,0.000,0.000,0.000,0.000,2.196,
2026-03-22 01:00:00,Sunday,1,0.123,1.828,0.000,0.000,0.000,0.000,1.951,
2026-03-22 02:00:00,Sunday,2,0.098,2.047,0.000,0.000,0.000,0.000,2.145,
2026-03-22 03:00:00,Sunday,3,0.152,1.878,0.000,0.000,0.000,0.000,2.030,
2026-03-22 04:00:00,Sunday,4,0.106,1.930,0.000,0.000,0.000,0.000,2.036,
2026-03-22 05:00:00,Sunday,5,0.120,2.319,0.000,0.000,0.000,0.000,2.439,
2026-03-22 06:00:00,Sunday,6,0.097,1.888,0.135,0.289,0.000,0.000,2.409,
2026-03-22 07:00:00,Sunday,7,0.105,2.406,0.000,0.181,0.000,0.000,2.692,
2026-03-22 08:00:00,Sunday,8,0.115,1.867,0.000,0.375,0.000,0.000,2.357,
2026-03-22 09:00:00,Sunday,9,0.093,2.285,0.000,0.000,0.125,0.000,2.503,
2026-03-22 10:00:00,Sunday,10,0.102,2.010,0.000,0.000,0.049,0.000,2.161,
2026-03-22 11:00:00,Sunday,11,0.108,1.564,0.000,0.000,0.186,0.000,1.858,
2026-03-22 12:00:00,Sunday,12,0.102,1.557,0.000,0.000,0.127,0.000,1.786,
2026-03-22 13:00:00,Sunday,13,0.102,1.634,0.000,1.007,0.044,0.806,3.593,zmywarka
2026-03-22 14:00:00,Sunday,14,0.098,1.625,0.000,0.000,0.180,0.000,1.903,
2026-03-22 15:00:00,Sunday,15,0.124,1.466,0.000,0.000,0.186,0.000,1.776,
2026-03-22 16:00:00,Sunday,16,0.094,1.593,0.000,0.000,0.122,0.000,1.809,
2026-03-22 17:00:00,Sunday,17,0.095,1.797,0.000,0.879,0.124,0.000,2.895,
2026-03-22 18:00:00,Sunday,18,0.104,1.533,0.238,0.000,0.216,0.000,2.091,
2026-03-22 19:00:00,Sunday,19,0.121,1.716,0.131,0.000,0.238,0.000,2.206,
2026-03-22 20:00:00,Sunday,20,0.124,1.584,0.175,0.000,0.229,0.000,2.112,
2026-03-22 21:00:00,Sunday,21,0.110,1.758,0.158,0.000,0.239,0.000,2.265,
2026-03-22 22:00:00,Sunday,22,0.116,1.862,0.064,0.000,0.174,0.000,2.216,
2026-03-22 23:00:00,Sunday,23,0.112,1.582,0.000,0.000,0.000,0.000,1.694,
2026-03-23 00:00:00,Monday,0,0.108,1.651,0.000,0.000,0.000,0.000,1.759,
2026-03-23 01:00:00,Monday,1,0.119,1.574,0.000,0.000,0.000,0.000,1.693,
2026-03-23 02:00:00,Monday,2,0.127,1.676,0.000,0.000,0.000,0.000,1.803,
2026-03-23 03:00:00,Monday,3,0.114,1.986,0.000,0.000,0.000,0.000,2.100,
2026-03-23 04:00:00,Monday,4,0.093,1.973,0.000,0.000,0.000,0.000,2.066,
2026-03-23 05:00:00,Monday,5,0.126,1.881,0.000,0.000,0.000,0.000,2.007,
2026-03-23 06:00:00,Monday,6,0.128,2.466,0.118,0.218,0.000,0.000,2.930,
2026-03-23 07:00:00,Monday,7,0.098,1.902,0.000,0.394,0.000,0.000,2.394,
2026-03-23 08:00:00,Monday,8,0.097,2.143,0.000,0.248,0.000,0.000,2.488,
2026-03-23 09:00:00,Monday,9,0.091,1.978,0.000,0.000,0.264,0.000,2.333,praca zdalna
2026-03-23 10:00:00,Monday,10,0.124,1.667,0.000,0.000,0.225,0.000,2.016,praca zdalna
2026-03-23 11:00:00,Monday,11,0.106,1.407,0.000,0.000,0.231,0.000,1.744,praca zdalna
2026-03-23 12:00:00,Monday,12,0.112,1.512,0.000,0.000,0.199,0.000,1.823,praca zdalna
2026-03-23 13:00:00,Monday,13,0.118,1.380,0.000,0.628,0.206,0.000,2.332,praca zdalna
2026-03-23 14:00:00,Monday,14,0.110,1.085,0.000,0.000,0.238,0.000,1.433,praca zdalna
2026-03-23 15:00:00,Monday,15,0.106,1.202,0.000,0.000,0.265,0.000,1.573,praca zdalna
2026-03-23 16:00:00,Monday,16,0.100,1.089,0.000,0.000,0.258,0.000,1.447,praca zdalna
2026-03-23 17:00:00,Monday,17,0.111,1.436,0.000,1.167,0.156,0.000,2.870,
2026-03-23 18:00:00,Monday,18,0.090,1.249,0.127,0.000,0.149,0.000,1.615,
2026-03-23 19:00:00,Monday,19,0.122,1.483,0.203,0.000,0.148,0.000,1.956,
2026-03-23 20:00:00,Monday,20,0.090,1.823,0.217,0.000,0.141,0.000,2.271,
2026-03-23 21:00:00,Monday,21,0.124,1.698,0.142,0.000,0.127,0.000,2.091,
2026-03-23 22:00:00,Monday,22,0.092,1.812,0.100,0.000,0.278,0.000,2.282,
2026-03-23 23:00:00,Monday,23,0.118,1.748,0.000,0.000,0.000,0.000,1.866,
2026-03-24 00:00:00,Tuesday,0,0.118,1.888,0.000,0.000,0.000,0.000,2.006,
2026-03-24 01:00:00,Tuesday,1,0.118,1.628,0.000,0.000,0.000,0.000,1.746,
2026-03-24 02:00:00,Tuesday,2,0.126,1.438,0.000,0.000,0.000,0.000,1.564,
2026-03-24 03:00:00,Tuesday,3,0.124,1.599,0.000,0.000,0.000,0.000,1.723,
2026-03-24 04:00:00,Tuesday,4,0.127,1.571,0.000,0.000,0.000,0.000,1.698,
2026-03-24 05:00:00,Tuesday,5,0.113,1.922,0.000,0.000,0.000,0.000,2.035,
2026-03-24 06:00:00,Tuesday,6,0.108,1.810,0.064,0.306,0.000,0.000,2.288,
2026-03-24 07:00:00,Tuesday,7,0.120,1.653,0.000,0.362,0.000,0.000,2.135,
2026-03-24 08:00:00,Tuesday,8,0.095,1.738,0.000,0.422,0.000,0.000,2.255,
2026-03-24 09:00:00,Tuesday,9,0.123,1.769,0.000,0.000,0.091,0.000,1.983,
2026-03-24 10:00:00,Tuesday,10,0.112,1.809,0.000,0.000,0.100,0.000,2.021,
2026-03-24 11:00:00,Tuesday,11,0.118,1.354,0.000,0.000,0.118,0.000,1.590,
2026-03-24 12:00:00,Tuesday,12,0.095,1.655,0.000,0.000,0.114,0.000,1.864,
2026-03-24 13:00:00,Tuesday,13,0.101,1.366,0.000,0.631,0.092,0.720,2.910,pralka
2026-03-24 14:00:00,Tuesday,14,0.100,1.242,0.000,0.000,0.180,1.362,2.884,suszarka
2026-03-24 15:00:00,Tuesday,15,0.112,0.916,0.000,0.000,0.170,0.000,1.198,
2026-03-24 16:00:00,Tuesday,16,0.100,1.110,0.000,0.000,0.082,0.000,1.292,
2026-03-24 17:00:00,Tuesday,17,0.109,1.078,0.000,1.029,0.195,0.000,2.411,
2026-03-24 18:00:00,Tuesday,18,0.125,1.295,0.103,0.000,0.138,0.000,1.661,
2026-03-24 19:00:00,Tuesday,19,0.106,1.254,0.123,0.000,0.239,0.000,1.722,
2026-03-24 20:00:00,Tuesday,20,0.126,1.285,0.115,0.000,0.220,0.744,2.490,zmywarka
2026-03-24 21:00:00,Tuesday,21,0.088,1.350,0.143,0.000,0.234,0.000,1.815,
2026-03-24 22:00:00,Tuesday,22,0.110,1.245,0.042,0.000,0.138,0.000,1.535,
2026-03-24 23:00:00,Tuesday,23,0.114,1.112,0.000,0.000,0.000,0.000,1.226,
2026-03-25 00:00:00,Wednesday,0,0.112,1.158,0.000,0.000,0.000,0.000,1.270,
2026-03-25 01:00:00,Wednesday,1,0.109,1.253,0.000,0.000,0.000,0.000,1.362,
2026-03-25 02:00:00,Wednesday,2,0.119,1.022,0.000,0.000,0.000,0.000,1.141,
2026-03-25 03:00:00,Wednesday,3,0.106,0.986,0.000,0.000,0.000,0.000,1.092,
2026-03-25 04:00:00,Wednesday,4,0.097,0.894,0.000,0.000,0.000,0.000,0.991,
2026-03-25 05:00:00,Wednesday,5,0.115,1.206,0.000,0.000,0.000,0.000,1.321,
2026-03-25 06:00:00,Wednesday,6,0.118,1.334,0.066,0.351,0.000,0.000,1.869,
2026-03-25 07:00:00,Wednesday,7,0.122,1.558,0.000,0.422,0.000,0.000,2.102,
2026-03-25 08:00:00,Wednesday,8,0.097,1.370,0.000,0.359,0.000,0.000,1.826,
2026-03-25 09:00:00,Wednesday,9,0.092,1.456,0.000,0.000,0.090,0.000,1.638,
2026-03-25 10:00:00,Wednesday,10,0.091,1.311,0.000,0.000,0.064,0.634,2.100,pralka
2026-03-25 11:00:00,Wednesday,11,0.117,1.525,0.000,0.000,0.102,1.292,3.036,suszarka
2026-03-25 12:00:00,Wednesday,12,0.097,1.614,0.000,0.000,0.104,0.000,1.815,
2026-03-25 13:00:00,Wednesday,13,0.098,1.460,0.000,0.486,0.101,0.000,2.145,
2026-03-25 14:00:00,Wednesday,14,0.122,1.674,0.000,0.000,0.142,0.000,1.938,
2026-03-25 15:00:00,Wednesday,15,0.092,1.670,0.000,0.000,0.139,0.000,1.901,
2026-03-25 16:00:00,Wednesday,16,0.114,1.199,0.000,0.000,0.114,0.000,1.427,
2026-03-25 17:00:00,Wednesday,17,0.097,1.304,0.000,1.286,0.132,0.000,2.819,
2026-03-25 18:00:00,Wednesday,18,0.121,1.306,0.080,0.000,0.205,0.000,1.712,
2026-03-25 19:00:00,Wednesday,19,0.106,1.597,0.201,0.000,0.126,0.000,2.030,
2026-03-25 20:00:00,Wednesday,20,0.103,1.794,0.097,0.000,0.186,0.686,2.866,zmywarka
2026-03-25 21:00:00,Wednesday,21,0.096,1.961,0.211,0.000,0.192,0.000,2.460,
2026-03-25 22:00:00,Wednesday,22,0.090,1.510,0.092,0.000,0.217,0.000,1.909,
2026-03-25 23:00:00,Wednesday,23,0.110,1.570,0.000,0.000,0.000,0.000,1.680,
2026-03-26 00:00:00,Thursday,0,0.104,1.780,0.000,0.000,0.000,0.000,1.884,
2026-03-26 01:00:00,Thursday,1,0.107,1.804,0.000,0.000,0.000,0.000,1.911,
2026-03-26 02:00:00,Thursday,2,0.089,1.883,0.000,0.000,0.000,0.000,1.972,
2026-03-26 03:00:00,Thursday,3,0.124,1.433,0.000,0.000,0.000,0.000,1.557,
2026-03-26 04:00:00,Thursday,4,0.120,1.434,0.000,0.000,0.000,0.000,1.554,
2026-03-26 05:00:00,Thursday,5,0.124,1.742,0.000,0.000,0.000,0.000,1.866,
2026-03-26 06:00:00,Thursday,6,0.123,1.996,0.144,0.205,0.000,0.000,2.468,
2026-03-26 07:00:00,Thursday,7,0.122,2.151,0.000,0.262,0.000,0.000,2.535,
2026-03-26 08:00:00,Thursday,8,0.108,1.740,0.000,0.354,0.000,0.000,2.202,
2026-03-26 09:00:00,Thursday,9,0.098,1.693,0.000,0.000,0.189,0.000,1.980,praca zdalna
2026-03-26 10:00:00,Thursday,10,0.122,1.934,0.000,0.000,0.183,0.000,2.239,praca zdalna
2026-03-26 11:00:00,Thursday,11,0.127,1.453,0.000,0.000,0.220,0.000,1.800,praca zdalna
2026-03-26 12:00:00,Thursday,12,0.126,1.592,0.000,0.000,0.177,0.000,1.895,praca zdalna
2026-03-26 13:00:00,Thursday,13,0.105,1.454,0.000,0.687,0.175,0.000,2.421,praca zdalna
2026-03-26 14:00:00,Thursday,14,0.102,1.316,0.000,0.000,0.228,0.000,1.646,praca zdalna
2026-03-26 15:00:00,Thursday,15,0.090,1.241,0.000,0.000,0.206,0.000,1.537,praca zdalna
2026-03-26 16:00:00,Thursday,16,0.100,1.490,0.000,0.000,0.220,0.000,1.810,praca zdalna
2026-03-26 17:00:00,Thursday,17,0.127,1.612,0.000,0.000,0.270,0.000,2.009,goście
2026-03-26 18:00:00,Thursday,18,0.096,1.696,0.122,1.386,0.262,0.000,3.562,goście
2026-03-26 19:00:00,Thursday,19,0.091,1.742,0.084,0.000,0.258,0.786,2.961,goście; zmywarka
2026-03-26 20:00:00,Thursday,20,0.109,1.793,0.201,0.000,0.171,0.000,2.274,goście
2026-03-26 21:00:00,Thursday,21,0.115,1.839,0.109,0.000,0.250,0.000,2.313,goście
2026-03-26 22:00:00,Thursday,22,0.090,1.974,0.060,0.000,0.227,0.000,2.351,
2026-03-26 23:00:00,Thursday,23,0.112,1.922,0.000,0.000,0.000,0.000,2.034,
2026-03-27 00:00:00,Friday,0,0.122,1.976,0.000,0.000,0.000,0.000,2.098,
2026-03-27 01:00:00,Friday,1,0.108,2.256,0.000,0.000,0.000,0.000,2.364,
2026-03-27 02:00:00,Friday,2,0.106,1.706,0.000,0.000,0.000,0.000,1.812,
2026-03-27 03:00:00,Friday,3,0.129,1.831,0.000,0.000,0.000,0.000,1.960,
2026-03-27 04:00:00,Friday,4,0.114,2.342,0.000,0.000,0.000,0.000,2.456,
2026-03-27 05:00:00,Friday,5,0.119,2.051,0.000,0.000,0.000,0.000,2.170,
2026-03-27 06:00:00,Friday,6,0.102,2.646,0.138,0.438,0.000,0.000,3.324,
2026-03-27 07:00:00,Friday,7,0.091,2.202,0.000,0.272,0.000,0.000,2.565,
2026-03-27 08:00:00,Friday,8,0.101,2.374,0.000,0.313,0.000,0.000,2.788,
2026-03-27 09:00:00,Friday,9,0.114,2.280,0.000,0.000,0.104,0.000,2.498,
2026-03-27 10:00:00,Friday,10,0.128,1.913,0.000,0.000,0.098,0.000,2.139,
2026-03-27 11:00:00,Friday,11,0.110,1.738,0.000,0.000,0.118,0.000,1.966,
2026-03-27 12:00:00,Friday,12,0.124,1.634,0.000,0.000,0.103,0.000,1.861,
2026-03-27 13:00:00,Friday,13,0.096,1.280,0.000,0.544,0.078,0.000,1.998,
2026-03-27 14:00:00,Friday,14,0.098,1.492,0.000,0.000,0.073,0.000,1.663,
2026-03-27 15:00:00,Friday,15,0.092,1.338,0.000,0.000,0.097,0.000,1.527,
2026-03-27 16:00:00,Friday,16,0.105,1.336,0.000,0.000,0.177,0.000,1.618,
2026-03-27 17:00:00,Friday,17,0.120,1.664,0.000,0.790,0.158,0.000,2.732,
2026-03-27 18:00:00,Friday,18,0.103,1.512,0.181,0.000,0.255,0.000,2.051,
2026-03-27 19:00:00,Friday,19,0.090,1.679,0.237,0.000,0.194,0.000,2.200,
2026-03-27 20:00:00,Friday,20,0.090,1.866,0.137,0.000,0.245,0.837,3.175,zmywarka
2026-03-27 21:00:00,Friday,21,0.093,1.671,0.090,0.000,0.269,0.000,2.123,
2026-03-27 22:00:00,Friday,22,0.109,1.788,0.042,0.000,0.273,0.000,2.212,
2026-03-27 23:00:00,Friday,23,0.127,1.408,0.000,0.000,0.000,0.000,1.535,
2026-03-28 00:00:00,Saturday,0,0.149,1.637,0.000,0.000,0.000,0.000,1.786,
2026-03-28 01:00:00,Saturday,1,0.105,1.869,0.000,0.000,0.000,0.000,1.974,
2026-03-28 02:00:00,Saturday,2,0.118,1.574,0.000,0.000,0.000,0.000,1.692,
2026-03-28 03:00:00,Saturday,3,0.101,1.536,0.000,0.000,0.000,0.000,1.637,
2026-03-28 04:00:00,Saturday,4,0.114,1.598,0.000,0.000,0.000,0.000,1.712,
2026-03-28 05:00:00,Saturday,5,0.101,1.663,0.000,0.000,0.000,0.000,1.764,
2026-03-28 06:00:00,Saturday,6,0.126,2.042,0.090,0.229,0.000,0.000,2.487,
2026-03-28 07:00:00,Saturday,7,0.090,1.750,0.000,0.285,0.000,0.000,2.125,
2026-03-28 08:00:00,Saturday,8,0.122,1.772,0.000,0.350,0.000,0.000,2.244,
2026-03-28 09:00:00,Saturday,9,0.114,1.912,0.000,0.000,0.148,0.000,2.174,
2026-03-28 10:00:00,Saturday,10,0.106,1.910,0.000,0.000,0.145,0.746,2.907,pralka
2026-03-28 11:00:00,Saturday,11,0.123,1.957,0.000,0.000,0.174,0.000,2.254,
2026-03-28 12:00:00,Saturday,12,0.105,1.781,0.000,1.070,0.042,0.000,2.998,
2026-03-28 13:00:00,Saturday,13,0.099,2.054,0.000,0.000,0.065,0.866,3.084,zmywarka
2026-03-28 14:00:00,Saturday,14,0.127,1.783,0.000,0.000,0.121,0.000,2.031,
2026-03-28 15:00:00,Saturday,15,0.117,1.803,0.000,0.000,0.059,0.000,1.979,
2026-03-28 16:00:00,Saturday,16,0.113,1.490,0.000,0.000,0.154,0.000,1.757,
2026-03-28 17:00:00,Saturday,17,0.088,1.675,0.000,0.000,0.251,0.000,2.014,
2026-03-28 18:00:00,Saturday,18,0.093,1.594,0.145,0.490,0.262,0.000,2.584,
2026-03-28 19:00:00,Saturday,19,0.112,1.567,0.160,0.000,0.254,0.000,2.093,
2026-03-28 20:00:00,Saturday,20,0.114,1.742,0.225,0.000,0.146,0.000,2.227,
2026-03-28 21:00:00,Saturday,21,0.117,1.783,0.224,0.000,0.250,0.000,2.374,
2026-03-28 22:00:00,Saturday,22,0.094,1.364,0.054,0.000,0.169,0.000,1.681,
2026-03-28 23:00:00,Saturday,23,0.098,1.582,0.000,0.000,0.000,0.000,1.680,
2026-03-29 00:00:00,Sunday,0,0.132,1.892,0.000,0.000,0.000,0.000,2.024,
2026-03-29 01:00:00,Sunday,1,0.119,2.086,0.000,0.000,0.000,0.000,2.205,
2026-03-29 02:00:00,Sunday,2,0.132,1.878,0.000,0.000,0.000,0.000,2.010,
2026-03-29 03:00:00,Sunday,3,0.095,1.786,0.000,0.000,0.000,0.000,1.881,
2026-03-29 04:00:00,Sunday,4,0.150,2.221,0.000,0.000,0.000,0.000,2.371,
2026-03-29 05:00:00,Sunday,5,0.113,1.884,0.000,0.000,0.000,0.000,1.997,
2026-03-29 06:00:00,Sunday,6,0.112,2.002,0.163,0.308,0.000,0.000,2.585,
2026-03-29 07:00:00,Sunday,7,0.113,2.179,0.000,0.382,0.000,0.000,2.674,
2026-03-29 08:00:00,Sunday,8,0.119,2.499,0.000,0.445,0.000,0.000,3.063,
2026-03-29 09:00:00,Sunday,9,0.114,1.947,0.000,0.000,0.089,0.000,2.150,
2026-03-29 10:00:00,Sunday,10,0.094,1.696,0.000,0.000,0.178,0.000,1.968,
2026-03-29 11:00:00,Sunday,11,0.094,1.441,0.000,0.000,0.123,0.000,1.658,
2026-03-29 12:00:00,Sunday,12,0.098,1.758,0.000,0.000,0.126,0.000,1.982,
2026-03-29 13:00:00,Sunday,13,0.111,1.291,0.000,0.787,0.157,0.000,2.346,
2026-03-29 14:00:00,Sunday,14,0.103,1.162,0.000,0.000,0.138,0.722,2.125,zmywarka
2026-03-29 15:00:00,Sunday,15,0.102,1.255,0.000,0.000,0.151,0.000,1.508,
2026-03-29 16:00:00,Sunday,16,0.099,1.349,0.000,0.000,0.054,0.000,1.502,
2026-03-29 17:00:00,Sunday,17,0.098,1.372,0.000,0.608,0.225,0.000,2.303,
2026-03-29 18:00:00,Sunday,18,0.097,1.579,0.207,0.000,0.136,0.000,2.019,
2026-03-29 19:00:00,Sunday,19,0.107,1.410,0.218,0.000,0.135,0.000,1.870,
2026-03-29 20:00:00,Sunday,20,0.106,1.644,0.182,0.000,0.178,0.000,2.110,
2026-03-29 21:00:00,Sunday,21,0.124,1.396,0.086,0.000,0.203,0.000,1.809,
2026-03-29 22:00:00,Sunday,22,0.110,1.490,0.045,0.000,0.156,0.000,1.801,
2026-03-29 23:00:00,Sunday,23,0.140,1.656,0.000,0.000,0.000,0.000,1.796,
2026-03-30 00:00:00,Monday,0,0.098,1.477,0.000,0.000,0.000,0.000,1.575,
2026-03-30 01:00:00,Monday,1,0.115,1.577,0.000,0.000,0.000,0.000,1.692,
2026-03-30 02:00:00,Monday,2,0.122,1.805,0.000,0.000,0.000,0.000,1.927,
2026-03-30 03:00:00,Monday,3,0.089,1.566,0.000,0.000,0.000,0.000,1.655,
2026-03-30 04:00:00,Monday,4,0.122,1.426,0.000,0.000,0.000,0.000,1.548,
2026-03-30 05:00:00,Monday,5,0.102,1.827,0.000,0.000,0.000,0.000,1.929,
2026-03-30 06:00:00,Monday,6,0.120,1.614,0.126,0.266,0.000,0.000,2.126,
2026-03-30 07:00:00,Monday,7,0.115,2.121,0.000,0.341,0.000,0.000,2.577,
2026-03-30 08:00:00,Monday,8,0.100,2.065,0.000,0.464,0.000,0.000,2.629,
2026-03-30 09:00:00,Monday,9,0.094,2.103,0.000,0.000,0.088,0.739,3.024,pralka
2026-03-30 10:00:00,Monday,10,0.100,1.925,0.000,0.000,0.115,0.000,2.140,
2026-03-30 11:00:00,Monday,11,0.104,1.454,0.000,0.000,0.074,0.000,1.632,
2026-03-30 12:00:00,Monday,12,0.119,1.609,0.000,0.000,0.108,0.000,1.836,
2026-03-30 13:00:00,Monday,13,0.095,1.467,0.000,0.266,0.067,0.000,1.895,
2026-03-30 14:00:00,Monday,14,0.117,1.438,0.000,0.000,0.170,0.000,1.725,
2026-03-30 15:00:00,Monday,15,0.123,1.160,0.000,0.000,0.166,0.000,1.449,
2026-03-30 16:00:00,Monday,16,0.110,1.319,0.000,0.000,0.101,0.000,1.530,
2026-03-30 17:00:00,Monday,17,0.117,1.366,0.000,0.531,0.269,0.000,2.283,
2026-03-30 18:00:00,Monday,18,0.088,1.213,0.237,0.000,0.229,0.000,1.767,
2026-03-30 19:00:00,Monday,19,0.092,1.548,0.098,0.000,0.156,0.000,1.894,
2026-03-30 20:00:00,Monday,20,0.111,1.427,0.081,0.000,0.160,0.777,2.556,zmywarka
2026-03-30 21:00:00,Monday,21,0.092,1.451,0.225,0.000,0.178,0.000,1.946,
2026-03-30 22:00:00,Monday,22,0.117,1.577,0.055,0.000,0.127,0.000,1.876,
2026-03-30 23:00:00,Monday,23,0.125,1.741,0.000,0.000,0.000,0.000,1.866,
2026-03-31 00:00:00,Tuesday,0,0.102,1.755,0.000,0.000,0.000,0.000,1.857,
2026-03-31 01:00:00,Tuesday,1,0.141,1.940,0.000,0.000,0.000,0.000,2.081,
2026-03-31 02:00:00,Tuesday,2,0.105,1.437,0.000,0.000,0.000,0.000,1.542,
2026-03-31 03:00:00,Tuesday,3,0.098,1.542,0.000,0.000,0.000,0.000,1.640,
2026-03-31 04:00:00,Tuesday,4,0.115,1.462,0.000,0.000,0.000,0.000,1.577,
2026-03-31 05:00:00,Tuesday,5,0.107,1.536,0.000,0.000,0.000,0.000,1.643,
2026-03-31 06:00:00,Tuesday,6,0.124,1.626,0.094,0.123,0.000,0.000,1.967,
2026-03-31 07:00:00,Tuesday,7,0.116,1.627,0.000,0.366,0.000,0.000,2.109,
2026-03-31 08:00:00,Tuesday,8,0.098,1.813,0.000,0.238,0.000,0.000,2.149,
2026-03-31 09:00:00,Tuesday,9,0.100,1.406,0.000,0.000,0.073,0.000,1.579,
2026-03-31 10:00:00,Tuesday,10,0.127,1.337,0.000,0.000,0.101,0.000,1.565,
2026-03-31 11:00:00,Tuesday,11,0.123,1.201,0.000,0.000,0.086,0.000,1.410,
2026-03-31 12:00:00,Tuesday,12,0.108,1.353,0.000,0.000,0.110,0.000,1.571,
2026-03-31 13:00:00,Tuesday,13,0.110,1.345,0.000,0.510,0.072,0.708,2.745,pralka
2026-03-31 14:00:00,Tuesday,14,0.105,1.180,0.000,0.000,0.117,0.000,1.402,
2026-03-31 15:00:00,Tuesday,15,0.107,1.124,0.000,0.000,0.136,0.000,1.367,
2026-03-31 16:00:00,Tuesday,16,0.108,1.051,0.000,0.000,0.074,0.000,1.233,
2026-03-31 17:00:00,Tuesday,17,0.094,1.189,0.000,1.082,0.183,0.000,2.548,
2026-03-31 18:00:00,Tuesday,18,0.106,1.293,0.115,0.000,0.279,0.000,1.793,
2026-03-31 19:00:00,Tuesday,19,0.118,1.220,0.205,0.000,0.166,0.950,2.659,zmywarka
2026-03-31 20:00:00,Tuesday,20,0.126,1.392,0.108,0.000,0.223,0.000,1.849,
2026-03-31 21:00:00,Tuesday,21,0.103,1.468,0.129,0.000,0.126,0.000,1.826,
2026-03-31 22:00:00,Tuesday,22,0.116,1.612,0.048,0.000,0.266,0.000,2.042,
2026-03-31 23:00:00,Tuesday,23,0.126,1.422,0.000,0.000,0.000,0.000,1.548,
2026-04-01 00:00:00,Wednesday,0,0.092,1.412,0.000,0.000,0.000,0.000,1.504,
2026-04-01 01:00:00,Wednesday,1,0.101,1.493,0.000,0.000,0.000,0.000,1.594,
2026-04-01 02:00:00,Wednesday,2,0.119,1.996,0.000,0.000,0.000,0.000,2.115,
2026-04-01 03:00:00,Wednesday,3,0.118,1.700,0.000,0.000,0.000,0.000,1.818,
2026-04-01 04:00:00,Wednesday,4,0.110,2.119,0.000,0.000,0.000,0.000,2.229,
2026-04-01 05:00:00,Wednesday,5,0.138,2.246,0.000,0.000,0.000,0.000,2.384,
2026-04-01 06:00:00,Wednesday,6,0.114,2.614,0.000,0.141,0.000,0.000,2.869,
2026-04-01 07:00:00,Wednesday,7,0.112,2.472,0.000,0.338,0.000,0.000,2.922,
2026-04-01 08:00:00,Wednesday,8,0.125,2.375,0.000,0.406,0.000,0.000,2.906,
2026-04-01 09:00:00,Wednesday,9,0.092,2.082,0.000,0.000,0.115,0.000,2.289,
2026-04-01 10:00:00,Wednesday,10,0.117,1.698,0.000,0.000,0.087,0.000,1.902,
2026-04-01 11:00:00,Wednesday,11,0.103,1.603,0.000,0.000,0.110,0.000,1.816,
2026-04-01 12:00:00,Wednesday,12,0.120,1.486,0.000,0.345,0.067,0.000,2.018,
2026-04-01 13:00:00,Wednesday,13,0.117,1.324,0.000,0.000,0.119,0.000,1.560,
2026-04-01 14:00:00,Wednesday,14,0.111,1.396,0.000,0.000,0.103,0.000,1.610,
2026-04-01 15:00:00,Wednesday,15,0.102,1.213,0.000,0.000,0.156,0.000,1.471,
2026-04-01 16:00:00,Wednesday,16,0.106,1.170,0.000,0.000,0.076,0.000,1.352,
2026-04-01 17:00:00,Wednesday,17,0.108,1.030,0.000,0.760,0.180,0.000,2.078,
2026-04-01 18:00:00,Wednesday,18,0.110,1.148,0.000,0.000,0.258,0.000,1.516,
2026-04-01 19:00:00,Wednesday,19,0.126,1.186,0.000,0.000,0.164,0.000,1.476,
2026-04-01 20:00:00,Wednesday,20,0.090,1.114,0.091,0.000,0.122,0.000,1.417,
2026-04-01 21:00:00,Wednesday,21,0.092,1.617,0.216,0.000,0.218,0.000,2.143,
2026-04-01 22:00:00,Wednesday,22,0.121,1.460,0.078,0.000,0.134,0.000,1.793,
2026-04-01 23:00:00,Wednesday,23,0.091,1.740,0.000,0.000,0.000,0.000,1.831,
2026-04-02 00:00:00,Thursday,0,0.100,1.658,0.000,0.000,0.000,0.000,1.758,
2026-04-02 01:00:00,Thursday,1,0.094,1.858,0.000,0.000,0.000,0.000,1.952,
2026-04-02 02:00:00,Thursday,2,0.117,1.490,0.000,0.000,0.000,0.000,1.607,
2026-04-02 03:00:00,Thursday,3,0.126,1.734,0.000,0.000,0.000,0.000,1.860,
2026-04-02 04:00:00,Thursday,4,0.104,1.518,0.000,0.000,0.000,0.000,1.622,
2026-04-02 05:00:00,Thursday,5,0.114,1.896,0.000,0.000,0.000,0.000,2.010,
2026-04-02 06:00:00,Thursday,6,0.102,2.104,0.000,0.274,0.000,0.000,2.480,
2026-04-02 07:00:00,Thursday,7,0.089,2.113,0.000,0.382,0.000,0.000,2.584,
2026-04-02 08:00:00,Thursday,8,0.089,1.787,0.000,0.218,0.000,0.000,2.094,
2026-04-02 09:00:00,Thursday,9,0.124,1.607,0.000,0.000,0.072,0.000,1.803,
2026-04-02 10:00:00,Thursday,10,0.110,1.423,0.000,0.000,0.101,0.000,1.634,
2026-04-02 11:00:00,Thursday,11,0.105,1.270,0.000,0.000,0.108,0.000,1.483,
2026-04-02 12:00:00,Thursday,12,0.123,1.259,0.000,0.000,0.076,0.000,1.458,
2026-04-02 13:00:00,Thursday,13,0.107,1.307,0.000,0.404,0.087,0.000,1.905,
2026-04-02 14:00:00,Thursday,14,0.119,1.145,0.000,0.000,0.125,0.000,1.389,
2026-04-02 15:00:00,Thursday,15,0.094,1.439,0.000,0.000,0.071,0.000,1.604,
2026-04-02 16:00:00,Thursday,16,0.110,1.315,0.000,0.000,0.148,0.000,1.573,
2026-04-02 17:00:00,Thursday,17,0.114,1.422,0.000,0.000,0.189,0.000,1.725,
2026-04-02 18:00:00,Thursday,18,0.094,1.103,0.000,0.653,0.143,0.000,1.993,
2026-04-02 19:00:00,Thursday,19,0.102,1.286,0.000,0.000,0.218,0.000,1.606,
2026-04-02 20:00:00,Thursday,20,0.112,1.161,0.203,0.000,0.127,0.000,1.603,
2026-04-02 21:00:00,Thursday,21,0.115,1.448,0.127,0.000,0.229,0.000,1.919,
2026-04-02 22:00:00,Thursday,22,0.088,1.496,0.100,0.000,0.143,0.000,1.827,
2026-04-02 23:00:00,Thursday,23,0.141,1.572,0.000,0.000,0.000,0.000,1.713,
2026-04-03 00:00:00,Friday,0,0.123,1.696,0.000,0.000,0.000,0.000,1.819,
2026-04-03 01:00:00,Friday,1,0.134,2.092,0.000,0.000,0.000,0.000,2.226,
2026-04-03 02:00:00,Friday,2,0.109,2.065,0.000,0.000,0.000,0.000,2.174,
2026-04-03 03:00:00,Friday,3,0.118,2.064,0.000,0.000,0.000,0.000,2.182,
2026-04-03 04:00:00,Friday,4,0.118,2.077,0.000,0.000,0.000,0.000,2.195,
2026-04-03 05:00:00,Friday,5,0.115,1.824,0.000,0.000,0.000,0.000,1.939,
2026-04-03 06:00:00,Friday,6,0.118,2.012,0.146,0.320,0.000,0.000,2.596,
2026-04-03 07:00:00,Friday,7,0.092,1.889,0.000,0.301,0.000,0.000,2.282,
2026-04-03 08:00:00,Friday,8,0.123,1.683,0.000,0.407,0.000,0.000,2.213,
2026-04-03 09:00:00,Friday,9,0.095,2.085,0.000,0.000,0.246,0.000,2.426,praca zdalna
2026-04-03 10:00:00,Friday,10,0.115,1.611,0.000,0.000,0.158,0.000,1.884,praca zdalna
2026-04-03 11:00:00,Friday,11,0.100,1.822,0.000,0.000,0.242,0.000,2.164,praca zdalna
2026-04-03 12:00:00,Friday,12,0.103,1.377,0.000,0.245,0.232,0.000,1.957,praca zdalna
2026-04-03 13:00:00,Friday,13,0.097,1.530,0.000,0.000,0.172,0.000,1.799,praca zdalna
2026-04-03 14:00:00,Friday,14,0.110,1.534,0.000,0.000,0.190,0.000,1.834,praca zdalna
2026-04-03 15:00:00,Friday,15,0.119,1.401,0.000,0.000,0.283,0.000,1.803,praca zdalna
2026-04-03 16:00:00,Friday,16,0.090,1.545,0.000,0.000,0.169,0.000,1.804,praca zdalna
2026-04-03 17:00:00,Friday,17,0.114,1.555,0.000,0.000,0.264,0.000,1.933,
2026-04-03 18:00:00,Friday,18,0.124,1.325,0.000,0.626,0.122,0.000,2.197,
2026-04-03 19:00:00,Friday,19,0.095,1.414,0.000,0.000,0.157,0.000,1.666,
2026-04-03 20:00:00,Friday,20,0.126,1.514,0.186,0.000,0.180,0.854,2.860,zmywarka
2026-04-03 21:00:00,Friday,21,0.118,1.492,0.128,0.000,0.221,0.000,1.959,
2026-04-03 22:00:00,Friday,22,0.111,1.416,0.087,0.000,0.228,0.000,1.842,
2026-04-03 23:00:00,Friday,23,0.102,1.293,0.000,0.000,0.000,0.000,1.395,
2026-04-04 00:00:00,Saturday,0,0.103,1.150,0.000,0.000,0.000,0.000,1.253,wyjazd / nieobecność
2026-04-04 01:00:00,Saturday,1,0.114,1.229,0.000,0.000,0.000,0.000,1.343,wyjazd / nieobecność
2026-04-04 02:00:00,Saturday,2,0.107,1.023,0.000,0.000,0.000,0.000,1.130,wyjazd / nieobecność
2026-04-04 03:00:00,Saturday,3,0.121,1.169,0.000,0.000,0.000,0.000,1.290,wyjazd / nieobecność
2026-04-04 04:00:00,Saturday,4,0.095,0.970,0.000,0.000,0.000,0.000,1.065,wyjazd / nieobecność
2026-04-04 05:00:00,Saturday,5,0.115,0.885,0.000,0.000,0.000,0.000,1.000,wyjazd / nieobecność
2026-04-04 06:00:00,Saturday,6,0.109,1.134,0.000,0.000,0.000,0.000,1.243,wyjazd / nieobecność
2026-04-04 07:00:00,Saturday,7,0.113,1.158,0.000,0.000,0.000,0.000,1.271,wyjazd / nieobecność
2026-04-04 08:00:00,Saturday,8,0.089,1.182,0.000,0.000,0.000,0.000,1.271,wyjazd / nieobecność
2026-04-04 09:00:00,Saturday,9,0.122,0.977,0.000,0.000,0.000,0.000,1.099,wyjazd / nieobecność
2026-04-04 10:00:00,Saturday,10,0.097,0.986,0.000,0.000,0.000,0.000,1.083,wyjazd / nieobecność
2026-04-04 11:00:00,Saturday,11,0.127,0.861,0.000,0.000,0.000,0.000,0.988,wyjazd / nieobecność
2026-04-04 12:00:00,Saturday,12,0.119,0.791,0.000,0.000,0.000,0.000,0.910,wyjazd / nieobecność
2026-04-04 13:00:00,Saturday,13,0.113,0.736,0.000,0.000,0.000,0.000,0.849,wyjazd / nieobecność
2026-04-04 14:00:00,Saturday,14,0.090,0.747,0.000,0.000,0.000,0.000,0.837,wyjazd / nieobecność
2026-04-04 15:00:00,Saturday,15,0.103,0.658,0.000,0.000,0.000,0.000,0.761,wyjazd / nieobecność
2026-04-04 16:00:00,Saturday,16,0.103,0.705,0.000,0.000,0.000,0.000,0.808,wyjazd / nieobecność
2026-04-04 17:00:00,Saturday,17,0.090,0.750,0.000,0.000,0.000,0.000,0.840,wyjazd / nieobecność
2026-04-04 18:00:00,Saturday,18,0.108,0.734,0.000,0.000,0.000,0.000,0.842,wyjazd / nieobecność
2026-04-04 19:00:00,Saturday,19,0.118,0.904,0.000,0.000,0.000,0.000,1.022,wyjazd / nieobecność
2026-04-04 20:00:00,Saturday,20,0.095,0.969,0.000,0.000,0.000,0.000,1.064,wyjazd / nieobecność
2026-04-04 21:00:00,Saturday,21,0.106,0.992,0.000,0.000,0.000,0.000,1.098,wyjazd / nieobecność
2026-04-04 22:00:00,Saturday,22,0.116,1.210,0.000,0.000,0.000,0.000,1.326,wyjazd / nieobecność
2026-04-04 23:00:00,Saturday,23,0.108,1.155,0.000,0.000,0.000,0.000,1.263,wyjazd / nieobecność
2026-04-05 00:00:00,Sunday,0,0.115,1.688,0.000,0.000,0.000,0.000,1.803,
2026-04-05 01:00:00,Sunday,1,0.102,1.882,0.000,0.000,0.000,0.000,1.984,
2026-04-05 02:00:00,Sunday,2,0.096,1.522,0.000,0.000,0.000,0.000,1.618,
2026-04-05 03:00:00,Sunday,3,0.113,1.278,0.000,0.000,0.000,0.000,1.391,
2026-04-05 04:00:00,Sunday,4,0.120,1.535,0.000,0.000,0.000,0.000,1.655,
2026-04-05 05:00:00,Sunday,5,0.107,1.302,0.000,0.000,0.000,0.000,1.409,
2026-04-05 06:00:00,Sunday,6,0.098,1.423,0.130,0.252,0.000,0.000,1.903,
2026-04-05 07:00:00,Sunday,7,0.119,1.615,0.000,0.328,0.000,0.000,2.062,
2026-04-05 08:00:00,Sunday,8,0.116,1.154,0.000,0.275,0.000,0.000,1.545,
2026-04-05 09:00:00,Sunday,9,0.110,1.025,0.000,0.000,0.099,0.000,1.234,
2026-04-05 10:00:00,Sunday,10,0.121,0.953,0.000,0.000,0.086,0.000,1.160,
2026-04-05 11:00:00,Sunday,11,0.123,0.880,0.000,0.000,0.092,0.000,1.095,
2026-04-05 12:00:00,Sunday,12,0.094,0.951,0.000,0.000,0.200,0.000,1.245,
2026-04-05 13:00:00,Sunday,13,0.106,1.051,0.000,0.320,0.050,0.000,1.527,
2026-04-05 14:00:00,Sunday,14,0.124,0.897,0.000,0.000,0.099,0.950,2.070,zmywarka
2026-04-05 15:00:00,Sunday,15,0.123,1.025,0.000,0.000,0.090,0.000,1.238,
2026-04-05 16:00:00,Sunday,16,0.125,1.079,0.000,0.000,0.043,0.000,1.247,
2026-04-05 17:00:00,Sunday,17,0.125,1.124,0.000,1.142,0.146,0.000,2.537,goście
2026-04-05 18:00:00,Sunday,18,0.094,1.254,0.000,0.000,0.236,0.000,1.584,goście
2026-04-05 19:00:00,Sunday,19,0.094,1.456,0.000,0.000,0.157,0.000,1.707,goście
2026-04-05 20:00:00,Sunday,20,0.110,1.278,0.170,0.000,0.248,0.000,1.806,goście
2026-04-05 21:00:00,Sunday,21,0.127,1.276,0.107,0.000,0.210,0.000,1.720,goście
2026-04-05 22:00:00,Sunday,22,0.111,1.578,0.041,0.000,0.154,0.000,1.884,
2026-04-05 23:00:00,Sunday,23,0.131,1.373,0.000,0.000,0.000,0.000,1.504,
2026-04-06 00:00:00,Monday,0,0.108,1.650,0.000,0.000,0.000,0.000,1.758,
2026-04-06 01:00:00,Monday,1,0.122,1.660,0.000,0.000,0.000,0.000,1.782,
2026-04-06 02:00:00,Monday,2,0.112,1.679,0.000,0.000,0.000,0.000,1.791,
2026-04-06 03:00:00,Monday,3,0.088,1.628,0.000,0.000,0.000,0.000,1.716,
2026-04-06 04:00:00,Monday,4,0.120,1.842,0.000,0.000,0.000,0.000,1.962,
2026-04-06 05:00:00,Monday,5,0.122,1.758,0.000,0.000,0.000,0.000,1.880,
2026-04-06 06:00:00,Monday,6,0.106,2.074,0.000,0.396,0.000,0.000,2.576,
2026-04-06 07:00:00,Monday,7,0.114,1.648,0.000,0.434,0.000,0.000,2.196,
2026-04-06 08:00:00,Monday,8,0.107,1.718,0.000,0.414,0.000,0.000,2.239,
2026-04-06 09:00:00,Monday,9,0.113,1.546,0.000,0.000,0.094,0.000,1.753,
2026-04-06 10:00:00,Monday,10,0.122,1.423,0.000,0.000,0.118,0.000,1.663,
2026-04-06 11:00:00,Monday,11,0.098,1.307,0.000,0.000,0.075,0.000,1.480,
2026-04-06 12:00:00,Monday,12,0.123,1.513,0.000,0.000,0.106,0.000,1.742,
2026-04-06 13:00:00,Monday,13,0.120,1.258,0.000,0.388,0.087,0.000,1.853,
2026-04-06 14:00:00,Monday,14,0.093,1.214,0.000,0.000,0.173,0.547,2.027,pralka
2026-04-06 15:00:00,Monday,15,0.090,1.101,0.000,0.000,0.098,0.000,1.289,
2026-04-06 16:00:00,Monday,16,0.112,1.232,0.000,0.000,0.145,0.000,1.489,
2026-04-06 17:00:00,Monday,17,0.109,1.257,0.000,0.854,0.264,0.000,2.484,
2026-04-06 18:00:00,Monday,18,0.104,1.015,0.000,0.000,0.186,0.000,1.305,
2026-04-06 19:00:00,Monday,19,0.098,1.268,0.000,0.000,0.183,0.000,1.549,
2026-04-06 20:00:00,Monday,20,0.090,1.390,0.130,0.000,0.131,0.774,2.515,zmywarka
2026-04-06 21:00:00,Monday,21,0.097,1.266,0.193,0.000,0.278,0.000,1.834,
2026-04-06 22:00:00,Monday,22,0.105,1.177,0.058,0.000,0.194,0.000,1.534,
2026-04-06 23:00:00,Monday,23,0.101,1.516,0.000,0.000,0.000,0.000,1.617,
2026-04-07 00:00:00,Tuesday,0,0.147,1.357,0.000,0.000,0.000,0.000,1.504,
2026-04-07 01:00:00,Tuesday,1,0.110,1.482,0.000,0.000,0.000,0.000,1.592,
2026-04-07 02:00:00,Tuesday,2,0.126,1.683,0.000,0.000,0.000,0.000,1.809,
2026-04-07 03:00:00,Tuesday,3,0.122,1.694,0.000,0.000,0.000,0.000,1.816,
2026-04-07 04:00:00,Tuesday,4,0.134,1.775,0.000,0.000,0.000,0.000,1.909,
2026-04-07 05:00:00,Tuesday,5,0.138,1.477,0.000,0.000,0.000,0.000,1.615,
2026-04-07 06:00:00,Tuesday,6,0.111,2.142,0.000,0.363,0.000,0.000,2.616,
2026-04-07 07:00:00,Tuesday,7,0.106,2.032,0.000,0.261,0.000,0.000,2.399,
2026-04-07 08:00:00,Tuesday,8,0.102,1.924,0.000,0.206,0.000,0.000,2.232,
2026-04-07 09:00:00,Tuesday,9,0.102,1.710,0.000,0.000,0.105,0.000,1.917,
2026-04-07 10:00:00,Tuesday,10,0.089,1.623,0.000,0.000,0.101,0.000,1.813,
2026-04-07 11:00:00,Tuesday,11,0.116,1.234,0.000,0.000,0.065,0.000,1.415,
2026-04-07 12:00:00,Tuesday,12,0.096,1.094,0.000,0.000,0.085,0.000,1.275,
2026-04-07 13:00:00,Tuesday,13,0.108,1.123,0.000,0.477,0.084,0.000,1.792,
2026-04-07 14:00:00,Tuesday,14,0.096,1.198,0.000,0.000,0.135,0.606,2.035,pralka
2026-04-07 15:00:00,Tuesday,15,0.115,1.002,0.000,0.000,0.186,0.000,1.303,
2026-04-07 16:00:00,Tuesday,16,0.096,1.178,0.000,0.000,0.154,0.000,1.428,
2026-04-07 17:00:00,Tuesday,17,0.094,1.107,0.000,0.578,0.194,0.000,1.973,
2026-04-07 18:00:00,Tuesday,18,0.122,1.385,0.000,0.000,0.154,0.000,1.661,
2026-04-07 19:00:00,Tuesday,19,0.092,1.324,0.000,0.000,0.262,0.000,1.678,
2026-04-07 20:00:00,Tuesday,20,0.091,1.502,0.213,0.000,0.203,0.000,2.009,
2026-04-07 21:00:00,Tuesday,21,0.107,1.484,0.167,0.000,0.202,0.000,1.960,
2026-04-07 22:00:00,Tuesday,22,0.124,1.702,0.114,0.000,0.198,0.000,2.138,
2026-04-07 23:00:00,Tuesday,23,0.136,1.730,0.000,0.000,0.000,0.000,1.866,
2026-04-08 00:00:00,Wednesday,0,0.127,1.630,0.000,0.000,0.000,0.000,1.757,
2026-04-08 01:00:00,Wednesday,1,0.092,1.725,0.000,0.000,0.000,0.000,1.817,
2026-04-08 02:00:00,Wednesday,2,0.100,1.920,0.000,0.000,0.000,0.000,2.020,
2026-04-08 03:00:00,Wednesday,3,0.115,1.838,0.000,0.000,0.000,0.000,1.953,
2026-04-08 04:00:00,Wednesday,4,0.117,1.715,0.000,0.000,0.000,0.000,1.832,
2026-04-08 05:00:00,Wednesday,5,0.098,1.894,0.000,0.000,0.000,0.000,1.992,
2026-04-08 06:00:00,Wednesday,6,0.098,2.043,0.000,0.374,0.000,0.000,2.515,
2026-04-08 07:00:00,Wednesday,7,0.109,1.901,0.000,0.263,0.000,0.000,2.273,
2026-04-08 08:00:00,Wednesday,8,0.112,2.006,0.000,0.369,0.000,0.000,2.487,
2026-04-08 09:00:00,Wednesday,9,0.103,1.883,0.000,0.000,0.070,0.000,2.056,
2026-04-08 10:00:00,Wednesday,10,0.106,1.708,0.000,0.000,0.065,0.000,1.879,
2026-04-08 11:00:00,Wednesday,11,0.108,1.554,0.000,0.000,0.078,0.000,1.740,
2026-04-08 12:00:00,Wednesday,12,0.126,1.253,0.000,0.466,0.097,0.000,1.942,
2026-04-08 13:00:00,Wednesday,13,0.096,1.222,0.000,0.000,0.102,0.000,1.420,
2026-04-08 14:00:00,Wednesday,14,0.110,0.916,0.000,0.000,0.117,0.000,1.143,
2026-04-08 15:00:00,Wednesday,15,0.103,0.879,0.000,0.000,0.135,0.000,1.117,
2026-04-08 16:00:00,Wednesday,16,0.088,0.811,0.000,0.000,0.129,0.000,1.028,
2026-04-08 17:00:00,Wednesday,17,0.118,1.086,0.000,0.734,0.158,0.000,2.096,
2026-04-08 18:00:00,Wednesday,18,0.118,1.771,0.000,0.000,0.188,0.000,2.077,
2026-04-08 19:00:00,Wednesday,19,0.124,1.540,0.000,0.000,0.190,0.000,1.854,
2026-04-08 20:00:00,Wednesday,20,0.124,1.783,0.175,0.000,0.177,0.000,2.259,
2026-04-08 21:00:00,Wednesday,21,0.098,1.715,0.127,0.000,0.188,0.000,2.128,
2026-04-08 22:00:00,Wednesday,22,0.094,1.418,0.053,0.000,0.192,0.000,1.757,
2026-04-08 23:00:00,Wednesday,23,0.119,1.774,0.000,0.000,0.000,0.000,1.893,
2026-04-09 00:00:00,Thursday,0,0.134,1.834,0.000,0.000,0.000,0.000,1.968,
2026-04-09 01:00:00,Thursday,1,0.105,1.622,0.000,0.000,0.000,0.000,1.727,
2026-04-09 02:00:00,Thursday,2,0.091,1.671,0.000,0.000,0.000,0.000,1.762,
2026-04-09 03:00:00,Thursday,3,0.122,2.062,0.000,0.000,0.000,0.000,2.184,
2026-04-09 04:00:00,Thursday,4,0.089,1.696,0.000,0.000,0.000,0.000,1.785,
2026-04-09 05:00:00,Thursday,5,0.123,1.773,0.000,0.000,0.000,0.000,1.896,
2026-04-09 06:00:00,Thursday,6,0.118,2.311,0.145,0.278,0.000,0.000,2.852,
2026-04-09 07:00:00,Thursday,7,0.120,1.723,0.000,0.453,0.000,0.000,2.296,
2026-04-09 08:00:00,Thursday,8,0.114,1.922,0.000,0.251,0.000,0.000,2.287,
2026-04-09 09:00:00,Thursday,9,0.121,1.654,0.000,0.000,0.089,0.000,1.864,
2026-04-09 10:00:00,Thursday,10,0.107,1.837,0.000,0.000,0.071,0.544,2.559,pralka
2026-04-09 11:00:00,Thursday,11,0.111,1.437,0.000,0.000,0.075,1.900,3.523,suszarka
2026-04-09 12:00:00,Thursday,12,0.099,1.322,0.000,0.711,0.069,0.000,2.201,
2026-04-09 13:00:00,Thursday,13,0.105,1.434,0.000,0.000,0.083,0.000,1.622,
2026-04-09 14:00:00,Thursday,14,0.111,1.562,0.000,0.000,0.194,0.000,1.867,
2026-04-09 15:00:00,Thursday,15,0.094,1.471,0.000,0.000,0.199,0.000,1.764,
2026-04-09 16:00:00,Thursday,16,0.096,1.456,0.000,0.000,0.160,0.000,1.712,
2026-04-09 17:00:00,Thursday,17,0.096,1.442,0.000,1.089,0.132,0.000,2.759,goście
2026-04-09 18:00:00,Thursday,18,0.122,1.718,0.000,0.000,0.222,0.000,2.062,goście
2026-04-09 19:00:00,Thursday,19,0.094,1.603,0.000,0.000,0.245,0.798,2.740,goście; zmywarka
2026-04-09 20:00:00,Thursday,20,0.111,1.634,0.116,0.000,0.171,0.000,2.032,goście
2026-04-09 21:00:00,Thursday,21,0.096,2.109,0.121,0.000,0.161,0.000,2.487,goście
2026-04-09 22:00:00,Thursday,22,0.119,1.727,0.098,0.000,0.143,0.000,2.087,
2026-04-09 23:00:00,Thursday,23,0.110,1.876,0.000,0.000,0.000,0.000,1.986,
2026-04-10 00:00:00,Friday,0,0.130,2.141,0.000,0.000,0.000,0.000,2.271,
2026-04-10 01:00:00,Friday,1,0.134,2.359,0.000,0.000,0.000,0.000,2.493,
2026-04-10 02:00:00,Friday,2,0.139,2.350,0.000,0.000,0.000,0.000,2.489,
2026-04-10 03:00:00,Friday,3,0.120,2.234,0.000,0.000,0.000,0.000,2.354,
2026-04-10 04:00:00,Friday,4,0.090,2.213,0.000,0.000,0.000,0.000,2.303,
2026-04-10 05:00:00,Friday,5,0.123,2.191,0.000,0.000,0.000,0.000,2.314,
2026-04-10 06:00:00,Friday,6,0.117,2.214,0.150,0.374,0.000,0.000,2.855,
2026-04-10 07:00:00,Friday,7,0.105,2.062,0.000,0.274,0.000,0.000,2.441,
2026-04-10 08:00:00,Friday,8,0.106,1.965,0.000,0.346,0.000,0.000,2.417,
2026-04-10 09:00:00,Friday,9,0.112,1.960,0.000,0.000,0.085,0.000,2.157,
2026-04-10 10:00:00,Friday,10,0.124,1.622,0.000,0.000,0.104,0.000,1.850,
2026-04-10 11:00:00,Friday,11,0.114,1.717,0.000,0.000,0.074,0.000,1.905,
2026-04-10 12:00:00,Friday,12,0.126,1.558,0.000,0.000,0.069,0.000,1.753,
2026-04-10 13:00:00,Friday,13,0.120,1.718,0.000,0.493,0.070,0.000,2.401,
2026-04-10 14:00:00,Friday,14,0.116,1.739,0.000,0.000,0.065,0.000,1.920,
2026-04-10 15:00:00,Friday,15,0.088,1.834,0.000,0.000,0.146,0.000,2.068,
2026-04-10 16:00:00,Friday,16,0.109,1.661,0.000,0.000,0.139,0.000,1.909,
2026-04-10 17:00:00,Friday,17,0.116,1.514,0.000,0.000,0.182,0.000,1.812,
2026-04-10 18:00:00,Friday,18,0.090,1.942,0.000,0.609,0.185,0.000,2.826,
2026-04-10 19:00:00,Friday,19,0.127,1.498,0.000,0.000,0.149,0.000,1.774,
2026-04-10 20:00:00,Friday,20,0.119,1.577,0.096,0.000,0.149,0.670,2.611,zmywarka
2026-04-10 21:00:00,Friday,21,0.126,1.753,0.089,0.000,0.267,0.000,2.235,
2026-04-10 22:00:00,Friday,22,0.124,1.519,0.082,0.000,0.183,0.000,1.908,
2026-04-10 23:00:00,Friday,23,0.122,1.806,0.000,0.000,0.000,0.000,1.928,
2026-04-11 00:00:00,Saturday,0,0.117,1.737,0.000,0.000,0.000,0.000,1.854,
2026-04-11 01:00:00,Saturday,1,0.098,1.467,0.000,0.000,0.000,0.000,1.565,
2026-04-11 02:00:00,Saturday,2,0.129,1.428,0.000,0.000,0.000,0.000,1.557,
2026-04-11 03:00:00,Saturday,3,0.095,1.818,0.000,0.000,0.000,0.000,1.913,
2026-04-11 04:00:00,Saturday,4,0.090,1.707,0.000,0.000,0.000,0.000,1.797,
2026-04-11 05:00:00,Saturday,5,0.121,1.784,0.000,0.000,0.000,0.000,1.905,
2026-04-11 06:00:00,Saturday,6,0.098,2.030,0.000,0.274,0.000,0.000,2.402,
2026-04-11 07:00:00,Saturday,7,0.106,2.019,0.000,0.235,0.000,0.000,2.360,
2026-04-11 08:00:00,Saturday,8,0.118,2.038,0.000,0.415,0.000,0.000,2.571,
2026-04-11 09:00:00,Saturday,9,0.096,1.967,0.000,0.000,0.056,0.000,2.119,
2026-04-11 10:00:00,Saturday,10,0.095,1.601,0.000,0.000,0.099,0.536,2.331,pralka
2026-04-11 11:00:00,Saturday,11,0.128,1.430,0.000,0.000,0.042,0.000,1.600,
2026-04-11 12:00:00,Saturday,12,0.118,1.429,0.000,0.628,0.115,0.000,2.290,
2026-04-11 13:00:00,Saturday,13,0.093,1.475,0.000,0.000,0.044,0.867,2.479,zmywarka
2026-04-11 14:00:00,Saturday,14,0.097,1.193,0.000,0.000,0.098,0.000,1.388,
2026-04-11 15:00:00,Saturday,15,0.115,1.443,0.000,0.000,0.118,0.000,1.676,
2026-04-11 16:00:00,Saturday,16,0.090,1.167,0.000,0.000,0.116,0.000,1.373,
2026-04-11 17:00:00,Saturday,17,0.098,1.174,0.000,0.616,0.182,0.000,2.070,
2026-04-11 18:00:00,Saturday,18,0.107,1.589,0.000,0.000,0.218,0.000,1.914,
2026-04-11 19:00:00,Saturday,19,0.106,1.370,0.000,0.000,0.217,0.000,1.693,
2026-04-11 20:00:00,Saturday,20,0.110,1.685,0.102,0.000,0.259,0.000,2.156,
2026-04-11 21:00:00,Saturday,21,0.097,1.734,0.194,0.000,0.149,0.000,2.174,
2026-04-11 22:00:00,Saturday,22,0.093,1.462,0.096,0.000,0.141,0.000,1.792,
2026-04-11 23:00:00,Saturday,23,0.114,1.533,0.000,0.000,0.000,0.000,1.647,
2026-04-12 00:00:00,Sunday,0,0.140,1.696,0.000,0.000,0.000,0.000,1.836,
2026-04-12 01:00:00,Sunday,1,0.134,1.487,0.000,0.000,0.000,0.000,1.621,
2026-04-12 02:00:00,Sunday,2,0.135,1.612,0.000,0.000,0.000,0.000,1.747,
2026-04-12 03:00:00,Sunday,3,0.118,1.367,0.000,0.000,0.000,0.000,1.485,
2026-04-12 04:00:00,Sunday,4,0.113,1.486,0.000,0.000,0.000,0.000,1.599,
2026-04-12 05:00:00,Sunday,5,0.115,1.327,0.000,0.000,0.000,0.000,1.442,
2026-04-12 06:00:00,Sunday,6,0.120,1.669,0.130,0.329,0.000,0.000,2.248,
2026-04-12 07:00:00,Sunday,7,0.106,1.350,0.000,0.374,0.000,0.000,1.830,
2026-04-12 08:00:00,Sunday,8,0.118,1.674,0.000,0.382,0.000,0.000,2.174,
2026-04-12 09:00:00,Sunday,9,0.094,1.605,0.000,0.000,0.071,0.000,1.770,
2026-04-12 10:00:00,Sunday,10,0.103,1.320,0.000,0.000,0.062,0.000,1.485,
2026-04-12 11:00:00,Sunday,11,0.113,1.324,0.000,0.000,0.118,0.000,1.555,
2026-04-12 12:00:00,Sunday,12,0.121,1.262,0.000,0.368,0.072,0.000,1.823,
2026-04-12 13:00:00,Sunday,13,0.100,1.688,0.000,0.000,0.118,0.000,1.906,
2026-04-12 14:00:00,Sunday,14,0.094,1.602,0.000,0.000,0.096,0.000,1.792,
2026-04-12 15:00:00,Sunday,15,0.105,1.321,0.000,0.000,0.048,0.000,1.474,
2026-04-12 16:00:00,Sunday,16,0.110,1.467,0.000,0.000,0.144,0.000,1.721,
2026-04-12 17:00:00,Sunday,17,0.110,1.403,0.000,0.000,0.228,0.000,1.741,
2026-04-12 18:00:00,Sunday,18,0.124,1.492,0.000,0.797,0.213,0.000,2.626,
2026-04-12 19:00:00,Sunday,19,0.123,1.449,0.000,0.000,0.223,0.000,1.795,
2026-04-12 20:00:00,Sunday,20,0.093,1.300,0.094,0.000,0.204,0.000,1.691,
2026-04-12 21:00:00,Sunday,21,0.097,1.276,0.112,0.000,0.178,0.000,1.663,
2026-04-12 22:00:00,Sunday,22,0.126,1.166,0.058,0.000,0.194,0.000,1.544,
2026-04-12 23:00:00,Sunday,23,0.137,1.286,0.000,0.000,0.000,0.000,1.423,
2026-04-13 00:00:00,Monday,0,0.094,1.145,0.000,0.000,0.000,0.000,1.239,
2026-04-13 01:00:00,Monday,1,0.113,1.315,0.000,0.000,0.000,0.000,1.428,
2026-04-13 02:00:00,Monday,2,0.128,1.269,0.000,0.000,0.000,0.000,1.397,
2026-04-13 03:00:00,Monday,3,0.100,1.286,0.000,0.000,0.000,0.000,1.386,
2026-04-13 04:00:00,Monday,4,0.094,1.183,0.000,0.000,0.000,0.000,1.277,
2026-04-13 05:00:00,Monday,5,0.109,1.464,0.000,0.000,0.000,0.000,1.573,
2026-04-13 06:00:00,Monday,6,0.091,1.713,0.135,0.258,0.000,0.000,2.197,
2026-04-13 07:00:00,Monday,7,0.127,1.433,0.000,0.238,0.000,0.000,1.798,
2026-04-13 08:00:00,Monday,8,0.114,1.501,0.000,0.379,0.000,0.000,1.994,
2026-04-13 09:00:00,Monday,9,0.094,1.220,0.000,0.000,0.238,0.000,1.552,praca zdalna
2026-04-13 10:00:00,Monday,10,0.109,1.144,0.000,0.000,0.181,0.000,1.434,praca zdalna
2026-04-13 11:00:00,Monday,11,0.105,1.147,0.000,0.000,0.170,0.000,1.422,praca zdalna
2026-04-13 12:00:00,Monday,12,0.097,0.971,0.000,0.286,0.198,0.000,1.552,praca zdalna
2026-04-13 13:00:00,Monday,13,0.101,0.934,0.000,0.000,0.146,0.000,1.181,praca zdalna
2026-04-13 14:00:00,Monday,14,0.112,0.985,0.000,0.000,0.276,0.542,1.915,praca zdalna; pralka
2026-04-13 15:00:00,Monday,15,0.127,0.925,0.000,0.000,0.277,1.466,2.795,praca zdalna; suszarka
2026-04-13 16:00:00,Monday,16,0.102,1.070,0.000,0.000,0.274,0.000,1.446,praca zdalna
2026-04-13 17:00:00,Monday,17,0.099,1.115,0.000,0.000,0.249,0.000,1.463,
2026-04-13 18:00:00,Monday,18,0.107,1.193,0.000,0.763,0.263,0.000,2.326,
2026-04-13 19:00:00,Monday,19,0.100,1.657,0.000,0.000,0.126,0.000,1.883,
2026-04-13 20:00:00,Monday,20,0.103,1.484,0.185,0.000,0.238,0.723,2.733,zmywarka
2026-04-13 21:00:00,Monday,21,0.122,1.597,0.153,0.000,0.222,0.000,2.094,
2026-04-13 22:00:00,Monday,22,0.112,1.187,0.049,0.000,0.239,0.000,1.587,
2026-04-13 23:00:00,Monday,23,0.122,1.182,0.000,0.000,0.000,0.000,1.304,
2026-04-14 00:00:00,Tuesday,0,0.126,1.062,0.000,0.000,0.000,0.000,1.188,
2026-04-14 01:00:00,Tuesday,1,0.111,1.290,0.000,0.000,0.000,0.000,1.401,
2026-04-14 02:00:00,Tuesday,2,0.090,1.226,0.000,0.000,0.000,0.000,1.316,
2026-04-14 03:00:00,Tuesday,3,0.109,1.099,0.000,0.000,0.000,0.000,1.208,
2026-04-14 04:00:00,Tuesday,4,0.115,1.256,0.000,0.000,0.000,0.000,1.371,
2026-04-14 05:00:00,Tuesday,5,0.107,1.439,0.000,0.000,0.000,0.000,1.546,
2026-04-14 06:00:00,Tuesday,6,0.097,1.308,0.064,0.418,0.000,0.000,1.887,
2026-04-14 07:00:00,Tuesday,7,0.111,1.407,0.000,0.356,0.000,0.000,1.874,
2026-04-14 08:00:00,Tuesday,8,0.090,1.268,0.000,0.408,0.000,0.000,1.766,
2026-04-14 09:00:00,Tuesday,9,0.094,1.395,0.000,0.000,0.113,0.000,1.602,
2026-04-14 10:00:00,Tuesday,10,0.110,1.331,0.000,0.000,0.119,0.000,1.560,
2026-04-14 11:00:00,Tuesday,11,0.110,1.308,0.000,0.000,0.116,0.000,1.534,
2026-04-14 12:00:00,Tuesday,12,0.110,1.159,0.000,0.468,0.075,0.000,1.812,
2026-04-14 13:00:00,Tuesday,13,0.095,1.402,0.000,0.000,0.099,0.000,1.596,
2026-04-14 14:00:00,Tuesday,14,0.113,1.404,0.000,0.000,0.197,0.614,2.328,pralka
2026-04-14 15:00:00,Tuesday,15,0.126,1.322,0.000,0.000,0.142,0.000,1.590,
2026-04-14 16:00:00,Tuesday,16,0.094,1.445,0.000,0.000,0.109,0.000,1.648,
2026-04-14 17:00:00,Tuesday,17,0.127,1.287,0.000,1.198,0.182,0.000,2.794,
2026-04-14 18:00:00,Tuesday,18,0.120,1.254,0.000,0.000,0.249,0.000,1.623,
2026-04-14 19:00:00,Tuesday,19,0.094,1.356,0.000,0.000,0.137,0.000,1.587,
2026-04-14 20:00:00,Tuesday,20,0.106,1.363,0.144,0.000,0.174,0.855,2.642,zmywarka
2026-04-14 21:00:00,Tuesday,21,0.099,2.074,0.176,0.000,0.198,0.000,2.547,
2026-04-14 22:00:00,Tuesday,22,0.107,1.791,0.099,0.000,0.126,0.000,2.123,
2026-04-14 23:00:00,Tuesday,23,0.134,1.513,0.000,0.000,0.000,0.000,1.647,
2026-04-15 00:00:00,Wednesday,0,0.128,1.460,0.000,0.000,0.000,0.000,1.588,
2026-04-15 01:00:00,Wednesday,1,0.110,1.676,0.000,0.000,0.000,0.000,1.786,
2026-04-15 02:00:00,Wednesday,2,0.126,1.483,0.000,0.000,0.000,0.000,1.609,
2026-04-15 03:00:00,Wednesday,3,0.132,1.818,0.000,0.000,0.000,0.000,1.950,
2026-04-15 04:00:00,Wednesday,4,0.093,1.662,0.000,0.000,0.000,0.000,1.755,
2026-04-15 05:00:00,Wednesday,5,0.090,1.825,0.000,0.000,0.000,0.000,1.915,
2026-04-15 06:00:00,Wednesday,6,0.122,2.116,0.000,0.314,0.000,0.000,2.552,
2026-04-15 07:00:00,Wednesday,7,0.106,2.213,0.000,0.303,0.000,0.000,2.622,
2026-04-15 08:00:00,Wednesday,8,0.095,2.166,0.000,0.274,0.000,0.000,2.535,
2026-04-15 09:00:00,Wednesday,9,0.126,1.488,0.000,0.000,0.089,0.000,1.703,
2026-04-15 10:00:00,Wednesday,10,0.092,1.246,0.000,0.000,0.068,0.000,1.406,
2026-04-15 11:00:00,Wednesday,11,0.092,1.339,0.000,0.000,0.067,0.000,1.498,
2026-04-15 12:00:00,Wednesday,12,0.108,1.261,0.000,0.000,0.079,0.000,1.448,
2026-04-15 13:00:00,Wednesday,13,0.107,1.236,0.000,0.290,0.104,0.000,1.737,
2026-04-15 14:00:00,Wednesday,14,0.106,1.114,0.000,0.000,0.127,0.000,1.347,
2026-04-15 15:00:00,Wednesday,15,0.127,1.133,0.000,0.000,0.128,0.000,1.388,
2026-04-15 16:00:00,Wednesday,16,0.102,1.077,0.000,0.000,0.103,0.000,1.282,
2026-04-15 17:00:00,Wednesday,17,0.119,1.334,0.000,0.000,0.137,0.000,1.590,
2026-04-15 18:00:00,Wednesday,18,0.122,1.140,0.000,1.442,0.254,0.000,2.958,
2026-04-15 19:00:00,Wednesday,19,0.104,1.477,0.000,0.000,0.250,0.693,2.524,zmywarka
2026-04-15 20:00:00,Wednesday,20,0.123,1.394,0.138,0.000,0.270,0.000,1.925,
2026-04-15 21:00:00,Wednesday,21,0.109,1.386,0.089,0.000,0.177,0.000,1.761,
2026-04-15 22:00:00,Wednesday,22,0.101,1.638,0.098,0.000,0.134,0.000,1.971,
2026-04-15 23:00:00,Wednesday,23,0.128,1.394,0.000,0.000,0.000,0.000,1.522,
2026-04-16 00:00:00,Thursday,0,0.137,1.442,0.000,0.000,0.000,0.000,1.579,
2026-04-16 01:00:00,Thursday,1,0.142,1.762,0.000,0.000,0.000,0.000,1.904,
2026-04-16 02:00:00,Thursday,2,0.142,2.006,0.000,0.000,0.000,0.000,2.148,
2026-04-16 03:00:00,Thursday,3,0.105,1.995,0.000,0.000,0.000,0.000,2.100,
2026-04-16 04:00:00,Thursday,4,0.097,2.043,0.000,0.000,0.000,0.000,2.140,
2026-04-16 05:00:00,Thursday,5,0.118,2.125,0.000,0.000,0.000,0.000,2.243,
2026-04-16 06:00:00,Thursday,6,0.106,2.287,0.062,0.138,0.000,0.000,2.593,
2026-04-16 07:00:00,Thursday,7,0.113,2.103,0.000,0.229,0.000,0.000,2.445,
2026-04-16 08:00:00,Thursday,8,0.126,2.010,0.000,0.298,0.000,0.000,2.434,
2026-04-16 09:00:00,Thursday,9,0.125,1.790,0.000,0.000,0.095,0.000,2.010,
2026-04-16 10:00:00,Thursday,10,0.127,1.732,0.000,0.000,0.106,0.000,1.965,
2026-04-16 11:00:00,Thursday,11,0.102,1.323,0.000,0.000,0.109,0.000,1.534,
2026-04-16 12:00:00,Thursday,12,0.121,1.374,0.000,0.000,0.110,0.000,1.605,
2026-04-16 13:00:00,Thursday,13,0.122,1.622,0.000,0.463,0.070,0.000,2.277,
2026-04-16 14:00:00,Thursday,14,0.110,1.311,0.000,0.000,0.129,0.000,1.550,
2026-04-16 15:00:00,Thursday,15,0.103,1.252,0.000,0.000,0.109,0.000,1.464,
2026-04-16 16:00:00,Thursday,16,0.102,1.385,0.000,0.000,0.088,0.000,1.575,
2026-04-16 17:00:00,Thursday,17,0.109,1.394,0.000,0.725,0.226,0.000,2.454,
2026-04-16 18:00:00,Thursday,18,0.114,1.470,0.000,0.000,0.210,0.000,1.794,
2026-04-16 19:00:00,Thursday,19,0.126,1.468,0.000,0.000,0.242,0.959,2.795,zmywarka
2026-04-16 20:00:00,Thursday,20,0.098,1.660,0.172,0.000,0.152,0.000,2.082,
2026-04-16 21:00:00,Thursday,21,0.098,1.643,0.194,0.000,0.178,0.000,2.113,
2026-04-16 22:00:00,Thursday,22,0.095,1.585,0.067,0.000,0.262,0.000,2.009,
2026-04-16 23:00:00,Thursday,23,0.109,1.304,0.000,0.000,0.000,0.000,1.413,
2026-04-17 00:00:00,Friday,0,0.120,1.646,0.000,0.000,0.000,0.000,1.766,
2026-04-17 01:00:00,Friday,1,0.136,1.626,0.000,0.000,0.000,0.000,1.762,
2026-04-17 02:00:00,Friday,2,0.126,1.423,0.000,0.000,0.000,0.000,1.549,
2026-04-17 03:00:00,Friday,3,0.108,1.574,0.000,0.000,0.000,0.000,1.682,
2026-04-17 04:00:00,Friday,4,0.150,1.538,0.000,0.000,0.000,0.000,1.688,
2026-04-17 05:00:00,Friday,5,0.146,1.577,0.000,0.000,0.000,0.000,1.723,
2026-04-17 06:00:00,Friday,6,0.121,1.732,0.000,0.242,0.000,0.000,2.095,
2026-04-17 07:00:00,Friday,7,0.120,1.667,0.000,0.268,0.000,0.000,2.055,
2026-04-17 08:00:00,Friday,8,0.119,1.440,0.000,0.442,0.000,0.000,2.001,
2026-04-17 09:00:00,Friday,9,0.098,1.418,0.000,0.000,0.090,0.000,1.606,
2026-04-17 10:00:00,Friday,10,0.102,1.461,0.000,0.000,0.069,0.000,1.632,
2026-04-17 11:00:00,Friday,11,0.090,1.023,0.000,0.000,0.066,0.000,1.179,
2026-04-17 12:00:00,Friday,12,0.094,1.232,0.000,0.000,0.112,0.000,1.438,
2026-04-17 13:00:00,Friday,13,0.088,0.918,0.000,0.298,0.116,0.000,1.420,
2026-04-17 14:00:00,Friday,14,0.116,0.957,0.000,0.000,0.112,0.000,1.185,
2026-04-17 15:00:00,Friday,15,0.093,0.902,0.000,0.000,0.165,0.000,1.160,
2026-04-17 16:00:00,Friday,16,0.091,0.865,0.000,0.000,0.069,0.000,1.025,
2026-04-17 17:00:00,Friday,17,0.104,1.219,0.000,0.574,0.128,0.000,2.025,
2026-04-17 18:00:00,Friday,18,0.091,1.128,0.000,0.000,0.265,0.000,1.484,
2026-04-17 19:00:00,Friday,19,0.111,1.056,0.000,0.000,0.182,0.000,1.349,
2026-04-17 20:00:00,Friday,20,0.092,1.379,0.128,0.000,0.279,0.646,2.524,zmywarka
2026-04-17 21:00:00,Friday,21,0.104,1.304,0.083,0.000,0.186,0.000,1.677,
2026-04-17 22:00:00,Friday,22,0.092,1.160,0.117,0.000,0.134,0.000,1.503,
2026-04-17 23:00:00,Friday,23,0.117,1.265,0.000,0.000,0.000,0.000,1.382,
2026-04-18 00:00:00,Saturday,0,0.120,1.368,0.000,0.000,0.000,0.000,1.488,
2026-04-18 01:00:00,Saturday,1,0.150,1.669,0.000,0.000,0.000,0.000,1.819,
2026-04-18 02:00:00,Saturday,2,0.140,1.667,0.000,0.000,0.000,0.000,1.807,
2026-04-18 03:00:00,Saturday,3,0.109,1.340,0.000,0.000,0.000,0.000,1.449,
2026-04-18 04:00:00,Saturday,4,0.134,1.667,0.000,0.000,0.000,0.000,1.801,
2026-04-18 05:00:00,Saturday,5,0.116,1.350,0.000,0.000,0.000,0.000,1.466,
2026-04-18 06:00:00,Saturday,6,0.128,1.775,0.103,0.492,0.000,0.000,2.498,
2026-04-18 07:00:00,Saturday,7,0.114,1.826,0.000,0.353,0.000,0.000,2.293,
2026-04-18 08:00:00,Saturday,8,0.116,1.619,0.000,0.390,0.000,0.000,2.125,
2026-04-18 09:00:00,Saturday,9,0.115,1.676,0.000,0.000,0.147,0.000,1.938,
2026-04-18 10:00:00,Saturday,10,0.099,1.502,0.000,0.000,0.187,0.505,2.293,pralka
2026-04-18 11:00:00,Saturday,11,0.105,1.246,0.000,0.000,0.199,0.000,1.550,
2026-04-18 12:00:00,Saturday,12,0.090,1.318,0.000,0.000,0.176,0.000,1.584,
2026-04-18 13:00:00,Saturday,13,0.110,1.291,0.000,0.754,0.134,0.677,2.966,zmywarka
2026-04-18 14:00:00,Saturday,14,0.112,1.132,0.000,0.000,0.184,0.000,1.428,
2026-04-18 15:00:00,Saturday,15,0.108,1.219,0.000,0.000,0.119,0.000,1.446,
2026-04-18 16:00:00,Saturday,16,0.117,1.075,0.000,0.000,0.142,0.000,1.334,
2026-04-18 17:00:00,Saturday,17,0.118,1.260,0.000,0.535,0.250,0.000,2.163,
2026-04-18 18:00:00,Saturday,18,0.103,1.347,0.000,0.000,0.121,0.000,1.571,
2026-04-18 19:00:00,Saturday,19,0.106,1.349,0.000,0.000,0.185,0.000,1.640,
2026-04-18 20:00:00,Saturday,20,0.125,1.336,0.214,0.000,0.274,0.000,1.949,
2026-04-18 21:00:00,Saturday,21,0.100,1.253,0.112,0.000,0.234,0.000,1.699,
2026-04-18 22:00:00,Saturday,22,0.102,1.270,0.103,0.000,0.272,0.000,1.747,
2026-04-18 23:00:00,Saturday,23,0.108,1.091,0.000,0.000,0.000,0.000,1.199,
2026-04-19 00:00:00,Sunday,0,0.134,1.296,0.000,0.000,0.000,0.000,1.430,
2026-04-19 01:00:00,Sunday,1,0.101,1.381,0.000,0.000,0.000,0.000,1.482,
2026-04-19 02:00:00,Sunday,2,0.123,1.446,0.000,0.000,0.000,0.000,1.569,
2026-04-19 03:00:00,Sunday,3,0.100,1.327,0.000,0.000,0.000,0.000,1.427,
2026-04-19 04:00:00,Sunday,4,0.097,1.372,0.000,0.000,0.000,0.000,1.469,
2026-04-19 05:00:00,Sunday,5,0.102,1.402,0.000,0.000,0.000,0.000,1.504,
2026-04-19 06:00:00,Sunday,6,0.091,1.619,0.154,0.242,0.000,0.000,2.106,
2026-04-19 07:00:00,Sunday,7,0.102,1.325,0.000,0.244,0.000,0.000,1.671,
2026-04-19 08:00:00,Sunday,8,0.122,1.310,0.000,0.395,0.000,0.000,1.827,
2026-04-19 09:00:00,Sunday,9,0.122,1.374,0.000,0.000,0.042,0.000,1.538,
2026-04-19 10:00:00,Sunday,10,0.099,1.504,0.000,0.000,0.099,0.000,1.702,
2026-04-19 11:00:00,Sunday,11,0.108,1.262,0.000,0.000,0.180,0.000,1.550,
2026-04-19 12:00:00,Sunday,12,0.110,1.154,0.000,0.662,0.057,0.000,1.983,
2026-04-19 13:00:00,Sunday,13,0.122,1.193,0.000,0.000,0.163,0.916,2.394,zmywarka
2026-04-19 14:00:00,Sunday,14,0.102,1.225,0.000,0.000,0.159,0.000,1.486,
2026-04-19 15:00:00,Sunday,15,0.097,1.420,0.000,0.000,0.190,0.000,1.707,
2026-04-19 16:00:00,Sunday,16,0.090,1.138,0.000,0.000,0.138,0.000,1.366,
2026-04-19 17:00:00,Sunday,17,0.110,1.164,0.000,1.004,0.242,0.000,2.520,goście
2026-04-19 18:00:00,Sunday,18,0.118,1.269,0.000,0.000,0.186,0.000,1.573,goście
2026-04-19 19:00:00,Sunday,19,0.123,1.154,0.000,0.000,0.189,0.000,1.466,goście
2026-04-19 20:00:00,Sunday,20,0.113,1.361,0.183,0.000,0.128,0.000,1.785,goście
2026-04-19 21:00:00,Sunday,21,0.126,1.506,0.119,0.000,0.188,0.000,1.939,goście
2026-04-19 22:00:00,Sunday,22,0.118,1.358,0.073,0.000,0.218,0.000,1.767,
2026-04-19 23:00:00,Sunday,23,0.130,1.312,0.000,0.000,0.000,0.000,1.442,
2026-04-20 00:00:00,Monday,0,0.121,1.436,0.000,0.000,0.000,0.000,1.557,
2026-04-20 01:00:00,Monday,1,0.103,1.450,0.000,0.000,0.000,0.000,1.553,
2026-04-20 02:00:00,Monday,2,0.111,1.466,0.000,0.000,0.000,0.000,1.577,
2026-04-20 03:00:00,Monday,3,0.134,1.967,0.000,0.000,0.000,0.000,2.101,
2026-04-20 04:00:00,Monday,4,0.117,1.880,0.000,0.000,0.000,0.000,1.997,
2026-04-20 05:00:00,Monday,5,0.106,1.666,0.000,0.000,0.000,0.000,1.772,
2026-04-20 06:00:00,Monday,6,0.102,2.202,0.070,0.449,0.000,0.000,2.823,
2026-04-20 07:00:00,Monday,7,0.111,2.128,0.000,0.159,0.000,0.000,2.398,
2026-04-20 08:00:00,Monday,8,0.113,1.853,0.000,0.422,0.000,0.000,2.388,
2026-04-20 09:00:00,Monday,9,0.100,1.724,0.000,0.000,0.110,0.000,1.934,
2026-04-20 10:00:00,Monday,10,0.089,1.652,0.000,0.000,0.115,0.000,1.856,
2026-04-20 11:00:00,Monday,11,0.122,1.474,0.000,0.000,0.074,0.000,1.670,
2026-04-20 12:00:00,Monday,12,0.106,1.023,0.000,0.251,0.115,0.000,1.495,
2026-04-20 13:00:00,Monday,13,0.104,1.234,0.000,0.000,0.079,0.000,1.417,
2026-04-20 14:00:00,Monday,14,0.093,1.244,0.000,0.000,0.101,0.000,1.438,
2026-04-20 15:00:00,Monday,15,0.094,1.167,0.000,0.000,0.098,0.000,1.359,
2026-04-20 16:00:00,Monday,16,0.098,0.943,0.000,0.000,0.080,0.000,1.121,
2026-04-20 17:00:00,Monday,17,0.120,0.853,0.000,0.000,0.194,0.000,1.167,
2026-04-20 18:00:00,Monday,18,0.098,1.106,0.000,0.953,0.199,0.000,2.356,
2026-04-20 19:00:00,Monday,19,0.126,0.980,0.000,0.000,0.196,0.000,1.302,
2026-04-20 20:00:00,Monday,20,0.108,1.188,0.178,0.000,0.276,0.645,2.395,zmywarka
2026-04-20 21:00:00,Monday,21,0.124,1.258,0.085,0.000,0.190,0.000,1.657,
2026-04-20 22:00:00,Monday,22,0.109,1.355,0.054,0.000,0.254,0.000,1.772,
2026-04-20 23:00:00,Monday,23,0.097,1.625,0.000,0.000,0.000,0.000,1.722,
2026-04-21 00:00:00,Tuesday,0,0.127,1.443,0.000,0.000,0.000,0.000,1.570,
2026-04-21 01:00:00,Tuesday,1,0.103,1.490,0.000,0.000,0.000,0.000,1.593,
2026-04-21 02:00:00,Tuesday,2,0.127,1.745,0.000,0.000,0.000,0.000,1.872,
2026-04-21 03:00:00,Tuesday,3,0.118,1.943,0.000,0.000,0.000,0.000,2.061,
2026-04-21 04:00:00,Tuesday,4,0.104,2.101,0.000,0.000,0.000,0.000,2.205,
2026-04-21 05:00:00,Tuesday,5,0.114,2.168,0.000,0.000,0.000,0.000,2.282,
2026-04-21 06:00:00,Tuesday,6,0.109,2.428,0.000,0.482,0.000,0.000,3.019,
2026-04-21 07:00:00,Tuesday,7,0.117,2.141,0.000,0.275,0.000,0.000,2.533,
2026-04-21 08:00:00,Tuesday,8,0.118,1.973,0.000,0.388,0.000,0.000,2.479,
2026-04-21 09:00:00,Tuesday,9,0.104,1.653,0.000,0.000,0.115,0.000,1.872,
2026-04-21 10:00:00,Tuesday,10,0.121,1.763,0.000,0.000,0.108,0.000,1.992,
2026-04-21 11:00:00,Tuesday,11,0.115,1.466,0.000,0.000,0.090,0.000,1.671,
2026-04-21 12:00:00,Tuesday,12,0.090,1.075,0.000,0.241,0.098,0.000,1.504,
2026-04-21 13:00:00,Tuesday,13,0.116,0.874,0.000,0.000,0.094,0.750,1.834,pralka
2026-04-21 14:00:00,Tuesday,14,0.118,1.006,0.000,0.000,0.071,0.000,1.195,
2026-04-21 15:00:00,Tuesday,15,0.116,0.746,0.000,0.000,0.141,0.000,1.003,
2026-04-21 16:00:00,Tuesday,16,0.125,0.784,0.000,0.000,0.100,0.000,1.009,
2026-04-21 17:00:00,Tuesday,17,0.089,0.749,0.000,0.000,0.255,0.000,1.093,
2026-04-21 18:00:00,Tuesday,18,0.093,0.818,0.000,0.567,0.254,0.000,1.732,
2026-04-21 19:00:00,Tuesday,19,0.095,0.924,0.000,0.000,0.229,0.000,1.248,
2026-04-21 20:00:00,Tuesday,20,0.108,0.966,0.146,0.000,0.236,0.646,2.102,zmywarka
2026-04-21 21:00:00,Tuesday,21,0.124,1.078,0.166,0.000,0.149,0.000,1.517,
2026-04-21 22:00:00,Tuesday,22,0.098,1.030,0.064,0.000,0.186,0.000,1.378,
2026-04-21 23:00:00,Tuesday,23,0.102,1.349,0.000,0.000,0.000,0.000,1.451,
2026-04-22 00:00:00,Wednesday,0,0.090,1.130,0.000,0.000,0.000,0.000,1.220,
2026-04-22 01:00:00,Wednesday,1,0.145,1.172,0.000,0.000,0.000,0.000,1.317,
2026-04-22 02:00:00,Wednesday,2,0.134,1.314,0.000,0.000,0.000,0.000,1.448,
2026-04-22 03:00:00,Wednesday,3,0.093,1.234,0.000,0.000,0.000,0.000,1.327,
2026-04-22 04:00:00,Wednesday,4,0.134,1.342,0.000,0.000,0.000,0.000,1.476,
2026-04-22 05:00:00,Wednesday,5,0.121,1.268,0.000,0.000,0.000,0.000,1.389,
2026-04-22 06:00:00,Wednesday,6,0.089,1.674,0.000,0.213,0.000,0.000,1.976,
2026-04-22 07:00:00,Wednesday,7,0.095,1.655,0.000,0.471,0.000,0.000,2.221,
2026-04-22 08:00:00,Wednesday,8,0.102,1.170,0.000,0.341,0.000,0.000,1.613,
2026-04-22 09:00:00,Wednesday,9,0.122,1.127,0.000,0.000,0.251,0.000,1.500,praca zdalna
2026-04-22 10:00:00,Wednesday,10,0.100,0.830,0.000,0.000,0.176,0.000,1.106,praca zdalna
2026-04-22 11:00:00,Wednesday,11,0.102,0.761,0.000,0.000,0.209,0.000,1.072,praca zdalna
2026-04-22 12:00:00,Wednesday,12,0.101,0.533,0.000,0.353,0.226,0.000,1.213,praca zdalna
2026-04-22 13:00:00,Wednesday,13,0.100,0.538,0.000,0.000,0.168,0.534,1.340,praca zdalna; pralka
2026-04-22 14:00:00,Wednesday,14,0.113,0.426,0.000,0.000,0.188,1.755,2.482,praca zdalna; suszarka
2026-04-22 15:00:00,Wednesday,15,0.117,0.442,0.000,0.000,0.238,0.000,0.797,praca zdalna
2026-04-22 16:00:00,Wednesday,16,0.106,0.375,0.000,0.000,0.213,0.000,0.694,praca zdalna
2026-04-22 17:00:00,Wednesday,17,0.106,0.559,0.000,0.000,0.246,0.000,0.911,
2026-04-22 18:00:00,Wednesday,18,0.114,0.594,0.000,0.605,0.202,0.000,1.515,
2026-04-22 19:00:00,Wednesday,19,0.108,0.519,0.000,0.000,0.128,0.000,0.755,
2026-04-22 20:00:00,Wednesday,20,0.109,0.686,0.167,0.000,0.217,0.679,1.858,zmywarka
2026-04-22 21:00:00,Wednesday,21,0.113,0.709,0.123,0.000,0.238,0.000,1.183,
2026-04-22 22:00:00,Wednesday,22,0.124,0.781,0.086,0.000,0.256,0.000,1.247,
2026-04-22 23:00:00,Wednesday,23,0.138,1.017,0.000,0.000,0.000,0.000,1.155,
2026-04-23 00:00:00,Thursday,0,0.098,1.174,0.000,0.000,0.000,0.000,1.272,
2026-04-23 01:00:00,Thursday,1,0.124,1.268,0.000,0.000,0.000,0.000,1.392,
2026-04-23 02:00:00,Thursday,2,0.114,1.154,0.000,0.000,0.000,0.000,1.268,
2026-04-23 03:00:00,Thursday,3,0.102,1.205,0.000,0.000,0.000,0.000,1.307,
2026-04-23 04:00:00,Thursday,4,0.115,1.322,0.000,0.000,0.000,0.000,1.437,
2026-04-23 05:00:00,Thursday,5,0.114,1.410,0.000,0.000,0.000,0.000,1.524,
2026-04-23 06:00:00,Thursday,6,0.112,1.415,0.000,0.356,0.000,0.000,1.883,
2026-04-23 07:00:00,Thursday,7,0.090,1.307,0.000,0.275,0.000,0.000,1.672,
2026-04-23 08:00:00,Thursday,8,0.100,1.454,0.000,0.271,0.000,0.000,1.825,
2026-04-23 09:00:00,Thursday,9,0.122,1.231,0.000,0.000,0.086,0.000,1.439,
2026-04-23 10:00:00,Thursday,10,0.098,0.904,0.000,0.000,0.102,0.000,1.104,
2026-04-23 11:00:00,Thursday,11,0.127,0.710,0.000,0.000,0.102,0.000,0.939,
2026-04-23 12:00:00,Thursday,12,0.089,0.626,0.000,0.000,0.102,0.000,0.817,
2026-04-23 13:00:00,Thursday,13,0.110,0.566,0.000,0.338,0.067,0.000,1.081,
2026-04-23 14:00:00,Thursday,14,0.101,0.498,0.000,0.000,0.090,0.000,0.689,
2026-04-23 15:00:00,Thursday,15,0.111,0.428,0.000,0.000,0.196,0.000,0.735,
2026-04-23 16:00:00,Thursday,16,0.098,0.538,0.000,0.000,0.160,0.000,0.796,
2026-04-23 17:00:00,Thursday,17,0.123,0.598,0.000,0.000,0.269,0.000,0.990,
2026-04-23 18:00:00,Thursday,18,0.110,0.493,0.000,1.124,0.151,0.000,1.878,
2026-04-23 19:00:00,Thursday,19,0.098,0.706,0.000,0.000,0.218,0.000,1.022,
2026-04-23 20:00:00,Thursday,20,0.108,0.699,0.117,0.000,0.246,0.850,2.020,zmywarka
2026-04-23 21:00:00,Thursday,21,0.090,0.715,0.185,0.000,0.176,0.000,1.166,
2026-04-23 22:00:00,Thursday,22,0.116,0.638,0.059,0.000,0.210,0.000,1.023,
2026-04-23 23:00:00,Thursday,23,0.094,0.812,0.000,0.000,0.000,0.000,0.906,
2026-04-24 00:00:00,Friday,0,0.125,0.846,0.000,0.000,0.000,0.000,0.971,
2026-04-24 01:00:00,Friday,1,0.105,0.897,0.000,0.000,0.000,0.000,1.002,
2026-04-24 02:00:00,Friday,2,0.108,1.102,0.000,0.000,0.000,0.000,1.210,
2026-04-24 03:00:00,Friday,3,0.100,1.354,0.000,0.000,0.000,0.000,1.454,
2026-04-24 04:00:00,Friday,4,0.113,1.247,0.000,0.000,0.000,0.000,1.360,
2026-04-24 05:00:00,Friday,5,0.118,1.505,0.000,0.000,0.000,0.000,1.623,
2026-04-24 06:00:00,Friday,6,0.126,1.680,0.000,0.400,0.000,0.000,2.206,
2026-04-24 07:00:00,Friday,7,0.118,1.340,0.000,0.344,0.000,0.000,1.802,
2026-04-24 08:00:00,Friday,8,0.125,1.289,0.000,0.178,0.000,0.000,1.592,
2026-04-24 09:00:00,Friday,9,0.106,0.895,0.000,0.000,0.092,0.000,1.093,
2026-04-24 10:00:00,Friday,10,0.120,0.828,0.000,0.000,0.118,0.000,1.066,
2026-04-24 11:00:00,Friday,11,0.091,0.670,0.000,0.000,0.118,0.000,0.879,
2026-04-24 12:00:00,Friday,12,0.104,0.497,0.000,0.604,0.077,0.000,1.282,
2026-04-24 13:00:00,Friday,13,0.128,0.519,0.000,0.000,0.120,0.000,0.767,
2026-04-24 14:00:00,Friday,14,0.106,0.424,0.000,0.000,0.087,0.000,0.617,
2026-04-24 15:00:00,Friday,15,0.110,0.470,0.000,0.000,0.090,0.000,0.670,
2026-04-24 16:00:00,Friday,16,0.113,0.425,0.000,0.000,0.140,0.000,0.678,
2026-04-24 17:00:00,Friday,17,0.092,0.526,0.000,0.000,0.266,0.000,0.884,
2026-04-24 18:00:00,Friday,18,0.108,0.522,0.000,0.675,0.222,0.000,1.527,
2026-04-24 19:00:00,Friday,19,0.091,0.630,0.000,0.000,0.246,0.000,0.967,
2026-04-24 20:00:00,Friday,20,0.122,0.537,0.219,0.000,0.202,0.865,1.945,zmywarka
2026-04-24 21:00:00,Friday,21,0.120,0.610,0.135,0.000,0.238,0.000,1.103,
2026-04-24 22:00:00,Friday,22,0.121,0.676,0.086,0.000,0.219,0.000,1.102,
2026-04-24 23:00:00,Friday,23,0.117,0.844,0.000,0.000,0.000,0.000,0.961,
2026-04-25 00:00:00,Saturday,0,0.098,0.986,0.000,0.000,0.000,0.000,1.084,
2026-04-25 01:00:00,Saturday,1,0.139,1.298,0.000,0.000,0.000,0.000,1.437,
2026-04-25 02:00:00,Saturday,2,0.095,1.300,0.000,0.000,0.000,0.000,1.395,
2026-04-25 03:00:00,Saturday,3,0.113,1.500,0.000,0.000,0.000,0.000,1.613,
2026-04-25 04:00:00,Saturday,4,0.117,1.374,0.000,0.000,0.000,0.000,1.491,
2026-04-25 05:00:00,Saturday,5,0.129,1.431,0.000,0.000,0.000,0.000,1.560,
2026-04-25 06:00:00,Saturday,6,0.098,1.603,0.000,0.241,0.000,0.000,1.942,
2026-04-25 07:00:00,Saturday,7,0.123,1.341,0.000,0.377,0.000,0.000,1.841,
2026-04-25 08:00:00,Saturday,8,0.128,1.430,0.000,0.274,0.000,0.000,1.832,
2026-04-25 09:00:00,Saturday,9,0.122,1.291,0.000,0.000,0.162,0.000,1.575,
2026-04-25 10:00:00,Saturday,10,0.115,0.985,0.000,0.000,0.062,0.685,1.847,pralka
2026-04-25 11:00:00,Saturday,11,0.118,0.898,0.000,0.000,0.189,0.000,1.205,
2026-04-25 12:00:00,Saturday,12,0.121,1.047,0.000,0.000,0.188,0.000,1.356,
2026-04-25 13:00:00,Saturday,13,0.122,1.127,0.000,1.011,0.066,0.882,3.208,zmywarka
2026-04-25 14:00:00,Saturday,14,0.100,1.067,0.000,0.000,0.186,0.000,1.353,
2026-04-25 15:00:00,Saturday,15,0.103,1.039,0.000,0.000,0.117,0.000,1.259,
2026-04-25 16:00:00,Saturday,16,0.110,0.793,0.000,0.000,0.170,0.000,1.073,
2026-04-25 17:00:00,Saturday,17,0.114,0.986,0.000,0.000,0.135,0.000,1.235,
2026-04-25 18:00:00,Saturday,18,0.106,1.177,0.000,0.822,0.219,0.000,2.324,
2026-04-25 19:00:00,Saturday,19,0.110,1.302,0.000,0.000,0.203,0.000,1.615,
2026-04-25 20:00:00,Saturday,20,0.090,1.354,0.113,0.000,0.141,0.000,1.698,
2026-04-25 21:00:00,Saturday,21,0.110,1.421,0.164,0.000,0.258,0.000,1.953,
2026-04-25 22:00:00,Saturday,22,0.109,1.274,0.116,0.000,0.263,0.000,1.762,
2026-04-25 23:00:00,Saturday,23,0.107,1.444,0.000,0.000,0.000,0.000,1.551,
2026-04-26 00:00:00,Sunday,0,0.111,1.423,0.000,0.000,0.000,0.000,1.534,
2026-04-26 01:00:00,Sunday,1,0.093,1.329,0.000,0.000,0.000,0.000,1.422,
2026-04-26 02:00:00,Sunday,2,0.128,1.427,0.000,0.000,0.000,0.000,1.555,
2026-04-26 03:00:00,Sunday,3,0.107,1.542,0.000,0.000,0.000,0.000,1.649,
2026-04-26 04:00:00,Sunday,4,0.098,1.380,0.000,0.000,0.000,0.000,1.478,
2026-04-26 05:00:00,Sunday,5,0.140,1.625,0.000,0.000,0.000,0.000,1.765,
2026-04-26 06:00:00,Sunday,6,0.107,1.906,0.000,0.237,0.000,0.000,2.250,
2026-04-26 07:00:00,Sunday,7,0.118,1.859,0.000,0.321,0.000,0.000,2.298,
2026-04-26 08:00:00,Sunday,8,0.125,1.709,0.000,0.412,0.000,0.000,2.246,
2026-04-26 09:00:00,Sunday,9,0.105,1.349,0.000,0.000,0.134,0.000,1.588,
2026-04-26 10:00:00,Sunday,10,0.098,1.347,0.000,0.000,0.118,0.000,1.563,
2026-04-26 11:00:00,Sunday,11,0.090,1.071,0.000,0.000,0.173,0.000,1.334,
2026-04-26 12:00:00,Sunday,12,0.126,1.234,0.000,0.000,0.108,0.000,1.468,
2026-04-26 13:00:00,Sunday,13,0.121,1.114,0.000,0.802,0.177,0.883,3.097,zmywarka
2026-04-26 14:00:00,Sunday,14,0.090,1.122,0.000,0.000,0.116,0.000,1.328,
2026-04-26 15:00:00,Sunday,15,0.124,0.821,0.000,0.000,0.173,0.000,1.118,
2026-04-26 16:00:00,Sunday,16,0.115,0.971,0.000,0.000,0.181,0.000,1.267,
2026-04-26 17:00:00,Sunday,17,0.118,1.023,0.000,0.753,0.235,0.000,2.129,
2026-04-26 18:00:00,Sunday,18,0.094,0.970,0.000,0.000,0.279,0.000,1.343,
2026-04-26 19:00:00,Sunday,19,0.091,0.865,0.000,0.000,0.277,0.000,1.233,
2026-04-26 20:00:00,Sunday,20,0.118,0.942,0.132,0.000,0.188,0.000,1.380,
2026-04-26 21:00:00,Sunday,21,0.108,1.286,0.129,0.000,0.255,0.000,1.778,
2026-04-26 22:00:00,Sunday,22,0.098,1.190,0.093,0.000,0.189,0.000,1.570,
2026-04-26 23:00:00,Sunday,23,0.146,1.024,0.000,0.000,0.000,0.000,1.170,
2026-04-27 00:00:00,Monday,0,0.105,1.362,0.000,0.000,0.000,0.000,1.467,
2026-04-27 01:00:00,Monday,1,0.130,1.429,0.000,0.000,0.000,0.000,1.559,
2026-04-27 02:00:00,Monday,2,0.090,1.254,0.000,0.000,0.000,0.000,1.344,
2026-04-27 03:00:00,Monday,3,0.123,1.376,0.000,0.000,0.000,0.000,1.499,
2026-04-27 04:00:00,Monday,4,0.117,1.511,0.000,0.000,0.000,0.000,1.628,
2026-04-27 05:00:00,Monday,5,0.122,1.374,0.000,0.000,0.000,0.000,1.496,
2026-04-27 06:00:00,Monday,6,0.098,1.918,0.000,0.262,0.000,0.000,2.278,
2026-04-27 07:00:00,Monday,7,0.102,1.865,0.000,0.141,0.000,0.000,2.108,
2026-04-27 08:00:00,Monday,8,0.112,1.682,0.000,0.178,0.000,0.000,1.972,
2026-04-27 09:00:00,Monday,9,0.122,1.642,0.000,0.000,0.096,0.000,1.860,
2026-04-27 10:00:00,Monday,10,0.124,1.328,0.000,0.000,0.078,0.000,1.530,
2026-04-27 11:00:00,Monday,11,0.105,1.229,0.000,0.000,0.067,0.000,1.401,
2026-04-27 12:00:00,Monday,12,0.114,1.183,0.000,0.559,0.100,0.000,1.956,
2026-04-27 13:00:00,Monday,13,0.114,1.022,0.000,0.000,0.100,0.000,1.236,
2026-04-27 14:00:00,Monday,14,0.104,0.947,0.000,0.000,0.131,0.000,1.182,
2026-04-27 15:00:00,Monday,15,0.128,0.861,0.000,0.000,0.088,0.000,1.077,
2026-04-27 16:00:00,Monday,16,0.098,0.891,0.000,0.000,0.098,0.000,1.087,
2026-04-27 17:00:00,Monday,17,0.114,0.827,0.000,0.730,0.253,0.000,1.924,
2026-04-27 18:00:00,Monday,18,0.098,1.055,0.000,0.000,0.129,0.000,1.282,
2026-04-27 19:00:00,Monday,19,0.107,1.002,0.000,0.000,0.251,0.886,2.246,zmywarka
2026-04-27 20:00:00,Monday,20,0.099,1.166,0.174,0.000,0.258,0.000,1.697,
2026-04-27 21:00:00,Monday,21,0.112,1.330,0.190,0.000,0.200,0.000,1.832,
2026-04-27 22:00:00,Monday,22,0.118,1.093,0.081,0.000,0.168,0.000,1.460,
2026-04-27 23:00:00,Monday,23,0.118,1.322,0.000,0.000,0.000,0.000,1.440,
2026-04-28 00:00:00,Tuesday,0,0.123,1.087,0.000,0.000,0.000,0.000,1.210,
2026-04-28 01:00:00,Tuesday,1,0.091,1.094,0.000,0.000,0.000,0.000,1.185,
2026-04-28 02:00:00,Tuesday,2,0.104,1.434,0.000,0.000,0.000,0.000,1.538,
2026-04-28 03:00:00,Tuesday,3,0.092,1.523,0.000,0.000,0.000,0.000,1.615,
2026-04-28 04:00:00,Tuesday,4,0.133,1.564,0.000,0.000,0.000,0.000,1.697,
2026-04-28 05:00:00,Tuesday,5,0.099,1.649,0.000,0.000,0.000,0.000,1.748,
2026-04-28 06:00:00,Tuesday,6,0.102,1.895,0.000,0.270,0.000,0.000,2.267,
2026-04-28 07:00:00,Tuesday,7,0.106,1.539,0.000,0.378,0.000,0.000,2.023,
2026-04-28 08:00:00,Tuesday,8,0.094,1.414,0.000,0.230,0.000,0.000,1.738,
2026-04-28 09:00:00,Tuesday,9,0.126,1.154,0.000,0.000,0.120,0.000,1.400,
2026-04-28 10:00:00,Tuesday,10,0.107,1.047,0.000,0.000,0.102,0.000,1.256,
2026-04-28 11:00:00,Tuesday,11,0.118,0.996,0.000,0.000,0.109,0.000,1.223,
2026-04-28 12:00:00,Tuesday,12,0.095,0.762,0.000,0.000,0.079,0.766,1.702,pralka
2026-04-28 13:00:00,Tuesday,13,0.100,0.944,0.000,0.378,0.089,0.000,1.511,
2026-04-28 14:00:00,Tuesday,14,0.122,0.911,0.000,0.000,0.122,0.000,1.155,
2026-04-28 15:00:00,Tuesday,15,0.126,0.973,0.000,0.000,0.084,0.000,1.183,
2026-04-28 16:00:00,Tuesday,16,0.122,0.761,0.000,0.000,0.103,0.000,0.986,
2026-04-28 17:00:00,Tuesday,17,0.102,0.914,0.000,0.000,0.246,0.000,1.262,
2026-04-28 18:00:00,Tuesday,18,0.127,0.823,0.000,0.764,0.226,0.000,1.940,
2026-04-28 19:00:00,Tuesday,19,0.092,0.873,0.000,0.000,0.221,0.000,1.186,
2026-04-28 20:00:00,Tuesday,20,0.094,0.978,0.155,0.000,0.160,0.769,2.156,zmywarka
2026-04-28 21:00:00,Tuesday,21,0.094,1.190,0.235,0.000,0.177,0.000,1.696,
2026-04-28 22:00:00,Tuesday,22,0.107,1.206,0.098,0.000,0.270,0.000,1.681,
2026-04-28 23:00:00,Tuesday,23,0.134,0.930,0.000,0.000,0.000,0.000,1.064,
2026-04-29 00:00:00,Wednesday,0,0.110,1.008,0.000,0.000,0.000,0.000,1.118,
2026-04-29 01:00:00,Wednesday,1,0.091,1.166,0.000,0.000,0.000,0.000,1.257,
2026-04-29 02:00:00,Wednesday,2,0.106,1.311,0.000,0.000,0.000,0.000,1.417,
2026-04-29 03:00:00,Wednesday,3,0.104,1.725,0.000,0.000,0.000,0.000,1.829,
2026-04-29 04:00:00,Wednesday,4,0.107,1.547,0.000,0.000,0.000,0.000,1.654,
2026-04-29 05:00:00,Wednesday,5,0.141,1.554,0.000,0.000,0.000,0.000,1.695,
2026-04-29 06:00:00,Wednesday,6,0.122,1.776,0.066,0.302,0.000,0.000,2.266,
2026-04-29 07:00:00,Wednesday,7,0.111,1.700,0.000,0.356,0.000,0.000,2.167,
2026-04-29 08:00:00,Wednesday,8,0.102,1.568,0.000,0.447,0.000,0.000,2.117,
2026-04-29 09:00:00,Wednesday,9,0.106,1.364,0.000,0.000,0.069,0.000,1.539,
2026-04-29 10:00:00,Wednesday,10,0.100,0.988,0.000,0.000,0.076,0.000,1.164,
2026-04-29 11:00:00,Wednesday,11,0.099,0.890,0.000,0.000,0.108,0.000,1.097,
2026-04-29 12:00:00,Wednesday,12,0.099,0.967,0.000,0.000,0.086,0.000,1.152,
2026-04-29 13:00:00,Wednesday,13,0.094,0.883,0.000,0.472,0.104,0.000,1.553,
2026-04-29 14:00:00,Wednesday,14,0.101,0.820,0.000,0.000,0.197,0.000,1.118,
2026-04-29 15:00:00,Wednesday,15,0.115,0.642,0.000,0.000,0.168,0.000,0.925,
2026-04-29 16:00:00,Wednesday,16,0.128,0.750,0.000,0.000,0.086,0.000,0.964,
2026-04-29 17:00:00,Wednesday,17,0.118,0.698,0.000,1.184,0.166,0.000,2.166,
2026-04-29 18:00:00,Wednesday,18,0.106,0.578,0.000,0.000,0.199,0.000,0.883,
2026-04-29 19:00:00,Wednesday,19,0.116,0.760,0.000,0.000,0.258,0.000,1.134,
2026-04-29 20:00:00,Wednesday,20,0.100,0.725,0.109,0.000,0.226,0.822,1.982,zmywarka
2026-04-29 21:00:00,Wednesday,21,0.095,0.732,0.091,0.000,0.255,0.000,1.173,
2026-04-29 22:00:00,Wednesday,22,0.109,0.756,0.107,0.000,0.194,0.000,1.166,
2026-04-29 23:00:00,Wednesday,23,0.110,0.836,0.000,0.000,0.000,0.000,0.946,
2026-04-30 00:00:00,Thursday,0,0.104,0.887,0.000,0.000,0.000,0.000,0.991,
2026-04-30 01:00:00,Thursday,1,0.116,1.048,0.000,0.000,0.000,0.000,1.164,
2026-04-30 02:00:00,Thursday,2,0.136,0.985,0.000,0.000,0.000,0.000,1.121,
2026-04-30 03:00:00,Thursday,3,0.132,1.011,0.000,0.000,0.000,0.000,1.143,
2026-04-30 04:00:00,Thursday,4,0.106,1.362,0.000,0.000,0.000,0.000,1.468,
2026-04-30 05:00:00,Thursday,5,0.125,1.146,0.000,0.000,0.000,0.000,1.271,
2026-04-30 06:00:00,Thursday,6,0.115,1.296,0.000,0.378,0.000,0.000,1.789,
2026-04-30 07:00:00,Thursday,7,0.089,1.377,0.000,0.306,0.000,0.000,1.772,
2026-04-30 08:00:00,Thursday,8,0.114,1.200,0.000,0.253,0.000,0.000,1.567,
2026-04-30 09:00:00,Thursday,9,0.115,0.991,0.000,0.000,0.098,0.000,1.204,
2026-04-30 10:00:00,Thursday,10,0.113,0.718,0.000,0.000,0.090,0.000,0.921,
2026-04-30 11:00:00,Thursday,11,0.094,0.552,0.000,0.000,0.105,0.000,0.751,
2026-04-30 12:00:00,Thursday,12,0.090,0.462,0.000,0.000,0.070,0.000,0.622,
2026-04-30 13:00:00,Thursday,13,0.122,0.344,0.000,0.337,0.119,0.000,0.922,
2026-04-30 14:00:00,Thursday,14,0.122,0.242,0.000,0.000,0.144,0.000,0.508,
2026-04-30 15:00:00,Thursday,15,0.119,0.240,0.000,0.000,0.086,0.000,0.445,
2026-04-30 16:00:00,Thursday,16,0.101,0.295,0.000,0.000,0.113,0.000,0.509,
2026-04-30 17:00:00,Thursday,17,0.128,0.270,0.000,0.000,0.148,0.000,0.546,
2026-04-30 18:00:00,Thursday,18,0.118,0.305,0.000,0.630,0.254,0.000,1.307,
2026-04-30 19:00:00,Thursday,19,0.094,0.434,0.000,0.000,0.162,0.000,0.690,
2026-04-30 20:00:00,Thursday,20,0.090,0.421,0.134,0.000,0.150,0.724,1.519,zmywarka
2026-04-30 21:00:00,Thursday,21,0.090,0.550,0.206,0.000,0.150,0.000,0.996,
2026-04-30 22:00:00,Thursday,22,0.110,0.587,0.077,0.000,0.166,0.000,0.940,
2026-04-30 23:00:00,Thursday,23,0.094,0.561,0.000,0.000,0.000,0.000,0.655,
2026-05-01 00:00:00,Friday,0,0.123,0.727,0.000,0.000,0.000,0.000,0.850,
2026-05-01 01:00:00,Friday,1,0.090,0.678,0.000,0.000,0.000,0.000,0.768,
2026-05-01 02:00:00,Friday,2,0.124,0.930,0.000,0.000,0.000,0.000,1.054,
2026-05-01 03:00:00,Friday,3,0.096,1.070,0.000,0.000,0.000,0.000,1.166,
2026-05-01 04:00:00,Friday,4,0.150,1.234,0.000,0.000,0.000,0.000,1.384,
2026-05-01 05:00:00,Friday,5,0.136,1.226,0.000,0.000,0.000,0.000,1.362,
2026-05-01 06:00:00,Friday,6,0.093,1.458,0.000,0.451,0.000,0.000,2.002,
2026-05-01 07:00:00,Friday,7,0.127,1.437,0.000,0.347,0.000,0.000,1.911,
2026-05-01 08:00:00,Friday,8,0.095,1.216,0.000,0.441,0.000,0.000,1.752,
2026-05-01 09:00:00,Friday,9,0.094,0.891,0.000,0.000,0.112,0.000,1.097,
2026-05-01 10:00:00,Friday,10,0.109,0.561,0.000,0.000,0.092,0.000,0.762,
2026-05-01 11:00:00,Friday,11,0.126,0.386,0.000,0.000,0.078,0.000,0.590,
2026-05-01 12:00:00,Friday,12,0.105,0.220,0.000,0.699,0.073,0.000,1.097,
2026-05-01 13:00:00,Friday,13,0.100,0.154,0.000,0.000,0.100,0.000,0.354,
2026-05-01 14:00:00,Friday,14,0.122,0.154,0.000,0.000,0.068,0.000,0.344,
2026-05-01 15:00:00,Friday,15,0.094,0.000,0.000,0.000,0.174,0.000,0.268,
2026-05-01 16:00:00,Friday,16,0.127,0.000,0.000,0.000,0.174,0.000,0.301,
2026-05-01 17:00:00,Friday,17,0.098,0.198,0.000,0.000,0.186,0.000,0.482,
2026-05-01 18:00:00,Friday,18,0.093,0.262,0.000,0.630,0.201,0.000,1.186,
2026-05-01 19:00:00,Friday,19,0.103,0.422,0.000,0.000,0.214,0.000,0.739,
2026-05-01 20:00:00,Friday,20,0.115,0.446,0.000,0.000,0.177,0.668,1.406,zmywarka
2026-05-01 21:00:00,Friday,21,0.126,0.610,0.238,0.000,0.132,0.000,1.106,
2026-05-01 22:00:00,Friday,22,0.105,0.380,0.119,0.000,0.226,0.000,0.830,
2026-05-01 23:00:00,Friday,23,0.146,0.359,0.000,0.000,0.000,0.000,0.505,
2026-05-02 00:00:00,Saturday,0,0.126,0.534,0.000,0.000,0.000,0.000,0.660,
2026-05-02 01:00:00,Saturday,1,0.090,0.682,0.000,0.000,0.000,0.000,0.772,
2026-05-02 02:00:00,Saturday,2,0.091,0.806,0.000,0.000,0.000,0.000,0.897,
2026-05-02 03:00:00,Saturday,3,0.115,0.870,0.000,0.000,0.000,0.000,0.985,
2026-05-02 04:00:00,Saturday,4,0.095,0.836,0.000,0.000,0.000,0.000,0.931,
2026-05-02 05:00:00,Saturday,5,0.117,0.856,0.000,0.000,0.000,0.000,0.973,
2026-05-02 06:00:00,Saturday,6,0.124,1.004,0.000,0.334,0.000,0.000,1.462,
2026-05-02 07:00:00,Saturday,7,0.125,0.845,0.000,0.391,0.000,0.000,1.361,
2026-05-02 08:00:00,Saturday,8,0.116,0.672,0.000,0.342,0.000,0.000,1.130,
2026-05-02 09:00:00,Saturday,9,0.126,0.552,0.000,0.000,0.108,0.000,0.786,
2026-05-02 10:00:00,Saturday,10,0.092,0.426,0.000,0.000,0.180,0.000,0.698,
2026-05-02 11:00:00,Saturday,11,0.103,0.396,0.000,0.000,0.159,0.000,0.658,
2026-05-02 12:00:00,Saturday,12,0.096,0.270,0.000,0.000,0.110,0.000,0.476,
2026-05-02 13:00:00,Saturday,13,0.114,0.256,0.000,0.262,0.122,0.000,0.754,
2026-05-02 14:00:00,Saturday,14,0.121,0.254,0.000,0.000,0.089,0.930,1.394,zmywarka
2026-05-02 15:00:00,Saturday,15,0.108,0.232,0.000,0.000,0.195,0.000,0.535,
2026-05-02 16:00:00,Saturday,16,0.090,0.186,0.000,0.000,0.107,0.000,0.383,
2026-05-02 17:00:00,Saturday,17,0.107,0.000,0.000,0.713,0.238,0.000,1.058,
2026-05-02 18:00:00,Saturday,18,0.089,0.000,0.000,0.000,0.275,0.000,0.364,
2026-05-02 19:00:00,Saturday,19,0.128,0.000,0.000,0.000,0.194,0.000,0.322,
2026-05-02 20:00:00,Saturday,20,0.091,0.000,0.000,0.000,0.226,0.000,0.317,
2026-05-02 21:00:00,Saturday,21,0.090,0.234,0.163,0.000,0.148,0.000,0.635,
2026-05-02 22:00:00,Saturday,22,0.116,0.000,0.066,0.000,0.244,0.000,0.426,
2026-05-02 23:00:00,Saturday,23,0.118,0.000,0.000,0.000,0.000,0.000,0.118,
2026-05-03 00:00:00,Sunday,0,0.108,0.000,0.000,0.000,0.000,0.000,0.108,
2026-05-03 01:00:00,Sunday,1,0.109,0.192,0.000,0.000,0.000,0.000,0.301,
2026-05-03 02:00:00,Sunday,2,0.100,0.291,0.000,0.000,0.000,0.000,0.391,
2026-05-03 03:00:00,Sunday,3,0.099,0.458,0.000,0.000,0.000,0.000,0.557,
2026-05-03 04:00:00,Sunday,4,0.092,0.478,0.000,0.000,0.000,0.000,0.570,
2026-05-03 05:00:00,Sunday,5,0.097,0.510,0.000,0.000,0.000,0.000,0.607,
2026-05-03 06:00:00,Sunday,6,0.108,0.869,0.000,0.440,0.000,0.000,1.417,
2026-05-03 07:00:00,Sunday,7,0.112,0.941,0.000,0.407,0.000,0.000,1.460,
2026-05-03 08:00:00,Sunday,8,0.089,0.824,0.000,0.353,0.000,0.000,1.266,
2026-05-03 09:00:00,Sunday,9,0.096,0.621,0.000,0.000,0.055,0.000,0.772,
2026-05-03 10:00:00,Sunday,10,0.101,0.627,0.000,0.000,0.182,0.000,0.910,
2026-05-03 11:00:00,Sunday,11,0.125,0.461,0.000,0.000,0.117,0.000,0.703,
2026-05-03 12:00:00,Sunday,12,0.126,0.403,0.000,1.049,0.169,0.000,1.747,
2026-05-03 13:00:00,Sunday,13,0.092,0.386,0.000,0.000,0.044,0.000,0.522,
2026-05-03 14:00:00,Sunday,14,0.088,0.509,0.000,0.000,0.171,0.920,1.688,zmywarka
2026-05-03 15:00:00,Sunday,15,0.121,0.394,0.000,0.000,0.136,0.000,0.651,
2026-05-03 16:00:00,Sunday,16,0.117,0.329,0.000,0.000,0.053,0.000,0.499,
2026-05-03 17:00:00,Sunday,17,0.090,0.428,0.000,0.000,0.184,0.000,0.702,
2026-05-03 18:00:00,Sunday,18,0.111,0.442,0.000,0.709,0.223,0.000,1.485,
2026-05-03 19:00:00,Sunday,19,0.121,0.685,0.000,0.000,0.162,0.000,0.968,
2026-05-03 20:00:00,Sunday,20,0.095,0.592,0.000,0.000,0.202,0.000,0.889,
2026-05-03 21:00:00,Sunday,21,0.114,0.665,0.124,0.000,0.263,0.000,1.166,
2026-05-03 22:00:00,Sunday,22,0.098,0.587,0.057,0.000,0.127,0.000,0.869,
2026-05-03 23:00:00,Sunday,23,0.107,0.778,0.000,0.000,0.000,0.000,0.885,
2026-05-04 00:00:00,Monday,0,0.115,0.755,0.000,0.000,0.000,0.000,0.870,
2026-05-04 01:00:00,Monday,1,0.096,0.766,0.000,0.000,0.000,0.000,0.862,
2026-05-04 02:00:00,Monday,2,0.118,0.814,0.000,0.000,0.000,0.000,0.932,
2026-05-04 03:00:00,Monday,3,0.116,0.748,0.000,0.000,0.000,0.000,0.864,
2026-05-04 04:00:00,Monday,4,0.150,0.677,0.000,0.000,0.000,0.000,0.827,
2026-05-04 05:00:00,Monday,5,0.118,0.579,0.000,0.000,0.000,0.000,0.697,
2026-05-04 06:00:00,Monday,6,0.104,0.866,0.000,0.257,0.000,0.000,1.227,
2026-05-04 07:00:00,Monday,7,0.126,0.863,0.000,0.238,0.000,0.000,1.227,
2026-05-04 08:00:00,Monday,8,0.101,0.824,0.000,0.374,0.000,0.000,1.299,
2026-05-04 09:00:00,Monday,9,0.091,0.862,0.000,0.000,0.086,0.000,1.039,
2026-05-04 10:00:00,Monday,10,0.112,0.907,0.000,0.000,0.117,0.000,1.136,
2026-05-04 11:00:00,Monday,11,0.098,0.762,0.000,0.000,0.108,0.000,0.968,
2026-05-04 12:00:00,Monday,12,0.114,0.623,0.000,0.000,0.114,0.622,1.473,pralka
2026-05-04 13:00:00,Monday,13,0.127,0.466,0.000,0.311,0.091,1.569,2.564,suszarka
2026-05-04 14:00:00,Monday,14,0.117,0.407,0.000,0.000,0.195,0.000,0.719,
2026-05-04 15:00:00,Monday,15,0.126,0.438,0.000,0.000,0.183,0.000,0.747,
2026-05-04 16:00:00,Monday,16,0.125,0.422,0.000,0.000,0.166,0.000,0.713,
2026-05-04 17:00:00,Monday,17,0.128,0.513,0.000,0.000,0.214,0.000,0.855,
2026-05-04 18:00:00,Monday,18,0.126,0.570,0.000,0.603,0.134,0.000,1.433,
2026-05-04 19:00:00,Monday,19,0.089,0.569,0.000,0.000,0.184,0.000,0.842,
2026-05-04 20:00:00,Monday,20,0.106,0.702,0.000,0.000,0.232,0.664,1.704,zmywarka
2026-05-04 21:00:00,Monday,21,0.102,0.696,0.136,0.000,0.219,0.000,1.153,
2026-05-04 22:00:00,Monday,22,0.096,0.686,0.043,0.000,0.242,0.000,1.067,
2026-05-04 23:00:00,Monday,23,0.109,0.813,0.000,0.000,0.000,0.000,0.922,
2026-05-05 00:00:00,Tuesday,0,0.106,0.930,0.000,0.000,0.000,0.000,1.036,
2026-05-05 01:00:00,Tuesday,1,0.118,0.826,0.000,0.000,0.000,0.000,0.944,
2026-05-05 02:00:00,Tuesday,2,0.090,1.074,0.000,0.000,0.000,0.000,1.164,
2026-05-05 03:00:00,Tuesday,3,0.099,1.052,0.000,0.000,0.000,0.000,1.151,
2026-05-05 04:00:00,Tuesday,4,0.111,1.312,0.000,0.000,0.000,0.000,1.423,
2026-05-05 05:00:00,Tuesday,5,0.128,1.078,0.000,0.000,0.000,0.000,1.206,
2026-05-05 06:00:00,Tuesday,6,0.094,1.550,0.000,0.246,0.000,0.000,1.890,
2026-05-05 07:00:00,Tuesday,7,0.119,1.462,0.000,0.421,0.000,0.000,2.002,
2026-05-05 08:00:00,Tuesday,8,0.120,1.080,0.000,0.339,0.000,0.000,1.539,
2026-05-05 09:00:00,Tuesday,9,0.098,1.068,0.000,0.000,0.111,0.000,1.277,
2026-05-05 10:00:00,Tuesday,10,0.120,0.927,0.000,0.000,0.074,0.000,1.121,
2026-05-05 11:00:00,Tuesday,11,0.123,0.786,0.000,0.000,0.101,0.611,1.621,pralka
2026-05-05 12:00:00,Tuesday,12,0.124,0.668,0.000,0.000,0.088,0.000,0.880,
2026-05-05 13:00:00,Tuesday,13,0.110,0.842,0.000,0.338,0.095,0.000,1.385,
2026-05-05 14:00:00,Tuesday,14,0.099,0.684,0.000,0.000,0.169,0.000,0.952,
2026-05-05 15:00:00,Tuesday,15,0.116,0.678,0.000,0.000,0.111,0.000,0.905,
2026-05-05 16:00:00,Tuesday,16,0.101,0.594,0.000,0.000,0.114,0.000,0.809,
2026-05-05 17:00:00,Tuesday,17,0.096,0.690,0.000,0.000,0.261,0.000,1.047,
2026-05-05 18:00:00,Tuesday,18,0.113,0.833,0.000,0.612,0.123,0.000,1.681,
2026-05-05 19:00:00,Tuesday,19,0.098,0.826,0.000,0.000,0.140,0.000,1.064,
2026-05-05 20:00:00,Tuesday,20,0.110,0.872,0.000,0.000,0.125,0.000,1.107,
2026-05-05 21:00:00,Tuesday,21,0.112,1.150,0.228,0.000,0.236,0.000,1.726,
2026-05-05 22:00:00,Tuesday,22,0.106,1.121,0.098,0.000,0.130,0.000,1.455,
2026-05-05 23:00:00,Tuesday,23,0.139,0.944,0.000,0.000,0.000,0.000,1.083,
2026-05-06 00:00:00,Wednesday,0,0.149,0.977,0.000,0.000,0.000,0.000,1.126,
2026-05-06 01:00:00,Wednesday,1,0.133,1.013,0.000,0.000,0.000,0.000,1.146,
2026-05-06 02:00:00,Wednesday,2,0.145,1.134,0.000,0.000,0.000,0.000,1.279,
2026-05-06 03:00:00,Wednesday,3,0.142,1.381,0.000,0.000,0.000,0.000,1.523,
2026-05-06 04:00:00,Wednesday,4,0.118,1.390,0.000,0.000,0.000,0.000,1.508,
2026-05-06 05:00:00,Wednesday,5,0.111,1.346,0.000,0.000,0.000,0.000,1.457,
2026-05-06 06:00:00,Wednesday,6,0.118,1.485,0.000,0.138,0.000,0.000,1.741,
2026-05-06 07:00:00,Wednesday,7,0.122,1.578,0.000,0.398,0.000,0.000,2.098,
2026-05-06 08:00:00,Wednesday,8,0.113,1.530,0.000,0.346,0.000,0.000,1.989,
2026-05-06 09:00:00,Wednesday,9,0.100,1.114,0.000,0.000,0.106,0.000,1.320,
2026-05-06 10:00:00,Wednesday,10,0.112,1.010,0.000,0.000,0.082,0.000,1.204,
2026-05-06 11:00:00,Wednesday,11,0.100,0.978,0.000,0.000,0.096,0.000,1.174,
2026-05-06 12:00:00,Wednesday,12,0.120,0.939,0.000,0.000,0.080,0.000,1.139,
2026-05-06 13:00:00,Wednesday,13,0.118,0.789,0.000,0.262,0.082,0.000,1.251,
2026-05-06 14:00:00,Wednesday,14,0.126,0.594,0.000,0.000,0.134,0.000,0.854,
2026-05-06 15:00:00,Wednesday,15,0.114,0.752,0.000,0.000,0.160,0.000,1.026,
2026-05-06 16:00:00,Wednesday,16,0.090,0.758,0.000,0.000,0.197,0.000,1.045,
2026-05-06 17:00:00,Wednesday,17,0.093,0.882,0.000,0.684,0.168,0.000,1.827,
2026-05-06 18:00:00,Wednesday,18,0.128,0.754,0.000,0.000,0.234,0.000,1.116,
2026-05-06 19:00:00,Wednesday,19,0.097,0.942,0.000,0.000,0.255,0.000,1.294,
2026-05-06 20:00:00,Wednesday,20,0.118,1.050,0.000,0.000,0.278,0.715,2.161,zmywarka
2026-05-06 21:00:00,Wednesday,21,0.128,0.993,0.122,0.000,0.257,0.000,1.500,
2026-05-06 22:00:00,Wednesday,22,0.117,1.156,0.042,0.000,0.175,0.000,1.490,
2026-05-06 23:00:00,Wednesday,23,0.122,1.240,0.000,0.000,0.000,0.000,1.362,
2026-05-07 00:00:00,Thursday,0,0.122,1.261,0.000,0.000,0.000,0.000,1.383,
2026-05-07 01:00:00,Thursday,1,0.106,1.348,0.000,0.000,0.000,0.000,1.454,
2026-05-07 02:00:00,Thursday,2,0.114,1.451,0.000,0.000,0.000,0.000,1.565,
2026-05-07 03:00:00,Thursday,3,0.115,1.508,0.000,0.000,0.000,0.000,1.623,
2026-05-07 04:00:00,Thursday,4,0.102,1.310,0.000,0.000,0.000,0.000,1.412,
2026-05-07 05:00:00,Thursday,5,0.126,1.216,0.000,0.000,0.000,0.000,1.342,
2026-05-07 06:00:00,Thursday,6,0.116,1.344,0.000,0.219,0.000,0.000,1.679,
2026-05-07 07:00:00,Thursday,7,0.104,1.347,0.000,0.394,0.000,0.000,1.845,
2026-05-07 08:00:00,Thursday,8,0.114,1.248,0.000,0.404,0.000,0.000,1.766,
2026-05-07 09:00:00,Thursday,9,0.102,0.988,0.000,0.000,0.118,0.000,1.208,
2026-05-07 10:00:00,Thursday,10,0.116,0.942,0.000,0.000,0.095,0.000,1.153,
2026-05-07 11:00:00,Thursday,11,0.110,0.779,0.000,0.000,0.066,0.000,0.955,
2026-05-07 12:00:00,Thursday,12,0.121,0.680,0.000,0.000,0.075,0.000,0.876,
2026-05-07 13:00:00,Thursday,13,0.106,0.786,0.000,0.350,0.104,0.000,1.346,
2026-05-07 14:00:00,Thursday,14,0.094,0.696,0.000,0.000,0.155,0.000,0.945,
2026-05-07 15:00:00,Thursday,15,0.110,0.661,0.000,0.000,0.082,0.000,0.853,
2026-05-07 16:00:00,Thursday,16,0.100,0.688,0.000,0.000,0.098,0.000,0.886,
2026-05-07 17:00:00,Thursday,17,0.094,0.589,0.000,0.971,0.243,0.000,1.897,
2026-05-07 18:00:00,Thursday,18,0.126,0.697,0.000,0.000,0.275,0.000,1.098,
2026-05-07 19:00:00,Thursday,19,0.119,0.754,0.000,0.000,0.170,0.000,1.043,
2026-05-07 20:00:00,Thursday,20,0.110,0.705,0.000,0.000,0.165,0.753,1.733,zmywarka
2026-05-07 21:00:00,Thursday,21,0.101,0.967,0.191,0.000,0.142,0.000,1.401,
2026-05-07 22:00:00,Thursday,22,0.107,0.822,0.110,0.000,0.120,0.000,1.159,
2026-05-07 23:00:00,Thursday,23,0.127,1.014,0.000,0.000,0.000,0.000,1.141,
2026-05-08 00:00:00,Friday,0,0.127,0.994,0.000,0.000,0.000,0.000,1.121,
2026-05-08 01:00:00,Friday,1,0.144,1.279,0.000,0.000,0.000,0.000,1.423,
2026-05-08 02:00:00,Friday,2,0.131,1.221,0.000,0.000,0.000,0.000,1.352,
2026-05-08 03:00:00,Friday,3,0.099,1.258,0.000,0.000,0.000,0.000,1.357,
2026-05-08 04:00:00,Friday,4,0.122,1.624,0.000,0.000,0.000,0.000,1.746,
2026-05-08 05:00:00,Friday,5,0.120,1.410,0.000,0.000,0.000,0.000,1.530,
2026-05-08 06:00:00,Friday,6,0.095,1.680,0.000,0.305,0.000,0.000,2.080,
2026-05-08 07:00:00,Friday,7,0.115,1.483,0.000,0.326,0.000,0.000,1.924,
2026-05-08 08:00:00,Friday,8,0.122,1.254,0.000,0.466,0.000,0.000,1.842,
2026-05-08 09:00:00,Friday,9,0.101,1.030,0.000,0.000,0.086,0.000,1.217,
2026-05-08 10:00:00,Friday,10,0.107,0.857,0.000,0.000,0.105,0.000,1.069,
2026-05-08 11:00:00,Friday,11,0.113,0.799,0.000,0.000,0.092,0.000,1.004,
2026-05-08 12:00:00,Friday,12,0.102,0.749,0.000,0.259,0.076,0.000,1.186,
2026-05-08 13:00:00,Friday,13,0.106,0.682,0.000,0.000,0.103,0.000,0.891,
2026-05-08 14:00:00,Friday,14,0.097,0.677,0.000,0.000,0.161,0.000,0.935,
2026-05-08 15:00:00,Friday,15,0.093,0.826,0.000,0.000,0.122,0.000,1.041,
2026-05-08 16:00:00,Friday,16,0.106,0.798,0.000,0.000,0.147,0.000,1.051,
2026-05-08 17:00:00,Friday,17,0.091,0.702,0.000,0.853,0.168,0.000,1.814,
2026-05-08 18:00:00,Friday,18,0.095,0.624,0.000,0.000,0.266,0.000,0.985,
2026-05-08 19:00:00,Friday,19,0.110,0.692,0.000,0.000,0.215,0.000,1.017,
2026-05-08 20:00:00,Friday,20,0.100,0.925,0.000,0.000,0.208,0.000,1.233,
2026-05-08 21:00:00,Friday,21,0.125,0.796,0.123,0.000,0.166,0.000,1.210,
2026-05-08 22:00:00,Friday,22,0.118,0.904,0.058,0.000,0.233,0.000,1.313,
2026-05-08 23:00:00,Friday,23,0.124,0.809,0.000,0.000,0.000,0.000,0.933,
2026-05-09 00:00:00,Saturday,0,0.127,0.943,0.000,0.000,0.000,0.000,1.070,
2026-05-09 01:00:00,Saturday,1,0.108,1.252,0.000,0.000,0.000,0.000,1.360,
2026-05-09 02:00:00,Saturday,2,0.117,1.318,0.000,0.000,0.000,0.000,1.435,
2026-05-09 03:00:00,Saturday,3,0.123,1.168,0.000,0.000,0.000,0.000,1.291,
2026-05-09 04:00:00,Saturday,4,0.127,1.424,0.000,0.000,0.000,0.000,1.551,
2026-05-09 05:00:00,Saturday,5,0.119,1.275,0.000,0.000,0.000,0.000,1.394,
2026-05-09 06:00:00,Saturday,6,0.100,1.556,0.000,0.202,0.000,0.000,1.858,
2026-05-09 07:00:00,Saturday,7,0.103,1.634,0.000,0.394,0.000,0.000,2.131,
2026-05-09 08:00:00,Saturday,8,0.118,1.295,0.000,0.314,0.000,0.000,1.727,
2026-05-09 09:00:00,Saturday,9,0.099,1.206,0.000,0.000,0.159,0.000,1.464,
2026-05-09 10:00:00,Saturday,10,0.097,1.065,0.000,0.000,0.041,0.000,1.203,
2026-05-09 11:00:00,Saturday,11,0.126,0.838,0.000,0.000,0.146,0.000,1.110,
2026-05-09 12:00:00,Saturday,12,0.115,0.728,0.000,0.000,0.042,0.000,0.885,
2026-05-09 13:00:00,Saturday,13,0.108,0.527,0.000,0.982,0.054,0.000,1.671,
2026-05-09 14:00:00,Saturday,14,0.112,0.611,0.000,0.000,0.102,0.000,0.825,
2026-05-09 15:00:00,Saturday,15,0.090,0.648,0.000,0.000,0.189,0.000,0.927,
2026-05-09 16:00:00,Saturday,16,0.118,0.682,0.000,0.000,0.194,0.000,0.994,
2026-05-09 17:00:00,Saturday,17,0.123,0.804,0.000,0.000,0.122,0.000,1.049,
2026-05-09 18:00:00,Saturday,18,0.127,0.866,0.000,0.494,0.256,0.000,1.743,
2026-05-09 19:00:00,Saturday,19,0.094,0.888,0.000,0.000,0.185,0.000,1.167,
2026-05-09 20:00:00,Saturday,20,0.127,0.865,0.000,0.000,0.184,0.000,1.176,
2026-05-09 21:00:00,Saturday,21,0.099,1.140,0.122,0.000,0.211,0.000,1.572,
2026-05-09 22:00:00,Saturday,22,0.105,1.044,0.042,0.000,0.241,0.000,1.432,
2026-05-09 23:00:00,Saturday,23,0.120,1.040,0.000,0.000,0.000,0.000,1.160,
2026-05-10 00:00:00,Sunday,0,0.096,1.090,0.000,0.000,0.000,0.000,1.186,
2026-05-10 01:00:00,Sunday,1,0.116,0.954,0.000,0.000,0.000,0.000,1.070,
2026-05-10 02:00:00,Sunday,2,0.135,1.163,0.000,0.000,0.000,0.000,1.298,
2026-05-10 03:00:00,Sunday,3,0.114,1.013,0.000,0.000,0.000,0.000,1.127,
2026-05-10 04:00:00,Sunday,4,0.088,1.290,0.000,0.000,0.000,0.000,1.378,
2026-05-10 05:00:00,Sunday,5,0.127,1.343,0.000,0.000,0.000,0.000,1.470,
2026-05-10 06:00:00,Sunday,6,0.113,1.206,0.000,0.272,0.000,0.000,1.591,
2026-05-10 07:00:00,Sunday,7,0.091,1.079,0.000,0.264,0.000,0.000,1.434,
2026-05-10 08:00:00,Sunday,8,0.123,1.163,0.000,0.364,0.000,0.000,1.650,
2026-05-10 09:00:00,Sunday,9,0.120,0.956,0.000,0.000,0.111,0.000,1.187,
2026-05-10 10:00:00,Sunday,10,0.104,1.115,0.000,0.000,0.121,0.000,1.340,
2026-05-10 11:00:00,Sunday,11,0.109,0.832,0.000,0.000,0.126,0.774,1.841,pralka
2026-05-10 12:00:00,Sunday,12,0.120,0.819,0.000,0.894,0.063,0.000,1.896,
2026-05-10 13:00:00,Sunday,13,0.114,0.687,0.000,0.000,0.116,0.658,1.575,zmywarka
2026-05-10 14:00:00,Sunday,14,0.124,0.638,0.000,0.000,0.134,0.000,0.896,
2026-05-10 15:00:00,Sunday,15,0.094,0.609,0.000,0.000,0.135,0.000,0.838,
2026-05-10 16:00:00,Sunday,16,0.126,0.654,0.000,0.000,0.041,0.000,0.821,
2026-05-10 17:00:00,Sunday,17,0.097,0.838,0.000,0.000,0.161,0.000,1.096,
2026-05-10 18:00:00,Sunday,18,0.104,0.858,0.000,0.645,0.242,0.000,1.849,
2026-05-10 19:00:00,Sunday,19,0.120,0.717,0.000,0.000,0.122,0.000,0.959,
2026-05-10 20:00:00,Sunday,20,0.116,0.897,0.000,0.000,0.178,0.000,1.191,
2026-05-10 21:00:00,Sunday,21,0.126,0.879,0.135,0.000,0.141,0.000,1.281,
2026-05-10 22:00:00,Sunday,22,0.089,0.847,0.110,0.000,0.197,0.000,1.243,
2026-05-10 23:00:00,Sunday,23,0.119,0.846,0.000,0.000,0.000,0.000,0.965,
2026-05-11 00:00:00,Monday,0,0.100,0.961,0.000,0.000,0.000,0.000,1.061,
2026-05-11 01:00:00,Monday,1,0.116,1.146,0.000,0.000,0.000,0.000,1.262,
2026-05-11 02:00:00,Monday,2,0.107,1.139,0.000,0.000,0.000,0.000,1.246,
2026-05-11 03:00:00,Monday,3,0.118,1.239,0.000,0.000,0.000,0.000,1.357,
2026-05-11 04:00:00,Monday,4,0.110,1.129,0.000,0.000,0.000,0.000,1.239,
2026-05-11 05:00:00,Monday,5,0.111,1.230,0.000,0.000,0.000,0.000,1.341,
2026-05-11 06:00:00,Monday,6,0.119,1.449,0.000,0.354,0.000,0.000,1.922,
2026-05-11 07:00:00,Monday,7,0.109,1.315,0.000,0.275,0.000,0.000,1.699,
2026-05-11 08:00:00,Monday,8,0.117,1.155,0.000,0.394,0.000,0.000,1.666,
2026-05-11 09:00:00,Monday,9,0.127,1.399,0.000,0.000,0.196,0.000,1.722,praca zdalna
2026-05-11 10:00:00,Monday,10,0.110,1.164,0.000,0.000,0.237,0.000,1.511,praca zdalna
2026-05-11 11:00:00,Monday,11,0.121,1.195,0.000,0.000,0.215,0.000,1.531,praca zdalna
2026-05-11 12:00:00,Monday,12,0.107,1.063,0.000,0.682,0.166,0.000,2.018,praca zdalna
2026-05-11 13:00:00,Monday,13,0.126,1.392,0.000,0.000,0.140,0.000,1.658,praca zdalna
2026-05-11 14:00:00,Monday,14,0.126,1.091,0.000,0.000,0.264,0.000,1.481,praca zdalna
2026-05-11 15:00:00,Monday,15,0.090,1.190,0.000,0.000,0.191,0.000,1.471,praca zdalna
2026-05-11 16:00:00,Monday,16,0.117,1.107,0.000,0.000,0.202,0.000,1.426,praca zdalna
2026-05-11 17:00:00,Monday,17,0.118,1.348,0.000,1.226,0.190,0.000,2.882,
2026-05-11 18:00:00,Monday,18,0.113,1.302,0.000,0.000,0.214,0.000,1.629,
2026-05-11 19:00:00,Monday,19,0.108,1.104,0.000,0.000,0.199,0.000,1.411,
2026-05-11 20:00:00,Monday,20,0.122,1.190,0.000,0.000,0.197,0.000,1.509,
2026-05-11 21:00:00,Monday,21,0.109,1.334,0.118,0.000,0.266,0.000,1.827,
2026-05-11 22:00:00,Monday,22,0.120,1.188,0.084,0.000,0.258,0.000,1.650,
2026-05-11 23:00:00,Monday,23,0.112,1.138,0.000,0.000,0.000,0.000,1.250,
2026-05-12 00:00:00,Tuesday,0,0.114,1.270,0.000,0.000,0.000,0.000,1.384,
2026-05-12 01:00:00,Tuesday,1,0.115,1.278,0.000,0.000,0.000,0.000,1.393,
2026-05-12 02:00:00,Tuesday,2,0.118,1.254,0.000,0.000,0.000,0.000,1.372,
2026-05-12 03:00:00,Tuesday,3,0.088,1.246,0.000,0.000,0.000,0.000,1.334,
2026-05-12 04:00:00,Tuesday,4,0.115,1.055,0.000,0.000,0.000,0.000,1.170,
2026-05-12 05:00:00,Tuesday,5,0.105,1.364,0.000,0.000,0.000,0.000,1.469,
2026-05-12 06:00:00,Tuesday,6,0.118,1.368,0.000,0.287,0.000,0.000,1.773,
2026-05-12 07:00:00,Tuesday,7,0.100,1.117,0.000,0.290,0.000,0.000,1.507,
2026-05-12 08:00:00,Tuesday,8,0.116,1.388,0.000,0.462,0.000,0.000,1.966,
2026-05-12 09:00:00,Tuesday,9,0.100,1.130,0.000,0.000,0.078,0.000,1.308,
2026-05-12 10:00:00,Tuesday,10,0.120,0.983,0.000,0.000,0.093,0.000,1.196,
2026-05-12 11:00:00,Tuesday,11,0.109,1.161,0.000,0.000,0.120,0.000,1.390,
2026-05-12 12:00:00,Tuesday,12,0.127,0.921,0.000,0.315,0.081,0.000,1.444,
2026-05-12 13:00:00,Tuesday,13,0.124,1.017,0.000,0.000,0.075,0.000,1.216,
2026-05-12 14:00:00,Tuesday,14,0.121,0.704,0.000,0.000,0.076,0.690,1.591,pralka
2026-05-12 15:00:00,Tuesday,15,0.111,0.777,0.000,0.000,0.192,1.335,2.415,suszarka
2026-05-12 16:00:00,Tuesday,16,0.102,0.735,0.000,0.000,0.078,0.000,0.915,
2026-05-12 17:00:00,Tuesday,17,0.110,0.770,0.000,0.959,0.162,0.000,2.001,
2026-05-12 18:00:00,Tuesday,18,0.088,0.921,0.000,0.000,0.204,0.000,1.213,
2026-05-12 19:00:00,Tuesday,19,0.102,0.913,0.000,0.000,0.244,0.000,1.259,
2026-05-12 20:00:00,Tuesday,20,0.113,0.887,0.000,0.000,0.194,0.884,2.078,zmywarka
2026-05-12 21:00:00,Tuesday,21,0.106,0.985,0.089,0.000,0.229,0.000,1.409,
2026-05-12 22:00:00,Tuesday,22,0.110,0.958,0.055,0.000,0.246,0.000,1.369,
2026-05-12 23:00:00,Tuesday,23,0.124,0.994,0.000,0.000,0.000,0.000,1.118,
2026-05-13 00:00:00,Wednesday,0,0.089,0.778,0.000,0.000,0.000,0.000,0.867,wyjazd / nieobecność
2026-05-13 01:00:00,Wednesday,1,0.114,0.782,0.000,0.000,0.000,0.000,0.896,wyjazd / nieobecność
2026-05-13 02:00:00,Wednesday,2,0.089,0.927,0.000,0.000,0.000,0.000,1.016,wyjazd / nieobecność
2026-05-13 03:00:00,Wednesday,3,0.101,1.023,0.000,0.000,0.000,0.000,1.124,wyjazd / nieobecność
2026-05-13 04:00:00,Wednesday,4,0.094,1.022,0.000,0.000,0.000,0.000,1.116,wyjazd / nieobecność
2026-05-13 05:00:00,Wednesday,5,0.094,1.034,0.000,0.000,0.000,0.000,1.128,wyjazd / nieobecność
2026-05-13 06:00:00,Wednesday,6,0.121,1.128,0.000,0.000,0.000,0.000,1.249,wyjazd / nieobecność
2026-05-13 07:00:00,Wednesday,7,0.106,1.143,0.000,0.000,0.000,0.000,1.249,wyjazd / nieobecność
2026-05-13 08:00:00,Wednesday,8,0.102,0.904,0.000,0.000,0.000,0.000,1.006,wyjazd / nieobecność
2026-05-13 09:00:00,Wednesday,9,0.090,0.879,0.000,0.000,0.000,0.000,0.969,wyjazd / nieobecność
2026-05-13 10:00:00,Wednesday,10,0.125,0.797,0.000,0.000,0.000,0.000,0.922,wyjazd / nieobecność
2026-05-13 11:00:00,Wednesday,11,0.114,0.954,0.000,0.000,0.000,0.000,1.068,wyjazd / nieobecność
2026-05-13 12:00:00,Wednesday,12,0.098,0.953,0.000,0.000,0.000,0.000,1.051,wyjazd / nieobecność
2026-05-13 13:00:00,Wednesday,13,0.096,0.849,0.000,0.000,0.000,0.000,0.945,wyjazd / nieobecność
2026-05-13 14:00:00,Wednesday,14,0.089,0.810,0.000,0.000,0.000,0.000,0.899,wyjazd / nieobecność
2026-05-13 15:00:00,Wednesday,15,0.125,0.893,0.000,0.000,0.000,0.000,1.018,wyjazd / nieobecność
2026-05-13 16:00:00,Wednesday,16,0.114,0.743,0.000,0.000,0.000,0.000,0.857,wyjazd / nieobecność
2026-05-13 17:00:00,Wednesday,17,0.107,0.755,0.000,0.000,0.000,0.000,0.862,wyjazd / nieobecność
2026-05-13 18:00:00,Wednesday,18,0.119,0.828,0.000,0.000,0.000,0.000,0.947,wyjazd / nieobecność
2026-05-13 19:00:00,Wednesday,19,0.103,0.766,0.000,0.000,0.000,0.000,0.869,wyjazd / nieobecność
2026-05-13 20:00:00,Wednesday,20,0.106,0.740,0.000,0.000,0.000,0.000,0.846,wyjazd / nieobecność
2026-05-13 21:00:00,Wednesday,21,0.126,0.890,0.000,0.000,0.000,0.000,1.016,wyjazd / nieobecność
2026-05-13 22:00:00,Wednesday,22,0.126,0.848,0.000,0.000,0.000,0.000,0.974,wyjazd / nieobecność
2026-05-13 23:00:00,Wednesday,23,0.104,1.023,0.000,0.000,0.000,0.000,1.127,wyjazd / nieobecność
2026-05-14 00:00:00,Thursday,0,0.104,1.074,0.000,0.000,0.000,0.000,1.178,
2026-05-14 01:00:00,Thursday,1,0.124,1.406,0.000,0.000,0.000,0.000,1.530,
2026-05-14 02:00:00,Thursday,2,0.117,1.423,0.000,0.000,0.000,0.000,1.540,
2026-05-14 03:00:00,Thursday,3,0.121,1.342,0.000,0.000,0.000,0.000,1.463,
2026-05-14 04:00:00,Thursday,4,0.139,1.423,0.000,0.000,0.000,0.000,1.562,
2026-05-14 05:00:00,Thursday,5,0.093,1.509,0.000,0.000,0.000,0.000,1.602,
2026-05-14 06:00:00,Thursday,6,0.094,1.557,0.000,0.367,0.000,0.000,2.018,
2026-05-14 07:00:00,Thursday,7,0.104,1.449,0.000,0.452,0.000,0.000,2.005,
2026-05-14 08:00:00,Thursday,8,0.100,1.384,0.000,0.482,0.000,0.000,1.966,
2026-05-14 09:00:00,Thursday,9,0.094,1.390,0.000,0.000,0.145,0.000,1.629,praca zdalna
2026-05-14 10:00:00,Thursday,10,0.095,1.104,0.000,0.000,0.165,0.000,1.364,praca zdalna
2026-05-14 11:00:00,Thursday,11,0.090,0.993,0.000,0.000,0.234,0.000,1.317,praca zdalna
2026-05-14 12:00:00,Thursday,12,0.101,1.007,0.000,0.000,0.194,0.000,1.302,praca zdalna
2026-05-14 13:00:00,Thursday,13,0.115,0.994,0.000,0.250,0.211,0.000,1.570,praca zdalna
2026-05-14 14:00:00,Thursday,14,0.091,0.894,0.000,0.000,0.325,0.000,1.310,praca zdalna
2026-05-14 15:00:00,Thursday,15,0.107,0.865,0.000,0.000,0.268,0.000,1.240,praca zdalna
2026-05-14 16:00:00,Thursday,16,0.094,0.858,0.000,0.000,0.351,0.000,1.303,praca zdalna
2026-05-14 17:00:00,Thursday,17,0.108,0.808,0.000,0.603,0.239,0.000,1.758,
2026-05-14 18:00:00,Thursday,18,0.102,1.049,0.000,0.000,0.242,0.000,1.393,
2026-05-14 19:00:00,Thursday,19,0.121,0.929,0.000,0.000,0.167,0.643,1.860,zmywarka
2026-05-14 20:00:00,Thursday,20,0.105,1.028,0.000,0.000,0.161,0.000,1.294,
2026-05-14 21:00:00,Thursday,21,0.098,1.148,0.150,0.000,0.210,0.000,1.606,
2026-05-14 22:00:00,Thursday,22,0.096,1.020,0.047,0.000,0.267,0.000,1.430,
2026-05-14 23:00:00,Thursday,23,0.125,1.078,0.000,0.000,0.000,0.000,1.203,
2026-05-15 00:00:00,Friday,0,0.118,0.957,0.000,0.000,0.000,0.000,1.075,
2026-05-15 01:00:00,Friday,1,0.110,1.003,0.000,0.000,0.000,0.000,1.113,
2026-05-15 02:00:00,Friday,2,0.120,0.973,0.000,0.000,0.000,0.000,1.093,
2026-05-15 03:00:00,Friday,3,0.125,1.084,0.000,0.000,0.000,0.000,1.209,
2026-05-15 04:00:00,Friday,4,0.134,1.178,0.000,0.000,0.000,0.000,1.312,
2026-05-15 05:00:00,Friday,5,0.103,1.017,0.000,0.000,0.000,0.000,1.120,
2026-05-15 06:00:00,Friday,6,0.090,1.284,0.000,0.435,0.000,0.000,1.809,
2026-05-15 07:00:00,Friday,7,0.106,1.351,0.000,0.444,0.000,0.000,1.901,
2026-05-15 08:00:00,Friday,8,0.110,0.960,0.000,0.438,0.000,0.000,1.508,
2026-05-15 09:00:00,Friday,9,0.107,1.145,0.000,0.000,0.076,0.000,1.328,
2026-05-15 10:00:00,Friday,10,0.123,1.028,0.000,0.000,0.066,0.000,1.217,
2026-05-15 11:00:00,Friday,11,0.111,0.903,0.000,0.000,0.092,0.000,1.106,
2026-05-15 12:00:00,Friday,12,0.126,0.970,0.000,0.000,0.115,0.000,1.211,
2026-05-15 13:00:00,Friday,13,0.122,1.061,0.000,0.278,0.119,0.000,1.580,
2026-05-15 14:00:00,Friday,14,0.112,0.894,0.000,0.000,0.194,0.000,1.200,
2026-05-15 15:00:00,Friday,15,0.125,0.764,0.000,0.000,0.130,0.000,1.019,
2026-05-15 16:00:00,Friday,16,0.090,0.813,0.000,0.000,0.083,0.000,0.986,
2026-05-15 17:00:00,Friday,17,0.123,0.985,0.000,0.000,0.177,0.000,1.285,
2026-05-15 18:00:00,Friday,18,0.106,1.027,0.000,0.975,0.143,0.000,2.251,
2026-05-15 19:00:00,Friday,19,0.105,0.892,0.000,0.000,0.128,0.661,1.786,zmywarka
2026-05-15 20:00:00,Friday,20,0.094,1.024,0.000,0.000,0.186,0.000,1.304,
2026-05-15 21:00:00,Friday,21,0.092,0.963,0.171,0.000,0.150,0.000,1.376,
2026-05-15 22:00:00,Friday,22,0.121,0.807,0.090,0.000,0.278,0.000,1.296,
2026-05-15 23:00:00,Friday,23,0.105,0.821,0.000,0.000,0.000,0.000,0.926,
2026-05-16 00:00:00,Saturday,0,0.127,0.864,0.000,0.000,0.000,0.000,0.991,
2026-05-16 01:00:00,Saturday,1,0.122,1.077,0.000,0.000,0.000,0.000,1.199,
2026-05-16 02:00:00,Saturday,2,0.124,1.053,0.000,0.000,0.000,0.000,1.177,
2026-05-16 03:00:00,Saturday,3,0.091,0.962,0.000,0.000,0.000,0.000,1.053,
2026-05-16 04:00:00,Saturday,4,0.095,1.251,0.000,0.000,0.000,0.000,1.346,
2026-05-16 05:00:00,Saturday,5,0.125,1.003,0.000,0.000,0.000,0.000,1.128,
2026-05-16 06:00:00,Saturday,6,0.110,1.353,0.000,0.457,0.000,0.000,1.920,
2026-05-16 07:00:00,Saturday,7,0.098,1.090,0.000,0.343,0.000,0.000,1.531,
2026-05-16 08:00:00,Saturday,8,0.113,1.274,0.000,0.127,0.000,0.000,1.514,
2026-05-16 09:00:00,Saturday,9,0.093,1.190,0.000,0.000,0.128,0.742,2.153,pralka
2026-05-16 10:00:00,Saturday,10,0.090,0.972,0.000,0.000,0.158,1.530,2.750,suszarka
2026-05-16 11:00:00,Saturday,11,0.110,0.984,0.000,0.000,0.062,0.000,1.156,
2026-05-16 12:00:00,Saturday,12,0.088,1.208,0.000,0.836,0.101,0.000,2.233,
2026-05-16 13:00:00,Saturday,13,0.112,1.045,0.000,0.000,0.141,0.655,1.953,zmywarka
2026-05-16 14:00:00,Saturday,14,0.121,1.051,0.000,0.000,0.040,0.000,1.212,
2026-05-16 15:00:00,Saturday,15,0.122,0.796,0.000,0.000,0.066,0.000,0.984,
2026-05-16 16:00:00,Saturday,16,0.106,0.764,0.000,0.000,0.077,0.000,0.947,
2026-05-16 17:00:00,Saturday,17,0.107,0.991,0.000,0.000,0.164,0.000,1.262,
2026-05-16 18:00:00,Saturday,18,0.114,0.794,0.000,0.926,0.177,0.000,2.011,
2026-05-16 19:00:00,Saturday,19,0.110,0.897,0.000,0.000,0.146,0.000,1.153,
2026-05-16 20:00:00,Saturday,20,0.106,0.977,0.000,0.000,0.232,0.000,1.315,
2026-05-16 21:00:00,Saturday,21,0.110,1.097,0.113,0.000,0.123,0.000,1.443,
2026-05-16 22:00:00,Saturday,22,0.100,1.079,0.086,0.000,0.212,0.000,1.477,
2026-05-16 23:00:00,Saturday,23,0.098,1.076,0.000,0.000,0.000,0.000,1.174,
2026-05-17 00:00:00,Sunday,0,0.138,1.034,0.000,0.000,0.000,0.000,1.172,
2026-05-17 01:00:00,Sunday,1,0.094,1.058,0.000,0.000,0.000,0.000,1.152,
2026-05-17 02:00:00,Sunday,2,0.126,0.959,0.000,0.000,0.000,0.000,1.085,
2026-05-17 03:00:00,Sunday,3,0.092,1.010,0.000,0.000,0.000,0.000,1.102,
2026-05-17 04:00:00,Sunday,4,0.128,1.010,0.000,0.000,0.000,0.000,1.138,
2026-05-17 05:00:00,Sunday,5,0.114,1.146,0.000,0.000,0.000,0.000,1.260,
2026-05-17 06:00:00,Sunday,6,0.124,1.158,0.000,0.354,0.000,0.000,1.636,
2026-05-17 07:00:00,Sunday,7,0.092,1.052,0.000,0.231,0.000,0.000,1.375,
2026-05-17 08:00:00,Sunday,8,0.119,1.071,0.000,0.447,0.000,0.000,1.637,
2026-05-17 09:00:00,Sunday,9,0.124,0.994,0.000,0.000,0.192,0.000,1.310,
2026-05-17 10:00:00,Sunday,10,0.107,0.815,0.000,0.000,0.040,0.000,0.962,
2026-05-17 11:00:00,Sunday,11,0.124,0.914,0.000,0.000,0.174,0.000,1.212,
2026-05-17 12:00:00,Sunday,12,0.110,0.917,0.000,0.862,0.132,0.000,2.021,
2026-05-17 13:00:00,Sunday,13,0.125,1.023,0.000,0.000,0.166,0.000,1.314,
2026-05-17 14:00:00,Sunday,14,0.094,0.764,0.000,0.000,0.072,0.675,1.605,zmywarka
2026-05-17 15:00:00,Sunday,15,0.107,0.728,0.000,0.000,0.104,0.000,0.939,
2026-05-17 16:00:00,Sunday,16,0.120,0.780,0.000,0.000,0.146,0.000,1.046,
2026-05-17 17:00:00,Sunday,17,0.114,0.646,0.000,0.000,0.216,0.000,0.976,
2026-05-17 18:00:00,Sunday,18,0.107,0.755,0.000,0.614,0.153,0.000,1.629,
2026-05-17 19:00:00,Sunday,19,0.125,0.707,0.000,0.000,0.259,0.000,1.091,
2026-05-17 20:00:00,Sunday,20,0.106,0.915,0.000,0.000,0.198,0.000,1.219,
2026-05-17 21:00:00,Sunday,21,0.127,0.840,0.131,0.000,0.120,0.000,1.218,
2026-05-17 22:00:00,Sunday,22,0.098,0.863,0.111,0.000,0.252,0.000,1.324,
2026-05-17 23:00:00,Sunday,23,0.090,0.930,0.000,0.000,0.000,0.000,1.020,
2026-05-18 00:00:00,Monday,0,0.106,0.934,0.000,0.000,0.000,0.000,1.040,
2026-05-18 01:00:00,Monday,1,0.134,0.902,0.000,0.000,0.000,0.000,1.036,
2026-05-18 02:00:00,Monday,2,0.128,0.782,0.000,0.000,0.000,0.000,0.910,
2026-05-18 03:00:00,Monday,3,0.126,0.901,0.000,0.000,0.000,0.000,1.027,
2026-05-18 04:00:00,Monday,4,0.138,1.058,0.000,0.000,0.000,0.000,1.196,
2026-05-18 05:00:00,Monday,5,0.090,1.013,0.000,0.000,0.000,0.000,1.103,
2026-05-18 06:00:00,Monday,6,0.093,1.216,0.000,0.465,0.000,0.000,1.774,
2026-05-18 07:00:00,Monday,7,0.102,0.892,0.000,0.435,0.000,0.000,1.429,
2026-05-18 08:00:00,Monday,8,0.101,0.785,0.000,0.361,0.000,0.000,1.247,
2026-05-18 09:00:00,Monday,9,0.118,0.675,0.000,0.000,0.086,0.000,0.879,
2026-05-18 10:00:00,Monday,10,0.108,0.665,0.000,0.000,0.110,0.000,0.883,
2026-05-18 11:00:00,Monday,11,0.108,0.528,0.000,0.000,0.113,0.000,0.749,
2026-05-18 12:00:00,Monday,12,0.122,0.582,0.000,0.677,0.095,0.000,1.476,
2026-05-18 13:00:00,Monday,13,0.105,0.590,0.000,0.000,0.113,0.000,0.808,
2026-05-18 14:00:00,Monday,14,0.116,0.450,0.000,0.000,0.091,0.000,0.657,
2026-05-18 15:00:00,Monday,15,0.103,0.519,0.000,0.000,0.107,0.000,0.729,
2026-05-18 16:00:00,Monday,16,0.099,0.440,0.000,0.000,0.124,0.000,0.663,
2026-05-18 17:00:00,Monday,17,0.122,0.458,0.000,0.000,0.146,0.000,0.726,
2026-05-18 18:00:00,Monday,18,0.118,0.509,0.000,0.874,0.203,0.000,1.704,
2026-05-18 19:00:00,Monday,19,0.093,0.673,0.000,0.000,0.169,0.810,1.745,zmywarka
2026-05-18 20:00:00,Monday,20,0.124,0.562,0.000,0.000,0.237,0.000,0.923,
2026-05-18 21:00:00,Monday,21,0.089,0.838,0.120,0.000,0.236,0.000,1.283,
2026-05-18 22:00:00,Monday,22,0.092,0.726,0.102,0.000,0.149,0.000,1.069,
2026-05-18 23:00:00,Monday,23,0.138,0.853,0.000,0.000,0.000,0.000,0.991,
2026-05-19 00:00:00,Tuesday,0,0.126,0.731,0.000,0.000,0.000,0.000,0.857,
2026-05-19 01:00:00,Tuesday,1,0.139,1.018,0.000,0.000,0.000,0.000,1.157,
2026-05-19 02:00:00,Tuesday,2,0.112,1.093,0.000,0.000,0.000,0.000,1.205,
2026-05-19 03:00:00,Tuesday,3,0.089,1.124,0.000,0.000,0.000,0.000,1.213,
2026-05-19 04:00:00,Tuesday,4,0.127,0.943,0.000,0.000,0.000,0.000,1.070,
2026-05-19 05:00:00,Tuesday,5,0.099,1.213,0.000,0.000,0.000,0.000,1.312,
2026-05-19 06:00:00,Tuesday,6,0.088,1.215,0.000,0.235,0.000,0.000,1.538,
2026-05-19 07:00:00,Tuesday,7,0.102,0.944,0.000,0.389,0.000,0.000,1.435,
2026-05-19 08:00:00,Tuesday,8,0.117,0.942,0.000,0.362,0.000,0.000,1.421,
2026-05-19 09:00:00,Tuesday,9,0.088,0.687,0.000,0.000,0.066,0.000,0.841,
2026-05-19 10:00:00,Tuesday,10,0.120,0.714,0.000,0.000,0.088,0.000,0.922,
2026-05-19 11:00:00,Tuesday,11,0.128,0.601,0.000,0.000,0.106,0.000,0.835,
2026-05-19 12:00:00,Tuesday,12,0.123,0.598,0.000,0.000,0.110,0.000,0.831,
2026-05-19 13:00:00,Tuesday,13,0.092,0.624,0.000,0.274,0.079,0.000,1.069,
2026-05-19 14:00:00,Tuesday,14,0.113,0.466,0.000,0.000,0.123,0.000,0.702,
2026-05-19 15:00:00,Tuesday,15,0.099,0.642,0.000,0.000,0.177,0.000,0.918,
2026-05-19 16:00:00,Tuesday,16,0.127,0.638,0.000,0.000,0.122,0.000,0.887,
2026-05-19 17:00:00,Tuesday,17,0.096,0.551,0.000,0.000,0.218,0.000,0.865,goście
2026-05-19 18:00:00,Tuesday,18,0.115,0.712,0.000,1.731,0.206,0.000,2.764,goście
2026-05-19 19:00:00,Tuesday,19,0.098,0.760,0.000,0.000,0.181,0.706,1.745,goście; zmywarka
2026-05-19 20:00:00,Tuesday,20,0.113,0.797,0.000,0.000,0.195,0.000,1.105,goście
2026-05-19 21:00:00,Tuesday,21,0.114,0.789,0.109,0.000,0.129,0.000,1.141,goście
2026-05-19 22:00:00,Tuesday,22,0.105,0.687,0.107,0.000,0.185,0.000,1.084,
2026-05-19 23:00:00,Tuesday,23,0.122,0.673,0.000,0.000,0.000,0.000,0.795,
2026-05-20 00:00:00,Wednesday,0,0.104,0.686,0.000,0.000,0.000,0.000,0.790,
2026-05-20 01:00:00,Wednesday,1,0.129,0.736,0.000,0.000,0.000,0.000,0.865,
2026-05-20 02:00:00,Wednesday,2,0.098,0.792,0.000,0.000,0.000,0.000,0.890,
2026-05-20 03:00:00,Wednesday,3,0.142,0.723,0.000,0.000,0.000,0.000,0.865,
2026-05-20 04:00:00,Wednesday,4,0.103,0.874,0.000,0.000,0.000,0.000,0.977,
2026-05-20 05:00:00,Wednesday,5,0.127,0.830,0.000,0.000,0.000,0.000,0.957,
2026-05-20 06:00:00,Wednesday,6,0.123,1.041,0.000,0.266,0.000,0.000,1.430,
2026-05-20 07:00:00,Wednesday,7,0.093,0.905,0.000,0.450,0.000,0.000,1.448,
2026-05-20 08:00:00,Wednesday,8,0.095,0.850,0.000,0.482,0.000,0.000,1.427,
2026-05-20 09:00:00,Wednesday,9,0.126,0.770,0.000,0.000,0.076,0.000,0.972,
2026-05-20 10:00:00,Wednesday,10,0.109,0.571,0.000,0.000,0.109,0.000,0.789,
2026-05-20 11:00:00,Wednesday,11,0.095,0.797,0.000,0.000,0.074,0.000,0.966,
2026-05-20 12:00:00,Wednesday,12,0.109,0.694,0.000,0.000,0.100,0.000,0.903,
2026-05-20 13:00:00,Wednesday,13,0.098,0.750,0.000,0.257,0.088,0.000,1.193,
2026-05-20 14:00:00,Wednesday,14,0.104,0.618,0.000,0.000,0.183,0.000,0.905,
2026-05-20 15:00:00,Wednesday,15,0.104,0.861,0.000,0.000,0.200,0.000,1.165,
2026-05-20 16:00:00,Wednesday,16,0.092,0.886,0.000,0.000,0.078,0.000,1.056,
2026-05-20 17:00:00,Wednesday,17,0.094,0.575,0.000,0.536,0.255,0.000,1.460,
2026-05-20 18:00:00,Wednesday,18,0.106,0.895,0.000,0.000,0.202,0.000,1.203,
2026-05-20 19:00:00,Wednesday,19,0.105,0.925,0.000,0.000,0.266,0.922,2.218,zmywarka
2026-05-20 20:00:00,Wednesday,20,0.126,0.712,0.000,0.000,0.126,0.000,0.964,
2026-05-20 21:00:00,Wednesday,21,0.102,0.814,0.099,0.000,0.250,0.000,1.265,
2026-05-20 22:00:00,Wednesday,22,0.100,0.680,0.118,0.000,0.234,0.000,1.132,
2026-05-20 23:00:00,Wednesday,23,0.112,0.610,0.000,0.000,0.000,0.000,0.722,
2026-05-21 00:00:00,Thursday,0,0.111,0.654,0.000,0.000,0.000,0.000,0.765,
2026-05-21 01:00:00,Thursday,1,0.106,0.742,0.000,0.000,0.000,0.000,0.848,
2026-05-21 02:00:00,Thursday,2,0.110,0.714,0.000,0.000,0.000,0.000,0.824,
2026-05-21 03:00:00,Thursday,3,0.097,0.654,0.000,0.000,0.000,0.000,0.751,
2026-05-21 04:00:00,Thursday,4,0.137,0.787,0.000,0.000,0.000,0.000,0.924,
2026-05-21 05:00:00,Thursday,5,0.138,0.877,0.000,0.000,0.000,0.000,1.015,
2026-05-21 06:00:00,Thursday,6,0.124,0.960,0.000,0.215,0.000,0.000,1.299,
2026-05-21 07:00:00,Thursday,7,0.121,0.793,0.000,0.458,0.000,0.000,1.372,
2026-05-21 08:00:00,Thursday,8,0.099,0.650,0.000,0.345,0.000,0.000,1.094,
2026-05-21 09:00:00,Thursday,9,0.116,0.566,0.000,0.000,0.096,0.000,0.778,
2026-05-21 10:00:00,Thursday,10,0.117,0.641,0.000,0.000,0.064,0.000,0.822,
2026-05-21 11:00:00,Thursday,11,0.120,0.529,0.000,0.000,0.066,0.000,0.715,
2026-05-21 12:00:00,Thursday,12,0.122,0.582,0.000,0.717,0.097,0.000,1.518,
2026-05-21 13:00:00,Thursday,13,0.093,0.433,0.000,0.000,0.070,0.000,0.596,
2026-05-21 14:00:00,Thursday,14,0.090,0.452,0.000,0.000,0.101,0.000,0.643,
2026-05-21 15:00:00,Thursday,15,0.126,0.331,0.000,0.000,0.147,0.000,0.604,
2026-05-21 16:00:00,Thursday,16,0.122,0.311,0.000,0.000,0.135,0.000,0.568,
2026-05-21 17:00:00,Thursday,17,0.122,0.207,0.000,0.514,0.151,0.000,0.994,
2026-05-21 18:00:00,Thursday,18,0.094,0.290,0.000,0.000,0.226,0.000,0.610,
2026-05-21 19:00:00,Thursday,19,0.111,0.297,0.000,0.000,0.238,0.647,1.293,zmywarka
2026-05-21 20:00:00,Thursday,20,0.098,0.345,0.000,0.000,0.230,0.000,0.673,
2026-05-21 21:00:00,Thursday,21,0.098,0.423,0.107,0.000,0.275,0.000,0.903,
2026-05-21 22:00:00,Thursday,22,0.114,0.392,0.112,0.000,0.246,0.000,0.864,
2026-05-21 23:00:00,Thursday,23,0.128,0.598,0.000,0.000,0.000,0.000,0.726,
2026-05-22 00:00:00,Friday,0,0.094,0.566,0.000,0.000,0.000,0.000,0.660,
2026-05-22 01:00:00,Friday,1,0.096,0.705,0.000,0.000,0.000,0.000,0.801,
2026-05-22 02:00:00,Friday,2,0.130,0.729,0.000,0.000,0.000,0.000,0.859,
2026-05-22 03:00:00,Friday,3,0.116,0.823,0.000,0.000,0.000,0.000,0.939,
2026-05-22 04:00:00,Friday,4,0.103,0.844,0.000,0.000,0.000,0.000,0.947,
2026-05-22 05:00:00,Friday,5,0.115,0.926,0.000,0.000,0.000,0.000,1.041,
2026-05-22 06:00:00,Friday,6,0.098,1.043,0.000,0.339,0.000,0.000,1.480,
2026-05-22 07:00:00,Friday,7,0.123,0.897,0.000,0.398,0.000,0.000,1.418,
2026-05-22 08:00:00,Friday,8,0.112,0.642,0.000,0.410,0.000,0.000,1.164,
2026-05-22 09:00:00,Friday,9,0.110,0.597,0.000,0.000,0.078,0.000,0.785,
2026-05-22 10:00:00,Friday,10,0.118,0.426,0.000,0.000,0.106,0.000,0.650,
2026-05-22 11:00:00,Friday,11,0.126,0.402,0.000,0.000,0.101,0.626,1.255,pralka
2026-05-22 12:00:00,Friday,12,0.088,0.442,0.000,0.000,0.065,0.000,0.595,
2026-05-22 13:00:00,Friday,13,0.093,0.360,0.000,0.437,0.079,0.000,0.969,
2026-05-22 14:00:00,Friday,14,0.106,0.298,0.000,0.000,0.189,0.000,0.593,
2026-05-22 15:00:00,Friday,15,0.118,0.302,0.000,0.000,0.131,0.000,0.551,
2026-05-22 16:00:00,Friday,16,0.110,0.317,0.000,0.000,0.193,0.000,0.620,
2026-05-22 17:00:00,Friday,17,0.118,0.232,0.000,0.000,0.143,0.000,0.493,
2026-05-22 18:00:00,Friday,18,0.126,0.182,0.000,0.618,0.228,0.000,1.154,
2026-05-22 19:00:00,Friday,19,0.123,0.182,0.000,0.000,0.274,0.000,0.579,
2026-05-22 20:00:00,Friday,20,0.124,0.239,0.000,0.000,0.204,0.000,0.567,
2026-05-22 21:00:00,Friday,21,0.116,0.400,0.118,0.000,0.186,0.000,0.820,
2026-05-22 22:00:00,Friday,22,0.105,0.381,0.046,0.000,0.122,0.000,0.654,
2026-05-22 23:00:00,Friday,23,0.110,0.432,0.000,0.000,0.000,0.000,0.542,
2026-05-23 00:00:00,Saturday,0,0.134,0.408,0.000,0.000,0.000,0.000,0.542,
2026-05-23 01:00:00,Saturday,1,0.118,0.415,0.000,0.000,0.000,0.000,0.533,
2026-05-23 02:00:00,Saturday,2,0.096,0.579,0.000,0.000,0.000,0.000,0.675,
2026-05-23 03:00:00,Saturday,3,0.098,0.466,0.000,0.000,0.000,0.000,0.564,
2026-05-23 04:00:00,Saturday,4,0.102,0.593,0.000,0.000,0.000,0.000,0.695,
2026-05-23 05:00:00,Saturday,5,0.116,0.592,0.000,0.000,0.000,0.000,0.708,
2026-05-23 06:00:00,Saturday,6,0.109,0.694,0.000,0.266,0.000,0.000,1.069,
2026-05-23 07:00:00,Saturday,7,0.098,0.689,0.000,0.286,0.000,0.000,1.073,
2026-05-23 08:00:00,Saturday,8,0.106,0.442,0.000,0.382,0.000,0.000,0.930,
2026-05-23 09:00:00,Saturday,9,0.124,0.351,0.000,0.000,0.078,0.000,0.553,
2026-05-23 10:00:00,Saturday,10,0.091,0.261,0.000,0.000,0.086,0.000,0.438,
2026-05-23 11:00:00,Saturday,11,0.110,0.246,0.000,0.000,0.067,0.000,0.423,
2026-05-23 12:00:00,Saturday,12,0.127,0.166,0.000,0.263,0.106,0.000,0.662,
2026-05-23 13:00:00,Saturday,13,0.127,0.000,0.000,0.000,0.161,0.000,0.288,
2026-05-23 14:00:00,Saturday,14,0.104,0.000,0.000,0.000,0.044,0.958,1.106,zmywarka
2026-05-23 15:00:00,Saturday,15,0.110,0.000,0.000,0.000,0.181,0.000,0.291,
2026-05-23 16:00:00,Saturday,16,0.111,0.000,0.000,0.000,0.126,0.000,0.237,
2026-05-23 17:00:00,Saturday,17,0.090,0.000,0.000,0.766,0.260,0.000,1.116,goście
2026-05-23 18:00:00,Saturday,18,0.127,0.000,0.000,0.000,0.225,0.000,0.352,goście
2026-05-23 19:00:00,Saturday,19,0.091,0.000,0.000,0.000,0.254,0.000,0.345,goście
2026-05-23 20:00:00,Saturday,20,0.113,0.000,0.000,0.000,0.262,0.000,0.375,goście
2026-05-23 21:00:00,Saturday,21,0.097,0.000,0.147,0.000,0.264,0.000,0.508,goście
2026-05-23 22:00:00,Saturday,22,0.102,0.000,0.071,0.000,0.252,0.000,0.425,
2026-05-23 23:00:00,Saturday,23,0.114,0.000,0.000,0.000,0.000,0.000,0.114,
2026-05-24 00:00:00,Sunday,0,0.146,0.000,0.000,0.000,0.000,0.000,0.146,
2026-05-24 01:00:00,Sunday,1,0.094,0.199,0.000,0.000,0.000,0.000,0.293,
2026-05-24 02:00:00,Sunday,2,0.117,0.304,0.000,0.000,0.000,0.000,0.421,
2026-05-24 03:00:00,Sunday,3,0.108,0.385,0.000,0.000,0.000,0.000,0.493,
2026-05-24 04:00:00,Sunday,4,0.114,0.450,0.000,0.000,0.000,0.000,0.564,
2026-05-24 05:00:00,Sunday,5,0.113,0.502,0.000,0.000,0.000,0.000,0.615,
2026-05-24 06:00:00,Sunday,6,0.102,0.775,0.000,0.406,0.000,0.000,1.283,
2026-05-24 07:00:00,Sunday,7,0.093,0.630,0.000,0.382,0.000,0.000,1.105,
2026-05-24 08:00:00,Sunday,8,0.122,0.498,0.000,0.307,0.000,0.000,0.927,
2026-05-24 09:00:00,Sunday,9,0.096,0.422,0.000,0.000,0.148,0.000,0.666,
2026-05-24 10:00:00,Sunday,10,0.091,0.402,0.000,0.000,0.131,0.000,0.624,
2026-05-24 11:00:00,Sunday,11,0.091,0.287,0.000,0.000,0.172,0.000,0.550,
2026-05-24 12:00:00,Sunday,12,0.092,0.306,0.000,0.000,0.135,0.000,0.533,
2026-05-24 13:00:00,Sunday,13,0.106,0.278,0.000,0.885,0.106,0.803,2.178,zmywarka
2026-05-24 14:00:00,Sunday,14,0.095,0.202,0.000,0.000,0.057,0.000,0.354,
2026-05-24 15:00:00,Sunday,15,0.089,0.178,0.000,0.000,0.069,0.000,0.336,
2026-05-24 16:00:00,Sunday,16,0.089,0.190,0.000,0.000,0.135,0.000,0.414,
2026-05-24 17:00:00,Sunday,17,0.109,0.166,0.000,0.537,0.273,0.000,1.085,
2026-05-24 18:00:00,Sunday,18,0.113,0.166,0.000,0.000,0.262,0.000,0.541,
2026-05-24 19:00:00,Sunday,19,0.120,0.237,0.000,0.000,0.170,0.000,0.527,
2026-05-24 20:00:00,Sunday,20,0.102,0.213,0.000,0.000,0.264,0.000,0.579,
2026-05-24 21:00:00,Sunday,21,0.114,0.321,0.240,0.000,0.170,0.000,0.845,
2026-05-24 22:00:00,Sunday,22,0.110,0.217,0.052,0.000,0.230,0.000,0.609,
2026-05-24 23:00:00,Sunday,23,0.131,0.317,0.000,0.000,0.000,0.000,0.448,
2026-05-25 00:00:00,Monday,0,0.122,0.000,0.000,0.000,0.000,0.000,0.122,wyjazd / nieobecność
2026-05-25 01:00:00,Monday,1,0.106,0.169,0.000,0.000,0.000,0.000,0.275,wyjazd / nieobecność
2026-05-25 02:00:00,Monday,2,0.115,0.266,0.000,0.000,0.000,0.000,0.381,wyjazd / nieobecność
2026-05-25 03:00:00,Monday,3,0.098,0.296,0.000,0.000,0.000,0.000,0.394,wyjazd / nieobecność
2026-05-25 04:00:00,Monday,4,0.110,0.358,0.000,0.000,0.000,0.000,0.468,wyjazd / nieobecność
2026-05-25 05:00:00,Monday,5,0.114,0.369,0.000,0.000,0.000,0.000,0.483,wyjazd / nieobecność
2026-05-25 06:00:00,Monday,6,0.107,0.372,0.000,0.000,0.000,0.000,0.479,wyjazd / nieobecność
2026-05-25 07:00:00,Monday,7,0.122,0.250,0.000,0.000,0.000,0.000,0.372,wyjazd / nieobecność
2026-05-25 08:00:00,Monday,8,0.112,0.000,0.000,0.000,0.000,0.000,0.112,wyjazd / nieobecność
2026-05-25 09:00:00,Monday,9,0.101,0.000,0.000,0.000,0.000,0.000,0.101,wyjazd / nieobecność
2026-05-25 10:00:00,Monday,10,0.126,0.000,0.000,0.000,0.000,0.000,0.126,wyjazd / nieobecność
2026-05-25 11:00:00,Monday,11,0.116,0.000,0.000,0.000,0.000,0.000,0.116,wyjazd / nieobecność
2026-05-25 12:00:00,Monday,12,0.122,0.000,0.000,0.000,0.000,0.000,0.122,wyjazd / nieobecność
2026-05-25 13:00:00,Monday,13,0.127,0.000,0.000,0.000,0.000,0.000,0.127,wyjazd / nieobecność
2026-05-25 14:00:00,Monday,14,0.112,0.000,0.000,0.000,0.000,0.000,0.112,wyjazd / nieobecność
2026-05-25 15:00:00,Monday,15,0.108,0.000,0.000,0.000,0.000,0.000,0.108,wyjazd / nieobecność
2026-05-25 16:00:00,Monday,16,0.114,0.000,0.000,0.000,0.000,0.000,0.114,wyjazd / nieobecność
2026-05-25 17:00:00,Monday,17,0.100,0.000,0.000,0.000,0.000,0.000,0.100,wyjazd / nieobecność
2026-05-25 18:00:00,Monday,18,0.099,0.000,0.000,0.000,0.000,0.000,0.099,wyjazd / nieobecność
2026-05-25 19:00:00,Monday,19,0.107,0.000,0.000,0.000,0.000,0.000,0.107,wyjazd / nieobecność
2026-05-25 20:00:00,Monday,20,0.089,0.000,0.000,0.000,0.000,0.000,0.089,wyjazd / nieobecność
2026-05-25 21:00:00,Monday,21,0.118,0.000,0.000,0.000,0.000,0.000,0.118,wyjazd / nieobecność
2026-05-25 22:00:00,Monday,22,0.115,0.000,0.000,0.000,0.000,0.000,0.115,wyjazd / nieobecność
2026-05-25 23:00:00,Monday,23,0.118,0.000,0.000,0.000,0.000,0.000,0.118,wyjazd / nieobecność
2026-05-26 00:00:00,Tuesday,0,0.104,0.000,0.000,0.000,0.000,0.000,0.104,
2026-05-26 01:00:00,Tuesday,1,0.126,0.199,0.000,0.000,0.000,0.000,0.325,
2026-05-26 02:00:00,Tuesday,2,0.106,0.236,0.000,0.000,0.000,0.000,0.342,
2026-05-26 03:00:00,Tuesday,3,0.126,0.333,0.000,0.000,0.000,0.000,0.459,
2026-05-26 04:00:00,Tuesday,4,0.104,0.311,0.000,0.000,0.000,0.000,0.415,
2026-05-26 05:00:00,Tuesday,5,0.121,0.429,0.000,0.000,0.000,0.000,0.550,
2026-05-26 06:00:00,Tuesday,6,0.107,0.557,0.000,0.410,0.000,0.000,1.074,
2026-05-26 07:00:00,Tuesday,7,0.114,0.440,0.000,0.184,0.000,0.000,0.738,
2026-05-26 08:00:00,Tuesday,8,0.096,0.352,0.000,0.322,0.000,0.000,0.770,
2026-05-26 09:00:00,Tuesday,9,0.119,0.195,0.000,0.000,0.082,0.000,0.396,
2026-05-26 10:00:00,Tuesday,10,0.094,0.000,0.000,0.000,0.080,0.000,0.174,
2026-05-26 11:00:00,Tuesday,11,0.112,0.000,0.000,0.000,0.066,0.000,0.178,
2026-05-26 12:00:00,Tuesday,12,0.123,0.000,0.000,0.487,0.086,0.670,1.366,pralka
2026-05-26 13:00:00,Tuesday,13,0.090,0.000,0.000,0.000,0.115,0.000,0.205,
2026-05-26 14:00:00,Tuesday,14,0.102,0.000,0.000,0.000,0.066,0.000,0.168,
2026-05-26 15:00:00,Tuesday,15,0.090,0.000,0.000,0.000,0.151,0.000,0.241,
2026-05-26 16:00:00,Tuesday,16,0.093,0.000,0.000,0.000,0.120,0.000,0.213,
2026-05-26 17:00:00,Tuesday,17,0.089,0.000,0.000,0.523,0.264,0.000,0.876,
2026-05-26 18:00:00,Tuesday,18,0.094,0.000,0.000,0.000,0.222,0.000,0.316,
2026-05-26 19:00:00,Tuesday,19,0.094,0.000,0.000,0.000,0.142,0.000,0.236,
2026-05-26 20:00:00,Tuesday,20,0.090,0.000,0.000,0.000,0.133,0.786,1.009,zmywarka
2026-05-26 21:00:00,Tuesday,21,0.102,0.210,0.114,0.000,0.218,0.000,0.644,
2026-05-26 22:00:00,Tuesday,22,0.114,0.162,0.048,0.000,0.226,0.000,0.550,
2026-05-26 23:00:00,Tuesday,23,0.117,0.326,0.000,0.000,0.000,0.000,0.443,
2026-05-27 00:00:00,Wednesday,0,0.120,0.406,0.000,0.000,0.000,0.000,0.526,
2026-05-27 01:00:00,Wednesday,1,0.113,0.517,0.000,0.000,0.000,0.000,0.630,
2026-05-27 02:00:00,Wednesday,2,0.098,0.638,0.000,0.000,0.000,0.000,0.736,
2026-05-27 03:00:00,Wednesday,3,0.117,0.719,0.000,0.000,0.000,0.000,0.836,
2026-05-27 04:00:00,Wednesday,4,0.106,0.813,0.000,0.000,0.000,0.000,0.919,
2026-05-27 05:00:00,Wednesday,5,0.090,0.877,0.000,0.000,0.000,0.000,0.967,
2026-05-27 06:00:00,Wednesday,6,0.116,0.978,0.000,0.126,0.000,0.000,1.220,
2026-05-27 07:00:00,Wednesday,7,0.112,0.742,0.000,0.302,0.000,0.000,1.156,
2026-05-27 08:00:00,Wednesday,8,0.098,0.593,0.000,0.251,0.000,0.000,0.942,
2026-05-27 09:00:00,Wednesday,9,0.104,0.526,0.000,0.000,0.069,0.000,0.699,
2026-05-27 10:00:00,Wednesday,10,0.122,0.454,0.000,0.000,0.110,0.000,0.686,
2026-05-27 11:00:00,Wednesday,11,0.111,0.359,0.000,0.000,0.084,0.000,0.554,
2026-05-27 12:00:00,Wednesday,12,0.118,0.322,0.000,0.329,0.109,0.000,0.878,
2026-05-27 13:00:00,Wednesday,13,0.110,0.315,0.000,0.000,0.070,0.000,0.495,
2026-05-27 14:00:00,Wednesday,14,0.118,0.279,0.000,0.000,0.138,0.571,1.106,pralka
2026-05-27 15:00:00,Wednesday,15,0.117,0.318,0.000,0.000,0.087,1.863,2.385,suszarka
2026-05-27 16:00:00,Wednesday,16,0.118,0.298,0.000,0.000,0.175,0.000,0.591,
2026-05-27 17:00:00,Wednesday,17,0.118,0.270,0.000,0.000,0.198,0.000,0.586,
2026-05-27 18:00:00,Wednesday,18,0.110,0.340,0.000,1.127,0.206,0.000,1.783,
2026-05-27 19:00:00,Wednesday,19,0.102,0.330,0.000,0.000,0.233,0.000,0.665,
2026-05-27 20:00:00,Wednesday,20,0.111,0.398,0.000,0.000,0.172,0.744,1.425,zmywarka
2026-05-27 21:00:00,Wednesday,21,0.096,0.469,0.094,0.000,0.208,0.000,0.867,
2026-05-27 22:00:00,Wednesday,22,0.090,0.446,0.106,0.000,0.154,0.000,0.796,
2026-05-27 23:00:00,Wednesday,23,0.122,0.574,0.000,0.000,0.000,0.000,0.696,
2026-05-28 00:00:00,Thursday,0,0.105,0.604,0.000,0.000,0.000,0.000,0.709,
2026-05-28 01:00:00,Thursday,1,0.126,0.658,0.000,0.000,0.000,0.000,0.784,
2026-05-28 02:00:00,Thursday,2,0.142,0.757,0.000,0.000,0.000,0.000,0.899,
2026-05-28 03:00:00,Thursday,3,0.107,0.864,0.000,0.000,0.000,0.000,0.971,
2026-05-28 04:00:00,Thursday,4,0.135,1.050,0.000,0.000,0.000,0.000,1.185,
2026-05-28 05:00:00,Thursday,5,0.121,1.078,0.000,0.000,0.000,0.000,1.199,
2026-05-28 06:00:00,Thursday,6,0.090,0.918,0.000,0.406,0.000,0.000,1.414,
2026-05-28 07:00:00,Thursday,7,0.091,0.868,0.000,0.351,0.000,0.000,1.310,
2026-05-28 08:00:00,Thursday,8,0.113,0.800,0.000,0.439,0.000,0.000,1.352,
2026-05-28 09:00:00,Thursday,9,0.117,0.502,0.000,0.000,0.074,0.000,0.693,
2026-05-28 10:00:00,Thursday,10,0.090,0.366,0.000,0.000,0.117,0.000,0.573,
2026-05-28 11:00:00,Thursday,11,0.123,0.306,0.000,0.000,0.075,0.000,0.504,
2026-05-28 12:00:00,Thursday,12,0.123,0.175,0.000,0.525,0.082,0.000,0.905,
2026-05-28 13:00:00,Thursday,13,0.110,0.000,0.000,0.000,0.078,0.000,0.188,
2026-05-28 14:00:00,Thursday,14,0.117,0.000,0.000,0.000,0.155,0.000,0.272,
2026-05-28 15:00:00,Thursday,15,0.098,0.000,0.000,0.000,0.114,0.000,0.212,
2026-05-28 16:00:00,Thursday,16,0.123,0.000,0.000,0.000,0.172,0.000,0.295,
2026-05-28 17:00:00,Thursday,17,0.096,0.000,0.000,0.547,0.257,0.000,0.900,
2026-05-28 18:00:00,Thursday,18,0.101,0.179,0.000,0.000,0.184,0.000,0.464,
2026-05-28 19:00:00,Thursday,19,0.118,0.252,0.000,0.000,0.264,0.951,1.585,zmywarka
2026-05-28 20:00:00,Thursday,20,0.123,0.309,0.000,0.000,0.264,0.000,0.696,
2026-05-28 21:00:00,Thursday,21,0.110,0.394,0.126,0.000,0.208,0.000,0.838,
2026-05-28 22:00:00,Thursday,22,0.116,0.357,0.094,0.000,0.162,0.000,0.729,
2026-05-28 23:00:00,Thursday,23,0.106,0.386,0.000,0.000,0.000,0.000,0.492,
2026-05-29 00:00:00,Friday,0,0.096,0.426,0.000,0.000,0.000,0.000,0.522,
2026-05-29 01:00:00,Friday,1,0.125,0.648,0.000,0.000,0.000,0.000,0.773,
2026-05-29 02:00:00,Friday,2,0.114,0.673,0.000,0.000,0.000,0.000,0.787,
2026-05-29 03:00:00,Friday,3,0.097,0.829,0.000,0.000,0.000,0.000,0.926,
2026-05-29 04:00:00,Friday,4,0.119,0.806,0.000,0.000,0.000,0.000,0.925,
2026-05-29 05:00:00,Friday,5,0.138,0.688,0.000,0.000,0.000,0.000,0.826,
2026-05-29 06:00:00,Friday,6,0.091,0.785,0.000,0.310,0.000,0.000,1.186,
2026-05-29 07:00:00,Friday,7,0.091,0.738,0.000,0.437,0.000,0.000,1.266,
2026-05-29 08:00:00,Friday,8,0.090,0.530,0.000,0.230,0.000,0.000,0.850,
2026-05-29 09:00:00,Friday,9,0.107,0.487,0.000,0.000,0.079,0.000,0.673,
2026-05-29 10:00:00,Friday,10,0.104,0.366,0.000,0.000,0.065,0.000,0.535,
2026-05-29 11:00:00,Friday,11,0.098,0.199,0.000,0.000,0.090,0.000,0.387,
2026-05-29 12:00:00,Friday,12,0.111,0.000,0.000,0.635,0.070,0.000,0.816,
2026-05-29 13:00:00,Friday,13,0.126,0.000,0.000,0.000,0.114,0.000,0.240,
2026-05-29 14:00:00,Friday,14,0.114,0.000,0.000,0.000,0.148,0.000,0.262,
2026-05-29 15:00:00,Friday,15,0.094,0.000,0.000,0.000,0.185,0.000,0.279,
2026-05-29 16:00:00,Friday,16,0.125,0.000,0.000,0.000,0.154,0.000,0.279,
2026-05-29 17:00:00,Friday,17,0.098,0.000,0.000,0.000,0.245,0.000,0.343,
2026-05-29 18:00:00,Friday,18,0.106,0.000,0.000,1.359,0.153,0.000,1.618,
2026-05-29 19:00:00,Friday,19,0.124,0.216,0.000,0.000,0.237,0.659,1.236,zmywarka
2026-05-29 20:00:00,Friday,20,0.117,0.201,0.000,0.000,0.256,0.000,0.574,
2026-05-29 21:00:00,Friday,21,0.100,0.229,0.156,0.000,0.273,0.000,0.758,
2026-05-29 22:00:00,Friday,22,0.108,0.000,0.118,0.000,0.230,0.000,0.456,
2026-05-29 23:00:00,Friday,23,0.128,0.000,0.000,0.000,0.000,0.000,0.128,
2026-05-30 00:00:00,Saturday,0,0.114,0.000,0.000,0.000,0.000,0.000,0.114,
2026-05-30 01:00:00,Saturday,1,0.107,0.198,0.000,0.000,0.000,0.000,0.305,
2026-05-30 02:00:00,Saturday,2,0.142,0.301,0.000,0.000,0.000,0.000,0.443,
2026-05-30 03:00:00,Saturday,3,0.090,0.354,0.000,0.000,0.000,0.000,0.444,
2026-05-30 04:00:00,Saturday,4,0.108,0.452,0.000,0.000,0.000,0.000,0.560,
2026-05-30 05:00:00,Saturday,5,0.106,0.567,0.000,0.000,0.000,0.000,0.673,
2026-05-30 06:00:00,Saturday,6,0.123,0.590,0.000,0.290,0.000,0.000,1.003,
2026-05-30 07:00:00,Saturday,7,0.088,0.637,0.000,0.414,0.000,0.000,1.139,
2026-05-30 08:00:00,Saturday,8,0.114,0.538,0.000,0.466,0.000,0.000,1.118,
2026-05-30 09:00:00,Saturday,9,0.113,0.343,0.000,0.000,0.112,0.655,1.223,pralka
2026-05-30 10:00:00,Saturday,10,0.126,0.293,0.000,0.000,0.163,0.000,0.582,
2026-05-30 11:00:00,Saturday,11,0.123,0.266,0.000,0.000,0.054,0.000,0.443,
2026-05-30 12:00:00,Saturday,12,0.126,0.234,0.000,0.590,0.066,0.000,1.016,
2026-05-30 13:00:00,Saturday,13,0.090,0.210,0.000,0.000,0.131,0.000,0.431,
2026-05-30 14:00:00,Saturday,14,0.118,0.000,0.000,0.000,0.118,0.681,0.917,zmywarka
2026-05-30 15:00:00,Saturday,15,0.108,0.000,0.000,0.000,0.182,0.000,0.290,
2026-05-30 16:00:00,Saturday,16,0.098,0.000,0.000,0.000,0.042,0.000,0.140,
2026-05-30 17:00:00,Saturday,17,0.103,0.000,0.000,0.000,0.224,0.000,0.327,
2026-05-30 18:00:00,Saturday,18,0.110,0.164,0.000,0.984,0.208,0.000,1.466,
2026-05-30 19:00:00,Saturday,19,0.104,0.274,0.000,0.000,0.259,0.000,0.637,
2026-05-30 20:00:00,Saturday,20,0.123,0.338,0.000,0.000,0.265,0.000,0.726,
2026-05-30 21:00:00,Saturday,21,0.110,0.405,0.203,0.000,0.166,0.000,0.884,
2026-05-30 22:00:00,Saturday,22,0.106,0.294,0.104,0.000,0.235,0.000,0.739,
2026-05-30 23:00:00,Saturday,23,0.117,0.374,0.000,0.000,0.000,0.000,0.491,
2026-05-31 00:00:00,Sunday,0,0.103,0.559,0.000,0.000,0.000,0.000,0.662,
2026-05-31 01:00:00,Sunday,1,0.120,0.588,0.000,0.000,0.000,0.000,0.708,
2026-05-31 02:00:00,Sunday,2,0.103,0.623,0.000,0.000,0.000,0.000,0.726,
2026-05-31 03:00:00,Sunday,3,0.106,0.505,0.000,0.000,0.000,0.000,0.611,
2026-05-31 04:00:00,Sunday,4,0.110,0.615,0.000,0.000,0.000,0.000,0.725,
2026-05-31 05:00:00,Sunday,5,0.108,0.635,0.000,0.000,0.000,0.000,0.743,
2026-05-31 06:00:00,Sunday,6,0.090,0.760,0.000,0.214,0.000,0.000,1.064,
2026-05-31 07:00:00,Sunday,7,0.114,0.718,0.000,0.153,0.000,0.000,0.985,
2026-05-31 08:00:00,Sunday,8,0.094,0.545,0.000,0.306,0.000,0.000,0.945,
2026-05-31 09:00:00,Sunday,9,0.113,0.470,0.000,0.000,0.149,0.000,0.732,
2026-05-31 10:00:00,Sunday,10,0.098,0.467,0.000,0.000,0.168,0.000,0.733,
2026-05-31 11:00:00,Sunday,11,0.109,0.327,0.000,0.000,0.133,0.000,0.569,
2026-05-31 12:00:00,Sunday,12,0.105,0.344,0.000,0.541,0.090,0.000,1.080,
2026-05-31 13:00:00,Sunday,13,0.110,0.280,0.000,0.000,0.103,0.842,1.335,zmywarka
2026-05-31 14:00:00,Sunday,14,0.104,0.386,0.000,0.000,0.118,0.000,0.608,
2026-05-31 15:00:00,Sunday,15,0.121,0.341,0.000,0.000,0.115,0.000,0.577,
2026-05-31 16:00:00,Sunday,16,0.118,0.466,0.000,0.000,0.081,0.000,0.665,
2026-05-31 17:00:00,Sunday,17,0.126,0.426,0.000,0.611,0.173,0.000,1.336,
2026-05-31 18:00:00,Sunday,18,0.114,0.568,0.000,0.000,0.167,0.000,0.849,
2026-05-31 19:00:00,Sunday,19,0.126,0.604,0.000,0.000,0.192,0.000,0.922,
2026-05-31 20:00:00,Sunday,20,0.089,0.506,0.000,0.000,0.131,0.000,0.726,
2026-05-31 21:00:00,Sunday,21,0.124,0.581,0.218,0.000,0.247,0.000,1.170,
2026-05-31 22:00:00,Sunday,22,0.110,0.485,0.062,0.000,0.122,0.000,0.779,
2026-05-31 23:00:00,Sunday,23,0.119,0.420,0.000,0.000,0.000,0.000,0.539,
2026-06-01 00:00:00,Monday,0,0.100,0.550,0.000,0.000,0.000,0.000,0.650,
2026-06-01 01:00:00,Monday,1,0.097,0.511,0.000,0.000,0.000,0.000,0.608,
2026-06-01 02:00:00,Monday,2,0.126,0.565,0.000,0.000,0.000,0.000,0.691,
2026-06-01 03:00:00,Monday,3,0.137,0.522,0.000,0.000,0.000,0.000,0.659,
2026-06-01 04:00:00,Monday,4,0.123,0.546,0.000,0.000,0.000,0.000,0.669,
2026-06-01 05:00:00,Monday,5,0.096,0.609,0.000,0.000,0.000,0.000,0.705,
2026-06-01 06:00:00,Monday,6,0.090,0.630,0.000,0.378,0.000,0.000,1.098,
2026-06-01 07:00:00,Monday,7,0.102,0.598,0.000,0.215,0.000,0.000,0.915,
2026-06-01 08:00:00,Monday,8,0.115,0.592,0.000,0.314,0.000,0.000,1.021,
2026-06-01 09:00:00,Monday,9,0.112,0.438,0.000,0.000,0.066,0.000,0.616,
2026-06-01 10:00:00,Monday,10,0.100,0.385,0.000,0.000,0.099,0.000,0.584,
2026-06-01 11:00:00,Monday,11,0.091,0.441,0.000,0.000,0.090,0.000,0.622,
2026-06-01 12:00:00,Monday,12,0.097,0.327,0.000,0.000,0.073,0.000,0.497,
2026-06-01 13:00:00,Monday,13,0.098,0.245,0.000,0.278,0.070,0.000,0.691,
2026-06-01 14:00:00,Monday,14,0.103,0.231,0.000,0.000,0.119,0.000,0.453,
2026-06-01 15:00:00,Monday,15,0.118,0.244,0.000,0.000,0.165,0.000,0.527,
2026-06-01 16:00:00,Monday,16,0.117,0.326,0.000,0.000,0.102,0.000,0.545,
2026-06-01 17:00:00,Monday,17,0.100,0.258,0.000,0.593,0.206,0.000,1.157,
2026-06-01 18:00:00,Monday,18,0.110,0.261,0.000,0.000,0.236,0.000,0.607,
2026-06-01 19:00:00,Monday,19,0.095,0.218,0.000,0.000,0.254,0.647,1.214,zmywarka
2026-06-01 20:00:00,Monday,20,0.089,0.222,0.000,0.000,0.261,0.000,0.572,
2026-06-01 21:00:00,Monday,21,0.118,0.295,0.000,0.000,0.124,0.000,0.537,
2026-06-01 22:00:00,Monday,22,0.114,0.234,0.120,0.000,0.124,0.000,0.592,
2026-06-01 23:00:00,Monday,23,0.135,0.241,0.000,0.000,0.000,0.000,0.376,
2026-06-02 00:00:00,Tuesday,0,0.147,0.338,0.000,0.000,0.000,0.000,0.485,
2026-06-02 01:00:00,Tuesday,1,0.089,0.311,0.000,0.000,0.000,0.000,0.400,
2026-06-02 02:00:00,Tuesday,2,0.106,0.478,0.000,0.000,0.000,0.000,0.584,
2026-06-02 03:00:00,Tuesday,3,0.118,0.422,0.000,0.000,0.000,0.000,0.540,
2026-06-02 04:00:00,Tuesday,4,0.118,0.466,0.000,0.000,0.000,0.000,0.584,
2026-06-02 05:00:00,Tuesday,5,0.110,0.466,0.000,0.000,0.000,0.000,0.576,
2026-06-02 06:00:00,Tuesday,6,0.126,0.477,0.000,0.245,0.000,0.000,0.848,
2026-06-02 07:00:00,Tuesday,7,0.094,0.462,0.000,0.300,0.000,0.000,0.856,
2026-06-02 08:00:00,Tuesday,8,0.091,0.466,0.000,0.138,0.000,0.000,0.695,
2026-06-02 09:00:00,Tuesday,9,0.102,0.323,0.000,0.000,0.068,0.000,0.493,
2026-06-02 10:00:00,Tuesday,10,0.098,0.314,0.000,0.000,0.100,0.000,0.512,
2026-06-02 11:00:00,Tuesday,11,0.096,0.223,0.000,0.000,0.101,0.000,0.420,
2026-06-02 12:00:00,Tuesday,12,0.102,0.230,0.000,0.000,0.077,0.760,1.169,pralka
2026-06-02 13:00:00,Tuesday,13,0.097,0.194,0.000,0.358,0.068,0.000,0.717,
2026-06-02 14:00:00,Tuesday,14,0.097,0.000,0.000,0.000,0.173,0.000,0.270,
2026-06-02 15:00:00,Tuesday,15,0.125,0.000,0.000,0.000,0.193,0.000,0.318,
2026-06-02 16:00:00,Tuesday,16,0.126,0.000,0.000,0.000,0.195,0.000,0.321,
2026-06-02 17:00:00,Tuesday,17,0.118,0.000,0.000,0.000,0.195,0.000,0.313,
2026-06-02 18:00:00,Tuesday,18,0.108,0.000,0.000,0.910,0.245,0.000,1.263,
2026-06-02 19:00:00,Tuesday,19,0.109,0.191,0.000,0.000,0.136,0.642,1.078,zmywarka
2026-06-02 20:00:00,Tuesday,20,0.090,0.178,0.000,0.000,0.138,0.000,0.406,
2026-06-02 21:00:00,Tuesday,21,0.106,0.194,0.000,0.000,0.274,0.000,0.574,
2026-06-02 22:00:00,Tuesday,22,0.100,0.000,0.110,0.000,0.167,0.000,0.377,
2026-06-02 23:00:00,Tuesday,23,0.096,0.185,0.000,0.000,0.000,0.000,0.281,
2026-06-03 00:00:00,Wednesday,0,0.106,0.213,0.000,0.000,0.000,0.000,0.319,
2026-06-03 01:00:00,Wednesday,1,0.113,0.262,0.000,0.000,0.000,0.000,0.375,
2026-06-03 02:00:00,Wednesday,2,0.110,0.253,0.000,0.000,0.000,0.000,0.363,
2026-06-03 03:00:00,Wednesday,3,0.118,0.261,0.000,0.000,0.000,0.000,0.379,
2026-06-03 04:00:00,Wednesday,4,0.089,0.243,0.000,0.000,0.000,0.000,0.332,
2026-06-03 05:00:00,Wednesday,5,0.125,0.257,0.000,0.000,0.000,0.000,0.382,
2026-06-03 06:00:00,Wednesday,6,0.109,0.430,0.000,0.360,0.000,0.000,0.899,
2026-06-03 07:00:00,Wednesday,7,0.092,0.332,0.000,0.364,0.000,0.000,0.788,
2026-06-03 08:00:00,Wednesday,8,0.117,0.260,0.000,0.419,0.000,0.000,0.796,
2026-06-03 09:00:00,Wednesday,9,0.103,0.236,0.000,0.000,0.084,0.000,0.423,
2026-06-03 10:00:00,Wednesday,10,0.100,0.222,0.000,0.000,0.078,0.000,0.400,
2026-06-03 11:00:00,Wednesday,11,0.111,0.269,0.000,0.000,0.104,0.000,0.484,
2026-06-03 12:00:00,Wednesday,12,0.111,0.179,0.000,0.416,0.110,0.000,0.816,
2026-06-03 13:00:00,Wednesday,13,0.104,0.190,0.000,0.000,0.109,0.000,0.403,
2026-06-03 14:00:00,Wednesday,14,0.110,0.212,0.000,0.000,0.172,0.000,0.494,
2026-06-03 15:00:00,Wednesday,15,0.117,0.301,0.000,0.000,0.080,0.000,0.498,
2026-06-03 16:00:00,Wednesday,16,0.090,0.283,0.000,0.000,0.116,0.000,0.489,
2026-06-03 17:00:00,Wednesday,17,0.109,0.338,0.000,0.743,0.131,0.000,1.321,
2026-06-03 18:00:00,Wednesday,18,0.110,0.438,0.000,0.000,0.121,0.000,0.669,
2026-06-03 19:00:00,Wednesday,19,0.102,0.370,0.000,0.000,0.258,0.000,0.730,
2026-06-03 20:00:00,Wednesday,20,0.123,0.426,0.000,0.000,0.167,0.000,0.716,
2026-06-03 21:00:00,Wednesday,21,0.124,0.397,0.000,0.000,0.230,0.000,0.751,
2026-06-03 22:00:00,Wednesday,22,0.127,0.314,0.056,0.000,0.261,0.000,0.758,
2026-06-03 23:00:00,Wednesday,23,0.123,0.366,0.000,0.000,0.000,0.000,0.489,
2026-06-04 00:00:00,Thursday,0,0.090,0.337,0.000,0.000,0.000,0.000,0.427,
2026-06-04 01:00:00,Thursday,1,0.113,0.364,0.000,0.000,0.000,0.000,0.477,
2026-06-04 02:00:00,Thursday,2,0.114,0.392,0.000,0.000,0.000,0.000,0.506,
2026-06-04 03:00:00,Thursday,3,0.127,0.357,0.000,0.000,0.000,0.000,0.484,
2026-06-04 04:00:00,Thursday,4,0.129,0.358,0.000,0.000,0.000,0.000,0.487,
2026-06-04 05:00:00,Thursday,5,0.112,0.307,0.000,0.000,0.000,0.000,0.419,
2026-06-04 06:00:00,Thursday,6,0.104,0.490,0.000,0.342,0.000,0.000,0.936,
2026-06-04 07:00:00,Thursday,7,0.127,0.485,0.000,0.348,0.000,0.000,0.960,
2026-06-04 08:00:00,Thursday,8,0.094,0.378,0.000,0.323,0.000,0.000,0.795,
2026-06-04 09:00:00,Thursday,9,0.095,0.326,0.000,0.000,0.171,0.000,0.592,praca zdalna
2026-06-04 10:00:00,Thursday,10,0.093,0.369,0.000,0.000,0.209,0.000,0.671,praca zdalna
2026-06-04 11:00:00,Thursday,11,0.117,0.275,0.000,0.000,0.206,0.000,0.598,praca zdalna
2026-06-04 12:00:00,Thursday,12,0.115,0.418,0.000,0.000,0.237,0.000,0.770,praca zdalna
2026-06-04 13:00:00,Thursday,13,0.122,0.276,0.000,0.680,0.191,0.000,1.269,praca zdalna
2026-06-04 14:00:00,Thursday,14,0.098,0.305,0.000,0.000,0.202,0.000,0.605,praca zdalna
2026-06-04 15:00:00,Thursday,15,0.109,0.299,0.000,0.000,0.322,0.000,0.730,praca zdalna
2026-06-04 16:00:00,Thursday,16,0.126,0.310,0.000,0.000,0.235,0.000,0.671,praca zdalna
2026-06-04 17:00:00,Thursday,17,0.106,0.286,0.000,0.778,0.248,0.000,1.418,
2026-06-04 18:00:00,Thursday,18,0.089,0.377,0.000,0.000,0.134,0.000,0.600,
2026-06-04 19:00:00,Thursday,19,0.094,0.351,0.000,0.000,0.167,0.691,1.303,zmywarka
2026-06-04 20:00:00,Thursday,20,0.120,0.491,0.000,0.000,0.279,0.000,0.890,
2026-06-04 21:00:00,Thursday,21,0.091,0.401,0.000,0.000,0.174,0.000,0.666,
2026-06-04 22:00:00,Thursday,22,0.098,0.318,0.042,0.000,0.211,0.000,0.669,
2026-06-04 23:00:00,Thursday,23,0.142,0.337,0.000,0.000,0.000,0.000,0.479,
2026-06-05 00:00:00,Friday,0,0.111,0.193,0.000,0.000,0.000,0.000,0.304,wyjazd / nieobecność
2026-06-05 01:00:00,Friday,1,0.102,0.215,0.000,0.000,0.000,0.000,0.317,wyjazd / nieobecność
2026-06-05 02:00:00,Friday,2,0.098,0.000,0.000,0.000,0.000,0.000,0.098,wyjazd / nieobecność
2026-06-05 03:00:00,Friday,3,0.094,0.176,0.000,0.000,0.000,0.000,0.270,wyjazd / nieobecność
2026-06-05 04:00:00,Friday,4,0.102,0.285,0.000,0.000,0.000,0.000,0.387,wyjazd / nieobecność
2026-06-05 05:00:00,Friday,5,0.108,0.250,0.000,0.000,0.000,0.000,0.358,wyjazd / nieobecność
2026-06-05 06:00:00,Friday,6,0.095,0.237,0.000,0.000,0.000,0.000,0.332,wyjazd / nieobecność
2026-06-05 07:00:00,Friday,7,0.097,0.227,0.000,0.000,0.000,0.000,0.324,wyjazd / nieobecność
2026-06-05 08:00:00,Friday,8,0.090,0.000,0.000,0.000,0.000,0.000,0.090,wyjazd / nieobecność
2026-06-05 09:00:00,Friday,9,0.120,0.000,0.000,0.000,0.000,0.000,0.120,wyjazd / nieobecność
2026-06-05 10:00:00,Friday,10,0.094,0.000,0.000,0.000,0.000,0.000,0.094,wyjazd / nieobecność
2026-06-05 11:00:00,Friday,11,0.104,0.000,0.000,0.000,0.000,0.000,0.104,wyjazd / nieobecność
2026-06-05 12:00:00,Friday,12,0.126,0.000,0.000,0.000,0.000,0.000,0.126,wyjazd / nieobecność
2026-06-05 13:00:00,Friday,13,0.103,0.000,0.000,0.000,0.000,0.000,0.103,wyjazd / nieobecność
2026-06-05 14:00:00,Friday,14,0.089,0.000,0.000,0.000,0.000,0.000,0.089,wyjazd / nieobecność
2026-06-05 15:00:00,Friday,15,0.121,0.000,0.000,0.000,0.000,0.000,0.121,wyjazd / nieobecność
2026-06-05 16:00:00,Friday,16,0.099,0.000,0.000,0.000,0.000,0.000,0.099,wyjazd / nieobecność
2026-06-05 17:00:00,Friday,17,0.121,0.000,0.000,0.000,0.000,0.000,0.121,wyjazd / nieobecność
2026-06-05 18:00:00,Friday,18,0.102,0.000,0.000,0.000,0.000,0.000,0.102,wyjazd / nieobecność
2026-06-05 19:00:00,Friday,19,0.116,0.000,0.000,0.000,0.000,0.000,0.116,wyjazd / nieobecność
2026-06-05 20:00:00,Friday,20,0.121,0.000,0.000,0.000,0.000,0.000,0.121,wyjazd / nieobecność
2026-06-05 21:00:00,Friday,21,0.125,0.000,0.000,0.000,0.000,0.000,0.125,wyjazd / nieobecność
2026-06-05 22:00:00,Friday,22,0.128,0.000,0.000,0.000,0.000,0.000,0.128,wyjazd / nieobecność
2026-06-05 23:00:00,Friday,23,0.105,0.000,0.000,0.000,0.000,0.000,0.105,wyjazd / nieobecność
2026-06-06 00:00:00,Saturday,0,0.110,0.382,0.000,0.000,0.000,0.000,0.492,
2026-06-06 01:00:00,Saturday,1,0.096,0.574,0.000,0.000,0.000,0.000,0.670,
2026-06-06 02:00:00,Saturday,2,0.132,0.614,0.000,0.000,0.000,0.000,0.746,
2026-06-06 03:00:00,Saturday,3,0.109,0.610,0.000,0.000,0.000,0.000,0.719,
2026-06-06 04:00:00,Saturday,4,0.102,0.615,0.000,0.000,0.000,0.000,0.717,
2026-06-06 05:00:00,Saturday,5,0.113,0.668,0.000,0.000,0.000,0.000,0.781,
2026-06-06 06:00:00,Saturday,6,0.109,0.707,0.000,0.270,0.000,0.000,1.086,
2026-06-06 07:00:00,Saturday,7,0.123,0.702,0.000,0.327,0.000,0.000,1.152,
2026-06-06 08:00:00,Saturday,8,0.094,0.484,0.000,0.259,0.000,0.000,0.837,
2026-06-06 09:00:00,Saturday,9,0.123,0.502,0.000,0.000,0.121,0.782,1.528,pralka
2026-06-06 10:00:00,Saturday,10,0.126,0.356,0.000,0.000,0.192,1.898,2.572,suszarka
2026-06-06 11:00:00,Saturday,11,0.090,0.349,0.000,0.000,0.134,0.000,0.573,
2026-06-06 12:00:00,Saturday,12,0.099,0.353,0.000,0.000,0.135,0.000,0.587,
2026-06-06 13:00:00,Saturday,13,0.110,0.374,0.000,0.590,0.134,0.813,2.021,zmywarka
2026-06-06 14:00:00,Saturday,14,0.126,0.318,0.000,0.000,0.062,0.000,0.506,
2026-06-06 15:00:00,Saturday,15,0.106,0.322,0.000,0.000,0.144,0.000,0.572,
2026-06-06 16:00:00,Saturday,16,0.101,0.299,0.000,0.000,0.072,0.000,0.472,
2026-06-06 17:00:00,Saturday,17,0.119,0.340,0.000,0.000,0.230,0.000,0.689,
2026-06-06 18:00:00,Saturday,18,0.108,0.307,0.000,0.763,0.200,0.000,1.378,
2026-06-06 19:00:00,Saturday,19,0.102,0.325,0.000,0.000,0.249,0.000,0.676,
2026-06-06 20:00:00,Saturday,20,0.094,0.350,0.000,0.000,0.166,0.000,0.610,
2026-06-06 21:00:00,Saturday,21,0.092,0.316,0.000,0.000,0.148,0.000,0.556,
2026-06-06 22:00:00,Saturday,22,0.110,0.282,0.088,0.000,0.202,0.000,0.682,
2026-06-06 23:00:00,Saturday,23,0.131,0.321,0.000,0.000,0.000,0.000,0.452,
2026-06-07 00:00:00,Sunday,0,0.120,0.334,0.000,0.000,0.000,0.000,0.454,
2026-06-07 01:00:00,Sunday,1,0.113,0.386,0.000,0.000,0.000,0.000,0.499,
2026-06-07 02:00:00,Sunday,2,0.116,0.404,0.000,0.000,0.000,0.000,0.520,
2026-06-07 03:00:00,Sunday,3,0.140,0.408,0.000,0.000,0.000,0.000,0.548,
2026-06-07 04:00:00,Sunday,4,0.105,0.419,0.000,0.000,0.000,0.000,0.524,
2026-06-07 05:00:00,Sunday,5,0.114,0.430,0.000,0.000,0.000,0.000,0.544,
2026-06-07 06:00:00,Sunday,6,0.106,0.467,0.000,0.428,0.000,0.000,1.001,
2026-06-07 07:00:00,Sunday,7,0.126,0.452,0.000,0.274,0.000,0.000,0.852,
2026-06-07 08:00:00,Sunday,8,0.112,0.437,0.000,0.345,0.000,0.000,0.894,
2026-06-07 09:00:00,Sunday,9,0.098,0.456,0.000,0.000,0.149,0.000,0.703,
2026-06-07 10:00:00,Sunday,10,0.122,0.376,0.000,0.000,0.186,0.000,0.684,
2026-06-07 11:00:00,Sunday,11,0.090,0.234,0.000,0.000,0.171,0.000,0.495,
2026-06-07 12:00:00,Sunday,12,0.089,0.224,0.000,0.786,0.102,0.000,1.201,
2026-06-07 13:00:00,Sunday,13,0.118,0.175,0.000,0.000,0.141,0.780,1.214,zmywarka
2026-06-07 14:00:00,Sunday,14,0.114,0.198,0.000,0.000,0.158,0.000,0.470,
2026-06-07 15:00:00,Sunday,15,0.105,0.198,0.000,0.000,0.198,0.000,0.501,
2026-06-07 16:00:00,Sunday,16,0.089,0.250,0.000,0.000,0.198,0.000,0.537,
2026-06-07 17:00:00,Sunday,17,0.120,0.238,0.000,0.554,0.224,0.000,1.136,
2026-06-07 18:00:00,Sunday,18,0.117,0.258,0.000,0.000,0.201,0.000,0.576,
2026-06-07 19:00:00,Sunday,19,0.100,0.379,0.000,0.000,0.191,0.000,0.670,
2026-06-07 20:00:00,Sunday,20,0.116,0.372,0.000,0.000,0.130,0.000,0.618,
2026-06-07 21:00:00,Sunday,21,0.113,0.529,0.000,0.000,0.230,0.000,0.872,
2026-06-07 22:00:00,Sunday,22,0.119,0.321,0.066,0.000,0.154,0.000,0.660,
2026-06-07 23:00:00,Sunday,23,0.126,0.397,0.000,0.000,0.000,0.000,0.523,
2026-06-08 00:00:00,Monday,0,0.105,0.416,0.000,0.000,0.000,0.000,0.521,
2026-06-08 01:00:00,Monday,1,0.128,0.420,0.000,0.000,0.000,0.000,0.548,
2026-06-08 02:00:00,Monday,2,0.133,0.490,0.000,0.000,0.000,0.000,0.623,
2026-06-08 03:00:00,Monday,3,0.113,0.554,0.000,0.000,0.000,0.000,0.667,
2026-06-08 04:00:00,Monday,4,0.102,0.502,0.000,0.000,0.000,0.000,0.604,
2026-06-08 05:00:00,Monday,5,0.100,0.596,0.000,0.000,0.000,0.000,0.696,
2026-06-08 06:00:00,Monday,6,0.089,0.634,0.000,0.340,0.000,0.000,1.063,
2026-06-08 07:00:00,Monday,7,0.118,0.625,0.000,0.349,0.000,0.000,1.092,
2026-06-08 08:00:00,Monday,8,0.094,0.581,0.000,0.240,0.000,0.000,0.915,
2026-06-08 09:00:00,Monday,9,0.103,0.401,0.000,0.000,0.094,0.000,0.598,
2026-06-08 10:00:00,Monday,10,0.118,0.342,0.000,0.000,0.067,0.000,0.527,
2026-06-08 11:00:00,Monday,11,0.097,0.340,0.000,0.000,0.090,0.000,0.527,
2026-06-08 12:00:00,Monday,12,0.112,0.311,0.000,0.256,0.090,0.000,0.769,
2026-06-08 13:00:00,Monday,13,0.101,0.323,0.000,0.000,0.088,0.000,0.512,
2026-06-08 14:00:00,Monday,14,0.113,0.309,0.000,0.000,0.101,0.000,0.523,
2026-06-08 15:00:00,Monday,15,0.090,0.328,0.000,0.000,0.122,0.000,0.540,
2026-06-08 16:00:00,Monday,16,0.090,0.339,0.000,0.000,0.099,0.000,0.528,
2026-06-08 17:00:00,Monday,17,0.112,0.323,0.000,0.528,0.174,0.000,1.137,
2026-06-08 18:00:00,Monday,18,0.102,0.288,0.000,0.000,0.238,0.000,0.628,
2026-06-08 19:00:00,Monday,19,0.109,0.402,0.000,0.000,0.258,0.000,0.769,
2026-06-08 20:00:00,Monday,20,0.102,0.402,0.000,0.000,0.222,0.000,0.726,
2026-06-08 21:00:00,Monday,21,0.089,0.406,0.000,0.000,0.242,0.000,0.737,
2026-06-08 22:00:00,Monday,22,0.110,0.269,0.105,0.000,0.186,0.000,0.670,
2026-06-08 23:00:00,Monday,23,0.102,0.342,0.000,0.000,0.000,0.000,0.444,
2026-06-09 00:00:00,Tuesday,0,0.115,0.331,0.000,0.000,0.000,0.000,0.446,
2026-06-09 01:00:00,Tuesday,1,0.143,0.354,0.000,0.000,0.000,0.000,0.497,
2026-06-09 02:00:00,Tuesday,2,0.122,0.298,0.000,0.000,0.000,0.000,0.420,
2026-06-09 03:00:00,Tuesday,3,0.128,0.286,0.000,0.000,0.000,0.000,0.414,
2026-06-09 04:00:00,Tuesday,4,0.105,0.366,0.000,0.000,0.000,0.000,0.471,
2026-06-09 05:00:00,Tuesday,5,0.098,0.378,0.000,0.000,0.000,0.000,0.476,
2026-06-09 06:00:00,Tuesday,6,0.102,0.442,0.000,0.392,0.000,0.000,0.936,
2026-06-09 07:00:00,Tuesday,7,0.095,0.464,0.000,0.406,0.000,0.000,0.965,
2026-06-09 08:00:00,Tuesday,8,0.098,0.467,0.000,0.392,0.000,0.000,0.957,
2026-06-09 09:00:00,Tuesday,9,0.120,0.414,0.000,0.000,0.187,0.750,1.471,praca zdalna; pralka
2026-06-09 10:00:00,Tuesday,10,0.095,0.592,0.000,0.000,0.182,1.696,2.565,praca zdalna; suszarka
2026-06-09 11:00:00,Tuesday,11,0.095,0.492,0.000,0.000,0.218,0.000,0.805,praca zdalna
2026-06-09 12:00:00,Tuesday,12,0.119,0.336,0.000,0.000,0.156,0.000,0.611,praca zdalna
2026-06-09 13:00:00,Tuesday,13,0.091,0.386,0.000,0.502,0.178,0.000,1.157,praca zdalna
2026-06-09 14:00:00,Tuesday,14,0.091,0.263,0.000,0.000,0.272,0.000,0.626,praca zdalna
2026-06-09 15:00:00,Tuesday,15,0.093,0.437,0.000,0.000,0.131,0.000,0.661,praca zdalna
2026-06-09 16:00:00,Tuesday,16,0.090,0.430,0.000,0.000,0.330,0.000,0.850,praca zdalna
2026-06-09 17:00:00,Tuesday,17,0.113,0.418,0.000,0.000,0.274,0.000,0.805,
2026-06-09 18:00:00,Tuesday,18,0.119,0.500,0.000,1.166,0.246,0.000,2.031,
2026-06-09 19:00:00,Tuesday,19,0.110,0.526,0.000,0.000,0.243,0.000,0.879,
2026-06-09 20:00:00,Tuesday,20,0.090,0.415,0.000,0.000,0.250,0.756,1.511,zmywarka
2026-06-09 21:00:00,Tuesday,21,0.098,0.506,0.000,0.000,0.170,0.000,0.774,
2026-06-09 22:00:00,Tuesday,22,0.099,0.530,0.107,0.000,0.225,0.000,0.961,
2026-06-09 23:00:00,Tuesday,23,0.094,0.551,0.000,0.000,0.000,0.000,0.645,
2026-06-10 00:00:00,Wednesday,0,0.123,0.500,0.000,0.000,0.000,0.000,0.623,
2026-06-10 01:00:00,Wednesday,1,0.112,0.638,0.000,0.000,0.000,0.000,0.750,
2026-06-10 02:00:00,Wednesday,2,0.092,0.613,0.000,0.000,0.000,0.000,0.705,
2026-06-10 03:00:00,Wednesday,3,0.092,0.536,0.000,0.000,0.000,0.000,0.628,
2026-06-10 04:00:00,Wednesday,4,0.123,0.593,0.000,0.000,0.000,0.000,0.716,
2026-06-10 05:00:00,Wednesday,5,0.098,0.744,0.000,0.000,0.000,0.000,0.842,
2026-06-10 06:00:00,Wednesday,6,0.106,0.814,0.000,0.295,0.000,0.000,1.215,
2026-06-10 07:00:00,Wednesday,7,0.121,0.885,0.000,0.433,0.000,0.000,1.439,
2026-06-10 08:00:00,Wednesday,8,0.103,0.654,0.000,0.297,0.000,0.000,1.054,
2026-06-10 09:00:00,Wednesday,9,0.118,0.538,0.000,0.000,0.090,0.000,0.746,
2026-06-10 10:00:00,Wednesday,10,0.109,0.518,0.000,0.000,0.114,0.502,1.243,pralka
2026-06-10 11:00:00,Wednesday,11,0.094,0.395,0.000,0.000,0.088,0.000,0.577,
2026-06-10 12:00:00,Wednesday,12,0.090,0.356,0.000,0.000,0.100,0.000,0.546,
2026-06-10 13:00:00,Wednesday,13,0.097,0.311,0.000,0.629,0.097,0.000,1.134,
2026-06-10 14:00:00,Wednesday,14,0.110,0.323,0.000,0.000,0.072,0.000,0.505,
2026-06-10 15:00:00,Wednesday,15,0.118,0.250,0.000,0.000,0.121,0.000,0.489,
2026-06-10 16:00:00,Wednesday,16,0.126,0.315,0.000,0.000,0.095,0.000,0.536,
2026-06-10 17:00:00,Wednesday,17,0.098,0.295,0.000,1.137,0.162,0.000,1.692,goście
2026-06-10 18:00:00,Wednesday,18,0.126,0.282,0.000,0.000,0.258,0.000,0.666,goście
2026-06-10 19:00:00,Wednesday,19,0.101,0.382,0.000,0.000,0.238,0.000,0.721,goście
2026-06-10 20:00:00,Wednesday,20,0.118,0.453,0.000,0.000,0.161,0.699,1.431,goście; zmywarka
2026-06-10 21:00:00,Wednesday,21,0.096,0.534,0.000,0.000,0.226,0.000,0.856,goście
2026-06-10 22:00:00,Wednesday,22,0.104,0.437,0.099,0.000,0.228,0.000,0.868,
2026-06-10 23:00:00,Wednesday,23,0.106,0.454,0.000,0.000,0.000,0.000,0.560,
2026-06-11 00:00:00,Thursday,0,0.103,0.421,0.000,0.000,0.000,0.000,0.524,
2026-06-11 01:00:00,Thursday,1,0.114,0.446,0.000,0.000,0.000,0.000,0.560,
2026-06-11 02:00:00,Thursday,2,0.109,0.554,0.000,0.000,0.000,0.000,0.663,
2026-06-11 03:00:00,Thursday,3,0.106,0.769,0.000,0.000,0.000,0.000,0.875,
2026-06-11 04:00:00,Thursday,4,0.103,0.822,0.000,0.000,0.000,0.000,0.925,
2026-06-11 05:00:00,Thursday,5,0.109,0.867,0.000,0.000,0.000,0.000,0.976,
2026-06-11 06:00:00,Thursday,6,0.119,0.950,0.000,0.263,0.000,0.000,1.332,
2026-06-11 07:00:00,Thursday,7,0.125,0.755,0.000,0.425,0.000,0.000,1.305,
2026-06-11 08:00:00,Thursday,8,0.108,0.595,0.000,0.270,0.000,0.000,0.973,
2026-06-11 09:00:00,Thursday,9,0.125,0.589,0.000,0.000,0.186,0.000,0.900,praca zdalna
2026-06-11 10:00:00,Thursday,10,0.090,0.493,0.000,0.000,0.197,0.000,0.780,praca zdalna
2026-06-11 11:00:00,Thursday,11,0.118,0.422,0.000,0.000,0.173,0.000,0.713,praca zdalna
2026-06-11 12:00:00,Thursday,12,0.102,0.557,0.000,0.000,0.212,0.000,0.871,praca zdalna
2026-06-11 13:00:00,Thursday,13,0.090,0.410,0.000,0.408,0.152,0.583,1.643,praca zdalna; pralka
2026-06-11 14:00:00,Thursday,14,0.122,0.412,0.000,0.000,0.225,1.210,1.969,praca zdalna; suszarka
2026-06-11 15:00:00,Thursday,15,0.118,0.405,0.000,0.000,0.250,0.000,0.773,praca zdalna
2026-06-11 16:00:00,Thursday,16,0.122,0.428,0.000,0.000,0.302,0.000,0.852,praca zdalna
2026-06-11 17:00:00,Thursday,17,0.119,0.330,0.000,0.000,0.275,0.000,0.724,
2026-06-11 18:00:00,Thursday,18,0.092,0.338,0.000,0.662,0.273,0.000,1.365,
2026-06-11 19:00:00,Thursday,19,0.115,0.363,0.000,0.000,0.122,0.000,0.600,
2026-06-11 20:00:00,Thursday,20,0.098,0.549,0.000,0.000,0.177,0.679,1.503,zmywarka
2026-06-11 21:00:00,Thursday,21,0.124,0.597,0.000,0.000,0.238,0.000,0.959,
2026-06-11 22:00:00,Thursday,22,0.120,0.490,0.078,0.000,0.171,0.000,0.859,
2026-06-11 23:00:00,Thursday,23,0.109,0.565,0.000,0.000,0.000,0.000,0.674,
2026-06-12 00:00:00,Friday,0,0.088,0.662,0.000,0.000,0.000,0.000,0.750,
2026-06-12 01:00:00,Friday,1,0.118,0.574,0.000,0.000,0.000,0.000,0.692,
2026-06-12 02:00:00,Friday,2,0.119,0.721,0.000,0.000,0.000,0.000,0.840,
2026-06-12 03:00:00,Friday,3,0.097,0.790,0.000,0.000,0.000,0.000,0.887,
2026-06-12 04:00:00,Friday,4,0.110,0.745,0.000,0.000,0.000,0.000,0.855,
2026-06-12 05:00:00,Friday,5,0.144,0.882,0.000,0.000,0.000,0.000,1.026,
2026-06-12 06:00:00,Friday,6,0.090,0.806,0.000,0.250,0.000,0.000,1.146,
2026-06-12 07:00:00,Friday,7,0.103,0.586,0.000,0.413,0.000,0.000,1.102,
2026-06-12 08:00:00,Friday,8,0.097,0.448,0.000,0.302,0.000,0.000,0.847,
2026-06-12 09:00:00,Friday,9,0.113,0.532,0.000,0.000,0.089,0.000,0.734,
2026-06-12 10:00:00,Friday,10,0.126,0.548,0.000,0.000,0.118,0.000,0.792,
2026-06-12 11:00:00,Friday,11,0.096,0.534,0.000,0.000,0.106,0.000,0.736,
2026-06-12 12:00:00,Friday,12,0.113,0.550,0.000,0.000,0.092,0.000,0.755,
2026-06-12 13:00:00,Friday,13,0.114,0.492,0.000,0.346,0.112,0.000,1.064,
2026-06-12 14:00:00,Friday,14,0.094,0.327,0.000,0.000,0.110,0.000,0.531,
2026-06-12 15:00:00,Friday,15,0.120,0.342,0.000,0.000,0.151,0.000,0.613,
2026-06-12 16:00:00,Friday,16,0.113,0.418,0.000,0.000,0.156,0.000,0.687,
2026-06-12 17:00:00,Friday,17,0.102,0.459,0.000,0.872,0.147,0.000,1.580,
2026-06-12 18:00:00,Friday,18,0.092,0.509,0.000,0.000,0.269,0.000,0.870,
2026-06-12 19:00:00,Friday,19,0.114,0.579,0.000,0.000,0.268,0.000,0.961,
2026-06-12 20:00:00,Friday,20,0.089,0.438,0.000,0.000,0.137,0.894,1.558,zmywarka
2026-06-12 21:00:00,Friday,21,0.108,0.448,0.000,0.000,0.170,0.000,0.726,
2026-06-12 22:00:00,Friday,22,0.110,0.513,0.071,0.000,0.189,0.000,0.883,
2026-06-12 23:00:00,Friday,23,0.111,0.446,0.000,0.000,0.000,0.000,0.557,
2026-06-13 00:00:00,Saturday,0,0.118,0.533,0.000,0.000,0.000,0.000,0.651,
2026-06-13 01:00:00,Saturday,1,0.122,0.700,0.000,0.000,0.000,0.000,0.822,
2026-06-13 02:00:00,Saturday,2,0.104,0.611,0.000,0.000,0.000,0.000,0.715,
2026-06-13 03:00:00,Saturday,3,0.111,0.732,0.000,0.000,0.000,0.000,0.843,
2026-06-13 04:00:00,Saturday,4,0.106,0.731,0.000,0.000,0.000,0.000,0.837,
2026-06-13 05:00:00,Saturday,5,0.106,0.639,0.000,0.000,0.000,0.000,0.745,
2026-06-13 06:00:00,Saturday,6,0.125,0.803,0.000,0.212,0.000,0.000,1.140,
2026-06-13 07:00:00,Saturday,7,0.098,0.794,0.000,0.310,0.000,0.000,1.202,
2026-06-13 08:00:00,Saturday,8,0.098,0.652,0.000,0.281,0.000,0.000,1.031,
2026-06-13 09:00:00,Saturday,9,0.105,0.642,0.000,0.000,0.058,0.000,0.805,
2026-06-13 10:00:00,Saturday,10,0.125,0.514,0.000,0.000,0.112,0.773,1.524,pralka
2026-06-13 11:00:00,Saturday,11,0.118,0.440,0.000,0.000,0.107,1.239,1.904,suszarka
2026-06-13 12:00:00,Saturday,12,0.128,0.469,0.000,0.000,0.083,0.000,0.680,
2026-06-13 13:00:00,Saturday,13,0.098,0.466,0.000,0.689,0.065,0.856,2.174,zmywarka
2026-06-13 14:00:00,Saturday,14,0.090,0.633,0.000,0.000,0.088,0.000,0.811,
2026-06-13 15:00:00,Saturday,15,0.115,0.690,0.000,0.000,0.150,0.000,0.955,
2026-06-13 16:00:00,Saturday,16,0.106,0.705,0.000,0.000,0.181,0.000,0.992,
2026-06-13 17:00:00,Saturday,17,0.099,0.514,0.000,0.000,0.250,0.000,0.863,
2026-06-13 18:00:00,Saturday,18,0.124,0.479,0.000,0.490,0.151,0.000,1.244,
2026-06-13 19:00:00,Saturday,19,0.108,0.466,0.000,0.000,0.138,0.000,0.712,
2026-06-13 20:00:00,Saturday,20,0.099,0.642,0.000,0.000,0.143,0.000,0.884,
2026-06-13 21:00:00,Saturday,21,0.089,0.721,0.000,0.000,0.127,0.000,0.937,
2026-06-13 22:00:00,Saturday,22,0.090,0.550,0.060,0.000,0.178,0.000,0.878,
2026-06-13 23:00:00,Saturday,23,0.100,0.720,0.000,0.000,0.000,0.000,0.820,
2026-06-14 00:00:00,Sunday,0,0.111,0.773,0.000,0.000,0.000,0.000,0.884,
2026-06-14 01:00:00,Sunday,1,0.106,0.751,0.000,0.000,0.000,0.000,0.857,
2026-06-14 02:00:00,Sunday,2,0.127,0.919,0.000,0.000,0.000,0.000,1.046,
2026-06-14 03:00:00,Sunday,3,0.089,0.857,0.000,0.000,0.000,0.000,0.946,
2026-06-14 04:00:00,Sunday,4,0.136,0.907,0.000,0.000,0.000,0.000,1.043,
2026-06-14 05:00:00,Sunday,5,0.106,0.895,0.000,0.000,0.000,0.000,1.001,
2026-06-14 06:00:00,Sunday,6,0.109,0.869,0.000,0.233,0.000,0.000,1.211,
2026-06-14 07:00:00,Sunday,7,0.118,0.814,0.000,0.327,0.000,0.000,1.259,
2026-06-14 08:00:00,Sunday,8,0.126,0.698,0.000,0.244,0.000,0.000,1.068,
2026-06-14 09:00:00,Sunday,9,0.120,0.754,0.000,0.000,0.070,0.000,0.944,
2026-06-14 10:00:00,Sunday,10,0.116,0.558,0.000,0.000,0.133,0.000,0.807,
2026-06-14 11:00:00,Sunday,11,0.115,0.558,0.000,0.000,0.142,0.000,0.815,
2026-06-14 12:00:00,Sunday,12,0.114,0.369,0.000,0.000,0.086,0.000,0.569,
2026-06-14 13:00:00,Sunday,13,0.117,0.455,0.000,0.299,0.174,0.933,1.978,zmywarka
2026-06-14 14:00:00,Sunday,14,0.106,0.340,0.000,0.000,0.127,0.000,0.573,
2026-06-14 15:00:00,Sunday,15,0.102,0.441,0.000,0.000,0.065,0.000,0.608,
2026-06-14 16:00:00,Sunday,16,0.113,0.350,0.000,0.000,0.123,0.000,0.586,
2026-06-14 17:00:00,Sunday,17,0.090,0.362,0.000,0.000,0.160,0.000,0.612,goście
2026-06-14 18:00:00,Sunday,18,0.091,0.440,0.000,1.594,0.166,0.000,2.291,goście
2026-06-14 19:00:00,Sunday,19,0.121,0.458,0.000,0.000,0.259,0.000,0.838,goście
2026-06-14 20:00:00,Sunday,20,0.094,0.486,0.000,0.000,0.215,0.000,0.795,goście
2026-06-14 21:00:00,Sunday,21,0.118,0.498,0.000,0.000,0.276,0.000,0.892,goście
2026-06-14 22:00:00,Sunday,22,0.102,0.507,0.041,0.000,0.174,0.000,0.824,
2026-06-14 23:00:00,Sunday,23,0.122,0.598,0.000,0.000,0.000,0.000,0.720,
2026-06-15 00:00:00,Monday,0,0.111,0.617,0.000,0.000,0.000,0.000,0.728,
2026-06-15 01:00:00,Monday,1,0.105,0.481,0.000,0.000,0.000,0.000,0.586,
2026-06-15 02:00:00,Monday,2,0.109,0.561,0.000,0.000,0.000,0.000,0.670,
2026-06-15 03:00:00,Monday,3,0.113,0.510,0.000,0.000,0.000,0.000,0.623,
2026-06-15 04:00:00,Monday,4,0.106,0.623,0.000,0.000,0.000,0.000,0.729,
2026-06-15 05:00:00,Monday,5,0.121,0.710,0.000,0.000,0.000,0.000,0.831,
2026-06-15 06:00:00,Monday,6,0.112,0.874,0.000,0.306,0.000,0.000,1.292,
2026-06-15 07:00:00,Monday,7,0.106,0.815,0.000,0.359,0.000,0.000,1.280,
2026-06-15 08:00:00,Monday,8,0.099,0.582,0.000,0.323,0.000,0.000,1.004,
2026-06-15 09:00:00,Monday,9,0.114,0.526,0.000,0.000,0.104,0.000,0.744,
2026-06-15 10:00:00,Monday,10,0.102,0.506,0.000,0.000,0.106,0.000,0.714,
2026-06-15 11:00:00,Monday,11,0.114,0.482,0.000,0.000,0.083,0.000,0.679,
2026-06-15 12:00:00,Monday,12,0.100,0.507,0.000,0.000,0.067,0.000,0.674,
2026-06-15 13:00:00,Monday,13,0.128,0.367,0.000,0.689,0.098,0.000,1.282,
2026-06-15 14:00:00,Monday,14,0.122,0.410,0.000,0.000,0.172,0.000,0.704,
2026-06-15 15:00:00,Monday,15,0.095,0.417,0.000,0.000,0.075,0.000,0.587,
2026-06-15 16:00:00,Monday,16,0.103,0.390,0.000,0.000,0.178,0.000,0.671,
2026-06-15 17:00:00,Monday,17,0.102,0.319,0.000,0.000,0.196,0.000,0.617,
2026-06-15 18:00:00,Monday,18,0.116,0.350,0.000,0.602,0.137,0.000,1.205,
2026-06-15 19:00:00,Monday,19,0.090,0.439,0.000,0.000,0.211,0.941,1.681,zmywarka
2026-06-15 20:00:00,Monday,20,0.121,0.446,0.000,0.000,0.257,0.000,0.824,
2026-06-15 21:00:00,Monday,21,0.103,0.426,0.000,0.000,0.130,0.000,0.659,
2026-06-15 22:00:00,Monday,22,0.102,0.440,0.068,0.000,0.266,0.000,0.876,
2026-06-15 23:00:00,Monday,23,0.118,0.420,0.000,0.000,0.000,0.000,0.538,
2026-06-16 00:00:00,Tuesday,0,0.143,0.548,0.000,0.000,0.000,0.000,0.691,
2026-06-16 01:00:00,Tuesday,1,0.106,0.562,0.000,0.000,0.000,0.000,0.668,
2026-06-16 02:00:00,Tuesday,2,0.109,0.595,0.000,0.000,0.000,0.000,0.704,
2026-06-16 03:00:00,Tuesday,3,0.088,0.568,0.000,0.000,0.000,0.000,0.656,
2026-06-16 04:00:00,Tuesday,4,0.128,0.614,0.000,0.000,0.000,0.000,0.742,
2026-06-16 05:00:00,Tuesday,5,0.126,0.794,0.000,0.000,0.000,0.000,0.920,
2026-06-16 06:00:00,Tuesday,6,0.116,0.811,0.000,0.255,0.000,0.000,1.182,
2026-06-16 07:00:00,Tuesday,7,0.118,0.851,0.000,0.434,0.000,0.000,1.403,
2026-06-16 08:00:00,Tuesday,8,0.116,0.794,0.000,0.295,0.000,0.000,1.205,
2026-06-16 09:00:00,Tuesday,9,0.100,0.768,0.000,0.000,0.110,0.000,0.978,
2026-06-16 10:00:00,Tuesday,10,0.123,0.755,0.000,0.000,0.102,0.000,0.980,
2026-06-16 11:00:00,Tuesday,11,0.096,0.810,0.000,0.000,0.110,0.000,1.016,
2026-06-16 12:00:00,Tuesday,12,0.106,0.785,0.000,0.267,0.074,0.000,1.232,
2026-06-16 13:00:00,Tuesday,13,0.108,0.649,0.000,0.000,0.088,0.000,0.845,
2026-06-16 14:00:00,Tuesday,14,0.104,0.709,0.000,0.000,0.183,0.000,0.996,
2026-06-16 15:00:00,Tuesday,15,0.112,0.581,0.000,0.000,0.149,0.000,0.842,
2026-06-16 16:00:00,Tuesday,16,0.109,0.531,0.000,0.000,0.121,0.000,0.761,
2026-06-16 17:00:00,Tuesday,17,0.106,0.529,0.000,0.836,0.151,0.000,1.622,
2026-06-16 18:00:00,Tuesday,18,0.101,0.490,0.000,0.000,0.162,0.000,0.753,
2026-06-16 19:00:00,Tuesday,19,0.119,0.608,0.000,0.000,0.273,0.800,1.800,zmywarka
2026-06-16 20:00:00,Tuesday,20,0.109,0.555,0.000,0.000,0.137,0.000,0.801,
2026-06-16 21:00:00,Tuesday,21,0.098,0.666,0.000,0.000,0.156,0.000,0.920,
2026-06-16 22:00:00,Tuesday,22,0.110,0.558,0.070,0.000,0.184,0.000,0.922,
2026-06-16 23:00:00,Tuesday,23,0.094,0.554,0.000,0.000,0.000,0.000,0.648,
2026-06-17 00:00:00,Wednesday,0,0.123,0.602,0.000,0.000,0.000,0.000,0.725,
2026-06-17 01:00:00,Wednesday,1,0.091,0.784,0.000,0.000,0.000,0.000,0.875,
2026-06-17 02:00:00,Wednesday,2,0.111,0.733,0.000,0.000,0.000,0.000,0.844,
2026-06-17 03:00:00,Wednesday,3,0.090,0.678,0.000,0.000,0.000,0.000,0.768,
2026-06-17 04:00:00,Wednesday,4,0.109,0.748,0.000,0.000,0.000,0.000,0.857,
2026-06-17 05:00:00,Wednesday,5,0.110,0.831,0.000,0.000,0.000,0.000,0.941,
2026-06-17 06:00:00,Wednesday,6,0.114,0.954,0.000,0.225,0.000,0.000,1.293,
2026-06-17 07:00:00,Wednesday,7,0.117,0.760,0.000,0.247,0.000,0.000,1.124,
2026-06-17 08:00:00,Wednesday,8,0.125,0.846,0.000,0.250,0.000,0.000,1.221,
2026-06-17 09:00:00,Wednesday,9,0.108,0.745,0.000,0.000,0.120,0.000,0.973,
2026-06-17 10:00:00,Wednesday,10,0.105,0.864,0.000,0.000,0.097,0.000,1.066,
2026-06-17 11:00:00,Wednesday,11,0.107,0.552,0.000,0.000,0.073,0.000,0.732,
2026-06-17 12:00:00,Wednesday,12,0.117,0.478,0.000,0.713,0.103,0.000,1.411,
2026-06-17 13:00:00,Wednesday,13,0.108,0.438,0.000,0.000,0.110,0.000,0.656,
2026-06-17 14:00:00,Wednesday,14,0.110,0.394,0.000,0.000,0.102,0.000,0.606,
2026-06-17 15:00:00,Wednesday,15,0.111,0.302,0.000,0.000,0.161,0.000,0.574,
2026-06-17 16:00:00,Wednesday,16,0.110,0.279,0.000,0.000,0.153,0.000,0.542,
2026-06-17 17:00:00,Wednesday,17,0.120,0.289,0.000,0.000,0.158,0.000,0.567,goście
2026-06-17 18:00:00,Wednesday,18,0.118,0.296,0.000,0.803,0.130,0.000,1.347,goście
2026-06-17 19:00:00,Wednesday,19,0.104,0.377,0.000,0.000,0.162,0.931,1.574,goście; zmywarka
2026-06-17 20:00:00,Wednesday,20,0.090,0.370,0.000,0.000,0.133,0.000,0.593,goście
2026-06-17 21:00:00,Wednesday,21,0.126,0.410,0.000,0.000,0.227,0.000,0.763,goście
2026-06-17 22:00:00,Wednesday,22,0.127,0.300,0.079,0.000,0.206,0.000,0.712,
2026-06-17 23:00:00,Wednesday,23,0.132,0.299,0.000,0.000,0.000,0.000,0.431,
2026-06-18 00:00:00,Thursday,0,0.119,0.347,0.000,0.000,0.000,0.000,0.466,
2026-06-18 01:00:00,Thursday,1,0.121,0.271,0.000,0.000,0.000,0.000,0.392,
2026-06-18 02:00:00,Thursday,2,0.123,0.262,0.000,0.000,0.000,0.000,0.385,
2026-06-18 03:00:00,Thursday,3,0.119,0.258,0.000,0.000,0.000,0.000,0.377,
2026-06-18 04:00:00,Thursday,4,0.116,0.246,0.000,0.000,0.000,0.000,0.362,
2026-06-18 05:00:00,Thursday,5,0.125,0.281,0.000,0.000,0.000,0.000,0.406,
2026-06-18 06:00:00,Thursday,6,0.102,0.406,0.000,0.144,0.000,0.000,0.652,
2026-06-18 07:00:00,Thursday,7,0.117,0.480,0.000,0.358,0.000,0.000,0.955,
2026-06-18 08:00:00,Thursday,8,0.108,0.317,0.000,0.301,0.000,0.000,0.726,
2026-06-18 09:00:00,Thursday,9,0.105,0.276,0.000,0.000,0.066,0.000,0.447,
2026-06-18 10:00:00,Thursday,10,0.092,0.254,0.000,0.000,0.112,0.000,0.458,
2026-06-18 11:00:00,Thursday,11,0.125,0.000,0.000,0.000,0.108,0.000,0.233,
2026-06-18 12:00:00,Thursday,12,0.106,0.000,0.000,0.638,0.113,0.000,0.857,
2026-06-18 13:00:00,Thursday,13,0.102,0.000,0.000,0.000,0.100,0.000,0.202,
2026-06-18 14:00:00,Thursday,14,0.120,0.000,0.000,0.000,0.088,0.000,0.208,
2026-06-18 15:00:00,Thursday,15,0.098,0.000,0.000,0.000,0.174,0.000,0.272,
2026-06-18 16:00:00,Thursday,16,0.092,0.000,0.000,0.000,0.145,0.000,0.237,
2026-06-18 17:00:00,Thursday,17,0.112,0.000,0.000,1.278,0.219,0.000,1.609,
2026-06-18 18:00:00,Thursday,18,0.094,0.000,0.000,0.000,0.178,0.000,0.272,
2026-06-18 19:00:00,Thursday,19,0.126,0.000,0.000,0.000,0.142,0.854,1.122,zmywarka
2026-06-18 20:00:00,Thursday,20,0.090,0.000,0.000,0.000,0.131,0.000,0.221,
2026-06-18 21:00:00,Thursday,21,0.126,0.000,0.000,0.000,0.211,0.000,0.337,
2026-06-18 22:00:00,Thursday,22,0.098,0.000,0.102,0.000,0.128,0.000,0.328,
2026-06-18 23:00:00,Thursday,23,0.102,0.000,0.000,0.000,0.000,0.000,0.102,
2026-06-19 00:00:00,Friday,0,0.100,0.000,0.000,0.000,0.000,0.000,0.100,
2026-06-19 01:00:00,Friday,1,0.097,0.000,0.000,0.000,0.000,0.000,0.097,
2026-06-19 02:00:00,Friday,2,0.102,0.237,0.000,0.000,0.000,0.000,0.339,
2026-06-19 03:00:00,Friday,3,0.104,0.238,0.000,0.000,0.000,0.000,0.342,
2026-06-19 04:00:00,Friday,4,0.123,0.208,0.000,0.000,0.000,0.000,0.331,
2026-06-19 05:00:00,Friday,5,0.124,0.254,0.000,0.000,0.000,0.000,0.378,
2026-06-19 06:00:00,Friday,6,0.115,0.350,0.000,0.286,0.000,0.000,0.751,
2026-06-19 07:00:00,Friday,7,0.104,0.211,0.000,0.454,0.000,0.000,0.769,
2026-06-19 08:00:00,Friday,8,0.094,0.194,0.000,0.292,0.000,0.000,0.580,
2026-06-19 09:00:00,Friday,9,0.098,0.000,0.000,0.000,0.099,0.000,0.197,
2026-06-19 10:00:00,Friday,10,0.093,0.000,0.000,0.000,0.099,0.000,0.192,
2026-06-19 11:00:00,Friday,11,0.095,0.000,0.000,0.000,0.107,0.000,0.202,
2026-06-19 12:00:00,Friday,12,0.117,0.000,0.000,0.000,0.118,0.000,0.235,
2026-06-19 13:00:00,Friday,13,0.123,0.000,0.000,0.647,0.072,0.000,0.842,
2026-06-19 14:00:00,Friday,14,0.093,0.000,0.000,0.000,0.094,0.000,0.187,
2026-06-19 15:00:00,Friday,15,0.100,0.000,0.000,0.000,0.097,0.000,0.197,
2026-06-19 16:00:00,Friday,16,0.124,0.000,0.000,0.000,0.068,0.000,0.192,
2026-06-19 17:00:00,Friday,17,0.106,0.000,0.000,0.000,0.131,0.000,0.237,
2026-06-19 18:00:00,Friday,18,0.095,0.000,0.000,0.770,0.206,0.000,1.071,
2026-06-19 19:00:00,Friday,19,0.093,0.000,0.000,0.000,0.225,0.000,0.318,
2026-06-19 20:00:00,Friday,20,0.110,0.000,0.000,0.000,0.122,0.732,0.964,zmywarka
2026-06-19 21:00:00,Friday,21,0.099,0.000,0.000,0.000,0.209,0.000,0.308,
2026-06-19 22:00:00,Friday,22,0.090,0.000,0.061,0.000,0.217,0.000,0.368,
2026-06-19 23:00:00,Friday,23,0.098,0.000,0.000,0.000,0.000,0.000,0.098,
2026-06-20 00:00:00,Saturday,0,0.127,0.000,0.000,0.000,0.000,0.000,0.127,
2026-06-20 01:00:00,Saturday,1,0.134,0.000,0.000,0.000,0.000,0.000,0.134,
2026-06-20 02:00:00,Saturday,2,0.090,0.000,0.000,0.000,0.000,0.000,0.090,
2026-06-20 03:00:00,Saturday,3,0.143,0.000,0.000,0.000,0.000,0.000,0.143,
2026-06-20 04:00:00,Saturday,4,0.116,0.000,0.000,0.000,0.000,0.000,0.116,
2026-06-20 05:00:00,Saturday,5,0.111,0.000,0.000,0.000,0.000,0.000,0.111,
2026-06-20 06:00:00,Saturday,6,0.110,0.202,0.000,0.254,0.000,0.000,0.566,
2026-06-20 07:00:00,Saturday,7,0.111,0.000,0.000,0.230,0.000,0.000,0.341,
2026-06-20 08:00:00,Saturday,8,0.128,0.000,0.000,0.266,0.000,0.000,0.394,
2026-06-20 09:00:00,Saturday,9,0.105,0.000,0.000,0.000,0.042,0.000,0.147,
2026-06-20 10:00:00,Saturday,10,0.122,0.000,0.000,0.000,0.190,0.000,0.312,
2026-06-20 11:00:00,Saturday,11,0.110,0.000,0.000,0.000,0.050,0.750,0.910,pralka
2026-06-20 12:00:00,Saturday,12,0.126,0.000,0.000,0.791,0.076,1.288,2.281,suszarka
2026-06-20 13:00:00,Saturday,13,0.128,0.000,0.000,0.000,0.111,0.000,0.239,
2026-06-20 14:00:00,Saturday,14,0.099,0.000,0.000,0.000,0.198,0.722,1.019,zmywarka
2026-06-20 15:00:00,Saturday,15,0.091,0.000,0.000,0.000,0.111,0.000,0.202,
2026-06-20 16:00:00,Saturday,16,0.126,0.000,0.000,0.000,0.146,0.000,0.272,
2026-06-20 17:00:00,Saturday,17,0.094,0.000,0.000,1.080,0.174,0.000,1.348,goście
2026-06-20 18:00:00,Saturday,18,0.123,0.000,0.000,0.000,0.124,0.000,0.247,goście
2026-06-20 19:00:00,Saturday,19,0.092,0.000,0.000,0.000,0.245,0.000,0.337,goście
2026-06-20 20:00:00,Saturday,20,0.098,0.000,0.000,0.000,0.166,0.000,0.264,goście
2026-06-20 21:00:00,Saturday,21,0.116,0.000,0.000,0.000,0.237,0.000,0.353,goście
2026-06-20 22:00:00,Saturday,22,0.124,0.000,0.112,0.000,0.247,0.000,0.483,
2026-06-20 23:00:00,Saturday,23,0.108,0.000,0.000,0.000,0.000,0.000,0.108,
2026-06-21 00:00:00,Sunday,0,0.106,0.000,0.000,0.000,0.000,0.000,0.106,
2026-06-21 01:00:00,Sunday,1,0.121,0.000,0.000,0.000,0.000,0.000,0.121,
2026-06-21 02:00:00,Sunday,2,0.134,0.000,0.000,0.000,0.000,0.000,0.134,
2026-06-21 03:00:00,Sunday,3,0.135,0.000,0.000,0.000,0.000,0.000,0.135,
2026-06-21 04:00:00,Sunday,4,0.111,0.000,0.000,0.000,0.000,0.000,0.111,
2026-06-21 05:00:00,Sunday,5,0.147,0.000,0.000,0.000,0.000,0.000,0.147,
2026-06-21 06:00:00,Sunday,6,0.091,0.182,0.000,0.256,0.000,0.000,0.529,
2026-06-21 07:00:00,Sunday,7,0.111,0.172,0.000,0.422,0.000,0.000,0.705,
2026-06-21 08:00:00,Sunday,8,0.121,0.000,0.000,0.376,0.000,0.000,0.497,
2026-06-21 09:00:00,Sunday,9,0.110,0.000,0.000,0.000,0.079,0.000,0.189,
2026-06-21 10:00:00,Sunday,10,0.123,0.000,0.000,0.000,0.187,0.000,0.310,
2026-06-21 11:00:00,Sunday,11,0.102,0.000,0.000,0.000,0.126,0.000,0.228,
2026-06-21 12:00:00,Sunday,12,0.119,0.000,0.000,0.418,0.104,0.000,0.641,
2026-06-21 13:00:00,Sunday,13,0.108,0.000,0.000,0.000,0.164,0.790,1.062,zmywarka
2026-06-21 14:00:00,Sunday,14,0.112,0.000,0.000,0.000,0.062,0.000,0.174,
2026-06-21 15:00:00,Sunday,15,0.125,0.000,0.000,0.000,0.179,0.000,0.304,
2026-06-21 16:00:00,Sunday,16,0.110,0.000,0.000,0.000,0.150,0.000,0.260,
2026-06-21 17:00:00,Sunday,17,0.114,0.000,0.000,0.000,0.170,0.000,0.284,
2026-06-21 18:00:00,Sunday,18,0.094,0.000,0.000,1.593,0.250,0.000,1.937,
2026-06-21 19:00:00,Sunday,19,0.102,0.000,0.000,0.000,0.279,0.000,0.381,
2026-06-21 20:00:00,Sunday,20,0.102,0.000,0.000,0.000,0.256,0.000,0.358,
2026-06-21 21:00:00,Sunday,21,0.102,0.192,0.000,0.000,0.246,0.000,0.540,
2026-06-21 22:00:00,Sunday,22,0.117,0.000,0.117,0.000,0.156,0.000,0.390,
2026-06-21 23:00:00,Sunday,23,0.118,0.225,0.000,0.000,0.000,0.000,0.343,
2026-06-22 00:00:00,Monday,0,0.120,0.277,0.000,0.000,0.000,0.000,0.397,
2026-06-22 01:00:00,Monday,1,0.143,0.297,0.000,0.000,0.000,0.000,0.440,
2026-06-22 02:00:00,Monday,2,0.095,0.406,0.000,0.000,0.000,0.000,0.501,
2026-06-22 03:00:00,Monday,3,0.091,0.442,0.000,0.000,0.000,0.000,0.533,
2026-06-22 04:00:00,Monday,4,0.106,0.543,0.000,0.000,0.000,0.000,0.649,
2026-06-22 05:00:00,Monday,5,0.091,0.458,0.000,0.000,0.000,0.000,0.549,
2026-06-22 06:00:00,Monday,6,0.090,0.713,0.000,0.347,0.000,0.000,1.150,
2026-06-22 07:00:00,Monday,7,0.126,0.598,0.000,0.391,0.000,0.000,1.115,
2026-06-22 08:00:00,Monday,8,0.095,0.471,0.000,0.316,0.000,0.000,0.882,
2026-06-22 09:00:00,Monday,9,0.102,0.342,0.000,0.000,0.153,0.000,0.597,praca zdalna
2026-06-22 10:00:00,Monday,10,0.092,0.257,0.000,0.000,0.152,0.000,0.501,praca zdalna
2026-06-22 11:00:00,Monday,11,0.091,0.000,0.000,0.000,0.161,0.558,0.810,praca zdalna; pralka
2026-06-22 12:00:00,Monday,12,0.128,0.000,0.000,0.700,0.263,0.000,1.091,praca zdalna
2026-06-22 13:00:00,Monday,13,0.117,0.000,0.000,0.000,0.192,0.000,0.309,praca zdalna
2026-06-22 14:00:00,Monday,14,0.111,0.000,0.000,0.000,0.194,0.000,0.305,praca zdalna
2026-06-22 15:00:00,Monday,15,0.107,0.000,0.000,0.000,0.166,0.000,0.273,praca zdalna
2026-06-22 16:00:00,Monday,16,0.112,0.000,0.000,0.000,0.208,0.000,0.320,praca zdalna
2026-06-22 17:00:00,Monday,17,0.110,0.000,0.000,0.000,0.174,0.000,0.284,
2026-06-22 18:00:00,Monday,18,0.118,0.000,0.000,0.531,0.183,0.000,0.832,
2026-06-22 19:00:00,Monday,19,0.098,0.000,0.000,0.000,0.255,0.000,0.353,
2026-06-22 20:00:00,Monday,20,0.099,0.000,0.000,0.000,0.125,0.816,1.040,zmywarka
2026-06-22 21:00:00,Monday,21,0.125,0.213,0.000,0.000,0.159,0.000,0.497,
2026-06-22 22:00:00,Monday,22,0.092,0.171,0.064,0.000,0.259,0.000,0.586,
2026-06-22 23:00:00,Monday,23,0.143,0.230,0.000,0.000,0.000,0.000,0.373,
2026-06-23 00:00:00,Tuesday,0,0.106,0.000,0.000,0.000,0.000,0.000,0.106,wyjazd / nieobecność
2026-06-23 01:00:00,Tuesday,1,0.112,0.000,0.000,0.000,0.000,0.000,0.112,wyjazd / nieobecność
2026-06-23 02:00:00,Tuesday,2,0.100,0.253,0.000,0.000,0.000,0.000,0.353,wyjazd / nieobecność
2026-06-23 03:00:00,Tuesday,3,0.113,0.299,0.000,0.000,0.000,0.000,0.412,wyjazd / nieobecność
2026-06-23 04:00:00,Tuesday,4,0.111,0.254,0.000,0.000,0.000,0.000,0.365,wyjazd / nieobecność
2026-06-23 05:00:00,Tuesday,5,0.115,0.326,0.000,0.000,0.000,0.000,0.441,wyjazd / nieobecność
2026-06-23 06:00:00,Tuesday,6,0.090,0.283,0.000,0.000,0.000,0.000,0.373,wyjazd / nieobecność
2026-06-23 07:00:00,Tuesday,7,0.121,0.174,0.000,0.000,0.000,0.000,0.295,wyjazd / nieobecność
2026-06-23 08:00:00,Tuesday,8,0.096,0.000,0.000,0.000,0.000,0.000,0.096,wyjazd / nieobecność
2026-06-23 09:00:00,Tuesday,9,0.123,0.000,0.000,0.000,0.000,0.000,0.123,wyjazd / nieobecność
2026-06-23 10:00:00,Tuesday,10,0.090,0.000,0.000,0.000,0.000,0.000,0.090,wyjazd / nieobecność
2026-06-23 11:00:00,Tuesday,11,0.110,0.000,0.000,0.000,0.000,0.000,0.110,wyjazd / nieobecność
2026-06-23 12:00:00,Tuesday,12,0.107,0.000,0.000,0.000,0.000,0.000,0.107,wyjazd / nieobecność
2026-06-23 13:00:00,Tuesday,13,0.098,0.000,0.000,0.000,0.000,0.000,0.098,wyjazd / nieobecność
2026-06-23 14:00:00,Tuesday,14,0.091,0.000,0.000,0.000,0.000,0.000,0.091,wyjazd / nieobecność
2026-06-23 15:00:00,Tuesday,15,0.126,0.000,0.000,0.000,0.000,0.000,0.126,wyjazd / nieobecność
2026-06-23 16:00:00,Tuesday,16,0.094,0.000,0.000,0.000,0.000,0.000,0.094,wyjazd / nieobecność
2026-06-23 17:00:00,Tuesday,17,0.093,0.000,0.000,0.000,0.000,0.000,0.093,wyjazd / nieobecność
2026-06-23 18:00:00,Tuesday,18,0.093,0.000,0.000,0.000,0.000,0.000,0.093,wyjazd / nieobecność
2026-06-23 19:00:00,Tuesday,19,0.126,0.000,0.000,0.000,0.000,0.000,0.126,wyjazd / nieobecność
2026-06-23 20:00:00,Tuesday,20,0.099,0.000,0.000,0.000,0.000,0.000,0.099,wyjazd / nieobecność
2026-06-23 21:00:00,Tuesday,21,0.121,0.000,0.000,0.000,0.000,0.000,0.121,wyjazd / nieobecność
2026-06-23 22:00:00,Tuesday,22,0.090,0.000,0.000,0.000,0.000,0.000,0.090,wyjazd / nieobecność
2026-06-23 23:00:00,Tuesday,23,0.114,0.000,0.000,0.000,0.000,0.000,0.114,wyjazd / nieobecność
2026-06-24 00:00:00,Wednesday,0,0.114,0.000,0.000,0.000,0.000,0.000,0.114,
2026-06-24 01:00:00,Wednesday,1,0.118,0.000,0.000,0.000,0.000,0.000,0.118,
2026-06-24 02:00:00,Wednesday,2,0.101,0.242,0.000,0.000,0.000,0.000,0.343,
2026-06-24 03:00:00,Wednesday,3,0.117,0.258,0.000,0.000,0.000,0.000,0.375,
2026-06-24 04:00:00,Wednesday,4,0.114,0.223,0.000,0.000,0.000,0.000,0.337,
2026-06-24 05:00:00,Wednesday,5,0.126,0.286,0.000,0.000,0.000,0.000,0.412,
2026-06-24 06:00:00,Wednesday,6,0.088,0.350,0.000,0.325,0.000,0.000,0.763,
2026-06-24 07:00:00,Wednesday,7,0.125,0.204,0.000,0.295,0.000,0.000,0.624,
2026-06-24 08:00:00,Wednesday,8,0.112,0.000,0.000,0.240,0.000,0.000,0.352,
2026-06-24 09:00:00,Wednesday,9,0.114,0.000,0.000,0.000,0.102,0.000,0.216,
2026-06-24 10:00:00,Wednesday,10,0.089,0.000,0.000,0.000,0.090,0.000,0.179,
2026-06-24 11:00:00,Wednesday,11,0.117,0.000,0.000,0.000,0.082,0.000,0.199,
2026-06-24 12:00:00,Wednesday,12,0.102,0.000,0.000,0.000,0.066,0.000,0.168,
2026-06-24 13:00:00,Wednesday,13,0.101,0.000,0.000,0.695,0.065,0.000,0.861,
2026-06-24 14:00:00,Wednesday,14,0.099,0.000,0.000,0.000,0.191,0.000,0.290,
2026-06-24 15:00:00,Wednesday,15,0.122,0.000,0.000,0.000,0.158,0.000,0.280,
2026-06-24 16:00:00,Wednesday,16,0.126,0.000,0.000,0.000,0.188,0.000,0.314,
2026-06-24 17:00:00,Wednesday,17,0.113,0.000,0.000,0.000,0.131,0.000,0.244,
2026-06-24 18:00:00,Wednesday,18,0.107,0.000,0.000,0.762,0.225,0.000,1.094,
2026-06-24 19:00:00,Wednesday,19,0.090,0.000,0.000,0.000,0.254,0.000,0.344,
2026-06-24 20:00:00,Wednesday,20,0.096,0.000,0.000,0.000,0.219,0.840,1.155,zmywarka
2026-06-24 21:00:00,Wednesday,21,0.105,0.000,0.000,0.000,0.188,0.000,0.293,
2026-06-24 22:00:00,Wednesday,22,0.126,0.000,0.093,0.000,0.180,0.000,0.399,
2026-06-24 23:00:00,Wednesday,23,0.102,0.000,0.000,0.000,0.000,0.000,0.102,
2026-06-25 00:00:00,Thursday,0,0.109,0.000,0.000,0.000,0.000,0.000,0.109,
2026-06-25 01:00:00,Thursday,1,0.117,0.000,0.000,0.000,0.000,0.000,0.117,
2026-06-25 02:00:00,Thursday,2,0.090,0.000,0.000,0.000,0.000,0.000,0.090,
2026-06-25 03:00:00,Thursday,3,0.139,0.000,0.000,0.000,0.000,0.000,0.139,
2026-06-25 04:00:00,Thursday,4,0.135,0.000,0.000,0.000,0.000,0.000,0.135,
2026-06-25 05:00:00,Thursday,5,0.093,0.000,0.000,0.000,0.000,0.000,0.093,
2026-06-25 06:00:00,Thursday,6,0.110,0.209,0.000,0.468,0.000,0.000,0.787,
2026-06-25 07:00:00,Thursday,7,0.114,0.179,0.000,0.350,0.000,0.000,0.643,
2026-06-25 08:00:00,Thursday,8,0.102,0.000,0.000,0.411,0.000,0.000,0.513,
2026-06-25 09:00:00,Thursday,9,0.125,0.000,0.000,0.000,0.088,0.000,0.213,
2026-06-25 10:00:00,Thursday,10,0.126,0.000,0.000,0.000,0.112,0.000,0.238,
2026-06-25 11:00:00,Thursday,11,0.101,0.000,0.000,0.000,0.077,0.000,0.178,
2026-06-25 12:00:00,Thursday,12,0.094,0.000,0.000,0.718,0.085,0.000,0.897,
2026-06-25 13:00:00,Thursday,13,0.103,0.000,0.000,0.000,0.065,0.000,0.168,
2026-06-25 14:00:00,Thursday,14,0.110,0.000,0.000,0.000,0.126,0.000,0.236,
2026-06-25 15:00:00,Thursday,15,0.090,0.000,0.000,0.000,0.123,0.000,0.213,
2026-06-25 16:00:00,Thursday,16,0.090,0.000,0.000,0.000,0.171,0.000,0.261,
2026-06-25 17:00:00,Thursday,17,0.110,0.000,0.000,0.000,0.145,0.000,0.255,
2026-06-25 18:00:00,Thursday,18,0.090,0.000,0.000,0.780,0.263,0.000,1.133,
2026-06-25 19:00:00,Thursday,19,0.090,0.000,0.000,0.000,0.182,0.000,0.272,
2026-06-25 20:00:00,Thursday,20,0.118,0.000,0.000,0.000,0.183,0.000,0.301,
2026-06-25 21:00:00,Thursday,21,0.123,0.000,0.000,0.000,0.189,0.000,0.312,
2026-06-25 22:00:00,Thursday,22,0.109,0.000,0.093,0.000,0.180,0.000,0.382,
2026-06-25 23:00:00,Thursday,23,0.109,0.000,0.000,0.000,0.000,0.000,0.109,
2026-06-26 00:00:00,Friday,0,0.122,0.000,0.000,0.000,0.000,0.000,0.122,
2026-06-26 01:00:00,Friday,1,0.094,0.000,0.000,0.000,0.000,0.000,0.094,
2026-06-26 02:00:00,Friday,2,0.089,0.000,0.000,0.000,0.000,0.000,0.089,
2026-06-26 03:00:00,Friday,3,0.118,0.000,0.000,0.000,0.000,0.000,0.118,
2026-06-26 04:00:00,Friday,4,0.110,0.178,0.000,0.000,0.000,0.000,0.288,
2026-06-26 05:00:00,Friday,5,0.099,0.194,0.000,0.000,0.000,0.000,0.293,
2026-06-26 06:00:00,Friday,6,0.101,0.320,0.000,0.431,0.000,0.000,0.852,
2026-06-26 07:00:00,Friday,7,0.110,0.165,0.000,0.305,0.000,0.000,0.580,
2026-06-26 08:00:00,Friday,8,0.094,0.000,0.000,0.144,0.000,0.000,0.238,
2026-06-26 09:00:00,Friday,9,0.110,0.000,0.000,0.000,0.080,0.000,0.190,
2026-06-26 10:00:00,Friday,10,0.128,0.000,0.000,0.000,0.120,0.000,0.248,
2026-06-26 11:00:00,Friday,11,0.106,0.000,0.000,0.000,0.065,0.000,0.171,
2026-06-26 12:00:00,Friday,12,0.109,0.000,0.000,0.000,0.101,0.000,0.210,
2026-06-26 13:00:00,Friday,13,0.114,0.000,0.000,0.389,0.114,0.000,0.617,
2026-06-26 14:00:00,Friday,14,0.126,0.000,0.000,0.000,0.156,0.000,0.282,
2026-06-26 15:00:00,Friday,15,0.124,0.000,0.000,0.000,0.109,0.000,0.233,
2026-06-26 16:00:00,Friday,16,0.099,0.000,0.000,0.000,0.100,0.000,0.199,
2026-06-26 17:00:00,Friday,17,0.089,0.000,0.000,0.638,0.217,0.000,0.944,
2026-06-26 18:00:00,Friday,18,0.114,0.000,0.000,0.000,0.188,0.000,0.302,
2026-06-26 19:00:00,Friday,19,0.098,0.000,0.000,0.000,0.195,0.831,1.124,zmywarka
2026-06-26 20:00:00,Friday,20,0.100,0.000,0.000,0.000,0.233,0.000,0.333,
2026-06-26 21:00:00,Friday,21,0.097,0.000,0.000,0.000,0.172,0.000,0.269,
2026-06-26 22:00:00,Friday,22,0.110,0.000,0.098,0.000,0.121,0.000,0.329,
2026-06-26 23:00:00,Friday,23,0.118,0.000,0.000,0.000,0.000,0.000,0.118,
2026-06-27 00:00:00,Saturday,0,0.146,0.000,0.000,0.000,0.000,0.000,0.146,
2026-06-27 01:00:00,Saturday,1,0.109,0.000,0.000,0.000,0.000,0.000,0.109,
2026-06-27 02:00:00,Saturday,2,0.101,0.000,0.000,0.000,0.000,0.000,0.101,
2026-06-27 03:00:00,Saturday,3,0.132,0.000,0.000,0.000,0.000,0.000,0.132,
2026-06-27 04:00:00,Saturday,4,0.114,0.000,0.000,0.000,0.000,0.000,0.114,
2026-06-27 05:00:00,Saturday,5,0.110,0.000,0.000,0.000,0.000,0.000,0.110,
2026-06-27 06:00:00,Saturday,6,0.102,0.000,0.000,0.225,0.000,0.000,0.327,
2026-06-27 07:00:00,Saturday,7,0.109,0.000,0.000,0.462,0.000,0.000,0.571,
2026-06-27 08:00:00,Saturday,8,0.105,0.000,0.000,0.361,0.000,0.000,0.466,
2026-06-27 09:00:00,Saturday,9,0.122,0.000,0.000,0.000,0.140,0.000,0.262,
2026-06-27 10:00:00,Saturday,10,0.090,0.000,0.000,0.000,0.145,0.553,0.788,pralka
2026-06-27 11:00:00,Saturday,11,0.095,0.000,0.000,0.000,0.081,1.874,2.050,suszarka
2026-06-27 12:00:00,Saturday,12,0.098,0.000,0.000,0.504,0.158,0.000,0.760,
2026-06-27 13:00:00,Saturday,13,0.120,0.000,0.000,0.000,0.132,0.000,0.252,
2026-06-27 14:00:00,Saturday,14,0.124,0.000,0.000,0.000,0.104,0.682,0.910,zmywarka
2026-06-27 15:00:00,Saturday,15,0.090,0.000,0.000,0.000,0.081,0.000,0.171,
2026-06-27 16:00:00,Saturday,16,0.101,0.000,0.000,0.000,0.075,0.000,0.176,
2026-06-27 17:00:00,Saturday,17,0.126,0.000,0.000,0.761,0.160,0.000,1.047,
2026-06-27 18:00:00,Saturday,18,0.091,0.000,0.000,0.000,0.239,0.000,0.330,
2026-06-27 19:00:00,Saturday,19,0.090,0.000,0.000,0.000,0.206,0.000,0.296,
2026-06-27 20:00:00,Saturday,20,0.093,0.000,0.000,0.000,0.215,0.000,0.308,
2026-06-27 21:00:00,Saturday,21,0.124,0.000,0.000,0.000,0.176,0.000,0.300,
2026-06-27 22:00:00,Saturday,22,0.108,0.000,0.050,0.000,0.220,0.000,0.378,
2026-06-27 23:00:00,Saturday,23,0.126,0.000,0.000,0.000,0.000,0.000,0.126,
2026-06-28 00:00:00,Sunday,0,0.096,0.000,0.000,0.000,0.000,0.000,0.096,
2026-06-28 01:00:00,Sunday,1,0.090,0.000,0.000,0.000,0.000,0.000,0.090,
2026-06-28 02:00:00,Sunday,2,0.119,0.000,0.000,0.000,0.000,0.000,0.119,
2026-06-28 03:00:00,Sunday,3,0.128,0.000,0.000,0.000,0.000,0.000,0.128,
2026-06-28 04:00:00,Sunday,4,0.115,0.000,0.000,0.000,0.000,0.000,0.115,
2026-06-28 05:00:00,Sunday,5,0.093,0.000,0.000,0.000,0.000,0.000,0.093,
2026-06-28 06:00:00,Sunday,6,0.096,0.000,0.000,0.418,0.000,0.000,0.514,
2026-06-28 07:00:00,Sunday,7,0.099,0.000,0.000,0.202,0.000,0.000,0.301,
2026-06-28 08:00:00,Sunday,8,0.102,0.000,0.000,0.386,0.000,0.000,0.488,
2026-06-28 09:00:00,Sunday,9,0.100,0.000,0.000,0.000,0.044,0.000,0.144,
2026-06-28 10:00:00,Sunday,10,0.124,0.000,0.000,0.000,0.161,0.000,0.285,
2026-06-28 11:00:00,Sunday,11,0.110,0.000,0.000,0.000,0.120,0.000,0.230,
2026-06-28 12:00:00,Sunday,12,0.110,0.000,0.000,0.000,0.081,0.000,0.191,
2026-06-28 13:00:00,Sunday,13,0.110,0.000,0.000,0.930,0.070,0.000,1.110,
2026-06-28 14:00:00,Sunday,14,0.125,0.000,0.000,0.000,0.090,0.830,1.045,zmywarka
2026-06-28 15:00:00,Sunday,15,0.114,0.000,0.000,0.000,0.148,0.000,0.262,
2026-06-28 16:00:00,Sunday,16,0.092,0.000,0.000,0.000,0.062,0.000,0.154,
2026-06-28 17:00:00,Sunday,17,0.108,0.000,0.000,1.549,0.163,0.000,1.820,
2026-06-28 18:00:00,Sunday,18,0.090,0.000,0.000,0.000,0.226,0.000,0.316,
2026-06-28 19:00:00,Sunday,19,0.104,0.000,0.000,0.000,0.137,0.000,0.241,
2026-06-28 20:00:00,Sunday,20,0.094,0.000,0.000,0.000,0.202,0.000,0.296,
2026-06-28 21:00:00,Sunday,21,0.110,0.000,0.000,0.000,0.154,0.000,0.264,
2026-06-28 22:00:00,Sunday,22,0.094,0.000,0.117,0.000,0.207,0.000,0.418,
2026-06-28 23:00:00,Sunday,23,0.114,0.000,0.000,0.000,0.000,0.000,0.114,
2026-06-29 00:00:00,Monday,0,0.121,0.000,0.000,0.000,0.000,0.000,0.121,wyjazd / nieobecność
2026-06-29 01:00:00,Monday,1,0.117,0.000,0.000,0.000,0.000,0.000,0.117,wyjazd / nieobecność
2026-06-29 02:00:00,Monday,2,0.092,0.000,0.000,0.000,0.000,0.000,0.092,wyjazd / nieobecność
2026-06-29 03:00:00,Monday,3,0.120,0.000,0.000,0.000,0.000,0.000,0.120,wyjazd / nieobecność
2026-06-29 04:00:00,Monday,4,0.095,0.000,0.000,0.000,0.000,0.000,0.095,wyjazd / nieobecność
2026-06-29 05:00:00,Monday,5,0.126,0.000,0.000,0.000,0.000,0.000,0.126,wyjazd / nieobecność
2026-06-29 06:00:00,Monday,6,0.118,0.000,0.000,0.000,0.000,0.000,0.118,wyjazd / nieobecność
2026-06-29 07:00:00,Monday,7,0.116,0.000,0.000,0.000,0.000,0.000,0.116,wyjazd / nieobecność
2026-06-29 08:00:00,Monday,8,0.102,0.000,0.000,0.000,0.000,0.000,0.102,wyjazd / nieobecność
2026-06-29 09:00:00,Monday,9,0.094,0.000,0.000,0.000,0.110,0.000,0.204,wyjazd / nieobecność; praca zdalna
2026-06-29 10:00:00,Monday,10,0.109,0.000,0.000,0.000,0.092,0.000,0.201,wyjazd / nieobecność; praca zdalna
2026-06-29 11:00:00,Monday,11,0.110,0.000,0.000,0.000,0.111,0.000,0.221,wyjazd / nieobecność; praca zdalna
2026-06-29 12:00:00,Monday,12,0.103,0.000,0.000,0.000,0.110,0.000,0.213,wyjazd / nieobecność; praca zdalna
2026-06-29 13:00:00,Monday,13,0.123,0.000,0.000,0.000,0.107,0.000,0.230,wyjazd / nieobecność; praca zdalna
2026-06-29 14:00:00,Monday,14,0.097,0.000,0.000,0.000,0.102,0.000,0.199,wyjazd / nieobecność; praca zdalna
2026-06-29 15:00:00,Monday,15,0.103,0.000,0.000,0.000,0.154,0.000,0.257,wyjazd / nieobecność; praca zdalna
2026-06-29 16:00:00,Monday,16,0.119,0.000,0.000,0.000,0.157,0.000,0.276,wyjazd / nieobecność; praca zdalna
2026-06-29 17:00:00,Monday,17,0.098,0.000,0.000,0.000,0.000,0.000,0.098,wyjazd / nieobecność
2026-06-29 18:00:00,Monday,18,0.111,0.000,0.000,0.000,0.000,0.000,0.111,wyjazd / nieobecność
2026-06-29 19:00:00,Monday,19,0.122,0.000,0.000,0.000,0.000,0.000,0.122,wyjazd / nieobecność
2026-06-29 20:00:00,Monday,20,0.120,0.000,0.000,0.000,0.000,0.000,0.120,wyjazd / nieobecność
2026-06-29 21:00:00,Monday,21,0.111,0.000,0.000,0.000,0.000,0.000,0.111,wyjazd / nieobecność
2026-06-29 22:00:00,Monday,22,0.102,0.000,0.000,0.000,0.000,0.000,0.102,wyjazd / nieobecność
2026-06-29 23:00:00,Monday,23,0.098,0.000,0.000,0.000,0.000,0.000,0.098,wyjazd / nieobecność
2026-06-30 00:00:00,Tuesday,0,0.116,0.000,0.000,0.000,0.000,0.000,0.116,
2026-06-30 01:00:00,Tuesday,1,0.106,0.000,0.000,0.000,0.000,0.000,0.106,
2026-06-30 02:00:00,Tuesday,2,0.122,0.254,0.000,0.000,0.000,0.000,0.376,
2026-06-30 03:00:00,Tuesday,3,0.106,0.316,0.000,0.000,0.000,0.000,0.422,
2026-06-30 04:00:00,Tuesday,4,0.134,0.324,0.000,0.000,0.000,0.000,0.458,
2026-06-30 05:00:00,Tuesday,5,0.122,0.402,0.000,0.000,0.000,0.000,0.524,
2026-06-30 06:00:00,Tuesday,6,0.097,0.442,0.000,0.346,0.000,0.000,0.885,
2026-06-30 07:00:00,Tuesday,7,0.089,0.406,0.000,0.314,0.000,0.000,0.809,
2026-06-30 08:00:00,Tuesday,8,0.106,0.208,0.000,0.299,0.000,0.000,0.613,
2026-06-30 09:00:00,Tuesday,9,0.110,0.155,0.000,0.000,0.114,0.528,0.907,pralka
2026-06-30 10:00:00,Tuesday,10,0.092,0.000,0.000,0.000,0.090,1.470,1.652,suszarka
2026-06-30 11:00:00,Tuesday,11,0.096,0.000,0.000,0.000,0.114,0.000,0.210,
2026-06-30 12:00:00,Tuesday,12,0.093,0.000,0.000,0.000,0.110,0.000,0.203,
2026-06-30 13:00:00,Tuesday,13,0.091,0.000,0.000,0.476,0.079,0.000,0.646,
2026-06-30 14:00:00,Tuesday,14,0.126,0.000,0.000,0.000,0.189,0.000,0.315,
2026-06-30 15:00:00,Tuesday,15,0.118,0.000,0.000,0.000,0.134,0.000,0.252,
2026-06-30 16:00:00,Tuesday,16,0.096,0.000,0.000,0.000,0.077,0.000,0.173,
2026-06-30 17:00:00,Tuesday,17,0.124,0.000,0.000,0.551,0.277,0.000,0.952,
2026-06-30 18:00:00,Tuesday,18,0.109,0.000,0.000,0.000,0.138,0.000,0.247,
2026-06-30 19:00:00,Tuesday,19,0.095,0.000,0.000,0.000,0.182,0.774,1.051,zmywarka
2026-06-30 20:00:00,Tuesday,20,0.107,0.000,0.000,0.000,0.238,0.000,0.345,
2026-06-30 21:00:00,Tuesday,21,0.097,0.000,0.000,0.000,0.269,0.000,0.366,
2026-06-30 22:00:00,Tuesday,22,0.102,0.000,0.089,0.000,0.137,0.000,0.328,
2026-06-30 23:00:00,Tuesday,23,0.126,0.000,0.000,0.000,0.000,0.000,0.126,
2026-07-01 00:00:00,Wednesday,0,0.114,0.000,0.000,0.000,0.000,0.000,0.114,
2026-07-01 01:00:00,Wednesday,1,0.093,0.000,0.000,0.000,0.000,0.000,0.093,
2026-07-01 02:00:00,Wednesday,2,0.122,0.000,0.000,0.000,0.000,0.000,0.122,
2026-07-01 03:00:00,Wednesday,3,0.147,0.000,0.000,0.000,0.000,0.000,0.147,
2026-07-01 04:00:00,Wednesday,4,0.121,0.192,0.000,0.000,0.000,0.000,0.313,
2026-07-01 05:00:00,Wednesday,5,0.119,0.209,0.000,0.000,0.000,0.000,0.328,
2026-07-01 06:00:00,Wednesday,6,0.109,0.360,0.000,0.286,0.000,0.000,0.755,
2026-07-01 07:00:00,Wednesday,7,0.128,0.331,0.000,0.297,0.000,0.000,0.756,
2026-07-01 08:00:00,Wednesday,8,0.106,0.266,0.000,0.432,0.000,0.000,0.804,
2026-07-01 09:00:00,Wednesday,9,0.092,0.201,0.000,0.000,0.109,0.000,0.402,
2026-07-01 10:00:00,Wednesday,10,0.094,0.000,0.000,0.000,0.075,0.000,0.169,
2026-07-01 11:00:00,Wednesday,11,0.123,0.000,0.000,0.000,0.102,0.000,0.225,
2026-07-01 12:00:00,Wednesday,12,0.115,0.000,0.000,0.000,0.068,0.000,0.183,
2026-07-01 13:00:00,Wednesday,13,0.107,0.000,0.000,0.436,0.102,0.000,0.645,
2026-07-01 14:00:00,Wednesday,14,0.090,0.000,0.000,0.000,0.070,0.000,0.160,
2026-07-01 15:00:00,Wednesday,15,0.115,0.000,0.000,0.000,0.199,0.000,0.314,
2026-07-01 16:00:00,Wednesday,16,0.104,0.000,0.000,0.000,0.076,0.000,0.180,
2026-07-01 17:00:00,Wednesday,17,0.128,0.000,0.000,0.611,0.220,0.000,0.959,
2026-07-01 18:00:00,Wednesday,18,0.110,0.000,0.000,0.000,0.167,0.000,0.277,
2026-07-01 19:00:00,Wednesday,19,0.110,0.000,0.000,0.000,0.219,0.819,1.148,zmywarka
2026-07-01 20:00:00,Wednesday,20,0.110,0.000,0.000,0.000,0.229,0.000,0.339,
2026-07-01 21:00:00,Wednesday,21,0.118,0.000,0.000,0.000,0.239,0.000,0.357,
2026-07-01 22:00:00,Wednesday,22,0.128,0.000,0.116,0.000,0.192,0.000,0.436,
2026-07-01 23:00:00,Wednesday,23,0.101,0.000,0.000,0.000,0.000,0.000,0.101,
2026-07-02 00:00:00,Thursday,0,0.122,0.000,0.000,0.000,0.000,0.000,0.122,
2026-07-02 01:00:00,Thursday,1,0.130,0.000,0.000,0.000,0.000,0.000,0.130,
2026-07-02 02:00:00,Thursday,2,0.090,0.249,0.000,0.000,0.000,0.000,0.339,
2026-07-02 03:00:00,Thursday,3,0.114,0.317,0.000,0.000,0.000,0.000,0.431,
2026-07-02 04:00:00,Thursday,4,0.111,0.278,0.000,0.000,0.000,0.000,0.389,
2026-07-02 05:00:00,Thursday,5,0.102,0.304,0.000,0.000,0.000,0.000,0.406,
2026-07-02 06:00:00,Thursday,6,0.098,0.378,0.000,0.332,0.000,0.000,0.808,
2026-07-02 07:00:00,Thursday,7,0.118,0.370,0.000,0.383,0.000,0.000,0.871,
2026-07-02 08:00:00,Thursday,8,0.110,0.238,0.000,0.237,0.000,0.000,0.585,
2026-07-02 09:00:00,Thursday,9,0.089,0.000,0.000,0.000,0.095,0.000,0.184,
2026-07-02 10:00:00,Thursday,10,0.126,0.205,0.000,0.000,0.066,0.491,0.888,pralka
2026-07-02 11:00:00,Thursday,11,0.116,0.000,0.000,0.000,0.075,1.949,2.140,suszarka
2026-07-02 12:00:00,Thursday,12,0.114,0.189,0.000,0.000,0.113,0.000,0.416,
2026-07-02 13:00:00,Thursday,13,0.097,0.208,0.000,0.334,0.098,0.000,0.737,
2026-07-02 14:00:00,Thursday,14,0.088,0.210,0.000,0.000,0.122,0.000,0.420,
2026-07-02 15:00:00,Thursday,15,0.090,0.259,0.000,0.000,0.112,0.000,0.461,
2026-07-02 16:00:00,Thursday,16,0.113,0.222,0.000,0.000,0.144,0.000,0.479,
2026-07-02 17:00:00,Thursday,17,0.126,0.235,0.000,0.581,0.199,0.000,1.141,
2026-07-02 18:00:00,Thursday,18,0.093,0.168,0.000,0.000,0.278,0.000,0.539,
2026-07-02 19:00:00,Thursday,19,0.098,0.000,0.000,0.000,0.222,0.000,0.320,
2026-07-02 20:00:00,Thursday,20,0.108,0.226,0.000,0.000,0.134,0.839,1.307,zmywarka
2026-07-02 21:00:00,Thursday,21,0.107,0.276,0.000,0.000,0.195,0.000,0.578,
2026-07-02 22:00:00,Thursday,22,0.116,0.219,0.054,0.000,0.134,0.000,0.523,
2026-07-02 23:00:00,Thursday,23,0.116,0.328,0.000,0.000,0.000,0.000,0.444,
2026-07-03 00:00:00,Friday,0,0.100,0.380,0.000,0.000,0.000,0.000,0.480,
2026-07-03 01:00:00,Friday,1,0.089,0.406,0.000,0.000,0.000,0.000,0.495,
2026-07-03 02:00:00,Friday,2,0.106,0.427,0.000,0.000,0.000,0.000,0.533,
2026-07-03 03:00:00,Friday,3,0.134,0.462,0.000,0.000,0.000,0.000,0.596,
2026-07-03 04:00:00,Friday,4,0.140,0.463,0.000,0.000,0.000,0.000,0.603,
2026-07-03 05:00:00,Friday,5,0.126,0.450,0.000,0.000,0.000,0.000,0.576,
2026-07-03 06:00:00,Friday,6,0.090,0.598,0.000,0.344,0.000,0.000,1.032,
2026-07-03 07:00:00,Friday,7,0.122,0.662,0.000,0.318,0.000,0.000,1.102,
2026-07-03 08:00:00,Friday,8,0.101,0.596,0.000,0.253,0.000,0.000,0.950,
2026-07-03 09:00:00,Friday,9,0.090,0.546,0.000,0.000,0.091,0.000,0.727,
2026-07-03 10:00:00,Friday,10,0.094,0.377,0.000,0.000,0.083,0.000,0.554,
2026-07-03 11:00:00,Friday,11,0.126,0.346,0.000,0.000,0.085,0.000,0.557,
2026-07-03 12:00:00,Friday,12,0.089,0.406,0.000,0.510,0.095,0.000,1.100,
2026-07-03 13:00:00,Friday,13,0.097,0.400,0.000,0.000,0.113,0.000,0.610,
2026-07-03 14:00:00,Friday,14,0.119,0.431,0.000,0.000,0.070,0.000,0.620,
2026-07-03 15:00:00,Friday,15,0.095,0.428,0.000,0.000,0.168,0.000,0.691,
2026-07-03 16:00:00,Friday,16,0.095,0.358,0.000,0.000,0.090,0.000,0.543,
2026-07-03 17:00:00,Friday,17,0.127,0.330,0.000,0.000,0.252,0.000,0.709,
2026-07-03 18:00:00,Friday,18,0.089,0.350,0.000,0.626,0.246,0.000,1.311,
2026-07-03 19:00:00,Friday,19,0.121,0.343,0.000,0.000,0.232,0.718,1.414,zmywarka
2026-07-03 20:00:00,Friday,20,0.103,0.438,0.000,0.000,0.273,0.000,0.814,
2026-07-03 21:00:00,Friday,21,0.114,0.485,0.000,0.000,0.203,0.000,0.802,
2026-07-03 22:00:00,Friday,22,0.098,0.432,0.089,0.000,0.264,0.000,0.883,
2026-07-03 23:00:00,Friday,23,0.114,0.458,0.000,0.000,0.000,0.000,0.572,
2026-07-04 00:00:00,Saturday,0,0.098,0.443,0.000,0.000,0.000,0.000,0.541,
2026-07-04 01:00:00,Saturday,1,0.133,0.469,0.000,0.000,0.000,0.000,0.602,
2026-07-04 02:00:00,Saturday,2,0.103,0.496,0.000,0.000,0.000,0.000,0.599,
2026-07-04 03:00:00,Saturday,3,0.106,0.522,0.000,0.000,0.000,0.000,0.628,
2026-07-04 04:00:00,Saturday,4,0.104,0.534,0.000,0.000,0.000,0.000,0.638,
2026-07-04 05:00:00,Saturday,5,0.142,0.576,0.000,0.000,0.000,0.000,0.718,
2026-07-04 06:00:00,Saturday,6,0.090,0.639,0.000,0.246,0.000,0.000,0.975,
2026-07-04 07:00:00,Saturday,7,0.106,0.622,0.000,0.310,0.000,0.000,1.038,
2026-07-04 08:00:00,Saturday,8,0.089,0.504,0.000,0.405,0.000,0.000,0.998,
2026-07-04 09:00:00,Saturday,9,0.104,0.372,0.000,0.000,0.173,0.000,0.649,
2026-07-04 10:00:00,Saturday,10,0.118,0.433,0.000,0.000,0.063,0.000,0.614,
2026-07-04 11:00:00,Saturday,11,0.116,0.367,0.000,0.000,0.101,0.482,1.066,pralka
2026-07-04 12:00:00,Saturday,12,0.118,0.280,0.000,0.637,0.195,0.000,1.230,
2026-07-04 13:00:00,Saturday,13,0.118,0.277,0.000,0.000,0.118,0.000,0.513,
2026-07-04 14:00:00,Saturday,14,0.106,0.206,0.000,0.000,0.086,0.757,1.155,zmywarka
2026-07-04 15:00:00,Saturday,15,0.122,0.000,0.000,0.000,0.159,0.000,0.281,
2026-07-04 16:00:00,Saturday,16,0.126,0.000,0.000,0.000,0.195,0.000,0.321,
2026-07-04 17:00:00,Saturday,17,0.113,0.000,0.000,0.857,0.227,0.000,1.197,
2026-07-04 18:00:00,Saturday,18,0.112,0.000,0.000,0.000,0.178,0.000,0.290,
2026-07-04 19:00:00,Saturday,19,0.095,0.000,0.000,0.000,0.123,0.000,0.218,
2026-07-04 20:00:00,Saturday,20,0.123,0.000,0.000,0.000,0.274,0.000,0.397,
2026-07-04 21:00:00,Saturday,21,0.114,0.176,0.000,0.000,0.182,0.000,0.472,
2026-07-04 22:00:00,Saturday,22,0.104,0.222,0.110,0.000,0.120,0.000,0.556,
2026-07-04 23:00:00,Saturday,23,0.101,0.238,0.000,0.000,0.000,0.000,0.339,
2026-07-05 00:00:00,Sunday,0,0.097,0.270,0.000,0.000,0.000,0.000,0.367,
2026-07-05 01:00:00,Sunday,1,0.126,0.246,0.000,0.000,0.000,0.000,0.372,
2026-07-05 02:00:00,Sunday,2,0.126,0.361,0.000,0.000,0.000,0.000,0.487,
2026-07-05 03:00:00,Sunday,3,0.116,0.322,0.000,0.000,0.000,0.000,0.438,
2026-07-05 04:00:00,Sunday,4,0.106,0.373,0.000,0.000,0.000,0.000,0.479,
2026-07-05 05:00:00,Sunday,5,0.093,0.457,0.000,0.000,0.000,0.000,0.550,
2026-07-05 06:00:00,Sunday,6,0.126,0.496,0.000,0.231,0.000,0.000,0.853,
2026-07-05 07:00:00,Sunday,7,0.098,0.550,0.000,0.422,0.000,0.000,1.070,
2026-07-05 08:00:00,Sunday,8,0.121,0.449,0.000,0.424,0.000,0.000,0.994,
2026-07-05 09:00:00,Sunday,9,0.091,0.342,0.000,0.000,0.147,0.000,0.580,
2026-07-05 10:00:00,Sunday,10,0.117,0.286,0.000,0.000,0.042,0.000,0.445,
2026-07-05 11:00:00,Sunday,11,0.100,0.276,0.000,0.000,0.158,0.000,0.534,
2026-07-05 12:00:00,Sunday,12,0.094,0.227,0.000,0.901,0.054,0.000,1.276,
2026-07-05 13:00:00,Sunday,13,0.126,0.000,0.000,0.000,0.074,0.872,1.072,zmywarka
2026-07-05 14:00:00,Sunday,14,0.114,0.000,0.000,0.000,0.148,0.000,0.262,
2026-07-05 15:00:00,Sunday,15,0.092,0.177,0.000,0.000,0.066,0.000,0.335,
2026-07-05 16:00:00,Sunday,16,0.100,0.176,0.000,0.000,0.137,0.000,0.413,
2026-07-05 17:00:00,Sunday,17,0.117,0.178,0.000,0.000,0.202,0.000,0.497,
2026-07-05 18:00:00,Sunday,18,0.116,0.222,0.000,0.818,0.170,0.000,1.326,
2026-07-05 19:00:00,Sunday,19,0.118,0.225,0.000,0.000,0.261,0.000,0.604,
2026-07-05 20:00:00,Sunday,20,0.110,0.362,0.000,0.000,0.242,0.000,0.714,
2026-07-05 21:00:00,Sunday,21,0.101,0.435,0.000,0.000,0.129,0.000,0.665,
2026-07-05 22:00:00,Sunday,22,0.120,0.365,0.101,0.000,0.228,0.000,0.814,
2026-07-05 23:00:00,Sunday,23,0.099,0.425,0.000,0.000,0.000,0.000,0.524,
2026-07-06 00:00:00,Monday,0,0.114,0.518,0.000,0.000,0.000,0.000,0.632,
2026-07-06 01:00:00,Monday,1,0.098,0.490,0.000,0.000,0.000,0.000,0.588,
2026-07-06 02:00:00,Monday,2,0.126,0.609,0.000,0.000,0.000,0.000,0.735,
2026-07-06 03:00:00,Monday,3,0.102,0.628,0.000,0.000,0.000,0.000,0.730,
2026-07-06 04:00:00,Monday,4,0.109,0.750,0.000,0.000,0.000,0.000,0.859,
2026-07-06 05:00:00,Monday,5,0.096,0.720,0.000,0.000,0.000,0.000,0.816,
2026-07-06 06:00:00,Monday,6,0.122,0.674,0.000,0.208,0.000,0.000,1.004,
2026-07-06 07:00:00,Monday,7,0.094,0.784,0.000,0.309,0.000,0.000,1.187,
2026-07-06 08:00:00,Monday,8,0.128,0.581,0.000,0.291,0.000,0.000,1.000,
2026-07-06 09:00:00,Monday,9,0.101,0.617,0.000,0.000,0.116,0.000,0.834,
2026-07-06 10:00:00,Monday,10,0.126,0.522,0.000,0.000,0.107,0.000,0.755,
2026-07-06 11:00:00,Monday,11,0.123,0.586,0.000,0.000,0.088,0.000,0.797,
2026-07-06 12:00:00,Monday,12,0.114,0.521,0.000,0.000,0.072,0.000,0.707,
2026-07-06 13:00:00,Monday,13,0.107,0.526,0.000,0.595,0.101,0.000,1.329,
2026-07-06 14:00:00,Monday,14,0.099,0.478,0.000,0.000,0.162,0.000,0.739,
2026-07-06 15:00:00,Monday,15,0.090,0.477,0.000,0.000,0.166,0.000,0.733,
2026-07-06 16:00:00,Monday,16,0.123,0.374,0.000,0.000,0.103,0.000,0.600,
2026-07-06 17:00:00,Monday,17,0.106,0.511,0.000,0.512,0.216,0.000,1.345,
2026-07-06 18:00:00,Monday,18,0.123,0.475,0.000,0.000,0.277,0.000,0.875,
2026-07-06 19:00:00,Monday,19,0.088,0.462,0.000,0.000,0.232,0.704,1.486,zmywarka
2026-07-06 20:00:00,Monday,20,0.113,0.434,0.000,0.000,0.195,0.000,0.742,
2026-07-06 21:00:00,Monday,21,0.117,0.558,0.157,0.000,0.255,0.000,1.087,
2026-07-06 22:00:00,Monday,22,0.102,0.382,0.109,0.000,0.126,0.000,0.719,
2026-07-06 23:00:00,Monday,23,0.135,0.374,0.000,0.000,0.000,0.000,0.509,
2026-07-07 00:00:00,Tuesday,0,0.096,0.364,0.000,0.000,0.000,0.000,0.460,
2026-07-07 01:00:00,Tuesday,1,0.150,0.423,0.000,0.000,0.000,0.000,0.573,
2026-07-07 02:00:00,Tuesday,2,0.143,0.463,0.000,0.000,0.000,0.000,0.606,
2026-07-07 03:00:00,Tuesday,3,0.088,0.414,0.000,0.000,0.000,0.000,0.502,
2026-07-07 04:00:00,Tuesday,4,0.126,0.430,0.000,0.000,0.000,0.000,0.556,
2026-07-07 05:00:00,Tuesday,5,0.110,0.386,0.000,0.000,0.000,0.000,0.496,
2026-07-07 06:00:00,Tuesday,6,0.122,0.444,0.000,0.446,0.000,0.000,1.012,
2026-07-07 07:00:00,Tuesday,7,0.097,0.455,0.000,0.330,0.000,0.000,0.882,
2026-07-07 08:00:00,Tuesday,8,0.114,0.524,0.000,0.430,0.000,0.000,1.068,
2026-07-07 09:00:00,Tuesday,9,0.122,0.433,0.000,0.000,0.210,0.000,0.765,praca zdalna
2026-07-07 10:00:00,Tuesday,10,0.098,0.405,0.000,0.000,0.163,0.000,0.666,praca zdalna
2026-07-07 11:00:00,Tuesday,11,0.127,0.366,0.000,0.000,0.167,0.000,0.660,praca zdalna
2026-07-07 12:00:00,Tuesday,12,0.102,0.314,0.000,0.000,0.232,0.000,0.648,praca zdalna
2026-07-07 13:00:00,Tuesday,13,0.110,0.212,0.000,0.451,0.238,0.000,1.011,praca zdalna
2026-07-07 14:00:00,Tuesday,14,0.109,0.393,0.000,0.000,0.237,0.000,0.739,praca zdalna
2026-07-07 15:00:00,Tuesday,15,0.114,0.441,0.000,0.000,0.218,0.000,0.773,praca zdalna
2026-07-07 16:00:00,Tuesday,16,0.090,0.401,0.000,0.000,0.159,0.000,0.650,praca zdalna
2026-07-07 17:00:00,Tuesday,17,0.113,0.290,0.000,0.000,0.160,0.000,0.563,
2026-07-07 18:00:00,Tuesday,18,0.094,0.426,0.000,0.705,0.136,0.000,1.361,
2026-07-07 19:00:00,Tuesday,19,0.088,0.428,0.000,0.000,0.246,0.753,1.515,zmywarka
2026-07-07 20:00:00,Tuesday,20,0.110,0.422,0.000,0.000,0.244,0.000,0.776,
2026-07-07 21:00:00,Tuesday,21,0.106,0.595,0.000,0.000,0.134,0.000,0.835,
2026-07-07 22:00:00,Tuesday,22,0.126,0.507,0.057,0.000,0.190,0.000,0.880,
2026-07-07 23:00:00,Tuesday,23,0.104,0.395,0.000,0.000,0.000,0.000,0.499,
2026-07-08 00:00:00,Wednesday,0,0.094,0.478,0.000,0.000,0.000,0.000,0.572,
2026-07-08 01:00:00,Wednesday,1,0.114,0.442,0.000,0.000,0.000,0.000,0.556,
2026-07-08 02:00:00,Wednesday,2,0.103,0.534,0.000,0.000,0.000,0.000,0.637,
2026-07-08 03:00:00,Wednesday,3,0.098,0.634,0.000,0.000,0.000,0.000,0.732,
2026-07-08 04:00:00,Wednesday,4,0.122,0.667,0.000,0.000,0.000,0.000,0.789,
2026-07-08 05:00:00,Wednesday,5,0.126,0.686,0.000,0.000,0.000,0.000,0.812,
2026-07-08 06:00:00,Wednesday,6,0.101,0.667,0.000,0.358,0.000,0.000,1.126,
2026-07-08 07:00:00,Wednesday,7,0.088,0.670,0.000,0.265,0.000,0.000,1.023,
2026-07-08 08:00:00,Wednesday,8,0.122,0.560,0.000,0.292,0.000,0.000,0.974,
2026-07-08 09:00:00,Wednesday,9,0.115,0.434,0.000,0.000,0.108,0.000,0.657,
2026-07-08 10:00:00,Wednesday,10,0.098,0.330,0.000,0.000,0.110,0.000,0.538,
2026-07-08 11:00:00,Wednesday,11,0.089,0.277,0.000,0.000,0.094,0.000,0.460,
2026-07-08 12:00:00,Wednesday,12,0.090,0.162,0.000,0.694,0.076,0.000,1.022,
2026-07-08 13:00:00,Wednesday,13,0.126,0.000,0.000,0.000,0.110,0.000,0.236,
2026-07-08 14:00:00,Wednesday,14,0.110,0.000,0.000,0.000,0.150,0.000,0.260,
2026-07-08 15:00:00,Wednesday,15,0.094,0.000,0.000,0.000,0.160,0.000,0.254,
2026-07-08 16:00:00,Wednesday,16,0.094,0.000,0.000,0.000,0.069,0.000,0.163,
2026-07-08 17:00:00,Wednesday,17,0.109,0.000,0.000,0.000,0.191,0.000,0.300,
2026-07-08 18:00:00,Wednesday,18,0.123,0.000,0.000,0.717,0.206,0.000,1.046,
2026-07-08 19:00:00,Wednesday,19,0.127,0.000,0.000,0.000,0.279,0.000,0.406,
2026-07-08 20:00:00,Wednesday,20,0.091,0.000,0.000,0.000,0.236,0.844,1.171,zmywarka
2026-07-08 21:00:00,Wednesday,21,0.114,0.190,0.000,0.000,0.246,0.000,0.550,
2026-07-08 22:00:00,Wednesday,22,0.106,0.000,0.046,0.000,0.223,0.000,0.375,
2026-07-08 23:00:00,Wednesday,23,0.110,0.203,0.000,0.000,0.000,0.000,0.313,
2026-07-09 00:00:00,Thursday,0,0.110,0.242,0.000,0.000,0.000,0.000,0.352,
2026-07-09 01:00:00,Thursday,1,0.126,0.334,0.000,0.000,0.000,0.000,0.460,
2026-07-09 02:00:00,Thursday,2,0.150,0.397,0.000,0.000,0.000,0.000,0.547,
2026-07-09 03:00:00,Thursday,3,0.110,0.515,0.000,0.000,0.000,0.000,0.625,
2026-07-09 04:00:00,Thursday,4,0.114,0.541,0.000,0.000,0.000,0.000,0.655,
2026-07-09 05:00:00,Thursday,5,0.128,0.494,0.000,0.000,0.000,0.000,0.622,
2026-07-09 06:00:00,Thursday,6,0.110,0.650,0.000,0.285,0.000,0.000,1.045,
2026-07-09 07:00:00,Thursday,7,0.117,0.520,0.000,0.249,0.000,0.000,0.886,
2026-07-09 08:00:00,Thursday,8,0.123,0.389,0.000,0.357,0.000,0.000,0.869,
2026-07-09 09:00:00,Thursday,9,0.091,0.250,0.000,0.000,0.116,0.000,0.457,
2026-07-09 10:00:00,Thursday,10,0.112,0.166,0.000,0.000,0.117,0.000,0.395,
2026-07-09 11:00:00,Thursday,11,0.106,0.000,0.000,0.000,0.084,0.000,0.190,
2026-07-09 12:00:00,Thursday,12,0.091,0.000,0.000,0.442,0.075,0.798,1.406,pralka
2026-07-09 13:00:00,Thursday,13,0.092,0.000,0.000,0.000,0.085,1.795,1.972,suszarka
2026-07-09 14:00:00,Thursday,14,0.094,0.000,0.000,0.000,0.098,0.000,0.192,
2026-07-09 15:00:00,Thursday,15,0.099,0.000,0.000,0.000,0.123,0.000,0.222,
2026-07-09 16:00:00,Thursday,16,0.114,0.000,0.000,0.000,0.123,0.000,0.237,
2026-07-09 17:00:00,Thursday,17,0.119,0.000,0.000,0.000,0.226,0.000,0.345,
2026-07-09 18:00:00,Thursday,18,0.104,0.000,0.000,0.585,0.224,0.000,0.913,
2026-07-09 19:00:00,Thursday,19,0.089,0.000,0.000,0.000,0.165,0.883,1.137,zmywarka
2026-07-09 20:00:00,Thursday,20,0.114,0.000,0.000,0.000,0.222,0.000,0.336,
2026-07-09 21:00:00,Thursday,21,0.099,0.000,0.000,0.000,0.155,0.000,0.254,
2026-07-09 22:00:00,Thursday,22,0.094,0.000,0.109,0.000,0.156,0.000,0.359,
2026-07-09 23:00:00,Thursday,23,0.126,0.000,0.000,0.000,0.000,0.000,0.126,
2026-07-10 00:00:00,Friday,0,0.118,0.000,0.000,0.000,0.000,0.000,0.118,
2026-07-10 01:00:00,Friday,1,0.094,0.170,0.000,0.000,0.000,0.000,0.264,
2026-07-10 02:00:00,Friday,2,0.093,0.208,0.000,0.000,0.000,0.000,0.301,
2026-07-10 03:00:00,Friday,3,0.105,0.252,0.000,0.000,0.000,0.000,0.357,
2026-07-10 04:00:00,Friday,4,0.090,0.231,0.000,0.000,0.000,0.000,0.321,
2026-07-10 05:00:00,Friday,5,0.108,0.258,0.000,0.000,0.000,0.000,0.366,
2026-07-10 06:00:00,Friday,6,0.113,0.415,0.000,0.322,0.000,0.000,0.850,
2026-07-10 07:00:00,Friday,7,0.121,0.324,0.000,0.298,0.000,0.000,0.743,
2026-07-10 08:00:00,Friday,8,0.105,0.174,0.000,0.322,0.000,0.000,0.601,
2026-07-10 09:00:00,Friday,9,0.113,0.000,0.000,0.000,0.275,0.000,0.388,praca zdalna
2026-07-10 10:00:00,Friday,10,0.117,0.000,0.000,0.000,0.143,0.000,0.260,praca zdalna
2026-07-10 11:00:00,Friday,11,0.100,0.000,0.000,0.000,0.149,0.000,0.249,praca zdalna
2026-07-10 12:00:00,Friday,12,0.088,0.000,0.000,0.330,0.195,0.000,0.613,praca zdalna
2026-07-10 13:00:00,Friday,13,0.102,0.000,0.000,0.000,0.203,0.000,0.305,praca zdalna
2026-07-10 14:00:00,Friday,14,0.108,0.000,0.000,0.000,0.271,0.000,0.379,praca zdalna
2026-07-10 15:00:00,Friday,15,0.102,0.000,0.000,0.000,0.229,0.000,0.331,praca zdalna
2026-07-10 16:00:00,Friday,16,0.098,0.000,0.000,0.000,0.314,0.000,0.412,praca zdalna
2026-07-10 17:00:00,Friday,17,0.108,0.000,0.000,1.078,0.203,0.000,1.389,goście
2026-07-10 18:00:00,Friday,18,0.121,0.000,0.000,0.000,0.244,0.000,0.365,goście
2026-07-10 19:00:00,Friday,19,0.122,0.000,0.000,0.000,0.242,0.000,0.364,goście
2026-07-10 20:00:00,Friday,20,0.111,0.000,0.000,0.000,0.134,0.921,1.166,goście; zmywarka
2026-07-10 21:00:00,Friday,21,0.094,0.000,0.217,0.000,0.267,0.000,0.578,goście
2026-07-10 22:00:00,Friday,22,0.090,0.000,0.080,0.000,0.171,0.000,0.341,
2026-07-10 23:00:00,Friday,23,0.120,0.000,0.000,0.000,0.000,0.000,0.120,
2026-07-11 00:00:00,Saturday,0,0.101,0.000,0.000,0.000,0.000,0.000,0.101,
2026-07-11 01:00:00,Saturday,1,0.094,0.000,0.000,0.000,0.000,0.000,0.094,
2026-07-11 02:00:00,Saturday,2,0.129,0.176,0.000,0.000,0.000,0.000,0.305,
2026-07-11 03:00:00,Saturday,3,0.111,0.220,0.000,0.000,0.000,0.000,0.331,
2026-07-11 04:00:00,Saturday,4,0.097,0.251,0.000,0.000,0.000,0.000,0.348,
2026-07-11 05:00:00,Saturday,5,0.146,0.285,0.000,0.000,0.000,0.000,0.431,
2026-07-11 06:00:00,Saturday,6,0.099,0.352,0.000,0.246,0.000,0.000,0.697,
2026-07-11 07:00:00,Saturday,7,0.121,0.310,0.000,0.273,0.000,0.000,0.704,
2026-07-11 08:00:00,Saturday,8,0.110,0.194,0.000,0.314,0.000,0.000,0.618,
2026-07-11 09:00:00,Saturday,9,0.123,0.000,0.000,0.000,0.130,0.000,0.253,
2026-07-11 10:00:00,Saturday,10,0.090,0.000,0.000,0.000,0.150,0.691,0.931,pralka
2026-07-11 11:00:00,Saturday,11,0.090,0.000,0.000,0.000,0.190,0.000,0.280,
2026-07-11 12:00:00,Saturday,12,0.102,0.000,0.000,0.471,0.103,0.000,0.676,
2026-07-11 13:00:00,Saturday,13,0.093,0.000,0.000,0.000,0.064,0.830,0.987,zmywarka
2026-07-11 14:00:00,Saturday,14,0.109,0.000,0.000,0.000,0.042,0.000,0.151,
2026-07-11 15:00:00,Saturday,15,0.098,0.000,0.000,0.000,0.134,0.000,0.232,
2026-07-11 16:00:00,Saturday,16,0.094,0.000,0.000,0.000,0.157,0.000,0.251,
2026-07-11 17:00:00,Saturday,17,0.114,0.000,0.000,0.000,0.261,0.000,0.375,
2026-07-11 18:00:00,Saturday,18,0.114,0.000,0.000,1.465,0.122,0.000,1.701,
2026-07-11 19:00:00,Saturday,19,0.126,0.000,0.000,0.000,0.169,0.000,0.295,
2026-07-11 20:00:00,Saturday,20,0.115,0.000,0.000,0.000,0.164,0.000,0.279,
2026-07-11 21:00:00,Saturday,21,0.095,0.000,0.000,0.000,0.256,0.000,0.351,
2026-07-11 22:00:00,Saturday,22,0.096,0.000,0.091,0.000,0.191,0.000,0.378,
2026-07-11 23:00:00,Saturday,23,0.127,0.000,0.000,0.000,0.000,0.000,0.127,
2026-07-12 00:00:00,Sunday,0,0.133,0.000,0.000,0.000,0.000,0.000,0.133,
2026-07-12 01:00:00,Sunday,1,0.103,0.000,0.000,0.000,0.000,0.000,0.103,
2026-07-12 02:00:00,Sunday,2,0.116,0.000,0.000,0.000,0.000,0.000,0.116,
2026-07-12 03:00:00,Sunday,3,0.122,0.000,0.000,0.000,0.000,0.000,0.122,
2026-07-12 04:00:00,Sunday,4,0.118,0.000,0.000,0.000,0.000,0.000,0.118,
2026-07-12 05:00:00,Sunday,5,0.110,0.000,0.000,0.000,0.000,0.000,0.110,
2026-07-12 06:00:00,Sunday,6,0.112,0.000,0.000,0.475,0.000,0.000,0.587,
2026-07-12 07:00:00,Sunday,7,0.114,0.000,0.000,0.290,0.000,0.000,0.404,
2026-07-12 08:00:00,Sunday,8,0.125,0.000,0.000,0.346,0.000,0.000,0.471,
2026-07-12 09:00:00,Sunday,9,0.096,0.000,0.000,0.000,0.151,0.000,0.247,
2026-07-12 10:00:00,Sunday,10,0.115,0.000,0.000,0.000,0.061,0.000,0.176,
2026-07-12 11:00:00,Sunday,11,0.096,0.000,0.000,0.000,0.049,0.000,0.145,
2026-07-12 12:00:00,Sunday,12,0.098,0.000,0.000,0.000,0.184,0.000,0.282,
2026-07-12 13:00:00,Sunday,13,0.091,0.000,0.000,0.829,0.087,0.000,1.007,
2026-07-12 14:00:00,Sunday,14,0.114,0.000,0.000,0.000,0.084,0.714,0.912,zmywarka
2026-07-12 15:00:00,Sunday,15,0.091,0.000,0.000,0.000,0.102,0.000,0.193,
2026-07-12 16:00:00,Sunday,16,0.092,0.000,0.000,0.000,0.198,0.000,0.290,
2026-07-12 17:00:00,Sunday,17,0.097,0.000,0.000,0.495,0.208,0.000,0.800,
2026-07-12 18:00:00,Sunday,18,0.094,0.000,0.000,0.000,0.215,0.000,0.309,
2026-07-12 19:00:00,Sunday,19,0.111,0.000,0.000,0.000,0.254,0.000,0.365,
2026-07-12 20:00:00,Sunday,20,0.115,0.000,0.000,0.000,0.133,0.000,0.248,
2026-07-12 21:00:00,Sunday,21,0.111,0.000,0.000,0.000,0.268,0.000,0.379,
2026-07-12 22:00:00,Sunday,22,0.121,0.000,0.104,0.000,0.202,0.000,0.427,
2026-07-12 23:00:00,Sunday,23,0.142,0.000,0.000,0.000,0.000,0.000,0.142,
2026-07-13 00:00:00,Monday,0,0.111,0.000,0.000,0.000,0.000,0.000,0.111,
2026-07-13 01:00:00,Monday,1,0.098,0.000,0.000,0.000,0.000,0.000,0.098,
2026-07-13 02:00:00,Monday,2,0.108,0.000,0.000,0.000,0.000,0.000,0.108,
2026-07-13 03:00:00,Monday,3,0.126,0.000,0.000,0.000,0.000,0.000,0.126,
2026-07-13 04:00:00,Monday,4,0.123,0.000,0.000,0.000,0.000,0.000,0.123,
2026-07-13 05:00:00,Monday,5,0.106,0.000,0.000,0.000,0.000,0.000,0.106,
2026-07-13 06:00:00,Monday,6,0.118,0.170,0.000,0.321,0.000,0.000,0.609,
2026-07-13 07:00:00,Monday,7,0.099,0.000,0.000,0.239,0.000,0.000,0.338,
2026-07-13 08:00:00,Monday,8,0.113,0.222,0.000,0.346,0.000,0.000,0.681,
2026-07-13 09:00:00,Monday,9,0.094,0.214,0.000,0.000,0.110,0.000,0.418,
2026-07-13 10:00:00,Monday,10,0.113,0.000,0.000,0.000,0.086,0.000,0.199,
2026-07-13 11:00:00,Monday,11,0.125,0.000,0.000,0.000,0.080,0.000,0.205,
2026-07-13 12:00:00,Monday,12,0.089,0.000,0.000,0.000,0.090,0.682,0.861,pralka
2026-07-13 13:00:00,Monday,13,0.128,0.000,0.000,0.262,0.097,0.000,0.487,
2026-07-13 14:00:00,Monday,14,0.099,0.000,0.000,0.000,0.114,0.000,0.213,
2026-07-13 15:00:00,Monday,15,0.091,0.000,0.000,0.000,0.165,0.000,0.256,
2026-07-13 16:00:00,Monday,16,0.091,0.000,0.000,0.000,0.139,0.000,0.230,
2026-07-13 17:00:00,Monday,17,0.113,0.000,0.000,1.107,0.157,0.000,1.377,
2026-07-13 18:00:00,Monday,18,0.112,0.000,0.000,0.000,0.238,0.000,0.350,
2026-07-13 19:00:00,Monday,19,0.110,0.000,0.000,0.000,0.163,0.774,1.047,zmywarka
2026-07-13 20:00:00,Monday,20,0.111,0.000,0.000,0.000,0.269,0.000,0.380,
2026-07-13 21:00:00,Monday,21,0.096,0.000,0.000,0.000,0.262,0.000,0.358,
2026-07-13 22:00:00,Monday,22,0.118,0.000,0.052,0.000,0.270,0.000,0.440,
2026-07-13 23:00:00,Monday,23,0.115,0.000,0.000,0.000,0.000,0.000,0.115,
2026-07-14 00:00:00,Tuesday,0,0.126,0.000,0.000,0.000,0.000,0.000,0.126,
2026-07-14 01:00:00,Tuesday,1,0.118,0.000,0.000,0.000,0.000,0.000,0.118,
2026-07-14 02:00:00,Tuesday,2,0.117,0.000,0.000,0.000,0.000,0.000,0.117,
2026-07-14 03:00:00,Tuesday,3,0.137,0.158,0.000,0.000,0.000,0.000,0.295,
2026-07-14 04:00:00,Tuesday,4,0.106,0.169,0.000,0.000,0.000,0.000,0.275,
2026-07-14 05:00:00,Tuesday,5,0.125,0.206,0.000,0.000,0.000,0.000,0.331,
2026-07-14 06:00:00,Tuesday,6,0.114,0.286,0.000,0.163,0.000,0.000,0.563,
2026-07-14 07:00:00,Tuesday,7,0.114,0.255,0.000,0.320,0.000,0.000,0.689,
2026-07-14 08:00:00,Tuesday,8,0.102,0.000,0.000,0.403,0.000,0.000,0.505,
2026-07-14 09:00:00,Tuesday,9,0.096,0.000,0.000,0.000,0.191,0.000,0.287,praca zdalna
2026-07-14 10:00:00,Tuesday,10,0.100,0.000,0.000,0.000,0.182,0.000,0.282,praca zdalna
2026-07-14 11:00:00,Tuesday,11,0.093,0.000,0.000,0.000,0.222,0.000,0.315,praca zdalna
2026-07-14 12:00:00,Tuesday,12,0.121,0.000,0.000,0.000,0.237,0.482,0.840,praca zdalna; pralka
2026-07-14 13:00:00,Tuesday,13,0.115,0.000,0.000,0.718,0.192,1.597,2.622,praca zdalna; suszarka
2026-07-14 14:00:00,Tuesday,14,0.110,0.000,0.000,0.000,0.159,0.000,0.269,praca zdalna
2026-07-14 15:00:00,Tuesday,15,0.110,0.000,0.000,0.000,0.176,0.000,0.286,praca zdalna
2026-07-14 16:00:00,Tuesday,16,0.102,0.000,0.000,0.000,0.301,0.000,0.403,praca zdalna
2026-07-14 17:00:00,Tuesday,17,0.126,0.000,0.000,0.000,0.155,0.000,0.281,
2026-07-14 18:00:00,Tuesday,18,0.101,0.000,0.000,0.685,0.271,0.000,1.057,
2026-07-14 19:00:00,Tuesday,19,0.104,0.000,0.000,0.000,0.208,0.000,0.312,
2026-07-14 20:00:00,Tuesday,20,0.096,0.000,0.000,0.000,0.210,0.000,0.306,
2026-07-14 21:00:00,Tuesday,21,0.119,0.000,0.000,0.000,0.219,0.000,0.338,
2026-07-14 22:00:00,Tuesday,22,0.096,0.000,0.096,0.000,0.263,0.000,0.455,
2026-07-14 23:00:00,Tuesday,23,0.090,0.000,0.000,0.000,0.000,0.000,0.090,
2026-07-15 00:00:00,Wednesday,0,0.107,0.000,0.000,0.000,0.000,0.000,0.107,
2026-07-15 01:00:00,Wednesday,1,0.099,0.000,0.000,0.000,0.000,0.000,0.099,
2026-07-15 02:00:00,Wednesday,2,0.113,0.170,0.000,0.000,0.000,0.000,0.283,
2026-07-15 03:00:00,Wednesday,3,0.111,0.191,0.000,0.000,0.000,0.000,0.302,
2026-07-15 04:00:00,Wednesday,4,0.095,0.205,0.000,0.000,0.000,0.000,0.300,
2026-07-15 05:00:00,Wednesday,5,0.115,0.220,0.000,0.000,0.000,0.000,0.335,
2026-07-15 06:00:00,Wednesday,6,0.109,0.270,0.000,0.479,0.000,0.000,0.858,
2026-07-15 07:00:00,Wednesday,7,0.116,0.260,0.000,0.367,0.000,0.000,0.743,
2026-07-15 08:00:00,Wednesday,8,0.114,0.172,0.000,0.426,0.000,0.000,0.712,
2026-07-15 09:00:00,Wednesday,9,0.110,0.000,0.000,0.000,0.116,0.000,0.226,
2026-07-15 10:00:00,Wednesday,10,0.122,0.000,0.000,0.000,0.066,0.000,0.188,
2026-07-15 11:00:00,Wednesday,11,0.099,0.000,0.000,0.000,0.069,0.000,0.168,
2026-07-15 12:00:00,Wednesday,12,0.118,0.000,0.000,0.000,0.102,0.000,0.220,
2026-07-15 13:00:00,Wednesday,13,0.097,0.000,0.000,0.479,0.078,0.000,0.654,
2026-07-15 14:00:00,Wednesday,14,0.113,0.000,0.000,0.000,0.153,0.000,0.266,
2026-07-15 15:00:00,Wednesday,15,0.112,0.000,0.000,0.000,0.160,0.000,0.272,
2026-07-15 16:00:00,Wednesday,16,0.124,0.000,0.000,0.000,0.106,0.000,0.230,
2026-07-15 17:00:00,Wednesday,17,0.118,0.000,0.000,0.795,0.277,0.000,1.190,
2026-07-15 18:00:00,Wednesday,18,0.108,0.000,0.000,0.000,0.156,0.000,0.264,
2026-07-15 19:00:00,Wednesday,19,0.122,0.000,0.000,0.000,0.202,0.781,1.105,zmywarka
2026-07-15 20:00:00,Wednesday,20,0.123,0.000,0.000,0.000,0.178,0.000,0.301,
2026-07-15 21:00:00,Wednesday,21,0.124,0.000,0.000,0.000,0.186,0.000,0.310,
2026-07-15 22:00:00,Wednesday,22,0.114,0.000,0.094,0.000,0.240,0.000,0.448,
2026-07-15 23:00:00,Wednesday,23,0.114,0.000,0.000,0.000,0.000,0.000,0.114,
2026-07-16 00:00:00,Thursday,0,0.122,0.000,0.000,0.000,0.000,0.000,0.122,
2026-07-16 01:00:00,Thursday,1,0.130,0.000,0.000,0.000,0.000,0.000,0.130,
2026-07-16 02:00:00,Thursday,2,0.099,0.000,0.000,0.000,0.000,0.000,0.099,
2026-07-16 03:00:00,Thursday,3,0.114,0.000,0.000,0.000,0.000,0.000,0.114,
2026-07-16 04:00:00,Thursday,4,0.110,0.000,0.000,0.000,0.000,0.000,0.110,
2026-07-16 05:00:00,Thursday,5,0.127,0.000,0.000,0.000,0.000,0.000,0.127,
2026-07-16 06:00:00,Thursday,6,0.091,0.194,0.000,0.369,0.000,0.000,0.654,
2026-07-16 07:00:00,Thursday,7,0.105,0.186,0.000,0.318,0.000,0.000,0.609,
2026-07-16 08:00:00,Thursday,8,0.106,0.000,0.000,0.264,0.000,0.000,0.370,
2026-07-16 09:00:00,Thursday,9,0.105,0.000,0.000,0.000,0.098,0.000,0.203,
2026-07-16 10:00:00,Thursday,10,0.094,0.000,0.000,0.000,0.118,0.000,0.212,
2026-07-16 11:00:00,Thursday,11,0.111,0.000,0.000,0.000,0.111,0.000,0.222,
2026-07-16 12:00:00,Thursday,12,0.126,0.000,0.000,0.625,0.091,0.000,0.842,
2026-07-16 13:00:00,Thursday,13,0.109,0.000,0.000,0.000,0.082,0.000,0.191,
2026-07-16 14:00:00,Thursday,14,0.098,0.000,0.000,0.000,0.169,0.000,0.267,
2026-07-16 15:00:00,Thursday,15,0.094,0.000,0.000,0.000,0.189,0.000,0.283,
2026-07-16 16:00:00,Thursday,16,0.126,0.000,0.000,0.000,0.106,0.000,0.232,
2026-07-16 17:00:00,Thursday,17,0.122,0.000,0.000,0.755,0.261,0.000,1.138,
2026-07-16 18:00:00,Thursday,18,0.106,0.000,0.000,0.000,0.273,0.000,0.379,
2026-07-16 19:00:00,Thursday,19,0.124,0.000,0.000,0.000,0.130,0.934,1.188,zmywarka
2026-07-16 20:00:00,Thursday,20,0.127,0.000,0.000,0.000,0.129,0.000,0.256,
2026-07-16 21:00:00,Thursday,21,0.116,0.000,0.000,0.000,0.274,0.000,0.390,
2026-07-16 22:00:00,Thursday,22,0.119,0.000,0.064,0.000,0.180,0.000,0.363,
2026-07-16 23:00:00,Thursday,23,0.126,0.000,0.000,0.000,0.000,0.000,0.126,
2026-07-17 00:00:00,Friday,0,0.123,0.000,0.000,0.000,0.000,0.000,0.123,
2026-07-17 01:00:00,Friday,1,0.101,0.000,0.000,0.000,0.000,0.000,0.101,
2026-07-17 02:00:00,Friday,2,0.101,0.000,0.000,0.000,0.000,0.000,0.101,
2026-07-17 03:00:00,Friday,3,0.103,0.000,0.000,0.000,0.000,0.000,0.103,
2026-07-17 04:00:00,Friday,4,0.117,0.000,0.000,0.000,0.000,0.000,0.117,
2026-07-17 05:00:00,Friday,5,0.092,0.000,0.000,0.000,0.000,0.000,0.092,
2026-07-17 06:00:00,Friday,6,0.117,0.164,0.000,0.206,0.000,0.000,0.487,
2026-07-17 07:00:00,Friday,7,0.115,0.000,0.000,0.410,0.000,0.000,0.525,
2026-07-17 08:00:00,Friday,8,0.098,0.000,0.000,0.341,0.000,0.000,0.439,
2026-07-17 09:00:00,Friday,9,0.089,0.000,0.000,0.000,0.110,0.000,0.199,
2026-07-17 10:00:00,Friday,10,0.095,0.000,0.000,0.000,0.074,0.000,0.169,
2026-07-17 11:00:00,Friday,11,0.116,0.000,0.000,0.000,0.077,0.000,0.193,
2026-07-17 12:00:00,Friday,12,0.115,0.000,0.000,0.340,0.079,0.000,0.534,
2026-07-17 13:00:00,Friday,13,0.115,0.000,0.000,0.000,0.069,0.000,0.184,
2026-07-17 14:00:00,Friday,14,0.104,0.000,0.000,0.000,0.091,0.000,0.195,
2026-07-17 15:00:00,Friday,15,0.114,0.000,0.000,0.000,0.111,0.000,0.225,
2026-07-17 16:00:00,Friday,16,0.102,0.000,0.000,0.000,0.138,0.000,0.240,
2026-07-17 17:00:00,Friday,17,0.118,0.000,0.000,0.000,0.246,0.000,0.364,
2026-07-17 18:00:00,Friday,18,0.110,0.000,0.000,0.750,0.224,0.000,1.084,
2026-07-17 19:00:00,Friday,19,0.118,0.000,0.000,0.000,0.248,0.946,1.312,zmywarka
2026-07-17 20:00:00,Friday,20,0.092,0.000,0.000,0.000,0.276,0.000,0.368,
2026-07-17 21:00:00,Friday,21,0.110,0.000,0.000,0.000,0.160,0.000,0.270,
2026-07-17 22:00:00,Friday,22,0.119,0.000,0.092,0.000,0.222,0.000,0.433,
2026-07-17 23:00:00,Friday,23,0.121,0.000,0.000,0.000,0.000,0.000,0.121,
2026-07-18 00:00:00,Saturday,0,0.110,0.000,0.000,0.000,0.000,0.000,0.110,
2026-07-18 01:00:00,Saturday,1,0.097,0.000,0.000,0.000,0.000,0.000,0.097,
2026-07-18 02:00:00,Saturday,2,0.106,0.000,0.000,0.000,0.000,0.000,0.106,
2026-07-18 03:00:00,Saturday,3,0.104,0.000,0.000,0.000,0.000,0.000,0.104,
2026-07-18 04:00:00,Saturday,4,0.126,0.183,0.000,0.000,0.000,0.000,0.309,
2026-07-18 05:00:00,Saturday,5,0.096,0.208,0.000,0.000,0.000,0.000,0.304,
2026-07-18 06:00:00,Saturday,6,0.106,0.442,0.000,0.164,0.000,0.000,0.712,
2026-07-18 07:00:00,Saturday,7,0.104,0.372,0.000,0.248,0.000,0.000,0.724,
2026-07-18 08:00:00,Saturday,8,0.116,0.303,0.000,0.298,0.000,0.000,0.717,
2026-07-18 09:00:00,Saturday,9,0.118,0.194,0.000,0.000,0.070,0.000,0.382,
2026-07-18 10:00:00,Saturday,10,0.104,0.000,0.000,0.000,0.056,0.000,0.160,
2026-07-18 11:00:00,Saturday,11,0.098,0.000,0.000,0.000,0.142,0.000,0.240,
2026-07-18 12:00:00,Saturday,12,0.119,0.000,0.000,0.000,0.161,0.000,0.280,
2026-07-18 13:00:00,Saturday,13,0.120,0.000,0.000,0.620,0.074,0.000,0.814,
2026-07-18 14:00:00,Saturday,14,0.090,0.000,0.000,0.000,0.149,0.886,1.125,zmywarka
2026-07-18 15:00:00,Saturday,15,0.118,0.000,0.000,0.000,0.070,0.000,0.188,
2026-07-18 16:00:00,Saturday,16,0.118,0.000,0.000,0.000,0.199,0.000,0.317,
2026-07-18 17:00:00,Saturday,17,0.122,0.000,0.000,0.579,0.276,0.000,0.977,
2026-07-18 18:00:00,Saturday,18,0.096,0.000,0.000,0.000,0.203,0.000,0.299,
2026-07-18 19:00:00,Saturday,19,0.102,0.000,0.000,0.000,0.207,0.000,0.309,
2026-07-18 20:00:00,Saturday,20,0.120,0.000,0.000,0.000,0.182,0.000,0.302,
2026-07-18 21:00:00,Saturday,21,0.125,0.210,0.000,0.000,0.149,0.000,0.484,
2026-07-18 22:00:00,Saturday,22,0.103,0.167,0.080,0.000,0.274,0.000,0.624,
2026-07-18 23:00:00,Saturday,23,0.099,0.217,0.000,0.000,0.000,0.000,0.316,
2026-07-19 00:00:00,Sunday,0,0.133,0.240,0.000,0.000,0.000,0.000,0.373,
2026-07-19 01:00:00,Sunday,1,0.098,0.258,0.000,0.000,0.000,0.000,0.356,
2026-07-19 02:00:00,Sunday,2,0.129,0.283,0.000,0.000,0.000,0.000,0.412,
2026-07-19 03:00:00,Sunday,3,0.098,0.330,0.000,0.000,0.000,0.000,0.428,
2026-07-19 04:00:00,Sunday,4,0.091,0.327,0.000,0.000,0.000,0.000,0.418,
2026-07-19 05:00:00,Sunday,5,0.099,0.311,0.000,0.000,0.000,0.000,0.410,
2026-07-19 06:00:00,Sunday,6,0.118,0.416,0.000,0.352,0.000,0.000,0.886,
2026-07-19 07:00:00,Sunday,7,0.105,0.437,0.000,0.257,0.000,0.000,0.799,
2026-07-19 08:00:00,Sunday,8,0.107,0.363,0.000,0.383,0.000,0.000,0.853,
2026-07-19 09:00:00,Sunday,9,0.110,0.297,0.000,0.000,0.102,0.000,0.509,
2026-07-19 10:00:00,Sunday,10,0.098,0.265,0.000,0.000,0.049,0.530,0.942,pralka
2026-07-19 11:00:00,Sunday,11,0.094,0.266,0.000,0.000,0.062,1.510,1.932,suszarka
2026-07-19 12:00:00,Sunday,12,0.113,0.243,0.000,1.038,0.166,0.000,1.560,
2026-07-19 13:00:00,Sunday,13,0.115,0.000,0.000,0.000,0.094,0.688,0.897,zmywarka
2026-07-19 14:00:00,Sunday,14,0.114,0.210,0.000,0.000,0.110,0.000,0.434,
2026-07-19 15:00:00,Sunday,15,0.092,0.000,0.000,0.000,0.077,0.000,0.169,
2026-07-19 16:00:00,Sunday,16,0.116,0.342,0.000,0.000,0.110,0.000,0.568,
2026-07-19 17:00:00,Sunday,17,0.123,0.382,0.000,0.000,0.136,0.000,0.641,goście
2026-07-19 18:00:00,Sunday,18,0.111,0.373,0.000,0.755,0.211,0.000,1.450,goście
2026-07-19 19:00:00,Sunday,19,0.105,0.454,0.000,0.000,0.170,0.000,0.729,goście
2026-07-19 20:00:00,Sunday,20,0.093,0.399,0.000,0.000,0.214,0.000,0.706,goście
2026-07-19 21:00:00,Sunday,21,0.118,0.542,0.162,0.000,0.204,0.000,1.026,goście
2026-07-19 22:00:00,Sunday,22,0.124,0.494,0.050,0.000,0.166,0.000,0.834,
2026-07-19 23:00:00,Sunday,23,0.143,0.445,0.000,0.000,0.000,0.000,0.588,
2026-07-20 00:00:00,Monday,0,0.127,0.366,0.000,0.000,0.000,0.000,0.493,
2026-07-20 01:00:00,Monday,1,0.113,0.378,0.000,0.000,0.000,0.000,0.491,
2026-07-20 02:00:00,Monday,2,0.094,0.459,0.000,0.000,0.000,0.000,0.553,
2026-07-20 03:00:00,Monday,3,0.106,0.470,0.000,0.000,0.000,0.000,0.576,
2026-07-20 04:00:00,Monday,4,0.135,0.373,0.000,0.000,0.000,0.000,0.508,
2026-07-20 05:00:00,Monday,5,0.112,0.455,0.000,0.000,0.000,0.000,0.567,
2026-07-20 06:00:00,Monday,6,0.103,0.474,0.000,0.351,0.000,0.000,0.928,
2026-07-20 07:00:00,Monday,7,0.094,0.534,0.000,0.440,0.000,0.000,1.068,
2026-07-20 08:00:00,Monday,8,0.110,0.514,0.000,0.233,0.000,0.000,0.857,
2026-07-20 09:00:00,Monday,9,0.100,0.560,0.000,0.000,0.074,0.000,0.734,
2026-07-20 10:00:00,Monday,10,0.109,0.510,0.000,0.000,0.091,0.000,0.710,
2026-07-20 11:00:00,Monday,11,0.121,0.500,0.000,0.000,0.116,0.000,0.737,
2026-07-20 12:00:00,Monday,12,0.109,0.412,0.000,0.640,0.067,0.000,1.228,
2026-07-20 13:00:00,Monday,13,0.098,0.367,0.000,0.000,0.111,0.000,0.576,
2026-07-20 14:00:00,Monday,14,0.126,0.296,0.000,0.000,0.096,0.000,0.518,
2026-07-20 15:00:00,Monday,15,0.124,0.196,0.000,0.000,0.102,0.000,0.422,
2026-07-20 16:00:00,Monday,16,0.107,0.210,0.000,0.000,0.127,0.000,0.444,
2026-07-20 17:00:00,Monday,17,0.123,0.000,0.000,1.183,0.180,0.000,1.486,
2026-07-20 18:00:00,Monday,18,0.118,0.000,0.000,0.000,0.180,0.000,0.298,
2026-07-20 19:00:00,Monday,19,0.101,0.000,0.000,0.000,0.210,0.730,1.041,zmywarka
2026-07-20 20:00:00,Monday,20,0.101,0.000,0.000,0.000,0.142,0.000,0.243,
2026-07-20 21:00:00,Monday,21,0.105,0.178,0.000,0.000,0.206,0.000,0.489,
2026-07-20 22:00:00,Monday,22,0.088,0.170,0.093,0.000,0.158,0.000,0.509,
2026-07-20 23:00:00,Monday,23,0.148,0.286,0.000,0.000,0.000,0.000,0.434,
2026-07-21 00:00:00,Tuesday,0,0.130,0.386,0.000,0.000,0.000,0.000,0.516,
2026-07-21 01:00:00,Tuesday,1,0.089,0.297,0.000,0.000,0.000,0.000,0.386,
2026-07-21 02:00:00,Tuesday,2,0.120,0.422,0.000,0.000,0.000,0.000,0.542,
2026-07-21 03:00:00,Tuesday,3,0.133,0.453,0.000,0.000,0.000,0.000,0.586,
2026-07-21 04:00:00,Tuesday,4,0.090,0.452,0.000,0.000,0.000,0.000,0.542,
2026-07-21 05:00:00,Tuesday,5,0.114,0.455,0.000,0.000,0.000,0.000,0.569,
2026-07-21 06:00:00,Tuesday,6,0.119,0.442,0.000,0.298,0.000,0.000,0.859,
2026-07-21 07:00:00,Tuesday,7,0.124,0.398,0.000,0.294,0.000,0.000,0.816,
2026-07-21 08:00:00,Tuesday,8,0.120,0.322,0.000,0.305,0.000,0.000,0.747,
2026-07-21 09:00:00,Tuesday,9,0.090,0.284,0.000,0.000,0.085,0.000,0.459,
2026-07-21 10:00:00,Tuesday,10,0.126,0.173,0.000,0.000,0.093,0.000,0.392,
2026-07-21 11:00:00,Tuesday,11,0.115,0.000,0.000,0.000,0.088,0.000,0.203,
2026-07-21 12:00:00,Tuesday,12,0.106,0.000,0.000,0.271,0.114,0.000,0.491,
2026-07-21 13:00:00,Tuesday,13,0.123,0.000,0.000,0.000,0.082,0.669,0.874,pralka
2026-07-21 14:00:00,Tuesday,14,0.126,0.000,0.000,0.000,0.178,0.000,0.304,
2026-07-21 15:00:00,Tuesday,15,0.110,0.000,0.000,0.000,0.094,0.000,0.204,
2026-07-21 16:00:00,Tuesday,16,0.090,0.000,0.000,0.000,0.177,0.000,0.267,
2026-07-21 17:00:00,Tuesday,17,0.122,0.000,0.000,0.526,0.167,0.000,0.815,
2026-07-21 18:00:00,Tuesday,18,0.114,0.000,0.000,0.000,0.229,0.000,0.343,
2026-07-21 19:00:00,Tuesday,19,0.101,0.000,0.000,0.000,0.200,0.664,0.965,zmywarka
2026-07-21 20:00:00,Tuesday,20,0.118,0.000,0.000,0.000,0.130,0.000,0.248,
2026-07-21 21:00:00,Tuesday,21,0.121,0.000,0.000,0.000,0.208,0.000,0.329,
2026-07-21 22:00:00,Tuesday,22,0.113,0.000,0.089,0.000,0.211,0.000,0.413,
2026-07-21 23:00:00,Tuesday,23,0.145,0.000,0.000,0.000,0.000,0.000,0.145,
2026-07-22 00:00:00,Wednesday,0,0.088,0.205,0.000,0.000,0.000,0.000,0.293,
2026-07-22 01:00:00,Wednesday,1,0.099,0.314,0.000,0.000,0.000,0.000,0.413,
2026-07-22 02:00:00,Wednesday,2,0.091,0.428,0.000,0.000,0.000,0.000,0.519,
2026-07-22 03:00:00,Wednesday,3,0.112,0.502,0.000,0.000,0.000,0.000,0.614,
2026-07-22 04:00:00,Wednesday,4,0.126,0.358,0.000,0.000,0.000,0.000,0.484,
2026-07-22 05:00:00,Wednesday,5,0.104,0.389,0.000,0.000,0.000,0.000,0.493,
2026-07-22 06:00:00,Wednesday,6,0.111,0.595,0.000,0.349,0.000,0.000,1.055,
2026-07-22 07:00:00,Wednesday,7,0.101,0.520,0.000,0.399,0.000,0.000,1.020,
2026-07-22 08:00:00,Wednesday,8,0.110,0.437,0.000,0.333,0.000,0.000,0.880,
2026-07-22 09:00:00,Wednesday,9,0.101,0.497,0.000,0.000,0.105,0.000,0.703,
2026-07-22 10:00:00,Wednesday,10,0.127,0.340,0.000,0.000,0.106,0.000,0.573,
2026-07-22 11:00:00,Wednesday,11,0.105,0.273,0.000,0.000,0.074,0.000,0.452,
2026-07-22 12:00:00,Wednesday,12,0.102,0.190,0.000,0.000,0.102,0.000,0.394,
2026-07-22 13:00:00,Wednesday,13,0.109,0.000,0.000,0.674,0.074,0.000,0.857,
2026-07-22 14:00:00,Wednesday,14,0.102,0.000,0.000,0.000,0.158,0.000,0.260,
2026-07-22 15:00:00,Wednesday,15,0.118,0.000,0.000,0.000,0.134,0.000,0.252,
2026-07-22 16:00:00,Wednesday,16,0.109,0.000,0.000,0.000,0.186,0.000,0.295,
2026-07-22 17:00:00,Wednesday,17,0.119,0.242,0.000,0.000,0.272,0.000,0.633,
2026-07-22 18:00:00,Wednesday,18,0.094,0.249,0.000,1.039,0.269,0.000,1.651,
2026-07-22 19:00:00,Wednesday,19,0.093,0.304,0.000,0.000,0.260,0.000,0.657,
2026-07-22 20:00:00,Wednesday,20,0.121,0.238,0.000,0.000,0.192,0.829,1.380,zmywarka
2026-07-22 21:00:00,Wednesday,21,0.104,0.247,0.000,0.000,0.254,0.000,0.605,
2026-07-22 22:00:00,Wednesday,22,0.122,0.205,0.051,0.000,0.129,0.000,0.507,
2026-07-22 23:00:00,Wednesday,23,0.148,0.237,0.000,0.000,0.000,0.000,0.385,
2026-07-23 00:00:00,Thursday,0,0.112,0.244,0.000,0.000,0.000,0.000,0.356,
2026-07-23 01:00:00,Thursday,1,0.123,0.233,0.000,0.000,0.000,0.000,0.356,
2026-07-23 02:00:00,Thursday,2,0.095,0.328,0.000,0.000,0.000,0.000,0.423,
2026-07-23 03:00:00,Thursday,3,0.118,0.329,0.000,0.000,0.000,0.000,0.447,
2026-07-23 04:00:00,Thursday,4,0.112,0.277,0.000,0.000,0.000,0.000,0.389,
2026-07-23 05:00:00,Thursday,5,0.110,0.283,0.000,0.000,0.000,0.000,0.393,
2026-07-23 06:00:00,Thursday,6,0.116,0.399,0.000,0.335,0.000,0.000,0.850,
2026-07-23 07:00:00,Thursday,7,0.121,0.426,0.000,0.278,0.000,0.000,0.825,
2026-07-23 08:00:00,Thursday,8,0.116,0.357,0.000,0.325,0.000,0.000,0.798,
2026-07-23 09:00:00,Thursday,9,0.122,0.285,0.000,0.000,0.231,0.000,0.638,praca zdalna
2026-07-23 10:00:00,Thursday,10,0.118,0.221,0.000,0.000,0.217,0.000,0.556,praca zdalna
2026-07-23 11:00:00,Thursday,11,0.106,0.162,0.000,0.000,0.245,0.000,0.513,praca zdalna
2026-07-23 12:00:00,Thursday,12,0.114,0.000,0.000,0.000,0.174,0.000,0.288,praca zdalna
2026-07-23 13:00:00,Thursday,13,0.110,0.000,0.000,0.558,0.263,0.000,0.931,praca zdalna
2026-07-23 14:00:00,Thursday,14,0.109,0.000,0.000,0.000,0.273,0.000,0.382,praca zdalna
2026-07-23 15:00:00,Thursday,15,0.092,0.000,0.000,0.000,0.215,0.000,0.307,praca zdalna
2026-07-23 16:00:00,Thursday,16,0.089,0.000,0.000,0.000,0.227,0.000,0.316,praca zdalna
2026-07-23 17:00:00,Thursday,17,0.089,0.000,0.000,0.000,0.196,0.000,0.285,
2026-07-23 18:00:00,Thursday,18,0.098,0.000,0.000,0.828,0.124,0.000,1.050,
2026-07-23 19:00:00,Thursday,19,0.117,0.000,0.000,0.000,0.128,0.000,0.245,
2026-07-23 20:00:00,Thursday,20,0.126,0.000,0.000,0.000,0.226,0.708,1.060,zmywarka
2026-07-23 21:00:00,Thursday,21,0.111,0.000,0.000,0.000,0.245,0.000,0.356,
2026-07-23 22:00:00,Thursday,22,0.117,0.000,0.092,0.000,0.122,0.000,0.331,
2026-07-23 23:00:00,Thursday,23,0.110,0.000,0.000,0.000,0.000,0.000,0.110,
2026-07-24 00:00:00,Friday,0,0.137,0.205,0.000,0.000,0.000,0.000,0.342,
2026-07-24 01:00:00,Friday,1,0.109,0.217,0.000,0.000,0.000,0.000,0.326,
2026-07-24 02:00:00,Friday,2,0.105,0.359,0.000,0.000,0.000,0.000,0.464,
2026-07-24 03:00:00,Friday,3,0.123,0.365,0.000,0.000,0.000,0.000,0.488,
2026-07-24 04:00:00,Friday,4,0.107,0.346,0.000,0.000,0.000,0.000,0.453,
2026-07-24 05:00:00,Friday,5,0.095,0.327,0.000,0.000,0.000,0.000,0.422,
2026-07-24 06:00:00,Friday,6,0.090,0.512,0.000,0.320,0.000,0.000,0.922,
2026-07-24 07:00:00,Friday,7,0.105,0.489,0.000,0.270,0.000,0.000,0.864,
2026-07-24 08:00:00,Friday,8,0.097,0.450,0.000,0.342,0.000,0.000,0.889,
2026-07-24 09:00:00,Friday,9,0.116,0.370,0.000,0.000,0.094,0.000,0.580,
2026-07-24 10:00:00,Friday,10,0.114,0.199,0.000,0.000,0.079,0.000,0.392,
2026-07-24 11:00:00,Friday,11,0.101,0.000,0.000,0.000,0.080,0.000,0.181,
2026-07-24 12:00:00,Friday,12,0.125,0.000,0.000,0.000,0.101,0.000,0.226,
2026-07-24 13:00:00,Friday,13,0.089,0.228,0.000,0.431,0.100,0.000,0.848,
2026-07-24 14:00:00,Friday,14,0.119,0.261,0.000,0.000,0.138,0.000,0.518,
2026-07-24 15:00:00,Friday,15,0.118,0.226,0.000,0.000,0.147,0.000,0.491,
2026-07-24 16:00:00,Friday,16,0.122,0.000,0.000,0.000,0.122,0.000,0.244,
2026-07-24 17:00:00,Friday,17,0.120,0.000,0.000,0.000,0.178,0.000,0.298,goście
2026-07-24 18:00:00,Friday,18,0.114,0.000,0.000,1.995,0.227,0.000,2.336,goście
2026-07-24 19:00:00,Friday,19,0.122,0.000,0.000,0.000,0.127,0.000,0.249,goście
2026-07-24 20:00:00,Friday,20,0.093,0.000,0.000,0.000,0.258,0.000,0.351,goście
2026-07-24 21:00:00,Friday,21,0.100,0.216,0.218,0.000,0.221,0.000,0.755,goście
2026-07-24 22:00:00,Friday,22,0.099,0.000,0.072,0.000,0.268,0.000,0.439,
2026-07-24 23:00:00,Friday,23,0.101,0.000,0.000,0.000,0.000,0.000,0.101,
2026-07-25 00:00:00,Saturday,0,0.110,0.188,0.000,0.000,0.000,0.000,0.298,
2026-07-25 01:00:00,Saturday,1,0.102,0.229,0.000,0.000,0.000,0.000,0.331,
2026-07-25 02:00:00,Saturday,2,0.125,0.262,0.000,0.000,0.000,0.000,0.387,
2026-07-25 03:00:00,Saturday,3,0.120,0.303,0.000,0.000,0.000,0.000,0.423,
2026-07-25 04:00:00,Saturday,4,0.136,0.265,0.000,0.000,0.000,0.000,0.401,
2026-07-25 05:00:00,Saturday,5,0.115,0.223,0.000,0.000,0.000,0.000,0.338,
2026-07-25 06:00:00,Saturday,6,0.119,0.338,0.000,0.271,0.000,0.000,0.728,
2026-07-25 07:00:00,Saturday,7,0.127,0.334,0.000,0.193,0.000,0.000,0.654,
2026-07-25 08:00:00,Saturday,8,0.103,0.227,0.000,0.458,0.000,0.000,0.788,
2026-07-25 09:00:00,Saturday,9,0.120,0.190,0.000,0.000,0.195,0.000,0.505,
2026-07-25 10:00:00,Saturday,10,0.095,0.166,0.000,0.000,0.131,0.000,0.392,
2026-07-25 11:00:00,Saturday,11,0.115,0.000,0.000,0.000,0.063,0.000,0.178,
2026-07-25 12:00:00,Saturday,12,0.102,0.000,0.000,0.000,0.097,0.000,0.199,
2026-07-25 13:00:00,Saturday,13,0.106,0.000,0.000,0.462,0.082,0.762,1.412,zmywarka
2026-07-25 14:00:00,Saturday,14,0.124,0.000,0.000,0.000,0.200,0.000,0.324,
2026-07-25 15:00:00,Saturday,15,0.091,0.000,0.000,0.000,0.042,0.000,0.133,
2026-07-25 16:00:00,Saturday,16,0.123,0.000,0.000,0.000,0.147,0.000,0.270,
2026-07-25 17:00:00,Saturday,17,0.116,0.000,0.000,0.000,0.270,0.000,0.386,
2026-07-25 18:00:00,Saturday,18,0.101,0.000,0.000,1.074,0.184,0.000,1.359,
2026-07-25 19:00:00,Saturday,19,0.121,0.000,0.000,0.000,0.145,0.000,0.266,
2026-07-25 20:00:00,Saturday,20,0.094,0.000,0.000,0.000,0.160,0.000,0.254,
2026-07-25 21:00:00,Saturday,21,0.106,0.000,0.155,0.000,0.185,0.000,0.446,
2026-07-25 22:00:00,Saturday,22,0.126,0.000,0.066,0.000,0.198,0.000,0.390,
2026-07-25 23:00:00,Saturday,23,0.110,0.000,0.000,0.000,0.000,0.000,0.110,
2026-07-26 00:00:00,Sunday,0,0.112,0.000,0.000,0.000,0.000,0.000,0.112,wyjazd / nieobecność
2026-07-26 01:00:00,Sunday,1,0.111,0.000,0.000,0.000,0.000,0.000,0.111,wyjazd / nieobecność
2026-07-26 02:00:00,Sunday,2,0.110,0.000,0.000,0.000,0.000,0.000,0.110,wyjazd / nieobecność
2026-07-26 03:00:00,Sunday,3,0.111,0.000,0.000,0.000,0.000,0.000,0.111,wyjazd / nieobecność
2026-07-26 04:00:00,Sunday,4,0.110,0.000,0.000,0.000,0.000,0.000,0.110,wyjazd / nieobecność
2026-07-26 05:00:00,Sunday,5,0.117,0.000,0.000,0.000,0.000,0.000,0.117,wyjazd / nieobecność
2026-07-26 06:00:00,Sunday,6,0.124,0.000,0.000,0.000,0.000,0.000,0.124,wyjazd / nieobecność
2026-07-26 07:00:00,Sunday,7,0.092,0.000,0.000,0.000,0.000,0.000,0.092,wyjazd / nieobecność
2026-07-26 08:00:00,Sunday,8,0.123,0.000,0.000,0.000,0.000,0.000,0.123,wyjazd / nieobecność
2026-07-26 09:00:00,Sunday,9,0.126,0.000,0.000,0.000,0.000,0.000,0.126,wyjazd / nieobecność
2026-07-26 10:00:00,Sunday,10,0.116,0.000,0.000,0.000,0.000,0.000,0.116,wyjazd / nieobecność
2026-07-26 11:00:00,Sunday,11,0.111,0.000,0.000,0.000,0.000,0.000,0.111,wyjazd / nieobecność
2026-07-26 12:00:00,Sunday,12,0.115,0.000,0.000,0.000,0.000,0.000,0.115,wyjazd / nieobecność
2026-07-26 13:00:00,Sunday,13,0.114,0.000,0.000,0.000,0.000,0.000,0.114,wyjazd / nieobecność
2026-07-26 14:00:00,Sunday,14,0.096,0.000,0.000,0.000,0.000,0.000,0.096,wyjazd / nieobecność
2026-07-26 15:00:00,Sunday,15,0.089,0.000,0.000,0.000,0.000,0.000,0.089,wyjazd / nieobecność
2026-07-26 16:00:00,Sunday,16,0.091,0.000,0.000,0.000,0.000,0.000,0.091,wyjazd / nieobecność
2026-07-26 17:00:00,Sunday,17,0.110,0.000,0.000,0.000,0.000,0.000,0.110,wyjazd / nieobecność
2026-07-26 18:00:00,Sunday,18,0.123,0.000,0.000,0.000,0.000,0.000,0.123,wyjazd / nieobecność
2026-07-26 19:00:00,Sunday,19,0.095,0.000,0.000,0.000,0.000,0.000,0.095,wyjazd / nieobecność
2026-07-26 20:00:00,Sunday,20,0.094,0.000,0.000,0.000,0.000,0.000,0.094,wyjazd / nieobecność
2026-07-26 21:00:00,Sunday,21,0.106,0.000,0.000,0.000,0.000,0.000,0.106,wyjazd / nieobecność
2026-07-26 22:00:00,Sunday,22,0.120,0.000,0.000,0.000,0.000,0.000,0.120,wyjazd / nieobecność
2026-07-26 23:00:00,Sunday,23,0.094,0.000,0.000,0.000,0.000,0.000,0.094,wyjazd / nieobecność
2026-07-27 00:00:00,Monday,0,0.123,0.325,0.000,0.000,0.000,0.000,0.448,
2026-07-27 01:00:00,Monday,1,0.106,0.367,0.000,0.000,0.000,0.000,0.473,
2026-07-27 02:00:00,Monday,2,0.127,0.324,0.000,0.000,0.000,0.000,0.451,
2026-07-27 03:00:00,Monday,3,0.120,0.406,0.000,0.000,0.000,0.000,0.526,
2026-07-27 04:00:00,Monday,4,0.130,0.440,0.000,0.000,0.000,0.000,0.570,
2026-07-27 05:00:00,Monday,5,0.088,0.494,0.000,0.000,0.000,0.000,0.582,
2026-07-27 06:00:00,Monday,6,0.097,0.590,0.000,0.122,0.000,0.000,0.809,
2026-07-27 07:00:00,Monday,7,0.090,0.592,0.000,0.240,0.000,0.000,0.922,
2026-07-27 08:00:00,Monday,8,0.088,0.696,0.000,0.442,0.000,0.000,1.226,
2026-07-27 09:00:00,Monday,9,0.106,0.461,0.000,0.000,0.106,0.000,0.673,
2026-07-27 10:00:00,Monday,10,0.101,0.374,0.000,0.000,0.084,0.000,0.559,
2026-07-27 11:00:00,Monday,11,0.107,0.350,0.000,0.000,0.066,0.000,0.523,
2026-07-27 12:00:00,Monday,12,0.118,0.277,0.000,0.000,0.098,0.000,0.493,
2026-07-27 13:00:00,Monday,13,0.092,0.317,0.000,0.459,0.110,0.000,0.978,
2026-07-27 14:00:00,Monday,14,0.114,0.198,0.000,0.000,0.086,0.000,0.398,
2026-07-27 15:00:00,Monday,15,0.121,0.198,0.000,0.000,0.066,0.000,0.385,
2026-07-27 16:00:00,Monday,16,0.099,0.177,0.000,0.000,0.107,0.000,0.383,
2026-07-27 17:00:00,Monday,17,0.090,0.221,0.000,0.000,0.174,0.000,0.485,
2026-07-27 18:00:00,Monday,18,0.126,0.304,0.000,0.893,0.175,0.000,1.498,
2026-07-27 19:00:00,Monday,19,0.102,0.306,0.000,0.000,0.206,0.928,1.542,zmywarka
2026-07-27 20:00:00,Monday,20,0.093,0.392,0.000,0.000,0.194,0.000,0.679,
2026-07-27 21:00:00,Monday,21,0.094,0.370,0.000,0.000,0.258,0.000,0.722,
2026-07-27 22:00:00,Monday,22,0.100,0.345,0.046,0.000,0.127,0.000,0.618,
2026-07-27 23:00:00,Monday,23,0.121,0.438,0.000,0.000,0.000,0.000,0.559,
2026-07-28 00:00:00,Tuesday,0,0.111,0.365,0.000,0.000,0.000,0.000,0.476,
2026-07-28 01:00:00,Tuesday,1,0.128,0.402,0.000,0.000,0.000,0.000,0.530,
2026-07-28 02:00:00,Tuesday,2,0.127,0.451,0.000,0.000,0.000,0.000,0.578,
2026-07-28 03:00:00,Tuesday,3,0.105,0.510,0.000,0.000,0.000,0.000,0.615,
2026-07-28 04:00:00,Tuesday,4,0.127,0.489,0.000,0.000,0.000,0.000,0.616,
2026-07-28 05:00:00,Tuesday,5,0.118,0.606,0.000,0.000,0.000,0.000,0.724,
2026-07-28 06:00:00,Tuesday,6,0.119,0.590,0.000,0.201,0.000,0.000,0.910,
2026-07-28 07:00:00,Tuesday,7,0.104,0.643,0.000,0.269,0.000,0.000,1.016,
2026-07-28 08:00:00,Tuesday,8,0.106,0.598,0.000,0.297,0.000,0.000,1.001,
2026-07-28 09:00:00,Tuesday,9,0.104,0.405,0.000,0.000,0.065,0.000,0.574,
2026-07-28 10:00:00,Tuesday,10,0.098,0.314,0.000,0.000,0.091,0.000,0.503,
2026-07-28 11:00:00,Tuesday,11,0.128,0.260,0.000,0.000,0.086,0.000,0.474,
2026-07-28 12:00:00,Tuesday,12,0.110,0.155,0.000,0.000,0.079,0.000,0.344,
2026-07-28 13:00:00,Tuesday,13,0.112,0.000,0.000,0.552,0.114,0.493,1.271,pralka
2026-07-28 14:00:00,Tuesday,14,0.098,0.000,0.000,0.000,0.142,1.757,1.997,suszarka
2026-07-28 15:00:00,Tuesday,15,0.118,0.000,0.000,0.000,0.140,0.000,0.258,
2026-07-28 16:00:00,Tuesday,16,0.124,0.000,0.000,0.000,0.125,0.000,0.249,
2026-07-28 17:00:00,Tuesday,17,0.097,0.000,0.000,0.000,0.275,0.000,0.372,
2026-07-28 18:00:00,Tuesday,18,0.089,0.000,0.000,0.526,0.123,0.000,0.738,
2026-07-28 19:00:00,Tuesday,19,0.125,0.000,0.000,0.000,0.159,0.000,0.284,
2026-07-28 20:00:00,Tuesday,20,0.089,0.000,0.000,0.000,0.246,0.000,0.335,
2026-07-28 21:00:00,Tuesday,21,0.121,0.000,0.184,0.000,0.194,0.000,0.499,
2026-07-28 22:00:00,Tuesday,22,0.128,0.000,0.057,0.000,0.208,0.000,0.393,
2026-07-28 23:00:00,Tuesday,23,0.091,0.000,0.000,0.000,0.000,0.000,0.091,
2026-07-29 00:00:00,Wednesday,0,0.132,0.000,0.000,0.000,0.000,0.000,0.132,
2026-07-29 01:00:00,Wednesday,1,0.120,0.000,0.000,0.000,0.000,0.000,0.120,
2026-07-29 02:00:00,Wednesday,2,0.142,0.000,0.000,0.000,0.000,0.000,0.142,
2026-07-29 03:00:00,Wednesday,3,0.116,0.000,0.000,0.000,0.000,0.000,0.116,
2026-07-29 04:00:00,Wednesday,4,0.142,0.000,0.000,0.000,0.000,0.000,0.142,
2026-07-29 05:00:00,Wednesday,5,0.134,0.000,0.000,0.000,0.000,0.000,0.134,
2026-07-29 06:00:00,Wednesday,6,0.098,0.254,0.000,0.292,0.000,0.000,0.644,
2026-07-29 07:00:00,Wednesday,7,0.105,0.240,0.000,0.324,0.000,0.000,0.669,
2026-07-29 08:00:00,Wednesday,8,0.126,0.000,0.000,0.278,0.000,0.000,0.404,
2026-07-29 09:00:00,Wednesday,9,0.118,0.000,0.000,0.000,0.082,0.000,0.200,
2026-07-29 10:00:00,Wednesday,10,0.127,0.000,0.000,0.000,0.100,0.000,0.227,
2026-07-29 11:00:00,Wednesday,11,0.103,0.000,0.000,0.000,0.119,0.000,0.222,
2026-07-29 12:00:00,Wednesday,12,0.094,0.000,0.000,0.441,0.111,0.000,0.646,
2026-07-29 13:00:00,Wednesday,13,0.105,0.000,0.000,0.000,0.094,0.000,0.199,
2026-07-29 14:00:00,Wednesday,14,0.097,0.000,0.000,0.000,0.186,0.000,0.283,
2026-07-29 15:00:00,Wednesday,15,0.090,0.000,0.000,0.000,0.156,0.000,0.246,
2026-07-29 16:00:00,Wednesday,16,0.120,0.000,0.000,0.000,0.126,0.000,0.246,
2026-07-29 17:00:00,Wednesday,17,0.097,0.000,0.000,0.798,0.126,0.000,1.021,
2026-07-29 18:00:00,Wednesday,18,0.122,0.000,0.000,0.000,0.146,0.000,0.268,
2026-07-29 19:00:00,Wednesday,19,0.101,0.000,0.000,0.000,0.262,0.737,1.100,zmywarka
2026-07-29 20:00:00,Wednesday,20,0.122,0.000,0.000,0.000,0.162,0.000,0.284,
2026-07-29 21:00:00,Wednesday,21,0.127,0.000,0.000,0.000,0.214,0.000,0.341,
2026-07-29 22:00:00,Wednesday,22,0.128,0.000,0.056,0.000,0.162,0.000,0.346,
2026-07-29 23:00:00,Wednesday,23,0.110,0.000,0.000,0.000,0.000,0.000,0.110,
2026-07-30 00:00:00,Thursday,0,0.123,0.000,0.000,0.000,0.000,0.000,0.123,
2026-07-30 01:00:00,Thursday,1,0.109,0.000,0.000,0.000,0.000,0.000,0.109,
2026-07-30 02:00:00,Thursday,2,0.102,0.000,0.000,0.000,0.000,0.000,0.102,
2026-07-30 03:00:00,Thursday,3,0.116,0.000,0.000,0.000,0.000,0.000,0.116,
2026-07-30 04:00:00,Thursday,4,0.125,0.000,0.000,0.000,0.000,0.000,0.125,
2026-07-30 05:00:00,Thursday,5,0.091,0.000,0.000,0.000,0.000,0.000,0.091,
2026-07-30 06:00:00,Thursday,6,0.089,0.000,0.000,0.490,0.000,0.000,0.579,
2026-07-30 07:00:00,Thursday,7,0.110,0.000,0.000,0.407,0.000,0.000,0.517,
2026-07-30 08:00:00,Thursday,8,0.098,0.000,0.000,0.247,0.000,0.000,0.345,
2026-07-30 09:00:00,Thursday,9,0.123,0.000,0.000,0.000,0.254,0.000,0.377,praca zdalna
2026-07-30 10:00:00,Thursday,10,0.117,0.000,0.000,0.000,0.242,0.000,0.359,praca zdalna
2026-07-30 11:00:00,Thursday,11,0.094,0.000,0.000,0.000,0.200,0.000,0.294,praca zdalna
2026-07-30 12:00:00,Thursday,12,0.099,0.000,0.000,0.686,0.166,0.000,0.951,praca zdalna
2026-07-30 13:00:00,Thursday,13,0.096,0.000,0.000,0.000,0.262,0.000,0.358,praca zdalna
2026-07-30 14:00:00,Thursday,14,0.091,0.000,0.000,0.000,0.195,0.000,0.286,praca zdalna
2026-07-30 15:00:00,Thursday,15,0.112,0.000,0.000,0.000,0.270,0.000,0.382,praca zdalna
2026-07-30 16:00:00,Thursday,16,0.106,0.000,0.000,0.000,0.152,0.000,0.258,praca zdalna
2026-07-30 17:00:00,Thursday,17,0.101,0.000,0.000,2.083,0.207,0.000,2.391,goście
2026-07-30 18:00:00,Thursday,18,0.108,0.000,0.000,0.000,0.244,0.000,0.352,goście
2026-07-30 19:00:00,Thursday,19,0.094,0.000,0.000,0.000,0.157,0.681,0.932,goście; zmywarka
2026-07-30 20:00:00,Thursday,20,0.120,0.000,0.000,0.000,0.139,0.000,0.259,goście
2026-07-30 21:00:00,Thursday,21,0.103,0.000,0.089,0.000,0.177,0.000,0.369,goście
2026-07-30 22:00:00,Thursday,22,0.102,0.000,0.113,0.000,0.143,0.000,0.358,
2026-07-30 23:00:00,Thursday,23,0.106,0.000,0.000,0.000,0.000,0.000,0.106,
2026-07-31 00:00:00,Friday,0,0.115,0.000,0.000,0.000,0.000,0.000,0.115,
2026-07-31 01:00:00,Friday,1,0.096,0.000,0.000,0.000,0.000,0.000,0.096,
2026-07-31 02:00:00,Friday,2,0.113,0.000,0.000,0.000,0.000,0.000,0.113,
2026-07-31 03:00:00,Friday,3,0.123,0.000,0.000,0.000,0.000,0.000,0.123,
2026-07-31 04:00:00,Friday,4,0.128,0.000,0.000,0.000,0.000,0.000,0.128,
2026-07-31 05:00:00,Friday,5,0.130,0.000,0.000,0.000,0.000,0.000,0.130,
2026-07-31 06:00:00,Friday,6,0.094,0.354,0.000,0.266,0.000,0.000,0.714,
2026-07-31 07:00:00,Friday,7,0.095,0.343,0.000,0.154,0.000,0.000,0.592,
2026-07-31 08:00:00,Friday,8,0.122,0.322,0.000,0.406,0.000,0.000,0.850,
2026-07-31 09:00:00,Friday,9,0.127,0.259,0.000,0.000,0.085,0.000,0.471,
2026-07-31 10:00:00,Friday,10,0.095,0.162,0.000,0.000,0.072,0.000,0.329,
2026-07-31 11:00:00,Friday,11,0.114,0.000,0.000,0.000,0.105,0.000,0.219,
2026-07-31 12:00:00,Friday,12,0.109,0.000,0.000,0.000,0.078,0.000,0.187,
2026-07-31 13:00:00,Friday,13,0.110,0.000,0.000,0.264,0.065,0.000,0.439,
2026-07-31 14:00:00,Friday,14,0.116,0.000,0.000,0.000,0.148,0.000,0.264,
2026-07-31 15:00:00,Friday,15,0.106,0.000,0.000,0.000,0.131,0.000,0.237,
2026-07-31 16:00:00,Friday,16,0.110,0.000,0.000,0.000,0.169,0.000,0.279,
2026-07-31 17:00:00,Friday,17,0.090,0.000,0.000,0.740,0.167,0.000,0.997,
2026-07-31 18:00:00,Friday,18,0.120,0.000,0.000,0.000,0.145,0.000,0.265,
2026-07-31 19:00:00,Friday,19,0.114,0.000,0.000,0.000,0.206,0.767,1.087,zmywarka
2026-07-31 20:00:00,Friday,20,0.113,0.000,0.000,0.000,0.240,0.000,0.353,
2026-07-31 21:00:00,Friday,21,0.117,0.170,0.000,0.000,0.183,0.000,0.470,
2026-07-31 22:00:00,Friday,22,0.098,0.000,0.056,0.000,0.191,0.000,0.345,
2026-07-31 23:00:00,Friday,23,0.102,0.237,0.000,0.000,0.000,0.000,0.339,
2026-08-01 00:00:00,Saturday,0,0.101,0.269,0.000,0.000,0.000,0.000,0.370,
2026-08-01 01:00:00,Saturday,1,0.120,0.218,0.000,0.000,0.000,0.000,0.338,
2026-08-01 02:00:00,Saturday,2,0.109,0.317,0.000,0.000,0.000,0.000,0.426,
2026-08-01 03:00:00,Saturday,3,0.112,0.304,0.000,0.000,0.000,0.000,0.416,
2026-08-01 04:00:00,Saturday,4,0.127,0.254,0.000,0.000,0.000,0.000,0.381,
2026-08-01 05:00:00,Saturday,5,0.114,0.302,0.000,0.000,0.000,0.000,0.416,
2026-08-01 06:00:00,Saturday,6,0.103,0.444,0.000,0.360,0.000,0.000,0.907,
2026-08-01 07:00:00,Saturday,7,0.114,0.421,0.000,0.348,0.000,0.000,0.883,
2026-08-01 08:00:00,Saturday,8,0.090,0.345,0.000,0.269,0.000,0.000,0.704,
2026-08-01 09:00:00,Saturday,9,0.097,0.370,0.000,0.000,0.144,0.000,0.611,
2026-08-01 10:00:00,Saturday,10,0.102,0.286,0.000,0.000,0.080,0.000,0.468,
2026-08-01 11:00:00,Saturday,11,0.125,0.217,0.000,0.000,0.182,0.791,1.315,pralka
2026-08-01 12:00:00,Saturday,12,0.103,0.000,0.000,0.000,0.138,1.746,1.987,suszarka
2026-08-01 13:00:00,Saturday,13,0.098,0.000,0.000,0.314,0.125,0.000,0.537,
2026-08-01 14:00:00,Saturday,14,0.114,0.000,0.000,0.000,0.186,0.854,1.154,zmywarka
2026-08-01 15:00:00,Saturday,15,0.098,0.000,0.000,0.000,0.117,0.000,0.215,
2026-08-01 16:00:00,Saturday,16,0.122,0.000,0.000,0.000,0.134,0.000,0.256,
2026-08-01 17:00:00,Saturday,17,0.099,0.000,0.000,0.000,0.147,0.000,0.246,
2026-08-01 18:00:00,Saturday,18,0.110,0.000,0.000,0.802,0.256,0.000,1.168,
2026-08-01 19:00:00,Saturday,19,0.113,0.000,0.000,0.000,0.150,0.000,0.263,
2026-08-01 20:00:00,Saturday,20,0.101,0.000,0.000,0.000,0.147,0.000,0.248,
2026-08-01 21:00:00,Saturday,21,0.096,0.221,0.117,0.000,0.210,0.000,0.644,
2026-08-01 22:00:00,Saturday,22,0.092,0.000,0.061,0.000,0.186,0.000,0.339,
2026-08-01 23:00:00,Saturday,23,0.102,0.156,0.000,0.000,0.000,0.000,0.258,
2026-08-02 00:00:00,Sunday,0,0.102,0.254,0.000,0.000,0.000,0.000,0.356,
2026-08-02 01:00:00,Sunday,1,0.134,0.267,0.000,0.000,0.000,0.000,0.401,
2026-08-02 02:00:00,Sunday,2,0.092,0.372,0.000,0.000,0.000,0.000,0.464,
2026-08-02 03:00:00,Sunday,3,0.141,0.374,0.000,0.000,0.000,0.000,0.515,
2026-08-02 04:00:00,Sunday,4,0.112,0.404,0.000,0.000,0.000,0.000,0.516,
2026-08-02 05:00:00,Sunday,5,0.095,0.447,0.000,0.000,0.000,0.000,0.542,
2026-08-02 06:00:00,Sunday,6,0.108,0.541,0.000,0.261,0.000,0.000,0.910,
2026-08-02 07:00:00,Sunday,7,0.117,0.478,0.000,0.166,0.000,0.000,0.761,
2026-08-02 08:00:00,Sunday,8,0.088,0.386,0.000,0.395,0.000,0.000,0.869,
2026-08-02 09:00:00,Sunday,9,0.104,0.374,0.000,0.000,0.123,0.000,0.601,
2026-08-02 10:00:00,Sunday,10,0.110,0.234,0.000,0.000,0.180,0.000,0.524,
2026-08-02 11:00:00,Sunday,11,0.110,0.000,0.000,0.000,0.161,0.000,0.271,
2026-08-02 12:00:00,Sunday,12,0.102,0.000,0.000,0.000,0.155,0.000,0.257,
2026-08-02 13:00:00,Sunday,13,0.096,0.000,0.000,0.550,0.149,0.000,0.795,
2026-08-02 14:00:00,Sunday,14,0.124,0.000,0.000,0.000,0.157,0.000,0.281,
2026-08-02 15:00:00,Sunday,15,0.123,0.000,0.000,0.000,0.069,0.000,0.192,
2026-08-02 16:00:00,Sunday,16,0.113,0.000,0.000,0.000,0.165,0.000,0.278,
2026-08-02 17:00:00,Sunday,17,0.118,0.000,0.000,0.000,0.174,0.000,0.292,
2026-08-02 18:00:00,Sunday,18,0.090,0.000,0.000,1.210,0.138,0.000,1.438,
2026-08-02 19:00:00,Sunday,19,0.122,0.000,0.000,0.000,0.161,0.000,0.283,
2026-08-02 20:00:00,Sunday,20,0.110,0.000,0.238,0.000,0.229,0.000,0.577,
2026-08-02 21:00:00,Sunday,21,0.106,0.000,0.124,0.000,0.239,0.000,0.469,
2026-08-02 22:00:00,Sunday,22,0.104,0.000,0.051,0.000,0.186,0.000,0.341,
2026-08-02 23:00:00,Sunday,23,0.136,0.000,0.000,0.000,0.000,0.000,0.136,
2026-08-03 00:00:00,Monday,0,0.117,0.000,0.000,0.000,0.000,0.000,0.117,
2026-08-03 01:00:00,Monday,1,0.110,0.000,0.000,0.000,0.000,0.000,0.110,
2026-08-03 02:00:00,Monday,2,0.095,0.265,0.000,0.000,0.000,0.000,0.360,
2026-08-03 03:00:00,Monday,3,0.142,0.368,0.000,0.000,0.000,0.000,0.510,
2026-08-03 04:00:00,Monday,4,0.146,0.396,0.000,0.000,0.000,0.000,0.542,
2026-08-03 05:00:00,Monday,5,0.092,0.499,0.000,0.000,0.000,0.000,0.591,
2026-08-03 06:00:00,Monday,6,0.105,0.521,0.000,0.470,0.000,0.000,1.096,
2026-08-03 07:00:00,Monday,7,0.117,0.400,0.000,0.328,0.000,0.000,0.845,
2026-08-03 08:00:00,Monday,8,0.094,0.214,0.000,0.384,0.000,0.000,0.692,
2026-08-03 09:00:00,Monday,9,0.102,0.178,0.000,0.000,0.114,0.000,0.394,
2026-08-03 10:00:00,Monday,10,0.119,0.000,0.000,0.000,0.066,0.520,0.705,pralka
2026-08-03 11:00:00,Monday,11,0.106,0.000,0.000,0.000,0.072,1.938,2.116,suszarka
2026-08-03 12:00:00,Monday,12,0.125,0.000,0.000,0.000,0.069,0.000,0.194,
2026-08-03 13:00:00,Monday,13,0.090,0.000,0.000,0.680,0.097,0.000,0.867,
2026-08-03 14:00:00,Monday,14,0.097,0.000,0.000,0.000,0.096,0.000,0.193,
2026-08-03 15:00:00,Monday,15,0.123,0.000,0.000,0.000,0.166,0.000,0.289,
2026-08-03 16:00:00,Monday,16,0.119,0.000,0.000,0.000,0.144,0.000,0.263,
2026-08-03 17:00:00,Monday,17,0.107,0.000,0.000,0.000,0.122,0.000,0.229,
2026-08-03 18:00:00,Monday,18,0.119,0.000,0.000,0.813,0.274,0.000,1.206,
2026-08-03 19:00:00,Monday,19,0.101,0.000,0.000,0.000,0.140,0.852,1.093,zmywarka
2026-08-03 20:00:00,Monday,20,0.124,0.000,0.000,0.000,0.232,0.000,0.356,
2026-08-03 21:00:00,Monday,21,0.122,0.000,0.134,0.000,0.213,0.000,0.469,
2026-08-03 22:00:00,Monday,22,0.114,0.000,0.117,0.000,0.198,0.000,0.429,
2026-08-03 23:00:00,Monday,23,0.126,0.000,0.000,0.000,0.000,0.000,0.126,
2026-08-04 00:00:00,Tuesday,0,0.114,0.000,0.000,0.000,0.000,0.000,0.114,
2026-08-04 01:00:00,Tuesday,1,0.093,0.000,0.000,0.000,0.000,0.000,0.093,
2026-08-04 02:00:00,Tuesday,2,0.112,0.236,0.000,0.000,0.000,0.000,0.348,
2026-08-04 03:00:00,Tuesday,3,0.091,0.227,0.000,0.000,0.000,0.000,0.318,
2026-08-04 04:00:00,Tuesday,4,0.112,0.214,0.000,0.000,0.000,0.000,0.326,
2026-08-04 05:00:00,Tuesday,5,0.127,0.260,0.000,0.000,0.000,0.000,0.387,
2026-08-04 06:00:00,Tuesday,6,0.118,0.363,0.000,0.140,0.000,0.000,0.621,
2026-08-04 07:00:00,Tuesday,7,0.098,0.336,0.000,0.429,0.000,0.000,0.863,
2026-08-04 08:00:00,Tuesday,8,0.119,0.261,0.000,0.419,0.000,0.000,0.799,
2026-08-04 09:00:00,Tuesday,9,0.117,0.000,0.000,0.000,0.091,0.000,0.208,
2026-08-04 10:00:00,Tuesday,10,0.107,0.000,0.000,0.000,0.068,0.000,0.175,
2026-08-04 11:00:00,Tuesday,11,0.093,0.000,0.000,0.000,0.112,0.649,0.854,pralka
2026-08-04 12:00:00,Tuesday,12,0.110,0.000,0.000,0.000,0.066,0.000,0.176,
2026-08-04 13:00:00,Tuesday,13,0.117,0.000,0.000,0.261,0.093,0.000,0.471,
2026-08-04 14:00:00,Tuesday,14,0.111,0.000,0.000,0.000,0.186,0.000,0.297,
2026-08-04 15:00:00,Tuesday,15,0.108,0.000,0.000,0.000,0.154,0.000,0.262,
2026-08-04 16:00:00,Tuesday,16,0.101,0.000,0.000,0.000,0.174,0.000,0.275,
2026-08-04 17:00:00,Tuesday,17,0.106,0.000,0.000,1.476,0.154,0.000,1.736,
2026-08-04 18:00:00,Tuesday,18,0.100,0.000,0.000,0.000,0.182,0.000,0.282,
2026-08-04 19:00:00,Tuesday,19,0.102,0.000,0.000,0.000,0.267,0.000,0.369,
2026-08-04 20:00:00,Tuesday,20,0.101,0.000,0.000,0.000,0.242,0.910,1.253,zmywarka
2026-08-04 21:00:00,Tuesday,21,0.114,0.000,0.169,0.000,0.225,0.000,0.508,
2026-08-04 22:00:00,Tuesday,22,0.090,0.000,0.049,0.000,0.219,0.000,0.358,
2026-08-04 23:00:00,Tuesday,23,0.114,0.000,0.000,0.000,0.000,0.000,0.114,
2026-08-05 00:00:00,Wednesday,0,0.116,0.000,0.000,0.000,0.000,0.000,0.116,
2026-08-05 01:00:00,Wednesday,1,0.112,0.000,0.000,0.000,0.000,0.000,0.112,
2026-08-05 02:00:00,Wednesday,2,0.110,0.000,0.000,0.000,0.000,0.000,0.110,
2026-08-05 03:00:00,Wednesday,3,0.118,0.000,0.000,0.000,0.000,0.000,0.118,
2026-08-05 04:00:00,Wednesday,4,0.094,0.000,0.000,0.000,0.000,0.000,0.094,
2026-08-05 05:00:00,Wednesday,5,0.122,0.000,0.000,0.000,0.000,0.000,0.122,
2026-08-05 06:00:00,Wednesday,6,0.108,0.192,0.000,0.421,0.000,0.000,0.721,
2026-08-05 07:00:00,Wednesday,7,0.115,0.000,0.000,0.236,0.000,0.000,0.351,
2026-08-05 08:00:00,Wednesday,8,0.116,0.218,0.000,0.308,0.000,0.000,0.642,
2026-08-05 09:00:00,Wednesday,9,0.089,0.164,0.000,0.000,0.096,0.000,0.349,
2026-08-05 10:00:00,Wednesday,10,0.093,0.000,0.000,0.000,0.071,0.000,0.164,
2026-08-05 11:00:00,Wednesday,11,0.110,0.000,0.000,0.000,0.084,0.000,0.194,
2026-08-05 12:00:00,Wednesday,12,0.111,0.000,0.000,0.000,0.094,0.000,0.205,
2026-08-05 13:00:00,Wednesday,13,0.109,0.000,0.000,0.466,0.106,0.000,0.681,
2026-08-05 14:00:00,Wednesday,14,0.097,0.000,0.000,0.000,0.090,0.000,0.187,
2026-08-05 15:00:00,Wednesday,15,0.095,0.000,0.000,0.000,0.116,0.000,0.211,
2026-08-05 16:00:00,Wednesday,16,0.103,0.000,0.000,0.000,0.098,0.000,0.201,
2026-08-05 17:00:00,Wednesday,17,0.089,0.000,0.000,0.000,0.214,0.000,0.303,
2026-08-05 18:00:00,Wednesday,18,0.091,0.000,0.000,0.504,0.209,0.000,0.804,
2026-08-05 19:00:00,Wednesday,19,0.090,0.000,0.000,0.000,0.146,0.000,0.236,
2026-08-05 20:00:00,Wednesday,20,0.105,0.000,0.000,0.000,0.226,0.647,0.978,zmywarka
2026-08-05 21:00:00,Wednesday,21,0.096,0.000,0.173,0.000,0.175,0.000,0.444,
2026-08-05 22:00:00,Wednesday,22,0.126,0.000,0.046,0.000,0.278,0.000,0.450,
2026-08-05 23:00:00,Wednesday,23,0.098,0.000,0.000,0.000,0.000,0.000,0.098,
2026-08-06 00:00:00,Thursday,0,0.098,0.000,0.000,0.000,0.000,0.000,0.098,
2026-08-06 01:00:00,Thursday,1,0.126,0.000,0.000,0.000,0.000,0.000,0.126,
2026-08-06 02:00:00,Thursday,2,0.098,0.000,0.000,0.000,0.000,0.000,0.098,
2026-08-06 03:00:00,Thursday,3,0.118,0.000,0.000,0.000,0.000,0.000,0.118,
2026-08-06 04:00:00,Thursday,4,0.138,0.000,0.000,0.000,0.000,0.000,0.138,
2026-08-06 05:00:00,Thursday,5,0.136,0.000,0.000,0.000,0.000,0.000,0.136,
2026-08-06 06:00:00,Thursday,6,0.123,0.177,0.000,0.398,0.000,0.000,0.698,
2026-08-06 07:00:00,Thursday,7,0.126,0.206,0.000,0.134,0.000,0.000,0.466,
2026-08-06 08:00:00,Thursday,8,0.099,0.000,0.000,0.291,0.000,0.000,0.390,
2026-08-06 09:00:00,Thursday,9,0.096,0.000,0.000,0.000,0.107,0.000,0.203,
2026-08-06 10:00:00,Thursday,10,0.121,0.000,0.000,0.000,0.114,0.000,0.235,
2026-08-06 11:00:00,Thursday,11,0.111,0.000,0.000,0.000,0.072,0.000,0.183,
2026-08-06 12:00:00,Thursday,12,0.108,0.000,0.000,0.000,0.084,0.000,0.192,
2026-08-06 13:00:00,Thursday,13,0.114,0.000,0.000,0.368,0.079,0.000,0.561,
2026-08-06 14:00:00,Thursday,14,0.103,0.000,0.000,0.000,0.198,0.000,0.301,
2026-08-06 15:00:00,Thursday,15,0.110,0.000,0.000,0.000,0.171,0.000,0.281,
2026-08-06 16:00:00,Thursday,16,0.111,0.000,0.000,0.000,0.066,0.000,0.177,
2026-08-06 17:00:00,Thursday,17,0.122,0.000,0.000,0.499,0.174,0.000,0.795,
2026-08-06 18:00:00,Thursday,18,0.090,0.000,0.000,0.000,0.120,0.000,0.210,
2026-08-06 19:00:00,Thursday,19,0.089,0.000,0.000,0.000,0.263,0.785,1.137,zmywarka
2026-08-06 20:00:00,Thursday,20,0.106,0.000,0.000,0.000,0.257,0.000,0.363,
2026-08-06 21:00:00,Thursday,21,0.115,0.258,0.185,0.000,0.244,0.000,0.802,
2026-08-06 22:00:00,Thursday,22,0.122,0.166,0.106,0.000,0.133,0.000,0.527,
2026-08-06 23:00:00,Thursday,23,0.119,0.236,0.000,0.000,0.000,0.000,0.355,
2026-08-07 00:00:00,Friday,0,0.126,0.246,0.000,0.000,0.000,0.000,0.372,
2026-08-07 01:00:00,Friday,1,0.112,0.308,0.000,0.000,0.000,0.000,0.420,
2026-08-07 02:00:00,Friday,2,0.094,0.356,0.000,0.000,0.000,0.000,0.450,
2026-08-07 03:00:00,Friday,3,0.092,0.362,0.000,0.000,0.000,0.000,0.454,
2026-08-07 04:00:00,Friday,4,0.125,0.350,0.000,0.000,0.000,0.000,0.475,
2026-08-07 05:00:00,Friday,5,0.105,0.430,0.000,0.000,0.000,0.000,0.535,
2026-08-07 06:00:00,Friday,6,0.114,0.478,0.000,0.214,0.000,0.000,0.806,
2026-08-07 07:00:00,Friday,7,0.117,0.542,0.000,0.238,0.000,0.000,0.897,
2026-08-07 08:00:00,Friday,8,0.113,0.418,0.000,0.421,0.000,0.000,0.952,
2026-08-07 09:00:00,Friday,9,0.091,0.398,0.000,0.000,0.078,0.000,0.567,
2026-08-07 10:00:00,Friday,10,0.106,0.328,0.000,0.000,0.092,0.000,0.526,
2026-08-07 11:00:00,Friday,11,0.090,0.346,0.000,0.000,0.111,0.000,0.547,
2026-08-07 12:00:00,Friday,12,0.102,0.275,0.000,0.411,0.094,0.000,0.882,
2026-08-07 13:00:00,Friday,13,0.123,0.326,0.000,0.000,0.096,0.000,0.545,
2026-08-07 14:00:00,Friday,14,0.110,0.310,0.000,0.000,0.095,0.000,0.515,
2026-08-07 15:00:00,Friday,15,0.090,0.218,0.000,0.000,0.118,0.000,0.426,
2026-08-07 16:00:00,Friday,16,0.109,0.185,0.000,0.000,0.090,0.000,0.384,
2026-08-07 17:00:00,Friday,17,0.117,0.211,0.000,0.000,0.165,0.000,0.493,
2026-08-07 18:00:00,Friday,18,0.121,0.188,0.000,1.211,0.145,0.000,1.665,
2026-08-07 19:00:00,Friday,19,0.121,0.214,0.000,0.000,0.236,0.763,1.334,zmywarka
2026-08-07 20:00:00,Friday,20,0.126,0.320,0.000,0.000,0.180,0.000,0.626,
2026-08-07 21:00:00,Friday,21,0.106,0.338,0.196,0.000,0.178,0.000,0.818,
2026-08-07 22:00:00,Friday,22,0.090,0.248,0.077,0.000,0.220,0.000,0.635,
2026-08-07 23:00:00,Friday,23,0.116,0.282,0.000,0.000,0.000,0.000,0.398,
2026-08-08 00:00:00,Saturday,0,0.093,0.357,0.000,0.000,0.000,0.000,0.450,
2026-08-08 01:00:00,Saturday,1,0.129,0.299,0.000,0.000,0.000,0.000,0.428,
2026-08-08 02:00:00,Saturday,2,0.105,0.528,0.000,0.000,0.000,0.000,0.633,
2026-08-08 03:00:00,Saturday,3,0.104,0.427,0.000,0.000,0.000,0.000,0.531,
2026-08-08 04:00:00,Saturday,4,0.138,0.446,0.000,0.000,0.000,0.000,0.584,
2026-08-08 05:00:00,Saturday,5,0.146,0.461,0.000,0.000,0.000,0.000,0.607,
2026-08-08 06:00:00,Saturday,6,0.118,0.542,0.000,0.385,0.000,0.000,1.045,
2026-08-08 07:00:00,Saturday,7,0.106,0.592,0.000,0.332,0.000,0.000,1.030,
2026-08-08 08:00:00,Saturday,8,0.104,0.489,0.000,0.342,0.000,0.000,0.935,
2026-08-08 09:00:00,Saturday,9,0.091,0.393,0.000,0.000,0.053,0.000,0.537,
2026-08-08 10:00:00,Saturday,10,0.104,0.270,0.000,0.000,0.097,0.000,0.471,
2026-08-08 11:00:00,Saturday,11,0.121,0.000,0.000,0.000,0.102,0.622,0.845,pralka
2026-08-08 12:00:00,Saturday,12,0.120,0.000,0.000,0.310,0.070,0.000,0.500,
2026-08-08 13:00:00,Saturday,13,0.116,0.000,0.000,0.000,0.138,0.896,1.150,zmywarka
2026-08-08 14:00:00,Saturday,14,0.118,0.000,0.000,0.000,0.126,0.000,0.244,
2026-08-08 15:00:00,Saturday,15,0.114,0.000,0.000,0.000,0.162,0.000,0.276,
2026-08-08 16:00:00,Saturday,16,0.117,0.000,0.000,0.000,0.074,0.000,0.191,
2026-08-08 17:00:00,Saturday,17,0.113,0.000,0.000,0.522,0.139,0.000,0.774,
2026-08-08 18:00:00,Saturday,18,0.091,0.000,0.000,0.000,0.265,0.000,0.356,
2026-08-08 19:00:00,Saturday,19,0.115,0.000,0.000,0.000,0.225,0.000,0.340,
2026-08-08 20:00:00,Saturday,20,0.094,0.000,0.116,0.000,0.172,0.000,0.382,
2026-08-08 21:00:00,Saturday,21,0.120,0.000,0.098,0.000,0.212,0.000,0.430,
2026-08-08 22:00:00,Saturday,22,0.124,0.000,0.079,0.000,0.179,0.000,0.382,
2026-08-08 23:00:00,Saturday,23,0.122,0.000,0.000,0.000,0.000,0.000,0.122,
2026-08-09 00:00:00,Sunday,0,0.122,0.000,0.000,0.000,0.000,0.000,0.122,
2026-08-09 01:00:00,Sunday,1,0.115,0.000,0.000,0.000,0.000,0.000,0.115,
2026-08-09 02:00:00,Sunday,2,0.142,0.244,0.000,0.000,0.000,0.000,0.386,
2026-08-09 03:00:00,Sunday,3,0.116,0.163,0.000,0.000,0.000,0.000,0.279,
2026-08-09 04:00:00,Sunday,4,0.104,0.000,0.000,0.000,0.000,0.000,0.104,
2026-08-09 05:00:00,Sunday,5,0.111,0.000,0.000,0.000,0.000,0.000,0.111,
2026-08-09 06:00:00,Sunday,6,0.096,0.318,0.000,0.414,0.000,0.000,0.828,
2026-08-09 07:00:00,Sunday,7,0.092,0.235,0.000,0.358,0.000,0.000,0.685,
2026-08-09 08:00:00,Sunday,8,0.119,0.201,0.000,0.327,0.000,0.000,0.647,
2026-08-09 09:00:00,Sunday,9,0.126,0.153,0.000,0.000,0.126,0.000,0.405,
2026-08-09 10:00:00,Sunday,10,0.118,0.000,0.000,0.000,0.093,0.000,0.211,
2026-08-09 11:00:00,Sunday,11,0.125,0.000,0.000,0.000,0.085,0.000,0.210,
2026-08-09 12:00:00,Sunday,12,0.098,0.000,0.000,0.502,0.113,0.000,0.713,
2026-08-09 13:00:00,Sunday,13,0.114,0.000,0.000,0.000,0.143,0.000,0.257,
2026-08-09 14:00:00,Sunday,14,0.123,0.000,0.000,0.000,0.194,0.910,1.227,zmywarka
2026-08-09 15:00:00,Sunday,15,0.110,0.000,0.000,0.000,0.178,0.000,0.288,
2026-08-09 16:00:00,Sunday,16,0.093,0.000,0.000,0.000,0.079,0.000,0.172,
2026-08-09 17:00:00,Sunday,17,0.107,0.000,0.000,0.000,0.269,0.000,0.376,
2026-08-09 18:00:00,Sunday,18,0.096,0.000,0.000,0.632,0.272,0.000,1.000,
2026-08-09 19:00:00,Sunday,19,0.107,0.000,0.000,0.000,0.171,0.000,0.278,
2026-08-09 20:00:00,Sunday,20,0.093,0.000,0.000,0.000,0.246,0.000,0.339,
2026-08-09 21:00:00,Sunday,21,0.111,0.000,0.140,0.000,0.277,0.000,0.528,
2026-08-09 22:00:00,Sunday,22,0.106,0.000,0.053,0.000,0.202,0.000,0.361,
2026-08-09 23:00:00,Sunday,23,0.107,0.000,0.000,0.000,0.000,0.000,0.107,
2026-08-10 00:00:00,Monday,0,0.130,0.000,0.000,0.000,0.000,0.000,0.130,
2026-08-10 01:00:00,Monday,1,0.112,0.000,0.000,0.000,0.000,0.000,0.112,
2026-08-10 02:00:00,Monday,2,0.125,0.000,0.000,0.000,0.000,0.000,0.125,
2026-08-10 03:00:00,Monday,3,0.113,0.000,0.000,0.000,0.000,0.000,0.113,
2026-08-10 04:00:00,Monday,4,0.098,0.177,0.000,0.000,0.000,0.000,0.275,
2026-08-10 05:00:00,Monday,5,0.118,0.000,0.000,0.000,0.000,0.000,0.118,
2026-08-10 06:00:00,Monday,6,0.090,0.239,0.000,0.230,0.000,0.000,0.559,
2026-08-10 07:00:00,Monday,7,0.097,0.211,0.000,0.316,0.000,0.000,0.624,
2026-08-10 08:00:00,Monday,8,0.114,0.317,0.000,0.384,0.000,0.000,0.815,
2026-08-10 09:00:00,Monday,9,0.127,0.316,0.000,0.000,0.107,0.000,0.550,
2026-08-10 10:00:00,Monday,10,0.125,0.338,0.000,0.000,0.073,0.000,0.536,
2026-08-10 11:00:00,Monday,11,0.102,0.323,0.000,0.000,0.083,0.000,0.508,
2026-08-10 12:00:00,Monday,12,0.123,0.360,0.000,0.000,0.118,0.000,0.601,
2026-08-10 13:00:00,Monday,13,0.102,0.324,0.000,0.281,0.078,0.000,0.785,
2026-08-10 14:00:00,Monday,14,0.091,0.156,0.000,0.000,0.090,0.000,0.337,
2026-08-10 15:00:00,Monday,15,0.106,0.000,0.000,0.000,0.134,0.000,0.240,
2026-08-10 16:00:00,Monday,16,0.116,0.000,0.000,0.000,0.170,0.000,0.286,
2026-08-10 17:00:00,Monday,17,0.115,0.000,0.000,0.000,0.252,0.000,0.367,
2026-08-10 18:00:00,Monday,18,0.102,0.000,0.000,0.704,0.260,0.000,1.066,
2026-08-10 19:00:00,Monday,19,0.126,0.000,0.000,0.000,0.211,0.874,1.211,zmywarka
2026-08-10 20:00:00,Monday,20,0.119,0.230,0.000,0.000,0.216,0.000,0.565,
2026-08-10 21:00:00,Monday,21,0.102,0.330,0.218,0.000,0.210,0.000,0.860,
2026-08-10 22:00:00,Monday,22,0.091,0.246,0.079,0.000,0.174,0.000,0.590,
2026-08-10 23:00:00,Monday,23,0.112,0.321,0.000,0.000,0.000,0.000,0.433,
2026-08-11 00:00:00,Tuesday,0,0.108,0.418,0.000,0.000,0.000,0.000,0.526,
2026-08-11 01:00:00,Tuesday,1,0.110,0.437,0.000,0.000,0.000,0.000,0.547,
2026-08-11 02:00:00,Tuesday,2,0.098,0.530,0.000,0.000,0.000,0.000,0.628,
2026-08-11 03:00:00,Tuesday,3,0.103,0.488,0.000,0.000,0.000,0.000,0.591,
2026-08-11 04:00:00,Tuesday,4,0.093,0.457,0.000,0.000,0.000,0.000,0.550,
2026-08-11 05:00:00,Tuesday,5,0.088,0.576,0.000,0.000,0.000,0.000,0.664,
2026-08-11 06:00:00,Tuesday,6,0.101,0.734,0.000,0.292,0.000,0.000,1.127,
2026-08-11 07:00:00,Tuesday,7,0.116,0.645,0.000,0.444,0.000,0.000,1.205,
2026-08-11 08:00:00,Tuesday,8,0.107,0.573,0.000,0.256,0.000,0.000,0.936,
2026-08-11 09:00:00,Tuesday,9,0.120,0.435,0.000,0.000,0.118,0.000,0.673,
2026-08-11 10:00:00,Tuesday,10,0.120,0.370,0.000,0.000,0.078,0.000,0.568,
2026-08-11 11:00:00,Tuesday,11,0.099,0.275,0.000,0.000,0.078,0.000,0.452,
2026-08-11 12:00:00,Tuesday,12,0.094,0.224,0.000,0.000,0.098,0.000,0.416,
2026-08-11 13:00:00,Tuesday,13,0.126,0.218,0.000,0.291,0.110,0.000,0.745,
2026-08-11 14:00:00,Tuesday,14,0.115,0.000,0.000,0.000,0.174,0.000,0.289,
2026-08-11 15:00:00,Tuesday,15,0.118,0.000,0.000,0.000,0.093,0.000,0.211,
2026-08-11 16:00:00,Tuesday,16,0.096,0.000,0.000,0.000,0.092,0.000,0.188,
2026-08-11 17:00:00,Tuesday,17,0.113,0.000,0.000,1.033,0.121,0.000,1.267,
2026-08-11 18:00:00,Tuesday,18,0.096,0.000,0.000,0.000,0.183,0.000,0.279,
2026-08-11 19:00:00,Tuesday,19,0.101,0.211,0.000,0.000,0.224,0.000,0.536,
2026-08-11 20:00:00,Tuesday,20,0.098,0.319,0.000,0.000,0.170,0.941,1.528,zmywarka
2026-08-11 21:00:00,Tuesday,21,0.110,0.314,0.144,0.000,0.218,0.000,0.786,
2026-08-11 22:00:00,Tuesday,22,0.122,0.319,0.114,0.000,0.211,0.000,0.766,
2026-08-11 23:00:00,Tuesday,23,0.092,0.326,0.000,0.000,0.000,0.000,0.418,
2026-08-12 00:00:00,Wednesday,0,0.122,0.438,0.000,0.000,0.000,0.000,0.560,
2026-08-12 01:00:00,Wednesday,1,0.094,0.458,0.000,0.000,0.000,0.000,0.552,
2026-08-12 02:00:00,Wednesday,2,0.097,0.591,0.000,0.000,0.000,0.000,0.688,
2026-08-12 03:00:00,Wednesday,3,0.118,0.596,0.000,0.000,0.000,0.000,0.714,
2026-08-12 04:00:00,Wednesday,4,0.102,0.642,0.000,0.000,0.000,0.000,0.744,
2026-08-12 05:00:00,Wednesday,5,0.119,0.563,0.000,0.000,0.000,0.000,0.682,
2026-08-12 06:00:00,Wednesday,6,0.119,0.807,0.000,0.318,0.000,0.000,1.244,
2026-08-12 07:00:00,Wednesday,7,0.109,0.712,0.000,0.241,0.000,0.000,1.062,
2026-08-12 08:00:00,Wednesday,8,0.102,0.591,0.000,0.228,0.000,0.000,0.921,
2026-08-12 09:00:00,Wednesday,9,0.092,0.535,0.000,0.000,0.210,0.000,0.837,praca zdalna
2026-08-12 10:00:00,Wednesday,10,0.101,0.389,0.000,0.000,0.216,0.000,0.706,praca zdalna
2026-08-12 11:00:00,Wednesday,11,0.102,0.389,0.000,0.000,0.192,0.000,0.683,praca zdalna
2026-08-12 12:00:00,Wednesday,12,0.119,0.297,0.000,0.286,0.174,0.000,0.876,praca zdalna
2026-08-12 13:00:00,Wednesday,13,0.094,0.210,0.000,0.000,0.246,0.000,0.550,praca zdalna
2026-08-12 14:00:00,Wednesday,14,0.096,0.000,0.000,0.000,0.223,0.000,0.319,praca zdalna
2026-08-12 15:00:00,Wednesday,15,0.092,0.000,0.000,0.000,0.297,0.000,0.389,praca zdalna
2026-08-12 16:00:00,Wednesday,16,0.128,0.000,0.000,0.000,0.316,0.000,0.444,praca zdalna
2026-08-12 17:00:00,Wednesday,17,0.120,0.184,0.000,0.000,0.229,0.000,0.533,
2026-08-12 18:00:00,Wednesday,18,0.104,0.180,0.000,0.606,0.193,0.000,1.083,
2026-08-12 19:00:00,Wednesday,19,0.110,0.214,0.000,0.000,0.148,0.754,1.226,zmywarka
2026-08-12 20:00:00,Wednesday,20,0.095,0.235,0.000,0.000,0.275,0.000,0.605,
2026-08-12 21:00:00,Wednesday,21,0.090,0.273,0.211,0.000,0.124,0.000,0.698,
2026-08-12 22:00:00,Wednesday,22,0.094,0.252,0.050,0.000,0.139,0.000,0.535,
2026-08-12 23:00:00,Wednesday,23,0.110,0.206,0.000,0.000,0.000,0.000,0.316,
2026-08-13 00:00:00,Thursday,0,0.117,0.206,0.000,0.000,0.000,0.000,0.323,
2026-08-13 01:00:00,Thursday,1,0.119,0.288,0.000,0.000,0.000,0.000,0.407,
2026-08-13 02:00:00,Thursday,2,0.115,0.341,0.000,0.000,0.000,0.000,0.456,
2026-08-13 03:00:00,Thursday,3,0.112,0.379,0.000,0.000,0.000,0.000,0.491,
2026-08-13 04:00:00,Thursday,4,0.114,0.330,0.000,0.000,0.000,0.000,0.444,
2026-08-13 05:00:00,Thursday,5,0.103,0.485,0.000,0.000,0.000,0.000,0.588,
2026-08-13 06:00:00,Thursday,6,0.095,0.510,0.000,0.239,0.000,0.000,0.844,
2026-08-13 07:00:00,Thursday,7,0.102,0.402,0.000,0.295,0.000,0.000,0.799,
2026-08-13 08:00:00,Thursday,8,0.122,0.278,0.000,0.222,0.000,0.000,0.622,
2026-08-13 09:00:00,Thursday,9,0.123,0.211,0.000,0.000,0.120,0.000,0.454,
2026-08-13 10:00:00,Thursday,10,0.095,0.198,0.000,0.000,0.066,0.000,0.359,
2026-08-13 11:00:00,Thursday,11,0.122,0.197,0.000,0.000,0.070,0.000,0.389,
2026-08-13 12:00:00,Thursday,12,0.114,0.000,0.000,0.694,0.118,0.000,0.926,
2026-08-13 13:00:00,Thursday,13,0.106,0.000,0.000,0.000,0.113,0.000,0.219,
2026-08-13 14:00:00,Thursday,14,0.098,0.000,0.000,0.000,0.102,0.000,0.200,
2026-08-13 15:00:00,Thursday,15,0.113,0.000,0.000,0.000,0.170,0.000,0.283,
2026-08-13 16:00:00,Thursday,16,0.094,0.000,0.000,0.000,0.121,0.000,0.215,
2026-08-13 17:00:00,Thursday,17,0.110,0.000,0.000,0.602,0.179,0.000,0.891,
2026-08-13 18:00:00,Thursday,18,0.101,0.000,0.000,0.000,0.238,0.000,0.339,
2026-08-13 19:00:00,Thursday,19,0.113,0.000,0.000,0.000,0.173,0.000,0.286,
2026-08-13 20:00:00,Thursday,20,0.120,0.000,0.000,0.000,0.172,0.000,0.292,
2026-08-13 21:00:00,Thursday,21,0.128,0.000,0.129,0.000,0.175,0.000,0.432,
2026-08-13 22:00:00,Thursday,22,0.110,0.000,0.074,0.000,0.131,0.000,0.315,
2026-08-13 23:00:00,Thursday,23,0.100,0.000,0.000,0.000,0.000,0.000,0.100,
2026-08-14 00:00:00,Friday,0,0.099,0.000,0.000,0.000,0.000,0.000,0.099,
2026-08-14 01:00:00,Friday,1,0.096,0.000,0.000,0.000,0.000,0.000,0.096,
2026-08-14 02:00:00,Friday,2,0.104,0.000,0.000,0.000,0.000,0.000,0.104,
2026-08-14 03:00:00,Friday,3,0.110,0.000,0.000,0.000,0.000,0.000,0.110,
2026-08-14 04:00:00,Friday,4,0.124,0.000,0.000,0.000,0.000,0.000,0.124,
2026-08-14 05:00:00,Friday,5,0.108,0.000,0.000,0.000,0.000,0.000,0.108,
2026-08-14 06:00:00,Friday,6,0.120,0.221,0.000,0.363,0.000,0.000,0.704,
2026-08-14 07:00:00,Friday,7,0.094,0.195,0.000,0.332,0.000,0.000,0.621,
2026-08-14 08:00:00,Friday,8,0.110,0.000,0.000,0.284,0.000,0.000,0.394,
2026-08-14 09:00:00,Friday,9,0.124,0.000,0.000,0.000,0.066,0.000,0.190,
2026-08-14 10:00:00,Friday,10,0.104,0.000,0.000,0.000,0.098,0.000,0.202,
2026-08-14 11:00:00,Friday,11,0.108,0.000,0.000,0.000,0.120,0.000,0.228,
2026-08-14 12:00:00,Friday,12,0.106,0.000,0.000,0.332,0.090,0.000,0.528,
2026-08-14 13:00:00,Friday,13,0.121,0.000,0.000,0.000,0.097,0.000,0.218,
2026-08-14 14:00:00,Friday,14,0.115,0.000,0.000,0.000,0.138,0.000,0.253,
2026-08-14 15:00:00,Friday,15,0.094,0.000,0.000,0.000,0.142,0.000,0.236,
2026-08-14 16:00:00,Friday,16,0.121,0.000,0.000,0.000,0.197,0.000,0.318,
2026-08-14 17:00:00,Friday,17,0.114,0.000,0.000,0.000,0.166,0.000,0.280,
2026-08-14 18:00:00,Friday,18,0.090,0.000,0.000,1.411,0.235,0.000,1.736,
2026-08-14 19:00:00,Friday,19,0.116,0.000,0.000,0.000,0.184,0.670,0.970,zmywarka
2026-08-14 20:00:00,Friday,20,0.097,0.000,0.000,0.000,0.176,0.000,0.273,
2026-08-14 21:00:00,Friday,21,0.127,0.000,0.143,0.000,0.154,0.000,0.424,
2026-08-14 22:00:00,Friday,22,0.118,0.000,0.109,0.000,0.204,0.000,0.431,
2026-08-14 23:00:00,Friday,23,0.109,0.000,0.000,0.000,0.000,0.000,0.109,
2026-08-15 00:00:00,Saturday,0,0.112,0.000,0.000,0.000,0.000,0.000,0.112,
2026-08-15 01:00:00,Saturday,1,0.140,0.000,0.000,0.000,0.000,0.000,0.140,
2026-08-15 02:00:00,Saturday,2,0.118,0.000,0.000,0.000,0.000,0.000,0.118,
2026-08-15 03:00:00,Saturday,3,0.110,0.000,0.000,0.000,0.000,0.000,0.110,
2026-08-15 04:00:00,Saturday,4,0.117,0.000,0.000,0.000,0.000,0.000,0.117,
2026-08-15 05:00:00,Saturday,5,0.122,0.000,0.000,0.000,0.000,0.000,0.122,
2026-08-15 06:00:00,Saturday,6,0.113,0.000,0.000,0.364,0.000,0.000,0.477,
2026-08-15 07:00:00,Saturday,7,0.109,0.000,0.000,0.340,0.000,0.000,0.449,
2026-08-15 08:00:00,Saturday,8,0.118,0.000,0.000,0.283,0.000,0.000,0.401,
2026-08-15 09:00:00,Saturday,9,0.089,0.000,0.000,0.000,0.154,0.000,0.243,
2026-08-15 10:00:00,Saturday,10,0.123,0.000,0.000,0.000,0.106,0.000,0.229,
2026-08-15 11:00:00,Saturday,11,0.126,0.000,0.000,0.000,0.111,0.582,0.819,pralka
2026-08-15 12:00:00,Saturday,12,0.122,0.000,0.000,0.000,0.086,0.000,0.208,
2026-08-15 13:00:00,Saturday,13,0.123,0.000,0.000,0.818,0.182,0.890,2.013,zmywarka
2026-08-15 14:00:00,Saturday,14,0.117,0.000,0.000,0.000,0.138,0.000,0.255,
2026-08-15 15:00:00,Saturday,15,0.094,0.000,0.000,0.000,0.074,0.000,0.168,
2026-08-15 16:00:00,Saturday,16,0.102,0.000,0.000,0.000,0.082,0.000,0.184,
2026-08-15 17:00:00,Saturday,17,0.126,0.000,0.000,0.671,0.178,0.000,0.975,
2026-08-15 18:00:00,Saturday,18,0.096,0.000,0.000,0.000,0.238,0.000,0.334,
2026-08-15 19:00:00,Saturday,19,0.124,0.000,0.000,0.000,0.229,0.000,0.353,
2026-08-15 20:00:00,Saturday,20,0.105,0.000,0.110,0.000,0.205,0.000,0.420,
2026-08-15 21:00:00,Saturday,21,0.100,0.220,0.137,0.000,0.248,0.000,0.705,
2026-08-15 22:00:00,Saturday,22,0.117,0.000,0.041,0.000,0.262,0.000,0.420,
2026-08-15 23:00:00,Saturday,23,0.122,0.200,0.000,0.000,0.000,0.000,0.322,
2026-08-16 00:00:00,Sunday,0,0.125,0.235,0.000,0.000,0.000,0.000,0.360,
2026-08-16 01:00:00,Sunday,1,0.133,0.231,0.000,0.000,0.000,0.000,0.364,
2026-08-16 02:00:00,Sunday,2,0.116,0.337,0.000,0.000,0.000,0.000,0.453,
2026-08-16 03:00:00,Sunday,3,0.106,0.355,0.000,0.000,0.000,0.000,0.461,
2026-08-16 04:00:00,Sunday,4,0.120,0.380,0.000,0.000,0.000,0.000,0.500,
2026-08-16 05:00:00,Sunday,5,0.106,0.455,0.000,0.000,0.000,0.000,0.561,
2026-08-16 06:00:00,Sunday,6,0.118,0.625,0.000,0.283,0.000,0.000,1.026,
2026-08-16 07:00:00,Sunday,7,0.102,0.505,0.000,0.319,0.000,0.000,0.926,
2026-08-16 08:00:00,Sunday,8,0.110,0.450,0.000,0.439,0.000,0.000,0.999,
2026-08-16 09:00:00,Sunday,9,0.113,0.342,0.000,0.000,0.106,0.000,0.561,
2026-08-16 10:00:00,Sunday,10,0.127,0.274,0.000,0.000,0.177,0.000,0.578,
2026-08-16 11:00:00,Sunday,11,0.095,0.197,0.000,0.000,0.186,0.000,0.478,
2026-08-16 12:00:00,Sunday,12,0.102,0.166,0.000,0.897,0.046,0.000,1.211,
2026-08-16 13:00:00,Sunday,13,0.100,0.000,0.000,0.000,0.154,0.843,1.097,zmywarka
2026-08-16 14:00:00,Sunday,14,0.118,0.000,0.000,0.000,0.151,0.000,0.269,
2026-08-16 15:00:00,Sunday,15,0.117,0.000,0.000,0.000,0.053,0.000,0.170,
2026-08-16 16:00:00,Sunday,16,0.122,0.000,0.000,0.000,0.174,0.000,0.296,
2026-08-16 17:00:00,Sunday,17,0.093,0.000,0.000,0.000,0.228,0.000,0.321,
2026-08-16 18:00:00,Sunday,18,0.102,0.000,0.000,0.745,0.248,0.000,1.095,
2026-08-16 19:00:00,Sunday,19,0.092,0.000,0.000,0.000,0.146,0.000,0.238,
2026-08-16 20:00:00,Sunday,20,0.090,0.216,0.140,0.000,0.272,0.000,0.718,
2026-08-16 21:00:00,Sunday,21,0.115,0.259,0.161,0.000,0.134,0.000,0.669,
2026-08-16 22:00:00,Sunday,22,0.127,0.190,0.098,0.000,0.267,0.000,0.682,
2026-08-16 23:00:00,Sunday,23,0.098,0.176,0.000,0.000,0.000,0.000,0.274,
2026-08-17 00:00:00,Monday,0,0.105,0.281,0.000,0.000,0.000,0.000,0.386,
2026-08-17 01:00:00,Monday,1,0.127,0.297,0.000,0.000,0.000,0.000,0.424,
2026-08-17 02:00:00,Monday,2,0.090,0.275,0.000,0.000,0.000,0.000,0.365,
2026-08-17 03:00:00,Monday,3,0.098,0.437,0.000,0.000,0.000,0.000,0.535,
2026-08-17 04:00:00,Monday,4,0.124,0.474,0.000,0.000,0.000,0.000,0.598,
2026-08-17 05:00:00,Monday,5,0.090,0.483,0.000,0.000,0.000,0.000,0.573,
2026-08-17 06:00:00,Monday,6,0.107,0.582,0.000,0.312,0.000,0.000,1.001,
2026-08-17 07:00:00,Monday,7,0.090,0.523,0.000,0.295,0.000,0.000,0.908,
2026-08-17 08:00:00,Monday,8,0.112,0.580,0.000,0.243,0.000,0.000,0.935,
2026-08-17 09:00:00,Monday,9,0.122,0.433,0.000,0.000,0.108,0.000,0.663,
2026-08-17 10:00:00,Monday,10,0.126,0.321,0.000,0.000,0.095,0.000,0.542,
2026-08-17 11:00:00,Monday,11,0.099,0.240,0.000,0.000,0.088,0.000,0.427,
2026-08-17 12:00:00,Monday,12,0.121,0.177,0.000,0.550,0.078,0.000,0.926,
2026-08-17 13:00:00,Monday,13,0.105,0.000,0.000,0.000,0.086,0.000,0.191,
2026-08-17 14:00:00,Monday,14,0.103,0.000,0.000,0.000,0.125,0.000,0.228,
2026-08-17 15:00:00,Monday,15,0.090,0.000,0.000,0.000,0.195,0.000,0.285,
2026-08-17 16:00:00,Monday,16,0.103,0.000,0.000,0.000,0.098,0.000,0.201,
2026-08-17 17:00:00,Monday,17,0.095,0.000,0.000,0.000,0.264,0.000,0.359,
2026-08-17 18:00:00,Monday,18,0.100,0.000,0.000,0.661,0.142,0.000,0.903,
2026-08-17 19:00:00,Monday,19,0.090,0.164,0.000,0.000,0.172,0.714,1.140,zmywarka
2026-08-17 20:00:00,Monday,20,0.127,0.206,0.220,0.000,0.226,0.000,0.779,
2026-08-17 21:00:00,Monday,21,0.098,0.298,0.163,0.000,0.125,0.000,0.684,
2026-08-17 22:00:00,Monday,22,0.128,0.191,0.068,0.000,0.208,0.000,0.595,
2026-08-17 23:00:00,Monday,23,0.150,0.283,0.000,0.000,0.000,0.000,0.433,
2026-08-18 00:00:00,Tuesday,0,0.114,0.360,0.000,0.000,0.000,0.000,0.474,
2026-08-18 01:00:00,Tuesday,1,0.094,0.417,0.000,0.000,0.000,0.000,0.511,
2026-08-18 02:00:00,Tuesday,2,0.095,0.454,0.000,0.000,0.000,0.000,0.549,
2026-08-18 03:00:00,Tuesday,3,0.112,0.439,0.000,0.000,0.000,0.000,0.551,
2026-08-18 04:00:00,Tuesday,4,0.126,0.554,0.000,0.000,0.000,0.000,0.680,
2026-08-18 05:00:00,Tuesday,5,0.113,0.474,0.000,0.000,0.000,0.000,0.587,
2026-08-18 06:00:00,Tuesday,6,0.097,0.632,0.000,0.307,0.000,0.000,1.036,
2026-08-18 07:00:00,Tuesday,7,0.101,0.590,0.000,0.246,0.000,0.000,0.937,
2026-08-18 08:00:00,Tuesday,8,0.101,0.555,0.000,0.244,0.000,0.000,0.900,
2026-08-18 09:00:00,Tuesday,9,0.096,0.535,0.000,0.000,0.096,0.000,0.727,
2026-08-18 10:00:00,Tuesday,10,0.106,0.355,0.000,0.000,0.099,0.000,0.560,
2026-08-18 11:00:00,Tuesday,11,0.096,0.305,0.000,0.000,0.075,0.690,1.166,pralka
2026-08-18 12:00:00,Tuesday,12,0.110,0.281,0.000,0.000,0.118,1.377,1.886,suszarka
2026-08-18 13:00:00,Tuesday,13,0.091,0.294,0.000,0.258,0.073,0.000,0.716,
2026-08-18 14:00:00,Tuesday,14,0.095,0.191,0.000,0.000,0.178,0.000,0.464,
2026-08-18 15:00:00,Tuesday,15,0.120,0.224,0.000,0.000,0.200,0.000,0.544,
2026-08-18 16:00:00,Tuesday,16,0.106,0.273,0.000,0.000,0.186,0.000,0.565,
2026-08-18 17:00:00,Tuesday,17,0.124,0.174,0.000,0.575,0.223,0.000,1.096,
2026-08-18 18:00:00,Tuesday,18,0.096,0.203,0.000,0.000,0.270,0.000,0.569,
2026-08-18 19:00:00,Tuesday,19,0.094,0.246,0.000,0.000,0.237,0.716,1.293,zmywarka
2026-08-18 20:00:00,Tuesday,20,0.098,0.366,0.170,0.000,0.257,0.000,0.891,
2026-08-18 21:00:00,Tuesday,21,0.090,0.362,0.139,0.000,0.240,0.000,0.831,
2026-08-18 22:00:00,Tuesday,22,0.108,0.281,0.116,0.000,0.142,0.000,0.647,
2026-08-18 23:00:00,Tuesday,23,0.105,0.320,0.000,0.000,0.000,0.000,0.425,
2026-08-19 00:00:00,Wednesday,0,0.110,0.271,0.000,0.000,0.000,0.000,0.381,
2026-08-19 01:00:00,Wednesday,1,0.123,0.278,0.000,0.000,0.000,0.000,0.401,
2026-08-19 02:00:00,Wednesday,2,0.135,0.245,0.000,0.000,0.000,0.000,0.380,
2026-08-19 03:00:00,Wednesday,3,0.102,0.320,0.000,0.000,0.000,0.000,0.422,
2026-08-19 04:00:00,Wednesday,4,0.089,0.285,0.000,0.000,0.000,0.000,0.374,
2026-08-19 05:00:00,Wednesday,5,0.098,0.314,0.000,0.000,0.000,0.000,0.412,
2026-08-19 06:00:00,Wednesday,6,0.118,0.350,0.000,0.265,0.000,0.000,0.733,
2026-08-19 07:00:00,Wednesday,7,0.118,0.343,0.000,0.380,0.000,0.000,0.841,
2026-08-19 08:00:00,Wednesday,8,0.126,0.441,0.000,0.373,0.000,0.000,0.940,
2026-08-19 09:00:00,Wednesday,9,0.103,0.408,0.000,0.000,0.085,0.000,0.596,
2026-08-19 10:00:00,Wednesday,10,0.111,0.419,0.000,0.000,0.086,0.000,0.616,
2026-08-19 11:00:00,Wednesday,11,0.093,0.397,0.000,0.000,0.106,0.000,0.596,
2026-08-19 12:00:00,Wednesday,12,0.094,0.296,0.000,0.261,0.078,0.000,0.729,
2026-08-19 13:00:00,Wednesday,13,0.106,0.304,0.000,0.000,0.078,0.000,0.488,
2026-08-19 14:00:00,Wednesday,14,0.089,0.346,0.000,0.000,0.191,0.000,0.626,
2026-08-19 15:00:00,Wednesday,15,0.098,0.426,0.000,0.000,0.119,0.000,0.643,
2026-08-19 16:00:00,Wednesday,16,0.125,0.281,0.000,0.000,0.132,0.000,0.538,
2026-08-19 17:00:00,Wednesday,17,0.098,0.173,0.000,1.269,0.237,0.000,1.777,
2026-08-19 18:00:00,Wednesday,18,0.108,0.000,0.000,0.000,0.235,0.000,0.343,
2026-08-19 19:00:00,Wednesday,19,0.125,0.146,0.000,0.000,0.130,0.000,0.401,
2026-08-19 20:00:00,Wednesday,20,0.124,0.254,0.000,0.000,0.169,0.725,1.272,zmywarka
2026-08-19 21:00:00,Wednesday,21,0.117,0.324,0.214,0.000,0.147,0.000,0.802,
2026-08-19 22:00:00,Wednesday,22,0.107,0.163,0.093,0.000,0.230,0.000,0.593,
2026-08-19 23:00:00,Wednesday,23,0.126,0.260,0.000,0.000,0.000,0.000,0.386,
2026-08-20 00:00:00,Thursday,0,0.119,0.281,0.000,0.000,0.000,0.000,0.400,
2026-08-20 01:00:00,Thursday,1,0.125,0.362,0.000,0.000,0.000,0.000,0.487,
2026-08-20 02:00:00,Thursday,2,0.126,0.422,0.000,0.000,0.000,0.000,0.548,
2026-08-20 03:00:00,Thursday,3,0.126,0.461,0.000,0.000,0.000,0.000,0.587,
2026-08-20 04:00:00,Thursday,4,0.122,0.503,0.000,0.000,0.000,0.000,0.625,
2026-08-20 05:00:00,Thursday,5,0.127,0.441,0.000,0.000,0.000,0.000,0.568,
2026-08-20 06:00:00,Thursday,6,0.094,0.546,0.000,0.217,0.000,0.000,0.857,
2026-08-20 07:00:00,Thursday,7,0.110,0.651,0.000,0.236,0.000,0.000,0.997,
2026-08-20 08:00:00,Thursday,8,0.106,0.474,0.000,0.230,0.000,0.000,0.810,
2026-08-20 09:00:00,Thursday,9,0.122,0.411,0.000,0.000,0.098,0.000,0.631,
2026-08-20 10:00:00,Thursday,10,0.103,0.391,0.000,0.000,0.098,0.000,0.592,
2026-08-20 11:00:00,Thursday,11,0.114,0.270,0.000,0.000,0.090,0.000,0.474,
2026-08-20 12:00:00,Thursday,12,0.089,0.247,0.000,0.598,0.109,0.000,1.043,
2026-08-20 13:00:00,Thursday,13,0.089,0.218,0.000,0.000,0.120,0.000,0.427,
2026-08-20 14:00:00,Thursday,14,0.125,0.000,0.000,0.000,0.114,0.000,0.239,
2026-08-20 15:00:00,Thursday,15,0.120,0.000,0.000,0.000,0.159,0.000,0.279,
2026-08-20 16:00:00,Thursday,16,0.108,0.000,0.000,0.000,0.125,0.000,0.233,
2026-08-20 17:00:00,Thursday,17,0.095,0.000,0.000,0.000,0.255,0.000,0.350,
2026-08-20 18:00:00,Thursday,18,0.098,0.205,0.000,0.775,0.246,0.000,1.324,
2026-08-20 19:00:00,Thursday,19,0.111,0.194,0.000,0.000,0.127,0.000,0.432,
2026-08-20 20:00:00,Thursday,20,0.100,0.262,0.000,0.000,0.209,0.650,1.221,zmywarka
2026-08-20 21:00:00,Thursday,21,0.103,0.278,0.232,0.000,0.272,0.000,0.885,
2026-08-20 22:00:00,Thursday,22,0.120,0.160,0.064,0.000,0.202,0.000,0.546,
2026-08-20 23:00:00,Thursday,23,0.116,0.000,0.000,0.000,0.000,0.000,0.116,
2026-08-21 00:00:00,Friday,0,0.096,0.242,0.000,0.000,0.000,0.000,0.338,
2026-08-21 01:00:00,Friday,1,0.135,0.242,0.000,0.000,0.000,0.000,0.377,
2026-08-21 02:00:00,Friday,2,0.122,0.388,0.000,0.000,0.000,0.000,0.510,
2026-08-21 03:00:00,Friday,3,0.102,0.455,0.000,0.000,0.000,0.000,0.557,
2026-08-21 04:00:00,Friday,4,0.105,0.382,0.000,0.000,0.000,0.000,0.487,
2026-08-21 05:00:00,Friday,5,0.118,0.398,0.000,0.000,0.000,0.000,0.516,
2026-08-21 06:00:00,Friday,6,0.097,0.659,0.000,0.395,0.000,0.000,1.151,
2026-08-21 07:00:00,Friday,7,0.106,0.568,0.000,0.248,0.000,0.000,0.922,
2026-08-21 08:00:00,Friday,8,0.099,0.522,0.000,0.446,0.000,0.000,1.067,
2026-08-21 09:00:00,Friday,9,0.122,0.448,0.000,0.000,0.089,0.000,0.659,
2026-08-21 10:00:00,Friday,10,0.106,0.309,0.000,0.000,0.071,0.000,0.486,
2026-08-21 11:00:00,Friday,11,0.089,0.263,0.000,0.000,0.072,0.000,0.424,
2026-08-21 12:00:00,Friday,12,0.092,0.184,0.000,0.246,0.106,0.000,0.628,
2026-08-21 13:00:00,Friday,13,0.113,0.000,0.000,0.000,0.066,0.000,0.179,
2026-08-21 14:00:00,Friday,14,0.101,0.000,0.000,0.000,0.102,0.000,0.203,
2026-08-21 15:00:00,Friday,15,0.089,0.000,0.000,0.000,0.154,0.000,0.243,
2026-08-21 16:00:00,Friday,16,0.114,0.000,0.000,0.000,0.086,0.000,0.200,
2026-08-21 17:00:00,Friday,17,0.121,0.000,0.000,1.302,0.143,0.000,1.566,
2026-08-21 18:00:00,Friday,18,0.114,0.000,0.000,0.000,0.216,0.000,0.330,
2026-08-21 19:00:00,Friday,19,0.094,0.000,0.000,0.000,0.137,0.000,0.231,
2026-08-21 20:00:00,Friday,20,0.122,0.202,0.158,0.000,0.263,0.888,1.633,zmywarka
2026-08-21 21:00:00,Friday,21,0.102,0.290,0.110,0.000,0.266,0.000,0.768,
2026-08-21 22:00:00,Friday,22,0.122,0.178,0.114,0.000,0.131,0.000,0.545,
2026-08-21 23:00:00,Friday,23,0.125,0.242,0.000,0.000,0.000,0.000,0.367,
2026-08-22 00:00:00,Saturday,0,0.090,0.342,0.000,0.000,0.000,0.000,0.432,
2026-08-22 01:00:00,Saturday,1,0.126,0.387,0.000,0.000,0.000,0.000,0.513,
2026-08-22 02:00:00,Saturday,2,0.119,0.390,0.000,0.000,0.000,0.000,0.509,
2026-08-22 03:00:00,Saturday,3,0.108,0.399,0.000,0.000,0.000,0.000,0.507,
2026-08-22 04:00:00,Saturday,4,0.114,0.478,0.000,0.000,0.000,0.000,0.592,
2026-08-22 05:00:00,Saturday,5,0.132,0.501,0.000,0.000,0.000,0.000,0.633,
2026-08-22 06:00:00,Saturday,6,0.094,0.722,0.000,0.458,0.000,0.000,1.274,
2026-08-22 07:00:00,Saturday,7,0.102,0.798,0.000,0.424,0.000,0.000,1.324,
2026-08-22 08:00:00,Saturday,8,0.126,0.609,0.000,0.284,0.000,0.000,1.019,
2026-08-22 09:00:00,Saturday,9,0.126,0.565,0.000,0.000,0.125,0.000,0.816,
2026-08-22 10:00:00,Saturday,10,0.110,0.360,0.000,0.000,0.061,0.000,0.531,
2026-08-22 11:00:00,Saturday,11,0.106,0.328,0.000,0.000,0.130,0.603,1.167,pralka
2026-08-22 12:00:00,Saturday,12,0.103,0.242,0.000,0.000,0.101,1.866,2.312,suszarka
2026-08-22 13:00:00,Saturday,13,0.097,0.244,0.000,1.058,0.050,0.000,1.449,
2026-08-22 14:00:00,Saturday,14,0.105,0.185,0.000,0.000,0.098,0.660,1.048,zmywarka
2026-08-22 15:00:00,Saturday,15,0.115,0.000,0.000,0.000,0.186,0.000,0.301,
2026-08-22 16:00:00,Saturday,16,0.124,0.000,0.000,0.000,0.106,0.000,0.230,
2026-08-22 17:00:00,Saturday,17,0.124,0.170,0.000,0.000,0.205,0.000,0.499,
2026-08-22 18:00:00,Saturday,18,0.103,0.182,0.000,0.788,0.255,0.000,1.328,
2026-08-22 19:00:00,Saturday,19,0.122,0.357,0.000,0.000,0.193,0.000,0.672,
2026-08-22 20:00:00,Saturday,20,0.098,0.396,0.000,0.000,0.251,0.000,0.745,
2026-08-22 21:00:00,Saturday,21,0.107,0.525,0.229,0.000,0.218,0.000,1.079,
2026-08-22 22:00:00,Saturday,22,0.112,0.334,0.081,0.000,0.125,0.000,0.652,
2026-08-22 23:00:00,Saturday,23,0.106,0.331,0.000,0.000,0.000,0.000,0.437,
2026-08-23 00:00:00,Sunday,0,0.111,0.367,0.000,0.000,0.000,0.000,0.478,
2026-08-23 01:00:00,Sunday,1,0.117,0.396,0.000,0.000,0.000,0.000,0.513,
2026-08-23 02:00:00,Sunday,2,0.098,0.484,0.000,0.000,0.000,0.000,0.582,
2026-08-23 03:00:00,Sunday,3,0.146,0.490,0.000,0.000,0.000,0.000,0.636,
2026-08-23 04:00:00,Sunday,4,0.116,0.498,0.000,0.000,0.000,0.000,0.614,
2026-08-23 05:00:00,Sunday,5,0.093,0.493,0.000,0.000,0.000,0.000,0.586,
2026-08-23 06:00:00,Sunday,6,0.089,0.725,0.000,0.298,0.000,0.000,1.112,
2026-08-23 07:00:00,Sunday,7,0.094,0.678,0.000,0.242,0.000,0.000,1.014,
2026-08-23 08:00:00,Sunday,8,0.090,0.593,0.000,0.413,0.000,0.000,1.096,
2026-08-23 09:00:00,Sunday,9,0.094,0.700,0.000,0.000,0.086,0.000,0.880,
2026-08-23 10:00:00,Sunday,10,0.126,0.466,0.000,0.000,0.128,0.000,0.720,
2026-08-23 11:00:00,Sunday,11,0.108,0.470,0.000,0.000,0.171,0.000,0.749,
2026-08-23 12:00:00,Sunday,12,0.090,0.320,0.000,0.000,0.188,0.000,0.598,
2026-08-23 13:00:00,Sunday,13,0.107,0.286,0.000,0.989,0.055,0.000,1.437,
2026-08-23 14:00:00,Sunday,14,0.121,0.366,0.000,0.000,0.146,0.000,0.633,
2026-08-23 15:00:00,Sunday,15,0.123,0.384,0.000,0.000,0.131,0.000,0.638,
2026-08-23 16:00:00,Sunday,16,0.110,0.378,0.000,0.000,0.044,0.000,0.532,
2026-08-23 17:00:00,Sunday,17,0.126,0.356,0.000,0.000,0.123,0.000,0.605,
2026-08-23 18:00:00,Sunday,18,0.101,0.275,0.000,0.493,0.203,0.000,1.072,
2026-08-23 19:00:00,Sunday,19,0.090,0.274,0.000,0.000,0.141,0.000,0.505,
2026-08-23 20:00:00,Sunday,20,0.103,0.446,0.139,0.000,0.242,0.000,0.930,
2026-08-23 21:00:00,Sunday,21,0.090,0.591,0.198,0.000,0.240,0.000,1.119,
2026-08-23 22:00:00,Sunday,22,0.098,0.486,0.099,0.000,0.139,0.000,0.822,
2026-08-23 23:00:00,Sunday,23,0.098,0.406,0.000,0.000,0.000,0.000,0.504,
2026-08-24 00:00:00,Monday,0,0.120,0.424,0.000,0.000,0.000,0.000,0.544,
2026-08-24 01:00:00,Monday,1,0.094,0.543,0.000,0.000,0.000,0.000,0.637,
2026-08-24 02:00:00,Monday,2,0.119,0.394,0.000,0.000,0.000,0.000,0.513,
2026-08-24 03:00:00,Monday,3,0.091,0.436,0.000,0.000,0.000,0.000,0.527,
2026-08-24 04:00:00,Monday,4,0.114,0.378,0.000,0.000,0.000,0.000,0.492,
2026-08-24 05:00:00,Monday,5,0.110,0.448,0.000,0.000,0.000,0.000,0.558,
2026-08-24 06:00:00,Monday,6,0.090,0.564,0.000,0.249,0.000,0.000,0.903,
2026-08-24 07:00:00,Monday,7,0.101,0.539,0.000,0.392,0.000,0.000,1.032,
2026-08-24 08:00:00,Monday,8,0.107,0.524,0.000,0.208,0.000,0.000,0.839,
2026-08-24 09:00:00,Monday,9,0.106,0.367,0.000,0.000,0.086,0.000,0.559,
2026-08-24 10:00:00,Monday,10,0.121,0.308,0.000,0.000,0.112,0.000,0.541,
2026-08-24 11:00:00,Monday,11,0.110,0.160,0.000,0.000,0.108,0.000,0.378,
2026-08-24 12:00:00,Monday,12,0.108,0.000,0.000,0.000,0.093,0.000,0.201,
2026-08-24 13:00:00,Monday,13,0.098,0.000,0.000,0.402,0.071,0.000,0.571,
2026-08-24 14:00:00,Monday,14,0.114,0.000,0.000,0.000,0.085,0.000,0.199,
2026-08-24 15:00:00,Monday,15,0.107,0.000,0.000,0.000,0.080,0.000,0.187,
2026-08-24 16:00:00,Monday,16,0.091,0.000,0.000,0.000,0.084,0.000,0.175,
2026-08-24 17:00:00,Monday,17,0.103,0.000,0.000,0.796,0.271,0.000,1.170,
2026-08-24 18:00:00,Monday,18,0.098,0.000,0.000,0.000,0.190,0.000,0.288,
2026-08-24 19:00:00,Monday,19,0.097,0.000,0.000,0.000,0.229,0.957,1.283,zmywarka
2026-08-24 20:00:00,Monday,20,0.122,0.207,0.000,0.000,0.171,0.000,0.500,
2026-08-24 21:00:00,Monday,21,0.098,0.394,0.226,0.000,0.236,0.000,0.954,
2026-08-24 22:00:00,Monday,22,0.100,0.331,0.062,0.000,0.155,0.000,0.648,
2026-08-24 23:00:00,Monday,23,0.112,0.338,0.000,0.000,0.000,0.000,0.450,
2026-08-25 00:00:00,Tuesday,0,0.105,0.410,0.000,0.000,0.000,0.000,0.515,
2026-08-25 01:00:00,Tuesday,1,0.110,0.400,0.000,0.000,0.000,0.000,0.510,
2026-08-25 02:00:00,Tuesday,2,0.118,0.500,0.000,0.000,0.000,0.000,0.618,
2026-08-25 03:00:00,Tuesday,3,0.113,0.513,0.000,0.000,0.000,0.000,0.626,
2026-08-25 04:00:00,Tuesday,4,0.124,0.655,0.000,0.000,0.000,0.000,0.779,
2026-08-25 05:00:00,Tuesday,5,0.143,0.728,0.000,0.000,0.000,0.000,0.871,
2026-08-25 06:00:00,Tuesday,6,0.119,0.795,0.000,0.332,0.000,0.000,1.246,
2026-08-25 07:00:00,Tuesday,7,0.106,0.747,0.000,0.210,0.000,0.000,1.063,
2026-08-25 08:00:00,Tuesday,8,0.108,0.694,0.000,0.307,0.000,0.000,1.109,
2026-08-25 09:00:00,Tuesday,9,0.123,0.514,0.000,0.000,0.100,0.719,1.456,pralka
2026-08-25 10:00:00,Tuesday,10,0.108,0.399,0.000,0.000,0.114,0.000,0.621,
2026-08-25 11:00:00,Tuesday,11,0.114,0.345,0.000,0.000,0.112,0.000,0.571,
2026-08-25 12:00:00,Tuesday,12,0.111,0.214,0.000,0.520,0.098,0.000,0.943,
2026-08-25 13:00:00,Tuesday,13,0.122,0.155,0.000,0.000,0.082,0.000,0.359,
2026-08-25 14:00:00,Tuesday,14,0.126,0.000,0.000,0.000,0.199,0.000,0.325,
2026-08-25 15:00:00,Tuesday,15,0.089,0.000,0.000,0.000,0.194,0.000,0.283,
2026-08-25 16:00:00,Tuesday,16,0.110,0.000,0.000,0.000,0.138,0.000,0.248,
2026-08-25 17:00:00,Tuesday,17,0.103,0.000,0.000,0.000,0.130,0.000,0.233,
2026-08-25 18:00:00,Tuesday,18,0.118,0.000,0.000,1.565,0.182,0.000,1.865,
2026-08-25 19:00:00,Tuesday,19,0.112,0.000,0.000,0.000,0.262,0.823,1.197,zmywarka
2026-08-25 20:00:00,Tuesday,20,0.106,0.238,0.000,0.000,0.265,0.000,0.609,
2026-08-25 21:00:00,Tuesday,21,0.111,0.338,0.128,0.000,0.158,0.000,0.735,
2026-08-25 22:00:00,Tuesday,22,0.107,0.194,0.113,0.000,0.182,0.000,0.596,
2026-08-25 23:00:00,Tuesday,23,0.110,0.233,0.000,0.000,0.000,0.000,0.343,
2026-08-26 00:00:00,Wednesday,0,0.102,0.000,0.000,0.000,0.000,0.000,0.102,wyjazd / nieobecność
2026-08-26 01:00:00,Wednesday,1,0.118,0.000,0.000,0.000,0.000,0.000,0.118,wyjazd / nieobecność
2026-08-26 02:00:00,Wednesday,2,0.112,0.000,0.000,0.000,0.000,0.000,0.112,wyjazd / nieobecność
2026-08-26 03:00:00,Wednesday,3,0.098,0.000,0.000,0.000,0.000,0.000,0.098,wyjazd / nieobecność
2026-08-26 04:00:00,Wednesday,4,0.119,0.000,0.000,0.000,0.000,0.000,0.119,wyjazd / nieobecność
2026-08-26 05:00:00,Wednesday,5,0.094,0.000,0.000,0.000,0.000,0.000,0.094,wyjazd / nieobecność
2026-08-26 06:00:00,Wednesday,6,0.106,0.000,0.000,0.000,0.000,0.000,0.106,wyjazd / nieobecność
2026-08-26 07:00:00,Wednesday,7,0.117,0.000,0.000,0.000,0.000,0.000,0.117,wyjazd / nieobecność
2026-08-26 08:00:00,Wednesday,8,0.105,0.000,0.000,0.000,0.000,0.000,0.105,wyjazd / nieobecność
2026-08-26 09:00:00,Wednesday,9,0.105,0.000,0.000,0.000,0.000,0.000,0.105,wyjazd / nieobecność
2026-08-26 10:00:00,Wednesday,10,0.098,0.000,0.000,0.000,0.000,0.000,0.098,wyjazd / nieobecność
2026-08-26 11:00:00,Wednesday,11,0.119,0.000,0.000,0.000,0.000,0.000,0.119,wyjazd / nieobecność
2026-08-26 12:00:00,Wednesday,12,0.112,0.000,0.000,0.000,0.000,0.000,0.112,wyjazd / nieobecność
2026-08-26 13:00:00,Wednesday,13,0.114,0.000,0.000,0.000,0.000,0.000,0.114,wyjazd / nieobecność
2026-08-26 14:00:00,Wednesday,14,0.095,0.000,0.000,0.000,0.000,0.000,0.095,wyjazd / nieobecność
2026-08-26 15:00:00,Wednesday,15,0.106,0.000,0.000,0.000,0.000,0.000,0.106,wyjazd / nieobecność
2026-08-26 16:00:00,Wednesday,16,0.099,0.000,0.000,0.000,0.000,0.000,0.099,wyjazd / nieobecność
2026-08-26 17:00:00,Wednesday,17,0.090,0.000,0.000,0.000,0.000,0.000,0.090,wyjazd / nieobecność
2026-08-26 18:00:00,Wednesday,18,0.125,0.000,0.000,0.000,0.000,0.000,0.125,wyjazd / nieobecność
2026-08-26 19:00:00,Wednesday,19,0.118,0.000,0.000,0.000,0.000,0.000,0.118,wyjazd / nieobecność
2026-08-26 20:00:00,Wednesday,20,0.104,0.000,0.000,0.000,0.000,0.000,0.104,wyjazd / nieobecność
2026-08-26 21:00:00,Wednesday,21,0.112,0.000,0.000,0.000,0.000,0.000,0.112,wyjazd / nieobecność
2026-08-26 22:00:00,Wednesday,22,0.110,0.000,0.000,0.000,0.000,0.000,0.110,wyjazd / nieobecność
2026-08-26 23:00:00,Wednesday,23,0.089,0.000,0.000,0.000,0.000,0.000,0.089,wyjazd / nieobecność
2026-08-27 00:00:00,Thursday,0,0.088,0.290,0.000,0.000,0.000,0.000,0.378,
2026-08-27 01:00:00,Thursday,1,0.144,0.299,0.000,0.000,0.000,0.000,0.443,
2026-08-27 02:00:00,Thursday,2,0.128,0.383,0.000,0.000,0.000,0.000,0.511,
2026-08-27 03:00:00,Thursday,3,0.142,0.465,0.000,0.000,0.000,0.000,0.607,
2026-08-27 04:00:00,Thursday,4,0.104,0.456,0.000,0.000,0.000,0.000,0.560,
2026-08-27 05:00:00,Thursday,5,0.134,0.354,0.000,0.000,0.000,0.000,0.488,
2026-08-27 06:00:00,Thursday,6,0.117,0.526,0.000,0.258,0.000,0.000,0.901,
2026-08-27 07:00:00,Thursday,7,0.126,0.579,0.000,0.313,0.000,0.000,1.018,
2026-08-27 08:00:00,Thursday,8,0.122,0.431,0.000,0.300,0.000,0.000,0.853,
2026-08-27 09:00:00,Thursday,9,0.112,0.371,0.000,0.000,0.117,0.000,0.600,
2026-08-27 10:00:00,Thursday,10,0.094,0.204,0.000,0.000,0.065,0.000,0.363,
2026-08-27 11:00:00,Thursday,11,0.105,0.000,0.000,0.000,0.107,0.000,0.212,
2026-08-27 12:00:00,Thursday,12,0.116,0.000,0.000,0.000,0.083,0.000,0.199,
2026-08-27 13:00:00,Thursday,13,0.126,0.000,0.000,0.640,0.080,0.000,0.846,
2026-08-27 14:00:00,Thursday,14,0.114,0.000,0.000,0.000,0.186,0.000,0.300,
2026-08-27 15:00:00,Thursday,15,0.127,0.000,0.000,0.000,0.186,0.000,0.313,
2026-08-27 16:00:00,Thursday,16,0.115,0.000,0.000,0.000,0.184,0.000,0.299,
2026-08-27 17:00:00,Thursday,17,0.090,0.000,0.000,0.000,0.171,0.000,0.261,
2026-08-27 18:00:00,Thursday,18,0.118,0.000,0.000,0.592,0.133,0.000,0.843,
2026-08-27 19:00:00,Thursday,19,0.121,0.000,0.000,0.000,0.248,0.000,0.369,
2026-08-27 20:00:00,Thursday,20,0.113,0.189,0.104,0.000,0.217,0.779,1.402,zmywarka
2026-08-27 21:00:00,Thursday,21,0.124,0.239,0.189,0.000,0.173,0.000,0.725,
2026-08-27 22:00:00,Thursday,22,0.094,0.162,0.078,0.000,0.153,0.000,0.487,
2026-08-27 23:00:00,Thursday,23,0.129,0.180,0.000,0.000,0.000,0.000,0.309,
2026-08-28 00:00:00,Friday,0,0.147,0.000,0.000,0.000,0.000,0.000,0.147,
2026-08-28 01:00:00,Friday,1,0.136,0.000,0.000,0.000,0.000,0.000,0.136,
2026-08-28 02:00:00,Friday,2,0.090,0.000,0.000,0.000,0.000,0.000,0.090,
2026-08-28 03:00:00,Friday,3,0.112,0.000,0.000,0.000,0.000,0.000,0.112,
2026-08-28 04:00:00,Friday,4,0.122,0.000,0.000,0.000,0.000,0.000,0.122,
2026-08-28 05:00:00,Friday,5,0.146,0.000,0.000,0.000,0.000,0.000,0.146,
2026-08-28 06:00:00,Friday,6,0.126,0.232,0.000,0.436,0.000,0.000,0.794,
2026-08-28 07:00:00,Friday,7,0.098,0.245,0.000,0.346,0.000,0.000,0.689,
2026-08-28 08:00:00,Friday,8,0.123,0.156,0.000,0.322,0.000,0.000,0.601,
2026-08-28 09:00:00,Friday,9,0.126,0.000,0.000,0.000,0.108,0.000,0.234,
2026-08-28 10:00:00,Friday,10,0.122,0.000,0.000,0.000,0.065,0.000,0.187,
2026-08-28 11:00:00,Friday,11,0.109,0.000,0.000,0.000,0.071,0.000,0.180,
2026-08-28 12:00:00,Friday,12,0.126,0.000,0.000,0.000,0.066,0.000,0.192,
2026-08-28 13:00:00,Friday,13,0.119,0.000,0.000,0.388,0.105,0.000,0.612,
2026-08-28 14:00:00,Friday,14,0.110,0.000,0.000,0.000,0.067,0.000,0.177,
2026-08-28 15:00:00,Friday,15,0.104,0.000,0.000,0.000,0.172,0.000,0.276,
2026-08-28 16:00:00,Friday,16,0.090,0.000,0.000,0.000,0.081,0.000,0.171,
2026-08-28 17:00:00,Friday,17,0.100,0.000,0.000,0.000,0.140,0.000,0.240,
2026-08-28 18:00:00,Friday,18,0.102,0.000,0.000,0.573,0.237,0.000,0.912,
2026-08-28 19:00:00,Friday,19,0.100,0.000,0.000,0.000,0.151,0.000,0.251,
2026-08-28 20:00:00,Friday,20,0.094,0.000,0.112,0.000,0.242,0.000,0.448,
2026-08-28 21:00:00,Friday,21,0.102,0.176,0.117,0.000,0.211,0.000,0.606,
2026-08-28 22:00:00,Friday,22,0.095,0.000,0.043,0.000,0.147,0.000,0.285,
2026-08-28 23:00:00,Friday,23,0.121,0.000,0.000,0.000,0.000,0.000,0.121,
2026-08-29 00:00:00,Saturday,0,0.130,0.000,0.000,0.000,0.000,0.000,0.130,
2026-08-29 01:00:00,Saturday,1,0.090,0.161,0.000,0.000,0.000,0.000,0.251,
2026-08-29 02:00:00,Saturday,2,0.109,0.000,0.000,0.000,0.000,0.000,0.109,
2026-08-29 03:00:00,Saturday,3,0.101,0.000,0.000,0.000,0.000,0.000,0.101,
2026-08-29 04:00:00,Saturday,4,0.105,0.214,0.000,0.000,0.000,0.000,0.319,
2026-08-29 05:00:00,Saturday,5,0.090,0.258,0.000,0.000,0.000,0.000,0.348,
2026-08-29 06:00:00,Saturday,6,0.124,0.438,0.000,0.277,0.000,0.000,0.839,
2026-08-29 07:00:00,Saturday,7,0.098,0.341,0.000,0.309,0.000,0.000,0.748,
2026-08-29 08:00:00,Saturday,8,0.107,0.330,0.000,0.453,0.000,0.000,0.890,
2026-08-29 09:00:00,Saturday,9,0.110,0.290,0.000,0.000,0.081,0.000,0.481,
2026-08-29 10:00:00,Saturday,10,0.107,0.221,0.000,0.000,0.140,0.000,0.468,
2026-08-29 11:00:00,Saturday,11,0.090,0.000,0.000,0.000,0.168,0.673,0.931,pralka
2026-08-29 12:00:00,Saturday,12,0.110,0.000,0.000,0.000,0.194,0.000,0.304,
2026-08-29 13:00:00,Saturday,13,0.121,0.290,0.000,0.608,0.097,0.809,1.925,zmywarka
2026-08-29 14:00:00,Saturday,14,0.096,0.301,0.000,0.000,0.099,0.000,0.496,
2026-08-29 15:00:00,Saturday,15,0.112,0.194,0.000,0.000,0.113,0.000,0.419,
2026-08-29 16:00:00,Saturday,16,0.102,0.176,0.000,0.000,0.059,0.000,0.337,
2026-08-29 17:00:00,Saturday,17,0.107,0.000,0.000,0.825,0.272,0.000,1.204,
2026-08-29 18:00:00,Saturday,18,0.124,0.000,0.000,0.000,0.199,0.000,0.323,
2026-08-29 19:00:00,Saturday,19,0.097,0.000,0.000,0.000,0.160,0.000,0.257,
2026-08-29 20:00:00,Saturday,20,0.120,0.150,0.000,0.000,0.264,0.000,0.534,
2026-08-29 21:00:00,Saturday,21,0.123,0.170,0.202,0.000,0.272,0.000,0.767,
2026-08-29 22:00:00,Saturday,22,0.114,0.000,0.050,0.000,0.258,0.000,0.422,
2026-08-29 23:00:00,Saturday,23,0.102,0.000,0.000,0.000,0.000,0.000,0.102,
2026-08-30 00:00:00,Sunday,0,0.117,0.000,0.000,0.000,0.000,0.000,0.117,
2026-08-30 01:00:00,Sunday,1,0.115,0.000,0.000,0.000,0.000,0.000,0.115,
2026-08-30 02:00:00,Sunday,2,0.145,0.000,0.000,0.000,0.000,0.000,0.145,
2026-08-30 03:00:00,Sunday,3,0.104,0.000,0.000,0.000,0.000,0.000,0.104,
2026-08-30 04:00:00,Sunday,4,0.102,0.000,0.000,0.000,0.000,0.000,0.102,
2026-08-30 05:00:00,Sunday,5,0.139,0.000,0.000,0.000,0.000,0.000,0.139,
2026-08-30 06:00:00,Sunday,6,0.114,0.183,0.000,0.294,0.000,0.000,0.591,
2026-08-30 07:00:00,Sunday,7,0.091,0.218,0.000,0.262,0.000,0.000,0.571,
2026-08-30 08:00:00,Sunday,8,0.114,0.198,0.000,0.416,0.000,0.000,0.728,
2026-08-30 09:00:00,Sunday,9,0.097,0.201,0.000,0.000,0.182,0.000,0.480,
2026-08-30 10:00:00,Sunday,10,0.103,0.288,0.000,0.000,0.170,0.000,0.561,
2026-08-30 11:00:00,Sunday,11,0.128,0.257,0.000,0.000,0.100,0.000,0.485,
2026-08-30 12:00:00,Sunday,12,0.093,0.153,0.000,1.104,0.070,0.000,1.420,
2026-08-30 13:00:00,Sunday,13,0.120,0.229,0.000,0.000,0.082,0.933,1.364,zmywarka
2026-08-30 14:00:00,Sunday,14,0.102,0.000,0.000,0.000,0.103,0.000,0.205,
2026-08-30 15:00:00,Sunday,15,0.109,0.000,0.000,0.000,0.054,0.000,0.163,
2026-08-30 16:00:00,Sunday,16,0.097,0.000,0.000,0.000,0.129,0.000,0.226,
2026-08-30 17:00:00,Sunday,17,0.110,0.000,0.000,0.590,0.211,0.000,0.911,
2026-08-30 18:00:00,Sunday,18,0.124,0.201,0.000,0.000,0.166,0.000,0.491,
2026-08-30 19:00:00,Sunday,19,0.102,0.178,0.000,0.000,0.269,0.000,0.549,
2026-08-30 20:00:00,Sunday,20,0.096,0.249,0.000,0.000,0.128,0.000,0.473,
2026-08-30 21:00:00,Sunday,21,0.099,0.349,0.098,0.000,0.190,0.000,0.736,
2026-08-30 22:00:00,Sunday,22,0.098,0.209,0.113,0.000,0.124,0.000,0.544,
2026-08-30 23:00:00,Sunday,23,0.126,0.244,0.000,0.000,0.000,0.000,0.370,
2026-08-31 00:00:00,Monday,0,0.089,0.238,0.000,0.000,0.000,0.000,0.327,
2026-08-31 01:00:00,Monday,1,0.099,0.254,0.000,0.000,0.000,0.000,0.353,
2026-08-31 02:00:00,Monday,2,0.093,0.330,0.000,0.000,0.000,0.000,0.423,
2026-08-31 03:00:00,Monday,3,0.103,0.327,0.000,0.000,0.000,0.000,0.430,
2026-08-31 04:00:00,Monday,4,0.116,0.326,0.000,0.000,0.000,0.000,0.442,
2026-08-31 05:00:00,Monday,5,0.110,0.381,0.000,0.000,0.000,0.000,0.491,
2026-08-31 06:00:00,Monday,6,0.125,0.445,0.000,0.256,0.000,0.000,0.826,
2026-08-31 07:00:00,Monday,7,0.107,0.414,0.000,0.356,0.000,0.000,0.877,
2026-08-31 08:00:00,Monday,8,0.114,0.297,0.000,0.260,0.000,0.000,0.671,
2026-08-31 09:00:00,Monday,9,0.112,0.194,0.000,0.000,0.080,0.000,0.386,
2026-08-31 10:00:00,Monday,10,0.093,0.212,0.000,0.000,0.112,0.000,0.417,
2026-08-31 11:00:00,Monday,11,0.107,0.183,0.000,0.000,0.118,0.000,0.408,
2026-08-31 12:00:00,Monday,12,0.089,0.394,0.000,0.000,0.077,0.000,0.560,
2026-08-31 13:00:00,Monday,13,0.089,0.282,0.000,0.397,0.073,0.000,0.841,
2026-08-31 14:00:00,Monday,14,0.106,0.000,0.000,0.000,0.118,0.000,0.224,
2026-08-31 15:00:00,Monday,15,0.107,0.000,0.000,0.000,0.182,0.000,0.289,
2026-08-31 16:00:00,Monday,16,0.103,0.328,0.000,0.000,0.120,0.000,0.551,
2026-08-31 17:00:00,Monday,17,0.088,0.294,0.000,0.000,0.251,0.000,0.633,
2026-08-31 18:00:00,Monday,18,0.102,0.294,0.000,0.560,0.159,0.000,1.115,
2026-08-31 19:00:00,Monday,19,0.109,0.286,0.000,0.000,0.240,0.000,0.635,
2026-08-31 20:00:00,Monday,20,0.100,0.250,0.102,0.000,0.189,0.644,1.285,zmywarka
2026-08-31 21:00:00,Monday,21,0.106,0.282,0.098,0.000,0.127,0.000,0.613,
2026-08-31 22:00:00,Monday,22,0.122,0.176,0.086,0.000,0.156,0.000,0.540,
2026-08-31 23:00:00,Monday,23,0.123,0.212,0.000,0.000,0.000,0.000,0.335,
2026-09-01 00:00:00,Tuesday,0,0.109,0.000,0.000,0.000,0.000,0.000,0.109,wyjazd / nieobecność
2026-09-01 01:00:00,Tuesday,1,0.108,0.000,0.000,0.000,0.000,0.000,0.108,wyjazd / nieobecność
2026-09-01 02:00:00,Tuesday,2,0.088,0.000,0.000,0.000,0.000,0.000,0.088,wyjazd / nieobecność
2026-09-01 03:00:00,Tuesday,3,0.126,0.000,0.000,0.000,0.000,0.000,0.126,wyjazd / nieobecność
2026-09-01 04:00:00,Tuesday,4,0.097,0.166,0.000,0.000,0.000,0.000,0.263,wyjazd / nieobecność
2026-09-01 05:00:00,Tuesday,5,0.105,0.195,0.000,0.000,0.000,0.000,0.300,wyjazd / nieobecność
2026-09-01 06:00:00,Tuesday,6,0.112,0.187,0.000,0.000,0.000,0.000,0.299,wyjazd / nieobecność
2026-09-01 07:00:00,Tuesday,7,0.111,0.226,0.000,0.000,0.000,0.000,0.337,wyjazd / nieobecność
2026-09-01 08:00:00,Tuesday,8,0.108,0.000,0.000,0.000,0.000,0.000,0.108,wyjazd / nieobecność
2026-09-01 09:00:00,Tuesday,9,0.106,0.000,0.000,0.000,0.000,0.000,0.106,wyjazd / nieobecność
2026-09-01 10:00:00,Tuesday,10,0.126,0.000,0.000,0.000,0.000,0.000,0.126,wyjazd / nieobecność
2026-09-01 11:00:00,Tuesday,11,0.098,0.000,0.000,0.000,0.000,0.000,0.098,wyjazd / nieobecność
2026-09-01 12:00:00,Tuesday,12,0.093,0.000,0.000,0.000,0.000,0.000,0.093,wyjazd / nieobecność
2026-09-01 13:00:00,Tuesday,13,0.093,0.000,0.000,0.000,0.000,0.000,0.093,wyjazd / nieobecność
2026-09-01 14:00:00,Tuesday,14,0.122,0.000,0.000,0.000,0.000,0.000,0.122,wyjazd / nieobecność
2026-09-01 15:00:00,Tuesday,15,0.097,0.000,0.000,0.000,0.000,0.000,0.097,wyjazd / nieobecność
2026-09-01 16:00:00,Tuesday,16,0.094,0.000,0.000,0.000,0.000,0.000,0.094,wyjazd / nieobecność
2026-09-01 17:00:00,Tuesday,17,0.110,0.000,0.000,0.000,0.000,0.000,0.110,wyjazd / nieobecność
2026-09-01 18:00:00,Tuesday,18,0.111,0.000,0.000,0.000,0.000,0.000,0.111,wyjazd / nieobecność
2026-09-01 19:00:00,Tuesday,19,0.090,0.000,0.000,0.000,0.000,0.000,0.090,wyjazd / nieobecność
2026-09-01 20:00:00,Tuesday,20,0.117,0.000,0.000,0.000,0.000,0.000,0.117,wyjazd / nieobecność
2026-09-01 21:00:00,Tuesday,21,0.126,0.000,0.000,0.000,0.000,0.000,0.126,wyjazd / nieobecność
2026-09-01 22:00:00,Tuesday,22,0.113,0.000,0.000,0.000,0.000,0.000,0.113,wyjazd / nieobecność
2026-09-01 23:00:00,Tuesday,23,0.116,0.000,0.000,0.000,0.000,0.000,0.116,wyjazd / nieobecność
2026-09-02 00:00:00,Wednesday,0,0.110,0.320,0.000,0.000,0.000,0.000,0.430,
2026-09-02 01:00:00,Wednesday,1,0.120,0.357,0.000,0.000,0.000,0.000,0.477,
2026-09-02 02:00:00,Wednesday,2,0.124,0.383,0.000,0.000,0.000,0.000,0.507,
2026-09-02 03:00:00,Wednesday,3,0.122,0.430,0.000,0.000,0.000,0.000,0.552,
2026-09-02 04:00:00,Wednesday,4,0.125,0.486,0.000,0.000,0.000,0.000,0.611,
2026-09-02 05:00:00,Wednesday,5,0.130,0.434,0.000,0.000,0.000,0.000,0.564,
2026-09-02 06:00:00,Wednesday,6,0.104,0.602,0.084,0.290,0.000,0.000,1.080,
2026-09-02 07:00:00,Wednesday,7,0.095,0.436,0.000,0.242,0.000,0.000,0.773,
2026-09-02 08:00:00,Wednesday,8,0.124,0.473,0.000,0.402,0.000,0.000,0.999,
2026-09-02 09:00:00,Wednesday,9,0.109,0.409,0.000,0.000,0.162,0.000,0.680,praca zdalna
2026-09-02 10:00:00,Wednesday,10,0.120,0.293,0.000,0.000,0.191,0.000,0.604,praca zdalna
2026-09-02 11:00:00,Wednesday,11,0.092,0.238,0.000,0.000,0.209,0.000,0.539,praca zdalna
2026-09-02 12:00:00,Wednesday,12,0.109,0.205,0.000,0.401,0.211,0.000,0.926,praca zdalna
2026-09-02 13:00:00,Wednesday,13,0.128,0.183,0.000,0.000,0.169,0.000,0.480,praca zdalna
2026-09-02 14:00:00,Wednesday,14,0.093,0.286,0.000,0.000,0.261,0.000,0.640,praca zdalna
2026-09-02 15:00:00,Wednesday,15,0.098,0.300,0.000,0.000,0.263,0.000,0.661,praca zdalna
2026-09-02 16:00:00,Wednesday,16,0.095,0.299,0.000,0.000,0.301,0.000,0.695,praca zdalna
2026-09-02 17:00:00,Wednesday,17,0.122,0.290,0.000,0.507,0.270,0.000,1.189,
2026-09-02 18:00:00,Wednesday,18,0.117,0.342,0.000,0.000,0.276,0.000,0.735,
2026-09-02 19:00:00,Wednesday,19,0.115,0.353,0.000,0.000,0.268,0.000,0.736,
2026-09-02 20:00:00,Wednesday,20,0.096,0.364,0.186,0.000,0.226,0.874,1.746,zmywarka
2026-09-02 21:00:00,Wednesday,21,0.126,0.438,0.109,0.000,0.246,0.000,0.919,
2026-09-02 22:00:00,Wednesday,22,0.126,0.312,0.115,0.000,0.244,0.000,0.797,
2026-09-02 23:00:00,Wednesday,23,0.136,0.316,0.000,0.000,0.000,0.000,0.452,
2026-09-03 00:00:00,Thursday,0,0.103,0.334,0.000,0.000,0.000,0.000,0.437,
2026-09-03 01:00:00,Thursday,1,0.102,0.345,0.000,0.000,0.000,0.000,0.447,
2026-09-03 02:00:00,Thursday,2,0.145,0.343,0.000,0.000,0.000,0.000,0.488,
2026-09-03 03:00:00,Thursday,3,0.125,0.365,0.000,0.000,0.000,0.000,0.490,
2026-09-03 04:00:00,Thursday,4,0.110,0.395,0.000,0.000,0.000,0.000,0.505,
2026-09-03 05:00:00,Thursday,5,0.125,0.430,0.000,0.000,0.000,0.000,0.555,
2026-09-03 06:00:00,Thursday,6,0.102,0.620,0.128,0.298,0.000,0.000,1.148,
2026-09-03 07:00:00,Thursday,7,0.089,0.456,0.000,0.212,0.000,0.000,0.757,
2026-09-03 08:00:00,Thursday,8,0.125,0.498,0.000,0.294,0.000,0.000,0.917,
2026-09-03 09:00:00,Thursday,9,0.105,0.395,0.000,0.000,0.103,0.000,0.603,
2026-09-03 10:00:00,Thursday,10,0.096,0.442,0.000,0.000,0.110,0.000,0.648,
2026-09-03 11:00:00,Thursday,11,0.119,0.407,0.000,0.000,0.113,0.000,0.639,
2026-09-03 12:00:00,Thursday,12,0.126,0.315,0.000,0.000,0.072,0.631,1.144,pralka
2026-09-03 13:00:00,Thursday,13,0.093,0.302,0.000,0.306,0.078,1.463,2.242,suszarka
2026-09-03 14:00:00,Thursday,14,0.098,0.186,0.000,0.000,0.185,0.000,0.469,
2026-09-03 15:00:00,Thursday,15,0.107,0.154,0.000,0.000,0.090,0.000,0.351,
2026-09-03 16:00:00,Thursday,16,0.122,0.167,0.000,0.000,0.136,0.000,0.425,
2026-09-03 17:00:00,Thursday,17,0.115,0.000,0.000,0.000,0.154,0.000,0.269,
2026-09-03 18:00:00,Thursday,18,0.091,0.204,0.000,0.758,0.205,0.000,1.258,
2026-09-03 19:00:00,Thursday,19,0.113,0.192,0.000,0.000,0.124,0.736,1.165,zmywarka
2026-09-03 20:00:00,Thursday,20,0.122,0.217,0.108,0.000,0.174,0.000,0.621,
2026-09-03 21:00:00,Thursday,21,0.110,0.259,0.158,0.000,0.208,0.000,0.735,
2026-09-03 22:00:00,Thursday,22,0.094,0.169,0.070,0.000,0.277,0.000,0.610,
2026-09-03 23:00:00,Thursday,23,0.119,0.213,0.000,0.000,0.000,0.000,0.332,
2026-09-04 00:00:00,Friday,0,0.098,0.278,0.000,0.000,0.000,0.000,0.376,
2026-09-04 01:00:00,Friday,1,0.114,0.244,0.000,0.000,0.000,0.000,0.358,
2026-09-04 02:00:00,Friday,2,0.104,0.314,0.000,0.000,0.000,0.000,0.418,
2026-09-04 03:00:00,Friday,3,0.125,0.289,0.000,0.000,0.000,0.000,0.414,
2026-09-04 04:00:00,Friday,4,0.120,0.292,0.000,0.000,0.000,0.000,0.412,
2026-09-04 05:00:00,Friday,5,0.089,0.387,0.000,0.000,0.000,0.000,0.476,
2026-09-04 06:00:00,Friday,6,0.110,0.438,0.146,0.349,0.000,0.000,1.043,
2026-09-04 07:00:00,Friday,7,0.093,0.406,0.000,0.245,0.000,0.000,0.744,
2026-09-04 08:00:00,Friday,8,0.111,0.435,0.000,0.364,0.000,0.000,0.910,
2026-09-04 09:00:00,Friday,9,0.124,0.406,0.000,0.000,0.082,0.000,0.612,
2026-09-04 10:00:00,Friday,10,0.091,0.339,0.000,0.000,0.086,0.000,0.516,
2026-09-04 11:00:00,Friday,11,0.090,0.381,0.000,0.000,0.074,0.000,0.545,
2026-09-04 12:00:00,Friday,12,0.123,0.300,0.000,0.000,0.070,0.000,0.493,
2026-09-04 13:00:00,Friday,13,0.108,0.276,0.000,0.565,0.078,0.000,1.027,
2026-09-04 14:00:00,Friday,14,0.108,0.422,0.000,0.000,0.197,0.000,0.727,
2026-09-04 15:00:00,Friday,15,0.113,0.450,0.000,0.000,0.191,0.000,0.754,
2026-09-04 16:00:00,Friday,16,0.116,0.464,0.000,0.000,0.119,0.000,0.699,
2026-09-04 17:00:00,Friday,17,0.108,0.386,0.000,0.658,0.179,0.000,1.331,
2026-09-04 18:00:00,Friday,18,0.101,0.422,0.000,0.000,0.121,0.000,0.644,
2026-09-04 19:00:00,Friday,19,0.106,0.412,0.138,0.000,0.222,0.915,1.793,zmywarka
2026-09-04 20:00:00,Friday,20,0.092,0.494,0.161,0.000,0.162,0.000,0.909,
2026-09-04 21:00:00,Friday,21,0.091,0.494,0.215,0.000,0.154,0.000,0.954,
2026-09-04 22:00:00,Friday,22,0.115,0.486,0.083,0.000,0.272,0.000,0.956,
2026-09-04 23:00:00,Friday,23,0.117,0.452,0.000,0.000,0.000,0.000,0.569,
2026-09-05 00:00:00,Saturday,0,0.112,0.518,0.000,0.000,0.000,0.000,0.630,
2026-09-05 01:00:00,Saturday,1,0.126,0.474,0.000,0.000,0.000,0.000,0.600,
2026-09-05 02:00:00,Saturday,2,0.114,0.538,0.000,0.000,0.000,0.000,0.652,
2026-09-05 03:00:00,Saturday,3,0.120,0.538,0.000,0.000,0.000,0.000,0.658,
2026-09-05 04:00:00,Saturday,4,0.088,0.537,0.000,0.000,0.000,0.000,0.625,
2026-09-05 05:00:00,Saturday,5,0.133,0.482,0.000,0.000,0.000,0.000,0.615,
2026-09-05 06:00:00,Saturday,6,0.118,0.664,0.132,0.454,0.000,0.000,1.368,
2026-09-05 07:00:00,Saturday,7,0.115,0.647,0.000,0.218,0.000,0.000,0.980,
2026-09-05 08:00:00,Saturday,8,0.115,0.528,0.000,0.403,0.000,0.000,1.046,
2026-09-05 09:00:00,Saturday,9,0.127,0.456,0.000,0.000,0.119,0.000,0.702,
2026-09-05 10:00:00,Saturday,10,0.103,0.416,0.000,0.000,0.088,0.531,1.138,pralka
2026-09-05 11:00:00,Saturday,11,0.097,0.369,0.000,0.000,0.082,1.821,2.369,suszarka
2026-09-05 12:00:00,Saturday,12,0.123,0.348,0.000,0.541,0.183,0.000,1.195,
2026-09-05 13:00:00,Saturday,13,0.120,0.416,0.000,0.000,0.192,0.000,0.728,
2026-09-05 14:00:00,Saturday,14,0.105,0.337,0.000,0.000,0.096,0.646,1.184,zmywarka
2026-09-05 15:00:00,Saturday,15,0.104,0.298,0.000,0.000,0.186,0.000,0.588,
2026-09-05 16:00:00,Saturday,16,0.121,0.311,0.000,0.000,0.082,0.000,0.514,
2026-09-05 17:00:00,Saturday,17,0.109,0.387,0.000,0.000,0.167,0.000,0.663,
2026-09-05 18:00:00,Saturday,18,0.094,0.428,0.000,0.867,0.242,0.000,1.631,
2026-09-05 19:00:00,Saturday,19,0.090,0.418,0.000,0.000,0.128,0.000,0.636,
2026-09-05 20:00:00,Saturday,20,0.118,0.570,0.115,0.000,0.206,0.000,1.009,
2026-09-05 21:00:00,Saturday,21,0.124,0.583,0.186,0.000,0.268,0.000,1.161,
2026-09-05 22:00:00,Saturday,22,0.097,0.429,0.070,0.000,0.244,0.000,0.840,
2026-09-05 23:00:00,Saturday,23,0.114,0.376,0.000,0.000,0.000,0.000,0.490,
2026-09-06 00:00:00,Sunday,0,0.133,0.470,0.000,0.000,0.000,0.000,0.603,
2026-09-06 01:00:00,Sunday,1,0.106,0.505,0.000,0.000,0.000,0.000,0.611,
2026-09-06 02:00:00,Sunday,2,0.102,0.439,0.000,0.000,0.000,0.000,0.541,
2026-09-06 03:00:00,Sunday,3,0.090,0.430,0.000,0.000,0.000,0.000,0.520,
2026-09-06 04:00:00,Sunday,4,0.117,0.436,0.000,0.000,0.000,0.000,0.553,
2026-09-06 05:00:00,Sunday,5,0.123,0.435,0.000,0.000,0.000,0.000,0.558,
2026-09-06 06:00:00,Sunday,6,0.092,0.606,0.080,0.288,0.000,0.000,1.066,
2026-09-06 07:00:00,Sunday,7,0.117,0.566,0.000,0.422,0.000,0.000,1.105,
2026-09-06 08:00:00,Sunday,8,0.114,0.619,0.000,0.258,0.000,0.000,0.991,
2026-09-06 09:00:00,Sunday,9,0.116,0.507,0.000,0.000,0.069,0.000,0.692,
2026-09-06 10:00:00,Sunday,10,0.094,0.484,0.000,0.000,0.105,0.000,0.683,
2026-09-06 11:00:00,Sunday,11,0.127,0.389,0.000,0.000,0.074,0.000,0.590,
2026-09-06 12:00:00,Sunday,12,0.117,0.321,0.000,0.000,0.166,0.000,0.604,
2026-09-06 13:00:00,Sunday,13,0.121,0.294,0.000,1.093,0.138,0.000,1.646,
2026-09-06 14:00:00,Sunday,14,0.105,0.314,0.000,0.000,0.120,0.795,1.334,zmywarka
2026-09-06 15:00:00,Sunday,15,0.122,0.337,0.000,0.000,0.119,0.000,0.578,
2026-09-06 16:00:00,Sunday,16,0.112,0.293,0.000,0.000,0.091,0.000,0.496,
2026-09-06 17:00:00,Sunday,17,0.094,0.279,0.000,0.546,0.223,0.000,1.142,
2026-09-06 18:00:00,Sunday,18,0.117,0.277,0.000,0.000,0.158,0.000,0.552,
2026-09-06 19:00:00,Sunday,19,0.105,0.332,0.000,0.000,0.120,0.000,0.557,
2026-09-06 20:00:00,Sunday,20,0.110,0.368,0.202,0.000,0.255,0.000,0.935,
2026-09-06 21:00:00,Sunday,21,0.125,0.493,0.188,0.000,0.270,0.000,1.076,
2026-09-06 22:00:00,Sunday,22,0.125,0.348,0.104,0.000,0.162,0.000,0.739,
2026-09-06 23:00:00,Sunday,23,0.124,0.393,0.000,0.000,0.000,0.000,0.517,
2026-09-07 00:00:00,Monday,0,0.104,0.329,0.000,0.000,0.000,0.000,0.433,
2026-09-07 01:00:00,Monday,1,0.115,0.449,0.000,0.000,0.000,0.000,0.564,
2026-09-07 02:00:00,Monday,2,0.111,0.374,0.000,0.000,0.000,0.000,0.485,
2026-09-07 03:00:00,Monday,3,0.116,0.336,0.000,0.000,0.000,0.000,0.452,
2026-09-07 04:00:00,Monday,4,0.108,0.359,0.000,0.000,0.000,0.000,0.467,
2026-09-07 05:00:00,Monday,5,0.117,0.351,0.000,0.000,0.000,0.000,0.468,
2026-09-07 06:00:00,Monday,6,0.120,0.378,0.157,0.310,0.000,0.000,0.965,
2026-09-07 07:00:00,Monday,7,0.108,0.420,0.000,0.338,0.000,0.000,0.866,
2026-09-07 08:00:00,Monday,8,0.106,0.376,0.000,0.360,0.000,0.000,0.842,
2026-09-07 09:00:00,Monday,9,0.090,0.346,0.000,0.000,0.096,0.000,0.532,
2026-09-07 10:00:00,Monday,10,0.099,0.278,0.000,0.000,0.076,0.000,0.453,
2026-09-07 11:00:00,Monday,11,0.104,0.318,0.000,0.000,0.076,0.000,0.498,
2026-09-07 12:00:00,Monday,12,0.122,0.290,0.000,0.000,0.096,0.000,0.508,
2026-09-07 13:00:00,Monday,13,0.102,0.245,0.000,0.386,0.118,0.000,0.851,
2026-09-07 14:00:00,Monday,14,0.096,0.178,0.000,0.000,0.102,0.000,0.376,
2026-09-07 15:00:00,Monday,15,0.116,0.164,0.000,0.000,0.108,0.000,0.388,
2026-09-07 16:00:00,Monday,16,0.108,0.000,0.000,0.000,0.123,0.000,0.231,
2026-09-07 17:00:00,Monday,17,0.100,0.000,0.000,0.000,0.228,0.000,0.328,
2026-09-07 18:00:00,Monday,18,0.106,0.000,0.000,1.194,0.274,0.000,1.574,
2026-09-07 19:00:00,Monday,19,0.096,0.175,0.000,0.000,0.255,0.861,1.387,zmywarka
2026-09-07 20:00:00,Monday,20,0.110,0.193,0.081,0.000,0.197,0.000,0.581,
2026-09-07 21:00:00,Monday,21,0.110,0.000,0.228,0.000,0.244,0.000,0.582,
2026-09-07 22:00:00,Monday,22,0.115,0.000,0.083,0.000,0.189,0.000,0.387,
2026-09-07 23:00:00,Monday,23,0.091,0.000,0.000,0.000,0.000,0.000,0.091,
2026-09-08 00:00:00,Tuesday,0,0.133,0.000,0.000,0.000,0.000,0.000,0.133,
2026-09-08 01:00:00,Tuesday,1,0.110,0.000,0.000,0.000,0.000,0.000,0.110,
2026-09-08 02:00:00,Tuesday,2,0.094,0.000,0.000,0.000,0.000,0.000,0.094,
2026-09-08 03:00:00,Tuesday,3,0.099,0.000,0.000,0.000,0.000,0.000,0.099,
2026-09-08 04:00:00,Tuesday,4,0.095,0.000,0.000,0.000,0.000,0.000,0.095,
2026-09-08 05:00:00,Tuesday,5,0.097,0.000,0.000,0.000,0.000,0.000,0.097,
2026-09-08 06:00:00,Tuesday,6,0.123,0.290,0.160,0.401,0.000,0.000,0.974,
2026-09-08 07:00:00,Tuesday,7,0.123,0.316,0.000,0.322,0.000,0.000,0.761,
2026-09-08 08:00:00,Tuesday,8,0.114,0.286,0.000,0.476,0.000,0.000,0.876,
2026-09-08 09:00:00,Tuesday,9,0.109,0.269,0.000,0.000,0.098,0.670,1.146,pralka
2026-09-08 10:00:00,Tuesday,10,0.124,0.183,0.000,0.000,0.074,1.874,2.255,suszarka
2026-09-08 11:00:00,Tuesday,11,0.106,0.260,0.000,0.000,0.080,0.000,0.446,
2026-09-08 12:00:00,Tuesday,12,0.091,0.189,0.000,0.000,0.075,0.000,0.355,
2026-09-08 13:00:00,Tuesday,13,0.122,0.161,0.000,0.336,0.090,0.000,0.709,
2026-09-08 14:00:00,Tuesday,14,0.115,0.000,0.000,0.000,0.158,0.000,0.273,
2026-09-08 15:00:00,Tuesday,15,0.115,0.184,0.000,0.000,0.155,0.000,0.454,
2026-09-08 16:00:00,Tuesday,16,0.126,0.254,0.000,0.000,0.186,0.000,0.566,
2026-09-08 17:00:00,Tuesday,17,0.127,0.334,0.000,0.822,0.246,0.000,1.529,
2026-09-08 18:00:00,Tuesday,18,0.107,0.410,0.000,0.000,0.132,0.000,0.649,
2026-09-08 19:00:00,Tuesday,19,0.115,0.362,0.102,0.000,0.250,0.000,0.829,
2026-09-08 20:00:00,Tuesday,20,0.095,0.503,0.200,0.000,0.193,0.000,0.991,
2026-09-08 21:00:00,Tuesday,21,0.121,0.462,0.211,0.000,0.121,0.000,0.915,
2026-09-08 22:00:00,Tuesday,22,0.117,0.401,0.069,0.000,0.182,0.000,0.769,
2026-09-08 23:00:00,Tuesday,23,0.116,0.357,0.000,0.000,0.000,0.000,0.473,
2026-09-09 00:00:00,Wednesday,0,0.129,0.373,0.000,0.000,0.000,0.000,0.502,
2026-09-09 01:00:00,Wednesday,1,0.117,0.347,0.000,0.000,0.000,0.000,0.464,
2026-09-09 02:00:00,Wednesday,2,0.123,0.391,0.000,0.000,0.000,0.000,0.514,
2026-09-09 03:00:00,Wednesday,3,0.096,0.380,0.000,0.000,0.000,0.000,0.476,
2026-09-09 04:00:00,Wednesday,4,0.139,0.391,0.000,0.000,0.000,0.000,0.530,
2026-09-09 05:00:00,Wednesday,5,0.099,0.414,0.000,0.000,0.000,0.000,0.513,
2026-09-09 06:00:00,Wednesday,6,0.124,0.523,0.082,0.322,0.000,0.000,1.051,
2026-09-09 07:00:00,Wednesday,7,0.119,0.521,0.000,0.122,0.000,0.000,0.762,
2026-09-09 08:00:00,Wednesday,8,0.123,0.550,0.000,0.274,0.000,0.000,0.947,
2026-09-09 09:00:00,Wednesday,9,0.090,0.616,0.000,0.000,0.102,0.000,0.808,
2026-09-09 10:00:00,Wednesday,10,0.126,0.518,0.000,0.000,0.082,0.000,0.726,
2026-09-09 11:00:00,Wednesday,11,0.108,0.370,0.000,0.000,0.081,0.000,0.559,
2026-09-09 12:00:00,Wednesday,12,0.094,0.375,0.000,0.000,0.078,0.000,0.547,
2026-09-09 13:00:00,Wednesday,13,0.122,0.334,0.000,0.351,0.117,0.000,0.924,
2026-09-09 14:00:00,Wednesday,14,0.115,0.271,0.000,0.000,0.142,0.000,0.528,
2026-09-09 15:00:00,Wednesday,15,0.090,0.252,0.000,0.000,0.166,0.000,0.508,
2026-09-09 16:00:00,Wednesday,16,0.114,0.268,0.000,0.000,0.098,0.000,0.480,
2026-09-09 17:00:00,Wednesday,17,0.106,0.290,0.000,0.000,0.210,0.000,0.606,
2026-09-09 18:00:00,Wednesday,18,0.094,0.362,0.000,0.651,0.189,0.000,1.296,
2026-09-09 19:00:00,Wednesday,19,0.097,0.439,0.000,0.000,0.223,0.000,0.759,
2026-09-09 20:00:00,Wednesday,20,0.102,0.554,0.088,0.000,0.241,0.780,1.765,zmywarka
2026-09-09 21:00:00,Wednesday,21,0.095,0.617,0.208,0.000,0.251,0.000,1.171,
2026-09-09 22:00:00,Wednesday,22,0.093,0.409,0.092,0.000,0.132,0.000,0.726,
2026-09-09 23:00:00,Wednesday,23,0.104,0.518,0.000,0.000,0.000,0.000,0.622,
2026-09-10 00:00:00,Thursday,0,0.108,0.574,0.000,0.000,0.000,0.000,0.682,
2026-09-10 01:00:00,Thursday,1,0.134,0.717,0.000,0.000,0.000,0.000,0.851,
2026-09-10 02:00:00,Thursday,2,0.102,0.612,0.000,0.000,0.000,0.000,0.714,
2026-09-10 03:00:00,Thursday,3,0.142,0.672,0.000,0.000,0.000,0.000,0.814,
2026-09-10 04:00:00,Thursday,4,0.122,0.632,0.000,0.000,0.000,0.000,0.754,
2026-09-10 05:00:00,Thursday,5,0.114,0.651,0.000,0.000,0.000,0.000,0.765,
2026-09-10 06:00:00,Thursday,6,0.097,0.703,0.097,0.442,0.000,0.000,1.339,
2026-09-10 07:00:00,Thursday,7,0.122,0.787,0.000,0.418,0.000,0.000,1.327,
2026-09-10 08:00:00,Thursday,8,0.092,0.665,0.000,0.226,0.000,0.000,0.983,
2026-09-10 09:00:00,Thursday,9,0.120,0.669,0.000,0.000,0.067,0.000,0.856,
2026-09-10 10:00:00,Thursday,10,0.115,0.501,0.000,0.000,0.114,0.000,0.730,
2026-09-10 11:00:00,Thursday,11,0.109,0.383,0.000,0.000,0.110,0.000,0.602,
2026-09-10 12:00:00,Thursday,12,0.091,0.407,0.000,0.381,0.088,0.000,0.967,
2026-09-10 13:00:00,Thursday,13,0.104,0.406,0.000,0.000,0.078,0.000,0.588,
2026-09-10 14:00:00,Thursday,14,0.106,0.302,0.000,0.000,0.102,0.000,0.510,
2026-09-10 15:00:00,Thursday,15,0.107,0.386,0.000,0.000,0.126,0.000,0.619,
2026-09-10 16:00:00,Thursday,16,0.125,0.299,0.000,0.000,0.172,0.000,0.596,
2026-09-10 17:00:00,Thursday,17,0.117,0.382,0.000,0.594,0.120,0.000,1.213,
2026-09-10 18:00:00,Thursday,18,0.104,0.382,0.000,0.000,0.243,0.000,0.729,
2026-09-10 19:00:00,Thursday,19,0.091,0.437,0.000,0.000,0.183,0.000,0.711,
2026-09-10 20:00:00,Thursday,20,0.101,0.544,0.200,0.000,0.166,0.931,1.942,zmywarka
2026-09-10 21:00:00,Thursday,21,0.107,0.678,0.184,0.000,0.209,0.000,1.178,
2026-09-10 22:00:00,Thursday,22,0.093,0.545,0.051,0.000,0.278,0.000,0.967,
2026-09-10 23:00:00,Thursday,23,0.095,0.523,0.000,0.000,0.000,0.000,0.618,
2026-09-11 00:00:00,Friday,0,0.106,0.609,0.000,0.000,0.000,0.000,0.715,
2026-09-11 01:00:00,Friday,1,0.115,0.555,0.000,0.000,0.000,0.000,0.670,
2026-09-11 02:00:00,Friday,2,0.122,0.592,0.000,0.000,0.000,0.000,0.714,
2026-09-11 03:00:00,Friday,3,0.100,0.562,0.000,0.000,0.000,0.000,0.662,
2026-09-11 04:00:00,Friday,4,0.129,0.693,0.000,0.000,0.000,0.000,0.822,
2026-09-11 05:00:00,Friday,5,0.114,0.634,0.000,0.000,0.000,0.000,0.748,
2026-09-11 06:00:00,Friday,6,0.122,0.870,0.064,0.182,0.000,0.000,1.238,
2026-09-11 07:00:00,Friday,7,0.108,0.644,0.000,0.458,0.000,0.000,1.210,
2026-09-11 08:00:00,Friday,8,0.100,0.594,0.000,0.411,0.000,0.000,1.105,
2026-09-11 09:00:00,Friday,9,0.100,0.483,0.000,0.000,0.204,0.000,0.787,praca zdalna
2026-09-11 10:00:00,Friday,10,0.091,0.421,0.000,0.000,0.157,0.000,0.669,praca zdalna
2026-09-11 11:00:00,Friday,11,0.102,0.398,0.000,0.000,0.208,0.000,0.708,praca zdalna
2026-09-11 12:00:00,Friday,12,0.120,0.350,0.000,0.000,0.158,0.000,0.628,praca zdalna
2026-09-11 13:00:00,Friday,13,0.101,0.309,0.000,0.700,0.223,0.000,1.333,praca zdalna
2026-09-11 14:00:00,Friday,14,0.119,0.306,0.000,0.000,0.311,0.000,0.736,praca zdalna
2026-09-11 15:00:00,Friday,15,0.110,0.268,0.000,0.000,0.300,0.000,0.678,praca zdalna
2026-09-11 16:00:00,Friday,16,0.128,0.261,0.000,0.000,0.234,0.000,0.623,praca zdalna
2026-09-11 17:00:00,Friday,17,0.121,0.294,0.000,0.000,0.258,0.000,0.673,
2026-09-11 18:00:00,Friday,18,0.126,0.300,0.000,0.858,0.161,0.000,1.445,
2026-09-11 19:00:00,Friday,19,0.106,0.316,0.174,0.000,0.258,0.000,0.854,
2026-09-11 20:00:00,Friday,20,0.100,0.432,0.169,0.000,0.218,0.862,1.781,zmywarka
2026-09-11 21:00:00,Friday,21,0.115,0.376,0.130,0.000,0.140,0.000,0.761,
2026-09-11 22:00:00,Friday,22,0.089,0.252,0.119,0.000,0.216,0.000,0.676,
2026-09-11 23:00:00,Friday,23,0.120,0.238,0.000,0.000,0.000,0.000,0.358,
2026-09-12 00:00:00,Saturday,0,0.100,0.255,0.000,0.000,0.000,0.000,0.355,
2026-09-12 01:00:00,Saturday,1,0.092,0.282,0.000,0.000,0.000,0.000,0.374,
2026-09-12 02:00:00,Saturday,2,0.102,0.227,0.000,0.000,0.000,0.000,0.329,
2026-09-12 03:00:00,Saturday,3,0.101,0.286,0.000,0.000,0.000,0.000,0.387,
2026-09-12 04:00:00,Saturday,4,0.136,0.307,0.000,0.000,0.000,0.000,0.443,
2026-09-12 05:00:00,Saturday,5,0.100,0.396,0.000,0.000,0.000,0.000,0.496,
2026-09-12 06:00:00,Saturday,6,0.114,0.629,0.074,0.162,0.000,0.000,0.979,
2026-09-12 07:00:00,Saturday,7,0.100,0.547,0.000,0.364,0.000,0.000,1.011,
2026-09-12 08:00:00,Saturday,8,0.092,0.627,0.000,0.428,0.000,0.000,1.147,
2026-09-12 09:00:00,Saturday,9,0.112,0.471,0.000,0.000,0.106,0.000,0.689,
2026-09-12 10:00:00,Saturday,10,0.104,0.364,0.000,0.000,0.143,0.000,0.611,
2026-09-12 11:00:00,Saturday,11,0.126,0.306,0.000,0.000,0.075,0.791,1.298,pralka
2026-09-12 12:00:00,Saturday,12,0.094,0.281,0.000,0.000,0.114,0.000,0.489,
2026-09-12 13:00:00,Saturday,13,0.117,0.195,0.000,0.662,0.171,0.666,1.811,zmywarka
2026-09-12 14:00:00,Saturday,14,0.097,0.185,0.000,0.000,0.114,0.000,0.396,
2026-09-12 15:00:00,Saturday,15,0.092,0.166,0.000,0.000,0.154,0.000,0.412,
2026-09-12 16:00:00,Saturday,16,0.100,0.162,0.000,0.000,0.040,0.000,0.302,
2026-09-12 17:00:00,Saturday,17,0.114,0.259,0.000,0.000,0.130,0.000,0.503,
2026-09-12 18:00:00,Saturday,18,0.089,0.260,0.000,0.553,0.162,0.000,1.064,
2026-09-12 19:00:00,Saturday,19,0.122,0.377,0.166,0.000,0.140,0.000,0.805,
2026-09-12 20:00:00,Saturday,20,0.127,0.282,0.185,0.000,0.271,0.000,0.865,
2026-09-12 21:00:00,Saturday,21,0.091,0.378,0.146,0.000,0.222,0.000,0.837,
2026-09-12 22:00:00,Saturday,22,0.117,0.319,0.098,0.000,0.220,0.000,0.754,
2026-09-12 23:00:00,Saturday,23,0.105,0.290,0.000,0.000,0.000,0.000,0.395,
2026-09-13 00:00:00,Sunday,0,0.122,0.249,0.000,0.000,0.000,0.000,0.371,
2026-09-13 01:00:00,Sunday,1,0.099,0.321,0.000,0.000,0.000,0.000,0.420,
2026-09-13 02:00:00,Sunday,2,0.110,0.315,0.000,0.000,0.000,0.000,0.425,
2026-09-13 03:00:00,Sunday,3,0.107,0.280,0.000,0.000,0.000,0.000,0.387,
2026-09-13 04:00:00,Sunday,4,0.090,0.262,0.000,0.000,0.000,0.000,0.352,
2026-09-13 05:00:00,Sunday,5,0.117,0.263,0.000,0.000,0.000,0.000,0.380,
2026-09-13 06:00:00,Sunday,6,0.121,0.358,0.066,0.209,0.000,0.000,0.754,
2026-09-13 07:00:00,Sunday,7,0.119,0.386,0.000,0.454,0.000,0.000,0.959,
2026-09-13 08:00:00,Sunday,8,0.097,0.470,0.000,0.252,0.000,0.000,0.819,
2026-09-13 09:00:00,Sunday,9,0.092,0.359,0.000,0.000,0.103,0.000,0.554,
2026-09-13 10:00:00,Sunday,10,0.118,0.362,0.000,0.000,0.171,0.000,0.651,
2026-09-13 11:00:00,Sunday,11,0.090,0.282,0.000,0.000,0.149,0.613,1.134,pralka
2026-09-13 12:00:00,Sunday,12,0.107,0.190,0.000,0.000,0.157,1.563,2.017,suszarka
2026-09-13 13:00:00,Sunday,13,0.098,0.000,0.000,1.047,0.117,0.931,2.193,zmywarka
2026-09-13 14:00:00,Sunday,14,0.101,0.170,0.000,0.000,0.084,0.000,0.355,
2026-09-13 15:00:00,Sunday,15,0.114,0.202,0.000,0.000,0.114,0.000,0.430,
2026-09-13 16:00:00,Sunday,16,0.123,0.218,0.000,0.000,0.075,0.000,0.416,
2026-09-13 17:00:00,Sunday,17,0.118,0.214,0.000,0.000,0.210,0.000,0.542,
2026-09-13 18:00:00,Sunday,18,0.099,0.243,0.000,0.578,0.214,0.000,1.134,
2026-09-13 19:00:00,Sunday,19,0.111,0.332,0.198,0.000,0.246,0.000,0.887,
2026-09-13 20:00:00,Sunday,20,0.098,0.372,0.181,0.000,0.170,0.000,0.821,
2026-09-13 21:00:00,Sunday,21,0.114,0.536,0.166,0.000,0.241,0.000,1.057,
2026-09-13 22:00:00,Sunday,22,0.099,0.353,0.106,0.000,0.178,0.000,0.736,
2026-09-13 23:00:00,Sunday,23,0.138,0.469,0.000,0.000,0.000,0.000,0.607,
2026-09-14 00:00:00,Monday,0,0.126,0.217,0.000,0.000,0.000,0.000,0.343,wyjazd / nieobecność
2026-09-14 01:00:00,Monday,1,0.097,0.292,0.000,0.000,0.000,0.000,0.389,wyjazd / nieobecność
2026-09-14 02:00:00,Monday,2,0.126,0.376,0.000,0.000,0.000,0.000,0.502,wyjazd / nieobecność
2026-09-14 03:00:00,Monday,3,0.121,0.389,0.000,0.000,0.000,0.000,0.510,wyjazd / nieobecność
2026-09-14 04:00:00,Monday,4,0.105,0.406,0.000,0.000,0.000,0.000,0.511,wyjazd / nieobecność
2026-09-14 05:00:00,Monday,5,0.120,0.465,0.000,0.000,0.000,0.000,0.585,wyjazd / nieobecność
2026-09-14 06:00:00,Monday,6,0.113,0.460,0.000,0.000,0.000,0.000,0.573,wyjazd / nieobecność
2026-09-14 07:00:00,Monday,7,0.102,0.522,0.000,0.000,0.000,0.000,0.624,wyjazd / nieobecność
2026-09-14 08:00:00,Monday,8,0.104,0.457,0.000,0.000,0.000,0.000,0.561,wyjazd / nieobecność
2026-09-14 09:00:00,Monday,9,0.099,0.378,0.000,0.000,0.096,0.000,0.573,wyjazd / nieobecność; praca zdalna
2026-09-14 10:00:00,Monday,10,0.110,0.254,0.000,0.000,0.072,0.000,0.436,wyjazd / nieobecność; praca zdalna
2026-09-14 11:00:00,Monday,11,0.120,0.198,0.000,0.000,0.118,0.000,0.436,wyjazd / nieobecność; praca zdalna
2026-09-14 12:00:00,Monday,12,0.118,0.000,0.000,0.000,0.104,0.000,0.222,wyjazd / nieobecność; praca zdalna
2026-09-14 13:00:00,Monday,13,0.090,0.000,0.000,0.000,0.079,0.000,0.169,wyjazd / nieobecność; praca zdalna
2026-09-14 14:00:00,Monday,14,0.094,0.000,0.000,0.000,0.079,0.000,0.173,wyjazd / nieobecność; praca zdalna
2026-09-14 15:00:00,Monday,15,0.098,0.000,0.000,0.000,0.135,0.000,0.233,wyjazd / nieobecność; praca zdalna
2026-09-14 16:00:00,Monday,16,0.093,0.000,0.000,0.000,0.142,0.000,0.235,wyjazd / nieobecność; praca zdalna
2026-09-14 17:00:00,Monday,17,0.100,0.000,0.000,0.000,0.000,0.000,0.100,wyjazd / nieobecność
2026-09-14 18:00:00,Monday,18,0.126,0.000,0.000,0.000,0.000,0.000,0.126,wyjazd / nieobecność
2026-09-14 19:00:00,Monday,19,0.124,0.000,0.000,0.000,0.000,0.000,0.124,wyjazd / nieobecność
2026-09-14 20:00:00,Monday,20,0.096,0.193,0.000,0.000,0.000,0.000,0.289,wyjazd / nieobecność
2026-09-14 21:00:00,Monday,21,0.123,0.224,0.000,0.000,0.000,0.000,0.347,wyjazd / nieobecność
2026-09-14 22:00:00,Monday,22,0.103,0.189,0.000,0.000,0.000,0.000,0.292,wyjazd / nieobecność
2026-09-14 23:00:00,Monday,23,0.119,0.198,0.000,0.000,0.000,0.000,0.317,wyjazd / nieobecność
2026-09-15 00:00:00,Tuesday,0,0.109,0.472,0.000,0.000,0.000,0.000,0.581,
2026-09-15 01:00:00,Tuesday,1,0.109,0.418,0.000,0.000,0.000,0.000,0.527,
2026-09-15 02:00:00,Tuesday,2,0.117,0.466,0.000,0.000,0.000,0.000,0.583,
2026-09-15 03:00:00,Tuesday,3,0.125,0.496,0.000,0.000,0.000,0.000,0.621,
2026-09-15 04:00:00,Tuesday,4,0.120,0.470,0.000,0.000,0.000,0.000,0.590,
2026-09-15 05:00:00,Tuesday,5,0.111,0.416,0.000,0.000,0.000,0.000,0.527,
2026-09-15 06:00:00,Tuesday,6,0.119,0.486,0.164,0.258,0.000,0.000,1.027,
2026-09-15 07:00:00,Tuesday,7,0.113,0.506,0.000,0.150,0.000,0.000,0.769,
2026-09-15 08:00:00,Tuesday,8,0.095,0.403,0.000,0.284,0.000,0.000,0.782,
2026-09-15 09:00:00,Tuesday,9,0.114,0.346,0.000,0.000,0.071,0.000,0.531,
2026-09-15 10:00:00,Tuesday,10,0.104,0.430,0.000,0.000,0.074,0.000,0.608,
2026-09-15 11:00:00,Tuesday,11,0.094,0.378,0.000,0.000,0.093,0.000,0.565,
2026-09-15 12:00:00,Tuesday,12,0.101,0.378,0.000,0.000,0.094,0.000,0.573,
2026-09-15 13:00:00,Tuesday,13,0.122,0.328,0.000,0.374,0.090,0.718,1.632,pralka
2026-09-15 14:00:00,Tuesday,14,0.114,0.218,0.000,0.000,0.118,1.664,2.114,suszarka
2026-09-15 15:00:00,Tuesday,15,0.106,0.268,0.000,0.000,0.186,0.000,0.560,
2026-09-15 16:00:00,Tuesday,16,0.106,0.262,0.000,0.000,0.066,0.000,0.434,
2026-09-15 17:00:00,Tuesday,17,0.088,0.238,0.000,0.514,0.222,0.000,1.062,
2026-09-15 18:00:00,Tuesday,18,0.103,0.225,0.000,0.000,0.254,0.000,0.582,
2026-09-15 19:00:00,Tuesday,19,0.091,0.192,0.104,0.000,0.186,0.000,0.573,
2026-09-15 20:00:00,Tuesday,20,0.107,0.158,0.153,0.000,0.205,0.756,1.379,zmywarka
2026-09-15 21:00:00,Tuesday,21,0.097,0.000,0.220,0.000,0.153,0.000,0.470,
2026-09-15 22:00:00,Tuesday,22,0.110,0.000,0.057,0.000,0.262,0.000,0.429,
2026-09-15 23:00:00,Tuesday,23,0.126,0.000,0.000,0.000,0.000,0.000,0.126,
2026-09-16 00:00:00,Wednesday,0,0.136,0.000,0.000,0.000,0.000,0.000,0.136,
2026-09-16 01:00:00,Wednesday,1,0.099,0.195,0.000,0.000,0.000,0.000,0.294,
2026-09-16 02:00:00,Wednesday,2,0.120,0.170,0.000,0.000,0.000,0.000,0.290,
2026-09-16 03:00:00,Wednesday,3,0.112,0.214,0.000,0.000,0.000,0.000,0.326,
2026-09-16 04:00:00,Wednesday,4,0.130,0.265,0.000,0.000,0.000,0.000,0.395,
2026-09-16 05:00:00,Wednesday,5,0.116,0.314,0.000,0.000,0.000,0.000,0.430,
2026-09-16 06:00:00,Wednesday,6,0.101,0.490,0.108,0.263,0.000,0.000,0.962,
2026-09-16 07:00:00,Wednesday,7,0.111,0.534,0.000,0.218,0.000,0.000,0.863,
2026-09-16 08:00:00,Wednesday,8,0.110,0.610,0.000,0.298,0.000,0.000,1.018,
2026-09-16 09:00:00,Wednesday,9,0.091,0.559,0.000,0.000,0.066,0.000,0.716,
2026-09-16 10:00:00,Wednesday,10,0.111,0.436,0.000,0.000,0.103,0.000,0.650,
2026-09-16 11:00:00,Wednesday,11,0.107,0.414,0.000,0.000,0.070,0.000,0.591,
2026-09-16 12:00:00,Wednesday,12,0.122,0.357,0.000,0.304,0.108,0.000,0.891,
2026-09-16 13:00:00,Wednesday,13,0.124,0.278,0.000,0.000,0.066,0.000,0.468,
2026-09-16 14:00:00,Wednesday,14,0.090,0.318,0.000,0.000,0.160,0.000,0.568,
2026-09-16 15:00:00,Wednesday,15,0.094,0.267,0.000,0.000,0.135,0.000,0.496,
2026-09-16 16:00:00,Wednesday,16,0.097,0.285,0.000,0.000,0.118,0.000,0.500,
2026-09-16 17:00:00,Wednesday,17,0.122,0.291,0.000,0.000,0.197,0.000,0.610,
2026-09-16 18:00:00,Wednesday,18,0.091,0.294,0.000,0.486,0.258,0.000,1.129,
2026-09-16 19:00:00,Wednesday,19,0.117,0.381,0.000,0.000,0.178,0.000,0.676,
2026-09-16 20:00:00,Wednesday,20,0.091,0.509,0.094,0.000,0.123,0.742,1.559,zmywarka
2026-09-16 21:00:00,Wednesday,21,0.089,0.484,0.205,0.000,0.141,0.000,0.919,
2026-09-16 22:00:00,Wednesday,22,0.110,0.445,0.108,0.000,0.224,0.000,0.887,
2026-09-16 23:00:00,Wednesday,23,0.113,0.528,0.000,0.000,0.000,0.000,0.641,
2026-09-17 00:00:00,Thursday,0,0.107,0.515,0.000,0.000,0.000,0.000,0.622,
2026-09-17 01:00:00,Thursday,1,0.117,0.601,0.000,0.000,0.000,0.000,0.718,
2026-09-17 02:00:00,Thursday,2,0.090,0.628,0.000,0.000,0.000,0.000,0.718,
2026-09-17 03:00:00,Thursday,3,0.144,0.724,0.000,0.000,0.000,0.000,0.868,
2026-09-17 04:00:00,Thursday,4,0.124,0.606,0.000,0.000,0.000,0.000,0.730,
2026-09-17 05:00:00,Thursday,5,0.105,0.647,0.000,0.000,0.000,0.000,0.752,
2026-09-17 06:00:00,Thursday,6,0.107,0.947,0.067,0.394,0.000,0.000,1.515,
2026-09-17 07:00:00,Thursday,7,0.126,0.907,0.000,0.409,0.000,0.000,1.442,
2026-09-17 08:00:00,Thursday,8,0.127,0.726,0.000,0.275,0.000,0.000,1.128,
2026-09-17 09:00:00,Thursday,9,0.111,0.646,0.000,0.000,0.102,0.000,0.859,
2026-09-17 10:00:00,Thursday,10,0.102,0.650,0.000,0.000,0.102,0.000,0.854,
2026-09-17 11:00:00,Thursday,11,0.090,0.520,0.000,0.000,0.064,0.000,0.674,
2026-09-17 12:00:00,Thursday,12,0.106,0.495,0.000,0.000,0.097,0.000,0.698,
2026-09-17 13:00:00,Thursday,13,0.095,0.374,0.000,0.502,0.065,0.000,1.036,
2026-09-17 14:00:00,Thursday,14,0.094,0.435,0.000,0.000,0.157,0.000,0.686,
2026-09-17 15:00:00,Thursday,15,0.122,0.375,0.000,0.000,0.113,0.000,0.610,
2026-09-17 16:00:00,Thursday,16,0.126,0.510,0.000,0.000,0.126,0.000,0.762,
2026-09-17 17:00:00,Thursday,17,0.111,0.442,0.000,0.000,0.216,0.000,0.769,
2026-09-17 18:00:00,Thursday,18,0.120,0.526,0.000,0.827,0.167,0.000,1.640,
2026-09-17 19:00:00,Thursday,19,0.123,0.409,0.207,0.000,0.127,0.000,0.866,
2026-09-17 20:00:00,Thursday,20,0.098,0.430,0.083,0.000,0.191,0.000,0.802,
2026-09-17 21:00:00,Thursday,21,0.092,0.350,0.156,0.000,0.251,0.000,0.849,
2026-09-17 22:00:00,Thursday,22,0.098,0.270,0.105,0.000,0.210,0.000,0.683,
2026-09-17 23:00:00,Thursday,23,0.099,0.316,0.000,0.000,0.000,0.000,0.415,
2026-09-18 00:00:00,Friday,0,0.121,0.357,0.000,0.000,0.000,0.000,0.478,
2026-09-18 01:00:00,Friday,1,0.122,0.387,0.000,0.000,0.000,0.000,0.509,
2026-09-18 02:00:00,Friday,2,0.094,0.446,0.000,0.000,0.000,0.000,0.540,
2026-09-18 03:00:00,Friday,3,0.104,0.433,0.000,0.000,0.000,0.000,0.537,
2026-09-18 04:00:00,Friday,4,0.114,0.468,0.000,0.000,0.000,0.000,0.582,
2026-09-18 05:00:00,Friday,5,0.113,0.526,0.000,0.000,0.000,0.000,0.639,
2026-09-18 06:00:00,Friday,6,0.128,0.561,0.074,0.261,0.000,0.000,1.024,
2026-09-18 07:00:00,Friday,7,0.126,0.705,0.000,0.422,0.000,0.000,1.253,
2026-09-18 08:00:00,Friday,8,0.113,0.622,0.000,0.242,0.000,0.000,0.977,
2026-09-18 09:00:00,Friday,9,0.126,0.572,0.000,0.000,0.106,0.000,0.804,
2026-09-18 10:00:00,Friday,10,0.117,0.514,0.000,0.000,0.070,0.000,0.701,
2026-09-18 11:00:00,Friday,11,0.118,0.560,0.000,0.000,0.072,0.000,0.750,
2026-09-18 12:00:00,Friday,12,0.093,0.397,0.000,0.718,0.083,0.000,1.291,
2026-09-18 13:00:00,Friday,13,0.090,0.475,0.000,0.000,0.099,0.000,0.664,
2026-09-18 14:00:00,Friday,14,0.117,0.333,0.000,0.000,0.075,0.000,0.525,
2026-09-18 15:00:00,Friday,15,0.115,0.322,0.000,0.000,0.196,0.000,0.633,
2026-09-18 16:00:00,Friday,16,0.089,0.318,0.000,0.000,0.114,0.000,0.521,
2026-09-18 17:00:00,Friday,17,0.091,0.325,0.000,0.706,0.174,0.000,1.296,
2026-09-18 18:00:00,Friday,18,0.095,0.461,0.000,0.000,0.230,0.000,0.786,
2026-09-18 19:00:00,Friday,19,0.123,0.510,0.000,0.000,0.137,0.825,1.595,zmywarka
2026-09-18 20:00:00,Friday,20,0.123,0.586,0.210,0.000,0.223,0.000,1.142,
2026-09-18 21:00:00,Friday,21,0.120,0.504,0.233,0.000,0.268,0.000,1.125,
2026-09-18 22:00:00,Friday,22,0.118,0.385,0.069,0.000,0.260,0.000,0.832,
2026-09-18 23:00:00,Friday,23,0.109,0.499,0.000,0.000,0.000,0.000,0.608,
2026-09-19 00:00:00,Saturday,0,0.122,0.368,0.000,0.000,0.000,0.000,0.490,
2026-09-19 01:00:00,Saturday,1,0.123,0.362,0.000,0.000,0.000,0.000,0.485,
2026-09-19 02:00:00,Saturday,2,0.146,0.420,0.000,0.000,0.000,0.000,0.566,
2026-09-19 03:00:00,Saturday,3,0.102,0.333,0.000,0.000,0.000,0.000,0.435,
2026-09-19 04:00:00,Saturday,4,0.122,0.402,0.000,0.000,0.000,0.000,0.524,
2026-09-19 05:00:00,Saturday,5,0.110,0.456,0.000,0.000,0.000,0.000,0.566,
2026-09-19 06:00:00,Saturday,6,0.091,0.524,0.151,0.345,0.000,0.000,1.111,
2026-09-19 07:00:00,Saturday,7,0.126,0.478,0.000,0.278,0.000,0.000,0.882,
2026-09-19 08:00:00,Saturday,8,0.124,0.546,0.000,0.394,0.000,0.000,1.064,
2026-09-19 09:00:00,Saturday,9,0.094,0.534,0.000,0.000,0.045,0.643,1.316,pralka
2026-09-19 10:00:00,Saturday,10,0.123,0.405,0.000,0.000,0.058,1.306,1.892,suszarka
2026-09-19 11:00:00,Saturday,11,0.094,0.338,0.000,0.000,0.166,0.000,0.598,
2026-09-19 12:00:00,Saturday,12,0.115,0.299,0.000,0.794,0.178,0.000,1.386,
2026-09-19 13:00:00,Saturday,13,0.092,0.331,0.000,0.000,0.162,0.792,1.377,zmywarka
2026-09-19 14:00:00,Saturday,14,0.114,0.338,0.000,0.000,0.045,0.000,0.497,
2026-09-19 15:00:00,Saturday,15,0.112,0.246,0.000,0.000,0.116,0.000,0.474,
2026-09-19 16:00:00,Saturday,16,0.122,0.287,0.000,0.000,0.177,0.000,0.586,
2026-09-19 17:00:00,Saturday,17,0.111,0.268,0.000,0.502,0.200,0.000,1.081,
2026-09-19 18:00:00,Saturday,18,0.114,0.265,0.000,0.000,0.278,0.000,0.657,
2026-09-19 19:00:00,Saturday,19,0.128,0.317,0.102,0.000,0.224,0.000,0.771,
2026-09-19 20:00:00,Saturday,20,0.121,0.307,0.218,0.000,0.181,0.000,0.827,
2026-09-19 21:00:00,Saturday,21,0.119,0.317,0.160,0.000,0.254,0.000,0.850,
2026-09-19 22:00:00,Saturday,22,0.096,0.227,0.102,0.000,0.267,0.000,0.692,
2026-09-19 23:00:00,Saturday,23,0.113,0.241,0.000,0.000,0.000,0.000,0.354,
2026-09-20 00:00:00,Sunday,0,0.092,0.242,0.000,0.000,0.000,0.000,0.334,
2026-09-20 01:00:00,Sunday,1,0.091,0.237,0.000,0.000,0.000,0.000,0.328,
2026-09-20 02:00:00,Sunday,2,0.094,0.377,0.000,0.000,0.000,0.000,0.471,
2026-09-20 03:00:00,Sunday,3,0.127,0.350,0.000,0.000,0.000,0.000,0.477,
2026-09-20 04:00:00,Sunday,4,0.134,0.342,0.000,0.000,0.000,0.000,0.476,
2026-09-20 05:00:00,Sunday,5,0.119,0.378,0.000,0.000,0.000,0.000,0.497,
2026-09-20 06:00:00,Sunday,6,0.117,0.506,0.138,0.262,0.000,0.000,1.023,
2026-09-20 07:00:00,Sunday,7,0.089,0.554,0.000,0.160,0.000,0.000,0.803,
2026-09-20 08:00:00,Sunday,8,0.106,0.542,0.000,0.368,0.000,0.000,1.016,
2026-09-20 09:00:00,Sunday,9,0.099,0.526,0.000,0.000,0.148,0.700,1.473,pralka
2026-09-20 10:00:00,Sunday,10,0.109,0.398,0.000,0.000,0.077,1.893,2.477,suszarka
2026-09-20 11:00:00,Sunday,11,0.123,0.396,0.000,0.000,0.115,0.000,0.634,
2026-09-20 12:00:00,Sunday,12,0.117,0.364,0.000,0.356,0.172,0.000,1.009,
2026-09-20 13:00:00,Sunday,13,0.108,0.371,0.000,0.000,0.195,0.000,0.674,
2026-09-20 14:00:00,Sunday,14,0.101,0.485,0.000,0.000,0.174,0.711,1.471,zmywarka
2026-09-20 15:00:00,Sunday,15,0.094,0.696,0.000,0.000,0.084,0.000,0.874,
2026-09-20 16:00:00,Sunday,16,0.121,0.407,0.000,0.000,0.183,0.000,0.711,
2026-09-20 17:00:00,Sunday,17,0.116,0.566,0.000,0.614,0.214,0.000,1.510,
2026-09-20 18:00:00,Sunday,18,0.114,0.676,0.000,0.000,0.163,0.000,0.953,
2026-09-20 19:00:00,Sunday,19,0.103,0.742,0.000,0.000,0.187,0.000,1.032,
2026-09-20 20:00:00,Sunday,20,0.125,0.785,0.097,0.000,0.181,0.000,1.188,
2026-09-20 21:00:00,Sunday,21,0.111,0.750,0.086,0.000,0.170,0.000,1.117,
2026-09-20 22:00:00,Sunday,22,0.106,0.543,0.070,0.000,0.208,0.000,0.927,
2026-09-20 23:00:00,Sunday,23,0.112,0.633,0.000,0.000,0.000,0.000,0.745,
2026-09-21 00:00:00,Monday,0,0.115,0.566,0.000,0.000,0.000,0.000,0.681,
2026-09-21 01:00:00,Monday,1,0.097,0.614,0.000,0.000,0.000,0.000,0.711,
2026-09-21 02:00:00,Monday,2,0.128,0.606,0.000,0.000,0.000,0.000,0.734,
2026-09-21 03:00:00,Monday,3,0.128,0.522,0.000,0.000,0.000,0.000,0.650,
2026-09-21 04:00:00,Monday,4,0.094,0.532,0.000,0.000,0.000,0.000,0.626,
2026-09-21 05:00:00,Monday,5,0.111,0.572,0.000,0.000,0.000,0.000,0.683,
2026-09-21 06:00:00,Monday,6,0.094,0.883,0.164,0.298,0.000,0.000,1.439,
2026-09-21 07:00:00,Monday,7,0.115,0.752,0.000,0.250,0.000,0.000,1.117,
2026-09-21 08:00:00,Monday,8,0.118,0.810,0.000,0.288,0.000,0.000,1.216,
2026-09-21 09:00:00,Monday,9,0.109,0.690,0.000,0.000,0.072,0.000,0.871,
2026-09-21 10:00:00,Monday,10,0.098,0.546,0.000,0.000,0.079,0.000,0.723,
2026-09-21 11:00:00,Monday,11,0.122,0.602,0.000,0.000,0.073,0.000,0.797,
2026-09-21 12:00:00,Monday,12,0.103,0.604,0.000,0.000,0.108,0.000,0.815,
2026-09-21 13:00:00,Monday,13,0.127,0.507,0.000,0.290,0.074,0.000,0.998,
2026-09-21 14:00:00,Monday,14,0.096,0.495,0.000,0.000,0.101,0.000,0.692,
2026-09-21 15:00:00,Monday,15,0.093,0.526,0.000,0.000,0.175,0.000,0.794,
2026-09-21 16:00:00,Monday,16,0.111,0.430,0.000,0.000,0.086,0.000,0.627,
2026-09-21 17:00:00,Monday,17,0.094,0.414,0.000,0.542,0.228,0.000,1.278,
2026-09-21 18:00:00,Monday,18,0.114,0.469,0.000,0.000,0.135,0.000,0.718,
2026-09-21 19:00:00,Monday,19,0.122,0.702,0.000,0.000,0.190,0.714,1.728,zmywarka
2026-09-21 20:00:00,Monday,20,0.127,0.773,0.233,0.000,0.207,0.000,1.340,
2026-09-21 21:00:00,Monday,21,0.128,0.835,0.168,0.000,0.206,0.000,1.337,
2026-09-21 22:00:00,Monday,22,0.125,0.544,0.071,0.000,0.229,0.000,0.969,
2026-09-21 23:00:00,Monday,23,0.106,0.678,0.000,0.000,0.000,0.000,0.784,
2026-09-22 00:00:00,Tuesday,0,0.099,0.650,0.000,0.000,0.000,0.000,0.749,
2026-09-22 01:00:00,Tuesday,1,0.112,0.630,0.000,0.000,0.000,0.000,0.742,
2026-09-22 02:00:00,Tuesday,2,0.098,0.730,0.000,0.000,0.000,0.000,0.828,
2026-09-22 03:00:00,Tuesday,3,0.114,0.714,0.000,0.000,0.000,0.000,0.828,
2026-09-22 04:00:00,Tuesday,4,0.112,0.711,0.000,0.000,0.000,0.000,0.823,
2026-09-22 05:00:00,Tuesday,5,0.128,0.594,0.000,0.000,0.000,0.000,0.722,
2026-09-22 06:00:00,Tuesday,6,0.113,0.726,0.150,0.386,0.000,0.000,1.375,
2026-09-22 07:00:00,Tuesday,7,0.122,0.821,0.000,0.379,0.000,0.000,1.322,
2026-09-22 08:00:00,Tuesday,8,0.103,0.810,0.000,0.138,0.000,0.000,1.051,
2026-09-22 09:00:00,Tuesday,9,0.113,0.662,0.000,0.000,0.244,0.629,1.648,praca zdalna; pralka
2026-09-22 10:00:00,Tuesday,10,0.112,0.583,0.000,0.000,0.223,1.700,2.618,praca zdalna; suszarka
2026-09-22 11:00:00,Tuesday,11,0.099,0.512,0.000,0.000,0.186,0.000,0.797,praca zdalna
2026-09-22 12:00:00,Tuesday,12,0.110,0.512,0.000,0.000,0.229,0.000,0.851,praca zdalna
2026-09-22 13:00:00,Tuesday,13,0.122,0.427,0.000,0.322,0.163,0.000,1.034,praca zdalna
2026-09-22 14:00:00,Tuesday,14,0.115,0.279,0.000,0.000,0.160,0.000,0.554,praca zdalna
2026-09-22 15:00:00,Tuesday,15,0.123,0.322,0.000,0.000,0.143,0.000,0.588,praca zdalna
2026-09-22 16:00:00,Tuesday,16,0.098,0.298,0.000,0.000,0.345,0.000,0.741,praca zdalna
2026-09-22 17:00:00,Tuesday,17,0.119,0.318,0.000,0.000,0.223,0.000,0.660,
2026-09-22 18:00:00,Tuesday,18,0.118,0.382,0.000,0.710,0.151,0.000,1.361,
2026-09-22 19:00:00,Tuesday,19,0.122,0.494,0.000,0.000,0.132,0.000,0.748,
2026-09-22 20:00:00,Tuesday,20,0.118,0.715,0.233,0.000,0.158,0.948,2.172,zmywarka
2026-09-22 21:00:00,Tuesday,21,0.106,0.652,0.230,0.000,0.270,0.000,1.258,
2026-09-22 22:00:00,Tuesday,22,0.098,0.678,0.094,0.000,0.256,0.000,1.126,
2026-09-22 23:00:00,Tuesday,23,0.122,0.703,0.000,0.000,0.000,0.000,0.825,
