Data_Czas,Dzien_Tygodnia,Godzina,Baza_kWh,Ogrzewanie_kWh,Oswietlenie_kWh,Gotowanie_kWh,RTV_PC_kWh,Duze_AGD_kWh,Calkowite_Zuzycie_kWh,Zdarzenia
2025-09-23 00:00:00,Tuesday,0,0.066,0.649,0.000,0.000,0.000,0.000,0.715,
2025-09-23 01:00:00,Tuesday,1,0.094,0.592,0.000,0.000,0.000,0.000,0.686,
2025-09-23 02:00:00,Tuesday,2,0.100,0.637,0.000,0.000,0.000,0.000,0.737,
2025-09-23 03:00:00,Tuesday,3,0.083,0.779,0.000,0.000,0.000,0.000,0.862,
2025-09-23 04:00:00,Tuesday,4,0.102,0.608,0.000,0.000,0.000,0.000,0.710,
2025-09-23 05:00:00,Tuesday,5,0.101,0.746,0.000,0.000,0.000,0.000,0.847,
2025-09-23 06:00:00,Tuesday,6,0.077,0.824,0.067,0.349,0.000,0.000,1.317,
2025-09-23 07:00:00,Tuesday,7,0.077,0.860,0.000,0.189,0.000,0.000,1.126,
2025-09-23 08:00:00,Tuesday,8,0.073,0.734,0.000,0.145,0.000,0.000,0.952,
2025-09-23 09:00:00,Tuesday,9,0.091,0.818,0.000,0.000,0.101,0.000,1.010,praca zdalna
2025-09-23 10:00:00,Tuesday,10,0.071,0.677,0.000,0.000,0.188,0.000,0.936,praca zdalna
2025-09-23 11:00:00,Tuesday,11,0.066,0.545,0.000,0.000,0.193,0.000,0.804,praca zdalna
2025-09-23 12:00:00,Tuesday,12,0.078,0.505,0.000,0.245,0.149,0.000,0.977,praca zdalna
2025-09-23 13:00:00,Tuesday,13,0.091,0.452,0.000,0.000,0.162,0.568,1.273,praca zdalna; pralka
2025-09-23 14:00:00,Tuesday,14,0.082,0.386,0.000,0.000,0.175,1.186,1.829,praca zdalna; suszarka
2025-09-23 15:00:00,Tuesday,15,0.078,0.346,0.000,0.000,0.136,0.000,0.560,praca zdalna
2025-09-23 16:00:00,Tuesday,16,0.079,0.451,0.000,0.000,0.229,0.000,0.759,praca zdalna
2025-09-23 17:00:00,Tuesday,17,0.079,0.472,0.000,0.449,0.147,0.000,1.147,
2025-09-23 18:00:00,Tuesday,18,0.069,0.530,0.000,0.000,0.135,0.000,0.734,
2025-09-23 19:00:00,Tuesday,19,0.081,0.527,0.000,0.000,0.102,0.586,1.296,zmywarka
2025-09-23 20:00:00,Tuesday,20,0.086,0.504,0.088,0.000,0.139,0.000,0.817,
2025-09-23 21:00:00,Tuesday,21,0.089,0.715,0.082,0.000,0.163,0.000,1.049,
2025-09-23 22:00:00,Tuesday,22,0.070,0.481,0.076,0.000,0.185,0.000,0.812,
2025-09-23 23:00:00,Tuesday,23,0.097,0.509,0.000,0.000,0.000,0.000,0.606,
2025-09-24 00:00:00,Wednesday,0,0.090,0.602,0.000,0.000,0.000,0.000,0.692,
2025-09-24 01:00:00,Wednesday,1,0.077,0.547,0.000,0.000,0.000,0.000,0.624,
2025-09-24 02:00:00,Wednesday,2,0.088,0.535,0.000,0.000,0.000,0.000,0.623,
2025-09-24 03:00:00,Wednesday,3,0.111,0.776,0.000,0.000,0.000,0.000,0.887,
2025-09-24 04:00:00,Wednesday,4,0.077,0.912,0.000,0.000,0.000,0.000,0.989,
2025-09-24 05:00:00,Wednesday,5,0.090,0.790,0.000,0.000,0.000,0.000,0.880,
2025-09-24 06:00:00,Wednesday,6,0.073,1.024,0.089,0.272,0.000,0.000,1.458,
2025-09-24 07:00:00,Wednesday,7,0.078,0.832,0.000,0.111,0.000,0.000,1.021,
2025-09-24 08:00:00,Wednesday,8,0.077,0.953,0.000,0.160,0.000,0.000,1.190,
2025-09-24 09:00:00,Wednesday,9,0.092,0.755,0.000,0.000,0.124,0.000,0.971,praca zdalna
2025-09-24 10:00:00,Wednesday,10,0.071,0.727,0.000,0.000,0.156,0.000,0.954,praca zdalna
2025-09-24 11:00:00,Wednesday,11,0.087,0.718,0.000,0.000,0.169,0.000,0.974,praca zdalna
2025-09-24 12:00:00,Wednesday,12,0.084,0.628,0.000,0.000,0.125,0.000,0.837,praca zdalna
2025-09-24 13:00:00,Wednesday,13,0.088,0.545,0.000,0.234,0.125,0.000,0.992,praca zdalna
2025-09-24 14:00:00,Wednesday,14,0.086,0.485,0.000,0.000,0.172,0.000,0.743,praca zdalna
2025-09-24 15:00:00,Wednesday,15,0.067,0.415,0.000,0.000,0.201,0.000,0.683,praca zdalna
2025-09-24 16:00:00,Wednesday,16,0.076,0.466,0.000,0.000,0.187,0.000,0.729,praca zdalna
2025-09-24 17:00:00,Wednesday,17,0.071,0.426,0.000,0.000,0.096,0.000,0.593,
2025-09-24 18:00:00,Wednesday,18,0.069,0.495,0.000,0.645,0.206,0.000,1.415,
2025-09-24 19:00:00,Wednesday,19,0.075,0.501,0.000,0.000,0.107,0.000,0.683,
2025-09-24 20:00:00,Wednesday,20,0.088,0.572,0.137,0.000,0.109,0.671,1.577,zmywarka
2025-09-24 21:00:00,Wednesday,21,0.078,0.547,0.081,0.000,0.091,0.000,0.797,
2025-09-24 22:00:00,Wednesday,22,0.079,0.504,0.035,0.000,0.198,0.000,0.816,
2025-09-24 23:00:00,Wednesday,23,0.088,0.579,0.000,0.000,0.000,0.000,0.667,
2025-09-25 00:00:00,Thursday,0,0.075,0.493,0.000,0.000,0.000,0.000,0.568,
2025-09-25 01:00:00,Thursday,1,0.097,0.578,0.000,0.000,0.000,0.000,0.675,
2025-09-25 02:00:00,Thursday,2,0.086,0.668,0.000,0.000,0.000,0.000,0.754,
2025-09-25 03:00:00,Thursday,3,0.074,0.737,0.000,0.000,0.000,0.000,0.811,
2025-09-25 04:00:00,Thursday,4,0.089,0.781,0.000,0.000,0.000,0.000,0.870,
2025-09-25 05:00:00,Thursday,5,0.086,0.852,0.000,0.000,0.000,0.000,0.938,
2025-09-25 06:00:00,Thursday,6,0.090,0.819,0.100,0.258,0.000,0.000,1.267,
2025-09-25 07:00:00,Thursday,7,0.085,0.823,0.000,0.199,0.000,0.000,1.107,
2025-09-25 08:00:00,Thursday,8,0.085,0.839,0.000,0.245,0.000,0.000,1.169,
2025-09-25 09:00:00,Thursday,9,0.094,0.819,0.000,0.000,0.064,0.000,0.977,
2025-09-25 10:00:00,Thursday,10,0.083,0.705,0.000,0.000,0.064,0.000,0.852,
2025-09-25 11:00:00,Thursday,11,0.073,0.570,0.000,0.000,0.077,0.000,0.720,
2025-09-25 12:00:00,Thursday,12,0.082,0.514,0.000,0.000,0.061,0.583,1.240,pralka
2025-09-25 13:00:00,Thursday,13,0.089,0.516,0.000,0.217,0.082,0.000,0.904,
2025-09-25 14:00:00,Thursday,14,0.073,0.373,0.000,0.000,0.100,0.000,0.546,
2025-09-25 15:00:00,Thursday,15,0.084,0.330,0.000,0.000,0.114,0.000,0.528,
2025-09-25 16:00:00,Thursday,16,0.073,0.316,0.000,0.000,0.095,0.000,0.484,
2025-09-25 17:00:00,Thursday,17,0.068,0.416,0.000,0.000,0.171,0.000,0.655,
2025-09-25 18:00:00,Thursday,18,0.082,0.384,0.000,0.367,0.191,0.000,1.024,
2025-09-25 19:00:00,Thursday,19,0.070,0.389,0.000,0.000,0.205,0.594,1.258,zmywarka
2025-09-25 20:00:00,Thursday,20,0.083,0.458,0.123,0.000,0.197,0.000,0.861,
2025-09-25 21:00:00,Thursday,21,0.094,0.468,0.162,0.000,0.106,0.000,0.830,
2025-09-25 22:00:00,Thursday,22,0.080,0.438,0.080,0.000,0.137,0.000,0.735,
2025-09-25 23:00:00,Thursday,23,0.104,0.526,0.000,0.000,0.000,0.000,0.630,
2025-09-26 00:00:00,Friday,0,0.107,0.516,0.000,0.000,0.000,0.000,0.623,
2025-09-26 01:00:00,Friday,1,0.091,0.475,0.000,0.000,0.000,0.000,0.566,
2025-09-26 02:00:00,Friday,2,0.074,0.437,0.000,0.000,0.000,0.000,0.511,
2025-09-26 03:00:00,Friday,3,0.093,0.494,0.000,0.000,0.000,0.000,0.587,
2025-09-26 04:00:00,Friday,4,0.097,0.547,0.000,0.000,0.000,0.000,0.644,
2025-09-26 05:00:00,Friday,5,0.067,0.652,0.000,0.000,0.000,0.000,0.719,
2025-09-26 06:00:00,Friday,6,0.068,0.715,0.116,0.265,0.000,0.000,1.164,
2025-09-26 07:00:00,Friday,7,0.090,0.683,0.000,0.229,0.000,0.000,1.002,
2025-09-26 08:00:00,Friday,8,0.077,0.653,0.000,0.214,0.000,0.000,0.944,
2025-09-26 09:00:00,Friday,9,0.068,0.658,0.000,0.000,0.149,0.000,0.875,praca zdalna
2025-09-26 10:00:00,Friday,10,0.076,0.563,0.000,0.000,0.108,0.000,0.747,praca zdalna
2025-09-26 11:00:00,Friday,11,0.082,0.469,0.000,0.000,0.143,0.000,0.694,praca zdalna
2025-09-26 12:00:00,Friday,12,0.067,0.386,0.000,0.000,0.167,0.000,0.620,praca zdalna
2025-09-26 13:00:00,Friday,13,0.080,0.424,0.000,0.310,0.125,0.000,0.939,praca zdalna
2025-09-26 14:00:00,Friday,14,0.081,0.331,0.000,0.000,0.130,0.584,1.126,praca zdalna; pralka
2025-09-26 15:00:00,Friday,15,0.083,0.402,0.000,0.000,0.185,0.000,0.670,praca zdalna
2025-09-26 16:00:00,Friday,16,0.071,0.400,0.000,0.000,0.189,0.000,0.660,praca zdalna
2025-09-26 17:00:00,Friday,17,0.082,0.401,0.000,0.000,0.152,0.000,0.635,goście
2025-09-26 18:00:00,Friday,18,0.087,0.377,0.000,0.704,0.153,0.000,1.321,goście
2025-09-26 19:00:00,Friday,19,0.095,0.533,0.000,0.000,0.133,0.511,1.272,goście; zmywarka
2025-09-26 20:00:00,Friday,20,0.071,0.506,0.149,0.000,0.128,0.000,0.854,goście
2025-09-26 21:00:00,Friday,21,0.094,0.440,0.161,0.000,0.140,0.000,0.835,goście
2025-09-26 22:00:00,Friday,22,0.082,0.347,0.065,0.000,0.168,0.000,0.662,
2025-09-26 23:00:00,Friday,23,0.087,0.437,0.000,0.000,0.000,0.000,0.524,
2025-09-27 00:00:00,Saturday,0,0.089,0.384,0.000,0.000,0.000,0.000,0.473,
2025-09-27 01:00:00,Saturday,1,0.083,0.412,0.000,0.000,0.000,0.000,0.495,
2025-09-27 02:00:00,Saturday,2,0.085,0.480,0.000,0.000,0.000,0.000,0.565,
2025-09-27 03:00:00,Saturday,3,0.071,0.443,0.000,0.000,0.000,0.000,0.514,
2025-09-27 04:00:00,Saturday,4,0.083,0.494,0.000,0.000,0.000,0.000,0.577,
2025-09-27 05:00:00,Saturday,5,0.086,0.496,0.000,0.000,0.000,0.000,0.582,
2025-09-27 06:00:00,Saturday,6,0.074,0.636,0.060,0.327,0.000,0.000,1.097,
2025-09-27 07:00:00,Saturday,7,0.080,0.752,0.000,0.197,0.000,0.000,1.029,
2025-09-27 08:00:00,Saturday,8,0.071,0.611,0.000,0.191,0.000,0.000,0.873,
2025-09-27 09:00:00,Saturday,9,0.083,0.531,0.000,0.000,0.103,0.000,0.717,
2025-09-27 10:00:00,Saturday,10,0.086,0.560,0.000,0.000,0.064,0.417,1.127,pralka
2025-09-27 11:00:00,Saturday,11,0.071,0.410,0.000,0.000,0.101,1.343,1.925,suszarka
2025-09-27 12:00:00,Saturday,12,0.085,0.409,0.000,0.395,0.049,0.000,0.938,
2025-09-27 13:00:00,Saturday,13,0.075,0.371,0.000,0.000,0.074,0.517,1.037,zmywarka
2025-09-27 14:00:00,Saturday,14,0.092,0.323,0.000,0.000,0.137,0.000,0.552,
2025-09-27 15:00:00,Saturday,15,0.082,0.277,0.000,0.000,0.098,0.000,0.457,
2025-09-27 16:00:00,Saturday,16,0.076,0.352,0.000,0.000,0.106,0.000,0.534,
2025-09-27 17:00:00,Saturday,17,0.086,0.379,0.000,0.703,0.182,0.000,1.350,
2025-09-27 18:00:00,Saturday,18,0.081,0.433,0.000,0.000,0.148,0.000,0.662,
2025-09-27 19:00:00,Saturday,19,0.073,0.505,0.091,0.000,0.109,0.000,0.778,
2025-09-27 20:00:00,Saturday,20,0.067,0.431,0.074,0.000,0.097,0.000,0.669,
2025-09-27 21:00:00,Saturday,21,0.080,0.581,0.065,0.000,0.103,0.000,0.829,
2025-09-27 22:00:00,Saturday,22,0.075,0.460,0.052,0.000,0.158,0.000,0.745,
2025-09-27 23:00:00,Saturday,23,0.089,0.518,0.000,0.000,0.000,0.000,0.607,
2025-09-28 00:00:00,Sunday,0,0.084,0.520,0.000,0.000,0.000,0.000,0.604,
2025-09-28 01:00:00,Sunday,1,0.089,0.523,0.000,0.000,0.000,0.000,0.612,
2025-09-28 02:00:00,Sunday,2,0.083,0.482,0.000,0.000,0.000,0.000,0.565,
2025-09-28 03:00:00,Sunday,3,0.100,0.596,0.000,0.000,0.000,0.000,0.696,
2025-09-28 04:00:00,Sunday,4,0.068,0.572,0.000,0.000,0.000,0.000,0.640,
2025-09-28 05:00:00,Sunday,5,0.074,0.536,0.000,0.000,0.000,0.000,0.610,
2025-09-28 06:00:00,Sunday,6,0.095,0.578,0.045,0.249,0.000,0.000,0.967,
2025-09-28 07:00:00,Sunday,7,0.091,0.704,0.000,0.298,0.000,0.000,1.093,
2025-09-28 08:00:00,Sunday,8,0.088,0.561,0.000,0.289,0.000,0.000,0.938,
2025-09-28 09:00:00,Sunday,9,0.074,0.622,0.000,0.000,0.124,0.000,0.820,
2025-09-28 10:00:00,Sunday,10,0.073,0.581,0.000,0.000,0.095,0.000,0.749,
2025-09-28 11:00:00,Sunday,11,0.080,0.451,0.000,0.000,0.055,0.000,0.586,
2025-09-28 12:00:00,Sunday,12,0.085,0.320,0.000,0.667,0.064,0.000,1.136,
2025-09-28 13:00:00,Sunday,13,0.093,0.364,0.000,0.000,0.076,0.000,0.533,
2025-09-28 14:00:00,Sunday,14,0.076,0.335,0.000,0.000,0.091,0.000,0.502,
2025-09-28 15:00:00,Sunday,15,0.071,0.313,0.000,0.000,0.094,0.000,0.478,
2025-09-28 16:00:00,Sunday,16,0.091,0.253,0.000,0.000,0.060,0.000,0.404,
2025-09-28 17:00:00,Sunday,17,0.076,0.333,0.000,0.868,0.174,0.000,1.451,goście
2025-09-28 18:00:00,Sunday,18,0.082,0.374,0.000,0.000,0.152,0.000,0.608,goście
2025-09-28 19:00:00,Sunday,19,0.075,0.418,0.098,0.000,0.197,0.000,0.788,goście
2025-09-28 20:00:00,Sunday,20,0.067,0.438,0.122,0.000,0.108,0.000,0.735,goście
2025-09-28 21:00:00,Sunday,21,0.069,0.554,0.134,0.000,0.151,0.000,0.908,goście
2025-09-28 22:00:00,Sunday,22,0.071,0.456,0.055,0.000,0.094,0.000,0.676,
2025-09-28 23:00:00,Sunday,23,0.089,0.362,0.000,0.000,0.000,0.000,0.451,
2025-09-29 00:00:00,Monday,0,0.085,0.362,0.000,0.000,0.000,0.000,0.447,
2025-09-29 01:00:00,Monday,1,0.106,0.415,0.000,0.000,0.000,0.000,0.521,
2025-09-29 02:00:00,Monday,2,0.078,0.464,0.000,0.000,0.000,0.000,0.542,
2025-09-29 03:00:00,Monday,3,0.078,0.457,0.000,0.000,0.000,0.000,0.535,
2025-09-29 04:00:00,Monday,4,0.100,0.469,0.000,0.000,0.000,0.000,0.569,
2025-09-29 05:00:00,Monday,5,0.093,0.541,0.000,0.000,0.000,0.000,0.634,
2025-09-29 06:00:00,Monday,6,0.086,0.646,0.063,0.292,0.000,0.000,1.087,
2025-09-29 07:00:00,Monday,7,0.094,0.649,0.000,0.250,0.000,0.000,0.993,
2025-09-29 08:00:00,Monday,8,0.095,0.686,0.000,0.239,0.000,0.000,1.020,
2025-09-29 09:00:00,Monday,9,0.070,0.510,0.000,0.000,0.062,0.000,0.642,
2025-09-29 10:00:00,Monday,10,0.095,0.526,0.000,0.000,0.064,0.000,0.685,
2025-09-29 11:00:00,Monday,11,0.068,0.441,0.000,0.000,0.056,0.000,0.565,
2025-09-29 12:00:00,Monday,12,0.086,0.462,0.000,0.000,0.061,0.000,0.609,
2025-09-29 13:00:00,Monday,13,0.085,0.478,0.000,0.419,0.071,0.000,1.053,
2025-09-29 14:00:00,Monday,14,0.083,0.452,0.000,0.000,0.064,0.000,0.599,
2025-09-29 15:00:00,Monday,15,0.091,0.508,0.000,0.000,0.059,0.000,0.658,
2025-09-29 16:00:00,Monday,16,0.068,0.457,0.000,0.000,0.070,0.000,0.595,
2025-09-29 17:00:00,Monday,17,0.067,0.495,0.000,0.000,0.151,0.000,0.713,
2025-09-29 18:00:00,Monday,18,0.083,0.470,0.000,0.581,0.174,0.000,1.308,
2025-09-29 19:00:00,Monday,19,0.083,0.627,0.000,0.000,0.160,0.602,1.472,zmywarka
2025-09-29 20:00:00,Monday,20,0.078,0.609,0.089,0.000,0.210,0.000,0.986,
2025-09-29 21:00:00,Monday,21,0.087,0.746,0.170,0.000,0.182,0.000,1.185,
2025-09-29 22:00:00,Monday,22,0.082,0.529,0.042,0.000,0.154,0.000,0.807,
2025-09-29 23:00:00,Monday,23,0.088,0.643,0.000,0.000,0.000,0.000,0.731,
2025-09-30 00:00:00,Tuesday,0,0.081,0.646,0.000,0.000,0.000,0.000,0.727,
2025-09-30 01:00:00,Tuesday,1,0.094,0.639,0.000,0.000,0.000,0.000,0.733,
2025-09-30 02:00:00,Tuesday,2,0.091,0.731,0.000,0.000,0.000,0.000,0.822,
2025-09-30 03:00:00,Tuesday,3,0.074,0.590,0.000,0.000,0.000,0.000,0.664,
2025-09-30 04:00:00,Tuesday,4,0.104,0.713,0.000,0.000,0.000,0.000,0.817,
2025-09-30 05:00:00,Tuesday,5,0.104,0.630,0.000,0.000,0.000,0.000,0.734,
2025-09-30 06:00:00,Tuesday,6,0.083,0.723,0.046,0.319,0.000,0.000,1.171,
2025-09-30 07:00:00,Tuesday,7,0.093,0.903,0.000,0.215,0.000,0.000,1.211,
2025-09-30 08:00:00,Tuesday,8,0.079,0.674,0.000,0.184,0.000,0.000,0.937,
2025-09-30 09:00:00,Tuesday,9,0.089,0.763,0.000,0.000,0.061,0.000,0.913,
2025-09-30 10:00:00,Tuesday,10,0.088,0.593,0.000,0.000,0.052,0.501,1.234,pralka
2025-09-30 11:00:00,Tuesday,11,0.087,0.575,0.000,0.000,0.078,0.000,0.740,
2025-09-30 12:00:00,Tuesday,12,0.068,0.648,0.000,0.000,0.061,0.000,0.777,
2025-09-30 13:00:00,Tuesday,13,0.092,0.524,0.000,0.242,0.068,0.000,0.926,
2025-09-30 14:00:00,Tuesday,14,0.077,0.498,0.000,0.000,0.119,0.000,0.694,
2025-09-30 15:00:00,Tuesday,15,0.088,0.551,0.000,0.000,0.142,0.000,0.781,
2025-09-30 16:00:00,Tuesday,16,0.075,0.590,0.000,0.000,0.079,0.000,0.744,
2025-09-30 17:00:00,Tuesday,17,0.078,0.484,0.000,0.000,0.176,0.000,0.738,
2025-09-30 18:00:00,Tuesday,18,0.079,0.549,0.000,1.093,0.140,0.000,1.861,
2025-09-30 19:00:00,Tuesday,19,0.079,0.584,0.000,0.000,0.170,0.596,1.429,zmywarka
2025-09-30 20:00:00,Tuesday,20,0.078,0.558,0.164,0.000,0.098,0.000,0.898,
2025-09-30 21:00:00,Tuesday,21,0.083,0.727,0.097,0.000,0.142,0.000,1.049,
2025-09-30 22:00:00,Tuesday,22,0.089,0.593,0.067,0.000,0.164,0.000,0.913,
2025-09-30 23:00:00,Tuesday,23,0.074,0.694,0.000,0.000,0.000,0.000,0.768,
2025-10-01 00:00:00,Wednesday,0,0.070,0.607,0.000,0.000,0.000,0.000,0.677,
2025-10-01 01:00:00,Wednesday,1,0.106,0.753,0.000,0.000,0.000,0.000,0.859,
2025-10-01 02:00:00,Wednesday,2,0.094,0.730,0.000,0.000,0.000,0.000,0.824,
2025-10-01 03:00:00,Wednesday,3,0.083,0.821,0.000,0.000,0.000,0.000,0.904,
2025-10-01 04:00:00,Wednesday,4,0.082,0.838,0.000,0.000,0.000,0.000,0.920,
2025-10-01 05:00:00,Wednesday,5,0.085,0.647,0.000,0.000,0.000,0.000,0.732,
2025-10-01 06:00:00,Wednesday,6,0.075,0.802,0.106,0.256,0.000,0.000,1.239,
2025-10-01 07:00:00,Wednesday,7,0.074,0.887,0.000,0.277,0.000,0.000,1.238,
2025-10-01 08:00:00,Wednesday,8,0.091,0.818,0.000,0.183,0.000,0.000,1.092,
2025-10-01 09:00:00,Wednesday,9,0.069,0.740,0.000,0.000,0.067,0.000,0.876,
2025-10-01 10:00:00,Wednesday,10,0.068,0.697,0.000,0.000,0.074,0.000,0.839,
2025-10-01 11:00:00,Wednesday,11,0.089,0.727,0.000,0.000,0.056,0.000,0.872,
2025-10-01 12:00:00,Wednesday,12,0.071,0.543,0.000,0.000,0.089,0.000,0.703,
2025-10-01 13:00:00,Wednesday,13,0.083,0.551,0.000,0.383,0.061,0.000,1.078,
2025-10-01 14:00:00,Wednesday,14,0.074,0.578,0.000,0.000,0.053,0.000,0.705,
2025-10-01 15:00:00,Wednesday,15,0.085,0.536,0.000,0.000,0.086,0.000,0.707,
2025-10-01 16:00:00,Wednesday,16,0.089,0.571,0.000,0.000,0.087,0.000,0.747,
2025-10-01 17:00:00,Wednesday,17,0.077,0.639,0.000,0.517,0.130,0.000,1.363,
2025-10-01 18:00:00,Wednesday,18,0.094,0.546,0.146,0.000,0.205,0.000,0.991,
2025-10-01 19:00:00,Wednesday,19,0.077,0.664,0.073,0.000,0.113,0.517,1.444,zmywarka
2025-10-01 20:00:00,Wednesday,20,0.089,0.680,0.092,0.000,0.177,0.000,1.038,
2025-10-01 21:00:00,Wednesday,21,0.069,0.642,0.135,0.000,0.141,0.000,0.987,
2025-10-01 22:00:00,Wednesday,22,0.068,0.626,0.073,0.000,0.166,0.000,0.933,
2025-10-01 23:00:00,Wednesday,23,0.074,0.614,0.000,0.000,0.000,0.000,0.688,
2025-10-02 00:00:00,Thursday,0,0.083,0.628,0.000,0.000,0.000,0.000,0.711,
2025-10-02 01:00:00,Thursday,1,0.079,0.603,0.000,0.000,0.000,0.000,0.682,
2025-10-02 02:00:00,Thursday,2,0.069,0.624,0.000,0.000,0.000,0.000,0.693,
2025-10-02 03:00:00,Thursday,3,0.099,0.660,0.000,0.000,0.000,0.000,0.759,
2025-10-02 04:00:00,Thursday,4,0.074,0.655,0.000,0.000,0.000,0.000,0.729,
2025-10-02 05:00:00,Thursday,5,0.080,0.793,0.000,0.000,0.000,0.000,0.873,
2025-10-02 06:00:00,Thursday,6,0.091,0.851,0.111,0.258,0.000,0.000,1.311,
2025-10-02 07:00:00,Thursday,7,0.081,0.839,0.000,0.326,0.000,0.000,1.246,
2025-10-02 08:00:00,Thursday,8,0.092,0.854,0.000,0.265,0.000,0.000,1.211,
2025-10-02 09:00:00,Thursday,9,0.085,0.809,0.000,0.000,0.075,0.000,0.969,
2025-10-02 10:00:00,Thursday,10,0.085,0.759,0.000,0.000,0.061,0.000,0.905,
2025-10-02 11:00:00,Thursday,11,0.073,0.688,0.000,0.000,0.049,0.000,0.810,
2025-10-02 12:00:00,Thursday,12,0.088,0.613,0.000,0.000,0.050,0.000,0.751,
2025-10-02 13:00:00,Thursday,13,0.073,0.586,0.000,0.520,0.059,0.000,1.238,
2025-10-02 14:00:00,Thursday,14,0.077,0.473,0.000,0.000,0.075,0.000,0.625,
2025-10-02 15:00:00,Thursday,15,0.080,0.451,0.000,0.000,0.055,0.000,0.586,
2025-10-02 16:00:00,Thursday,16,0.072,0.500,0.000,0.000,0.051,0.000,0.623,
2025-10-02 17:00:00,Thursday,17,0.076,0.601,0.000,0.462,0.134,0.000,1.273,
2025-10-02 18:00:00,Thursday,18,0.080,0.600,0.122,0.000,0.179,0.000,0.981,
2025-10-02 19:00:00,Thursday,19,0.085,0.632,0.160,0.000,0.135,0.000,1.012,
2025-10-02 20:00:00,Thursday,20,0.075,0.692,0.082,0.000,0.138,0.691,1.678,zmywarka
2025-10-02 21:00:00,Thursday,21,0.070,0.716,0.061,0.000,0.140,0.000,0.987,
2025-10-02 22:00:00,Thursday,22,0.071,0.620,0.037,0.000,0.199,0.000,0.927,
2025-10-02 23:00:00,Thursday,23,0.100,0.715,0.000,0.000,0.000,0.000,0.815,
2025-10-03 00:00:00,Friday,0,0.083,0.604,0.000,0.000,0.000,0.000,0.687,
2025-10-03 01:00:00,Friday,1,0.083,0.545,0.000,0.000,0.000,0.000,0.628,
2025-10-03 02:00:00,Friday,2,0.077,0.654,0.000,0.000,0.000,0.000,0.731,
2025-10-03 03:00:00,Friday,3,0.080,0.607,0.000,0.000,0.000,0.000,0.687,
2025-10-03 04:00:00,Friday,4,0.083,0.695,0.000,0.000,0.000,0.000,0.778,
2025-10-03 05:00:00,Friday,5,0.109,0.646,0.000,0.000,0.000,0.000,0.755,
2025-10-03 06:00:00,Friday,6,0.079,0.805,0.059,0.193,0.000,0.000,1.136,
2025-10-03 07:00:00,Friday,7,0.082,0.659,0.000,0.248,0.000,0.000,0.989,
2025-10-03 08:00:00,Friday,8,0.083,0.644,0.000,0.338,0.000,0.000,1.065,
2025-10-03 09:00:00,Friday,9,0.073,0.739,0.000,0.000,0.129,0.000,0.941,praca zdalna
2025-10-03 10:00:00,Friday,10,0.071,0.586,0.000,0.000,0.143,0.000,0.800,praca zdalna
2025-10-03 11:00:00,Friday,11,0.072,0.652,0.000,0.000,0.151,0.000,0.875,praca zdalna
2025-10-03 12:00:00,Friday,12,0.094,0.515,0.000,0.000,0.203,0.000,0.812,praca zdalna
2025-10-03 13:00:00,Friday,13,0.072,0.586,0.000,0.410,0.174,0.000,1.242,praca zdalna
2025-10-03 14:00:00,Friday,14,0.074,0.493,0.000,0.000,0.104,0.000,0.671,praca zdalna
2025-10-03 15:00:00,Friday,15,0.095,0.457,0.000,0.000,0.258,0.000,0.810,praca zdalna
2025-10-03 16:00:00,Friday,16,0.086,0.593,0.000,0.000,0.189,0.000,0.868,praca zdalna
2025-10-03 17:00:00,Friday,17,0.079,0.593,0.000,0.886,0.162,0.000,1.720,
2025-10-03 18:00:00,Friday,18,0.085,0.510,0.066,0.000,0.109,0.000,0.770,
2025-10-03 19:00:00,Friday,19,0.082,0.598,0.090,0.000,0.118,0.650,1.538,zmywarka
2025-10-03 20:00:00,Friday,20,0.093,0.616,0.094,0.000,0.120,0.000,0.923,
2025-10-03 21:00:00,Friday,21,0.086,0.694,0.140,0.000,0.201,0.000,1.121,
2025-10-03 22:00:00,Friday,22,0.068,0.463,0.038,0.000,0.105,0.000,0.674,
2025-10-03 23:00:00,Friday,23,0.076,0.495,0.000,0.000,0.000,0.000,0.571,
2025-10-04 00:00:00,Saturday,0,0.082,0.536,0.000,0.000,0.000,0.000,0.618,
2025-10-04 01:00:00,Saturday,1,0.084,0.454,0.000,0.000,0.000,0.000,0.538,
2025-10-04 02:00:00,Saturday,2,0.099,0.535,0.000,0.000,0.000,0.000,0.634,
2025-10-04 03:00:00,Saturday,3,0.085,0.560,0.000,0.000,0.000,0.000,0.645,
2025-10-04 04:00:00,Saturday,4,0.073,0.445,0.000,0.000,0.000,0.000,0.518,
2025-10-04 05:00:00,Saturday,5,0.093,0.599,0.000,0.000,0.000,0.000,0.692,
2025-10-04 06:00:00,Saturday,6,0.077,0.595,0.069,0.213,0.000,0.000,0.954,
2025-10-04 07:00:00,Saturday,7,0.095,0.576,0.102,0.179,0.000,0.000,0.952,
2025-10-04 08:00:00,Saturday,8,0.088,0.849,0.000,0.158,0.000,0.000,1.095,
2025-10-04 09:00:00,Saturday,9,0.094,0.783,0.000,0.000,0.101,0.551,1.529,pralka
2025-10-04 10:00:00,Saturday,10,0.089,0.841,0.000,0.000,0.071,0.000,1.001,
2025-10-04 11:00:00,Saturday,11,0.092,0.815,0.000,0.000,0.047,0.000,0.954,
2025-10-04 12:00:00,Saturday,12,0.080,0.755,0.000,0.660,0.134,0.000,1.629,
2025-10-04 13:00:00,Saturday,13,0.067,0.767,0.000,0.000,0.127,0.000,0.961,
2025-10-04 14:00:00,Saturday,14,0.089,0.782,0.000,0.000,0.094,0.683,1.648,zmywarka
2025-10-04 15:00:00,Saturday,15,0.085,0.740,0.000,0.000,0.099,0.000,0.924,
2025-10-04 16:00:00,Saturday,16,0.094,0.763,0.000,0.000,0.107,0.000,0.964,
2025-10-04 17:00:00,Saturday,17,0.088,0.728,0.000,0.000,0.194,0.000,1.010,goście
2025-10-04 18:00:00,Saturday,18,0.070,0.662,0.103,1.055,0.209,0.000,2.099,goście
2025-10-04 19:00:00,Saturday,19,0.089,0.632,0.129,0.000,0.154,0.000,1.004,goście
2025-10-04 20:00:00,Saturday,20,0.078,0.724,0.060,0.000,0.139,0.000,1.001,goście
2025-10-04 21:00:00,Saturday,21,0.079,0.628,0.080,0.000,0.098,0.000,0.885,goście
2025-10-04 22:00:00,Saturday,22,0.091,0.633,0.086,0.000,0.111,0.000,0.921,
2025-10-04 23:00:00,Saturday,23,0.090,0.673,0.000,0.000,0.000,0.000,0.763,
2025-10-05 00:00:00,Sunday,0,0.077,0.629,0.000,0.000,0.000,0.000,0.706,
2025-10-05 01:00:00,Sunday,1,0.069,0.648,0.000,0.000,0.000,0.000,0.717,
2025-10-05 02:00:00,Sunday,2,0.085,0.671,0.000,0.000,0.000,0.000,0.756,
2025-10-05 03:00:00,Sunday,3,0.085,0.668,0.000,0.000,0.000,0.000,0.753,
2025-10-05 04:00:00,Sunday,4,0.082,0.620,0.000,0.000,0.000,0.000,0.702,
2025-10-05 05:00:00,Sunday,5,0.082,0.517,0.000,0.000,0.000,0.000,0.599,
2025-10-05 06:00:00,Sunday,6,0.073,0.695,0.080,0.338,0.000,0.000,1.186,
2025-10-05 07:00:00,Sunday,7,0.083,0.710,0.073,0.338,0.000,0.000,1.204,
2025-10-05 08:00:00,Sunday,8,0.083,0.617,0.000,0.112,0.000,0.000,0.812,
2025-10-05 09:00:00,Sunday,9,0.084,0.773,0.000,0.000,0.089,0.000,0.946,
2025-10-05 10:00:00,Sunday,10,0.092,0.658,0.000,0.000,0.032,0.000,0.782,
2025-10-05 11:00:00,Sunday,11,0.068,0.571,0.000,0.000,0.086,0.000,0.725,
2025-10-05 12:00:00,Sunday,12,0.071,0.569,0.000,0.637,0.138,0.000,1.415,
2025-10-05 13:00:00,Sunday,13,0.073,0.509,0.000,0.000,0.061,0.000,0.643,
2025-10-05 14:00:00,Sunday,14,0.088,0.568,0.000,0.000,0.130,0.652,1.438,zmywarka
2025-10-05 15:00:00,Sunday,15,0.089,0.460,0.000,0.000,0.113,0.000,0.662,
2025-10-05 16:00:00,Sunday,16,0.076,0.510,0.000,0.000,0.091,0.000,0.677,
2025-10-05 17:00:00,Sunday,17,0.066,0.515,0.000,0.886,0.159,0.000,1.626,
2025-10-05 18:00:00,Sunday,18,0.091,0.574,0.100,0.000,0.150,0.000,0.915,
2025-10-05 19:00:00,Sunday,19,0.091,0.548,0.163,0.000,0.164,0.000,0.966,
2025-10-05 20:00:00,Sunday,20,0.079,0.607,0.106,0.000,0.112,0.000,0.904,
2025-10-05 21:00:00,Sunday,21,0.074,0.557,0.115,0.000,0.172,0.000,0.918,
2025-10-05 22:00:00,Sunday,22,0.079,0.546,0.035,0.000,0.121,0.000,0.781,
2025-10-05 23:00:00,Sunday,23,0.067,0.503,0.000,0.000,0.000,0.000,0.570,
2025-10-06 00:00:00,Monday,0,0.082,0.490,0.000,0.000,0.000,0.000,0.572,
2025-10-06 01:00:00,Monday,1,0.085,0.502,0.000,0.000,0.000,0.000,0.587,
2025-10-06 02:00:00,Monday,2,0.086,0.497,0.000,0.000,0.000,0.000,0.583,
2025-10-06 03:00:00,Monday,3,0.087,0.396,0.000,0.000,0.000,0.000,0.483,
2025-10-06 04:00:00,Monday,4,0.086,0.466,0.000,0.000,0.000,0.000,0.552,
2025-10-06 05:00:00,Monday,5,0.109,0.507,0.000,0.000,0.000,0.000,0.616,
2025-10-06 06:00:00,Monday,6,0.071,0.573,0.115,0.178,0.000,0.000,0.937,
2025-10-06 07:00:00,Monday,7,0.075,0.490,0.086,0.146,0.000,0.000,0.797,
2025-10-06 08:00:00,Monday,8,0.083,0.499,0.000,0.265,0.000,0.000,0.847,
2025-10-06 09:00:00,Monday,9,0.093,0.480,0.000,0.000,0.065,0.000,0.638,
2025-10-06 10:00:00,Monday,10,0.074,0.457,0.000,0.000,0.082,0.000,0.613,
2025-10-06 11:00:00,Monday,11,0.070,0.425,0.000,0.000,0.087,0.000,0.582,
2025-10-06 12:00:00,Monday,12,0.082,0.382,0.000,0.243,0.055,0.000,0.762,
2025-10-06 13:00:00,Monday,13,0.092,0.439,0.000,0.000,0.052,0.000,0.583,
2025-10-06 14:00:00,Monday,14,0.079,0.363,0.000,0.000,0.055,0.000,0.497,
2025-10-06 15:00:00,Monday,15,0.089,0.416,0.000,0.000,0.052,0.000,0.557,
2025-10-06 16:00:00,Monday,16,0.090,0.362,0.000,0.000,0.142,0.000,0.594,
2025-10-06 17:00:00,Monday,17,0.073,0.491,0.000,0.479,0.181,0.000,1.224,
2025-10-06 18:00:00,Monday,18,0.080,0.500,0.170,0.000,0.133,0.000,0.883,
2025-10-06 19:00:00,Monday,19,0.095,0.594,0.101,0.000,0.209,0.511,1.510,zmywarka
2025-10-06 20:00:00,Monday,20,0.090,0.503,0.150,0.000,0.113,0.000,0.856,
2025-10-06 21:00:00,Monday,21,0.071,0.551,0.116,0.000,0.166,0.000,0.904,
2025-10-06 22:00:00,Monday,22,0.085,0.530,0.045,0.000,0.148,0.000,0.808,
2025-10-06 23:00:00,Monday,23,0.094,0.602,0.000,0.000,0.000,0.000,0.696,
2025-10-07 00:00:00,Tuesday,0,0.082,0.580,0.000,0.000,0.000,0.000,0.662,
2025-10-07 01:00:00,Tuesday,1,0.076,0.574,0.000,0.000,0.000,0.000,0.650,
2025-10-07 02:00:00,Tuesday,2,0.076,0.639,0.000,0.000,0.000,0.000,0.715,
2025-10-07 03:00:00,Tuesday,3,0.068,0.605,0.000,0.000,0.000,0.000,0.673,
2025-10-07 04:00:00,Tuesday,4,0.092,0.580,0.000,0.000,0.000,0.000,0.672,
2025-10-07 05:00:00,Tuesday,5,0.094,0.485,0.000,0.000,0.000,0.000,0.579,
2025-10-07 06:00:00,Tuesday,6,0.096,0.594,0.112,0.259,0.000,0.000,1.061,
2025-10-07 07:00:00,Tuesday,7,0.082,0.677,0.075,0.229,0.000,0.000,1.063,
2025-10-07 08:00:00,Tuesday,8,0.081,0.541,0.000,0.321,0.000,0.000,0.943,
2025-10-07 09:00:00,Tuesday,9,0.080,0.632,0.000,0.000,0.144,0.000,0.856,praca zdalna
2025-10-07 10:00:00,Tuesday,10,0.085,0.607,0.000,0.000,0.124,0.000,0.816,praca zdalna
2025-10-07 11:00:00,Tuesday,11,0.083,0.483,0.000,0.000,0.168,0.000,0.734,praca zdalna
2025-10-07 12:00:00,Tuesday,12,0.081,0.456,0.000,0.296,0.158,0.000,0.991,praca zdalna
2025-10-07 13:00:00,Tuesday,13,0.083,0.449,0.000,0.000,0.136,0.000,0.668,praca zdalna
2025-10-07 14:00:00,Tuesday,14,0.072,0.442,0.000,0.000,0.242,0.000,0.756,praca zdalna
2025-10-07 15:00:00,Tuesday,15,0.082,0.471,0.000,0.000,0.156,0.000,0.709,praca zdalna
2025-10-07 16:00:00,Tuesday,16,0.080,0.492,0.000,0.000,0.152,0.000,0.724,praca zdalna
2025-10-07 17:00:00,Tuesday,17,0.083,0.434,0.000,0.959,0.149,0.000,1.625,
2025-10-07 18:00:00,Tuesday,18,0.077,0.485,0.131,0.000,0.145,0.000,0.838,
2025-10-07 19:00:00,Tuesday,19,0.073,0.521,0.166,0.000,0.119,0.610,1.489,zmywarka
2025-10-07 20:00:00,Tuesday,20,0.071,0.485,0.112,0.000,0.185,0.000,0.853,
2025-10-07 21:00:00,Tuesday,21,0.073,0.480,0.144,0.000,0.093,0.000,0.790,
2025-10-07 22:00:00,Tuesday,22,0.086,0.317,0.059,0.000,0.183,0.000,0.645,
2025-10-07 23:00:00,Tuesday,23,0.086,0.367,0.000,0.000,0.000,0.000,0.453,
2025-10-08 00:00:00,Wednesday,0,0.102,0.348,0.000,0.000,0.000,0.000,0.450,
2025-10-08 01:00:00,Wednesday,1,0.082,0.365,0.000,0.000,0.000,0.000,0.447,
2025-10-08 02:00:00,Wednesday,2,0.092,0.340,0.000,0.000,0.000,0.000,0.432,
2025-10-08 03:00:00,Wednesday,3,0.086,0.388,0.000,0.000,0.000,0.000,0.474,
2025-10-08 04:00:00,Wednesday,4,0.073,0.382,0.000,0.000,0.000,0.000,0.455,
2025-10-08 05:00:00,Wednesday,5,0.092,0.409,0.000,0.000,0.000,0.000,0.501,
2025-10-08 06:00:00,Wednesday,6,0.079,0.628,0.115,0.279,0.000,0.000,1.101,
2025-10-08 07:00:00,Wednesday,7,0.076,0.533,0.047,0.179,0.000,0.000,0.835,
2025-10-08 08:00:00,Wednesday,8,0.094,0.501,0.000,0.251,0.000,0.000,0.846,
2025-10-08 09:00:00,Wednesday,9,0.074,0.567,0.000,0.000,0.200,0.000,0.841,praca zdalna
2025-10-08 10:00:00,Wednesday,10,0.086,0.461,0.000,0.000,0.200,0.000,0.747,praca zdalna
2025-10-08 11:00:00,Wednesday,11,0.072,0.488,0.000,0.000,0.139,0.000,0.699,praca zdalna
2025-10-08 12:00:00,Wednesday,12,0.093,0.452,0.000,0.000,0.103,0.000,0.648,praca zdalna
2025-10-08 13:00:00,Wednesday,13,0.074,0.506,0.000,0.185,0.191,0.000,0.956,praca zdalna
2025-10-08 14:00:00,Wednesday,14,0.086,0.422,0.000,0.000,0.176,0.000,0.684,praca zdalna
2025-10-08 15:00:00,Wednesday,15,0.083,0.360,0.000,0.000,0.149,0.000,0.592,praca zdalna
2025-10-08 16:00:00,Wednesday,16,0.085,0.335,0.000,0.000,0.130,0.000,0.550,praca zdalna
2025-10-08 17:00:00,Wednesday,17,0.091,0.421,0.000,0.749,0.128,0.000,1.389,
2025-10-08 18:00:00,Wednesday,18,0.071,0.424,0.097,0.000,0.205,0.000,0.797,
2025-10-08 19:00:00,Wednesday,19,0.083,0.568,0.074,0.000,0.127,0.718,1.570,zmywarka
2025-10-08 20:00:00,Wednesday,20,0.068,0.668,0.093,0.000,0.181,0.000,1.010,
2025-10-08 21:00:00,Wednesday,21,0.095,0.805,0.094,0.000,0.108,0.000,1.102,
2025-10-08 22:00:00,Wednesday,22,0.093,0.716,0.088,0.000,0.169,0.000,1.066,
2025-10-08 23:00:00,Wednesday,23,0.067,0.661,0.000,0.000,0.000,0.000,0.728,
2025-10-09 00:00:00,Thursday,0,0.088,0.606,0.000,0.000,0.000,0.000,0.694,
2025-10-09 01:00:00,Thursday,1,0.086,0.655,0.000,0.000,0.000,0.000,0.741,
2025-10-09 02:00:00,Thursday,2,0.107,0.636,0.000,0.000,0.000,0.000,0.743,
2025-10-09 03:00:00,Thursday,3,0.089,0.706,0.000,0.000,0.000,0.000,0.795,
2025-10-09 04:00:00,Thursday,4,0.097,0.755,0.000,0.000,0.000,0.000,0.852,
2025-10-09 05:00:00,Thursday,5,0.069,0.659,0.000,0.000,0.000,0.000,0.728,
2025-10-09 06:00:00,Thursday,6,0.086,0.965,0.116,0.110,0.000,0.000,1.277,
2025-10-09 07:00:00,Thursday,7,0.083,0.818,0.000,0.239,0.000,0.000,1.140,
2025-10-09 08:00:00,Thursday,8,0.067,0.733,0.000,0.280,0.000,0.000,1.080,
2025-10-09 09:00:00,Thursday,9,0.082,0.695,0.000,0.000,0.050,0.000,0.827,
2025-10-09 10:00:00,Thursday,10,0.089,0.763,0.000,0.000,0.080,0.000,0.932,
2025-10-09 11:00:00,Thursday,11,0.079,0.594,0.000,0.000,0.055,0.000,0.728,
2025-10-09 12:00:00,Thursday,12,0.085,0.480,0.000,0.000,0.067,0.383,1.015,pralka
2025-10-09 13:00:00,Thursday,13,0.088,0.431,0.000,0.247,0.049,0.000,0.815,
2025-10-09 14:00:00,Thursday,14,0.078,0.436,0.000,0.000,0.053,0.000,0.567,
2025-10-09 15:00:00,Thursday,15,0.075,0.486,0.000,0.000,0.116,0.000,0.677,
2025-10-09 16:00:00,Thursday,16,0.088,0.494,0.000,0.000,0.094,0.000,0.676,
2025-10-09 17:00:00,Thursday,17,0.068,0.566,0.000,0.443,0.139,0.000,1.216,
2025-10-09 18:00:00,Thursday,18,0.094,0.518,0.098,0.000,0.134,0.000,0.844,
2025-10-09 19:00:00,Thursday,19,0.077,0.539,0.066,0.000,0.169,0.000,0.851,
2025-10-09 20:00:00,Thursday,20,0.085,0.549,0.076,0.000,0.135,0.543,1.388,zmywarka
2025-10-09 21:00:00,Thursday,21,0.089,0.571,0.110,0.000,0.199,0.000,0.969,
2025-10-09 22:00:00,Thursday,22,0.083,0.494,0.082,0.000,0.205,0.000,0.864,
2025-10-09 23:00:00,Thursday,23,0.073,0.437,0.000,0.000,0.000,0.000,0.510,
2025-10-10 00:00:00,Friday,0,0.096,0.505,0.000,0.000,0.000,0.000,0.601,
2025-10-10 01:00:00,Friday,1,0.082,0.451,0.000,0.000,0.000,0.000,0.533,
2025-10-10 02:00:00,Friday,2,0.077,0.439,0.000,0.000,0.000,0.000,0.516,
2025-10-10 03:00:00,Friday,3,0.092,0.530,0.000,0.000,0.000,0.000,0.622,
2025-10-10 04:00:00,Friday,4,0.088,0.514,0.000,0.000,0.000,0.000,0.602,
2025-10-10 05:00:00,Friday,5,0.070,0.580,0.000,0.000,0.000,0.000,0.650,
2025-10-10 06:00:00,Friday,6,0.073,0.712,0.097,0.298,0.000,0.000,1.180,
2025-10-10 07:00:00,Friday,7,0.070,0.589,0.076,0.238,0.000,0.000,0.973,
2025-10-10 08:00:00,Friday,8,0.089,0.587,0.000,0.337,0.000,0.000,1.013,
2025-10-10 09:00:00,Friday,9,0.096,0.570,0.000,0.000,0.067,0.000,0.733,
2025-10-10 10:00:00,Friday,10,0.083,0.490,0.000,0.000,0.053,0.000,0.626,
2025-10-10 11:00:00,Friday,11,0.071,0.555,0.000,0.000,0.082,0.000,0.708,
2025-10-10 12:00:00,Friday,12,0.082,0.434,0.000,0.426,0.057,0.000,0.999,
2025-10-10 13:00:00,Friday,13,0.090,0.411,0.000,0.000,0.062,0.000,0.563,
2025-10-10 14:00:00,Friday,14,0.069,0.374,0.000,0.000,0.068,0.000,0.511,
2025-10-10 15:00:00,Friday,15,0.096,0.361,0.000,0.000,0.142,0.000,0.599,
2025-10-10 16:00:00,Friday,16,0.068,0.373,0.000,0.000,0.054,0.000,0.495,
2025-10-10 17:00:00,Friday,17,0.086,0.418,0.000,0.000,0.182,0.000,0.686,
2025-10-10 18:00:00,Friday,18,0.067,0.538,0.172,0.575,0.093,0.000,1.445,
2025-10-10 19:00:00,Friday,19,0.093,0.470,0.094,0.000,0.101,0.000,0.758,
2025-10-10 20:00:00,Friday,20,0.081,0.527,0.175,0.000,0.157,0.641,1.581,zmywarka
2025-10-10 21:00:00,Friday,21,0.091,0.523,0.065,0.000,0.146,0.000,0.825,
2025-10-10 22:00:00,Friday,22,0.078,0.451,0.064,0.000,0.181,0.000,0.774,
2025-10-10 23:00:00,Friday,23,0.101,0.392,0.000,0.000,0.000,0.000,0.493,
2025-10-11 00:00:00,Saturday,0,0.076,0.370,0.000,0.000,0.000,0.000,0.446,
2025-10-11 01:00:00,Saturday,1,0.094,0.392,0.000,0.000,0.000,0.000,0.486,
2025-10-11 02:00:00,Saturday,2,0.075,0.404,0.000,0.000,0.000,0.000,0.479,
2025-10-11 03:00:00,Saturday,3,0.067,0.439,0.000,0.000,0.000,0.000,0.506,
2025-10-11 04:00:00,Saturday,4,0.111,0.376,0.000,0.000,0.000,0.000,0.487,
2025-10-11 05:00:00,Saturday,5,0.070,0.444,0.000,0.000,0.000,0.000,0.514,
2025-10-11 06:00:00,Saturday,6,0.071,0.602,0.093,0.266,0.000,0.000,1.032,
2025-10-11 07:00:00,Saturday,7,0.069,0.626,0.000,0.157,0.000,0.000,0.852,
2025-10-11 08:00:00,Saturday,8,0.074,0.658,0.000,0.317,0.000,0.000,1.049,
2025-10-11 09:00:00,Saturday,9,0.094,0.599,0.000,0.000,0.117,0.000,0.810,
2025-10-11 10:00:00,Saturday,10,0.071,0.502,0.000,0.000,0.038,0.523,1.134,pralka
2025-10-11 11:00:00,Saturday,11,0.073,0.485,0.000,0.000,0.135,0.000,0.693,
2025-10-11 12:00:00,Saturday,12,0.073,0.410,0.000,0.000,0.094,0.000,0.577,
2025-10-11 13:00:00,Saturday,13,0.079,0.368,0.000,0.305,0.146,0.000,0.898,
2025-10-11 14:00:00,Saturday,14,0.068,0.506,0.000,0.000,0.099,0.000,0.673,
2025-10-11 15:00:00,Saturday,15,0.089,0.487,0.000,0.000,0.045,0.000,0.621,
2025-10-11 16:00:00,Saturday,16,0.084,0.374,0.000,0.000,0.032,0.000,0.490,
2025-10-11 17:00:00,Saturday,17,0.079,0.509,0.000,0.000,0.113,0.000,0.701,
2025-10-11 18:00:00,Saturday,18,0.067,0.493,0.137,0.617,0.163,0.000,1.477,
2025-10-11 19:00:00,Saturday,19,0.071,0.502,0.171,0.000,0.101,0.000,0.845,
2025-10-11 20:00:00,Saturday,20,0.068,0.613,0.095,0.000,0.178,0.000,0.954,
2025-10-11 21:00:00,Saturday,21,0.081,0.566,0.122,0.000,0.159,0.000,0.928,
2025-10-11 22:00:00,Saturday,22,0.090,0.481,0.068,0.000,0.106,0.000,0.745,
2025-10-11 23:00:00,Saturday,23,0.096,0.507,0.000,0.000,0.000,0.000,0.603,
2025-10-12 00:00:00,Sunday,0,0.076,0.505,0.000,0.000,0.000,0.000,0.581,
2025-10-12 01:00:00,Sunday,1,0.089,0.412,0.000,0.000,0.000,0.000,0.501,
2025-10-12 02:00:00,Sunday,2,0.074,0.511,0.000,0.000,0.000,0.000,0.585,
2025-10-12 03:00:00,Sunday,3,0.090,0.536,0.000,0.000,0.000,0.000,0.626,
2025-10-12 04:00:00,Sunday,4,0.066,0.485,0.000,0.000,0.000,0.000,0.551,
2025-10-12 05:00:00,Sunday,5,0.076,0.422,0.000,0.000,0.000,0.000,0.498,
2025-10-12 06:00:00,Sunday,6,0.073,0.620,0.043,0.346,0.000,0.000,1.082,
2025-10-12 07:00:00,Sunday,7,0.083,0.526,0.102,0.229,0.000,0.000,0.940,
2025-10-12 08:00:00,Sunday,8,0.086,0.484,0.000,0.299,0.000,0.000,0.869,
2025-10-12 09:00:00,Sunday,9,0.069,0.533,0.000,0.000,0.119,0.000,0.721,
2025-10-12 10:00:00,Sunday,10,0.071,0.500,0.000,0.000,0.044,0.000,0.615,
2025-10-12 11:00:00,Sunday,11,0.088,0.462,0.000,0.000,0.121,0.000,0.671,
2025-10-12 12:00:00,Sunday,12,0.081,0.329,0.000,0.000,0.130,0.000,0.540,
2025-10-12 13:00:00,Sunday,13,0.089,0.340,0.000,0.814,0.133,0.530,1.906,zmywarka
2025-10-12 14:00:00,Sunday,14,0.091,0.305,0.000,0.000,0.040,0.000,0.436,
2025-10-12 15:00:00,Sunday,15,0.093,0.331,0.000,0.000,0.093,0.000,0.517,
2025-10-12 16:00:00,Sunday,16,0.083,0.312,0.000,0.000,0.108,0.000,0.503,
2025-10-12 17:00:00,Sunday,17,0.067,0.319,0.000,0.668,0.192,0.000,1.246,goście
2025-10-12 18:00:00,Sunday,18,0.091,0.529,0.142,0.000,0.178,0.000,0.940,goście
2025-10-12 19:00:00,Sunday,19,0.073,0.488,0.116,0.000,0.118,0.000,0.795,goście
2025-10-12 20:00:00,Sunday,20,0.084,0.683,0.139,0.000,0.198,0.000,1.104,goście
2025-10-12 21:00:00,Sunday,21,0.072,0.596,0.179,0.000,0.124,0.000,0.971,goście
2025-10-12 22:00:00,Sunday,22,0.074,0.679,0.035,0.000,0.095,0.000,0.883,
2025-10-12 23:00:00,Sunday,23,0.081,0.591,0.000,0.000,0.000,0.000,0.672,
2025-10-13 00:00:00,Monday,0,0.088,0.854,0.000,0.000,0.000,0.000,0.942,
2025-10-13 01:00:00,Monday,1,0.087,0.821,0.000,0.000,0.000,0.000,0.908,
2025-10-13 02:00:00,Monday,2,0.080,0.886,0.000,0.000,0.000,0.000,0.966,
2025-10-13 03:00:00,Monday,3,0.088,0.872,0.000,0.000,0.000,0.000,0.960,
2025-10-13 04:00:00,Monday,4,0.086,0.800,0.000,0.000,0.000,0.000,0.886,
2025-10-13 05:00:00,Monday,5,0.076,1.048,0.000,0.000,0.000,0.000,1.124,
2025-10-13 06:00:00,Monday,6,0.091,1.076,0.084,0.187,0.000,0.000,1.438,
2025-10-13 07:00:00,Monday,7,0.084,0.980,0.000,0.341,0.000,0.000,1.405,
2025-10-13 08:00:00,Monday,8,0.093,1.264,0.000,0.231,0.000,0.000,1.588,
2025-10-13 09:00:00,Monday,9,0.079,1.192,0.000,0.000,0.084,0.000,1.355,
2025-10-13 10:00:00,Monday,10,0.080,0.931,0.000,0.000,0.084,0.000,1.095,
2025-10-13 11:00:00,Monday,11,0.080,0.930,0.000,0.000,0.070,0.000,1.080,
2025-10-13 12:00:00,Monday,12,0.070,0.785,0.000,0.000,0.073,0.000,0.928,
2025-10-13 13:00:00,Monday,13,0.093,0.685,0.000,0.348,0.058,0.560,1.744,pralka
2025-10-13 14:00:00,Monday,14,0.088,0.485,0.000,0.000,0.064,0.000,0.637,
2025-10-13 15:00:00,Monday,15,0.089,0.525,0.000,0.000,0.092,0.000,0.706,
2025-10-13 16:00:00,Monday,16,0.096,0.526,0.000,0.000,0.091,0.000,0.713,
2025-10-13 17:00:00,Monday,17,0.079,0.579,0.000,0.559,0.166,0.000,1.383,
2025-10-13 18:00:00,Monday,18,0.079,0.626,0.160,0.000,0.163,0.000,1.028,
2025-10-13 19:00:00,Monday,19,0.095,0.703,0.099,0.000,0.142,0.000,1.039,
2025-10-13 20:00:00,Monday,20,0.088,0.661,0.136,0.000,0.194,0.662,1.741,zmywarka
2025-10-13 21:00:00,Monday,21,0.070,0.692,0.068,0.000,0.094,0.000,0.924,
2025-10-13 22:00:00,Monday,22,0.091,0.662,0.041,0.000,0.153,0.000,0.947,
2025-10-13 23:00:00,Monday,23,0.092,0.660,0.000,0.000,0.000,0.000,0.752,
2025-10-14 00:00:00,Tuesday,0,0.079,0.745,0.000,0.000,0.000,0.000,0.824,
2025-10-14 01:00:00,Tuesday,1,0.103,0.531,0.000,0.000,0.000,0.000,0.634,
2025-10-14 02:00:00,Tuesday,2,0.085,0.627,0.000,0.000,0.000,0.000,0.712,
2025-10-14 03:00:00,Tuesday,3,0.071,0.512,0.000,0.000,0.000,0.000,0.583,
2025-10-14 04:00:00,Tuesday,4,0.101,0.583,0.000,0.000,0.000,0.000,0.684,
2025-10-14 05:00:00,Tuesday,5,0.086,0.685,0.000,0.000,0.000,0.000,0.771,
2025-10-14 06:00:00,Tuesday,6,0.076,0.699,0.107,0.355,0.000,0.000,1.237,
2025-10-14 07:00:00,Tuesday,7,0.067,0.733,0.076,0.257,0.000,0.000,1.133,
2025-10-14 08:00:00,Tuesday,8,0.081,0.697,0.000,0.193,0.000,0.000,0.971,
2025-10-14 09:00:00,Tuesday,9,0.080,0.587,0.000,0.000,0.127,0.514,1.308,praca zdalna; pralka
2025-10-14 10:00:00,Tuesday,10,0.074,0.722,0.000,0.000,0.142,1.096,2.034,praca zdalna; suszarka
2025-10-14 11:00:00,Tuesday,11,0.076,0.530,0.000,0.000,0.167,0.000,0.773,praca zdalna
2025-10-14 12:00:00,Tuesday,12,0.087,0.499,0.000,0.000,0.122,0.000,0.708,praca zdalna
2025-10-14 13:00:00,Tuesday,13,0.067,0.545,0.000,0.421,0.190,0.000,1.223,praca zdalna
2025-10-14 14:00:00,Tuesday,14,0.089,0.546,0.000,0.000,0.215,0.000,0.850,praca zdalna
2025-10-14 15:00:00,Tuesday,15,0.077,0.473,0.000,0.000,0.241,0.000,0.791,praca zdalna
2025-10-14 16:00:00,Tuesday,16,0.087,0.491,0.000,0.000,0.233,0.000,0.811,praca zdalna
2025-10-14 17:00:00,Tuesday,17,0.093,0.575,0.000,0.000,0.168,0.000,0.836,
2025-10-14 18:00:00,Tuesday,18,0.091,0.635,0.073,0.458,0.151,0.000,1.408,
2025-10-14 19:00:00,Tuesday,19,0.085,0.714,0.176,0.000,0.138,0.000,1.113,
2025-10-14 20:00:00,Tuesday,20,0.070,0.591,0.082,0.000,0.112,0.556,1.411,zmywarka
2025-10-14 21:00:00,Tuesday,21,0.070,0.702,0.074,0.000,0.122,0.000,0.968,
2025-10-14 22:00:00,Tuesday,22,0.079,0.668,0.077,0.000,0.180,0.000,1.004,
2025-10-14 23:00:00,Tuesday,23,0.097,0.604,0.000,0.000,0.000,0.000,0.701,
2025-10-15 00:00:00,Wednesday,0,0.072,0.562,0.000,0.000,0.000,0.000,0.634,
2025-10-15 01:00:00,Wednesday,1,0.066,0.686,0.000,0.000,0.000,0.000,0.752,
2025-10-15 02:00:00,Wednesday,2,0.077,0.641,0.000,0.000,0.000,0.000,0.718,
2025-10-15 03:00:00,Wednesday,3,0.089,0.728,0.000,0.000,0.000,0.000,0.817,
2025-10-15 04:00:00,Wednesday,4,0.079,0.840,0.000,0.000,0.000,0.000,0.919,
2025-10-15 05:00:00,Wednesday,5,0.069,0.860,0.000,0.000,0.000,0.000,0.929,
2025-10-15 06:00:00,Wednesday,6,0.077,0.816,0.125,0.195,0.000,0.000,1.213,
2025-10-15 07:00:00,Wednesday,7,0.069,0.776,0.000,0.295,0.000,0.000,1.140,
2025-10-15 08:00:00,Wednesday,8,0.080,0.897,0.000,0.251,0.000,0.000,1.228,
2025-10-15 09:00:00,Wednesday,9,0.071,0.933,0.000,0.000,0.155,0.000,1.159,praca zdalna
2025-10-15 10:00:00,Wednesday,10,0.094,0.826,0.000,0.000,0.157,0.000,1.077,praca zdalna
2025-10-15 11:00:00,Wednesday,11,0.088,0.727,0.000,0.000,0.182,0.000,0.997,praca zdalna
2025-10-15 12:00:00,Wednesday,12,0.074,0.677,0.000,0.264,0.174,0.000,1.189,praca zdalna
2025-10-15 13:00:00,Wednesday,13,0.076,0.463,0.000,0.000,0.165,0.000,0.704,praca zdalna
2025-10-15 14:00:00,Wednesday,14,0.082,0.512,0.000,0.000,0.178,0.000,0.772,praca zdalna
2025-10-15 15:00:00,Wednesday,15,0.067,0.561,0.000,0.000,0.216,0.000,0.844,praca zdalna
2025-10-15 16:00:00,Wednesday,16,0.091,0.535,0.000,0.000,0.244,0.000,0.870,praca zdalna
2025-10-15 17:00:00,Wednesday,17,0.070,0.620,0.000,0.000,0.121,0.000,0.811,
2025-10-15 18:00:00,Wednesday,18,0.086,0.603,0.117,0.602,0.133,0.000,1.541,
2025-10-15 19:00:00,Wednesday,19,0.075,0.645,0.152,0.000,0.133,0.000,1.005,
2025-10-15 20:00:00,Wednesday,20,0.089,0.656,0.140,0.000,0.203,0.606,1.694,zmywarka
2025-10-15 21:00:00,Wednesday,21,0.085,0.717,0.089,0.000,0.186,0.000,1.077,
2025-10-15 22:00:00,Wednesday,22,0.085,0.479,0.040,0.000,0.092,0.000,0.696,
2025-10-15 23:00:00,Wednesday,23,0.087,0.560,0.000,0.000,0.000,0.000,0.647,
2025-10-16 00:00:00,Thursday,0,0.103,0.506,0.000,0.000,0.000,0.000,0.609,
2025-10-16 01:00:00,Thursday,1,0.090,0.553,0.000,0.000,0.000,0.000,0.643,
2025-10-16 02:00:00,Thursday,2,0.083,0.521,0.000,0.000,0.000,0.000,0.604,
2025-10-16 03:00:00,Thursday,3,0.091,0.634,0.000,0.000,0.000,0.000,0.725,
2025-10-16 04:00:00,Thursday,4,0.073,0.566,0.000,0.000,0.000,0.000,0.639,
2025-10-16 05:00:00,Thursday,5,0.083,0.562,0.000,0.000,0.000,0.000,0.645,
2025-10-16 06:00:00,Thursday,6,0.090,0.754,0.083,0.332,0.000,0.000,1.259,
2025-10-16 07:00:00,Thursday,7,0.074,0.751,0.000,0.339,0.000,0.000,1.164,
2025-10-16 08:00:00,Thursday,8,0.075,0.746,0.000,0.210,0.000,0.000,1.031,
2025-10-16 09:00:00,Thursday,9,0.091,0.855,0.000,0.000,0.058,0.000,1.004,
2025-10-16 10:00:00,Thursday,10,0.069,0.640,0.000,0.000,0.068,0.000,0.777,
2025-10-16 11:00:00,Thursday,11,0.068,0.526,0.000,0.000,0.054,0.000,0.648,
2025-10-16 12:00:00,Thursday,12,0.093,0.483,0.000,0.000,0.058,0.000,0.634,
2025-10-16 13:00:00,Thursday,13,0.094,0.499,0.000,0.233,0.089,0.000,0.915,
2025-10-16 14:00:00,Thursday,14,0.083,0.386,0.000,0.000,0.076,0.000,0.545,
2025-10-16 15:00:00,Thursday,15,0.078,0.412,0.000,0.000,0.125,0.000,0.615,
2025-10-16 16:00:00,Thursday,16,0.089,0.520,0.000,0.000,0.092,0.000,0.701,
2025-10-16 17:00:00,Thursday,17,0.076,0.502,0.000,0.667,0.144,0.000,1.389,
2025-10-16 18:00:00,Thursday,18,0.072,0.622,0.073,0.000,0.125,0.000,0.892,
2025-10-16 19:00:00,Thursday,19,0.074,0.585,0.116,0.000,0.184,0.664,1.623,zmywarka
2025-10-16 20:00:00,Thursday,20,0.075,0.674,0.112,0.000,0.173,0.000,1.034,
2025-10-16 21:00:00,Thursday,21,0.071,0.604,0.106,0.000,0.125,0.000,0.906,
2025-10-16 22:00:00,Thursday,22,0.077,0.495,0.045,0.000,0.093,0.000,0.710,
2025-10-16 23:00:00,Thursday,23,0.071,0.523,0.000,0.000,0.000,0.000,0.594,
2025-10-17 00:00:00,Friday,0,0.094,0.521,0.000,0.000,0.000,0.000,0.615,
2025-10-17 01:00:00,Friday,1,0.076,0.612,0.000,0.000,0.000,0.000,0.688,
2025-10-17 02:00:00,Friday,2,0.091,0.653,0.000,0.000,0.000,0.000,0.744,
2025-10-17 03:00:00,Friday,3,0.086,0.729,0.000,0.000,0.000,0.000,0.815,
2025-10-17 04:00:00,Friday,4,0.088,0.627,0.000,0.000,0.000,0.000,0.715,
2025-10-17 05:00:00,Friday,5,0.097,0.631,0.000,0.000,0.000,0.000,0.728,
2025-10-17 06:00:00,Friday,6,0.068,0.964,0.050,0.247,0.000,0.000,1.329,
2025-10-17 07:00:00,Friday,7,0.070,0.881,0.089,0.265,0.000,0.000,1.305,
2025-10-17 08:00:00,Friday,8,0.088,0.973,0.000,0.210,0.000,0.000,1.271,
2025-10-17 09:00:00,Friday,9,0.089,0.875,0.000,0.000,0.050,0.000,1.014,
2025-10-17 10:00:00,Friday,10,0.069,0.874,0.000,0.000,0.079,0.000,1.022,
2025-10-17 11:00:00,Friday,11,0.068,0.758,0.000,0.000,0.077,0.000,0.903,
2025-10-17 12:00:00,Friday,12,0.091,0.871,0.000,0.000,0.062,0.477,1.501,pralka
2025-10-17 13:00:00,Friday,13,0.079,0.693,0.000,0.199,0.061,0.000,1.032,
2025-10-17 14:00:00,Friday,14,0.071,0.709,0.000,0.000,0.134,0.000,0.914,
2025-10-17 15:00:00,Friday,15,0.068,0.677,0.000,0.000,0.057,0.000,0.802,
2025-10-17 16:00:00,Friday,16,0.074,0.714,0.000,0.000,0.071,0.000,0.859,
2025-10-17 17:00:00,Friday,17,0.082,0.878,0.000,0.669,0.094,0.000,1.723,goście
2025-10-17 18:00:00,Friday,18,0.091,0.842,0.090,0.000,0.106,0.000,1.129,goście
2025-10-17 19:00:00,Friday,19,0.085,0.878,0.103,0.000,0.155,0.000,1.221,goście
2025-10-17 20:00:00,Friday,20,0.083,1.120,0.065,0.000,0.147,0.000,1.415,goście
2025-10-17 21:00:00,Friday,21,0.083,1.181,0.080,0.000,0.124,0.000,1.468,goście
2025-10-17 22:00:00,Friday,22,0.085,0.936,0.035,0.000,0.175,0.000,1.231,
2025-10-17 23:00:00,Friday,23,0.088,1.087,0.000,0.000,0.000,0.000,1.175,
2025-10-18 00:00:00,Saturday,0,0.095,1.151,0.000,0.000,0.000,0.000,1.246,
2025-10-18 01:00:00,Saturday,1,0.086,1.177,0.000,0.000,0.000,0.000,1.263,
2025-10-18 02:00:00,Saturday,2,0.069,1.304,0.000,0.000,0.000,0.000,1.373,
2025-10-18 03:00:00,Saturday,3,0.088,1.265,0.000,0.000,0.000,0.000,1.353,
2025-10-18 04:00:00,Saturday,4,0.108,1.093,0.000,0.000,0.000,0.000,1.201,
2025-10-18 05:00:00,Saturday,5,0.086,1.045,0.000,0.000,0.000,0.000,1.131,
2025-10-18 06:00:00,Saturday,6,0.082,1.416,0.043,0.340,0.000,0.000,1.881,
2025-10-18 07:00:00,Saturday,7,0.083,1.190,0.000,0.178,0.000,0.000,1.451,
2025-10-18 08:00:00,Saturday,8,0.068,1.490,0.000,0.210,0.000,0.000,1.768,
2025-10-18 09:00:00,Saturday,9,0.069,1.432,0.000,0.000,0.112,0.000,1.613,
2025-10-18 10:00:00,Saturday,10,0.070,1.187,0.000,0.000,0.087,0.455,1.799,pralka
2025-10-18 11:00:00,Saturday,11,0.068,1.168,0.000,0.000,0.109,0.000,1.345,
2025-10-18 12:00:00,Saturday,12,0.070,0.970,0.000,0.000,0.083,0.000,1.123,
2025-10-18 13:00:00,Saturday,13,0.077,1.062,0.000,0.203,0.103,0.000,1.445,
2025-10-18 14:00:00,Saturday,14,0.079,0.763,0.000,0.000,0.094,0.695,1.631,zmywarka
2025-10-18 15:00:00,Saturday,15,0.074,0.776,0.000,0.000,0.135,0.000,0.985,
2025-10-18 16:00:00,Saturday,16,0.073,0.946,0.000,0.000,0.128,0.000,1.147,
2025-10-18 17:00:00,Saturday,17,0.080,0.845,0.000,0.530,0.118,0.000,1.573,
2025-10-18 18:00:00,Saturday,18,0.077,0.839,0.175,0.000,0.119,0.000,1.210,
2025-10-18 19:00:00,Saturday,19,0.076,1.127,0.155,0.000,0.137,0.000,1.495,
2025-10-18 20:00:00,Saturday,20,0.095,1.082,0.152,0.000,0.190,0.000,1.519,
2025-10-18 21:00:00,Saturday,21,0.089,1.388,0.153,0.000,0.104,0.000,1.734,
2025-10-18 22:00:00,Saturday,22,0.092,1.285,0.074,0.000,0.178,0.000,1.629,
2025-10-18 23:00:00,Saturday,23,0.094,1.209,0.000,0.000,0.000,0.000,1.303,
2025-10-19 00:00:00,Sunday,0,0.085,1.104,0.000,0.000,0.000,0.000,1.189,
2025-10-19 01:00:00,Sunday,1,0.093,1.085,0.000,0.000,0.000,0.000,1.178,
2025-10-19 02:00:00,Sunday,2,0.089,1.455,0.000,0.000,0.000,0.000,1.544,
2025-10-19 03:00:00,Sunday,3,0.100,1.323,0.000,0.000,0.000,0.000,1.423,
2025-10-19 04:00:00,Sunday,4,0.081,1.189,0.000,0.000,0.000,0.000,1.270,
2025-10-19 05:00:00,Sunday,5,0.086,1.331,0.000,0.000,0.000,0.000,1.417,
2025-10-19 06:00:00,Sunday,6,0.075,1.145,0.073,0.256,0.000,0.000,1.549,
2025-10-19 07:00:00,Sunday,7,0.085,1.103,0.000,0.234,0.000,0.000,1.422,
2025-10-19 08:00:00,Sunday,8,0.090,1.214,0.000,0.290,0.000,0.000,1.594,
2025-10-19 09:00:00,Sunday,9,0.089,1.107,0.000,0.000,0.079,0.000,1.275,
2025-10-19 10:00:00,Sunday,10,0.091,1.042,0.000,0.000,0.060,0.000,1.193,
2025-10-19 11:00:00,Sunday,11,0.073,0.943,0.000,0.000,0.040,0.000,1.056,
2025-10-19 12:00:00,Sunday,12,0.095,1.005,0.000,0.000,0.128,0.000,1.228,
2025-10-19 13:00:00,Sunday,13,0.068,0.887,0.000,0.592,0.065,0.600,2.212,zmywarka
2025-10-19 14:00:00,Sunday,14,0.066,0.712,0.000,0.000,0.031,0.000,0.809,
2025-10-19 15:00:00,Sunday,15,0.068,0.877,0.000,0.000,0.074,0.000,1.019,
2025-10-19 16:00:00,Sunday,16,0.079,0.948,0.000,0.000,0.080,0.000,1.107,
2025-10-19 17:00:00,Sunday,17,0.089,1.022,0.000,0.731,0.174,0.000,2.016,goście
2025-10-19 18:00:00,Sunday,18,0.079,1.030,0.082,0.000,0.099,0.000,1.290,goście
2025-10-19 19:00:00,Sunday,19,0.067,0.851,0.079,0.000,0.202,0.000,1.199,goście
2025-10-19 20:00:00,Sunday,20,0.083,0.967,0.151,0.000,0.174,0.000,1.375,goście
2025-10-19 21:00:00,Sunday,21,0.080,1.013,0.107,0.000,0.101,0.000,1.301,goście
2025-10-19 22:00:00,Sunday,22,0.089,0.716,0.080,0.000,0.179,0.000,1.064,
2025-10-19 23:00:00,Sunday,23,0.095,0.627,0.000,0.000,0.000,0.000,0.722,
2025-10-20 00:00:00,Monday,0,0.077,0.778,0.000,0.000,0.000,0.000,0.855,
2025-10-20 01:00:00,Monday,1,0.105,0.781,0.000,0.000,0.000,0.000,0.886,
2025-10-20 02:00:00,Monday,2,0.104,0.704,0.000,0.000,0.000,0.000,0.808,
2025-10-20 03:00:00,Monday,3,0.109,0.651,0.000,0.000,0.000,0.000,0.760,
2025-10-20 04:00:00,Monday,4,0.077,0.837,0.000,0.000,0.000,0.000,0.914,
2025-10-20 05:00:00,Monday,5,0.080,0.839,0.000,0.000,0.000,0.000,0.919,
2025-10-20 06:00:00,Monday,6,0.080,0.854,0.054,0.247,0.000,0.000,1.235,
2025-10-20 07:00:00,Monday,7,0.079,0.854,0.066,0.180,0.000,0.000,1.179,
2025-10-20 08:00:00,Monday,8,0.074,0.810,0.000,0.287,0.000,0.000,1.171,
2025-10-20 09:00:00,Monday,9,0.070,0.863,0.000,0.000,0.071,0.000,1.004,
2025-10-20 10:00:00,Monday,10,0.074,0.892,0.000,0.000,0.081,0.458,1.505,pralka
2025-10-20 11:00:00,Monday,11,0.088,0.860,0.000,0.000,0.061,0.000,1.009,
2025-10-20 12:00:00,Monday,12,0.090,0.824,0.000,0.000,0.068,0.000,0.982,
2025-10-20 13:00:00,Monday,13,0.082,0.675,0.000,0.240,0.089,0.000,1.086,
2025-10-20 14:00:00,Monday,14,0.090,0.692,0.000,0.000,0.145,0.000,0.927,
2025-10-20 15:00:00,Monday,15,0.069,0.738,0.000,0.000,0.133,0.000,0.940,
2025-10-20 16:00:00,Monday,16,0.092,0.738,0.000,0.000,0.128,0.000,0.958,
2025-10-20 17:00:00,Monday,17,0.085,0.635,0.000,0.000,0.137,0.000,0.857,
2025-10-20 18:00:00,Monday,18,0.070,0.676,0.125,0.497,0.109,0.000,1.477,
2025-10-20 19:00:00,Monday,19,0.092,0.649,0.132,0.000,0.136,0.713,1.722,zmywarka
2025-10-20 20:00:00,Monday,20,0.071,0.710,0.154,0.000,0.187,0.000,1.122,
2025-10-20 21:00:00,Monday,21,0.087,0.685,0.110,0.000,0.180,0.000,1.062,
2025-10-20 22:00:00,Monday,22,0.077,0.561,0.073,0.000,0.175,0.000,0.886,
2025-10-20 23:00:00,Monday,23,0.086,0.574,0.000,0.000,0.000,0.000,0.660,
2025-10-21 00:00:00,Tuesday,0,0.084,0.636,0.000,0.000,0.000,0.000,0.720,
2025-10-21 01:00:00,Tuesday,1,0.080,0.526,0.000,0.000,0.000,0.000,0.606,
2025-10-21 02:00:00,Tuesday,2,0.082,0.493,0.000,0.000,0.000,0.000,0.575,
2025-10-21 03:00:00,Tuesday,3,0.091,0.526,0.000,0.000,0.000,0.000,0.617,
2025-10-21 04:00:00,Tuesday,4,0.077,0.641,0.000,0.000,0.000,0.000,0.718,
2025-10-21 05:00:00,Tuesday,5,0.105,0.636,0.000,0.000,0.000,0.000,0.741,
2025-10-21 06:00:00,Tuesday,6,0.071,0.807,0.043,0.256,0.000,0.000,1.177,
2025-10-21 07:00:00,Tuesday,7,0.093,0.725,0.056,0.282,0.000,0.000,1.156,
2025-10-21 08:00:00,Tuesday,8,0.073,0.748,0.000,0.230,0.000,0.000,1.051,
2025-10-21 09:00:00,Tuesday,9,0.095,0.735,0.000,0.000,0.165,0.000,0.995,praca zdalna
2025-10-21 10:00:00,Tuesday,10,0.094,0.685,0.000,0.000,0.134,0.000,0.913,praca zdalna
2025-10-21 11:00:00,Tuesday,11,0.076,0.630,0.000,0.000,0.150,0.000,0.856,praca zdalna
2025-10-21 12:00:00,Tuesday,12,0.083,0.627,0.000,0.190,0.194,0.000,1.094,praca zdalna
2025-10-21 13:00:00,Tuesday,13,0.073,0.708,0.000,0.000,0.107,0.000,0.888,praca zdalna
2025-10-21 14:00:00,Tuesday,14,0.092,0.638,0.000,0.000,0.227,0.506,1.463,praca zdalna; pralka
2025-10-21 15:00:00,Tuesday,15,0.091,0.639,0.000,0.000,0.144,0.000,0.874,praca zdalna
2025-10-21 16:00:00,Tuesday,16,0.082,0.629,0.000,0.000,0.125,0.000,0.836,praca zdalna
2025-10-21 17:00:00,Tuesday,17,0.087,0.545,0.000,0.000,0.155,0.000,0.787,
2025-10-21 18:00:00,Tuesday,18,0.067,0.593,0.109,0.803,0.101,0.000,1.673,
2025-10-21 19:00:00,Tuesday,19,0.083,0.574,0.129,0.000,0.196,0.629,1.611,zmywarka
2025-10-21 20:00:00,Tuesday,20,0.074,0.521,0.067,0.000,0.181,0.000,0.843,
2025-10-21 21:00:00,Tuesday,21,0.070,0.536,0.104,0.000,0.091,0.000,0.801,
2025-10-21 22:00:00,Tuesday,22,0.087,0.497,0.054,0.000,0.202,0.000,0.840,
2025-10-21 23:00:00,Tuesday,23,0.108,0.460,0.000,0.000,0.000,0.000,0.568,
2025-10-22 00:00:00,Wednesday,0,0.089,0.433,0.000,0.000,0.000,0.000,0.522,
2025-10-22 01:00:00,Wednesday,1,0.093,0.563,0.000,0.000,0.000,0.000,0.656,
2025-10-22 02:00:00,Wednesday,2,0.083,0.517,0.000,0.000,0.000,0.000,0.600,
2025-10-22 03:00:00,Wednesday,3,0.086,0.434,0.000,0.000,0.000,0.000,0.520,
2025-10-22 04:00:00,Wednesday,4,0.095,0.439,0.000,0.000,0.000,0.000,0.534,
2025-10-22 05:00:00,Wednesday,5,0.091,0.465,0.000,0.000,0.000,0.000,0.556,
2025-10-22 06:00:00,Wednesday,6,0.076,0.507,0.043,0.097,0.000,0.000,0.723,
2025-10-22 07:00:00,Wednesday,7,0.095,0.573,0.000,0.237,0.000,0.000,0.905,
2025-10-22 08:00:00,Wednesday,8,0.070,0.583,0.000,0.193,0.000,0.000,0.846,
2025-10-22 09:00:00,Wednesday,9,0.094,0.586,0.000,0.000,0.064,0.000,0.744,
2025-10-22 10:00:00,Wednesday,10,0.080,0.551,0.000,0.000,0.071,0.000,0.702,
2025-10-22 11:00:00,Wednesday,11,0.095,0.619,0.000,0.000,0.081,0.000,0.795,
2025-10-22 12:00:00,Wednesday,12,0.086,0.574,0.000,0.253,0.066,0.000,0.979,
2025-10-22 13:00:00,Wednesday,13,0.067,0.578,0.000,0.000,0.087,0.000,0.732,
2025-10-22 14:00:00,Wednesday,14,0.068,0.514,0.000,0.000,0.118,0.438,1.138,pralka
2025-10-22 15:00:00,Wednesday,15,0.071,0.611,0.000,0.000,0.071,0.000,0.753,
2025-10-22 16:00:00,Wednesday,16,0.095,0.455,0.000,0.000,0.055,0.000,0.605,
2025-10-22 17:00:00,Wednesday,17,0.077,0.553,0.000,0.656,0.199,0.000,1.485,
2025-10-22 18:00:00,Wednesday,18,0.085,0.646,0.095,0.000,0.175,0.000,1.001,
2025-10-22 19:00:00,Wednesday,19,0.089,0.689,0.073,0.000,0.104,0.000,0.955,
2025-10-22 20:00:00,Wednesday,20,0.088,0.629,0.085,0.000,0.109,0.602,1.513,zmywarka
2025-10-22 21:00:00,Wednesday,21,0.092,0.560,0.072,0.000,0.156,0.000,0.880,
2025-10-22 22:00:00,Wednesday,22,0.074,0.646,0.038,0.000,0.091,0.000,0.849,
2025-10-22 23:00:00,Wednesday,23,0.113,0.563,0.000,0.000,0.000,0.000,0.676,
2025-10-23 00:00:00,Thursday,0,0.080,0.750,0.000,0.000,0.000,0.000,0.830,
2025-10-23 01:00:00,Thursday,1,0.073,0.641,0.000,0.000,0.000,0.000,0.714,
2025-10-23 02:00:00,Thursday,2,0.078,0.645,0.000,0.000,0.000,0.000,0.723,
2025-10-23 03:00:00,Thursday,3,0.091,0.857,0.000,0.000,0.000,0.000,0.948,
2025-10-23 04:00:00,Thursday,4,0.080,0.653,0.000,0.000,0.000,0.000,0.733,
2025-10-23 05:00:00,Thursday,5,0.074,0.700,0.000,0.000,0.000,0.000,0.774,
2025-10-23 06:00:00,Thursday,6,0.071,0.762,0.069,0.335,0.000,0.000,1.237,
2025-10-23 07:00:00,Thursday,7,0.085,0.747,0.048,0.292,0.000,0.000,1.172,
2025-10-23 08:00:00,Thursday,8,0.067,0.695,0.000,0.326,0.000,0.000,1.088,
2025-10-23 09:00:00,Thursday,9,0.089,0.759,0.000,0.000,0.133,0.000,0.981,praca zdalna
2025-10-23 10:00:00,Thursday,10,0.072,0.592,0.000,0.000,0.169,0.000,0.833,praca zdalna
2025-10-23 11:00:00,Thursday,11,0.072,0.661,0.000,0.000,0.136,0.000,0.869,praca zdalna
2025-10-23 12:00:00,Thursday,12,0.093,0.593,0.000,0.000,0.146,0.000,0.832,praca zdalna
2025-10-23 13:00:00,Thursday,13,0.081,0.509,0.000,0.422,0.142,0.000,1.154,praca zdalna
2025-10-23 14:00:00,Thursday,14,0.086,0.526,0.000,0.000,0.183,0.000,0.795,praca zdalna
2025-10-23 15:00:00,Thursday,15,0.075,0.620,0.000,0.000,0.206,0.000,0.901,praca zdalna
2025-10-23 16:00:00,Thursday,16,0.068,0.634,0.000,0.000,0.242,0.000,0.944,praca zdalna
2025-10-23 17:00:00,Thursday,17,0.074,0.559,0.000,0.565,0.105,0.000,1.303,
2025-10-23 18:00:00,Thursday,18,0.077,0.607,0.153,0.000,0.121,0.000,0.958,
2025-10-23 19:00:00,Thursday,19,0.087,0.508,0.112,0.000,0.149,0.000,0.856,
2025-10-23 20:00:00,Thursday,20,0.081,0.550,0.116,0.000,0.190,0.493,1.430,zmywarka
2025-10-23 21:00:00,Thursday,21,0.093,0.564,0.109,0.000,0.204,0.000,0.970,
2025-10-23 22:00:00,Thursday,22,0.086,0.488,0.044,0.000,0.117,0.000,0.735,
2025-10-23 23:00:00,Thursday,23,0.091,0.471,0.000,0.000,0.000,0.000,0.562,
2025-10-24 00:00:00,Friday,0,0.076,0.420,0.000,0.000,0.000,0.000,0.496,
2025-10-24 01:00:00,Friday,1,0.094,0.427,0.000,0.000,0.000,0.000,0.521,
2025-10-24 02:00:00,Friday,2,0.093,0.487,0.000,0.000,0.000,0.000,0.580,
2025-10-24 03:00:00,Friday,3,0.083,0.433,0.000,0.000,0.000,0.000,0.516,
2025-10-24 04:00:00,Friday,4,0.095,0.473,0.000,0.000,0.000,0.000,0.568,
2025-10-24 05:00:00,Friday,5,0.073,0.422,0.000,0.000,0.000,0.000,0.495,
2025-10-24 06:00:00,Friday,6,0.088,0.661,0.094,0.199,0.000,0.000,1.042,
2025-10-24 07:00:00,Friday,7,0.094,0.704,0.097,0.328,0.000,0.000,1.223,
2025-10-24 08:00:00,Friday,8,0.095,0.781,0.000,0.304,0.000,0.000,1.180,
2025-10-24 09:00:00,Friday,9,0.080,0.680,0.000,0.000,0.051,0.000,0.811,
2025-10-24 10:00:00,Friday,10,0.077,0.620,0.000,0.000,0.089,0.000,0.786,
2025-10-24 11:00:00,Friday,11,0.089,0.584,0.000,0.000,0.070,0.000,0.743,
2025-10-24 12:00:00,Friday,12,0.082,0.591,0.000,0.260,0.060,0.000,0.993,
2025-10-24 13:00:00,Friday,13,0.094,0.565,0.000,0.000,0.085,0.000,0.744,
2025-10-24 14:00:00,Friday,14,0.067,0.616,0.000,0.000,0.091,0.000,0.774,
2025-10-24 15:00:00,Friday,15,0.077,0.597,0.000,0.000,0.098,0.000,0.772,
2025-10-24 16:00:00,Friday,16,0.074,0.712,0.000,0.000,0.068,0.000,0.854,
2025-10-24 17:00:00,Friday,17,0.090,0.622,0.000,0.687,0.101,0.000,1.500,
2025-10-24 18:00:00,Friday,18,0.082,0.813,0.128,0.000,0.103,0.000,1.126,
2025-10-24 19:00:00,Friday,19,0.067,0.727,0.082,0.000,0.193,0.000,1.069,
2025-10-24 20:00:00,Friday,20,0.079,0.630,0.120,0.000,0.190,0.701,1.720,zmywarka
2025-10-24 21:00:00,Friday,21,0.085,0.755,0.154,0.000,0.091,0.000,1.085,
2025-10-24 22:00:00,Friday,22,0.094,0.713,0.057,0.000,0.167,0.000,1.031,
2025-10-24 23:00:00,Friday,23,0.094,0.704,0.000,0.000,0.000,0.000,0.798,
2025-10-25 00:00:00,Saturday,0,0.092,0.705,0.000,0.000,0.000,0.000,0.797,
2025-10-25 01:00:00,Saturday,1,0.098,0.829,0.000,0.000,0.000,0.000,0.927,
2025-10-25 02:00:00,Saturday,2,0.074,0.800,0.000,0.000,0.000,0.000,0.874,
2025-10-25 03:00:00,Saturday,3,0.088,0.819,0.000,0.000,0.000,0.000,0.907,
2025-10-25 04:00:00,Saturday,4,0.097,0.772,0.000,0.000,0.000,0.000,0.869,
2025-10-25 05:00:00,Saturday,5,0.099,0.833,0.000,0.000,0.000,0.000,0.932,
2025-10-25 06:00:00,Saturday,6,0.074,1.000,0.063,0.180,0.000,0.000,1.317,
2025-10-25 07:00:00,Saturday,7,0.092,0.901,0.000,0.178,0.000,0.000,1.171,
2025-10-25 08:00:00,Saturday,8,0.073,0.818,0.000,0.347,0.000,0.000,1.238,
2025-10-25 09:00:00,Saturday,9,0.068,0.917,0.000,0.000,0.108,0.000,1.093,
2025-10-25 10:00:00,Saturday,10,0.073,0.701,0.000,0.000,0.043,0.000,0.817,
2025-10-25 11:00:00,Saturday,11,0.077,0.735,0.000,0.000,0.103,0.457,1.372,pralka
2025-10-25 12:00:00,Saturday,12,0.085,0.775,0.000,0.798,0.137,1.251,3.046,suszarka
2025-10-25 13:00:00,Saturday,13,0.091,0.869,0.000,0.000,0.085,0.000,1.045,
2025-10-25 14:00:00,Saturday,14,0.094,0.679,0.000,0.000,0.038,0.532,1.343,zmywarka
2025-10-25 15:00:00,Saturday,15,0.087,0.784,0.000,0.000,0.084,0.000,0.955,
2025-10-25 16:00:00,Saturday,16,0.067,0.740,0.000,0.000,0.118,0.000,0.925,
2025-10-25 17:00:00,Saturday,17,0.094,0.837,0.000,0.578,0.163,0.000,1.672,
2025-10-25 18:00:00,Saturday,18,0.091,0.904,0.076,0.000,0.134,0.000,1.205,
2025-10-25 19:00:00,Saturday,19,0.083,0.755,0.084,0.000,0.154,0.000,1.076,
2025-10-25 20:00:00,Saturday,20,0.094,0.873,0.118,0.000,0.203,0.000,1.288,
2025-10-25 21:00:00,Saturday,21,0.076,0.694,0.084,0.000,0.142,0.000,0.996,
2025-10-25 22:00:00,Saturday,22,0.085,0.574,0.037,0.000,0.119,0.000,0.815,
2025-10-25 23:00:00,Saturday,23,0.074,0.773,0.000,0.000,0.000,0.000,0.847,
2025-10-26 00:00:00,Sunday,0,0.079,0.724,0.000,0.000,0.000,0.000,0.803,
2025-10-26 01:00:00,Sunday,1,0.075,0.694,0.000,0.000,0.000,0.000,0.769,
2025-10-26 02:00:00,Sunday,2,0.082,0.734,0.000,0.000,0.000,0.000,0.816,
2025-10-26 03:00:00,Sunday,3,0.088,0.808,0.000,0.000,0.000,0.000,0.896,
2025-10-26 04:00:00,Sunday,4,0.083,0.735,0.000,0.000,0.000,0.000,0.818,
2025-10-26 05:00:00,Sunday,5,0.101,0.680,0.000,0.000,0.000,0.000,0.781,
2025-10-26 06:00:00,Sunday,6,0.078,0.847,0.075,0.252,0.000,0.000,1.252,
2025-10-26 07:00:00,Sunday,7,0.074,0.884,0.000,0.249,0.000,0.000,1.207,
2025-10-26 08:00:00,Sunday,8,0.066,0.974,0.000,0.262,0.000,0.000,1.302,
2025-10-26 09:00:00,Sunday,9,0.083,0.841,0.000,0.000,0.081,0.000,1.005,
2025-10-26 10:00:00,Sunday,10,0.086,0.857,0.000,0.000,0.065,0.000,1.008,
2025-10-26 11:00:00,Sunday,11,0.071,0.854,0.000,0.000,0.045,0.000,0.970,
2025-10-26 12:00:00,Sunday,12,0.094,0.853,0.000,0.263,0.039,0.000,1.249,
2025-10-26 13:00:00,Sunday,13,0.094,0.983,0.000,0.000,0.139,0.000,1.216,
2025-10-26 14:00:00,Sunday,14,0.080,0.901,0.000,0.000,0.089,0.529,1.599,zmywarka
2025-10-26 15:00:00,Sunday,15,0.082,1.066,0.000,0.000,0.067,0.000,1.215,
2025-10-26 16:00:00,Sunday,16,0.085,1.012,0.000,0.000,0.123,0.000,1.220,
2025-10-26 17:00:00,Sunday,17,0.073,1.099,0.000,0.894,0.157,0.000,2.223,
2025-10-26 18:00:00,Sunday,18,0.070,1.006,0.149,0.000,0.092,0.000,1.317,
2025-10-26 19:00:00,Sunday,19,0.088,1.174,0.065,0.000,0.107,0.000,1.434,
2025-10-26 20:00:00,Sunday,20,0.070,0.989,0.169,0.000,0.191,0.000,1.419,
2025-10-26 21:00:00,Sunday,21,0.089,1.180,0.135,0.000,0.141,0.000,1.545,
2025-10-26 22:00:00,Sunday,22,0.085,0.989,0.052,0.000,0.124,0.000,1.250,
2025-10-26 23:00:00,Sunday,23,0.080,0.824,0.000,0.000,0.000,0.000,0.904,
2025-10-27 00:00:00,Monday,0,0.092,0.790,0.000,0.000,0.000,0.000,0.882,
2025-10-27 01:00:00,Monday,1,0.090,0.901,0.000,0.000,0.000,0.000,0.991,
2025-10-27 02:00:00,Monday,2,0.090,1.017,0.000,0.000,0.000,0.000,1.107,
2025-10-27 03:00:00,Monday,3,0.097,0.968,0.000,0.000,0.000,0.000,1.065,
2025-10-27 04:00:00,Monday,4,0.078,1.028,0.000,0.000,0.000,0.000,1.106,
2025-10-27 05:00:00,Monday,5,0.085,0.843,0.000,0.000,0.000,0.000,0.928,
2025-10-27 06:00:00,Monday,6,0.086,0.962,0.092,0.245,0.000,0.000,1.385,
2025-10-27 07:00:00,Monday,7,0.074,1.027,0.098,0.224,0.000,0.000,1.423,
2025-10-27 08:00:00,Monday,8,0.088,0.970,0.000,0.265,0.000,0.000,1.323,
2025-10-27 09:00:00,Monday,9,0.088,1.165,0.000,0.000,0.142,0.000,1.395,praca zdalna
2025-10-27 10:00:00,Monday,10,0.088,0.973,0.000,0.000,0.176,0.000,1.237,praca zdalna
2025-10-27 11:00:00,Monday,11,0.075,0.802,0.000,0.000,0.179,0.000,1.056,praca zdalna
2025-10-27 12:00:00,Monday,12,0.088,0.995,0.000,0.000,0.103,0.000,1.186,praca zdalna
2025-10-27 13:00:00,Monday,13,0.094,0.800,0.000,0.430,0.142,0.000,1.466,praca zdalna
2025-10-27 14:00:00,Monday,14,0.085,0.872,0.000,0.000,0.174,0.000,1.131,praca zdalna
2025-10-27 15:00:00,Monday,15,0.088,0.952,0.000,0.000,0.209,0.000,1.249,praca zdalna
2025-10-27 16:00:00,Monday,16,0.088,0.975,0.000,0.000,0.167,0.000,1.230,praca zdalna
2025-10-27 17:00:00,Monday,17,0.095,0.922,0.000,0.000,0.200,0.000,1.217,
2025-10-27 18:00:00,Monday,18,0.071,0.905,0.139,0.655,0.187,0.000,1.957,
2025-10-27 19:00:00,Monday,19,0.083,0.834,0.114,0.000,0.129,0.486,1.646,zmywarka
2025-10-27 20:00:00,Monday,20,0.088,0.882,0.094,0.000,0.187,0.000,1.251,
2025-10-27 21:00:00,Monday,21,0.075,1.096,0.093,0.000,0.172,0.000,1.436,
2025-10-27 22:00:00,Monday,22,0.078,0.917,0.086,0.000,0.118,0.000,1.199,
2025-10-27 23:00:00,Monday,23,0.086,0.965,0.000,0.000,0.000,0.000,1.051,
2025-10-28 00:00:00,Tuesday,0,0.083,1.018,0.000,0.000,0.000,0.000,1.101,
2025-10-28 01:00:00,Tuesday,1,0.085,0.826,0.000,0.000,0.000,0.000,0.911,
2025-10-28 02:00:00,Tuesday,2,0.086,0.925,0.000,0.000,0.000,0.000,1.011,
2025-10-28 03:00:00,Tuesday,3,0.092,0.736,0.000,0.000,0.000,0.000,0.828,
2025-10-28 04:00:00,Tuesday,4,0.085,0.728,0.000,0.000,0.000,0.000,0.813,
2025-10-28 05:00:00,Tuesday,5,0.094,0.868,0.000,0.000,0.000,0.000,0.962,
2025-10-28 06:00:00,Tuesday,6,0.073,0.832,0.095,0.164,0.000,0.000,1.164,
2025-10-28 07:00:00,Tuesday,7,0.068,0.884,0.106,0.325,0.000,0.000,1.383,
2025-10-28 08:00:00,Tuesday,8,0.081,0.937,0.000,0.267,0.000,0.000,1.285,
2025-10-28 09:00:00,Tuesday,9,0.095,0.902,0.000,0.000,0.151,0.000,1.148,praca zdalna
2025-10-28 10:00:00,Tuesday,10,0.090,0.860,0.000,0.000,0.176,0.481,1.607,praca zdalna; pralka
2025-10-28 11:00:00,Tuesday,11,0.095,0.827,0.000,0.000,0.148,0.000,1.070,praca zdalna
2025-10-28 12:00:00,Tuesday,12,0.087,1.027,0.000,0.000,0.157,0.000,1.271,praca zdalna
2025-10-28 13:00:00,Tuesday,13,0.095,0.820,0.000,0.326,0.166,0.000,1.407,praca zdalna
2025-10-28 14:00:00,Tuesday,14,0.094,0.875,0.000,0.000,0.184,0.000,1.153,praca zdalna
2025-10-28 15:00:00,Tuesday,15,0.092,1.082,0.000,0.000,0.221,0.000,1.395,praca zdalna
2025-10-28 16:00:00,Tuesday,16,0.077,0.865,0.000,0.000,0.161,0.000,1.103,praca zdalna
2025-10-28 17:00:00,Tuesday,17,0.095,1.070,0.000,0.943,0.149,0.000,2.257,
2025-10-28 18:00:00,Tuesday,18,0.083,1.000,0.076,0.000,0.164,0.000,1.323,
2025-10-28 19:00:00,Tuesday,19,0.088,0.994,0.095,0.000,0.127,0.000,1.304,
2025-10-28 20:00:00,Tuesday,20,0.092,0.922,0.114,0.000,0.176,0.694,1.998,zmywarka
2025-10-28 21:00:00,Tuesday,21,0.082,1.136,0.147,0.000,0.128,0.000,1.493,
2025-10-28 22:00:00,Tuesday,22,0.067,0.881,0.043,0.000,0.120,0.000,1.111,
2025-10-28 23:00:00,Tuesday,23,0.088,1.007,0.000,0.000,0.000,0.000,1.095,
2025-10-29 00:00:00,Wednesday,0,0.099,0.838,0.000,0.000,0.000,0.000,0.937,
2025-10-29 01:00:00,Wednesday,1,0.070,0.889,0.000,0.000,0.000,0.000,0.959,
2025-10-29 02:00:00,Wednesday,2,0.078,0.925,0.000,0.000,0.000,0.000,1.003,
2025-10-29 03:00:00,Wednesday,3,0.100,0.767,0.000,0.000,0.000,0.000,0.867,
2025-10-29 04:00:00,Wednesday,4,0.098,0.733,0.000,0.000,0.000,0.000,0.831,
2025-10-29 05:00:00,Wednesday,5,0.067,0.803,0.000,0.000,0.000,0.000,0.870,
2025-10-29 06:00:00,Wednesday,6,0.083,0.766,0.060,0.225,0.000,0.000,1.134,
2025-10-29 07:00:00,Wednesday,7,0.089,0.968,0.078,0.145,0.000,0.000,1.280,
2025-10-29 08:00:00,Wednesday,8,0.083,0.745,0.000,0.356,0.000,0.000,1.184,
2025-10-29 09:00:00,Wednesday,9,0.080,0.720,0.000,0.000,0.058,0.000,0.858,
2025-10-29 10:00:00,Wednesday,10,0.085,0.731,0.000,0.000,0.075,0.000,0.891,
2025-10-29 11:00:00,Wednesday,11,0.077,0.630,0.000,0.000,0.085,0.000,0.792,
2025-10-29 12:00:00,Wednesday,12,0.074,0.625,0.000,0.000,0.070,0.000,0.769,
2025-10-29 13:00:00,Wednesday,13,0.088,0.632,0.000,0.387,0.084,0.000,1.191,
2025-10-29 14:00:00,Wednesday,14,0.092,0.799,0.000,0.000,0.087,0.000,0.978,
2025-10-29 15:00:00,Wednesday,15,0.074,0.624,0.000,0.000,0.050,0.000,0.748,
2025-10-29 16:00:00,Wednesday,16,0.072,0.679,0.000,0.000,0.078,0.000,0.829,
2025-10-29 17:00:00,Wednesday,17,0.082,0.680,0.000,0.646,0.194,0.000,1.602,
2025-10-29 18:00:00,Wednesday,18,0.082,0.731,0.117,0.000,0.109,0.000,1.039,
2025-10-29 19:00:00,Wednesday,19,0.084,0.707,0.100,0.000,0.123,0.653,1.667,zmywarka
2025-10-29 20:00:00,Wednesday,20,0.073,0.676,0.061,0.000,0.195,0.000,1.005,
2025-10-29 21:00:00,Wednesday,21,0.084,0.706,0.109,0.000,0.209,0.000,1.108,
2025-10-29 22:00:00,Wednesday,22,0.080,0.632,0.043,0.000,0.178,0.000,0.933,
2025-10-29 23:00:00,Wednesday,23,0.079,0.637,0.000,0.000,0.000,0.000,0.716,
2025-10-30 00:00:00,Thursday,0,0.074,0.551,0.000,0.000,0.000,0.000,0.625,
2025-10-30 01:00:00,Thursday,1,0.083,0.516,0.000,0.000,0.000,0.000,0.599,
2025-10-30 02:00:00,Thursday,2,0.084,0.655,0.000,0.000,0.000,0.000,0.739,
2025-10-30 03:00:00,Thursday,3,0.071,0.595,0.000,0.000,0.000,0.000,0.666,
2025-10-30 04:00:00,Thursday,4,0.077,0.592,0.000,0.000,0.000,0.000,0.669,
2025-10-30 05:00:00,Thursday,5,0.095,0.683,0.000,0.000,0.000,0.000,0.778,
2025-10-30 06:00:00,Thursday,6,0.091,0.830,0.076,0.338,0.000,0.000,1.335,
2025-10-30 07:00:00,Thursday,7,0.089,0.726,0.115,0.205,0.000,0.000,1.135,
2025-10-30 08:00:00,Thursday,8,0.087,0.761,0.000,0.176,0.000,0.000,1.024,
2025-10-30 09:00:00,Thursday,9,0.076,0.826,0.000,0.000,0.116,0.000,1.018,praca zdalna
2025-10-30 10:00:00,Thursday,10,0.089,0.840,0.000,0.000,0.117,0.000,1.046,praca zdalna
2025-10-30 11:00:00,Thursday,11,0.068,0.655,0.000,0.000,0.150,0.000,0.873,praca zdalna
2025-10-30 12:00:00,Thursday,12,0.092,0.736,0.000,0.000,0.139,0.000,0.967,praca zdalna
2025-10-30 13:00:00,Thursday,13,0.079,0.902,0.000,0.421,0.148,0.000,1.550,praca zdalna
2025-10-30 14:00:00,Thursday,14,0.080,0.850,0.000,0.000,0.183,0.000,1.113,praca zdalna
2025-10-30 15:00:00,Thursday,15,0.085,0.813,0.000,0.000,0.181,0.000,1.079,praca zdalna
2025-10-30 16:00:00,Thursday,16,0.070,0.786,0.000,0.000,0.179,0.000,1.035,praca zdalna
2025-10-30 17:00:00,Thursday,17,0.094,0.711,0.000,0.451,0.164,0.000,1.420,
2025-10-30 18:00:00,Thursday,18,0.093,0.764,0.109,0.000,0.200,0.000,1.166,
2025-10-30 19:00:00,Thursday,19,0.095,0.784,0.121,0.000,0.210,0.698,1.908,zmywarka
2025-10-30 20:00:00,Thursday,20,0.070,0.760,0.127,0.000,0.147,0.000,1.104,
2025-10-30 21:00:00,Thursday,21,0.082,0.925,0.082,0.000,0.171,0.000,1.260,
2025-10-30 22:00:00,Thursday,22,0.070,0.721,0.061,0.000,0.155,0.000,1.007,
2025-10-30 23:00:00,Thursday,23,0.070,0.752,0.000,0.000,0.000,0.000,0.822,
2025-10-31 00:00:00,Friday,0,0.099,0.765,0.000,0.000,0.000,0.000,0.864,
2025-10-31 01:00:00,Friday,1,0.089,0.763,0.000,0.000,0.000,0.000,0.852,
2025-10-31 02:00:00,Friday,2,0.069,0.862,0.000,0.000,0.000,0.000,0.931,
2025-10-31 03:00:00,Friday,3,0.091,0.902,0.000,0.000,0.000,0.000,0.993,
2025-10-31 04:00:00,Friday,4,0.088,0.859,0.000,0.000,0.000,0.000,0.947,
2025-10-31 05:00:00,Friday,5,0.090,0.994,0.000,0.000,0.000,0.000,1.084,
2025-10-31 06:00:00,Friday,6,0.086,1.129,0.125,0.206,0.000,0.000,1.546,
2025-10-31 07:00:00,Friday,7,0.092,1.279,0.000,0.296,0.000,0.000,1.667,
2025-10-31 08:00:00,Friday,8,0.068,1.331,0.000,0.155,0.000,0.000,1.554,
2025-10-31 09:00:00,Friday,9,0.074,1.128,0.000,0.000,0.123,0.000,1.325,praca zdalna
2025-10-31 10:00:00,Friday,10,0.073,1.184,0.000,0.000,0.175,0.000,1.432,praca zdalna
2025-10-31 11:00:00,Friday,11,0.077,0.956,0.000,0.000,0.170,0.000,1.203,praca zdalna
2025-10-31 12:00:00,Friday,12,0.091,0.920,0.000,0.000,0.137,0.000,1.148,praca zdalna
2025-10-31 13:00:00,Friday,13,0.083,0.894,0.000,0.394,0.122,0.000,1.493,praca zdalna
2025-10-31 14:00:00,Friday,14,0.093,0.812,0.000,0.000,0.166,0.000,1.071,praca zdalna
2025-10-31 15:00:00,Friday,15,0.082,0.712,0.000,0.000,0.203,0.000,0.997,praca zdalna
2025-10-31 16:00:00,Friday,16,0.072,0.740,0.000,0.000,0.178,0.000,0.990,praca zdalna
2025-10-31 17:00:00,Friday,17,0.086,0.890,0.000,0.000,0.103,0.000,1.079,
2025-10-31 18:00:00,Friday,18,0.069,0.782,0.149,0.476,0.190,0.000,1.666,
2025-10-31 19:00:00,Friday,19,0.086,0.907,0.068,0.000,0.163,0.544,1.768,zmywarka
2025-10-31 20:00:00,Friday,20,0.079,0.845,0.163,0.000,0.110,0.000,1.197,
2025-10-31 21:00:00,Friday,21,0.083,0.864,0.084,0.000,0.151,0.000,1.182,
2025-10-31 22:00:00,Friday,22,0.068,0.651,0.032,0.000,0.118,0.000,0.869,
2025-10-31 23:00:00,Friday,23,0.100,0.710,0.000,0.000,0.000,0.000,0.810,
2025-11-01 00:00:00,Saturday,0,0.076,0.715,0.000,0.000,0.000,0.000,0.791,
2025-11-01 01:00:00,Saturday,1,0.072,0.700,0.000,0.000,0.000,0.000,0.772,
2025-11-01 02:00:00,Saturday,2,0.099,0.631,0.000,0.000,0.000,0.000,0.730,
2025-11-01 03:00:00,Saturday,3,0.090,0.727,0.000,0.000,0.000,0.000,0.817,
2025-11-01 04:00:00,Saturday,4,0.102,0.672,0.000,0.000,0.000,0.000,0.774,
2025-11-01 05:00:00,Saturday,5,0.070,0.632,0.000,0.000,0.000,0.000,0.702,
2025-11-01 06:00:00,Saturday,6,0.084,0.706,0.094,0.268,0.000,0.000,1.152,
2025-11-01 07:00:00,Saturday,7,0.077,0.882,0.124,0.178,0.000,0.000,1.261,
2025-11-01 08:00:00,Saturday,8,0.087,0.898,0.000,0.127,0.000,0.000,1.112,
2025-11-01 09:00:00,Saturday,9,0.068,0.842,0.000,0.000,0.097,0.000,1.007,
2025-11-01 10:00:00,Saturday,10,0.088,0.712,0.000,0.000,0.092,0.559,1.451,pralka
2025-11-01 11:00:00,Saturday,11,0.085,0.753,0.000,0.000,0.073,0.000,0.911,
2025-11-01 12:00:00,Saturday,12,0.079,0.766,0.000,0.512,0.037,0.000,1.394,
2025-11-01 13:00:00,Saturday,13,0.085,0.750,0.000,0.000,0.080,0.000,0.915,
2025-11-01 14:00:00,Saturday,14,0.071,0.666,0.000,0.000,0.033,0.000,0.770,
2025-11-01 15:00:00,Saturday,15,0.094,0.662,0.000,0.000,0.091,0.000,0.847,
2025-11-01 16:00:00,Saturday,16,0.083,0.803,0.079,0.000,0.129,0.000,1.094,
2025-11-01 17:00:00,Saturday,17,0.074,0.629,0.104,0.000,0.194,0.000,1.001,
2025-11-01 18:00:00,Saturday,18,0.079,0.624,0.070,0.496,0.203,0.000,1.472,
2025-11-01 19:00:00,Saturday,19,0.072,0.631,0.134,0.000,0.176,0.000,1.013,
2025-11-01 20:00:00,Saturday,20,0.082,0.678,0.155,0.000,0.148,0.000,1.063,
2025-11-01 21:00:00,Saturday,21,0.081,0.529,0.152,0.000,0.174,0.000,0.936,
2025-11-01 22:00:00,Saturday,22,0.078,0.486,0.074,0.000,0.142,0.000,0.780,
2025-11-01 23:00:00,Saturday,23,0.094,0.487,0.000,0.000,0.000,0.000,0.581,
2025-11-02 00:00:00,Sunday,0,0.103,0.529,0.000,0.000,0.000,0.000,0.632,
2025-11-02 01:00:00,Sunday,1,0.088,0.704,0.000,0.000,0.000,0.000,0.792,
2025-11-02 02:00:00,Sunday,2,0.082,0.618,0.000,0.000,0.000,0.000,0.700,
2025-11-02 03:00:00,Sunday,3,0.097,0.675,0.000,0.000,0.000,0.000,0.772,
2025-11-02 04:00:00,Sunday,4,0.070,0.568,0.000,0.000,0.000,0.000,0.638,
2025-11-02 05:00:00,Sunday,5,0.075,0.719,0.000,0.000,0.000,0.000,0.794,
2025-11-02 06:00:00,Sunday,6,0.084,0.718,0.050,0.295,0.000,0.000,1.147,
2025-11-02 07:00:00,Sunday,7,0.073,0.707,0.046,0.268,0.000,0.000,1.094,
2025-11-02 08:00:00,Sunday,8,0.095,0.818,0.000,0.223,0.000,0.000,1.136,
2025-11-02 09:00:00,Sunday,9,0.077,0.658,0.000,0.000,0.104,0.000,0.839,
2025-11-02 10:00:00,Sunday,10,0.074,0.843,0.000,0.000,0.124,0.000,1.041,
2025-11-02 11:00:00,Sunday,11,0.079,0.715,0.000,0.000,0.085,0.000,0.879,
2025-11-02 12:00:00,Sunday,12,0.069,0.708,0.000,0.000,0.049,0.000,0.826,
2025-11-02 13:00:00,Sunday,13,0.086,0.611,0.000,0.646,0.090,0.000,1.433,
2025-11-02 14:00:00,Sunday,14,0.091,0.626,0.000,0.000,0.112,0.000,0.829,
2025-11-02 15:00:00,Sunday,15,0.071,0.688,0.000,0.000,0.121,0.000,0.880,
2025-11-02 16:00:00,Sunday,16,0.072,0.755,0.070,0.000,0.099,0.000,0.996,
2025-11-02 17:00:00,Sunday,17,0.073,0.739,0.154,1.064,0.127,0.000,2.157,
2025-11-02 18:00:00,Sunday,18,0.068,0.734,0.137,0.000,0.115,0.000,1.054,
2025-11-02 19:00:00,Sunday,19,0.074,0.730,0.103,0.000,0.129,0.000,1.036,
2025-11-02 20:00:00,Sunday,20,0.089,0.736,0.086,0.000,0.101,0.000,1.012,
2025-11-02 21:00:00,Sunday,21,0.067,0.887,0.111,0.000,0.118,0.000,1.183,
2025-11-02 22:00:00,Sunday,22,0.067,0.824,0.084,0.000,0.209,0.000,1.184,
2025-11-02 23:00:00,Sunday,23,0.108,0.836,0.000,0.000,0.000,0.000,0.944,
2025-11-03 00:00:00,Monday,0,0.082,0.913,0.000,0.000,0.000,0.000,0.995,
2025-11-03 01:00:00,Monday,1,0.095,0.926,0.000,0.000,0.000,0.000,1.021,
2025-11-03 02:00:00,Monday,2,0.079,0.947,0.000,0.000,0.000,0.000,1.026,
2025-11-03 03:00:00,Monday,3,0.079,0.890,0.000,0.000,0.000,0.000,0.969,
2025-11-03 04:00:00,Monday,4,0.090,0.894,0.000,0.000,0.000,0.000,0.984,
2025-11-03 05:00:00,Monday,5,0.087,0.733,0.000,0.000,0.000,0.000,0.820,
2025-11-03 06:00:00,Monday,6,0.073,0.944,0.121,0.191,0.000,0.000,1.329,
2025-11-03 07:00:00,Monday,7,0.071,0.982,0.119,0.307,0.000,0.000,1.479,
2025-11-03 08:00:00,Monday,8,0.084,1.099,0.000,0.281,0.000,0.000,1.464,
2025-11-03 09:00:00,Monday,9,0.074,0.819,0.000,0.000,0.139,0.000,1.032,praca zdalna
2025-11-03 10:00:00,Monday,10,0.071,0.751,0.000,0.000,0.173,0.000,0.995,praca zdalna
2025-11-03 11:00:00,Monday,11,0.067,0.743,0.000,0.000,0.161,0.000,0.971,praca zdalna
2025-11-03 12:00:00,Monday,12,0.082,0.844,0.000,0.000,0.148,0.000,1.074,praca zdalna
2025-11-03 13:00:00,Monday,13,0.067,0.688,0.000,0.228,0.107,0.000,1.090,praca zdalna
2025-11-03 14:00:00,Monday,14,0.073,0.667,0.000,0.000,0.150,0.000,0.890,praca zdalna
2025-11-03 15:00:00,Monday,15,0.076,0.675,0.000,0.000,0.102,0.000,0.853,praca zdalna
2025-11-03 16:00:00,Monday,16,0.086,0.788,0.050,0.000,0.109,0.000,1.033,praca zdalna
2025-11-03 17:00:00,Monday,17,0.079,0.783,0.133,0.435,0.210,0.000,1.640,
2025-11-03 18:00:00,Monday,18,0.075,0.734,0.069,0.000,0.104,0.000,0.982,
2025-11-03 19:00:00,Monday,19,0.081,0.866,0.151,0.000,0.124,0.550,1.772,zmywarka
2025-11-03 20:00:00,Monday,20,0.090,0.844,0.069,0.000,0.128,0.000,1.131,
2025-11-03 21:00:00,Monday,21,0.077,0.764,0.179,0.000,0.182,0.000,1.202,
2025-11-03 22:00:00,Monday,22,0.082,0.658,0.082,0.000,0.092,0.000,0.914,
2025-11-03 23:00:00,Monday,23,0.075,0.727,0.000,0.000,0.000,0.000,0.802,
2025-11-04 00:00:00,Tuesday,0,0.074,0.546,0.000,0.000,0.000,0.000,0.620,
2025-11-04 01:00:00,Tuesday,1,0.074,0.592,0.000,0.000,0.000,0.000,0.666,
2025-11-04 02:00:00,Tuesday,2,0.075,0.504,0.000,0.000,0.000,0.000,0.579,
2025-11-04 03:00:00,Tuesday,3,0.088,0.518,0.000,0.000,0.000,0.000,0.606,
2025-11-04 04:00:00,Tuesday,4,0.069,0.570,0.000,0.000,0.000,0.000,0.639,
2025-11-04 05:00:00,Tuesday,5,0.106,0.584,0.000,0.000,0.000,0.000,0.690,
2025-11-04 06:00:00,Tuesday,6,0.068,0.600,0.073,0.304,0.000,0.000,1.045,
2025-11-04 07:00:00,Tuesday,7,0.089,0.567,0.104,0.239,0.000,0.000,0.999,
2025-11-04 08:00:00,Tuesday,8,0.094,0.578,0.000,0.225,0.000,0.000,0.897,
2025-11-04 09:00:00,Tuesday,9,0.067,0.647,0.000,0.000,0.074,0.000,0.788,
2025-11-04 10:00:00,Tuesday,10,0.095,0.547,0.000,0.000,0.059,0.000,0.701,
2025-11-04 11:00:00,Tuesday,11,0.071,0.554,0.000,0.000,0.074,0.000,0.699,
2025-11-04 12:00:00,Tuesday,12,0.075,0.514,0.000,0.362,0.079,0.000,1.030,
2025-11-04 13:00:00,Tuesday,13,0.073,0.517,0.000,0.000,0.052,0.000,0.642,
2025-11-04 14:00:00,Tuesday,14,0.083,0.574,0.000,0.000,0.076,0.000,0.733,
2025-11-04 15:00:00,Tuesday,15,0.075,0.470,0.000,0.000,0.137,0.000,0.682,
2025-11-04 16:00:00,Tuesday,16,0.066,0.553,0.061,0.000,0.138,0.000,0.818,
2025-11-04 17:00:00,Tuesday,17,0.093,0.553,0.082,0.489,0.115,0.000,1.332,
2025-11-04 18:00:00,Tuesday,18,0.087,0.466,0.080,0.000,0.179,0.000,0.812,
2025-11-04 19:00:00,Tuesday,19,0.075,0.551,0.138,0.000,0.203,0.000,0.967,
2025-11-04 20:00:00,Tuesday,20,0.078,0.640,0.143,0.000,0.178,0.631,1.670,zmywarka
2025-11-04 21:00:00,Tuesday,21,0.080,0.670,0.176,0.000,0.179,0.000,1.105,
2025-11-04 22:00:00,Tuesday,22,0.074,0.572,0.039,0.000,0.165,0.000,0.850,
2025-11-04 23:00:00,Tuesday,23,0.110,0.555,0.000,0.000,0.000,0.000,0.665,
2025-11-05 00:00:00,Wednesday,0,0.086,0.460,0.000,0.000,0.000,0.000,0.546,
2025-11-05 01:00:00,Wednesday,1,0.094,0.520,0.000,0.000,0.000,0.000,0.614,
2025-11-05 02:00:00,Wednesday,2,0.088,0.464,0.000,0.000,0.000,0.000,0.552,
2025-11-05 03:00:00,Wednesday,3,0.092,0.566,0.000,0.000,0.000,0.000,0.658,
2025-11-05 04:00:00,Wednesday,4,0.079,0.571,0.000,0.000,0.000,0.000,0.650,
2025-11-05 05:00:00,Wednesday,5,0.082,0.595,0.000,0.000,0.000,0.000,0.677,
2025-11-05 06:00:00,Wednesday,6,0.077,0.782,0.092,0.324,0.000,0.000,1.275,
2025-11-05 07:00:00,Wednesday,7,0.084,0.627,0.090,0.260,0.000,0.000,1.061,
2025-11-05 08:00:00,Wednesday,8,0.087,0.706,0.000,0.337,0.000,0.000,1.130,
2025-11-05 09:00:00,Wednesday,9,0.091,0.660,0.000,0.000,0.088,0.000,0.839,
2025-11-05 10:00:00,Wednesday,10,0.092,0.612,0.000,0.000,0.061,0.000,0.765,
2025-11-05 11:00:00,Wednesday,11,0.075,0.706,0.000,0.000,0.084,0.000,0.865,
2025-11-05 12:00:00,Wednesday,12,0.092,0.515,0.000,0.000,0.052,0.000,0.659,
2025-11-05 13:00:00,Wednesday,13,0.069,0.544,0.000,0.373,0.056,0.000,1.042,
2025-11-05 14:00:00,Wednesday,14,0.070,0.618,0.000,0.000,0.149,0.000,0.837,
2025-11-05 15:00:00,Wednesday,15,0.069,0.703,0.000,0.000,0.111,0.000,0.883,
2025-11-05 16:00:00,Wednesday,16,0.074,0.660,0.062,0.000,0.113,0.000,0.909,
2025-11-05 17:00:00,Wednesday,17,0.070,0.671,0.126,0.000,0.188,0.000,1.055,
2025-11-05 18:00:00,Wednesday,18,0.071,0.544,0.169,0.865,0.208,0.000,1.857,
2025-11-05 19:00:00,Wednesday,19,0.079,0.565,0.153,0.000,0.187,0.000,0.984,
2025-11-05 20:00:00,Wednesday,20,0.093,0.680,0.107,0.000,0.196,0.000,1.076,
2025-11-05 21:00:00,Wednesday,21,0.066,0.651,0.109,0.000,0.178,0.000,1.004,
2025-11-05 22:00:00,Wednesday,22,0.070,0.595,0.062,0.000,0.163,0.000,0.890,
2025-11-05 23:00:00,Wednesday,23,0.083,0.544,0.000,0.000,0.000,0.000,0.627,
2025-11-06 00:00:00,Thursday,0,0.090,0.636,0.000,0.000,0.000,0.000,0.726,
2025-11-06 01:00:00,Thursday,1,0.105,0.679,0.000,0.000,0.000,0.000,0.784,
2025-11-06 02:00:00,Thursday,2,0.074,0.542,0.000,0.000,0.000,0.000,0.616,
2025-11-06 03:00:00,Thursday,3,0.067,0.660,0.000,0.000,0.000,0.000,0.727,
2025-11-06 04:00:00,Thursday,4,0.086,0.679,0.000,0.000,0.000,0.000,0.765,
2025-11-06 05:00:00,Thursday,5,0.094,0.544,0.000,0.000,0.000,0.000,0.638,
2025-11-06 06:00:00,Thursday,6,0.076,0.824,0.068,0.317,0.000,0.000,1.285,
2025-11-06 07:00:00,Thursday,7,0.080,0.785,0.086,0.328,0.000,0.000,1.279,
2025-11-06 08:00:00,Thursday,8,0.089,0.650,0.000,0.278,0.000,0.000,1.017,
2025-11-06 09:00:00,Thursday,9,0.086,0.750,0.000,0.000,0.064,0.000,0.900,
2025-11-06 10:00:00,Thursday,10,0.067,0.818,0.000,0.000,0.082,0.000,0.967,
2025-11-06 11:00:00,Thursday,11,0.096,0.674,0.000,0.000,0.059,0.000,0.829,
2025-11-06 12:00:00,Thursday,12,0.088,0.584,0.000,0.000,0.080,0.000,0.752,
2025-11-06 13:00:00,Thursday,13,0.091,0.712,0.000,0.443,0.065,0.000,1.311,
2025-11-06 14:00:00,Thursday,14,0.079,0.656,0.000,0.000,0.116,0.000,0.851,
2025-11-06 15:00:00,Thursday,15,0.069,0.704,0.000,0.000,0.138,0.000,0.911,
2025-11-06 16:00:00,Thursday,16,0.087,0.649,0.067,0.000,0.103,0.000,0.906,
2025-11-06 17:00:00,Thursday,17,0.094,0.794,0.143,0.785,0.103,0.000,1.919,
2025-11-06 18:00:00,Thursday,18,0.074,0.802,0.175,0.000,0.162,0.000,1.213,
2025-11-06 19:00:00,Thursday,19,0.076,0.871,0.112,0.000,0.138,0.000,1.197,
2025-11-06 20:00:00,Thursday,20,0.086,0.844,0.094,0.000,0.203,0.531,1.758,zmywarka
2025-11-06 21:00:00,Thursday,21,0.067,0.916,0.101,0.000,0.140,0.000,1.224,
2025-11-06 22:00:00,Thursday,22,0.070,0.731,0.045,0.000,0.142,0.000,0.988,
2025-11-06 23:00:00,Thursday,23,0.094,0.825,0.000,0.000,0.000,0.000,0.919,
2025-11-07 00:00:00,Friday,0,0.074,0.649,0.000,0.000,0.000,0.000,0.723,
2025-11-07 01:00:00,Friday,1,0.088,0.632,0.000,0.000,0.000,0.000,0.720,
2025-11-07 02:00:00,Friday,2,0.083,0.812,0.000,0.000,0.000,0.000,0.895,
2025-11-07 03:00:00,Friday,3,0.105,0.728,0.000,0.000,0.000,0.000,0.833,
2025-11-07 04:00:00,Friday,4,0.070,0.695,0.000,0.000,0.000,0.000,0.765,
2025-11-07 05:00:00,Friday,5,0.074,0.778,0.000,0.000,0.000,0.000,0.852,
2025-11-07 06:00:00,Friday,6,0.087,0.851,0.057,0.177,0.000,0.000,1.172,
2025-11-07 07:00:00,Friday,7,0.070,0.821,0.125,0.269,0.000,0.000,1.285,
2025-11-07 08:00:00,Friday,8,0.078,0.836,0.000,0.271,0.000,0.000,1.185,
2025-11-07 09:00:00,Friday,9,0.080,0.912,0.000,0.000,0.077,0.000,1.069,
2025-11-07 10:00:00,Friday,10,0.071,0.790,0.000,0.000,0.061,0.000,0.922,
2025-11-07 11:00:00,Friday,11,0.083,0.811,0.000,0.000,0.087,0.596,1.577,pralka
2025-11-07 12:00:00,Friday,12,0.073,0.850,0.000,0.000,0.050,1.448,2.421,suszarka
2025-11-07 13:00:00,Friday,13,0.081,0.884,0.000,0.355,0.056,0.000,1.376,
2025-11-07 14:00:00,Friday,14,0.082,0.715,0.000,0.000,0.107,0.000,0.904,
2025-11-07 15:00:00,Friday,15,0.070,0.724,0.000,0.000,0.110,0.000,0.904,
2025-11-07 16:00:00,Friday,16,0.093,0.887,0.102,0.000,0.119,0.000,1.201,
2025-11-07 17:00:00,Friday,17,0.076,0.814,0.111,0.000,0.166,0.000,1.167,goście
2025-11-07 18:00:00,Friday,18,0.086,0.868,0.134,1.702,0.163,0.000,2.953,goście
2025-11-07 19:00:00,Friday,19,0.070,0.941,0.091,0.000,0.189,0.687,1.978,goście; zmywarka
2025-11-07 20:00:00,Friday,20,0.078,0.837,0.127,0.000,0.131,0.000,1.173,goście
2025-11-07 21:00:00,Friday,21,0.089,0.899,0.061,0.000,0.119,0.000,1.168,goście
2025-11-07 22:00:00,Friday,22,0.091,0.883,0.055,0.000,0.182,0.000,1.211,
2025-11-07 23:00:00,Friday,23,0.107,0.688,0.000,0.000,0.000,0.000,0.795,
2025-11-08 00:00:00,Saturday,0,0.083,0.955,0.000,0.000,0.000,0.000,1.038,
2025-11-08 01:00:00,Saturday,1,0.095,0.792,0.000,0.000,0.000,0.000,0.887,
2025-11-08 02:00:00,Saturday,2,0.093,0.941,0.000,0.000,0.000,0.000,1.034,
2025-11-08 03:00:00,Saturday,3,0.091,0.871,0.000,0.000,0.000,0.000,0.962,
2025-11-08 04:00:00,Saturday,4,0.066,0.955,0.000,0.000,0.000,0.000,1.021,
2025-11-08 05:00:00,Saturday,5,0.067,1.064,0.000,0.000,0.000,0.000,1.131,
2025-11-08 06:00:00,Saturday,6,0.089,0.970,0.067,0.311,0.000,0.000,1.437,
2025-11-08 07:00:00,Saturday,7,0.068,0.831,0.049,0.353,0.000,0.000,1.301,
2025-11-08 08:00:00,Saturday,8,0.081,1.102,0.000,0.238,0.000,0.000,1.421,
2025-11-08 09:00:00,Saturday,9,0.076,0.913,0.000,0.000,0.150,0.000,1.139,
2025-11-08 10:00:00,Saturday,10,0.088,0.779,0.000,0.000,0.061,0.577,1.505,pralka
2025-11-08 11:00:00,Saturday,11,0.092,0.926,0.000,0.000,0.051,0.000,1.069,
2025-11-08 12:00:00,Saturday,12,0.076,0.947,0.000,0.000,0.071,0.000,1.094,
2025-11-08 13:00:00,Saturday,13,0.088,0.917,0.000,0.200,0.046,0.000,1.251,
2025-11-08 14:00:00,Saturday,14,0.071,0.817,0.000,0.000,0.092,0.527,1.507,zmywarka
2025-11-08 15:00:00,Saturday,15,0.069,0.948,0.000,0.000,0.113,0.000,1.130,
2025-11-08 16:00:00,Saturday,16,0.071,0.889,0.087,0.000,0.083,0.000,1.130,
2025-11-08 17:00:00,Saturday,17,0.095,0.888,0.075,0.368,0.202,0.000,1.628,
2025-11-08 18:00:00,Saturday,18,0.068,0.949,0.168,0.000,0.195,0.000,1.380,
2025-11-08 19:00:00,Saturday,19,0.092,1.004,0.111,0.000,0.095,0.000,1.302,
2025-11-08 20:00:00,Saturday,20,0.070,0.992,0.109,0.000,0.204,0.000,1.375,
2025-11-08 21:00:00,Saturday,21,0.068,0.979,0.151,0.000,0.152,0.000,1.350,
2025-11-08 22:00:00,Saturday,22,0.084,0.851,0.032,0.000,0.189,0.000,1.156,
2025-11-08 23:00:00,Saturday,23,0.101,0.758,0.000,0.000,0.000,0.000,0.859,
2025-11-09 00:00:00,Sunday,0,0.079,0.806,0.000,0.000,0.000,0.000,0.885,
2025-11-09 01:00:00,Sunday,1,0.082,0.776,0.000,0.000,0.000,0.000,0.858,
2025-11-09 02:00:00,Sunday,2,0.083,0.845,0.000,0.000,0.000,0.000,0.928,
2025-11-09 03:00:00,Sunday,3,0.097,0.812,0.000,0.000,0.000,0.000,0.909,
2025-11-09 04:00:00,Sunday,4,0.088,0.933,0.000,0.000,0.000,0.000,1.021,
2025-11-09 05:00:00,Sunday,5,0.095,0.999,0.000,0.000,0.000,0.000,1.094,
2025-11-09 06:00:00,Sunday,6,0.088,1.110,0.097,0.176,0.000,0.000,1.471,
2025-11-09 07:00:00,Sunday,7,0.073,1.167,0.080,0.341,0.000,0.000,1.661,
2025-11-09 08:00:00,Sunday,8,0.075,0.976,0.000,0.255,0.000,0.000,1.306,
2025-11-09 09:00:00,Sunday,9,0.085,1.258,0.000,0.000,0.034,0.000,1.377,
2025-11-09 10:00:00,Sunday,10,0.082,1.096,0.000,0.000,0.136,0.000,1.314,
2025-11-09 11:00:00,Sunday,11,0.092,1.016,0.000,0.000,0.140,0.000,1.248,
2025-11-09 12:00:00,Sunday,12,0.076,1.062,0.000,0.000,0.032,0.000,1.170,
2025-11-09 13:00:00,Sunday,13,0.083,1.118,0.000,0.194,0.075,0.531,2.001,zmywarka
2025-11-09 14:00:00,Sunday,14,0.073,1.069,0.000,0.000,0.136,0.000,1.278,
2025-11-09 15:00:00,Sunday,15,0.082,1.112,0.000,0.000,0.092,0.000,1.286,
2025-11-09 16:00:00,Sunday,16,0.094,0.979,0.087,0.000,0.053,0.000,1.213,
2025-11-09 17:00:00,Sunday,17,0.093,0.925,0.141,0.000,0.101,0.000,1.260,
2025-11-09 18:00:00,Sunday,18,0.075,1.163,0.089,0.438,0.104,0.000,1.869,
2025-11-09 19:00:00,Sunday,19,0.067,1.075,0.078,0.000,0.210,0.000,1.430,
2025-11-09 20:00:00,Sunday,20,0.088,0.869,0.109,0.000,0.209,0.000,1.275,
2025-11-09 21:00:00,Sunday,21,0.086,0.948,0.073,0.000,0.106,0.000,1.213,
2025-11-09 22:00:00,Sunday,22,0.067,0.875,0.068,0.000,0.137,0.000,1.147,
2025-11-09 23:00:00,Sunday,23,0.074,1.011,0.000,0.000,0.000,0.000,1.085,
2025-11-10 00:00:00,Monday,0,0.069,0.883,0.000,0.000,0.000,0.000,0.952,
2025-11-10 01:00:00,Monday,1,0.092,0.797,0.000,0.000,0.000,0.000,0.889,
2025-11-10 02:00:00,Monday,2,0.085,0.835,0.000,0.000,0.000,0.000,0.920,
2025-11-10 03:00:00,Monday,3,0.090,0.910,0.000,0.000,0.000,0.000,1.000,
2025-11-10 04:00:00,Monday,4,0.068,0.858,0.000,0.000,0.000,0.000,0.926,
2025-11-10 05:00:00,Monday,5,0.091,0.887,0.000,0.000,0.000,0.000,0.978,
2025-11-10 06:00:00,Monday,6,0.067,0.988,0.082,0.293,0.000,0.000,1.430,
2025-11-10 07:00:00,Monday,7,0.087,1.099,0.062,0.347,0.000,0.000,1.595,
2025-11-10 08:00:00,Monday,8,0.067,0.966,0.000,0.326,0.000,0.000,1.359,
2025-11-10 09:00:00,Monday,9,0.090,1.018,0.000,0.000,0.110,0.000,1.218,praca zdalna
2025-11-10 10:00:00,Monday,10,0.074,0.983,0.000,0.000,0.185,0.000,1.242,praca zdalna
2025-11-10 11:00:00,Monday,11,0.076,1.128,0.000,0.000,0.181,0.000,1.385,praca zdalna
2025-11-10 12:00:00,Monday,12,0.070,0.996,0.000,0.369,0.130,0.000,1.565,praca zdalna
2025-11-10 13:00:00,Monday,13,0.090,1.129,0.000,0.000,0.182,0.000,1.401,praca zdalna
2025-11-10 14:00:00,Monday,14,0.069,0.842,0.000,0.000,0.199,0.000,1.110,praca zdalna
2025-11-10 15:00:00,Monday,15,0.095,1.018,0.000,0.000,0.199,0.000,1.312,praca zdalna
2025-11-10 16:00:00,Monday,16,0.085,1.051,0.087,0.000,0.111,0.000,1.334,praca zdalna
2025-11-10 17:00:00,Monday,17,0.090,0.947,0.060,1.092,0.160,0.000,2.349,
2025-11-10 18:00:00,Monday,18,0.070,0.935,0.147,0.000,0.124,0.000,1.276,
2025-11-10 19:00:00,Monday,19,0.083,1.012,0.071,0.000,0.149,0.000,1.315,
2025-11-10 20:00:00,Monday,20,0.070,1.111,0.077,0.000,0.128,0.700,2.086,zmywarka
2025-11-10 21:00:00,Monday,21,0.082,0.997,0.163,0.000,0.176,0.000,1.418,
2025-11-10 22:00:00,Monday,22,0.067,1.007,0.080,0.000,0.197,0.000,1.351,
2025-11-10 23:00:00,Monday,23,0.107,0.821,0.000,0.000,0.000,0.000,0.928,
2025-11-11 00:00:00,Tuesday,0,0.085,0.941,0.000,0.000,0.000,0.000,1.026,
2025-11-11 01:00:00,Tuesday,1,0.095,0.852,0.000,0.000,0.000,0.000,0.947,
2025-11-11 02:00:00,Tuesday,2,0.092,0.955,0.000,0.000,0.000,0.000,1.047,
2025-11-11 03:00:00,Tuesday,3,0.099,1.005,0.000,0.000,0.000,0.000,1.104,
2025-11-11 04:00:00,Tuesday,4,0.080,0.903,0.000,0.000,0.000,0.000,0.983,
2025-11-11 05:00:00,Tuesday,5,0.107,0.816,0.000,0.000,0.000,0.000,0.923,
2025-11-11 06:00:00,Tuesday,6,0.067,0.869,0.117,0.257,0.000,0.000,1.310,
2025-11-11 07:00:00,Tuesday,7,0.082,1.100,0.120,0.190,0.000,0.000,1.492,
2025-11-11 08:00:00,Tuesday,8,0.084,1.054,0.000,0.110,0.000,0.000,1.248,
2025-11-11 09:00:00,Tuesday,9,0.080,0.930,0.000,0.000,0.075,0.000,1.085,
2025-11-11 10:00:00,Tuesday,10,0.074,0.881,0.000,0.000,0.072,0.000,1.027,
2025-11-11 11:00:00,Tuesday,11,0.074,0.989,0.000,0.000,0.050,0.592,1.705,pralka
2025-11-11 12:00:00,Tuesday,12,0.072,0.822,0.000,0.000,0.059,0.994,1.947,suszarka
2025-11-11 13:00:00,Tuesday,13,0.087,0.814,0.000,0.353,0.083,0.000,1.337,
2025-11-11 14:00:00,Tuesday,14,0.076,0.926,0.000,0.000,0.097,0.000,1.099,
2025-11-11 15:00:00,Tuesday,15,0.080,0.904,0.000,0.000,0.125,0.000,1.109,
2025-11-11 16:00:00,Tuesday,16,0.071,0.975,0.080,0.000,0.051,0.000,1.177,
2025-11-11 17:00:00,Tuesday,17,0.080,0.980,0.121,0.000,0.202,0.000,1.383,
2025-11-11 18:00:00,Tuesday,18,0.077,0.917,0.175,0.645,0.203,0.000,2.017,
2025-11-11 19:00:00,Tuesday,19,0.092,0.724,0.094,0.000,0.118,0.693,1.721,zmywarka
2025-11-11 20:00:00,Tuesday,20,0.084,0.890,0.091,0.000,0.166,0.000,1.231,
2025-11-11 21:00:00,Tuesday,21,0.070,0.907,0.175,0.000,0.191,0.000,1.343,
2025-11-11 22:00:00,Tuesday,22,0.092,0.722,0.075,0.000,0.185,0.000,1.074,
2025-11-11 23:00:00,Tuesday,23,0.070,0.725,0.000,0.000,0.000,0.000,0.795,
2025-11-12 00:00:00,Wednesday,0,0.083,0.822,0.000,0.000,0.000,0.000,0.905,
2025-11-12 01:00:00,Wednesday,1,0.102,0.727,0.000,0.000,0.000,0.000,0.829,
2025-11-12 02:00:00,Wednesday,2,0.094,0.670,0.000,0.000,0.000,0.000,0.764,
2025-11-12 03:00:00,Wednesday,3,0.082,0.703,0.000,0.000,0.000,0.000,0.785,
2025-11-12 04:00:00,Wednesday,4,0.088,0.760,0.000,0.000,0.000,0.000,0.848,
2025-11-12 05:00:00,Wednesday,5,0.076,0.874,0.000,0.000,0.000,0.000,0.950,
2025-11-12 06:00:00,Wednesday,6,0.081,0.841,0.091,0.347,0.000,0.000,1.360,
2025-11-12 07:00:00,Wednesday,7,0.073,0.966,0.115,0.277,0.000,0.000,1.431,
2025-11-12 08:00:00,Wednesday,8,0.082,0.851,0.000,0.248,0.000,0.000,1.181,
2025-11-12 09:00:00,Wednesday,9,0.073,0.703,0.000,0.000,0.061,0.000,0.837,
2025-11-12 10:00:00,Wednesday,10,0.067,0.795,0.000,0.000,0.068,0.000,0.930,
2025-11-12 11:00:00,Wednesday,11,0.087,0.715,0.000,0.000,0.057,0.000,0.859,
2025-11-12 12:00:00,Wednesday,12,0.085,0.697,0.000,0.000,0.086,0.000,0.868,
2025-11-12 13:00:00,Wednesday,13,0.082,0.758,0.000,0.295,0.052,0.000,1.187,
2025-11-12 14:00:00,Wednesday,14,0.077,0.754,0.000,0.000,0.076,0.000,0.907,
2025-11-12 15:00:00,Wednesday,15,0.091,0.668,0.000,0.000,0.082,0.000,0.841,
2025-11-12 16:00:00,Wednesday,16,0.084,0.788,0.053,0.000,0.101,0.000,1.026,
2025-11-12 17:00:00,Wednesday,17,0.090,0.595,0.092,0.000,0.111,0.000,0.888,
2025-11-12 18:00:00,Wednesday,18,0.076,0.655,0.127,0.529,0.112,0.000,1.499,
2025-11-12 19:00:00,Wednesday,19,0.073,0.664,0.062,0.000,0.150,0.000,0.949,
2025-11-12 20:00:00,Wednesday,20,0.090,0.581,0.136,0.000,0.199,0.679,1.685,zmywarka
2025-11-12 21:00:00,Wednesday,21,0.067,0.742,0.093,0.000,0.143,0.000,1.045,
2025-11-12 22:00:00,Wednesday,22,0.092,0.552,0.038,0.000,0.127,0.000,0.809,
2025-11-12 23:00:00,Wednesday,23,0.069,0.643,0.000,0.000,0.000,0.000,0.712,
2025-11-13 00:00:00,Thursday,0,0.078,0.541,0.000,0.000,0.000,0.000,0.619,
2025-11-13 01:00:00,Thursday,1,0.104,0.587,0.000,0.000,0.000,0.000,0.691,
2025-11-13 02:00:00,Thursday,2,0.081,0.671,0.000,0.000,0.000,0.000,0.752,
2025-11-13 03:00:00,Thursday,3,0.083,0.596,0.000,0.000,0.000,0.000,0.679,
2025-11-13 04:00:00,Thursday,4,0.076,0.739,0.000,0.000,0.000,0.000,0.815,
2025-11-13 05:00:00,Thursday,5,0.068,0.551,0.000,0.000,0.000,0.000,0.619,
2025-11-13 06:00:00,Thursday,6,0.096,0.725,0.110,0.274,0.000,0.000,1.205,
2025-11-13 07:00:00,Thursday,7,0.080,0.736,0.070,0.341,0.000,0.000,1.227,
2025-11-13 08:00:00,Thursday,8,0.090,0.893,0.000,0.149,0.000,0.000,1.132,
2025-11-13 09:00:00,Thursday,9,0.095,0.852,0.000,0.000,0.088,0.446,1.481,pralka
2025-11-13 10:00:00,Thursday,10,0.071,0.891,0.000,0.000,0.065,0.000,1.027,
2025-11-13 11:00:00,Thursday,11,0.076,0.843,0.000,0.000,0.057,0.000,0.976,
2025-11-13 12:00:00,Thursday,12,0.074,0.751,0.000,0.367,0.071,0.000,1.263,
2025-11-13 13:00:00,Thursday,13,0.080,0.633,0.000,0.000,0.086,0.000,0.799,
2025-11-13 14:00:00,Thursday,14,0.069,0.652,0.000,0.000,0.061,0.000,0.782,
2025-11-13 15:00:00,Thursday,15,0.081,0.571,0.000,0.000,0.107,0.000,0.759,
2025-11-13 16:00:00,Thursday,16,0.090,0.599,0.092,0.000,0.143,0.000,0.924,
2025-11-13 17:00:00,Thursday,17,0.068,0.553,0.168,0.000,0.188,0.000,0.977,
2025-11-13 18:00:00,Thursday,18,0.095,0.484,0.175,0.424,0.142,0.000,1.320,
2025-11-13 19:00:00,Thursday,19,0.092,0.560,0.080,0.000,0.148,0.000,0.880,
2025-11-13 20:00:00,Thursday,20,0.068,0.633,0.140,0.000,0.136,0.000,0.977,
2025-11-13 21:00:00,Thursday,21,0.071,0.664,0.110,0.000,0.140,0.000,0.985,
2025-11-13 22:00:00,Thursday,22,0.084,0.707,0.070,0.000,0.164,0.000,1.025,
2025-11-13 23:00:00,Thursday,23,0.094,1.015,0.000,0.000,0.000,0.000,1.109,
2025-11-14 00:00:00,Friday,0,0.079,0.841,0.000,0.000,0.000,0.000,0.920,
2025-11-14 01:00:00,Friday,1,0.093,0.783,0.000,0.000,0.000,0.000,0.876,
2025-11-14 02:00:00,Friday,2,0.085,0.907,0.000,0.000,0.000,0.000,0.992,
2025-11-14 03:00:00,Friday,3,0.066,0.950,0.000,0.000,0.000,0.000,1.016,
2025-11-14 04:00:00,Friday,4,0.071,0.916,0.000,0.000,0.000,0.000,0.987,
2025-11-14 05:00:00,Friday,5,0.090,0.968,0.000,0.000,0.000,0.000,1.058,
2025-11-14 06:00:00,Friday,6,0.075,1.081,0.079,0.133,0.000,0.000,1.368,
2025-11-14 07:00:00,Friday,7,0.082,1.117,0.078,0.262,0.000,0.000,1.539,
2025-11-14 08:00:00,Friday,8,0.082,1.105,0.000,0.278,0.000,0.000,1.465,
2025-11-14 09:00:00,Friday,9,0.077,1.118,0.000,0.000,0.160,0.000,1.355,praca zdalna
2025-11-14 10:00:00,Friday,10,0.073,1.187,0.000,0.000,0.188,0.000,1.448,praca zdalna
2025-11-14 11:00:00,Friday,11,0.078,1.237,0.000,0.000,0.164,0.000,1.479,praca zdalna
2025-11-14 12:00:00,Friday,12,0.079,0.921,0.000,0.000,0.174,0.000,1.174,praca zdalna
2025-11-14 13:00:00,Friday,13,0.092,0.980,0.000,0.190,0.142,0.000,1.404,praca zdalna
2025-11-14 14:00:00,Friday,14,0.086,1.244,0.000,0.000,0.218,0.000,1.548,praca zdalna
2025-11-14 15:00:00,Friday,15,0.077,1.097,0.000,0.000,0.165,0.000,1.339,praca zdalna
2025-11-14 16:00:00,Friday,16,0.092,1.214,0.077,0.000,0.186,0.000,1.569,praca zdalna
2025-11-14 17:00:00,Friday,17,0.078,1.223,0.091,0.000,0.202,0.000,1.594,
2025-11-14 18:00:00,Friday,18,0.067,1.069,0.173,0.551,0.168,0.000,2.028,
2025-11-14 19:00:00,Friday,19,0.095,1.154,0.072,0.000,0.207,0.000,1.528,
2025-11-14 20:00:00,Friday,20,0.095,1.240,0.164,0.000,0.098,0.517,2.114,zmywarka
2025-11-14 21:00:00,Friday,21,0.094,1.271,0.109,0.000,0.139,0.000,1.613,
2025-11-14 22:00:00,Friday,22,0.086,1.057,0.065,0.000,0.201,0.000,1.409,
2025-11-14 23:00:00,Friday,23,0.102,1.081,0.000,0.000,0.000,0.000,1.183,
2025-11-15 00:00:00,Saturday,0,0.101,1.169,0.000,0.000,0.000,0.000,1.270,
2025-11-15 01:00:00,Saturday,1,0.080,1.324,0.000,0.000,0.000,0.000,1.404,
2025-11-15 02:00:00,Saturday,2,0.087,1.173,0.000,0.000,0.000,0.000,1.260,
2025-11-15 03:00:00,Saturday,3,0.076,1.228,0.000,0.000,0.000,0.000,1.304,
2025-11-15 04:00:00,Saturday,4,0.090,1.426,0.000,0.000,0.000,0.000,1.516,
2025-11-15 05:00:00,Saturday,5,0.100,1.525,0.000,0.000,0.000,0.000,1.625,
2025-11-15 06:00:00,Saturday,6,0.070,1.758,0.054,0.213,0.000,0.000,2.095,
2025-11-15 07:00:00,Saturday,7,0.083,1.466,0.070,0.292,0.000,0.000,1.911,
2025-11-15 08:00:00,Saturday,8,0.075,1.975,0.000,0.287,0.000,0.000,2.337,
2025-11-15 09:00:00,Saturday,9,0.074,1.959,0.000,0.000,0.142,0.000,2.175,
2025-11-15 10:00:00,Saturday,10,0.086,1.586,0.000,0.000,0.094,0.000,1.766,
2025-11-15 11:00:00,Saturday,11,0.085,1.595,0.000,0.000,0.133,0.432,2.245,pralka
2025-11-15 12:00:00,Saturday,12,0.082,1.529,0.000,0.747,0.044,1.308,3.710,suszarka
2025-11-15 13:00:00,Saturday,13,0.070,1.723,0.000,0.000,0.138,0.654,2.585,zmywarka
2025-11-15 14:00:00,Saturday,14,0.079,1.541,0.000,0.000,0.098,0.000,1.718,
2025-11-15 15:00:00,Saturday,15,0.095,1.274,0.000,0.000,0.101,0.000,1.470,
2025-11-15 16:00:00,Saturday,16,0.085,1.320,0.042,0.000,0.119,0.000,1.566,
2025-11-15 17:00:00,Saturday,17,0.091,1.550,0.121,0.000,0.187,0.000,1.949,
2025-11-15 18:00:00,Saturday,18,0.093,1.612,0.085,0.542,0.151,0.000,2.483,
2025-11-15 19:00:00,Saturday,19,0.085,1.448,0.167,0.000,0.148,0.000,1.848,
2025-11-15 20:00:00,Saturday,20,0.083,1.374,0.145,0.000,0.163,0.000,1.765,
2025-11-15 21:00:00,Saturday,21,0.070,1.646,0.172,0.000,0.157,0.000,2.045,
2025-11-15 22:00:00,Saturday,22,0.092,1.375,0.089,0.000,0.096,0.000,1.652,
2025-11-15 23:00:00,Saturday,23,0.068,1.486,0.000,0.000,0.000,0.000,1.554,
2025-11-16 00:00:00,Sunday,0,0.130,1.196,0.000,0.000,0.000,0.000,1.326,tryb opieki nad psem; wyjazd / nieobecność
2025-11-16 01:00:00,Sunday,1,0.119,1.238,0.000,0.000,0.000,0.000,1.357,tryb opieki nad psem; wyjazd / nieobecność
2025-11-16 02:00:00,Sunday,2,0.131,1.133,0.000,0.000,0.000,0.000,1.264,tryb opieki nad psem; wyjazd / nieobecność
2025-11-16 03:00:00,Sunday,3,0.102,1.108,0.000,0.000,0.000,0.000,1.210,tryb opieki nad psem; wyjazd / nieobecność
2025-11-16 04:00:00,Sunday,4,0.149,1.292,0.000,0.000,0.000,0.000,1.441,tryb opieki nad psem; wyjazd / nieobecność
2025-11-16 05:00:00,Sunday,5,0.112,1.005,0.000,0.000,0.000,0.000,1.117,tryb opieki nad psem; wyjazd / nieobecność
2025-11-16 06:00:00,Sunday,6,0.118,1.015,0.000,0.000,0.000,0.000,1.133,tryb opieki nad psem; wyjazd / nieobecność
2025-11-16 07:00:00,Sunday,7,0.123,0.978,0.000,0.000,0.000,0.000,1.101,tryb opieki nad psem; wyjazd / nieobecność
2025-11-16 08:00:00,Sunday,8,0.152,1.327,0.000,0.000,0.000,0.000,1.479,tryb opieki nad psem; wyjazd / nieobecność
2025-11-16 09:00:00,Sunday,9,0.120,1.376,0.000,0.000,0.000,0.000,1.496,tryb opieki nad psem; wyjazd / nieobecność
2025-11-16 10:00:00,Sunday,10,0.125,1.166,0.000,0.000,0.000,0.000,1.291,tryb opieki nad psem; wyjazd / nieobecność
2025-11-16 11:00:00,Sunday,11,0.125,1.312,0.000,0.000,0.000,0.000,1.437,tryb opieki nad psem; wyjazd / nieobecność
2025-11-16 12:00:00,Sunday,12,0.117,1.052,0.000,0.000,0.000,0.000,1.169,tryb opieki nad psem; wyjazd / nieobecność
2025-11-16 13:00:00,Sunday,13,0.121,1.017,0.000,0.000,0.000,0.000,1.138,tryb opieki nad psem; wyjazd / nieobecność
2025-11-16 14:00:00,Sunday,14,0.132,1.117,0.000,0.000,0.000,0.000,1.249,tryb opieki nad psem; wyjazd / nieobecność
2025-11-16 15:00:00,Sunday,15,0.116,1.086,0.000,0.000,0.000,0.000,1.202,tryb opieki nad psem; wyjazd / nieobecność
2025-11-16 16:00:00,Sunday,16,0.120,0.897,0.000,0.000,0.000,0.000,1.017,tryb opieki nad psem; wyjazd / nieobecność
2025-11-16 17:00:00,Sunday,17,0.124,0.958,0.000,0.000,0.000,0.000,1.082,tryb opieki nad psem; wyjazd / nieobecność
2025-11-16 18:00:00,Sunday,18,0.117,0.964,0.000,0.000,0.000,0.000,1.081,tryb opieki nad psem; wyjazd / nieobecność
2025-11-16 19:00:00,Sunday,19,0.118,1.040,0.000,0.000,0.000,0.000,1.158,tryb opieki nad psem; wyjazd / nieobecność
2025-11-16 20:00:00,Sunday,20,0.130,0.948,0.000,0.000,0.000,0.000,1.078,tryb opieki nad psem; wyjazd / nieobecność
2025-11-16 21:00:00,Sunday,21,0.106,1.063,0.000,0.000,0.000,0.000,1.169,tryb opieki nad psem; wyjazd / nieobecność
2025-11-16 22:00:00,Sunday,22,0.145,1.043,0.000,0.000,0.000,0.000,1.188,tryb opieki nad psem; wyjazd / nieobecność
2025-11-16 23:00:00,Sunday,23,0.118,0.944,0.000,0.000,0.000,0.000,1.062,tryb opieki nad psem; wyjazd / nieobecność
2025-11-17 00:00:00,Monday,0,0.100,1.382,0.000,0.000,0.000,0.000,1.482,
2025-11-17 01:00:00,Monday,1,0.074,1.247,0.000,0.000,0.000,0.000,1.321,
2025-11-17 02:00:00,Monday,2,0.110,1.280,0.000,0.000,0.000,0.000,1.390,
2025-11-17 03:00:00,Monday,3,0.094,1.379,0.000,0.000,0.000,0.000,1.473,
2025-11-17 04:00:00,Monday,4,0.077,1.285,0.000,0.000,0.000,0.000,1.362,
2025-11-17 05:00:00,Monday,5,0.106,1.505,0.000,0.000,0.000,0.000,1.611,
2025-11-17 06:00:00,Monday,6,0.082,1.337,0.124,0.171,0.000,0.000,1.714,
2025-11-17 07:00:00,Monday,7,0.089,1.615,0.102,0.273,0.000,0.000,2.079,
2025-11-17 08:00:00,Monday,8,0.076,1.550,0.000,0.351,0.000,0.000,1.977,
2025-11-17 09:00:00,Monday,9,0.078,1.449,0.000,0.000,0.085,0.000,1.612,
2025-11-17 10:00:00,Monday,10,0.088,1.721,0.000,0.000,0.048,0.000,1.857,
2025-11-17 11:00:00,Monday,11,0.068,1.393,0.000,0.000,0.055,0.000,1.516,
2025-11-17 12:00:00,Monday,12,0.095,1.368,0.000,0.000,0.079,0.000,1.542,
2025-11-17 13:00:00,Monday,13,0.085,1.293,0.000,0.258,0.076,0.000,1.712,
2025-11-17 14:00:00,Monday,14,0.077,1.514,0.000,0.000,0.148,0.000,1.739,
2025-11-17 15:00:00,Monday,15,0.079,1.237,0.000,0.000,0.071,0.000,1.387,
2025-11-17 16:00:00,Monday,16,0.089,1.422,0.087,0.000,0.106,0.000,1.704,
2025-11-17 17:00:00,Monday,17,0.093,1.474,0.073,0.000,0.159,0.000,1.799,
2025-11-17 18:00:00,Monday,18,0.074,1.515,0.133,0.633,0.139,0.000,2.494,
2025-11-17 19:00:00,Monday,19,0.087,1.592,0.111,0.000,0.112,0.000,1.902,
2025-11-17 20:00:00,Monday,20,0.080,1.436,0.109,0.000,0.180,0.603,2.408,zmywarka
2025-11-17 21:00:00,Monday,21,0.090,1.361,0.171,0.000,0.098,0.000,1.720,
2025-11-17 22:00:00,Monday,22,0.076,1.442,0.050,0.000,0.131,0.000,1.699,
2025-11-17 23:00:00,Monday,23,0.068,1.463,0.000,0.000,0.000,0.000,1.531,
2025-11-18 00:00:00,Tuesday,0,0.077,1.582,0.000,0.000,0.000,0.000,1.659,
2025-11-18 01:00:00,Tuesday,1,0.080,1.549,0.000,0.000,0.000,0.000,1.629,
2025-11-18 02:00:00,Tuesday,2,0.101,1.495,0.000,0.000,0.000,0.000,1.596,
2025-11-18 03:00:00,Tuesday,3,0.073,1.728,0.000,0.000,0.000,0.000,1.801,
2025-11-18 04:00:00,Tuesday,4,0.066,1.371,0.000,0.000,0.000,0.000,1.437,
2025-11-18 05:00:00,Tuesday,5,0.086,1.319,0.000,0.000,0.000,0.000,1.405,
2025-11-18 06:00:00,Tuesday,6,0.071,1.391,0.074,0.322,0.000,0.000,1.858,
2025-11-18 07:00:00,Tuesday,7,0.084,1.295,0.047,0.178,0.000,0.000,1.604,
2025-11-18 08:00:00,Tuesday,8,0.068,1.333,0.000,0.179,0.000,0.000,1.580,
2025-11-18 09:00:00,Tuesday,9,0.077,1.422,0.000,0.000,0.086,0.000,1.585,
2025-11-18 10:00:00,Tuesday,10,0.085,1.387,0.000,0.000,0.088,0.000,1.560,
2025-11-18 11:00:00,Tuesday,11,0.069,1.190,0.000,0.000,0.064,0.000,1.323,
2025-11-18 12:00:00,Tuesday,12,0.089,1.091,0.000,0.515,0.090,0.000,1.785,
2025-11-18 13:00:00,Tuesday,13,0.081,1.304,0.000,0.000,0.076,0.000,1.461,
2025-11-18 14:00:00,Tuesday,14,0.073,1.105,0.000,0.000,0.073,0.000,1.251,
2025-11-18 15:00:00,Tuesday,15,0.083,1.244,0.000,0.000,0.139,0.000,1.466,
2025-11-18 16:00:00,Tuesday,16,0.093,1.490,0.087,0.000,0.118,0.000,1.788,
2025-11-18 17:00:00,Tuesday,17,0.067,1.396,0.163,0.524,0.180,0.000,2.330,
2025-11-18 18:00:00,Tuesday,18,0.082,1.273,0.117,0.000,0.172,0.000,1.644,
2025-11-18 19:00:00,Tuesday,19,0.069,1.563,0.151,0.000,0.131,0.000,1.914,
2025-11-18 20:00:00,Tuesday,20,0.089,1.693,0.128,0.000,0.167,0.700,2.777,zmywarka
2025-11-18 21:00:00,Tuesday,21,0.088,1.557,0.131,0.000,0.097,0.000,1.873,
2025-11-18 22:00:00,Tuesday,22,0.085,1.596,0.067,0.000,0.106,0.000,1.854,
2025-11-18 23:00:00,Tuesday,23,0.088,1.220,0.000,0.000,0.000,0.000,1.308,
2025-11-19 00:00:00,Wednesday,0,0.067,1.591,0.000,0.000,0.000,0.000,1.658,
2025-11-19 01:00:00,Wednesday,1,0.078,1.460,0.000,0.000,0.000,0.000,1.538,
2025-11-19 02:00:00,Wednesday,2,0.082,1.393,0.000,0.000,0.000,0.000,1.475,
2025-11-19 03:00:00,Wednesday,3,0.092,1.312,0.000,0.000,0.000,0.000,1.404,
2025-11-19 04:00:00,Wednesday,4,0.083,1.405,0.000,0.000,0.000,0.000,1.488,
2025-11-19 05:00:00,Wednesday,5,0.091,1.246,0.000,0.000,0.000,0.000,1.337,
2025-11-19 06:00:00,Wednesday,6,0.074,1.775,0.074,0.197,0.000,0.000,2.120,
2025-11-19 07:00:00,Wednesday,7,0.086,1.501,0.112,0.276,0.000,0.000,1.975,
2025-11-19 08:00:00,Wednesday,8,0.086,1.931,0.000,0.200,0.000,0.000,2.217,
2025-11-19 09:00:00,Wednesday,9,0.094,1.762,0.000,0.000,0.098,0.000,1.954,praca zdalna
2025-11-19 10:00:00,Wednesday,10,0.071,1.739,0.000,0.000,0.113,0.000,1.923,praca zdalna
2025-11-19 11:00:00,Wednesday,11,0.089,1.540,0.000,0.000,0.166,0.000,1.795,praca zdalna
2025-11-19 12:00:00,Wednesday,12,0.088,1.643,0.000,0.193,0.155,0.000,2.079,praca zdalna
2025-11-19 13:00:00,Wednesday,13,0.082,1.571,0.000,0.000,0.177,0.000,1.830,praca zdalna
2025-11-19 14:00:00,Wednesday,14,0.094,1.258,0.000,0.000,0.155,0.000,1.507,praca zdalna
2025-11-19 15:00:00,Wednesday,15,0.073,1.373,0.000,0.000,0.206,0.000,1.652,praca zdalna
2025-11-19 16:00:00,Wednesday,16,0.074,1.618,0.038,0.000,0.162,0.000,1.892,praca zdalna
2025-11-19 17:00:00,Wednesday,17,0.091,1.442,0.092,0.800,0.104,0.000,2.529,
2025-11-19 18:00:00,Wednesday,18,0.074,1.544,0.152,0.000,0.140,0.000,1.910,
2025-11-19 19:00:00,Wednesday,19,0.088,1.873,0.130,0.000,0.117,0.000,2.208,
2025-11-19 20:00:00,Wednesday,20,0.082,1.525,0.144,0.000,0.172,0.000,1.923,
2025-11-19 21:00:00,Wednesday,21,0.076,1.644,0.122,0.000,0.097,0.000,1.939,
2025-11-19 22:00:00,Wednesday,22,0.084,1.802,0.030,0.000,0.182,0.000,2.098,
2025-11-19 23:00:00,Wednesday,23,0.087,1.370,0.000,0.000,0.000,0.000,1.457,
2025-11-20 00:00:00,Thursday,0,0.094,1.666,0.000,0.000,0.000,0.000,1.760,
2025-11-20 01:00:00,Thursday,1,0.075,1.428,0.000,0.000,0.000,0.000,1.503,
2025-11-20 02:00:00,Thursday,2,0.074,1.652,0.000,0.000,0.000,0.000,1.726,
2025-11-20 03:00:00,Thursday,3,0.085,1.650,0.000,0.000,0.000,0.000,1.735,
2025-11-20 04:00:00,Thursday,4,0.083,1.529,0.000,0.000,0.000,0.000,1.612,
2025-11-20 05:00:00,Thursday,5,0.088,1.367,0.000,0.000,0.000,0.000,1.455,
2025-11-20 06:00:00,Thursday,6,0.094,1.534,0.062,0.207,0.000,0.000,1.897,
2025-11-20 07:00:00,Thursday,7,0.071,1.582,0.089,0.257,0.000,0.000,1.999,
2025-11-20 08:00:00,Thursday,8,0.088,1.604,0.000,0.199,0.000,0.000,1.891,
2025-11-20 09:00:00,Thursday,9,0.095,1.604,0.000,0.000,0.057,0.000,1.756,
2025-11-20 10:00:00,Thursday,10,0.070,1.569,0.000,0.000,0.089,0.000,1.728,
2025-11-20 11:00:00,Thursday,11,0.068,1.548,0.000,0.000,0.052,0.000,1.668,
2025-11-20 12:00:00,Thursday,12,0.067,1.693,0.000,0.293,0.084,0.000,2.137,
2025-11-20 13:00:00,Thursday,13,0.071,1.591,0.000,0.000,0.088,0.000,1.750,
2025-11-20 14:00:00,Thursday,14,0.095,1.556,0.000,0.000,0.125,0.000,1.776,
2025-11-20 15:00:00,Thursday,15,0.075,1.811,0.000,0.000,0.066,0.000,1.952,
2025-11-20 16:00:00,Thursday,16,0.070,2.140,0.097,0.000,0.058,0.000,2.365,
2025-11-20 17:00:00,Thursday,17,0.085,1.844,0.158,0.461,0.169,0.000,2.717,
2025-11-20 18:00:00,Thursday,18,0.091,2.030,0.094,0.000,0.097,0.000,2.312,
2025-11-20 19:00:00,Thursday,19,0.073,1.975,0.113,0.000,0.181,0.000,2.342,
2025-11-20 20:00:00,Thursday,20,0.074,1.973,0.155,0.000,0.161,0.614,2.977,zmywarka
2025-11-20 21:00:00,Thursday,21,0.094,1.814,0.104,0.000,0.149,0.000,2.161,
2025-11-20 22:00:00,Thursday,22,0.092,1.584,0.073,0.000,0.191,0.000,1.940,
2025-11-20 23:00:00,Thursday,23,0.095,1.903,0.000,0.000,0.000,0.000,1.998,
2025-11-21 00:00:00,Friday,0,0.094,1.463,0.000,0.000,0.000,0.000,1.557,
2025-11-21 01:00:00,Friday,1,0.095,1.805,0.000,0.000,0.000,0.000,1.900,
2025-11-21 02:00:00,Friday,2,0.089,1.593,0.000,0.000,0.000,0.000,1.682,
2025-11-21 03:00:00,Friday,3,0.075,1.360,0.000,0.000,0.000,0.000,1.435,
2025-11-21 04:00:00,Friday,4,0.076,1.607,0.000,0.000,0.000,0.000,1.683,
2025-11-21 05:00:00,Friday,5,0.091,1.706,0.000,0.000,0.000,0.000,1.797,
2025-11-21 06:00:00,Friday,6,0.084,1.853,0.066,0.275,0.000,0.000,2.278,
2025-11-21 07:00:00,Friday,7,0.072,1.582,0.088,0.288,0.000,0.000,2.030,
2025-11-21 08:00:00,Friday,8,0.090,1.739,0.000,0.104,0.000,0.000,1.933,
2025-11-21 09:00:00,Friday,9,0.085,1.914,0.000,0.000,0.054,0.000,2.053,
2025-11-21 10:00:00,Friday,10,0.073,1.723,0.000,0.000,0.078,0.000,1.874,
2025-11-21 11:00:00,Friday,11,0.078,1.774,0.000,0.000,0.064,0.000,1.916,
2025-11-21 12:00:00,Friday,12,0.071,1.730,0.000,0.517,0.053,0.000,2.371,
2025-11-21 13:00:00,Friday,13,0.067,1.694,0.000,0.000,0.054,0.000,1.815,
2025-11-21 14:00:00,Friday,14,0.073,1.896,0.000,0.000,0.052,0.000,2.021,
2025-11-21 15:00:00,Friday,15,0.093,1.724,0.000,0.000,0.104,0.000,1.921,
2025-11-21 16:00:00,Friday,16,0.081,1.479,0.083,0.000,0.129,0.000,1.772,
2025-11-21 17:00:00,Friday,17,0.086,1.750,0.080,0.645,0.113,0.000,2.674,
2025-11-21 18:00:00,Friday,18,0.074,1.861,0.071,0.000,0.198,0.000,2.204,
2025-11-21 19:00:00,Friday,19,0.080,1.961,0.127,0.000,0.146,0.710,3.024,zmywarka
2025-11-21 20:00:00,Friday,20,0.084,1.895,0.097,0.000,0.140,0.000,2.216,
2025-11-21 21:00:00,Friday,21,0.083,2.054,0.069,0.000,0.107,0.000,2.313,
2025-11-21 22:00:00,Friday,22,0.068,1.822,0.036,0.000,0.148,0.000,2.074,
2025-11-21 23:00:00,Friday,23,0.076,1.762,0.000,0.000,0.000,0.000,1.838,
2025-11-22 00:00:00,Saturday,0,0.090,1.852,0.000,0.000,0.000,0.000,1.942,
2025-11-22 01:00:00,Saturday,1,0.091,1.615,0.000,0.000,0.000,0.000,1.706,
2025-11-22 02:00:00,Saturday,2,0.100,1.625,0.000,0.000,0.000,0.000,1.725,
2025-11-22 03:00:00,Saturday,3,0.066,1.528,0.000,0.000,0.000,0.000,1.594,
2025-11-22 04:00:00,Saturday,4,0.098,1.472,0.000,0.000,0.000,0.000,1.570,
2025-11-22 05:00:00,Saturday,5,0.092,1.673,0.000,0.000,0.000,0.000,1.765,
2025-11-22 06:00:00,Saturday,6,0.073,1.929,0.103,0.209,0.000,0.000,2.314,
2025-11-22 07:00:00,Saturday,7,0.089,1.563,0.071,0.185,0.000,0.000,1.908,
2025-11-22 08:00:00,Saturday,8,0.068,1.681,0.000,0.220,0.000,0.000,1.969,
2025-11-22 09:00:00,Saturday,9,0.092,1.479,0.000,0.000,0.031,0.000,1.602,
2025-11-22 10:00:00,Saturday,10,0.075,1.576,0.000,0.000,0.048,0.000,1.699,
2025-11-22 11:00:00,Saturday,11,0.074,1.422,0.000,0.000,0.124,0.389,2.009,pralka
2025-11-22 12:00:00,Saturday,12,0.079,1.598,0.000,0.000,0.032,1.469,3.178,suszarka
2025-11-22 13:00:00,Saturday,13,0.080,1.302,0.000,0.698,0.098,0.000,2.178,
2025-11-22 14:00:00,Saturday,14,0.079,1.534,0.000,0.000,0.073,0.522,2.208,zmywarka
2025-11-22 15:00:00,Saturday,15,0.085,1.449,0.000,0.000,0.121,0.000,1.655,
2025-11-22 16:00:00,Saturday,16,0.078,1.347,0.083,0.000,0.031,0.000,1.539,
2025-11-22 17:00:00,Saturday,17,0.077,1.298,0.076,0.000,0.110,0.000,1.561,
2025-11-22 18:00:00,Saturday,18,0.090,1.612,0.073,1.054,0.184,0.000,3.013,
2025-11-22 19:00:00,Saturday,19,0.070,1.379,0.086,0.000,0.203,0.000,1.738,
2025-11-22 20:00:00,Saturday,20,0.076,1.333,0.144,0.000,0.206,0.000,1.759,
2025-11-22 21:00:00,Saturday,21,0.082,1.616,0.080,0.000,0.106,0.000,1.884,
2025-11-22 22:00:00,Saturday,22,0.079,1.426,0.055,0.000,0.161,0.000,1.721,
2025-11-22 23:00:00,Saturday,23,0.095,1.515,0.000,0.000,0.000,0.000,1.610,
2025-11-23 00:00:00,Sunday,0,0.085,1.415,0.000,0.000,0.000,0.000,1.500,
2025-11-23 01:00:00,Sunday,1,0.091,1.250,0.000,0.000,0.000,0.000,1.341,
2025-11-23 02:00:00,Sunday,2,0.089,1.490,0.000,0.000,0.000,0.000,1.579,
2025-11-23 03:00:00,Sunday,3,0.085,1.531,0.000,0.000,0.000,0.000,1.616,
2025-11-23 04:00:00,Sunday,4,0.085,1.418,0.000,0.000,0.000,0.000,1.503,
2025-11-23 05:00:00,Sunday,5,0.079,1.457,0.000,0.000,0.000,0.000,1.536,
2025-11-23 06:00:00,Sunday,6,0.085,1.331,0.089,0.190,0.000,0.000,1.695,
2025-11-23 07:00:00,Sunday,7,0.077,1.592,0.124,0.253,0.000,0.000,2.046,
2025-11-23 08:00:00,Sunday,8,0.077,1.693,0.000,0.208,0.000,0.000,1.978,
2025-11-23 09:00:00,Sunday,9,0.090,1.531,0.000,0.000,0.104,0.000,1.725,
2025-11-23 10:00:00,Sunday,10,0.079,1.469,0.000,0.000,0.137,0.000,1.685,
2025-11-23 11:00:00,Sunday,11,0.077,1.587,0.000,0.000,0.115,0.000,1.779,
2025-11-23 12:00:00,Sunday,12,0.079,1.570,0.000,0.000,0.034,0.000,1.683,
2025-11-23 13:00:00,Sunday,13,0.069,1.429,0.000,0.637,0.049,0.551,2.735,zmywarka
2025-11-23 14:00:00,Sunday,14,0.082,1.355,0.000,0.000,0.055,0.000,1.492,
2025-11-23 15:00:00,Sunday,15,0.089,1.508,0.000,0.000,0.037,0.000,1.634,
2025-11-23 16:00:00,Sunday,16,0.073,1.340,0.088,0.000,0.083,0.000,1.584,
2025-11-23 17:00:00,Sunday,17,0.067,1.481,0.100,1.736,0.172,0.000,3.556,goście
2025-11-23 18:00:00,Sunday,18,0.095,1.312,0.088,0.000,0.182,0.000,1.677,goście
2025-11-23 19:00:00,Sunday,19,0.076,1.591,0.179,0.000,0.142,0.000,1.988,goście
2025-11-23 20:00:00,Sunday,20,0.067,1.490,0.082,0.000,0.142,0.000,1.781,goście
2025-11-23 21:00:00,Sunday,21,0.079,1.322,0.089,0.000,0.200,0.000,1.690,goście
2025-11-23 22:00:00,Sunday,22,0.068,1.264,0.059,0.000,0.128,0.000,1.519,
2025-11-23 23:00:00,Sunday,23,0.095,1.256,0.000,0.000,0.000,0.000,1.351,
2025-11-24 00:00:00,Monday,0,0.094,1.459,0.000,0.000,0.000,0.000,1.553,
2025-11-24 01:00:00,Monday,1,0.082,1.630,0.000,0.000,0.000,0.000,1.712,
2025-11-24 02:00:00,Monday,2,0.083,1.289,0.000,0.000,0.000,0.000,1.372,
2025-11-24 03:00:00,Monday,3,0.104,1.618,0.000,0.000,0.000,0.000,1.722,
2025-11-24 04:00:00,Monday,4,0.071,1.498,0.000,0.000,0.000,0.000,1.569,
2025-11-24 05:00:00,Monday,5,0.094,1.358,0.000,0.000,0.000,0.000,1.452,
2025-11-24 06:00:00,Monday,6,0.082,1.583,0.082,0.125,0.000,0.000,1.872,
2025-11-24 07:00:00,Monday,7,0.068,2.045,0.119,0.182,0.000,0.000,2.414,
2025-11-24 08:00:00,Monday,8,0.082,1.536,0.000,0.266,0.000,0.000,1.884,
2025-11-24 09:00:00,Monday,9,0.080,1.677,0.000,0.000,0.119,0.000,1.876,praca zdalna
2025-11-24 10:00:00,Monday,10,0.067,1.934,0.000,0.000,0.152,0.000,2.153,praca zdalna
2025-11-24 11:00:00,Monday,11,0.093,1.509,0.000,0.000,0.184,0.000,1.786,praca zdalna
2025-11-24 12:00:00,Monday,12,0.074,1.601,0.000,0.000,0.182,0.000,1.857,praca zdalna
2025-11-24 13:00:00,Monday,13,0.088,1.870,0.000,0.474,0.168,0.000,2.600,praca zdalna
2025-11-24 14:00:00,Monday,14,0.083,1.771,0.000,0.000,0.200,0.000,2.054,praca zdalna
2025-11-24 15:00:00,Monday,15,0.085,1.648,0.000,0.000,0.139,0.000,1.872,praca zdalna
2025-11-24 16:00:00,Monday,16,0.090,1.532,0.064,0.000,0.169,0.000,1.855,praca zdalna
2025-11-24 17:00:00,Monday,17,0.081,1.702,0.099,0.647,0.091,0.000,2.620,
2025-11-24 18:00:00,Monday,18,0.074,1.505,0.148,0.000,0.090,0.000,1.817,
2025-11-24 19:00:00,Monday,19,0.088,1.488,0.171,0.000,0.196,0.579,2.522,zmywarka
2025-11-24 20:00:00,Monday,20,0.074,1.388,0.164,0.000,0.113,0.000,1.739,
2025-11-24 21:00:00,Monday,21,0.095,1.456,0.166,0.000,0.152,0.000,1.869,
2025-11-24 22:00:00,Monday,22,0.089,1.351,0.058,0.000,0.197,0.000,1.695,
2025-11-24 23:00:00,Monday,23,0.075,1.187,0.000,0.000,0.000,0.000,1.262,
2025-11-25 00:00:00,Tuesday,0,0.089,1.157,0.000,0.000,0.000,0.000,1.246,
2025-11-25 01:00:00,Tuesday,1,0.083,1.344,0.000,0.000,0.000,0.000,1.427,
2025-11-25 02:00:00,Tuesday,2,0.077,1.144,0.000,0.000,0.000,0.000,1.221,
2025-11-25 03:00:00,Tuesday,3,0.080,1.334,0.000,0.000,0.000,0.000,1.414,
2025-11-25 04:00:00,Tuesday,4,0.067,1.046,0.000,0.000,0.000,0.000,1.113,
2025-11-25 05:00:00,Tuesday,5,0.089,1.146,0.000,0.000,0.000,0.000,1.235,
2025-11-25 06:00:00,Tuesday,6,0.079,1.505,0.043,0.335,0.000,0.000,1.962,
2025-11-25 07:00:00,Tuesday,7,0.071,1.355,0.071,0.197,0.000,0.000,1.694,
2025-11-25 08:00:00,Tuesday,8,0.076,1.482,0.000,0.214,0.000,0.000,1.772,
2025-11-25 09:00:00,Tuesday,9,0.079,1.476,0.000,0.000,0.088,0.000,1.643,
2025-11-25 10:00:00,Tuesday,10,0.074,1.640,0.000,0.000,0.056,0.000,1.770,
2025-11-25 11:00:00,Tuesday,11,0.075,1.484,0.000,0.000,0.065,0.000,1.624,
2025-11-25 12:00:00,Tuesday,12,0.094,1.660,0.000,0.000,0.082,0.000,1.836,
2025-11-25 13:00:00,Tuesday,13,0.091,1.571,0.000,0.307,0.066,0.000,2.035,
2025-11-25 14:00:00,Tuesday,14,0.077,1.250,0.000,0.000,0.083,0.403,1.813,pralka
2025-11-25 15:00:00,Tuesday,15,0.094,1.650,0.000,0.000,0.076,0.000,1.820,
2025-11-25 16:00:00,Tuesday,16,0.094,1.619,0.037,0.000,0.077,0.000,1.827,
2025-11-25 17:00:00,Tuesday,17,0.088,1.741,0.082,0.000,0.175,0.000,2.086,
2025-11-25 18:00:00,Tuesday,18,0.071,1.736,0.178,0.453,0.121,0.000,2.559,
2025-11-25 19:00:00,Tuesday,19,0.081,1.655,0.084,0.000,0.106,0.000,1.926,
2025-11-25 20:00:00,Tuesday,20,0.092,1.594,0.112,0.000,0.196,0.573,2.567,zmywarka
2025-11-25 21:00:00,Tuesday,21,0.076,1.480,0.155,0.000,0.107,0.000,1.818,
2025-11-25 22:00:00,Tuesday,22,0.091,1.468,0.080,0.000,0.146,0.000,1.785,
2025-11-25 23:00:00,Tuesday,23,0.070,1.249,0.000,0.000,0.000,0.000,1.319,
2025-11-26 00:00:00,Wednesday,0,0.076,1.433,0.000,0.000,0.000,0.000,1.509,
2025-11-26 01:00:00,Wednesday,1,0.077,1.508,0.000,0.000,0.000,0.000,1.585,
2025-11-26 02:00:00,Wednesday,2,0.089,1.504,0.000,0.000,0.000,0.000,1.593,
2025-11-26 03:00:00,Wednesday,3,0.087,1.317,0.000,0.000,0.000,0.000,1.404,
2025-11-26 04:00:00,Wednesday,4,0.076,1.235,0.000,0.000,0.000,0.000,1.311,
2025-11-26 05:00:00,Wednesday,5,0.068,1.252,0.000,0.000,0.000,0.000,1.320,
2025-11-26 06:00:00,Wednesday,6,0.090,1.348,0.104,0.287,0.000,0.000,1.829,
2025-11-26 07:00:00,Wednesday,7,0.076,1.363,0.118,0.220,0.000,0.000,1.777,
2025-11-26 08:00:00,Wednesday,8,0.071,1.258,0.000,0.265,0.000,0.000,1.594,
2025-11-26 09:00:00,Wednesday,9,0.079,1.472,0.000,0.000,0.070,0.000,1.621,
2025-11-26 10:00:00,Wednesday,10,0.076,1.460,0.000,0.000,0.068,0.000,1.604,
2025-11-26 11:00:00,Wednesday,11,0.070,1.507,0.000,0.000,0.088,0.000,1.665,
2025-11-26 12:00:00,Wednesday,12,0.072,1.383,0.000,0.000,0.063,0.000,1.518,
2025-11-26 13:00:00,Wednesday,13,0.088,1.556,0.000,0.508,0.087,0.000,2.239,
2025-11-26 14:00:00,Wednesday,14,0.089,1.232,0.000,0.000,0.132,0.000,1.453,
2025-11-26 15:00:00,Wednesday,15,0.074,1.519,0.000,0.000,0.123,0.000,1.716,
2025-11-26 16:00:00,Wednesday,16,0.078,1.442,0.056,0.000,0.086,0.000,1.662,
2025-11-26 17:00:00,Wednesday,17,0.092,1.627,0.107,0.410,0.154,0.000,2.390,
2025-11-26 18:00:00,Wednesday,18,0.082,1.417,0.125,0.000,0.110,0.000,1.734,
2025-11-26 19:00:00,Wednesday,19,0.086,1.637,0.109,0.000,0.182,0.000,2.014,
2025-11-26 20:00:00,Wednesday,20,0.089,1.372,0.094,0.000,0.152,0.504,2.211,zmywarka
2025-11-26 21:00:00,Wednesday,21,0.067,1.699,0.077,0.000,0.113,0.000,1.956,
2025-11-26 22:00:00,Wednesday,22,0.075,1.439,0.042,0.000,0.206,0.000,1.762,
2025-11-26 23:00:00,Wednesday,23,0.078,1.516,0.000,0.000,0.000,0.000,1.594,
2025-11-27 00:00:00,Thursday,0,0.078,1.537,0.000,0.000,0.000,0.000,1.615,
2025-11-27 01:00:00,Thursday,1,0.094,1.550,0.000,0.000,0.000,0.000,1.644,
2025-11-27 02:00:00,Thursday,2,0.080,1.510,0.000,0.000,0.000,0.000,1.590,
2025-11-27 03:00:00,Thursday,3,0.105,1.433,0.000,0.000,0.000,0.000,1.538,
2025-11-27 04:00:00,Thursday,4,0.075,1.375,0.000,0.000,0.000,0.000,1.450,
2025-11-27 05:00:00,Thursday,5,0.077,1.783,0.000,0.000,0.000,0.000,1.860,
2025-11-27 06:00:00,Thursday,6,0.094,2.063,0.124,0.299,0.000,0.000,2.580,
2025-11-27 07:00:00,Thursday,7,0.086,1.818,0.081,0.129,0.000,0.000,2.114,
2025-11-27 08:00:00,Thursday,8,0.080,1.325,0.000,0.239,0.000,0.000,1.644,
2025-11-27 09:00:00,Thursday,9,0.084,1.438,0.000,0.000,0.085,0.000,1.607,
2025-11-27 10:00:00,Thursday,10,0.091,1.485,0.000,0.000,0.053,0.000,1.629,
2025-11-27 11:00:00,Thursday,11,0.070,1.345,0.000,0.000,0.071,0.000,1.486,
2025-11-27 12:00:00,Thursday,12,0.076,1.520,0.000,0.000,0.069,0.000,1.665,
2025-11-27 13:00:00,Thursday,13,0.066,1.492,0.000,0.458,0.074,0.000,2.090,
2025-11-27 14:00:00,Thursday,14,0.094,1.178,0.000,0.000,0.101,0.000,1.373,
2025-11-27 15:00:00,Thursday,15,0.073,1.501,0.000,0.000,0.077,0.000,1.651,
2025-11-27 16:00:00,Thursday,16,0.071,1.520,0.055,0.000,0.109,0.000,1.755,
2025-11-27 17:00:00,Thursday,17,0.094,1.411,0.122,0.000,0.111,0.000,1.738,
2025-11-27 18:00:00,Thursday,18,0.075,1.442,0.133,0.736,0.121,0.000,2.507,
2025-11-27 19:00:00,Thursday,19,0.070,1.247,0.090,0.000,0.110,0.000,1.517,
2025-11-27 20:00:00,Thursday,20,0.077,1.385,0.105,0.000,0.180,0.494,2.241,zmywarka
2025-11-27 21:00:00,Thursday,21,0.086,1.220,0.148,0.000,0.149,0.000,1.603,
2025-11-27 22:00:00,Thursday,22,0.087,1.263,0.049,0.000,0.209,0.000,1.608,
2025-11-27 23:00:00,Thursday,23,0.094,1.199,0.000,0.000,0.000,0.000,1.293,
2025-11-28 00:00:00,Friday,0,0.081,1.044,0.000,0.000,0.000,0.000,1.125,
2025-11-28 01:00:00,Friday,1,0.097,1.064,0.000,0.000,0.000,0.000,1.161,
2025-11-28 02:00:00,Friday,2,0.085,0.939,0.000,0.000,0.000,0.000,1.024,
2025-11-28 03:00:00,Friday,3,0.083,0.951,0.000,0.000,0.000,0.000,1.034,
2025-11-28 04:00:00,Friday,4,0.091,0.806,0.000,0.000,0.000,0.000,0.897,
2025-11-28 05:00:00,Friday,5,0.071,1.045,0.000,0.000,0.000,0.000,1.116,
2025-11-28 06:00:00,Friday,6,0.068,1.117,0.111,0.247,0.000,0.000,1.543,
2025-11-28 07:00:00,Friday,7,0.091,1.169,0.062,0.091,0.000,0.000,1.413,
2025-11-28 08:00:00,Friday,8,0.073,0.933,0.000,0.204,0.000,0.000,1.210,
2025-11-28 09:00:00,Friday,9,0.091,0.913,0.000,0.000,0.179,0.000,1.183,praca zdalna
2025-11-28 10:00:00,Friday,10,0.091,0.993,0.000,0.000,0.166,0.000,1.250,praca zdalna
2025-11-28 11:00:00,Friday,11,0.080,1.097,0.000,0.000,0.134,0.000,1.311,praca zdalna
2025-11-28 12:00:00,Friday,12,0.094,0.945,0.000,0.313,0.112,0.000,1.464,praca zdalna
2025-11-28 13:00:00,Friday,13,0.077,0.865,0.000,0.000,0.170,0.000,1.112,praca zdalna
2025-11-28 14:00:00,Friday,14,0.087,0.870,0.000,0.000,0.212,0.000,1.169,praca zdalna
2025-11-28 15:00:00,Friday,15,0.080,0.869,0.000,0.000,0.143,0.000,1.092,praca zdalna
2025-11-28 16:00:00,Friday,16,0.094,0.905,0.039,0.000,0.125,0.000,1.163,praca zdalna
2025-11-28 17:00:00,Friday,17,0.084,1.013,0.143,0.000,0.196,0.000,1.436,
2025-11-28 18:00:00,Friday,18,0.095,0.907,0.061,0.505,0.163,0.000,1.731,
2025-11-28 19:00:00,Friday,19,0.068,0.878,0.104,0.000,0.136,0.712,1.898,zmywarka
2025-11-28 20:00:00,Friday,20,0.090,0.913,0.170,0.000,0.134,0.000,1.307,
2025-11-28 21:00:00,Friday,21,0.066,1.124,0.095,0.000,0.132,0.000,1.417,
2025-11-28 22:00:00,Friday,22,0.074,0.827,0.071,0.000,0.176,0.000,1.148,
2025-11-28 23:00:00,Friday,23,0.070,1.005,0.000,0.000,0.000,0.000,1.075,
2025-11-29 00:00:00,Saturday,0,0.099,0.875,0.000,0.000,0.000,0.000,0.974,
2025-11-29 01:00:00,Saturday,1,0.073,0.873,0.000,0.000,0.000,0.000,0.946,
2025-11-29 02:00:00,Saturday,2,0.080,0.787,0.000,0.000,0.000,0.000,0.867,
2025-11-29 03:00:00,Saturday,3,0.077,0.955,0.000,0.000,0.000,0.000,1.032,
2025-11-29 04:00:00,Saturday,4,0.082,0.857,0.000,0.000,0.000,0.000,0.939,
2025-11-29 05:00:00,Saturday,5,0.073,0.764,0.000,0.000,0.000,0.000,0.837,
2025-11-29 06:00:00,Saturday,6,0.071,1.019,0.103,0.227,0.000,0.000,1.420,
2025-11-29 07:00:00,Saturday,7,0.092,0.990,0.074,0.341,0.000,0.000,1.497,
2025-11-29 08:00:00,Saturday,8,0.075,1.035,0.000,0.236,0.000,0.000,1.346,
2025-11-29 09:00:00,Saturday,9,0.074,0.997,0.000,0.000,0.107,0.000,1.178,
2025-11-29 10:00:00,Saturday,10,0.080,0.995,0.000,0.000,0.058,0.443,1.576,pralka
2025-11-29 11:00:00,Saturday,11,0.080,0.954,0.000,0.000,0.034,0.000,1.068,
2025-11-29 12:00:00,Saturday,12,0.074,1.156,0.000,0.000,0.106,0.000,1.336,
2025-11-29 13:00:00,Saturday,13,0.074,0.929,0.000,0.569,0.145,0.000,1.717,
2025-11-29 14:00:00,Saturday,14,0.068,0.874,0.000,0.000,0.113,0.000,1.055,
2025-11-29 15:00:00,Saturday,15,0.072,0.851,0.000,0.000,0.033,0.000,0.956,
2025-11-29 16:00:00,Saturday,16,0.074,0.841,0.054,0.000,0.145,0.000,1.114,
2025-11-29 17:00:00,Saturday,17,0.067,0.903,0.064,0.000,0.181,0.000,1.215,
2025-11-29 18:00:00,Saturday,18,0.095,1.135,0.085,0.487,0.172,0.000,1.974,
2025-11-29 19:00:00,Saturday,19,0.094,0.944,0.164,0.000,0.096,0.000,1.298,
2025-11-29 20:00:00,Saturday,20,0.085,0.944,0.112,0.000,0.109,0.000,1.250,
2025-11-29 21:00:00,Saturday,21,0.086,1.055,0.161,0.000,0.178,0.000,1.480,
2025-11-29 22:00:00,Saturday,22,0.076,0.967,0.044,0.000,0.099,0.000,1.186,
2025-11-29 23:00:00,Saturday,23,0.099,0.836,0.000,0.000,0.000,0.000,0.935,
2025-11-30 00:00:00,Sunday,0,0.077,1.000,0.000,0.000,0.000,0.000,1.077,
2025-11-30 01:00:00,Sunday,1,0.099,1.039,0.000,0.000,0.000,0.000,1.138,
2025-11-30 02:00:00,Sunday,2,0.102,1.091,0.000,0.000,0.000,0.000,1.193,
2025-11-30 03:00:00,Sunday,3,0.104,0.920,0.000,0.000,0.000,0.000,1.024,
2025-11-30 04:00:00,Sunday,4,0.079,1.034,0.000,0.000,0.000,0.000,1.113,
2025-11-30 05:00:00,Sunday,5,0.075,1.075,0.000,0.000,0.000,0.000,1.150,
2025-11-30 06:00:00,Sunday,6,0.091,1.067,0.080,0.354,0.000,0.000,1.592,
2025-11-30 07:00:00,Sunday,7,0.070,1.147,0.062,0.324,0.000,0.000,1.603,
2025-11-30 08:00:00,Sunday,8,0.087,0.973,0.000,0.334,0.000,0.000,1.394,
2025-11-30 09:00:00,Sunday,9,0.083,0.931,0.000,0.000,0.094,0.000,1.108,
2025-11-30 10:00:00,Sunday,10,0.080,0.911,0.000,0.000,0.142,0.000,1.133,
2025-11-30 11:00:00,Sunday,11,0.095,0.889,0.000,0.000,0.053,0.000,1.037,
2025-11-30 12:00:00,Sunday,12,0.085,1.018,0.000,0.000,0.119,0.000,1.222,
2025-11-30 13:00:00,Sunday,13,0.091,1.102,0.000,0.364,0.121,0.000,1.678,
2025-11-30 14:00:00,Sunday,14,0.076,1.133,0.000,0.000,0.136,0.526,1.871,zmywarka
2025-11-30 15:00:00,Sunday,15,0.082,1.078,0.000,0.000,0.032,0.000,1.192,
2025-11-30 16:00:00,Sunday,16,0.077,0.926,0.063,0.000,0.077,0.000,1.143,
2025-11-30 17:00:00,Sunday,17,0.082,1.037,0.068,0.382,0.145,0.000,1.714,
2025-11-30 18:00:00,Sunday,18,0.071,1.088,0.094,0.000,0.160,0.000,1.413,
2025-11-30 19:00:00,Sunday,19,0.079,1.246,0.091,0.000,0.149,0.000,1.565,
2025-11-30 20:00:00,Sunday,20,0.081,1.135,0.170,0.000,0.160,0.000,1.546,
2025-11-30 21:00:00,Sunday,21,0.082,1.019,0.094,0.000,0.189,0.000,1.384,
2025-11-30 22:00:00,Sunday,22,0.087,0.991,0.073,0.000,0.201,0.000,1.352,
2025-11-30 23:00:00,Sunday,23,0.076,0.989,0.000,0.000,0.000,0.000,1.065,
2025-12-01 00:00:00,Monday,0,0.087,0.865,0.000,0.000,0.000,0.000,0.952,
2025-12-01 01:00:00,Monday,1,0.090,1.019,0.000,0.000,0.000,0.000,1.109,
2025-12-01 02:00:00,Monday,2,0.068,1.049,0.000,0.000,0.000,0.000,1.117,
2025-12-01 03:00:00,Monday,3,0.096,0.932,0.000,0.000,0.000,0.000,1.028,
2025-12-01 04:00:00,Monday,4,0.079,0.981,0.000,0.000,0.000,0.000,1.060,
2025-12-01 05:00:00,Monday,5,0.087,1.172,0.000,0.000,0.000,0.000,1.259,
2025-12-01 06:00:00,Monday,6,0.087,1.287,0.046,0.141,0.000,0.000,1.561,
2025-12-01 07:00:00,Monday,7,0.068,1.346,0.045,0.251,0.000,0.000,1.710,
2025-12-01 08:00:00,Monday,8,0.086,1.085,0.076,0.236,0.000,0.000,1.483,
2025-12-01 09:00:00,Monday,9,0.090,1.249,0.000,0.000,0.133,0.000,1.472,praca zdalna
2025-12-01 10:00:00,Monday,10,0.096,1.312,0.000,0.000,0.119,0.000,1.527,praca zdalna
2025-12-01 11:00:00,Monday,11,0.088,1.085,0.000,0.000,0.187,0.000,1.360,praca zdalna
2025-12-01 12:00:00,Monday,12,0.067,1.179,0.000,0.265,0.142,0.000,1.653,praca zdalna
2025-12-01 13:00:00,Monday,13,0.091,1.320,0.000,0.000,0.154,0.000,1.565,praca zdalna
2025-12-01 14:00:00,Monday,14,0.087,1.369,0.000,0.000,0.227,0.000,1.683,praca zdalna
2025-12-01 15:00:00,Monday,15,0.082,1.249,0.000,0.000,0.190,0.000,1.521,praca zdalna
2025-12-01 16:00:00,Monday,16,0.086,1.185,0.095,0.000,0.219,0.000,1.585,praca zdalna
2025-12-01 17:00:00,Monday,17,0.079,1.167,0.061,0.000,0.142,0.000,1.449,
2025-12-01 18:00:00,Monday,18,0.086,1.276,0.076,0.490,0.101,0.000,2.029,
2025-12-01 19:00:00,Monday,19,0.076,1.219,0.114,0.000,0.191,0.000,1.600,
2025-12-01 20:00:00,Monday,20,0.092,1.306,0.159,0.000,0.193,0.688,2.438,zmywarka
2025-12-01 21:00:00,Monday,21,0.069,1.111,0.072,0.000,0.108,0.000,1.360,
2025-12-01 22:00:00,Monday,22,0.071,1.210,0.035,0.000,0.108,0.000,1.424,
2025-12-01 23:00:00,Monday,23,0.091,1.099,0.000,0.000,0.000,0.000,1.190,
2025-12-02 00:00:00,Tuesday,0,0.071,1.112,0.000,0.000,0.000,0.000,1.183,
2025-12-02 01:00:00,Tuesday,1,0.073,1.212,0.000,0.000,0.000,0.000,1.285,
2025-12-02 02:00:00,Tuesday,2,0.083,1.043,0.000,0.000,0.000,0.000,1.126,
2025-12-02 03:00:00,Tuesday,3,0.088,1.221,0.000,0.000,0.000,0.000,1.309,
2025-12-02 04:00:00,Tuesday,4,0.092,1.243,0.000,0.000,0.000,0.000,1.335,
2025-12-02 05:00:00,Tuesday,5,0.080,0.943,0.000,0.000,0.000,0.000,1.023,
2025-12-02 06:00:00,Tuesday,6,0.092,1.068,0.118,0.207,0.000,0.000,1.485,
2025-12-02 07:00:00,Tuesday,7,0.075,1.241,0.043,0.206,0.000,0.000,1.565,
2025-12-02 08:00:00,Tuesday,8,0.077,1.238,0.053,0.248,0.000,0.000,1.616,
2025-12-02 09:00:00,Tuesday,9,0.082,1.141,0.000,0.000,0.068,0.000,1.291,
2025-12-02 10:00:00,Tuesday,10,0.070,1.093,0.000,0.000,0.075,0.000,1.238,
2025-12-02 11:00:00,Tuesday,11,0.085,1.381,0.000,0.000,0.061,0.000,1.527,
2025-12-02 12:00:00,Tuesday,12,0.087,1.353,0.000,0.000,0.052,0.000,1.492,
2025-12-02 13:00:00,Tuesday,13,0.081,1.121,0.000,0.376,0.072,0.474,2.124,pralka
2025-12-02 14:00:00,Tuesday,14,0.085,1.352,0.000,0.000,0.066,0.901,2.404,suszarka
2025-12-02 15:00:00,Tuesday,15,0.092,1.366,0.054,0.000,0.066,0.000,1.578,
2025-12-02 16:00:00,Tuesday,16,0.076,1.220,0.038,0.000,0.125,0.000,1.459,
2025-12-02 17:00:00,Tuesday,17,0.080,1.238,0.138,0.000,0.181,0.000,1.637,
2025-12-02 18:00:00,Tuesday,18,0.086,1.329,0.154,0.569,0.104,0.000,2.242,
2025-12-02 19:00:00,Tuesday,19,0.093,1.220,0.106,0.000,0.204,0.000,1.623,
2025-12-02 20:00:00,Tuesday,20,0.067,1.069,0.134,0.000,0.200,0.688,2.158,zmywarka
2025-12-02 21:00:00,Tuesday,21,0.078,1.184,0.104,0.000,0.157,0.000,1.523,
2025-12-02 22:00:00,Tuesday,22,0.082,1.112,0.053,0.000,0.195,0.000,1.442,
2025-12-02 23:00:00,Tuesday,23,0.079,0.977,0.000,0.000,0.000,0.000,1.056,
2025-12-03 00:00:00,Wednesday,0,0.072,1.243,0.000,0.000,0.000,0.000,1.315,
2025-12-03 01:00:00,Wednesday,1,0.097,1.048,0.000,0.000,0.000,0.000,1.145,
2025-12-03 02:00:00,Wednesday,2,0.071,0.941,0.000,0.000,0.000,0.000,1.012,
2025-12-03 03:00:00,Wednesday,3,0.085,1.097,0.000,0.000,0.000,0.000,1.182,
2025-12-03 04:00:00,Wednesday,4,0.108,1.213,0.000,0.000,0.000,0.000,1.321,
2025-12-03 05:00:00,Wednesday,5,0.084,0.978,0.000,0.000,0.000,0.000,1.062,
2025-12-03 06:00:00,Wednesday,6,0.088,1.079,0.044,0.239,0.000,0.000,1.450,
2025-12-03 07:00:00,Wednesday,7,0.094,1.301,0.111,0.260,0.000,0.000,1.766,
2025-12-03 08:00:00,Wednesday,8,0.073,1.247,0.098,0.199,0.000,0.000,1.617,
2025-12-03 09:00:00,Wednesday,9,0.086,1.153,0.000,0.000,0.068,0.000,1.307,
2025-12-03 10:00:00,Wednesday,10,0.092,1.199,0.000,0.000,0.076,0.000,1.367,
2025-12-03 11:00:00,Wednesday,11,0.085,1.039,0.000,0.000,0.057,0.000,1.181,
2025-12-03 12:00:00,Wednesday,12,0.088,1.228,0.000,0.316,0.052,0.388,2.072,pralka
2025-12-03 13:00:00,Wednesday,13,0.093,1.073,0.000,0.000,0.072,0.000,1.238,
2025-12-03 14:00:00,Wednesday,14,0.091,1.392,0.000,0.000,0.073,0.000,1.556,
2025-12-03 15:00:00,Wednesday,15,0.083,1.441,0.105,0.000,0.147,0.000,1.776,
2025-12-03 16:00:00,Wednesday,16,0.072,1.315,0.061,0.000,0.069,0.000,1.517,
2025-12-03 17:00:00,Wednesday,17,0.081,1.101,0.061,0.000,0.185,0.000,1.428,
2025-12-03 18:00:00,Wednesday,18,0.094,1.186,0.070,0.551,0.142,0.000,2.043,
2025-12-03 19:00:00,Wednesday,19,0.088,1.279,0.130,0.000,0.145,0.607,2.249,zmywarka
2025-12-03 20:00:00,Wednesday,20,0.084,1.403,0.133,0.000,0.185,0.000,1.805,
2025-12-03 21:00:00,Wednesday,21,0.078,1.151,0.163,0.000,0.163,0.000,1.555,
2025-12-03 22:00:00,Wednesday,22,0.080,1.096,0.056,0.000,0.124,0.000,1.356,
2025-12-03 23:00:00,Wednesday,23,0.089,0.993,0.000,0.000,0.000,0.000,1.082,
2025-12-04 00:00:00,Thursday,0,0.083,1.009,0.000,0.000,0.000,0.000,1.092,
2025-12-04 01:00:00,Thursday,1,0.070,1.127,0.000,0.000,0.000,0.000,1.197,
2025-12-04 02:00:00,Thursday,2,0.097,1.180,0.000,0.000,0.000,0.000,1.277,
2025-12-04 03:00:00,Thursday,3,0.077,0.923,0.000,0.000,0.000,0.000,1.000,
2025-12-04 04:00:00,Thursday,4,0.098,1.115,0.000,0.000,0.000,0.000,1.213,
2025-12-04 05:00:00,Thursday,5,0.082,1.073,0.000,0.000,0.000,0.000,1.155,
2025-12-04 06:00:00,Thursday,6,0.079,1.332,0.118,0.128,0.000,0.000,1.657,
2025-12-04 07:00:00,Thursday,7,0.068,1.125,0.056,0.298,0.000,0.000,1.547,
2025-12-04 08:00:00,Thursday,8,0.095,1.369,0.083,0.197,0.000,0.000,1.744,
2025-12-04 09:00:00,Thursday,9,0.077,1.294,0.000,0.000,0.079,0.000,1.450,
2025-12-04 10:00:00,Thursday,10,0.091,1.309,0.000,0.000,0.070,0.000,1.470,
2025-12-04 11:00:00,Thursday,11,0.088,1.115,0.000,0.000,0.050,0.000,1.253,
2025-12-04 12:00:00,Thursday,12,0.091,1.181,0.000,0.295,0.083,0.000,1.650,
2025-12-04 13:00:00,Thursday,13,0.089,1.433,0.000,0.000,0.077,0.000,1.599,
2025-12-04 14:00:00,Thursday,14,0.085,1.423,0.000,0.000,0.139,0.000,1.647,
2025-12-04 15:00:00,Thursday,15,0.076,1.449,0.106,0.000,0.071,0.000,1.702,
2025-12-04 16:00:00,Thursday,16,0.069,1.154,0.086,0.000,0.089,0.000,1.398,
2025-12-04 17:00:00,Thursday,17,0.074,1.456,0.147,0.451,0.197,0.000,2.325,
2025-12-04 18:00:00,Thursday,18,0.088,1.332,0.096,0.000,0.116,0.000,1.632,
2025-12-04 19:00:00,Thursday,19,0.066,1.449,0.079,0.000,0.149,0.000,1.743,
2025-12-04 20:00:00,Thursday,20,0.072,1.194,0.094,0.000,0.108,0.548,2.016,zmywarka
2025-12-04 21:00:00,Thursday,21,0.089,1.283,0.143,0.000,0.138,0.000,1.653,
2025-12-04 22:00:00,Thursday,22,0.095,1.173,0.049,0.000,0.123,0.000,1.440,
2025-12-04 23:00:00,Thursday,23,0.085,1.150,0.000,0.000,0.000,0.000,1.235,
2025-12-05 00:00:00,Friday,0,0.101,1.285,0.000,0.000,0.000,0.000,1.386,
2025-12-05 01:00:00,Friday,1,0.070,1.239,0.000,0.000,0.000,0.000,1.309,
2025-12-05 02:00:00,Friday,2,0.086,1.145,0.000,0.000,0.000,0.000,1.231,
2025-12-05 03:00:00,Friday,3,0.071,1.084,0.000,0.000,0.000,0.000,1.155,
2025-12-05 04:00:00,Friday,4,0.104,1.154,0.000,0.000,0.000,0.000,1.258,
2025-12-05 05:00:00,Friday,5,0.103,1.004,0.000,0.000,0.000,0.000,1.107,
2025-12-05 06:00:00,Friday,6,0.080,1.463,0.086,0.155,0.000,0.000,1.784,
2025-12-05 07:00:00,Friday,7,0.091,1.478,0.051,0.154,0.000,0.000,1.774,
2025-12-05 08:00:00,Friday,8,0.083,1.399,0.083,0.345,0.000,0.000,1.910,
2025-12-05 09:00:00,Friday,9,0.073,1.363,0.000,0.000,0.155,0.000,1.591,praca zdalna
2025-12-05 10:00:00,Friday,10,0.093,1.153,0.000,0.000,0.145,0.000,1.391,praca zdalna
2025-12-05 11:00:00,Friday,11,0.073,1.207,0.000,0.000,0.169,0.000,1.449,praca zdalna
2025-12-05 12:00:00,Friday,12,0.067,1.045,0.000,0.000,0.193,0.000,1.305,praca zdalna
2025-12-05 13:00:00,Friday,13,0.086,1.046,0.000,0.216,0.170,0.000,1.518,praca zdalna
2025-12-05 14:00:00,Friday,14,0.076,1.232,0.000,0.000,0.212,0.000,1.520,praca zdalna
2025-12-05 15:00:00,Friday,15,0.085,1.247,0.103,0.000,0.164,0.000,1.599,praca zdalna
2025-12-05 16:00:00,Friday,16,0.094,1.284,0.079,0.000,0.166,0.000,1.623,praca zdalna
2025-12-05 17:00:00,Friday,17,0.067,1.147,0.126,0.672,0.172,0.000,2.184,
2025-12-05 18:00:00,Friday,18,0.077,1.231,0.153,0.000,0.145,0.000,1.606,
2025-12-05 19:00:00,Friday,19,0.087,1.176,0.133,0.000,0.113,0.584,2.093,zmywarka
2025-12-05 20:00:00,Friday,20,0.074,1.010,0.142,0.000,0.110,0.000,1.336,
2025-12-05 21:00:00,Friday,21,0.095,1.215,0.077,0.000,0.133,0.000,1.520,
2025-12-05 22:00:00,Friday,22,0.092,1.183,0.058,0.000,0.188,0.000,1.521,
2025-12-05 23:00:00,Friday,23,0.101,0.977,0.000,0.000,0.000,0.000,1.078,
2025-12-06 00:00:00,Saturday,0,0.089,1.197,0.000,0.000,0.000,0.000,1.286,
2025-12-06 01:00:00,Saturday,1,0.091,1.252,0.000,0.000,0.000,0.000,1.343,
2025-12-06 02:00:00,Saturday,2,0.094,1.176,0.000,0.000,0.000,0.000,1.270,
2025-12-06 03:00:00,Saturday,3,0.079,1.061,0.000,0.000,0.000,0.000,1.140,
2025-12-06 04:00:00,Saturday,4,0.098,1.043,0.000,0.000,0.000,0.000,1.141,
2025-12-06 05:00:00,Saturday,5,0.087,1.121,0.000,0.000,0.000,0.000,1.208,
2025-12-06 06:00:00,Saturday,6,0.071,1.560,0.099,0.155,0.000,0.000,1.885,
2025-12-06 07:00:00,Saturday,7,0.080,1.410,0.090,0.214,0.000,0.000,1.794,
2025-12-06 08:00:00,Saturday,8,0.089,1.311,0.054,0.320,0.000,0.000,1.774,
2025-12-06 09:00:00,Saturday,9,0.079,1.175,0.000,0.000,0.105,0.375,1.734,pralka
2025-12-06 10:00:00,Saturday,10,0.074,1.267,0.000,0.000,0.108,1.252,2.701,suszarka
2025-12-06 11:00:00,Saturday,11,0.076,1.211,0.000,0.000,0.118,0.000,1.405,
2025-12-06 12:00:00,Saturday,12,0.085,1.317,0.000,0.000,0.095,0.000,1.497,
2025-12-06 13:00:00,Saturday,13,0.092,1.392,0.000,0.524,0.146,0.000,2.154,
2025-12-06 14:00:00,Saturday,14,0.081,1.195,0.000,0.000,0.090,0.000,1.366,
2025-12-06 15:00:00,Saturday,15,0.092,1.448,0.106,0.000,0.126,0.000,1.772,
2025-12-06 16:00:00,Saturday,16,0.086,1.369,0.080,0.000,0.044,0.000,1.579,
2025-12-06 17:00:00,Saturday,17,0.074,1.194,0.068,0.000,0.138,0.000,1.474,
2025-12-06 18:00:00,Saturday,18,0.075,1.467,0.091,1.150,0.205,0.000,2.988,
2025-12-06 19:00:00,Saturday,19,0.096,1.408,0.061,0.000,0.130,0.000,1.695,
2025-12-06 20:00:00,Saturday,20,0.067,1.101,0.065,0.000,0.128,0.000,1.361,
2025-12-06 21:00:00,Saturday,21,0.078,1.280,0.110,0.000,0.113,0.000,1.581,
2025-12-06 22:00:00,Saturday,22,0.088,1.054,0.032,0.000,0.148,0.000,1.322,
2025-12-06 23:00:00,Saturday,23,0.088,1.018,0.000,0.000,0.000,0.000,1.106,
2025-12-07 00:00:00,Sunday,0,0.073,1.183,0.000,0.000,0.000,0.000,1.256,
2025-12-07 01:00:00,Sunday,1,0.094,1.082,0.000,0.000,0.000,0.000,1.176,
2025-12-07 02:00:00,Sunday,2,0.084,1.118,0.000,0.000,0.000,0.000,1.202,
2025-12-07 03:00:00,Sunday,3,0.072,1.078,0.000,0.000,0.000,0.000,1.150,
2025-12-07 04:00:00,Sunday,4,0.085,1.227,0.000,0.000,0.000,0.000,1.312,
2025-12-07 05:00:00,Sunday,5,0.076,1.242,0.000,0.000,0.000,0.000,1.318,
2025-12-07 06:00:00,Sunday,6,0.084,1.240,0.057,0.100,0.000,0.000,1.481,
2025-12-07 07:00:00,Sunday,7,0.067,1.291,0.056,0.230,0.000,0.000,1.644,
2025-12-07 08:00:00,Sunday,8,0.082,1.312,0.106,0.170,0.000,0.000,1.670,
2025-12-07 09:00:00,Sunday,9,0.092,1.068,0.000,0.000,0.127,0.387,1.674,pralka
2025-12-07 10:00:00,Sunday,10,0.087,1.281,0.000,0.000,0.108,0.000,1.476,
2025-12-07 11:00:00,Sunday,11,0.082,1.022,0.000,0.000,0.133,0.000,1.237,
2025-12-07 12:00:00,Sunday,12,0.090,1.040,0.000,0.000,0.104,0.000,1.234,
2025-12-07 13:00:00,Sunday,13,0.087,1.147,0.000,0.250,0.035,0.000,1.519,
2025-12-07 14:00:00,Sunday,14,0.086,1.013,0.000,0.000,0.091,0.000,1.190,
2025-12-07 15:00:00,Sunday,15,0.089,1.054,0.055,0.000,0.100,0.000,1.298,
2025-12-07 16:00:00,Sunday,16,0.082,1.115,0.076,0.000,0.098,0.000,1.371,
2025-12-07 17:00:00,Sunday,17,0.083,1.277,0.091,0.581,0.138,0.000,2.170,
2025-12-07 18:00:00,Sunday,18,0.080,1.137,0.142,0.000,0.091,0.000,1.450,
2025-12-07 19:00:00,Sunday,19,0.079,1.022,0.157,0.000,0.108,0.000,1.366,
2025-12-07 20:00:00,Sunday,20,0.073,1.226,0.062,0.000,0.148,0.000,1.509,
2025-12-07 21:00:00,Sunday,21,0.073,1.124,0.176,0.000,0.161,0.000,1.534,
2025-12-07 22:00:00,Sunday,22,0.088,1.193,0.087,0.000,0.173,0.000,1.541,
2025-12-07 23:00:00,Sunday,23,0.073,1.145,0.000,0.000,0.000,0.000,1.218,
2025-12-08 00:00:00,Monday,0,0.090,1.011,0.000,0.000,0.000,0.000,1.101,
2025-12-08 01:00:00,Monday,1,0.095,0.866,0.000,0.000,0.000,0.000,0.961,
2025-12-08 02:00:00,Monday,2,0.082,0.844,0.000,0.000,0.000,0.000,0.926,
2025-12-08 03:00:00,Monday,3,0.080,0.967,0.000,0.000,0.000,0.000,1.047,
2025-12-08 04:00:00,Monday,4,0.085,1.013,0.000,0.000,0.000,0.000,1.098,
2025-12-08 05:00:00,Monday,5,0.092,1.031,0.000,0.000,0.000,0.000,1.123,
2025-12-08 06:00:00,Monday,6,0.084,1.040,0.114,0.244,0.000,0.000,1.482,
2025-12-08 07:00:00,Monday,7,0.071,1.042,0.123,0.307,0.000,0.000,1.543,
2025-12-08 08:00:00,Monday,8,0.083,0.934,0.081,0.337,0.000,0.000,1.435,
2025-12-08 09:00:00,Monday,9,0.067,0.865,0.000,0.000,0.050,0.000,0.982,
2025-12-08 10:00:00,Monday,10,0.094,1.022,0.000,0.000,0.054,0.000,1.170,
2025-12-08 11:00:00,Monday,11,0.077,0.965,0.000,0.000,0.056,0.000,1.098,
2025-12-08 12:00:00,Monday,12,0.083,0.823,0.000,0.000,0.056,0.000,0.962,
2025-12-08 13:00:00,Monday,13,0.072,0.852,0.000,0.484,0.072,0.000,1.480,
2025-12-08 14:00:00,Monday,14,0.073,0.766,0.000,0.000,0.068,0.000,0.907,
2025-12-08 15:00:00,Monday,15,0.073,0.890,0.088,0.000,0.060,0.000,1.111,
2025-12-08 16:00:00,Monday,16,0.076,0.771,0.040,0.000,0.058,0.000,0.945,
2025-12-08 17:00:00,Monday,17,0.076,0.932,0.067,0.571,0.130,0.000,1.776,
2025-12-08 18:00:00,Monday,18,0.074,0.844,0.157,0.000,0.122,0.000,1.197,
2025-12-08 19:00:00,Monday,19,0.089,0.801,0.140,0.000,0.170,0.524,1.724,zmywarka
2025-12-08 20:00:00,Monday,20,0.095,0.947,0.169,0.000,0.129,0.000,1.340,
2025-12-08 21:00:00,Monday,21,0.090,0.830,0.064,0.000,0.176,0.000,1.160,
2025-12-08 22:00:00,Monday,22,0.080,0.849,0.043,0.000,0.159,0.000,1.131,
2025-12-08 23:00:00,Monday,23,0.096,0.689,0.000,0.000,0.000,0.000,0.785,
2025-12-09 00:00:00,Tuesday,0,0.141,0.521,0.000,0.000,0.000,0.000,0.662,tryb opieki nad psem; wyjazd / nieobecność
2025-12-09 01:00:00,Tuesday,1,0.120,0.538,0.000,0.000,0.000,0.000,0.658,tryb opieki nad psem; wyjazd / nieobecność
2025-12-09 02:00:00,Tuesday,2,0.150,0.592,0.000,0.000,0.000,0.000,0.742,tryb opieki nad psem; wyjazd / nieobecność
2025-12-09 03:00:00,Tuesday,3,0.112,0.697,0.000,0.000,0.000,0.000,0.809,tryb opieki nad psem; wyjazd / nieobecność
2025-12-09 04:00:00,Tuesday,4,0.143,0.693,0.000,0.000,0.000,0.000,0.836,tryb opieki nad psem; wyjazd / nieobecność
2025-12-09 05:00:00,Tuesday,5,0.128,0.737,0.000,0.000,0.000,0.000,0.865,tryb opieki nad psem; wyjazd / nieobecność
2025-12-09 06:00:00,Tuesday,6,0.113,0.641,0.000,0.000,0.000,0.000,0.754,tryb opieki nad psem; wyjazd / nieobecność
2025-12-09 07:00:00,Tuesday,7,0.148,0.661,0.000,0.000,0.000,0.000,0.809,tryb opieki nad psem; wyjazd / nieobecność
2025-12-09 08:00:00,Tuesday,8,0.128,0.789,0.000,0.000,0.000,0.000,0.917,tryb opieki nad psem; wyjazd / nieobecność
2025-12-09 09:00:00,Tuesday,9,0.116,0.795,0.000,0.000,0.112,0.000,1.023,tryb opieki nad psem; wyjazd / nieobecność; praca zdalna
2025-12-09 10:00:00,Tuesday,10,0.130,0.753,0.000,0.000,0.065,0.000,0.948,tryb opieki nad psem; wyjazd / nieobecność; praca zdalna
2025-12-09 11:00:00,Tuesday,11,0.133,0.674,0.000,0.000,0.098,0.000,0.905,tryb opieki nad psem; wyjazd / nieobecność; praca zdalna
2025-12-09 12:00:00,Tuesday,12,0.118,0.554,0.000,0.000,0.058,0.000,0.730,tryb opieki nad psem; wyjazd / nieobecność; praca zdalna
2025-12-09 13:00:00,Tuesday,13,0.123,0.562,0.000,0.000,0.116,0.000,0.801,tryb opieki nad psem; wyjazd / nieobecność; praca zdalna
2025-12-09 14:00:00,Tuesday,14,0.136,0.544,0.000,0.000,0.050,0.000,0.730,tryb opieki nad psem; wyjazd / nieobecność; praca zdalna
2025-12-09 15:00:00,Tuesday,15,0.132,0.547,0.000,0.000,0.077,0.000,0.756,tryb opieki nad psem; wyjazd / nieobecność; praca zdalna
2025-12-09 16:00:00,Tuesday,16,0.109,0.581,0.000,0.000,0.089,0.000,0.779,tryb opieki nad psem; wyjazd / nieobecność; praca zdalna
2025-12-09 17:00:00,Tuesday,17,0.143,0.655,0.000,0.000,0.000,0.000,0.798,tryb opieki nad psem; wyjazd / nieobecność
2025-12-09 18:00:00,Tuesday,18,0.118,0.601,0.000,0.000,0.000,0.000,0.719,tryb opieki nad psem; wyjazd / nieobecność
2025-12-09 19:00:00,Tuesday,19,0.143,0.617,0.000,0.000,0.000,0.000,0.760,tryb opieki nad psem; wyjazd / nieobecność
2025-12-09 20:00:00,Tuesday,20,0.113,0.631,0.000,0.000,0.000,0.000,0.744,tryb opieki nad psem; wyjazd / nieobecność
2025-12-09 21:00:00,Tuesday,21,0.115,0.673,0.000,0.000,0.000,0.000,0.788,tryb opieki nad psem; wyjazd / nieobecność
2025-12-09 22:00:00,Tuesday,22,0.122,0.561,0.000,0.000,0.000,0.000,0.683,tryb opieki nad psem; wyjazd / nieobecność
2025-12-09 23:00:00,Tuesday,23,0.131,0.622,0.000,0.000,0.000,0.000,0.753,tryb opieki nad psem; wyjazd / nieobecność
2025-12-10 00:00:00,Wednesday,0,0.094,0.814,0.000,0.000,0.000,0.000,0.908,
2025-12-10 01:00:00,Wednesday,1,0.080,0.735,0.000,0.000,0.000,0.000,0.815,
2025-12-10 02:00:00,Wednesday,2,0.091,0.724,0.000,0.000,0.000,0.000,0.815,
2025-12-10 03:00:00,Wednesday,3,0.073,0.752,0.000,0.000,0.000,0.000,0.825,
2025-12-10 04:00:00,Wednesday,4,0.098,0.753,0.000,0.000,0.000,0.000,0.851,
2025-12-10 05:00:00,Wednesday,5,0.088,0.707,0.000,0.000,0.000,0.000,0.795,
2025-12-10 06:00:00,Wednesday,6,0.090,0.811,0.059,0.310,0.000,0.000,1.270,
2025-12-10 07:00:00,Wednesday,7,0.086,0.883,0.088,0.333,0.000,0.000,1.390,
2025-12-10 08:00:00,Wednesday,8,0.084,0.860,0.091,0.181,0.000,0.000,1.216,
2025-12-10 09:00:00,Wednesday,9,0.079,0.845,0.000,0.000,0.056,0.000,0.980,
2025-12-10 10:00:00,Wednesday,10,0.092,0.674,0.000,0.000,0.074,0.000,0.840,
2025-12-10 11:00:00,Wednesday,11,0.082,0.697,0.000,0.000,0.064,0.000,0.843,
2025-12-10 12:00:00,Wednesday,12,0.088,0.796,0.000,0.000,0.089,0.000,0.973,
2025-12-10 13:00:00,Wednesday,13,0.083,0.719,0.000,0.466,0.056,0.000,1.324,
2025-12-10 14:00:00,Wednesday,14,0.092,0.719,0.000,0.000,0.092,0.000,0.903,
2025-12-10 15:00:00,Wednesday,15,0.078,0.685,0.094,0.000,0.053,0.000,0.910,
2025-12-10 16:00:00,Wednesday,16,0.088,0.914,0.077,0.000,0.138,0.000,1.217,
2025-12-10 17:00:00,Wednesday,17,0.080,0.819,0.080,0.000,0.208,0.000,1.187,
2025-12-10 18:00:00,Wednesday,18,0.091,1.001,0.086,0.388,0.091,0.000,1.657,
2025-12-10 19:00:00,Wednesday,19,0.079,0.968,0.133,0.000,0.175,0.000,1.355,
2025-12-10 20:00:00,Wednesday,20,0.079,0.856,0.170,0.000,0.208,0.613,1.926,zmywarka
2025-12-10 21:00:00,Wednesday,21,0.069,0.823,0.116,0.000,0.205,0.000,1.213,
2025-12-10 22:00:00,Wednesday,22,0.080,0.790,0.036,0.000,0.112,0.000,1.018,
2025-12-10 23:00:00,Wednesday,23,0.082,0.846,0.000,0.000,0.000,0.000,0.928,
2025-12-11 00:00:00,Thursday,0,0.088,0.715,0.000,0.000,0.000,0.000,0.803,
2025-12-11 01:00:00,Thursday,1,0.080,0.917,0.000,0.000,0.000,0.000,0.997,
2025-12-11 02:00:00,Thursday,2,0.081,0.693,0.000,0.000,0.000,0.000,0.774,
2025-12-11 03:00:00,Thursday,3,0.079,0.815,0.000,0.000,0.000,0.000,0.894,
2025-12-11 04:00:00,Thursday,4,0.101,0.689,0.000,0.000,0.000,0.000,0.790,
2025-12-11 05:00:00,Thursday,5,0.085,0.896,0.000,0.000,0.000,0.000,0.981,
2025-12-11 06:00:00,Thursday,6,0.081,0.874,0.061,0.173,0.000,0.000,1.189,
2025-12-11 07:00:00,Thursday,7,0.072,0.860,0.095,0.217,0.000,0.000,1.244,
2025-12-11 08:00:00,Thursday,8,0.088,0.930,0.094,0.250,0.000,0.000,1.362,
2025-12-11 09:00:00,Thursday,9,0.069,1.032,0.000,0.000,0.127,0.000,1.228,praca zdalna
2025-12-11 10:00:00,Thursday,10,0.069,0.914,0.000,0.000,0.187,0.000,1.170,praca zdalna
2025-12-11 11:00:00,Thursday,11,0.067,0.855,0.000,0.000,0.154,0.000,1.076,praca zdalna
2025-12-11 12:00:00,Thursday,12,0.092,0.962,0.000,0.000,0.122,0.000,1.176,praca zdalna
2025-12-11 13:00:00,Thursday,13,0.085,0.735,0.000,0.351,0.193,0.000,1.364,praca zdalna
2025-12-11 14:00:00,Thursday,14,0.077,0.937,0.000,0.000,0.158,0.000,1.172,praca zdalna
2025-12-11 15:00:00,Thursday,15,0.067,0.851,0.076,0.000,0.170,0.000,1.164,praca zdalna
2025-12-11 16:00:00,Thursday,16,0.083,0.764,0.055,0.000,0.138,0.000,1.040,praca zdalna
2025-12-11 17:00:00,Thursday,17,0.089,0.842,0.071,0.454,0.136,0.000,1.592,
2025-12-11 18:00:00,Thursday,18,0.095,0.847,0.092,0.000,0.097,0.000,1.131,
2025-12-11 19:00:00,Thursday,19,0.080,0.805,0.164,0.000,0.101,0.000,1.150,
2025-12-11 20:00:00,Thursday,20,0.079,0.994,0.150,0.000,0.147,0.709,2.079,zmywarka
2025-12-11 21:00:00,Thursday,21,0.079,0.961,0.097,0.000,0.127,0.000,1.264,
2025-12-11 22:00:00,Thursday,22,0.091,0.856,0.058,0.000,0.179,0.000,1.184,
2025-12-11 23:00:00,Thursday,23,0.088,0.803,0.000,0.000,0.000,0.000,0.891,
2025-12-12 00:00:00,Friday,0,0.070,0.977,0.000,0.000,0.000,0.000,1.047,
2025-12-12 01:00:00,Friday,1,0.083,0.956,0.000,0.000,0.000,0.000,1.039,
2025-12-12 02:00:00,Friday,2,0.080,1.010,0.000,0.000,0.000,0.000,1.090,
2025-12-12 03:00:00,Friday,3,0.068,0.870,0.000,0.000,0.000,0.000,0.938,
2025-12-12 04:00:00,Friday,4,0.101,0.784,0.000,0.000,0.000,0.000,0.885,
2025-12-12 05:00:00,Friday,5,0.071,0.892,0.000,0.000,0.000,0.000,0.963,
2025-12-12 06:00:00,Friday,6,0.094,0.932,0.047,0.269,0.000,0.000,1.342,
2025-12-12 07:00:00,Friday,7,0.094,1.080,0.097,0.229,0.000,0.000,1.500,
2025-12-12 08:00:00,Friday,8,0.092,1.120,0.095,0.200,0.000,0.000,1.507,
2025-12-12 09:00:00,Friday,9,0.068,1.165,0.000,0.000,0.074,0.000,1.307,
2025-12-12 10:00:00,Friday,10,0.083,1.219,0.000,0.000,0.067,0.000,1.369,
2025-12-12 11:00:00,Friday,11,0.069,0.958,0.000,0.000,0.053,0.000,1.080,
2025-12-12 12:00:00,Friday,12,0.072,1.049,0.000,0.000,0.061,0.000,1.182,
2025-12-12 13:00:00,Friday,13,0.077,0.943,0.000,0.364,0.060,0.000,1.444,
2025-12-12 14:00:00,Friday,14,0.075,1.153,0.000,0.000,0.076,0.000,1.304,
2025-12-12 15:00:00,Friday,15,0.072,1.120,0.066,0.000,0.116,0.000,1.374,
2025-12-12 16:00:00,Friday,16,0.075,1.184,0.101,0.000,0.092,0.000,1.452,
2025-12-12 17:00:00,Friday,17,0.079,1.237,0.138,0.000,0.208,0.000,1.662,
2025-12-12 18:00:00,Friday,18,0.086,1.126,0.085,0.745,0.169,0.000,2.211,
2025-12-12 19:00:00,Friday,19,0.079,1.271,0.145,0.000,0.119,0.601,2.215,zmywarka
2025-12-12 20:00:00,Friday,20,0.091,0.983,0.157,0.000,0.164,0.000,1.395,
2025-12-12 21:00:00,Friday,21,0.092,1.097,0.064,0.000,0.106,0.000,1.359,
2025-12-12 22:00:00,Friday,22,0.076,1.202,0.071,0.000,0.143,0.000,1.492,
2025-12-12 23:00:00,Friday,23,0.085,0.994,0.000,0.000,0.000,0.000,1.079,
2025-12-13 00:00:00,Saturday,0,0.086,1.126,0.000,0.000,0.000,0.000,1.212,
2025-12-13 01:00:00,Saturday,1,0.092,1.180,0.000,0.000,0.000,0.000,1.272,
2025-12-13 02:00:00,Saturday,2,0.079,1.187,0.000,0.000,0.000,0.000,1.266,
2025-12-13 03:00:00,Saturday,3,0.099,1.034,0.000,0.000,0.000,0.000,1.133,
2025-12-13 04:00:00,Saturday,4,0.087,1.343,0.000,0.000,0.000,0.000,1.430,
2025-12-13 05:00:00,Saturday,5,0.080,1.063,0.000,0.000,0.000,0.000,1.143,
2025-12-13 06:00:00,Saturday,6,0.073,1.269,0.071,0.358,0.000,0.000,1.771,
2025-12-13 07:00:00,Saturday,7,0.080,1.343,0.086,0.203,0.000,0.000,1.712,
2025-12-13 08:00:00,Saturday,8,0.076,1.145,0.113,0.253,0.000,0.000,1.587,
2025-12-13 09:00:00,Saturday,9,0.077,1.045,0.000,0.000,0.104,0.000,1.226,
2025-12-13 10:00:00,Saturday,10,0.086,1.162,0.000,0.000,0.044,0.000,1.292,
2025-12-13 11:00:00,Saturday,11,0.079,1.153,0.000,0.000,0.147,0.000,1.379,
2025-12-13 12:00:00,Saturday,12,0.067,0.905,0.000,0.647,0.143,0.000,1.762,
2025-12-13 13:00:00,Saturday,13,0.082,0.889,0.000,0.000,0.128,0.000,1.099,
2025-12-13 14:00:00,Saturday,14,0.085,1.040,0.000,0.000,0.092,0.523,1.740,zmywarka
2025-12-13 15:00:00,Saturday,15,0.079,0.840,0.065,0.000,0.049,0.000,1.033,
2025-12-13 16:00:00,Saturday,16,0.083,0.909,0.058,0.000,0.073,0.000,1.123,
2025-12-13 17:00:00,Saturday,17,0.090,1.123,0.172,0.635,0.139,0.000,2.159,goście
2025-12-13 18:00:00,Saturday,18,0.090,1.109,0.125,0.000,0.160,0.000,1.484,goście
2025-12-13 19:00:00,Saturday,19,0.081,1.029,0.065,0.000,0.149,0.000,1.324,goście
2025-12-13 20:00:00,Saturday,20,0.080,1.022,0.071,0.000,0.110,0.000,1.283,goście
2025-12-13 21:00:00,Saturday,21,0.089,1.270,0.094,0.000,0.184,0.000,1.637,goście
2025-12-13 22:00:00,Saturday,22,0.077,1.081,0.057,0.000,0.196,0.000,1.411,
2025-12-13 23:00:00,Saturday,23,0.071,1.120,0.000,0.000,0.000,0.000,1.191,
2025-12-14 00:00:00,Sunday,0,0.071,1.190,0.000,0.000,0.000,0.000,1.261,
2025-12-14 01:00:00,Sunday,1,0.086,1.207,0.000,0.000,0.000,0.000,1.293,
2025-12-14 02:00:00,Sunday,2,0.098,0.980,0.000,0.000,0.000,0.000,1.078,
2025-12-14 03:00:00,Sunday,3,0.075,1.084,0.000,0.000,0.000,0.000,1.159,
2025-12-14 04:00:00,Sunday,4,0.088,0.913,0.000,0.000,0.000,0.000,1.001,
2025-12-14 05:00:00,Sunday,5,0.089,0.994,0.000,0.000,0.000,0.000,1.083,
2025-12-14 06:00:00,Sunday,6,0.076,1.178,0.088,0.349,0.000,0.000,1.691,
2025-12-14 07:00:00,Sunday,7,0.068,1.050,0.056,0.224,0.000,0.000,1.398,
2025-12-14 08:00:00,Sunday,8,0.095,1.076,0.049,0.312,0.000,0.000,1.532,
2025-12-14 09:00:00,Sunday,9,0.072,1.278,0.000,0.000,0.149,0.000,1.499,
2025-12-14 10:00:00,Sunday,10,0.091,1.023,0.000,0.000,0.147,0.000,1.261,
2025-12-14 11:00:00,Sunday,11,0.067,1.279,0.000,0.000,0.146,0.000,1.492,
2025-12-14 12:00:00,Sunday,12,0.083,1.337,0.000,0.396,0.127,0.000,1.943,
2025-12-14 13:00:00,Sunday,13,0.080,1.066,0.000,0.000,0.085,0.000,1.231,
2025-12-14 14:00:00,Sunday,14,0.083,1.285,0.000,0.000,0.120,0.642,2.130,zmywarka
2025-12-14 15:00:00,Sunday,15,0.067,1.033,0.082,0.000,0.106,0.000,1.288,
2025-12-14 16:00:00,Sunday,16,0.071,1.142,0.057,0.000,0.101,0.000,1.371,
2025-12-14 17:00:00,Sunday,17,0.073,1.051,0.177,1.336,0.133,0.000,2.770,goście
2025-12-14 18:00:00,Sunday,18,0.071,1.072,0.154,0.000,0.129,0.000,1.426,goście
2025-12-14 19:00:00,Sunday,19,0.092,0.982,0.083,0.000,0.107,0.000,1.264,goście
2025-12-14 20:00:00,Sunday,20,0.095,1.019,0.123,0.000,0.124,0.000,1.361,goście
2025-12-14 21:00:00,Sunday,21,0.067,1.264,0.167,0.000,0.182,0.000,1.680,goście
2025-12-14 22:00:00,Sunday,22,0.070,0.972,0.088,0.000,0.109,0.000,1.239,
2025-12-14 23:00:00,Sunday,23,0.099,0.909,0.000,0.000,0.000,0.000,1.008,
2025-12-15 00:00:00,Monday,0,0.075,1.028,0.000,0.000,0.000,0.000,1.103,
2025-12-15 01:00:00,Monday,1,0.088,1.098,0.000,0.000,0.000,0.000,1.186,
2025-12-15 02:00:00,Monday,2,0.083,1.079,0.000,0.000,0.000,0.000,1.162,
2025-12-15 03:00:00,Monday,3,0.112,1.102,0.000,0.000,0.000,0.000,1.214,
2025-12-15 04:00:00,Monday,4,0.092,1.062,0.000,0.000,0.000,0.000,1.154,
2025-12-15 05:00:00,Monday,5,0.086,0.931,0.000,0.000,0.000,0.000,1.017,
2025-12-15 06:00:00,Monday,6,0.071,1.108,0.067,0.334,0.000,0.000,1.580,
2025-12-15 07:00:00,Monday,7,0.080,1.196,0.079,0.293,0.000,0.000,1.648,
2025-12-15 08:00:00,Monday,8,0.079,1.171,0.053,0.340,0.000,0.000,1.643,
2025-12-15 09:00:00,Monday,9,0.091,1.117,0.000,0.000,0.165,0.000,1.373,praca zdalna
2025-12-15 10:00:00,Monday,10,0.073,1.037,0.000,0.000,0.139,0.000,1.249,praca zdalna
2025-12-15 11:00:00,Monday,11,0.078,1.142,0.000,0.000,0.169,0.000,1.389,praca zdalna
2025-12-15 12:00:00,Monday,12,0.087,1.130,0.000,0.245,0.185,0.000,1.647,praca zdalna
2025-12-15 13:00:00,Monday,13,0.083,1.191,0.000,0.000,0.125,0.000,1.399,praca zdalna
2025-12-15 14:00:00,Monday,14,0.073,1.045,0.000,0.000,0.197,0.000,1.315,praca zdalna
2025-12-15 15:00:00,Monday,15,0.082,0.950,0.000,0.000,0.159,0.000,1.191,praca zdalna
2025-12-15 16:00:00,Monday,16,0.072,1.039,0.066,0.000,0.231,0.000,1.408,praca zdalna
2025-12-15 17:00:00,Monday,17,0.089,1.028,0.134,0.434,0.188,0.000,1.873,
2025-12-15 18:00:00,Monday,18,0.070,1.295,0.146,0.000,0.095,0.000,1.606,
2025-12-15 19:00:00,Monday,19,0.072,1.271,0.157,0.000,0.190,0.000,1.690,
2025-12-15 20:00:00,Monday,20,0.091,1.189,0.067,0.000,0.115,0.482,1.944,zmywarka
2025-12-15 21:00:00,Monday,21,0.083,1.081,0.125,0.000,0.122,0.000,1.411,
2025-12-15 22:00:00,Monday,22,0.083,1.252,0.070,0.000,0.152,0.000,1.557,
2025-12-15 23:00:00,Monday,23,0.084,0.935,0.000,0.000,0.000,0.000,1.019,
2025-12-16 00:00:00,Tuesday,0,0.076,1.184,0.000,0.000,0.000,0.000,1.260,
2025-12-16 01:00:00,Tuesday,1,0.077,1.173,0.000,0.000,0.000,0.000,1.250,
2025-12-16 02:00:00,Tuesday,2,0.096,1.083,0.000,0.000,0.000,0.000,1.179,
2025-12-16 03:00:00,Tuesday,3,0.076,1.098,0.000,0.000,0.000,0.000,1.174,
2025-12-16 04:00:00,Tuesday,4,0.086,1.238,0.000,0.000,0.000,0.000,1.324,
2025-12-16 05:00:00,Tuesday,5,0.088,1.028,0.000,0.000,0.000,0.000,1.116,
2025-12-16 06:00:00,Tuesday,6,0.067,1.172,0.082,0.208,0.000,0.000,1.529,
2025-12-16 07:00:00,Tuesday,7,0.089,1.215,0.098,0.358,0.000,0.000,1.760,
2025-12-16 08:00:00,Tuesday,8,0.092,1.098,0.122,0.163,0.000,0.000,1.475,
2025-12-16 09:00:00,Tuesday,9,0.069,1.130,0.000,0.000,0.125,0.000,1.324,praca zdalna
2025-12-16 10:00:00,Tuesday,10,0.077,1.448,0.000,0.000,0.201,0.421,2.147,praca zdalna; pralka
2025-12-16 11:00:00,Tuesday,11,0.072,1.320,0.000,0.000,0.103,1.452,2.947,praca zdalna; suszarka
2025-12-16 12:00:00,Tuesday,12,0.073,1.215,0.000,0.195,0.112,0.000,1.595,praca zdalna
2025-12-16 13:00:00,Tuesday,13,0.088,1.046,0.000,0.000,0.170,0.000,1.304,praca zdalna
2025-12-16 14:00:00,Tuesday,14,0.095,1.124,0.000,0.000,0.262,0.000,1.481,praca zdalna
2025-12-16 15:00:00,Tuesday,15,0.078,1.114,0.000,0.000,0.233,0.000,1.425,praca zdalna
2025-12-16 16:00:00,Tuesday,16,0.085,1.267,0.107,0.000,0.147,0.000,1.606,praca zdalna
2025-12-16 17:00:00,Tuesday,17,0.077,1.262,0.176,0.368,0.190,0.000,2.073,
2025-12-16 18:00:00,Tuesday,18,0.095,1.187,0.081,0.000,0.092,0.000,1.455,
2025-12-16 19:00:00,Tuesday,19,0.086,1.193,0.136,0.000,0.172,0.569,2.156,zmywarka
2025-12-16 20:00:00,Tuesday,20,0.093,1.022,0.138,0.000,0.141,0.000,1.394,
2025-12-16 21:00:00,Tuesday,21,0.080,0.932,0.134,0.000,0.206,0.000,1.352,
2025-12-16 22:00:00,Tuesday,22,0.083,1.040,0.036,0.000,0.193,0.000,1.352,
2025-12-16 23:00:00,Tuesday,23,0.110,0.856,0.000,0.000,0.000,0.000,0.966,
2025-12-17 00:00:00,Wednesday,0,0.086,0.929,0.000,0.000,0.000,0.000,1.015,
2025-12-17 01:00:00,Wednesday,1,0.070,0.915,0.000,0.000,0.000,0.000,0.985,
2025-12-17 02:00:00,Wednesday,2,0.094,0.913,0.000,0.000,0.000,0.000,1.007,
2025-12-17 03:00:00,Wednesday,3,0.092,1.142,0.000,0.000,0.000,0.000,1.234,
2025-12-17 04:00:00,Wednesday,4,0.072,0.998,0.000,0.000,0.000,0.000,1.070,
2025-12-17 05:00:00,Wednesday,5,0.084,1.006,0.000,0.000,0.000,0.000,1.090,
2025-12-17 06:00:00,Wednesday,6,0.086,1.275,0.122,0.242,0.000,0.000,1.725,
2025-12-17 07:00:00,Wednesday,7,0.086,1.249,0.065,0.248,0.000,0.000,1.648,
2025-12-17 08:00:00,Wednesday,8,0.081,1.175,0.124,0.319,0.000,0.000,1.699,
2025-12-17 09:00:00,Wednesday,9,0.073,0.989,0.000,0.000,0.053,0.000,1.115,
2025-12-17 10:00:00,Wednesday,10,0.083,1.166,0.000,0.000,0.072,0.000,1.321,
2025-12-17 11:00:00,Wednesday,11,0.076,1.145,0.000,0.000,0.049,0.000,1.270,
2025-12-17 12:00:00,Wednesday,12,0.087,1.266,0.000,0.344,0.089,0.000,1.786,
2025-12-17 13:00:00,Wednesday,13,0.092,1.324,0.000,0.000,0.064,0.000,1.480,
2025-12-17 14:00:00,Wednesday,14,0.095,1.194,0.000,0.000,0.141,0.000,1.430,
2025-12-17 15:00:00,Wednesday,15,0.078,1.004,0.000,0.000,0.061,0.000,1.143,
2025-12-17 16:00:00,Wednesday,16,0.079,1.074,0.040,0.000,0.100,0.000,1.293,
2025-12-17 17:00:00,Wednesday,17,0.082,1.172,0.127,0.361,0.092,0.000,1.834,
2025-12-17 18:00:00,Wednesday,18,0.084,1.175,0.131,0.000,0.200,0.000,1.590,
2025-12-17 19:00:00,Wednesday,19,0.095,1.180,0.068,0.000,0.149,0.712,2.204,zmywarka
2025-12-17 20:00:00,Wednesday,20,0.084,1.262,0.067,0.000,0.139,0.000,1.552,
2025-12-17 21:00:00,Wednesday,21,0.082,1.231,0.161,0.000,0.191,0.000,1.665,
2025-12-17 22:00:00,Wednesday,22,0.074,0.956,0.072,0.000,0.128,0.000,1.230,
2025-12-17 23:00:00,Wednesday,23,0.108,0.974,0.000,0.000,0.000,0.000,1.082,
2025-12-18 00:00:00,Thursday,0,0.087,0.830,0.000,0.000,0.000,0.000,0.917,
2025-12-18 01:00:00,Thursday,1,0.091,0.808,0.000,0.000,0.000,0.000,0.899,
2025-12-18 02:00:00,Thursday,2,0.085,0.892,0.000,0.000,0.000,0.000,0.977,
2025-12-18 03:00:00,Thursday,3,0.073,1.015,0.000,0.000,0.000,0.000,1.088,
2025-12-18 04:00:00,Thursday,4,0.088,0.891,0.000,0.000,0.000,0.000,0.979,
2025-12-18 05:00:00,Thursday,5,0.093,0.836,0.000,0.000,0.000,0.000,0.929,
2025-12-18 06:00:00,Thursday,6,0.082,1.152,0.064,0.257,0.000,0.000,1.555,
2025-12-18 07:00:00,Thursday,7,0.081,1.090,0.116,0.226,0.000,0.000,1.513,
2025-12-18 08:00:00,Thursday,8,0.091,0.931,0.085,0.176,0.000,0.000,1.283,
2025-12-18 09:00:00,Thursday,9,0.094,0.936,0.000,0.000,0.088,0.000,1.118,
2025-12-18 10:00:00,Thursday,10,0.072,1.091,0.000,0.000,0.064,0.000,1.227,
2025-12-18 11:00:00,Thursday,11,0.079,1.223,0.000,0.000,0.082,0.000,1.384,
2025-12-18 12:00:00,Thursday,12,0.067,1.082,0.000,0.412,0.062,0.000,1.623,
2025-12-18 13:00:00,Thursday,13,0.077,1.217,0.000,0.000,0.070,0.000,1.364,
2025-12-18 14:00:00,Thursday,14,0.075,1.001,0.000,0.000,0.049,0.000,1.125,
2025-12-18 15:00:00,Thursday,15,0.071,0.988,0.052,0.000,0.077,0.000,1.188,
2025-12-18 16:00:00,Thursday,16,0.085,0.980,0.102,0.000,0.067,0.000,1.234,
2025-12-18 17:00:00,Thursday,17,0.078,0.942,0.119,0.523,0.163,0.000,1.825,
2025-12-18 18:00:00,Thursday,18,0.067,1.047,0.128,0.000,0.160,0.000,1.402,
2025-12-18 19:00:00,Thursday,19,0.074,1.085,0.119,0.000,0.115,0.000,1.393,
2025-12-18 20:00:00,Thursday,20,0.091,0.958,0.110,0.000,0.203,0.000,1.362,
2025-12-18 21:00:00,Thursday,21,0.074,1.054,0.078,0.000,0.110,0.000,1.316,
2025-12-18 22:00:00,Thursday,22,0.069,1.023,0.049,0.000,0.113,0.000,1.254,
2025-12-18 23:00:00,Thursday,23,0.086,1.078,0.000,0.000,0.000,0.000,1.164,
2025-12-19 00:00:00,Friday,0,0.089,0.818,0.000,0.000,0.000,0.000,0.907,
2025-12-19 01:00:00,Friday,1,0.094,1.054,0.000,0.000,0.000,0.000,1.148,
2025-12-19 02:00:00,Friday,2,0.093,1.017,0.000,0.000,0.000,0.000,1.110,
2025-12-19 03:00:00,Friday,3,0.092,0.850,0.000,0.000,0.000,0.000,0.942,
2025-12-19 04:00:00,Friday,4,0.068,0.815,0.000,0.000,0.000,0.000,0.883,
2025-12-19 05:00:00,Friday,5,0.092,0.828,0.000,0.000,0.000,0.000,0.920,
2025-12-19 06:00:00,Friday,6,0.080,0.930,0.121,0.205,0.000,0.000,1.336,
2025-12-19 07:00:00,Friday,7,0.077,0.934,0.066,0.272,0.000,0.000,1.349,
2025-12-19 08:00:00,Friday,8,0.067,0.844,0.124,0.193,0.000,0.000,1.228,
2025-12-19 09:00:00,Friday,9,0.068,0.908,0.000,0.000,0.054,0.000,1.030,
2025-12-19 10:00:00,Friday,10,0.083,0.743,0.000,0.000,0.086,0.000,0.912,
2025-12-19 11:00:00,Friday,11,0.094,0.773,0.000,0.000,0.063,0.000,0.930,
2025-12-19 12:00:00,Friday,12,0.093,0.737,0.000,0.520,0.066,0.000,1.416,
2025-12-19 13:00:00,Friday,13,0.069,0.934,0.000,0.000,0.052,0.000,1.055,
2025-12-19 14:00:00,Friday,14,0.072,0.769,0.000,0.000,0.133,0.000,0.974,
2025-12-19 15:00:00,Friday,15,0.079,0.781,0.103,0.000,0.084,0.000,1.047,
2025-12-19 16:00:00,Friday,16,0.077,0.944,0.067,0.000,0.125,0.000,1.213,
2025-12-19 17:00:00,Friday,17,0.076,0.791,0.114,0.485,0.141,0.000,1.607,
2025-12-19 18:00:00,Friday,18,0.092,0.763,0.139,0.000,0.113,0.000,1.107,
2025-12-19 19:00:00,Friday,19,0.089,0.781,0.068,0.000,0.101,0.000,1.039,
2025-12-19 20:00:00,Friday,20,0.085,0.959,0.177,0.000,0.125,0.701,2.047,zmywarka
2025-12-19 21:00:00,Friday,21,0.092,0.839,0.163,0.000,0.094,0.000,1.188,
2025-12-19 22:00:00,Friday,22,0.076,0.788,0.078,0.000,0.142,0.000,1.084,
2025-12-19 23:00:00,Friday,23,0.094,0.906,0.000,0.000,0.000,0.000,1.000,
2025-12-20 00:00:00,Saturday,0,0.076,0.983,0.000,0.000,0.000,0.000,1.059,
2025-12-20 01:00:00,Saturday,1,0.072,1.142,0.000,0.000,0.000,0.000,1.214,
2025-12-20 02:00:00,Saturday,2,0.093,1.026,0.000,0.000,0.000,0.000,1.119,
2025-12-20 03:00:00,Saturday,3,0.091,1.082,0.000,0.000,0.000,0.000,1.173,
2025-12-20 04:00:00,Saturday,4,0.081,0.936,0.000,0.000,0.000,0.000,1.017,
2025-12-20 05:00:00,Saturday,5,0.077,1.067,0.000,0.000,0.000,0.000,1.144,
2025-12-20 06:00:00,Saturday,6,0.080,1.033,0.091,0.245,0.000,0.000,1.449,
2025-12-20 07:00:00,Saturday,7,0.070,1.032,0.088,0.278,0.000,0.000,1.468,
2025-12-20 08:00:00,Saturday,8,0.094,1.018,0.086,0.284,0.000,0.000,1.482,
2025-12-20 09:00:00,Saturday,9,0.088,1.089,0.000,0.000,0.081,0.000,1.258,
2025-12-20 10:00:00,Saturday,10,0.074,1.211,0.000,0.000,0.078,0.000,1.363,
2025-12-20 11:00:00,Saturday,11,0.075,0.940,0.000,0.000,0.079,0.000,1.094,
2025-12-20 12:00:00,Saturday,12,0.080,1.060,0.000,0.000,0.089,0.000,1.229,
2025-12-20 13:00:00,Saturday,13,0.077,1.110,0.000,0.267,0.091,0.583,2.128,zmywarka
2025-12-20 14:00:00,Saturday,14,0.068,0.959,0.000,0.000,0.057,0.000,1.084,
2025-12-20 15:00:00,Saturday,15,0.068,0.914,0.000,0.000,0.040,0.000,1.022,
2025-12-20 16:00:00,Saturday,16,0.080,1.186,0.101,0.000,0.119,0.000,1.486,
2025-12-20 17:00:00,Saturday,17,0.076,1.013,0.091,0.000,0.142,0.000,1.322,
2025-12-20 18:00:00,Saturday,18,0.090,1.099,0.095,0.675,0.143,0.000,2.102,
2025-12-20 19:00:00,Saturday,19,0.071,1.041,0.115,0.000,0.109,0.000,1.336,
2025-12-20 20:00:00,Saturday,20,0.075,1.251,0.098,0.000,0.160,0.000,1.584,
2025-12-20 21:00:00,Saturday,21,0.095,1.253,0.173,0.000,0.205,0.000,1.726,
2025-12-20 22:00:00,Saturday,22,0.078,1.135,0.053,0.000,0.185,0.000,1.451,
2025-12-20 23:00:00,Saturday,23,0.105,1.257,0.000,0.000,0.000,0.000,1.362,
2025-12-21 00:00:00,Sunday,0,0.098,1.296,0.000,0.000,0.000,0.000,1.394,
2025-12-21 01:00:00,Sunday,1,0.079,1.034,0.000,0.000,0.000,0.000,1.113,
2025-12-21 02:00:00,Sunday,2,0.100,1.370,0.000,0.000,0.000,0.000,1.470,
2025-12-21 03:00:00,Sunday,3,0.089,1.141,0.000,0.000,0.000,0.000,1.230,
2025-12-21 04:00:00,Sunday,4,0.104,1.169,0.000,0.000,0.000,0.000,1.273,
2025-12-21 05:00:00,Sunday,5,0.067,1.152,0.000,0.000,0.000,0.000,1.219,
2025-12-21 06:00:00,Sunday,6,0.083,1.430,0.103,0.281,0.000,0.000,1.897,
2025-12-21 07:00:00,Sunday,7,0.086,1.270,0.050,0.236,0.000,0.000,1.642,
2025-12-21 08:00:00,Sunday,8,0.076,1.206,0.078,0.197,0.000,0.000,1.557,
2025-12-21 09:00:00,Sunday,9,0.083,1.307,0.000,0.000,0.057,0.000,1.447,
2025-12-21 10:00:00,Sunday,10,0.093,1.556,0.000,0.000,0.132,0.000,1.781,
2025-12-21 11:00:00,Sunday,11,0.092,1.528,0.000,0.000,0.060,0.000,1.680,
2025-12-21 12:00:00,Sunday,12,0.091,1.496,0.000,0.000,0.054,0.000,1.641,
2025-12-21 13:00:00,Sunday,13,0.071,1.415,0.000,0.285,0.031,0.490,2.292,zmywarka
2025-12-21 14:00:00,Sunday,14,0.091,1.480,0.000,0.000,0.038,0.000,1.609,
2025-12-21 15:00:00,Sunday,15,0.079,1.527,0.071,0.000,0.079,0.000,1.756,
2025-12-21 16:00:00,Sunday,16,0.082,1.456,0.061,0.000,0.047,0.000,1.646,
2025-12-21 17:00:00,Sunday,17,0.075,1.292,0.072,0.554,0.118,0.000,2.111,
2025-12-21 18:00:00,Sunday,18,0.071,1.429,0.098,0.000,0.208,0.000,1.806,
2025-12-21 19:00:00,Sunday,19,0.095,1.459,0.076,0.000,0.100,0.000,1.730,
2025-12-21 20:00:00,Sunday,20,0.070,1.349,0.123,0.000,0.199,0.000,1.741,
2025-12-21 21:00:00,Sunday,21,0.082,1.157,0.147,0.000,0.190,0.000,1.576,
2025-12-21 22:00:00,Sunday,22,0.092,1.316,0.056,0.000,0.203,0.000,1.667,
2025-12-21 23:00:00,Sunday,23,0.082,1.320,0.000,0.000,0.000,0.000,1.402,
2025-12-22 00:00:00,Monday,0,0.074,1.331,0.000,0.000,0.000,0.000,1.405,
2025-12-22 01:00:00,Monday,1,0.068,1.079,0.000,0.000,0.000,0.000,1.147,
2025-12-22 02:00:00,Monday,2,0.093,0.994,0.000,0.000,0.000,0.000,1.087,
2025-12-22 03:00:00,Monday,3,0.077,1.114,0.000,0.000,0.000,0.000,1.191,
2025-12-22 04:00:00,Monday,4,0.079,1.190,0.000,0.000,0.000,0.000,1.269,
2025-12-22 05:00:00,Monday,5,0.079,1.002,0.000,0.000,0.000,0.000,1.081,
2025-12-22 06:00:00,Monday,6,0.086,1.270,0.052,0.212,0.000,0.000,1.620,
2025-12-22 07:00:00,Monday,7,0.085,1.409,0.104,0.203,0.000,0.000,1.801,
2025-12-22 08:00:00,Monday,8,0.068,1.419,0.090,0.137,0.000,0.000,1.714,
2025-12-22 09:00:00,Monday,9,0.078,1.374,0.000,0.000,0.137,0.000,1.589,praca zdalna
2025-12-22 10:00:00,Monday,10,0.076,1.297,0.000,0.000,0.187,0.000,1.560,praca zdalna
2025-12-22 11:00:00,Monday,11,0.089,1.244,0.000,0.000,0.155,0.000,1.488,praca zdalna
2025-12-22 12:00:00,Monday,12,0.093,1.400,0.000,0.301,0.137,0.000,1.931,praca zdalna
2025-12-22 13:00:00,Monday,13,0.068,1.169,0.000,0.000,0.173,0.000,1.410,praca zdalna
2025-12-22 14:00:00,Monday,14,0.094,1.414,0.000,0.000,0.185,0.000,1.693,praca zdalna
2025-12-22 15:00:00,Monday,15,0.073,1.100,0.061,0.000,0.242,0.000,1.476,praca zdalna
2025-12-22 16:00:00,Monday,16,0.083,1.110,0.038,0.000,0.227,0.000,1.458,praca zdalna
2025-12-22 17:00:00,Monday,17,0.094,1.356,0.068,0.000,0.105,0.000,1.623,
2025-12-22 18:00:00,Monday,18,0.074,1.342,0.109,0.422,0.152,0.000,2.099,
2025-12-22 19:00:00,Monday,19,0.077,1.424,0.137,0.000,0.101,0.000,1.739,
2025-12-22 20:00:00,Monday,20,0.067,1.414,0.114,0.000,0.145,0.606,2.346,zmywarka
2025-12-22 21:00:00,Monday,21,0.068,1.213,0.134,0.000,0.128,0.000,1.543,
2025-12-22 22:00:00,Monday,22,0.076,1.353,0.075,0.000,0.173,0.000,1.677,
2025-12-22 23:00:00,Monday,23,0.077,1.121,0.000,0.000,0.000,0.000,1.198,
2025-12-23 00:00:00,Tuesday,0,0.101,1.200,0.000,0.000,0.000,0.000,1.301,
2025-12-23 01:00:00,Tuesday,1,0.077,1.212,0.000,0.000,0.000,0.000,1.289,
2025-12-23 02:00:00,Tuesday,2,0.070,1.345,0.000,0.000,0.000,0.000,1.415,
2025-12-23 03:00:00,Tuesday,3,0.085,1.276,0.000,0.000,0.000,0.000,1.361,
2025-12-23 04:00:00,Tuesday,4,0.085,1.428,0.000,0.000,0.000,0.000,1.513,
2025-12-23 05:00:00,Tuesday,5,0.083,1.503,0.000,0.000,0.000,0.000,1.586,
2025-12-23 06:00:00,Tuesday,6,0.080,1.783,0.064,0.235,0.000,0.000,2.162,
2025-12-23 07:00:00,Tuesday,7,0.092,1.737,0.105,0.332,0.000,0.000,2.266,
2025-12-23 08:00:00,Tuesday,8,0.082,1.668,0.053,0.192,0.000,0.000,1.995,
2025-12-23 09:00:00,Tuesday,9,0.071,1.522,0.000,0.000,0.065,0.000,1.658,
2025-12-23 10:00:00,Tuesday,10,0.070,1.778,0.000,0.000,0.081,0.000,1.929,
2025-12-23 11:00:00,Tuesday,11,0.092,1.507,0.000,0.000,0.088,0.000,1.687,
2025-12-23 12:00:00,Tuesday,12,0.092,1.690,0.000,0.000,0.071,0.000,1.853,
2025-12-23 13:00:00,Tuesday,13,0.079,1.688,0.000,0.388,0.050,0.000,2.205,
2025-12-23 14:00:00,Tuesday,14,0.073,1.519,0.000,0.000,0.127,0.000,1.719,
2025-12-23 15:00:00,Tuesday,15,0.079,1.369,0.000,0.000,0.145,0.000,1.593,
2025-12-23 16:00:00,Tuesday,16,0.088,1.343,0.051,0.000,0.079,0.000,1.561,
2025-12-23 17:00:00,Tuesday,17,0.072,1.501,0.141,0.397,0.170,0.000,2.281,
2025-12-23 18:00:00,Tuesday,18,0.094,1.589,0.116,0.000,0.187,0.000,1.986,
2025-12-23 19:00:00,Tuesday,19,0.095,1.490,0.124,0.000,0.143,0.000,1.852,
2025-12-23 20:00:00,Tuesday,20,0.088,1.562,0.080,0.000,0.103,0.594,2.427,zmywarka
2025-12-23 21:00:00,Tuesday,21,0.088,1.838,0.109,0.000,0.165,0.000,2.200,
2025-12-23 22:00:00,Tuesday,22,0.076,1.715,0.058,0.000,0.092,0.000,1.941,
2025-12-23 23:00:00,Tuesday,23,0.082,1.702,0.000,0.000,0.000,0.000,1.784,
2025-12-24 00:00:00,Wednesday,0,0.067,1.954,0.000,0.000,0.000,0.000,2.021,
2025-12-24 01:00:00,Wednesday,1,0.089,1.792,0.000,0.000,0.000,0.000,1.881,
2025-12-24 02:00:00,Wednesday,2,0.068,1.801,0.000,0.000,0.000,0.000,1.869,
2025-12-24 03:00:00,Wednesday,3,0.089,1.727,0.000,0.000,0.000,0.000,1.816,
2025-12-24 04:00:00,Wednesday,4,0.071,1.673,0.000,0.000,0.000,0.000,1.744,
2025-12-24 05:00:00,Wednesday,5,0.107,1.930,0.000,0.000,0.000,0.000,2.037,
2025-12-24 06:00:00,Wednesday,6,0.081,1.691,0.095,0.337,0.000,0.000,2.204,
2025-12-24 07:00:00,Wednesday,7,0.078,2.304,0.081,0.258,0.000,0.000,2.721,
2025-12-24 08:00:00,Wednesday,8,0.083,2.183,0.058,0.334,0.000,0.000,2.658,
2025-12-24 09:00:00,Wednesday,9,0.095,1.991,0.000,0.000,0.065,0.000,2.151,
2025-12-24 10:00:00,Wednesday,10,0.088,2.056,0.000,0.000,0.069,0.000,2.213,
2025-12-24 11:00:00,Wednesday,11,0.082,2.065,0.000,0.000,0.058,0.000,2.205,
2025-12-24 12:00:00,Wednesday,12,0.088,2.216,0.000,0.000,0.069,0.000,2.373,
2025-12-24 13:00:00,Wednesday,13,0.091,2.125,0.000,0.327,0.058,0.000,2.601,
2025-12-24 14:00:00,Wednesday,14,0.076,1.835,0.000,0.000,0.115,0.000,2.026,
2025-12-24 15:00:00,Wednesday,15,0.083,1.984,0.000,0.000,0.052,0.000,2.119,
2025-12-24 16:00:00,Wednesday,16,0.075,1.943,0.066,0.000,0.146,0.000,2.230,
2025-12-24 17:00:00,Wednesday,17,0.071,2.061,0.173,0.514,0.157,0.000,2.976,
2025-12-24 18:00:00,Wednesday,18,0.083,2.171,0.133,0.000,0.169,0.000,2.556,
2025-12-24 19:00:00,Wednesday,19,0.068,1.895,0.101,0.000,0.185,0.000,2.249,
2025-12-24 20:00:00,Wednesday,20,0.092,2.040,0.151,0.000,0.178,0.000,2.461,
2025-12-24 21:00:00,Wednesday,21,0.076,1.919,0.173,0.000,0.110,0.000,2.278,
2025-12-24 22:00:00,Wednesday,22,0.075,1.974,0.034,0.000,0.127,0.000,2.210,
2025-12-24 23:00:00,Wednesday,23,0.085,2.165,0.000,0.000,0.000,0.000,2.250,
2025-12-25 00:00:00,Thursday,0,0.077,1.670,0.000,0.000,0.000,0.000,1.747,
2025-12-25 01:00:00,Thursday,1,0.095,2.146,0.000,0.000,0.000,0.000,2.241,
2025-12-25 02:00:00,Thursday,2,0.090,2.022,0.000,0.000,0.000,0.000,2.112,
2025-12-25 03:00:00,Thursday,3,0.091,2.074,0.000,0.000,0.000,0.000,2.165,
2025-12-25 04:00:00,Thursday,4,0.072,1.994,0.000,0.000,0.000,0.000,2.066,
2025-12-25 05:00:00,Thursday,5,0.078,2.059,0.000,0.000,0.000,0.000,2.137,
2025-12-25 06:00:00,Thursday,6,0.081,1.799,0.083,0.177,0.000,0.000,2.140,
2025-12-25 07:00:00,Thursday,7,0.094,2.360,0.062,0.104,0.000,0.000,2.620,
2025-12-25 08:00:00,Thursday,8,0.083,2.036,0.110,0.180,0.000,0.000,2.409,
2025-12-25 09:00:00,Thursday,9,0.076,2.120,0.000,0.000,0.085,0.000,2.281,
2025-12-25 10:00:00,Thursday,10,0.070,2.094,0.000,0.000,0.062,0.000,2.226,
2025-12-25 11:00:00,Thursday,11,0.072,2.382,0.000,0.000,0.068,0.000,2.522,
2025-12-25 12:00:00,Thursday,12,0.077,1.885,0.000,0.000,0.062,0.000,2.024,
2025-12-25 13:00:00,Thursday,13,0.082,2.069,0.000,0.320,0.086,0.000,2.557,
2025-12-25 14:00:00,Thursday,14,0.074,2.305,0.000,0.000,0.121,0.000,2.500,
2025-12-25 15:00:00,Thursday,15,0.071,1.926,0.067,0.000,0.149,0.000,2.213,
2025-12-25 16:00:00,Thursday,16,0.077,1.792,0.095,0.000,0.116,0.000,2.080,
2025-12-25 17:00:00,Thursday,17,0.081,1.871,0.116,0.000,0.153,0.000,2.221,
2025-12-25 18:00:00,Thursday,18,0.070,2.257,0.160,0.370,0.186,0.000,3.043,
2025-12-25 19:00:00,Thursday,19,0.093,2.290,0.151,0.000,0.101,0.549,3.184,zmywarka
2025-12-25 20:00:00,Thursday,20,0.079,2.131,0.143,0.000,0.172,0.000,2.525,
2025-12-25 21:00:00,Thursday,21,0.082,1.816,0.098,0.000,0.182,0.000,2.178,
2025-12-25 22:00:00,Thursday,22,0.091,1.973,0.085,0.000,0.163,0.000,2.312,
2025-12-25 23:00:00,Thursday,23,0.100,2.075,0.000,0.000,0.000,0.000,2.175,
2025-12-26 00:00:00,Friday,0,0.151,1.478,0.000,0.000,0.000,0.000,1.629,tryb opieki nad psem; wyjazd / nieobecność
2025-12-26 01:00:00,Friday,1,0.118,1.914,0.000,0.000,0.000,0.000,2.032,tryb opieki nad psem; wyjazd / nieobecność
2025-12-26 02:00:00,Friday,2,0.117,1.622,0.000,0.000,0.000,0.000,1.739,tryb opieki nad psem; wyjazd / nieobecność
2025-12-26 03:00:00,Friday,3,0.141,1.633,0.000,0.000,0.000,0.000,1.774,tryb opieki nad psem; wyjazd / nieobecność
2025-12-26 04:00:00,Friday,4,0.121,1.336,0.000,0.000,0.000,0.000,1.457,tryb opieki nad psem; wyjazd / nieobecność
2025-12-26 05:00:00,Friday,5,0.128,1.393,0.000,0.000,0.000,0.000,1.521,tryb opieki nad psem; wyjazd / nieobecność
2025-12-26 06:00:00,Friday,6,0.115,1.487,0.000,0.000,0.000,0.000,1.602,tryb opieki nad psem; wyjazd / nieobecność
2025-12-26 07:00:00,Friday,7,0.142,1.397,0.000,0.000,0.000,0.000,1.539,tryb opieki nad psem; wyjazd / nieobecność
2025-12-26 08:00:00,Friday,8,0.125,1.033,0.000,0.000,0.000,0.000,1.158,tryb opieki nad psem; wyjazd / nieobecność
2025-12-26 09:00:00,Friday,9,0.133,1.117,0.000,0.000,0.000,0.000,1.250,tryb opieki nad psem; wyjazd / nieobecność
2025-12-26 10:00:00,Friday,10,0.145,1.230,0.000,0.000,0.000,0.000,1.375,tryb opieki nad psem; wyjazd / nieobecność
2025-12-26 11:00:00,Friday,11,0.127,1.052,0.000,0.000,0.000,0.000,1.179,tryb opieki nad psem; wyjazd / nieobecność
2025-12-26 12:00:00,Friday,12,0.142,0.983,0.000,0.000,0.000,0.000,1.125,tryb opieki nad psem; wyjazd / nieobecność
2025-12-26 13:00:00,Friday,13,0.122,1.101,0.000,0.000,0.000,0.000,1.223,tryb opieki nad psem; wyjazd / nieobecność
2025-12-26 14:00:00,Friday,14,0.125,0.931,0.000,0.000,0.000,0.000,1.056,tryb opieki nad psem; wyjazd / nieobecność
2025-12-26 15:00:00,Friday,15,0.145,1.120,0.000,0.000,0.000,0.000,1.265,tryb opieki nad psem; wyjazd / nieobecność
2025-12-26 16:00:00,Friday,16,0.131,1.045,0.000,0.000,0.000,0.000,1.176,tryb opieki nad psem; wyjazd / nieobecność
2025-12-26 17:00:00,Friday,17,0.124,0.910,0.000,0.000,0.000,0.000,1.034,tryb opieki nad psem; wyjazd / nieobecność
2025-12-26 18:00:00,Friday,18,0.134,0.928,0.000,0.000,0.000,0.000,1.062,tryb opieki nad psem; wyjazd / nieobecność
2025-12-26 19:00:00,Friday,19,0.127,0.988,0.000,0.000,0.000,0.000,1.115,tryb opieki nad psem; wyjazd / nieobecność
2025-12-26 20:00:00,Friday,20,0.106,0.926,0.000,0.000,0.000,0.000,1.032,tryb opieki nad psem; wyjazd / nieobecność
2025-12-26 21:00:00,Friday,21,0.113,1.160,0.000,0.000,0.000,0.000,1.273,tryb opieki nad psem; wyjazd / nieobecność
2025-12-26 22:00:00,Friday,22,0.140,1.069,0.000,0.000,0.000,0.000,1.209,tryb opieki nad psem; wyjazd / nieobecność
2025-12-26 23:00:00,Friday,23,0.113,1.012,0.000,0.000,0.000,0.000,1.125,tryb opieki nad psem; wyjazd / nieobecność
2025-12-27 00:00:00,Saturday,0,0.094,1.172,0.000,0.000,0.000,0.000,1.266,
2025-12-27 01:00:00,Saturday,1,0.095,1.388,0.000,0.000,0.000,0.000,1.483,
2025-12-27 02:00:00,Saturday,2,0.080,1.202,0.000,0.000,0.000,0.000,1.282,
2025-12-27 03:00:00,Saturday,3,0.086,1.465,0.000,0.000,0.000,0.000,1.551,
2025-12-27 04:00:00,Saturday,4,0.102,1.218,0.000,0.000,0.000,0.000,1.320,
2025-12-27 05:00:00,Saturday,5,0.092,1.168,0.000,0.000,0.000,0.000,1.260,
2025-12-27 06:00:00,Saturday,6,0.081,1.465,0.059,0.287,0.000,0.000,1.892,
2025-12-27 07:00:00,Saturday,7,0.070,1.462,0.110,0.199,0.000,0.000,1.841,
2025-12-27 08:00:00,Saturday,8,0.071,1.532,0.109,0.310,0.000,0.000,2.022,
2025-12-27 09:00:00,Saturday,9,0.076,1.305,0.000,0.000,0.144,0.000,1.525,
2025-12-27 10:00:00,Saturday,10,0.068,1.269,0.000,0.000,0.058,0.000,1.395,
2025-12-27 11:00:00,Saturday,11,0.088,1.289,0.000,0.000,0.127,0.000,1.504,
2025-12-27 12:00:00,Saturday,12,0.093,1.290,0.000,0.000,0.063,0.000,1.446,
2025-12-27 13:00:00,Saturday,13,0.088,1.027,0.000,0.205,0.090,0.000,1.410,
2025-12-27 14:00:00,Saturday,14,0.073,0.982,0.000,0.000,0.078,0.543,1.676,zmywarka
2025-12-27 15:00:00,Saturday,15,0.076,0.940,0.000,0.000,0.114,0.000,1.130,
2025-12-27 16:00:00,Saturday,16,0.066,1.060,0.076,0.000,0.115,0.000,1.317,
2025-12-27 17:00:00,Saturday,17,0.094,1.272,0.135,0.929,0.193,0.000,2.623,goście
2025-12-27 18:00:00,Saturday,18,0.077,1.103,0.089,0.000,0.134,0.000,1.403,goście
2025-12-27 19:00:00,Saturday,19,0.082,1.268,0.077,0.000,0.106,0.000,1.533,goście
2025-12-27 20:00:00,Saturday,20,0.080,1.520,0.077,0.000,0.138,0.000,1.815,goście
2025-12-27 21:00:00,Saturday,21,0.085,1.480,0.118,0.000,0.095,0.000,1.778,goście
2025-12-27 22:00:00,Saturday,22,0.091,1.398,0.053,0.000,0.204,0.000,1.746,
2025-12-27 23:00:00,Saturday,23,0.079,1.346,0.000,0.000,0.000,0.000,1.425,
2025-12-28 00:00:00,Sunday,0,0.085,1.163,0.000,0.000,0.000,0.000,1.248,
2025-12-28 01:00:00,Sunday,1,0.104,1.267,0.000,0.000,0.000,0.000,1.371,
2025-12-28 02:00:00,Sunday,2,0.094,1.307,0.000,0.000,0.000,0.000,1.401,
2025-12-28 03:00:00,Sunday,3,0.067,1.182,0.000,0.000,0.000,0.000,1.249,
2025-12-28 04:00:00,Sunday,4,0.109,1.452,0.000,0.000,0.000,0.000,1.561,
2025-12-28 05:00:00,Sunday,5,0.083,1.356,0.000,0.000,0.000,0.000,1.439,
2025-12-28 06:00:00,Sunday,6,0.092,1.719,0.101,0.328,0.000,0.000,2.240,
2025-12-28 07:00:00,Sunday,7,0.077,1.494,0.112,0.273,0.000,0.000,1.956,
2025-12-28 08:00:00,Sunday,8,0.084,1.938,0.106,0.349,0.000,0.000,2.477,
2025-12-28 09:00:00,Sunday,9,0.089,1.823,0.000,0.000,0.067,0.000,1.979,
2025-12-28 10:00:00,Sunday,10,0.082,1.666,0.000,0.000,0.034,0.000,1.782,
2025-12-28 11:00:00,Sunday,11,0.084,2.078,0.000,0.000,0.071,0.575,2.808,pralka
2025-12-28 12:00:00,Sunday,12,0.082,1.608,0.000,0.553,0.045,1.496,3.784,suszarka
2025-12-28 13:00:00,Sunday,13,0.087,1.629,0.000,0.000,0.087,0.576,2.379,zmywarka
2025-12-28 14:00:00,Sunday,14,0.080,1.414,0.000,0.000,0.100,0.000,1.594,
2025-12-28 15:00:00,Sunday,15,0.095,1.357,0.000,0.000,0.045,0.000,1.497,
2025-12-28 16:00:00,Sunday,16,0.089,1.369,0.093,0.000,0.072,0.000,1.623,
2025-12-28 17:00:00,Sunday,17,0.083,1.359,0.164,0.000,0.114,0.000,1.720,
2025-12-28 18:00:00,Sunday,18,0.071,1.327,0.169,0.557,0.100,0.000,2.224,
2025-12-28 19:00:00,Sunday,19,0.082,1.333,0.126,0.000,0.187,0.000,1.728,
2025-12-28 20:00:00,Sunday,20,0.071,1.459,0.178,0.000,0.150,0.000,1.858,
2025-12-28 21:00:00,Sunday,21,0.086,1.502,0.122,0.000,0.155,0.000,1.865,
2025-12-28 22:00:00,Sunday,22,0.079,1.438,0.089,0.000,0.151,0.000,1.757,
2025-12-28 23:00:00,Sunday,23,0.079,1.471,0.000,0.000,0.000,0.000,1.550,
2025-12-29 00:00:00,Monday,0,0.082,1.353,0.000,0.000,0.000,0.000,1.435,
2025-12-29 01:00:00,Monday,1,0.069,1.589,0.000,0.000,0.000,0.000,1.658,
2025-12-29 02:00:00,Monday,2,0.067,1.600,0.000,0.000,0.000,0.000,1.667,
2025-12-29 03:00:00,Monday,3,0.081,1.440,0.000,0.000,0.000,0.000,1.521,
2025-12-29 04:00:00,Monday,4,0.091,1.265,0.000,0.000,0.000,0.000,1.356,
2025-12-29 05:00:00,Monday,5,0.082,1.201,0.000,0.000,0.000,0.000,1.283,
2025-12-29 06:00:00,Monday,6,0.077,1.605,0.097,0.171,0.000,0.000,1.950,
2025-12-29 07:00:00,Monday,7,0.082,1.826,0.104,0.182,0.000,0.000,2.194,
2025-12-29 08:00:00,Monday,8,0.072,1.721,0.074,0.185,0.000,0.000,2.052,
2025-12-29 09:00:00,Monday,9,0.083,1.604,0.000,0.000,0.067,0.000,1.754,
2025-12-29 10:00:00,Monday,10,0.073,1.536,0.000,0.000,0.056,0.000,1.665,
2025-12-29 11:00:00,Monday,11,0.073,1.806,0.000,0.000,0.080,0.000,1.959,
2025-12-29 12:00:00,Monday,12,0.087,1.400,0.000,0.402,0.088,0.000,1.977,
2025-12-29 13:00:00,Monday,13,0.079,1.446,0.000,0.000,0.065,0.000,1.590,
2025-12-29 14:00:00,Monday,14,0.080,1.436,0.000,0.000,0.074,0.000,1.590,
2025-12-29 15:00:00,Monday,15,0.085,1.399,0.101,0.000,0.115,0.000,1.700,
2025-12-29 16:00:00,Monday,16,0.087,1.412,0.049,0.000,0.125,0.000,1.673,
2025-12-29 17:00:00,Monday,17,0.086,1.768,0.149,0.000,0.160,0.000,2.163,
2025-12-29 18:00:00,Monday,18,0.072,1.752,0.129,0.719,0.180,0.000,2.852,
2025-12-29 19:00:00,Monday,19,0.096,1.701,0.070,0.000,0.099,0.671,2.637,zmywarka
2025-12-29 20:00:00,Monday,20,0.068,1.636,0.159,0.000,0.092,0.000,1.955,
2025-12-29 21:00:00,Monday,21,0.088,1.868,0.152,0.000,0.195,0.000,2.303,
2025-12-29 22:00:00,Monday,22,0.091,1.824,0.079,0.000,0.103,0.000,2.097,
2025-12-29 23:00:00,Monday,23,0.067,1.498,0.000,0.000,0.000,0.000,1.565,
2025-12-30 00:00:00,Tuesday,0,0.071,1.501,0.000,0.000,0.000,0.000,1.572,
2025-12-30 01:00:00,Tuesday,1,0.083,1.552,0.000,0.000,0.000,0.000,1.635,
2025-12-30 02:00:00,Tuesday,2,0.085,1.820,0.000,0.000,0.000,0.000,1.905,
2025-12-30 03:00:00,Tuesday,3,0.095,1.775,0.000,0.000,0.000,0.000,1.870,
2025-12-30 04:00:00,Tuesday,4,0.080,1.727,0.000,0.000,0.000,0.000,1.807,
2025-12-30 05:00:00,Tuesday,5,0.067,1.475,0.000,0.000,0.000,0.000,1.542,
2025-12-30 06:00:00,Tuesday,6,0.073,1.728,0.088,0.239,0.000,0.000,2.128,
2025-12-30 07:00:00,Tuesday,7,0.073,1.595,0.073,0.302,0.000,0.000,2.043,
2025-12-30 08:00:00,Tuesday,8,0.070,2.071,0.121,0.151,0.000,0.000,2.413,
2025-12-30 09:00:00,Tuesday,9,0.075,2.090,0.000,0.000,0.084,0.000,2.249,
2025-12-30 10:00:00,Tuesday,10,0.071,2.099,0.000,0.000,0.056,0.000,2.226,
2025-12-30 11:00:00,Tuesday,11,0.089,2.059,0.000,0.000,0.089,0.000,2.237,
2025-12-30 12:00:00,Tuesday,12,0.095,1.719,0.000,0.524,0.087,0.598,3.023,pralka
2025-12-30 13:00:00,Tuesday,13,0.087,1.697,0.000,0.000,0.088,0.000,1.872,
2025-12-30 14:00:00,Tuesday,14,0.079,1.584,0.000,0.000,0.096,0.000,1.759,
2025-12-30 15:00:00,Tuesday,15,0.087,1.876,0.000,0.000,0.111,0.000,2.074,
2025-12-30 16:00:00,Tuesday,16,0.070,1.892,0.084,0.000,0.099,0.000,2.145,
2025-12-30 17:00:00,Tuesday,17,0.081,2.221,0.111,0.529,0.149,0.000,3.091,
2025-12-30 18:00:00,Tuesday,18,0.095,2.061,0.173,0.000,0.175,0.000,2.504,
2025-12-30 19:00:00,Tuesday,19,0.086,2.196,0.158,0.000,0.098,0.575,3.113,zmywarka
2025-12-30 20:00:00,Tuesday,20,0.083,1.824,0.176,0.000,0.093,0.000,2.176,
2025-12-30 21:00:00,Tuesday,21,0.086,1.915,0.094,0.000,0.176,0.000,2.271,
2025-12-30 22:00:00,Tuesday,22,0.090,1.703,0.077,0.000,0.164,0.000,2.034,
2025-12-30 23:00:00,Tuesday,23,0.083,2.115,0.000,0.000,0.000,0.000,2.198,
2025-12-31 00:00:00,Wednesday,0,0.136,1.463,0.000,0.000,0.000,0.000,1.599,tryb opieki nad psem; wyjazd / nieobecność
2025-12-31 01:00:00,Wednesday,1,0.110,1.666,0.000,0.000,0.000,0.000,1.776,tryb opieki nad psem; wyjazd / nieobecność
2025-12-31 02:00:00,Wednesday,2,0.115,1.588,0.000,0.000,0.000,0.000,1.703,tryb opieki nad psem; wyjazd / nieobecność
2025-12-31 03:00:00,Wednesday,3,0.136,1.637,0.000,0.000,0.000,0.000,1.773,tryb opieki nad psem; wyjazd / nieobecność
2025-12-31 04:00:00,Wednesday,4,0.112,1.476,0.000,0.000,0.000,0.000,1.588,tryb opieki nad psem; wyjazd / nieobecność
2025-12-31 05:00:00,Wednesday,5,0.109,1.559,0.000,0.000,0.000,0.000,1.668,tryb opieki nad psem; wyjazd / nieobecność
2025-12-31 06:00:00,Wednesday,6,0.127,1.322,0.000,0.000,0.000,0.000,1.449,tryb opieki nad psem; wyjazd / nieobecność
2025-12-31 07:00:00,Wednesday,7,0.139,1.437,0.000,0.000,0.000,0.000,1.576,tryb opieki nad psem; wyjazd / nieobecność
2025-12-31 08:00:00,Wednesday,8,0.137,1.313,0.000,0.000,0.000,0.000,1.450,tryb opieki nad psem; wyjazd / nieobecność
2025-12-31 09:00:00,Wednesday,9,0.130,1.618,0.000,0.000,0.000,0.000,1.748,tryb opieki nad psem; wyjazd / nieobecność
2025-12-31 10:00:00,Wednesday,10,0.119,1.277,0.000,0.000,0.000,0.000,1.396,tryb opieki nad psem; wyjazd / nieobecność
2025-12-31 11:00:00,Wednesday,11,0.118,1.495,0.000,0.000,0.000,0.000,1.613,tryb opieki nad psem; wyjazd / nieobecność
2025-12-31 12:00:00,Wednesday,12,0.129,1.474,0.000,0.000,0.000,0.000,1.603,tryb opieki nad psem; wyjazd / nieobecność
2025-12-31 13:00:00,Wednesday,13,0.124,1.430,0.000,0.000,0.000,0.000,1.554,tryb opieki nad psem; wyjazd / nieobecność
2025-12-31 14:00:00,Wednesday,14,0.136,1.342,0.000,0.000,0.000,0.000,1.478,tryb opieki nad psem; wyjazd / nieobecność
2025-12-31 15:00:00,Wednesday,15,0.148,1.064,0.000,0.000,0.000,0.000,1.212,tryb opieki nad psem; wyjazd / nieobecność
2025-12-31 16:00:00,Wednesday,16,0.124,1.088,0.000,0.000,0.000,0.000,1.212,tryb opieki nad psem; wyjazd / nieobecność
2025-12-31 17:00:00,Wednesday,17,0.130,1.535,0.000,0.000,0.000,0.000,1.665,tryb opieki nad psem; wyjazd / nieobecność
2025-12-31 18:00:00,Wednesday,18,0.138,1.336,0.000,0.000,0.000,0.000,1.474,tryb opieki nad psem; wyjazd / nieobecność
2025-12-31 19:00:00,Wednesday,19,0.122,1.744,0.000,0.000,0.000,0.000,1.866,tryb opieki nad psem; wyjazd / nieobecność
2025-12-31 20:00:00,Wednesday,20,0.146,1.761,0.000,0.000,0.000,0.000,1.907,tryb opieki nad psem; wyjazd / nieobecność
2025-12-31 21:00:00,Wednesday,21,0.127,1.493,0.000,0.000,0.000,0.000,1.620,tryb opieki nad psem; wyjazd / nieobecność
2025-12-31 22:00:00,Wednesday,22,0.139,1.568,0.000,0.000,0.000,0.000,1.707,tryb opieki nad psem; wyjazd / nieobecność
2025-12-31 23:00:00,Wednesday,23,0.131,1.302,0.000,0.000,0.000,0.000,1.433,tryb opieki nad psem; wyjazd / nieobecność
2026-01-01 00:00:00,Thursday,0,0.077,1.757,0.000,0.000,0.000,0.000,1.834,
2026-01-01 01:00:00,Thursday,1,0.102,1.347,0.000,0.000,0.000,0.000,1.449,
2026-01-01 02:00:00,Thursday,2,0.086,1.430,0.000,0.000,0.000,0.000,1.516,
2026-01-01 03:00:00,Thursday,3,0.100,1.137,0.000,0.000,0.000,0.000,1.237,
2026-01-01 04:00:00,Thursday,4,0.067,1.196,0.000,0.000,0.000,0.000,1.263,
2026-01-01 05:00:00,Thursday,5,0.079,1.199,0.000,0.000,0.000,0.000,1.278,
2026-01-01 06:00:00,Thursday,6,0.077,1.359,0.050,0.294,0.000,0.000,1.780,
2026-01-01 07:00:00,Thursday,7,0.077,1.455,0.096,0.220,0.000,0.000,1.848,
2026-01-01 08:00:00,Thursday,8,0.074,1.584,0.103,0.199,0.000,0.000,1.960,
2026-01-01 09:00:00,Thursday,9,0.071,1.558,0.000,0.000,0.173,0.000,1.802,praca zdalna
2026-01-01 10:00:00,Thursday,10,0.071,1.236,0.000,0.000,0.152,0.000,1.459,praca zdalna
2026-01-01 11:00:00,Thursday,11,0.085,1.392,0.000,0.000,0.123,0.000,1.600,praca zdalna
2026-01-01 12:00:00,Thursday,12,0.066,1.587,0.000,0.000,0.109,0.000,1.762,praca zdalna
2026-01-01 13:00:00,Thursday,13,0.077,1.302,0.000,0.320,0.146,0.000,1.845,praca zdalna
2026-01-01 14:00:00,Thursday,14,0.073,1.437,0.000,0.000,0.195,0.000,1.705,praca zdalna
2026-01-01 15:00:00,Thursday,15,0.079,1.666,0.000,0.000,0.136,0.000,1.881,praca zdalna
2026-01-01 16:00:00,Thursday,16,0.086,1.311,0.088,0.000,0.252,0.000,1.737,praca zdalna
2026-01-01 17:00:00,Thursday,17,0.086,1.691,0.112,0.382,0.148,0.000,2.419,
2026-01-01 18:00:00,Thursday,18,0.083,1.393,0.146,0.000,0.127,0.000,1.749,
2026-01-01 19:00:00,Thursday,19,0.075,1.666,0.088,0.000,0.139,0.642,2.610,zmywarka
2026-01-01 20:00:00,Thursday,20,0.073,1.515,0.151,0.000,0.178,0.000,1.917,
2026-01-01 21:00:00,Thursday,21,0.092,1.476,0.167,0.000,0.158,0.000,1.893,
2026-01-01 22:00:00,Thursday,22,0.072,1.532,0.058,0.000,0.205,0.000,1.867,
2026-01-01 23:00:00,Thursday,23,0.080,1.325,0.000,0.000,0.000,0.000,1.405,
2026-01-02 00:00:00,Friday,0,0.079,1.631,0.000,0.000,0.000,0.000,1.710,
2026-01-02 01:00:00,Friday,1,0.083,1.568,0.000,0.000,0.000,0.000,1.651,
2026-01-02 02:00:00,Friday,2,0.083,1.379,0.000,0.000,0.000,0.000,1.462,
2026-01-02 03:00:00,Friday,3,0.101,1.772,0.000,0.000,0.000,0.000,1.873,
2026-01-02 04:00:00,Friday,4,0.085,1.589,0.000,0.000,0.000,0.000,1.674,
2026-01-02 05:00:00,Friday,5,0.068,1.790,0.000,0.000,0.000,0.000,1.858,
2026-01-02 06:00:00,Friday,6,0.074,1.652,0.118,0.208,0.000,0.000,2.052,
2026-01-02 07:00:00,Friday,7,0.089,1.931,0.067,0.247,0.000,0.000,2.334,
2026-01-02 08:00:00,Friday,8,0.082,1.687,0.047,0.248,0.000,0.000,2.064,
2026-01-02 09:00:00,Friday,9,0.094,1.479,0.000,0.000,0.059,0.000,1.632,
2026-01-02 10:00:00,Friday,10,0.079,1.486,0.000,0.000,0.086,0.000,1.651,
2026-01-02 11:00:00,Friday,11,0.092,1.841,0.000,0.000,0.082,0.000,2.015,
2026-01-02 12:00:00,Friday,12,0.081,1.799,0.000,0.000,0.079,0.000,1.959,
2026-01-02 13:00:00,Friday,13,0.074,1.910,0.000,0.508,0.053,0.000,2.545,
2026-01-02 14:00:00,Friday,14,0.076,1.964,0.000,0.000,0.067,0.000,2.107,
2026-01-02 15:00:00,Friday,15,0.091,1.708,0.000,0.000,0.122,0.000,1.921,
2026-01-02 16:00:00,Friday,16,0.092,1.729,0.052,0.000,0.070,0.000,1.943,
2026-01-02 17:00:00,Friday,17,0.074,1.850,0.118,0.542,0.198,0.000,2.782,
2026-01-02 18:00:00,Friday,18,0.091,2.171,0.158,0.000,0.109,0.000,2.529,
2026-01-02 19:00:00,Friday,19,0.079,2.208,0.131,0.000,0.117,0.000,2.535,
2026-01-02 20:00:00,Friday,20,0.068,1.815,0.179,0.000,0.161,0.590,2.813,zmywarka
2026-01-02 21:00:00,Friday,21,0.083,1.939,0.106,0.000,0.175,0.000,2.303,
2026-01-02 22:00:00,Friday,22,0.071,1.946,0.073,0.000,0.149,0.000,2.239,
2026-01-02 23:00:00,Friday,23,0.089,1.760,0.000,0.000,0.000,0.000,1.849,
2026-01-03 00:00:00,Saturday,0,0.085,1.843,0.000,0.000,0.000,0.000,1.928,
2026-01-03 01:00:00,Saturday,1,0.083,2.126,0.000,0.000,0.000,0.000,2.209,
2026-01-03 02:00:00,Saturday,2,0.070,1.716,0.000,0.000,0.000,0.000,1.786,
2026-01-03 03:00:00,Saturday,3,0.079,1.979,0.000,0.000,0.000,0.000,2.058,
2026-01-03 04:00:00,Saturday,4,0.094,1.697,0.000,0.000,0.000,0.000,1.791,
2026-01-03 05:00:00,Saturday,5,0.092,1.981,0.000,0.000,0.000,0.000,2.073,
2026-01-03 06:00:00,Saturday,6,0.090,2.298,0.100,0.182,0.000,0.000,2.670,
2026-01-03 07:00:00,Saturday,7,0.077,2.389,0.080,0.278,0.000,0.000,2.824,
2026-01-03 08:00:00,Saturday,8,0.075,1.865,0.097,0.246,0.000,0.000,2.283,
2026-01-03 09:00:00,Saturday,9,0.096,2.282,0.000,0.000,0.079,0.000,2.457,
2026-01-03 10:00:00,Saturday,10,0.068,2.374,0.000,0.000,0.049,0.544,3.035,pralka
2026-01-03 11:00:00,Saturday,11,0.079,2.099,0.000,0.000,0.059,1.264,3.501,suszarka
2026-01-03 12:00:00,Saturday,12,0.083,2.063,0.000,0.197,0.108,0.000,2.451,
2026-01-03 13:00:00,Saturday,13,0.086,2.117,0.000,0.000,0.098,0.569,2.870,zmywarka
2026-01-03 14:00:00,Saturday,14,0.088,1.938,0.000,0.000,0.034,0.000,2.060,
2026-01-03 15:00:00,Saturday,15,0.080,2.211,0.000,0.000,0.078,0.000,2.369,
2026-01-03 16:00:00,Saturday,16,0.080,2.107,0.065,0.000,0.112,0.000,2.364,
2026-01-03 17:00:00,Saturday,17,0.081,2.353,0.127,1.565,0.098,0.000,4.224,goście
2026-01-03 18:00:00,Saturday,18,0.067,2.557,0.134,0.000,0.100,0.000,2.858,goście
2026-01-03 19:00:00,Saturday,19,0.083,2.556,0.121,0.000,0.153,0.000,2.913,goście
2026-01-03 20:00:00,Saturday,20,0.085,2.350,0.122,0.000,0.152,0.000,2.709,goście
2026-01-03 21:00:00,Saturday,21,0.092,2.572,0.125,0.000,0.098,0.000,2.887,goście
2026-01-03 22:00:00,Saturday,22,0.091,2.060,0.040,0.000,0.174,0.000,2.365,
2026-01-03 23:00:00,Saturday,23,0.086,2.246,0.000,0.000,0.000,0.000,2.332,
2026-01-04 00:00:00,Sunday,0,0.096,2.173,0.000,0.000,0.000,0.000,2.269,
2026-01-04 01:00:00,Sunday,1,0.083,2.077,0.000,0.000,0.000,0.000,2.160,
2026-01-04 02:00:00,Sunday,2,0.095,2.431,0.000,0.000,0.000,0.000,2.526,
2026-01-04 03:00:00,Sunday,3,0.082,2.254,0.000,0.000,0.000,0.000,2.336,
2026-01-04 04:00:00,Sunday,4,0.067,1.889,0.000,0.000,0.000,0.000,1.956,
2026-01-04 05:00:00,Sunday,5,0.094,2.006,0.000,0.000,0.000,0.000,2.100,
2026-01-04 06:00:00,Sunday,6,0.068,2.186,0.080,0.184,0.000,0.000,2.518,
2026-01-04 07:00:00,Sunday,7,0.079,2.363,0.046,0.220,0.000,0.000,2.708,
2026-01-04 08:00:00,Sunday,8,0.079,1.990,0.067,0.157,0.000,0.000,2.293,
2026-01-04 09:00:00,Sunday,9,0.071,1.931,0.000,0.000,0.095,0.000,2.097,
2026-01-04 10:00:00,Sunday,10,0.094,2.207,0.000,0.000,0.129,0.000,2.430,
2026-01-04 11:00:00,Sunday,11,0.077,2.082,0.000,0.000,0.124,0.408,2.691,pralka
2026-01-04 12:00:00,Sunday,12,0.080,1.959,0.000,0.000,0.099,0.000,2.138,
2026-01-04 13:00:00,Sunday,13,0.077,2.166,0.000,0.699,0.115,0.000,3.057,
2026-01-04 14:00:00,Sunday,14,0.074,1.993,0.000,0.000,0.102,0.497,2.666,zmywarka
2026-01-04 15:00:00,Sunday,15,0.090,2.423,0.000,0.000,0.076,0.000,2.589,
2026-01-04 16:00:00,Sunday,16,0.070,2.057,0.054,0.000,0.082,0.000,2.263,
2026-01-04 17:00:00,Sunday,17,0.088,2.107,0.095,0.646,0.204,0.000,3.140,
2026-01-04 18:00:00,Sunday,18,0.077,2.033,0.142,0.000,0.139,0.000,2.391,
2026-01-04 19:00:00,Sunday,19,0.088,2.390,0.104,0.000,0.157,0.000,2.739,
2026-01-04 20:00:00,Sunday,20,0.092,1.927,0.074,0.000,0.099,0.000,2.192,
2026-01-04 21:00:00,Sunday,21,0.073,2.517,0.067,0.000,0.172,0.000,2.829,
2026-01-04 22:00:00,Sunday,22,0.080,2.115,0.065,0.000,0.121,0.000,2.381,
2026-01-04 23:00:00,Sunday,23,0.090,2.356,0.000,0.000,0.000,0.000,2.446,
2026-01-05 00:00:00,Monday,0,0.079,1.830,0.000,0.000,0.000,0.000,1.909,
2026-01-05 01:00:00,Monday,1,0.082,2.422,0.000,0.000,0.000,0.000,2.504,
2026-01-05 02:00:00,Monday,2,0.088,1.916,0.000,0.000,0.000,0.000,2.004,
2026-01-05 03:00:00,Monday,3,0.088,1.862,0.000,0.000,0.000,0.000,1.950,
2026-01-05 04:00:00,Monday,4,0.090,2.443,0.000,0.000,0.000,0.000,2.533,
2026-01-05 05:00:00,Monday,5,0.079,2.058,0.000,0.000,0.000,0.000,2.137,
2026-01-05 06:00:00,Monday,6,0.082,2.660,0.125,0.158,0.000,0.000,3.025,
2026-01-05 07:00:00,Monday,7,0.074,2.297,0.083,0.230,0.000,0.000,2.684,
2026-01-05 08:00:00,Monday,8,0.086,2.264,0.058,0.265,0.000,0.000,2.673,
2026-01-05 09:00:00,Monday,9,0.071,2.120,0.000,0.000,0.076,0.000,2.267,
2026-01-05 10:00:00,Monday,10,0.095,2.398,0.000,0.000,0.078,0.000,2.571,
2026-01-05 11:00:00,Monday,11,0.076,2.077,0.000,0.000,0.053,0.000,2.206,
2026-01-05 12:00:00,Monday,12,0.076,2.269,0.000,0.511,0.059,0.000,2.915,
2026-01-05 13:00:00,Monday,13,0.080,2.210,0.000,0.000,0.049,0.000,2.339,
2026-01-05 14:00:00,Monday,14,0.086,2.234,0.000,0.000,0.130,0.397,2.847,pralka
2026-01-05 15:00:00,Monday,15,0.071,2.119,0.000,0.000,0.111,0.000,2.301,
2026-01-05 16:00:00,Monday,16,0.071,2.068,0.100,0.000,0.085,0.000,2.324,
2026-01-05 17:00:00,Monday,17,0.088,2.191,0.161,1.170,0.139,0.000,3.749,
2026-01-05 18:00:00,Monday,18,0.071,2.398,0.068,0.000,0.176,0.000,2.713,
2026-01-05 19:00:00,Monday,19,0.091,1.823,0.102,0.000,0.157,0.000,2.173,
2026-01-05 20:00:00,Monday,20,0.070,1.985,0.173,0.000,0.149,0.585,2.962,zmywarka
2026-01-05 21:00:00,Monday,21,0.073,2.186,0.136,0.000,0.184,0.000,2.579,
2026-01-05 22:00:00,Monday,22,0.094,2.267,0.053,0.000,0.127,0.000,2.541,
2026-01-05 23:00:00,Monday,23,0.080,2.042,0.000,0.000,0.000,0.000,2.122,
2026-01-06 00:00:00,Tuesday,0,0.071,1.999,0.000,0.000,0.000,0.000,2.070,
2026-01-06 01:00:00,Tuesday,1,0.092,1.915,0.000,0.000,0.000,0.000,2.007,
2026-01-06 02:00:00,Tuesday,2,0.074,1.829,0.000,0.000,0.000,0.000,1.903,
2026-01-06 03:00:00,Tuesday,3,0.082,2.159,0.000,0.000,0.000,0.000,2.241,
2026-01-06 04:00:00,Tuesday,4,0.094,1.856,0.000,0.000,0.000,0.000,1.950,
2026-01-06 05:00:00,Tuesday,5,0.077,1.817,0.000,0.000,0.000,0.000,1.894,
2026-01-06 06:00:00,Tuesday,6,0.067,2.144,0.103,0.264,0.000,0.000,2.578,
2026-01-06 07:00:00,Tuesday,7,0.068,2.281,0.098,0.175,0.000,0.000,2.622,
2026-01-06 08:00:00,Tuesday,8,0.072,2.120,0.105,0.319,0.000,0.000,2.616,
2026-01-06 09:00:00,Tuesday,9,0.081,2.485,0.000,0.000,0.169,0.000,2.735,praca zdalna
2026-01-06 10:00:00,Tuesday,10,0.088,2.068,0.000,0.000,0.167,0.000,2.323,praca zdalna
2026-01-06 11:00:00,Tuesday,11,0.080,2.189,0.000,0.000,0.187,0.000,2.456,praca zdalna
2026-01-06 12:00:00,Tuesday,12,0.074,1.903,0.000,0.421,0.154,0.000,2.552,praca zdalna
2026-01-06 13:00:00,Tuesday,13,0.075,2.281,0.000,0.000,0.172,0.000,2.528,praca zdalna
2026-01-06 14:00:00,Tuesday,14,0.067,2.035,0.000,0.000,0.213,0.000,2.315,praca zdalna
2026-01-06 15:00:00,Tuesday,15,0.084,2.253,0.000,0.000,0.207,0.000,2.544,praca zdalna
2026-01-06 16:00:00,Tuesday,16,0.095,2.101,0.103,0.000,0.135,0.000,2.434,praca zdalna
2026-01-06 17:00:00,Tuesday,17,0.089,1.990,0.133,0.000,0.128,0.000,2.340,
2026-01-06 18:00:00,Tuesday,18,0.084,2.667,0.124,0.544,0.159,0.000,3.578,
2026-01-06 19:00:00,Tuesday,19,0.085,2.015,0.179,0.000,0.157,0.000,2.436,
2026-01-06 20:00:00,Tuesday,20,0.073,2.286,0.166,0.000,0.110,0.514,3.149,zmywarka
2026-01-06 21:00:00,Tuesday,21,0.082,1.949,0.164,0.000,0.182,0.000,2.377,
2026-01-06 22:00:00,Tuesday,22,0.092,2.148,0.073,0.000,0.145,0.000,2.458,
2026-01-06 23:00:00,Tuesday,23,0.085,1.972,0.000,0.000,0.000,0.000,2.057,
2026-01-07 00:00:00,Wednesday,0,0.079,2.071,0.000,0.000,0.000,0.000,2.150,
2026-01-07 01:00:00,Wednesday,1,0.090,2.075,0.000,0.000,0.000,0.000,2.165,
2026-01-07 02:00:00,Wednesday,2,0.082,2.062,0.000,0.000,0.000,0.000,2.144,
2026-01-07 03:00:00,Wednesday,3,0.098,2.069,0.000,0.000,0.000,0.000,2.167,
2026-01-07 04:00:00,Wednesday,4,0.079,2.001,0.000,0.000,0.000,0.000,2.080,
2026-01-07 05:00:00,Wednesday,5,0.074,1.668,0.000,0.000,0.000,0.000,1.742,
2026-01-07 06:00:00,Wednesday,6,0.076,2.061,0.082,0.244,0.000,0.000,2.463,
2026-01-07 07:00:00,Wednesday,7,0.073,2.242,0.074,0.356,0.000,0.000,2.745,
2026-01-07 08:00:00,Wednesday,8,0.086,1.777,0.114,0.251,0.000,0.000,2.228,
2026-01-07 09:00:00,Wednesday,9,0.080,2.064,0.000,0.000,0.080,0.000,2.224,
2026-01-07 10:00:00,Wednesday,10,0.094,2.176,0.000,0.000,0.084,0.000,2.354,
2026-01-07 11:00:00,Wednesday,11,0.092,1.845,0.000,0.000,0.081,0.000,2.018,
2026-01-07 12:00:00,Wednesday,12,0.089,1.969,0.000,0.000,0.078,0.000,2.136,
2026-01-07 13:00:00,Wednesday,13,0.092,2.233,0.000,0.510,0.064,0.000,2.899,
2026-01-07 14:00:00,Wednesday,14,0.077,1.866,0.000,0.000,0.077,0.000,2.020,
2026-01-07 15:00:00,Wednesday,15,0.072,1.748,0.000,0.000,0.085,0.000,1.905,
2026-01-07 16:00:00,Wednesday,16,0.086,1.726,0.070,0.000,0.101,0.000,1.983,
2026-01-07 17:00:00,Wednesday,17,0.086,2.009,0.103,0.000,0.175,0.000,2.373,
2026-01-07 18:00:00,Wednesday,18,0.074,1.988,0.071,0.626,0.121,0.000,2.880,
2026-01-07 19:00:00,Wednesday,19,0.082,2.018,0.062,0.000,0.098,0.000,2.260,
2026-01-07 20:00:00,Wednesday,20,0.078,2.072,0.166,0.000,0.151,0.518,2.985,zmywarka
2026-01-07 21:00:00,Wednesday,21,0.077,1.853,0.130,0.000,0.197,0.000,2.257,
2026-01-07 22:00:00,Wednesday,22,0.073,1.744,0.076,0.000,0.179,0.000,2.072,
2026-01-07 23:00:00,Wednesday,23,0.088,1.784,0.000,0.000,0.000,0.000,1.872,
2026-01-08 00:00:00,Thursday,0,0.142,1.795,0.000,0.000,0.000,0.000,1.937,tryb opieki nad psem; wyjazd / nieobecność
2026-01-08 01:00:00,Thursday,1,0.127,1.824,0.000,0.000,0.000,0.000,1.951,tryb opieki nad psem; wyjazd / nieobecność
2026-01-08 02:00:00,Thursday,2,0.143,1.825,0.000,0.000,0.000,0.000,1.968,tryb opieki nad psem; wyjazd / nieobecność
2026-01-08 03:00:00,Thursday,3,0.118,1.883,0.000,0.000,0.000,0.000,2.001,tryb opieki nad psem; wyjazd / nieobecność
2026-01-08 04:00:00,Thursday,4,0.113,1.843,0.000,0.000,0.000,0.000,1.956,tryb opieki nad psem; wyjazd / nieobecność
2026-01-08 05:00:00,Thursday,5,0.134,1.920,0.000,0.000,0.000,0.000,2.054,tryb opieki nad psem; wyjazd / nieobecność
2026-01-08 06:00:00,Thursday,6,0.147,1.531,0.000,0.000,0.000,0.000,1.678,tryb opieki nad psem; wyjazd / nieobecność
2026-01-08 07:00:00,Thursday,7,0.151,1.492,0.000,0.000,0.000,0.000,1.643,tryb opieki nad psem; wyjazd / nieobecność
2026-01-08 08:00:00,Thursday,8,0.144,1.947,0.000,0.000,0.000,0.000,2.091,tryb opieki nad psem; wyjazd / nieobecność
2026-01-08 09:00:00,Thursday,9,0.137,1.661,0.000,0.000,0.000,0.000,1.798,tryb opieki nad psem; wyjazd / nieobecność
2026-01-08 10:00:00,Thursday,10,0.115,1.672,0.000,0.000,0.000,0.000,1.787,tryb opieki nad psem; wyjazd / nieobecność
2026-01-08 11:00:00,Thursday,11,0.116,1.525,0.000,0.000,0.000,0.000,1.641,tryb opieki nad psem; wyjazd / nieobecność
2026-01-08 12:00:00,Thursday,12,0.136,1.967,0.000,0.000,0.000,0.000,2.103,tryb opieki nad psem; wyjazd / nieobecność
2026-01-08 13:00:00,Thursday,13,0.139,2.021,0.000,0.000,0.000,0.000,2.160,tryb opieki nad psem; wyjazd / nieobecność
2026-01-08 14:00:00,Thursday,14,0.132,1.961,0.000,0.000,0.000,0.000,2.093,tryb opieki nad psem; wyjazd / nieobecność
2026-01-08 15:00:00,Thursday,15,0.118,1.865,0.000,0.000,0.000,0.000,1.983,tryb opieki nad psem; wyjazd / nieobecność
2026-01-08 16:00:00,Thursday,16,0.125,1.919,0.000,0.000,0.000,0.000,2.044,tryb opieki nad psem; wyjazd / nieobecność
2026-01-08 17:00:00,Thursday,17,0.132,1.493,0.000,0.000,0.000,0.000,1.625,tryb opieki nad psem; wyjazd / nieobecność
2026-01-08 18:00:00,Thursday,18,0.137,1.641,0.000,0.000,0.000,0.000,1.778,tryb opieki nad psem; wyjazd / nieobecność
2026-01-08 19:00:00,Thursday,19,0.125,1.694,0.000,0.000,0.000,0.000,1.819,tryb opieki nad psem; wyjazd / nieobecność
2026-01-08 20:00:00,Thursday,20,0.115,1.922,0.000,0.000,0.000,0.000,2.037,tryb opieki nad psem; wyjazd / nieobecność
2026-01-08 21:00:00,Thursday,21,0.112,1.892,0.000,0.000,0.000,0.000,2.004,tryb opieki nad psem; wyjazd / nieobecność
2026-01-08 22:00:00,Thursday,22,0.129,1.904,0.000,0.000,0.000,0.000,2.033,tryb opieki nad psem; wyjazd / nieobecność
2026-01-08 23:00:00,Thursday,23,0.112,2.009,0.000,0.000,0.000,0.000,2.121,tryb opieki nad psem; wyjazd / nieobecność
2026-01-09 00:00:00,Friday,0,0.086,2.221,0.000,0.000,0.000,0.000,2.307,
2026-01-09 01:00:00,Friday,1,0.101,1.867,0.000,0.000,0.000,0.000,1.968,
2026-01-09 02:00:00,Friday,2,0.070,2.233,0.000,0.000,0.000,0.000,2.303,
2026-01-09 03:00:00,Friday,3,0.084,2.153,0.000,0.000,0.000,0.000,2.237,
2026-01-09 04:00:00,Friday,4,0.089,2.287,0.000,0.000,0.000,0.000,2.376,
2026-01-09 05:00:00,Friday,5,0.077,2.190,0.000,0.000,0.000,0.000,2.267,
2026-01-09 06:00:00,Friday,6,0.086,2.201,0.112,0.328,0.000,0.000,2.727,
2026-01-09 07:00:00,Friday,7,0.092,2.491,0.048,0.271,0.000,0.000,2.902,
2026-01-09 08:00:00,Friday,8,0.073,1.937,0.103,0.302,0.000,0.000,2.415,
2026-01-09 09:00:00,Friday,9,0.069,2.326,0.000,0.000,0.085,0.000,2.480,
2026-01-09 10:00:00,Friday,10,0.095,1.999,0.000,0.000,0.079,0.000,2.173,
2026-01-09 11:00:00,Friday,11,0.085,1.987,0.000,0.000,0.052,0.000,2.124,
2026-01-09 12:00:00,Friday,12,0.092,2.189,0.000,0.000,0.082,0.000,2.363,
2026-01-09 13:00:00,Friday,13,0.083,1.956,0.000,0.245,0.083,0.000,2.367,
2026-01-09 14:00:00,Friday,14,0.092,1.830,0.000,0.000,0.081,0.000,2.003,
2026-01-09 15:00:00,Friday,15,0.085,1.811,0.000,0.000,0.065,0.000,1.961,
2026-01-09 16:00:00,Friday,16,0.083,2.141,0.070,0.000,0.140,0.000,2.434,
2026-01-09 17:00:00,Friday,17,0.074,2.084,0.086,0.000,0.203,0.000,2.447,
2026-01-09 18:00:00,Friday,18,0.094,2.322,0.107,0.582,0.194,0.000,3.299,
2026-01-09 19:00:00,Friday,19,0.073,1.987,0.167,0.000,0.176,0.715,3.118,zmywarka
2026-01-09 20:00:00,Friday,20,0.070,1.835,0.142,0.000,0.117,0.000,2.164,
2026-01-09 21:00:00,Friday,21,0.070,2.344,0.158,0.000,0.116,0.000,2.688,
2026-01-09 22:00:00,Friday,22,0.091,1.858,0.039,0.000,0.091,0.000,2.079,
2026-01-09 23:00:00,Friday,23,0.088,1.890,0.000,0.000,0.000,0.000,1.978,
2026-01-10 00:00:00,Saturday,0,0.080,1.913,0.000,0.000,0.000,0.000,1.993,
2026-01-10 01:00:00,Saturday,1,0.083,2.158,0.000,0.000,0.000,0.000,2.241,
2026-01-10 02:00:00,Saturday,2,0.093,2.070,0.000,0.000,0.000,0.000,2.163,
2026-01-10 03:00:00,Saturday,3,0.085,1.961,0.000,0.000,0.000,0.000,2.046,
2026-01-10 04:00:00,Saturday,4,0.082,2.026,0.000,0.000,0.000,0.000,2.108,
2026-01-10 05:00:00,Saturday,5,0.100,1.957,0.000,0.000,0.000,0.000,2.057,
2026-01-10 06:00:00,Saturday,6,0.086,2.033,0.086,0.194,0.000,0.000,2.399,
2026-01-10 07:00:00,Saturday,7,0.090,2.332,0.083,0.194,0.000,0.000,2.699,
2026-01-10 08:00:00,Saturday,8,0.067,2.199,0.000,0.273,0.000,0.000,2.539,
2026-01-10 09:00:00,Saturday,9,0.071,1.934,0.000,0.000,0.049,0.000,2.054,
2026-01-10 10:00:00,Saturday,10,0.088,2.416,0.000,0.000,0.065,0.000,2.569,
2026-01-10 11:00:00,Saturday,11,0.068,2.636,0.000,0.000,0.133,0.000,2.837,
2026-01-10 12:00:00,Saturday,12,0.085,2.142,0.000,0.000,0.100,0.000,2.327,
2026-01-10 13:00:00,Saturday,13,0.092,2.215,0.000,0.553,0.148,0.000,3.008,
2026-01-10 14:00:00,Saturday,14,0.080,1.967,0.000,0.000,0.109,0.636,2.792,zmywarka
2026-01-10 15:00:00,Saturday,15,0.094,2.047,0.000,0.000,0.056,0.000,2.197,
2026-01-10 16:00:00,Saturday,16,0.073,2.086,0.068,0.000,0.139,0.000,2.366,
2026-01-10 17:00:00,Saturday,17,0.074,2.614,0.118,0.422,0.129,0.000,3.357,
2026-01-10 18:00:00,Saturday,18,0.071,2.684,0.118,0.000,0.130,0.000,3.003,
2026-01-10 19:00:00,Saturday,19,0.083,2.298,0.157,0.000,0.205,0.000,2.743,
2026-01-10 20:00:00,Saturday,20,0.073,2.305,0.132,0.000,0.135,0.000,2.645,
2026-01-10 21:00:00,Saturday,21,0.093,2.330,0.100,0.000,0.173,0.000,2.696,
2026-01-10 22:00:00,Saturday,22,0.095,2.072,0.062,0.000,0.110,0.000,2.339,
2026-01-10 23:00:00,Saturday,23,0.090,2.507,0.000,0.000,0.000,0.000,2.597,
2026-01-11 00:00:00,Sunday,0,0.082,2.031,0.000,0.000,0.000,0.000,2.113,
2026-01-11 01:00:00,Sunday,1,0.083,2.150,0.000,0.000,0.000,0.000,2.233,
2026-01-11 02:00:00,Sunday,2,0.086,2.631,0.000,0.000,0.000,0.000,2.717,
2026-01-11 03:00:00,Sunday,3,0.090,2.025,0.000,0.000,0.000,0.000,2.115,
2026-01-11 04:00:00,Sunday,4,0.095,2.276,0.000,0.000,0.000,0.000,2.371,
2026-01-11 05:00:00,Sunday,5,0.105,2.107,0.000,0.000,0.000,0.000,2.212,
2026-01-11 06:00:00,Sunday,6,0.074,2.110,0.094,0.253,0.000,0.000,2.531,
2026-01-11 07:00:00,Sunday,7,0.068,2.576,0.071,0.328,0.000,0.000,3.043,
2026-01-11 08:00:00,Sunday,8,0.074,2.381,0.000,0.177,0.000,0.000,2.632,
2026-01-11 09:00:00,Sunday,9,0.087,2.674,0.000,0.000,0.137,0.000,2.898,
2026-01-11 10:00:00,Sunday,10,0.081,2.696,0.000,0.000,0.110,0.000,2.887,
2026-01-11 11:00:00,Sunday,11,0.074,2.167,0.000,0.000,0.136,0.000,2.377,
2026-01-11 12:00:00,Sunday,12,0.074,2.459,0.000,0.000,0.060,0.000,2.593,
2026-01-11 13:00:00,Sunday,13,0.091,1.974,0.000,0.698,0.131,0.000,2.894,
2026-01-11 14:00:00,Sunday,14,0.073,1.881,0.000,0.000,0.118,0.000,2.072,
2026-01-11 15:00:00,Sunday,15,0.092,2.218,0.000,0.000,0.075,0.000,2.385,
2026-01-11 16:00:00,Sunday,16,0.070,2.177,0.041,0.000,0.033,0.000,2.321,
2026-01-11 17:00:00,Sunday,17,0.090,1.962,0.104,0.543,0.118,0.000,2.817,
2026-01-11 18:00:00,Sunday,18,0.074,2.079,0.120,0.000,0.160,0.000,2.433,
2026-01-11 19:00:00,Sunday,19,0.092,2.440,0.170,0.000,0.109,0.000,2.811,
2026-01-11 20:00:00,Sunday,20,0.084,2.596,0.091,0.000,0.155,0.000,2.926,
2026-01-11 21:00:00,Sunday,21,0.095,2.209,0.101,0.000,0.107,0.000,2.512,
2026-01-11 22:00:00,Sunday,22,0.082,2.195,0.046,0.000,0.187,0.000,2.510,
2026-01-11 23:00:00,Sunday,23,0.081,2.226,0.000,0.000,0.000,0.000,2.307,
2026-01-12 00:00:00,Monday,0,0.092,2.034,0.000,0.000,0.000,0.000,2.126,
2026-01-12 01:00:00,Monday,1,0.067,2.485,0.000,0.000,0.000,0.000,2.552,
2026-01-12 02:00:00,Monday,2,0.100,2.513,0.000,0.000,0.000,0.000,2.613,
2026-01-12 03:00:00,Monday,3,0.109,2.447,0.000,0.000,0.000,0.000,2.556,
2026-01-12 04:00:00,Monday,4,0.085,2.038,0.000,0.000,0.000,0.000,2.123,
2026-01-12 05:00:00,Monday,5,0.094,2.153,0.000,0.000,0.000,0.000,2.247,
2026-01-12 06:00:00,Monday,6,0.068,2.189,0.101,0.178,0.000,0.000,2.536,
2026-01-12 07:00:00,Monday,7,0.082,2.707,0.074,0.258,0.000,0.000,3.121,
2026-01-12 08:00:00,Monday,8,0.070,2.295,0.079,0.180,0.000,0.000,2.624,
2026-01-12 09:00:00,Monday,9,0.068,2.260,0.000,0.000,0.135,0.000,2.463,praca zdalna
2026-01-12 10:00:00,Monday,10,0.070,2.461,0.000,0.000,0.143,0.000,2.674,praca zdalna
2026-01-12 11:00:00,Monday,11,0.095,2.499,0.000,0.000,0.164,0.000,2.758,praca zdalna
2026-01-12 12:00:00,Monday,12,0.077,1.919,0.000,0.229,0.172,0.000,2.397,praca zdalna
2026-01-12 13:00:00,Monday,13,0.080,2.329,0.000,0.000,0.115,0.000,2.524,praca zdalna
2026-01-12 14:00:00,Monday,14,0.083,1.740,0.000,0.000,0.144,0.000,1.967,praca zdalna
2026-01-12 15:00:00,Monday,15,0.073,2.006,0.000,0.000,0.158,0.000,2.237,praca zdalna
2026-01-12 16:00:00,Monday,16,0.087,2.026,0.102,0.000,0.229,0.000,2.444,praca zdalna
2026-01-12 17:00:00,Monday,17,0.073,2.030,0.091,0.398,0.122,0.000,2.714,
2026-01-12 18:00:00,Monday,18,0.094,1.681,0.073,0.000,0.151,0.000,1.999,
2026-01-12 19:00:00,Monday,19,0.079,2.057,0.065,0.000,0.100,0.000,2.301,
2026-01-12 20:00:00,Monday,20,0.070,1.697,0.095,0.000,0.198,0.000,2.060,
2026-01-12 21:00:00,Monday,21,0.080,1.888,0.114,0.000,0.204,0.000,2.286,
2026-01-12 22:00:00,Monday,22,0.078,1.660,0.086,0.000,0.162,0.000,1.986,
2026-01-12 23:00:00,Monday,23,0.100,1.675,0.000,0.000,0.000,0.000,1.775,
2026-01-13 00:00:00,Tuesday,0,0.083,1.668,0.000,0.000,0.000,0.000,1.751,
2026-01-13 01:00:00,Tuesday,1,0.067,1.705,0.000,0.000,0.000,0.000,1.772,
2026-01-13 02:00:00,Tuesday,2,0.092,1.715,0.000,0.000,0.000,0.000,1.807,
2026-01-13 03:00:00,Tuesday,3,0.071,1.569,0.000,0.000,0.000,0.000,1.640,
2026-01-13 04:00:00,Tuesday,4,0.070,1.724,0.000,0.000,0.000,0.000,1.794,
2026-01-13 05:00:00,Tuesday,5,0.068,1.676,0.000,0.000,0.000,0.000,1.744,
2026-01-13 06:00:00,Tuesday,6,0.084,1.832,0.095,0.305,0.000,0.000,2.316,
2026-01-13 07:00:00,Tuesday,7,0.084,1.815,0.105,0.307,0.000,0.000,2.311,
2026-01-13 08:00:00,Tuesday,8,0.067,2.085,0.050,0.176,0.000,0.000,2.378,
2026-01-13 09:00:00,Tuesday,9,0.091,1.760,0.000,0.000,0.075,0.000,1.926,
2026-01-13 10:00:00,Tuesday,10,0.086,1.607,0.000,0.000,0.067,0.000,1.760,
2026-01-13 11:00:00,Tuesday,11,0.085,1.511,0.000,0.000,0.080,0.000,1.676,
2026-01-13 12:00:00,Tuesday,12,0.094,1.654,0.000,0.296,0.083,0.000,2.127,
2026-01-13 13:00:00,Tuesday,13,0.070,1.871,0.000,0.000,0.089,0.000,2.030,
2026-01-13 14:00:00,Tuesday,14,0.091,1.856,0.000,0.000,0.107,0.000,2.054,
2026-01-13 15:00:00,Tuesday,15,0.071,1.741,0.000,0.000,0.113,0.000,1.925,
2026-01-13 16:00:00,Tuesday,16,0.074,1.839,0.058,0.000,0.115,0.000,2.086,
2026-01-13 17:00:00,Tuesday,17,0.075,1.540,0.071,0.000,0.152,0.000,1.838,
2026-01-13 18:00:00,Tuesday,18,0.085,1.528,0.108,0.477,0.180,0.000,2.378,
2026-01-13 19:00:00,Tuesday,19,0.071,1.486,0.105,0.000,0.190,0.000,1.852,
2026-01-13 20:00:00,Tuesday,20,0.082,1.451,0.173,0.000,0.195,0.482,2.383,zmywarka
2026-01-13 21:00:00,Tuesday,21,0.088,1.607,0.093,0.000,0.179,0.000,1.967,
2026-01-13 22:00:00,Tuesday,22,0.068,1.405,0.062,0.000,0.176,0.000,1.711,
2026-01-13 23:00:00,Tuesday,23,0.094,1.240,0.000,0.000,0.000,0.000,1.334,
2026-01-14 00:00:00,Wednesday,0,0.098,1.561,0.000,0.000,0.000,0.000,1.659,
2026-01-14 01:00:00,Wednesday,1,0.082,1.164,0.000,0.000,0.000,0.000,1.246,
2026-01-14 02:00:00,Wednesday,2,0.103,1.445,0.000,0.000,0.000,0.000,1.548,
2026-01-14 03:00:00,Wednesday,3,0.093,1.373,0.000,0.000,0.000,0.000,1.466,
2026-01-14 04:00:00,Wednesday,4,0.083,1.303,0.000,0.000,0.000,0.000,1.386,
2026-01-14 05:00:00,Wednesday,5,0.085,1.478,0.000,0.000,0.000,0.000,1.563,
2026-01-14 06:00:00,Wednesday,6,0.076,1.583,0.053,0.227,0.000,0.000,1.939,
2026-01-14 07:00:00,Wednesday,7,0.091,1.396,0.124,0.229,0.000,0.000,1.840,
2026-01-14 08:00:00,Wednesday,8,0.090,1.421,0.108,0.209,0.000,0.000,1.828,
2026-01-14 09:00:00,Wednesday,9,0.090,1.360,0.000,0.000,0.050,0.000,1.500,
2026-01-14 10:00:00,Wednesday,10,0.079,1.602,0.000,0.000,0.058,0.000,1.739,
2026-01-14 11:00:00,Wednesday,11,0.079,1.236,0.000,0.000,0.062,0.000,1.377,
2026-01-14 12:00:00,Wednesday,12,0.070,1.494,0.000,0.396,0.055,0.000,2.015,
2026-01-14 13:00:00,Wednesday,13,0.090,1.364,0.000,0.000,0.059,0.000,1.513,
2026-01-14 14:00:00,Wednesday,14,0.094,1.511,0.000,0.000,0.087,0.000,1.692,
2026-01-14 15:00:00,Wednesday,15,0.091,1.376,0.000,0.000,0.120,0.000,1.587,
2026-01-14 16:00:00,Wednesday,16,0.094,1.368,0.085,0.000,0.140,0.000,1.687,
2026-01-14 17:00:00,Wednesday,17,0.070,1.561,0.158,0.000,0.091,0.000,1.880,
2026-01-14 18:00:00,Wednesday,18,0.073,1.406,0.132,0.602,0.103,0.000,2.316,
2026-01-14 19:00:00,Wednesday,19,0.095,1.787,0.116,0.000,0.133,0.492,2.623,zmywarka
2026-01-14 20:00:00,Wednesday,20,0.075,1.444,0.065,0.000,0.200,0.000,1.784,
2026-01-14 21:00:00,Wednesday,21,0.089,1.890,0.178,0.000,0.153,0.000,2.310,
2026-01-14 22:00:00,Wednesday,22,0.068,1.592,0.031,0.000,0.202,0.000,1.893,
2026-01-14 23:00:00,Wednesday,23,0.077,1.820,0.000,0.000,0.000,0.000,1.897,
2026-01-15 00:00:00,Thursday,0,0.076,1.451,0.000,0.000,0.000,0.000,1.527,
2026-01-15 01:00:00,Thursday,1,0.071,1.707,0.000,0.000,0.000,0.000,1.778,
2026-01-15 02:00:00,Thursday,2,0.083,1.732,0.000,0.000,0.000,0.000,1.815,
2026-01-15 03:00:00,Thursday,3,0.077,1.622,0.000,0.000,0.000,0.000,1.699,
2026-01-15 04:00:00,Thursday,4,0.072,1.750,0.000,0.000,0.000,0.000,1.822,
2026-01-15 05:00:00,Thursday,5,0.100,1.925,0.000,0.000,0.000,0.000,2.025,
2026-01-15 06:00:00,Thursday,6,0.094,1.927,0.074,0.331,0.000,0.000,2.426,
2026-01-15 07:00:00,Thursday,7,0.076,1.622,0.109,0.336,0.000,0.000,2.143,
2026-01-15 08:00:00,Thursday,8,0.092,1.745,0.064,0.306,0.000,0.000,2.207,
2026-01-15 09:00:00,Thursday,9,0.088,1.815,0.000,0.000,0.139,0.000,2.042,praca zdalna
2026-01-15 10:00:00,Thursday,10,0.083,1.423,0.000,0.000,0.157,0.000,1.663,praca zdalna
2026-01-15 11:00:00,Thursday,11,0.095,1.636,0.000,0.000,0.140,0.000,1.871,praca zdalna
2026-01-15 12:00:00,Thursday,12,0.088,1.502,0.000,0.000,0.153,0.000,1.743,praca zdalna
2026-01-15 13:00:00,Thursday,13,0.078,1.626,0.000,0.232,0.123,0.000,2.059,praca zdalna
2026-01-15 14:00:00,Thursday,14,0.079,1.588,0.000,0.000,0.115,0.000,1.782,praca zdalna
2026-01-15 15:00:00,Thursday,15,0.091,1.518,0.000,0.000,0.177,0.000,1.786,praca zdalna
2026-01-15 16:00:00,Thursday,16,0.092,1.363,0.092,0.000,0.150,0.000,1.697,praca zdalna
2026-01-15 17:00:00,Thursday,17,0.091,1.585,0.167,0.995,0.207,0.000,3.045,
2026-01-15 18:00:00,Thursday,18,0.080,1.328,0.117,0.000,0.179,0.000,1.704,
2026-01-15 19:00:00,Thursday,19,0.079,1.337,0.131,0.000,0.201,0.000,1.748,
2026-01-15 20:00:00,Thursday,20,0.092,1.661,0.136,0.000,0.132,0.534,2.555,zmywarka
2026-01-15 21:00:00,Thursday,21,0.081,1.376,0.077,0.000,0.166,0.000,1.700,
2026-01-15 22:00:00,Thursday,22,0.076,1.414,0.040,0.000,0.139,0.000,1.669,
2026-01-15 23:00:00,Thursday,23,0.074,1.174,0.000,0.000,0.000,0.000,1.248,
2026-01-16 00:00:00,Friday,0,0.076,1.264,0.000,0.000,0.000,0.000,1.340,
2026-01-16 01:00:00,Friday,1,0.109,1.474,0.000,0.000,0.000,0.000,1.583,
2026-01-16 02:00:00,Friday,2,0.094,1.246,0.000,0.000,0.000,0.000,1.340,
2026-01-16 03:00:00,Friday,3,0.085,1.174,0.000,0.000,0.000,0.000,1.259,
2026-01-16 04:00:00,Friday,4,0.070,1.275,0.000,0.000,0.000,0.000,1.345,
2026-01-16 05:00:00,Friday,5,0.094,1.265,0.000,0.000,0.000,0.000,1.359,
2026-01-16 06:00:00,Friday,6,0.083,1.339,0.096,0.169,0.000,0.000,1.687,
2026-01-16 07:00:00,Friday,7,0.080,1.484,0.095,0.235,0.000,0.000,1.894,
2026-01-16 08:00:00,Friday,8,0.094,1.454,0.081,0.355,0.000,0.000,1.984,
2026-01-16 09:00:00,Friday,9,0.095,1.292,0.000,0.000,0.070,0.000,1.457,
2026-01-16 10:00:00,Friday,10,0.086,1.296,0.000,0.000,0.068,0.000,1.450,
2026-01-16 11:00:00,Friday,11,0.073,1.202,0.000,0.000,0.070,0.000,1.345,
2026-01-16 12:00:00,Friday,12,0.092,1.333,0.000,0.000,0.065,0.000,1.490,
2026-01-16 13:00:00,Friday,13,0.092,1.238,0.000,0.356,0.058,0.000,1.744,
2026-01-16 14:00:00,Friday,14,0.077,1.319,0.000,0.000,0.060,0.000,1.456,
2026-01-16 15:00:00,Friday,15,0.068,1.402,0.000,0.000,0.076,0.000,1.546,
2026-01-16 16:00:00,Friday,16,0.085,1.447,0.083,0.000,0.104,0.000,1.719,
2026-01-16 17:00:00,Friday,17,0.082,1.163,0.115,0.652,0.157,0.000,2.169,
2026-01-16 18:00:00,Friday,18,0.094,1.456,0.074,0.000,0.149,0.000,1.773,
2026-01-16 19:00:00,Friday,19,0.079,1.345,0.118,0.000,0.130,0.000,1.672,
2026-01-16 20:00:00,Friday,20,0.071,1.280,0.061,0.000,0.091,0.585,2.088,zmywarka
2026-01-16 21:00:00,Friday,21,0.070,1.576,0.119,0.000,0.202,0.000,1.967,
2026-01-16 22:00:00,Friday,22,0.077,1.223,0.071,0.000,0.115,0.000,1.486,
2026-01-16 23:00:00,Friday,23,0.089,1.255,0.000,0.000,0.000,0.000,1.344,
2026-01-17 00:00:00,Saturday,0,0.100,1.291,0.000,0.000,0.000,0.000,1.391,
2026-01-17 01:00:00,Saturday,1,0.077,1.772,0.000,0.000,0.000,0.000,1.849,
2026-01-17 02:00:00,Saturday,2,0.073,1.431,0.000,0.000,0.000,0.000,1.504,
2026-01-17 03:00:00,Saturday,3,0.109,1.385,0.000,0.000,0.000,0.000,1.494,
2026-01-17 04:00:00,Saturday,4,0.094,1.631,0.000,0.000,0.000,0.000,1.725,
2026-01-17 05:00:00,Saturday,5,0.086,1.462,0.000,0.000,0.000,0.000,1.548,
2026-01-17 06:00:00,Saturday,6,0.071,1.875,0.059,0.172,0.000,0.000,2.177,
2026-01-17 07:00:00,Saturday,7,0.092,1.810,0.097,0.268,0.000,0.000,2.267,
2026-01-17 08:00:00,Saturday,8,0.079,1.846,0.113,0.220,0.000,0.000,2.258,
2026-01-17 09:00:00,Saturday,9,0.071,1.859,0.000,0.000,0.102,0.000,2.032,
2026-01-17 10:00:00,Saturday,10,0.077,1.924,0.000,0.000,0.131,0.000,2.132,
2026-01-17 11:00:00,Saturday,11,0.067,1.478,0.000,0.000,0.125,0.000,1.670,
2026-01-17 12:00:00,Saturday,12,0.074,1.768,0.000,0.205,0.071,0.000,2.118,
2026-01-17 13:00:00,Saturday,13,0.091,1.493,0.000,0.000,0.103,0.000,1.687,
2026-01-17 14:00:00,Saturday,14,0.076,1.544,0.000,0.000,0.107,0.704,2.431,zmywarka
2026-01-17 15:00:00,Saturday,15,0.073,1.919,0.000,0.000,0.133,0.000,2.125,
2026-01-17 16:00:00,Saturday,16,0.079,1.706,0.074,0.000,0.134,0.000,1.993,
2026-01-17 17:00:00,Saturday,17,0.082,1.885,0.082,0.379,0.127,0.000,2.555,
2026-01-17 18:00:00,Saturday,18,0.095,1.600,0.166,0.000,0.184,0.000,2.045,
2026-01-17 19:00:00,Saturday,19,0.082,1.639,0.169,0.000,0.113,0.000,2.003,
2026-01-17 20:00:00,Saturday,20,0.079,1.924,0.139,0.000,0.148,0.000,2.290,
2026-01-17 21:00:00,Saturday,21,0.080,1.531,0.095,0.000,0.132,0.000,1.838,
2026-01-17 22:00:00,Saturday,22,0.073,1.769,0.057,0.000,0.191,0.000,2.090,
2026-01-17 23:00:00,Saturday,23,0.086,1.649,0.000,0.000,0.000,0.000,1.735,
2026-01-18 00:00:00,Sunday,0,0.075,1.677,0.000,0.000,0.000,0.000,1.752,
2026-01-18 01:00:00,Sunday,1,0.089,1.561,0.000,0.000,0.000,0.000,1.650,
2026-01-18 02:00:00,Sunday,2,0.100,1.365,0.000,0.000,0.000,0.000,1.465,
2026-01-18 03:00:00,Sunday,3,0.094,1.406,0.000,0.000,0.000,0.000,1.500,
2026-01-18 04:00:00,Sunday,4,0.097,1.511,0.000,0.000,0.000,0.000,1.608,
2026-01-18 05:00:00,Sunday,5,0.094,1.406,0.000,0.000,0.000,0.000,1.500,
2026-01-18 06:00:00,Sunday,6,0.095,1.576,0.113,0.259,0.000,0.000,2.043,
2026-01-18 07:00:00,Sunday,7,0.091,1.497,0.073,0.220,0.000,0.000,1.881,
2026-01-18 08:00:00,Sunday,8,0.078,1.377,0.045,0.213,0.000,0.000,1.713,
2026-01-18 09:00:00,Sunday,9,0.088,1.810,0.000,0.000,0.145,0.000,2.043,
2026-01-18 10:00:00,Sunday,10,0.071,1.742,0.000,0.000,0.054,0.000,1.867,
2026-01-18 11:00:00,Sunday,11,0.089,1.864,0.000,0.000,0.095,0.000,2.048,
2026-01-18 12:00:00,Sunday,12,0.083,1.454,0.000,0.000,0.138,0.000,1.675,
2026-01-18 13:00:00,Sunday,13,0.094,1.717,0.000,0.632,0.082,0.620,3.145,zmywarka
2026-01-18 14:00:00,Sunday,14,0.078,1.421,0.000,0.000,0.062,0.000,1.561,
2026-01-18 15:00:00,Sunday,15,0.071,1.453,0.000,0.000,0.091,0.000,1.615,
2026-01-18 16:00:00,Sunday,16,0.085,1.785,0.061,0.000,0.032,0.000,1.963,
2026-01-18 17:00:00,Sunday,17,0.090,1.882,0.074,0.000,0.139,0.000,2.185,
2026-01-18 18:00:00,Sunday,18,0.071,1.630,0.113,0.464,0.180,0.000,2.458,
2026-01-18 19:00:00,Sunday,19,0.089,1.814,0.130,0.000,0.148,0.000,2.181,
2026-01-18 20:00:00,Sunday,20,0.094,1.853,0.131,0.000,0.166,0.000,2.244,
2026-01-18 21:00:00,Sunday,21,0.082,1.772,0.132,0.000,0.206,0.000,2.192,
2026-01-18 22:00:00,Sunday,22,0.079,1.639,0.061,0.000,0.161,0.000,1.940,
2026-01-18 23:00:00,Sunday,23,0.095,1.653,0.000,0.000,0.000,0.000,1.748,
2026-01-19 00:00:00,Monday,0,0.077,1.413,0.000,0.000,0.000,0.000,1.490,
2026-01-19 01:00:00,Monday,1,0.084,1.776,0.000,0.000,0.000,0.000,1.860,
2026-01-19 02:00:00,Monday,2,0.068,1.465,0.000,0.000,0.000,0.000,1.533,
2026-01-19 03:00:00,Monday,3,0.085,1.455,0.000,0.000,0.000,0.000,1.540,
2026-01-19 04:00:00,Monday,4,0.084,1.579,0.000,0.000,0.000,0.000,1.663,
2026-01-19 05:00:00,Monday,5,0.067,1.520,0.000,0.000,0.000,0.000,1.587,
2026-01-19 06:00:00,Monday,6,0.077,2.125,0.099,0.241,0.000,0.000,2.542,
2026-01-19 07:00:00,Monday,7,0.074,1.754,0.109,0.319,0.000,0.000,2.256,
2026-01-19 08:00:00,Monday,8,0.092,2.155,0.000,0.332,0.000,0.000,2.579,
2026-01-19 09:00:00,Monday,9,0.076,1.597,0.000,0.000,0.155,0.000,1.828,praca zdalna
2026-01-19 10:00:00,Monday,10,0.079,1.933,0.000,0.000,0.208,0.000,2.220,praca zdalna
2026-01-19 11:00:00,Monday,11,0.077,1.556,0.000,0.000,0.110,0.000,1.743,praca zdalna
2026-01-19 12:00:00,Monday,12,0.080,1.868,0.000,0.000,0.133,0.000,2.081,praca zdalna
2026-01-19 13:00:00,Monday,13,0.068,1.619,0.000,0.509,0.121,0.000,2.317,praca zdalna
2026-01-19 14:00:00,Monday,14,0.085,1.771,0.000,0.000,0.194,0.000,2.050,praca zdalna
2026-01-19 15:00:00,Monday,15,0.076,1.822,0.000,0.000,0.242,0.000,2.140,praca zdalna
2026-01-19 16:00:00,Monday,16,0.070,1.730,0.038,0.000,0.202,0.000,2.040,praca zdalna
2026-01-19 17:00:00,Monday,17,0.074,1.679,0.099,0.000,0.175,0.000,2.027,
2026-01-19 18:00:00,Monday,18,0.090,1.758,0.085,1.186,0.206,0.000,3.325,
2026-01-19 19:00:00,Monday,19,0.074,1.985,0.146,0.000,0.122,0.000,2.327,
2026-01-19 20:00:00,Monday,20,0.095,1.711,0.088,0.000,0.201,0.506,2.601,zmywarka
2026-01-19 21:00:00,Monday,21,0.092,1.799,0.163,0.000,0.117,0.000,2.171,
2026-01-19 22:00:00,Monday,22,0.086,1.696,0.052,0.000,0.158,0.000,1.992,
2026-01-19 23:00:00,Monday,23,0.080,1.511,0.000,0.000,0.000,0.000,1.591,
2026-01-20 00:00:00,Tuesday,0,0.091,1.724,0.000,0.000,0.000,0.000,1.815,
2026-01-20 01:00:00,Tuesday,1,0.092,1.330,0.000,0.000,0.000,0.000,1.422,
2026-01-20 02:00:00,Tuesday,2,0.077,1.435,0.000,0.000,0.000,0.000,1.512,
2026-01-20 03:00:00,Tuesday,3,0.070,1.485,0.000,0.000,0.000,0.000,1.555,
2026-01-20 04:00:00,Tuesday,4,0.074,1.466,0.000,0.000,0.000,0.000,1.540,
2026-01-20 05:00:00,Tuesday,5,0.106,1.700,0.000,0.000,0.000,0.000,1.806,
2026-01-20 06:00:00,Tuesday,6,0.077,1.666,0.077,0.167,0.000,0.000,1.987,
2026-01-20 07:00:00,Tuesday,7,0.076,1.556,0.062,0.177,0.000,0.000,1.871,
2026-01-20 08:00:00,Tuesday,8,0.073,2.074,0.000,0.319,0.000,0.000,2.466,
2026-01-20 09:00:00,Tuesday,9,0.089,1.990,0.000,0.000,0.088,0.000,2.167,
2026-01-20 10:00:00,Tuesday,10,0.079,2.116,0.000,0.000,0.086,0.000,2.281,
2026-01-20 11:00:00,Tuesday,11,0.084,1.830,0.000,0.000,0.082,0.000,1.996,
2026-01-20 12:00:00,Tuesday,12,0.092,1.834,0.000,0.539,0.050,0.000,2.515,
2026-01-20 13:00:00,Tuesday,13,0.075,1.771,0.000,0.000,0.085,0.000,1.931,
2026-01-20 14:00:00,Tuesday,14,0.074,1.666,0.000,0.000,0.104,0.000,1.844,
2026-01-20 15:00:00,Tuesday,15,0.096,1.840,0.000,0.000,0.102,0.000,2.038,
2026-01-20 16:00:00,Tuesday,16,0.095,1.816,0.039,0.000,0.132,0.000,2.082,
2026-01-20 17:00:00,Tuesday,17,0.074,2.096,0.134,0.641,0.112,0.000,3.057,
2026-01-20 18:00:00,Tuesday,18,0.071,1.817,0.091,0.000,0.133,0.000,2.112,
2026-01-20 19:00:00,Tuesday,19,0.071,1.760,0.062,0.000,0.173,0.487,2.553,zmywarka
2026-01-20 20:00:00,Tuesday,20,0.069,1.859,0.078,0.000,0.103,0.000,2.109,
2026-01-20 21:00:00,Tuesday,21,0.070,1.822,0.150,0.000,0.183,0.000,2.225,
2026-01-20 22:00:00,Tuesday,22,0.078,1.874,0.058,0.000,0.176,0.000,2.186,
2026-01-20 23:00:00,Tuesday,23,0.074,1.771,0.000,0.000,0.000,0.000,1.845,
2026-01-21 00:00:00,Wednesday,0,0.069,1.969,0.000,0.000,0.000,0.000,2.038,
2026-01-21 01:00:00,Wednesday,1,0.071,1.841,0.000,0.000,0.000,0.000,1.912,
2026-01-21 02:00:00,Wednesday,2,0.073,2.177,0.000,0.000,0.000,0.000,2.250,
2026-01-21 03:00:00,Wednesday,3,0.084,1.973,0.000,0.000,0.000,0.000,2.057,
2026-01-21 04:00:00,Wednesday,4,0.088,1.676,0.000,0.000,0.000,0.000,1.764,
2026-01-21 05:00:00,Wednesday,5,0.069,1.666,0.000,0.000,0.000,0.000,1.735,
2026-01-21 06:00:00,Wednesday,6,0.068,1.837,0.063,0.371,0.000,0.000,2.339,
2026-01-21 07:00:00,Wednesday,7,0.073,2.161,0.116,0.220,0.000,0.000,2.570,
2026-01-21 08:00:00,Wednesday,8,0.077,2.397,0.000,0.361,0.000,0.000,2.835,
2026-01-21 09:00:00,Wednesday,9,0.073,1.966,0.000,0.000,0.060,0.000,2.099,
2026-01-21 10:00:00,Wednesday,10,0.091,2.038,0.000,0.000,0.083,0.000,2.212,
2026-01-21 11:00:00,Wednesday,11,0.070,2.246,0.000,0.000,0.083,0.000,2.399,
2026-01-21 12:00:00,Wednesday,12,0.067,2.076,0.000,0.000,0.077,0.000,2.220,
2026-01-21 13:00:00,Wednesday,13,0.090,1.720,0.000,0.465,0.050,0.000,2.325,
2026-01-21 14:00:00,Wednesday,14,0.081,1.974,0.000,0.000,0.100,0.000,2.155,
2026-01-21 15:00:00,Wednesday,15,0.078,1.821,0.000,0.000,0.079,0.000,1.978,
2026-01-21 16:00:00,Wednesday,16,0.072,1.967,0.082,0.000,0.060,0.000,2.181,
2026-01-21 17:00:00,Wednesday,17,0.089,2.193,0.073,0.382,0.201,0.000,2.938,
2026-01-21 18:00:00,Wednesday,18,0.091,1.844,0.157,0.000,0.123,0.000,2.215,
2026-01-21 19:00:00,Wednesday,19,0.074,1.898,0.069,0.000,0.147,0.000,2.188,
2026-01-21 20:00:00,Wednesday,20,0.086,1.721,0.076,0.000,0.100,0.000,1.983,
2026-01-21 21:00:00,Wednesday,21,0.083,1.818,0.097,0.000,0.156,0.000,2.154,
2026-01-21 22:00:00,Wednesday,22,0.076,1.793,0.070,0.000,0.140,0.000,2.079,
2026-01-21 23:00:00,Wednesday,23,0.086,1.818,0.000,0.000,0.000,0.000,1.904,
2026-01-22 00:00:00,Thursday,0,0.094,1.802,0.000,0.000,0.000,0.000,1.896,
2026-01-22 01:00:00,Thursday,1,0.089,1.548,0.000,0.000,0.000,0.000,1.637,
2026-01-22 02:00:00,Thursday,2,0.092,2.045,0.000,0.000,0.000,0.000,2.137,
2026-01-22 03:00:00,Thursday,3,0.089,1.852,0.000,0.000,0.000,0.000,1.941,
2026-01-22 04:00:00,Thursday,4,0.085,1.705,0.000,0.000,0.000,0.000,1.790,
2026-01-22 05:00:00,Thursday,5,0.075,1.990,0.000,0.000,0.000,0.000,2.065,
2026-01-22 06:00:00,Thursday,6,0.086,2.014,0.125,0.248,0.000,0.000,2.473,
2026-01-22 07:00:00,Thursday,7,0.074,1.876,0.068,0.303,0.000,0.000,2.321,
2026-01-22 08:00:00,Thursday,8,0.080,2.017,0.071,0.091,0.000,0.000,2.259,
2026-01-22 09:00:00,Thursday,9,0.073,2.275,0.000,0.000,0.063,0.000,2.411,
2026-01-22 10:00:00,Thursday,10,0.071,2.156,0.000,0.000,0.063,0.000,2.290,
2026-01-22 11:00:00,Thursday,11,0.075,2.152,0.000,0.000,0.088,0.000,2.315,
2026-01-22 12:00:00,Thursday,12,0.075,2.090,0.000,0.000,0.072,0.000,2.237,
2026-01-22 13:00:00,Thursday,13,0.089,1.978,0.000,0.488,0.057,0.000,2.612,
2026-01-22 14:00:00,Thursday,14,0.093,2.120,0.000,0.000,0.053,0.000,2.266,
2026-01-22 15:00:00,Thursday,15,0.070,2.172,0.000,0.000,0.136,0.000,2.378,
2026-01-22 16:00:00,Thursday,16,0.086,1.803,0.062,0.000,0.142,0.000,2.093,
2026-01-22 17:00:00,Thursday,17,0.075,2.155,0.086,0.643,0.161,0.000,3.120,
2026-01-22 18:00:00,Thursday,18,0.081,1.946,0.122,0.000,0.159,0.000,2.308,
2026-01-22 19:00:00,Thursday,19,0.067,2.126,0.097,0.000,0.193,0.000,2.483,
2026-01-22 20:00:00,Thursday,20,0.073,1.936,0.071,0.000,0.143,0.548,2.771,zmywarka
2026-01-22 21:00:00,Thursday,21,0.082,2.147,0.138,0.000,0.137,0.000,2.504,
2026-01-22 22:00:00,Thursday,22,0.077,1.537,0.053,0.000,0.199,0.000,1.866,
2026-01-22 23:00:00,Thursday,23,0.103,1.768,0.000,0.000,0.000,0.000,1.871,
2026-01-23 00:00:00,Friday,0,0.081,1.768,0.000,0.000,0.000,0.000,1.849,
2026-01-23 01:00:00,Friday,1,0.088,1.637,0.000,0.000,0.000,0.000,1.725,
2026-01-23 02:00:00,Friday,2,0.072,1.658,0.000,0.000,0.000,0.000,1.730,
2026-01-23 03:00:00,Friday,3,0.111,1.924,0.000,0.000,0.000,0.000,2.035,
2026-01-23 04:00:00,Friday,4,0.094,2.017,0.000,0.000,0.000,0.000,2.111,
2026-01-23 05:00:00,Friday,5,0.092,1.996,0.000,0.000,0.000,0.000,2.088,
2026-01-23 06:00:00,Friday,6,0.074,2.278,0.053,0.283,0.000,0.000,2.688,
2026-01-23 07:00:00,Friday,7,0.074,1.915,0.122,0.285,0.000,0.000,2.396,
2026-01-23 08:00:00,Friday,8,0.070,1.772,0.104,0.323,0.000,0.000,2.269,
2026-01-23 09:00:00,Friday,9,0.079,1.889,0.000,0.000,0.067,0.000,2.035,
2026-01-23 10:00:00,Friday,10,0.080,2.116,0.000,0.000,0.054,0.000,2.250,
2026-01-23 11:00:00,Friday,11,0.091,1.864,0.000,0.000,0.067,0.000,2.022,
2026-01-23 12:00:00,Friday,12,0.073,2.345,0.000,0.000,0.077,0.000,2.495,
2026-01-23 13:00:00,Friday,13,0.067,1.904,0.000,0.379,0.065,0.000,2.415,
2026-01-23 14:00:00,Friday,14,0.085,2.171,0.000,0.000,0.147,0.000,2.403,
2026-01-23 15:00:00,Friday,15,0.074,2.013,0.000,0.000,0.125,0.000,2.212,
2026-01-23 16:00:00,Friday,16,0.083,2.389,0.047,0.000,0.146,0.000,2.665,
2026-01-23 17:00:00,Friday,17,0.077,2.121,0.142,0.377,0.116,0.000,2.833,
2026-01-23 18:00:00,Friday,18,0.082,2.210,0.117,0.000,0.111,0.000,2.520,
2026-01-23 19:00:00,Friday,19,0.071,2.024,0.110,0.000,0.193,0.491,2.889,zmywarka
2026-01-23 20:00:00,Friday,20,0.091,2.313,0.109,0.000,0.179,0.000,2.692,
2026-01-23 21:00:00,Friday,21,0.092,1.901,0.145,0.000,0.178,0.000,2.316,
2026-01-23 22:00:00,Friday,22,0.092,1.670,0.058,0.000,0.107,0.000,1.927,
2026-01-23 23:00:00,Friday,23,0.083,1.932,0.000,0.000,0.000,0.000,2.015,
2026-01-24 00:00:00,Saturday,0,0.145,1.882,0.000,0.000,0.000,0.000,2.027,tryb opieki nad psem; wyjazd / nieobecność
2026-01-24 01:00:00,Saturday,1,0.108,1.851,0.000,0.000,0.000,0.000,1.959,tryb opieki nad psem; wyjazd / nieobecność
2026-01-24 02:00:00,Saturday,2,0.127,1.900,0.000,0.000,0.000,0.000,2.027,tryb opieki nad psem; wyjazd / nieobecność
2026-01-24 03:00:00,Saturday,3,0.113,1.643,0.000,0.000,0.000,0.000,1.756,tryb opieki nad psem; wyjazd / nieobecność
2026-01-24 04:00:00,Saturday,4,0.100,1.508,0.000,0.000,0.000,0.000,1.608,tryb opieki nad psem; wyjazd / nieobecność
2026-01-24 05:00:00,Saturday,5,0.145,1.760,0.000,0.000,0.000,0.000,1.905,tryb opieki nad psem; wyjazd / nieobecność
2026-01-24 06:00:00,Saturday,6,0.126,1.445,0.000,0.000,0.000,0.000,1.571,tryb opieki nad psem; wyjazd / nieobecność
2026-01-24 07:00:00,Saturday,7,0.113,1.867,0.000,0.000,0.000,0.000,1.980,tryb opieki nad psem; wyjazd / nieobecność
2026-01-24 08:00:00,Saturday,8,0.118,1.612,0.000,0.000,0.000,0.000,1.730,tryb opieki nad psem; wyjazd / nieobecność
2026-01-24 09:00:00,Saturday,9,0.125,1.397,0.000,0.000,0.000,0.000,1.522,tryb opieki nad psem; wyjazd / nieobecność
2026-01-24 10:00:00,Saturday,10,0.146,1.570,0.000,0.000,0.000,0.000,1.716,tryb opieki nad psem; wyjazd / nieobecność
2026-01-24 11:00:00,Saturday,11,0.131,1.322,0.000,0.000,0.000,0.000,1.453,tryb opieki nad psem; wyjazd / nieobecność
2026-01-24 12:00:00,Saturday,12,0.103,1.363,0.000,0.000,0.000,0.000,1.466,tryb opieki nad psem; wyjazd / nieobecność
2026-01-24 13:00:00,Saturday,13,0.124,1.384,0.000,0.000,0.000,0.000,1.508,tryb opieki nad psem; wyjazd / nieobecność
2026-01-24 14:00:00,Saturday,14,0.119,1.447,0.000,0.000,0.000,0.000,1.566,tryb opieki nad psem; wyjazd / nieobecność
2026-01-24 15:00:00,Saturday,15,0.124,1.313,0.000,0.000,0.000,0.000,1.437,tryb opieki nad psem; wyjazd / nieobecność
2026-01-24 16:00:00,Saturday,16,0.136,1.368,0.000,0.000,0.000,0.000,1.504,tryb opieki nad psem; wyjazd / nieobecność
2026-01-24 17:00:00,Saturday,17,0.131,1.684,0.000,0.000,0.000,0.000,1.815,tryb opieki nad psem; wyjazd / nieobecność
2026-01-24 18:00:00,Saturday,18,0.125,1.687,0.000,0.000,0.000,0.000,1.812,tryb opieki nad psem; wyjazd / nieobecność
2026-01-24 19:00:00,Saturday,19,0.117,1.618,0.000,0.000,0.000,0.000,1.735,tryb opieki nad psem; wyjazd / nieobecność
2026-01-24 20:00:00,Saturday,20,0.130,1.675,0.000,0.000,0.000,0.000,1.805,tryb opieki nad psem; wyjazd / nieobecność
2026-01-24 21:00:00,Saturday,21,0.136,1.751,0.000,0.000,0.000,0.000,1.887,tryb opieki nad psem; wyjazd / nieobecność
2026-01-24 22:00:00,Saturday,22,0.138,1.652,0.000,0.000,0.000,0.000,1.790,tryb opieki nad psem; wyjazd / nieobecność
2026-01-24 23:00:00,Saturday,23,0.146,1.709,0.000,0.000,0.000,0.000,1.855,tryb opieki nad psem; wyjazd / nieobecność
2026-01-25 00:00:00,Sunday,0,0.133,1.765,0.000,0.000,0.000,0.000,1.898,tryb opieki nad psem; wyjazd / nieobecność
2026-01-25 01:00:00,Sunday,1,0.145,1.609,0.000,0.000,0.000,0.000,1.754,tryb opieki nad psem; wyjazd / nieobecność
2026-01-25 02:00:00,Sunday,2,0.136,1.616,0.000,0.000,0.000,0.000,1.752,tryb opieki nad psem; wyjazd / nieobecność
2026-01-25 03:00:00,Sunday,3,0.131,1.577,0.000,0.000,0.000,0.000,1.708,tryb opieki nad psem; wyjazd / nieobecność
2026-01-25 04:00:00,Sunday,4,0.137,1.631,0.000,0.000,0.000,0.000,1.768,tryb opieki nad psem; wyjazd / nieobecność
2026-01-25 05:00:00,Sunday,5,0.101,1.732,0.000,0.000,0.000,0.000,1.833,tryb opieki nad psem; wyjazd / nieobecność
2026-01-25 06:00:00,Sunday,6,0.132,1.647,0.000,0.000,0.000,0.000,1.779,tryb opieki nad psem; wyjazd / nieobecność
2026-01-25 07:00:00,Sunday,7,0.104,1.682,0.000,0.000,0.000,0.000,1.786,tryb opieki nad psem; wyjazd / nieobecność
2026-01-25 08:00:00,Sunday,8,0.134,1.507,0.000,0.000,0.000,0.000,1.641,tryb opieki nad psem; wyjazd / nieobecność
2026-01-25 09:00:00,Sunday,9,0.128,1.594,0.000,0.000,0.000,0.000,1.722,tryb opieki nad psem; wyjazd / nieobecność
2026-01-25 10:00:00,Sunday,10,0.128,1.810,0.000,0.000,0.000,0.000,1.938,tryb opieki nad psem; wyjazd / nieobecność
2026-01-25 11:00:00,Sunday,11,0.131,1.407,0.000,0.000,0.000,0.000,1.538,tryb opieki nad psem; wyjazd / nieobecność
2026-01-25 12:00:00,Sunday,12,0.105,1.310,0.000,0.000,0.000,0.000,1.415,tryb opieki nad psem; wyjazd / nieobecność
2026-01-25 13:00:00,Sunday,13,0.128,1.519,0.000,0.000,0.000,0.000,1.647,tryb opieki nad psem; wyjazd / nieobecność
2026-01-25 14:00:00,Sunday,14,0.104,1.475,0.000,0.000,0.000,0.000,1.579,tryb opieki nad psem; wyjazd / nieobecność
2026-01-25 15:00:00,Sunday,15,0.118,1.294,0.000,0.000,0.000,0.000,1.412,tryb opieki nad psem; wyjazd / nieobecność
2026-01-25 16:00:00,Sunday,16,0.148,1.398,0.000,0.000,0.000,0.000,1.546,tryb opieki nad psem; wyjazd / nieobecność
2026-01-25 17:00:00,Sunday,17,0.121,1.638,0.000,0.000,0.000,0.000,1.759,tryb opieki nad psem; wyjazd / nieobecność
2026-01-25 18:00:00,Sunday,18,0.136,1.548,0.000,0.000,0.000,0.000,1.684,tryb opieki nad psem; wyjazd / nieobecność
2026-01-25 19:00:00,Sunday,19,0.108,1.522,0.000,0.000,0.000,0.000,1.630,tryb opieki nad psem; wyjazd / nieobecność
2026-01-25 20:00:00,Sunday,20,0.139,1.595,0.000,0.000,0.000,0.000,1.734,tryb opieki nad psem; wyjazd / nieobecność
2026-01-25 21:00:00,Sunday,21,0.123,1.508,0.000,0.000,0.000,0.000,1.631,tryb opieki nad psem; wyjazd / nieobecność
2026-01-25 22:00:00,Sunday,22,0.119,1.544,0.000,0.000,0.000,0.000,1.663,tryb opieki nad psem; wyjazd / nieobecność
2026-01-25 23:00:00,Sunday,23,0.113,1.593,0.000,0.000,0.000,0.000,1.706,tryb opieki nad psem; wyjazd / nieobecność
2026-01-26 00:00:00,Monday,0,0.093,1.906,0.000,0.000,0.000,0.000,1.999,
2026-01-26 01:00:00,Monday,1,0.089,1.535,0.000,0.000,0.000,0.000,1.624,
2026-01-26 02:00:00,Monday,2,0.094,2.041,0.000,0.000,0.000,0.000,2.135,
2026-01-26 03:00:00,Monday,3,0.083,2.041,0.000,0.000,0.000,0.000,2.124,
2026-01-26 04:00:00,Monday,4,0.072,1.661,0.000,0.000,0.000,0.000,1.733,
2026-01-26 05:00:00,Monday,5,0.096,2.063,0.000,0.000,0.000,0.000,2.159,
2026-01-26 06:00:00,Monday,6,0.085,1.791,0.108,0.233,0.000,0.000,2.217,
2026-01-26 07:00:00,Monday,7,0.068,2.242,0.082,0.358,0.000,0.000,2.750,
2026-01-26 08:00:00,Monday,8,0.078,2.166,0.110,0.268,0.000,0.000,2.622,
2026-01-26 09:00:00,Monday,9,0.076,1.849,0.000,0.000,0.054,0.000,1.979,
2026-01-26 10:00:00,Monday,10,0.095,2.321,0.000,0.000,0.052,0.000,2.468,
2026-01-26 11:00:00,Monday,11,0.093,2.167,0.000,0.000,0.078,0.000,2.338,
2026-01-26 12:00:00,Monday,12,0.076,2.295,0.000,0.292,0.058,0.000,2.721,
2026-01-26 13:00:00,Monday,13,0.082,2.388,0.000,0.000,0.079,0.000,2.549,
2026-01-26 14:00:00,Monday,14,0.070,1.787,0.000,0.000,0.149,0.000,2.006,
2026-01-26 15:00:00,Monday,15,0.086,1.981,0.000,0.000,0.077,0.000,2.144,
2026-01-26 16:00:00,Monday,16,0.079,1.909,0.102,0.000,0.110,0.000,2.200,
2026-01-26 17:00:00,Monday,17,0.085,1.855,0.124,0.581,0.109,0.000,2.754,
2026-01-26 18:00:00,Monday,18,0.080,2.204,0.065,0.000,0.151,0.000,2.500,
2026-01-26 19:00:00,Monday,19,0.083,2.299,0.167,0.000,0.140,0.644,3.333,zmywarka
2026-01-26 20:00:00,Monday,20,0.068,2.159,0.139,0.000,0.167,0.000,2.533,
2026-01-26 21:00:00,Monday,21,0.085,2.060,0.097,0.000,0.103,0.000,2.345,
2026-01-26 22:00:00,Monday,22,0.088,1.979,0.060,0.000,0.127,0.000,2.254,
2026-01-26 23:00:00,Monday,23,0.088,1.830,0.000,0.000,0.000,0.000,1.918,
2026-01-27 00:00:00,Tuesday,0,0.099,1.619,0.000,0.000,0.000,0.000,1.718,
2026-01-27 01:00:00,Tuesday,1,0.097,2.052,0.000,0.000,0.000,0.000,2.149,
2026-01-27 02:00:00,Tuesday,2,0.094,1.744,0.000,0.000,0.000,0.000,1.838,
2026-01-27 03:00:00,Tuesday,3,0.086,1.717,0.000,0.000,0.000,0.000,1.803,
2026-01-27 04:00:00,Tuesday,4,0.086,2.153,0.000,0.000,0.000,0.000,2.239,
2026-01-27 05:00:00,Tuesday,5,0.091,1.946,0.000,0.000,0.000,0.000,2.037,
2026-01-27 06:00:00,Tuesday,6,0.077,1.954,0.103,0.293,0.000,0.000,2.427,
2026-01-27 07:00:00,Tuesday,7,0.084,1.929,0.080,0.359,0.000,0.000,2.452,
2026-01-27 08:00:00,Tuesday,8,0.070,1.895,0.092,0.127,0.000,0.000,2.184,
2026-01-27 09:00:00,Tuesday,9,0.071,2.121,0.000,0.000,0.058,0.000,2.250,
2026-01-27 10:00:00,Tuesday,10,0.070,2.203,0.000,0.000,0.057,0.000,2.330,
2026-01-27 11:00:00,Tuesday,11,0.081,1.764,0.000,0.000,0.088,0.000,1.933,
2026-01-27 12:00:00,Tuesday,12,0.081,2.350,0.000,0.000,0.055,0.000,2.486,
2026-01-27 13:00:00,Tuesday,13,0.077,1.861,0.000,0.439,0.071,0.000,2.448,
2026-01-27 14:00:00,Tuesday,14,0.067,1.827,0.000,0.000,0.064,0.482,2.440,pralka
2026-01-27 15:00:00,Tuesday,15,0.095,2.152,0.000,0.000,0.049,1.432,3.728,suszarka
2026-01-27 16:00:00,Tuesday,16,0.093,1.747,0.074,0.000,0.079,0.000,1.993,
2026-01-27 17:00:00,Tuesday,17,0.076,2.220,0.122,0.000,0.196,0.000,2.614,
2026-01-27 18:00:00,Tuesday,18,0.069,2.305,0.154,0.617,0.128,0.000,3.273,
2026-01-27 19:00:00,Tuesday,19,0.083,1.873,0.096,0.000,0.123,0.529,2.704,zmywarka
2026-01-27 20:00:00,Tuesday,20,0.085,2.171,0.106,0.000,0.108,0.000,2.470,
2026-01-27 21:00:00,Tuesday,21,0.093,2.302,0.137,0.000,0.204,0.000,2.736,
2026-01-27 22:00:00,Tuesday,22,0.073,2.101,0.070,0.000,0.159,0.000,2.403,
2026-01-27 23:00:00,Tuesday,23,0.068,2.174,0.000,0.000,0.000,0.000,2.242,
2026-01-28 00:00:00,Wednesday,0,0.085,1.763,0.000,0.000,0.000,0.000,1.848,
2026-01-28 01:00:00,Wednesday,1,0.079,1.816,0.000,0.000,0.000,0.000,1.895,
2026-01-28 02:00:00,Wednesday,2,0.092,1.847,0.000,0.000,0.000,0.000,1.939,
2026-01-28 03:00:00,Wednesday,3,0.086,2.073,0.000,0.000,0.000,0.000,2.159,
2026-01-28 04:00:00,Wednesday,4,0.096,1.747,0.000,0.000,0.000,0.000,1.843,
2026-01-28 05:00:00,Wednesday,5,0.088,2.063,0.000,0.000,0.000,0.000,2.151,
2026-01-28 06:00:00,Wednesday,6,0.070,2.332,0.123,0.293,0.000,0.000,2.818,
2026-01-28 07:00:00,Wednesday,7,0.092,2.070,0.100,0.199,0.000,0.000,2.461,
2026-01-28 08:00:00,Wednesday,8,0.093,1.913,0.119,0.234,0.000,0.000,2.359,
2026-01-28 09:00:00,Wednesday,9,0.091,2.185,0.000,0.000,0.067,0.000,2.343,
2026-01-28 10:00:00,Wednesday,10,0.074,1.919,0.000,0.000,0.053,0.000,2.046,
2026-01-28 11:00:00,Wednesday,11,0.074,2.377,0.000,0.000,0.087,0.000,2.538,
2026-01-28 12:00:00,Wednesday,12,0.090,2.146,0.000,0.251,0.059,0.000,2.546,
2026-01-28 13:00:00,Wednesday,13,0.073,2.027,0.000,0.000,0.059,0.000,2.159,
2026-01-28 14:00:00,Wednesday,14,0.076,2.031,0.000,0.000,0.148,0.000,2.255,
2026-01-28 15:00:00,Wednesday,15,0.091,2.216,0.000,0.000,0.139,0.000,2.446,
2026-01-28 16:00:00,Wednesday,16,0.083,2.392,0.041,0.000,0.070,0.000,2.586,
2026-01-28 17:00:00,Wednesday,17,0.086,2.266,0.091,1.080,0.109,0.000,3.632,
2026-01-28 18:00:00,Wednesday,18,0.073,2.293,0.128,0.000,0.122,0.000,2.616,
2026-01-28 19:00:00,Wednesday,19,0.088,2.335,0.134,0.000,0.189,0.557,3.303,zmywarka
2026-01-28 20:00:00,Wednesday,20,0.073,2.117,0.100,0.000,0.118,0.000,2.408,
2026-01-28 21:00:00,Wednesday,21,0.085,2.445,0.077,0.000,0.091,0.000,2.698,
2026-01-28 22:00:00,Wednesday,22,0.083,2.171,0.034,0.000,0.095,0.000,2.383,
2026-01-28 23:00:00,Wednesday,23,0.093,2.275,0.000,0.000,0.000,0.000,2.368,
2026-01-29 00:00:00,Thursday,0,0.083,2.261,0.000,0.000,0.000,0.000,2.344,
2026-01-29 01:00:00,Thursday,1,0.074,2.155,0.000,0.000,0.000,0.000,2.229,
2026-01-29 02:00:00,Thursday,2,0.071,2.190,0.000,0.000,0.000,0.000,2.261,
2026-01-29 03:00:00,Thursday,3,0.073,2.186,0.000,0.000,0.000,0.000,2.259,
2026-01-29 04:00:00,Thursday,4,0.100,1.979,0.000,0.000,0.000,0.000,2.079,
2026-01-29 05:00:00,Thursday,5,0.077,2.155,0.000,0.000,0.000,0.000,2.232,
2026-01-29 06:00:00,Thursday,6,0.080,1.895,0.055,0.177,0.000,0.000,2.207,
2026-01-29 07:00:00,Thursday,7,0.091,2.484,0.084,0.175,0.000,0.000,2.834,
2026-01-29 08:00:00,Thursday,8,0.078,2.500,0.080,0.185,0.000,0.000,2.843,
2026-01-29 09:00:00,Thursday,9,0.070,2.133,0.000,0.000,0.155,0.000,2.358,praca zdalna
2026-01-29 10:00:00,Thursday,10,0.091,2.059,0.000,0.000,0.126,0.000,2.276,praca zdalna
2026-01-29 11:00:00,Thursday,11,0.070,2.479,0.000,0.000,0.145,0.000,2.694,praca zdalna
2026-01-29 12:00:00,Thursday,12,0.089,2.127,0.000,0.000,0.144,0.000,2.360,praca zdalna
2026-01-29 13:00:00,Thursday,13,0.068,2.342,0.000,0.241,0.170,0.000,2.821,praca zdalna
2026-01-29 14:00:00,Thursday,14,0.074,2.063,0.000,0.000,0.199,0.000,2.336,praca zdalna
2026-01-29 15:00:00,Thursday,15,0.077,1.969,0.000,0.000,0.169,0.000,2.215,praca zdalna
2026-01-29 16:00:00,Thursday,16,0.076,2.406,0.051,0.000,0.224,0.000,2.757,praca zdalna
2026-01-29 17:00:00,Thursday,17,0.084,1.861,0.134,0.000,0.191,0.000,2.270,
2026-01-29 18:00:00,Thursday,18,0.080,2.111,0.170,0.370,0.101,0.000,2.832,
2026-01-29 19:00:00,Thursday,19,0.079,2.428,0.178,0.000,0.139,0.632,3.456,zmywarka
2026-01-29 20:00:00,Thursday,20,0.088,1.837,0.179,0.000,0.134,0.000,2.238,
2026-01-29 21:00:00,Thursday,21,0.079,1.923,0.074,0.000,0.095,0.000,2.171,
2026-01-29 22:00:00,Thursday,22,0.072,1.932,0.056,0.000,0.196,0.000,2.256,
2026-01-29 23:00:00,Thursday,23,0.091,2.047,0.000,0.000,0.000,0.000,2.138,
2026-01-30 00:00:00,Friday,0,0.089,2.141,0.000,0.000,0.000,0.000,2.230,
2026-01-30 01:00:00,Friday,1,0.077,1.897,0.000,0.000,0.000,0.000,1.974,
2026-01-30 02:00:00,Friday,2,0.083,1.885,0.000,0.000,0.000,0.000,1.968,
2026-01-30 03:00:00,Friday,3,0.077,2.156,0.000,0.000,0.000,0.000,2.233,
2026-01-30 04:00:00,Friday,4,0.088,2.069,0.000,0.000,0.000,0.000,2.157,
2026-01-30 05:00:00,Friday,5,0.092,1.708,0.000,0.000,0.000,0.000,1.800,
2026-01-30 06:00:00,Friday,6,0.080,2.170,0.068,0.286,0.000,0.000,2.604,
2026-01-30 07:00:00,Friday,7,0.089,1.904,0.103,0.223,0.000,0.000,2.319,
2026-01-30 08:00:00,Friday,8,0.067,1.838,0.075,0.266,0.000,0.000,2.246,
2026-01-30 09:00:00,Friday,9,0.067,2.065,0.000,0.000,0.053,0.000,2.185,
2026-01-30 10:00:00,Friday,10,0.082,2.224,0.000,0.000,0.065,0.000,2.371,
2026-01-30 11:00:00,Friday,11,0.080,1.937,0.000,0.000,0.070,0.000,2.087,
2026-01-30 12:00:00,Friday,12,0.070,1.851,0.000,0.000,0.076,0.000,1.997,
2026-01-30 13:00:00,Friday,13,0.073,1.839,0.000,0.407,0.078,0.000,2.397,
2026-01-30 14:00:00,Friday,14,0.088,1.990,0.000,0.000,0.065,0.000,2.143,
2026-01-30 15:00:00,Friday,15,0.088,2.262,0.000,0.000,0.145,0.000,2.495,
2026-01-30 16:00:00,Friday,16,0.070,2.165,0.049,0.000,0.094,0.000,2.378,
2026-01-30 17:00:00,Friday,17,0.074,2.251,0.108,0.658,0.146,0.000,3.237,
2026-01-30 18:00:00,Friday,18,0.077,2.041,0.161,0.000,0.161,0.000,2.440,
2026-01-30 19:00:00,Friday,19,0.074,1.904,0.158,0.000,0.180,0.000,2.316,
2026-01-30 20:00:00,Friday,20,0.071,2.168,0.105,0.000,0.191,0.590,3.125,zmywarka
2026-01-30 21:00:00,Friday,21,0.095,1.838,0.121,0.000,0.209,0.000,2.263,
2026-01-30 22:00:00,Friday,22,0.073,1.928,0.062,0.000,0.203,0.000,2.266,
2026-01-30 23:00:00,Friday,23,0.082,2.083,0.000,0.000,0.000,0.000,2.165,
2026-01-31 00:00:00,Saturday,0,0.091,1.706,0.000,0.000,0.000,0.000,1.797,
2026-01-31 01:00:00,Saturday,1,0.112,1.884,0.000,0.000,0.000,0.000,1.996,
2026-01-31 02:00:00,Saturday,2,0.089,2.162,0.000,0.000,0.000,0.000,2.251,
2026-01-31 03:00:00,Saturday,3,0.071,2.165,0.000,0.000,0.000,0.000,2.236,
2026-01-31 04:00:00,Saturday,4,0.092,2.167,0.000,0.000,0.000,0.000,2.259,
2026-01-31 05:00:00,Saturday,5,0.100,1.910,0.000,0.000,0.000,0.000,2.010,
2026-01-31 06:00:00,Saturday,6,0.075,2.258,0.050,0.220,0.000,0.000,2.603,
2026-01-31 07:00:00,Saturday,7,0.079,1.937,0.109,0.254,0.000,0.000,2.379,
2026-01-31 08:00:00,Saturday,8,0.086,2.224,0.058,0.287,0.000,0.000,2.655,
2026-01-31 09:00:00,Saturday,9,0.083,2.423,0.000,0.000,0.106,0.000,2.612,
2026-01-31 10:00:00,Saturday,10,0.083,2.554,0.000,0.000,0.097,0.000,2.734,
2026-01-31 11:00:00,Saturday,11,0.095,2.179,0.000,0.000,0.042,0.385,2.701,pralka
2026-01-31 12:00:00,Saturday,12,0.077,2.376,0.000,0.331,0.036,0.000,2.820,
2026-01-31 13:00:00,Saturday,13,0.077,2.342,0.000,0.000,0.074,0.617,3.110,zmywarka
2026-01-31 14:00:00,Saturday,14,0.082,2.524,0.000,0.000,0.146,0.000,2.752,
2026-01-31 15:00:00,Saturday,15,0.079,2.476,0.000,0.000,0.063,0.000,2.618,
2026-01-31 16:00:00,Saturday,16,0.071,2.248,0.073,0.000,0.102,0.000,2.494,
2026-01-31 17:00:00,Saturday,17,0.088,2.115,0.176,0.000,0.124,0.000,2.503,
2026-01-31 18:00:00,Saturday,18,0.091,2.353,0.093,0.493,0.185,0.000,3.215,
2026-01-31 19:00:00,Saturday,19,0.078,2.436,0.085,0.000,0.158,0.000,2.757,
2026-01-31 20:00:00,Saturday,20,0.068,2.050,0.179,0.000,0.101,0.000,2.398,
2026-01-31 21:00:00,Saturday,21,0.091,2.183,0.101,0.000,0.103,0.000,2.478,
2026-01-31 22:00:00,Saturday,22,0.075,1.989,0.065,0.000,0.192,0.000,2.321,
2026-01-31 23:00:00,Saturday,23,0.072,2.137,0.000,0.000,0.000,0.000,2.209,
2026-02-01 00:00:00,Sunday,0,0.068,2.114,0.000,0.000,0.000,0.000,2.182,
2026-02-01 01:00:00,Sunday,1,0.073,2.099,0.000,0.000,0.000,0.000,2.172,
2026-02-01 02:00:00,Sunday,2,0.067,1.915,0.000,0.000,0.000,0.000,1.982,
2026-02-01 03:00:00,Sunday,3,0.090,2.179,0.000,0.000,0.000,0.000,2.269,
2026-02-01 04:00:00,Sunday,4,0.107,2.393,0.000,0.000,0.000,0.000,2.500,
2026-02-01 05:00:00,Sunday,5,0.083,1.856,0.000,0.000,0.000,0.000,1.939,
2026-02-01 06:00:00,Sunday,6,0.089,2.585,0.125,0.308,0.000,0.000,3.107,
2026-02-01 07:00:00,Sunday,7,0.084,2.584,0.069,0.306,0.000,0.000,3.043,
2026-02-01 08:00:00,Sunday,8,0.092,2.546,0.000,0.214,0.000,0.000,2.852,
2026-02-01 09:00:00,Sunday,9,0.078,2.449,0.000,0.000,0.079,0.000,2.606,
2026-02-01 10:00:00,Sunday,10,0.070,2.269,0.000,0.000,0.065,0.000,2.404,
2026-02-01 11:00:00,Sunday,11,0.095,2.188,0.000,0.000,0.105,0.000,2.388,
2026-02-01 12:00:00,Sunday,12,0.080,1.988,0.000,0.000,0.139,0.000,2.207,
2026-02-01 13:00:00,Sunday,13,0.086,2.401,0.000,0.364,0.035,0.000,2.886,
2026-02-01 14:00:00,Sunday,14,0.072,2.240,0.000,0.000,0.052,0.000,2.364,
2026-02-01 15:00:00,Sunday,15,0.075,2.169,0.000,0.000,0.097,0.000,2.341,
2026-02-01 16:00:00,Sunday,16,0.090,2.250,0.000,0.000,0.097,0.000,2.437,
2026-02-01 17:00:00,Sunday,17,0.086,2.299,0.061,0.422,0.115,0.000,2.983,
2026-02-01 18:00:00,Sunday,18,0.090,2.534,0.073,0.000,0.100,0.000,2.797,
2026-02-01 19:00:00,Sunday,19,0.080,2.088,0.086,0.000,0.110,0.000,2.364,
2026-02-01 20:00:00,Sunday,20,0.080,2.654,0.156,0.000,0.128,0.000,3.018,
2026-02-01 21:00:00,Sunday,21,0.080,2.310,0.169,0.000,0.185,0.000,2.744,
2026-02-01 22:00:00,Sunday,22,0.070,2.245,0.083,0.000,0.112,0.000,2.510,
2026-02-01 23:00:00,Sunday,23,0.066,2.192,0.000,0.000,0.000,0.000,2.258,
2026-02-02 00:00:00,Monday,0,0.080,2.203,0.000,0.000,0.000,0.000,2.283,
2026-02-02 01:00:00,Monday,1,0.085,2.039,0.000,0.000,0.000,0.000,2.124,
2026-02-02 02:00:00,Monday,2,0.085,2.449,0.000,0.000,0.000,0.000,2.534,
2026-02-02 03:00:00,Monday,3,0.092,2.017,0.000,0.000,0.000,0.000,2.109,
2026-02-02 04:00:00,Monday,4,0.071,2.364,0.000,0.000,0.000,0.000,2.435,
2026-02-02 05:00:00,Monday,5,0.073,2.272,0.000,0.000,0.000,0.000,2.345,
2026-02-02 06:00:00,Monday,6,0.091,2.581,0.061,0.265,0.000,0.000,2.998,
2026-02-02 07:00:00,Monday,7,0.088,2.674,0.042,0.304,0.000,0.000,3.108,
2026-02-02 08:00:00,Monday,8,0.082,2.264,0.000,0.197,0.000,0.000,2.543,
2026-02-02 09:00:00,Monday,9,0.067,2.096,0.000,0.000,0.104,0.000,2.267,praca zdalna
2026-02-02 10:00:00,Monday,10,0.089,2.228,0.000,0.000,0.131,0.000,2.448,praca zdalna
2026-02-02 11:00:00,Monday,11,0.088,2.369,0.000,0.000,0.119,0.000,2.576,praca zdalna
2026-02-02 12:00:00,Monday,12,0.094,2.353,0.000,0.392,0.125,0.000,2.964,praca zdalna
2026-02-02 13:00:00,Monday,13,0.092,2.345,0.000,0.000,0.116,0.000,2.553,praca zdalna
2026-02-02 14:00:00,Monday,14,0.076,2.227,0.000,0.000,0.143,0.000,2.446,praca zdalna
2026-02-02 15:00:00,Monday,15,0.068,2.241,0.000,0.000,0.232,0.000,2.541,praca zdalna
2026-02-02 16:00:00,Monday,16,0.068,2.545,0.000,0.000,0.134,0.000,2.747,praca zdalna
2026-02-02 17:00:00,Monday,17,0.084,2.390,0.103,0.422,0.133,0.000,3.132,
2026-02-02 18:00:00,Monday,18,0.070,2.197,0.170,0.000,0.095,0.000,2.532,
2026-02-02 19:00:00,Monday,19,0.090,2.739,0.097,0.000,0.112,0.000,3.038,
2026-02-02 20:00:00,Monday,20,0.095,2.408,0.133,0.000,0.200,0.584,3.420,zmywarka
2026-02-02 21:00:00,Monday,21,0.091,2.521,0.174,0.000,0.122,0.000,2.908,
2026-02-02 22:00:00,Monday,22,0.079,2.021,0.058,0.000,0.130,0.000,2.288,
2026-02-02 23:00:00,Monday,23,0.094,2.271,0.000,0.000,0.000,0.000,2.365,
2026-02-03 00:00:00,Tuesday,0,0.070,2.042,0.000,0.000,0.000,0.000,2.112,
2026-02-03 01:00:00,Tuesday,1,0.080,1.954,0.000,0.000,0.000,0.000,2.034,
2026-02-03 02:00:00,Tuesday,2,0.109,2.493,0.000,0.000,0.000,0.000,2.602,
2026-02-03 03:00:00,Tuesday,3,0.085,2.057,0.000,0.000,0.000,0.000,2.142,
2026-02-03 04:00:00,Tuesday,4,0.096,2.391,0.000,0.000,0.000,0.000,2.487,
2026-02-03 05:00:00,Tuesday,5,0.070,2.454,0.000,0.000,0.000,0.000,2.524,
2026-02-03 06:00:00,Tuesday,6,0.078,2.591,0.043,0.146,0.000,0.000,2.858,
2026-02-03 07:00:00,Tuesday,7,0.083,2.394,0.088,0.247,0.000,0.000,2.812,
2026-02-03 08:00:00,Tuesday,8,0.083,2.059,0.000,0.158,0.000,0.000,2.300,
2026-02-03 09:00:00,Tuesday,9,0.080,2.515,0.000,0.000,0.077,0.000,2.672,
2026-02-03 10:00:00,Tuesday,10,0.092,2.173,0.000,0.000,0.082,0.000,2.347,
2026-02-03 11:00:00,Tuesday,11,0.071,1.970,0.000,0.000,0.088,0.370,2.499,pralka
2026-02-03 12:00:00,Tuesday,12,0.085,1.963,0.000,0.000,0.070,1.305,3.423,suszarka
2026-02-03 13:00:00,Tuesday,13,0.096,1.925,0.000,0.329,0.070,0.000,2.420,
2026-02-03 14:00:00,Tuesday,14,0.074,1.759,0.000,0.000,0.077,0.000,1.910,
2026-02-03 15:00:00,Tuesday,15,0.078,2.056,0.000,0.000,0.070,0.000,2.204,
2026-02-03 16:00:00,Tuesday,16,0.082,1.985,0.000,0.000,0.116,0.000,2.183,
2026-02-03 17:00:00,Tuesday,17,0.066,1.784,0.159,0.000,0.151,0.000,2.160,
2026-02-03 18:00:00,Tuesday,18,0.074,2.385,0.076,0.533,0.172,0.000,3.240,
2026-02-03 19:00:00,Tuesday,19,0.081,2.440,0.136,0.000,0.208,0.491,3.356,zmywarka
2026-02-03 20:00:00,Tuesday,20,0.086,1.819,0.116,0.000,0.136,0.000,2.157,
2026-02-03 21:00:00,Tuesday,21,0.080,2.270,0.170,0.000,0.192,0.000,2.712,
2026-02-03 22:00:00,Tuesday,22,0.091,1.922,0.079,0.000,0.163,0.000,2.255,
2026-02-03 23:00:00,Tuesday,23,0.096,2.260,0.000,0.000,0.000,0.000,2.356,
2026-02-04 00:00:00,Wednesday,0,0.088,2.135,0.000,0.000,0.000,0.000,2.223,
2026-02-04 01:00:00,Wednesday,1,0.077,1.882,0.000,0.000,0.000,0.000,1.959,
2026-02-04 02:00:00,Wednesday,2,0.073,2.176,0.000,0.000,0.000,0.000,2.249,
2026-02-04 03:00:00,Wednesday,3,0.103,2.092,0.000,0.000,0.000,0.000,2.195,
2026-02-04 04:00:00,Wednesday,4,0.085,2.231,0.000,0.000,0.000,0.000,2.316,
2026-02-04 05:00:00,Wednesday,5,0.082,1.825,0.000,0.000,0.000,0.000,1.907,
2026-02-04 06:00:00,Wednesday,6,0.082,2.011,0.078,0.127,0.000,0.000,2.298,
2026-02-04 07:00:00,Wednesday,7,0.081,2.560,0.054,0.209,0.000,0.000,2.904,
2026-02-04 08:00:00,Wednesday,8,0.094,2.558,0.000,0.248,0.000,0.000,2.900,
2026-02-04 09:00:00,Wednesday,9,0.077,2.500,0.000,0.000,0.116,0.000,2.693,praca zdalna
2026-02-04 10:00:00,Wednesday,10,0.084,1.993,0.000,0.000,0.142,0.000,2.219,praca zdalna
2026-02-04 11:00:00,Wednesday,11,0.086,2.348,0.000,0.000,0.197,0.000,2.631,praca zdalna
2026-02-04 12:00:00,Wednesday,12,0.075,2.458,0.000,0.331,0.119,0.000,2.983,praca zdalna
2026-02-04 13:00:00,Wednesday,13,0.083,2.036,0.000,0.000,0.125,0.000,2.244,praca zdalna
2026-02-04 14:00:00,Wednesday,14,0.073,2.489,0.000,0.000,0.217,0.000,2.779,praca zdalna
2026-02-04 15:00:00,Wednesday,15,0.071,1.940,0.000,0.000,0.139,0.000,2.150,praca zdalna
2026-02-04 16:00:00,Wednesday,16,0.068,2.372,0.000,0.000,0.157,0.000,2.597,praca zdalna
2026-02-04 17:00:00,Wednesday,17,0.079,2.074,0.122,0.000,0.172,0.000,2.447,
2026-02-04 18:00:00,Wednesday,18,0.085,1.988,0.142,0.779,0.137,0.000,3.131,
2026-02-04 19:00:00,Wednesday,19,0.086,2.159,0.102,0.000,0.148,0.714,3.209,zmywarka
2026-02-04 20:00:00,Wednesday,20,0.068,1.975,0.170,0.000,0.135,0.000,2.348,
2026-02-04 21:00:00,Wednesday,21,0.071,2.362,0.079,0.000,0.134,0.000,2.646,
2026-02-04 22:00:00,Wednesday,22,0.071,1.870,0.077,0.000,0.190,0.000,2.208,
2026-02-04 23:00:00,Wednesday,23,0.071,2.170,0.000,0.000,0.000,0.000,2.241,
2026-02-05 00:00:00,Thursday,0,0.094,2.151,0.000,0.000,0.000,0.000,2.245,
2026-02-05 01:00:00,Thursday,1,0.104,2.059,0.000,0.000,0.000,0.000,2.163,
2026-02-05 02:00:00,Thursday,2,0.085,2.097,0.000,0.000,0.000,0.000,2.182,
2026-02-05 03:00:00,Thursday,3,0.073,2.087,0.000,0.000,0.000,0.000,2.160,
2026-02-05 04:00:00,Thursday,4,0.095,2.038,0.000,0.000,0.000,0.000,2.133,
2026-02-05 05:00:00,Thursday,5,0.071,2.230,0.000,0.000,0.000,0.000,2.301,
2026-02-05 06:00:00,Thursday,6,0.095,2.500,0.095,0.287,0.000,0.000,2.977,
2026-02-05 07:00:00,Thursday,7,0.068,2.131,0.067,0.309,0.000,0.000,2.575,
2026-02-05 08:00:00,Thursday,8,0.078,2.416,0.000,0.347,0.000,0.000,2.841,
2026-02-05 09:00:00,Thursday,9,0.072,2.053,0.000,0.000,0.051,0.000,2.176,
2026-02-05 10:00:00,Thursday,10,0.093,2.369,0.000,0.000,0.064,0.000,2.526,
2026-02-05 11:00:00,Thursday,11,0.076,2.398,0.000,0.000,0.084,0.000,2.558,
2026-02-05 12:00:00,Thursday,12,0.095,2.338,0.000,0.000,0.068,0.000,2.501,
2026-02-05 13:00:00,Thursday,13,0.072,2.174,0.000,0.361,0.058,0.000,2.665,
2026-02-05 14:00:00,Thursday,14,0.076,2.383,0.000,0.000,0.105,0.000,2.564,
2026-02-05 15:00:00,Thursday,15,0.074,2.133,0.000,0.000,0.112,0.000,2.319,
2026-02-05 16:00:00,Thursday,16,0.072,2.319,0.000,0.000,0.126,0.000,2.517,
2026-02-05 17:00:00,Thursday,17,0.076,2.048,0.166,0.572,0.167,0.000,3.029,
2026-02-05 18:00:00,Thursday,18,0.071,2.414,0.092,0.000,0.139,0.000,2.716,
2026-02-05 19:00:00,Thursday,19,0.073,1.958,0.179,0.000,0.154,0.000,2.364,
2026-02-05 20:00:00,Thursday,20,0.076,2.068,0.100,0.000,0.115,0.608,2.967,zmywarka
2026-02-05 21:00:00,Thursday,21,0.085,2.299,0.164,0.000,0.207,0.000,2.755,
2026-02-05 22:00:00,Thursday,22,0.085,1.683,0.076,0.000,0.099,0.000,1.943,
2026-02-05 23:00:00,Thursday,23,0.082,2.030,0.000,0.000,0.000,0.000,2.112,
2026-02-06 00:00:00,Friday,0,0.089,2.081,0.000,0.000,0.000,0.000,2.170,
2026-02-06 01:00:00,Friday,1,0.070,2.092,0.000,0.000,0.000,0.000,2.162,
2026-02-06 02:00:00,Friday,2,0.077,1.615,0.000,0.000,0.000,0.000,1.692,
2026-02-06 03:00:00,Friday,3,0.094,1.702,0.000,0.000,0.000,0.000,1.796,
2026-02-06 04:00:00,Friday,4,0.073,1.735,0.000,0.000,0.000,0.000,1.808,
2026-02-06 05:00:00,Friday,5,0.102,1.907,0.000,0.000,0.000,0.000,2.009,
2026-02-06 06:00:00,Friday,6,0.076,1.985,0.077,0.326,0.000,0.000,2.464,
2026-02-06 07:00:00,Friday,7,0.085,2.006,0.098,0.284,0.000,0.000,2.473,
2026-02-06 08:00:00,Friday,8,0.074,1.883,0.000,0.209,0.000,0.000,2.166,
2026-02-06 09:00:00,Friday,9,0.082,2.088,0.000,0.000,0.054,0.000,2.224,
2026-02-06 10:00:00,Friday,10,0.094,1.693,0.000,0.000,0.068,0.000,1.855,
2026-02-06 11:00:00,Friday,11,0.068,1.693,0.000,0.000,0.064,0.000,1.825,
2026-02-06 12:00:00,Friday,12,0.081,2.014,0.000,0.365,0.059,0.000,2.519,
2026-02-06 13:00:00,Friday,13,0.069,1.775,0.000,0.000,0.087,0.000,1.931,
2026-02-06 14:00:00,Friday,14,0.070,1.627,0.000,0.000,0.073,0.000,1.770,
2026-02-06 15:00:00,Friday,15,0.084,1.607,0.000,0.000,0.125,0.000,1.816,
2026-02-06 16:00:00,Friday,16,0.068,1.816,0.000,0.000,0.062,0.000,1.946,
2026-02-06 17:00:00,Friday,17,0.092,1.575,0.128,0.000,0.119,0.000,1.914,
2026-02-06 18:00:00,Friday,18,0.073,1.784,0.092,0.602,0.185,0.000,2.736,
2026-02-06 19:00:00,Friday,19,0.074,2.025,0.128,0.000,0.185,0.000,2.412,
2026-02-06 20:00:00,Friday,20,0.082,1.751,0.151,0.000,0.140,0.664,2.788,zmywarka
2026-02-06 21:00:00,Friday,21,0.079,2.119,0.084,0.000,0.146,0.000,2.428,
2026-02-06 22:00:00,Friday,22,0.083,1.549,0.036,0.000,0.190,0.000,1.858,
2026-02-06 23:00:00,Friday,23,0.079,1.736,0.000,0.000,0.000,0.000,1.815,
2026-02-07 00:00:00,Saturday,0,0.094,1.648,0.000,0.000,0.000,0.000,1.742,
2026-02-07 01:00:00,Saturday,1,0.076,1.752,0.000,0.000,0.000,0.000,1.828,
2026-02-07 02:00:00,Saturday,2,0.070,2.010,0.000,0.000,0.000,0.000,2.080,
2026-02-07 03:00:00,Saturday,3,0.071,1.995,0.000,0.000,0.000,0.000,2.066,
2026-02-07 04:00:00,Saturday,4,0.079,1.596,0.000,0.000,0.000,0.000,1.675,
2026-02-07 05:00:00,Saturday,5,0.092,1.987,0.000,0.000,0.000,0.000,2.079,
2026-02-07 06:00:00,Saturday,6,0.091,2.045,0.071,0.336,0.000,0.000,2.543,
2026-02-07 07:00:00,Saturday,7,0.085,1.859,0.091,0.213,0.000,0.000,2.248,
2026-02-07 08:00:00,Saturday,8,0.071,1.903,0.000,0.172,0.000,0.000,2.146,
2026-02-07 09:00:00,Saturday,9,0.084,2.009,0.000,0.000,0.076,0.000,2.169,
2026-02-07 10:00:00,Saturday,10,0.091,1.703,0.000,0.000,0.105,0.000,1.899,
2026-02-07 11:00:00,Saturday,11,0.072,1.849,0.000,0.000,0.098,0.000,2.019,
2026-02-07 12:00:00,Saturday,12,0.076,1.695,0.000,0.546,0.070,0.000,2.387,
2026-02-07 13:00:00,Saturday,13,0.075,1.916,0.000,0.000,0.046,0.000,2.037,
2026-02-07 14:00:00,Saturday,14,0.084,2.214,0.000,0.000,0.058,0.480,2.836,zmywarka
2026-02-07 15:00:00,Saturday,15,0.070,1.730,0.000,0.000,0.117,0.000,1.917,
2026-02-07 16:00:00,Saturday,16,0.070,1.919,0.000,0.000,0.077,0.000,2.066,
2026-02-07 17:00:00,Saturday,17,0.094,2.318,0.131,0.000,0.179,0.000,2.722,
2026-02-07 18:00:00,Saturday,18,0.088,1.983,0.077,0.592,0.139,0.000,2.879,
2026-02-07 19:00:00,Saturday,19,0.096,2.106,0.073,0.000,0.189,0.000,2.464,
2026-02-07 20:00:00,Saturday,20,0.093,1.909,0.176,0.000,0.091,0.000,2.269,
2026-02-07 21:00:00,Saturday,21,0.067,1.850,0.070,0.000,0.158,0.000,2.145,
2026-02-07 22:00:00,Saturday,22,0.088,2.116,0.076,0.000,0.122,0.000,2.402,
2026-02-07 23:00:00,Saturday,23,0.091,2.043,0.000,0.000,0.000,0.000,2.134,
2026-02-08 00:00:00,Sunday,0,0.067,1.909,0.000,0.000,0.000,0.000,1.976,
2026-02-08 01:00:00,Sunday,1,0.077,1.915,0.000,0.000,0.000,0.000,1.992,
2026-02-08 02:00:00,Sunday,2,0.094,1.864,0.000,0.000,0.000,0.000,1.958,
2026-02-08 03:00:00,Sunday,3,0.106,1.714,0.000,0.000,0.000,0.000,1.820,
2026-02-08 04:00:00,Sunday,4,0.104,1.727,0.000,0.000,0.000,0.000,1.831,
2026-02-08 05:00:00,Sunday,5,0.067,2.123,0.000,0.000,0.000,0.000,2.190,
2026-02-08 06:00:00,Sunday,6,0.086,1.888,0.046,0.325,0.000,0.000,2.345,
2026-02-08 07:00:00,Sunday,7,0.076,2.175,0.096,0.149,0.000,0.000,2.496,
2026-02-08 08:00:00,Sunday,8,0.076,1.909,0.000,0.332,0.000,0.000,2.317,
2026-02-08 09:00:00,Sunday,9,0.072,1.943,0.000,0.000,0.067,0.000,2.082,
2026-02-08 10:00:00,Sunday,10,0.080,1.963,0.000,0.000,0.091,0.000,2.134,
2026-02-08 11:00:00,Sunday,11,0.071,2.012,0.000,0.000,0.076,0.000,2.159,
2026-02-08 12:00:00,Sunday,12,0.080,1.842,0.000,0.000,0.146,0.000,2.068,
2026-02-08 13:00:00,Sunday,13,0.074,1.834,0.000,0.745,0.148,0.000,2.801,
2026-02-08 14:00:00,Sunday,14,0.077,2.182,0.000,0.000,0.109,0.000,2.368,
2026-02-08 15:00:00,Sunday,15,0.091,1.808,0.000,0.000,0.064,0.000,1.963,
2026-02-08 16:00:00,Sunday,16,0.091,1.813,0.000,0.000,0.044,0.000,1.948,
2026-02-08 17:00:00,Sunday,17,0.071,1.861,0.156,0.460,0.149,0.000,2.697,
2026-02-08 18:00:00,Sunday,18,0.086,2.064,0.063,0.000,0.181,0.000,2.394,
2026-02-08 19:00:00,Sunday,19,0.093,1.903,0.167,0.000,0.105,0.000,2.268,
2026-02-08 20:00:00,Sunday,20,0.073,2.229,0.134,0.000,0.181,0.000,2.617,
2026-02-08 21:00:00,Sunday,21,0.066,2.140,0.161,0.000,0.187,0.000,2.554,
2026-02-08 22:00:00,Sunday,22,0.072,1.762,0.076,0.000,0.145,0.000,2.055,
2026-02-08 23:00:00,Sunday,23,0.102,1.838,0.000,0.000,0.000,0.000,1.940,
2026-02-09 00:00:00,Monday,0,0.076,1.991,0.000,0.000,0.000,0.000,2.067,
2026-02-09 01:00:00,Monday,1,0.068,2.000,0.000,0.000,0.000,0.000,2.068,
2026-02-09 02:00:00,Monday,2,0.070,1.804,0.000,0.000,0.000,0.000,1.874,
2026-02-09 03:00:00,Monday,3,0.097,1.864,0.000,0.000,0.000,0.000,1.961,
2026-02-09 04:00:00,Monday,4,0.095,2.192,0.000,0.000,0.000,0.000,2.287,
2026-02-09 05:00:00,Monday,5,0.086,2.099,0.000,0.000,0.000,0.000,2.185,
2026-02-09 06:00:00,Monday,6,0.075,2.330,0.112,0.335,0.000,0.000,2.852,
2026-02-09 07:00:00,Monday,7,0.073,1.981,0.050,0.224,0.000,0.000,2.328,
2026-02-09 08:00:00,Monday,8,0.086,2.117,0.000,0.229,0.000,0.000,2.432,
2026-02-09 09:00:00,Monday,9,0.074,2.076,0.000,0.000,0.071,0.000,2.221,
2026-02-09 10:00:00,Monday,10,0.083,2.147,0.000,0.000,0.083,0.000,2.313,
2026-02-09 11:00:00,Monday,11,0.088,2.107,0.000,0.000,0.088,0.000,2.283,
2026-02-09 12:00:00,Monday,12,0.067,2.295,0.000,0.000,0.079,0.000,2.441,
2026-02-09 13:00:00,Monday,13,0.077,2.266,0.000,0.471,0.081,0.000,2.895,
2026-02-09 14:00:00,Monday,14,0.080,1.769,0.000,0.000,0.101,0.000,1.950,
2026-02-09 15:00:00,Monday,15,0.092,1.883,0.000,0.000,0.150,0.000,2.125,
2026-02-09 16:00:00,Monday,16,0.085,1.855,0.000,0.000,0.133,0.000,2.073,
2026-02-09 17:00:00,Monday,17,0.086,1.981,0.097,0.000,0.207,0.000,2.371,
2026-02-09 18:00:00,Monday,18,0.074,2.230,0.143,1.194,0.163,0.000,3.804,
2026-02-09 19:00:00,Monday,19,0.071,1.955,0.151,0.000,0.116,0.000,2.293,
2026-02-09 20:00:00,Monday,20,0.092,2.140,0.087,0.000,0.128,0.712,3.159,zmywarka
2026-02-09 21:00:00,Monday,21,0.095,2.045,0.093,0.000,0.167,0.000,2.400,
2026-02-09 22:00:00,Monday,22,0.093,1.891,0.034,0.000,0.131,0.000,2.149,
2026-02-09 23:00:00,Monday,23,0.084,1.931,0.000,0.000,0.000,0.000,2.015,
2026-02-10 00:00:00,Tuesday,0,0.068,2.118,0.000,0.000,0.000,0.000,2.186,
2026-02-10 01:00:00,Tuesday,1,0.071,1.849,0.000,0.000,0.000,0.000,1.920,
2026-02-10 02:00:00,Tuesday,2,0.080,1.636,0.000,0.000,0.000,0.000,1.716,
2026-02-10 03:00:00,Tuesday,3,0.082,1.718,0.000,0.000,0.000,0.000,1.800,
2026-02-10 04:00:00,Tuesday,4,0.071,1.828,0.000,0.000,0.000,0.000,1.899,
2026-02-10 05:00:00,Tuesday,5,0.089,1.753,0.000,0.000,0.000,0.000,1.842,
2026-02-10 06:00:00,Tuesday,6,0.076,1.736,0.055,0.220,0.000,0.000,2.087,
2026-02-10 07:00:00,Tuesday,7,0.083,1.981,0.110,0.278,0.000,0.000,2.452,
2026-02-10 08:00:00,Tuesday,8,0.094,2.081,0.000,0.206,0.000,0.000,2.381,
2026-02-10 09:00:00,Tuesday,9,0.096,1.982,0.000,0.000,0.089,0.000,2.167,
2026-02-10 10:00:00,Tuesday,10,0.070,2.149,0.000,0.000,0.064,0.000,2.283,
2026-02-10 11:00:00,Tuesday,11,0.076,1.913,0.000,0.000,0.068,0.000,2.057,
2026-02-10 12:00:00,Tuesday,12,0.089,2.048,0.000,0.291,0.080,0.000,2.508,
2026-02-10 13:00:00,Tuesday,13,0.083,2.152,0.000,0.000,0.061,0.000,2.296,
2026-02-10 14:00:00,Tuesday,14,0.089,1.949,0.000,0.000,0.137,0.000,2.175,
2026-02-10 15:00:00,Tuesday,15,0.092,1.991,0.000,0.000,0.140,0.000,2.223,
2026-02-10 16:00:00,Tuesday,16,0.086,1.858,0.000,0.000,0.148,0.000,2.092,
2026-02-10 17:00:00,Tuesday,17,0.070,2.137,0.163,0.000,0.140,0.000,2.510,
2026-02-10 18:00:00,Tuesday,18,0.092,1.814,0.093,0.477,0.151,0.000,2.627,
2026-02-10 19:00:00,Tuesday,19,0.088,1.811,0.145,0.000,0.116,0.609,2.769,zmywarka
2026-02-10 20:00:00,Tuesday,20,0.074,2.131,0.073,0.000,0.152,0.000,2.430,
2026-02-10 21:00:00,Tuesday,21,0.070,2.243,0.070,0.000,0.106,0.000,2.489,
2026-02-10 22:00:00,Tuesday,22,0.082,1.741,0.077,0.000,0.198,0.000,2.098,
2026-02-10 23:00:00,Tuesday,23,0.099,1.825,0.000,0.000,0.000,0.000,1.924,
2026-02-11 00:00:00,Wednesday,0,0.069,2.127,0.000,0.000,0.000,0.000,2.196,
2026-02-11 01:00:00,Wednesday,1,0.088,1.782,0.000,0.000,0.000,0.000,1.870,
2026-02-11 02:00:00,Wednesday,2,0.066,1.892,0.000,0.000,0.000,0.000,1.958,
2026-02-11 03:00:00,Wednesday,3,0.067,1.897,0.000,0.000,0.000,0.000,1.964,
2026-02-11 04:00:00,Wednesday,4,0.096,1.989,0.000,0.000,0.000,0.000,2.085,
2026-02-11 05:00:00,Wednesday,5,0.090,1.586,0.000,0.000,0.000,0.000,1.676,
2026-02-11 06:00:00,Wednesday,6,0.091,2.204,0.096,0.239,0.000,0.000,2.630,
2026-02-11 07:00:00,Wednesday,7,0.082,1.802,0.103,0.230,0.000,0.000,2.217,
2026-02-11 08:00:00,Wednesday,8,0.072,2.019,0.000,0.289,0.000,0.000,2.380,
2026-02-11 09:00:00,Wednesday,9,0.070,1.832,0.000,0.000,0.056,0.000,1.958,
2026-02-11 10:00:00,Wednesday,10,0.093,1.899,0.000,0.000,0.085,0.535,2.612,pralka
2026-02-11 11:00:00,Wednesday,11,0.067,1.663,0.000,0.000,0.071,0.983,2.784,suszarka
2026-02-11 12:00:00,Wednesday,12,0.090,1.718,0.000,0.000,0.086,0.000,1.894,
2026-02-11 13:00:00,Wednesday,13,0.088,1.865,0.000,0.369,0.085,0.000,2.407,
2026-02-11 14:00:00,Wednesday,14,0.076,2.086,0.000,0.000,0.119,0.000,2.281,
2026-02-11 15:00:00,Wednesday,15,0.085,1.716,0.000,0.000,0.086,0.000,1.887,
2026-02-11 16:00:00,Wednesday,16,0.067,1.715,0.000,0.000,0.127,0.000,1.909,
2026-02-11 17:00:00,Wednesday,17,0.077,1.746,0.064,0.534,0.171,0.000,2.592,
2026-02-11 18:00:00,Wednesday,18,0.092,1.946,0.077,0.000,0.207,0.000,2.322,
2026-02-11 19:00:00,Wednesday,19,0.088,2.036,0.088,0.000,0.099,0.000,2.311,
2026-02-11 20:00:00,Wednesday,20,0.075,2.085,0.106,0.000,0.095,0.000,2.361,
2026-02-11 21:00:00,Wednesday,21,0.092,2.055,0.105,0.000,0.146,0.000,2.398,
2026-02-11 22:00:00,Wednesday,22,0.082,1.883,0.089,0.000,0.143,0.000,2.197,
2026-02-11 23:00:00,Wednesday,23,0.078,1.685,0.000,0.000,0.000,0.000,1.763,
2026-02-12 00:00:00,Thursday,0,0.082,2.105,0.000,0.000,0.000,0.000,2.187,
2026-02-12 01:00:00,Thursday,1,0.098,1.654,0.000,0.000,0.000,0.000,1.752,
2026-02-12 02:00:00,Thursday,2,0.091,1.664,0.000,0.000,0.000,0.000,1.755,
2026-02-12 03:00:00,Thursday,3,0.081,2.113,0.000,0.000,0.000,0.000,2.194,
2026-02-12 04:00:00,Thursday,4,0.093,2.092,0.000,0.000,0.000,0.000,2.185,
2026-02-12 05:00:00,Thursday,5,0.088,2.048,0.000,0.000,0.000,0.000,2.136,
2026-02-12 06:00:00,Thursday,6,0.070,2.267,0.050,0.248,0.000,0.000,2.635,
2026-02-12 07:00:00,Thursday,7,0.088,1.796,0.078,0.255,0.000,0.000,2.217,
2026-02-12 08:00:00,Thursday,8,0.071,2.029,0.000,0.229,0.000,0.000,2.329,
2026-02-12 09:00:00,Thursday,9,0.086,2.065,0.000,0.000,0.137,0.000,2.288,praca zdalna
2026-02-12 10:00:00,Thursday,10,0.068,1.957,0.000,0.000,0.149,0.000,2.174,praca zdalna
2026-02-12 11:00:00,Thursday,11,0.081,2.200,0.000,0.000,0.178,0.000,2.459,praca zdalna
2026-02-12 12:00:00,Thursday,12,0.076,2.201,0.000,0.000,0.130,0.000,2.407,praca zdalna
2026-02-12 13:00:00,Thursday,13,0.067,1.708,0.000,0.188,0.118,0.000,2.081,praca zdalna
2026-02-12 14:00:00,Thursday,14,0.070,1.873,0.000,0.000,0.167,0.000,2.110,praca zdalna
2026-02-12 15:00:00,Thursday,15,0.071,2.202,0.000,0.000,0.215,0.000,2.488,praca zdalna
2026-02-12 16:00:00,Thursday,16,0.084,2.014,0.000,0.000,0.134,0.000,2.232,praca zdalna
2026-02-12 17:00:00,Thursday,17,0.086,2.119,0.170,0.000,0.175,0.000,2.550,
2026-02-12 18:00:00,Thursday,18,0.089,1.948,0.077,0.597,0.152,0.000,2.863,
2026-02-12 19:00:00,Thursday,19,0.075,1.925,0.173,0.000,0.163,0.589,2.925,zmywarka
2026-02-12 20:00:00,Thursday,20,0.071,1.776,0.169,0.000,0.167,0.000,2.183,
2026-02-12 21:00:00,Thursday,21,0.077,2.306,0.145,0.000,0.194,0.000,2.722,
2026-02-12 22:00:00,Thursday,22,0.076,1.624,0.088,0.000,0.208,0.000,1.996,
2026-02-12 23:00:00,Thursday,23,0.076,2.112,0.000,0.000,0.000,0.000,2.188,
2026-02-13 00:00:00,Friday,0,0.104,2.037,0.000,0.000,0.000,0.000,2.141,
2026-02-13 01:00:00,Friday,1,0.103,2.104,0.000,0.000,0.000,0.000,2.207,
2026-02-13 02:00:00,Friday,2,0.080,2.120,0.000,0.000,0.000,0.000,2.200,
2026-02-13 03:00:00,Friday,3,0.099,1.769,0.000,0.000,0.000,0.000,1.868,
2026-02-13 04:00:00,Friday,4,0.105,1.828,0.000,0.000,0.000,0.000,1.933,
2026-02-13 05:00:00,Friday,5,0.075,2.321,0.000,0.000,0.000,0.000,2.396,
2026-02-13 06:00:00,Friday,6,0.076,2.297,0.107,0.367,0.000,0.000,2.847,
2026-02-13 07:00:00,Friday,7,0.083,2.146,0.055,0.235,0.000,0.000,2.519,
2026-02-13 08:00:00,Friday,8,0.071,2.168,0.000,0.322,0.000,0.000,2.561,
2026-02-13 09:00:00,Friday,9,0.089,2.248,0.000,0.000,0.053,0.000,2.390,
2026-02-13 10:00:00,Friday,10,0.072,2.182,0.000,0.000,0.068,0.000,2.322,
2026-02-13 11:00:00,Friday,11,0.075,2.294,0.000,0.000,0.074,0.000,2.443,
2026-02-13 12:00:00,Friday,12,0.080,2.435,0.000,0.532,0.059,0.000,3.106,
2026-02-13 13:00:00,Friday,13,0.073,1.951,0.000,0.000,0.074,0.413,2.511,pralka
2026-02-13 14:00:00,Friday,14,0.089,2.413,0.000,0.000,0.116,1.187,3.805,suszarka
2026-02-13 15:00:00,Friday,15,0.080,2.460,0.000,0.000,0.089,0.000,2.629,
2026-02-13 16:00:00,Friday,16,0.083,2.221,0.000,0.000,0.070,0.000,2.374,
2026-02-13 17:00:00,Friday,17,0.089,2.122,0.143,0.517,0.114,0.000,2.985,
2026-02-13 18:00:00,Friday,18,0.077,2.257,0.142,0.000,0.172,0.000,2.648,
2026-02-13 19:00:00,Friday,19,0.074,1.976,0.074,0.000,0.093,0.000,2.217,
2026-02-13 20:00:00,Friday,20,0.085,2.072,0.065,0.000,0.151,0.691,3.064,zmywarka
2026-02-13 21:00:00,Friday,21,0.079,2.180,0.113,0.000,0.163,0.000,2.535,
2026-02-13 22:00:00,Friday,22,0.088,2.357,0.036,0.000,0.154,0.000,2.635,
2026-02-13 23:00:00,Friday,23,0.080,1.784,0.000,0.000,0.000,0.000,1.864,
2026-02-14 00:00:00,Saturday,0,0.096,2.380,0.000,0.000,0.000,0.000,2.476,
2026-02-14 01:00:00,Saturday,1,0.070,2.166,0.000,0.000,0.000,0.000,2.236,
2026-02-14 02:00:00,Saturday,2,0.076,1.898,0.000,0.000,0.000,0.000,1.974,
2026-02-14 03:00:00,Saturday,3,0.096,2.383,0.000,0.000,0.000,0.000,2.479,
2026-02-14 04:00:00,Saturday,4,0.091,2.301,0.000,0.000,0.000,0.000,2.392,
2026-02-14 05:00:00,Saturday,5,0.083,2.099,0.000,0.000,0.000,0.000,2.182,
2026-02-14 06:00:00,Saturday,6,0.090,2.441,0.052,0.268,0.000,0.000,2.851,
2026-02-14 07:00:00,Saturday,7,0.092,2.673,0.108,0.188,0.000,0.000,3.061,
2026-02-14 08:00:00,Saturday,8,0.082,2.470,0.000,0.218,0.000,0.000,2.770,
2026-02-14 09:00:00,Saturday,9,0.071,2.758,0.000,0.000,0.108,0.000,2.937,
2026-02-14 10:00:00,Saturday,10,0.084,2.100,0.000,0.000,0.133,0.571,2.888,pralka
2026-02-14 11:00:00,Saturday,11,0.080,2.408,0.000,0.000,0.096,0.945,3.529,suszarka
2026-02-14 12:00:00,Saturday,12,0.079,2.220,0.000,0.292,0.058,0.000,2.649,
2026-02-14 13:00:00,Saturday,13,0.087,2.132,0.000,0.000,0.129,0.000,2.348,
2026-02-14 14:00:00,Saturday,14,0.079,2.415,0.000,0.000,0.098,0.653,3.245,zmywarka
2026-02-14 15:00:00,Saturday,15,0.094,2.363,0.000,0.000,0.070,0.000,2.527,
2026-02-14 16:00:00,Saturday,16,0.070,2.461,0.000,0.000,0.070,0.000,2.601,
2026-02-14 17:00:00,Saturday,17,0.092,2.225,0.165,0.000,0.123,0.000,2.605,goście
2026-02-14 18:00:00,Saturday,18,0.078,2.284,0.161,0.565,0.185,0.000,3.273,goście
2026-02-14 19:00:00,Saturday,19,0.068,2.198,0.126,0.000,0.190,0.000,2.582,goście
2026-02-14 20:00:00,Saturday,20,0.068,2.397,0.130,0.000,0.175,0.000,2.770,goście
2026-02-14 21:00:00,Saturday,21,0.080,2.449,0.065,0.000,0.091,0.000,2.685,goście
2026-02-14 22:00:00,Saturday,22,0.079,1.819,0.068,0.000,0.164,0.000,2.130,
2026-02-14 23:00:00,Saturday,23,0.102,2.413,0.000,0.000,0.000,0.000,2.515,
2026-02-15 00:00:00,Sunday,0,0.111,2.010,0.000,0.000,0.000,0.000,2.121,
2026-02-15 01:00:00,Sunday,1,0.067,2.107,0.000,0.000,0.000,0.000,2.174,
2026-02-15 02:00:00,Sunday,2,0.091,2.308,0.000,0.000,0.000,0.000,2.399,
2026-02-15 03:00:00,Sunday,3,0.099,2.454,0.000,0.000,0.000,0.000,2.553,
2026-02-15 04:00:00,Sunday,4,0.095,2.658,0.000,0.000,0.000,0.000,2.753,
2026-02-15 05:00:00,Sunday,5,0.109,2.705,0.000,0.000,0.000,0.000,2.814,
2026-02-15 06:00:00,Sunday,6,0.067,2.536,0.059,0.238,0.000,0.000,2.900,
2026-02-15 07:00:00,Sunday,7,0.085,2.614,0.077,0.197,0.000,0.000,2.973,
2026-02-15 08:00:00,Sunday,8,0.087,2.389,0.000,0.254,0.000,0.000,2.730,
2026-02-15 09:00:00,Sunday,9,0.083,2.116,0.000,0.000,0.079,0.000,2.278,
2026-02-15 10:00:00,Sunday,10,0.090,2.330,0.000,0.000,0.034,0.000,2.454,
2026-02-15 11:00:00,Sunday,11,0.075,2.154,0.000,0.000,0.032,0.000,2.261,
2026-02-15 12:00:00,Sunday,12,0.069,2.156,0.000,0.000,0.032,0.000,2.257,
2026-02-15 13:00:00,Sunday,13,0.080,2.415,0.000,0.749,0.086,0.533,3.863,zmywarka
2026-02-15 14:00:00,Sunday,14,0.082,2.124,0.000,0.000,0.130,0.000,2.336,
2026-02-15 15:00:00,Sunday,15,0.072,2.463,0.000,0.000,0.115,0.000,2.650,
2026-02-15 16:00:00,Sunday,16,0.091,2.373,0.000,0.000,0.143,0.000,2.607,
2026-02-15 17:00:00,Sunday,17,0.077,1.928,0.148,0.907,0.185,0.000,3.245,goście
2026-02-15 18:00:00,Sunday,18,0.089,2.322,0.065,0.000,0.158,0.000,2.634,goście
2026-02-15 19:00:00,Sunday,19,0.085,2.219,0.145,0.000,0.133,0.000,2.582,goście
2026-02-15 20:00:00,Sunday,20,0.093,2.159,0.151,0.000,0.128,0.000,2.531,goście
2026-02-15 21:00:00,Sunday,21,0.071,2.281,0.119,0.000,0.177,0.000,2.648,goście
2026-02-15 22:00:00,Sunday,22,0.070,2.125,0.087,0.000,0.198,0.000,2.480,
2026-02-15 23:00:00,Sunday,23,0.089,2.123,0.000,0.000,0.000,0.000,2.212,
2026-02-16 00:00:00,Monday,0,0.086,2.270,0.000,0.000,0.000,0.000,2.356,
2026-02-16 01:00:00,Monday,1,0.105,1.809,0.000,0.000,0.000,0.000,1.914,
2026-02-16 02:00:00,Monday,2,0.091,2.038,0.000,0.000,0.000,0.000,2.129,
2026-02-16 03:00:00,Monday,3,0.079,1.817,0.000,0.000,0.000,0.000,1.896,
2026-02-16 04:00:00,Monday,4,0.081,2.018,0.000,0.000,0.000,0.000,2.099,
2026-02-16 05:00:00,Monday,5,0.068,1.967,0.000,0.000,0.000,0.000,2.035,
2026-02-16 06:00:00,Monday,6,0.091,2.381,0.079,0.183,0.000,0.000,2.734,
2026-02-16 07:00:00,Monday,7,0.068,2.405,0.120,0.347,0.000,0.000,2.940,
2026-02-16 08:00:00,Monday,8,0.076,2.024,0.000,0.223,0.000,0.000,2.323,
2026-02-16 09:00:00,Monday,9,0.091,1.978,0.000,0.000,0.072,0.000,2.141,
2026-02-16 10:00:00,Monday,10,0.086,2.268,0.000,0.000,0.053,0.000,2.407,
2026-02-16 11:00:00,Monday,11,0.089,2.125,0.000,0.000,0.068,0.000,2.282,
2026-02-16 12:00:00,Monday,12,0.092,1.898,0.000,0.000,0.052,0.000,2.042,
2026-02-16 13:00:00,Monday,13,0.068,2.029,0.000,0.206,0.060,0.000,2.363,
2026-02-16 14:00:00,Monday,14,0.070,2.459,0.000,0.000,0.149,0.000,2.678,
2026-02-16 15:00:00,Monday,15,0.073,1.966,0.000,0.000,0.074,0.000,2.113,
2026-02-16 16:00:00,Monday,16,0.091,2.525,0.000,0.000,0.089,0.000,2.705,
2026-02-16 17:00:00,Monday,17,0.079,1.987,0.158,0.727,0.163,0.000,3.114,goście
2026-02-16 18:00:00,Monday,18,0.093,2.140,0.121,0.000,0.108,0.000,2.462,goście
2026-02-16 19:00:00,Monday,19,0.081,2.331,0.175,0.000,0.132,0.000,2.719,goście
2026-02-16 20:00:00,Monday,20,0.088,2.405,0.093,0.000,0.123,0.650,3.359,goście; zmywarka
2026-02-16 21:00:00,Monday,21,0.088,2.366,0.071,0.000,0.146,0.000,2.671,goście
2026-02-16 22:00:00,Monday,22,0.085,1.827,0.089,0.000,0.112,0.000,2.113,
2026-02-16 23:00:00,Monday,23,0.104,2.245,0.000,0.000,0.000,0.000,2.349,
2026-02-17 00:00:00,Tuesday,0,0.076,2.122,0.000,0.000,0.000,0.000,2.198,
2026-02-17 01:00:00,Tuesday,1,0.090,2.215,0.000,0.000,0.000,0.000,2.305,
2026-02-17 02:00:00,Tuesday,2,0.071,2.430,0.000,0.000,0.000,0.000,2.501,
2026-02-17 03:00:00,Tuesday,3,0.093,1.961,0.000,0.000,0.000,0.000,2.054,
2026-02-17 04:00:00,Tuesday,4,0.091,1.899,0.000,0.000,0.000,0.000,1.990,
2026-02-17 05:00:00,Tuesday,5,0.071,2.489,0.000,0.000,0.000,0.000,2.560,
2026-02-17 06:00:00,Tuesday,6,0.080,2.032,0.049,0.250,0.000,0.000,2.411,
2026-02-17 07:00:00,Tuesday,7,0.091,2.547,0.073,0.208,0.000,0.000,2.919,
2026-02-17 08:00:00,Tuesday,8,0.082,2.420,0.000,0.283,0.000,0.000,2.785,
2026-02-17 09:00:00,Tuesday,9,0.073,2.605,0.000,0.000,0.084,0.475,3.237,pralka
2026-02-17 10:00:00,Tuesday,10,0.075,2.086,0.000,0.000,0.069,0.000,2.230,
2026-02-17 11:00:00,Tuesday,11,0.083,2.258,0.000,0.000,0.065,0.000,2.406,
2026-02-17 12:00:00,Tuesday,12,0.083,2.272,0.000,0.000,0.059,0.000,2.414,
2026-02-17 13:00:00,Tuesday,13,0.078,2.014,0.000,0.510,0.068,0.000,2.670,
2026-02-17 14:00:00,Tuesday,14,0.073,2.134,0.000,0.000,0.131,0.000,2.338,
2026-02-17 15:00:00,Tuesday,15,0.067,2.239,0.000,0.000,0.095,0.000,2.401,
2026-02-17 16:00:00,Tuesday,16,0.070,1.850,0.000,0.000,0.137,0.000,2.057,
2026-02-17 17:00:00,Tuesday,17,0.087,2.299,0.103,0.000,0.161,0.000,2.650,
2026-02-17 18:00:00,Tuesday,18,0.073,2.306,0.118,0.479,0.152,0.000,3.128,
2026-02-17 19:00:00,Tuesday,19,0.068,2.161,0.171,0.000,0.099,0.512,3.011,zmywarka
2026-02-17 20:00:00,Tuesday,20,0.070,2.173,0.173,0.000,0.140,0.000,2.556,
2026-02-17 21:00:00,Tuesday,21,0.070,2.494,0.140,0.000,0.204,0.000,2.908,
2026-02-17 22:00:00,Tuesday,22,0.087,2.318,0.083,0.000,0.164,0.000,2.652,
2026-02-17 23:00:00,Tuesday,23,0.093,1.852,0.000,0.000,0.000,0.000,1.945,
2026-02-18 00:00:00,Wednesday,0,0.085,2.463,0.000,0.000,0.000,0.000,2.548,
2026-02-18 01:00:00,Wednesday,1,0.096,2.238,0.000,0.000,0.000,0.000,2.334,
2026-02-18 02:00:00,Wednesday,2,0.085,2.565,0.000,0.000,0.000,0.000,2.650,
2026-02-18 03:00:00,Wednesday,3,0.079,2.544,0.000,0.000,0.000,0.000,2.623,
2026-02-18 04:00:00,Wednesday,4,0.106,2.614,0.000,0.000,0.000,0.000,2.720,
2026-02-18 05:00:00,Wednesday,5,0.082,2.542,0.000,0.000,0.000,0.000,2.624,
2026-02-18 06:00:00,Wednesday,6,0.085,2.287,0.058,0.266,0.000,0.000,2.696,
2026-02-18 07:00:00,Wednesday,7,0.081,2.094,0.074,0.331,0.000,0.000,2.580,
2026-02-18 08:00:00,Wednesday,8,0.070,2.549,0.000,0.232,0.000,0.000,2.851,
2026-02-18 09:00:00,Wednesday,9,0.089,2.261,0.000,0.000,0.134,0.000,2.484,praca zdalna
2026-02-18 10:00:00,Wednesday,10,0.090,2.687,0.000,0.000,0.122,0.000,2.899,praca zdalna
2026-02-18 11:00:00,Wednesday,11,0.070,2.388,0.000,0.000,0.166,0.000,2.624,praca zdalna
2026-02-18 12:00:00,Wednesday,12,0.070,2.504,0.000,0.000,0.163,0.000,2.737,praca zdalna
2026-02-18 13:00:00,Wednesday,13,0.094,1.991,0.000,0.338,0.121,0.000,2.544,praca zdalna
2026-02-18 14:00:00,Wednesday,14,0.076,2.011,0.000,0.000,0.143,0.000,2.230,praca zdalna
2026-02-18 15:00:00,Wednesday,15,0.081,1.979,0.000,0.000,0.211,0.000,2.271,praca zdalna
2026-02-18 16:00:00,Wednesday,16,0.089,2.163,0.000,0.000,0.121,0.000,2.373,praca zdalna
2026-02-18 17:00:00,Wednesday,17,0.075,2.381,0.069,0.000,0.180,0.000,2.705,
2026-02-18 18:00:00,Wednesday,18,0.095,2.164,0.121,0.383,0.120,0.000,2.883,
2026-02-18 19:00:00,Wednesday,19,0.083,1.916,0.069,0.000,0.196,0.540,2.804,zmywarka
2026-02-18 20:00:00,Wednesday,20,0.077,2.296,0.148,0.000,0.199,0.000,2.720,
2026-02-18 21:00:00,Wednesday,21,0.066,2.097,0.160,0.000,0.164,0.000,2.487,
2026-02-18 22:00:00,Wednesday,22,0.074,1.909,0.050,0.000,0.154,0.000,2.187,
2026-02-18 23:00:00,Wednesday,23,0.086,2.353,0.000,0.000,0.000,0.000,2.439,
2026-02-19 00:00:00,Thursday,0,0.089,2.013,0.000,0.000,0.000,0.000,2.102,
2026-02-19 01:00:00,Thursday,1,0.078,2.180,0.000,0.000,0.000,0.000,2.258,
2026-02-19 02:00:00,Thursday,2,0.088,2.275,0.000,0.000,0.000,0.000,2.363,
2026-02-19 03:00:00,Thursday,3,0.086,2.219,0.000,0.000,0.000,0.000,2.305,
2026-02-19 04:00:00,Thursday,4,0.107,2.372,0.000,0.000,0.000,0.000,2.479,
2026-02-19 05:00:00,Thursday,5,0.085,2.222,0.000,0.000,0.000,0.000,2.307,
2026-02-19 06:00:00,Thursday,6,0.071,2.149,0.061,0.213,0.000,0.000,2.494,
2026-02-19 07:00:00,Thursday,7,0.070,2.096,0.101,0.340,0.000,0.000,2.607,
2026-02-19 08:00:00,Thursday,8,0.084,2.427,0.000,0.233,0.000,0.000,2.744,
2026-02-19 09:00:00,Thursday,9,0.082,2.512,0.000,0.000,0.079,0.000,2.673,
2026-02-19 10:00:00,Thursday,10,0.079,2.648,0.000,0.000,0.066,0.000,2.793,
2026-02-19 11:00:00,Thursday,11,0.081,2.731,0.000,0.000,0.080,0.000,2.892,
2026-02-19 12:00:00,Thursday,12,0.091,2.246,0.000,0.000,0.062,0.000,2.399,
2026-02-19 13:00:00,Thursday,13,0.082,2.656,0.000,0.204,0.058,0.000,3.000,
2026-02-19 14:00:00,Thursday,14,0.092,2.190,0.000,0.000,0.058,0.000,2.340,
2026-02-19 15:00:00,Thursday,15,0.070,2.315,0.000,0.000,0.127,0.000,2.512,
2026-02-19 16:00:00,Thursday,16,0.092,2.030,0.000,0.000,0.082,0.000,2.204,
2026-02-19 17:00:00,Thursday,17,0.076,1.986,0.134,0.000,0.209,0.000,2.405,
2026-02-19 18:00:00,Thursday,18,0.078,2.304,0.107,0.440,0.098,0.000,3.027,
2026-02-19 19:00:00,Thursday,19,0.077,2.450,0.158,0.000,0.132,0.000,2.817,
2026-02-19 20:00:00,Thursday,20,0.094,2.725,0.113,0.000,0.094,0.689,3.715,zmywarka
2026-02-19 21:00:00,Thursday,21,0.071,2.098,0.135,0.000,0.202,0.000,2.506,
2026-02-19 22:00:00,Thursday,22,0.095,2.701,0.052,0.000,0.159,0.000,3.007,
2026-02-19 23:00:00,Thursday,23,0.075,2.741,0.000,0.000,0.000,0.000,2.816,
2026-02-20 00:00:00,Friday,0,0.089,2.153,0.000,0.000,0.000,0.000,2.242,
2026-02-20 01:00:00,Friday,1,0.094,2.678,0.000,0.000,0.000,0.000,2.772,
2026-02-20 02:00:00,Friday,2,0.089,2.213,0.000,0.000,0.000,0.000,2.302,
2026-02-20 03:00:00,Friday,3,0.087,2.497,0.000,0.000,0.000,0.000,2.584,
2026-02-20 04:00:00,Friday,4,0.071,2.704,0.000,0.000,0.000,0.000,2.775,
2026-02-20 05:00:00,Friday,5,0.082,2.144,0.000,0.000,0.000,0.000,2.226,
2026-02-20 06:00:00,Friday,6,0.089,2.047,0.062,0.263,0.000,0.000,2.461,
2026-02-20 07:00:00,Friday,7,0.081,2.582,0.046,0.214,0.000,0.000,2.923,
2026-02-20 08:00:00,Friday,8,0.088,2.409,0.000,0.332,0.000,0.000,2.829,
2026-02-20 09:00:00,Friday,9,0.069,2.116,0.000,0.000,0.075,0.000,2.260,
2026-02-20 10:00:00,Friday,10,0.074,2.330,0.000,0.000,0.060,0.000,2.464,
2026-02-20 11:00:00,Friday,11,0.068,2.189,0.000,0.000,0.065,0.000,2.322,
2026-02-20 12:00:00,Friday,12,0.093,2.047,0.000,0.000,0.059,0.000,2.199,
2026-02-20 13:00:00,Friday,13,0.082,2.281,0.000,0.464,0.056,0.000,2.883,
2026-02-20 14:00:00,Friday,14,0.091,1.930,0.000,0.000,0.127,0.000,2.148,
2026-02-20 15:00:00,Friday,15,0.074,2.046,0.000,0.000,0.087,0.000,2.207,
2026-02-20 16:00:00,Friday,16,0.093,1.988,0.000,0.000,0.095,0.000,2.176,
2026-02-20 17:00:00,Friday,17,0.092,2.086,0.166,0.000,0.193,0.000,2.537,
2026-02-20 18:00:00,Friday,18,0.070,2.224,0.168,0.407,0.102,0.000,2.971,
2026-02-20 19:00:00,Friday,19,0.083,1.844,0.063,0.000,0.100,0.000,2.090,
2026-02-20 20:00:00,Friday,20,0.094,2.275,0.071,0.000,0.123,0.542,3.105,zmywarka
2026-02-20 21:00:00,Friday,21,0.082,2.071,0.127,0.000,0.146,0.000,2.426,
2026-02-20 22:00:00,Friday,22,0.067,2.110,0.087,0.000,0.099,0.000,2.363,
2026-02-20 23:00:00,Friday,23,0.075,1.750,0.000,0.000,0.000,0.000,1.825,
2026-02-21 00:00:00,Saturday,0,0.071,1.860,0.000,0.000,0.000,0.000,1.931,
2026-02-21 01:00:00,Saturday,1,0.095,1.919,0.000,0.000,0.000,0.000,2.014,
2026-02-21 02:00:00,Saturday,2,0.086,1.637,0.000,0.000,0.000,0.000,1.723,
2026-02-21 03:00:00,Saturday,3,0.085,1.714,0.000,0.000,0.000,0.000,1.799,
2026-02-21 04:00:00,Saturday,4,0.082,1.540,0.000,0.000,0.000,0.000,1.622,
2026-02-21 05:00:00,Saturday,5,0.069,1.886,0.000,0.000,0.000,0.000,1.955,
2026-02-21 06:00:00,Saturday,6,0.086,2.027,0.107,0.254,0.000,0.000,2.474,
2026-02-21 07:00:00,Saturday,7,0.095,1.699,0.121,0.323,0.000,0.000,2.238,
2026-02-21 08:00:00,Saturday,8,0.083,1.688,0.000,0.280,0.000,0.000,2.051,
2026-02-21 09:00:00,Saturday,9,0.082,1.612,0.000,0.000,0.096,0.000,1.790,
2026-02-21 10:00:00,Saturday,10,0.080,1.796,0.000,0.000,0.102,0.596,2.574,pralka
2026-02-21 11:00:00,Saturday,11,0.080,1.693,0.000,0.000,0.077,0.000,1.850,
2026-02-21 12:00:00,Saturday,12,0.086,1.874,0.000,0.800,0.070,0.000,2.830,
2026-02-21 13:00:00,Saturday,13,0.094,1.672,0.000,0.000,0.082,0.000,1.848,
2026-02-21 14:00:00,Saturday,14,0.080,1.675,0.000,0.000,0.040,0.656,2.451,zmywarka
2026-02-21 15:00:00,Saturday,15,0.084,1.595,0.000,0.000,0.126,0.000,1.805,
2026-02-21 16:00:00,Saturday,16,0.074,1.664,0.000,0.000,0.149,0.000,1.887,
2026-02-21 17:00:00,Saturday,17,0.091,1.421,0.095,0.000,0.094,0.000,1.701,
2026-02-21 18:00:00,Saturday,18,0.090,1.751,0.098,0.470,0.142,0.000,2.551,
2026-02-21 19:00:00,Saturday,19,0.077,1.376,0.068,0.000,0.186,0.000,1.707,
2026-02-21 20:00:00,Saturday,20,0.094,1.511,0.108,0.000,0.158,0.000,1.871,
2026-02-21 21:00:00,Saturday,21,0.080,1.685,0.096,0.000,0.146,0.000,2.007,
2026-02-21 22:00:00,Saturday,22,0.086,1.669,0.067,0.000,0.100,0.000,1.922,
2026-02-21 23:00:00,Saturday,23,0.099,1.836,0.000,0.000,0.000,0.000,1.935,
2026-02-22 00:00:00,Sunday,0,0.100,1.844,0.000,0.000,0.000,0.000,1.944,
2026-02-22 01:00:00,Sunday,1,0.071,1.675,0.000,0.000,0.000,0.000,1.746,
2026-02-22 02:00:00,Sunday,2,0.085,1.636,0.000,0.000,0.000,0.000,1.721,
2026-02-22 03:00:00,Sunday,3,0.082,1.885,0.000,0.000,0.000,0.000,1.967,
2026-02-22 04:00:00,Sunday,4,0.069,1.658,0.000,0.000,0.000,0.000,1.727,
2026-02-22 05:00:00,Sunday,5,0.085,2.051,0.000,0.000,0.000,0.000,2.136,
2026-02-22 06:00:00,Sunday,6,0.079,1.826,0.047,0.315,0.000,0.000,2.267,
2026-02-22 07:00:00,Sunday,7,0.069,2.017,0.106,0.221,0.000,0.000,2.413,
2026-02-22 08:00:00,Sunday,8,0.070,1.762,0.000,0.296,0.000,0.000,2.128,
2026-02-22 09:00:00,Sunday,9,0.088,1.624,0.000,0.000,0.062,0.000,1.774,
2026-02-22 10:00:00,Sunday,10,0.075,1.790,0.000,0.000,0.063,0.000,1.928,
2026-02-22 11:00:00,Sunday,11,0.071,1.880,0.000,0.000,0.034,0.000,1.985,
2026-02-22 12:00:00,Sunday,12,0.094,1.682,0.000,0.000,0.061,0.000,1.837,
2026-02-22 13:00:00,Sunday,13,0.080,2.101,0.000,0.206,0.046,0.000,2.433,
2026-02-22 14:00:00,Sunday,14,0.071,1.623,0.000,0.000,0.134,0.591,2.419,zmywarka
2026-02-22 15:00:00,Sunday,15,0.091,1.683,0.000,0.000,0.132,0.000,1.906,
2026-02-22 16:00:00,Sunday,16,0.085,1.658,0.000,0.000,0.038,0.000,1.781,
2026-02-22 17:00:00,Sunday,17,0.077,1.878,0.084,0.507,0.163,0.000,2.709,
2026-02-22 18:00:00,Sunday,18,0.091,1.953,0.115,0.000,0.118,0.000,2.277,
2026-02-22 19:00:00,Sunday,19,0.077,1.550,0.151,0.000,0.105,0.000,1.883,
2026-02-22 20:00:00,Sunday,20,0.091,1.945,0.077,0.000,0.098,0.000,2.211,
2026-02-22 21:00:00,Sunday,21,0.095,1.542,0.146,0.000,0.143,0.000,1.926,
2026-02-22 22:00:00,Sunday,22,0.089,1.778,0.058,0.000,0.199,0.000,2.124,
2026-02-22 23:00:00,Sunday,23,0.082,1.601,0.000,0.000,0.000,0.000,1.683,
2026-02-23 00:00:00,Monday,0,0.067,1.608,0.000,0.000,0.000,0.000,1.675,
2026-02-23 01:00:00,Monday,1,0.076,1.355,0.000,0.000,0.000,0.000,1.431,
2026-02-23 02:00:00,Monday,2,0.079,1.234,0.000,0.000,0.000,0.000,1.313,
2026-02-23 03:00:00,Monday,3,0.093,1.525,0.000,0.000,0.000,0.000,1.618,
2026-02-23 04:00:00,Monday,4,0.076,1.357,0.000,0.000,0.000,0.000,1.433,
2026-02-23 05:00:00,Monday,5,0.088,1.466,0.000,0.000,0.000,0.000,1.554,
2026-02-23 06:00:00,Monday,6,0.071,1.625,0.080,0.259,0.000,0.000,2.035,
2026-02-23 07:00:00,Monday,7,0.089,1.482,0.104,0.354,0.000,0.000,2.029,
2026-02-23 08:00:00,Monday,8,0.076,1.516,0.000,0.314,0.000,0.000,1.906,
2026-02-23 09:00:00,Monday,9,0.087,1.469,0.000,0.000,0.077,0.000,1.633,
2026-02-23 10:00:00,Monday,10,0.080,1.394,0.000,0.000,0.053,0.000,1.527,
2026-02-23 11:00:00,Monday,11,0.087,1.424,0.000,0.000,0.071,0.000,1.582,
2026-02-23 12:00:00,Monday,12,0.068,1.395,0.000,0.206,0.049,0.000,1.718,
2026-02-23 13:00:00,Monday,13,0.073,1.318,0.000,0.000,0.082,0.000,1.473,
2026-02-23 14:00:00,Monday,14,0.070,1.303,0.000,0.000,0.091,0.000,1.464,
2026-02-23 15:00:00,Monday,15,0.071,1.178,0.000,0.000,0.097,0.000,1.346,
2026-02-23 16:00:00,Monday,16,0.084,1.508,0.000,0.000,0.050,0.000,1.642,
2026-02-23 17:00:00,Monday,17,0.088,1.276,0.089,0.000,0.170,0.000,1.623,
2026-02-23 18:00:00,Monday,18,0.092,1.369,0.135,0.581,0.120,0.000,2.297,
2026-02-23 19:00:00,Monday,19,0.075,1.201,0.139,0.000,0.205,0.000,1.620,
2026-02-23 20:00:00,Monday,20,0.089,1.700,0.075,0.000,0.170,0.551,2.585,zmywarka
2026-02-23 21:00:00,Monday,21,0.084,1.678,0.179,0.000,0.101,0.000,2.042,
2026-02-23 22:00:00,Monday,22,0.069,1.318,0.041,0.000,0.184,0.000,1.612,
2026-02-23 23:00:00,Monday,23,0.092,1.724,0.000,0.000,0.000,0.000,1.816,
2026-02-24 00:00:00,Tuesday,0,0.080,1.464,0.000,0.000,0.000,0.000,1.544,
2026-02-24 01:00:00,Tuesday,1,0.085,1.612,0.000,0.000,0.000,0.000,1.697,
2026-02-24 02:00:00,Tuesday,2,0.080,1.536,0.000,0.000,0.000,0.000,1.616,
2026-02-24 03:00:00,Tuesday,3,0.080,1.328,0.000,0.000,0.000,0.000,1.408,
2026-02-24 04:00:00,Tuesday,4,0.092,1.604,0.000,0.000,0.000,0.000,1.696,
2026-02-24 05:00:00,Tuesday,5,0.084,1.643,0.000,0.000,0.000,0.000,1.727,
2026-02-24 06:00:00,Tuesday,6,0.092,1.532,0.045,0.149,0.000,0.000,1.818,
2026-02-24 07:00:00,Tuesday,7,0.083,1.853,0.055,0.229,0.000,0.000,2.220,
2026-02-24 08:00:00,Tuesday,8,0.088,1.894,0.000,0.266,0.000,0.000,2.248,
2026-02-24 09:00:00,Tuesday,9,0.084,1.613,0.000,0.000,0.122,0.000,1.819,praca zdalna
2026-02-24 10:00:00,Tuesday,10,0.091,1.872,0.000,0.000,0.161,0.000,2.124,praca zdalna
2026-02-24 11:00:00,Tuesday,11,0.071,1.461,0.000,0.000,0.121,0.371,2.024,praca zdalna; pralka
2026-02-24 12:00:00,Tuesday,12,0.093,1.432,0.000,0.000,0.154,1.124,2.803,praca zdalna; suszarka
2026-02-24 13:00:00,Tuesday,13,0.075,1.295,0.000,0.457,0.184,0.000,2.011,praca zdalna
2026-02-24 14:00:00,Tuesday,14,0.069,1.679,0.000,0.000,0.175,0.000,1.923,praca zdalna
2026-02-24 15:00:00,Tuesday,15,0.067,1.399,0.000,0.000,0.218,0.000,1.684,praca zdalna
2026-02-24 16:00:00,Tuesday,16,0.090,1.545,0.000,0.000,0.239,0.000,1.874,praca zdalna
2026-02-24 17:00:00,Tuesday,17,0.091,1.562,0.115,0.000,0.121,0.000,1.889,
2026-02-24 18:00:00,Tuesday,18,0.074,1.640,0.080,0.460,0.104,0.000,2.358,
2026-02-24 19:00:00,Tuesday,19,0.084,1.538,0.153,0.000,0.126,0.632,2.533,zmywarka
2026-02-24 20:00:00,Tuesday,20,0.067,2.071,0.064,0.000,0.094,0.000,2.296,
2026-02-24 21:00:00,Tuesday,21,0.079,2.051,0.144,0.000,0.195,0.000,2.469,
2026-02-24 22:00:00,Tuesday,22,0.088,1.532,0.067,0.000,0.140,0.000,1.827,
2026-02-24 23:00:00,Tuesday,23,0.089,1.814,0.000,0.000,0.000,0.000,1.903,
2026-02-25 00:00:00,Wednesday,0,0.097,1.784,0.000,0.000,0.000,0.000,1.881,
2026-02-25 01:00:00,Wednesday,1,0.080,1.606,0.000,0.000,0.000,0.000,1.686,
2026-02-25 02:00:00,Wednesday,2,0.083,2.150,0.000,0.000,0.000,0.000,2.233,
2026-02-25 03:00:00,Wednesday,3,0.093,2.114,0.000,0.000,0.000,0.000,2.207,
2026-02-25 04:00:00,Wednesday,4,0.068,1.711,0.000,0.000,0.000,0.000,1.779,
2026-02-25 05:00:00,Wednesday,5,0.108,1.758,0.000,0.000,0.000,0.000,1.866,
2026-02-25 06:00:00,Wednesday,6,0.076,2.020,0.101,0.175,0.000,0.000,2.372,
2026-02-25 07:00:00,Wednesday,7,0.080,2.043,0.095,0.274,0.000,0.000,2.492,
2026-02-25 08:00:00,Wednesday,8,0.085,2.059,0.000,0.243,0.000,0.000,2.387,
2026-02-25 09:00:00,Wednesday,9,0.092,1.682,0.000,0.000,0.163,0.000,1.937,praca zdalna
2026-02-25 10:00:00,Wednesday,10,0.072,1.724,0.000,0.000,0.138,0.000,1.934,praca zdalna
2026-02-25 11:00:00,Wednesday,11,0.067,1.650,0.000,0.000,0.169,0.000,1.886,praca zdalna
2026-02-25 12:00:00,Wednesday,12,0.085,2.053,0.000,0.253,0.176,0.000,2.567,praca zdalna
2026-02-25 13:00:00,Wednesday,13,0.082,1.601,0.000,0.000,0.176,0.000,1.859,praca zdalna
2026-02-25 14:00:00,Wednesday,14,0.086,1.708,0.000,0.000,0.204,0.000,1.998,praca zdalna
2026-02-25 15:00:00,Wednesday,15,0.091,1.700,0.000,0.000,0.220,0.000,2.011,praca zdalna
2026-02-25 16:00:00,Wednesday,16,0.088,1.980,0.000,0.000,0.128,0.000,2.196,praca zdalna
2026-02-25 17:00:00,Wednesday,17,0.074,1.768,0.167,0.481,0.154,0.000,2.644,
2026-02-25 18:00:00,Wednesday,18,0.090,1.832,0.173,0.000,0.197,0.000,2.292,
2026-02-25 19:00:00,Wednesday,19,0.082,1.974,0.142,0.000,0.164,0.661,3.023,zmywarka
2026-02-25 20:00:00,Wednesday,20,0.071,2.001,0.098,0.000,0.104,0.000,2.274,
2026-02-25 21:00:00,Wednesday,21,0.076,1.702,0.069,0.000,0.124,0.000,1.971,
2026-02-25 22:00:00,Wednesday,22,0.086,1.694,0.047,0.000,0.185,0.000,2.012,
2026-02-25 23:00:00,Wednesday,23,0.094,1.524,0.000,0.000,0.000,0.000,1.618,
2026-02-26 00:00:00,Thursday,0,0.076,1.607,0.000,0.000,0.000,0.000,1.683,
2026-02-26 01:00:00,Thursday,1,0.068,1.395,0.000,0.000,0.000,0.000,1.463,
2026-02-26 02:00:00,Thursday,2,0.088,1.353,0.000,0.000,0.000,0.000,1.441,
2026-02-26 03:00:00,Thursday,3,0.105,1.704,0.000,0.000,0.000,0.000,1.809,
2026-02-26 04:00:00,Thursday,4,0.100,1.411,0.000,0.000,0.000,0.000,1.511,
2026-02-26 05:00:00,Thursday,5,0.080,1.378,0.000,0.000,0.000,0.000,1.458,
2026-02-26 06:00:00,Thursday,6,0.092,1.511,0.068,0.176,0.000,0.000,1.847,
2026-02-26 07:00:00,Thursday,7,0.086,1.673,0.044,0.283,0.000,0.000,2.086,
2026-02-26 08:00:00,Thursday,8,0.082,1.672,0.000,0.250,0.000,0.000,2.004,
2026-02-26 09:00:00,Thursday,9,0.066,1.294,0.000,0.000,0.065,0.000,1.425,
2026-02-26 10:00:00,Thursday,10,0.067,1.427,0.000,0.000,0.059,0.000,1.553,
2026-02-26 11:00:00,Thursday,11,0.080,1.444,0.000,0.000,0.071,0.000,1.595,
2026-02-26 12:00:00,Thursday,12,0.095,1.072,0.000,0.490,0.053,0.000,1.710,
2026-02-26 13:00:00,Thursday,13,0.083,1.066,0.000,0.000,0.088,0.000,1.237,
2026-02-26 14:00:00,Thursday,14,0.093,1.151,0.000,0.000,0.105,0.000,1.349,
2026-02-26 15:00:00,Thursday,15,0.079,1.103,0.000,0.000,0.149,0.000,1.331,
2026-02-26 16:00:00,Thursday,16,0.076,0.974,0.000,0.000,0.051,0.000,1.101,
2026-02-26 17:00:00,Thursday,17,0.087,0.884,0.128,0.814,0.108,0.000,2.021,
2026-02-26 18:00:00,Thursday,18,0.093,0.811,0.150,0.000,0.182,0.000,1.236,
2026-02-26 19:00:00,Thursday,19,0.076,0.951,0.070,0.000,0.170,0.000,1.267,
2026-02-26 20:00:00,Thursday,20,0.071,0.847,0.108,0.000,0.163,0.640,1.829,zmywarka
2026-02-26 21:00:00,Thursday,21,0.073,1.004,0.082,0.000,0.154,0.000,1.313,
2026-02-26 22:00:00,Thursday,22,0.076,0.878,0.076,0.000,0.157,0.000,1.187,
2026-02-26 23:00:00,Thursday,23,0.086,0.975,0.000,0.000,0.000,0.000,1.061,
2026-02-27 00:00:00,Friday,0,0.107,0.793,0.000,0.000,0.000,0.000,0.900,
2026-02-27 01:00:00,Friday,1,0.089,0.950,0.000,0.000,0.000,0.000,1.039,
2026-02-27 02:00:00,Friday,2,0.073,1.015,0.000,0.000,0.000,0.000,1.088,
2026-02-27 03:00:00,Friday,3,0.095,1.157,0.000,0.000,0.000,0.000,1.252,
2026-02-27 04:00:00,Friday,4,0.089,0.875,0.000,0.000,0.000,0.000,0.964,
2026-02-27 05:00:00,Friday,5,0.089,1.034,0.000,0.000,0.000,0.000,1.123,
2026-02-27 06:00:00,Friday,6,0.076,1.149,0.077,0.145,0.000,0.000,1.447,
2026-02-27 07:00:00,Friday,7,0.082,1.015,0.065,0.185,0.000,0.000,1.347,
2026-02-27 08:00:00,Friday,8,0.085,1.010,0.000,0.273,0.000,0.000,1.368,
2026-02-27 09:00:00,Friday,9,0.068,1.079,0.000,0.000,0.088,0.000,1.235,
2026-02-27 10:00:00,Friday,10,0.079,1.121,0.000,0.000,0.069,0.000,1.269,
2026-02-27 11:00:00,Friday,11,0.083,1.045,0.000,0.000,0.078,0.000,1.206,
2026-02-27 12:00:00,Friday,12,0.081,0.993,0.000,0.227,0.061,0.000,1.362,
2026-02-27 13:00:00,Friday,13,0.075,0.875,0.000,0.000,0.071,0.448,1.469,pralka
2026-02-27 14:00:00,Friday,14,0.088,0.804,0.000,0.000,0.067,0.000,0.959,
2026-02-27 15:00:00,Friday,15,0.095,0.710,0.000,0.000,0.140,0.000,0.945,
2026-02-27 16:00:00,Friday,16,0.080,0.713,0.000,0.000,0.124,0.000,0.917,
2026-02-27 17:00:00,Friday,17,0.070,0.844,0.161,0.000,0.185,0.000,1.260,
2026-02-27 18:00:00,Friday,18,0.096,0.898,0.172,0.404,0.205,0.000,1.775,
2026-02-27 19:00:00,Friday,19,0.072,0.961,0.122,0.000,0.118,0.622,1.895,zmywarka
2026-02-27 20:00:00,Friday,20,0.086,0.968,0.103,0.000,0.099,0.000,1.256,
2026-02-27 21:00:00,Friday,21,0.067,0.879,0.101,0.000,0.182,0.000,1.229,
2026-02-27 22:00:00,Friday,22,0.070,0.888,0.055,0.000,0.140,0.000,1.153,
2026-02-27 23:00:00,Friday,23,0.084,0.955,0.000,0.000,0.000,0.000,1.039,
2026-02-28 00:00:00,Saturday,0,0.083,0.950,0.000,0.000,0.000,0.000,1.033,
2026-02-28 01:00:00,Saturday,1,0.095,1.119,0.000,0.000,0.000,0.000,1.214,
2026-02-28 02:00:00,Saturday,2,0.090,0.865,0.000,0.000,0.000,0.000,0.955,
2026-02-28 03:00:00,Saturday,3,0.077,0.991,0.000,0.000,0.000,0.000,1.068,
2026-02-28 04:00:00,Saturday,4,0.083,1.281,0.000,0.000,0.000,0.000,1.364,
2026-02-28 05:00:00,Saturday,5,0.092,1.292,0.000,0.000,0.000,0.000,1.384,
2026-02-28 06:00:00,Saturday,6,0.067,1.236,0.118,0.251,0.000,0.000,1.672,
2026-02-28 07:00:00,Saturday,7,0.076,1.222,0.075,0.302,0.000,0.000,1.675,
2026-02-28 08:00:00,Saturday,8,0.090,1.271,0.000,0.221,0.000,0.000,1.582,
2026-02-28 09:00:00,Saturday,9,0.081,1.120,0.000,0.000,0.030,0.000,1.231,
2026-02-28 10:00:00,Saturday,10,0.070,1.127,0.000,0.000,0.051,0.000,1.248,
2026-02-28 11:00:00,Saturday,11,0.094,1.037,0.000,0.000,0.114,0.597,1.842,pralka
2026-02-28 12:00:00,Saturday,12,0.091,1.032,0.000,0.000,0.118,1.105,2.346,suszarka
2026-02-28 13:00:00,Saturday,13,0.075,0.854,0.000,0.587,0.127,0.000,1.643,
2026-02-28 14:00:00,Saturday,14,0.083,0.881,0.000,0.000,0.064,0.692,1.720,zmywarka
2026-02-28 15:00:00,Saturday,15,0.081,1.165,0.000,0.000,0.129,0.000,1.375,
2026-02-28 16:00:00,Saturday,16,0.084,0.889,0.000,0.000,0.118,0.000,1.091,
2026-02-28 17:00:00,Saturday,17,0.078,0.925,0.109,0.618,0.205,0.000,1.935,
2026-02-28 18:00:00,Saturday,18,0.082,0.906,0.138,0.000,0.197,0.000,1.323,
2026-02-28 19:00:00,Saturday,19,0.092,1.098,0.110,0.000,0.132,0.000,1.432,
2026-02-28 20:00:00,Saturday,20,0.074,0.884,0.120,0.000,0.193,0.000,1.271,
2026-02-28 21:00:00,Saturday,21,0.073,1.133,0.172,0.000,0.117,0.000,1.495,
2026-02-28 22:00:00,Saturday,22,0.079,0.881,0.050,0.000,0.113,0.000,1.123,
2026-02-28 23:00:00,Saturday,23,0.080,1.008,0.000,0.000,0.000,0.000,1.088,
2026-03-01 00:00:00,Sunday,0,0.088,0.892,0.000,0.000,0.000,0.000,0.980,
2026-03-01 01:00:00,Sunday,1,0.091,1.067,0.000,0.000,0.000,0.000,1.158,
2026-03-01 02:00:00,Sunday,2,0.076,0.922,0.000,0.000,0.000,0.000,0.998,
2026-03-01 03:00:00,Sunday,3,0.075,0.965,0.000,0.000,0.000,0.000,1.040,
2026-03-01 04:00:00,Sunday,4,0.096,1.083,0.000,0.000,0.000,0.000,1.179,
2026-03-01 05:00:00,Sunday,5,0.072,1.227,0.000,0.000,0.000,0.000,1.299,
2026-03-01 06:00:00,Sunday,6,0.096,1.406,0.047,0.262,0.000,0.000,1.811,
2026-03-01 07:00:00,Sunday,7,0.086,1.331,0.000,0.232,0.000,0.000,1.649,
2026-03-01 08:00:00,Sunday,8,0.074,1.678,0.000,0.197,0.000,0.000,1.949,
2026-03-01 09:00:00,Sunday,9,0.079,1.328,0.000,0.000,0.079,0.000,1.486,
2026-03-01 10:00:00,Sunday,10,0.096,1.538,0.000,0.000,0.101,0.000,1.735,
2026-03-01 11:00:00,Sunday,11,0.068,1.459,0.000,0.000,0.116,0.000,1.643,
2026-03-01 12:00:00,Sunday,12,0.096,1.256,0.000,0.452,0.112,0.000,1.916,
2026-03-01 13:00:00,Sunday,13,0.095,1.181,0.000,0.000,0.090,0.000,1.366,
2026-03-01 14:00:00,Sunday,14,0.071,1.129,0.000,0.000,0.092,0.500,1.792,zmywarka
2026-03-01 15:00:00,Sunday,15,0.094,1.183,0.000,0.000,0.101,0.000,1.378,
2026-03-01 16:00:00,Sunday,16,0.082,1.135,0.000,0.000,0.143,0.000,1.360,
2026-03-01 17:00:00,Sunday,17,0.090,1.079,0.000,0.000,0.118,0.000,1.287,
2026-03-01 18:00:00,Sunday,18,0.077,1.037,0.153,0.506,0.176,0.000,1.949,
2026-03-01 19:00:00,Sunday,19,0.067,1.403,0.178,0.000,0.119,0.000,1.767,
2026-03-01 20:00:00,Sunday,20,0.085,1.148,0.135,0.000,0.146,0.000,1.514,
2026-03-01 21:00:00,Sunday,21,0.080,1.484,0.175,0.000,0.172,0.000,1.911,
2026-03-01 22:00:00,Sunday,22,0.085,1.021,0.067,0.000,0.180,0.000,1.353,
2026-03-01 23:00:00,Sunday,23,0.095,1.208,0.000,0.000,0.000,0.000,1.303,
2026-03-02 00:00:00,Monday,0,0.082,1.358,0.000,0.000,0.000,0.000,1.440,
2026-03-02 01:00:00,Monday,1,0.067,1.331,0.000,0.000,0.000,0.000,1.398,
2026-03-02 02:00:00,Monday,2,0.107,1.101,0.000,0.000,0.000,0.000,1.208,
2026-03-02 03:00:00,Monday,3,0.094,1.188,0.000,0.000,0.000,0.000,1.282,
2026-03-02 04:00:00,Monday,4,0.107,1.129,0.000,0.000,0.000,0.000,1.236,
2026-03-02 05:00:00,Monday,5,0.087,1.250,0.000,0.000,0.000,0.000,1.337,
2026-03-02 06:00:00,Monday,6,0.070,1.325,0.053,0.301,0.000,0.000,1.749,
2026-03-02 07:00:00,Monday,7,0.083,1.332,0.000,0.167,0.000,0.000,1.582,
2026-03-02 08:00:00,Monday,8,0.074,1.180,0.000,0.142,0.000,0.000,1.396,
2026-03-02 09:00:00,Monday,9,0.094,1.238,0.000,0.000,0.179,0.000,1.511,praca zdalna
2026-03-02 10:00:00,Monday,10,0.095,1.219,0.000,0.000,0.149,0.000,1.463,praca zdalna
2026-03-02 11:00:00,Monday,11,0.066,1.112,0.000,0.000,0.161,0.000,1.339,praca zdalna
2026-03-02 12:00:00,Monday,12,0.086,1.051,0.000,0.000,0.187,0.000,1.324,praca zdalna
2026-03-02 13:00:00,Monday,13,0.088,0.913,0.000,0.368,0.154,0.000,1.523,praca zdalna
2026-03-02 14:00:00,Monday,14,0.085,0.856,0.000,0.000,0.137,0.000,1.078,praca zdalna
2026-03-02 15:00:00,Monday,15,0.094,0.876,0.000,0.000,0.157,0.000,1.127,praca zdalna
2026-03-02 16:00:00,Monday,16,0.076,0.805,0.000,0.000,0.233,0.000,1.114,praca zdalna
2026-03-02 17:00:00,Monday,17,0.068,0.887,0.000,0.000,0.208,0.000,1.163,
2026-03-02 18:00:00,Monday,18,0.093,1.293,0.131,1.145,0.179,0.000,2.841,
2026-03-02 19:00:00,Monday,19,0.082,1.160,0.073,0.000,0.101,0.000,1.416,
2026-03-02 20:00:00,Monday,20,0.079,1.169,0.167,0.000,0.197,0.554,2.166,zmywarka
2026-03-02 21:00:00,Monday,21,0.077,1.249,0.106,0.000,0.173,0.000,1.605,
2026-03-02 22:00:00,Monday,22,0.086,1.227,0.067,0.000,0.172,0.000,1.552,
2026-03-02 23:00:00,Monday,23,0.086,1.109,0.000,0.000,0.000,0.000,1.195,
2026-03-03 00:00:00,Tuesday,0,0.078,1.223,0.000,0.000,0.000,0.000,1.301,
2026-03-03 01:00:00,Tuesday,1,0.095,1.203,0.000,0.000,0.000,0.000,1.298,
2026-03-03 02:00:00,Tuesday,2,0.091,1.086,0.000,0.000,0.000,0.000,1.177,
2026-03-03 03:00:00,Tuesday,3,0.090,1.489,0.000,0.000,0.000,0.000,1.579,
2026-03-03 04:00:00,Tuesday,4,0.084,1.342,0.000,0.000,0.000,0.000,1.426,
2026-03-03 05:00:00,Tuesday,5,0.074,1.487,0.000,0.000,0.000,0.000,1.561,
2026-03-03 06:00:00,Tuesday,6,0.092,1.385,0.121,0.232,0.000,0.000,1.830,
2026-03-03 07:00:00,Tuesday,7,0.087,1.468,0.000,0.253,0.000,0.000,1.808,
2026-03-03 08:00:00,Tuesday,8,0.070,1.261,0.000,0.221,0.000,0.000,1.552,
2026-03-03 09:00:00,Tuesday,9,0.077,1.457,0.000,0.000,0.066,0.427,2.027,pralka
2026-03-03 10:00:00,Tuesday,10,0.074,1.296,0.000,0.000,0.057,1.028,2.455,suszarka
2026-03-03 11:00:00,Tuesday,11,0.089,1.133,0.000,0.000,0.068,0.000,1.290,
2026-03-03 12:00:00,Tuesday,12,0.089,0.962,0.000,0.000,0.054,0.000,1.105,
2026-03-03 13:00:00,Tuesday,13,0.079,0.803,0.000,0.412,0.061,0.000,1.355,
2026-03-03 14:00:00,Tuesday,14,0.086,0.604,0.000,0.000,0.131,0.000,0.821,
2026-03-03 15:00:00,Tuesday,15,0.070,0.567,0.000,0.000,0.062,0.000,0.699,
2026-03-03 16:00:00,Tuesday,16,0.075,0.725,0.000,0.000,0.104,0.000,0.904,
2026-03-03 17:00:00,Tuesday,17,0.067,0.856,0.000,0.000,0.145,0.000,1.068,
2026-03-03 18:00:00,Tuesday,18,0.074,0.906,0.127,1.011,0.187,0.000,2.305,
2026-03-03 19:00:00,Tuesday,19,0.092,1.241,0.131,0.000,0.206,0.000,1.670,
2026-03-03 20:00:00,Tuesday,20,0.085,1.195,0.138,0.000,0.182,0.545,2.145,zmywarka
2026-03-03 21:00:00,Tuesday,21,0.077,1.264,0.095,0.000,0.130,0.000,1.566,
2026-03-03 22:00:00,Tuesday,22,0.082,1.223,0.068,0.000,0.190,0.000,1.563,
2026-03-03 23:00:00,Tuesday,23,0.076,1.090,0.000,0.000,0.000,0.000,1.166,
2026-03-04 00:00:00,Wednesday,0,0.091,1.401,0.000,0.000,0.000,0.000,1.492,
2026-03-04 01:00:00,Wednesday,1,0.098,1.507,0.000,0.000,0.000,0.000,1.605,
2026-03-04 02:00:00,Wednesday,2,0.100,1.606,0.000,0.000,0.000,0.000,1.706,
2026-03-04 03:00:00,Wednesday,3,0.086,1.463,0.000,0.000,0.000,0.000,1.549,
2026-03-04 04:00:00,Wednesday,4,0.073,1.438,0.000,0.000,0.000,0.000,1.511,
2026-03-04 05:00:00,Wednesday,5,0.076,1.523,0.000,0.000,0.000,0.000,1.599,
2026-03-04 06:00:00,Wednesday,6,0.071,1.586,0.075,0.174,0.000,0.000,1.906,
2026-03-04 07:00:00,Wednesday,7,0.077,1.753,0.000,0.313,0.000,0.000,2.143,
2026-03-04 08:00:00,Wednesday,8,0.096,1.475,0.000,0.338,0.000,0.000,1.909,
2026-03-04 09:00:00,Wednesday,9,0.073,1.584,0.000,0.000,0.196,0.000,1.853,praca zdalna
2026-03-04 10:00:00,Wednesday,10,0.092,1.622,0.000,0.000,0.109,0.000,1.823,praca zdalna
2026-03-04 11:00:00,Wednesday,11,0.080,1.157,0.000,0.000,0.182,0.000,1.419,praca zdalna
2026-03-04 12:00:00,Wednesday,12,0.091,1.067,0.000,0.247,0.168,0.000,1.573,praca zdalna
2026-03-04 13:00:00,Wednesday,13,0.089,1.199,0.000,0.000,0.163,0.000,1.451,praca zdalna
2026-03-04 14:00:00,Wednesday,14,0.071,1.085,0.000,0.000,0.134,0.000,1.290,praca zdalna
2026-03-04 15:00:00,Wednesday,15,0.078,1.098,0.000,0.000,0.104,0.000,1.280,praca zdalna
2026-03-04 16:00:00,Wednesday,16,0.086,1.019,0.000,0.000,0.251,0.000,1.356,praca zdalna
2026-03-04 17:00:00,Wednesday,17,0.078,1.033,0.000,0.474,0.162,0.000,1.747,
2026-03-04 18:00:00,Wednesday,18,0.076,1.079,0.169,0.000,0.121,0.000,1.445,
2026-03-04 19:00:00,Wednesday,19,0.094,1.371,0.155,0.000,0.106,0.000,1.726,
2026-03-04 20:00:00,Wednesday,20,0.070,1.292,0.144,0.000,0.152,0.641,2.299,zmywarka
2026-03-04 21:00:00,Wednesday,21,0.086,1.284,0.138,0.000,0.108,0.000,1.616,
2026-03-04 22:00:00,Wednesday,22,0.083,1.176,0.089,0.000,0.197,0.000,1.545,
2026-03-04 23:00:00,Wednesday,23,0.077,1.386,0.000,0.000,0.000,0.000,1.463,
2026-03-05 00:00:00,Thursday,0,0.084,1.343,0.000,0.000,0.000,0.000,1.427,
2026-03-05 01:00:00,Thursday,1,0.090,1.571,0.000,0.000,0.000,0.000,1.661,
2026-03-05 02:00:00,Thursday,2,0.083,1.503,0.000,0.000,0.000,0.000,1.586,
2026-03-05 03:00:00,Thursday,3,0.086,1.457,0.000,0.000,0.000,0.000,1.543,
2026-03-05 04:00:00,Thursday,4,0.101,1.641,0.000,0.000,0.000,0.000,1.742,
2026-03-05 05:00:00,Thursday,5,0.079,1.707,0.000,0.000,0.000,0.000,1.786,
2026-03-05 06:00:00,Thursday,6,0.074,1.933,0.098,0.265,0.000,0.000,2.370,
2026-03-05 07:00:00,Thursday,7,0.090,2.171,0.000,0.190,0.000,0.000,2.451,
2026-03-05 08:00:00,Thursday,8,0.068,2.175,0.000,0.185,0.000,0.000,2.428,
2026-03-05 09:00:00,Thursday,9,0.074,1.993,0.000,0.000,0.088,0.000,2.155,
2026-03-05 10:00:00,Thursday,10,0.074,1.810,0.000,0.000,0.062,0.000,1.946,
2026-03-05 11:00:00,Thursday,11,0.096,1.451,0.000,0.000,0.060,0.000,1.607,
2026-03-05 12:00:00,Thursday,12,0.090,1.618,0.000,0.526,0.084,0.000,2.318,
2026-03-05 13:00:00,Thursday,13,0.070,1.401,0.000,0.000,0.072,0.000,1.543,
2026-03-05 14:00:00,Thursday,14,0.082,1.309,0.000,0.000,0.146,0.000,1.537,
2026-03-05 15:00:00,Thursday,15,0.078,1.614,0.000,0.000,0.113,0.000,1.805,
2026-03-05 16:00:00,Thursday,16,0.066,1.526,0.000,0.000,0.117,0.000,1.709,
2026-03-05 17:00:00,Thursday,17,0.070,1.800,0.000,0.000,0.137,0.000,2.007,
2026-03-05 18:00:00,Thursday,18,0.079,1.940,0.071,0.488,0.147,0.000,2.725,
2026-03-05 19:00:00,Thursday,19,0.068,2.182,0.083,0.000,0.168,0.000,2.501,
2026-03-05 20:00:00,Thursday,20,0.086,1.775,0.140,0.000,0.206,0.685,2.892,zmywarka
2026-03-05 21:00:00,Thursday,21,0.079,1.985,0.082,0.000,0.104,0.000,2.250,
2026-03-05 22:00:00,Thursday,22,0.092,1.693,0.074,0.000,0.155,0.000,2.014,
2026-03-05 23:00:00,Thursday,23,0.079,1.632,0.000,0.000,0.000,0.000,1.711,
2026-03-06 00:00:00,Friday,0,0.076,1.801,0.000,0.000,0.000,0.000,1.877,
2026-03-06 01:00:00,Friday,1,0.094,1.439,0.000,0.000,0.000,0.000,1.533,
2026-03-06 02:00:00,Friday,2,0.084,1.811,0.000,0.000,0.000,0.000,1.895,
2026-03-06 03:00:00,Friday,3,0.090,1.607,0.000,0.000,0.000,0.000,1.697,
2026-03-06 04:00:00,Friday,4,0.086,1.604,0.000,0.000,0.000,0.000,1.690,
2026-03-06 05:00:00,Friday,5,0.106,1.757,0.000,0.000,0.000,0.000,1.863,
2026-03-06 06:00:00,Friday,6,0.079,1.813,0.119,0.278,0.000,0.000,2.289,
2026-03-06 07:00:00,Friday,7,0.077,1.797,0.000,0.127,0.000,0.000,2.001,
2026-03-06 08:00:00,Friday,8,0.094,1.578,0.000,0.247,0.000,0.000,1.919,
2026-03-06 09:00:00,Friday,9,0.088,1.824,0.000,0.000,0.177,0.000,2.089,praca zdalna
2026-03-06 10:00:00,Friday,10,0.089,1.337,0.000,0.000,0.170,0.000,1.596,praca zdalna
2026-03-06 11:00:00,Friday,11,0.086,1.321,0.000,0.000,0.124,0.000,1.531,praca zdalna
2026-03-06 12:00:00,Friday,12,0.094,1.252,0.000,0.000,0.137,0.000,1.483,praca zdalna
2026-03-06 13:00:00,Friday,13,0.070,1.396,0.000,0.487,0.175,0.000,2.128,praca zdalna
2026-03-06 14:00:00,Friday,14,0.092,1.330,0.000,0.000,0.169,0.000,1.591,praca zdalna
2026-03-06 15:00:00,Friday,15,0.077,1.414,0.000,0.000,0.167,0.000,1.658,praca zdalna
2026-03-06 16:00:00,Friday,16,0.088,1.420,0.000,0.000,0.121,0.000,1.629,praca zdalna
2026-03-06 17:00:00,Friday,17,0.091,1.333,0.000,0.000,0.167,0.000,1.591,
2026-03-06 18:00:00,Friday,18,0.081,1.458,0.160,0.713,0.113,0.000,2.525,
2026-03-06 19:00:00,Friday,19,0.089,1.226,0.098,0.000,0.176,0.000,1.589,
2026-03-06 20:00:00,Friday,20,0.080,1.209,0.145,0.000,0.144,0.000,1.578,
2026-03-06 21:00:00,Friday,21,0.080,1.196,0.143,0.000,0.186,0.000,1.605,
2026-03-06 22:00:00,Friday,22,0.070,1.343,0.035,0.000,0.175,0.000,1.623,
2026-03-06 23:00:00,Friday,23,0.095,1.336,0.000,0.000,0.000,0.000,1.431,
2026-03-07 00:00:00,Saturday,0,0.110,1.270,0.000,0.000,0.000,0.000,1.380,
2026-03-07 01:00:00,Saturday,1,0.081,1.293,0.000,0.000,0.000,0.000,1.374,
2026-03-07 02:00:00,Saturday,2,0.070,1.384,0.000,0.000,0.000,0.000,1.454,
2026-03-07 03:00:00,Saturday,3,0.094,1.434,0.000,0.000,0.000,0.000,1.528,
2026-03-07 04:00:00,Saturday,4,0.111,1.780,0.000,0.000,0.000,0.000,1.891,
2026-03-07 05:00:00,Saturday,5,0.077,1.602,0.000,0.000,0.000,0.000,1.679,
2026-03-07 06:00:00,Saturday,6,0.076,1.414,0.094,0.251,0.000,0.000,1.835,
2026-03-07 07:00:00,Saturday,7,0.095,1.784,0.000,0.266,0.000,0.000,2.145,
2026-03-07 08:00:00,Saturday,8,0.069,1.694,0.000,0.093,0.000,0.000,1.856,
2026-03-07 09:00:00,Saturday,9,0.095,1.486,0.000,0.000,0.064,0.000,1.645,
2026-03-07 10:00:00,Saturday,10,0.081,1.318,0.000,0.000,0.049,0.000,1.448,
2026-03-07 11:00:00,Saturday,11,0.068,1.339,0.000,0.000,0.043,0.431,1.881,pralka
2026-03-07 12:00:00,Saturday,12,0.077,1.354,0.000,0.000,0.101,1.337,2.869,suszarka
2026-03-07 13:00:00,Saturday,13,0.095,1.463,0.000,0.613,0.079,0.000,2.250,
2026-03-07 14:00:00,Saturday,14,0.072,1.303,0.000,0.000,0.036,0.000,1.411,
2026-03-07 15:00:00,Saturday,15,0.083,1.066,0.000,0.000,0.147,0.000,1.296,
2026-03-07 16:00:00,Saturday,16,0.079,1.135,0.000,0.000,0.136,0.000,1.350,
2026-03-07 17:00:00,Saturday,17,0.077,1.247,0.000,0.412,0.119,0.000,1.855,
2026-03-07 18:00:00,Saturday,18,0.093,1.249,0.070,0.000,0.103,0.000,1.515,
2026-03-07 19:00:00,Saturday,19,0.067,1.307,0.172,0.000,0.098,0.000,1.644,
2026-03-07 20:00:00,Saturday,20,0.089,1.252,0.062,0.000,0.094,0.000,1.497,
2026-03-07 21:00:00,Saturday,21,0.084,1.345,0.164,0.000,0.208,0.000,1.801,
2026-03-07 22:00:00,Saturday,22,0.077,1.410,0.083,0.000,0.194,0.000,1.764,
2026-03-07 23:00:00,Saturday,23,0.073,1.277,0.000,0.000,0.000,0.000,1.350,
2026-03-08 00:00:00,Sunday,0,0.083,1.251,0.000,0.000,0.000,0.000,1.334,
2026-03-08 01:00:00,Sunday,1,0.082,1.335,0.000,0.000,0.000,0.000,1.417,
2026-03-08 02:00:00,Sunday,2,0.083,1.310,0.000,0.000,0.000,0.000,1.393,
2026-03-08 03:00:00,Sunday,3,0.093,1.448,0.000,0.000,0.000,0.000,1.541,
2026-03-08 04:00:00,Sunday,4,0.092,1.322,0.000,0.000,0.000,0.000,1.414,
2026-03-08 05:00:00,Sunday,5,0.090,1.082,0.000,0.000,0.000,0.000,1.172,
2026-03-08 06:00:00,Sunday,6,0.082,1.183,0.076,0.235,0.000,0.000,1.576,
2026-03-08 07:00:00,Sunday,7,0.082,1.482,0.000,0.189,0.000,0.000,1.753,
2026-03-08 08:00:00,Sunday,8,0.085,1.289,0.000,0.173,0.000,0.000,1.547,
2026-03-08 09:00:00,Sunday,9,0.096,1.482,0.000,0.000,0.082,0.000,1.660,
2026-03-08 10:00:00,Sunday,10,0.074,1.363,0.000,0.000,0.082,0.000,1.519,
2026-03-08 11:00:00,Sunday,11,0.068,1.238,0.000,0.000,0.064,0.000,1.370,
2026-03-08 12:00:00,Sunday,12,0.094,1.178,0.000,0.000,0.097,0.000,1.369,
2026-03-08 13:00:00,Sunday,13,0.082,1.118,0.000,0.378,0.140,0.714,2.432,zmywarka
2026-03-08 14:00:00,Sunday,14,0.095,1.090,0.000,0.000,0.148,0.000,1.333,
2026-03-08 15:00:00,Sunday,15,0.077,1.094,0.000,0.000,0.073,0.000,1.244,
2026-03-08 16:00:00,Sunday,16,0.092,0.947,0.000,0.000,0.039,0.000,1.078,
2026-03-08 17:00:00,Sunday,17,0.070,1.154,0.000,0.572,0.181,0.000,1.977,
2026-03-08 18:00:00,Sunday,18,0.088,1.316,0.094,0.000,0.161,0.000,1.659,
2026-03-08 19:00:00,Sunday,19,0.086,1.380,0.178,0.000,0.123,0.000,1.767,
2026-03-08 20:00:00,Sunday,20,0.094,1.166,0.067,0.000,0.194,0.000,1.521,
2026-03-08 21:00:00,Sunday,21,0.073,1.418,0.060,0.000,0.132,0.000,1.683,
2026-03-08 22:00:00,Sunday,22,0.074,1.171,0.044,0.000,0.163,0.000,1.452,
2026-03-08 23:00:00,Sunday,23,0.084,1.072,0.000,0.000,0.000,0.000,1.156,
2026-03-09 00:00:00,Monday,0,0.069,1.343,0.000,0.000,0.000,0.000,1.412,
2026-03-09 01:00:00,Monday,1,0.083,1.186,0.000,0.000,0.000,0.000,1.269,
2026-03-09 02:00:00,Monday,2,0.090,1.020,0.000,0.000,0.000,0.000,1.110,
2026-03-09 03:00:00,Monday,3,0.090,1.064,0.000,0.000,0.000,0.000,1.154,
2026-03-09 04:00:00,Monday,4,0.083,1.322,0.000,0.000,0.000,0.000,1.405,
2026-03-09 05:00:00,Monday,5,0.091,1.342,0.000,0.000,0.000,0.000,1.433,
2026-03-09 06:00:00,Monday,6,0.091,1.286,0.068,0.170,0.000,0.000,1.615,
2026-03-09 07:00:00,Monday,7,0.089,1.453,0.000,0.349,0.000,0.000,1.891,
2026-03-09 08:00:00,Monday,8,0.072,1.616,0.000,0.325,0.000,0.000,2.013,
2026-03-09 09:00:00,Monday,9,0.086,1.317,0.000,0.000,0.052,0.000,1.455,
2026-03-09 10:00:00,Monday,10,0.083,1.498,0.000,0.000,0.088,0.000,1.669,
2026-03-09 11:00:00,Monday,11,0.095,1.276,0.000,0.000,0.080,0.000,1.451,
2026-03-09 12:00:00,Monday,12,0.072,1.279,0.000,0.000,0.080,0.000,1.431,
2026-03-09 13:00:00,Monday,13,0.067,1.154,0.000,0.512,0.060,0.000,1.793,
2026-03-09 14:00:00,Monday,14,0.085,0.967,0.000,0.000,0.122,0.000,1.174,
2026-03-09 15:00:00,Monday,15,0.068,0.991,0.000,0.000,0.060,0.000,1.119,
2026-03-09 16:00:00,Monday,16,0.075,1.135,0.000,0.000,0.090,0.000,1.300,
2026-03-09 17:00:00,Monday,17,0.082,1.147,0.000,0.472,0.101,0.000,1.802,
2026-03-09 18:00:00,Monday,18,0.071,1.362,0.104,0.000,0.190,0.000,1.727,
2026-03-09 19:00:00,Monday,19,0.075,1.184,0.095,0.000,0.143,0.000,1.497,
2026-03-09 20:00:00,Monday,20,0.076,1.243,0.103,0.000,0.142,0.635,2.199,zmywarka
2026-03-09 21:00:00,Monday,21,0.082,1.387,0.075,0.000,0.110,0.000,1.654,
2026-03-09 22:00:00,Monday,22,0.081,1.429,0.052,0.000,0.197,0.000,1.759,
2026-03-09 23:00:00,Monday,23,0.084,1.438,0.000,0.000,0.000,0.000,1.522,
2026-03-10 00:00:00,Tuesday,0,0.083,1.502,0.000,0.000,0.000,0.000,1.585,
2026-03-10 01:00:00,Tuesday,1,0.094,1.255,0.000,0.000,0.000,0.000,1.349,
2026-03-10 02:00:00,Tuesday,2,0.074,1.518,0.000,0.000,0.000,0.000,1.592,
2026-03-10 03:00:00,Tuesday,3,0.089,1.535,0.000,0.000,0.000,0.000,1.624,
2026-03-10 04:00:00,Tuesday,4,0.094,1.250,0.000,0.000,0.000,0.000,1.344,
2026-03-10 05:00:00,Tuesday,5,0.089,1.292,0.000,0.000,0.000,0.000,1.381,
2026-03-10 06:00:00,Tuesday,6,0.092,1.758,0.059,0.196,0.000,0.000,2.105,
2026-03-10 07:00:00,Tuesday,7,0.089,1.711,0.000,0.328,0.000,0.000,2.128,
2026-03-10 08:00:00,Tuesday,8,0.088,1.550,0.000,0.292,0.000,0.000,1.930,
2026-03-10 09:00:00,Tuesday,9,0.070,1.379,0.000,0.000,0.124,0.000,1.573,praca zdalna
2026-03-10 10:00:00,Tuesday,10,0.074,1.465,0.000,0.000,0.160,0.000,1.699,praca zdalna
2026-03-10 11:00:00,Tuesday,11,0.094,1.169,0.000,0.000,0.148,0.000,1.411,praca zdalna
2026-03-10 12:00:00,Tuesday,12,0.074,1.132,0.000,0.000,0.124,0.000,1.330,praca zdalna
2026-03-10 13:00:00,Tuesday,13,0.084,1.220,0.000,0.275,0.149,0.000,1.728,praca zdalna
2026-03-10 14:00:00,Tuesday,14,0.080,1.045,0.000,0.000,0.223,0.555,1.903,praca zdalna; pralka
2026-03-10 15:00:00,Tuesday,15,0.080,0.825,0.000,0.000,0.181,0.000,1.086,praca zdalna
2026-03-10 16:00:00,Tuesday,16,0.073,0.945,0.000,0.000,0.200,0.000,1.218,praca zdalna
2026-03-10 17:00:00,Tuesday,17,0.091,0.803,0.000,0.000,0.127,0.000,1.021,
2026-03-10 18:00:00,Tuesday,18,0.086,0.926,0.128,0.576,0.154,0.000,1.870,
2026-03-10 19:00:00,Tuesday,19,0.076,1.046,0.155,0.000,0.203,0.000,1.480,
2026-03-10 20:00:00,Tuesday,20,0.094,1.242,0.063,0.000,0.116,0.589,2.104,zmywarka
2026-03-10 21:00:00,Tuesday,21,0.067,1.138,0.082,0.000,0.149,0.000,1.436,
2026-03-10 22:00:00,Tuesday,22,0.078,1.333,0.083,0.000,0.138,0.000,1.632,
2026-03-10 23:00:00,Tuesday,23,0.098,1.255,0.000,0.000,0.000,0.000,1.353,
2026-03-11 00:00:00,Wednesday,0,0.094,1.117,0.000,0.000,0.000,0.000,1.211,
2026-03-11 01:00:00,Wednesday,1,0.082,1.117,0.000,0.000,0.000,0.000,1.199,
2026-03-11 02:00:00,Wednesday,2,0.092,1.311,0.000,0.000,0.000,0.000,1.403,
2026-03-11 03:00:00,Wednesday,3,0.088,1.124,0.000,0.000,0.000,0.000,1.212,
2026-03-11 04:00:00,Wednesday,4,0.074,1.119,0.000,0.000,0.000,0.000,1.193,
2026-03-11 05:00:00,Wednesday,5,0.085,1.201,0.000,0.000,0.000,0.000,1.286,
2026-03-11 06:00:00,Wednesday,6,0.093,1.346,0.100,0.287,0.000,0.000,1.826,
2026-03-11 07:00:00,Wednesday,7,0.080,1.120,0.000,0.217,0.000,0.000,1.417,
2026-03-11 08:00:00,Wednesday,8,0.092,1.018,0.000,0.332,0.000,0.000,1.442,
2026-03-11 09:00:00,Wednesday,9,0.092,1.227,0.000,0.000,0.077,0.000,1.396,
2026-03-11 10:00:00,Wednesday,10,0.075,1.119,0.000,0.000,0.053,0.000,1.247,
2026-03-11 11:00:00,Wednesday,11,0.094,1.018,0.000,0.000,0.065,0.000,1.177,
2026-03-11 12:00:00,Wednesday,12,0.093,1.075,0.000,0.515,0.071,0.000,1.754,
2026-03-11 13:00:00,Wednesday,13,0.069,0.909,0.000,0.000,0.062,0.000,1.040,
2026-03-11 14:00:00,Wednesday,14,0.083,0.818,0.000,0.000,0.095,0.000,0.996,
2026-03-11 15:00:00,Wednesday,15,0.086,1.033,0.000,0.000,0.143,0.000,1.262,
2026-03-11 16:00:00,Wednesday,16,0.085,0.922,0.000,0.000,0.081,0.000,1.088,
2026-03-11 17:00:00,Wednesday,17,0.094,1.040,0.000,0.000,0.138,0.000,1.272,
2026-03-11 18:00:00,Wednesday,18,0.077,1.162,0.163,0.431,0.098,0.000,1.931,
2026-03-11 19:00:00,Wednesday,19,0.083,1.010,0.093,0.000,0.182,0.000,1.368,
2026-03-11 20:00:00,Wednesday,20,0.068,1.021,0.095,0.000,0.191,0.718,2.093,zmywarka
2026-03-11 21:00:00,Wednesday,21,0.073,1.060,0.143,0.000,0.205,0.000,1.481,
2026-03-11 22:00:00,Wednesday,22,0.087,0.874,0.073,0.000,0.175,0.000,1.209,
2026-03-11 23:00:00,Wednesday,23,0.091,0.867,0.000,0.000,0.000,0.000,0.958,
2026-03-12 00:00:00,Thursday,0,0.094,0.882,0.000,0.000,0.000,0.000,0.976,
2026-03-12 01:00:00,Thursday,1,0.101,0.928,0.000,0.000,0.000,0.000,1.029,
2026-03-12 02:00:00,Thursday,2,0.096,1.131,0.000,0.000,0.000,0.000,1.227,
2026-03-12 03:00:00,Thursday,3,0.083,1.076,0.000,0.000,0.000,0.000,1.159,
2026-03-12 04:00:00,Thursday,4,0.089,1.309,0.000,0.000,0.000,0.000,1.398,
2026-03-12 05:00:00,Thursday,5,0.092,1.147,0.000,0.000,0.000,0.000,1.239,
2026-03-12 06:00:00,Thursday,6,0.091,1.444,0.051,0.274,0.000,0.000,1.860,
2026-03-12 07:00:00,Thursday,7,0.076,1.457,0.000,0.312,0.000,0.000,1.845,
2026-03-12 08:00:00,Thursday,8,0.085,1.342,0.000,0.203,0.000,0.000,1.630,
2026-03-12 09:00:00,Thursday,9,0.079,1.443,0.000,0.000,0.065,0.000,1.587,
2026-03-12 10:00:00,Thursday,10,0.074,1.375,0.000,0.000,0.079,0.000,1.528,
2026-03-12 11:00:00,Thursday,11,0.085,1.038,0.000,0.000,0.049,0.000,1.172,
2026-03-12 12:00:00,Thursday,12,0.073,0.961,0.000,0.000,0.055,0.000,1.089,
2026-03-12 13:00:00,Thursday,13,0.086,1.010,0.000,0.234,0.065,0.000,1.395,
2026-03-12 14:00:00,Thursday,14,0.067,0.989,0.000,0.000,0.072,0.000,1.128,
2026-03-12 15:00:00,Thursday,15,0.071,0.889,0.000,0.000,0.136,0.000,1.096,
2026-03-12 16:00:00,Thursday,16,0.068,1.083,0.000,0.000,0.087,0.000,1.238,
2026-03-12 17:00:00,Thursday,17,0.086,1.024,0.000,1.133,0.153,0.000,2.396,
2026-03-12 18:00:00,Thursday,18,0.076,0.876,0.146,0.000,0.154,0.000,1.252,
2026-03-12 19:00:00,Thursday,19,0.067,1.113,0.124,0.000,0.163,0.000,1.467,
2026-03-12 20:00:00,Thursday,20,0.071,0.895,0.145,0.000,0.151,0.539,1.801,zmywarka
2026-03-12 21:00:00,Thursday,21,0.070,0.857,0.068,0.000,0.163,0.000,1.158,
2026-03-12 22:00:00,Thursday,22,0.073,0.835,0.033,0.000,0.196,0.000,1.137,
2026-03-12 23:00:00,Thursday,23,0.069,1.094,0.000,0.000,0.000,0.000,1.163,
2026-03-13 00:00:00,Friday,0,0.080,0.957,0.000,0.000,0.000,0.000,1.037,
2026-03-13 01:00:00,Friday,1,0.076,1.063,0.000,0.000,0.000,0.000,1.139,
2026-03-13 02:00:00,Friday,2,0.100,0.863,0.000,0.000,0.000,0.000,0.963,
2026-03-13 03:00:00,Friday,3,0.085,0.995,0.000,0.000,0.000,0.000,1.080,
2026-03-13 04:00:00,Friday,4,0.071,1.039,0.000,0.000,0.000,0.000,1.110,
2026-03-13 05:00:00,Friday,5,0.083,1.156,0.000,0.000,0.000,0.000,1.239,
2026-03-13 06:00:00,Friday,6,0.068,1.332,0.103,0.189,0.000,0.000,1.692,
2026-03-13 07:00:00,Friday,7,0.094,1.251,0.000,0.339,0.000,0.000,1.684,
2026-03-13 08:00:00,Friday,8,0.073,1.297,0.000,0.231,0.000,0.000,1.601,
2026-03-13 09:00:00,Friday,9,0.068,1.295,0.000,0.000,0.056,0.000,1.419,
2026-03-13 10:00:00,Friday,10,0.080,1.145,0.000,0.000,0.085,0.000,1.310,
2026-03-13 11:00:00,Friday,11,0.079,1.169,0.000,0.000,0.053,0.000,1.301,
2026-03-13 12:00:00,Friday,12,0.082,0.945,0.000,0.300,0.081,0.000,1.408,
2026-03-13 13:00:00,Friday,13,0.072,1.121,0.000,0.000,0.060,0.449,1.702,pralka
2026-03-13 14:00:00,Friday,14,0.095,0.961,0.000,0.000,0.062,1.212,2.330,suszarka
2026-03-13 15:00:00,Friday,15,0.072,1.015,0.000,0.000,0.116,0.000,1.203,
2026-03-13 16:00:00,Friday,16,0.091,0.824,0.000,0.000,0.119,0.000,1.034,
2026-03-13 17:00:00,Friday,17,0.082,1.030,0.000,0.000,0.179,0.000,1.291,
2026-03-13 18:00:00,Friday,18,0.087,0.994,0.147,0.412,0.183,0.000,1.823,
2026-03-13 19:00:00,Friday,19,0.093,1.062,0.064,0.000,0.209,0.000,1.428,
2026-03-13 20:00:00,Friday,20,0.076,1.460,0.158,0.000,0.205,0.505,2.404,zmywarka
2026-03-13 21:00:00,Friday,21,0.087,1.199,0.131,0.000,0.132,0.000,1.549,
2026-03-13 22:00:00,Friday,22,0.092,1.372,0.037,0.000,0.136,0.000,1.637,
2026-03-13 23:00:00,Friday,23,0.072,1.409,0.000,0.000,0.000,0.000,1.481,
2026-03-14 00:00:00,Saturday,0,0.087,1.201,0.000,0.000,0.000,0.000,1.288,
2026-03-14 01:00:00,Saturday,1,0.089,1.424,0.000,0.000,0.000,0.000,1.513,
2026-03-14 02:00:00,Saturday,2,0.074,1.577,0.000,0.000,0.000,0.000,1.651,
2026-03-14 03:00:00,Saturday,3,0.075,1.405,0.000,0.000,0.000,0.000,1.480,
2026-03-14 04:00:00,Saturday,4,0.083,1.469,0.000,0.000,0.000,0.000,1.552,
2026-03-14 05:00:00,Saturday,5,0.097,1.259,0.000,0.000,0.000,0.000,1.356,
2026-03-14 06:00:00,Saturday,6,0.076,1.331,0.116,0.194,0.000,0.000,1.717,
2026-03-14 07:00:00,Saturday,7,0.084,1.327,0.000,0.290,0.000,0.000,1.701,
2026-03-14 08:00:00,Saturday,8,0.079,1.691,0.000,0.275,0.000,0.000,2.045,
2026-03-14 09:00:00,Saturday,9,0.069,1.646,0.000,0.000,0.128,0.000,1.843,
2026-03-14 10:00:00,Saturday,10,0.073,1.714,0.000,0.000,0.098,0.000,1.885,
2026-03-14 11:00:00,Saturday,11,0.086,1.498,0.000,0.000,0.122,0.409,2.115,pralka
2026-03-14 12:00:00,Saturday,12,0.094,1.450,0.000,0.000,0.145,0.000,1.689,
2026-03-14 13:00:00,Saturday,13,0.086,1.363,0.000,0.474,0.150,0.000,2.073,
2026-03-14 14:00:00,Saturday,14,0.078,1.412,0.000,0.000,0.042,0.560,2.092,zmywarka
2026-03-14 15:00:00,Saturday,15,0.070,1.535,0.000,0.000,0.088,0.000,1.693,
2026-03-14 16:00:00,Saturday,16,0.066,1.354,0.000,0.000,0.116,0.000,1.536,
2026-03-14 17:00:00,Saturday,17,0.071,1.155,0.000,0.000,0.137,0.000,1.363,
2026-03-14 18:00:00,Saturday,18,0.077,1.334,0.168,0.622,0.122,0.000,2.323,
2026-03-14 19:00:00,Saturday,19,0.067,1.225,0.137,0.000,0.178,0.000,1.607,
2026-03-14 20:00:00,Saturday,20,0.086,1.397,0.167,0.000,0.202,0.000,1.852,
2026-03-14 21:00:00,Saturday,21,0.088,1.631,0.149,0.000,0.191,0.000,2.059,
2026-03-14 22:00:00,Saturday,22,0.090,1.513,0.077,0.000,0.164,0.000,1.844,
2026-03-14 23:00:00,Saturday,23,0.100,1.440,0.000,0.000,0.000,0.000,1.540,
2026-03-15 00:00:00,Sunday,0,0.075,1.532,0.000,0.000,0.000,0.000,1.607,
2026-03-15 01:00:00,Sunday,1,0.081,1.419,0.000,0.000,0.000,0.000,1.500,
2026-03-15 02:00:00,Sunday,2,0.091,1.382,0.000,0.000,0.000,0.000,1.473,
2026-03-15 03:00:00,Sunday,3,0.098,1.274,0.000,0.000,0.000,0.000,1.372,
2026-03-15 04:00:00,Sunday,4,0.084,1.355,0.000,0.000,0.000,0.000,1.439,
2026-03-15 05:00:00,Sunday,5,0.088,1.315,0.000,0.000,0.000,0.000,1.403,
2026-03-15 06:00:00,Sunday,6,0.071,1.331,0.046,0.211,0.000,0.000,1.659,
2026-03-15 07:00:00,Sunday,7,0.090,1.724,0.000,0.301,0.000,0.000,2.115,
2026-03-15 08:00:00,Sunday,8,0.085,1.519,0.000,0.229,0.000,0.000,1.833,
2026-03-15 09:00:00,Sunday,9,0.069,1.237,0.000,0.000,0.057,0.000,1.363,
2026-03-15 10:00:00,Sunday,10,0.073,1.430,0.000,0.000,0.145,0.000,1.648,
2026-03-15 11:00:00,Sunday,11,0.067,1.288,0.000,0.000,0.140,0.000,1.495,
2026-03-15 12:00:00,Sunday,12,0.082,0.972,0.000,0.740,0.142,0.000,1.936,
2026-03-15 13:00:00,Sunday,13,0.095,0.960,0.000,0.000,0.064,0.000,1.119,
2026-03-15 14:00:00,Sunday,14,0.070,1.170,0.000,0.000,0.038,0.565,1.843,zmywarka
2026-03-15 15:00:00,Sunday,15,0.070,1.046,0.000,0.000,0.062,0.000,1.178,
2026-03-15 16:00:00,Sunday,16,0.088,1.120,0.000,0.000,0.091,0.000,1.299,
2026-03-15 17:00:00,Sunday,17,0.094,1.111,0.000,0.601,0.110,0.000,1.916,goście
2026-03-15 18:00:00,Sunday,18,0.073,1.138,0.077,0.000,0.183,0.000,1.471,goście
2026-03-15 19:00:00,Sunday,19,0.073,1.329,0.110,0.000,0.104,0.000,1.616,goście
2026-03-15 20:00:00,Sunday,20,0.074,1.458,0.083,0.000,0.145,0.000,1.760,goście
2026-03-15 21:00:00,Sunday,21,0.081,1.553,0.110,0.000,0.120,0.000,1.864,goście
2026-03-15 22:00:00,Sunday,22,0.088,1.228,0.064,0.000,0.159,0.000,1.539,
2026-03-15 23:00:00,Sunday,23,0.090,1.414,0.000,0.000,0.000,0.000,1.504,
2026-03-16 00:00:00,Monday,0,0.069,1.345,0.000,0.000,0.000,0.000,1.414,
2026-03-16 01:00:00,Monday,1,0.089,1.401,0.000,0.000,0.000,0.000,1.490,
2026-03-16 02:00:00,Monday,2,0.095,1.382,0.000,0.000,0.000,0.000,1.477,
2026-03-16 03:00:00,Monday,3,0.092,1.264,0.000,0.000,0.000,0.000,1.356,
2026-03-16 04:00:00,Monday,4,0.070,1.273,0.000,0.000,0.000,0.000,1.343,
2026-03-16 05:00:00,Monday,5,0.080,1.564,0.000,0.000,0.000,0.000,1.644,
2026-03-16 06:00:00,Monday,6,0.092,1.519,0.090,0.278,0.000,0.000,1.979,
2026-03-16 07:00:00,Monday,7,0.074,1.459,0.000,0.229,0.000,0.000,1.762,
2026-03-16 08:00:00,Monday,8,0.070,1.567,0.000,0.203,0.000,0.000,1.840,
2026-03-16 09:00:00,Monday,9,0.088,1.554,0.000,0.000,0.180,0.000,1.822,praca zdalna
2026-03-16 10:00:00,Monday,10,0.085,1.305,0.000,0.000,0.180,0.000,1.570,praca zdalna
2026-03-16 11:00:00,Monday,11,0.071,1.534,0.000,0.000,0.142,0.000,1.747,praca zdalna
2026-03-16 12:00:00,Monday,12,0.072,1.459,0.000,0.000,0.110,0.000,1.641,praca zdalna
2026-03-16 13:00:00,Monday,13,0.083,1.460,0.000,0.341,0.186,0.000,2.070,praca zdalna
2026-03-16 14:00:00,Monday,14,0.073,1.257,0.000,0.000,0.214,0.000,1.544,praca zdalna
2026-03-16 15:00:00,Monday,15,0.079,1.629,0.000,0.000,0.128,0.000,1.836,praca zdalna
2026-03-16 16:00:00,Monday,16,0.088,1.476,0.000,0.000,0.212,0.000,1.776,praca zdalna
2026-03-16 17:00:00,Monday,17,0.074,1.421,0.000,0.000,0.155,0.000,1.650,
2026-03-16 18:00:00,Monday,18,0.091,1.349,0.074,1.157,0.139,0.000,2.810,
2026-03-16 19:00:00,Monday,19,0.090,1.684,0.170,0.000,0.205,0.679,2.828,zmywarka
2026-03-16 20:00:00,Monday,20,0.068,1.363,0.172,0.000,0.106,0.000,1.709,
2026-03-16 21:00:00,Monday,21,0.069,1.569,0.101,0.000,0.172,0.000,1.911,
2026-03-16 22:00:00,Monday,22,0.069,1.231,0.053,0.000,0.162,0.000,1.515,
2026-03-16 23:00:00,Monday,23,0.083,1.646,0.000,0.000,0.000,0.000,1.729,
2026-03-17 00:00:00,Tuesday,0,0.093,1.327,0.000,0.000,0.000,0.000,1.420,
2026-03-17 01:00:00,Tuesday,1,0.087,1.504,0.000,0.000,0.000,0.000,1.591,
2026-03-17 02:00:00,Tuesday,2,0.097,1.301,0.000,0.000,0.000,0.000,1.398,
2026-03-17 03:00:00,Tuesday,3,0.090,1.738,0.000,0.000,0.000,0.000,1.828,
2026-03-17 04:00:00,Tuesday,4,0.068,1.674,0.000,0.000,0.000,0.000,1.742,
2026-03-17 05:00:00,Tuesday,5,0.091,1.710,0.000,0.000,0.000,0.000,1.801,
2026-03-17 06:00:00,Tuesday,6,0.082,1.892,0.043,0.315,0.000,0.000,2.332,
2026-03-17 07:00:00,Tuesday,7,0.075,2.062,0.000,0.223,0.000,0.000,2.360,
2026-03-17 08:00:00,Tuesday,8,0.086,2.076,0.000,0.204,0.000,0.000,2.366,
2026-03-17 09:00:00,Tuesday,9,0.085,1.441,0.000,0.000,0.064,0.446,2.036,pralka
2026-03-17 10:00:00,Tuesday,10,0.077,1.457,0.000,0.000,0.086,1.177,2.797,suszarka
2026-03-17 11:00:00,Tuesday,11,0.074,1.463,0.000,0.000,0.073,0.000,1.610,
2026-03-17 12:00:00,Tuesday,12,0.071,1.233,0.000,0.000,0.058,0.000,1.362,
2026-03-17 13:00:00,Tuesday,13,0.071,1.142,0.000,0.333,0.083,0.000,1.629,
2026-03-17 14:00:00,Tuesday,14,0.078,1.322,0.000,0.000,0.056,0.000,1.456,
2026-03-17 15:00:00,Tuesday,15,0.085,1.250,0.000,0.000,0.089,0.000,1.424,
2026-03-17 16:00:00,Tuesday,16,0.076,1.372,0.000,0.000,0.142,0.000,1.590,
2026-03-17 17:00:00,Tuesday,17,0.086,1.484,0.000,0.000,0.136,0.000,1.706,
2026-03-17 18:00:00,Tuesday,18,0.073,1.502,0.163,0.595,0.181,0.000,2.514,
2026-03-17 19:00:00,Tuesday,19,0.072,1.584,0.180,0.000,0.132,0.000,1.968,
2026-03-17 20:00:00,Tuesday,20,0.082,1.826,0.118,0.000,0.207,0.695,2.928,zmywarka
2026-03-17 21:00:00,Tuesday,21,0.083,1.805,0.160,0.000,0.184,0.000,2.232,
2026-03-17 22:00:00,Tuesday,22,0.085,1.675,0.069,0.000,0.160,0.000,1.989,
2026-03-17 23:00:00,Tuesday,23,0.071,1.318,0.000,0.000,0.000,0.000,1.389,
2026-03-18 00:00:00,Wednesday,0,0.088,1.498,0.000,0.000,0.000,0.000,1.586,
2026-03-18 01:00:00,Wednesday,1,0.077,1.381,0.000,0.000,0.000,0.000,1.458,
2026-03-18 02:00:00,Wednesday,2,0.083,1.564,0.000,0.000,0.000,0.000,1.647,
2026-03-18 03:00:00,Wednesday,3,0.074,1.442,0.000,0.000,0.000,0.000,1.516,
2026-03-18 04:00:00,Wednesday,4,0.104,1.566,0.000,0.000,0.000,0.000,1.670,
2026-03-18 05:00:00,Wednesday,5,0.091,1.555,0.000,0.000,0.000,0.000,1.646,
2026-03-18 06:00:00,Wednesday,6,0.087,1.555,0.108,0.212,0.000,0.000,1.962,
2026-03-18 07:00:00,Wednesday,7,0.067,1.482,0.000,0.310,0.000,0.000,1.859,
2026-03-18 08:00:00,Wednesday,8,0.078,1.573,0.000,0.224,0.000,0.000,1.875,
2026-03-18 09:00:00,Wednesday,9,0.091,1.364,0.000,0.000,0.121,0.000,1.576,praca zdalna
2026-03-18 10:00:00,Wednesday,10,0.085,1.171,0.000,0.000,0.139,0.000,1.395,praca zdalna
2026-03-18 11:00:00,Wednesday,11,0.077,1.391,0.000,0.000,0.158,0.000,1.626,praca zdalna
2026-03-18 12:00:00,Wednesday,12,0.079,1.230,0.000,0.345,0.133,0.000,1.787,praca zdalna
2026-03-18 13:00:00,Wednesday,13,0.085,1.130,0.000,0.000,0.172,0.000,1.387,praca zdalna
2026-03-18 14:00:00,Wednesday,14,0.068,1.117,0.000,0.000,0.107,0.000,1.292,praca zdalna
2026-03-18 15:00:00,Wednesday,15,0.091,1.205,0.000,0.000,0.131,0.000,1.427,praca zdalna
2026-03-18 16:00:00,Wednesday,16,0.095,1.217,0.000,0.000,0.163,0.000,1.475,praca zdalna
2026-03-18 17:00:00,Wednesday,17,0.080,1.066,0.000,0.000,0.140,0.000,1.286,
2026-03-18 18:00:00,Wednesday,18,0.091,1.097,0.170,0.617,0.194,0.000,2.169,
2026-03-18 19:00:00,Wednesday,19,0.094,1.405,0.089,0.000,0.097,0.000,1.685,
2026-03-18 20:00:00,Wednesday,20,0.091,1.141,0.089,0.000,0.112,0.612,2.045,zmywarka
2026-03-18 21:00:00,Wednesday,21,0.078,1.267,0.078,0.000,0.151,0.000,1.574,
2026-03-18 22:00:00,Wednesday,22,0.074,1.000,0.074,0.000,0.094,0.000,1.242,
2026-03-18 23:00:00,Wednesday,23,0.089,1.067,0.000,0.000,0.000,0.000,1.156,
2026-03-19 00:00:00,Thursday,0,0.101,1.361,0.000,0.000,0.000,0.000,1.462,
2026-03-19 01:00:00,Thursday,1,0.094,1.162,0.000,0.000,0.000,0.000,1.256,
2026-03-19 02:00:00,Thursday,2,0.103,1.406,0.000,0.000,0.000,0.000,1.509,
2026-03-19 03:00:00,Thursday,3,0.091,1.310,0.000,0.000,0.000,0.000,1.401,
2026-03-19 04:00:00,Thursday,4,0.100,1.281,0.000,0.000,0.000,0.000,1.381,
2026-03-19 05:00:00,Thursday,5,0.070,1.492,0.000,0.000,0.000,0.000,1.562,
2026-03-19 06:00:00,Thursday,6,0.072,1.379,0.080,0.162,0.000,0.000,1.693,
2026-03-19 07:00:00,Thursday,7,0.095,1.287,0.000,0.200,0.000,0.000,1.582,
2026-03-19 08:00:00,Thursday,8,0.071,1.549,0.000,0.196,0.000,0.000,1.816,
2026-03-19 09:00:00,Thursday,9,0.092,1.245,0.000,0.000,0.162,0.000,1.499,praca zdalna
2026-03-19 10:00:00,Thursday,10,0.077,1.064,0.000,0.000,0.152,0.000,1.293,praca zdalna
2026-03-19 11:00:00,Thursday,11,0.077,1.062,0.000,0.000,0.154,0.000,1.293,praca zdalna
2026-03-19 12:00:00,Thursday,12,0.075,0.900,0.000,0.000,0.171,0.000,1.146,praca zdalna
2026-03-19 13:00:00,Thursday,13,0.089,0.741,0.000,0.401,0.194,0.000,1.425,praca zdalna
2026-03-19 14:00:00,Thursday,14,0.095,0.712,0.000,0.000,0.157,0.000,0.964,praca zdalna
2026-03-19 15:00:00,Thursday,15,0.091,0.715,0.000,0.000,0.156,0.000,0.962,praca zdalna
2026-03-19 16:00:00,Thursday,16,0.092,0.699,0.000,0.000,0.221,0.000,1.012,praca zdalna
2026-03-19 17:00:00,Thursday,17,0.096,1.079,0.000,0.401,0.140,0.000,1.716,
2026-03-19 18:00:00,Thursday,18,0.095,1.140,0.140,0.000,0.123,0.000,1.498,
2026-03-19 19:00:00,Thursday,19,0.072,1.217,0.068,0.000,0.141,0.000,1.498,
2026-03-19 20:00:00,Thursday,20,0.071,1.088,0.170,0.000,0.149,0.549,2.027,zmywarka
2026-03-19 21:00:00,Thursday,21,0.076,1.258,0.143,0.000,0.140,0.000,1.617,
2026-03-19 22:00:00,Thursday,22,0.083,1.018,0.083,0.000,0.160,0.000,1.344,
2026-03-19 23:00:00,Thursday,23,0.068,1.307,0.000,0.000,0.000,0.000,1.375,
2026-03-20 00:00:00,Friday,0,0.085,1.325,0.000,0.000,0.000,0.000,1.410,
2026-03-20 01:00:00,Friday,1,0.074,1.492,0.000,0.000,0.000,0.000,1.566,
2026-03-20 02:00:00,Friday,2,0.077,1.307,0.000,0.000,0.000,0.000,1.384,
2026-03-20 03:00:00,Friday,3,0.070,1.439,0.000,0.000,0.000,0.000,1.509,
2026-03-20 04:00:00,Friday,4,0.094,1.597,0.000,0.000,0.000,0.000,1.691,
2026-03-20 05:00:00,Friday,5,0.100,1.478,0.000,0.000,0.000,0.000,1.578,
2026-03-20 06:00:00,Friday,6,0.086,1.859,0.091,0.330,0.000,0.000,2.366,
2026-03-20 07:00:00,Friday,7,0.074,1.543,0.000,0.130,0.000,0.000,1.747,
2026-03-20 08:00:00,Friday,8,0.085,1.973,0.000,0.339,0.000,0.000,2.397,
2026-03-20 09:00:00,Friday,9,0.081,1.642,0.000,0.000,0.171,0.000,1.894,praca zdalna
2026-03-20 10:00:00,Friday,10,0.095,1.670,0.000,0.000,0.173,0.000,1.938,praca zdalna
2026-03-20 11:00:00,Friday,11,0.091,1.611,0.000,0.000,0.136,0.000,1.838,praca zdalna
2026-03-20 12:00:00,Friday,12,0.076,1.282,0.000,0.000,0.174,0.000,1.532,praca zdalna
2026-03-20 13:00:00,Friday,13,0.095,1.609,0.000,0.325,0.125,0.000,2.154,praca zdalna
2026-03-20 14:00:00,Friday,14,0.089,1.396,0.000,0.000,0.244,0.000,1.729,praca zdalna
2026-03-20 15:00:00,Friday,15,0.091,0.941,0.000,0.000,0.179,0.000,1.211,praca zdalna
2026-03-20 16:00:00,Friday,16,0.067,1.070,0.000,0.000,0.169,0.000,1.306,praca zdalna
2026-03-20 17:00:00,Friday,17,0.072,1.057,0.000,1.110,0.186,0.000,2.425,
2026-03-20 18:00:00,Friday,18,0.076,1.485,0.110,0.000,0.151,0.000,1.822,
2026-03-20 19:00:00,Friday,19,0.077,1.786,0.122,0.000,0.124,0.611,2.720,zmywarka
2026-03-20 20:00:00,Friday,20,0.073,1.595,0.106,0.000,0.182,0.000,1.956,
2026-03-20 21:00:00,Friday,21,0.088,1.605,0.067,0.000,0.200,0.000,1.960,
2026-03-20 22:00:00,Friday,22,0.089,1.436,0.085,0.000,0.190,0.000,1.800,
2026-03-20 23:00:00,Friday,23,0.092,1.657,0.000,0.000,0.000,0.000,1.749,
2026-03-21 00:00:00,Saturday,0,0.082,1.464,0.000,0.000,0.000,0.000,1.546,
2026-03-21 01:00:00,Saturday,1,0.088,1.751,0.000,0.000,0.000,0.000,1.839,
2026-03-21 02:00:00,Saturday,2,0.100,1.553,0.000,0.000,0.000,0.000,1.653,
2026-03-21 03:00:00,Saturday,3,0.082,1.755,0.000,0.000,0.000,0.000,1.837,
2026-03-21 04:00:00,Saturday,4,0.077,1.545,0.000,0.000,0.000,0.000,1.622,
2026-03-21 05:00:00,Saturday,5,0.077,1.466,0.000,0.000,0.000,0.000,1.543,
2026-03-21 06:00:00,Saturday,6,0.067,1.712,0.086,0.191,0.000,0.000,2.056,
2026-03-21 07:00:00,Saturday,7,0.084,1.723,0.000,0.196,0.000,0.000,2.003,
2026-03-21 08:00:00,Saturday,8,0.067,1.663,0.000,0.253,0.000,0.000,1.983,
2026-03-21 09:00:00,Saturday,9,0.092,1.864,0.000,0.000,0.074,0.475,2.505,pralka
2026-03-21 10:00:00,Saturday,10,0.073,1.706,0.000,0.000,0.074,1.168,3.021,suszarka
2026-03-21 11:00:00,Saturday,11,0.070,1.658,0.000,0.000,0.055,0.000,1.783,
2026-03-21 12:00:00,Saturday,12,0.076,1.372,0.000,0.679,0.100,0.000,2.227,
2026-03-21 13:00:00,Saturday,13,0.078,1.336,0.000,0.000,0.143,0.663,2.220,zmywarka
2026-03-21 14:00:00,Saturday,14,0.094,1.429,0.000,0.000,0.064,0.000,1.587,
2026-03-21 15:00:00,Saturday,15,0.073,1.310,0.000,0.000,0.128,0.000,1.511,
2026-03-21 16:00:00,Saturday,16,0.070,1.493,0.000,0.000,0.043,0.000,1.606,
2026-03-21 17:00:00,Saturday,17,0.089,1.179,0.000,0.490,0.155,0.000,1.913,
2026-03-21 18:00:00,Saturday,18,0.086,1.251,0.085,0.000,0.103,0.000,1.525,
2026-03-21 19:00:00,Saturday,19,0.066,1.433,0.107,0.000,0.196,0.000,1.802,
2026-03-21 20:00:00,Saturday,20,0.066,1.772,0.097,0.000,0.115,0.000,2.050,
2026-03-21 21:00:00,Saturday,21,0.079,1.850,0.106,0.000,0.127,0.000,2.162,
2026-03-21 22:00:00,Saturday,22,0.094,1.547,0.083,0.000,0.106,0.000,1.830,
2026-03-21 23:00:00,Saturday,23,0.083,1.562,0.000,0.000,0.000,0.000,1.645,
2026-03-22 00:00:00,Sunday,0,0.073,1.511,0.000,0.000,0.000,0.000,1.584,
2026-03-22 01:00:00,Sunday,1,0.068,1.754,0.000,0.000,0.000,0.000,1.822,
2026-03-22 02:00:00,Sunday,2,0.082,1.557,0.000,0.000,0.000,0.000,1.639,
2026-03-22 03:00:00,Sunday,3,0.089,1.690,0.000,0.000,0.000,0.000,1.779,
2026-03-22 04:00:00,Sunday,4,0.070,1.530,0.000,0.000,0.000,0.000,1.600,
2026-03-22 05:00:00,Sunday,5,0.077,1.612,0.000,0.000,0.000,0.000,1.689,
2026-03-22 06:00:00,Sunday,6,0.072,1.470,0.074,0.179,0.000,0.000,1.795,
2026-03-22 07:00:00,Sunday,7,0.091,1.735,0.000,0.349,0.000,0.000,2.175,
2026-03-22 08:00:00,Sunday,8,0.071,1.790,0.000,0.203,0.000,0.000,2.064,
2026-03-22 09:00:00,Sunday,9,0.086,1.419,0.000,0.000,0.051,0.000,1.556,
2026-03-22 10:00:00,Sunday,10,0.093,1.552,0.000,0.000,0.093,0.000,1.738,
2026-03-22 11:00:00,Sunday,11,0.078,1.416,0.000,0.000,0.035,0.000,1.529,
2026-03-22 12:00:00,Sunday,12,0.076,1.392,0.000,0.000,0.099,0.000,1.567,
2026-03-22 13:00:00,Sunday,13,0.088,1.264,0.000,0.547,0.131,0.542,2.572,zmywarka
2026-03-22 14:00:00,Sunday,14,0.089,1.075,0.000,0.000,0.048,0.000,1.212,
2026-03-22 15:00:00,Sunday,15,0.083,1.280,0.000,0.000,0.064,0.000,1.427,
2026-03-22 16:00:00,Sunday,16,0.088,1.304,0.000,0.000,0.104,0.000,1.496,
2026-03-22 17:00:00,Sunday,17,0.087,1.262,0.000,0.936,0.195,0.000,2.480,goście
2026-03-22 18:00:00,Sunday,18,0.067,1.393,0.101,0.000,0.175,0.000,1.736,goście
2026-03-22 19:00:00,Sunday,19,0.082,1.283,0.075,0.000,0.098,0.000,1.538,goście
2026-03-22 20:00:00,Sunday,20,0.068,1.232,0.091,0.000,0.122,0.000,1.513,goście
2026-03-22 21:00:00,Sunday,21,0.083,1.375,0.087,0.000,0.090,0.000,1.635,goście
2026-03-22 22:00:00,Sunday,22,0.072,1.258,0.055,0.000,0.206,0.000,1.591,
2026-03-22 23:00:00,Sunday,23,0.102,1.346,0.000,0.000,0.000,0.000,1.448,
2026-03-23 00:00:00,Monday,0,0.084,1.450,0.000,0.000,0.000,0.000,1.534,
2026-03-23 01:00:00,Monday,1,0.094,1.208,0.000,0.000,0.000,0.000,1.302,
2026-03-23 02:00:00,Monday,2,0.073,1.255,0.000,0.000,0.000,0.000,1.328,
2026-03-23 03:00:00,Monday,3,0.085,1.307,0.000,0.000,0.000,0.000,1.392,
2026-03-23 04:00:00,Monday,4,0.070,1.336,0.000,0.000,0.000,0.000,1.406,
2026-03-23 05:00:00,Monday,5,0.110,1.330,0.000,0.000,0.000,0.000,1.440,
2026-03-23 06:00:00,Monday,6,0.070,1.596,0.056,0.130,0.000,0.000,1.852,
2026-03-23 07:00:00,Monday,7,0.086,1.776,0.000,0.262,0.000,0.000,2.124,
2026-03-23 08:00:00,Monday,8,0.089,1.458,0.000,0.250,0.000,0.000,1.797,
2026-03-23 09:00:00,Monday,9,0.081,1.590,0.000,0.000,0.067,0.000,1.738,
2026-03-23 10:00:00,Monday,10,0.078,1.220,0.000,0.000,0.064,0.000,1.362,
2026-03-23 11:00:00,Monday,11,0.077,1.287,0.000,0.000,0.089,0.379,1.832,pralka
2026-03-23 12:00:00,Monday,12,0.075,1.175,0.000,0.000,0.081,1.294,2.625,suszarka
2026-03-23 13:00:00,Monday,13,0.069,1.074,0.000,0.475,0.078,0.000,1.696,
2026-03-23 14:00:00,Monday,14,0.082,0.888,0.000,0.000,0.143,0.000,1.113,
2026-03-23 15:00:00,Monday,15,0.074,0.812,0.000,0.000,0.150,0.000,1.036,
2026-03-23 16:00:00,Monday,16,0.095,0.949,0.000,0.000,0.077,0.000,1.121,
2026-03-23 17:00:00,Monday,17,0.074,1.056,0.000,0.000,0.164,0.000,1.294,
2026-03-23 18:00:00,Monday,18,0.073,1.132,0.154,0.619,0.116,0.000,2.094,
2026-03-23 19:00:00,Monday,19,0.088,0.980,0.128,0.000,0.161,0.590,1.947,zmywarka
2026-03-23 20:00:00,Monday,20,0.094,1.139,0.071,0.000,0.098,0.000,1.402,
2026-03-23 21:00:00,Monday,21,0.083,1.108,0.095,0.000,0.174,0.000,1.460,
2026-03-23 22:00:00,Monday,22,0.089,1.094,0.037,0.000,0.178,0.000,1.398,
2026-03-23 23:00:00,Monday,23,0.086,1.388,0.000,0.000,0.000,0.000,1.474,
2026-03-24 00:00:00,Tuesday,0,0.076,1.226,0.000,0.000,0.000,0.000,1.302,
2026-03-24 01:00:00,Tuesday,1,0.093,1.369,0.000,0.000,0.000,0.000,1.462,
2026-03-24 02:00:00,Tuesday,2,0.069,1.451,0.000,0.000,0.000,0.000,1.520,
2026-03-24 03:00:00,Tuesday,3,0.073,1.366,0.000,0.000,0.000,0.000,1.439,
2026-03-24 04:00:00,Tuesday,4,0.091,1.315,0.000,0.000,0.000,0.000,1.406,
2026-03-24 05:00:00,Tuesday,5,0.095,1.202,0.000,0.000,0.000,0.000,1.297,
2026-03-24 06:00:00,Tuesday,6,0.089,1.235,0.116,0.257,0.000,0.000,1.697,
2026-03-24 07:00:00,Tuesday,7,0.077,1.482,0.000,0.350,0.000,0.000,1.909,
2026-03-24 08:00:00,Tuesday,8,0.089,1.452,0.000,0.314,0.000,0.000,1.855,
2026-03-24 09:00:00,Tuesday,9,0.080,1.295,0.000,0.000,0.203,0.000,1.578,praca zdalna
2026-03-24 10:00:00,Tuesday,10,0.080,1.095,0.000,0.000,0.145,0.000,1.320,praca zdalna
2026-03-24 11:00:00,Tuesday,11,0.081,1.078,0.000,0.000,0.181,0.484,1.824,praca zdalna; pralka
2026-03-24 12:00:00,Tuesday,12,0.071,1.243,0.000,0.000,0.109,1.064,2.487,praca zdalna; suszarka
2026-03-24 13:00:00,Tuesday,13,0.091,1.099,0.000,0.225,0.146,0.000,1.561,praca zdalna
2026-03-24 14:00:00,Tuesday,14,0.092,0.914,0.000,0.000,0.208,0.000,1.214,praca zdalna
2026-03-24 15:00:00,Tuesday,15,0.094,0.904,0.000,0.000,0.137,0.000,1.135,praca zdalna
2026-03-24 16:00:00,Tuesday,16,0.085,0.760,0.000,0.000,0.236,0.000,1.081,praca zdalna
2026-03-24 17:00:00,Tuesday,17,0.085,0.706,0.000,0.458,0.097,0.000,1.346,
2026-03-24 18:00:00,Tuesday,18,0.084,0.795,0.171,0.000,0.189,0.000,1.239,
2026-03-24 19:00:00,Tuesday,19,0.073,0.998,0.107,0.000,0.131,0.000,1.309,
2026-03-24 20:00:00,Tuesday,20,0.091,1.060,0.065,0.000,0.161,0.000,1.377,
2026-03-24 21:00:00,Tuesday,21,0.066,1.047,0.096,0.000,0.189,0.000,1.398,
2026-03-24 22:00:00,Tuesday,22,0.089,0.781,0.067,0.000,0.104,0.000,1.041,
2026-03-24 23:00:00,Tuesday,23,0.095,0.879,0.000,0.000,0.000,0.000,0.974,
2026-03-25 00:00:00,Wednesday,0,0.098,0.929,0.000,0.000,0.000,0.000,1.027,
2026-03-25 01:00:00,Wednesday,1,0.081,0.837,0.000,0.000,0.000,0.000,0.918,
2026-03-25 02:00:00,Wednesday,2,0.084,0.768,0.000,0.000,0.000,0.000,0.852,
2026-03-25 03:00:00,Wednesday,3,0.113,0.709,0.000,0.000,0.000,0.000,0.822,
2026-03-25 04:00:00,Wednesday,4,0.074,0.646,0.000,0.000,0.000,0.000,0.720,
2026-03-25 05:00:00,Wednesday,5,0.087,0.883,0.000,0.000,0.000,0.000,0.970,
2026-03-25 06:00:00,Wednesday,6,0.072,1.046,0.116,0.174,0.000,0.000,1.408,
2026-03-25 07:00:00,Wednesday,7,0.068,0.879,0.000,0.148,0.000,0.000,1.095,
2026-03-25 08:00:00,Wednesday,8,0.087,1.049,0.000,0.189,0.000,0.000,1.325,
2026-03-25 09:00:00,Wednesday,9,0.078,1.022,0.000,0.000,0.142,0.000,1.242,praca zdalna
2026-03-25 10:00:00,Wednesday,10,0.086,1.176,0.000,0.000,0.142,0.000,1.404,praca zdalna
2026-03-25 11:00:00,Wednesday,11,0.079,1.110,0.000,0.000,0.115,0.000,1.304,praca zdalna
2026-03-25 12:00:00,Wednesday,12,0.086,1.105,0.000,0.330,0.139,0.000,1.660,praca zdalna
2026-03-25 13:00:00,Wednesday,13,0.085,1.083,0.000,0.000,0.186,0.000,1.354,praca zdalna
2026-03-25 14:00:00,Wednesday,14,0.086,1.037,0.000,0.000,0.167,0.000,1.290,praca zdalna
2026-03-25 15:00:00,Wednesday,15,0.082,1.069,0.000,0.000,0.161,0.000,1.312,praca zdalna
2026-03-25 16:00:00,Wednesday,16,0.095,1.150,0.000,0.000,0.139,0.000,1.384,praca zdalna
2026-03-25 17:00:00,Wednesday,17,0.079,0.889,0.000,0.396,0.150,0.000,1.514,
2026-03-25 18:00:00,Wednesday,18,0.095,1.092,0.146,0.000,0.202,0.000,1.535,
2026-03-25 19:00:00,Wednesday,19,0.094,1.106,0.097,0.000,0.193,0.000,1.490,
2026-03-25 20:00:00,Wednesday,20,0.075,1.211,0.107,0.000,0.146,0.587,2.126,zmywarka
2026-03-25 21:00:00,Wednesday,21,0.074,1.381,0.106,0.000,0.156,0.000,1.717,
2026-03-25 22:00:00,Wednesday,22,0.067,1.232,0.054,0.000,0.167,0.000,1.520,
2026-03-25 23:00:00,Wednesday,23,0.092,1.370,0.000,0.000,0.000,0.000,1.462,
2026-03-26 00:00:00,Thursday,0,0.082,1.384,0.000,0.000,0.000,0.000,1.466,
2026-03-26 01:00:00,Thursday,1,0.070,1.541,0.000,0.000,0.000,0.000,1.611,
2026-03-26 02:00:00,Thursday,2,0.102,1.358,0.000,0.000,0.000,0.000,1.460,
2026-03-26 03:00:00,Thursday,3,0.075,1.360,0.000,0.000,0.000,0.000,1.435,
2026-03-26 04:00:00,Thursday,4,0.083,1.251,0.000,0.000,0.000,0.000,1.334,
2026-03-26 05:00:00,Thursday,5,0.078,1.096,0.000,0.000,0.000,0.000,1.174,
2026-03-26 06:00:00,Thursday,6,0.094,1.439,0.075,0.158,0.000,0.000,1.766,
2026-03-26 07:00:00,Thursday,7,0.084,1.319,0.000,0.334,0.000,0.000,1.737,
2026-03-26 08:00:00,Thursday,8,0.094,1.274,0.000,0.289,0.000,0.000,1.657,
2026-03-26 09:00:00,Thursday,9,0.091,1.480,0.000,0.000,0.182,0.000,1.753,praca zdalna
2026-03-26 10:00:00,Thursday,10,0.075,1.100,0.000,0.000,0.144,0.000,1.319,praca zdalna
2026-03-26 11:00:00,Thursday,11,0.077,1.126,0.000,0.000,0.116,0.000,1.319,praca zdalna
2026-03-26 12:00:00,Thursday,12,0.095,1.159,0.000,0.415,0.142,0.000,1.811,praca zdalna
2026-03-26 13:00:00,Thursday,13,0.089,1.042,0.000,0.000,0.112,0.000,1.243,praca zdalna
2026-03-26 14:00:00,Thursday,14,0.088,1.089,0.000,0.000,0.180,0.000,1.357,praca zdalna
2026-03-26 15:00:00,Thursday,15,0.095,0.965,0.000,0.000,0.162,0.000,1.222,praca zdalna
2026-03-26 16:00:00,Thursday,16,0.073,1.007,0.000,0.000,0.169,0.000,1.249,praca zdalna
2026-03-26 17:00:00,Thursday,17,0.075,1.015,0.000,0.000,0.110,0.000,1.200,
2026-03-26 18:00:00,Thursday,18,0.082,0.990,0.086,0.922,0.127,0.000,2.207,
2026-03-26 19:00:00,Thursday,19,0.079,1.115,0.130,0.000,0.153,0.000,1.477,
2026-03-26 20:00:00,Thursday,20,0.089,1.362,0.179,0.000,0.170,0.644,2.444,zmywarka
2026-03-26 21:00:00,Thursday,21,0.068,1.274,0.069,0.000,0.131,0.000,1.542,
2026-03-26 22:00:00,Thursday,22,0.091,1.436,0.075,0.000,0.200,0.000,1.802,
2026-03-26 23:00:00,Thursday,23,0.088,1.394,0.000,0.000,0.000,0.000,1.482,
2026-03-27 00:00:00,Friday,0,0.083,1.306,0.000,0.000,0.000,0.000,1.389,
2026-03-27 01:00:00,Friday,1,0.087,1.336,0.000,0.000,0.000,0.000,1.423,
2026-03-27 02:00:00,Friday,2,0.068,1.492,0.000,0.000,0.000,0.000,1.560,
2026-03-27 03:00:00,Friday,3,0.076,1.362,0.000,0.000,0.000,0.000,1.438,
2026-03-27 04:00:00,Friday,4,0.068,1.589,0.000,0.000,0.000,0.000,1.657,
2026-03-27 05:00:00,Friday,5,0.069,1.714,0.000,0.000,0.000,0.000,1.783,
2026-03-27 06:00:00,Friday,6,0.071,1.536,0.050,0.120,0.000,0.000,1.777,
2026-03-27 07:00:00,Friday,7,0.080,1.600,0.000,0.220,0.000,0.000,1.900,
2026-03-27 08:00:00,Friday,8,0.070,1.659,0.000,0.263,0.000,0.000,1.992,
2026-03-27 09:00:00,Friday,9,0.067,1.635,0.000,0.000,0.086,0.000,1.788,
2026-03-27 10:00:00,Friday,10,0.085,1.574,0.000,0.000,0.083,0.427,2.169,pralka
2026-03-27 11:00:00,Friday,11,0.066,1.090,0.000,0.000,0.061,1.115,2.332,suszarka
2026-03-27 12:00:00,Friday,12,0.067,1.070,0.000,0.182,0.084,0.000,1.403,
2026-03-27 13:00:00,Friday,13,0.088,1.082,0.000,0.000,0.079,0.000,1.249,
2026-03-27 14:00:00,Friday,14,0.070,1.123,0.000,0.000,0.057,0.000,1.250,
2026-03-27 15:00:00,Friday,15,0.080,1.159,0.000,0.000,0.149,0.000,1.388,
2026-03-27 16:00:00,Friday,16,0.075,1.192,0.000,0.000,0.143,0.000,1.410,
2026-03-27 17:00:00,Friday,17,0.073,1.207,0.000,0.000,0.112,0.000,1.392,
2026-03-27 18:00:00,Friday,18,0.066,1.177,0.073,0.809,0.106,0.000,2.231,
2026-03-27 19:00:00,Friday,19,0.071,1.024,0.166,0.000,0.097,0.000,1.358,
2026-03-27 20:00:00,Friday,20,0.095,1.397,0.148,0.000,0.205,0.580,2.425,zmywarka
2026-03-27 21:00:00,Friday,21,0.074,1.101,0.070,0.000,0.133,0.000,1.378,
2026-03-27 22:00:00,Friday,22,0.085,1.204,0.065,0.000,0.185,0.000,1.539,
2026-03-27 23:00:00,Friday,23,0.098,1.376,0.000,0.000,0.000,0.000,1.474,
2026-03-28 00:00:00,Saturday,0,0.080,1.214,0.000,0.000,0.000,0.000,1.294,
2026-03-28 01:00:00,Saturday,1,0.073,1.111,0.000,0.000,0.000,0.000,1.184,
2026-03-28 02:00:00,Saturday,2,0.095,1.267,0.000,0.000,0.000,0.000,1.362,
2026-03-28 03:00:00,Saturday,3,0.073,1.143,0.000,0.000,0.000,0.000,1.216,
2026-03-28 04:00:00,Saturday,4,0.103,1.109,0.000,0.000,0.000,0.000,1.212,
2026-03-28 05:00:00,Saturday,5,0.086,1.159,0.000,0.000,0.000,0.000,1.245,
2026-03-28 06:00:00,Saturday,6,0.082,1.189,0.071,0.273,0.000,0.000,1.615,
2026-03-28 07:00:00,Saturday,7,0.086,1.570,0.000,0.224,0.000,0.000,1.880,
2026-03-28 08:00:00,Saturday,8,0.077,1.278,0.000,0.324,0.000,0.000,1.679,
2026-03-28 09:00:00,Saturday,9,0.081,1.399,0.000,0.000,0.092,0.000,1.572,
2026-03-28 10:00:00,Saturday,10,0.074,1.185,0.000,0.000,0.140,0.421,1.820,pralka
2026-03-28 11:00:00,Saturday,11,0.093,1.539,0.000,0.000,0.119,0.000,1.751,
2026-03-28 12:00:00,Saturday,12,0.072,1.304,0.000,0.000,0.141,0.000,1.517,
2026-03-28 13:00:00,Saturday,13,0.067,1.524,0.000,0.757,0.139,0.000,2.487,
2026-03-28 14:00:00,Saturday,14,0.094,1.354,0.000,0.000,0.109,0.500,2.057,zmywarka
2026-03-28 15:00:00,Saturday,15,0.071,1.394,0.000,0.000,0.114,0.000,1.579,
2026-03-28 16:00:00,Saturday,16,0.070,1.161,0.000,0.000,0.130,0.000,1.361,
2026-03-28 17:00:00,Saturday,17,0.094,1.058,0.000,0.000,0.196,0.000,1.348,
2026-03-28 18:00:00,Saturday,18,0.070,1.370,0.071,0.583,0.119,0.000,2.213,
2026-03-28 19:00:00,Saturday,19,0.074,1.102,0.138,0.000,0.181,0.000,1.495,
2026-03-28 20:00:00,Saturday,20,0.092,1.340,0.140,0.000,0.203,0.000,1.775,
2026-03-28 21:00:00,Saturday,21,0.077,1.469,0.130,0.000,0.196,0.000,1.872,
2026-03-28 22:00:00,Saturday,22,0.068,1.313,0.060,0.000,0.110,0.000,1.551,
2026-03-28 23:00:00,Saturday,23,0.074,1.210,0.000,0.000,0.000,0.000,1.284,
2026-03-29 00:00:00,Sunday,0,0.090,1.404,0.000,0.000,0.000,0.000,1.494,
2026-03-29 01:00:00,Sunday,1,0.101,1.211,0.000,0.000,0.000,0.000,1.312,
2026-03-29 02:00:00,Sunday,2,0.067,1.394,0.000,0.000,0.000,0.000,1.461,
2026-03-29 03:00:00,Sunday,3,0.102,1.510,0.000,0.000,0.000,0.000,1.612,
2026-03-29 04:00:00,Sunday,4,0.079,1.367,0.000,0.000,0.000,0.000,1.446,
2026-03-29 05:00:00,Sunday,5,0.088,1.382,0.000,0.000,0.000,0.000,1.470,
2026-03-29 06:00:00,Sunday,6,0.095,1.765,0.110,0.107,0.000,0.000,2.077,
2026-03-29 07:00:00,Sunday,7,0.094,1.804,0.000,0.305,0.000,0.000,2.203,
2026-03-29 08:00:00,Sunday,8,0.075,1.911,0.000,0.315,0.000,0.000,2.301,
2026-03-29 09:00:00,Sunday,9,0.079,1.689,0.000,0.000,0.128,0.000,1.896,
2026-03-29 10:00:00,Sunday,10,0.095,1.324,0.000,0.000,0.131,0.527,2.077,pralka
2026-03-29 11:00:00,Sunday,11,0.082,1.178,0.000,0.000,0.070,1.397,2.727,suszarka
2026-03-29 12:00:00,Sunday,12,0.082,1.319,0.000,0.296,0.065,0.000,1.762,
2026-03-29 13:00:00,Sunday,13,0.074,0.977,0.000,0.000,0.133,0.679,1.863,zmywarka
2026-03-29 14:00:00,Sunday,14,0.085,0.881,0.000,0.000,0.106,0.000,1.072,
2026-03-29 15:00:00,Sunday,15,0.073,1.050,0.000,0.000,0.146,0.000,1.269,
2026-03-29 16:00:00,Sunday,16,0.076,0.927,0.000,0.000,0.061,0.000,1.064,
2026-03-29 17:00:00,Sunday,17,0.084,1.187,0.000,0.000,0.098,0.000,1.369,goście
2026-03-29 18:00:00,Sunday,18,0.083,1.096,0.175,0.613,0.178,0.000,2.145,goście
2026-03-29 19:00:00,Sunday,19,0.084,1.133,0.072,0.000,0.157,0.000,1.446,goście
2026-03-29 20:00:00,Sunday,20,0.091,1.153,0.173,0.000,0.106,0.000,1.523,goście
2026-03-29 21:00:00,Sunday,21,0.067,1.109,0.092,0.000,0.134,0.000,1.402,goście
2026-03-29 22:00:00,Sunday,22,0.082,1.213,0.055,0.000,0.127,0.000,1.477,
2026-03-29 23:00:00,Sunday,23,0.095,1.159,0.000,0.000,0.000,0.000,1.254,
2026-03-30 00:00:00,Monday,0,0.084,1.145,0.000,0.000,0.000,0.000,1.229,
2026-03-30 01:00:00,Monday,1,0.074,1.145,0.000,0.000,0.000,0.000,1.219,
2026-03-30 02:00:00,Monday,2,0.083,1.249,0.000,0.000,0.000,0.000,1.332,
2026-03-30 03:00:00,Monday,3,0.085,1.147,0.000,0.000,0.000,0.000,1.232,
2026-03-30 04:00:00,Monday,4,0.083,1.075,0.000,0.000,0.000,0.000,1.158,
2026-03-30 05:00:00,Monday,5,0.092,1.253,0.000,0.000,0.000,0.000,1.345,
2026-03-30 06:00:00,Monday,6,0.088,1.504,0.106,0.320,0.000,0.000,2.018,
2026-03-30 07:00:00,Monday,7,0.092,1.618,0.000,0.167,0.000,0.000,1.877,
2026-03-30 08:00:00,Monday,8,0.079,1.635,0.000,0.242,0.000,0.000,1.956,
2026-03-30 09:00:00,Monday,9,0.080,1.495,0.000,0.000,0.080,0.000,1.655,
2026-03-30 10:00:00,Monday,10,0.091,1.453,0.000,0.000,0.050,0.000,1.594,
2026-03-30 11:00:00,Monday,11,0.088,1.358,0.000,0.000,0.064,0.000,1.510,
2026-03-30 12:00:00,Monday,12,0.087,1.227,0.000,0.000,0.052,0.000,1.366,
2026-03-30 13:00:00,Monday,13,0.085,0.957,0.000,0.296,0.075,0.000,1.413,
2026-03-30 14:00:00,Monday,14,0.094,0.902,0.000,0.000,0.064,0.000,1.060,
2026-03-30 15:00:00,Monday,15,0.073,1.045,0.000,0.000,0.111,0.000,1.229,
2026-03-30 16:00:00,Monday,16,0.067,1.013,0.000,0.000,0.149,0.000,1.229,
2026-03-30 17:00:00,Monday,17,0.071,0.933,0.000,0.385,0.125,0.000,1.514,
2026-03-30 18:00:00,Monday,18,0.088,1.053,0.101,0.000,0.179,0.000,1.421,
2026-03-30 19:00:00,Monday,19,0.077,1.126,0.101,0.000,0.160,0.616,2.080,zmywarka
2026-03-30 20:00:00,Monday,20,0.070,1.375,0.105,0.000,0.126,0.000,1.676,
2026-03-30 21:00:00,Monday,21,0.068,1.247,0.113,0.000,0.104,0.000,1.532,
2026-03-30 22:00:00,Monday,22,0.067,1.313,0.083,0.000,0.207,0.000,1.670,
2026-03-30 23:00:00,Monday,23,0.082,1.312,0.000,0.000,0.000,0.000,1.394,
2026-03-31 00:00:00,Tuesday,0,0.091,1.345,0.000,0.000,0.000,0.000,1.436,
2026-03-31 01:00:00,Tuesday,1,0.079,1.315,0.000,0.000,0.000,0.000,1.394,
2026-03-31 02:00:00,Tuesday,2,0.070,1.124,0.000,0.000,0.000,0.000,1.194,
2026-03-31 03:00:00,Tuesday,3,0.070,1.146,0.000,0.000,0.000,0.000,1.216,
2026-03-31 04:00:00,Tuesday,4,0.110,1.085,0.000,0.000,0.000,0.000,1.195,
2026-03-31 05:00:00,Tuesday,5,0.106,1.139,0.000,0.000,0.000,0.000,1.245,
2026-03-31 06:00:00,Tuesday,6,0.070,1.490,0.049,0.177,0.000,0.000,1.786,
2026-03-31 07:00:00,Tuesday,7,0.080,1.508,0.000,0.221,0.000,0.000,1.809,
2026-03-31 08:00:00,Tuesday,8,0.076,1.456,0.000,0.328,0.000,0.000,1.860,
2026-03-31 09:00:00,Tuesday,9,0.075,1.277,0.000,0.000,0.080,0.440,1.872,pralka
2026-03-31 10:00:00,Tuesday,10,0.093,1.025,0.000,0.000,0.080,1.451,2.649,suszarka
2026-03-31 11:00:00,Tuesday,11,0.084,1.090,0.000,0.000,0.072,0.000,1.246,
2026-03-31 12:00:00,Tuesday,12,0.082,0.854,0.000,0.000,0.088,0.000,1.024,
2026-03-31 13:00:00,Tuesday,13,0.089,0.880,0.000,0.345,0.080,0.000,1.394,
2026-03-31 14:00:00,Tuesday,14,0.077,0.916,0.000,0.000,0.095,0.000,1.088,
2026-03-31 15:00:00,Tuesday,15,0.082,0.839,0.000,0.000,0.100,0.000,1.021,
2026-03-31 16:00:00,Tuesday,16,0.093,0.952,0.000,0.000,0.138,0.000,1.183,
2026-03-31 17:00:00,Tuesday,17,0.087,1.045,0.000,0.454,0.093,0.000,1.679,
2026-03-31 18:00:00,Tuesday,18,0.074,0.839,0.081,0.000,0.182,0.000,1.176,
2026-03-31 19:00:00,Tuesday,19,0.076,1.128,0.069,0.000,0.098,0.586,1.957,zmywarka
2026-03-31 20:00:00,Tuesday,20,0.067,1.241,0.060,0.000,0.096,0.000,1.464,
2026-03-31 21:00:00,Tuesday,21,0.081,1.337,0.064,0.000,0.152,0.000,1.634,
2026-03-31 22:00:00,Tuesday,22,0.082,1.312,0.037,0.000,0.195,0.000,1.626,
2026-03-31 23:00:00,Tuesday,23,0.094,1.060,0.000,0.000,0.000,0.000,1.154,
2026-04-01 00:00:00,Wednesday,0,0.090,1.342,0.000,0.000,0.000,0.000,1.432,
2026-04-01 01:00:00,Wednesday,1,0.080,1.358,0.000,0.000,0.000,0.000,1.438,
2026-04-01 02:00:00,Wednesday,2,0.074,1.346,0.000,0.000,0.000,0.000,1.420,
2026-04-01 03:00:00,Wednesday,3,0.086,1.510,0.000,0.000,0.000,0.000,1.596,
2026-04-01 04:00:00,Wednesday,4,0.082,1.712,0.000,0.000,0.000,0.000,1.794,
2026-04-01 05:00:00,Wednesday,5,0.080,1.540,0.000,0.000,0.000,0.000,1.620,
2026-04-01 06:00:00,Wednesday,6,0.070,1.762,0.000,0.265,0.000,0.000,2.097,
2026-04-01 07:00:00,Wednesday,7,0.082,1.813,0.000,0.265,0.000,0.000,2.160,
2026-04-01 08:00:00,Wednesday,8,0.088,1.610,0.000,0.268,0.000,0.000,1.966,
2026-04-01 09:00:00,Wednesday,9,0.073,1.278,0.000,0.000,0.175,0.000,1.526,praca zdalna
2026-04-01 10:00:00,Wednesday,10,0.087,1.121,0.000,0.000,0.129,0.000,1.337,praca zdalna
2026-04-01 11:00:00,Wednesday,11,0.074,1.187,0.000,0.000,0.125,0.000,1.386,praca zdalna
2026-04-01 12:00:00,Wednesday,12,0.073,0.985,0.000,0.472,0.128,0.000,1.658,praca zdalna
2026-04-01 13:00:00,Wednesday,13,0.096,0.965,0.000,0.000,0.148,0.000,1.209,praca zdalna
2026-04-01 14:00:00,Wednesday,14,0.067,0.907,0.000,0.000,0.203,0.000,1.177,praca zdalna
2026-04-01 15:00:00,Wednesday,15,0.094,1.131,0.000,0.000,0.169,0.000,1.394,praca zdalna
2026-04-01 16:00:00,Wednesday,16,0.080,0.969,0.000,0.000,0.188,0.000,1.237,praca zdalna
2026-04-01 17:00:00,Wednesday,17,0.091,0.988,0.000,0.000,0.110,0.000,1.189,
2026-04-01 18:00:00,Wednesday,18,0.089,0.837,0.000,1.016,0.188,0.000,2.130,
2026-04-01 19:00:00,Wednesday,19,0.079,0.901,0.000,0.000,0.101,0.000,1.081,
2026-04-01 20:00:00,Wednesday,20,0.082,0.905,0.061,0.000,0.185,0.694,1.927,zmywarka
2026-04-01 21:00:00,Wednesday,21,0.088,0.972,0.151,0.000,0.135,0.000,1.346,
2026-04-01 22:00:00,Wednesday,22,0.082,1.143,0.088,0.000,0.184,0.000,1.497,
2026-04-01 23:00:00,Wednesday,23,0.098,1.016,0.000,0.000,0.000,0.000,1.114,
2026-04-02 00:00:00,Thursday,0,0.101,0.947,0.000,0.000,0.000,0.000,1.048,tryb opieki nad psem; wyjazd / nieobecność
2026-04-02 01:00:00,Thursday,1,0.148,0.877,0.000,0.000,0.000,0.000,1.025,tryb opieki nad psem; wyjazd / nieobecność
2026-04-02 02:00:00,Thursday,2,0.138,1.187,0.000,0.000,0.000,0.000,1.325,tryb opieki nad psem; wyjazd / nieobecność
2026-04-02 03:00:00,Thursday,3,0.128,0.992,0.000,0.000,0.000,0.000,1.120,tryb opieki nad psem; wyjazd / nieobecność
2026-04-02 04:00:00,Thursday,4,0.149,1.147,0.000,0.000,0.000,0.000,1.296,tryb opieki nad psem; wyjazd / nieobecność
2026-04-02 05:00:00,Thursday,5,0.134,1.196,0.000,0.000,0.000,0.000,1.330,tryb opieki nad psem; wyjazd / nieobecność
2026-04-02 06:00:00,Thursday,6,0.127,1.196,0.000,0.000,0.000,0.000,1.323,tryb opieki nad psem; wyjazd / nieobecność
2026-04-02 07:00:00,Thursday,7,0.151,1.270,0.000,0.000,0.000,0.000,1.421,tryb opieki nad psem; wyjazd / nieobecność
2026-04-02 08:00:00,Thursday,8,0.136,1.256,0.000,0.000,0.000,0.000,1.392,tryb opieki nad psem; wyjazd / nieobecność
2026-04-02 09:00:00,Thursday,9,0.118,1.102,0.000,0.000,0.000,0.000,1.220,tryb opieki nad psem; wyjazd / nieobecność
2026-04-02 10:00:00,Thursday,10,0.134,0.844,0.000,0.000,0.000,0.000,0.978,tryb opieki nad psem; wyjazd / nieobecność
2026-04-02 11:00:00,Thursday,11,0.115,0.785,0.000,0.000,0.000,0.000,0.900,tryb opieki nad psem; wyjazd / nieobecność
2026-04-02 12:00:00,Thursday,12,0.140,0.586,0.000,0.000,0.000,0.000,0.726,tryb opieki nad psem; wyjazd / nieobecność
2026-04-02 13:00:00,Thursday,13,0.122,0.755,0.000,0.000,0.000,0.000,0.877,tryb opieki nad psem; wyjazd / nieobecność
2026-04-02 14:00:00,Thursday,14,0.120,0.676,0.000,0.000,0.000,0.000,0.796,tryb opieki nad psem; wyjazd / nieobecność
2026-04-02 15:00:00,Thursday,15,0.112,0.681,0.000,0.000,0.000,0.000,0.793,tryb opieki nad psem; wyjazd / nieobecność
2026-04-02 16:00:00,Thursday,16,0.133,0.629,0.000,0.000,0.000,0.000,0.762,tryb opieki nad psem; wyjazd / nieobecność
2026-04-02 17:00:00,Thursday,17,0.125,0.649,0.000,0.000,0.000,0.000,0.774,tryb opieki nad psem; wyjazd / nieobecność
2026-04-02 18:00:00,Thursday,18,0.124,0.707,0.000,0.000,0.000,0.000,0.831,tryb opieki nad psem; wyjazd / nieobecność
2026-04-02 19:00:00,Thursday,19,0.119,0.616,0.000,0.000,0.000,0.000,0.735,tryb opieki nad psem; wyjazd / nieobecność
2026-04-02 20:00:00,Thursday,20,0.122,0.755,0.000,0.000,0.000,0.000,0.877,tryb opieki nad psem; wyjazd / nieobecność
2026-04-02 21:00:00,Thursday,21,0.116,0.676,0.000,0.000,0.000,0.000,0.792,tryb opieki nad psem; wyjazd / nieobecność
2026-04-02 22:00:00,Thursday,22,0.107,0.689,0.000,0.000,0.000,0.000,0.796,tryb opieki nad psem; wyjazd / nieobecność
2026-04-02 23:00:00,Thursday,23,0.137,0.961,0.000,0.000,0.000,0.000,1.098,tryb opieki nad psem; wyjazd / nieobecność
2026-04-03 00:00:00,Friday,0,0.066,1.423,0.000,0.000,0.000,0.000,1.489,
2026-04-03 01:00:00,Friday,1,0.073,1.451,0.000,0.000,0.000,0.000,1.524,
2026-04-03 02:00:00,Friday,2,0.082,1.577,0.000,0.000,0.000,0.000,1.659,
2026-04-03 03:00:00,Friday,3,0.085,1.541,0.000,0.000,0.000,0.000,1.626,
2026-04-03 04:00:00,Friday,4,0.082,1.474,0.000,0.000,0.000,0.000,1.556,
2026-04-03 05:00:00,Friday,5,0.073,1.249,0.000,0.000,0.000,0.000,1.322,
2026-04-03 06:00:00,Friday,6,0.070,1.567,0.126,0.335,0.000,0.000,2.098,
2026-04-03 07:00:00,Friday,7,0.069,1.555,0.000,0.265,0.000,0.000,1.889,
2026-04-03 08:00:00,Friday,8,0.091,1.619,0.000,0.206,0.000,0.000,1.916,
2026-04-03 09:00:00,Friday,9,0.073,1.411,0.000,0.000,0.139,0.000,1.623,praca zdalna
2026-04-03 10:00:00,Friday,10,0.074,1.357,0.000,0.000,0.178,0.000,1.609,praca zdalna
2026-04-03 11:00:00,Friday,11,0.091,1.328,0.000,0.000,0.163,0.000,1.582,praca zdalna
2026-04-03 12:00:00,Friday,12,0.068,1.096,0.000,0.319,0.192,0.000,1.675,praca zdalna
2026-04-03 13:00:00,Friday,13,0.076,1.061,0.000,0.000,0.125,0.000,1.262,praca zdalna
2026-04-03 14:00:00,Friday,14,0.070,1.039,0.000,0.000,0.224,0.000,1.333,praca zdalna
2026-04-03 15:00:00,Friday,15,0.069,1.271,0.000,0.000,0.161,0.000,1.501,praca zdalna
2026-04-03 16:00:00,Friday,16,0.075,1.208,0.000,0.000,0.214,0.000,1.497,praca zdalna
2026-04-03 17:00:00,Friday,17,0.067,1.037,0.000,0.616,0.124,0.000,1.844,
2026-04-03 18:00:00,Friday,18,0.071,1.128,0.000,0.000,0.109,0.000,1.308,
2026-04-03 19:00:00,Friday,19,0.076,1.010,0.000,0.000,0.202,0.000,1.288,
2026-04-03 20:00:00,Friday,20,0.067,1.124,0.073,0.000,0.117,0.000,1.381,
2026-04-03 21:00:00,Friday,21,0.091,1.052,0.082,0.000,0.178,0.000,1.403,
2026-04-03 22:00:00,Friday,22,0.069,1.031,0.065,0.000,0.187,0.000,1.352,
2026-04-03 23:00:00,Friday,23,0.083,1.131,0.000,0.000,0.000,0.000,1.214,
2026-04-04 00:00:00,Saturday,0,0.100,1.073,0.000,0.000,0.000,0.000,1.173,
2026-04-04 01:00:00,Saturday,1,0.095,1.009,0.000,0.000,0.000,0.000,1.104,
2026-04-04 02:00:00,Saturday,2,0.082,0.889,0.000,0.000,0.000,0.000,0.971,
2026-04-04 03:00:00,Saturday,3,0.096,1.024,0.000,0.000,0.000,0.000,1.120,
2026-04-04 04:00:00,Saturday,4,0.086,0.820,0.000,0.000,0.000,0.000,0.906,
2026-04-04 05:00:00,Saturday,5,0.101,0.880,0.000,0.000,0.000,0.000,0.981,
2026-04-04 06:00:00,Saturday,6,0.093,1.175,0.000,0.266,0.000,0.000,1.534,
2026-04-04 07:00:00,Saturday,7,0.074,1.079,0.000,0.206,0.000,0.000,1.359,
2026-04-04 08:00:00,Saturday,8,0.073,1.239,0.000,0.227,0.000,0.000,1.539,
2026-04-04 09:00:00,Saturday,9,0.082,1.229,0.000,0.000,0.142,0.000,1.453,
2026-04-04 10:00:00,Saturday,10,0.088,1.078,0.000,0.000,0.119,0.000,1.285,
2026-04-04 11:00:00,Saturday,11,0.076,1.165,0.000,0.000,0.085,0.000,1.326,
2026-04-04 12:00:00,Saturday,12,0.074,0.921,0.000,0.694,0.074,0.000,1.763,
2026-04-04 13:00:00,Saturday,13,0.079,0.960,0.000,0.000,0.040,0.000,1.079,
2026-04-04 14:00:00,Saturday,14,0.075,0.749,0.000,0.000,0.127,0.530,1.481,zmywarka
2026-04-04 15:00:00,Saturday,15,0.089,0.907,0.000,0.000,0.134,0.000,1.130,
2026-04-04 16:00:00,Saturday,16,0.091,0.779,0.000,0.000,0.040,0.000,0.910,
2026-04-04 17:00:00,Saturday,17,0.077,0.757,0.000,0.000,0.131,0.000,0.965,
2026-04-04 18:00:00,Saturday,18,0.088,1.013,0.000,0.616,0.121,0.000,1.838,
2026-04-04 19:00:00,Saturday,19,0.088,0.897,0.000,0.000,0.145,0.000,1.130,
2026-04-04 20:00:00,Saturday,20,0.076,1.000,0.070,0.000,0.203,0.000,1.349,
2026-04-04 21:00:00,Saturday,21,0.088,1.004,0.070,0.000,0.095,0.000,1.257,
2026-04-04 22:00:00,Saturday,22,0.068,0.971,0.034,0.000,0.106,0.000,1.179,
2026-04-04 23:00:00,Saturday,23,0.089,1.007,0.000,0.000,0.000,0.000,1.096,
2026-04-05 00:00:00,Sunday,0,0.087,1.075,0.000,0.000,0.000,0.000,1.162,
2026-04-05 01:00:00,Sunday,1,0.077,1.265,0.000,0.000,0.000,0.000,1.342,
2026-04-05 02:00:00,Sunday,2,0.092,1.255,0.000,0.000,0.000,0.000,1.347,
2026-04-05 03:00:00,Sunday,3,0.087,1.145,0.000,0.000,0.000,0.000,1.232,
2026-04-05 04:00:00,Sunday,4,0.096,0.964,0.000,0.000,0.000,0.000,1.060,
2026-04-05 05:00:00,Sunday,5,0.086,1.192,0.000,0.000,0.000,0.000,1.278,
2026-04-05 06:00:00,Sunday,6,0.073,1.174,0.091,0.198,0.000,0.000,1.536,
2026-04-05 07:00:00,Sunday,7,0.095,1.065,0.000,0.187,0.000,0.000,1.347,
2026-04-05 08:00:00,Sunday,8,0.077,1.031,0.000,0.293,0.000,0.000,1.401,
2026-04-05 09:00:00,Sunday,9,0.084,0.793,0.000,0.000,0.056,0.383,1.316,pralka
2026-04-05 10:00:00,Sunday,10,0.086,0.821,0.000,0.000,0.096,0.000,1.003,
2026-04-05 11:00:00,Sunday,11,0.076,0.662,0.000,0.000,0.120,0.000,0.858,
2026-04-05 12:00:00,Sunday,12,0.088,0.657,0.000,0.000,0.086,0.000,0.831,
2026-04-05 13:00:00,Sunday,13,0.086,0.652,0.000,0.418,0.089,0.605,1.850,zmywarka
2026-04-05 14:00:00,Sunday,14,0.067,0.784,0.000,0.000,0.062,0.000,0.913,
2026-04-05 15:00:00,Sunday,15,0.087,0.725,0.000,0.000,0.138,0.000,0.950,
2026-04-05 16:00:00,Sunday,16,0.082,0.764,0.000,0.000,0.117,0.000,0.963,
2026-04-05 17:00:00,Sunday,17,0.070,0.699,0.000,0.400,0.150,0.000,1.319,
2026-04-05 18:00:00,Sunday,18,0.083,1.012,0.000,0.000,0.172,0.000,1.267,
2026-04-05 19:00:00,Sunday,19,0.096,1.067,0.000,0.000,0.178,0.000,1.341,
2026-04-05 20:00:00,Sunday,20,0.089,0.966,0.112,0.000,0.130,0.000,1.297,
2026-04-05 21:00:00,Sunday,21,0.092,1.089,0.127,0.000,0.170,0.000,1.478,
2026-04-05 22:00:00,Sunday,22,0.080,1.024,0.062,0.000,0.116,0.000,1.282,
2026-04-05 23:00:00,Sunday,23,0.072,1.102,0.000,0.000,0.000,0.000,1.174,
2026-04-06 00:00:00,Monday,0,0.095,1.272,0.000,0.000,0.000,0.000,1.367,
2026-04-06 01:00:00,Monday,1,0.087,1.357,0.000,0.000,0.000,0.000,1.444,
2026-04-06 02:00:00,Monday,2,0.089,1.120,0.000,0.000,0.000,0.000,1.209,
2026-04-06 03:00:00,Monday,3,0.092,1.003,0.000,0.000,0.000,0.000,1.095,
2026-04-06 04:00:00,Monday,4,0.067,1.360,0.000,0.000,0.000,0.000,1.427,
2026-04-06 05:00:00,Monday,5,0.087,1.343,0.000,0.000,0.000,0.000,1.430,
2026-04-06 06:00:00,Monday,6,0.082,1.555,0.000,0.278,0.000,0.000,1.915,
2026-04-06 07:00:00,Monday,7,0.075,1.284,0.000,0.263,0.000,0.000,1.622,
2026-04-06 08:00:00,Monday,8,0.094,1.181,0.000,0.226,0.000,0.000,1.501,
2026-04-06 09:00:00,Monday,9,0.095,1.124,0.000,0.000,0.079,0.000,1.298,
2026-04-06 10:00:00,Monday,10,0.068,1.130,0.000,0.000,0.088,0.000,1.286,
2026-04-06 11:00:00,Monday,11,0.078,1.170,0.000,0.000,0.078,0.000,1.326,
2026-04-06 12:00:00,Monday,12,0.080,0.917,0.000,0.358,0.067,0.000,1.422,
2026-04-06 13:00:00,Monday,13,0.068,0.885,0.000,0.000,0.067,0.000,1.020,
2026-04-06 14:00:00,Monday,14,0.088,0.975,0.000,0.000,0.104,0.000,1.167,
2026-04-06 15:00:00,Monday,15,0.084,0.761,0.000,0.000,0.049,0.000,0.894,
2026-04-06 16:00:00,Monday,16,0.073,0.934,0.000,0.000,0.113,0.000,1.120,
2026-04-06 17:00:00,Monday,17,0.094,0.840,0.000,0.686,0.170,0.000,1.790,
2026-04-06 18:00:00,Monday,18,0.068,0.901,0.000,0.000,0.143,0.000,1.112,
2026-04-06 19:00:00,Monday,19,0.073,0.886,0.000,0.000,0.140,0.647,1.746,zmywarka
2026-04-06 20:00:00,Monday,20,0.090,1.146,0.148,0.000,0.101,0.000,1.485,
2026-04-06 21:00:00,Monday,21,0.068,1.014,0.089,0.000,0.164,0.000,1.335,
2026-04-06 22:00:00,Monday,22,0.082,0.938,0.046,0.000,0.130,0.000,1.196,
2026-04-06 23:00:00,Monday,23,0.091,1.072,0.000,0.000,0.000,0.000,1.163,
2026-04-07 00:00:00,Tuesday,0,0.068,1.192,0.000,0.000,0.000,0.000,1.260,
2026-04-07 01:00:00,Tuesday,1,0.068,1.027,0.000,0.000,0.000,0.000,1.095,
2026-04-07 02:00:00,Tuesday,2,0.084,1.089,0.000,0.000,0.000,0.000,1.173,
2026-04-07 03:00:00,Tuesday,3,0.094,1.068,0.000,0.000,0.000,0.000,1.162,
2026-04-07 04:00:00,Tuesday,4,0.091,1.101,0.000,0.000,0.000,0.000,1.192,
2026-04-07 05:00:00,Tuesday,5,0.076,1.151,0.000,0.000,0.000,0.000,1.227,
2026-04-07 06:00:00,Tuesday,6,0.070,1.583,0.000,0.362,0.000,0.000,2.015,
2026-04-07 07:00:00,Tuesday,7,0.066,1.411,0.000,0.252,0.000,0.000,1.729,
2026-04-07 08:00:00,Tuesday,8,0.067,1.151,0.000,0.225,0.000,0.000,1.443,
2026-04-07 09:00:00,Tuesday,9,0.082,1.064,0.000,0.000,0.086,0.000,1.232,
2026-04-07 10:00:00,Tuesday,10,0.083,0.931,0.000,0.000,0.061,0.000,1.075,
2026-04-07 11:00:00,Tuesday,11,0.087,0.905,0.000,0.000,0.061,0.000,1.053,
2026-04-07 12:00:00,Tuesday,12,0.083,1.036,0.000,0.311,0.068,0.000,1.498,
2026-04-07 13:00:00,Tuesday,13,0.084,0.901,0.000,0.000,0.070,0.000,1.055,
2026-04-07 14:00:00,Tuesday,14,0.082,0.780,0.000,0.000,0.052,0.000,0.914,
2026-04-07 15:00:00,Tuesday,15,0.080,0.766,0.000,0.000,0.135,0.000,0.981,
2026-04-07 16:00:00,Tuesday,16,0.086,0.902,0.000,0.000,0.077,0.000,1.065,
2026-04-07 17:00:00,Tuesday,17,0.092,0.939,0.000,0.000,0.169,0.000,1.200,
2026-04-07 18:00:00,Tuesday,18,0.069,0.916,0.000,0.469,0.109,0.000,1.563,
2026-04-07 19:00:00,Tuesday,19,0.091,0.934,0.000,0.000,0.103,0.000,1.128,
2026-04-07 20:00:00,Tuesday,20,0.088,1.292,0.089,0.000,0.133,0.590,2.192,zmywarka
2026-04-07 21:00:00,Tuesday,21,0.094,1.324,0.165,0.000,0.100,0.000,1.683,
2026-04-07 22:00:00,Tuesday,22,0.090,1.152,0.070,0.000,0.195,0.000,1.507,
2026-04-07 23:00:00,Tuesday,23,0.087,1.031,0.000,0.000,0.000,0.000,1.118,
2026-04-08 00:00:00,Wednesday,0,0.068,1.006,0.000,0.000,0.000,0.000,1.074,
2026-04-08 01:00:00,Wednesday,1,0.073,1.190,0.000,0.000,0.000,0.000,1.263,
2026-04-08 02:00:00,Wednesday,2,0.083,1.216,0.000,0.000,0.000,0.000,1.299,
2026-04-08 03:00:00,Wednesday,3,0.104,1.126,0.000,0.000,0.000,0.000,1.230,
2026-04-08 04:00:00,Wednesday,4,0.088,1.444,0.000,0.000,0.000,0.000,1.532,
2026-04-08 05:00:00,Wednesday,5,0.109,1.299,0.000,0.000,0.000,0.000,1.408,
2026-04-08 06:00:00,Wednesday,6,0.078,1.371,0.000,0.304,0.000,0.000,1.753,
2026-04-08 07:00:00,Wednesday,7,0.077,1.664,0.000,0.092,0.000,0.000,1.833,
2026-04-08 08:00:00,Wednesday,8,0.076,1.445,0.000,0.274,0.000,0.000,1.795,
2026-04-08 09:00:00,Wednesday,9,0.067,1.413,0.000,0.000,0.140,0.000,1.620,praca zdalna
2026-04-08 10:00:00,Wednesday,10,0.095,1.225,0.000,0.000,0.156,0.000,1.476,praca zdalna
2026-04-08 11:00:00,Wednesday,11,0.078,1.074,0.000,0.000,0.142,0.000,1.294,praca zdalna
2026-04-08 12:00:00,Wednesday,12,0.072,0.929,0.000,0.356,0.142,0.000,1.499,praca zdalna
2026-04-08 13:00:00,Wednesday,13,0.076,0.864,0.000,0.000,0.160,0.000,1.100,praca zdalna
2026-04-08 14:00:00,Wednesday,14,0.080,0.650,0.000,0.000,0.247,0.000,0.977,praca zdalna
2026-04-08 15:00:00,Wednesday,15,0.088,0.674,0.000,0.000,0.218,0.000,0.980,praca zdalna
2026-04-08 16:00:00,Wednesday,16,0.082,0.743,0.000,0.000,0.152,0.000,0.977,praca zdalna
2026-04-08 17:00:00,Wednesday,17,0.091,0.735,0.000,0.646,0.139,0.000,1.611,
2026-04-08 18:00:00,Wednesday,18,0.076,1.222,0.000,0.000,0.163,0.000,1.461,
2026-04-08 19:00:00,Wednesday,19,0.088,1.361,0.000,0.000,0.208,0.620,2.277,zmywarka
2026-04-08 20:00:00,Wednesday,20,0.079,1.183,0.180,0.000,0.172,0.000,1.614,
2026-04-08 21:00:00,Wednesday,21,0.095,1.208,0.099,0.000,0.094,0.000,1.496,
2026-04-08 22:00:00,Wednesday,22,0.079,1.243,0.071,0.000,0.119,0.000,1.512,
2026-04-08 23:00:00,Wednesday,23,0.083,1.352,0.000,0.000,0.000,0.000,1.435,
2026-04-09 00:00:00,Thursday,0,0.073,1.267,0.000,0.000,0.000,0.000,1.340,
2026-04-09 01:00:00,Thursday,1,0.076,1.276,0.000,0.000,0.000,0.000,1.352,
2026-04-09 02:00:00,Thursday,2,0.092,1.149,0.000,0.000,0.000,0.000,1.241,
2026-04-09 03:00:00,Thursday,3,0.077,1.165,0.000,0.000,0.000,0.000,1.242,
2026-04-09 04:00:00,Thursday,4,0.091,1.286,0.000,0.000,0.000,0.000,1.377,
2026-04-09 05:00:00,Thursday,5,0.077,1.288,0.000,0.000,0.000,0.000,1.365,
2026-04-09 06:00:00,Thursday,6,0.085,1.600,0.087,0.316,0.000,0.000,2.088,
2026-04-09 07:00:00,Thursday,7,0.085,1.595,0.000,0.317,0.000,0.000,1.997,
2026-04-09 08:00:00,Thursday,8,0.085,1.672,0.000,0.308,0.000,0.000,2.065,
2026-04-09 09:00:00,Thursday,9,0.075,1.319,0.000,0.000,0.115,0.000,1.509,praca zdalna
2026-04-09 10:00:00,Thursday,10,0.094,1.154,0.000,0.000,0.125,0.000,1.373,praca zdalna
2026-04-09 11:00:00,Thursday,11,0.087,1.292,0.000,0.000,0.174,0.000,1.553,praca zdalna
2026-04-09 12:00:00,Thursday,12,0.077,1.237,0.000,0.000,0.146,0.000,1.460,praca zdalna
2026-04-09 13:00:00,Thursday,13,0.081,1.138,0.000,0.359,0.152,0.000,1.730,praca zdalna
2026-04-09 14:00:00,Thursday,14,0.067,1.331,0.000,0.000,0.138,0.000,1.536,praca zdalna
2026-04-09 15:00:00,Thursday,15,0.076,1.227,0.000,0.000,0.097,0.000,1.400,praca zdalna
2026-04-09 16:00:00,Thursday,16,0.092,1.206,0.000,0.000,0.265,0.000,1.563,praca zdalna
2026-04-09 17:00:00,Thursday,17,0.074,1.084,0.000,0.000,0.106,0.000,1.264,
2026-04-09 18:00:00,Thursday,18,0.087,1.085,0.000,0.610,0.094,0.000,1.876,
2026-04-09 19:00:00,Thursday,19,0.071,1.392,0.000,0.000,0.131,0.502,2.096,zmywarka
2026-04-09 20:00:00,Thursday,20,0.092,1.448,0.110,0.000,0.163,0.000,1.813,
2026-04-09 21:00:00,Thursday,21,0.067,1.641,0.107,0.000,0.112,0.000,1.927,
2026-04-09 22:00:00,Thursday,22,0.069,1.624,0.073,0.000,0.104,0.000,1.870,
2026-04-09 23:00:00,Thursday,23,0.085,1.361,0.000,0.000,0.000,0.000,1.446,
2026-04-10 00:00:00,Friday,0,0.132,1.466,0.000,0.000,0.000,0.000,1.598,tryb opieki nad psem; wyjazd / nieobecność
2026-04-10 01:00:00,Friday,1,0.121,1.292,0.000,0.000,0.000,0.000,1.413,tryb opieki nad psem; wyjazd / nieobecność
2026-04-10 02:00:00,Friday,2,0.135,1.423,0.000,0.000,0.000,0.000,1.558,tryb opieki nad psem; wyjazd / nieobecność
2026-04-10 03:00:00,Friday,3,0.146,1.496,0.000,0.000,0.000,0.000,1.642,tryb opieki nad psem; wyjazd / nieobecność
2026-04-10 04:00:00,Friday,4,0.154,1.425,0.000,0.000,0.000,0.000,1.579,tryb opieki nad psem; wyjazd / nieobecność
2026-04-10 05:00:00,Friday,5,0.124,1.328,0.000,0.000,0.000,0.000,1.452,tryb opieki nad psem; wyjazd / nieobecność
2026-04-10 06:00:00,Friday,6,0.121,1.106,0.000,0.000,0.000,0.000,1.227,tryb opieki nad psem; wyjazd / nieobecność
2026-04-10 07:00:00,Friday,7,0.118,1.286,0.000,0.000,0.000,0.000,1.404,tryb opieki nad psem; wyjazd / nieobecność
2026-04-10 08:00:00,Friday,8,0.125,1.319,0.000,0.000,0.000,0.000,1.444,tryb opieki nad psem; wyjazd / nieobecność
2026-04-10 09:00:00,Friday,9,0.125,1.045,0.000,0.000,0.088,0.000,1.258,tryb opieki nad psem; wyjazd / nieobecność; praca zdalna
2026-04-10 10:00:00,Friday,10,0.137,1.015,0.000,0.000,0.073,0.000,1.225,tryb opieki nad psem; wyjazd / nieobecność; praca zdalna
2026-04-10 11:00:00,Friday,11,0.114,1.033,0.000,0.000,0.100,0.000,1.247,tryb opieki nad psem; wyjazd / nieobecność; praca zdalna
2026-04-10 12:00:00,Friday,12,0.117,1.043,0.000,0.000,0.061,0.000,1.221,tryb opieki nad psem; wyjazd / nieobecność; praca zdalna
2026-04-10 13:00:00,Friday,13,0.151,0.897,0.000,0.000,0.058,0.000,1.106,tryb opieki nad psem; wyjazd / nieobecność; praca zdalna
2026-04-10 14:00:00,Friday,14,0.103,0.934,0.000,0.000,0.082,0.000,1.119,tryb opieki nad psem; wyjazd / nieobecność; praca zdalna
2026-04-10 15:00:00,Friday,15,0.134,0.988,0.000,0.000,0.103,0.000,1.225,tryb opieki nad psem; wyjazd / nieobecność; praca zdalna
2026-04-10 16:00:00,Friday,16,0.123,0.968,0.000,0.000,0.060,0.000,1.151,tryb opieki nad psem; wyjazd / nieobecność; praca zdalna
2026-04-10 17:00:00,Friday,17,0.138,1.132,0.000,0.000,0.000,0.000,1.270,tryb opieki nad psem; wyjazd / nieobecność
2026-04-10 18:00:00,Friday,18,0.126,1.160,0.000,0.000,0.000,0.000,1.286,tryb opieki nad psem; wyjazd / nieobecność
2026-04-10 19:00:00,Friday,19,0.113,0.980,0.000,0.000,0.000,0.000,1.093,tryb opieki nad psem; wyjazd / nieobecność
2026-04-10 20:00:00,Friday,20,0.109,1.076,0.000,0.000,0.000,0.000,1.185,tryb opieki nad psem; wyjazd / nieobecność
2026-04-10 21:00:00,Friday,21,0.139,1.052,0.000,0.000,0.000,0.000,1.191,tryb opieki nad psem; wyjazd / nieobecność
2026-04-10 22:00:00,Friday,22,0.115,1.120,0.000,0.000,0.000,0.000,1.235,tryb opieki nad psem; wyjazd / nieobecność
2026-04-10 23:00:00,Friday,23,0.132,1.121,0.000,0.000,0.000,0.000,1.253,tryb opieki nad psem; wyjazd / nieobecność
2026-04-11 00:00:00,Saturday,0,0.102,1.058,0.000,0.000,0.000,0.000,1.160,
2026-04-11 01:00:00,Saturday,1,0.084,1.285,0.000,0.000,0.000,0.000,1.369,
2026-04-11 02:00:00,Saturday,2,0.094,1.285,0.000,0.000,0.000,0.000,1.379,
2026-04-11 03:00:00,Saturday,3,0.099,1.225,0.000,0.000,0.000,0.000,1.324,
2026-04-11 04:00:00,Saturday,4,0.095,1.422,0.000,0.000,0.000,0.000,1.517,
2026-04-11 05:00:00,Saturday,5,0.092,1.211,0.000,0.000,0.000,0.000,1.303,
2026-04-11 06:00:00,Saturday,6,0.089,1.428,0.000,0.230,0.000,0.000,1.747,
2026-04-11 07:00:00,Saturday,7,0.095,1.441,0.000,0.206,0.000,0.000,1.742,
2026-04-11 08:00:00,Saturday,8,0.090,1.354,0.000,0.253,0.000,0.000,1.697,
2026-04-11 09:00:00,Saturday,9,0.073,1.174,0.000,0.000,0.092,0.000,1.339,
2026-04-11 10:00:00,Saturday,10,0.086,1.163,0.000,0.000,0.048,0.000,1.297,
2026-04-11 11:00:00,Saturday,11,0.073,1.112,0.000,0.000,0.076,0.396,1.657,pralka
2026-04-11 12:00:00,Saturday,12,0.070,0.932,0.000,0.540,0.131,1.337,3.010,suszarka
2026-04-11 13:00:00,Saturday,13,0.087,1.049,0.000,0.000,0.071,0.562,1.769,zmywarka
2026-04-11 14:00:00,Saturday,14,0.073,1.034,0.000,0.000,0.124,0.000,1.231,
2026-04-11 15:00:00,Saturday,15,0.070,0.920,0.000,0.000,0.111,0.000,1.101,
2026-04-11 16:00:00,Saturday,16,0.070,1.027,0.000,0.000,0.074,0.000,1.171,
2026-04-11 17:00:00,Saturday,17,0.082,0.935,0.000,0.000,0.192,0.000,1.209,
2026-04-11 18:00:00,Saturday,18,0.083,1.148,0.000,0.364,0.153,0.000,1.748,
2026-04-11 19:00:00,Saturday,19,0.070,1.201,0.000,0.000,0.106,0.000,1.377,
2026-04-11 20:00:00,Saturday,20,0.072,1.040,0.091,0.000,0.151,0.000,1.354,
2026-04-11 21:00:00,Saturday,21,0.073,1.390,0.102,0.000,0.187,0.000,1.752,
2026-04-11 22:00:00,Saturday,22,0.079,1.193,0.051,0.000,0.151,0.000,1.474,
2026-04-11 23:00:00,Saturday,23,0.076,1.451,0.000,0.000,0.000,0.000,1.527,
2026-04-12 00:00:00,Sunday,0,0.067,1.137,0.000,0.000,0.000,0.000,1.204,
2026-04-12 01:00:00,Sunday,1,0.070,1.274,0.000,0.000,0.000,0.000,1.344,
2026-04-12 02:00:00,Sunday,2,0.090,1.205,0.000,0.000,0.000,0.000,1.295,
2026-04-12 03:00:00,Sunday,3,0.095,1.104,0.000,0.000,0.000,0.000,1.199,
2026-04-12 04:00:00,Sunday,4,0.079,1.127,0.000,0.000,0.000,0.000,1.206,
2026-04-12 05:00:00,Sunday,5,0.109,0.905,0.000,0.000,0.000,0.000,1.014,
2026-04-12 06:00:00,Sunday,6,0.083,1.231,0.102,0.239,0.000,0.000,1.655,
2026-04-12 07:00:00,Sunday,7,0.072,1.116,0.000,0.224,0.000,0.000,1.412,
2026-04-12 08:00:00,Sunday,8,0.073,1.055,0.000,0.214,0.000,0.000,1.342,
2026-04-12 09:00:00,Sunday,9,0.094,1.154,0.000,0.000,0.082,0.000,1.330,
2026-04-12 10:00:00,Sunday,10,0.090,1.188,0.000,0.000,0.119,0.000,1.397,
2026-04-12 11:00:00,Sunday,11,0.078,1.265,0.000,0.000,0.092,0.527,1.962,pralka
2026-04-12 12:00:00,Sunday,12,0.084,1.187,0.000,0.000,0.058,0.000,1.329,
2026-04-12 13:00:00,Sunday,13,0.088,1.168,0.000,0.836,0.041,0.000,2.133,
2026-04-12 14:00:00,Sunday,14,0.086,0.980,0.000,0.000,0.139,0.521,1.726,zmywarka
2026-04-12 15:00:00,Sunday,15,0.070,1.202,0.000,0.000,0.046,0.000,1.318,
2026-04-12 16:00:00,Sunday,16,0.089,0.961,0.000,0.000,0.127,0.000,1.177,
2026-04-12 17:00:00,Sunday,17,0.079,0.935,0.000,0.475,0.193,0.000,1.682,
2026-04-12 18:00:00,Sunday,18,0.095,0.931,0.000,0.000,0.171,0.000,1.197,
2026-04-12 19:00:00,Sunday,19,0.089,1.075,0.000,0.000,0.145,0.000,1.309,
2026-04-12 20:00:00,Sunday,20,0.088,1.026,0.154,0.000,0.145,0.000,1.413,
2026-04-12 21:00:00,Sunday,21,0.074,1.057,0.168,0.000,0.142,0.000,1.441,
2026-04-12 22:00:00,Sunday,22,0.082,0.899,0.047,0.000,0.181,0.000,1.209,
2026-04-12 23:00:00,Sunday,23,0.076,1.147,0.000,0.000,0.000,0.000,1.223,
2026-04-13 00:00:00,Monday,0,0.086,1.125,0.000,0.000,0.000,0.000,1.211,
2026-04-13 01:00:00,Monday,1,0.101,0.959,0.000,0.000,0.000,0.000,1.060,
2026-04-13 02:00:00,Monday,2,0.091,1.079,0.000,0.000,0.000,0.000,1.170,
2026-04-13 03:00:00,Monday,3,0.080,1.165,0.000,0.000,0.000,0.000,1.245,
2026-04-13 04:00:00,Monday,4,0.089,0.924,0.000,0.000,0.000,0.000,1.013,
2026-04-13 05:00:00,Monday,5,0.077,0.883,0.000,0.000,0.000,0.000,0.960,
2026-04-13 06:00:00,Monday,6,0.085,1.268,0.054,0.328,0.000,0.000,1.735,
2026-04-13 07:00:00,Monday,7,0.070,1.211,0.000,0.260,0.000,0.000,1.541,
2026-04-13 08:00:00,Monday,8,0.082,1.156,0.000,0.127,0.000,0.000,1.365,
2026-04-13 09:00:00,Monday,9,0.088,1.129,0.000,0.000,0.113,0.000,1.330,praca zdalna
2026-04-13 10:00:00,Monday,10,0.083,0.909,0.000,0.000,0.193,0.000,1.185,praca zdalna
2026-04-13 11:00:00,Monday,11,0.076,0.923,0.000,0.000,0.148,0.000,1.147,praca zdalna
2026-04-13 12:00:00,Monday,12,0.080,0.772,0.000,0.487,0.158,0.000,1.497,praca zdalna
2026-04-13 13:00:00,Monday,13,0.086,0.735,0.000,0.000,0.151,0.000,0.972,praca zdalna
2026-04-13 14:00:00,Monday,14,0.095,0.751,0.000,0.000,0.180,0.000,1.026,praca zdalna
2026-04-13 15:00:00,Monday,15,0.080,0.755,0.000,0.000,0.238,0.000,1.073,praca zdalna
2026-04-13 16:00:00,Monday,16,0.091,0.765,0.000,0.000,0.210,0.000,1.066,praca zdalna
2026-04-13 17:00:00,Monday,17,0.070,0.964,0.000,0.000,0.115,0.000,1.149,
2026-04-13 18:00:00,Monday,18,0.095,0.937,0.000,0.677,0.116,0.000,1.825,
2026-04-13 19:00:00,Monday,19,0.070,1.090,0.000,0.000,0.177,0.000,1.337,
2026-04-13 20:00:00,Monday,20,0.091,1.174,0.112,0.000,0.195,0.481,2.053,zmywarka
2026-04-13 21:00:00,Monday,21,0.073,0.986,0.178,0.000,0.179,0.000,1.416,
2026-04-13 22:00:00,Monday,22,0.068,0.956,0.053,0.000,0.115,0.000,1.192,
2026-04-13 23:00:00,Monday,23,0.097,1.057,0.000,0.000,0.000,0.000,1.154,
2026-04-14 00:00:00,Tuesday,0,0.106,0.929,0.000,0.000,0.000,0.000,1.035,
2026-04-14 01:00:00,Tuesday,1,0.083,0.860,0.000,0.000,0.000,0.000,0.943,
2026-04-14 02:00:00,Tuesday,2,0.069,1.024,0.000,0.000,0.000,0.000,1.093,
2026-04-14 03:00:00,Tuesday,3,0.095,0.921,0.000,0.000,0.000,0.000,1.016,
2026-04-14 04:00:00,Tuesday,4,0.078,0.869,0.000,0.000,0.000,0.000,0.947,
2026-04-14 05:00:00,Tuesday,5,0.081,0.907,0.000,0.000,0.000,0.000,0.988,
2026-04-14 06:00:00,Tuesday,6,0.090,1.135,0.066,0.158,0.000,0.000,1.449,
2026-04-14 07:00:00,Tuesday,7,0.090,0.940,0.000,0.212,0.000,0.000,1.242,
2026-04-14 08:00:00,Tuesday,8,0.082,1.163,0.000,0.275,0.000,0.000,1.520,
2026-04-14 09:00:00,Tuesday,9,0.077,1.100,0.000,0.000,0.085,0.000,1.262,
2026-04-14 10:00:00,Tuesday,10,0.093,1.022,0.000,0.000,0.086,0.000,1.201,
2026-04-14 11:00:00,Tuesday,11,0.086,0.994,0.000,0.000,0.084,0.000,1.164,
2026-04-14 12:00:00,Tuesday,12,0.089,0.949,0.000,0.000,0.049,0.481,1.568,pralka
2026-04-14 13:00:00,Tuesday,13,0.067,0.907,0.000,0.392,0.066,0.000,1.432,
2026-04-14 14:00:00,Tuesday,14,0.095,1.039,0.000,0.000,0.057,0.000,1.191,
2026-04-14 15:00:00,Tuesday,15,0.072,0.913,0.000,0.000,0.059,0.000,1.044,
2026-04-14 16:00:00,Tuesday,16,0.066,0.994,0.000,0.000,0.115,0.000,1.175,
2026-04-14 17:00:00,Tuesday,17,0.082,1.011,0.000,0.385,0.167,0.000,1.645,
2026-04-14 18:00:00,Tuesday,18,0.076,1.142,0.000,0.000,0.186,0.000,1.404,
2026-04-14 19:00:00,Tuesday,19,0.089,1.307,0.000,0.000,0.141,0.000,1.537,
2026-04-14 20:00:00,Tuesday,20,0.094,1.290,0.167,0.000,0.113,0.695,2.359,zmywarka
2026-04-14 21:00:00,Tuesday,21,0.094,1.412,0.098,0.000,0.202,0.000,1.806,
2026-04-14 22:00:00,Tuesday,22,0.082,1.084,0.058,0.000,0.197,0.000,1.421,
2026-04-14 23:00:00,Tuesday,23,0.084,1.096,0.000,0.000,0.000,0.000,1.180,
2026-04-15 00:00:00,Wednesday,0,0.078,1.279,0.000,0.000,0.000,0.000,1.357,
2026-04-15 01:00:00,Wednesday,1,0.073,1.289,0.000,0.000,0.000,0.000,1.362,
2026-04-15 02:00:00,Wednesday,2,0.104,1.241,0.000,0.000,0.000,0.000,1.345,
2026-04-15 03:00:00,Wednesday,3,0.086,1.347,0.000,0.000,0.000,0.000,1.433,
2026-04-15 04:00:00,Wednesday,4,0.095,1.113,0.000,0.000,0.000,0.000,1.208,
2026-04-15 05:00:00,Wednesday,5,0.085,1.352,0.000,0.000,0.000,0.000,1.437,
2026-04-15 06:00:00,Wednesday,6,0.067,1.426,0.000,0.248,0.000,0.000,1.741,
2026-04-15 07:00:00,Wednesday,7,0.086,1.621,0.000,0.167,0.000,0.000,1.874,
2026-04-15 08:00:00,Wednesday,8,0.090,1.655,0.000,0.181,0.000,0.000,1.926,
2026-04-15 09:00:00,Wednesday,9,0.074,1.245,0.000,0.000,0.113,0.000,1.432,praca zdalna
2026-04-15 10:00:00,Wednesday,10,0.079,1.208,0.000,0.000,0.140,0.000,1.427,praca zdalna
2026-04-15 11:00:00,Wednesday,11,0.088,0.884,0.000,0.000,0.189,0.000,1.161,praca zdalna
2026-04-15 12:00:00,Wednesday,12,0.079,0.904,0.000,0.310,0.173,0.000,1.466,praca zdalna
2026-04-15 13:00:00,Wednesday,13,0.087,0.835,0.000,0.000,0.114,0.425,1.461,praca zdalna; pralka
2026-04-15 14:00:00,Wednesday,14,0.076,0.823,0.000,0.000,0.127,1.198,2.224,praca zdalna; suszarka
2026-04-15 15:00:00,Wednesday,15,0.080,0.985,0.000,0.000,0.192,0.000,1.257,praca zdalna
2026-04-15 16:00:00,Wednesday,16,0.088,0.995,0.000,0.000,0.202,0.000,1.285,praca zdalna
2026-04-15 17:00:00,Wednesday,17,0.079,0.992,0.000,0.635,0.147,0.000,1.853,
2026-04-15 18:00:00,Wednesday,18,0.083,0.989,0.000,0.000,0.116,0.000,1.188,
2026-04-15 19:00:00,Wednesday,19,0.067,1.130,0.000,0.000,0.173,0.000,1.370,
2026-04-15 20:00:00,Wednesday,20,0.088,1.146,0.142,0.000,0.141,0.000,1.517,
2026-04-15 21:00:00,Wednesday,21,0.091,1.205,0.163,0.000,0.191,0.000,1.650,
2026-04-15 22:00:00,Wednesday,22,0.067,1.045,0.038,0.000,0.200,0.000,1.350,
2026-04-15 23:00:00,Wednesday,23,0.086,1.136,0.000,0.000,0.000,0.000,1.222,
2026-04-16 00:00:00,Thursday,0,0.069,1.378,0.000,0.000,0.000,0.000,1.447,
2026-04-16 01:00:00,Thursday,1,0.070,1.097,0.000,0.000,0.000,0.000,1.167,
2026-04-16 02:00:00,Thursday,2,0.109,1.251,0.000,0.000,0.000,0.000,1.360,
2026-04-16 03:00:00,Thursday,3,0.106,1.245,0.000,0.000,0.000,0.000,1.351,
2026-04-16 04:00:00,Thursday,4,0.103,1.622,0.000,0.000,0.000,0.000,1.725,
2026-04-16 05:00:00,Thursday,5,0.067,1.583,0.000,0.000,0.000,0.000,1.650,
2026-04-16 06:00:00,Thursday,6,0.092,1.400,0.076,0.248,0.000,0.000,1.816,
2026-04-16 07:00:00,Thursday,7,0.079,1.487,0.000,0.131,0.000,0.000,1.697,
2026-04-16 08:00:00,Thursday,8,0.087,1.234,0.000,0.234,0.000,0.000,1.555,
2026-04-16 09:00:00,Thursday,9,0.089,1.240,0.000,0.000,0.070,0.000,1.399,
2026-04-16 10:00:00,Thursday,10,0.071,1.101,0.000,0.000,0.078,0.000,1.250,
2026-04-16 11:00:00,Thursday,11,0.068,1.213,0.000,0.000,0.088,0.000,1.369,
2026-04-16 12:00:00,Thursday,12,0.068,1.189,0.000,0.000,0.052,0.000,1.309,
2026-04-16 13:00:00,Thursday,13,0.092,1.150,0.000,0.511,0.064,0.000,1.817,
2026-04-16 14:00:00,Thursday,14,0.073,1.066,0.000,0.000,0.116,0.000,1.255,
2026-04-16 15:00:00,Thursday,15,0.086,1.238,0.000,0.000,0.128,0.000,1.452,
2026-04-16 16:00:00,Thursday,16,0.067,1.037,0.000,0.000,0.124,0.000,1.228,
2026-04-16 17:00:00,Thursday,17,0.071,1.141,0.000,0.000,0.098,0.000,1.310,
2026-04-16 18:00:00,Thursday,18,0.068,1.168,0.000,0.890,0.202,0.000,2.328,
2026-04-16 19:00:00,Thursday,19,0.071,1.063,0.000,0.000,0.157,0.683,1.974,zmywarka
2026-04-16 20:00:00,Thursday,20,0.080,1.106,0.131,0.000,0.203,0.000,1.520,
2026-04-16 21:00:00,Thursday,21,0.080,1.225,0.164,0.000,0.116,0.000,1.585,
2026-04-16 22:00:00,Thursday,22,0.092,1.049,0.074,0.000,0.140,0.000,1.355,
2026-04-16 23:00:00,Thursday,23,0.068,1.256,0.000,0.000,0.000,0.000,1.324,
2026-04-17 00:00:00,Friday,0,0.095,1.123,0.000,0.000,0.000,0.000,1.218,
2026-04-17 01:00:00,Friday,1,0.089,1.184,0.000,0.000,0.000,0.000,1.273,
2026-04-17 02:00:00,Friday,2,0.073,1.174,0.000,0.000,0.000,0.000,1.247,
2026-04-17 03:00:00,Friday,3,0.086,1.167,0.000,0.000,0.000,0.000,1.253,
2026-04-17 04:00:00,Friday,4,0.094,1.277,0.000,0.000,0.000,0.000,1.371,
2026-04-17 05:00:00,Friday,5,0.075,1.108,0.000,0.000,0.000,0.000,1.183,
2026-04-17 06:00:00,Friday,6,0.080,1.460,0.000,0.266,0.000,0.000,1.806,
2026-04-17 07:00:00,Friday,7,0.069,1.500,0.000,0.212,0.000,0.000,1.781,
2026-04-17 08:00:00,Friday,8,0.079,1.351,0.000,0.221,0.000,0.000,1.651,
2026-04-17 09:00:00,Friday,9,0.095,1.190,0.000,0.000,0.051,0.000,1.336,
2026-04-17 10:00:00,Friday,10,0.084,0.904,0.000,0.000,0.088,0.473,1.549,pralka
2026-04-17 11:00:00,Friday,11,0.087,1.009,0.000,0.000,0.084,0.990,2.170,suszarka
2026-04-17 12:00:00,Friday,12,0.074,0.925,0.000,0.000,0.079,0.000,1.078,
2026-04-17 13:00:00,Friday,13,0.091,0.782,0.000,0.388,0.065,0.000,1.326,
2026-04-17 14:00:00,Friday,14,0.089,0.763,0.000,0.000,0.056,0.000,0.908,
2026-04-17 15:00:00,Friday,15,0.090,0.778,0.000,0.000,0.111,0.000,0.979,
2026-04-17 16:00:00,Friday,16,0.081,0.842,0.000,0.000,0.125,0.000,1.048,
2026-04-17 17:00:00,Friday,17,0.068,0.802,0.000,1.000,0.138,0.000,2.008,
2026-04-17 18:00:00,Friday,18,0.069,0.971,0.000,0.000,0.205,0.000,1.245,
2026-04-17 19:00:00,Friday,19,0.087,0.837,0.000,0.000,0.170,0.497,1.591,zmywarka
2026-04-17 20:00:00,Friday,20,0.071,0.925,0.079,0.000,0.144,0.000,1.219,
2026-04-17 21:00:00,Friday,21,0.069,1.006,0.129,0.000,0.107,0.000,1.311,
2026-04-17 22:00:00,Friday,22,0.077,0.862,0.060,0.000,0.101,0.000,1.100,
2026-04-17 23:00:00,Friday,23,0.083,0.978,0.000,0.000,0.000,0.000,1.061,
2026-04-18 00:00:00,Saturday,0,0.089,1.174,0.000,0.000,0.000,0.000,1.263,
2026-04-18 01:00:00,Saturday,1,0.076,1.084,0.000,0.000,0.000,0.000,1.160,
2026-04-18 02:00:00,Saturday,2,0.082,1.244,0.000,0.000,0.000,0.000,1.326,
2026-04-18 03:00:00,Saturday,3,0.096,1.130,0.000,0.000,0.000,0.000,1.226,
2026-04-18 04:00:00,Saturday,4,0.100,1.127,0.000,0.000,0.000,0.000,1.227,
2026-04-18 05:00:00,Saturday,5,0.089,1.005,0.000,0.000,0.000,0.000,1.094,
2026-04-18 06:00:00,Saturday,6,0.080,1.232,0.101,0.198,0.000,0.000,1.611,
2026-04-18 07:00:00,Saturday,7,0.080,1.473,0.000,0.317,0.000,0.000,1.870,
2026-04-18 08:00:00,Saturday,8,0.070,1.391,0.000,0.099,0.000,0.000,1.560,
2026-04-18 09:00:00,Saturday,9,0.079,1.184,0.000,0.000,0.100,0.000,1.363,
2026-04-18 10:00:00,Saturday,10,0.068,1.060,0.000,0.000,0.104,0.445,1.677,pralka
2026-04-18 11:00:00,Saturday,11,0.067,1.175,0.000,0.000,0.082,0.991,2.315,suszarka
2026-04-18 12:00:00,Saturday,12,0.087,1.100,0.000,0.000,0.081,0.000,1.268,
2026-04-18 13:00:00,Saturday,13,0.075,0.856,0.000,0.762,0.086,0.000,1.779,
2026-04-18 14:00:00,Saturday,14,0.089,0.811,0.000,0.000,0.092,0.561,1.553,zmywarka
2026-04-18 15:00:00,Saturday,15,0.083,0.746,0.000,0.000,0.090,0.000,0.919,
2026-04-18 16:00:00,Saturday,16,0.074,0.842,0.000,0.000,0.056,0.000,0.972,
2026-04-18 17:00:00,Saturday,17,0.085,0.830,0.000,0.928,0.194,0.000,2.037,
2026-04-18 18:00:00,Saturday,18,0.093,0.983,0.000,0.000,0.100,0.000,1.176,
2026-04-18 19:00:00,Saturday,19,0.095,0.918,0.000,0.000,0.174,0.000,1.187,
2026-04-18 20:00:00,Saturday,20,0.086,0.907,0.105,0.000,0.161,0.000,1.259,
2026-04-18 21:00:00,Saturday,21,0.084,0.955,0.112,0.000,0.139,0.000,1.290,
2026-04-18 22:00:00,Saturday,22,0.068,0.846,0.043,0.000,0.113,0.000,1.070,
2026-04-18 23:00:00,Saturday,23,0.080,0.806,0.000,0.000,0.000,0.000,0.886,
2026-04-19 00:00:00,Sunday,0,0.071,1.086,0.000,0.000,0.000,0.000,1.157,
2026-04-19 01:00:00,Sunday,1,0.092,0.991,0.000,0.000,0.000,0.000,1.083,
2026-04-19 02:00:00,Sunday,2,0.083,1.031,0.000,0.000,0.000,0.000,1.114,
2026-04-19 03:00:00,Sunday,3,0.095,1.120,0.000,0.000,0.000,0.000,1.215,
2026-04-19 04:00:00,Sunday,4,0.089,1.149,0.000,0.000,0.000,0.000,1.238,
2026-04-19 05:00:00,Sunday,5,0.074,0.984,0.000,0.000,0.000,0.000,1.058,
2026-04-19 06:00:00,Sunday,6,0.067,1.087,0.046,0.178,0.000,0.000,1.378,
2026-04-19 07:00:00,Sunday,7,0.080,1.034,0.000,0.199,0.000,0.000,1.313,
2026-04-19 08:00:00,Sunday,8,0.086,0.970,0.000,0.227,0.000,0.000,1.283,
2026-04-19 09:00:00,Sunday,9,0.085,1.229,0.000,0.000,0.104,0.000,1.418,
2026-04-19 10:00:00,Sunday,10,0.092,1.073,0.000,0.000,0.046,0.000,1.211,
2026-04-19 11:00:00,Sunday,11,0.089,0.987,0.000,0.000,0.130,0.000,1.206,
2026-04-19 12:00:00,Sunday,12,0.084,0.957,0.000,0.000,0.119,0.000,1.160,
2026-04-19 13:00:00,Sunday,13,0.088,0.923,0.000,0.776,0.077,0.000,1.864,
2026-04-19 14:00:00,Sunday,14,0.076,1.181,0.000,0.000,0.051,0.525,1.833,zmywarka
2026-04-19 15:00:00,Sunday,15,0.079,0.945,0.000,0.000,0.056,0.000,1.080,
2026-04-19 16:00:00,Sunday,16,0.082,0.936,0.000,0.000,0.068,0.000,1.086,
2026-04-19 17:00:00,Sunday,17,0.095,0.812,0.000,0.430,0.205,0.000,1.542,
2026-04-19 18:00:00,Sunday,18,0.092,1.073,0.000,0.000,0.160,0.000,1.325,
2026-04-19 19:00:00,Sunday,19,0.085,1.025,0.000,0.000,0.097,0.000,1.207,
2026-04-19 20:00:00,Sunday,20,0.069,0.932,0.168,0.000,0.102,0.000,1.271,
2026-04-19 21:00:00,Sunday,21,0.092,0.999,0.097,0.000,0.128,0.000,1.316,
2026-04-19 22:00:00,Sunday,22,0.094,1.077,0.061,0.000,0.151,0.000,1.383,
2026-04-19 23:00:00,Sunday,23,0.092,0.859,0.000,0.000,0.000,0.000,0.951,
2026-04-20 00:00:00,Monday,0,0.078,1.046,0.000,0.000,0.000,0.000,1.124,
2026-04-20 01:00:00,Monday,1,0.070,1.003,0.000,0.000,0.000,0.000,1.073,
2026-04-20 02:00:00,Monday,2,0.078,1.335,0.000,0.000,0.000,0.000,1.413,
2026-04-20 03:00:00,Monday,3,0.092,1.126,0.000,0.000,0.000,0.000,1.218,
2026-04-20 04:00:00,Monday,4,0.074,1.443,0.000,0.000,0.000,0.000,1.517,
2026-04-20 05:00:00,Monday,5,0.091,1.391,0.000,0.000,0.000,0.000,1.482,
2026-04-20 06:00:00,Monday,6,0.091,1.682,0.047,0.197,0.000,0.000,2.017,
2026-04-20 07:00:00,Monday,7,0.071,1.532,0.000,0.183,0.000,0.000,1.786,
2026-04-20 08:00:00,Monday,8,0.087,1.174,0.000,0.349,0.000,0.000,1.610,
2026-04-20 09:00:00,Monday,9,0.070,1.322,0.000,0.000,0.077,0.000,1.469,
2026-04-20 10:00:00,Monday,10,0.090,0.931,0.000,0.000,0.078,0.000,1.099,
2026-04-20 11:00:00,Monday,11,0.085,0.931,0.000,0.000,0.069,0.000,1.085,
2026-04-20 12:00:00,Monday,12,0.089,0.997,0.000,0.390,0.070,0.377,1.923,pralka
2026-04-20 13:00:00,Monday,13,0.079,0.894,0.000,0.000,0.049,0.000,1.022,
2026-04-20 14:00:00,Monday,14,0.083,0.830,0.000,0.000,0.057,0.000,0.970,
2026-04-20 15:00:00,Monday,15,0.068,0.817,0.000,0.000,0.109,0.000,0.994,
2026-04-20 16:00:00,Monday,16,0.076,0.758,0.000,0.000,0.094,0.000,0.928,
2026-04-20 17:00:00,Monday,17,0.090,0.849,0.000,0.534,0.142,0.000,1.615,
2026-04-20 18:00:00,Monday,18,0.080,0.665,0.000,0.000,0.167,0.000,0.912,
2026-04-20 19:00:00,Monday,19,0.071,0.955,0.000,0.000,0.196,0.694,1.916,zmywarka
2026-04-20 20:00:00,Monday,20,0.087,0.941,0.077,0.000,0.121,0.000,1.226,
2026-04-20 21:00:00,Monday,21,0.085,0.973,0.126,0.000,0.186,0.000,1.370,
2026-04-20 22:00:00,Monday,22,0.071,1.025,0.069,0.000,0.112,0.000,1.277,
2026-04-20 23:00:00,Monday,23,0.110,1.091,0.000,0.000,0.000,0.000,1.201,
2026-04-21 00:00:00,Tuesday,0,0.093,1.346,0.000,0.000,0.000,0.000,1.439,
2026-04-21 01:00:00,Tuesday,1,0.088,1.171,0.000,0.000,0.000,0.000,1.259,
2026-04-21 02:00:00,Tuesday,2,0.104,1.226,0.000,0.000,0.000,0.000,1.330,
2026-04-21 03:00:00,Tuesday,3,0.088,1.485,0.000,0.000,0.000,0.000,1.573,
2026-04-21 04:00:00,Tuesday,4,0.068,1.199,0.000,0.000,0.000,0.000,1.267,
2026-04-21 05:00:00,Tuesday,5,0.083,1.504,0.000,0.000,0.000,0.000,1.587,
2026-04-21 06:00:00,Tuesday,6,0.079,1.434,0.000,0.166,0.000,0.000,1.679,
2026-04-21 07:00:00,Tuesday,7,0.080,1.433,0.000,0.264,0.000,0.000,1.777,
2026-04-21 08:00:00,Tuesday,8,0.092,1.540,0.000,0.298,0.000,0.000,1.930,
2026-04-21 09:00:00,Tuesday,9,0.096,1.417,0.000,0.000,0.166,0.000,1.679,praca zdalna
2026-04-21 10:00:00,Tuesday,10,0.078,1.120,0.000,0.000,0.181,0.000,1.379,praca zdalna
2026-04-21 11:00:00,Tuesday,11,0.067,1.015,0.000,0.000,0.198,0.000,1.280,praca zdalna
2026-04-21 12:00:00,Tuesday,12,0.092,0.815,0.000,0.000,0.188,0.000,1.095,praca zdalna
2026-04-21 13:00:00,Tuesday,13,0.095,0.831,0.000,0.245,0.136,0.000,1.307,praca zdalna
2026-04-21 14:00:00,Tuesday,14,0.076,0.737,0.000,0.000,0.143,0.593,1.549,praca zdalna; pralka
2026-04-21 15:00:00,Tuesday,15,0.071,0.626,0.000,0.000,0.125,0.000,0.822,praca zdalna
2026-04-21 16:00:00,Tuesday,16,0.071,0.566,0.000,0.000,0.253,0.000,0.890,praca zdalna
2026-04-21 17:00:00,Tuesday,17,0.093,0.626,0.000,0.000,0.173,0.000,0.892,
2026-04-21 18:00:00,Tuesday,18,0.095,0.624,0.000,0.415,0.154,0.000,1.288,
2026-04-21 19:00:00,Tuesday,19,0.073,0.691,0.000,0.000,0.133,0.000,0.897,
2026-04-21 20:00:00,Tuesday,20,0.067,0.781,0.165,0.000,0.194,0.586,1.793,zmywarka
2026-04-21 21:00:00,Tuesday,21,0.081,0.861,0.107,0.000,0.188,0.000,1.237,
2026-04-21 22:00:00,Tuesday,22,0.072,0.900,0.055,0.000,0.158,0.000,1.185,
2026-04-21 23:00:00,Tuesday,23,0.100,0.940,0.000,0.000,0.000,0.000,1.040,
2026-04-22 00:00:00,Wednesday,0,0.100,0.929,0.000,0.000,0.000,0.000,1.029,
2026-04-22 01:00:00,Wednesday,1,0.094,1.063,0.000,0.000,0.000,0.000,1.157,
2026-04-22 02:00:00,Wednesday,2,0.085,1.131,0.000,0.000,0.000,0.000,1.216,
2026-04-22 03:00:00,Wednesday,3,0.085,1.039,0.000,0.000,0.000,0.000,1.124,
2026-04-22 04:00:00,Wednesday,4,0.097,0.923,0.000,0.000,0.000,0.000,1.020,
2026-04-22 05:00:00,Wednesday,5,0.070,1.225,0.000,0.000,0.000,0.000,1.295,
2026-04-22 06:00:00,Wednesday,6,0.080,1.358,0.000,0.274,0.000,0.000,1.712,
2026-04-22 07:00:00,Wednesday,7,0.071,1.217,0.000,0.281,0.000,0.000,1.569,
2026-04-22 08:00:00,Wednesday,8,0.071,0.841,0.000,0.230,0.000,0.000,1.142,
2026-04-22 09:00:00,Wednesday,9,0.091,0.687,0.000,0.000,0.071,0.000,0.849,
2026-04-22 10:00:00,Wednesday,10,0.088,0.617,0.000,0.000,0.052,0.000,0.757,
2026-04-22 11:00:00,Wednesday,11,0.071,0.526,0.000,0.000,0.052,0.000,0.649,
2026-04-22 12:00:00,Wednesday,12,0.091,0.380,0.000,0.422,0.083,0.000,0.976,
2026-04-22 13:00:00,Wednesday,13,0.083,0.326,0.000,0.000,0.062,0.000,0.471,
2026-04-22 14:00:00,Wednesday,14,0.076,0.362,0.000,0.000,0.143,0.000,0.581,
2026-04-22 15:00:00,Wednesday,15,0.080,0.340,0.000,0.000,0.118,0.000,0.538,
2026-04-22 16:00:00,Wednesday,16,0.074,0.286,0.000,0.000,0.049,0.000,0.409,
2026-04-22 17:00:00,Wednesday,17,0.074,0.410,0.000,0.383,0.146,0.000,1.013,
2026-04-22 18:00:00,Wednesday,18,0.094,0.361,0.000,0.000,0.092,0.000,0.547,
2026-04-22 19:00:00,Wednesday,19,0.086,0.467,0.000,0.000,0.191,0.652,1.396,zmywarka
2026-04-22 20:00:00,Wednesday,20,0.084,0.521,0.106,0.000,0.092,0.000,0.803,
2026-04-22 21:00:00,Wednesday,21,0.086,0.517,0.103,0.000,0.142,0.000,0.848,
2026-04-22 22:00:00,Wednesday,22,0.074,0.562,0.031,0.000,0.122,0.000,0.789,
2026-04-22 23:00:00,Wednesday,23,0.070,0.638,0.000,0.000,0.000,0.000,0.708,
2026-04-23 00:00:00,Thursday,0,0.070,0.792,0.000,0.000,0.000,0.000,0.862,
2026-04-23 01:00:00,Thursday,1,0.089,0.850,0.000,0.000,0.000,0.000,0.939,
2026-04-23 02:00:00,Thursday,2,0.089,1.059,0.000,0.000,0.000,0.000,1.148,
2026-04-23 03:00:00,Thursday,3,0.083,1.110,0.000,0.000,0.000,0.000,1.193,
2026-04-23 04:00:00,Thursday,4,0.086,1.034,0.000,0.000,0.000,0.000,1.120,
2026-04-23 05:00:00,Thursday,5,0.086,0.936,0.000,0.000,0.000,0.000,1.022,
2026-04-23 06:00:00,Thursday,6,0.081,0.994,0.000,0.220,0.000,0.000,1.295,
2026-04-23 07:00:00,Thursday,7,0.077,1.006,0.000,0.224,0.000,0.000,1.307,
2026-04-23 08:00:00,Thursday,8,0.067,0.991,0.000,0.246,0.000,0.000,1.304,
2026-04-23 09:00:00,Thursday,9,0.072,0.789,0.000,0.000,0.068,0.000,0.929,
2026-04-23 10:00:00,Thursday,10,0.083,0.613,0.000,0.000,0.049,0.000,0.745,
2026-04-23 11:00:00,Thursday,11,0.091,0.621,0.000,0.000,0.089,0.000,0.801,
2026-04-23 12:00:00,Thursday,12,0.076,0.475,0.000,0.000,0.089,0.000,0.640,
2026-04-23 13:00:00,Thursday,13,0.068,0.463,0.000,0.510,0.083,0.000,1.124,
2026-04-23 14:00:00,Thursday,14,0.089,0.371,0.000,0.000,0.128,0.000,0.588,
2026-04-23 15:00:00,Thursday,15,0.068,0.335,0.000,0.000,0.114,0.000,0.517,
2026-04-23 16:00:00,Thursday,16,0.084,0.416,0.000,0.000,0.071,0.000,0.571,
2026-04-23 17:00:00,Thursday,17,0.089,0.356,0.000,0.418,0.103,0.000,0.966,
2026-04-23 18:00:00,Thursday,18,0.088,0.425,0.000,0.000,0.129,0.000,0.642,
2026-04-23 19:00:00,Thursday,19,0.085,0.491,0.000,0.000,0.094,0.547,1.217,zmywarka
2026-04-23 20:00:00,Thursday,20,0.070,0.394,0.137,0.000,0.187,0.000,0.788,
2026-04-23 21:00:00,Thursday,21,0.073,0.505,0.074,0.000,0.155,0.000,0.807,
2026-04-23 22:00:00,Thursday,22,0.089,0.478,0.041,0.000,0.182,0.000,0.790,
2026-04-23 23:00:00,Thursday,23,0.091,0.572,0.000,0.000,0.000,0.000,0.663,
2026-04-24 00:00:00,Friday,0,0.094,0.693,0.000,0.000,0.000,0.000,0.787,
2026-04-24 01:00:00,Friday,1,0.084,0.876,0.000,0.000,0.000,0.000,0.960,
2026-04-24 02:00:00,Friday,2,0.088,0.902,0.000,0.000,0.000,0.000,0.990,
2026-04-24 03:00:00,Friday,3,0.070,0.899,0.000,0.000,0.000,0.000,0.969,
2026-04-24 04:00:00,Friday,4,0.084,1.019,0.000,0.000,0.000,0.000,1.103,
2026-04-24 05:00:00,Friday,5,0.088,1.130,0.000,0.000,0.000,0.000,1.218,
2026-04-24 06:00:00,Friday,6,0.072,1.089,0.000,0.296,0.000,0.000,1.457,
2026-04-24 07:00:00,Friday,7,0.086,1.108,0.000,0.220,0.000,0.000,1.414,
2026-04-24 08:00:00,Friday,8,0.072,0.825,0.000,0.273,0.000,0.000,1.170,
2026-04-24 09:00:00,Friday,9,0.085,0.851,0.000,0.000,0.088,0.000,1.024,
2026-04-24 10:00:00,Friday,10,0.078,0.578,0.000,0.000,0.057,0.000,0.713,
2026-04-24 11:00:00,Friday,11,0.075,0.450,0.000,0.000,0.053,0.000,0.578,
2026-04-24 12:00:00,Friday,12,0.077,0.414,0.000,0.265,0.068,0.000,0.824,
2026-04-24 13:00:00,Friday,13,0.076,0.374,0.000,0.000,0.071,0.000,0.521,
2026-04-24 14:00:00,Friday,14,0.067,0.331,0.000,0.000,0.106,0.000,0.504,
2026-04-24 15:00:00,Friday,15,0.070,0.299,0.000,0.000,0.088,0.000,0.457,
2026-04-24 16:00:00,Friday,16,0.093,0.331,0.000,0.000,0.066,0.000,0.490,
2026-04-24 17:00:00,Friday,17,0.087,0.355,0.000,0.000,0.091,0.000,0.533,
2026-04-24 18:00:00,Friday,18,0.077,0.374,0.000,0.517,0.116,0.000,1.084,
2026-04-24 19:00:00,Friday,19,0.070,0.457,0.000,0.000,0.109,0.000,0.636,
2026-04-24 20:00:00,Friday,20,0.088,0.467,0.133,0.000,0.190,0.596,1.474,zmywarka
2026-04-24 21:00:00,Friday,21,0.069,0.581,0.061,0.000,0.155,0.000,0.866,
2026-04-24 22:00:00,Friday,22,0.088,0.526,0.036,0.000,0.091,0.000,0.741,
2026-04-24 23:00:00,Friday,23,0.067,0.633,0.000,0.000,0.000,0.000,0.700,
2026-04-25 00:00:00,Saturday,0,0.067,0.821,0.000,0.000,0.000,0.000,0.888,
2026-04-25 01:00:00,Saturday,1,0.110,0.967,0.000,0.000,0.000,0.000,1.077,
2026-04-25 02:00:00,Saturday,2,0.085,0.904,0.000,0.000,0.000,0.000,0.989,
2026-04-25 03:00:00,Saturday,3,0.094,1.021,0.000,0.000,0.000,0.000,1.115,
2026-04-25 04:00:00,Saturday,4,0.067,0.886,0.000,0.000,0.000,0.000,0.953,
2026-04-25 05:00:00,Saturday,5,0.067,1.071,0.000,0.000,0.000,0.000,1.138,
2026-04-25 06:00:00,Saturday,6,0.072,1.264,0.000,0.119,0.000,0.000,1.455,
2026-04-25 07:00:00,Saturday,7,0.079,1.019,0.000,0.092,0.000,0.000,1.190,
2026-04-25 08:00:00,Saturday,8,0.069,0.883,0.000,0.265,0.000,0.000,1.217,
2026-04-25 09:00:00,Saturday,9,0.092,0.991,0.000,0.000,0.104,0.000,1.187,
2026-04-25 10:00:00,Saturday,10,0.088,0.820,0.000,0.000,0.064,0.000,0.972,
2026-04-25 11:00:00,Saturday,11,0.070,0.746,0.000,0.000,0.106,0.000,0.922,
2026-04-25 12:00:00,Saturday,12,0.071,0.772,0.000,0.623,0.061,0.000,1.527,
2026-04-25 13:00:00,Saturday,13,0.080,0.832,0.000,0.000,0.138,0.000,1.050,
2026-04-25 14:00:00,Saturday,14,0.075,0.760,0.000,0.000,0.107,0.000,0.942,
2026-04-25 15:00:00,Saturday,15,0.083,0.731,0.000,0.000,0.047,0.000,0.861,
2026-04-25 16:00:00,Saturday,16,0.092,0.726,0.000,0.000,0.082,0.000,0.900,
2026-04-25 17:00:00,Saturday,17,0.095,0.803,0.000,0.000,0.111,0.000,1.009,
2026-04-25 18:00:00,Saturday,18,0.083,1.023,0.000,0.536,0.191,0.000,1.833,
2026-04-25 19:00:00,Saturday,19,0.095,0.878,0.000,0.000,0.152,0.000,1.125,
2026-04-25 20:00:00,Saturday,20,0.074,0.968,0.139,0.000,0.152,0.000,1.333,
2026-04-25 21:00:00,Saturday,21,0.073,0.844,0.089,0.000,0.172,0.000,1.178,
2026-04-25 22:00:00,Saturday,22,0.085,1.010,0.079,0.000,0.192,0.000,1.366,
2026-04-25 23:00:00,Saturday,23,0.099,1.000,0.000,0.000,0.000,0.000,1.099,
2026-04-26 00:00:00,Sunday,0,0.102,1.046,0.000,0.000,0.000,0.000,1.148,
2026-04-26 01:00:00,Sunday,1,0.084,0.950,0.000,0.000,0.000,0.000,1.034,
2026-04-26 02:00:00,Sunday,2,0.096,1.154,0.000,0.000,0.000,0.000,1.250,
2026-04-26 03:00:00,Sunday,3,0.078,1.226,0.000,0.000,0.000,0.000,1.304,
2026-04-26 04:00:00,Sunday,4,0.104,1.199,0.000,0.000,0.000,0.000,1.303,
2026-04-26 05:00:00,Sunday,5,0.089,0.997,0.000,0.000,0.000,0.000,1.086,
2026-04-26 06:00:00,Sunday,6,0.086,1.339,0.000,0.255,0.000,0.000,1.680,
2026-04-26 07:00:00,Sunday,7,0.074,1.162,0.000,0.209,0.000,0.000,1.445,
2026-04-26 08:00:00,Sunday,8,0.070,1.309,0.000,0.220,0.000,0.000,1.599,
2026-04-26 09:00:00,Sunday,9,0.079,1.009,0.000,0.000,0.137,0.000,1.225,
2026-04-26 10:00:00,Sunday,10,0.080,1.012,0.000,0.000,0.032,0.408,1.532,pralka
2026-04-26 11:00:00,Sunday,11,0.079,0.839,0.000,0.000,0.113,0.000,1.031,
2026-04-26 12:00:00,Sunday,12,0.080,0.868,0.000,0.000,0.044,0.000,0.992,
2026-04-26 13:00:00,Sunday,13,0.091,0.764,0.000,0.418,0.064,0.000,1.337,
2026-04-26 14:00:00,Sunday,14,0.076,0.706,0.000,0.000,0.116,0.000,0.898,
2026-04-26 15:00:00,Sunday,15,0.078,0.806,0.000,0.000,0.099,0.000,0.983,
2026-04-26 16:00:00,Sunday,16,0.094,0.645,0.000,0.000,0.045,0.000,0.784,
2026-04-26 17:00:00,Sunday,17,0.089,0.656,0.000,0.432,0.108,0.000,1.285,
2026-04-26 18:00:00,Sunday,18,0.083,0.734,0.000,0.000,0.101,0.000,0.918,
2026-04-26 19:00:00,Sunday,19,0.095,0.732,0.000,0.000,0.131,0.000,0.958,
2026-04-26 20:00:00,Sunday,20,0.088,0.704,0.084,0.000,0.180,0.000,1.056,
2026-04-26 21:00:00,Sunday,21,0.095,0.884,0.093,0.000,0.106,0.000,1.178,
2026-04-26 22:00:00,Sunday,22,0.073,0.715,0.073,0.000,0.147,0.000,1.008,
2026-04-26 23:00:00,Sunday,23,0.077,0.959,0.000,0.000,0.000,0.000,1.036,
2026-04-27 00:00:00,Monday,0,0.084,1.069,0.000,0.000,0.000,0.000,1.153,
2026-04-27 01:00:00,Monday,1,0.073,1.033,0.000,0.000,0.000,0.000,1.106,
2026-04-27 02:00:00,Monday,2,0.085,0.959,0.000,0.000,0.000,0.000,1.044,
2026-04-27 03:00:00,Monday,3,0.086,1.054,0.000,0.000,0.000,0.000,1.140,
2026-04-27 04:00:00,Monday,4,0.073,1.357,0.000,0.000,0.000,0.000,1.430,
2026-04-27 05:00:00,Monday,5,0.086,1.322,0.000,0.000,0.000,0.000,1.408,
2026-04-27 06:00:00,Monday,6,0.095,1.166,0.000,0.259,0.000,0.000,1.520,
2026-04-27 07:00:00,Monday,7,0.074,1.429,0.000,0.267,0.000,0.000,1.770,
2026-04-27 08:00:00,Monday,8,0.089,1.064,0.000,0.117,0.000,0.000,1.270,
2026-04-27 09:00:00,Monday,9,0.083,1.209,0.000,0.000,0.059,0.000,1.351,
2026-04-27 10:00:00,Monday,10,0.086,1.100,0.000,0.000,0.055,0.000,1.241,
2026-04-27 11:00:00,Monday,11,0.084,0.979,0.000,0.000,0.071,0.000,1.134,
2026-04-27 12:00:00,Monday,12,0.082,0.680,0.000,0.182,0.055,0.000,0.999,
2026-04-27 13:00:00,Monday,13,0.088,0.782,0.000,0.000,0.088,0.000,0.958,
2026-04-27 14:00:00,Monday,14,0.083,0.595,0.000,0.000,0.139,0.000,0.817,
2026-04-27 15:00:00,Monday,15,0.092,0.578,0.000,0.000,0.059,0.000,0.729,
2026-04-27 16:00:00,Monday,16,0.073,0.544,0.000,0.000,0.068,0.000,0.685,
2026-04-27 17:00:00,Monday,17,0.077,0.671,0.000,0.593,0.118,0.000,1.459,
2026-04-27 18:00:00,Monday,18,0.082,0.724,0.000,0.000,0.195,0.000,1.001,
2026-04-27 19:00:00,Monday,19,0.095,0.829,0.000,0.000,0.093,0.000,1.017,
2026-04-27 20:00:00,Monday,20,0.094,0.724,0.130,0.000,0.151,0.000,1.099,
2026-04-27 21:00:00,Monday,21,0.074,1.002,0.070,0.000,0.203,0.000,1.349,
2026-04-27 22:00:00,Monday,22,0.080,0.939,0.058,0.000,0.153,0.000,1.230,
2026-04-27 23:00:00,Monday,23,0.096,0.979,0.000,0.000,0.000,0.000,1.075,
2026-04-28 00:00:00,Tuesday,0,0.091,1.001,0.000,0.000,0.000,0.000,1.092,
2026-04-28 01:00:00,Tuesday,1,0.086,0.940,0.000,0.000,0.000,0.000,1.026,
2026-04-28 02:00:00,Tuesday,2,0.077,1.070,0.000,0.000,0.000,0.000,1.147,
2026-04-28 03:00:00,Tuesday,3,0.086,1.143,0.000,0.000,0.000,0.000,1.229,
2026-04-28 04:00:00,Tuesday,4,0.087,1.039,0.000,0.000,0.000,0.000,1.126,
2026-04-28 05:00:00,Tuesday,5,0.068,1.192,0.000,0.000,0.000,0.000,1.260,
2026-04-28 06:00:00,Tuesday,6,0.080,1.216,0.000,0.263,0.000,0.000,1.559,
2026-04-28 07:00:00,Tuesday,7,0.095,1.115,0.000,0.338,0.000,0.000,1.548,
2026-04-28 08:00:00,Tuesday,8,0.074,1.009,0.000,0.228,0.000,0.000,1.311,
2026-04-28 09:00:00,Tuesday,9,0.079,1.094,0.000,0.000,0.056,0.517,1.746,pralka
2026-04-28 10:00:00,Tuesday,10,0.092,0.764,0.000,0.000,0.080,1.231,2.167,suszarka
2026-04-28 11:00:00,Tuesday,11,0.095,0.781,0.000,0.000,0.065,0.000,0.941,
2026-04-28 12:00:00,Tuesday,12,0.089,0.631,0.000,0.439,0.061,0.000,1.220,
2026-04-28 13:00:00,Tuesday,13,0.079,0.616,0.000,0.000,0.089,0.000,0.784,
2026-04-28 14:00:00,Tuesday,14,0.070,0.674,0.000,0.000,0.120,0.000,0.864,
2026-04-28 15:00:00,Tuesday,15,0.082,0.627,0.000,0.000,0.076,0.000,0.785,
2026-04-28 16:00:00,Tuesday,16,0.096,0.571,0.000,0.000,0.080,0.000,0.747,
2026-04-28 17:00:00,Tuesday,17,0.082,0.648,0.000,0.000,0.144,0.000,0.874,
2026-04-28 18:00:00,Tuesday,18,0.091,0.700,0.000,1.064,0.198,0.000,2.053,
2026-04-28 19:00:00,Tuesday,19,0.069,0.714,0.000,0.000,0.103,0.000,0.886,
2026-04-28 20:00:00,Tuesday,20,0.085,0.823,0.148,0.000,0.198,0.483,1.737,zmywarka
2026-04-28 21:00:00,Tuesday,21,0.067,0.940,0.064,0.000,0.165,0.000,1.236,
2026-04-28 22:00:00,Tuesday,22,0.068,0.679,0.079,0.000,0.095,0.000,0.921,
2026-04-28 23:00:00,Tuesday,23,0.100,0.694,0.000,0.000,0.000,0.000,0.794,
2026-04-29 00:00:00,Wednesday,0,0.073,0.880,0.000,0.000,0.000,0.000,0.953,
2026-04-29 01:00:00,Wednesday,1,0.091,1.016,0.000,0.000,0.000,0.000,1.107,
2026-04-29 02:00:00,Wednesday,2,0.083,1.284,0.000,0.000,0.000,0.000,1.367,
2026-04-29 03:00:00,Wednesday,3,0.086,1.122,0.000,0.000,0.000,0.000,1.208,
2026-04-29 04:00:00,Wednesday,4,0.092,1.462,0.000,0.000,0.000,0.000,1.554,
2026-04-29 05:00:00,Wednesday,5,0.090,1.213,0.000,0.000,0.000,0.000,1.303,
2026-04-29 06:00:00,Wednesday,6,0.089,1.484,0.062,0.230,0.000,0.000,1.865,
2026-04-29 07:00:00,Wednesday,7,0.085,1.179,0.000,0.103,0.000,0.000,1.367,
2026-04-29 08:00:00,Wednesday,8,0.082,1.159,0.000,0.254,0.000,0.000,1.495,
2026-04-29 09:00:00,Wednesday,9,0.087,1.002,0.000,0.000,0.065,0.000,1.154,
2026-04-29 10:00:00,Wednesday,10,0.085,0.839,0.000,0.000,0.086,0.000,1.010,
2026-04-29 11:00:00,Wednesday,11,0.086,0.655,0.000,0.000,0.073,0.000,0.814,
2026-04-29 12:00:00,Wednesday,12,0.082,0.764,0.000,0.478,0.059,0.000,1.383,
2026-04-29 13:00:00,Wednesday,13,0.078,0.598,0.000,0.000,0.073,0.000,0.749,
2026-04-29 14:00:00,Wednesday,14,0.080,0.550,0.000,0.000,0.082,0.000,0.712,
2026-04-29 15:00:00,Wednesday,15,0.092,0.526,0.000,0.000,0.098,0.000,0.716,
2026-04-29 16:00:00,Wednesday,16,0.096,0.503,0.000,0.000,0.131,0.000,0.730,
2026-04-29 17:00:00,Wednesday,17,0.091,0.528,0.000,0.667,0.170,0.000,1.456,
2026-04-29 18:00:00,Wednesday,18,0.068,0.523,0.000,0.000,0.180,0.000,0.771,
2026-04-29 19:00:00,Wednesday,19,0.091,0.526,0.000,0.000,0.103,0.608,1.328,zmywarka
2026-04-29 20:00:00,Wednesday,20,0.080,0.467,0.119,0.000,0.168,0.000,0.834,
2026-04-29 21:00:00,Wednesday,21,0.074,0.572,0.145,0.000,0.200,0.000,0.991,
2026-04-29 22:00:00,Wednesday,22,0.085,0.577,0.055,0.000,0.151,0.000,0.868,
2026-04-29 23:00:00,Wednesday,23,0.095,0.612,0.000,0.000,0.000,0.000,0.707,
2026-04-30 00:00:00,Thursday,0,0.069,0.578,0.000,0.000,0.000,0.000,0.647,
2026-04-30 01:00:00,Thursday,1,0.085,0.712,0.000,0.000,0.000,0.000,0.797,
2026-04-30 02:00:00,Thursday,2,0.092,0.858,0.000,0.000,0.000,0.000,0.950,
2026-04-30 03:00:00,Thursday,3,0.085,0.956,0.000,0.000,0.000,0.000,1.041,
2026-04-30 04:00:00,Thursday,4,0.079,0.803,0.000,0.000,0.000,0.000,0.882,
2026-04-30 05:00:00,Thursday,5,0.068,0.892,0.000,0.000,0.000,0.000,0.960,
2026-04-30 06:00:00,Thursday,6,0.086,0.958,0.000,0.316,0.000,0.000,1.360,
2026-04-30 07:00:00,Thursday,7,0.071,1.139,0.000,0.248,0.000,0.000,1.458,
2026-04-30 08:00:00,Thursday,8,0.067,0.918,0.000,0.226,0.000,0.000,1.211,
2026-04-30 09:00:00,Thursday,9,0.083,0.735,0.000,0.000,0.063,0.000,0.881,
2026-04-30 10:00:00,Thursday,10,0.075,0.511,0.000,0.000,0.059,0.000,0.645,
2026-04-30 11:00:00,Thursday,11,0.092,0.446,0.000,0.000,0.062,0.400,1.000,pralka
2026-04-30 12:00:00,Thursday,12,0.077,0.332,0.000,0.000,0.083,1.370,1.862,suszarka
2026-04-30 13:00:00,Thursday,13,0.066,0.249,0.000,0.181,0.071,0.000,0.567,
2026-04-30 14:00:00,Thursday,14,0.082,0.172,0.000,0.000,0.140,0.000,0.394,
2026-04-30 15:00:00,Thursday,15,0.083,0.167,0.000,0.000,0.145,0.000,0.395,
2026-04-30 16:00:00,Thursday,16,0.066,0.179,0.000,0.000,0.117,0.000,0.362,
2026-04-30 17:00:00,Thursday,17,0.092,0.209,0.000,0.000,0.151,0.000,0.452,
2026-04-30 18:00:00,Thursday,18,0.080,0.256,0.000,0.541,0.124,0.000,1.001,
2026-04-30 19:00:00,Thursday,19,0.086,0.347,0.000,0.000,0.155,0.652,1.240,zmywarka
2026-04-30 20:00:00,Thursday,20,0.089,0.366,0.087,0.000,0.128,0.000,0.670,
2026-04-30 21:00:00,Thursday,21,0.089,0.418,0.121,0.000,0.188,0.000,0.816,
2026-04-30 22:00:00,Thursday,22,0.066,0.359,0.051,0.000,0.130,0.000,0.606,
2026-04-30 23:00:00,Thursday,23,0.110,0.508,0.000,0.000,0.000,0.000,0.618,
2026-05-01 00:00:00,Friday,0,0.068,0.484,0.000,0.000,0.000,0.000,0.552,
2026-05-01 01:00:00,Friday,1,0.082,0.582,0.000,0.000,0.000,0.000,0.664,
2026-05-01 02:00:00,Friday,2,0.095,0.673,0.000,0.000,0.000,0.000,0.768,
2026-05-01 03:00:00,Friday,3,0.077,0.899,0.000,0.000,0.000,0.000,0.976,
2026-05-01 04:00:00,Friday,4,0.085,0.892,0.000,0.000,0.000,0.000,0.977,
2026-05-01 05:00:00,Friday,5,0.092,0.935,0.000,0.000,0.000,0.000,1.027,
2026-05-01 06:00:00,Friday,6,0.068,1.057,0.000,0.224,0.000,0.000,1.349,
2026-05-01 07:00:00,Friday,7,0.071,1.099,0.000,0.208,0.000,0.000,1.378,
2026-05-01 08:00:00,Friday,8,0.086,0.910,0.000,0.257,0.000,0.000,1.253,
2026-05-01 09:00:00,Friday,9,0.068,0.563,0.000,0.000,0.059,0.000,0.690,
2026-05-01 10:00:00,Friday,10,0.073,0.437,0.000,0.000,0.071,0.000,0.581,
2026-05-01 11:00:00,Friday,11,0.067,0.284,0.000,0.000,0.051,0.000,0.402,
2026-05-01 12:00:00,Friday,12,0.088,0.193,0.000,0.427,0.085,0.000,0.793,
2026-05-01 13:00:00,Friday,13,0.090,0.119,0.000,0.000,0.072,0.000,0.281,
2026-05-01 14:00:00,Friday,14,0.067,0.142,0.000,0.000,0.126,0.000,0.335,
2026-05-01 15:00:00,Friday,15,0.093,0.000,0.000,0.000,0.049,0.000,0.142,
2026-05-01 16:00:00,Friday,16,0.080,0.000,0.000,0.000,0.101,0.000,0.181,
2026-05-01 17:00:00,Friday,17,0.073,0.161,0.000,0.430,0.164,0.000,0.828,
2026-05-01 18:00:00,Friday,18,0.086,0.185,0.000,0.000,0.113,0.000,0.384,
2026-05-01 19:00:00,Friday,19,0.089,0.308,0.000,0.000,0.194,0.637,1.228,zmywarka
2026-05-01 20:00:00,Friday,20,0.092,0.370,0.000,0.000,0.121,0.000,0.583,
2026-05-01 21:00:00,Friday,21,0.086,0.491,0.175,0.000,0.095,0.000,0.847,
2026-05-01 22:00:00,Friday,22,0.083,0.303,0.069,0.000,0.156,0.000,0.611,
2026-05-01 23:00:00,Friday,23,0.095,0.304,0.000,0.000,0.000,0.000,0.399,
2026-05-02 00:00:00,Saturday,0,0.091,0.385,0.000,0.000,0.000,0.000,0.476,
2026-05-02 01:00:00,Saturday,1,0.090,0.410,0.000,0.000,0.000,0.000,0.500,
2026-05-02 02:00:00,Saturday,2,0.080,0.523,0.000,0.000,0.000,0.000,0.603,
2026-05-02 03:00:00,Saturday,3,0.066,0.671,0.000,0.000,0.000,0.000,0.737,
2026-05-02 04:00:00,Saturday,4,0.077,0.683,0.000,0.000,0.000,0.000,0.760,
2026-05-02 05:00:00,Saturday,5,0.084,0.683,0.000,0.000,0.000,0.000,0.767,
2026-05-02 06:00:00,Saturday,6,0.080,0.805,0.000,0.215,0.000,0.000,1.100,
2026-05-02 07:00:00,Saturday,7,0.074,0.653,0.000,0.139,0.000,0.000,0.866,
2026-05-02 08:00:00,Saturday,8,0.087,0.608,0.000,0.351,0.000,0.000,1.046,
2026-05-02 09:00:00,Saturday,9,0.068,0.441,0.000,0.000,0.033,0.000,0.542,
2026-05-02 10:00:00,Saturday,10,0.076,0.324,0.000,0.000,0.116,0.378,0.894,pralka
2026-05-02 11:00:00,Saturday,11,0.084,0.322,0.000,0.000,0.121,0.000,0.527,
2026-05-02 12:00:00,Saturday,12,0.082,0.224,0.000,0.191,0.035,0.000,0.532,
2026-05-02 13:00:00,Saturday,13,0.086,0.189,0.000,0.000,0.048,0.681,1.004,zmywarka
2026-05-02 14:00:00,Saturday,14,0.093,0.150,0.000,0.000,0.141,0.000,0.384,
2026-05-02 15:00:00,Saturday,15,0.068,0.140,0.000,0.000,0.059,0.000,0.267,
2026-05-02 16:00:00,Saturday,16,0.070,0.133,0.000,0.000,0.060,0.000,0.263,
2026-05-02 17:00:00,Saturday,17,0.074,0.000,0.000,0.522,0.155,0.000,0.751,
2026-05-02 18:00:00,Saturday,18,0.080,0.000,0.000,0.000,0.141,0.000,0.221,
2026-05-02 19:00:00,Saturday,19,0.068,0.000,0.000,0.000,0.107,0.000,0.175,
2026-05-02 20:00:00,Saturday,20,0.095,0.000,0.000,0.000,0.198,0.000,0.293,
2026-05-02 21:00:00,Saturday,21,0.075,0.198,0.170,0.000,0.117,0.000,0.560,
2026-05-02 22:00:00,Saturday,22,0.096,0.000,0.089,0.000,0.175,0.000,0.360,
2026-05-02 23:00:00,Saturday,23,0.083,0.000,0.000,0.000,0.000,0.000,0.083,
2026-05-03 00:00:00,Sunday,0,0.086,0.000,0.000,0.000,0.000,0.000,0.086,
2026-05-03 01:00:00,Sunday,1,0.071,0.166,0.000,0.000,0.000,0.000,0.237,
2026-05-03 02:00:00,Sunday,2,0.093,0.277,0.000,0.000,0.000,0.000,0.370,
2026-05-03 03:00:00,Sunday,3,0.074,0.350,0.000,0.000,0.000,0.000,0.424,
2026-05-03 04:00:00,Sunday,4,0.113,0.357,0.000,0.000,0.000,0.000,0.470,
2026-05-03 05:00:00,Sunday,5,0.078,0.488,0.000,0.000,0.000,0.000,0.566,
2026-05-03 06:00:00,Sunday,6,0.087,0.611,0.000,0.287,0.000,0.000,0.985,
2026-05-03 07:00:00,Sunday,7,0.095,0.662,0.000,0.260,0.000,0.000,1.017,
2026-05-03 08:00:00,Sunday,8,0.086,0.583,0.000,0.215,0.000,0.000,0.884,
2026-05-03 09:00:00,Sunday,9,0.095,0.505,0.000,0.000,0.083,0.000,0.683,
2026-05-03 10:00:00,Sunday,10,0.088,0.413,0.000,0.000,0.136,0.000,0.637,
2026-05-03 11:00:00,Sunday,11,0.088,0.340,0.000,0.000,0.109,0.000,0.537,
2026-05-03 12:00:00,Sunday,12,0.076,0.319,0.000,0.000,0.093,0.000,0.488,
2026-05-03 13:00:00,Sunday,13,0.085,0.288,0.000,0.755,0.034,0.000,1.162,
2026-05-03 14:00:00,Sunday,14,0.080,0.425,0.000,0.000,0.059,0.494,1.058,zmywarka
2026-05-03 15:00:00,Sunday,15,0.090,0.370,0.000,0.000,0.071,0.000,0.531,
2026-05-03 16:00:00,Sunday,16,0.089,0.305,0.000,0.000,0.110,0.000,0.504,
2026-05-03 17:00:00,Sunday,17,0.066,0.304,0.000,0.555,0.163,0.000,1.088,
2026-05-03 18:00:00,Sunday,18,0.079,0.368,0.000,0.000,0.115,0.000,0.562,
2026-05-03 19:00:00,Sunday,19,0.094,0.466,0.000,0.000,0.194,0.000,0.754,
2026-05-03 20:00:00,Sunday,20,0.088,0.567,0.000,0.000,0.145,0.000,0.800,
2026-05-03 21:00:00,Sunday,21,0.090,0.570,0.073,0.000,0.122,0.000,0.855,
2026-05-03 22:00:00,Sunday,22,0.094,0.567,0.056,0.000,0.189,0.000,0.906,
2026-05-03 23:00:00,Sunday,23,0.091,0.509,0.000,0.000,0.000,0.000,0.600,
2026-05-04 00:00:00,Monday,0,0.106,0.461,0.000,0.000,0.000,0.000,0.567,
2026-05-04 01:00:00,Monday,1,0.086,0.612,0.000,0.000,0.000,0.000,0.698,
2026-05-04 02:00:00,Monday,2,0.088,0.512,0.000,0.000,0.000,0.000,0.600,
2026-05-04 03:00:00,Monday,3,0.083,0.556,0.000,0.000,0.000,0.000,0.639,
2026-05-04 04:00:00,Monday,4,0.079,0.515,0.000,0.000,0.000,0.000,0.594,
2026-05-04 05:00:00,Monday,5,0.107,0.503,0.000,0.000,0.000,0.000,0.610,
2026-05-04 06:00:00,Monday,6,0.078,0.624,0.000,0.208,0.000,0.000,0.910,
2026-05-04 07:00:00,Monday,7,0.087,0.617,0.000,0.284,0.000,0.000,0.988,
2026-05-04 08:00:00,Monday,8,0.072,0.593,0.000,0.257,0.000,0.000,0.922,
2026-05-04 09:00:00,Monday,9,0.074,0.601,0.000,0.000,0.107,0.000,0.782,praca zdalna
2026-05-04 10:00:00,Monday,10,0.091,0.529,0.000,0.000,0.155,0.000,0.775,praca zdalna
2026-05-04 11:00:00,Monday,11,0.070,0.591,0.000,0.000,0.169,0.000,0.830,praca zdalna
2026-05-04 12:00:00,Monday,12,0.095,0.439,0.000,0.464,0.143,0.000,1.141,praca zdalna
2026-05-04 13:00:00,Monday,13,0.086,0.395,0.000,0.000,0.113,0.000,0.594,praca zdalna
2026-05-04 14:00:00,Monday,14,0.085,0.370,0.000,0.000,0.264,0.000,0.719,praca zdalna
2026-05-04 15:00:00,Monday,15,0.083,0.344,0.000,0.000,0.256,0.000,0.683,praca zdalna
2026-05-04 16:00:00,Monday,16,0.085,0.340,0.000,0.000,0.163,0.000,0.588,praca zdalna
2026-05-04 17:00:00,Monday,17,0.075,0.396,0.000,0.428,0.110,0.000,1.009,
2026-05-04 18:00:00,Monday,18,0.096,0.398,0.000,0.000,0.107,0.000,0.601,
2026-05-04 19:00:00,Monday,19,0.074,0.541,0.000,0.000,0.181,0.000,0.796,
2026-05-04 20:00:00,Monday,20,0.082,0.500,0.000,0.000,0.158,0.000,0.740,
2026-05-04 21:00:00,Monday,21,0.079,0.562,0.173,0.000,0.154,0.000,0.968,
2026-05-04 22:00:00,Monday,22,0.094,0.491,0.059,0.000,0.177,0.000,0.821,
2026-05-04 23:00:00,Monday,23,0.083,0.584,0.000,0.000,0.000,0.000,0.667,
2026-05-05 00:00:00,Tuesday,0,0.070,0.703,0.000,0.000,0.000,0.000,0.773,
2026-05-05 01:00:00,Tuesday,1,0.091,0.772,0.000,0.000,0.000,0.000,0.863,
2026-05-05 02:00:00,Tuesday,2,0.080,0.775,0.000,0.000,0.000,0.000,0.855,
2026-05-05 03:00:00,Tuesday,3,0.067,0.887,0.000,0.000,0.000,0.000,0.954,
2026-05-05 04:00:00,Tuesday,4,0.073,1.034,0.000,0.000,0.000,0.000,1.107,
2026-05-05 05:00:00,Tuesday,5,0.092,0.914,0.000,0.000,0.000,0.000,1.006,
2026-05-05 06:00:00,Tuesday,6,0.087,0.913,0.000,0.238,0.000,0.000,1.238,
2026-05-05 07:00:00,Tuesday,7,0.088,0.953,0.000,0.270,0.000,0.000,1.311,
2026-05-05 08:00:00,Tuesday,8,0.075,0.938,0.000,0.319,0.000,0.000,1.332,
2026-05-05 09:00:00,Tuesday,9,0.070,0.719,0.000,0.000,0.051,0.000,0.840,
2026-05-05 10:00:00,Tuesday,10,0.091,0.724,0.000,0.000,0.086,0.000,0.901,
2026-05-05 11:00:00,Tuesday,11,0.086,0.657,0.000,0.000,0.084,0.000,0.827,
2026-05-05 12:00:00,Tuesday,12,0.081,0.478,0.000,0.405,0.088,0.000,1.052,
2026-05-05 13:00:00,Tuesday,13,0.073,0.603,0.000,0.000,0.076,0.413,1.165,pralka
2026-05-05 14:00:00,Tuesday,14,0.080,0.512,0.000,0.000,0.094,0.000,0.686,
2026-05-05 15:00:00,Tuesday,15,0.072,0.413,0.000,0.000,0.088,0.000,0.573,
2026-05-05 16:00:00,Tuesday,16,0.090,0.442,0.000,0.000,0.106,0.000,0.638,
2026-05-05 17:00:00,Tuesday,17,0.094,0.462,0.000,0.000,0.099,0.000,0.655,
2026-05-05 18:00:00,Tuesday,18,0.073,0.526,0.000,0.618,0.131,0.000,1.348,
2026-05-05 19:00:00,Tuesday,19,0.067,0.669,0.000,0.000,0.179,0.707,1.622,zmywarka
2026-05-05 20:00:00,Tuesday,20,0.085,0.750,0.000,0.000,0.127,0.000,0.962,
2026-05-05 21:00:00,Tuesday,21,0.089,0.673,0.074,0.000,0.107,0.000,0.943,
2026-05-05 22:00:00,Tuesday,22,0.074,0.625,0.050,0.000,0.158,0.000,0.907,
2026-05-05 23:00:00,Tuesday,23,0.085,0.713,0.000,0.000,0.000,0.000,0.798,
2026-05-06 00:00:00,Wednesday,0,0.083,0.833,0.000,0.000,0.000,0.000,0.916,
2026-05-06 01:00:00,Wednesday,1,0.103,0.767,0.000,0.000,0.000,0.000,0.870,
2026-05-06 02:00:00,Wednesday,2,0.086,0.956,0.000,0.000,0.000,0.000,1.042,
2026-05-06 03:00:00,Wednesday,3,0.083,1.031,0.000,0.000,0.000,0.000,1.114,
2026-05-06 04:00:00,Wednesday,4,0.079,1.003,0.000,0.000,0.000,0.000,1.082,
2026-05-06 05:00:00,Wednesday,5,0.081,1.135,0.000,0.000,0.000,0.000,1.216,
2026-05-06 06:00:00,Wednesday,6,0.072,0.991,0.000,0.187,0.000,0.000,1.250,
2026-05-06 07:00:00,Wednesday,7,0.088,1.059,0.000,0.319,0.000,0.000,1.466,
2026-05-06 08:00:00,Wednesday,8,0.070,1.004,0.000,0.208,0.000,0.000,1.282,
2026-05-06 09:00:00,Wednesday,9,0.082,0.809,0.000,0.000,0.074,0.000,0.965,
2026-05-06 10:00:00,Wednesday,10,0.073,0.844,0.000,0.000,0.074,0.000,0.991,
2026-05-06 11:00:00,Wednesday,11,0.085,0.788,0.000,0.000,0.082,0.000,0.955,
2026-05-06 12:00:00,Wednesday,12,0.068,0.654,0.000,0.000,0.067,0.000,0.789,
2026-05-06 13:00:00,Wednesday,13,0.087,0.595,0.000,0.350,0.070,0.000,1.102,
2026-05-06 14:00:00,Wednesday,14,0.074,0.541,0.000,0.000,0.091,0.000,0.706,
2026-05-06 15:00:00,Wednesday,15,0.071,0.451,0.000,0.000,0.136,0.000,0.658,
2026-05-06 16:00:00,Wednesday,16,0.077,0.587,0.000,0.000,0.130,0.000,0.794,
2026-05-06 17:00:00,Wednesday,17,0.085,0.605,0.000,0.367,0.100,0.000,1.157,
2026-05-06 18:00:00,Wednesday,18,0.074,0.641,0.000,0.000,0.168,0.000,0.883,
2026-05-06 19:00:00,Wednesday,19,0.086,0.733,0.000,0.000,0.163,0.656,1.638,zmywarka
2026-05-06 20:00:00,Wednesday,20,0.073,0.765,0.000,0.000,0.174,0.000,1.012,
2026-05-06 21:00:00,Wednesday,21,0.092,0.898,0.171,0.000,0.193,0.000,1.354,
2026-05-06 22:00:00,Wednesday,22,0.067,0.869,0.069,0.000,0.094,0.000,1.099,
2026-05-06 23:00:00,Wednesday,23,0.074,0.773,0.000,0.000,0.000,0.000,0.847,
2026-05-07 00:00:00,Thursday,0,0.083,0.952,0.000,0.000,0.000,0.000,1.035,
2026-05-07 01:00:00,Thursday,1,0.074,0.955,0.000,0.000,0.000,0.000,1.029,
2026-05-07 02:00:00,Thursday,2,0.086,1.082,0.000,0.000,0.000,0.000,1.168,
2026-05-07 03:00:00,Thursday,3,0.103,1.148,0.000,0.000,0.000,0.000,1.251,
2026-05-07 04:00:00,Thursday,4,0.069,1.180,0.000,0.000,0.000,0.000,1.249,
2026-05-07 05:00:00,Thursday,5,0.068,1.101,0.000,0.000,0.000,0.000,1.169,
2026-05-07 06:00:00,Thursday,6,0.092,1.097,0.000,0.332,0.000,0.000,1.521,
2026-05-07 07:00:00,Thursday,7,0.084,1.132,0.000,0.190,0.000,0.000,1.406,
2026-05-07 08:00:00,Thursday,8,0.090,0.866,0.000,0.098,0.000,0.000,1.054,
2026-05-07 09:00:00,Thursday,9,0.082,0.773,0.000,0.000,0.051,0.000,0.906,
2026-05-07 10:00:00,Thursday,10,0.085,0.827,0.000,0.000,0.049,0.000,0.961,
2026-05-07 11:00:00,Thursday,11,0.070,0.687,0.000,0.000,0.052,0.000,0.809,
2026-05-07 12:00:00,Thursday,12,0.066,0.585,0.000,0.501,0.056,0.000,1.208,
2026-05-07 13:00:00,Thursday,13,0.088,0.475,0.000,0.000,0.060,0.000,0.623,
2026-05-07 14:00:00,Thursday,14,0.092,0.619,0.000,0.000,0.119,0.000,0.830,
2026-05-07 15:00:00,Thursday,15,0.086,0.508,0.000,0.000,0.139,0.000,0.733,
2026-05-07 16:00:00,Thursday,16,0.094,0.514,0.000,0.000,0.060,0.000,0.668,
2026-05-07 17:00:00,Thursday,17,0.086,0.441,0.000,0.589,0.106,0.000,1.222,
2026-05-07 18:00:00,Thursday,18,0.092,0.465,0.000,0.000,0.095,0.000,0.652,
2026-05-07 19:00:00,Thursday,19,0.070,0.534,0.000,0.000,0.203,0.000,0.807,
2026-05-07 20:00:00,Thursday,20,0.079,0.587,0.000,0.000,0.099,0.700,1.465,zmywarka
2026-05-07 21:00:00,Thursday,21,0.085,0.646,0.134,0.000,0.165,0.000,1.030,
2026-05-07 22:00:00,Thursday,22,0.086,0.652,0.071,0.000,0.187,0.000,0.996,
2026-05-07 23:00:00,Thursday,23,0.089,0.571,0.000,0.000,0.000,0.000,0.660,
2026-05-08 00:00:00,Friday,0,0.080,0.703,0.000,0.000,0.000,0.000,0.783,
2026-05-08 01:00:00,Friday,1,0.087,0.758,0.000,0.000,0.000,0.000,0.845,
2026-05-08 02:00:00,Friday,2,0.102,1.102,0.000,0.000,0.000,0.000,1.204,
2026-05-08 03:00:00,Friday,3,0.089,1.097,0.000,0.000,0.000,0.000,1.186,
2026-05-08 04:00:00,Friday,4,0.092,0.976,0.000,0.000,0.000,0.000,1.068,
2026-05-08 05:00:00,Friday,5,0.100,1.043,0.000,0.000,0.000,0.000,1.143,
2026-05-08 06:00:00,Friday,6,0.068,1.212,0.000,0.271,0.000,0.000,1.551,
2026-05-08 07:00:00,Friday,7,0.072,0.915,0.000,0.271,0.000,0.000,1.258,
2026-05-08 08:00:00,Friday,8,0.074,0.932,0.000,0.194,0.000,0.000,1.200,
2026-05-08 09:00:00,Friday,9,0.091,0.875,0.000,0.000,0.086,0.000,1.052,
2026-05-08 10:00:00,Friday,10,0.085,0.685,0.000,0.000,0.086,0.000,0.856,
2026-05-08 11:00:00,Friday,11,0.086,0.644,0.000,0.000,0.073,0.000,0.803,
2026-05-08 12:00:00,Friday,12,0.085,0.562,0.000,0.000,0.058,0.000,0.705,
2026-05-08 13:00:00,Friday,13,0.092,0.502,0.000,0.438,0.055,0.000,1.087,
2026-05-08 14:00:00,Friday,14,0.066,0.652,0.000,0.000,0.109,0.000,0.827,
2026-05-08 15:00:00,Friday,15,0.086,0.606,0.000,0.000,0.116,0.000,0.808,
2026-05-08 16:00:00,Friday,16,0.079,0.554,0.000,0.000,0.098,0.000,0.731,
2026-05-08 17:00:00,Friday,17,0.083,0.516,0.000,0.000,0.197,0.000,0.796,
2026-05-08 18:00:00,Friday,18,0.076,0.549,0.000,0.616,0.103,0.000,1.344,
2026-05-08 19:00:00,Friday,19,0.073,0.542,0.000,0.000,0.171,0.578,1.364,zmywarka
2026-05-08 20:00:00,Friday,20,0.092,0.613,0.000,0.000,0.206,0.000,0.911,
2026-05-08 21:00:00,Friday,21,0.082,0.752,0.095,0.000,0.179,0.000,1.108,
2026-05-08 22:00:00,Friday,22,0.069,0.572,0.045,0.000,0.137,0.000,0.823,
2026-05-08 23:00:00,Friday,23,0.083,0.650,0.000,0.000,0.000,0.000,0.733,
2026-05-09 00:00:00,Saturday,0,0.108,0.820,0.000,0.000,0.000,0.000,0.928,
2026-05-09 01:00:00,Saturday,1,0.078,0.752,0.000,0.000,0.000,0.000,0.830,
2026-05-09 02:00:00,Saturday,2,0.079,1.025,0.000,0.000,0.000,0.000,1.104,
2026-05-09 03:00:00,Saturday,3,0.070,0.842,0.000,0.000,0.000,0.000,0.912,
2026-05-09 04:00:00,Saturday,4,0.079,1.062,0.000,0.000,0.000,0.000,1.141,
2026-05-09 05:00:00,Saturday,5,0.086,1.088,0.000,0.000,0.000,0.000,1.174,
2026-05-09 06:00:00,Saturday,6,0.075,1.141,0.000,0.271,0.000,0.000,1.487,
2026-05-09 07:00:00,Saturday,7,0.091,1.126,0.000,0.262,0.000,0.000,1.479,
2026-05-09 08:00:00,Saturday,8,0.088,1.113,0.000,0.295,0.000,0.000,1.496,
2026-05-09 09:00:00,Saturday,9,0.086,0.995,0.000,0.000,0.065,0.000,1.146,
2026-05-09 10:00:00,Saturday,10,0.076,0.791,0.000,0.000,0.137,0.000,1.004,
2026-05-09 11:00:00,Saturday,11,0.091,0.635,0.000,0.000,0.107,0.454,1.287,pralka
2026-05-09 12:00:00,Saturday,12,0.073,0.531,0.000,0.442,0.115,1.462,2.623,suszarka
2026-05-09 13:00:00,Saturday,13,0.088,0.394,0.000,0.000,0.037,0.000,0.519,
2026-05-09 14:00:00,Saturday,14,0.076,0.520,0.000,0.000,0.107,0.000,0.703,
2026-05-09 15:00:00,Saturday,15,0.068,0.518,0.000,0.000,0.031,0.000,0.617,
2026-05-09 16:00:00,Saturday,16,0.086,0.531,0.000,0.000,0.054,0.000,0.671,
2026-05-09 17:00:00,Saturday,17,0.072,0.704,0.000,0.476,0.170,0.000,1.422,
2026-05-09 18:00:00,Saturday,18,0.091,0.698,0.000,0.000,0.179,0.000,0.968,
2026-05-09 19:00:00,Saturday,19,0.084,0.778,0.000,0.000,0.208,0.000,1.070,
2026-05-09 20:00:00,Saturday,20,0.078,0.698,0.000,0.000,0.112,0.000,0.888,
2026-05-09 21:00:00,Saturday,21,0.090,0.828,0.140,0.000,0.149,0.000,1.207,
2026-05-09 22:00:00,Saturday,22,0.070,0.650,0.059,0.000,0.136,0.000,0.915,
2026-05-09 23:00:00,Saturday,23,0.084,0.842,0.000,0.000,0.000,0.000,0.926,
2026-05-10 00:00:00,Sunday,0,0.066,0.663,0.000,0.000,0.000,0.000,0.729,
2026-05-10 01:00:00,Sunday,1,0.083,0.737,0.000,0.000,0.000,0.000,0.820,
2026-05-10 02:00:00,Sunday,2,0.086,0.860,0.000,0.000,0.000,0.000,0.946,
2026-05-10 03:00:00,Sunday,3,0.094,0.752,0.000,0.000,0.000,0.000,0.846,
2026-05-10 04:00:00,Sunday,4,0.095,1.001,0.000,0.000,0.000,0.000,1.096,
2026-05-10 05:00:00,Sunday,5,0.068,1.010,0.000,0.000,0.000,0.000,1.078,
2026-05-10 06:00:00,Sunday,6,0.090,0.959,0.000,0.262,0.000,0.000,1.311,
2026-05-10 07:00:00,Sunday,7,0.077,0.832,0.000,0.247,0.000,0.000,1.156,
2026-05-10 08:00:00,Sunday,8,0.067,0.866,0.000,0.248,0.000,0.000,1.181,
2026-05-10 09:00:00,Sunday,9,0.083,0.739,0.000,0.000,0.086,0.000,0.908,
2026-05-10 10:00:00,Sunday,10,0.074,0.821,0.000,0.000,0.148,0.000,1.043,
2026-05-10 11:00:00,Sunday,11,0.082,0.719,0.000,0.000,0.114,0.000,0.915,
2026-05-10 12:00:00,Sunday,12,0.094,0.553,0.000,0.000,0.124,0.000,0.771,
2026-05-10 13:00:00,Sunday,13,0.092,0.546,0.000,0.678,0.139,0.705,2.160,zmywarka
2026-05-10 14:00:00,Sunday,14,0.067,0.553,0.000,0.000,0.046,0.000,0.666,
2026-05-10 15:00:00,Sunday,15,0.079,0.550,0.000,0.000,0.067,0.000,0.696,
2026-05-10 16:00:00,Sunday,16,0.079,0.586,0.000,0.000,0.088,0.000,0.753,
2026-05-10 17:00:00,Sunday,17,0.070,0.549,0.000,0.000,0.195,0.000,0.814,
2026-05-10 18:00:00,Sunday,18,0.091,0.556,0.000,1.027,0.139,0.000,1.813,
2026-05-10 19:00:00,Sunday,19,0.076,0.560,0.000,0.000,0.122,0.000,0.758,
2026-05-10 20:00:00,Sunday,20,0.088,0.550,0.000,0.000,0.151,0.000,0.789,
2026-05-10 21:00:00,Sunday,21,0.071,0.682,0.087,0.000,0.183,0.000,1.023,
2026-05-10 22:00:00,Sunday,22,0.093,0.651,0.035,0.000,0.202,0.000,0.981,
2026-05-10 23:00:00,Sunday,23,0.083,0.633,0.000,0.000,0.000,0.000,0.716,
2026-05-11 00:00:00,Monday,0,0.095,0.707,0.000,0.000,0.000,0.000,0.802,
2026-05-11 01:00:00,Monday,1,0.086,0.785,0.000,0.000,0.000,0.000,0.871,
2026-05-11 02:00:00,Monday,2,0.109,0.946,0.000,0.000,0.000,0.000,1.055,
2026-05-11 03:00:00,Monday,3,0.086,0.962,0.000,0.000,0.000,0.000,1.048,
2026-05-11 04:00:00,Monday,4,0.083,0.950,0.000,0.000,0.000,0.000,1.033,
2026-05-11 05:00:00,Monday,5,0.067,0.915,0.000,0.000,0.000,0.000,0.982,
2026-05-11 06:00:00,Monday,6,0.075,1.124,0.000,0.181,0.000,0.000,1.380,
2026-05-11 07:00:00,Monday,7,0.076,1.110,0.000,0.178,0.000,0.000,1.364,
2026-05-11 08:00:00,Monday,8,0.075,0.949,0.000,0.227,0.000,0.000,1.251,
2026-05-11 09:00:00,Monday,9,0.073,0.995,0.000,0.000,0.086,0.000,1.154,
2026-05-11 10:00:00,Monday,10,0.068,1.016,0.000,0.000,0.056,0.000,1.140,
2026-05-11 11:00:00,Monday,11,0.074,1.010,0.000,0.000,0.067,0.000,1.151,
2026-05-11 12:00:00,Monday,12,0.070,0.822,0.000,0.516,0.076,0.000,1.484,
2026-05-11 13:00:00,Monday,13,0.086,0.797,0.000,0.000,0.051,0.000,0.934,
2026-05-11 14:00:00,Monday,14,0.071,0.760,0.000,0.000,0.143,0.000,0.974,
2026-05-11 15:00:00,Monday,15,0.086,0.917,0.000,0.000,0.056,0.000,1.059,
2026-05-11 16:00:00,Monday,16,0.069,0.985,0.000,0.000,0.150,0.000,1.204,
2026-05-11 17:00:00,Monday,17,0.084,0.826,0.000,0.448,0.202,0.000,1.560,
2026-05-11 18:00:00,Monday,18,0.091,0.828,0.000,0.000,0.168,0.000,1.087,
2026-05-11 19:00:00,Monday,19,0.074,0.953,0.000,0.000,0.129,0.540,1.696,zmywarka
2026-05-11 20:00:00,Monday,20,0.094,0.872,0.000,0.000,0.156,0.000,1.122,
2026-05-11 21:00:00,Monday,21,0.084,1.015,0.122,0.000,0.130,0.000,1.351,
2026-05-11 22:00:00,Monday,22,0.070,0.881,0.087,0.000,0.172,0.000,1.210,
2026-05-11 23:00:00,Monday,23,0.088,0.967,0.000,0.000,0.000,0.000,1.055,
2026-05-12 00:00:00,Tuesday,0,0.086,0.982,0.000,0.000,0.000,0.000,1.068,
2026-05-12 01:00:00,Tuesday,1,0.071,0.770,0.000,0.000,0.000,0.000,0.841,
2026-05-12 02:00:00,Tuesday,2,0.069,0.869,0.000,0.000,0.000,0.000,0.938,
2026-05-12 03:00:00,Tuesday,3,0.088,0.945,0.000,0.000,0.000,0.000,1.033,
2026-05-12 04:00:00,Tuesday,4,0.083,1.051,0.000,0.000,0.000,0.000,1.134,
2026-05-12 05:00:00,Tuesday,5,0.079,0.998,0.000,0.000,0.000,0.000,1.077,
2026-05-12 06:00:00,Tuesday,6,0.094,1.145,0.000,0.344,0.000,0.000,1.583,
2026-05-12 07:00:00,Tuesday,7,0.074,0.948,0.000,0.193,0.000,0.000,1.215,
2026-05-12 08:00:00,Tuesday,8,0.075,0.860,0.000,0.152,0.000,0.000,1.087,
2026-05-12 09:00:00,Tuesday,9,0.093,0.880,0.000,0.000,0.124,0.000,1.097,praca zdalna
2026-05-12 10:00:00,Tuesday,10,0.075,0.818,0.000,0.000,0.122,0.560,1.575,praca zdalna; pralka
2026-05-12 11:00:00,Tuesday,11,0.086,0.677,0.000,0.000,0.119,1.079,1.961,praca zdalna; suszarka
2026-05-12 12:00:00,Tuesday,12,0.086,0.730,0.000,0.000,0.173,0.000,0.989,praca zdalna
2026-05-12 13:00:00,Tuesday,13,0.092,0.712,0.000,0.235,0.151,0.000,1.190,praca zdalna
2026-05-12 14:00:00,Tuesday,14,0.088,0.705,0.000,0.000,0.209,0.000,1.002,praca zdalna
2026-05-12 15:00:00,Tuesday,15,0.079,0.687,0.000,0.000,0.132,0.000,0.898,praca zdalna
2026-05-12 16:00:00,Tuesday,16,0.079,0.614,0.000,0.000,0.159,0.000,0.852,praca zdalna
2026-05-12 17:00:00,Tuesday,17,0.076,0.591,0.000,0.595,0.173,0.000,1.435,
2026-05-12 18:00:00,Tuesday,18,0.076,0.559,0.000,0.000,0.119,0.000,0.754,
2026-05-12 19:00:00,Tuesday,19,0.088,0.557,0.000,0.000,0.177,0.712,1.534,zmywarka
2026-05-12 20:00:00,Tuesday,20,0.071,0.704,0.000,0.000,0.108,0.000,0.883,
2026-05-12 21:00:00,Tuesday,21,0.089,0.875,0.097,0.000,0.187,0.000,1.248,
2026-05-12 22:00:00,Tuesday,22,0.073,0.704,0.054,0.000,0.139,0.000,0.970,
2026-05-12 23:00:00,Tuesday,23,0.078,0.865,0.000,0.000,0.000,0.000,0.943,
2026-05-13 00:00:00,Wednesday,0,0.067,0.788,0.000,0.000,0.000,0.000,0.855,
2026-05-13 01:00:00,Wednesday,1,0.076,0.908,0.000,0.000,0.000,0.000,0.984,
2026-05-13 02:00:00,Wednesday,2,0.111,0.856,0.000,0.000,0.000,0.000,0.967,
2026-05-13 03:00:00,Wednesday,3,0.082,0.800,0.000,0.000,0.000,0.000,0.882,
2026-05-13 04:00:00,Wednesday,4,0.083,1.082,0.000,0.000,0.000,0.000,1.165,
2026-05-13 05:00:00,Wednesday,5,0.073,0.887,0.000,0.000,0.000,0.000,0.960,
2026-05-13 06:00:00,Wednesday,6,0.068,1.255,0.000,0.244,0.000,0.000,1.567,
2026-05-13 07:00:00,Wednesday,7,0.073,1.210,0.000,0.321,0.000,0.000,1.604,
2026-05-13 08:00:00,Wednesday,8,0.079,1.103,0.000,0.318,0.000,0.000,1.500,
2026-05-13 09:00:00,Wednesday,9,0.093,1.068,0.000,0.000,0.173,0.000,1.334,praca zdalna
2026-05-13 10:00:00,Wednesday,10,0.084,0.816,0.000,0.000,0.136,0.000,1.036,praca zdalna
2026-05-13 11:00:00,Wednesday,11,0.080,1.031,0.000,0.000,0.126,0.000,1.237,praca zdalna
2026-05-13 12:00:00,Wednesday,12,0.093,0.902,0.000,0.498,0.188,0.538,2.219,praca zdalna; pralka
2026-05-13 13:00:00,Wednesday,13,0.067,0.937,0.000,0.000,0.133,1.396,2.533,praca zdalna; suszarka
2026-05-13 14:00:00,Wednesday,14,0.093,1.034,0.000,0.000,0.224,0.000,1.351,praca zdalna
2026-05-13 15:00:00,Wednesday,15,0.087,0.946,0.000,0.000,0.167,0.000,1.200,praca zdalna
2026-05-13 16:00:00,Wednesday,16,0.080,0.914,0.000,0.000,0.142,0.000,1.136,praca zdalna
2026-05-13 17:00:00,Wednesday,17,0.090,0.983,0.000,0.000,0.154,0.000,1.227,
2026-05-13 18:00:00,Wednesday,18,0.088,1.033,0.000,0.412,0.196,0.000,1.729,
2026-05-13 19:00:00,Wednesday,19,0.084,0.773,0.000,0.000,0.177,0.667,1.701,zmywarka
2026-05-13 20:00:00,Wednesday,20,0.076,1.058,0.000,0.000,0.199,0.000,1.333,
2026-05-13 21:00:00,Wednesday,21,0.092,1.136,0.074,0.000,0.178,0.000,1.480,
2026-05-13 22:00:00,Wednesday,22,0.079,0.830,0.049,0.000,0.148,0.000,1.106,
2026-05-13 23:00:00,Wednesday,23,0.094,0.907,0.000,0.000,0.000,0.000,1.001,
2026-05-14 00:00:00,Thursday,0,0.073,0.974,0.000,0.000,0.000,0.000,1.047,
2026-05-14 01:00:00,Thursday,1,0.105,1.003,0.000,0.000,0.000,0.000,1.108,
2026-05-14 02:00:00,Thursday,2,0.077,1.087,0.000,0.000,0.000,0.000,1.164,
2026-05-14 03:00:00,Thursday,3,0.074,1.069,0.000,0.000,0.000,0.000,1.143,
2026-05-14 04:00:00,Thursday,4,0.089,1.048,0.000,0.000,0.000,0.000,1.137,
2026-05-14 05:00:00,Thursday,5,0.098,1.147,0.000,0.000,0.000,0.000,1.245,
2026-05-14 06:00:00,Thursday,6,0.092,1.040,0.000,0.335,0.000,0.000,1.467,
2026-05-14 07:00:00,Thursday,7,0.067,0.949,0.000,0.234,0.000,0.000,1.250,
2026-05-14 08:00:00,Thursday,8,0.083,1.040,0.000,0.244,0.000,0.000,1.367,
2026-05-14 09:00:00,Thursday,9,0.087,0.830,0.000,0.000,0.192,0.000,1.109,praca zdalna
2026-05-14 10:00:00,Thursday,10,0.086,0.757,0.000,0.000,0.196,0.000,1.039,praca zdalna
2026-05-14 11:00:00,Thursday,11,0.086,0.792,0.000,0.000,0.176,0.000,1.054,praca zdalna
2026-05-14 12:00:00,Thursday,12,0.089,0.762,0.000,0.000,0.163,0.000,1.014,praca zdalna
2026-05-14 13:00:00,Thursday,13,0.079,0.666,0.000,0.304,0.187,0.000,1.236,praca zdalna
2026-05-14 14:00:00,Thursday,14,0.079,0.628,0.000,0.000,0.167,0.000,0.874,praca zdalna
2026-05-14 15:00:00,Thursday,15,0.071,0.731,0.000,0.000,0.166,0.000,0.968,praca zdalna
2026-05-14 16:00:00,Thursday,16,0.095,0.693,0.000,0.000,0.194,0.000,0.982,praca zdalna
2026-05-14 17:00:00,Thursday,17,0.070,0.682,0.000,0.000,0.152,0.000,0.904,
2026-05-14 18:00:00,Thursday,18,0.067,0.740,0.000,0.536,0.123,0.000,1.466,
2026-05-14 19:00:00,Thursday,19,0.093,0.643,0.000,0.000,0.091,0.000,0.827,
2026-05-14 20:00:00,Thursday,20,0.096,0.823,0.000,0.000,0.200,0.596,1.715,zmywarka
2026-05-14 21:00:00,Thursday,21,0.073,0.737,0.074,0.000,0.130,0.000,1.014,
2026-05-14 22:00:00,Thursday,22,0.084,0.780,0.034,0.000,0.157,0.000,1.055,
2026-05-14 23:00:00,Thursday,23,0.095,0.841,0.000,0.000,0.000,0.000,0.936,
2026-05-15 00:00:00,Friday,0,0.076,0.766,0.000,0.000,0.000,0.000,0.842,
2026-05-15 01:00:00,Friday,1,0.092,0.904,0.000,0.000,0.000,0.000,0.996,
2026-05-15 02:00:00,Friday,2,0.088,0.760,0.000,0.000,0.000,0.000,0.848,
2026-05-15 03:00:00,Friday,3,0.090,0.830,0.000,0.000,0.000,0.000,0.920,
2026-05-15 04:00:00,Friday,4,0.071,0.790,0.000,0.000,0.000,0.000,0.861,
2026-05-15 05:00:00,Friday,5,0.092,0.848,0.000,0.000,0.000,0.000,0.940,
2026-05-15 06:00:00,Friday,6,0.069,0.947,0.000,0.161,0.000,0.000,1.177,
2026-05-15 07:00:00,Friday,7,0.076,0.964,0.000,0.146,0.000,0.000,1.186,
2026-05-15 08:00:00,Friday,8,0.074,0.874,0.000,0.093,0.000,0.000,1.041,
2026-05-15 09:00:00,Friday,9,0.093,0.724,0.000,0.000,0.134,0.000,0.951,praca zdalna
2026-05-15 10:00:00,Friday,10,0.077,0.682,0.000,0.000,0.145,0.000,0.904,praca zdalna
2026-05-15 11:00:00,Friday,11,0.079,0.694,0.000,0.000,0.122,0.405,1.300,praca zdalna; pralka
2026-05-15 12:00:00,Friday,12,0.076,0.689,0.000,0.489,0.100,1.493,2.847,praca zdalna; suszarka
2026-05-15 13:00:00,Friday,13,0.078,0.622,0.000,0.000,0.124,0.000,0.824,praca zdalna
2026-05-15 14:00:00,Friday,14,0.067,0.658,0.000,0.000,0.212,0.000,0.937,praca zdalna
2026-05-15 15:00:00,Friday,15,0.085,0.593,0.000,0.000,0.190,0.000,0.868,praca zdalna
2026-05-15 16:00:00,Friday,16,0.089,0.752,0.000,0.000,0.209,0.000,1.050,praca zdalna
2026-05-15 17:00:00,Friday,17,0.088,0.728,0.000,0.000,0.096,0.000,0.912,
2026-05-15 18:00:00,Friday,18,0.071,0.661,0.000,1.090,0.182,0.000,2.004,
2026-05-15 19:00:00,Friday,19,0.092,0.670,0.000,0.000,0.154,0.713,1.629,zmywarka
2026-05-15 20:00:00,Friday,20,0.069,0.838,0.000,0.000,0.174,0.000,1.081,
2026-05-15 21:00:00,Friday,21,0.091,0.833,0.086,0.000,0.184,0.000,1.194,
2026-05-15 22:00:00,Friday,22,0.095,0.597,0.043,0.000,0.113,0.000,0.848,
2026-05-15 23:00:00,Friday,23,0.083,0.615,0.000,0.000,0.000,0.000,0.698,
2026-05-16 00:00:00,Saturday,0,0.142,0.454,0.000,0.000,0.000,0.000,0.596,tryb opieki nad psem; wyjazd / nieobecność
2026-05-16 01:00:00,Saturday,1,0.104,0.529,0.000,0.000,0.000,0.000,0.633,tryb opieki nad psem; wyjazd / nieobecność
2026-05-16 02:00:00,Saturday,2,0.132,0.626,0.000,0.000,0.000,0.000,0.758,tryb opieki nad psem; wyjazd / nieobecność
2026-05-16 03:00:00,Saturday,3,0.144,0.630,0.000,0.000,0.000,0.000,0.774,tryb opieki nad psem; wyjazd / nieobecność
2026-05-16 04:00:00,Saturday,4,0.134,0.740,0.000,0.000,0.000,0.000,0.874,tryb opieki nad psem; wyjazd / nieobecność
2026-05-16 05:00:00,Saturday,5,0.116,0.594,0.000,0.000,0.000,0.000,0.710,tryb opieki nad psem; wyjazd / nieobecność
2026-05-16 06:00:00,Saturday,6,0.115,0.705,0.000,0.000,0.000,0.000,0.820,tryb opieki nad psem; wyjazd / nieobecność
2026-05-16 07:00:00,Saturday,7,0.126,0.518,0.000,0.000,0.000,0.000,0.644,tryb opieki nad psem; wyjazd / nieobecność
2026-05-16 08:00:00,Saturday,8,0.107,0.524,0.000,0.000,0.000,0.000,0.631,tryb opieki nad psem; wyjazd / nieobecność
2026-05-16 09:00:00,Saturday,9,0.130,0.545,0.000,0.000,0.000,0.000,0.675,tryb opieki nad psem; wyjazd / nieobecność
2026-05-16 10:00:00,Saturday,10,0.121,0.565,0.000,0.000,0.000,0.000,0.686,tryb opieki nad psem; wyjazd / nieobecność
2026-05-16 11:00:00,Saturday,11,0.121,0.569,0.000,0.000,0.000,0.000,0.690,tryb opieki nad psem; wyjazd / nieobecność
2026-05-16 12:00:00,Saturday,12,0.136,0.579,0.000,0.000,0.000,0.000,0.715,tryb opieki nad psem; wyjazd / nieobecność
2026-05-16 13:00:00,Saturday,13,0.109,0.505,0.000,0.000,0.000,0.000,0.614,tryb opieki nad psem; wyjazd / nieobecność
2026-05-16 14:00:00,Saturday,14,0.131,0.533,0.000,0.000,0.000,0.000,0.664,tryb opieki nad psem; wyjazd / nieobecność
2026-05-16 15:00:00,Saturday,15,0.116,0.467,0.000,0.000,0.000,0.000,0.583,tryb opieki nad psem; wyjazd / nieobecność
2026-05-16 16:00:00,Saturday,16,0.136,0.393,0.000,0.000,0.000,0.000,0.529,tryb opieki nad psem; wyjazd / nieobecność
2026-05-16 17:00:00,Saturday,17,0.133,0.426,0.000,0.000,0.000,0.000,0.559,tryb opieki nad psem; wyjazd / nieobecność
2026-05-16 18:00:00,Saturday,18,0.124,0.413,0.000,0.000,0.000,0.000,0.537,tryb opieki nad psem; wyjazd / nieobecność
2026-05-16 19:00:00,Saturday,19,0.127,0.466,0.000,0.000,0.000,0.000,0.593,tryb opieki nad psem; wyjazd / nieobecność
2026-05-16 20:00:00,Saturday,20,0.128,0.420,0.000,0.000,0.000,0.000,0.548,tryb opieki nad psem; wyjazd / nieobecność
2026-05-16 21:00:00,Saturday,21,0.141,0.575,0.000,0.000,0.000,0.000,0.716,tryb opieki nad psem; wyjazd / nieobecność
2026-05-16 22:00:00,Saturday,22,0.127,0.553,0.000,0.000,0.000,0.000,0.680,tryb opieki nad psem; wyjazd / nieobecność
2026-05-16 23:00:00,Saturday,23,0.139,0.481,0.000,0.000,0.000,0.000,0.620,tryb opieki nad psem; wyjazd / nieobecność
2026-05-17 00:00:00,Sunday,0,0.090,0.749,0.000,0.000,0.000,0.000,0.839,
2026-05-17 01:00:00,Sunday,1,0.074,0.928,0.000,0.000,0.000,0.000,1.002,
2026-05-17 02:00:00,Sunday,2,0.089,0.889,0.000,0.000,0.000,0.000,0.978,
2026-05-17 03:00:00,Sunday,3,0.083,0.808,0.000,0.000,0.000,0.000,0.891,
2026-05-17 04:00:00,Sunday,4,0.091,0.819,0.000,0.000,0.000,0.000,0.910,
2026-05-17 05:00:00,Sunday,5,0.088,0.881,0.000,0.000,0.000,0.000,0.969,
2026-05-17 06:00:00,Sunday,6,0.075,1.018,0.000,0.304,0.000,0.000,1.397,
2026-05-17 07:00:00,Sunday,7,0.076,0.946,0.000,0.293,0.000,0.000,1.315,
2026-05-17 08:00:00,Sunday,8,0.077,0.792,0.000,0.284,0.000,0.000,1.153,
2026-05-17 09:00:00,Sunday,9,0.082,0.632,0.000,0.000,0.089,0.000,0.803,
2026-05-17 10:00:00,Sunday,10,0.068,0.776,0.000,0.000,0.122,0.000,0.966,
2026-05-17 11:00:00,Sunday,11,0.070,0.699,0.000,0.000,0.128,0.000,0.897,
2026-05-17 12:00:00,Sunday,12,0.091,0.641,0.000,0.000,0.071,0.000,0.803,
2026-05-17 13:00:00,Sunday,13,0.095,0.638,0.000,0.416,0.130,0.000,1.279,
2026-05-17 14:00:00,Sunday,14,0.080,0.506,0.000,0.000,0.126,0.627,1.339,zmywarka
2026-05-17 15:00:00,Sunday,15,0.093,0.570,0.000,0.000,0.072,0.000,0.735,
2026-05-17 16:00:00,Sunday,16,0.072,0.517,0.000,0.000,0.127,0.000,0.716,
2026-05-17 17:00:00,Sunday,17,0.077,0.627,0.000,0.000,0.128,0.000,0.832,
2026-05-17 18:00:00,Sunday,18,0.073,0.510,0.000,0.729,0.110,0.000,1.422,
2026-05-17 19:00:00,Sunday,19,0.067,0.632,0.000,0.000,0.139,0.000,0.838,
2026-05-17 20:00:00,Sunday,20,0.095,0.682,0.000,0.000,0.176,0.000,0.953,
2026-05-17 21:00:00,Sunday,21,0.080,0.724,0.179,0.000,0.196,0.000,1.179,
2026-05-17 22:00:00,Sunday,22,0.068,0.499,0.052,0.000,0.105,0.000,0.724,
2026-05-17 23:00:00,Sunday,23,0.067,0.612,0.000,0.000,0.000,0.000,0.679,
2026-05-18 00:00:00,Monday,0,0.085,0.720,0.000,0.000,0.000,0.000,0.805,
2026-05-18 01:00:00,Monday,1,0.083,0.584,0.000,0.000,0.000,0.000,0.667,
2026-05-18 02:00:00,Monday,2,0.085,0.655,0.000,0.000,0.000,0.000,0.740,
2026-05-18 03:00:00,Monday,3,0.094,0.695,0.000,0.000,0.000,0.000,0.789,
2026-05-18 04:00:00,Monday,4,0.098,0.619,0.000,0.000,0.000,0.000,0.717,
2026-05-18 05:00:00,Monday,5,0.089,0.637,0.000,0.000,0.000,0.000,0.726,
2026-05-18 06:00:00,Monday,6,0.082,0.762,0.000,0.347,0.000,0.000,1.191,
2026-05-18 07:00:00,Monday,7,0.085,0.770,0.000,0.187,0.000,0.000,1.042,
2026-05-18 08:00:00,Monday,8,0.088,0.667,0.000,0.248,0.000,0.000,1.003,
2026-05-18 09:00:00,Monday,9,0.091,0.465,0.000,0.000,0.153,0.000,0.709,praca zdalna
2026-05-18 10:00:00,Monday,10,0.078,0.424,0.000,0.000,0.168,0.000,0.670,praca zdalna
2026-05-18 11:00:00,Monday,11,0.089,0.443,0.000,0.000,0.191,0.443,1.166,praca zdalna; pralka
2026-05-18 12:00:00,Monday,12,0.094,0.373,0.000,0.000,0.110,0.000,0.577,praca zdalna
2026-05-18 13:00:00,Monday,13,0.096,0.416,0.000,0.521,0.143,0.000,1.176,praca zdalna
2026-05-18 14:00:00,Monday,14,0.085,0.346,0.000,0.000,0.169,0.000,0.600,praca zdalna
2026-05-18 15:00:00,Monday,15,0.078,0.379,0.000,0.000,0.254,0.000,0.711,praca zdalna
2026-05-18 16:00:00,Monday,16,0.091,0.385,0.000,0.000,0.151,0.000,0.627,praca zdalna
2026-05-18 17:00:00,Monday,17,0.085,0.416,0.000,0.000,0.171,0.000,0.672,
2026-05-18 18:00:00,Monday,18,0.081,0.471,0.000,0.493,0.142,0.000,1.187,
2026-05-18 19:00:00,Monday,19,0.088,0.400,0.000,0.000,0.189,0.000,0.677,
2026-05-18 20:00:00,Monday,20,0.079,0.476,0.000,0.000,0.146,0.510,1.211,zmywarka
2026-05-18 21:00:00,Monday,21,0.070,0.573,0.092,0.000,0.205,0.000,0.940,
2026-05-18 22:00:00,Monday,22,0.096,0.530,0.051,0.000,0.199,0.000,0.876,
2026-05-18 23:00:00,Monday,23,0.070,0.487,0.000,0.000,0.000,0.000,0.557,
2026-05-19 00:00:00,Tuesday,0,0.101,0.589,0.000,0.000,0.000,0.000,0.690,
2026-05-19 01:00:00,Tuesday,1,0.076,0.815,0.000,0.000,0.000,0.000,0.891,
2026-05-19 02:00:00,Tuesday,2,0.086,0.640,0.000,0.000,0.000,0.000,0.726,
2026-05-19 03:00:00,Tuesday,3,0.067,0.688,0.000,0.000,0.000,0.000,0.755,
2026-05-19 04:00:00,Tuesday,4,0.081,0.867,0.000,0.000,0.000,0.000,0.948,
2026-05-19 05:00:00,Tuesday,5,0.087,0.886,0.000,0.000,0.000,0.000,0.973,
2026-05-19 06:00:00,Tuesday,6,0.085,0.933,0.000,0.259,0.000,0.000,1.277,
2026-05-19 07:00:00,Tuesday,7,0.073,0.782,0.000,0.175,0.000,0.000,1.030,
2026-05-19 08:00:00,Tuesday,8,0.079,0.631,0.000,0.223,0.000,0.000,0.933,
2026-05-19 09:00:00,Tuesday,9,0.096,0.558,0.000,0.000,0.087,0.000,0.741,
2026-05-19 10:00:00,Tuesday,10,0.067,0.470,0.000,0.000,0.080,0.433,1.050,pralka
2026-05-19 11:00:00,Tuesday,11,0.078,0.453,0.000,0.000,0.056,1.195,1.782,suszarka
2026-05-19 12:00:00,Tuesday,12,0.092,0.503,0.000,0.399,0.071,0.000,1.065,
2026-05-19 13:00:00,Tuesday,13,0.090,0.511,0.000,0.000,0.079,0.000,0.680,
2026-05-19 14:00:00,Tuesday,14,0.070,0.464,0.000,0.000,0.064,0.000,0.598,
2026-05-19 15:00:00,Tuesday,15,0.073,0.434,0.000,0.000,0.101,0.000,0.608,
2026-05-19 16:00:00,Tuesday,16,0.085,0.394,0.000,0.000,0.066,0.000,0.545,
2026-05-19 17:00:00,Tuesday,17,0.073,0.529,0.000,0.623,0.185,0.000,1.410,
2026-05-19 18:00:00,Tuesday,18,0.092,0.449,0.000,0.000,0.206,0.000,0.747,
2026-05-19 19:00:00,Tuesday,19,0.072,0.499,0.000,0.000,0.182,0.000,0.753,
2026-05-19 20:00:00,Tuesday,20,0.090,0.542,0.000,0.000,0.106,0.547,1.285,zmywarka
2026-05-19 21:00:00,Tuesday,21,0.091,0.556,0.157,0.000,0.144,0.000,0.948,
2026-05-19 22:00:00,Tuesday,22,0.090,0.494,0.032,0.000,0.140,0.000,0.756,
2026-05-19 23:00:00,Tuesday,23,0.068,0.589,0.000,0.000,0.000,0.000,0.657,
2026-05-20 00:00:00,Wednesday,0,0.083,0.500,0.000,0.000,0.000,0.000,0.583,
2026-05-20 01:00:00,Wednesday,1,0.088,0.551,0.000,0.000,0.000,0.000,0.639,
2026-05-20 02:00:00,Wednesday,2,0.077,0.559,0.000,0.000,0.000,0.000,0.636,
2026-05-20 03:00:00,Wednesday,3,0.084,0.595,0.000,0.000,0.000,0.000,0.679,
2026-05-20 04:00:00,Wednesday,4,0.076,0.641,0.000,0.000,0.000,0.000,0.717,
2026-05-20 05:00:00,Wednesday,5,0.103,0.607,0.000,0.000,0.000,0.000,0.710,
2026-05-20 06:00:00,Wednesday,6,0.074,0.679,0.000,0.183,0.000,0.000,0.936,
2026-05-20 07:00:00,Wednesday,7,0.077,0.697,0.000,0.258,0.000,0.000,1.032,
2026-05-20 08:00:00,Wednesday,8,0.090,0.493,0.000,0.199,0.000,0.000,0.782,
2026-05-20 09:00:00,Wednesday,9,0.071,0.564,0.000,0.000,0.072,0.000,0.707,
2026-05-20 10:00:00,Wednesday,10,0.076,0.499,0.000,0.000,0.088,0.000,0.663,
2026-05-20 11:00:00,Wednesday,11,0.074,0.466,0.000,0.000,0.088,0.000,0.628,
2026-05-20 12:00:00,Wednesday,12,0.079,0.462,0.000,0.515,0.055,0.000,1.111,
2026-05-20 13:00:00,Wednesday,13,0.076,0.459,0.000,0.000,0.088,0.000,0.623,
2026-05-20 14:00:00,Wednesday,14,0.067,0.465,0.000,0.000,0.063,0.000,0.595,
2026-05-20 15:00:00,Wednesday,15,0.079,0.529,0.000,0.000,0.074,0.000,0.682,
2026-05-20 16:00:00,Wednesday,16,0.085,0.609,0.000,0.000,0.115,0.000,0.809,
2026-05-20 17:00:00,Wednesday,17,0.071,0.529,0.000,0.000,0.170,0.000,0.770,
2026-05-20 18:00:00,Wednesday,18,0.082,0.552,0.000,1.057,0.200,0.000,1.891,
2026-05-20 19:00:00,Wednesday,19,0.074,0.659,0.000,0.000,0.100,0.627,1.460,zmywarka
2026-05-20 20:00:00,Wednesday,20,0.077,0.592,0.000,0.000,0.091,0.000,0.760,
2026-05-20 21:00:00,Wednesday,21,0.080,0.577,0.146,0.000,0.130,0.000,0.933,
2026-05-20 22:00:00,Wednesday,22,0.079,0.496,0.089,0.000,0.172,0.000,0.836,
2026-05-20 23:00:00,Wednesday,23,0.073,0.452,0.000,0.000,0.000,0.000,0.525,
2026-05-21 00:00:00,Thursday,0,0.067,0.514,0.000,0.000,0.000,0.000,0.581,
2026-05-21 01:00:00,Thursday,1,0.093,0.545,0.000,0.000,0.000,0.000,0.638,
2026-05-21 02:00:00,Thursday,2,0.088,0.535,0.000,0.000,0.000,0.000,0.623,
2026-05-21 03:00:00,Thursday,3,0.101,0.580,0.000,0.000,0.000,0.000,0.681,
2026-05-21 04:00:00,Thursday,4,0.088,0.601,0.000,0.000,0.000,0.000,0.689,
2026-05-21 05:00:00,Thursday,5,0.074,0.728,0.000,0.000,0.000,0.000,0.802,
2026-05-21 06:00:00,Thursday,6,0.088,0.787,0.000,0.191,0.000,0.000,1.066,
2026-05-21 07:00:00,Thursday,7,0.085,0.583,0.000,0.241,0.000,0.000,0.909,
2026-05-21 08:00:00,Thursday,8,0.081,0.610,0.000,0.311,0.000,0.000,1.002,
2026-05-21 09:00:00,Thursday,9,0.087,0.444,0.000,0.000,0.088,0.000,0.619,
2026-05-21 10:00:00,Thursday,10,0.082,0.479,0.000,0.000,0.056,0.000,0.617,
2026-05-21 11:00:00,Thursday,11,0.077,0.323,0.000,0.000,0.049,0.403,0.852,pralka
2026-05-21 12:00:00,Thursday,12,0.082,0.411,0.000,0.325,0.073,0.000,0.891,
2026-05-21 13:00:00,Thursday,13,0.095,0.368,0.000,0.000,0.076,0.000,0.539,
2026-05-21 14:00:00,Thursday,14,0.074,0.353,0.000,0.000,0.111,0.000,0.538,
2026-05-21 15:00:00,Thursday,15,0.068,0.257,0.000,0.000,0.140,0.000,0.465,
2026-05-21 16:00:00,Thursday,16,0.088,0.245,0.000,0.000,0.050,0.000,0.383,
2026-05-21 17:00:00,Thursday,17,0.090,0.147,0.000,0.000,0.187,0.000,0.424,
2026-05-21 18:00:00,Thursday,18,0.079,0.229,0.000,0.532,0.135,0.000,0.975,
2026-05-21 19:00:00,Thursday,19,0.077,0.249,0.000,0.000,0.120,0.000,0.446,
2026-05-21 20:00:00,Thursday,20,0.082,0.299,0.000,0.000,0.159,0.614,1.154,zmywarka
2026-05-21 21:00:00,Thursday,21,0.095,0.339,0.167,0.000,0.166,0.000,0.767,
2026-05-21 22:00:00,Thursday,22,0.068,0.331,0.057,0.000,0.099,0.000,0.555,
2026-05-21 23:00:00,Thursday,23,0.071,0.405,0.000,0.000,0.000,0.000,0.476,
2026-05-22 00:00:00,Friday,0,0.095,0.421,0.000,0.000,0.000,0.000,0.516,
2026-05-22 01:00:00,Friday,1,0.086,0.575,0.000,0.000,0.000,0.000,0.661,
2026-05-22 02:00:00,Friday,2,0.094,0.588,0.000,0.000,0.000,0.000,0.682,
2026-05-22 03:00:00,Friday,3,0.086,0.628,0.000,0.000,0.000,0.000,0.714,
2026-05-22 04:00:00,Friday,4,0.090,0.648,0.000,0.000,0.000,0.000,0.738,
2026-05-22 05:00:00,Friday,5,0.103,0.568,0.000,0.000,0.000,0.000,0.671,
2026-05-22 06:00:00,Friday,6,0.071,0.617,0.000,0.253,0.000,0.000,0.941,
2026-05-22 07:00:00,Friday,7,0.067,0.577,0.000,0.268,0.000,0.000,0.912,
2026-05-22 08:00:00,Friday,8,0.092,0.535,0.000,0.223,0.000,0.000,0.850,
2026-05-22 09:00:00,Friday,9,0.077,0.380,0.000,0.000,0.062,0.000,0.519,
2026-05-22 10:00:00,Friday,10,0.078,0.337,0.000,0.000,0.080,0.000,0.495,
2026-05-22 11:00:00,Friday,11,0.084,0.267,0.000,0.000,0.054,0.000,0.405,
2026-05-22 12:00:00,Friday,12,0.073,0.344,0.000,0.000,0.081,0.000,0.498,
2026-05-22 13:00:00,Friday,13,0.077,0.316,0.000,0.339,0.088,0.000,0.820,
2026-05-22 14:00:00,Friday,14,0.077,0.289,0.000,0.000,0.100,0.000,0.466,
2026-05-22 15:00:00,Friday,15,0.085,0.214,0.000,0.000,0.143,0.000,0.442,
2026-05-22 16:00:00,Friday,16,0.088,0.237,0.000,0.000,0.119,0.000,0.444,
2026-05-22 17:00:00,Friday,17,0.094,0.166,0.000,0.400,0.105,0.000,0.765,
2026-05-22 18:00:00,Friday,18,0.086,0.136,0.000,0.000,0.127,0.000,0.349,
2026-05-22 19:00:00,Friday,19,0.091,0.131,0.000,0.000,0.150,0.000,0.372,
2026-05-22 20:00:00,Friday,20,0.070,0.176,0.000,0.000,0.174,0.666,1.086,zmywarka
2026-05-22 21:00:00,Friday,21,0.085,0.292,0.159,0.000,0.122,0.000,0.658,
2026-05-22 22:00:00,Friday,22,0.071,0.248,0.046,0.000,0.187,0.000,0.552,
2026-05-22 23:00:00,Friday,23,0.083,0.266,0.000,0.000,0.000,0.000,0.349,
2026-05-23 00:00:00,Saturday,0,0.095,0.332,0.000,0.000,0.000,0.000,0.427,
2026-05-23 01:00:00,Saturday,1,0.091,0.358,0.000,0.000,0.000,0.000,0.449,
2026-05-23 02:00:00,Saturday,2,0.092,0.439,0.000,0.000,0.000,0.000,0.531,
2026-05-23 03:00:00,Saturday,3,0.076,0.455,0.000,0.000,0.000,0.000,0.531,
2026-05-23 04:00:00,Saturday,4,0.097,0.437,0.000,0.000,0.000,0.000,0.534,
2026-05-23 05:00:00,Saturday,5,0.095,0.441,0.000,0.000,0.000,0.000,0.536,
2026-05-23 06:00:00,Saturday,6,0.089,0.518,0.000,0.268,0.000,0.000,0.875,
2026-05-23 07:00:00,Saturday,7,0.087,0.424,0.000,0.251,0.000,0.000,0.762,
2026-05-23 08:00:00,Saturday,8,0.091,0.350,0.000,0.209,0.000,0.000,0.650,
2026-05-23 09:00:00,Saturday,9,0.073,0.307,0.000,0.000,0.148,0.000,0.528,
2026-05-23 10:00:00,Saturday,10,0.074,0.223,0.000,0.000,0.145,0.563,1.005,pralka
2026-05-23 11:00:00,Saturday,11,0.071,0.190,0.000,0.000,0.085,1.093,1.439,suszarka
2026-05-23 12:00:00,Saturday,12,0.076,0.149,0.000,0.770,0.059,0.000,1.054,
2026-05-23 13:00:00,Saturday,13,0.086,0.000,0.000,0.000,0.079,0.000,0.165,
2026-05-23 14:00:00,Saturday,14,0.092,0.000,0.000,0.000,0.083,0.514,0.689,zmywarka
2026-05-23 15:00:00,Saturday,15,0.074,0.000,0.000,0.000,0.079,0.000,0.153,
2026-05-23 16:00:00,Saturday,16,0.083,0.000,0.000,0.000,0.085,0.000,0.168,
2026-05-23 17:00:00,Saturday,17,0.090,0.000,0.000,0.000,0.139,0.000,0.229,
2026-05-23 18:00:00,Saturday,18,0.078,0.000,0.000,0.722,0.107,0.000,0.907,
2026-05-23 19:00:00,Saturday,19,0.092,0.000,0.000,0.000,0.193,0.000,0.285,
2026-05-23 20:00:00,Saturday,20,0.074,0.000,0.000,0.000,0.158,0.000,0.232,
2026-05-23 21:00:00,Saturday,21,0.070,0.000,0.079,0.000,0.097,0.000,0.246,
2026-05-23 22:00:00,Saturday,22,0.069,0.000,0.074,0.000,0.109,0.000,0.252,
2026-05-23 23:00:00,Saturday,23,0.096,0.000,0.000,0.000,0.000,0.000,0.096,
2026-05-24 00:00:00,Sunday,0,0.105,0.000,0.000,0.000,0.000,0.000,0.105,
2026-05-24 01:00:00,Sunday,1,0.091,0.155,0.000,0.000,0.000,0.000,0.246,
2026-05-24 02:00:00,Sunday,2,0.084,0.239,0.000,0.000,0.000,0.000,0.323,
2026-05-24 03:00:00,Sunday,3,0.096,0.302,0.000,0.000,0.000,0.000,0.398,
2026-05-24 04:00:00,Sunday,4,0.071,0.350,0.000,0.000,0.000,0.000,0.421,
2026-05-24 05:00:00,Sunday,5,0.070,0.431,0.000,0.000,0.000,0.000,0.501,
2026-05-24 06:00:00,Sunday,6,0.068,0.514,0.000,0.335,0.000,0.000,0.917,
2026-05-24 07:00:00,Sunday,7,0.086,0.529,0.000,0.331,0.000,0.000,0.946,
2026-05-24 08:00:00,Sunday,8,0.086,0.400,0.000,0.251,0.000,0.000,0.737,
2026-05-24 09:00:00,Sunday,9,0.066,0.377,0.000,0.000,0.058,0.000,0.501,
2026-05-24 10:00:00,Sunday,10,0.091,0.299,0.000,0.000,0.104,0.000,0.494,
2026-05-24 11:00:00,Sunday,11,0.079,0.240,0.000,0.000,0.062,0.000,0.381,
2026-05-24 12:00:00,Sunday,12,0.090,0.177,0.000,0.000,0.047,0.000,0.314,
2026-05-24 13:00:00,Sunday,13,0.067,0.207,0.000,0.643,0.043,0.655,1.615,zmywarka
2026-05-24 14:00:00,Sunday,14,0.091,0.145,0.000,0.000,0.113,0.000,0.349,
2026-05-24 15:00:00,Sunday,15,0.087,0.139,0.000,0.000,0.090,0.000,0.316,
2026-05-24 16:00:00,Sunday,16,0.092,0.119,0.000,0.000,0.142,0.000,0.353,
2026-05-24 17:00:00,Sunday,17,0.069,0.146,0.000,0.000,0.206,0.000,0.421,
2026-05-24 18:00:00,Sunday,18,0.085,0.142,0.000,0.658,0.176,0.000,1.061,
2026-05-24 19:00:00,Sunday,19,0.083,0.163,0.000,0.000,0.107,0.000,0.353,
2026-05-24 20:00:00,Sunday,20,0.072,0.190,0.000,0.000,0.098,0.000,0.360,
2026-05-24 21:00:00,Sunday,21,0.070,0.216,0.105,0.000,0.123,0.000,0.514,
2026-05-24 22:00:00,Sunday,22,0.079,0.179,0.061,0.000,0.155,0.000,0.474,
2026-05-24 23:00:00,Sunday,23,0.081,0.185,0.000,0.000,0.000,0.000,0.266,
2026-05-25 00:00:00,Monday,0,0.083,0.225,0.000,0.000,0.000,0.000,0.308,
2026-05-25 01:00:00,Monday,1,0.087,0.274,0.000,0.000,0.000,0.000,0.361,
2026-05-25 02:00:00,Monday,2,0.103,0.352,0.000,0.000,0.000,0.000,0.455,
2026-05-25 03:00:00,Monday,3,0.088,0.361,0.000,0.000,0.000,0.000,0.449,
2026-05-25 04:00:00,Monday,4,0.087,0.430,0.000,0.000,0.000,0.000,0.517,
2026-05-25 05:00:00,Monday,5,0.077,0.464,0.000,0.000,0.000,0.000,0.541,
2026-05-25 06:00:00,Monday,6,0.077,0.493,0.000,0.174,0.000,0.000,0.744,
2026-05-25 07:00:00,Monday,7,0.079,0.493,0.000,0.302,0.000,0.000,0.874,
2026-05-25 08:00:00,Monday,8,0.093,0.292,0.000,0.282,0.000,0.000,0.667,
2026-05-25 09:00:00,Monday,9,0.079,0.255,0.000,0.000,0.167,0.000,0.501,praca zdalna
2026-05-25 10:00:00,Monday,10,0.074,0.143,0.000,0.000,0.145,0.000,0.362,praca zdalna
2026-05-25 11:00:00,Monday,11,0.089,0.000,0.000,0.000,0.149,0.000,0.238,praca zdalna
2026-05-25 12:00:00,Monday,12,0.089,0.000,0.000,0.000,0.136,0.000,0.225,praca zdalna
2026-05-25 13:00:00,Monday,13,0.074,0.000,0.000,0.327,0.169,0.000,0.570,praca zdalna
2026-05-25 14:00:00,Monday,14,0.092,0.905,0.000,0.000,0.161,0.000,1.158,praca zdalna
2026-05-25 15:00:00,Monday,15,0.070,0.712,0.000,0.000,0.206,0.000,0.988,praca zdalna
2026-05-25 16:00:00,Monday,16,0.084,1.172,0.000,0.000,0.197,0.000,1.453,praca zdalna
2026-05-25 17:00:00,Monday,17,0.068,0.806,0.000,0.000,0.125,0.000,0.999,
2026-05-25 18:00:00,Monday,18,0.085,1.085,0.000,0.579,0.106,0.000,1.855,
2026-05-25 19:00:00,Monday,19,0.078,0.803,0.000,0.000,0.118,0.543,1.542,zmywarka
2026-05-25 20:00:00,Monday,20,0.068,0.000,0.000,0.000,0.198,0.000,0.266,
2026-05-25 21:00:00,Monday,21,0.068,0.000,0.104,0.000,0.198,0.000,0.370,
2026-05-25 22:00:00,Monday,22,0.077,0.000,0.054,0.000,0.158,0.000,0.289,
2026-05-25 23:00:00,Monday,23,0.098,0.000,0.000,0.000,0.000,0.000,0.098,
2026-05-26 00:00:00,Tuesday,0,0.089,0.000,0.000,0.000,0.000,0.000,0.089,
2026-05-26 01:00:00,Tuesday,1,0.088,0.160,0.000,0.000,0.000,0.000,0.248,
2026-05-26 02:00:00,Tuesday,2,0.069,0.220,0.000,0.000,0.000,0.000,0.289,
2026-05-26 03:00:00,Tuesday,3,0.083,0.221,0.000,0.000,0.000,0.000,0.304,
2026-05-26 04:00:00,Tuesday,4,0.075,0.260,0.000,0.000,0.000,0.000,0.335,
2026-05-26 05:00:00,Tuesday,5,0.086,0.346,0.000,0.000,0.000,0.000,0.432,
2026-05-26 06:00:00,Tuesday,6,0.073,0.353,0.000,0.280,0.000,0.000,0.706,
2026-05-26 07:00:00,Tuesday,7,0.089,0.320,0.000,0.313,0.000,0.000,0.722,
2026-05-26 08:00:00,Tuesday,8,0.089,0.270,0.000,0.194,0.000,0.000,0.553,
2026-05-26 09:00:00,Tuesday,9,0.067,0.161,0.000,0.000,0.131,0.000,0.359,praca zdalna
2026-05-26 10:00:00,Tuesday,10,0.092,0.000,0.000,0.000,0.103,0.445,0.640,praca zdalna; pralka
2026-05-26 11:00:00,Tuesday,11,0.094,0.000,0.000,0.000,0.151,1.276,1.521,praca zdalna; suszarka
2026-05-26 12:00:00,Tuesday,12,0.073,0.000,0.000,0.000,0.189,0.000,0.262,praca zdalna
2026-05-26 13:00:00,Tuesday,13,0.068,1.012,0.000,0.212,0.159,0.000,1.451,praca zdalna
2026-05-26 14:00:00,Tuesday,14,0.081,0.557,0.000,0.000,0.173,0.000,0.811,praca zdalna
2026-05-26 15:00:00,Tuesday,15,0.089,0.988,0.000,0.000,0.172,0.000,1.249,praca zdalna
2026-05-26 16:00:00,Tuesday,16,0.085,0.989,0.000,0.000,0.243,0.000,1.317,praca zdalna
2026-05-26 17:00:00,Tuesday,17,0.089,1.139,0.000,0.496,0.108,0.000,1.832,
2026-05-26 18:00:00,Tuesday,18,0.093,0.540,0.000,0.000,0.191,0.000,0.824,
2026-05-26 19:00:00,Tuesday,19,0.082,0.000,0.000,0.000,0.173,0.000,0.255,
2026-05-26 20:00:00,Tuesday,20,0.083,0.000,0.000,0.000,0.182,0.622,0.887,zmywarka
2026-05-26 21:00:00,Tuesday,21,0.092,0.153,0.144,0.000,0.098,0.000,0.487,
2026-05-26 22:00:00,Tuesday,22,0.077,0.155,0.074,0.000,0.099,0.000,0.405,
2026-05-26 23:00:00,Tuesday,23,0.081,0.235,0.000,0.000,0.000,0.000,0.316,
2026-05-27 00:00:00,Wednesday,0,0.097,0.314,0.000,0.000,0.000,0.000,0.411,
2026-05-27 01:00:00,Wednesday,1,0.102,0.431,0.000,0.000,0.000,0.000,0.533,
2026-05-27 02:00:00,Wednesday,2,0.086,0.525,0.000,0.000,0.000,0.000,0.611,
2026-05-27 03:00:00,Wednesday,3,0.075,0.579,0.000,0.000,0.000,0.000,0.654,
2026-05-27 04:00:00,Wednesday,4,0.077,0.505,0.000,0.000,0.000,0.000,0.582,
2026-05-27 05:00:00,Wednesday,5,0.087,0.662,0.000,0.000,0.000,0.000,0.749,
2026-05-27 06:00:00,Wednesday,6,0.091,0.677,0.000,0.356,0.000,0.000,1.124,
2026-05-27 07:00:00,Wednesday,7,0.093,0.530,0.000,0.205,0.000,0.000,0.828,
2026-05-27 08:00:00,Wednesday,8,0.088,0.506,0.000,0.268,0.000,0.000,0.862,
2026-05-27 09:00:00,Wednesday,9,0.082,0.355,0.000,0.000,0.072,0.000,0.509,
2026-05-27 10:00:00,Wednesday,10,0.080,0.302,0.000,0.000,0.055,0.000,0.437,
2026-05-27 11:00:00,Wednesday,11,0.083,0.293,0.000,0.000,0.089,0.569,1.034,pralka
2026-05-27 12:00:00,Wednesday,12,0.081,0.232,0.000,0.000,0.070,1.343,1.726,suszarka
2026-05-27 13:00:00,Wednesday,13,0.067,0.272,0.000,0.352,0.064,0.000,0.755,
2026-05-27 14:00:00,Wednesday,14,0.077,0.184,0.000,0.000,0.049,0.000,0.310,
2026-05-27 15:00:00,Wednesday,15,0.091,0.221,0.000,0.000,0.065,0.000,0.377,
2026-05-27 16:00:00,Wednesday,16,0.083,0.233,0.000,0.000,0.133,0.000,0.449,
2026-05-27 17:00:00,Wednesday,17,0.075,0.222,0.000,0.440,0.149,0.000,0.886,
2026-05-27 18:00:00,Wednesday,18,0.084,0.227,0.000,0.000,0.210,0.000,0.521,
2026-05-27 19:00:00,Wednesday,19,0.082,0.245,0.000,0.000,0.127,0.000,0.454,
2026-05-27 20:00:00,Wednesday,20,0.086,0.352,0.000,0.000,0.140,0.000,0.578,
2026-05-27 21:00:00,Wednesday,21,0.071,0.401,0.086,0.000,0.090,0.000,0.648,
2026-05-27 22:00:00,Wednesday,22,0.067,0.388,0.032,0.000,0.122,0.000,0.609,
2026-05-27 23:00:00,Wednesday,23,0.073,0.350,0.000,0.000,0.000,0.000,0.423,
2026-05-28 00:00:00,Thursday,0,0.086,0.511,0.000,0.000,0.000,0.000,0.597,
2026-05-28 01:00:00,Thursday,1,0.076,0.504,0.000,0.000,0.000,0.000,0.580,
2026-05-28 02:00:00,Thursday,2,0.080,0.609,0.000,0.000,0.000,0.000,0.689,
2026-05-28 03:00:00,Thursday,3,0.076,0.605,0.000,0.000,0.000,0.000,0.681,
2026-05-28 04:00:00,Thursday,4,0.068,0.683,0.000,0.000,0.000,0.000,0.751,
2026-05-28 05:00:00,Thursday,5,0.094,0.688,0.000,0.000,0.000,0.000,0.782,
2026-05-28 06:00:00,Thursday,6,0.071,0.784,0.000,0.184,0.000,0.000,1.039,
2026-05-28 07:00:00,Thursday,7,0.080,0.697,0.000,0.170,0.000,0.000,0.947,
2026-05-28 08:00:00,Thursday,8,0.079,0.608,0.000,0.220,0.000,0.000,0.907,
2026-05-28 09:00:00,Thursday,9,0.081,0.495,0.000,0.000,0.086,0.000,0.662,
2026-05-28 10:00:00,Thursday,10,0.085,0.352,0.000,0.000,0.073,0.000,0.510,
2026-05-28 11:00:00,Thursday,11,0.076,0.239,0.000,0.000,0.088,0.567,0.970,pralka
2026-05-28 12:00:00,Thursday,12,0.080,0.144,0.000,0.000,0.050,1.494,1.768,suszarka
2026-05-28 13:00:00,Thursday,13,0.067,0.000,0.000,0.198,0.070,0.000,0.335,
2026-05-28 14:00:00,Thursday,14,0.088,0.000,0.000,0.000,0.090,0.000,0.178,
2026-05-28 15:00:00,Thursday,15,0.091,0.000,0.000,0.000,0.140,0.000,0.231,
2026-05-28 16:00:00,Thursday,16,0.091,0.000,0.000,0.000,0.058,0.000,0.149,
2026-05-28 17:00:00,Thursday,17,0.090,0.000,0.000,0.000,0.170,0.000,0.260,
2026-05-28 18:00:00,Thursday,18,0.095,0.136,0.000,0.416,0.197,0.000,0.844,
2026-05-28 19:00:00,Thursday,19,0.071,0.191,0.000,0.000,0.149,0.000,0.411,
2026-05-28 20:00:00,Thursday,20,0.077,0.197,0.000,0.000,0.188,0.719,1.181,zmywarka
2026-05-28 21:00:00,Thursday,21,0.086,0.325,0.130,0.000,0.121,0.000,0.662,
2026-05-28 22:00:00,Thursday,22,0.073,0.230,0.079,0.000,0.122,0.000,0.504,
2026-05-28 23:00:00,Thursday,23,0.078,0.294,0.000,0.000,0.000,0.000,0.372,
2026-05-29 00:00:00,Friday,0,0.095,0.347,0.000,0.000,0.000,0.000,0.442,
2026-05-29 01:00:00,Friday,1,0.086,0.416,0.000,0.000,0.000,0.000,0.502,
2026-05-29 02:00:00,Friday,2,0.092,0.604,0.000,0.000,0.000,0.000,0.696,
2026-05-29 03:00:00,Friday,3,0.082,0.579,0.000,0.000,0.000,0.000,0.661,
2026-05-29 04:00:00,Friday,4,0.097,0.599,0.000,0.000,0.000,0.000,0.696,
2026-05-29 05:00:00,Friday,5,0.067,0.508,0.000,0.000,0.000,0.000,0.575,
2026-05-29 06:00:00,Friday,6,0.068,0.514,0.000,0.144,0.000,0.000,0.726,
2026-05-29 07:00:00,Friday,7,0.074,0.475,0.000,0.257,0.000,0.000,0.806,
2026-05-29 08:00:00,Friday,8,0.094,0.434,0.000,0.167,0.000,0.000,0.695,
2026-05-29 09:00:00,Friday,9,0.086,0.379,0.000,0.000,0.172,0.000,0.637,praca zdalna
2026-05-29 10:00:00,Friday,10,0.069,0.289,0.000,0.000,0.141,0.000,0.499,praca zdalna
2026-05-29 11:00:00,Friday,11,0.068,0.166,0.000,0.000,0.190,0.000,0.424,praca zdalna
2026-05-29 12:00:00,Friday,12,0.088,0.000,0.000,0.000,0.170,0.000,0.258,praca zdalna
2026-05-29 13:00:00,Friday,13,0.082,0.000,0.000,0.370,0.139,0.000,0.591,praca zdalna
2026-05-29 14:00:00,Friday,14,0.089,0.000,0.000,0.000,0.125,0.000,0.214,praca zdalna
2026-05-29 15:00:00,Friday,15,0.073,0.000,0.000,0.000,0.209,0.000,0.282,praca zdalna
2026-05-29 16:00:00,Friday,16,0.071,0.000,0.000,0.000,0.127,0.000,0.198,praca zdalna
2026-05-29 17:00:00,Friday,17,0.079,0.000,0.000,0.522,0.134,0.000,0.735,
2026-05-29 18:00:00,Friday,18,0.070,0.000,0.000,0.000,0.175,0.000,0.245,
2026-05-29 19:00:00,Friday,19,0.085,0.154,0.000,0.000,0.143,0.000,0.382,
2026-05-29 20:00:00,Friday,20,0.072,0.136,0.000,0.000,0.136,0.598,0.942,zmywarka
2026-05-29 21:00:00,Friday,21,0.085,0.172,0.118,0.000,0.175,0.000,0.550,
2026-05-29 22:00:00,Friday,22,0.073,0.000,0.071,0.000,0.140,0.000,0.284,
2026-05-29 23:00:00,Friday,23,0.083,0.000,0.000,0.000,0.000,0.000,0.083,
2026-05-30 00:00:00,Saturday,0,0.089,0.000,0.000,0.000,0.000,0.000,0.089,
2026-05-30 01:00:00,Saturday,1,0.094,0.161,0.000,0.000,0.000,0.000,0.255,
2026-05-30 02:00:00,Saturday,2,0.095,0.199,0.000,0.000,0.000,0.000,0.294,
2026-05-30 03:00:00,Saturday,3,0.083,0.297,0.000,0.000,0.000,0.000,0.380,
2026-05-30 04:00:00,Saturday,4,0.070,0.307,0.000,0.000,0.000,0.000,0.377,
2026-05-30 05:00:00,Saturday,5,0.067,0.344,0.000,0.000,0.000,0.000,0.411,
2026-05-30 06:00:00,Saturday,6,0.082,0.457,0.000,0.330,0.000,0.000,0.869,
2026-05-30 07:00:00,Saturday,7,0.085,0.399,0.000,0.234,0.000,0.000,0.718,
2026-05-30 08:00:00,Saturday,8,0.092,0.366,0.000,0.256,0.000,0.000,0.714,
2026-05-30 09:00:00,Saturday,9,0.088,0.289,0.000,0.000,0.105,0.599,1.081,pralka
2026-05-30 10:00:00,Saturday,10,0.073,0.248,0.000,0.000,0.117,1.192,1.630,suszarka
2026-05-30 11:00:00,Saturday,11,0.077,0.217,0.000,0.000,0.094,0.000,0.388,
2026-05-30 12:00:00,Saturday,12,0.076,0.167,0.000,0.000,0.044,0.000,0.287,
2026-05-30 13:00:00,Saturday,13,0.094,0.151,0.000,0.437,0.034,0.564,1.280,zmywarka
2026-05-30 14:00:00,Saturday,14,0.090,0.000,0.000,0.000,0.060,0.000,0.150,
2026-05-30 15:00:00,Saturday,15,0.092,0.000,0.000,0.000,0.047,0.000,0.139,
2026-05-30 16:00:00,Saturday,16,0.071,0.000,0.000,0.000,0.043,0.000,0.114,
2026-05-30 17:00:00,Saturday,17,0.082,0.000,0.000,0.000,0.110,0.000,0.192,
2026-05-30 18:00:00,Saturday,18,0.074,0.147,0.000,0.362,0.139,0.000,0.722,
2026-05-30 19:00:00,Saturday,19,0.071,0.222,0.000,0.000,0.142,0.000,0.435,
2026-05-30 20:00:00,Saturday,20,0.094,0.256,0.000,0.000,0.125,0.000,0.475,
2026-05-30 21:00:00,Saturday,21,0.069,0.338,0.062,0.000,0.093,0.000,0.562,
2026-05-30 22:00:00,Saturday,22,0.068,0.288,0.049,0.000,0.194,0.000,0.599,
2026-05-30 23:00:00,Saturday,23,0.078,0.286,0.000,0.000,0.000,0.000,0.364,
2026-05-31 00:00:00,Sunday,0,0.086,0.377,0.000,0.000,0.000,0.000,0.463,
2026-05-31 01:00:00,Sunday,1,0.087,0.417,0.000,0.000,0.000,0.000,0.504,
2026-05-31 02:00:00,Sunday,2,0.075,0.430,0.000,0.000,0.000,0.000,0.505,
2026-05-31 03:00:00,Sunday,3,0.090,0.377,0.000,0.000,0.000,0.000,0.467,
2026-05-31 04:00:00,Sunday,4,0.068,0.397,0.000,0.000,0.000,0.000,0.465,
2026-05-31 05:00:00,Sunday,5,0.094,0.485,0.000,0.000,0.000,0.000,0.579,
2026-05-31 06:00:00,Sunday,6,0.074,0.548,0.000,0.310,0.000,0.000,0.932,
2026-05-31 07:00:00,Sunday,7,0.077,0.589,0.000,0.260,0.000,0.000,0.926,
2026-05-31 08:00:00,Sunday,8,0.085,0.511,0.000,0.300,0.000,0.000,0.896,
2026-05-31 09:00:00,Sunday,9,0.081,0.414,0.000,0.000,0.043,0.000,0.538,
2026-05-31 10:00:00,Sunday,10,0.080,0.338,0.000,0.000,0.048,0.000,0.466,
2026-05-31 11:00:00,Sunday,11,0.069,0.305,0.000,0.000,0.103,0.000,0.477,
2026-05-31 12:00:00,Sunday,12,0.088,0.233,0.000,0.790,0.128,0.000,1.239,
2026-05-31 13:00:00,Sunday,13,0.071,0.274,0.000,0.000,0.068,0.000,0.413,
2026-05-31 14:00:00,Sunday,14,0.072,0.251,0.000,0.000,0.037,0.677,1.037,zmywarka
2026-05-31 15:00:00,Sunday,15,0.087,0.287,0.000,0.000,0.119,0.000,0.493,
2026-05-31 16:00:00,Sunday,16,0.073,0.337,0.000,0.000,0.125,0.000,0.535,
2026-05-31 17:00:00,Sunday,17,0.093,0.337,0.000,0.563,0.149,0.000,1.142,
2026-05-31 18:00:00,Sunday,18,0.074,0.379,0.000,0.000,0.155,0.000,0.608,
2026-05-31 19:00:00,Sunday,19,0.080,0.448,0.000,0.000,0.173,0.000,0.701,
2026-05-31 20:00:00,Sunday,20,0.087,0.389,0.000,0.000,0.108,0.000,0.584,
2026-05-31 21:00:00,Sunday,21,0.093,0.436,0.146,0.000,0.143,0.000,0.818,
2026-05-31 22:00:00,Sunday,22,0.089,0.346,0.057,0.000,0.203,0.000,0.695,
2026-05-31 23:00:00,Sunday,23,0.088,0.363,0.000,0.000,0.000,0.000,0.451,
2026-06-01 00:00:00,Monday,0,0.092,0.416,0.000,0.000,0.000,0.000,0.508,
2026-06-01 01:00:00,Monday,1,0.070,0.369,0.000,0.000,0.000,0.000,0.439,
2026-06-01 02:00:00,Monday,2,0.092,0.476,0.000,0.000,0.000,0.000,0.568,
2026-06-01 03:00:00,Monday,3,0.085,0.422,0.000,0.000,0.000,0.000,0.507,
2026-06-01 04:00:00,Monday,4,0.090,0.437,0.000,0.000,0.000,0.000,0.527,
2026-06-01 05:00:00,Monday,5,0.085,0.448,0.000,0.000,0.000,0.000,0.533,
2026-06-01 06:00:00,Monday,6,0.089,0.469,0.000,0.293,0.000,0.000,0.851,
2026-06-01 07:00:00,Monday,7,0.072,0.413,0.000,0.152,0.000,0.000,0.637,
2026-06-01 08:00:00,Monday,8,0.077,0.362,0.000,0.223,0.000,0.000,0.662,
2026-06-01 09:00:00,Monday,9,0.087,0.412,0.000,0.000,0.125,0.000,0.624,praca zdalna
2026-06-01 10:00:00,Monday,10,0.094,0.337,0.000,0.000,0.178,0.000,0.609,praca zdalna
2026-06-01 11:00:00,Monday,11,0.067,0.323,0.000,0.000,0.138,0.000,0.528,praca zdalna
2026-06-01 12:00:00,Monday,12,0.073,0.195,0.000,0.000,0.184,0.000,0.452,praca zdalna
2026-06-01 13:00:00,Monday,13,0.076,0.223,0.000,0.314,0.146,0.000,0.759,praca zdalna
2026-06-01 14:00:00,Monday,14,0.073,0.197,0.000,0.000,0.190,0.000,0.460,praca zdalna
2026-06-01 15:00:00,Monday,15,0.088,0.186,0.000,0.000,0.242,0.000,0.516,praca zdalna
2026-06-01 16:00:00,Monday,16,0.088,0.200,0.000,0.000,0.196,0.000,0.484,praca zdalna
2026-06-01 17:00:00,Monday,17,0.088,0.194,0.000,0.386,0.186,0.000,0.854,
2026-06-01 18:00:00,Monday,18,0.095,0.217,0.000,0.000,0.182,0.000,0.494,
2026-06-01 19:00:00,Monday,19,0.075,0.164,0.000,0.000,0.154,0.550,0.943,zmywarka
2026-06-01 20:00:00,Monday,20,0.082,0.216,0.000,0.000,0.122,0.000,0.420,
2026-06-01 21:00:00,Monday,21,0.079,0.214,0.000,0.000,0.190,0.000,0.483,
2026-06-01 22:00:00,Monday,22,0.076,0.197,0.036,0.000,0.145,0.000,0.454,
2026-06-01 23:00:00,Monday,23,0.088,0.181,0.000,0.000,0.000,0.000,0.269,
2026-06-02 00:00:00,Tuesday,0,0.084,0.248,0.000,0.000,0.000,0.000,0.332,
2026-06-02 01:00:00,Tuesday,1,0.077,0.294,0.000,0.000,0.000,0.000,0.371,
2026-06-02 02:00:00,Tuesday,2,0.080,0.347,0.000,0.000,0.000,0.000,0.427,
2026-06-02 03:00:00,Tuesday,3,0.081,0.337,0.000,0.000,0.000,0.000,0.418,
2026-06-02 04:00:00,Tuesday,4,0.095,0.326,0.000,0.000,0.000,0.000,0.421,
2026-06-02 05:00:00,Tuesday,5,0.074,0.341,0.000,0.000,0.000,0.000,0.415,
2026-06-02 06:00:00,Tuesday,6,0.089,0.353,0.000,0.324,0.000,0.000,0.766,
2026-06-02 07:00:00,Tuesday,7,0.083,0.296,0.000,0.350,0.000,0.000,0.729,
2026-06-02 08:00:00,Tuesday,8,0.091,0.323,0.000,0.092,0.000,0.000,0.506,
2026-06-02 09:00:00,Tuesday,9,0.092,0.242,0.000,0.000,0.050,0.000,0.384,
2026-06-02 10:00:00,Tuesday,10,0.072,0.212,0.000,0.000,0.083,0.000,0.367,
2026-06-02 11:00:00,Tuesday,11,0.086,0.223,0.000,0.000,0.075,0.000,0.384,
2026-06-02 12:00:00,Tuesday,12,0.080,0.142,0.000,0.272,0.056,0.000,0.550,
2026-06-02 13:00:00,Tuesday,13,0.076,0.126,0.000,0.000,0.082,0.000,0.284,
2026-06-02 14:00:00,Tuesday,14,0.071,0.000,0.000,0.000,0.079,0.466,0.616,pralka
2026-06-02 15:00:00,Tuesday,15,0.068,0.000,0.000,0.000,0.128,1.479,1.675,suszarka
2026-06-02 16:00:00,Tuesday,16,0.076,0.000,0.000,0.000,0.131,0.000,0.207,
2026-06-02 17:00:00,Tuesday,17,0.089,0.000,0.000,0.000,0.203,0.000,0.292,
2026-06-02 18:00:00,Tuesday,18,0.084,0.000,0.000,0.546,0.155,0.000,0.785,
2026-06-02 19:00:00,Tuesday,19,0.080,0.139,0.000,0.000,0.172,0.700,1.091,zmywarka
2026-06-02 20:00:00,Tuesday,20,0.092,0.137,0.000,0.000,0.199,0.000,0.428,
2026-06-02 21:00:00,Tuesday,21,0.070,0.140,0.000,0.000,0.197,0.000,0.407,
2026-06-02 22:00:00,Tuesday,22,0.070,0.000,0.046,0.000,0.155,0.000,0.271,
2026-06-02 23:00:00,Tuesday,23,0.085,0.151,0.000,0.000,0.000,0.000,0.236,
2026-06-03 00:00:00,Wednesday,0,0.106,0.000,0.000,0.000,0.000,0.000,0.106,tryb opieki nad psem; wyjazd / nieobecność
2026-06-03 01:00:00,Wednesday,1,0.124,0.000,0.000,0.000,0.000,0.000,0.124,tryb opieki nad psem; wyjazd / nieobecność
2026-06-03 02:00:00,Wednesday,2,0.135,0.000,0.000,0.000,0.000,0.000,0.135,tryb opieki nad psem; wyjazd / nieobecność
2026-06-03 03:00:00,Wednesday,3,0.120,0.000,0.000,0.000,0.000,0.000,0.120,tryb opieki nad psem; wyjazd / nieobecność
2026-06-03 04:00:00,Wednesday,4,0.141,0.000,0.000,0.000,0.000,0.000,0.141,tryb opieki nad psem; wyjazd / nieobecność
2026-06-03 05:00:00,Wednesday,5,0.114,0.000,0.000,0.000,0.000,0.000,0.114,tryb opieki nad psem; wyjazd / nieobecność
2026-06-03 06:00:00,Wednesday,6,0.109,0.000,0.000,0.000,0.000,0.000,0.109,tryb opieki nad psem; wyjazd / nieobecność
2026-06-03 07:00:00,Wednesday,7,0.113,0.000,0.000,0.000,0.000,0.000,0.113,tryb opieki nad psem; wyjazd / nieobecność
2026-06-03 08:00:00,Wednesday,8,0.131,0.000,0.000,0.000,0.000,0.000,0.131,tryb opieki nad psem; wyjazd / nieobecność
2026-06-03 09:00:00,Wednesday,9,0.117,0.000,0.000,0.000,0.000,0.000,0.117,tryb opieki nad psem; wyjazd / nieobecność
2026-06-03 10:00:00,Wednesday,10,0.100,0.000,0.000,0.000,0.000,0.000,0.100,tryb opieki nad psem; wyjazd / nieobecność
2026-06-03 11:00:00,Wednesday,11,0.125,0.000,0.000,0.000,0.000,0.000,0.125,tryb opieki nad psem; wyjazd / nieobecność
2026-06-03 12:00:00,Wednesday,12,0.118,0.000,0.000,0.000,0.000,0.000,0.118,tryb opieki nad psem; wyjazd / nieobecność
2026-06-03 13:00:00,Wednesday,13,0.118,0.000,0.000,0.000,0.000,0.000,0.118,tryb opieki nad psem; wyjazd / nieobecność
2026-06-03 14:00:00,Wednesday,14,0.098,0.000,0.000,0.000,0.000,0.000,0.098,tryb opieki nad psem; wyjazd / nieobecność
2026-06-03 15:00:00,Wednesday,15,0.124,0.000,0.000,0.000,0.000,0.000,0.124,tryb opieki nad psem; wyjazd / nieobecność
2026-06-03 16:00:00,Wednesday,16,0.126,0.000,0.000,0.000,0.000,0.000,0.126,tryb opieki nad psem; wyjazd / nieobecność
2026-06-03 17:00:00,Wednesday,17,0.127,0.000,0.000,0.000,0.000,0.000,0.127,tryb opieki nad psem; wyjazd / nieobecność
2026-06-03 18:00:00,Wednesday,18,0.118,0.000,0.000,0.000,0.000,0.000,0.118,tryb opieki nad psem; wyjazd / nieobecność
2026-06-03 19:00:00,Wednesday,19,0.103,0.000,0.000,0.000,0.000,0.000,0.103,tryb opieki nad psem; wyjazd / nieobecność
2026-06-03 20:00:00,Wednesday,20,0.116,0.000,0.000,0.000,0.000,0.000,0.116,tryb opieki nad psem; wyjazd / nieobecność
2026-06-03 21:00:00,Wednesday,21,0.113,0.000,0.000,0.000,0.000,0.000,0.113,tryb opieki nad psem; wyjazd / nieobecność
2026-06-03 22:00:00,Wednesday,22,0.135,0.000,0.000,0.000,0.000,0.000,0.135,tryb opieki nad psem; wyjazd / nieobecność
2026-06-03 23:00:00,Wednesday,23,0.140,0.000,0.000,0.000,0.000,0.000,0.140,tryb opieki nad psem; wyjazd / nieobecność
2026-06-04 00:00:00,Thursday,0,0.085,0.272,0.000,0.000,0.000,0.000,0.357,
2026-06-04 01:00:00,Thursday,1,0.095,0.259,0.000,0.000,0.000,0.000,0.354,
2026-06-04 02:00:00,Thursday,2,0.100,0.256,0.000,0.000,0.000,0.000,0.356,
2026-06-04 03:00:00,Thursday,3,0.097,0.240,0.000,0.000,0.000,0.000,0.337,
2026-06-04 04:00:00,Thursday,4,0.083,0.221,0.000,0.000,0.000,0.000,0.304,
2026-06-04 05:00:00,Thursday,5,0.079,0.244,0.000,0.000,0.000,0.000,0.323,
2026-06-04 06:00:00,Thursday,6,0.092,0.343,0.000,0.198,0.000,0.000,0.633,
2026-06-04 07:00:00,Thursday,7,0.081,0.335,0.000,0.223,0.000,0.000,0.639,
2026-06-04 08:00:00,Thursday,8,0.076,0.354,0.000,0.212,0.000,0.000,0.642,
2026-06-04 09:00:00,Thursday,9,0.092,0.315,0.000,0.000,0.132,0.000,0.539,praca zdalna
2026-06-04 10:00:00,Thursday,10,0.069,0.254,0.000,0.000,0.166,0.000,0.489,praca zdalna
2026-06-04 11:00:00,Thursday,11,0.096,0.227,0.000,0.000,0.184,0.000,0.507,praca zdalna
2026-06-04 12:00:00,Thursday,12,0.083,0.304,0.000,0.000,0.167,0.000,0.554,praca zdalna
2026-06-04 13:00:00,Thursday,13,0.080,0.233,0.000,0.368,0.169,0.000,0.850,praca zdalna
2026-06-04 14:00:00,Thursday,14,0.081,0.206,0.000,0.000,0.177,0.000,0.464,praca zdalna
2026-06-04 15:00:00,Thursday,15,0.083,0.200,0.000,0.000,0.213,0.000,0.496,praca zdalna
2026-06-04 16:00:00,Thursday,16,0.077,0.216,0.000,0.000,0.239,0.000,0.532,praca zdalna
2026-06-04 17:00:00,Thursday,17,0.069,0.204,0.000,0.626,0.103,0.000,1.002,
2026-06-04 18:00:00,Thursday,18,0.069,0.284,0.000,0.000,0.091,0.000,0.444,
2026-06-04 19:00:00,Thursday,19,0.070,0.335,0.000,0.000,0.180,0.667,1.252,zmywarka
2026-06-04 20:00:00,Thursday,20,0.082,0.311,0.000,0.000,0.167,0.000,0.560,
2026-06-04 21:00:00,Thursday,21,0.084,0.338,0.000,0.000,0.109,0.000,0.531,
2026-06-04 22:00:00,Thursday,22,0.085,0.283,0.064,0.000,0.206,0.000,0.638,
2026-06-04 23:00:00,Thursday,23,0.094,0.325,0.000,0.000,0.000,0.000,0.419,
2026-06-05 00:00:00,Friday,0,0.092,0.290,0.000,0.000,0.000,0.000,0.382,
2026-06-05 01:00:00,Friday,1,0.070,0.269,0.000,0.000,0.000,0.000,0.339,
2026-06-05 02:00:00,Friday,2,0.087,0.292,0.000,0.000,0.000,0.000,0.379,
2026-06-05 03:00:00,Friday,3,0.103,0.265,0.000,0.000,0.000,0.000,0.368,
2026-06-05 04:00:00,Friday,4,0.086,0.320,0.000,0.000,0.000,0.000,0.406,
2026-06-05 05:00:00,Friday,5,0.080,0.391,0.000,0.000,0.000,0.000,0.471,
2026-06-05 06:00:00,Friday,6,0.095,0.421,0.000,0.268,0.000,0.000,0.784,
2026-06-05 07:00:00,Friday,7,0.095,0.428,0.000,0.335,0.000,0.000,0.858,
2026-06-05 08:00:00,Friday,8,0.069,0.395,0.000,0.236,0.000,0.000,0.700,
2026-06-05 09:00:00,Friday,9,0.074,0.307,0.000,0.000,0.077,0.000,0.458,
2026-06-05 10:00:00,Friday,10,0.082,0.283,0.000,0.000,0.054,0.000,0.419,
2026-06-05 11:00:00,Friday,11,0.082,0.229,0.000,0.000,0.071,0.000,0.382,
2026-06-05 12:00:00,Friday,12,0.087,0.178,0.000,0.536,0.085,0.000,0.886,
2026-06-05 13:00:00,Friday,13,0.069,0.167,0.000,0.000,0.074,0.000,0.310,
2026-06-05 14:00:00,Friday,14,0.079,0.142,0.000,0.000,0.145,0.000,0.366,
2026-06-05 15:00:00,Friday,15,0.095,0.188,0.000,0.000,0.077,0.000,0.360,
2026-06-05 16:00:00,Friday,16,0.085,0.199,0.000,0.000,0.122,0.000,0.406,
2026-06-05 17:00:00,Friday,17,0.092,0.116,0.000,0.429,0.092,0.000,0.729,
2026-06-05 18:00:00,Friday,18,0.079,0.286,0.000,0.000,0.101,0.000,0.466,
2026-06-05 19:00:00,Friday,19,0.086,0.332,0.000,0.000,0.134,0.000,0.552,
2026-06-05 20:00:00,Friday,20,0.085,0.258,0.000,0.000,0.169,0.497,1.009,zmywarka
2026-06-05 21:00:00,Friday,21,0.086,0.252,0.000,0.000,0.191,0.000,0.529,
2026-06-05 22:00:00,Friday,22,0.070,0.231,0.067,0.000,0.140,0.000,0.508,
2026-06-05 23:00:00,Friday,23,0.074,0.282,0.000,0.000,0.000,0.000,0.356,
2026-06-06 00:00:00,Saturday,0,0.097,0.334,0.000,0.000,0.000,0.000,0.431,
2026-06-06 01:00:00,Saturday,1,0.073,0.330,0.000,0.000,0.000,0.000,0.403,
2026-06-06 02:00:00,Saturday,2,0.093,0.458,0.000,0.000,0.000,0.000,0.551,
2026-06-06 03:00:00,Saturday,3,0.072,0.449,0.000,0.000,0.000,0.000,0.521,
2026-06-06 04:00:00,Saturday,4,0.098,0.545,0.000,0.000,0.000,0.000,0.643,
2026-06-06 05:00:00,Saturday,5,0.080,0.515,0.000,0.000,0.000,0.000,0.595,
2026-06-06 06:00:00,Saturday,6,0.080,0.565,0.000,0.237,0.000,0.000,0.882,
2026-06-06 07:00:00,Saturday,7,0.089,0.460,0.000,0.221,0.000,0.000,0.770,
2026-06-06 08:00:00,Saturday,8,0.088,0.370,0.000,0.232,0.000,0.000,0.690,
2026-06-06 09:00:00,Saturday,9,0.070,0.367,0.000,0.000,0.086,0.495,1.018,pralka
2026-06-06 10:00:00,Saturday,10,0.088,0.278,0.000,0.000,0.031,0.921,1.318,suszarka
2026-06-06 11:00:00,Saturday,11,0.091,0.232,0.000,0.000,0.048,0.000,0.371,
2026-06-06 12:00:00,Saturday,12,0.076,0.256,0.000,0.000,0.076,0.000,0.408,
2026-06-06 13:00:00,Saturday,13,0.086,0.279,0.000,0.590,0.119,0.000,1.074,
2026-06-06 14:00:00,Saturday,14,0.077,0.280,0.000,0.000,0.032,0.667,1.056,zmywarka
2026-06-06 15:00:00,Saturday,15,0.081,0.239,0.000,0.000,0.092,0.000,0.412,
2026-06-06 16:00:00,Saturday,16,0.068,0.266,0.000,0.000,0.034,0.000,0.368,
2026-06-06 17:00:00,Saturday,17,0.076,0.284,0.000,0.569,0.131,0.000,1.060,
2026-06-06 18:00:00,Saturday,18,0.068,0.247,0.000,0.000,0.209,0.000,0.524,
2026-06-06 19:00:00,Saturday,19,0.071,0.271,0.000,0.000,0.099,0.000,0.441,
2026-06-06 20:00:00,Saturday,20,0.075,0.257,0.000,0.000,0.159,0.000,0.491,
2026-06-06 21:00:00,Saturday,21,0.088,0.282,0.000,0.000,0.123,0.000,0.493,
2026-06-06 22:00:00,Saturday,22,0.082,0.206,0.064,0.000,0.186,0.000,0.538,
2026-06-06 23:00:00,Saturday,23,0.081,0.223,0.000,0.000,0.000,0.000,0.304,
2026-06-07 00:00:00,Sunday,0,0.087,0.249,0.000,0.000,0.000,0.000,0.336,
2026-06-07 01:00:00,Sunday,1,0.092,0.299,0.000,0.000,0.000,0.000,0.391,
2026-06-07 02:00:00,Sunday,2,0.086,0.301,0.000,0.000,0.000,0.000,0.387,
2026-06-07 03:00:00,Sunday,3,0.101,0.334,0.000,0.000,0.000,0.000,0.435,
2026-06-07 04:00:00,Sunday,4,0.109,0.347,0.000,0.000,0.000,0.000,0.456,
2026-06-07 05:00:00,Sunday,5,0.091,0.285,0.000,0.000,0.000,0.000,0.376,
2026-06-07 06:00:00,Sunday,6,0.083,0.409,0.000,0.161,0.000,0.000,0.653,
2026-06-07 07:00:00,Sunday,7,0.069,0.320,0.000,0.284,0.000,0.000,0.673,
2026-06-07 08:00:00,Sunday,8,0.081,0.333,0.000,0.091,0.000,0.000,0.505,
2026-06-07 09:00:00,Sunday,9,0.079,0.297,0.000,0.000,0.032,0.000,0.408,
2026-06-07 10:00:00,Sunday,10,0.088,0.260,0.000,0.000,0.044,0.000,0.392,
2026-06-07 11:00:00,Sunday,11,0.074,0.218,0.000,0.000,0.128,0.000,0.420,
2026-06-07 12:00:00,Sunday,12,0.079,0.182,0.000,0.644,0.057,0.000,0.962,
2026-06-07 13:00:00,Sunday,13,0.080,0.148,0.000,0.000,0.131,0.000,0.359,
2026-06-07 14:00:00,Sunday,14,0.082,0.160,0.000,0.000,0.140,0.000,0.382,
2026-06-07 15:00:00,Sunday,15,0.067,0.115,0.000,0.000,0.083,0.000,0.265,
2026-06-07 16:00:00,Sunday,16,0.076,0.185,0.000,0.000,0.059,0.000,0.320,
2026-06-07 17:00:00,Sunday,17,0.088,0.168,0.000,0.000,0.146,0.000,0.402,
2026-06-07 18:00:00,Sunday,18,0.091,0.187,0.000,0.518,0.146,0.000,0.942,
2026-06-07 19:00:00,Sunday,19,0.089,0.262,0.000,0.000,0.182,0.000,0.533,
2026-06-07 20:00:00,Sunday,20,0.088,0.286,0.000,0.000,0.105,0.000,0.479,
2026-06-07 21:00:00,Sunday,21,0.088,0.301,0.000,0.000,0.125,0.000,0.514,
2026-06-07 22:00:00,Sunday,22,0.074,0.286,0.068,0.000,0.133,0.000,0.561,
2026-06-07 23:00:00,Sunday,23,0.085,0.327,0.000,0.000,0.000,0.000,0.412,
2026-06-08 00:00:00,Monday,0,0.081,0.308,0.000,0.000,0.000,0.000,0.389,
2026-06-08 01:00:00,Monday,1,0.085,0.391,0.000,0.000,0.000,0.000,0.476,
2026-06-08 02:00:00,Monday,2,0.092,0.372,0.000,0.000,0.000,0.000,0.464,
2026-06-08 03:00:00,Monday,3,0.092,0.335,0.000,0.000,0.000,0.000,0.427,
2026-06-08 04:00:00,Monday,4,0.070,0.355,0.000,0.000,0.000,0.000,0.425,
2026-06-08 05:00:00,Monday,5,0.092,0.354,0.000,0.000,0.000,0.000,0.446,
2026-06-08 06:00:00,Monday,6,0.072,0.554,0.000,0.162,0.000,0.000,0.788,
2026-06-08 07:00:00,Monday,7,0.079,0.434,0.000,0.313,0.000,0.000,0.826,
2026-06-08 08:00:00,Monday,8,0.070,0.443,0.000,0.347,0.000,0.000,0.860,
2026-06-08 09:00:00,Monday,9,0.084,0.349,0.000,0.000,0.064,0.000,0.497,
2026-06-08 10:00:00,Monday,10,0.089,0.287,0.000,0.000,0.056,0.000,0.432,
2026-06-08 11:00:00,Monday,11,0.070,0.217,0.000,0.000,0.068,0.000,0.355,
2026-06-08 12:00:00,Monday,12,0.067,0.214,0.000,0.000,0.070,0.000,0.351,
2026-06-08 13:00:00,Monday,13,0.085,0.242,0.000,0.253,0.083,0.000,0.663,
2026-06-08 14:00:00,Monday,14,0.080,0.224,0.000,0.000,0.061,0.000,0.365,
2026-06-08 15:00:00,Monday,15,0.085,0.272,0.000,0.000,0.114,0.000,0.471,
2026-06-08 16:00:00,Monday,16,0.096,0.211,0.000,0.000,0.145,0.000,0.452,
2026-06-08 17:00:00,Monday,17,0.075,0.240,0.000,0.000,0.129,0.000,0.444,
2026-06-08 18:00:00,Monday,18,0.095,0.272,0.000,0.361,0.206,0.000,0.934,
2026-06-08 19:00:00,Monday,19,0.089,0.254,0.000,0.000,0.158,0.594,1.095,zmywarka
2026-06-08 20:00:00,Monday,20,0.067,0.255,0.000,0.000,0.193,0.000,0.515,
2026-06-08 21:00:00,Monday,21,0.082,0.269,0.000,0.000,0.124,0.000,0.475,
2026-06-08 22:00:00,Monday,22,0.074,0.210,0.048,0.000,0.172,0.000,0.504,
2026-06-08 23:00:00,Monday,23,0.090,0.259,0.000,0.000,0.000,0.000,0.349,
2026-06-09 00:00:00,Tuesday,0,0.079,0.277,0.000,0.000,0.000,0.000,0.356,
2026-06-09 01:00:00,Tuesday,1,0.078,0.206,0.000,0.000,0.000,0.000,0.284,
2026-06-09 02:00:00,Tuesday,2,0.068,0.210,0.000,0.000,0.000,0.000,0.278,
2026-06-09 03:00:00,Tuesday,3,0.067,0.244,0.000,0.000,0.000,0.000,0.311,
2026-06-09 04:00:00,Tuesday,4,0.077,0.267,0.000,0.000,0.000,0.000,0.344,
2026-06-09 05:00:00,Tuesday,5,0.067,0.233,0.000,0.000,0.000,0.000,0.300,
2026-06-09 06:00:00,Tuesday,6,0.067,0.304,0.000,0.310,0.000,0.000,0.681,
2026-06-09 07:00:00,Tuesday,7,0.095,0.380,0.000,0.305,0.000,0.000,0.780,
2026-06-09 08:00:00,Tuesday,8,0.096,0.335,0.000,0.246,0.000,0.000,0.677,
2026-06-09 09:00:00,Tuesday,9,0.095,0.325,0.000,0.000,0.191,0.539,1.150,praca zdalna; pralka
2026-06-09 10:00:00,Tuesday,10,0.080,0.439,0.000,0.000,0.124,1.222,1.865,praca zdalna; suszarka
2026-06-09 11:00:00,Tuesday,11,0.085,0.366,0.000,0.000,0.160,0.000,0.611,praca zdalna
2026-06-09 12:00:00,Tuesday,12,0.074,0.278,0.000,0.000,0.165,0.000,0.517,praca zdalna
2026-06-09 13:00:00,Tuesday,13,0.078,0.286,0.000,0.311,0.124,0.000,0.799,praca zdalna
2026-06-09 14:00:00,Tuesday,14,0.083,0.224,0.000,0.000,0.193,0.000,0.500,praca zdalna
2026-06-09 15:00:00,Tuesday,15,0.089,0.301,0.000,0.000,0.197,0.000,0.587,praca zdalna
2026-06-09 16:00:00,Tuesday,16,0.067,0.251,0.000,0.000,0.247,0.000,0.565,praca zdalna
2026-06-09 17:00:00,Tuesday,17,0.074,0.312,0.000,0.383,0.161,0.000,0.930,
2026-06-09 18:00:00,Tuesday,18,0.091,0.386,0.000,0.000,0.148,0.000,0.625,
2026-06-09 19:00:00,Tuesday,19,0.092,0.400,0.000,0.000,0.105,0.000,0.597,
2026-06-09 20:00:00,Tuesday,20,0.076,0.299,0.000,0.000,0.168,0.000,0.543,
2026-06-09 21:00:00,Tuesday,21,0.069,0.422,0.000,0.000,0.144,0.000,0.635,
2026-06-09 22:00:00,Tuesday,22,0.070,0.301,0.035,0.000,0.177,0.000,0.583,
2026-06-09 23:00:00,Tuesday,23,0.085,0.346,0.000,0.000,0.000,0.000,0.431,
2026-06-10 00:00:00,Wednesday,0,0.098,0.433,0.000,0.000,0.000,0.000,0.531,
2026-06-10 01:00:00,Wednesday,1,0.086,0.483,0.000,0.000,0.000,0.000,0.569,
2026-06-10 02:00:00,Wednesday,2,0.086,0.478,0.000,0.000,0.000,0.000,0.564,
2026-06-10 03:00:00,Wednesday,3,0.110,0.416,0.000,0.000,0.000,0.000,0.526,
2026-06-10 04:00:00,Wednesday,4,0.098,0.524,0.000,0.000,0.000,0.000,0.622,
2026-06-10 05:00:00,Wednesday,5,0.083,0.579,0.000,0.000,0.000,0.000,0.662,
2026-06-10 06:00:00,Wednesday,6,0.091,0.687,0.000,0.208,0.000,0.000,0.986,
2026-06-10 07:00:00,Wednesday,7,0.075,0.663,0.000,0.290,0.000,0.000,1.028,
2026-06-10 08:00:00,Wednesday,8,0.077,0.496,0.000,0.295,0.000,0.000,0.868,
2026-06-10 09:00:00,Wednesday,9,0.093,0.383,0.000,0.000,0.146,0.000,0.622,praca zdalna
2026-06-10 10:00:00,Wednesday,10,0.085,0.405,0.000,0.000,0.121,0.000,0.611,praca zdalna
2026-06-10 11:00:00,Wednesday,11,0.089,0.303,0.000,0.000,0.127,0.000,0.519,praca zdalna
2026-06-10 12:00:00,Wednesday,12,0.094,0.260,0.000,0.000,0.107,0.000,0.461,praca zdalna
2026-06-10 13:00:00,Wednesday,13,0.070,0.238,0.000,0.499,0.104,0.000,0.911,praca zdalna
2026-06-10 14:00:00,Wednesday,14,0.082,0.241,0.000,0.000,0.193,0.000,0.516,praca zdalna
2026-06-10 15:00:00,Wednesday,15,0.080,0.238,0.000,0.000,0.210,0.000,0.528,praca zdalna
2026-06-10 16:00:00,Wednesday,16,0.082,0.229,0.000,0.000,0.195,0.000,0.506,praca zdalna
2026-06-10 17:00:00,Wednesday,17,0.078,0.206,0.000,0.373,0.172,0.000,0.829,
2026-06-10 18:00:00,Wednesday,18,0.070,0.283,0.000,0.000,0.166,0.000,0.519,
2026-06-10 19:00:00,Wednesday,19,0.077,0.316,0.000,0.000,0.110,0.694,1.197,zmywarka
2026-06-10 20:00:00,Wednesday,20,0.084,0.284,0.000,0.000,0.163,0.000,0.531,
2026-06-10 21:00:00,Wednesday,21,0.073,0.400,0.000,0.000,0.171,0.000,0.644,
2026-06-10 22:00:00,Wednesday,22,0.087,0.310,0.076,0.000,0.128,0.000,0.601,
2026-06-10 23:00:00,Wednesday,23,0.087,0.401,0.000,0.000,0.000,0.000,0.488,
2026-06-11 00:00:00,Thursday,0,0.086,0.317,0.000,0.000,0.000,0.000,0.403,
2026-06-11 01:00:00,Thursday,1,0.078,0.368,0.000,0.000,0.000,0.000,0.446,
2026-06-11 02:00:00,Thursday,2,0.067,0.452,0.000,0.000,0.000,0.000,0.519,
2026-06-11 03:00:00,Thursday,3,0.068,0.593,0.000,0.000,0.000,0.000,0.661,
2026-06-11 04:00:00,Thursday,4,0.088,0.588,0.000,0.000,0.000,0.000,0.676,
2026-06-11 05:00:00,Thursday,5,0.089,0.548,0.000,0.000,0.000,0.000,0.637,
2026-06-11 06:00:00,Thursday,6,0.074,0.590,0.000,0.335,0.000,0.000,0.999,
2026-06-11 07:00:00,Thursday,7,0.079,0.557,0.000,0.259,0.000,0.000,0.895,
2026-06-11 08:00:00,Thursday,8,0.077,0.402,0.000,0.159,0.000,0.000,0.638,
2026-06-11 09:00:00,Thursday,9,0.091,0.399,0.000,0.000,0.050,0.000,0.540,
2026-06-11 10:00:00,Thursday,10,0.079,0.433,0.000,0.000,0.067,0.000,0.579,
2026-06-11 11:00:00,Thursday,11,0.080,0.388,0.000,0.000,0.067,0.000,0.535,
2026-06-11 12:00:00,Thursday,12,0.088,0.354,0.000,0.000,0.058,0.000,0.500,
2026-06-11 13:00:00,Thursday,13,0.076,0.319,0.000,0.309,0.088,0.000,0.792,
2026-06-11 14:00:00,Thursday,14,0.087,0.377,0.000,0.000,0.064,0.000,0.528,
2026-06-11 15:00:00,Thursday,15,0.079,0.298,0.000,0.000,0.085,0.000,0.462,
2026-06-11 16:00:00,Thursday,16,0.072,0.323,0.000,0.000,0.123,0.000,0.518,
2026-06-11 17:00:00,Thursday,17,0.091,0.254,0.000,0.560,0.205,0.000,1.110,
2026-06-11 18:00:00,Thursday,18,0.081,0.304,0.000,0.000,0.183,0.000,0.568,
2026-06-11 19:00:00,Thursday,19,0.074,0.325,0.000,0.000,0.137,0.000,0.536,
2026-06-11 20:00:00,Thursday,20,0.067,0.424,0.000,0.000,0.142,0.000,0.633,
2026-06-11 21:00:00,Thursday,21,0.091,0.400,0.000,0.000,0.173,0.000,0.664,
2026-06-11 22:00:00,Thursday,22,0.080,0.380,0.070,0.000,0.173,0.000,0.703,
2026-06-11 23:00:00,Thursday,23,0.073,0.389,0.000,0.000,0.000,0.000,0.462,
2026-06-12 00:00:00,Friday,0,0.068,0.394,0.000,0.000,0.000,0.000,0.462,
2026-06-12 01:00:00,Friday,1,0.095,0.461,0.000,0.000,0.000,0.000,0.556,
2026-06-12 02:00:00,Friday,2,0.080,0.526,0.000,0.000,0.000,0.000,0.606,
2026-06-12 03:00:00,Friday,3,0.078,0.692,0.000,0.000,0.000,0.000,0.770,
2026-06-12 04:00:00,Friday,4,0.093,0.587,0.000,0.000,0.000,0.000,0.680,
2026-06-12 05:00:00,Friday,5,0.085,0.694,0.000,0.000,0.000,0.000,0.779,
2026-06-12 06:00:00,Friday,6,0.095,0.554,0.000,0.197,0.000,0.000,0.846,
2026-06-12 07:00:00,Friday,7,0.071,0.491,0.000,0.338,0.000,0.000,0.900,
2026-06-12 08:00:00,Friday,8,0.071,0.389,0.000,0.198,0.000,0.000,0.658,
2026-06-12 09:00:00,Friday,9,0.075,0.341,0.000,0.000,0.049,0.000,0.465,
2026-06-12 10:00:00,Friday,10,0.094,0.412,0.000,0.000,0.059,0.000,0.565,
2026-06-12 11:00:00,Friday,11,0.094,0.349,0.000,0.000,0.086,0.000,0.529,
2026-06-12 12:00:00,Friday,12,0.084,0.324,0.000,0.000,0.080,0.000,0.488,
2026-06-12 13:00:00,Friday,13,0.067,0.335,0.000,0.328,0.052,0.000,0.782,
2026-06-12 14:00:00,Friday,14,0.089,0.312,0.000,0.000,0.113,0.000,0.514,
2026-06-12 15:00:00,Friday,15,0.071,0.305,0.000,0.000,0.062,0.000,0.438,
2026-06-12 16:00:00,Friday,16,0.067,0.340,0.000,0.000,0.085,0.000,0.492,
2026-06-12 17:00:00,Friday,17,0.066,0.290,0.000,0.380,0.095,0.000,0.831,
2026-06-12 18:00:00,Friday,18,0.080,0.422,0.000,0.000,0.170,0.000,0.672,
2026-06-12 19:00:00,Friday,19,0.071,0.398,0.000,0.000,0.170,0.000,0.639,
2026-06-12 20:00:00,Friday,20,0.091,0.345,0.000,0.000,0.098,0.541,1.075,zmywarka
2026-06-12 21:00:00,Friday,21,0.092,0.381,0.000,0.000,0.095,0.000,0.568,
2026-06-12 22:00:00,Friday,22,0.092,0.325,0.037,0.000,0.209,0.000,0.663,
2026-06-12 23:00:00,Friday,23,0.069,0.414,0.000,0.000,0.000,0.000,0.483,
2026-06-13 00:00:00,Saturday,0,0.070,0.467,0.000,0.000,0.000,0.000,0.537,
2026-06-13 01:00:00,Saturday,1,0.088,0.458,0.000,0.000,0.000,0.000,0.546,
2026-06-13 02:00:00,Saturday,2,0.076,0.428,0.000,0.000,0.000,0.000,0.504,
2026-06-13 03:00:00,Saturday,3,0.084,0.562,0.000,0.000,0.000,0.000,0.646,
2026-06-13 04:00:00,Saturday,4,0.076,0.444,0.000,0.000,0.000,0.000,0.520,
2026-06-13 05:00:00,Saturday,5,0.106,0.514,0.000,0.000,0.000,0.000,0.620,
2026-06-13 06:00:00,Saturday,6,0.088,0.559,0.000,0.283,0.000,0.000,0.930,
2026-06-13 07:00:00,Saturday,7,0.095,0.518,0.000,0.277,0.000,0.000,0.890,
2026-06-13 08:00:00,Saturday,8,0.081,0.508,0.000,0.245,0.000,0.000,0.834,
2026-06-13 09:00:00,Saturday,9,0.080,0.440,0.000,0.000,0.114,0.000,0.634,
2026-06-13 10:00:00,Saturday,10,0.093,0.327,0.000,0.000,0.044,0.000,0.464,
2026-06-13 11:00:00,Saturday,11,0.094,0.329,0.000,0.000,0.038,0.436,0.897,pralka
2026-06-13 12:00:00,Saturday,12,0.070,0.265,0.000,0.380,0.107,1.282,2.104,suszarka
2026-06-13 13:00:00,Saturday,13,0.081,0.348,0.000,0.000,0.107,0.000,0.536,
2026-06-13 14:00:00,Saturday,14,0.078,0.451,0.000,0.000,0.080,0.528,1.137,zmywarka
2026-06-13 15:00:00,Saturday,15,0.095,0.493,0.000,0.000,0.118,0.000,0.706,
2026-06-13 16:00:00,Saturday,16,0.079,0.426,0.000,0.000,0.143,0.000,0.648,
2026-06-13 17:00:00,Saturday,17,0.073,0.369,0.000,0.881,0.202,0.000,1.525,
2026-06-13 18:00:00,Saturday,18,0.077,0.425,0.000,0.000,0.202,0.000,0.704,
2026-06-13 19:00:00,Saturday,19,0.077,0.352,0.000,0.000,0.187,0.000,0.616,
2026-06-13 20:00:00,Saturday,20,0.094,0.398,0.000,0.000,0.108,0.000,0.600,
2026-06-13 21:00:00,Saturday,21,0.090,0.430,0.000,0.000,0.158,0.000,0.678,
2026-06-13 22:00:00,Saturday,22,0.078,0.483,0.032,0.000,0.166,0.000,0.759,
2026-06-13 23:00:00,Saturday,23,0.092,0.535,0.000,0.000,0.000,0.000,0.627,
2026-06-14 00:00:00,Sunday,0,0.089,0.532,0.000,0.000,0.000,0.000,0.621,
2026-06-14 01:00:00,Sunday,1,0.107,0.656,0.000,0.000,0.000,0.000,0.763,
2026-06-14 02:00:00,Sunday,2,0.074,0.568,0.000,0.000,0.000,0.000,0.642,
2026-06-14 03:00:00,Sunday,3,0.093,0.685,0.000,0.000,0.000,0.000,0.778,
2026-06-14 04:00:00,Sunday,4,0.092,0.623,0.000,0.000,0.000,0.000,0.715,
2026-06-14 05:00:00,Sunday,5,0.095,0.673,0.000,0.000,0.000,0.000,0.768,
2026-06-14 06:00:00,Sunday,6,0.070,0.749,0.000,0.347,0.000,0.000,1.166,
2026-06-14 07:00:00,Sunday,7,0.094,0.602,0.000,0.277,0.000,0.000,0.973,
2026-06-14 08:00:00,Sunday,8,0.071,0.653,0.000,0.311,0.000,0.000,1.035,
2026-06-14 09:00:00,Sunday,9,0.076,0.571,0.000,0.000,0.119,0.000,0.766,
2026-06-14 10:00:00,Sunday,10,0.093,0.510,0.000,0.000,0.093,0.000,0.696,
2026-06-14 11:00:00,Sunday,11,0.095,0.344,0.000,0.000,0.124,0.000,0.563,
2026-06-14 12:00:00,Sunday,12,0.068,0.322,0.000,0.643,0.083,0.000,1.116,
2026-06-14 13:00:00,Sunday,13,0.077,0.353,0.000,0.000,0.068,0.546,1.044,zmywarka
2026-06-14 14:00:00,Sunday,14,0.070,0.291,0.000,0.000,0.100,0.000,0.461,
2026-06-14 15:00:00,Sunday,15,0.088,0.395,0.000,0.000,0.118,0.000,0.601,
2026-06-14 16:00:00,Sunday,16,0.080,0.339,0.000,0.000,0.130,0.000,0.549,
2026-06-14 17:00:00,Sunday,17,0.082,0.262,0.000,0.963,0.174,0.000,1.481,goście
2026-06-14 18:00:00,Sunday,18,0.075,0.286,0.000,0.000,0.142,0.000,0.503,goście
2026-06-14 19:00:00,Sunday,19,0.089,0.282,0.000,0.000,0.150,0.000,0.521,goście
2026-06-14 20:00:00,Sunday,20,0.070,0.377,0.000,0.000,0.140,0.000,0.587,goście
2026-06-14 21:00:00,Sunday,21,0.095,0.386,0.000,0.000,0.097,0.000,0.578,goście
2026-06-14 22:00:00,Sunday,22,0.088,0.315,0.056,0.000,0.135,0.000,0.594,
2026-06-14 23:00:00,Sunday,23,0.103,0.479,0.000,0.000,0.000,0.000,0.582,
2026-06-15 00:00:00,Monday,0,0.077,0.442,0.000,0.000,0.000,0.000,0.519,
2026-06-15 01:00:00,Monday,1,0.074,0.374,0.000,0.000,0.000,0.000,0.448,
2026-06-15 02:00:00,Monday,2,0.079,0.356,0.000,0.000,0.000,0.000,0.435,
2026-06-15 03:00:00,Monday,3,0.103,0.428,0.000,0.000,0.000,0.000,0.531,
2026-06-15 04:00:00,Monday,4,0.069,0.482,0.000,0.000,0.000,0.000,0.551,
2026-06-15 05:00:00,Monday,5,0.092,0.422,0.000,0.000,0.000,0.000,0.514,
2026-06-15 06:00:00,Monday,6,0.072,0.632,0.000,0.230,0.000,0.000,0.934,
2026-06-15 07:00:00,Monday,7,0.093,0.591,0.000,0.280,0.000,0.000,0.964,
2026-06-15 08:00:00,Monday,8,0.071,0.520,0.000,0.158,0.000,0.000,0.749,
2026-06-15 09:00:00,Monday,9,0.090,0.417,0.000,0.000,0.080,0.000,0.587,
2026-06-15 10:00:00,Monday,10,0.080,0.365,0.000,0.000,0.052,0.000,0.497,
2026-06-15 11:00:00,Monday,11,0.092,0.317,0.000,0.000,0.072,0.000,0.481,
2026-06-15 12:00:00,Monday,12,0.091,0.299,0.000,0.440,0.089,0.000,0.919,
2026-06-15 13:00:00,Monday,13,0.086,0.326,0.000,0.000,0.071,0.000,0.483,
2026-06-15 14:00:00,Monday,14,0.095,0.322,0.000,0.000,0.101,0.000,0.518,
2026-06-15 15:00:00,Monday,15,0.074,0.296,0.000,0.000,0.086,0.000,0.456,
2026-06-15 16:00:00,Monday,16,0.067,0.292,0.000,0.000,0.107,0.000,0.466,
2026-06-15 17:00:00,Monday,17,0.086,0.316,0.000,1.097,0.180,0.000,1.679,
2026-06-15 18:00:00,Monday,18,0.095,0.287,0.000,0.000,0.160,0.000,0.542,
2026-06-15 19:00:00,Monday,19,0.095,0.355,0.000,0.000,0.202,0.497,1.149,zmywarka
2026-06-15 20:00:00,Monday,20,0.068,0.337,0.000,0.000,0.184,0.000,0.589,
2026-06-15 21:00:00,Monday,21,0.071,0.349,0.000,0.000,0.124,0.000,0.544,
2026-06-15 22:00:00,Monday,22,0.079,0.355,0.074,0.000,0.201,0.000,0.709,
2026-06-15 23:00:00,Monday,23,0.094,0.358,0.000,0.000,0.000,0.000,0.452,
2026-06-16 00:00:00,Tuesday,0,0.089,0.368,0.000,0.000,0.000,0.000,0.457,
2026-06-16 01:00:00,Tuesday,1,0.067,0.471,0.000,0.000,0.000,0.000,0.538,
2026-06-16 02:00:00,Tuesday,2,0.076,0.553,0.000,0.000,0.000,0.000,0.629,
2026-06-16 03:00:00,Tuesday,3,0.094,0.480,0.000,0.000,0.000,0.000,0.574,
2026-06-16 04:00:00,Tuesday,4,0.086,0.445,0.000,0.000,0.000,0.000,0.531,
2026-06-16 05:00:00,Tuesday,5,0.067,0.490,0.000,0.000,0.000,0.000,0.557,
2026-06-16 06:00:00,Tuesday,6,0.094,0.629,0.000,0.320,0.000,0.000,1.043,
2026-06-16 07:00:00,Tuesday,7,0.071,0.574,0.000,0.157,0.000,0.000,0.802,
2026-06-16 08:00:00,Tuesday,8,0.076,0.522,0.000,0.229,0.000,0.000,0.827,
2026-06-16 09:00:00,Tuesday,9,0.070,0.662,0.000,0.000,0.072,0.000,0.804,
2026-06-16 10:00:00,Tuesday,10,0.092,0.542,0.000,0.000,0.053,0.000,0.687,
2026-06-16 11:00:00,Tuesday,11,0.079,0.649,0.000,0.000,0.070,0.000,0.798,
2026-06-16 12:00:00,Tuesday,12,0.095,0.544,0.000,0.511,0.073,0.485,1.708,pralka
2026-06-16 13:00:00,Tuesday,13,0.067,0.523,0.000,0.000,0.070,0.000,0.660,
2026-06-16 14:00:00,Tuesday,14,0.095,0.501,0.000,0.000,0.075,0.000,0.671,
2026-06-16 15:00:00,Tuesday,15,0.089,0.426,0.000,0.000,0.089,0.000,0.604,
2026-06-16 16:00:00,Tuesday,16,0.070,0.434,0.000,0.000,0.121,0.000,0.625,
2026-06-16 17:00:00,Tuesday,17,0.091,0.457,0.000,0.000,0.146,0.000,0.694,
2026-06-16 18:00:00,Tuesday,18,0.076,0.365,0.000,0.451,0.104,0.000,0.996,
2026-06-16 19:00:00,Tuesday,19,0.094,0.430,0.000,0.000,0.177,0.649,1.350,zmywarka
2026-06-16 20:00:00,Tuesday,20,0.073,0.463,0.000,0.000,0.143,0.000,0.679,
2026-06-16 21:00:00,Tuesday,21,0.094,0.457,0.000,0.000,0.200,0.000,0.751,
2026-06-16 22:00:00,Tuesday,22,0.090,0.431,0.059,0.000,0.181,0.000,0.761,
2026-06-16 23:00:00,Tuesday,23,0.101,0.413,0.000,0.000,0.000,0.000,0.514,
2026-06-17 00:00:00,Wednesday,0,0.069,0.535,0.000,0.000,0.000,0.000,0.604,
2026-06-17 01:00:00,Wednesday,1,0.100,0.505,0.000,0.000,0.000,0.000,0.605,
2026-06-17 02:00:00,Wednesday,2,0.080,0.538,0.000,0.000,0.000,0.000,0.618,
2026-06-17 03:00:00,Wednesday,3,0.073,0.592,0.000,0.000,0.000,0.000,0.665,
2026-06-17 04:00:00,Wednesday,4,0.076,0.613,0.000,0.000,0.000,0.000,0.689,
2026-06-17 05:00:00,Wednesday,5,0.081,0.565,0.000,0.000,0.000,0.000,0.646,
2026-06-17 06:00:00,Wednesday,6,0.088,0.683,0.000,0.183,0.000,0.000,0.954,
2026-06-17 07:00:00,Wednesday,7,0.069,0.653,0.000,0.329,0.000,0.000,1.051,
2026-06-17 08:00:00,Wednesday,8,0.091,0.717,0.000,0.340,0.000,0.000,1.148,
2026-06-17 09:00:00,Wednesday,9,0.094,0.557,0.000,0.000,0.071,0.000,0.722,
2026-06-17 10:00:00,Wednesday,10,0.079,0.506,0.000,0.000,0.065,0.000,0.650,
2026-06-17 11:00:00,Wednesday,11,0.085,0.449,0.000,0.000,0.083,0.000,0.617,
2026-06-17 12:00:00,Wednesday,12,0.074,0.413,0.000,0.000,0.068,0.000,0.555,
2026-06-17 13:00:00,Wednesday,13,0.079,0.335,0.000,0.199,0.083,0.496,1.192,pralka
2026-06-17 14:00:00,Wednesday,14,0.085,0.266,0.000,0.000,0.141,0.000,0.492,
2026-06-17 15:00:00,Wednesday,15,0.078,0.251,0.000,0.000,0.080,0.000,0.409,
2026-06-17 16:00:00,Wednesday,16,0.079,0.275,0.000,0.000,0.112,0.000,0.466,
2026-06-17 17:00:00,Wednesday,17,0.095,0.212,0.000,0.000,0.192,0.000,0.499,
2026-06-17 18:00:00,Wednesday,18,0.077,0.242,0.000,0.484,0.202,0.000,1.005,
2026-06-17 19:00:00,Wednesday,19,0.083,0.307,0.000,0.000,0.171,0.489,1.050,zmywarka
2026-06-17 20:00:00,Wednesday,20,0.089,0.275,0.000,0.000,0.152,0.000,0.516,
2026-06-17 21:00:00,Wednesday,21,0.083,0.265,0.000,0.000,0.200,0.000,0.548,
2026-06-17 22:00:00,Wednesday,22,0.076,0.242,0.055,0.000,0.151,0.000,0.524,
2026-06-17 23:00:00,Wednesday,23,0.096,0.202,0.000,0.000,0.000,0.000,0.298,
2026-06-18 00:00:00,Thursday,0,0.090,0.244,0.000,0.000,0.000,0.000,0.334,
2026-06-18 01:00:00,Thursday,1,0.082,0.208,0.000,0.000,0.000,0.000,0.290,
2026-06-18 02:00:00,Thursday,2,0.073,0.214,0.000,0.000,0.000,0.000,0.287,
2026-06-18 03:00:00,Thursday,3,0.093,0.173,0.000,0.000,0.000,0.000,0.266,
2026-06-18 04:00:00,Thursday,4,0.080,0.222,0.000,0.000,0.000,0.000,0.302,
2026-06-18 05:00:00,Thursday,5,0.088,0.243,0.000,0.000,0.000,0.000,0.331,
2026-06-18 06:00:00,Thursday,6,0.089,0.287,0.000,0.248,0.000,0.000,0.624,
2026-06-18 07:00:00,Thursday,7,0.082,0.283,0.000,0.235,0.000,0.000,0.600,
2026-06-18 08:00:00,Thursday,8,0.088,0.256,0.000,0.337,0.000,0.000,0.681,
2026-06-18 09:00:00,Thursday,9,0.094,0.206,0.000,0.000,0.160,0.000,0.460,praca zdalna
2026-06-18 10:00:00,Thursday,10,0.081,0.163,0.000,0.000,0.171,0.000,0.415,praca zdalna
2026-06-18 11:00:00,Thursday,11,0.069,0.000,0.000,0.000,0.205,0.523,0.797,praca zdalna; pralka
2026-06-18 12:00:00,Thursday,12,0.070,0.000,0.000,0.257,0.136,0.000,0.463,praca zdalna
2026-06-18 13:00:00,Thursday,13,0.083,0.000,0.000,0.000,0.119,0.000,0.202,praca zdalna
2026-06-18 14:00:00,Thursday,14,0.093,0.000,0.000,0.000,0.182,0.000,0.275,praca zdalna
2026-06-18 15:00:00,Thursday,15,0.074,0.000,0.000,0.000,0.148,0.000,0.222,praca zdalna
2026-06-18 16:00:00,Thursday,16,0.074,0.481,0.000,0.000,0.124,0.000,0.679,praca zdalna
2026-06-18 17:00:00,Thursday,17,0.093,0.000,0.000,0.000,0.142,0.000,0.235,
2026-06-18 18:00:00,Thursday,18,0.081,1.101,0.000,0.360,0.178,0.000,1.720,
2026-06-18 19:00:00,Thursday,19,0.095,0.000,0.000,0.000,0.137,0.000,0.232,
2026-06-18 20:00:00,Thursday,20,0.090,0.000,0.000,0.000,0.197,0.591,0.878,zmywarka
2026-06-18 21:00:00,Thursday,21,0.080,0.000,0.000,0.000,0.174,0.000,0.254,
2026-06-18 22:00:00,Thursday,22,0.076,0.000,0.061,0.000,0.155,0.000,0.292,
2026-06-18 23:00:00,Thursday,23,0.068,0.000,0.000,0.000,0.000,0.000,0.068,
2026-06-19 00:00:00,Friday,0,0.091,0.000,0.000,0.000,0.000,0.000,0.091,
2026-06-19 01:00:00,Friday,1,0.091,0.000,0.000,0.000,0.000,0.000,0.091,
2026-06-19 02:00:00,Friday,2,0.083,0.170,0.000,0.000,0.000,0.000,0.253,
2026-06-19 03:00:00,Friday,3,0.085,0.163,0.000,0.000,0.000,0.000,0.248,
2026-06-19 04:00:00,Friday,4,0.091,0.142,0.000,0.000,0.000,0.000,0.233,
2026-06-19 05:00:00,Friday,5,0.071,0.154,0.000,0.000,0.000,0.000,0.225,
2026-06-19 06:00:00,Friday,6,0.066,0.263,0.000,0.184,0.000,0.000,0.513,
2026-06-19 07:00:00,Friday,7,0.088,0.180,0.000,0.371,0.000,0.000,0.639,
2026-06-19 08:00:00,Friday,8,0.089,0.149,0.000,0.181,0.000,0.000,0.419,
2026-06-19 09:00:00,Friday,9,0.094,0.000,0.000,0.000,0.056,0.000,0.150,
2026-06-19 10:00:00,Friday,10,0.085,0.000,0.000,0.000,0.079,0.000,0.164,
2026-06-19 11:00:00,Friday,11,0.095,0.000,0.000,0.000,0.050,0.000,0.145,
2026-06-19 12:00:00,Friday,12,0.077,0.000,0.000,0.000,0.085,0.000,0.162,
2026-06-19 13:00:00,Friday,13,0.070,0.000,0.000,0.389,0.080,0.000,0.539,
2026-06-19 14:00:00,Friday,14,0.088,0.000,0.000,0.000,0.112,0.000,0.200,
2026-06-19 15:00:00,Friday,15,0.086,0.661,0.000,0.000,0.121,0.000,0.868,
2026-06-19 16:00:00,Friday,16,0.073,0.928,0.000,0.000,0.065,0.000,1.066,
2026-06-19 17:00:00,Friday,17,0.074,0.929,0.000,0.564,0.092,0.000,1.659,
2026-06-19 18:00:00,Friday,18,0.090,0.000,0.000,0.000,0.121,0.000,0.211,
2026-06-19 19:00:00,Friday,19,0.067,0.000,0.000,0.000,0.164,0.000,0.231,
2026-06-19 20:00:00,Friday,20,0.071,0.000,0.000,0.000,0.090,0.582,0.743,zmywarka
2026-06-19 21:00:00,Friday,21,0.094,0.000,0.000,0.000,0.175,0.000,0.269,
2026-06-19 22:00:00,Friday,22,0.094,0.000,0.075,0.000,0.121,0.000,0.290,
2026-06-19 23:00:00,Friday,23,0.102,0.000,0.000,0.000,0.000,0.000,0.102,
2026-06-20 00:00:00,Saturday,0,0.091,0.000,0.000,0.000,0.000,0.000,0.091,
2026-06-20 01:00:00,Saturday,1,0.083,0.000,0.000,0.000,0.000,0.000,0.083,
2026-06-20 02:00:00,Saturday,2,0.070,0.000,0.000,0.000,0.000,0.000,0.070,
2026-06-20 03:00:00,Saturday,3,0.067,0.000,0.000,0.000,0.000,0.000,0.067,
2026-06-20 04:00:00,Saturday,4,0.079,0.000,0.000,0.000,0.000,0.000,0.079,
2026-06-20 05:00:00,Saturday,5,0.095,0.000,0.000,0.000,0.000,0.000,0.095,
2026-06-20 06:00:00,Saturday,6,0.083,0.179,0.000,0.236,0.000,0.000,0.498,
2026-06-20 07:00:00,Saturday,7,0.085,0.000,0.000,0.253,0.000,0.000,0.338,
2026-06-20 08:00:00,Saturday,8,0.080,0.000,0.000,0.252,0.000,0.000,0.332,
2026-06-20 09:00:00,Saturday,9,0.095,0.120,0.000,0.000,0.121,0.000,0.336,
2026-06-20 10:00:00,Saturday,10,0.092,0.120,0.000,0.000,0.102,0.374,0.688,pralka
2026-06-20 11:00:00,Saturday,11,0.090,0.000,0.000,0.000,0.138,1.483,1.711,suszarka
2026-06-20 12:00:00,Saturday,12,0.090,0.000,0.000,0.000,0.082,0.000,0.172,
2026-06-20 13:00:00,Saturday,13,0.095,1.060,0.000,0.812,0.122,0.000,2.089,
2026-06-20 14:00:00,Saturday,14,0.090,1.136,0.000,0.000,0.091,0.704,2.021,zmywarka
2026-06-20 15:00:00,Saturday,15,0.075,0.731,0.000,0.000,0.094,0.000,0.900,
2026-06-20 16:00:00,Saturday,16,0.091,0.638,0.000,0.000,0.061,0.000,0.790,
2026-06-20 17:00:00,Saturday,17,0.069,0.614,0.000,0.000,0.151,0.000,0.834,
2026-06-20 18:00:00,Saturday,18,0.070,0.515,0.000,0.481,0.149,0.000,1.215,
2026-06-20 19:00:00,Saturday,19,0.091,0.763,0.000,0.000,0.152,0.000,1.006,
2026-06-20 20:00:00,Saturday,20,0.077,0.120,0.000,0.000,0.160,0.000,0.357,
2026-06-20 21:00:00,Saturday,21,0.076,0.120,0.000,0.000,0.188,0.000,0.384,
2026-06-20 22:00:00,Saturday,22,0.085,0.120,0.062,0.000,0.113,0.000,0.380,
2026-06-20 23:00:00,Saturday,23,0.085,0.120,0.000,0.000,0.000,0.000,0.205,
2026-06-21 00:00:00,Sunday,0,0.119,0.120,0.000,0.000,0.000,0.000,0.239,tryb opieki nad psem; wyjazd / nieobecność
2026-06-21 01:00:00,Sunday,1,0.129,0.120,0.000,0.000,0.000,0.000,0.249,tryb opieki nad psem; wyjazd / nieobecność
2026-06-21 02:00:00,Sunday,2,0.144,0.000,0.000,0.000,0.000,0.000,0.144,tryb opieki nad psem; wyjazd / nieobecność
2026-06-21 03:00:00,Sunday,3,0.124,0.000,0.000,0.000,0.000,0.000,0.124,tryb opieki nad psem; wyjazd / nieobecność
2026-06-21 04:00:00,Sunday,4,0.127,0.000,0.000,0.000,0.000,0.000,0.127,tryb opieki nad psem; wyjazd / nieobecność
2026-06-21 05:00:00,Sunday,5,0.128,0.000,0.000,0.000,0.000,0.000,0.128,tryb opieki nad psem; wyjazd / nieobecność
2026-06-21 06:00:00,Sunday,6,0.118,0.000,0.000,0.000,0.000,0.000,0.118,tryb opieki nad psem; wyjazd / nieobecność
2026-06-21 07:00:00,Sunday,7,0.123,0.000,0.000,0.000,0.000,0.000,0.123,tryb opieki nad psem; wyjazd / nieobecność
2026-06-21 08:00:00,Sunday,8,0.143,0.000,0.000,0.000,0.000,0.000,0.143,tryb opieki nad psem; wyjazd / nieobecność
2026-06-21 09:00:00,Sunday,9,0.110,0.000,0.000,0.000,0.000,0.000,0.110,tryb opieki nad psem; wyjazd / nieobecność
2026-06-21 10:00:00,Sunday,10,0.133,0.000,0.000,0.000,0.000,0.000,0.133,tryb opieki nad psem; wyjazd / nieobecność
2026-06-21 11:00:00,Sunday,11,0.115,0.000,0.000,0.000,0.000,0.000,0.115,tryb opieki nad psem; wyjazd / nieobecność
2026-06-21 12:00:00,Sunday,12,0.108,0.000,0.000,0.000,0.000,0.000,0.108,tryb opieki nad psem; wyjazd / nieobecność
2026-06-21 13:00:00,Sunday,13,0.116,0.669,0.000,0.000,0.000,0.000,0.785,tryb opieki nad psem; wyjazd / nieobecność
2026-06-21 14:00:00,Sunday,14,0.131,1.144,0.000,0.000,0.000,0.000,1.275,tryb opieki nad psem; wyjazd / nieobecność
2026-06-21 15:00:00,Sunday,15,0.119,1.058,0.000,0.000,0.000,0.000,1.177,tryb opieki nad psem; wyjazd / nieobecność
2026-06-21 16:00:00,Sunday,16,0.113,0.000,0.000,0.000,0.000,0.000,0.113,tryb opieki nad psem; wyjazd / nieobecność
2026-06-21 17:00:00,Sunday,17,0.109,0.000,0.000,0.000,0.000,0.000,0.109,tryb opieki nad psem; wyjazd / nieobecność
2026-06-21 18:00:00,Sunday,18,0.103,0.000,0.000,0.000,0.000,0.000,0.103,tryb opieki nad psem; wyjazd / nieobecność
2026-06-21 19:00:00,Sunday,19,0.138,0.000,0.000,0.000,0.000,0.000,0.138,tryb opieki nad psem; wyjazd / nieobecność
2026-06-21 20:00:00,Sunday,20,0.121,0.000,0.000,0.000,0.000,0.000,0.121,tryb opieki nad psem; wyjazd / nieobecność
2026-06-21 21:00:00,Sunday,21,0.140,0.000,0.000,0.000,0.000,0.000,0.140,tryb opieki nad psem; wyjazd / nieobecność
2026-06-21 22:00:00,Sunday,22,0.121,0.000,0.000,0.000,0.000,0.000,0.121,tryb opieki nad psem; wyjazd / nieobecność
2026-06-21 23:00:00,Sunday,23,0.113,0.000,0.000,0.000,0.000,0.000,0.113,tryb opieki nad psem; wyjazd / nieobecność
2026-06-22 00:00:00,Monday,0,0.085,0.184,0.000,0.000,0.000,0.000,0.269,
2026-06-22 01:00:00,Monday,1,0.104,0.205,0.000,0.000,0.000,0.000,0.309,
2026-06-22 02:00:00,Monday,2,0.067,0.262,0.000,0.000,0.000,0.000,0.329,
2026-06-22 03:00:00,Monday,3,0.103,0.352,0.000,0.000,0.000,0.000,0.455,
2026-06-22 04:00:00,Monday,4,0.102,0.415,0.000,0.000,0.000,0.000,0.517,
2026-06-22 05:00:00,Monday,5,0.088,0.440,0.000,0.000,0.000,0.000,0.528,
2026-06-22 06:00:00,Monday,6,0.080,0.481,0.000,0.199,0.000,0.000,0.760,
2026-06-22 07:00:00,Monday,7,0.085,0.416,0.000,0.299,0.000,0.000,0.800,
2026-06-22 08:00:00,Monday,8,0.068,0.306,0.000,0.195,0.000,0.000,0.569,
2026-06-22 09:00:00,Monday,9,0.084,0.244,0.000,0.000,0.155,0.416,0.899,praca zdalna; pralka
2026-06-22 10:00:00,Monday,10,0.069,0.194,0.000,0.000,0.140,0.000,0.403,praca zdalna
2026-06-22 11:00:00,Monday,11,0.074,0.000,0.000,0.000,0.169,0.000,0.243,praca zdalna
2026-06-22 12:00:00,Monday,12,0.068,0.000,0.000,0.000,0.173,0.000,0.241,praca zdalna
2026-06-22 13:00:00,Monday,13,0.073,0.000,0.000,0.349,0.190,0.000,0.612,praca zdalna
2026-06-22 14:00:00,Monday,14,0.071,0.000,0.000,0.000,0.185,0.000,0.256,praca zdalna
2026-06-22 15:00:00,Monday,15,0.091,0.000,0.000,0.000,0.124,0.000,0.215,praca zdalna
2026-06-22 16:00:00,Monday,16,0.089,0.000,0.000,0.000,0.220,0.000,0.309,praca zdalna
2026-06-22 17:00:00,Monday,17,0.070,0.000,0.000,0.000,0.164,0.000,0.234,
2026-06-22 18:00:00,Monday,18,0.082,0.000,0.000,0.679,0.181,0.000,0.942,
2026-06-22 19:00:00,Monday,19,0.076,0.000,0.000,0.000,0.124,0.000,0.200,
2026-06-22 20:00:00,Monday,20,0.089,0.000,0.000,0.000,0.198,0.000,0.287,
2026-06-22 21:00:00,Monday,21,0.085,0.177,0.000,0.000,0.160,0.000,0.422,
2026-06-22 22:00:00,Monday,22,0.093,0.143,0.082,0.000,0.139,0.000,0.457,
2026-06-22 23:00:00,Monday,23,0.086,0.184,0.000,0.000,0.000,0.000,0.270,
2026-06-23 00:00:00,Tuesday,0,0.096,0.233,0.000,0.000,0.000,0.000,0.329,
2026-06-23 01:00:00,Tuesday,1,0.083,0.253,0.000,0.000,0.000,0.000,0.336,
2026-06-23 02:00:00,Tuesday,2,0.077,0.309,0.000,0.000,0.000,0.000,0.386,
2026-06-23 03:00:00,Tuesday,3,0.079,0.343,0.000,0.000,0.000,0.000,0.422,
2026-06-23 04:00:00,Tuesday,4,0.092,0.425,0.000,0.000,0.000,0.000,0.517,
2026-06-23 05:00:00,Tuesday,5,0.067,0.435,0.000,0.000,0.000,0.000,0.502,
2026-06-23 06:00:00,Tuesday,6,0.083,0.458,0.000,0.232,0.000,0.000,0.773,
2026-06-23 07:00:00,Tuesday,7,0.077,0.417,0.000,0.337,0.000,0.000,0.831,
2026-06-23 08:00:00,Tuesday,8,0.094,0.263,0.000,0.227,0.000,0.000,0.584,
2026-06-23 09:00:00,Tuesday,9,0.078,0.292,0.000,0.000,0.136,0.000,0.506,praca zdalna
2026-06-23 10:00:00,Tuesday,10,0.093,0.226,0.000,0.000,0.175,0.000,0.494,praca zdalna
2026-06-23 11:00:00,Tuesday,11,0.094,0.151,0.000,0.000,0.187,0.000,0.432,praca zdalna
2026-06-23 12:00:00,Tuesday,12,0.083,0.000,0.000,0.521,0.112,0.592,1.308,praca zdalna; pralka
2026-06-23 13:00:00,Tuesday,13,0.095,0.000,0.000,0.000,0.097,0.000,0.192,praca zdalna
2026-06-23 14:00:00,Tuesday,14,0.082,0.000,0.000,0.000,0.196,0.000,0.278,praca zdalna
2026-06-23 15:00:00,Tuesday,15,0.073,0.000,0.000,0.000,0.132,0.000,0.205,praca zdalna
2026-06-23 16:00:00,Tuesday,16,0.067,0.000,0.000,0.000,0.178,0.000,0.245,praca zdalna
2026-06-23 17:00:00,Tuesday,17,0.086,0.000,0.000,0.629,0.202,0.000,0.917,
2026-06-23 18:00:00,Tuesday,18,0.076,0.000,0.000,0.000,0.200,0.000,0.276,
2026-06-23 19:00:00,Tuesday,19,0.088,0.000,0.000,0.000,0.177,0.000,0.265,
2026-06-23 20:00:00,Tuesday,20,0.083,0.000,0.000,0.000,0.140,0.648,0.871,zmywarka
2026-06-23 21:00:00,Tuesday,21,0.080,0.000,0.000,0.000,0.172,0.000,0.252,
2026-06-23 22:00:00,Tuesday,22,0.068,0.000,0.048,0.000,0.096,0.000,0.212,
2026-06-23 23:00:00,Tuesday,23,0.085,0.000,0.000,0.000,0.000,0.000,0.085,
2026-06-24 00:00:00,Wednesday,0,0.070,0.000,0.000,0.000,0.000,0.000,0.070,
2026-06-24 01:00:00,Wednesday,1,0.068,0.000,0.000,0.000,0.000,0.000,0.068,
2026-06-24 02:00:00,Wednesday,2,0.074,0.151,0.000,0.000,0.000,0.000,0.225,
2026-06-24 03:00:00,Wednesday,3,0.080,0.179,0.000,0.000,0.000,0.000,0.259,
2026-06-24 04:00:00,Wednesday,4,0.106,0.199,0.000,0.000,0.000,0.000,0.305,
2026-06-24 05:00:00,Wednesday,5,0.088,0.161,0.000,0.000,0.000,0.000,0.249,
2026-06-24 06:00:00,Wednesday,6,0.079,0.258,0.000,0.243,0.000,0.000,0.580,
2026-06-24 07:00:00,Wednesday,7,0.072,0.199,0.000,0.280,0.000,0.000,0.551,
2026-06-24 08:00:00,Wednesday,8,0.074,0.000,0.000,0.209,0.000,0.000,0.283,
2026-06-24 09:00:00,Wednesday,9,0.091,0.000,0.000,0.000,0.082,0.000,0.173,
2026-06-24 10:00:00,Wednesday,10,0.091,0.000,0.000,0.000,0.085,0.000,0.176,
2026-06-24 11:00:00,Wednesday,11,0.069,0.120,0.000,0.000,0.072,0.000,0.261,
2026-06-24 12:00:00,Wednesday,12,0.094,1.033,0.000,0.000,0.073,0.000,1.200,
2026-06-24 13:00:00,Wednesday,13,0.094,0.561,0.000,0.382,0.075,0.000,1.112,
2026-06-24 14:00:00,Wednesday,14,0.080,1.164,0.000,0.000,0.077,0.000,1.321,
2026-06-24 15:00:00,Wednesday,15,0.080,0.635,0.000,0.000,0.077,0.000,0.792,
2026-06-24 16:00:00,Wednesday,16,0.088,0.852,0.000,0.000,0.061,0.000,1.001,
2026-06-24 17:00:00,Wednesday,17,0.096,0.752,0.000,0.000,0.163,0.000,1.011,
2026-06-24 18:00:00,Wednesday,18,0.083,0.544,0.000,0.828,0.143,0.000,1.598,
2026-06-24 19:00:00,Wednesday,19,0.071,0.964,0.000,0.000,0.158,0.000,1.193,
2026-06-24 20:00:00,Wednesday,20,0.084,0.120,0.000,0.000,0.112,0.717,1.033,zmywarka
2026-06-24 21:00:00,Wednesday,21,0.081,0.120,0.000,0.000,0.152,0.000,0.353,
2026-06-24 22:00:00,Wednesday,22,0.078,0.120,0.062,0.000,0.145,0.000,0.405,
2026-06-24 23:00:00,Wednesday,23,0.100,0.120,0.000,0.000,0.000,0.000,0.220,
2026-06-25 00:00:00,Thursday,0,0.074,0.120,0.000,0.000,0.000,0.000,0.194,
2026-06-25 01:00:00,Thursday,1,0.090,0.000,0.000,0.000,0.000,0.000,0.090,
2026-06-25 02:00:00,Thursday,2,0.086,0.000,0.000,0.000,0.000,0.000,0.086,
2026-06-25 03:00:00,Thursday,3,0.085,0.000,0.000,0.000,0.000,0.000,0.085,
2026-06-25 04:00:00,Thursday,4,0.097,0.000,0.000,0.000,0.000,0.000,0.097,
2026-06-25 05:00:00,Thursday,5,0.091,0.000,0.000,0.000,0.000,0.000,0.091,
2026-06-25 06:00:00,Thursday,6,0.068,0.148,0.000,0.213,0.000,0.000,0.429,
2026-06-25 07:00:00,Thursday,7,0.094,0.148,0.000,0.295,0.000,0.000,0.537,
2026-06-25 08:00:00,Thursday,8,0.067,0.000,0.000,0.195,0.000,0.000,0.262,
2026-06-25 09:00:00,Thursday,9,0.082,0.000,0.000,0.000,0.131,0.000,0.213,praca zdalna
2026-06-25 10:00:00,Thursday,10,0.089,0.120,0.000,0.000,0.177,0.000,0.386,praca zdalna
2026-06-25 11:00:00,Thursday,11,0.076,0.120,0.000,0.000,0.154,0.000,0.350,praca zdalna
2026-06-25 12:00:00,Thursday,12,0.091,0.602,0.000,0.349,0.155,0.000,1.197,praca zdalna
2026-06-25 13:00:00,Thursday,13,0.082,0.644,0.000,0.000,0.181,0.000,0.907,praca zdalna
2026-06-25 14:00:00,Thursday,14,0.080,1.005,0.000,0.000,0.185,0.000,1.270,praca zdalna
2026-06-25 15:00:00,Thursday,15,0.073,0.886,0.000,0.000,0.141,0.000,1.100,praca zdalna
2026-06-25 16:00:00,Thursday,16,0.089,0.851,0.000,0.000,0.208,0.000,1.148,praca zdalna
2026-06-25 17:00:00,Thursday,17,0.091,1.122,0.000,0.000,0.176,0.000,1.389,
2026-06-25 18:00:00,Thursday,18,0.089,0.636,0.000,0.535,0.128,0.000,1.388,
2026-06-25 19:00:00,Thursday,19,0.094,1.150,0.000,0.000,0.098,0.000,1.342,
2026-06-25 20:00:00,Thursday,20,0.090,0.120,0.000,0.000,0.166,0.672,1.048,zmywarka
2026-06-25 21:00:00,Thursday,21,0.071,0.120,0.000,0.000,0.157,0.000,0.348,
2026-06-25 22:00:00,Thursday,22,0.089,0.120,0.073,0.000,0.150,0.000,0.432,
2026-06-25 23:00:00,Thursday,23,0.084,0.000,0.000,0.000,0.000,0.000,0.084,
2026-06-26 00:00:00,Friday,0,0.079,0.000,0.000,0.000,0.000,0.000,0.079,
2026-06-26 01:00:00,Friday,1,0.101,0.000,0.000,0.000,0.000,0.000,0.101,
2026-06-26 02:00:00,Friday,2,0.091,0.000,0.000,0.000,0.000,0.000,0.091,
2026-06-26 03:00:00,Friday,3,0.084,0.000,0.000,0.000,0.000,0.000,0.084,
2026-06-26 04:00:00,Friday,4,0.085,0.136,0.000,0.000,0.000,0.000,0.221,
2026-06-26 05:00:00,Friday,5,0.091,0.175,0.000,0.000,0.000,0.000,0.266,
2026-06-26 06:00:00,Friday,6,0.088,0.217,0.000,0.196,0.000,0.000,0.501,
2026-06-26 07:00:00,Friday,7,0.088,0.152,0.000,0.193,0.000,0.000,0.433,
2026-06-26 08:00:00,Friday,8,0.067,0.000,0.000,0.355,0.000,0.000,0.422,
2026-06-26 09:00:00,Friday,9,0.068,0.000,0.000,0.000,0.062,0.000,0.130,
2026-06-26 10:00:00,Friday,10,0.067,0.120,0.000,0.000,0.068,0.000,0.255,
2026-06-26 11:00:00,Friday,11,0.073,0.120,0.000,0.000,0.056,0.000,0.249,
2026-06-26 12:00:00,Friday,12,0.066,0.898,0.000,0.496,0.088,0.000,1.548,
2026-06-26 13:00:00,Friday,13,0.088,0.635,0.000,0.000,0.062,0.000,0.785,
2026-06-26 14:00:00,Friday,14,0.086,0.607,0.000,0.000,0.116,0.000,0.809,
2026-06-26 15:00:00,Friday,15,0.083,0.941,0.000,0.000,0.134,0.000,1.158,
2026-06-26 16:00:00,Friday,16,0.092,0.892,0.000,0.000,0.082,0.000,1.066,
2026-06-26 17:00:00,Friday,17,0.076,1.156,0.000,0.000,0.158,0.000,1.390,
2026-06-26 18:00:00,Friday,18,0.070,0.988,0.000,0.482,0.100,0.000,1.640,
2026-06-26 19:00:00,Friday,19,0.080,0.557,0.000,0.000,0.095,0.000,0.732,
2026-06-26 20:00:00,Friday,20,0.069,0.120,0.000,0.000,0.189,0.698,1.076,zmywarka
2026-06-26 21:00:00,Friday,21,0.076,0.000,0.000,0.000,0.104,0.000,0.180,
2026-06-26 22:00:00,Friday,22,0.086,0.000,0.064,0.000,0.095,0.000,0.245,
2026-06-26 23:00:00,Friday,23,0.108,0.000,0.000,0.000,0.000,0.000,0.108,
2026-06-27 00:00:00,Saturday,0,0.088,0.000,0.000,0.000,0.000,0.000,0.088,
2026-06-27 01:00:00,Saturday,1,0.089,0.000,0.000,0.000,0.000,0.000,0.089,
2026-06-27 02:00:00,Saturday,2,0.085,0.000,0.000,0.000,0.000,0.000,0.085,
2026-06-27 03:00:00,Saturday,3,0.085,0.000,0.000,0.000,0.000,0.000,0.085,
2026-06-27 04:00:00,Saturday,4,0.068,0.000,0.000,0.000,0.000,0.000,0.068,
2026-06-27 05:00:00,Saturday,5,0.093,0.000,0.000,0.000,0.000,0.000,0.093,
2026-06-27 06:00:00,Saturday,6,0.085,0.000,0.000,0.191,0.000,0.000,0.276,
2026-06-27 07:00:00,Saturday,7,0.075,0.000,0.000,0.232,0.000,0.000,0.307,
2026-06-27 08:00:00,Saturday,8,0.085,0.120,0.000,0.284,0.000,0.000,0.489,
2026-06-27 09:00:00,Saturday,9,0.088,0.120,0.000,0.000,0.045,0.000,0.253,
2026-06-27 10:00:00,Saturday,10,0.095,0.120,0.000,0.000,0.073,0.569,0.857,pralka
2026-06-27 11:00:00,Saturday,11,0.096,0.120,0.000,0.000,0.046,0.000,0.262,
2026-06-27 12:00:00,Saturday,12,0.089,0.797,0.000,0.000,0.103,0.000,0.989,
2026-06-27 13:00:00,Saturday,13,0.071,1.177,0.000,0.728,0.046,0.653,2.675,zmywarka
2026-06-27 14:00:00,Saturday,14,0.094,1.110,0.000,0.000,0.113,0.000,1.317,
2026-06-27 15:00:00,Saturday,15,0.081,1.175,0.000,0.000,0.107,0.000,1.363,
2026-06-27 16:00:00,Saturday,16,0.086,0.608,0.000,0.000,0.055,0.000,0.749,
2026-06-27 17:00:00,Saturday,17,0.070,0.943,0.000,0.478,0.091,0.000,1.582,
2026-06-27 18:00:00,Saturday,18,0.079,0.676,0.000,0.000,0.130,0.000,0.885,
2026-06-27 19:00:00,Saturday,19,0.072,0.826,0.000,0.000,0.127,0.000,1.025,
2026-06-27 20:00:00,Saturday,20,0.082,0.120,0.000,0.000,0.146,0.000,0.348,
2026-06-27 21:00:00,Saturday,21,0.072,0.120,0.000,0.000,0.184,0.000,0.376,
2026-06-27 22:00:00,Saturday,22,0.092,0.120,0.061,0.000,0.171,0.000,0.444,
2026-06-27 23:00:00,Saturday,23,0.083,0.120,0.000,0.000,0.000,0.000,0.203,
2026-06-28 00:00:00,Sunday,0,0.077,0.120,0.000,0.000,0.000,0.000,0.197,
2026-06-28 01:00:00,Sunday,1,0.082,0.120,0.000,0.000,0.000,0.000,0.202,
2026-06-28 02:00:00,Sunday,2,0.094,0.000,0.000,0.000,0.000,0.000,0.094,
2026-06-28 03:00:00,Sunday,3,0.089,0.120,0.000,0.000,0.000,0.000,0.209,
2026-06-28 04:00:00,Sunday,4,0.079,0.120,0.000,0.000,0.000,0.000,0.199,
2026-06-28 05:00:00,Sunday,5,0.095,0.120,0.000,0.000,0.000,0.000,0.215,
2026-06-28 06:00:00,Sunday,6,0.090,0.120,0.000,0.280,0.000,0.000,0.490,
2026-06-28 07:00:00,Sunday,7,0.091,0.120,0.000,0.173,0.000,0.000,0.384,
2026-06-28 08:00:00,Sunday,8,0.083,0.120,0.000,0.218,0.000,0.000,0.421,
2026-06-28 09:00:00,Sunday,9,0.094,0.120,0.000,0.000,0.089,0.000,0.303,
2026-06-28 10:00:00,Sunday,10,0.084,0.120,0.000,0.000,0.107,0.000,0.311,
2026-06-28 11:00:00,Sunday,11,0.081,0.120,0.000,0.000,0.106,0.000,0.307,
2026-06-28 12:00:00,Sunday,12,0.073,1.015,0.000,0.741,0.102,0.000,1.931,
2026-06-28 13:00:00,Sunday,13,0.074,0.757,0.000,0.000,0.064,0.000,0.895,
2026-06-28 14:00:00,Sunday,14,0.070,0.562,0.000,0.000,0.141,0.000,0.773,
2026-06-28 15:00:00,Sunday,15,0.068,0.745,0.000,0.000,0.125,0.000,0.938,
2026-06-28 16:00:00,Sunday,16,0.084,0.751,0.000,0.000,0.136,0.000,0.971,
2026-06-28 17:00:00,Sunday,17,0.082,0.963,0.000,0.698,0.166,0.000,1.909,
2026-06-28 18:00:00,Sunday,18,0.092,1.158,0.000,0.000,0.145,0.000,1.395,
2026-06-28 19:00:00,Sunday,19,0.082,1.123,0.000,0.000,0.205,0.000,1.410,
2026-06-28 20:00:00,Sunday,20,0.096,0.120,0.000,0.000,0.117,0.000,0.333,
2026-06-28 21:00:00,Sunday,21,0.080,0.120,0.000,0.000,0.127,0.000,0.327,
2026-06-28 22:00:00,Sunday,22,0.068,0.120,0.087,0.000,0.155,0.000,0.430,
2026-06-28 23:00:00,Sunday,23,0.079,0.120,0.000,0.000,0.000,0.000,0.199,
2026-06-29 00:00:00,Monday,0,0.094,0.120,0.000,0.000,0.000,0.000,0.214,
2026-06-29 01:00:00,Monday,1,0.079,0.120,0.000,0.000,0.000,0.000,0.199,
2026-06-29 02:00:00,Monday,2,0.104,0.000,0.000,0.000,0.000,0.000,0.104,
2026-06-29 03:00:00,Monday,3,0.079,0.000,0.000,0.000,0.000,0.000,0.079,
2026-06-29 04:00:00,Monday,4,0.092,0.000,0.000,0.000,0.000,0.000,0.092,
2026-06-29 05:00:00,Monday,5,0.104,0.000,0.000,0.000,0.000,0.000,0.104,
2026-06-29 06:00:00,Monday,6,0.077,0.000,0.000,0.280,0.000,0.000,0.357,
2026-06-29 07:00:00,Monday,7,0.076,0.000,0.000,0.288,0.000,0.000,0.364,
2026-06-29 08:00:00,Monday,8,0.073,0.000,0.000,0.203,0.000,0.000,0.276,
2026-06-29 09:00:00,Monday,9,0.080,0.000,0.000,0.000,0.108,0.000,0.188,praca zdalna
2026-06-29 10:00:00,Monday,10,0.071,0.120,0.000,0.000,0.162,0.000,0.353,praca zdalna
2026-06-29 11:00:00,Monday,11,0.090,0.120,0.000,0.000,0.192,0.000,0.402,praca zdalna
2026-06-29 12:00:00,Monday,12,0.089,0.891,0.000,0.000,0.122,0.000,1.102,praca zdalna
2026-06-29 13:00:00,Monday,13,0.083,0.000,0.000,0.512,0.124,0.000,0.719,praca zdalna
2026-06-29 14:00:00,Monday,14,0.082,0.719,0.000,0.000,0.220,0.000,1.021,praca zdalna
2026-06-29 15:00:00,Monday,15,0.095,1.174,0.000,0.000,0.205,0.000,1.474,praca zdalna
2026-06-29 16:00:00,Monday,16,0.095,0.599,0.000,0.000,0.148,0.000,0.842,praca zdalna
2026-06-29 17:00:00,Monday,17,0.068,0.503,0.000,0.687,0.196,0.000,1.454,
2026-06-29 18:00:00,Monday,18,0.085,0.966,0.000,0.000,0.178,0.000,1.229,
2026-06-29 19:00:00,Monday,19,0.080,0.568,0.000,0.000,0.094,0.000,0.742,
2026-06-29 20:00:00,Monday,20,0.089,0.000,0.000,0.000,0.175,0.505,0.769,zmywarka
2026-06-29 21:00:00,Monday,21,0.082,0.000,0.000,0.000,0.139,0.000,0.221,
2026-06-29 22:00:00,Monday,22,0.077,0.000,0.065,0.000,0.185,0.000,0.327,
2026-06-29 23:00:00,Monday,23,0.097,0.000,0.000,0.000,0.000,0.000,0.097,
2026-06-30 00:00:00,Tuesday,0,0.070,0.000,0.000,0.000,0.000,0.000,0.070,
2026-06-30 01:00:00,Tuesday,1,0.071,0.000,0.000,0.000,0.000,0.000,0.071,
2026-06-30 02:00:00,Tuesday,2,0.082,0.223,0.000,0.000,0.000,0.000,0.305,
2026-06-30 03:00:00,Tuesday,3,0.079,0.195,0.000,0.000,0.000,0.000,0.274,
2026-06-30 04:00:00,Tuesday,4,0.067,0.233,0.000,0.000,0.000,0.000,0.300,
2026-06-30 05:00:00,Tuesday,5,0.087,0.286,0.000,0.000,0.000,0.000,0.373,
2026-06-30 06:00:00,Tuesday,6,0.080,0.325,0.000,0.208,0.000,0.000,0.613,
2026-06-30 07:00:00,Tuesday,7,0.089,0.265,0.000,0.317,0.000,0.000,0.671,
2026-06-30 08:00:00,Tuesday,8,0.092,0.158,0.000,0.334,0.000,0.000,0.584,
2026-06-30 09:00:00,Tuesday,9,0.070,0.145,0.000,0.000,0.196,0.000,0.411,praca zdalna
2026-06-30 10:00:00,Tuesday,10,0.080,0.000,0.000,0.000,0.151,0.494,0.725,praca zdalna; pralka
2026-06-30 11:00:00,Tuesday,11,0.073,0.000,0.000,0.000,0.167,0.000,0.240,praca zdalna
2026-06-30 12:00:00,Tuesday,12,0.088,0.000,0.000,0.430,0.135,0.000,0.653,praca zdalna
2026-06-30 13:00:00,Tuesday,13,0.075,0.000,0.000,0.000,0.154,0.000,0.229,praca zdalna
2026-06-30 14:00:00,Tuesday,14,0.082,0.000,0.000,0.000,0.143,0.000,0.225,praca zdalna
2026-06-30 15:00:00,Tuesday,15,0.096,0.000,0.000,0.000,0.218,0.000,0.314,praca zdalna
2026-06-30 16:00:00,Tuesday,16,0.076,0.000,0.000,0.000,0.147,0.000,0.223,praca zdalna
2026-06-30 17:00:00,Tuesday,17,0.082,0.000,0.000,0.490,0.169,0.000,0.741,
2026-06-30 18:00:00,Tuesday,18,0.079,0.000,0.000,0.000,0.155,0.000,0.234,
2026-06-30 19:00:00,Tuesday,19,0.074,0.000,0.000,0.000,0.127,0.701,0.902,zmywarka
2026-06-30 20:00:00,Tuesday,20,0.094,0.000,0.000,0.000,0.152,0.000,0.246,
2026-06-30 21:00:00,Tuesday,21,0.071,0.000,0.000,0.000,0.109,0.000,0.180,
2026-06-30 22:00:00,Tuesday,22,0.094,0.000,0.057,0.000,0.200,0.000,0.351,
2026-06-30 23:00:00,Tuesday,23,0.090,0.000,0.000,0.000,0.000,0.000,0.090,
2026-07-01 00:00:00,Wednesday,0,0.072,0.000,0.000,0.000,0.000,0.000,0.072,
2026-07-01 01:00:00,Wednesday,1,0.068,0.000,0.000,0.000,0.000,0.000,0.068,
2026-07-01 02:00:00,Wednesday,2,0.093,0.000,0.000,0.000,0.000,0.000,0.093,
2026-07-01 03:00:00,Wednesday,3,0.096,0.000,0.000,0.000,0.000,0.000,0.096,
2026-07-01 04:00:00,Wednesday,4,0.069,0.154,0.000,0.000,0.000,0.000,0.223,
2026-07-01 05:00:00,Wednesday,5,0.104,0.134,0.000,0.000,0.000,0.000,0.238,
2026-07-01 06:00:00,Wednesday,6,0.092,0.283,0.000,0.213,0.000,0.000,0.588,
2026-07-01 07:00:00,Wednesday,7,0.095,0.262,0.000,0.317,0.000,0.000,0.674,
2026-07-01 08:00:00,Wednesday,8,0.095,0.175,0.000,0.113,0.000,0.000,0.383,
2026-07-01 09:00:00,Wednesday,9,0.092,0.140,0.000,0.000,0.130,0.000,0.362,praca zdalna
2026-07-01 10:00:00,Wednesday,10,0.086,0.000,0.000,0.000,0.112,0.000,0.198,praca zdalna
2026-07-01 11:00:00,Wednesday,11,0.085,0.000,0.000,0.000,0.146,0.000,0.231,praca zdalna
2026-07-01 12:00:00,Wednesday,12,0.088,0.000,0.000,0.000,0.155,0.000,0.243,praca zdalna
2026-07-01 13:00:00,Wednesday,13,0.088,0.000,0.000,0.227,0.162,0.000,0.477,praca zdalna
2026-07-01 14:00:00,Wednesday,14,0.068,0.713,0.000,0.000,0.175,0.000,0.956,praca zdalna
2026-07-01 15:00:00,Wednesday,15,0.068,0.809,0.000,0.000,0.232,0.000,1.109,praca zdalna
2026-07-01 16:00:00,Wednesday,16,0.086,0.623,0.000,0.000,0.211,0.000,0.920,praca zdalna
2026-07-01 17:00:00,Wednesday,17,0.077,1.052,0.000,0.000,0.091,0.000,1.220,
2026-07-01 18:00:00,Wednesday,18,0.068,0.000,0.000,0.986,0.143,0.000,1.197,
2026-07-01 19:00:00,Wednesday,19,0.068,0.000,0.000,0.000,0.167,0.000,0.235,
2026-07-01 20:00:00,Wednesday,20,0.076,0.000,0.000,0.000,0.194,0.552,0.822,zmywarka
2026-07-01 21:00:00,Wednesday,21,0.070,0.000,0.000,0.000,0.150,0.000,0.220,
2026-07-01 22:00:00,Wednesday,22,0.091,0.000,0.083,0.000,0.167,0.000,0.341,
2026-07-01 23:00:00,Wednesday,23,0.089,0.000,0.000,0.000,0.000,0.000,0.089,
2026-07-02 00:00:00,Thursday,0,0.079,0.000,0.000,0.000,0.000,0.000,0.079,
2026-07-02 01:00:00,Thursday,1,0.085,0.000,0.000,0.000,0.000,0.000,0.085,
2026-07-02 02:00:00,Thursday,2,0.085,0.166,0.000,0.000,0.000,0.000,0.251,
2026-07-02 03:00:00,Thursday,3,0.100,0.248,0.000,0.000,0.000,0.000,0.348,
2026-07-02 04:00:00,Thursday,4,0.086,0.209,0.000,0.000,0.000,0.000,0.295,
2026-07-02 05:00:00,Thursday,5,0.082,0.214,0.000,0.000,0.000,0.000,0.296,
2026-07-02 06:00:00,Thursday,6,0.091,0.305,0.000,0.178,0.000,0.000,0.574,
2026-07-02 07:00:00,Thursday,7,0.086,0.249,0.000,0.326,0.000,0.000,0.661,
2026-07-02 08:00:00,Thursday,8,0.089,0.184,0.000,0.194,0.000,0.000,0.467,
2026-07-02 09:00:00,Thursday,9,0.095,0.000,0.000,0.000,0.154,0.000,0.249,praca zdalna
2026-07-02 10:00:00,Thursday,10,0.074,0.155,0.000,0.000,0.146,0.000,0.375,praca zdalna
2026-07-02 11:00:00,Thursday,11,0.088,0.000,0.000,0.000,0.188,0.000,0.276,praca zdalna
2026-07-02 12:00:00,Thursday,12,0.082,0.148,0.000,0.246,0.143,0.000,0.619,praca zdalna
2026-07-02 13:00:00,Thursday,13,0.068,0.142,0.000,0.000,0.160,0.000,0.370,praca zdalna
2026-07-02 14:00:00,Thursday,14,0.070,0.134,0.000,0.000,0.129,0.000,0.333,praca zdalna
2026-07-02 15:00:00,Thursday,15,0.083,0.214,0.000,0.000,0.169,0.000,0.466,praca zdalna
2026-07-02 16:00:00,Thursday,16,0.094,0.161,0.000,0.000,0.170,0.000,0.425,praca zdalna
2026-07-02 17:00:00,Thursday,17,0.093,0.156,0.000,0.000,0.127,0.000,0.376,
2026-07-02 18:00:00,Thursday,18,0.092,0.140,0.000,0.752,0.125,0.000,1.109,
2026-07-02 19:00:00,Thursday,19,0.084,0.000,0.000,0.000,0.198,0.560,0.842,zmywarka
2026-07-02 20:00:00,Thursday,20,0.089,0.141,0.000,0.000,0.196,0.000,0.426,
2026-07-02 21:00:00,Thursday,21,0.076,0.233,0.000,0.000,0.127,0.000,0.436,
2026-07-02 22:00:00,Thursday,22,0.092,0.160,0.069,0.000,0.198,0.000,0.519,
2026-07-02 23:00:00,Thursday,23,0.092,0.226,0.000,0.000,0.000,0.000,0.318,
2026-07-03 00:00:00,Friday,0,0.093,0.224,0.000,0.000,0.000,0.000,0.317,
2026-07-03 01:00:00,Friday,1,0.079,0.252,0.000,0.000,0.000,0.000,0.331,
2026-07-03 02:00:00,Friday,2,0.088,0.348,0.000,0.000,0.000,0.000,0.436,
2026-07-03 03:00:00,Friday,3,0.077,0.316,0.000,0.000,0.000,0.000,0.393,
2026-07-03 04:00:00,Friday,4,0.088,0.395,0.000,0.000,0.000,0.000,0.483,
2026-07-03 05:00:00,Friday,5,0.103,0.394,0.000,0.000,0.000,0.000,0.497,
2026-07-03 06:00:00,Friday,6,0.071,0.428,0.000,0.232,0.000,0.000,0.731,
2026-07-03 07:00:00,Friday,7,0.070,0.514,0.000,0.306,0.000,0.000,0.890,
2026-07-03 08:00:00,Friday,8,0.079,0.473,0.000,0.127,0.000,0.000,0.679,
2026-07-03 09:00:00,Friday,9,0.067,0.391,0.000,0.000,0.061,0.000,0.519,
2026-07-03 10:00:00,Friday,10,0.078,0.274,0.000,0.000,0.071,0.000,0.423,
2026-07-03 11:00:00,Friday,11,0.088,0.307,0.000,0.000,0.070,0.000,0.465,
2026-07-03 12:00:00,Friday,12,0.093,0.292,0.000,0.000,0.080,0.000,0.465,
2026-07-03 13:00:00,Friday,13,0.080,0.306,0.000,0.431,0.078,0.000,0.895,
2026-07-03 14:00:00,Friday,14,0.069,0.371,0.000,0.000,0.139,0.000,0.579,
2026-07-03 15:00:00,Friday,15,0.073,0.283,0.000,0.000,0.051,0.000,0.407,
2026-07-03 16:00:00,Friday,16,0.091,0.235,0.000,0.000,0.137,0.000,0.463,
2026-07-03 17:00:00,Friday,17,0.092,0.236,0.000,0.000,0.109,0.000,0.437,
2026-07-03 18:00:00,Friday,18,0.070,0.271,0.000,0.592,0.103,0.000,1.036,
2026-07-03 19:00:00,Friday,19,0.089,0.290,0.000,0.000,0.156,0.496,1.031,zmywarka
2026-07-03 20:00:00,Friday,20,0.083,0.245,0.000,0.000,0.206,0.000,0.534,
2026-07-03 21:00:00,Friday,21,0.079,0.342,0.000,0.000,0.180,0.000,0.601,
2026-07-03 22:00:00,Friday,22,0.079,0.287,0.037,0.000,0.100,0.000,0.503,
2026-07-03 23:00:00,Friday,23,0.080,0.268,0.000,0.000,0.000,0.000,0.348,
2026-07-04 00:00:00,Saturday,0,0.111,0.351,0.000,0.000,0.000,0.000,0.462,
2026-07-04 01:00:00,Saturday,1,0.110,0.334,0.000,0.000,0.000,0.000,0.444,
2026-07-04 02:00:00,Saturday,2,0.099,0.406,0.000,0.000,0.000,0.000,0.505,
2026-07-04 03:00:00,Saturday,3,0.067,0.383,0.000,0.000,0.000,0.000,0.450,
2026-07-04 04:00:00,Saturday,4,0.101,0.427,0.000,0.000,0.000,0.000,0.528,
2026-07-04 05:00:00,Saturday,5,0.101,0.412,0.000,0.000,0.000,0.000,0.513,
2026-07-04 06:00:00,Saturday,6,0.073,0.454,0.000,0.156,0.000,0.000,0.683,
2026-07-04 07:00:00,Saturday,7,0.087,0.392,0.000,0.242,0.000,0.000,0.721,
2026-07-04 08:00:00,Saturday,8,0.088,0.357,0.000,0.158,0.000,0.000,0.603,
2026-07-04 09:00:00,Saturday,9,0.078,0.344,0.000,0.000,0.089,0.000,0.511,
2026-07-04 10:00:00,Saturday,10,0.089,0.286,0.000,0.000,0.087,0.485,0.947,pralka
2026-07-04 11:00:00,Saturday,11,0.079,0.262,0.000,0.000,0.039,0.000,0.380,
2026-07-04 12:00:00,Saturday,12,0.079,0.239,0.000,0.000,0.073,0.000,0.391,
2026-07-04 13:00:00,Saturday,13,0.082,0.234,0.000,0.681,0.128,0.000,1.125,
2026-07-04 14:00:00,Saturday,14,0.068,0.168,0.000,0.000,0.068,0.000,0.304,
2026-07-04 15:00:00,Saturday,15,0.067,0.000,0.000,0.000,0.083,0.000,0.150,
2026-07-04 16:00:00,Saturday,16,0.095,0.000,0.000,0.000,0.067,0.000,0.162,
2026-07-04 17:00:00,Saturday,17,0.087,0.000,0.000,1.062,0.098,0.000,1.247,goście
2026-07-04 18:00:00,Saturday,18,0.086,0.000,0.000,0.000,0.206,0.000,0.292,goście
2026-07-04 19:00:00,Saturday,19,0.068,0.000,0.000,0.000,0.124,0.000,0.192,goście
2026-07-04 20:00:00,Saturday,20,0.072,0.000,0.000,0.000,0.187,0.000,0.259,goście
2026-07-04 21:00:00,Saturday,21,0.075,0.127,0.000,0.000,0.095,0.000,0.297,goście
2026-07-04 22:00:00,Saturday,22,0.068,0.176,0.043,0.000,0.091,0.000,0.378,
2026-07-04 23:00:00,Saturday,23,0.096,0.189,0.000,0.000,0.000,0.000,0.285,
2026-07-05 00:00:00,Sunday,0,0.082,0.223,0.000,0.000,0.000,0.000,0.305,
2026-07-05 01:00:00,Sunday,1,0.068,0.215,0.000,0.000,0.000,0.000,0.283,
2026-07-05 02:00:00,Sunday,2,0.080,0.272,0.000,0.000,0.000,0.000,0.352,
2026-07-05 03:00:00,Sunday,3,0.089,0.236,0.000,0.000,0.000,0.000,0.325,
2026-07-05 04:00:00,Sunday,4,0.073,0.248,0.000,0.000,0.000,0.000,0.321,
2026-07-05 05:00:00,Sunday,5,0.085,0.323,0.000,0.000,0.000,0.000,0.408,
2026-07-05 06:00:00,Sunday,6,0.092,0.356,0.000,0.196,0.000,0.000,0.644,
2026-07-05 07:00:00,Sunday,7,0.074,0.381,0.000,0.242,0.000,0.000,0.697,
2026-07-05 08:00:00,Sunday,8,0.070,0.361,0.000,0.286,0.000,0.000,0.717,
2026-07-05 09:00:00,Sunday,9,0.091,0.309,0.000,0.000,0.133,0.000,0.533,
2026-07-05 10:00:00,Sunday,10,0.077,0.229,0.000,0.000,0.088,0.000,0.394,
2026-07-05 11:00:00,Sunday,11,0.087,0.224,0.000,0.000,0.080,0.000,0.391,
2026-07-05 12:00:00,Sunday,12,0.077,0.194,0.000,0.000,0.116,0.000,0.387,
2026-07-05 13:00:00,Sunday,13,0.092,0.000,0.000,0.737,0.058,0.000,0.887,
2026-07-05 14:00:00,Sunday,14,0.081,0.000,0.000,0.000,0.104,0.575,0.760,zmywarka
2026-07-05 15:00:00,Sunday,15,0.068,0.111,0.000,0.000,0.052,0.000,0.231,
2026-07-05 16:00:00,Sunday,16,0.086,0.113,0.000,0.000,0.146,0.000,0.345,
2026-07-05 17:00:00,Sunday,17,0.086,0.109,0.000,0.842,0.094,0.000,1.131,
2026-07-05 18:00:00,Sunday,18,0.083,0.155,0.000,0.000,0.107,0.000,0.345,
2026-07-05 19:00:00,Sunday,19,0.079,0.202,0.000,0.000,0.203,0.000,0.484,
2026-07-05 20:00:00,Sunday,20,0.067,0.236,0.000,0.000,0.174,0.000,0.477,
2026-07-05 21:00:00,Sunday,21,0.096,0.290,0.000,0.000,0.125,0.000,0.511,
2026-07-05 22:00:00,Sunday,22,0.085,0.251,0.062,0.000,0.138,0.000,0.536,
2026-07-05 23:00:00,Sunday,23,0.082,0.307,0.000,0.000,0.000,0.000,0.389,
2026-07-06 00:00:00,Monday,0,0.085,0.421,0.000,0.000,0.000,0.000,0.506,
2026-07-06 01:00:00,Monday,1,0.079,0.406,0.000,0.000,0.000,0.000,0.485,
2026-07-06 02:00:00,Monday,2,0.080,0.515,0.000,0.000,0.000,0.000,0.595,
2026-07-06 03:00:00,Monday,3,0.078,0.428,0.000,0.000,0.000,0.000,0.506,
2026-07-06 04:00:00,Monday,4,0.086,0.460,0.000,0.000,0.000,0.000,0.546,
2026-07-06 05:00:00,Monday,5,0.080,0.496,0.000,0.000,0.000,0.000,0.576,
2026-07-06 06:00:00,Monday,6,0.091,0.584,0.000,0.243,0.000,0.000,0.918,
2026-07-06 07:00:00,Monday,7,0.090,0.517,0.000,0.181,0.000,0.000,0.788,
2026-07-06 08:00:00,Monday,8,0.093,0.533,0.000,0.338,0.000,0.000,0.964,
2026-07-06 09:00:00,Monday,9,0.080,0.425,0.000,0.000,0.089,0.000,0.594,
2026-07-06 10:00:00,Monday,10,0.070,0.423,0.000,0.000,0.056,0.000,0.549,
2026-07-06 11:00:00,Monday,11,0.070,0.404,0.000,0.000,0.068,0.000,0.542,
2026-07-06 12:00:00,Monday,12,0.087,0.387,0.000,0.000,0.078,0.000,0.552,
2026-07-06 13:00:00,Monday,13,0.077,0.350,0.000,0.508,0.076,0.000,1.011,
2026-07-06 14:00:00,Monday,14,0.086,0.381,0.000,0.000,0.141,0.000,0.608,
2026-07-06 15:00:00,Monday,15,0.067,0.308,0.000,0.000,0.104,0.000,0.479,
2026-07-06 16:00:00,Monday,16,0.068,0.352,0.000,0.000,0.059,0.000,0.479,
2026-07-06 17:00:00,Monday,17,0.095,0.357,0.000,0.506,0.207,0.000,1.165,
2026-07-06 18:00:00,Monday,18,0.072,0.308,0.000,0.000,0.175,0.000,0.555,
2026-07-06 19:00:00,Monday,19,0.089,0.418,0.000,0.000,0.140,0.674,1.321,zmywarka
2026-07-06 20:00:00,Monday,20,0.092,0.404,0.000,0.000,0.199,0.000,0.695,
2026-07-06 21:00:00,Monday,21,0.071,0.336,0.101,0.000,0.100,0.000,0.608,
2026-07-06 22:00:00,Monday,22,0.076,0.255,0.030,0.000,0.173,0.000,0.534,
2026-07-06 23:00:00,Monday,23,0.091,0.292,0.000,0.000,0.000,0.000,0.383,
2026-07-07 00:00:00,Tuesday,0,0.116,0.000,0.000,0.000,0.000,0.000,0.116,tryb opieki nad psem; wyjazd / nieobecność
2026-07-07 01:00:00,Tuesday,1,0.149,0.000,0.000,0.000,0.000,0.000,0.149,tryb opieki nad psem; wyjazd / nieobecność
2026-07-07 02:00:00,Tuesday,2,0.124,0.148,0.000,0.000,0.000,0.000,0.272,tryb opieki nad psem; wyjazd / nieobecność
2026-07-07 03:00:00,Tuesday,3,0.140,0.148,0.000,0.000,0.000,0.000,0.288,tryb opieki nad psem; wyjazd / nieobecność
2026-07-07 04:00:00,Tuesday,4,0.122,0.144,0.000,0.000,0.000,0.000,0.266,tryb opieki nad psem; wyjazd / nieobecność
2026-07-07 05:00:00,Tuesday,5,0.143,0.171,0.000,0.000,0.000,0.000,0.314,tryb opieki nad psem; wyjazd / nieobecność
2026-07-07 06:00:00,Tuesday,6,0.139,0.000,0.000,0.000,0.000,0.000,0.139,tryb opieki nad psem; wyjazd / nieobecność
2026-07-07 07:00:00,Tuesday,7,0.127,0.000,0.000,0.000,0.000,0.000,0.127,tryb opieki nad psem; wyjazd / nieobecność
2026-07-07 08:00:00,Tuesday,8,0.131,0.000,0.000,0.000,0.000,0.000,0.131,tryb opieki nad psem; wyjazd / nieobecność
2026-07-07 09:00:00,Tuesday,9,0.127,0.000,0.000,0.000,0.085,0.000,0.212,tryb opieki nad psem; wyjazd / nieobecność; praca zdalna
2026-07-07 10:00:00,Tuesday,10,0.119,0.000,0.000,0.000,0.113,0.000,0.232,tryb opieki nad psem; wyjazd / nieobecność; praca zdalna
2026-07-07 11:00:00,Tuesday,11,0.141,0.000,0.000,0.000,0.092,0.000,0.233,tryb opieki nad psem; wyjazd / nieobecność; praca zdalna
2026-07-07 12:00:00,Tuesday,12,0.118,0.000,0.000,0.000,0.120,0.000,0.238,tryb opieki nad psem; wyjazd / nieobecność; praca zdalna
2026-07-07 13:00:00,Tuesday,13,0.127,0.000,0.000,0.000,0.077,0.000,0.204,tryb opieki nad psem; wyjazd / nieobecność; praca zdalna
2026-07-07 14:00:00,Tuesday,14,0.137,0.000,0.000,0.000,0.082,0.000,0.219,tryb opieki nad psem; wyjazd / nieobecność; praca zdalna
2026-07-07 15:00:00,Tuesday,15,0.120,0.000,0.000,0.000,0.099,0.000,0.219,tryb opieki nad psem; wyjazd / nieobecność; praca zdalna
2026-07-07 16:00:00,Tuesday,16,0.106,0.000,0.000,0.000,0.083,0.000,0.189,tryb opieki nad psem; wyjazd / nieobecność; praca zdalna
2026-07-07 17:00:00,Tuesday,17,0.114,0.000,0.000,0.000,0.000,0.000,0.114,tryb opieki nad psem; wyjazd / nieobecność
2026-07-07 18:00:00,Tuesday,18,0.117,0.000,0.000,0.000,0.000,0.000,0.117,tryb opieki nad psem; wyjazd / nieobecność
2026-07-07 19:00:00,Tuesday,19,0.122,0.000,0.000,0.000,0.000,0.000,0.122,tryb opieki nad psem; wyjazd / nieobecność
2026-07-07 20:00:00,Tuesday,20,0.128,0.000,0.000,0.000,0.000,0.000,0.128,tryb opieki nad psem; wyjazd / nieobecność
2026-07-07 21:00:00,Tuesday,21,0.119,0.163,0.000,0.000,0.000,0.000,0.282,tryb opieki nad psem; wyjazd / nieobecność
2026-07-07 22:00:00,Tuesday,22,0.108,0.175,0.000,0.000,0.000,0.000,0.283,tryb opieki nad psem; wyjazd / nieobecność
2026-07-07 23:00:00,Tuesday,23,0.142,0.188,0.000,0.000,0.000,0.000,0.330,tryb opieki nad psem; wyjazd / nieobecność
2026-07-08 00:00:00,Wednesday,0,0.075,0.303,0.000,0.000,0.000,0.000,0.378,
2026-07-08 01:00:00,Wednesday,1,0.068,0.340,0.000,0.000,0.000,0.000,0.408,
2026-07-08 02:00:00,Wednesday,2,0.110,0.375,0.000,0.000,0.000,0.000,0.485,
2026-07-08 03:00:00,Wednesday,3,0.091,0.474,0.000,0.000,0.000,0.000,0.565,
2026-07-08 04:00:00,Wednesday,4,0.091,0.475,0.000,0.000,0.000,0.000,0.566,
2026-07-08 05:00:00,Wednesday,5,0.090,0.514,0.000,0.000,0.000,0.000,0.604,
2026-07-08 06:00:00,Wednesday,6,0.072,0.529,0.000,0.323,0.000,0.000,0.924,
2026-07-08 07:00:00,Wednesday,7,0.071,0.441,0.000,0.175,0.000,0.000,0.687,
2026-07-08 08:00:00,Wednesday,8,0.076,0.355,0.000,0.229,0.000,0.000,0.660,
2026-07-08 09:00:00,Wednesday,9,0.085,0.315,0.000,0.000,0.052,0.000,0.452,
2026-07-08 10:00:00,Wednesday,10,0.079,0.277,0.000,0.000,0.066,0.000,0.422,
2026-07-08 11:00:00,Wednesday,11,0.088,0.164,0.000,0.000,0.052,0.000,0.304,
2026-07-08 12:00:00,Wednesday,12,0.073,0.118,0.000,0.209,0.067,0.000,0.467,
2026-07-08 13:00:00,Wednesday,13,0.089,0.000,0.000,0.000,0.087,0.000,0.176,
2026-07-08 14:00:00,Wednesday,14,0.079,0.000,0.000,0.000,0.101,0.000,0.180,
2026-07-08 15:00:00,Wednesday,15,0.076,0.000,0.000,0.000,0.071,0.000,0.147,
2026-07-08 16:00:00,Wednesday,16,0.086,0.000,0.000,0.000,0.086,0.000,0.172,
2026-07-08 17:00:00,Wednesday,17,0.085,0.000,0.000,0.000,0.188,0.000,0.273,
2026-07-08 18:00:00,Wednesday,18,0.074,0.000,0.000,0.763,0.147,0.000,0.984,
2026-07-08 19:00:00,Wednesday,19,0.088,0.000,0.000,0.000,0.193,0.000,0.281,
2026-07-08 20:00:00,Wednesday,20,0.083,0.000,0.000,0.000,0.094,0.000,0.177,
2026-07-08 21:00:00,Wednesday,21,0.087,0.136,0.000,0.000,0.191,0.000,0.414,
2026-07-08 22:00:00,Wednesday,22,0.089,0.000,0.062,0.000,0.148,0.000,0.299,
2026-07-08 23:00:00,Wednesday,23,0.080,0.158,0.000,0.000,0.000,0.000,0.238,
2026-07-09 00:00:00,Thursday,0,0.074,0.215,0.000,0.000,0.000,0.000,0.289,
2026-07-09 01:00:00,Thursday,1,0.100,0.236,0.000,0.000,0.000,0.000,0.336,
2026-07-09 02:00:00,Thursday,2,0.091,0.336,0.000,0.000,0.000,0.000,0.427,
2026-07-09 03:00:00,Thursday,3,0.082,0.310,0.000,0.000,0.000,0.000,0.392,
2026-07-09 04:00:00,Thursday,4,0.086,0.402,0.000,0.000,0.000,0.000,0.488,
2026-07-09 05:00:00,Thursday,5,0.079,0.353,0.000,0.000,0.000,0.000,0.432,
2026-07-09 06:00:00,Thursday,6,0.085,0.471,0.000,0.290,0.000,0.000,0.846,
2026-07-09 07:00:00,Thursday,7,0.074,0.334,0.000,0.280,0.000,0.000,0.688,
2026-07-09 08:00:00,Thursday,8,0.079,0.274,0.000,0.229,0.000,0.000,0.582,
2026-07-09 09:00:00,Thursday,9,0.092,0.223,0.000,0.000,0.049,0.000,0.364,
2026-07-09 10:00:00,Thursday,10,0.088,0.149,0.000,0.000,0.059,0.000,0.296,
2026-07-09 11:00:00,Thursday,11,0.071,0.000,0.000,0.000,0.075,0.000,0.146,
2026-07-09 12:00:00,Thursday,12,0.078,0.000,0.000,0.236,0.057,0.000,0.371,
2026-07-09 13:00:00,Thursday,13,0.086,0.815,0.000,0.000,0.087,0.000,0.988,
2026-07-09 14:00:00,Thursday,14,0.077,1.122,0.000,0.000,0.144,0.000,1.343,
2026-07-09 15:00:00,Thursday,15,0.080,0.988,0.000,0.000,0.104,0.000,1.172,
2026-07-09 16:00:00,Thursday,16,0.094,1.176,0.000,0.000,0.137,0.000,1.407,
2026-07-09 17:00:00,Thursday,17,0.073,1.048,0.000,0.000,0.094,0.000,1.215,
2026-07-09 18:00:00,Thursday,18,0.088,0.736,0.000,0.607,0.155,0.000,1.586,
2026-07-09 19:00:00,Thursday,19,0.092,1.135,0.000,0.000,0.148,0.503,1.878,zmywarka
2026-07-09 20:00:00,Thursday,20,0.075,0.000,0.000,0.000,0.146,0.000,0.221,
2026-07-09 21:00:00,Thursday,21,0.087,0.000,0.000,0.000,0.106,0.000,0.193,
2026-07-09 22:00:00,Thursday,22,0.085,0.000,0.071,0.000,0.163,0.000,0.319,
2026-07-09 23:00:00,Thursday,23,0.086,0.000,0.000,0.000,0.000,0.000,0.086,
2026-07-10 00:00:00,Friday,0,0.089,0.000,0.000,0.000,0.000,0.000,0.089,
2026-07-10 01:00:00,Friday,1,0.092,0.127,0.000,0.000,0.000,0.000,0.219,
2026-07-10 02:00:00,Friday,2,0.094,0.152,0.000,0.000,0.000,0.000,0.246,
2026-07-10 03:00:00,Friday,3,0.093,0.191,0.000,0.000,0.000,0.000,0.284,
2026-07-10 04:00:00,Friday,4,0.086,0.170,0.000,0.000,0.000,0.000,0.256,
2026-07-10 05:00:00,Friday,5,0.095,0.229,0.000,0.000,0.000,0.000,0.324,
2026-07-10 06:00:00,Friday,6,0.089,0.311,0.000,0.161,0.000,0.000,0.561,
2026-07-10 07:00:00,Friday,7,0.094,0.202,0.000,0.196,0.000,0.000,0.492,
2026-07-10 08:00:00,Friday,8,0.095,0.133,0.000,0.172,0.000,0.000,0.400,
2026-07-10 09:00:00,Friday,9,0.072,0.000,0.000,0.000,0.141,0.000,0.213,praca zdalna
2026-07-10 10:00:00,Friday,10,0.089,0.000,0.000,0.000,0.133,0.000,0.222,praca zdalna
2026-07-10 11:00:00,Friday,11,0.081,0.000,0.000,0.000,0.170,0.000,0.251,praca zdalna
2026-07-10 12:00:00,Friday,12,0.088,0.949,0.000,0.000,0.172,0.000,1.209,praca zdalna
2026-07-10 13:00:00,Friday,13,0.086,1.171,0.000,0.190,0.180,0.000,1.627,praca zdalna
2026-07-10 14:00:00,Friday,14,0.092,0.493,0.000,0.000,0.165,0.000,0.750,praca zdalna
2026-07-10 15:00:00,Friday,15,0.070,0.667,0.000,0.000,0.134,0.000,0.871,praca zdalna
2026-07-10 16:00:00,Friday,16,0.083,1.079,0.000,0.000,0.188,0.000,1.350,praca zdalna
2026-07-10 17:00:00,Friday,17,0.068,0.498,0.000,0.451,0.155,0.000,1.172,
2026-07-10 18:00:00,Friday,18,0.075,0.814,0.000,0.000,0.092,0.000,0.981,
2026-07-10 19:00:00,Friday,19,0.091,0.783,0.000,0.000,0.169,0.000,1.043,
2026-07-10 20:00:00,Friday,20,0.074,0.120,0.000,0.000,0.122,0.604,0.920,zmywarka
2026-07-10 21:00:00,Friday,21,0.073,0.000,0.112,0.000,0.108,0.000,0.293,
2026-07-10 22:00:00,Friday,22,0.086,0.000,0.044,0.000,0.199,0.000,0.329,
2026-07-10 23:00:00,Friday,23,0.099,0.000,0.000,0.000,0.000,0.000,0.099,
2026-07-11 00:00:00,Saturday,0,0.073,0.000,0.000,0.000,0.000,0.000,0.073,
2026-07-11 01:00:00,Saturday,1,0.081,0.000,0.000,0.000,0.000,0.000,0.081,
2026-07-11 02:00:00,Saturday,2,0.099,0.130,0.000,0.000,0.000,0.000,0.229,
2026-07-11 03:00:00,Saturday,3,0.100,0.185,0.000,0.000,0.000,0.000,0.285,
2026-07-11 04:00:00,Saturday,4,0.098,0.172,0.000,0.000,0.000,0.000,0.270,
2026-07-11 05:00:00,Saturday,5,0.106,0.221,0.000,0.000,0.000,0.000,0.327,
2026-07-11 06:00:00,Saturday,6,0.076,0.238,0.000,0.249,0.000,0.000,0.563,
2026-07-11 07:00:00,Saturday,7,0.070,0.232,0.000,0.242,0.000,0.000,0.544,
2026-07-11 08:00:00,Saturday,8,0.094,0.154,0.000,0.242,0.000,0.000,0.490,
2026-07-11 09:00:00,Saturday,9,0.070,0.000,0.000,0.000,0.119,0.000,0.189,
2026-07-11 10:00:00,Saturday,10,0.093,0.000,0.000,0.000,0.038,0.596,0.727,pralka
2026-07-11 11:00:00,Saturday,11,0.086,0.000,0.000,0.000,0.031,0.000,0.117,
2026-07-11 12:00:00,Saturday,12,0.095,0.850,0.000,0.000,0.031,0.000,0.976,
2026-07-11 13:00:00,Saturday,13,0.079,0.755,0.000,0.185,0.096,0.538,1.653,zmywarka
2026-07-11 14:00:00,Saturday,14,0.076,0.887,0.000,0.000,0.139,0.000,1.102,
2026-07-11 15:00:00,Saturday,15,0.084,1.043,0.000,0.000,0.132,0.000,1.259,
2026-07-11 16:00:00,Saturday,16,0.082,0.484,0.000,0.000,0.128,0.000,0.694,
2026-07-11 17:00:00,Saturday,17,0.071,0.539,0.000,0.572,0.197,0.000,1.379,
2026-07-11 18:00:00,Saturday,18,0.092,0.497,0.000,0.000,0.100,0.000,0.689,
2026-07-11 19:00:00,Saturday,19,0.095,0.999,0.000,0.000,0.203,0.000,1.297,
2026-07-11 20:00:00,Saturday,20,0.092,0.120,0.000,0.000,0.091,0.000,0.303,
2026-07-11 21:00:00,Saturday,21,0.070,0.120,0.000,0.000,0.163,0.000,0.353,
2026-07-11 22:00:00,Saturday,22,0.085,0.120,0.052,0.000,0.111,0.000,0.368,
2026-07-11 23:00:00,Saturday,23,0.067,0.120,0.000,0.000,0.000,0.000,0.187,
2026-07-12 00:00:00,Sunday,0,0.091,0.000,0.000,0.000,0.000,0.000,0.091,
2026-07-12 01:00:00,Sunday,1,0.088,0.000,0.000,0.000,0.000,0.000,0.088,
2026-07-12 02:00:00,Sunday,2,0.083,0.000,0.000,0.000,0.000,0.000,0.083,
2026-07-12 03:00:00,Sunday,3,0.103,0.000,0.000,0.000,0.000,0.000,0.103,
2026-07-12 04:00:00,Sunday,4,0.076,0.000,0.000,0.000,0.000,0.000,0.076,
2026-07-12 05:00:00,Sunday,5,0.102,0.000,0.000,0.000,0.000,0.000,0.102,
2026-07-12 06:00:00,Sunday,6,0.080,0.000,0.000,0.245,0.000,0.000,0.325,
2026-07-12 07:00:00,Sunday,7,0.080,0.000,0.000,0.188,0.000,0.000,0.268,
2026-07-12 08:00:00,Sunday,8,0.080,0.000,0.000,0.252,0.000,0.000,0.332,
2026-07-12 09:00:00,Sunday,9,0.075,0.120,0.000,0.000,0.074,0.000,0.269,
2026-07-12 10:00:00,Sunday,10,0.086,0.120,0.000,0.000,0.095,0.000,0.301,
2026-07-12 11:00:00,Sunday,11,0.084,0.120,0.000,0.000,0.142,0.000,0.346,
2026-07-12 12:00:00,Sunday,12,0.079,0.725,0.000,0.000,0.141,0.000,0.945,
2026-07-12 13:00:00,Sunday,13,0.085,0.743,0.000,0.288,0.050,0.000,1.166,
2026-07-12 14:00:00,Sunday,14,0.071,1.181,0.000,0.000,0.131,0.000,1.383,
2026-07-12 15:00:00,Sunday,15,0.080,0.709,0.000,0.000,0.131,0.000,0.920,
2026-07-12 16:00:00,Sunday,16,0.094,0.635,0.000,0.000,0.149,0.000,0.878,
2026-07-12 17:00:00,Sunday,17,0.092,0.549,0.000,0.000,0.146,0.000,0.787,
2026-07-12 18:00:00,Sunday,18,0.072,0.865,0.000,0.550,0.178,0.000,1.665,
2026-07-12 19:00:00,Sunday,19,0.091,0.593,0.000,0.000,0.116,0.000,0.800,
2026-07-12 20:00:00,Sunday,20,0.089,0.120,0.000,0.000,0.161,0.000,0.370,
2026-07-12 21:00:00,Sunday,21,0.076,0.120,0.000,0.000,0.160,0.000,0.356,
2026-07-12 22:00:00,Sunday,22,0.094,0.000,0.040,0.000,0.157,0.000,0.291,
2026-07-12 23:00:00,Sunday,23,0.092,0.000,0.000,0.000,0.000,0.000,0.092,
2026-07-13 00:00:00,Monday,0,0.082,0.000,0.000,0.000,0.000,0.000,0.082,
2026-07-13 01:00:00,Monday,1,0.078,0.000,0.000,0.000,0.000,0.000,0.078,
2026-07-13 02:00:00,Monday,2,0.082,0.000,0.000,0.000,0.000,0.000,0.082,
2026-07-13 03:00:00,Monday,3,0.089,0.000,0.000,0.000,0.000,0.000,0.089,
2026-07-13 04:00:00,Monday,4,0.091,0.000,0.000,0.000,0.000,0.000,0.091,
2026-07-13 05:00:00,Monday,5,0.079,0.000,0.000,0.000,0.000,0.000,0.079,
2026-07-13 06:00:00,Monday,6,0.095,0.149,0.000,0.109,0.000,0.000,0.353,
2026-07-13 07:00:00,Monday,7,0.089,0.000,0.000,0.259,0.000,0.000,0.348,
2026-07-13 08:00:00,Monday,8,0.082,0.182,0.000,0.301,0.000,0.000,0.565,
2026-07-13 09:00:00,Monday,9,0.066,0.176,0.000,0.000,0.079,0.000,0.321,
2026-07-13 10:00:00,Monday,10,0.088,0.000,0.000,0.000,0.061,0.000,0.149,
2026-07-13 11:00:00,Monday,11,0.068,0.000,0.000,0.000,0.055,0.481,0.604,pralka
2026-07-13 12:00:00,Monday,12,0.085,0.000,0.000,0.472,0.063,1.368,1.988,suszarka
2026-07-13 13:00:00,Monday,13,0.091,0.000,0.000,0.000,0.080,0.000,0.171,
2026-07-13 14:00:00,Monday,14,0.091,0.000,0.000,0.000,0.067,0.000,0.158,
2026-07-13 15:00:00,Monday,15,0.071,0.000,0.000,0.000,0.143,0.000,0.214,
2026-07-13 16:00:00,Monday,16,0.092,0.000,0.000,0.000,0.129,0.000,0.221,
2026-07-13 17:00:00,Monday,17,0.077,0.000,0.000,0.640,0.110,0.000,0.827,
2026-07-13 18:00:00,Monday,18,0.082,0.000,0.000,0.000,0.170,0.000,0.252,
2026-07-13 19:00:00,Monday,19,0.071,0.000,0.000,0.000,0.199,0.000,0.270,
2026-07-13 20:00:00,Monday,20,0.092,0.000,0.000,0.000,0.159,0.607,0.858,zmywarka
2026-07-13 21:00:00,Monday,21,0.073,0.000,0.000,0.000,0.120,0.000,0.193,
2026-07-13 22:00:00,Monday,22,0.075,0.000,0.086,0.000,0.125,0.000,0.286,
2026-07-13 23:00:00,Monday,23,0.098,0.000,0.000,0.000,0.000,0.000,0.098,
2026-07-14 00:00:00,Tuesday,0,0.080,0.000,0.000,0.000,0.000,0.000,0.080,
2026-07-14 01:00:00,Tuesday,1,0.088,0.000,0.000,0.000,0.000,0.000,0.088,
2026-07-14 02:00:00,Tuesday,2,0.070,0.000,0.000,0.000,0.000,0.000,0.070,
2026-07-14 03:00:00,Tuesday,3,0.095,0.117,0.000,0.000,0.000,0.000,0.212,
2026-07-14 04:00:00,Tuesday,4,0.086,0.169,0.000,0.000,0.000,0.000,0.255,
2026-07-14 05:00:00,Tuesday,5,0.082,0.185,0.000,0.000,0.000,0.000,0.267,
2026-07-14 06:00:00,Tuesday,6,0.077,0.205,0.000,0.229,0.000,0.000,0.511,
2026-07-14 07:00:00,Tuesday,7,0.086,0.172,0.000,0.269,0.000,0.000,0.527,
2026-07-14 08:00:00,Tuesday,8,0.085,0.000,0.000,0.217,0.000,0.000,0.302,
2026-07-14 09:00:00,Tuesday,9,0.071,0.000,0.000,0.000,0.086,0.000,0.157,
2026-07-14 10:00:00,Tuesday,10,0.085,0.000,0.000,0.000,0.083,0.000,0.168,
2026-07-14 11:00:00,Tuesday,11,0.068,0.120,0.000,0.000,0.070,0.000,0.258,
2026-07-14 12:00:00,Tuesday,12,0.067,0.878,0.000,0.000,0.050,0.000,0.995,
2026-07-14 13:00:00,Tuesday,13,0.076,0.694,0.000,0.380,0.087,0.000,1.237,
2026-07-14 14:00:00,Tuesday,14,0.079,0.736,0.000,0.000,0.120,0.000,0.935,
2026-07-14 15:00:00,Tuesday,15,0.079,0.804,0.000,0.000,0.094,0.000,0.977,
2026-07-14 16:00:00,Tuesday,16,0.086,1.078,0.000,0.000,0.085,0.000,1.249,
2026-07-14 17:00:00,Tuesday,17,0.070,1.186,0.000,0.647,0.166,0.000,2.069,
2026-07-14 18:00:00,Tuesday,18,0.073,0.605,0.000,0.000,0.185,0.000,0.863,
2026-07-14 19:00:00,Tuesday,19,0.076,0.716,0.000,0.000,0.116,0.673,1.581,zmywarka
2026-07-14 20:00:00,Tuesday,20,0.091,0.120,0.000,0.000,0.104,0.000,0.315,
2026-07-14 21:00:00,Tuesday,21,0.085,0.120,0.000,0.000,0.208,0.000,0.413,
2026-07-14 22:00:00,Tuesday,22,0.089,0.000,0.064,0.000,0.160,0.000,0.313,
2026-07-14 23:00:00,Tuesday,23,0.067,0.000,0.000,0.000,0.000,0.000,0.067,
2026-07-15 00:00:00,Wednesday,0,0.094,0.000,0.000,0.000,0.000,0.000,0.094,
2026-07-15 01:00:00,Wednesday,1,0.073,0.000,0.000,0.000,0.000,0.000,0.073,
2026-07-15 02:00:00,Wednesday,2,0.072,0.155,0.000,0.000,0.000,0.000,0.227,
2026-07-15 03:00:00,Wednesday,3,0.091,0.149,0.000,0.000,0.000,0.000,0.240,
2026-07-15 04:00:00,Wednesday,4,0.111,0.153,0.000,0.000,0.000,0.000,0.264,
2026-07-15 05:00:00,Wednesday,5,0.097,0.152,0.000,0.000,0.000,0.000,0.249,
2026-07-15 06:00:00,Wednesday,6,0.092,0.237,0.000,0.236,0.000,0.000,0.565,
2026-07-15 07:00:00,Wednesday,7,0.092,0.168,0.000,0.219,0.000,0.000,0.479,
2026-07-15 08:00:00,Wednesday,8,0.091,0.131,0.000,0.176,0.000,0.000,0.398,
2026-07-15 09:00:00,Wednesday,9,0.073,0.000,0.000,0.000,0.076,0.000,0.149,
2026-07-15 10:00:00,Wednesday,10,0.086,0.000,0.000,0.000,0.065,0.000,0.151,
2026-07-15 11:00:00,Wednesday,11,0.079,0.000,0.000,0.000,0.086,0.000,0.165,
2026-07-15 12:00:00,Wednesday,12,0.070,0.611,0.000,0.000,0.065,0.000,0.746,
2026-07-15 13:00:00,Wednesday,13,0.092,1.142,0.000,0.475,0.071,0.000,1.780,
2026-07-15 14:00:00,Wednesday,14,0.068,1.016,0.000,0.000,0.068,0.000,1.152,
2026-07-15 15:00:00,Wednesday,15,0.091,0.693,0.000,0.000,0.053,0.000,0.837,
2026-07-15 16:00:00,Wednesday,16,0.089,0.670,0.000,0.000,0.081,0.000,0.840,
2026-07-15 17:00:00,Wednesday,17,0.086,0.608,0.000,0.701,0.166,0.000,1.561,
2026-07-15 18:00:00,Wednesday,18,0.094,0.490,0.000,0.000,0.209,0.000,0.793,
2026-07-15 19:00:00,Wednesday,19,0.093,1.132,0.000,0.000,0.183,0.000,1.408,
2026-07-15 20:00:00,Wednesday,20,0.092,0.120,0.000,0.000,0.208,0.518,0.938,zmywarka
2026-07-15 21:00:00,Wednesday,21,0.071,0.000,0.000,0.000,0.147,0.000,0.218,
2026-07-15 22:00:00,Wednesday,22,0.094,0.000,0.053,0.000,0.112,0.000,0.259,
2026-07-15 23:00:00,Wednesday,23,0.067,0.000,0.000,0.000,0.000,0.000,0.067,
2026-07-16 00:00:00,Thursday,0,0.083,0.000,0.000,0.000,0.000,0.000,0.083,
2026-07-16 01:00:00,Thursday,1,0.068,0.000,0.000,0.000,0.000,0.000,0.068,
2026-07-16 02:00:00,Thursday,2,0.085,0.000,0.000,0.000,0.000,0.000,0.085,
2026-07-16 03:00:00,Thursday,3,0.073,0.000,0.000,0.000,0.000,0.000,0.073,
2026-07-16 04:00:00,Thursday,4,0.069,0.000,0.000,0.000,0.000,0.000,0.069,
2026-07-16 05:00:00,Thursday,5,0.097,0.000,0.000,0.000,0.000,0.000,0.097,
2026-07-16 06:00:00,Thursday,6,0.083,0.155,0.000,0.322,0.000,0.000,0.560,
2026-07-16 07:00:00,Thursday,7,0.071,0.158,0.000,0.342,0.000,0.000,0.571,
2026-07-16 08:00:00,Thursday,8,0.089,0.000,0.000,0.244,0.000,0.000,0.333,
2026-07-16 09:00:00,Thursday,9,0.092,0.000,0.000,0.000,0.164,0.000,0.256,praca zdalna
2026-07-16 10:00:00,Thursday,10,0.080,0.000,0.000,0.000,0.120,0.000,0.200,praca zdalna
2026-07-16 11:00:00,Thursday,11,0.085,0.000,0.000,0.000,0.186,0.000,0.271,praca zdalna
2026-07-16 12:00:00,Thursday,12,0.079,0.634,0.000,0.265,0.119,0.000,1.097,praca zdalna
2026-07-16 13:00:00,Thursday,13,0.087,0.926,0.000,0.000,0.119,0.000,1.132,praca zdalna
2026-07-16 14:00:00,Thursday,14,0.081,0.712,0.000,0.000,0.208,0.000,1.001,praca zdalna
2026-07-16 15:00:00,Thursday,15,0.072,0.983,0.000,0.000,0.193,0.000,1.248,praca zdalna
2026-07-16 16:00:00,Thursday,16,0.078,1.051,0.000,0.000,0.200,0.000,1.329,praca zdalna
2026-07-16 17:00:00,Thursday,17,0.074,0.819,0.000,0.475,0.118,0.000,1.486,
2026-07-16 18:00:00,Thursday,18,0.095,0.634,0.000,0.000,0.200,0.000,0.929,
2026-07-16 19:00:00,Thursday,19,0.069,0.841,0.000,0.000,0.135,0.000,1.045,
2026-07-16 20:00:00,Thursday,20,0.068,0.120,0.000,0.000,0.166,0.647,1.001,zmywarka
2026-07-16 21:00:00,Thursday,21,0.085,0.000,0.000,0.000,0.207,0.000,0.292,
2026-07-16 22:00:00,Thursday,22,0.067,0.000,0.031,0.000,0.187,0.000,0.285,
2026-07-16 23:00:00,Thursday,23,0.093,0.000,0.000,0.000,0.000,0.000,0.093,
2026-07-17 00:00:00,Friday,0,0.092,0.000,0.000,0.000,0.000,0.000,0.092,
2026-07-17 01:00:00,Friday,1,0.111,0.000,0.000,0.000,0.000,0.000,0.111,
2026-07-17 02:00:00,Friday,2,0.073,0.000,0.000,0.000,0.000,0.000,0.073,
2026-07-17 03:00:00,Friday,3,0.089,0.000,0.000,0.000,0.000,0.000,0.089,
2026-07-17 04:00:00,Friday,4,0.107,0.000,0.000,0.000,0.000,0.000,0.107,
2026-07-17 05:00:00,Friday,5,0.083,0.000,0.000,0.000,0.000,0.000,0.083,
2026-07-17 06:00:00,Friday,6,0.094,0.142,0.000,0.225,0.000,0.000,0.461,
2026-07-17 07:00:00,Friday,7,0.082,0.000,0.000,0.175,0.000,0.000,0.257,
2026-07-17 08:00:00,Friday,8,0.068,0.000,0.000,0.311,0.000,0.000,0.379,
2026-07-17 09:00:00,Friday,9,0.066,0.000,0.000,0.000,0.145,0.000,0.211,praca zdalna
2026-07-17 10:00:00,Friday,10,0.094,0.120,0.000,0.000,0.191,0.000,0.405,praca zdalna
2026-07-17 11:00:00,Friday,11,0.094,0.120,0.000,0.000,0.140,0.000,0.354,praca zdalna
2026-07-17 12:00:00,Friday,12,0.069,0.800,0.000,0.000,0.142,0.000,1.011,praca zdalna
2026-07-17 13:00:00,Friday,13,0.068,1.040,0.000,0.352,0.175,0.000,1.635,praca zdalna
2026-07-17 14:00:00,Friday,14,0.081,0.683,0.000,0.000,0.185,0.000,0.949,praca zdalna
2026-07-17 15:00:00,Friday,15,0.073,0.890,0.000,0.000,0.211,0.000,1.174,praca zdalna
2026-07-17 16:00:00,Friday,16,0.095,0.749,0.000,0.000,0.232,0.000,1.076,praca zdalna
2026-07-17 17:00:00,Friday,17,0.084,0.775,0.000,0.000,0.151,0.000,1.010,
2026-07-17 18:00:00,Friday,18,0.080,0.492,0.000,1.034,0.122,0.000,1.728,
2026-07-17 19:00:00,Friday,19,0.080,0.000,0.000,0.000,0.106,0.000,0.186,
2026-07-17 20:00:00,Friday,20,0.085,0.000,0.000,0.000,0.184,0.000,0.269,
2026-07-17 21:00:00,Friday,21,0.077,0.000,0.000,0.000,0.117,0.000,0.194,
2026-07-17 22:00:00,Friday,22,0.071,0.000,0.058,0.000,0.199,0.000,0.328,
2026-07-17 23:00:00,Friday,23,0.095,0.000,0.000,0.000,0.000,0.000,0.095,
2026-07-18 00:00:00,Saturday,0,0.086,0.000,0.000,0.000,0.000,0.000,0.086,
2026-07-18 01:00:00,Saturday,1,0.104,0.000,0.000,0.000,0.000,0.000,0.104,
2026-07-18 02:00:00,Saturday,2,0.092,0.000,0.000,0.000,0.000,0.000,0.092,
2026-07-18 03:00:00,Saturday,3,0.086,0.000,0.000,0.000,0.000,0.000,0.086,
2026-07-18 04:00:00,Saturday,4,0.106,0.134,0.000,0.000,0.000,0.000,0.240,
2026-07-18 05:00:00,Saturday,5,0.067,0.185,0.000,0.000,0.000,0.000,0.252,
2026-07-18 06:00:00,Saturday,6,0.093,0.286,0.000,0.100,0.000,0.000,0.479,
2026-07-18 07:00:00,Saturday,7,0.068,0.311,0.000,0.329,0.000,0.000,0.708,
2026-07-18 08:00:00,Saturday,8,0.093,0.212,0.000,0.296,0.000,0.000,0.601,
2026-07-18 09:00:00,Saturday,9,0.073,0.152,0.000,0.000,0.064,0.000,0.289,
2026-07-18 10:00:00,Saturday,10,0.071,0.000,0.000,0.000,0.113,0.000,0.184,
2026-07-18 11:00:00,Saturday,11,0.068,0.000,0.000,0.000,0.136,0.483,0.687,pralka
2026-07-18 12:00:00,Saturday,12,0.086,0.000,0.000,0.304,0.144,0.000,0.534,
2026-07-18 13:00:00,Saturday,13,0.086,0.000,0.000,0.000,0.046,0.000,0.132,
2026-07-18 14:00:00,Saturday,14,0.076,0.000,0.000,0.000,0.032,0.494,0.602,zmywarka
2026-07-18 15:00:00,Saturday,15,0.075,0.000,0.000,0.000,0.142,0.000,0.217,
2026-07-18 16:00:00,Saturday,16,0.095,0.000,0.000,0.000,0.046,0.000,0.141,
2026-07-18 17:00:00,Saturday,17,0.085,0.000,0.000,0.581,0.169,0.000,0.835,
2026-07-18 18:00:00,Saturday,18,0.074,0.000,0.000,0.000,0.100,0.000,0.174,
2026-07-18 19:00:00,Saturday,19,0.067,0.000,0.000,0.000,0.205,0.000,0.272,
2026-07-18 20:00:00,Saturday,20,0.093,0.000,0.000,0.000,0.111,0.000,0.204,
2026-07-18 21:00:00,Saturday,21,0.080,0.155,0.000,0.000,0.110,0.000,0.345,
2026-07-18 22:00:00,Saturday,22,0.068,0.159,0.066,0.000,0.135,0.000,0.428,
2026-07-18 23:00:00,Saturday,23,0.085,0.176,0.000,0.000,0.000,0.000,0.261,
2026-07-19 00:00:00,Sunday,0,0.112,0.193,0.000,0.000,0.000,0.000,0.305,
2026-07-19 01:00:00,Sunday,1,0.086,0.225,0.000,0.000,0.000,0.000,0.311,
2026-07-19 02:00:00,Sunday,2,0.091,0.215,0.000,0.000,0.000,0.000,0.306,
2026-07-19 03:00:00,Sunday,3,0.068,0.289,0.000,0.000,0.000,0.000,0.357,
2026-07-19 04:00:00,Sunday,4,0.089,0.238,0.000,0.000,0.000,0.000,0.327,
2026-07-19 05:00:00,Sunday,5,0.069,0.230,0.000,0.000,0.000,0.000,0.299,
2026-07-19 06:00:00,Sunday,6,0.085,0.320,0.000,0.257,0.000,0.000,0.662,
2026-07-19 07:00:00,Sunday,7,0.077,0.298,0.000,0.101,0.000,0.000,0.476,
2026-07-19 08:00:00,Sunday,8,0.086,0.332,0.000,0.248,0.000,0.000,0.666,
2026-07-19 09:00:00,Sunday,9,0.076,0.218,0.000,0.000,0.077,0.000,0.371,
2026-07-19 10:00:00,Sunday,10,0.089,0.236,0.000,0.000,0.034,0.000,0.359,
2026-07-19 11:00:00,Sunday,11,0.071,0.205,0.000,0.000,0.056,0.563,0.895,pralka
2026-07-19 12:00:00,Sunday,12,0.091,0.167,0.000,0.729,0.079,1.083,2.149,suszarka
2026-07-19 13:00:00,Sunday,13,0.076,0.000,0.000,0.000,0.044,0.650,0.770,zmywarka
2026-07-19 14:00:00,Sunday,14,0.081,0.166,0.000,0.000,0.092,0.000,0.339,
2026-07-19 15:00:00,Sunday,15,0.088,0.000,0.000,0.000,0.075,0.000,0.163,
2026-07-19 16:00:00,Sunday,16,0.076,0.281,0.000,0.000,0.110,0.000,0.467,
2026-07-19 17:00:00,Sunday,17,0.088,0.342,0.000,0.000,0.188,0.000,0.618,goście
2026-07-19 18:00:00,Sunday,18,0.085,0.326,0.000,0.756,0.102,0.000,1.269,goście
2026-07-19 19:00:00,Sunday,19,0.076,0.357,0.000,0.000,0.197,0.000,0.630,goście
2026-07-19 20:00:00,Sunday,20,0.082,0.398,0.000,0.000,0.131,0.000,0.611,goście
2026-07-19 21:00:00,Sunday,21,0.078,0.394,0.094,0.000,0.165,0.000,0.731,goście
2026-07-19 22:00:00,Sunday,22,0.077,0.386,0.065,0.000,0.155,0.000,0.683,
2026-07-19 23:00:00,Sunday,23,0.085,0.332,0.000,0.000,0.000,0.000,0.417,
2026-07-20 00:00:00,Monday,0,0.072,0.286,0.000,0.000,0.000,0.000,0.358,
2026-07-20 01:00:00,Monday,1,0.087,0.230,0.000,0.000,0.000,0.000,0.317,
2026-07-20 02:00:00,Monday,2,0.073,0.341,0.000,0.000,0.000,0.000,0.414,
2026-07-20 03:00:00,Monday,3,0.088,0.356,0.000,0.000,0.000,0.000,0.444,
2026-07-20 04:00:00,Monday,4,0.092,0.310,0.000,0.000,0.000,0.000,0.402,
2026-07-20 05:00:00,Monday,5,0.086,0.325,0.000,0.000,0.000,0.000,0.411,
2026-07-20 06:00:00,Monday,6,0.089,0.401,0.000,0.239,0.000,0.000,0.729,
2026-07-20 07:00:00,Monday,7,0.070,0.386,0.000,0.276,0.000,0.000,0.732,
2026-07-20 08:00:00,Monday,8,0.067,0.363,0.000,0.333,0.000,0.000,0.763,
2026-07-20 09:00:00,Monday,9,0.085,0.427,0.000,0.000,0.178,0.000,0.690,praca zdalna
2026-07-20 10:00:00,Monday,10,0.088,0.388,0.000,0.000,0.158,0.000,0.634,praca zdalna
2026-07-20 11:00:00,Monday,11,0.068,0.401,0.000,0.000,0.159,0.000,0.628,praca zdalna
2026-07-20 12:00:00,Monday,12,0.088,0.319,0.000,0.520,0.150,0.000,1.077,praca zdalna
2026-07-20 13:00:00,Monday,13,0.075,0.275,0.000,0.000,0.117,0.000,0.467,praca zdalna
2026-07-20 14:00:00,Monday,14,0.094,0.215,0.000,0.000,0.127,0.000,0.436,praca zdalna
2026-07-20 15:00:00,Monday,15,0.094,0.181,0.000,0.000,0.187,0.000,0.462,praca zdalna
2026-07-20 16:00:00,Monday,16,0.074,0.167,0.000,0.000,0.232,0.000,0.473,praca zdalna
2026-07-20 17:00:00,Monday,17,0.080,0.000,0.000,0.500,0.167,0.000,0.747,
2026-07-20 18:00:00,Monday,18,0.092,0.000,0.000,0.000,0.146,0.000,0.238,
2026-07-20 19:00:00,Monday,19,0.067,0.000,0.000,0.000,0.091,0.000,0.158,
2026-07-20 20:00:00,Monday,20,0.091,0.000,0.000,0.000,0.182,0.670,0.943,zmywarka
2026-07-20 21:00:00,Monday,21,0.095,0.154,0.000,0.000,0.143,0.000,0.392,
2026-07-20 22:00:00,Monday,22,0.072,0.145,0.068,0.000,0.133,0.000,0.418,
2026-07-20 23:00:00,Monday,23,0.082,0.206,0.000,0.000,0.000,0.000,0.288,
2026-07-21 00:00:00,Tuesday,0,0.100,0.255,0.000,0.000,0.000,0.000,0.355,
2026-07-21 01:00:00,Tuesday,1,0.100,0.222,0.000,0.000,0.000,0.000,0.322,
2026-07-21 02:00:00,Tuesday,2,0.085,0.339,0.000,0.000,0.000,0.000,0.424,
2026-07-21 03:00:00,Tuesday,3,0.092,0.353,0.000,0.000,0.000,0.000,0.445,
2026-07-21 04:00:00,Tuesday,4,0.091,0.403,0.000,0.000,0.000,0.000,0.494,
2026-07-21 05:00:00,Tuesday,5,0.097,0.291,0.000,0.000,0.000,0.000,0.388,
2026-07-21 06:00:00,Tuesday,6,0.085,0.367,0.000,0.208,0.000,0.000,0.660,
2026-07-21 07:00:00,Tuesday,7,0.071,0.298,0.000,0.174,0.000,0.000,0.543,
2026-07-21 08:00:00,Tuesday,8,0.082,0.247,0.000,0.253,0.000,0.000,0.582,
2026-07-21 09:00:00,Tuesday,9,0.069,0.173,0.000,0.000,0.161,0.000,0.403,praca zdalna
2026-07-21 10:00:00,Tuesday,10,0.091,0.148,0.000,0.000,0.132,0.000,0.371,praca zdalna
2026-07-21 11:00:00,Tuesday,11,0.088,0.000,0.000,0.000,0.172,0.000,0.260,praca zdalna
2026-07-21 12:00:00,Tuesday,12,0.089,0.000,0.000,0.000,0.171,0.000,0.260,praca zdalna
2026-07-21 13:00:00,Tuesday,13,0.076,0.000,0.000,0.221,0.116,0.000,0.413,praca zdalna
2026-07-21 14:00:00,Tuesday,14,0.087,1.016,0.000,0.000,0.200,0.000,1.303,praca zdalna
2026-07-21 15:00:00,Tuesday,15,0.086,0.992,0.000,0.000,0.211,0.000,1.289,praca zdalna
2026-07-21 16:00:00,Tuesday,16,0.079,0.711,0.000,0.000,0.122,0.000,0.912,praca zdalna
2026-07-21 17:00:00,Tuesday,17,0.090,0.000,0.000,0.000,0.145,0.000,0.235,
2026-07-21 18:00:00,Tuesday,18,0.091,0.000,0.000,0.628,0.159,0.000,0.878,
2026-07-21 19:00:00,Tuesday,19,0.070,0.000,0.000,0.000,0.130,0.659,0.859,zmywarka
2026-07-21 20:00:00,Tuesday,20,0.096,0.000,0.000,0.000,0.200,0.000,0.296,
2026-07-21 21:00:00,Tuesday,21,0.079,0.000,0.000,0.000,0.113,0.000,0.192,
2026-07-21 22:00:00,Tuesday,22,0.088,0.000,0.069,0.000,0.162,0.000,0.319,
2026-07-21 23:00:00,Tuesday,23,0.096,0.000,0.000,0.000,0.000,0.000,0.096,
2026-07-22 00:00:00,Wednesday,0,0.094,0.151,0.000,0.000,0.000,0.000,0.245,
2026-07-22 01:00:00,Wednesday,1,0.089,0.230,0.000,0.000,0.000,0.000,0.319,
2026-07-22 02:00:00,Wednesday,2,0.101,0.319,0.000,0.000,0.000,0.000,0.420,
2026-07-22 03:00:00,Wednesday,3,0.080,0.289,0.000,0.000,0.000,0.000,0.369,
2026-07-22 04:00:00,Wednesday,4,0.070,0.329,0.000,0.000,0.000,0.000,0.399,
2026-07-22 05:00:00,Wednesday,5,0.089,0.260,0.000,0.000,0.000,0.000,0.349,
2026-07-22 06:00:00,Wednesday,6,0.080,0.376,0.000,0.317,0.000,0.000,0.773,
2026-07-22 07:00:00,Wednesday,7,0.072,0.398,0.000,0.265,0.000,0.000,0.735,
2026-07-22 08:00:00,Wednesday,8,0.082,0.364,0.000,0.218,0.000,0.000,0.664,
2026-07-22 09:00:00,Wednesday,9,0.095,0.365,0.000,0.000,0.052,0.000,0.512,
2026-07-22 10:00:00,Wednesday,10,0.085,0.280,0.000,0.000,0.057,0.000,0.422,
2026-07-22 11:00:00,Wednesday,11,0.070,0.253,0.000,0.000,0.082,0.000,0.405,
2026-07-22 12:00:00,Wednesday,12,0.075,0.169,0.000,0.000,0.080,0.000,0.324,
2026-07-22 13:00:00,Wednesday,13,0.095,0.000,0.000,0.235,0.087,0.000,0.417,
2026-07-22 14:00:00,Wednesday,14,0.074,0.000,0.000,0.000,0.088,0.000,0.162,
2026-07-22 15:00:00,Wednesday,15,0.083,0.000,0.000,0.000,0.104,0.000,0.187,
2026-07-22 16:00:00,Wednesday,16,0.088,0.000,0.000,0.000,0.067,0.000,0.155,
2026-07-22 17:00:00,Wednesday,17,0.077,0.194,0.000,0.549,0.103,0.000,0.923,
2026-07-22 18:00:00,Wednesday,18,0.089,0.213,0.000,0.000,0.190,0.000,0.492,
2026-07-22 19:00:00,Wednesday,19,0.070,0.186,0.000,0.000,0.119,0.000,0.375,
2026-07-22 20:00:00,Wednesday,20,0.071,0.158,0.000,0.000,0.193,0.714,1.136,zmywarka
2026-07-22 21:00:00,Wednesday,21,0.067,0.160,0.000,0.000,0.192,0.000,0.419,
2026-07-22 22:00:00,Wednesday,22,0.068,0.131,0.088,0.000,0.101,0.000,0.388,
2026-07-22 23:00:00,Wednesday,23,0.095,0.148,0.000,0.000,0.000,0.000,0.243,
2026-07-23 00:00:00,Thursday,0,0.092,0.162,0.000,0.000,0.000,0.000,0.254,
2026-07-23 01:00:00,Thursday,1,0.100,0.178,0.000,0.000,0.000,0.000,0.278,
2026-07-23 02:00:00,Thursday,2,0.093,0.223,0.000,0.000,0.000,0.000,0.316,
2026-07-23 03:00:00,Thursday,3,0.091,0.244,0.000,0.000,0.000,0.000,0.335,
2026-07-23 04:00:00,Thursday,4,0.095,0.253,0.000,0.000,0.000,0.000,0.348,
2026-07-23 05:00:00,Thursday,5,0.093,0.258,0.000,0.000,0.000,0.000,0.351,
2026-07-23 06:00:00,Thursday,6,0.085,0.311,0.000,0.233,0.000,0.000,0.629,
2026-07-23 07:00:00,Thursday,7,0.078,0.245,0.000,0.335,0.000,0.000,0.658,
2026-07-23 08:00:00,Thursday,8,0.068,0.289,0.000,0.136,0.000,0.000,0.493,
2026-07-23 09:00:00,Thursday,9,0.070,0.238,0.000,0.000,0.049,0.000,0.357,
2026-07-23 10:00:00,Thursday,10,0.095,0.193,0.000,0.000,0.059,0.000,0.347,
2026-07-23 11:00:00,Thursday,11,0.081,0.121,0.000,0.000,0.075,0.000,0.277,
2026-07-23 12:00:00,Thursday,12,0.080,0.000,0.000,0.243,0.056,0.000,0.379,
2026-07-23 13:00:00,Thursday,13,0.093,0.000,0.000,0.000,0.071,0.000,0.164,
2026-07-23 14:00:00,Thursday,14,0.088,0.000,0.000,0.000,0.078,0.000,0.166,
2026-07-23 15:00:00,Thursday,15,0.070,0.000,0.000,0.000,0.113,0.000,0.183,
2026-07-23 16:00:00,Thursday,16,0.068,0.000,0.000,0.000,0.134,0.000,0.202,
2026-07-23 17:00:00,Thursday,17,0.070,0.000,0.000,0.000,0.179,0.000,0.249,
2026-07-23 18:00:00,Thursday,18,0.086,0.000,0.000,0.445,0.202,0.000,0.733,
2026-07-23 19:00:00,Thursday,19,0.087,0.000,0.000,0.000,0.123,0.000,0.210,
2026-07-23 20:00:00,Thursday,20,0.088,0.000,0.000,0.000,0.164,0.694,0.946,zmywarka
2026-07-23 21:00:00,Thursday,21,0.086,0.000,0.000,0.000,0.192,0.000,0.278,
2026-07-23 22:00:00,Thursday,22,0.080,0.000,0.040,0.000,0.091,0.000,0.211,
2026-07-23 23:00:00,Thursday,23,0.083,0.000,0.000,0.000,0.000,0.000,0.083,
2026-07-24 00:00:00,Friday,0,0.084,0.134,0.000,0.000,0.000,0.000,0.218,
2026-07-24 01:00:00,Friday,1,0.094,0.196,0.000,0.000,0.000,0.000,0.290,
2026-07-24 02:00:00,Friday,2,0.070,0.253,0.000,0.000,0.000,0.000,0.323,
2026-07-24 03:00:00,Friday,3,0.107,0.221,0.000,0.000,0.000,0.000,0.328,
2026-07-24 04:00:00,Friday,4,0.090,0.272,0.000,0.000,0.000,0.000,0.362,
2026-07-24 05:00:00,Friday,5,0.103,0.296,0.000,0.000,0.000,0.000,0.399,
2026-07-24 06:00:00,Friday,6,0.089,0.362,0.000,0.288,0.000,0.000,0.739,
2026-07-24 07:00:00,Friday,7,0.091,0.344,0.000,0.295,0.000,0.000,0.730,
2026-07-24 08:00:00,Friday,8,0.068,0.303,0.000,0.208,0.000,0.000,0.579,
2026-07-24 09:00:00,Friday,9,0.090,0.244,0.000,0.000,0.056,0.000,0.390,
2026-07-24 10:00:00,Friday,10,0.074,0.186,0.000,0.000,0.082,0.000,0.342,
2026-07-24 11:00:00,Friday,11,0.067,0.000,0.000,0.000,0.061,0.000,0.128,
2026-07-24 12:00:00,Friday,12,0.081,0.000,0.000,0.268,0.067,0.000,0.416,
2026-07-24 13:00:00,Friday,13,0.088,0.131,0.000,0.000,0.078,0.000,0.297,
2026-07-24 14:00:00,Friday,14,0.091,0.200,0.000,0.000,0.051,0.000,0.342,
2026-07-24 15:00:00,Friday,15,0.070,0.166,0.000,0.000,0.089,0.000,0.325,
2026-07-24 16:00:00,Friday,16,0.082,0.000,0.000,0.000,0.084,0.000,0.166,
2026-07-24 17:00:00,Friday,17,0.070,0.000,0.000,0.000,0.188,0.000,0.258,
2026-07-24 18:00:00,Friday,18,0.076,0.000,0.000,0.474,0.158,0.000,0.708,
2026-07-24 19:00:00,Friday,19,0.068,0.000,0.000,0.000,0.175,0.572,0.815,zmywarka
2026-07-24 20:00:00,Friday,20,0.092,0.000,0.000,0.000,0.166,0.000,0.258,
2026-07-24 21:00:00,Friday,21,0.070,0.138,0.068,0.000,0.193,0.000,0.469,
2026-07-24 22:00:00,Friday,22,0.079,0.000,0.085,0.000,0.106,0.000,0.270,
2026-07-24 23:00:00,Friday,23,0.102,0.000,0.000,0.000,0.000,0.000,0.102,
2026-07-25 00:00:00,Saturday,0,0.092,0.167,0.000,0.000,0.000,0.000,0.259,
2026-07-25 01:00:00,Saturday,1,0.104,0.186,0.000,0.000,0.000,0.000,0.290,
2026-07-25 02:00:00,Saturday,2,0.073,0.197,0.000,0.000,0.000,0.000,0.270,
2026-07-25 03:00:00,Saturday,3,0.086,0.179,0.000,0.000,0.000,0.000,0.265,
2026-07-25 04:00:00,Saturday,4,0.075,0.167,0.000,0.000,0.000,0.000,0.242,
2026-07-25 05:00:00,Saturday,5,0.092,0.182,0.000,0.000,0.000,0.000,0.274,
2026-07-25 06:00:00,Saturday,6,0.070,0.248,0.000,0.185,0.000,0.000,0.503,
2026-07-25 07:00:00,Saturday,7,0.083,0.259,0.000,0.266,0.000,0.000,0.608,
2026-07-25 08:00:00,Saturday,8,0.083,0.170,0.000,0.209,0.000,0.000,0.462,
2026-07-25 09:00:00,Saturday,9,0.089,0.150,0.000,0.000,0.046,0.412,0.697,pralka
2026-07-25 10:00:00,Saturday,10,0.083,0.118,0.000,0.000,0.130,1.310,1.641,suszarka
2026-07-25 11:00:00,Saturday,11,0.072,0.000,0.000,0.000,0.056,0.000,0.128,
2026-07-25 12:00:00,Saturday,12,0.076,0.000,0.000,0.000,0.143,0.000,0.219,
2026-07-25 13:00:00,Saturday,13,0.085,0.000,0.000,0.439,0.097,0.674,1.295,zmywarka
2026-07-25 14:00:00,Saturday,14,0.076,0.000,0.000,0.000,0.064,0.000,0.140,
2026-07-25 15:00:00,Saturday,15,0.088,0.000,0.000,0.000,0.124,0.000,0.212,
2026-07-25 16:00:00,Saturday,16,0.087,0.000,0.000,0.000,0.097,0.000,0.184,
2026-07-25 17:00:00,Saturday,17,0.094,0.000,0.000,0.785,0.145,0.000,1.024,
2026-07-25 18:00:00,Saturday,18,0.077,0.000,0.000,0.000,0.184,0.000,0.261,
2026-07-25 19:00:00,Saturday,19,0.074,0.000,0.000,0.000,0.176,0.000,0.250,
2026-07-25 20:00:00,Saturday,20,0.090,0.000,0.000,0.000,0.100,0.000,0.190,
2026-07-25 21:00:00,Saturday,21,0.069,0.000,0.169,0.000,0.202,0.000,0.440,
2026-07-25 22:00:00,Saturday,22,0.086,0.000,0.077,0.000,0.176,0.000,0.339,
2026-07-25 23:00:00,Saturday,23,0.094,0.000,0.000,0.000,0.000,0.000,0.094,
2026-07-26 00:00:00,Sunday,0,0.074,0.000,0.000,0.000,0.000,0.000,0.074,
2026-07-26 01:00:00,Sunday,1,0.107,0.177,0.000,0.000,0.000,0.000,0.284,
2026-07-26 02:00:00,Sunday,2,0.097,0.175,0.000,0.000,0.000,0.000,0.272,
2026-07-26 03:00:00,Sunday,3,0.079,0.193,0.000,0.000,0.000,0.000,0.272,
2026-07-26 04:00:00,Sunday,4,0.067,0.181,0.000,0.000,0.000,0.000,0.248,
2026-07-26 05:00:00,Sunday,5,0.068,0.205,0.000,0.000,0.000,0.000,0.273,
2026-07-26 06:00:00,Sunday,6,0.073,0.280,0.000,0.314,0.000,0.000,0.667,
2026-07-26 07:00:00,Sunday,7,0.078,0.314,0.000,0.347,0.000,0.000,0.739,
2026-07-26 08:00:00,Sunday,8,0.070,0.247,0.000,0.254,0.000,0.000,0.571,
2026-07-26 09:00:00,Sunday,9,0.085,0.225,0.000,0.000,0.079,0.000,0.389,
2026-07-26 10:00:00,Sunday,10,0.083,0.251,0.000,0.000,0.070,0.000,0.404,
2026-07-26 11:00:00,Sunday,11,0.083,0.164,0.000,0.000,0.074,0.000,0.321,
2026-07-26 12:00:00,Sunday,12,0.079,0.140,0.000,0.756,0.037,0.000,1.012,
2026-07-26 13:00:00,Sunday,13,0.083,0.000,0.000,0.000,0.096,0.696,0.875,zmywarka
2026-07-26 14:00:00,Sunday,14,0.073,0.233,0.000,0.000,0.071,0.000,0.377,
2026-07-26 15:00:00,Sunday,15,0.074,0.205,0.000,0.000,0.120,0.000,0.399,
2026-07-26 16:00:00,Sunday,16,0.094,0.231,0.000,0.000,0.147,0.000,0.472,
2026-07-26 17:00:00,Sunday,17,0.076,0.211,0.000,0.000,0.160,0.000,0.447,
2026-07-26 18:00:00,Sunday,18,0.076,0.203,0.000,0.371,0.143,0.000,0.793,
2026-07-26 19:00:00,Sunday,19,0.076,0.238,0.000,0.000,0.179,0.000,0.493,
2026-07-26 20:00:00,Sunday,20,0.083,0.212,0.000,0.000,0.137,0.000,0.432,
2026-07-26 21:00:00,Sunday,21,0.077,0.260,0.140,0.000,0.183,0.000,0.660,
2026-07-26 22:00:00,Sunday,22,0.070,0.265,0.071,0.000,0.098,0.000,0.504,
2026-07-26 23:00:00,Sunday,23,0.073,0.226,0.000,0.000,0.000,0.000,0.299,
2026-07-27 00:00:00,Monday,0,0.098,0.252,0.000,0.000,0.000,0.000,0.350,
2026-07-27 01:00:00,Monday,1,0.086,0.311,0.000,0.000,0.000,0.000,0.397,
2026-07-27 02:00:00,Monday,2,0.093,0.257,0.000,0.000,0.000,0.000,0.350,
2026-07-27 03:00:00,Monday,3,0.085,0.342,0.000,0.000,0.000,0.000,0.427,
2026-07-27 04:00:00,Monday,4,0.073,0.371,0.000,0.000,0.000,0.000,0.444,
2026-07-27 05:00:00,Monday,5,0.096,0.390,0.000,0.000,0.000,0.000,0.486,
2026-07-27 06:00:00,Monday,6,0.079,0.509,0.000,0.267,0.000,0.000,0.855,
2026-07-27 07:00:00,Monday,7,0.076,0.524,0.000,0.153,0.000,0.000,0.753,
2026-07-27 08:00:00,Monday,8,0.076,0.431,0.000,0.338,0.000,0.000,0.845,
2026-07-27 09:00:00,Monday,9,0.094,0.321,0.000,0.000,0.085,0.000,0.500,
2026-07-27 10:00:00,Monday,10,0.071,0.295,0.000,0.000,0.088,0.000,0.454,
2026-07-27 11:00:00,Monday,11,0.073,0.246,0.000,0.000,0.049,0.000,0.368,
2026-07-27 12:00:00,Monday,12,0.075,0.182,0.000,0.000,0.066,0.000,0.323,
2026-07-27 13:00:00,Monday,13,0.075,0.224,0.000,0.454,0.086,0.000,0.839,
2026-07-27 14:00:00,Monday,14,0.076,0.167,0.000,0.000,0.094,0.000,0.337,
2026-07-27 15:00:00,Monday,15,0.082,0.122,0.000,0.000,0.115,0.000,0.319,
2026-07-27 16:00:00,Monday,16,0.077,0.151,0.000,0.000,0.076,0.000,0.304,
2026-07-27 17:00:00,Monday,17,0.079,0.176,0.000,0.500,0.113,0.000,0.868,
2026-07-27 18:00:00,Monday,18,0.073,0.204,0.000,0.000,0.120,0.000,0.397,
2026-07-27 19:00:00,Monday,19,0.068,0.235,0.000,0.000,0.124,0.000,0.427,
2026-07-27 20:00:00,Monday,20,0.083,0.299,0.000,0.000,0.102,0.719,1.203,zmywarka
2026-07-27 21:00:00,Monday,21,0.076,0.298,0.000,0.000,0.126,0.000,0.500,
2026-07-27 22:00:00,Monday,22,0.077,0.301,0.034,0.000,0.141,0.000,0.553,
2026-07-27 23:00:00,Monday,23,0.073,0.332,0.000,0.000,0.000,0.000,0.405,
2026-07-28 00:00:00,Tuesday,0,0.101,0.353,0.000,0.000,0.000,0.000,0.454,
2026-07-28 01:00:00,Tuesday,1,0.077,0.353,0.000,0.000,0.000,0.000,0.430,
2026-07-28 02:00:00,Tuesday,2,0.089,0.326,0.000,0.000,0.000,0.000,0.415,
2026-07-28 03:00:00,Tuesday,3,0.085,0.376,0.000,0.000,0.000,0.000,0.461,
2026-07-28 04:00:00,Tuesday,4,0.094,0.450,0.000,0.000,0.000,0.000,0.544,
2026-07-28 05:00:00,Tuesday,5,0.090,0.407,0.000,0.000,0.000,0.000,0.497,
2026-07-28 06:00:00,Tuesday,6,0.070,0.535,0.000,0.215,0.000,0.000,0.820,
2026-07-28 07:00:00,Tuesday,7,0.087,0.498,0.000,0.365,0.000,0.000,0.950,
2026-07-28 08:00:00,Tuesday,8,0.078,0.373,0.000,0.253,0.000,0.000,0.704,
2026-07-28 09:00:00,Tuesday,9,0.080,0.304,0.000,0.000,0.053,0.000,0.437,
2026-07-28 10:00:00,Tuesday,10,0.067,0.259,0.000,0.000,0.057,0.000,0.383,
2026-07-28 11:00:00,Tuesday,11,0.089,0.178,0.000,0.000,0.049,0.592,0.908,pralka
2026-07-28 12:00:00,Tuesday,12,0.074,0.116,0.000,0.313,0.072,0.000,0.575,
2026-07-28 13:00:00,Tuesday,13,0.068,0.000,0.000,0.000,0.074,0.000,0.142,
2026-07-28 14:00:00,Tuesday,14,0.088,0.000,0.000,0.000,0.064,0.000,0.152,
2026-07-28 15:00:00,Tuesday,15,0.086,0.000,0.000,0.000,0.075,0.000,0.161,
2026-07-28 16:00:00,Tuesday,16,0.068,0.000,0.000,0.000,0.125,0.000,0.193,
2026-07-28 17:00:00,Tuesday,17,0.094,0.000,0.000,0.446,0.202,0.000,0.742,
2026-07-28 18:00:00,Tuesday,18,0.080,0.000,0.000,0.000,0.128,0.000,0.208,
2026-07-28 19:00:00,Tuesday,19,0.089,0.000,0.000,0.000,0.167,0.000,0.256,
2026-07-28 20:00:00,Tuesday,20,0.070,0.000,0.000,0.000,0.205,0.625,0.900,zmywarka
2026-07-28 21:00:00,Tuesday,21,0.086,0.000,0.155,0.000,0.123,0.000,0.364,
2026-07-28 22:00:00,Tuesday,22,0.078,0.000,0.032,0.000,0.174,0.000,0.284,
2026-07-28 23:00:00,Tuesday,23,0.074,0.000,0.000,0.000,0.000,0.000,0.074,
2026-07-29 00:00:00,Wednesday,0,0.085,0.000,0.000,0.000,0.000,0.000,0.085,
2026-07-29 01:00:00,Wednesday,1,0.079,0.000,0.000,0.000,0.000,0.000,0.079,
2026-07-29 02:00:00,Wednesday,2,0.087,0.000,0.000,0.000,0.000,0.000,0.087,
2026-07-29 03:00:00,Wednesday,3,0.093,0.000,0.000,0.000,0.000,0.000,0.093,
2026-07-29 04:00:00,Wednesday,4,0.085,0.000,0.000,0.000,0.000,0.000,0.085,
2026-07-29 05:00:00,Wednesday,5,0.092,0.000,0.000,0.000,0.000,0.000,0.092,
2026-07-29 06:00:00,Wednesday,6,0.086,0.207,0.000,0.315,0.000,0.000,0.608,
2026-07-29 07:00:00,Wednesday,7,0.083,0.152,0.000,0.130,0.000,0.000,0.365,
2026-07-29 08:00:00,Wednesday,8,0.075,0.000,0.000,0.274,0.000,0.000,0.349,
2026-07-29 09:00:00,Wednesday,9,0.080,0.000,0.000,0.000,0.074,0.000,0.154,
2026-07-29 10:00:00,Wednesday,10,0.076,0.000,0.000,0.000,0.086,0.000,0.162,
2026-07-29 11:00:00,Wednesday,11,0.079,0.120,0.000,0.000,0.077,0.000,0.276,
2026-07-29 12:00:00,Wednesday,12,0.070,0.634,0.000,0.000,0.064,0.000,0.768,
2026-07-29 13:00:00,Wednesday,13,0.088,1.102,0.000,0.443,0.052,0.000,1.685,
2026-07-29 14:00:00,Wednesday,14,0.095,1.053,0.000,0.000,0.106,0.000,1.254,
2026-07-29 15:00:00,Wednesday,15,0.084,0.986,0.000,0.000,0.148,0.000,1.218,
2026-07-29 16:00:00,Wednesday,16,0.090,0.754,0.000,0.000,0.143,0.000,0.987,
2026-07-29 17:00:00,Wednesday,17,0.076,0.777,0.000,0.471,0.103,0.000,1.427,
2026-07-29 18:00:00,Wednesday,18,0.079,0.989,0.000,0.000,0.092,0.000,1.160,
2026-07-29 19:00:00,Wednesday,19,0.093,0.994,0.000,0.000,0.145,0.612,1.844,zmywarka
2026-07-29 20:00:00,Wednesday,20,0.095,0.120,0.000,0.000,0.143,0.000,0.358,
2026-07-29 21:00:00,Wednesday,21,0.066,0.000,0.000,0.000,0.159,0.000,0.225,
2026-07-29 22:00:00,Wednesday,22,0.080,0.000,0.067,0.000,0.182,0.000,0.329,
2026-07-29 23:00:00,Wednesday,23,0.094,0.000,0.000,0.000,0.000,0.000,0.094,
2026-07-30 00:00:00,Thursday,0,0.091,0.000,0.000,0.000,0.000,0.000,0.091,
2026-07-30 01:00:00,Thursday,1,0.091,0.000,0.000,0.000,0.000,0.000,0.091,
2026-07-30 02:00:00,Thursday,2,0.088,0.000,0.000,0.000,0.000,0.000,0.088,
2026-07-30 03:00:00,Thursday,3,0.092,0.000,0.000,0.000,0.000,0.000,0.092,
2026-07-30 04:00:00,Thursday,4,0.093,0.000,0.000,0.000,0.000,0.000,0.093,
2026-07-30 05:00:00,Thursday,5,0.094,0.000,0.000,0.000,0.000,0.000,0.094,
2026-07-30 06:00:00,Thursday,6,0.095,0.000,0.000,0.290,0.000,0.000,0.385,
2026-07-30 07:00:00,Thursday,7,0.092,0.000,0.000,0.108,0.000,0.000,0.200,
2026-07-30 08:00:00,Thursday,8,0.070,0.000,0.000,0.190,0.000,0.000,0.260,
2026-07-30 09:00:00,Thursday,9,0.067,0.000,0.000,0.000,0.140,0.000,0.207,praca zdalna
2026-07-30 10:00:00,Thursday,10,0.089,0.000,0.000,0.000,0.185,0.000,0.274,praca zdalna
2026-07-30 11:00:00,Thursday,11,0.068,0.120,0.000,0.000,0.143,0.000,0.331,praca zdalna
2026-07-30 12:00:00,Thursday,12,0.072,1.194,0.000,0.232,0.142,0.000,1.640,praca zdalna
2026-07-30 13:00:00,Thursday,13,0.070,0.994,0.000,0.000,0.162,0.000,1.226,praca zdalna
2026-07-30 14:00:00,Thursday,14,0.089,0.629,0.000,0.000,0.170,0.000,0.888,praca zdalna
2026-07-30 15:00:00,Thursday,15,0.089,0.781,0.000,0.000,0.161,0.000,1.031,praca zdalna
2026-07-30 16:00:00,Thursday,16,0.071,0.766,0.000,0.000,0.194,0.000,1.031,praca zdalna
2026-07-30 17:00:00,Thursday,17,0.071,1.140,0.000,0.637,0.150,0.000,1.998,
2026-07-30 18:00:00,Thursday,18,0.072,0.664,0.000,0.000,0.106,0.000,0.842,
2026-07-30 19:00:00,Thursday,19,0.068,0.914,0.000,0.000,0.136,0.563,1.681,zmywarka
2026-07-30 20:00:00,Thursday,20,0.091,0.120,0.000,0.000,0.135,0.000,0.346,
2026-07-30 21:00:00,Thursday,21,0.071,0.120,0.160,0.000,0.155,0.000,0.506,
2026-07-30 22:00:00,Thursday,22,0.094,0.120,0.074,0.000,0.201,0.000,0.489,
2026-07-30 23:00:00,Thursday,23,0.085,0.000,0.000,0.000,0.000,0.000,0.085,
2026-07-31 00:00:00,Friday,0,0.067,0.000,0.000,0.000,0.000,0.000,0.067,
2026-07-31 01:00:00,Friday,1,0.079,0.000,0.000,0.000,0.000,0.000,0.079,
2026-07-31 02:00:00,Friday,2,0.104,0.000,0.000,0.000,0.000,0.000,0.104,
2026-07-31 03:00:00,Friday,3,0.073,0.000,0.000,0.000,0.000,0.000,0.073,
2026-07-31 04:00:00,Friday,4,0.082,0.000,0.000,0.000,0.000,0.000,0.082,
2026-07-31 05:00:00,Friday,5,0.069,0.000,0.000,0.000,0.000,0.000,0.069,
2026-07-31 06:00:00,Friday,6,0.088,0.292,0.000,0.117,0.000,0.000,0.497,
2026-07-31 07:00:00,Friday,7,0.086,0.224,0.000,0.315,0.000,0.000,0.625,
2026-07-31 08:00:00,Friday,8,0.083,0.250,0.000,0.315,0.000,0.000,0.648,
2026-07-31 09:00:00,Friday,9,0.082,0.157,0.000,0.000,0.064,0.000,0.303,
2026-07-31 10:00:00,Friday,10,0.091,0.139,0.000,0.000,0.059,0.388,0.677,pralka
2026-07-31 11:00:00,Friday,11,0.093,0.000,0.000,0.000,0.064,1.076,1.233,suszarka
2026-07-31 12:00:00,Friday,12,0.091,0.000,0.000,0.000,0.072,0.000,0.163,
2026-07-31 13:00:00,Friday,13,0.095,0.000,0.000,0.488,0.077,0.000,0.660,
2026-07-31 14:00:00,Friday,14,0.092,0.000,0.000,0.000,0.128,0.000,0.220,
2026-07-31 15:00:00,Friday,15,0.092,0.000,0.000,0.000,0.077,0.000,0.169,
2026-07-31 16:00:00,Friday,16,0.095,0.000,0.000,0.000,0.143,0.000,0.238,
2026-07-31 17:00:00,Friday,17,0.070,0.000,0.000,0.000,0.102,0.000,0.172,
2026-07-31 18:00:00,Friday,18,0.092,0.000,0.000,1.053,0.122,0.000,1.267,
2026-07-31 19:00:00,Friday,19,0.073,0.000,0.000,0.000,0.209,0.519,0.801,zmywarka
2026-07-31 20:00:00,Friday,20,0.077,0.000,0.000,0.000,0.176,0.000,0.253,
2026-07-31 21:00:00,Friday,21,0.073,0.116,0.000,0.000,0.130,0.000,0.319,
2026-07-31 22:00:00,Friday,22,0.083,0.000,0.034,0.000,0.107,0.000,0.224,
2026-07-31 23:00:00,Friday,23,0.084,0.206,0.000,0.000,0.000,0.000,0.290,
2026-08-01 00:00:00,Saturday,0,0.093,0.183,0.000,0.000,0.000,0.000,0.276,
2026-08-01 01:00:00,Saturday,1,0.079,0.191,0.000,0.000,0.000,0.000,0.270,
2026-08-01 02:00:00,Saturday,2,0.071,0.240,0.000,0.000,0.000,0.000,0.311,
2026-08-01 03:00:00,Saturday,3,0.085,0.239,0.000,0.000,0.000,0.000,0.324,
2026-08-01 04:00:00,Saturday,4,0.090,0.191,0.000,0.000,0.000,0.000,0.281,
2026-08-01 05:00:00,Saturday,5,0.085,0.186,0.000,0.000,0.000,0.000,0.271,
2026-08-01 06:00:00,Saturday,6,0.091,0.343,0.000,0.340,0.000,0.000,0.774,
2026-08-01 07:00:00,Saturday,7,0.077,0.308,0.000,0.332,0.000,0.000,0.717,
2026-08-01 08:00:00,Saturday,8,0.092,0.294,0.000,0.199,0.000,0.000,0.585,
2026-08-01 09:00:00,Saturday,9,0.095,0.233,0.000,0.000,0.127,0.000,0.455,
2026-08-01 10:00:00,Saturday,10,0.082,0.178,0.000,0.000,0.124,0.496,0.880,pralka
2026-08-01 11:00:00,Saturday,11,0.083,0.158,0.000,0.000,0.035,1.186,1.462,suszarka
2026-08-01 12:00:00,Saturday,12,0.082,0.000,0.000,0.000,0.040,0.000,0.122,
2026-08-01 13:00:00,Saturday,13,0.094,0.000,0.000,0.624,0.053,0.000,0.771,
2026-08-01 14:00:00,Saturday,14,0.090,0.000,0.000,0.000,0.117,0.670,0.877,zmywarka
2026-08-01 15:00:00,Saturday,15,0.082,0.000,0.000,0.000,0.109,0.000,0.191,
2026-08-01 16:00:00,Saturday,16,0.089,0.000,0.000,0.000,0.035,0.000,0.124,
2026-08-01 17:00:00,Saturday,17,0.079,0.000,0.000,0.000,0.097,0.000,0.176,
2026-08-01 18:00:00,Saturday,18,0.069,0.000,0.000,0.369,0.199,0.000,0.637,
2026-08-01 19:00:00,Saturday,19,0.086,0.000,0.000,0.000,0.105,0.000,0.191,
2026-08-01 20:00:00,Saturday,20,0.067,0.000,0.000,0.000,0.155,0.000,0.222,
2026-08-01 21:00:00,Saturday,21,0.094,0.173,0.145,0.000,0.181,0.000,0.593,
2026-08-01 22:00:00,Saturday,22,0.077,0.000,0.032,0.000,0.152,0.000,0.261,
2026-08-01 23:00:00,Saturday,23,0.097,0.153,0.000,0.000,0.000,0.000,0.250,
2026-08-02 00:00:00,Sunday,0,0.088,0.173,0.000,0.000,0.000,0.000,0.261,
2026-08-02 01:00:00,Sunday,1,0.090,0.254,0.000,0.000,0.000,0.000,0.344,
2026-08-02 02:00:00,Sunday,2,0.092,0.298,0.000,0.000,0.000,0.000,0.390,
2026-08-02 03:00:00,Sunday,3,0.101,0.275,0.000,0.000,0.000,0.000,0.376,
2026-08-02 04:00:00,Sunday,4,0.090,0.358,0.000,0.000,0.000,0.000,0.448,
2026-08-02 05:00:00,Sunday,5,0.095,0.353,0.000,0.000,0.000,0.000,0.448,
2026-08-02 06:00:00,Sunday,6,0.095,0.470,0.000,0.182,0.000,0.000,0.747,
2026-08-02 07:00:00,Sunday,7,0.073,0.414,0.000,0.194,0.000,0.000,0.681,
2026-08-02 08:00:00,Sunday,8,0.091,0.325,0.000,0.250,0.000,0.000,0.666,
2026-08-02 09:00:00,Sunday,9,0.077,0.229,0.000,0.000,0.032,0.000,0.338,
2026-08-02 10:00:00,Sunday,10,0.067,0.190,0.000,0.000,0.115,0.000,0.372,
2026-08-02 11:00:00,Sunday,11,0.076,0.000,0.000,0.000,0.046,0.000,0.122,
2026-08-02 12:00:00,Sunday,12,0.095,0.000,0.000,0.684,0.084,0.000,0.863,
2026-08-02 13:00:00,Sunday,13,0.088,0.000,0.000,0.000,0.076,0.521,0.685,zmywarka
2026-08-02 14:00:00,Sunday,14,0.077,0.000,0.000,0.000,0.032,0.000,0.109,
2026-08-02 15:00:00,Sunday,15,0.076,0.000,0.000,0.000,0.132,0.000,0.208,
2026-08-02 16:00:00,Sunday,16,0.078,0.000,0.000,0.000,0.047,0.000,0.125,
2026-08-02 17:00:00,Sunday,17,0.079,0.000,0.000,0.623,0.112,0.000,0.814,
2026-08-02 18:00:00,Sunday,18,0.076,0.000,0.000,0.000,0.095,0.000,0.171,
2026-08-02 19:00:00,Sunday,19,0.069,0.000,0.000,0.000,0.182,0.000,0.251,
2026-08-02 20:00:00,Sunday,20,0.076,0.000,0.112,0.000,0.202,0.000,0.390,
2026-08-02 21:00:00,Sunday,21,0.079,0.000,0.103,0.000,0.187,0.000,0.369,
2026-08-02 22:00:00,Sunday,22,0.082,0.000,0.083,0.000,0.118,0.000,0.283,
2026-08-02 23:00:00,Sunday,23,0.085,0.000,0.000,0.000,0.000,0.000,0.085,
2026-08-03 00:00:00,Monday,0,0.086,0.000,0.000,0.000,0.000,0.000,0.086,
2026-08-03 01:00:00,Monday,1,0.104,0.000,0.000,0.000,0.000,0.000,0.104,
2026-08-03 02:00:00,Monday,2,0.082,0.191,0.000,0.000,0.000,0.000,0.273,
2026-08-03 03:00:00,Monday,3,0.100,0.230,0.000,0.000,0.000,0.000,0.330,
2026-08-03 04:00:00,Monday,4,0.080,0.311,0.000,0.000,0.000,0.000,0.391,
2026-08-03 05:00:00,Monday,5,0.074,0.363,0.000,0.000,0.000,0.000,0.437,
2026-08-03 06:00:00,Monday,6,0.067,0.442,0.000,0.261,0.000,0.000,0.770,
2026-08-03 07:00:00,Monday,7,0.083,0.329,0.000,0.260,0.000,0.000,0.672,
2026-08-03 08:00:00,Monday,8,0.066,0.181,0.000,0.220,0.000,0.000,0.467,
2026-08-03 09:00:00,Monday,9,0.088,0.113,0.000,0.000,0.065,0.000,0.266,
2026-08-03 10:00:00,Monday,10,0.070,0.000,0.000,0.000,0.062,0.000,0.132,
2026-08-03 11:00:00,Monday,11,0.094,0.000,0.000,0.000,0.070,0.000,0.164,
2026-08-03 12:00:00,Monday,12,0.073,0.000,0.000,0.000,0.069,0.000,0.142,
2026-08-03 13:00:00,Monday,13,0.085,0.000,0.000,0.411,0.083,0.000,0.579,
2026-08-03 14:00:00,Monday,14,0.072,0.000,0.000,0.000,0.145,0.000,0.217,
2026-08-03 15:00:00,Monday,15,0.089,0.666,0.000,0.000,0.128,0.000,0.883,
2026-08-03 16:00:00,Monday,16,0.075,0.551,0.000,0.000,0.074,0.000,0.700,
2026-08-03 17:00:00,Monday,17,0.082,0.965,0.000,0.000,0.131,0.000,1.178,
2026-08-03 18:00:00,Monday,18,0.082,0.000,0.000,0.517,0.175,0.000,0.774,
2026-08-03 19:00:00,Monday,19,0.092,0.000,0.000,0.000,0.097,0.624,0.813,zmywarka
2026-08-03 20:00:00,Monday,20,0.066,0.000,0.000,0.000,0.194,0.000,0.260,
2026-08-03 21:00:00,Monday,21,0.094,0.000,0.063,0.000,0.100,0.000,0.257,
2026-08-03 22:00:00,Monday,22,0.069,0.000,0.076,0.000,0.099,0.000,0.244,
2026-08-03 23:00:00,Monday,23,0.105,0.000,0.000,0.000,0.000,0.000,0.105,
2026-08-04 00:00:00,Tuesday,0,0.070,0.000,0.000,0.000,0.000,0.000,0.070,
2026-08-04 01:00:00,Tuesday,1,0.084,0.000,0.000,0.000,0.000,0.000,0.084,
2026-08-04 02:00:00,Tuesday,2,0.087,0.172,0.000,0.000,0.000,0.000,0.259,
2026-08-04 03:00:00,Tuesday,3,0.086,0.143,0.000,0.000,0.000,0.000,0.229,
2026-08-04 04:00:00,Tuesday,4,0.103,0.159,0.000,0.000,0.000,0.000,0.262,
2026-08-04 05:00:00,Tuesday,5,0.080,0.157,0.000,0.000,0.000,0.000,0.237,
2026-08-04 06:00:00,Tuesday,6,0.081,0.261,0.000,0.312,0.000,0.000,0.654,
2026-08-04 07:00:00,Tuesday,7,0.066,0.215,0.000,0.174,0.000,0.000,0.455,
2026-08-04 08:00:00,Tuesday,8,0.070,0.175,0.000,0.275,0.000,0.000,0.520,
2026-08-04 09:00:00,Tuesday,9,0.092,0.000,0.000,0.000,0.071,0.000,0.163,
2026-08-04 10:00:00,Tuesday,10,0.083,0.000,0.000,0.000,0.070,0.000,0.153,
2026-08-04 11:00:00,Tuesday,11,0.068,0.000,0.000,0.000,0.076,0.000,0.144,
2026-08-04 12:00:00,Tuesday,12,0.079,0.000,0.000,0.486,0.051,0.000,0.616,
2026-08-04 13:00:00,Tuesday,13,0.091,0.000,0.000,0.000,0.058,0.000,0.149,
2026-08-04 14:00:00,Tuesday,14,0.071,0.000,0.000,0.000,0.107,0.000,0.178,
2026-08-04 15:00:00,Tuesday,15,0.088,0.000,0.000,0.000,0.109,0.000,0.197,
2026-08-04 16:00:00,Tuesday,16,0.089,0.000,0.000,0.000,0.143,0.000,0.232,
2026-08-04 17:00:00,Tuesday,17,0.068,0.000,0.000,0.404,0.150,0.000,0.622,
2026-08-04 18:00:00,Tuesday,18,0.080,0.000,0.000,0.000,0.157,0.000,0.237,
2026-08-04 19:00:00,Tuesday,19,0.077,0.000,0.000,0.000,0.157,0.000,0.234,
2026-08-04 20:00:00,Tuesday,20,0.086,0.000,0.000,0.000,0.209,0.000,0.295,
2026-08-04 21:00:00,Tuesday,21,0.083,0.000,0.137,0.000,0.194,0.000,0.414,
2026-08-04 22:00:00,Tuesday,22,0.077,0.000,0.054,0.000,0.138,0.000,0.269,
2026-08-04 23:00:00,Tuesday,23,0.096,0.000,0.000,0.000,0.000,0.000,0.096,
2026-08-05 00:00:00,Wednesday,0,0.077,0.000,0.000,0.000,0.000,0.000,0.077,
2026-08-05 01:00:00,Wednesday,1,0.090,0.000,0.000,0.000,0.000,0.000,0.090,
2026-08-05 02:00:00,Wednesday,2,0.095,0.000,0.000,0.000,0.000,0.000,0.095,
2026-08-05 03:00:00,Wednesday,3,0.074,0.000,0.000,0.000,0.000,0.000,0.074,
2026-08-05 04:00:00,Wednesday,4,0.087,0.000,0.000,0.000,0.000,0.000,0.087,
2026-08-05 05:00:00,Wednesday,5,0.101,0.000,0.000,0.000,0.000,0.000,0.101,
2026-08-05 06:00:00,Wednesday,6,0.080,0.127,0.000,0.187,0.000,0.000,0.394,
2026-08-05 07:00:00,Wednesday,7,0.090,0.000,0.000,0.157,0.000,0.000,0.247,
2026-08-05 08:00:00,Wednesday,8,0.069,0.149,0.000,0.232,0.000,0.000,0.450,
2026-08-05 09:00:00,Wednesday,9,0.068,0.137,0.000,0.000,0.065,0.000,0.270,
2026-08-05 10:00:00,Wednesday,10,0.094,0.000,0.000,0.000,0.067,0.000,0.161,
2026-08-05 11:00:00,Wednesday,11,0.089,0.000,0.000,0.000,0.074,0.000,0.163,
2026-08-05 12:00:00,Wednesday,12,0.090,0.824,0.000,0.233,0.073,0.000,1.220,
2026-08-05 13:00:00,Wednesday,13,0.089,0.989,0.000,0.000,0.054,0.000,1.132,
2026-08-05 14:00:00,Wednesday,14,0.094,0.523,0.000,0.000,0.137,0.000,0.754,
2026-08-05 15:00:00,Wednesday,15,0.070,1.186,0.000,0.000,0.116,0.000,1.372,
2026-08-05 16:00:00,Wednesday,16,0.088,1.195,0.000,0.000,0.142,0.000,1.425,
2026-08-05 17:00:00,Wednesday,17,0.088,0.879,0.000,0.710,0.165,0.000,1.842,
2026-08-05 18:00:00,Wednesday,18,0.088,0.511,0.000,0.000,0.131,0.000,0.730,
2026-08-05 19:00:00,Wednesday,19,0.095,1.193,0.000,0.000,0.100,0.549,1.937,zmywarka
2026-08-05 20:00:00,Wednesday,20,0.083,0.120,0.000,0.000,0.103,0.000,0.306,
2026-08-05 21:00:00,Wednesday,21,0.087,0.120,0.082,0.000,0.134,0.000,0.423,
2026-08-05 22:00:00,Wednesday,22,0.085,0.000,0.080,0.000,0.139,0.000,0.304,
2026-08-05 23:00:00,Wednesday,23,0.087,0.000,0.000,0.000,0.000,0.000,0.087,
2026-08-06 00:00:00,Thursday,0,0.093,0.000,0.000,0.000,0.000,0.000,0.093,
2026-08-06 01:00:00,Thursday,1,0.087,0.000,0.000,0.000,0.000,0.000,0.087,
2026-08-06 02:00:00,Thursday,2,0.082,0.000,0.000,0.000,0.000,0.000,0.082,
2026-08-06 03:00:00,Thursday,3,0.092,0.000,0.000,0.000,0.000,0.000,0.092,
2026-08-06 04:00:00,Thursday,4,0.077,0.000,0.000,0.000,0.000,0.000,0.077,
2026-08-06 05:00:00,Thursday,5,0.095,0.000,0.000,0.000,0.000,0.000,0.095,
2026-08-06 06:00:00,Thursday,6,0.074,0.172,0.000,0.196,0.000,0.000,0.442,
2026-08-06 07:00:00,Thursday,7,0.079,0.152,0.000,0.104,0.000,0.000,0.335,
2026-08-06 08:00:00,Thursday,8,0.066,0.000,0.000,0.179,0.000,0.000,0.245,
2026-08-06 09:00:00,Thursday,9,0.076,0.000,0.000,0.000,0.064,0.000,0.140,
2026-08-06 10:00:00,Thursday,10,0.082,0.000,0.000,0.000,0.069,0.000,0.151,
2026-08-06 11:00:00,Thursday,11,0.080,0.000,0.000,0.000,0.049,0.000,0.129,
2026-08-06 12:00:00,Thursday,12,0.073,0.941,0.000,0.000,0.061,0.000,1.075,
2026-08-06 13:00:00,Thursday,13,0.074,0.808,0.000,0.431,0.079,0.000,1.392,
2026-08-06 14:00:00,Thursday,14,0.096,0.000,0.000,0.000,0.073,0.000,0.169,
2026-08-06 15:00:00,Thursday,15,0.076,0.000,0.000,0.000,0.092,0.000,0.168,
2026-08-06 16:00:00,Thursday,16,0.084,0.000,0.000,0.000,0.096,0.000,0.180,
2026-08-06 17:00:00,Thursday,17,0.078,0.000,0.000,0.597,0.169,0.000,0.844,
2026-08-06 18:00:00,Thursday,18,0.089,0.000,0.000,0.000,0.096,0.000,0.185,
2026-08-06 19:00:00,Thursday,19,0.091,0.000,0.000,0.000,0.103,0.000,0.194,
2026-08-06 20:00:00,Thursday,20,0.082,0.000,0.000,0.000,0.130,0.000,0.212,
2026-08-06 21:00:00,Thursday,21,0.091,0.201,0.157,0.000,0.170,0.000,0.619,
2026-08-06 22:00:00,Thursday,22,0.095,0.114,0.040,0.000,0.187,0.000,0.436,
2026-08-06 23:00:00,Thursday,23,0.086,0.169,0.000,0.000,0.000,0.000,0.255,
2026-08-07 00:00:00,Friday,0,0.091,0.222,0.000,0.000,0.000,0.000,0.313,
2026-08-07 01:00:00,Friday,1,0.084,0.217,0.000,0.000,0.000,0.000,0.301,
2026-08-07 02:00:00,Friday,2,0.076,0.285,0.000,0.000,0.000,0.000,0.361,
2026-08-07 03:00:00,Friday,3,0.079,0.269,0.000,0.000,0.000,0.000,0.348,
2026-08-07 04:00:00,Friday,4,0.095,0.295,0.000,0.000,0.000,0.000,0.390,
2026-08-07 05:00:00,Friday,5,0.082,0.275,0.000,0.000,0.000,0.000,0.357,
2026-08-07 06:00:00,Friday,6,0.074,0.364,0.000,0.175,0.000,0.000,0.613,
2026-08-07 07:00:00,Friday,7,0.077,0.348,0.000,0.292,0.000,0.000,0.717,
2026-08-07 08:00:00,Friday,8,0.088,0.337,0.000,0.221,0.000,0.000,0.646,
2026-08-07 09:00:00,Friday,9,0.077,0.305,0.000,0.000,0.083,0.000,0.465,
2026-08-07 10:00:00,Friday,10,0.068,0.238,0.000,0.000,0.072,0.000,0.378,
2026-08-07 11:00:00,Friday,11,0.076,0.315,0.000,0.000,0.058,0.000,0.449,
2026-08-07 12:00:00,Friday,12,0.082,0.203,0.000,0.493,0.080,0.000,0.858,
2026-08-07 13:00:00,Friday,13,0.086,0.248,0.000,0.000,0.077,0.000,0.411,
2026-08-07 14:00:00,Friday,14,0.088,0.233,0.000,0.000,0.058,0.000,0.379,
2026-08-07 15:00:00,Friday,15,0.096,0.200,0.000,0.000,0.076,0.000,0.372,
2026-08-07 16:00:00,Friday,16,0.082,0.115,0.000,0.000,0.141,0.000,0.338,
2026-08-07 17:00:00,Friday,17,0.074,0.124,0.000,0.000,0.152,0.000,0.350,
2026-08-07 18:00:00,Friday,18,0.080,0.141,0.000,0.911,0.166,0.000,1.298,
2026-08-07 19:00:00,Friday,19,0.070,0.171,0.000,0.000,0.146,0.000,0.387,
2026-08-07 20:00:00,Friday,20,0.083,0.230,0.000,0.000,0.121,0.718,1.152,zmywarka
2026-08-07 21:00:00,Friday,21,0.091,0.229,0.099,0.000,0.126,0.000,0.545,
2026-08-07 22:00:00,Friday,22,0.083,0.208,0.039,0.000,0.108,0.000,0.438,
2026-08-07 23:00:00,Friday,23,0.095,0.197,0.000,0.000,0.000,0.000,0.292,
2026-08-08 00:00:00,Saturday,0,0.091,0.218,0.000,0.000,0.000,0.000,0.309,
2026-08-08 01:00:00,Saturday,1,0.079,0.272,0.000,0.000,0.000,0.000,0.351,
2026-08-08 02:00:00,Saturday,2,0.079,0.305,0.000,0.000,0.000,0.000,0.384,
2026-08-08 03:00:00,Saturday,3,0.083,0.377,0.000,0.000,0.000,0.000,0.460,
2026-08-08 04:00:00,Saturday,4,0.098,0.416,0.000,0.000,0.000,0.000,0.514,
2026-08-08 05:00:00,Saturday,5,0.098,0.400,0.000,0.000,0.000,0.000,0.498,
2026-08-08 06:00:00,Saturday,6,0.092,0.449,0.000,0.251,0.000,0.000,0.792,
2026-08-08 07:00:00,Saturday,7,0.085,0.483,0.000,0.207,0.000,0.000,0.775,
2026-08-08 08:00:00,Saturday,8,0.070,0.367,0.000,0.124,0.000,0.000,0.561,
2026-08-08 09:00:00,Saturday,9,0.073,0.308,0.000,0.000,0.068,0.516,0.965,pralka
2026-08-08 10:00:00,Saturday,10,0.084,0.177,0.000,0.000,0.115,1.257,1.633,suszarka
2026-08-08 11:00:00,Saturday,11,0.073,0.000,0.000,0.000,0.080,0.000,0.153,
2026-08-08 12:00:00,Saturday,12,0.070,0.000,0.000,0.000,0.106,0.000,0.176,
2026-08-08 13:00:00,Saturday,13,0.074,0.000,0.000,0.811,0.069,0.000,0.954,
2026-08-08 14:00:00,Saturday,14,0.092,0.000,0.000,0.000,0.113,0.000,0.205,
2026-08-08 15:00:00,Saturday,15,0.073,0.000,0.000,0.000,0.113,0.000,0.186,
2026-08-08 16:00:00,Saturday,16,0.071,0.000,0.000,0.000,0.077,0.000,0.148,
2026-08-08 17:00:00,Saturday,17,0.091,0.000,0.000,0.000,0.111,0.000,0.202,
2026-08-08 18:00:00,Saturday,18,0.070,0.000,0.000,0.545,0.116,0.000,0.731,
2026-08-08 19:00:00,Saturday,19,0.077,0.000,0.000,0.000,0.196,0.000,0.273,
2026-08-08 20:00:00,Saturday,20,0.070,0.000,0.140,0.000,0.103,0.000,0.313,
2026-08-08 21:00:00,Saturday,21,0.083,0.000,0.092,0.000,0.156,0.000,0.331,
2026-08-08 22:00:00,Saturday,22,0.083,0.000,0.065,0.000,0.209,0.000,0.357,
2026-08-08 23:00:00,Saturday,23,0.091,0.000,0.000,0.000,0.000,0.000,0.091,
2026-08-09 00:00:00,Sunday,0,0.091,0.000,0.000,0.000,0.000,0.000,0.091,
2026-08-09 01:00:00,Sunday,1,0.082,0.000,0.000,0.000,0.000,0.000,0.082,
2026-08-09 02:00:00,Sunday,2,0.074,0.168,0.000,0.000,0.000,0.000,0.242,
2026-08-09 03:00:00,Sunday,3,0.096,0.149,0.000,0.000,0.000,0.000,0.245,
2026-08-09 04:00:00,Sunday,4,0.094,0.000,0.000,0.000,0.000,0.000,0.094,
2026-08-09 05:00:00,Sunday,5,0.089,0.000,0.000,0.000,0.000,0.000,0.089,
2026-08-09 06:00:00,Sunday,6,0.092,0.189,0.000,0.166,0.000,0.000,0.447,
2026-08-09 07:00:00,Sunday,7,0.079,0.191,0.000,0.236,0.000,0.000,0.506,
2026-08-09 08:00:00,Sunday,8,0.084,0.136,0.000,0.207,0.000,0.000,0.427,
2026-08-09 09:00:00,Sunday,9,0.076,0.109,0.000,0.000,0.100,0.000,0.285,
2026-08-09 10:00:00,Sunday,10,0.072,0.000,0.000,0.000,0.130,0.000,0.202,
2026-08-09 11:00:00,Sunday,11,0.086,0.000,0.000,0.000,0.091,0.000,0.177,
2026-08-09 12:00:00,Sunday,12,0.095,0.000,0.000,0.355,0.094,0.000,0.544,
2026-08-09 13:00:00,Sunday,13,0.091,0.000,0.000,0.000,0.061,0.000,0.152,
2026-08-09 14:00:00,Sunday,14,0.076,0.000,0.000,0.000,0.087,0.000,0.163,
2026-08-09 15:00:00,Sunday,15,0.086,0.000,0.000,0.000,0.142,0.000,0.228,
2026-08-09 16:00:00,Sunday,16,0.093,0.000,0.000,0.000,0.055,0.000,0.148,
2026-08-09 17:00:00,Sunday,17,0.088,0.000,0.000,0.569,0.182,0.000,0.839,
2026-08-09 18:00:00,Sunday,18,0.083,0.000,0.000,0.000,0.173,0.000,0.256,
2026-08-09 19:00:00,Sunday,19,0.092,0.000,0.000,0.000,0.121,0.000,0.213,
2026-08-09 20:00:00,Sunday,20,0.079,0.000,0.000,0.000,0.107,0.000,0.186,
2026-08-09 21:00:00,Sunday,21,0.082,0.000,0.141,0.000,0.113,0.000,0.336,
2026-08-09 22:00:00,Sunday,22,0.079,0.000,0.032,0.000,0.155,0.000,0.266,
2026-08-09 23:00:00,Sunday,23,0.079,0.000,0.000,0.000,0.000,0.000,0.079,
2026-08-10 00:00:00,Monday,0,0.077,0.000,0.000,0.000,0.000,0.000,0.077,
2026-08-10 01:00:00,Monday,1,0.074,0.000,0.000,0.000,0.000,0.000,0.074,
2026-08-10 02:00:00,Monday,2,0.082,0.000,0.000,0.000,0.000,0.000,0.082,
2026-08-10 03:00:00,Monday,3,0.091,0.000,0.000,0.000,0.000,0.000,0.091,
2026-08-10 04:00:00,Monday,4,0.088,0.110,0.000,0.000,0.000,0.000,0.198,
2026-08-10 05:00:00,Monday,5,0.073,0.000,0.000,0.000,0.000,0.000,0.073,
2026-08-10 06:00:00,Monday,6,0.074,0.162,0.000,0.313,0.000,0.000,0.549,
2026-08-10 07:00:00,Monday,7,0.086,0.170,0.000,0.219,0.000,0.000,0.475,
2026-08-10 08:00:00,Monday,8,0.079,0.245,0.000,0.252,0.000,0.000,0.576,
2026-08-10 09:00:00,Monday,9,0.086,0.270,0.000,0.000,0.132,0.000,0.488,praca zdalna
2026-08-10 10:00:00,Monday,10,0.090,0.260,0.000,0.000,0.151,0.000,0.501,praca zdalna
2026-08-10 11:00:00,Monday,11,0.092,0.273,0.000,0.000,0.162,0.000,0.527,praca zdalna
2026-08-10 12:00:00,Monday,12,0.088,0.236,0.000,0.000,0.173,0.000,0.497,praca zdalna
2026-08-10 13:00:00,Monday,13,0.091,0.229,0.000,0.400,0.132,0.000,0.852,praca zdalna
2026-08-10 14:00:00,Monday,14,0.076,0.113,0.000,0.000,0.266,0.000,0.455,praca zdalna
2026-08-10 15:00:00,Monday,15,0.074,0.000,0.000,0.000,0.182,0.000,0.256,praca zdalna
2026-08-10 16:00:00,Monday,16,0.070,0.000,0.000,0.000,0.232,0.000,0.302,praca zdalna
2026-08-10 17:00:00,Monday,17,0.077,0.000,0.000,0.488,0.106,0.000,0.671,
2026-08-10 18:00:00,Monday,18,0.073,0.000,0.000,0.000,0.148,0.000,0.221,
2026-08-10 19:00:00,Monday,19,0.088,0.000,0.000,0.000,0.206,0.593,0.887,zmywarka
2026-08-10 20:00:00,Monday,20,0.079,0.153,0.000,0.000,0.144,0.000,0.376,
2026-08-10 21:00:00,Monday,21,0.071,0.227,0.139,0.000,0.182,0.000,0.619,
2026-08-10 22:00:00,Monday,22,0.085,0.178,0.056,0.000,0.093,0.000,0.412,
2026-08-10 23:00:00,Monday,23,0.100,0.262,0.000,0.000,0.000,0.000,0.362,
2026-08-11 00:00:00,Tuesday,0,0.090,0.241,0.000,0.000,0.000,0.000,0.331,
2026-08-11 01:00:00,Tuesday,1,0.093,0.313,0.000,0.000,0.000,0.000,0.406,
2026-08-11 02:00:00,Tuesday,2,0.086,0.316,0.000,0.000,0.000,0.000,0.402,
2026-08-11 03:00:00,Tuesday,3,0.086,0.389,0.000,0.000,0.000,0.000,0.475,
2026-08-11 04:00:00,Tuesday,4,0.073,0.417,0.000,0.000,0.000,0.000,0.490,
2026-08-11 05:00:00,Tuesday,5,0.086,0.448,0.000,0.000,0.000,0.000,0.534,
2026-08-11 06:00:00,Tuesday,6,0.071,0.445,0.000,0.299,0.000,0.000,0.815,
2026-08-11 07:00:00,Tuesday,7,0.091,0.492,0.000,0.201,0.000,0.000,0.784,
2026-08-11 08:00:00,Tuesday,8,0.079,0.356,0.000,0.203,0.000,0.000,0.638,
2026-08-11 09:00:00,Tuesday,9,0.067,0.282,0.000,0.000,0.077,0.000,0.426,
2026-08-11 10:00:00,Tuesday,10,0.085,0.283,0.000,0.000,0.080,0.000,0.448,
2026-08-11 11:00:00,Tuesday,11,0.092,0.215,0.000,0.000,0.066,0.580,0.953,pralka
2026-08-11 12:00:00,Tuesday,12,0.082,0.161,0.000,0.338,0.065,0.000,0.646,
2026-08-11 13:00:00,Tuesday,13,0.086,0.146,0.000,0.000,0.068,0.000,0.300,
2026-08-11 14:00:00,Tuesday,14,0.071,0.000,0.000,0.000,0.104,0.000,0.175,
2026-08-11 15:00:00,Tuesday,15,0.068,0.000,0.000,0.000,0.078,0.000,0.146,
2026-08-11 16:00:00,Tuesday,16,0.088,0.000,0.000,0.000,0.095,0.000,0.183,
2026-08-11 17:00:00,Tuesday,17,0.089,0.000,0.000,0.000,0.130,0.000,0.219,
2026-08-11 18:00:00,Tuesday,18,0.084,0.000,0.000,0.647,0.136,0.000,0.867,
2026-08-11 19:00:00,Tuesday,19,0.067,0.128,0.000,0.000,0.130,0.000,0.325,
2026-08-11 20:00:00,Tuesday,20,0.067,0.190,0.000,0.000,0.200,0.486,0.943,zmywarka
2026-08-11 21:00:00,Tuesday,21,0.071,0.304,0.107,0.000,0.136,0.000,0.618,
2026-08-11 22:00:00,Tuesday,22,0.069,0.234,0.047,0.000,0.117,0.000,0.467,
2026-08-11 23:00:00,Tuesday,23,0.096,0.274,0.000,0.000,0.000,0.000,0.370,
2026-08-12 00:00:00,Wednesday,0,0.090,0.290,0.000,0.000,0.000,0.000,0.380,
2026-08-12 01:00:00,Wednesday,1,0.071,0.305,0.000,0.000,0.000,0.000,0.376,
2026-08-12 02:00:00,Wednesday,2,0.095,0.506,0.000,0.000,0.000,0.000,0.601,
2026-08-12 03:00:00,Wednesday,3,0.067,0.443,0.000,0.000,0.000,0.000,0.510,
2026-08-12 04:00:00,Wednesday,4,0.096,0.400,0.000,0.000,0.000,0.000,0.496,
2026-08-12 05:00:00,Wednesday,5,0.076,0.484,0.000,0.000,0.000,0.000,0.560,
2026-08-12 06:00:00,Wednesday,6,0.067,0.551,0.000,0.284,0.000,0.000,0.902,
2026-08-12 07:00:00,Wednesday,7,0.080,0.632,0.000,0.279,0.000,0.000,0.991,
2026-08-12 08:00:00,Wednesday,8,0.089,0.429,0.000,0.170,0.000,0.000,0.688,
2026-08-12 09:00:00,Wednesday,9,0.070,0.362,0.000,0.000,0.072,0.000,0.504,
2026-08-12 10:00:00,Wednesday,10,0.088,0.286,0.000,0.000,0.083,0.000,0.457,
2026-08-12 11:00:00,Wednesday,11,0.094,0.269,0.000,0.000,0.049,0.000,0.412,
2026-08-12 12:00:00,Wednesday,12,0.071,0.208,0.000,0.477,0.085,0.000,0.841,
2026-08-12 13:00:00,Wednesday,13,0.095,0.202,0.000,0.000,0.061,0.000,0.358,
2026-08-12 14:00:00,Wednesday,14,0.088,0.000,0.000,0.000,0.131,0.000,0.219,
2026-08-12 15:00:00,Wednesday,15,0.068,0.000,0.000,0.000,0.133,0.000,0.201,
2026-08-12 16:00:00,Wednesday,16,0.067,0.000,0.000,0.000,0.082,0.000,0.149,
2026-08-12 17:00:00,Wednesday,17,0.074,0.121,0.000,0.488,0.151,0.000,0.834,
2026-08-12 18:00:00,Wednesday,18,0.079,0.123,0.000,0.000,0.133,0.000,0.335,
2026-08-12 19:00:00,Wednesday,19,0.089,0.146,0.000,0.000,0.132,0.000,0.367,
2026-08-12 20:00:00,Wednesday,20,0.086,0.179,0.000,0.000,0.163,0.611,1.039,zmywarka
2026-08-12 21:00:00,Wednesday,21,0.086,0.265,0.125,0.000,0.094,0.000,0.570,
2026-08-12 22:00:00,Wednesday,22,0.092,0.159,0.078,0.000,0.132,0.000,0.461,
2026-08-12 23:00:00,Wednesday,23,0.074,0.168,0.000,0.000,0.000,0.000,0.242,
2026-08-13 00:00:00,Thursday,0,0.095,0.194,0.000,0.000,0.000,0.000,0.289,
2026-08-13 01:00:00,Thursday,1,0.078,0.199,0.000,0.000,0.000,0.000,0.277,
2026-08-13 02:00:00,Thursday,2,0.092,0.238,0.000,0.000,0.000,0.000,0.330,
2026-08-13 03:00:00,Thursday,3,0.073,0.248,0.000,0.000,0.000,0.000,0.321,
2026-08-13 04:00:00,Thursday,4,0.092,0.287,0.000,0.000,0.000,0.000,0.379,
2026-08-13 05:00:00,Thursday,5,0.098,0.352,0.000,0.000,0.000,0.000,0.450,
2026-08-13 06:00:00,Thursday,6,0.072,0.446,0.000,0.158,0.000,0.000,0.676,
2026-08-13 07:00:00,Thursday,7,0.074,0.325,0.000,0.185,0.000,0.000,0.584,
2026-08-13 08:00:00,Thursday,8,0.095,0.244,0.000,0.272,0.000,0.000,0.611,
2026-08-13 09:00:00,Thursday,9,0.085,0.166,0.000,0.000,0.166,0.000,0.417,praca zdalna
2026-08-13 10:00:00,Thursday,10,0.073,0.141,0.000,0.000,0.179,0.000,0.393,praca zdalna
2026-08-13 11:00:00,Thursday,11,0.095,0.123,0.000,0.000,0.154,0.000,0.372,praca zdalna
2026-08-13 12:00:00,Thursday,12,0.079,0.000,0.000,0.000,0.157,0.000,0.236,praca zdalna
2026-08-13 13:00:00,Thursday,13,0.073,0.000,0.000,0.410,0.139,0.000,0.622,praca zdalna
2026-08-13 14:00:00,Thursday,14,0.075,0.000,0.000,0.000,0.211,0.000,0.286,praca zdalna
2026-08-13 15:00:00,Thursday,15,0.073,0.000,0.000,0.000,0.180,0.000,0.253,praca zdalna
2026-08-13 16:00:00,Thursday,16,0.074,0.000,0.000,0.000,0.162,0.000,0.236,praca zdalna
2026-08-13 17:00:00,Thursday,17,0.091,0.000,0.000,0.000,0.160,0.000,0.251,goście
2026-08-13 18:00:00,Thursday,18,0.080,0.000,0.000,0.665,0.176,0.000,0.921,goście
2026-08-13 19:00:00,Thursday,19,0.070,0.000,0.000,0.000,0.170,0.000,0.240,goście
2026-08-13 20:00:00,Thursday,20,0.091,0.000,0.000,0.000,0.111,0.000,0.202,goście
2026-08-13 21:00:00,Thursday,21,0.077,0.000,0.158,0.000,0.117,0.000,0.352,goście
2026-08-13 22:00:00,Thursday,22,0.067,0.000,0.039,0.000,0.098,0.000,0.204,
2026-08-13 23:00:00,Thursday,23,0.067,0.000,0.000,0.000,0.000,0.000,0.067,
2026-08-14 00:00:00,Friday,0,0.104,0.000,0.000,0.000,0.000,0.000,0.104,
2026-08-14 01:00:00,Friday,1,0.109,0.000,0.000,0.000,0.000,0.000,0.109,
2026-08-14 02:00:00,Friday,2,0.093,0.000,0.000,0.000,0.000,0.000,0.093,
2026-08-14 03:00:00,Friday,3,0.073,0.000,0.000,0.000,0.000,0.000,0.073,
2026-08-14 04:00:00,Friday,4,0.080,0.000,0.000,0.000,0.000,0.000,0.080,
2026-08-14 05:00:00,Friday,5,0.095,0.000,0.000,0.000,0.000,0.000,0.095,
2026-08-14 06:00:00,Friday,6,0.073,0.163,0.000,0.345,0.000,0.000,0.581,
2026-08-14 07:00:00,Friday,7,0.085,0.138,0.000,0.252,0.000,0.000,0.475,
2026-08-14 08:00:00,Friday,8,0.080,0.000,0.000,0.233,0.000,0.000,0.313,
2026-08-14 09:00:00,Friday,9,0.083,0.000,0.000,0.000,0.068,0.000,0.151,
2026-08-14 10:00:00,Friday,10,0.080,0.000,0.000,0.000,0.048,0.000,0.128,
2026-08-14 11:00:00,Friday,11,0.067,0.000,0.000,0.000,0.089,0.000,0.156,
2026-08-14 12:00:00,Friday,12,0.084,0.000,0.000,0.326,0.079,0.000,0.489,
2026-08-14 13:00:00,Friday,13,0.067,0.000,0.000,0.000,0.062,0.000,0.129,
2026-08-14 14:00:00,Friday,14,0.075,0.884,0.000,0.000,0.067,0.000,1.026,
2026-08-14 15:00:00,Friday,15,0.089,0.596,0.000,0.000,0.081,0.000,0.766,
2026-08-14 16:00:00,Friday,16,0.074,0.824,0.000,0.000,0.088,0.000,0.986,
2026-08-14 17:00:00,Friday,17,0.092,0.589,0.000,0.000,0.170,0.000,0.851,
2026-08-14 18:00:00,Friday,18,0.094,0.578,0.000,0.445,0.148,0.000,1.265,
2026-08-14 19:00:00,Friday,19,0.095,1.174,0.000,0.000,0.114,0.558,1.941,zmywarka
2026-08-14 20:00:00,Friday,20,0.091,0.000,0.000,0.000,0.134,0.000,0.225,
2026-08-14 21:00:00,Friday,21,0.067,0.000,0.152,0.000,0.137,0.000,0.356,
2026-08-14 22:00:00,Friday,22,0.085,0.000,0.059,0.000,0.146,0.000,0.290,
2026-08-14 23:00:00,Friday,23,0.092,0.000,0.000,0.000,0.000,0.000,0.092,
2026-08-15 00:00:00,Saturday,0,0.083,0.000,0.000,0.000,0.000,0.000,0.083,
2026-08-15 01:00:00,Saturday,1,0.104,0.000,0.000,0.000,0.000,0.000,0.104,
2026-08-15 02:00:00,Saturday,2,0.093,0.000,0.000,0.000,0.000,0.000,0.093,
2026-08-15 03:00:00,Saturday,3,0.077,0.000,0.000,0.000,0.000,0.000,0.077,
2026-08-15 04:00:00,Saturday,4,0.080,0.000,0.000,0.000,0.000,0.000,0.080,
2026-08-15 05:00:00,Saturday,5,0.082,0.000,0.000,0.000,0.000,0.000,0.082,
2026-08-15 06:00:00,Saturday,6,0.070,0.000,0.000,0.278,0.000,0.000,0.348,
2026-08-15 07:00:00,Saturday,7,0.080,0.000,0.000,0.322,0.000,0.000,0.402,
2026-08-15 08:00:00,Saturday,8,0.076,0.000,0.000,0.346,0.000,0.000,0.422,
2026-08-15 09:00:00,Saturday,9,0.089,0.000,0.000,0.000,0.064,0.000,0.153,
2026-08-15 10:00:00,Saturday,10,0.086,0.120,0.000,0.000,0.135,0.000,0.341,
2026-08-15 11:00:00,Saturday,11,0.070,0.120,0.000,0.000,0.137,0.458,0.785,pralka
2026-08-15 12:00:00,Saturday,12,0.092,0.981,0.000,0.000,0.125,0.000,1.198,
2026-08-15 13:00:00,Saturday,13,0.086,0.994,0.000,0.533,0.099,0.658,2.370,zmywarka
2026-08-15 14:00:00,Saturday,14,0.066,0.988,0.000,0.000,0.050,0.000,1.104,
2026-08-15 15:00:00,Saturday,15,0.090,0.749,0.000,0.000,0.120,0.000,0.959,
2026-08-15 16:00:00,Saturday,16,0.090,0.997,0.000,0.000,0.088,0.000,1.175,
2026-08-15 17:00:00,Saturday,17,0.091,1.133,0.000,0.647,0.144,0.000,2.015,
2026-08-15 18:00:00,Saturday,18,0.083,0.000,0.000,0.000,0.173,0.000,0.256,
2026-08-15 19:00:00,Saturday,19,0.083,0.000,0.000,0.000,0.142,0.000,0.225,
2026-08-15 20:00:00,Saturday,20,0.096,0.000,0.168,0.000,0.098,0.000,0.362,
2026-08-15 21:00:00,Saturday,21,0.081,0.148,0.121,0.000,0.191,0.000,0.541,
2026-08-15 22:00:00,Saturday,22,0.068,0.000,0.046,0.000,0.119,0.000,0.233,
2026-08-15 23:00:00,Saturday,23,0.091,0.149,0.000,0.000,0.000,0.000,0.240,
2026-08-16 00:00:00,Sunday,0,0.091,0.166,0.000,0.000,0.000,0.000,0.257,
2026-08-16 01:00:00,Sunday,1,0.074,0.178,0.000,0.000,0.000,0.000,0.252,
2026-08-16 02:00:00,Sunday,2,0.069,0.291,0.000,0.000,0.000,0.000,0.360,
2026-08-16 03:00:00,Sunday,3,0.072,0.295,0.000,0.000,0.000,0.000,0.367,
2026-08-16 04:00:00,Sunday,4,0.081,0.337,0.000,0.000,0.000,0.000,0.418,
2026-08-16 05:00:00,Sunday,5,0.091,0.334,0.000,0.000,0.000,0.000,0.425,
2026-08-16 06:00:00,Sunday,6,0.073,0.469,0.000,0.220,0.000,0.000,0.762,
2026-08-16 07:00:00,Sunday,7,0.076,0.412,0.000,0.193,0.000,0.000,0.681,
2026-08-16 08:00:00,Sunday,8,0.089,0.370,0.000,0.274,0.000,0.000,0.733,
2026-08-16 09:00:00,Sunday,9,0.076,0.291,0.000,0.000,0.107,0.000,0.474,
2026-08-16 10:00:00,Sunday,10,0.075,0.228,0.000,0.000,0.130,0.000,0.433,
2026-08-16 11:00:00,Sunday,11,0.069,0.160,0.000,0.000,0.085,0.000,0.314,
2026-08-16 12:00:00,Sunday,12,0.072,0.122,0.000,0.647,0.038,0.000,0.879,
2026-08-16 13:00:00,Sunday,13,0.082,0.000,0.000,0.000,0.046,0.000,0.128,
2026-08-16 14:00:00,Sunday,14,0.082,0.000,0.000,0.000,0.107,0.702,0.891,zmywarka
2026-08-16 15:00:00,Sunday,15,0.068,0.000,0.000,0.000,0.051,0.000,0.119,
2026-08-16 16:00:00,Sunday,16,0.080,0.000,0.000,0.000,0.149,0.000,0.229,
2026-08-16 17:00:00,Sunday,17,0.090,0.000,0.000,0.000,0.203,0.000,0.293,
2026-08-16 18:00:00,Sunday,18,0.089,0.000,0.000,0.487,0.184,0.000,0.760,
2026-08-16 19:00:00,Sunday,19,0.085,0.000,0.000,0.000,0.159,0.000,0.244,
2026-08-16 20:00:00,Sunday,20,0.067,0.153,0.176,0.000,0.138,0.000,0.534,
2026-08-16 21:00:00,Sunday,21,0.080,0.177,0.150,0.000,0.155,0.000,0.562,
2026-08-16 22:00:00,Sunday,22,0.086,0.152,0.089,0.000,0.140,0.000,0.467,
2026-08-16 23:00:00,Sunday,23,0.078,0.149,0.000,0.000,0.000,0.000,0.227,
2026-08-17 00:00:00,Monday,0,0.073,0.180,0.000,0.000,0.000,0.000,0.253,
2026-08-17 01:00:00,Monday,1,0.079,0.216,0.000,0.000,0.000,0.000,0.295,
2026-08-17 02:00:00,Monday,2,0.085,0.214,0.000,0.000,0.000,0.000,0.299,
2026-08-17 03:00:00,Monday,3,0.098,0.263,0.000,0.000,0.000,0.000,0.361,
2026-08-17 04:00:00,Monday,4,0.087,0.340,0.000,0.000,0.000,0.000,0.427,
2026-08-17 05:00:00,Monday,5,0.087,0.315,0.000,0.000,0.000,0.000,0.402,
2026-08-17 06:00:00,Monday,6,0.090,0.389,0.000,0.098,0.000,0.000,0.577,
2026-08-17 07:00:00,Monday,7,0.091,0.445,0.000,0.238,0.000,0.000,0.774,
2026-08-17 08:00:00,Monday,8,0.092,0.439,0.000,0.247,0.000,0.000,0.778,
2026-08-17 09:00:00,Monday,9,0.094,0.341,0.000,0.000,0.049,0.000,0.484,
2026-08-17 10:00:00,Monday,10,0.075,0.229,0.000,0.000,0.061,0.000,0.365,
2026-08-17 11:00:00,Monday,11,0.069,0.171,0.000,0.000,0.050,0.000,0.290,
2026-08-17 12:00:00,Monday,12,0.069,0.113,0.000,0.000,0.055,0.000,0.237,
2026-08-17 13:00:00,Monday,13,0.084,0.000,0.000,0.383,0.063,0.000,0.530,
2026-08-17 14:00:00,Monday,14,0.079,0.000,0.000,0.000,0.100,0.000,0.179,
2026-08-17 15:00:00,Monday,15,0.092,0.000,0.000,0.000,0.136,0.000,0.228,
2026-08-17 16:00:00,Monday,16,0.084,0.000,0.000,0.000,0.143,0.000,0.227,
2026-08-17 17:00:00,Monday,17,0.071,0.000,0.000,0.000,0.196,0.000,0.267,
2026-08-17 18:00:00,Monday,18,0.083,0.000,0.000,0.388,0.154,0.000,0.625,
2026-08-17 19:00:00,Monday,19,0.073,0.127,0.000,0.000,0.192,0.716,1.108,zmywarka
2026-08-17 20:00:00,Monday,20,0.070,0.193,0.089,0.000,0.206,0.000,0.558,
2026-08-17 21:00:00,Monday,21,0.092,0.220,0.064,0.000,0.191,0.000,0.567,
2026-08-17 22:00:00,Monday,22,0.089,0.192,0.035,0.000,0.167,0.000,0.483,
2026-08-17 23:00:00,Monday,23,0.101,0.190,0.000,0.000,0.000,0.000,0.291,
2026-08-18 00:00:00,Tuesday,0,0.083,0.260,0.000,0.000,0.000,0.000,0.343,
2026-08-18 01:00:00,Tuesday,1,0.079,0.312,0.000,0.000,0.000,0.000,0.391,
2026-08-18 02:00:00,Tuesday,2,0.107,0.326,0.000,0.000,0.000,0.000,0.433,
2026-08-18 03:00:00,Tuesday,3,0.082,0.340,0.000,0.000,0.000,0.000,0.422,
2026-08-18 04:00:00,Tuesday,4,0.067,0.347,0.000,0.000,0.000,0.000,0.414,
2026-08-18 05:00:00,Tuesday,5,0.083,0.377,0.000,0.000,0.000,0.000,0.460,
2026-08-18 06:00:00,Tuesday,6,0.094,0.527,0.000,0.283,0.000,0.000,0.904,
2026-08-18 07:00:00,Tuesday,7,0.095,0.502,0.000,0.299,0.000,0.000,0.896,
2026-08-18 08:00:00,Tuesday,8,0.094,0.415,0.000,0.254,0.000,0.000,0.763,
2026-08-18 09:00:00,Tuesday,9,0.091,0.365,0.000,0.000,0.055,0.000,0.511,
2026-08-18 10:00:00,Tuesday,10,0.080,0.250,0.000,0.000,0.080,0.000,0.410,
2026-08-18 11:00:00,Tuesday,11,0.068,0.254,0.000,0.000,0.052,0.000,0.374,
2026-08-18 12:00:00,Tuesday,12,0.067,0.212,0.000,0.323,0.080,0.551,1.233,pralka
2026-08-18 13:00:00,Tuesday,13,0.086,0.187,0.000,0.000,0.068,0.000,0.341,
2026-08-18 14:00:00,Tuesday,14,0.086,0.166,0.000,0.000,0.088,0.000,0.340,
2026-08-18 15:00:00,Tuesday,15,0.088,0.184,0.000,0.000,0.139,0.000,0.411,
2026-08-18 16:00:00,Tuesday,16,0.074,0.196,0.000,0.000,0.109,0.000,0.379,
2026-08-18 17:00:00,Tuesday,17,0.095,0.167,0.000,0.000,0.194,0.000,0.456,
2026-08-18 18:00:00,Tuesday,18,0.089,0.146,0.000,0.481,0.174,0.000,0.890,
2026-08-18 19:00:00,Tuesday,19,0.092,0.177,0.000,0.000,0.139,0.614,1.022,zmywarka
2026-08-18 20:00:00,Tuesday,20,0.077,0.275,0.109,0.000,0.169,0.000,0.630,
2026-08-18 21:00:00,Tuesday,21,0.073,0.227,0.115,0.000,0.175,0.000,0.590,
2026-08-18 22:00:00,Tuesday,22,0.066,0.194,0.061,0.000,0.150,0.000,0.471,
2026-08-18 23:00:00,Tuesday,23,0.067,0.227,0.000,0.000,0.000,0.000,0.294,
2026-08-19 00:00:00,Wednesday,0,0.082,0.221,0.000,0.000,0.000,0.000,0.303,
2026-08-19 01:00:00,Wednesday,1,0.067,0.201,0.000,0.000,0.000,0.000,0.268,
2026-08-19 02:00:00,Wednesday,2,0.088,0.196,0.000,0.000,0.000,0.000,0.284,
2026-08-19 03:00:00,Wednesday,3,0.088,0.230,0.000,0.000,0.000,0.000,0.318,
2026-08-19 04:00:00,Wednesday,4,0.070,0.220,0.000,0.000,0.000,0.000,0.290,
2026-08-19 05:00:00,Wednesday,5,0.101,0.228,0.000,0.000,0.000,0.000,0.329,
2026-08-19 06:00:00,Wednesday,6,0.086,0.273,0.000,0.332,0.000,0.000,0.691,
2026-08-19 07:00:00,Wednesday,7,0.095,0.275,0.000,0.251,0.000,0.000,0.621,
2026-08-19 08:00:00,Wednesday,8,0.092,0.396,0.000,0.238,0.000,0.000,0.726,
2026-08-19 09:00:00,Wednesday,9,0.082,0.317,0.000,0.000,0.065,0.000,0.464,
2026-08-19 10:00:00,Wednesday,10,0.072,0.356,0.000,0.000,0.055,0.000,0.483,
2026-08-19 11:00:00,Wednesday,11,0.082,0.334,0.000,0.000,0.071,0.000,0.487,
2026-08-19 12:00:00,Wednesday,12,0.080,0.202,0.000,0.000,0.050,0.000,0.332,
2026-08-19 13:00:00,Wednesday,13,0.077,0.240,0.000,0.263,0.071,0.000,0.651,
2026-08-19 14:00:00,Wednesday,14,0.074,0.281,0.000,0.000,0.073,0.000,0.428,
2026-08-19 15:00:00,Wednesday,15,0.077,0.301,0.000,0.000,0.114,0.000,0.492,
2026-08-19 16:00:00,Wednesday,16,0.076,0.177,0.000,0.000,0.142,0.000,0.395,
2026-08-19 17:00:00,Wednesday,17,0.074,0.122,0.000,0.000,0.097,0.000,0.293,
2026-08-19 18:00:00,Wednesday,18,0.070,0.000,0.000,0.628,0.156,0.000,0.854,
2026-08-19 19:00:00,Wednesday,19,0.092,0.134,0.000,0.000,0.118,0.000,0.344,
2026-08-19 20:00:00,Wednesday,20,0.081,0.215,0.000,0.000,0.095,0.580,0.971,zmywarka
2026-08-19 21:00:00,Wednesday,21,0.084,0.221,0.159,0.000,0.134,0.000,0.598,
2026-08-19 22:00:00,Wednesday,22,0.093,0.128,0.083,0.000,0.172,0.000,0.476,
2026-08-19 23:00:00,Wednesday,23,0.099,0.194,0.000,0.000,0.000,0.000,0.293,
2026-08-20 00:00:00,Thursday,0,0.099,0.262,0.000,0.000,0.000,0.000,0.361,
2026-08-20 01:00:00,Thursday,1,0.092,0.236,0.000,0.000,0.000,0.000,0.328,
2026-08-20 02:00:00,Thursday,2,0.081,0.297,0.000,0.000,0.000,0.000,0.378,
2026-08-20 03:00:00,Thursday,3,0.086,0.289,0.000,0.000,0.000,0.000,0.375,
2026-08-20 04:00:00,Thursday,4,0.088,0.400,0.000,0.000,0.000,0.000,0.488,
2026-08-20 05:00:00,Thursday,5,0.090,0.327,0.000,0.000,0.000,0.000,0.417,
2026-08-20 06:00:00,Thursday,6,0.086,0.419,0.000,0.209,0.000,0.000,0.714,
2026-08-20 07:00:00,Thursday,7,0.093,0.476,0.000,0.180,0.000,0.000,0.749,
2026-08-20 08:00:00,Thursday,8,0.080,0.367,0.000,0.242,0.000,0.000,0.689,
2026-08-20 09:00:00,Thursday,9,0.082,0.313,0.000,0.000,0.196,0.000,0.591,praca zdalna
2026-08-20 10:00:00,Thursday,10,0.076,0.235,0.000,0.000,0.130,0.000,0.441,praca zdalna
2026-08-20 11:00:00,Thursday,11,0.092,0.198,0.000,0.000,0.124,0.000,0.414,praca zdalna
2026-08-20 12:00:00,Thursday,12,0.091,0.182,0.000,0.000,0.149,0.000,0.422,praca zdalna
2026-08-20 13:00:00,Thursday,13,0.070,0.171,0.000,0.521,0.155,0.000,0.917,praca zdalna
2026-08-20 14:00:00,Thursday,14,0.067,0.000,0.000,0.000,0.180,0.000,0.247,praca zdalna
2026-08-20 15:00:00,Thursday,15,0.081,0.000,0.000,0.000,0.166,0.000,0.247,praca zdalna
2026-08-20 16:00:00,Thursday,16,0.068,0.000,0.000,0.000,0.233,0.000,0.301,praca zdalna
2026-08-20 17:00:00,Thursday,17,0.085,0.000,0.000,0.469,0.141,0.000,0.695,
2026-08-20 18:00:00,Thursday,18,0.086,0.119,0.000,0.000,0.112,0.000,0.317,
2026-08-20 19:00:00,Thursday,19,0.079,0.123,0.000,0.000,0.172,0.000,0.374,
2026-08-20 20:00:00,Thursday,20,0.096,0.251,0.000,0.000,0.181,0.674,1.202,zmywarka
2026-08-20 21:00:00,Thursday,21,0.080,0.202,0.159,0.000,0.112,0.000,0.553,
2026-08-20 22:00:00,Thursday,22,0.082,0.143,0.057,0.000,0.181,0.000,0.463,
2026-08-20 23:00:00,Thursday,23,0.095,0.000,0.000,0.000,0.000,0.000,0.095,
2026-08-21 00:00:00,Friday,0,0.095,0.166,0.000,0.000,0.000,0.000,0.261,
2026-08-21 01:00:00,Friday,1,0.084,0.179,0.000,0.000,0.000,0.000,0.263,
2026-08-21 02:00:00,Friday,2,0.091,0.350,0.000,0.000,0.000,0.000,0.441,
2026-08-21 03:00:00,Friday,3,0.075,0.293,0.000,0.000,0.000,0.000,0.368,
2026-08-21 04:00:00,Friday,4,0.078,0.320,0.000,0.000,0.000,0.000,0.398,
2026-08-21 05:00:00,Friday,5,0.067,0.304,0.000,0.000,0.000,0.000,0.371,
2026-08-21 06:00:00,Friday,6,0.077,0.407,0.000,0.240,0.000,0.000,0.724,
2026-08-21 07:00:00,Friday,7,0.094,0.451,0.000,0.308,0.000,0.000,0.853,
2026-08-21 08:00:00,Friday,8,0.079,0.344,0.000,0.176,0.000,0.000,0.599,
2026-08-21 09:00:00,Friday,9,0.089,0.297,0.000,0.000,0.151,0.000,0.537,praca zdalna
2026-08-21 10:00:00,Friday,10,0.067,0.261,0.000,0.000,0.126,0.000,0.454,praca zdalna
2026-08-21 11:00:00,Friday,11,0.074,0.175,0.000,0.000,0.175,0.000,0.424,praca zdalna
2026-08-21 12:00:00,Friday,12,0.073,0.121,0.000,0.538,0.150,0.000,0.882,praca zdalna
2026-08-21 13:00:00,Friday,13,0.081,0.000,0.000,0.000,0.164,0.000,0.245,praca zdalna
2026-08-21 14:00:00,Friday,14,0.095,0.000,0.000,0.000,0.177,0.000,0.272,praca zdalna
2026-08-21 15:00:00,Friday,15,0.066,0.000,0.000,0.000,0.171,0.000,0.237,praca zdalna
2026-08-21 16:00:00,Friday,16,0.080,0.000,0.000,0.000,0.190,0.000,0.270,praca zdalna
2026-08-21 17:00:00,Friday,17,0.082,0.000,0.000,0.691,0.093,0.000,0.866,
2026-08-21 18:00:00,Friday,18,0.089,0.000,0.000,0.000,0.208,0.000,0.297,
2026-08-21 19:00:00,Friday,19,0.094,0.000,0.000,0.000,0.126,0.640,0.860,zmywarka
2026-08-21 20:00:00,Friday,20,0.068,0.164,0.086,0.000,0.201,0.000,0.519,
2026-08-21 21:00:00,Friday,21,0.085,0.217,0.073,0.000,0.172,0.000,0.547,
2026-08-21 22:00:00,Friday,22,0.083,0.137,0.082,0.000,0.196,0.000,0.498,
2026-08-21 23:00:00,Friday,23,0.097,0.223,0.000,0.000,0.000,0.000,0.320,
2026-08-22 00:00:00,Saturday,0,0.103,0.209,0.000,0.000,0.000,0.000,0.312,
2026-08-22 01:00:00,Saturday,1,0.070,0.223,0.000,0.000,0.000,0.000,0.293,
2026-08-22 02:00:00,Saturday,2,0.108,0.280,0.000,0.000,0.000,0.000,0.388,
2026-08-22 03:00:00,Saturday,3,0.097,0.379,0.000,0.000,0.000,0.000,0.476,
2026-08-22 04:00:00,Saturday,4,0.094,0.352,0.000,0.000,0.000,0.000,0.446,
2026-08-22 05:00:00,Saturday,5,0.085,0.359,0.000,0.000,0.000,0.000,0.444,
2026-08-22 06:00:00,Saturday,6,0.080,0.569,0.000,0.247,0.000,0.000,0.896,
2026-08-22 07:00:00,Saturday,7,0.079,0.493,0.000,0.271,0.000,0.000,0.843,
2026-08-22 08:00:00,Saturday,8,0.092,0.459,0.000,0.241,0.000,0.000,0.792,
2026-08-22 09:00:00,Saturday,9,0.085,0.367,0.000,0.000,0.090,0.450,0.992,pralka
2026-08-22 10:00:00,Saturday,10,0.080,0.346,0.000,0.000,0.050,1.021,1.497,suszarka
2026-08-22 11:00:00,Saturday,11,0.070,0.261,0.000,0.000,0.083,0.000,0.414,
2026-08-22 12:00:00,Saturday,12,0.087,0.189,0.000,0.000,0.142,0.000,0.418,
2026-08-22 13:00:00,Saturday,13,0.076,0.184,0.000,0.412,0.103,0.000,0.775,
2026-08-22 14:00:00,Saturday,14,0.087,0.148,0.000,0.000,0.104,0.590,0.929,zmywarka
2026-08-22 15:00:00,Saturday,15,0.081,0.000,0.000,0.000,0.063,0.000,0.144,
2026-08-22 16:00:00,Saturday,16,0.089,0.000,0.000,0.000,0.049,0.000,0.138,
2026-08-22 17:00:00,Saturday,17,0.076,0.135,0.000,0.897,0.112,0.000,1.220,
2026-08-22 18:00:00,Saturday,18,0.095,0.114,0.000,0.000,0.092,0.000,0.301,
2026-08-22 19:00:00,Saturday,19,0.085,0.302,0.000,0.000,0.139,0.000,0.526,
2026-08-22 20:00:00,Saturday,20,0.092,0.324,0.000,0.000,0.196,0.000,0.612,
2026-08-22 21:00:00,Saturday,21,0.087,0.327,0.155,0.000,0.196,0.000,0.765,
2026-08-22 22:00:00,Saturday,22,0.092,0.281,0.063,0.000,0.133,0.000,0.569,
2026-08-22 23:00:00,Saturday,23,0.102,0.250,0.000,0.000,0.000,0.000,0.352,
2026-08-23 00:00:00,Sunday,0,0.073,0.322,0.000,0.000,0.000,0.000,0.395,
2026-08-23 01:00:00,Sunday,1,0.084,0.367,0.000,0.000,0.000,0.000,0.451,
2026-08-23 02:00:00,Sunday,2,0.088,0.368,0.000,0.000,0.000,0.000,0.456,
2026-08-23 03:00:00,Sunday,3,0.094,0.352,0.000,0.000,0.000,0.000,0.446,
2026-08-23 04:00:00,Sunday,4,0.086,0.418,0.000,0.000,0.000,0.000,0.504,
2026-08-23 05:00:00,Sunday,5,0.074,0.426,0.000,0.000,0.000,0.000,0.500,
2026-08-23 06:00:00,Sunday,6,0.094,0.512,0.000,0.336,0.000,0.000,0.942,
2026-08-23 07:00:00,Sunday,7,0.068,0.420,0.000,0.268,0.000,0.000,0.756,
2026-08-23 08:00:00,Sunday,8,0.094,0.500,0.000,0.319,0.000,0.000,0.913,
2026-08-23 09:00:00,Sunday,9,0.067,0.448,0.000,0.000,0.074,0.000,0.589,
2026-08-23 10:00:00,Sunday,10,0.080,0.460,0.000,0.000,0.122,0.000,0.662,
2026-08-23 11:00:00,Sunday,11,0.076,0.367,0.000,0.000,0.107,0.000,0.550,
2026-08-23 12:00:00,Sunday,12,0.088,0.299,0.000,0.000,0.117,0.000,0.504,
2026-08-23 13:00:00,Sunday,13,0.082,0.257,0.000,0.269,0.130,0.637,1.375,zmywarka
2026-08-23 14:00:00,Sunday,14,0.069,0.229,0.000,0.000,0.036,0.000,0.334,
2026-08-23 15:00:00,Sunday,15,0.071,0.277,0.000,0.000,0.095,0.000,0.443,
2026-08-23 16:00:00,Sunday,16,0.080,0.299,0.000,0.000,0.094,0.000,0.473,
2026-08-23 17:00:00,Sunday,17,0.080,0.207,0.000,0.000,0.097,0.000,0.384,goście
2026-08-23 18:00:00,Sunday,18,0.091,0.174,0.000,0.848,0.097,0.000,1.210,goście
2026-08-23 19:00:00,Sunday,19,0.082,0.242,0.000,0.000,0.200,0.000,0.524,goście
2026-08-23 20:00:00,Sunday,20,0.074,0.346,0.070,0.000,0.138,0.000,0.628,goście
2026-08-23 21:00:00,Sunday,21,0.095,0.397,0.145,0.000,0.164,0.000,0.801,goście
2026-08-23 22:00:00,Sunday,22,0.069,0.325,0.035,0.000,0.096,0.000,0.525,
2026-08-23 23:00:00,Sunday,23,0.078,0.386,0.000,0.000,0.000,0.000,0.464,
2026-08-24 00:00:00,Monday,0,0.098,0.311,0.000,0.000,0.000,0.000,0.409,
2026-08-24 01:00:00,Monday,1,0.086,0.349,0.000,0.000,0.000,0.000,0.435,
2026-08-24 02:00:00,Monday,2,0.089,0.261,0.000,0.000,0.000,0.000,0.350,
2026-08-24 03:00:00,Monday,3,0.088,0.314,0.000,0.000,0.000,0.000,0.402,
2026-08-24 04:00:00,Monday,4,0.106,0.294,0.000,0.000,0.000,0.000,0.400,
2026-08-24 05:00:00,Monday,5,0.080,0.349,0.000,0.000,0.000,0.000,0.429,
2026-08-24 06:00:00,Monday,6,0.066,0.442,0.000,0.277,0.000,0.000,0.785,
2026-08-24 07:00:00,Monday,7,0.073,0.505,0.000,0.251,0.000,0.000,0.829,
2026-08-24 08:00:00,Monday,8,0.082,0.367,0.000,0.184,0.000,0.000,0.633,
2026-08-24 09:00:00,Monday,9,0.086,0.321,0.000,0.000,0.053,0.000,0.460,
2026-08-24 10:00:00,Monday,10,0.073,0.211,0.000,0.000,0.053,0.000,0.337,
2026-08-24 11:00:00,Monday,11,0.088,0.143,0.000,0.000,0.050,0.000,0.281,
2026-08-24 12:00:00,Monday,12,0.074,0.000,0.000,0.000,0.086,0.000,0.160,
2026-08-24 13:00:00,Monday,13,0.082,0.000,0.000,0.446,0.080,0.000,0.608,
2026-08-24 14:00:00,Monday,14,0.091,0.000,0.000,0.000,0.059,0.000,0.150,
2026-08-24 15:00:00,Monday,15,0.067,0.000,0.000,0.000,0.125,0.000,0.192,
2026-08-24 16:00:00,Monday,16,0.069,0.000,0.000,0.000,0.065,0.000,0.134,
2026-08-24 17:00:00,Monday,17,0.095,0.000,0.000,0.000,0.154,0.000,0.249,
2026-08-24 18:00:00,Monday,18,0.094,0.000,0.000,0.564,0.144,0.000,0.802,
2026-08-24 19:00:00,Monday,19,0.070,0.000,0.000,0.000,0.095,0.556,0.721,zmywarka
2026-08-24 20:00:00,Monday,20,0.074,0.192,0.000,0.000,0.149,0.000,0.415,
2026-08-24 21:00:00,Monday,21,0.090,0.269,0.074,0.000,0.170,0.000,0.603,
2026-08-24 22:00:00,Monday,22,0.068,0.228,0.072,0.000,0.107,0.000,0.475,
2026-08-24 23:00:00,Monday,23,0.071,0.283,0.000,0.000,0.000,0.000,0.354,
2026-08-25 00:00:00,Tuesday,0,0.086,0.277,0.000,0.000,0.000,0.000,0.363,
2026-08-25 01:00:00,Tuesday,1,0.070,0.305,0.000,0.000,0.000,0.000,0.375,
2026-08-25 02:00:00,Tuesday,2,0.091,0.466,0.000,0.000,0.000,0.000,0.557,
2026-08-25 03:00:00,Tuesday,3,0.066,0.401,0.000,0.000,0.000,0.000,0.467,
2026-08-25 04:00:00,Tuesday,4,0.089,0.440,0.000,0.000,0.000,0.000,0.529,
2026-08-25 05:00:00,Tuesday,5,0.075,0.459,0.000,0.000,0.000,0.000,0.534,
2026-08-25 06:00:00,Tuesday,6,0.095,0.636,0.000,0.263,0.000,0.000,0.994,
2026-08-25 07:00:00,Tuesday,7,0.067,0.481,0.000,0.215,0.000,0.000,0.763,
2026-08-25 08:00:00,Tuesday,8,0.079,0.472,0.000,0.229,0.000,0.000,0.780,
2026-08-25 09:00:00,Tuesday,9,0.077,0.346,0.000,0.000,0.072,0.000,0.495,
2026-08-25 10:00:00,Tuesday,10,0.094,0.343,0.000,0.000,0.062,0.584,1.083,pralka
2026-08-25 11:00:00,Tuesday,11,0.076,0.241,0.000,0.000,0.070,0.952,1.339,suszarka
2026-08-25 12:00:00,Tuesday,12,0.093,0.159,0.000,0.238,0.056,0.000,0.546,
2026-08-25 13:00:00,Tuesday,13,0.076,0.130,0.000,0.000,0.084,0.000,0.290,
2026-08-25 14:00:00,Tuesday,14,0.071,0.000,0.000,0.000,0.059,0.000,0.130,
2026-08-25 15:00:00,Tuesday,15,0.076,0.000,0.000,0.000,0.052,0.000,0.128,
2026-08-25 16:00:00,Tuesday,16,0.079,0.000,0.000,0.000,0.089,0.000,0.168,
2026-08-25 17:00:00,Tuesday,17,0.082,0.000,0.000,0.877,0.184,0.000,1.143,
2026-08-25 18:00:00,Tuesday,18,0.086,0.000,0.000,0.000,0.165,0.000,0.251,
2026-08-25 19:00:00,Tuesday,19,0.071,0.000,0.000,0.000,0.148,0.000,0.219,
2026-08-25 20:00:00,Tuesday,20,0.082,0.212,0.000,0.000,0.200,0.659,1.153,zmywarka
2026-08-25 21:00:00,Tuesday,21,0.085,0.247,0.088,0.000,0.208,0.000,0.628,
2026-08-25 22:00:00,Tuesday,22,0.067,0.150,0.073,0.000,0.183,0.000,0.473,
2026-08-25 23:00:00,Tuesday,23,0.072,0.148,0.000,0.000,0.000,0.000,0.220,
2026-08-26 00:00:00,Wednesday,0,0.088,0.131,0.000,0.000,0.000,0.000,0.219,
2026-08-26 01:00:00,Wednesday,1,0.091,0.138,0.000,0.000,0.000,0.000,0.229,
2026-08-26 02:00:00,Wednesday,2,0.094,0.247,0.000,0.000,0.000,0.000,0.341,
2026-08-26 03:00:00,Wednesday,3,0.095,0.271,0.000,0.000,0.000,0.000,0.366,
2026-08-26 04:00:00,Wednesday,4,0.093,0.275,0.000,0.000,0.000,0.000,0.368,
2026-08-26 05:00:00,Wednesday,5,0.087,0.291,0.000,0.000,0.000,0.000,0.378,
2026-08-26 06:00:00,Wednesday,6,0.078,0.343,0.000,0.178,0.000,0.000,0.599,
2026-08-26 07:00:00,Wednesday,7,0.073,0.287,0.000,0.250,0.000,0.000,0.610,
2026-08-26 08:00:00,Wednesday,8,0.066,0.248,0.000,0.212,0.000,0.000,0.526,
2026-08-26 09:00:00,Wednesday,9,0.073,0.224,0.000,0.000,0.179,0.000,0.476,praca zdalna
2026-08-26 10:00:00,Wednesday,10,0.070,0.136,0.000,0.000,0.159,0.577,0.942,praca zdalna; pralka
2026-08-26 11:00:00,Wednesday,11,0.088,0.000,0.000,0.000,0.182,0.000,0.270,praca zdalna
2026-08-26 12:00:00,Wednesday,12,0.079,0.000,0.000,0.492,0.119,0.000,0.690,praca zdalna
2026-08-26 13:00:00,Wednesday,13,0.079,0.000,0.000,0.000,0.165,0.000,0.244,praca zdalna
2026-08-26 14:00:00,Wednesday,14,0.079,0.000,0.000,0.000,0.220,0.000,0.299,praca zdalna
2026-08-26 15:00:00,Wednesday,15,0.085,0.000,0.000,0.000,0.196,0.000,0.281,praca zdalna
2026-08-26 16:00:00,Wednesday,16,0.084,0.000,0.000,0.000,0.168,0.000,0.252,praca zdalna
2026-08-26 17:00:00,Wednesday,17,0.072,0.000,0.000,0.000,0.191,0.000,0.263,
2026-08-26 18:00:00,Wednesday,18,0.082,0.000,0.000,0.634,0.163,0.000,0.879,
2026-08-26 19:00:00,Wednesday,19,0.078,0.000,0.000,0.000,0.194,0.636,0.908,zmywarka
2026-08-26 20:00:00,Wednesday,20,0.068,0.143,0.000,0.000,0.206,0.000,0.417,
2026-08-26 21:00:00,Wednesday,21,0.094,0.208,0.107,0.000,0.098,0.000,0.507,
2026-08-26 22:00:00,Wednesday,22,0.073,0.159,0.065,0.000,0.130,0.000,0.427,
2026-08-26 23:00:00,Wednesday,23,0.094,0.190,0.000,0.000,0.000,0.000,0.284,
2026-08-27 00:00:00,Thursday,0,0.083,0.206,0.000,0.000,0.000,0.000,0.289,
2026-08-27 01:00:00,Thursday,1,0.096,0.250,0.000,0.000,0.000,0.000,0.346,
2026-08-27 02:00:00,Thursday,2,0.078,0.295,0.000,0.000,0.000,0.000,0.373,
2026-08-27 03:00:00,Thursday,3,0.084,0.265,0.000,0.000,0.000,0.000,0.349,
2026-08-27 04:00:00,Thursday,4,0.073,0.320,0.000,0.000,0.000,0.000,0.393,
2026-08-27 05:00:00,Thursday,5,0.094,0.303,0.000,0.000,0.000,0.000,0.397,
2026-08-27 06:00:00,Thursday,6,0.091,0.415,0.000,0.279,0.000,0.000,0.785,
2026-08-27 07:00:00,Thursday,7,0.086,0.410,0.000,0.355,0.000,0.000,0.851,
2026-08-27 08:00:00,Thursday,8,0.073,0.289,0.000,0.177,0.000,0.000,0.539,
2026-08-27 09:00:00,Thursday,9,0.085,0.252,0.000,0.000,0.157,0.000,0.494,praca zdalna
2026-08-27 10:00:00,Thursday,10,0.089,0.171,0.000,0.000,0.187,0.000,0.447,praca zdalna
2026-08-27 11:00:00,Thursday,11,0.085,0.000,0.000,0.000,0.144,0.000,0.229,praca zdalna
2026-08-27 12:00:00,Thursday,12,0.081,0.000,0.000,0.252,0.134,0.000,0.467,praca zdalna
2026-08-27 13:00:00,Thursday,13,0.089,0.000,0.000,0.000,0.168,0.000,0.257,praca zdalna
2026-08-27 14:00:00,Thursday,14,0.089,0.000,0.000,0.000,0.155,0.000,0.244,praca zdalna
2026-08-27 15:00:00,Thursday,15,0.088,0.000,0.000,0.000,0.147,0.000,0.235,praca zdalna
2026-08-27 16:00:00,Thursday,16,0.085,0.000,0.000,0.000,0.136,0.000,0.221,praca zdalna
2026-08-27 17:00:00,Thursday,17,0.092,0.000,0.000,0.501,0.098,0.000,0.691,
2026-08-27 18:00:00,Thursday,18,0.090,0.000,0.000,0.000,0.179,0.000,0.269,
2026-08-27 19:00:00,Thursday,19,0.077,0.000,0.000,0.000,0.130,0.551,0.758,zmywarka
2026-08-27 20:00:00,Thursday,20,0.067,0.170,0.075,0.000,0.186,0.000,0.498,
2026-08-27 21:00:00,Thursday,21,0.093,0.199,0.110,0.000,0.165,0.000,0.567,
2026-08-27 22:00:00,Thursday,22,0.075,0.130,0.043,0.000,0.155,0.000,0.403,
2026-08-27 23:00:00,Thursday,23,0.067,0.137,0.000,0.000,0.000,0.000,0.204,
2026-08-28 00:00:00,Friday,0,0.107,0.000,0.000,0.000,0.000,0.000,0.107,
2026-08-28 01:00:00,Friday,1,0.095,0.000,0.000,0.000,0.000,0.000,0.095,
2026-08-28 02:00:00,Friday,2,0.095,0.000,0.000,0.000,0.000,0.000,0.095,
2026-08-28 03:00:00,Friday,3,0.095,0.000,0.000,0.000,0.000,0.000,0.095,
2026-08-28 04:00:00,Friday,4,0.079,0.000,0.000,0.000,0.000,0.000,0.079,
2026-08-28 05:00:00,Friday,5,0.085,0.000,0.000,0.000,0.000,0.000,0.085,
2026-08-28 06:00:00,Friday,6,0.089,0.176,0.000,0.218,0.000,0.000,0.483,
2026-08-28 07:00:00,Friday,7,0.082,0.182,0.000,0.235,0.000,0.000,0.499,
2026-08-28 08:00:00,Friday,8,0.088,0.139,0.000,0.178,0.000,0.000,0.405,
2026-08-28 09:00:00,Friday,9,0.080,0.000,0.000,0.000,0.078,0.000,0.158,
2026-08-28 10:00:00,Friday,10,0.073,0.000,0.000,0.000,0.082,0.000,0.155,
2026-08-28 11:00:00,Friday,11,0.076,0.000,0.000,0.000,0.088,0.000,0.164,
2026-08-28 12:00:00,Friday,12,0.081,0.000,0.000,0.304,0.079,0.000,0.464,
2026-08-28 13:00:00,Friday,13,0.082,0.000,0.000,0.000,0.070,0.000,0.152,
2026-08-28 14:00:00,Friday,14,0.080,0.000,0.000,0.000,0.078,0.000,0.158,
2026-08-28 15:00:00,Friday,15,0.078,0.000,0.000,0.000,0.057,0.000,0.135,
2026-08-28 16:00:00,Friday,16,0.069,0.000,0.000,0.000,0.065,0.000,0.134,
2026-08-28 17:00:00,Friday,17,0.087,0.000,0.000,0.000,0.143,0.000,0.230,
2026-08-28 18:00:00,Friday,18,0.070,0.000,0.000,1.138,0.120,0.000,1.328,
2026-08-28 19:00:00,Friday,19,0.091,0.000,0.000,0.000,0.173,0.000,0.264,
2026-08-28 20:00:00,Friday,20,0.093,0.000,0.064,0.000,0.144,0.661,0.962,zmywarka
2026-08-28 21:00:00,Friday,21,0.085,0.149,0.176,0.000,0.128,0.000,0.538,
2026-08-28 22:00:00,Friday,22,0.095,0.000,0.047,0.000,0.128,0.000,0.270,
2026-08-28 23:00:00,Friday,23,0.090,0.000,0.000,0.000,0.000,0.000,0.090,
2026-08-29 00:00:00,Saturday,0,0.073,0.000,0.000,0.000,0.000,0.000,0.073,
2026-08-29 01:00:00,Saturday,1,0.107,0.110,0.000,0.000,0.000,0.000,0.217,
2026-08-29 02:00:00,Saturday,2,0.088,0.000,0.000,0.000,0.000,0.000,0.088,
2026-08-29 03:00:00,Saturday,3,0.082,0.000,0.000,0.000,0.000,0.000,0.082,
2026-08-29 04:00:00,Saturday,4,0.083,0.178,0.000,0.000,0.000,0.000,0.261,
2026-08-29 05:00:00,Saturday,5,0.074,0.231,0.000,0.000,0.000,0.000,0.305,
2026-08-29 06:00:00,Saturday,6,0.095,0.323,0.000,0.248,0.000,0.000,0.666,
2026-08-29 07:00:00,Saturday,7,0.079,0.244,0.000,0.239,0.000,0.000,0.562,
2026-08-29 08:00:00,Saturday,8,0.096,0.280,0.000,0.177,0.000,0.000,0.553,
2026-08-29 09:00:00,Saturday,9,0.079,0.243,0.000,0.000,0.082,0.380,0.784,pralka
2026-08-29 10:00:00,Saturday,10,0.089,0.158,0.000,0.000,0.097,0.000,0.344,
2026-08-29 11:00:00,Saturday,11,0.082,0.000,0.000,0.000,0.065,0.000,0.147,
2026-08-29 12:00:00,Saturday,12,0.094,0.000,0.000,0.000,0.097,0.000,0.191,
2026-08-29 13:00:00,Saturday,13,0.074,0.241,0.000,0.574,0.082,0.000,0.971,
2026-08-29 14:00:00,Saturday,14,0.085,0.221,0.000,0.000,0.069,0.554,0.929,zmywarka
2026-08-29 15:00:00,Saturday,15,0.083,0.143,0.000,0.000,0.091,0.000,0.317,
2026-08-29 16:00:00,Saturday,16,0.092,0.135,0.000,0.000,0.035,0.000,0.262,
2026-08-29 17:00:00,Saturday,17,0.083,0.000,0.000,0.973,0.209,0.000,1.265,
2026-08-29 18:00:00,Saturday,18,0.080,0.000,0.000,0.000,0.171,0.000,0.251,
2026-08-29 19:00:00,Saturday,19,0.070,0.000,0.000,0.000,0.093,0.000,0.163,
2026-08-29 20:00:00,Saturday,20,0.090,0.119,0.000,0.000,0.104,0.000,0.313,
2026-08-29 21:00:00,Saturday,21,0.095,0.134,0.161,0.000,0.138,0.000,0.528,
2026-08-29 22:00:00,Saturday,22,0.087,0.000,0.071,0.000,0.131,0.000,0.289,
2026-08-29 23:00:00,Saturday,23,0.075,0.000,0.000,0.000,0.000,0.000,0.075,
2026-08-30 00:00:00,Sunday,0,0.086,0.000,0.000,0.000,0.000,0.000,0.086,
2026-08-30 01:00:00,Sunday,1,0.069,0.000,0.000,0.000,0.000,0.000,0.069,
2026-08-30 02:00:00,Sunday,2,0.094,0.000,0.000,0.000,0.000,0.000,0.094,
2026-08-30 03:00:00,Sunday,3,0.095,0.000,0.000,0.000,0.000,0.000,0.095,
2026-08-30 04:00:00,Sunday,4,0.075,0.000,0.000,0.000,0.000,0.000,0.075,
2026-08-30 05:00:00,Sunday,5,0.083,0.000,0.000,0.000,0.000,0.000,0.083,
2026-08-30 06:00:00,Sunday,6,0.083,0.164,0.000,0.217,0.000,0.000,0.464,
2026-08-30 07:00:00,Sunday,7,0.090,0.134,0.000,0.248,0.000,0.000,0.472,
2026-08-30 08:00:00,Sunday,8,0.077,0.138,0.000,0.296,0.000,0.000,0.511,
2026-08-30 09:00:00,Sunday,9,0.092,0.182,0.000,0.000,0.088,0.000,0.362,
2026-08-30 10:00:00,Sunday,10,0.093,0.186,0.000,0.000,0.036,0.000,0.315,
2026-08-30 11:00:00,Sunday,11,0.082,0.169,0.000,0.000,0.092,0.000,0.343,
2026-08-30 12:00:00,Sunday,12,0.086,0.149,0.000,0.000,0.046,0.000,0.281,
2026-08-30 13:00:00,Sunday,13,0.074,0.148,0.000,0.733,0.057,0.000,1.012,
2026-08-30 14:00:00,Sunday,14,0.085,0.000,0.000,0.000,0.102,0.608,0.795,zmywarka
2026-08-30 15:00:00,Sunday,15,0.080,0.000,0.000,0.000,0.124,0.000,0.204,
2026-08-30 16:00:00,Sunday,16,0.070,0.000,0.000,0.000,0.125,0.000,0.195,
2026-08-30 17:00:00,Sunday,17,0.093,0.000,0.000,0.000,0.103,0.000,0.196,
2026-08-30 18:00:00,Sunday,18,0.069,0.124,0.000,0.530,0.103,0.000,0.826,
2026-08-30 19:00:00,Sunday,19,0.080,0.148,0.000,0.000,0.127,0.000,0.355,
2026-08-30 20:00:00,Sunday,20,0.092,0.169,0.000,0.000,0.184,0.000,0.445,
2026-08-30 21:00:00,Sunday,21,0.092,0.221,0.088,0.000,0.124,0.000,0.525,
2026-08-30 22:00:00,Sunday,22,0.088,0.179,0.068,0.000,0.139,0.000,0.474,
2026-08-30 23:00:00,Sunday,23,0.086,0.198,0.000,0.000,0.000,0.000,0.284,
2026-08-31 00:00:00,Monday,0,0.090,0.166,0.000,0.000,0.000,0.000,0.256,
2026-08-31 01:00:00,Monday,1,0.096,0.232,0.000,0.000,0.000,0.000,0.328,
2026-08-31 02:00:00,Monday,2,0.091,0.211,0.000,0.000,0.000,0.000,0.302,
2026-08-31 03:00:00,Monday,3,0.095,0.265,0.000,0.000,0.000,0.000,0.360,
2026-08-31 04:00:00,Monday,4,0.108,0.281,0.000,0.000,0.000,0.000,0.389,
2026-08-31 05:00:00,Monday,5,0.091,0.285,0.000,0.000,0.000,0.000,0.376,
2026-08-31 06:00:00,Monday,6,0.079,0.393,0.000,0.259,0.000,0.000,0.731,
2026-08-31 07:00:00,Monday,7,0.070,0.251,0.000,0.316,0.000,0.000,0.637,
2026-08-31 08:00:00,Monday,8,0.083,0.238,0.000,0.252,0.000,0.000,0.573,
2026-08-31 09:00:00,Monday,9,0.082,0.148,0.000,0.000,0.076,0.000,0.306,
2026-08-31 10:00:00,Monday,10,0.093,0.164,0.000,0.000,0.058,0.000,0.315,
2026-08-31 11:00:00,Monday,11,0.070,0.135,0.000,0.000,0.068,0.000,0.273,
2026-08-31 12:00:00,Monday,12,0.082,0.238,0.000,0.183,0.076,0.000,0.579,
2026-08-31 13:00:00,Monday,13,0.092,0.226,0.000,0.000,0.090,0.000,0.408,
2026-08-31 14:00:00,Monday,14,0.077,0.000,0.000,0.000,0.091,0.000,0.168,
2026-08-31 15:00:00,Monday,15,0.085,0.000,0.000,0.000,0.068,0.000,0.153,
2026-08-31 16:00:00,Monday,16,0.068,0.194,0.000,0.000,0.115,0.000,0.377,
2026-08-31 17:00:00,Monday,17,0.079,0.205,0.000,0.615,0.176,0.000,1.075,
2026-08-31 18:00:00,Monday,18,0.070,0.172,0.000,0.000,0.134,0.000,0.376,
2026-08-31 19:00:00,Monday,19,0.074,0.231,0.000,0.000,0.132,0.716,1.153,zmywarka
2026-08-31 20:00:00,Monday,20,0.089,0.213,0.119,0.000,0.128,0.000,0.549,
2026-08-31 21:00:00,Monday,21,0.094,0.238,0.105,0.000,0.121,0.000,0.558,
2026-08-31 22:00:00,Monday,22,0.082,0.163,0.031,0.000,0.097,0.000,0.373,
2026-08-31 23:00:00,Monday,23,0.083,0.196,0.000,0.000,0.000,0.000,0.279,
2026-09-01 00:00:00,Tuesday,0,0.083,0.262,0.000,0.000,0.000,0.000,0.345,
2026-09-01 01:00:00,Tuesday,1,0.079,0.221,0.000,0.000,0.000,0.000,0.300,
2026-09-01 02:00:00,Tuesday,2,0.080,0.274,0.000,0.000,0.000,0.000,0.354,
2026-09-01 03:00:00,Tuesday,3,0.079,0.260,0.000,0.000,0.000,0.000,0.339,
2026-09-01 04:00:00,Tuesday,4,0.086,0.293,0.000,0.000,0.000,0.000,0.379,
2026-09-01 05:00:00,Tuesday,5,0.085,0.353,0.000,0.000,0.000,0.000,0.438,
2026-09-01 06:00:00,Tuesday,6,0.074,0.394,0.076,0.276,0.000,0.000,0.820,
2026-09-01 07:00:00,Tuesday,7,0.094,0.407,0.000,0.224,0.000,0.000,0.725,
2026-09-01 08:00:00,Tuesday,8,0.074,0.359,0.000,0.199,0.000,0.000,0.632,
2026-09-01 09:00:00,Tuesday,9,0.089,0.254,0.000,0.000,0.175,0.000,0.518,praca zdalna
2026-09-01 10:00:00,Tuesday,10,0.090,0.218,0.000,0.000,0.160,0.000,0.468,praca zdalna
2026-09-01 11:00:00,Tuesday,11,0.068,0.172,0.000,0.000,0.104,0.000,0.344,praca zdalna
2026-09-01 12:00:00,Tuesday,12,0.093,0.000,0.000,0.000,0.158,0.000,0.251,praca zdalna
2026-09-01 13:00:00,Tuesday,13,0.083,0.000,0.000,0.334,0.139,0.000,0.556,praca zdalna
2026-09-01 14:00:00,Tuesday,14,0.072,0.000,0.000,0.000,0.250,0.000,0.322,praca zdalna
2026-09-01 15:00:00,Tuesday,15,0.067,0.000,0.000,0.000,0.216,0.000,0.283,praca zdalna
2026-09-01 16:00:00,Tuesday,16,0.094,0.144,0.000,0.000,0.137,0.000,0.375,praca zdalna
2026-09-01 17:00:00,Tuesday,17,0.086,0.200,0.000,0.506,0.203,0.000,0.995,
2026-09-01 18:00:00,Tuesday,18,0.082,0.203,0.000,0.000,0.193,0.000,0.478,
2026-09-01 19:00:00,Tuesday,19,0.071,0.217,0.000,0.000,0.202,0.656,1.146,zmywarka
2026-09-01 20:00:00,Tuesday,20,0.079,0.275,0.171,0.000,0.199,0.000,0.724,
2026-09-01 21:00:00,Tuesday,21,0.076,0.346,0.136,0.000,0.180,0.000,0.738,
2026-09-01 22:00:00,Tuesday,22,0.092,0.250,0.079,0.000,0.139,0.000,0.560,
2026-09-01 23:00:00,Tuesday,23,0.091,0.232,0.000,0.000,0.000,0.000,0.323,
2026-09-02 00:00:00,Wednesday,0,0.083,0.274,0.000,0.000,0.000,0.000,0.357,
2026-09-02 01:00:00,Wednesday,1,0.093,0.320,0.000,0.000,0.000,0.000,0.413,
2026-09-02 02:00:00,Wednesday,2,0.069,0.286,0.000,0.000,0.000,0.000,0.355,
2026-09-02 03:00:00,Wednesday,3,0.089,0.346,0.000,0.000,0.000,0.000,0.435,
2026-09-02 04:00:00,Wednesday,4,0.076,0.343,0.000,0.000,0.000,0.000,0.419,
2026-09-02 05:00:00,Wednesday,5,0.076,0.343,0.000,0.000,0.000,0.000,0.419,
2026-09-02 06:00:00,Wednesday,6,0.084,0.449,0.062,0.264,0.000,0.000,0.859,
2026-09-02 07:00:00,Wednesday,7,0.083,0.335,0.000,0.222,0.000,0.000,0.640,
2026-09-02 08:00:00,Wednesday,8,0.070,0.382,0.000,0.314,0.000,0.000,0.766,
2026-09-02 09:00:00,Wednesday,9,0.086,0.274,0.000,0.000,0.052,0.000,0.412,
2026-09-02 10:00:00,Wednesday,10,0.086,0.196,0.000,0.000,0.087,0.000,0.369,
2026-09-02 11:00:00,Wednesday,11,0.078,0.157,0.000,0.000,0.064,0.000,0.299,
2026-09-02 12:00:00,Wednesday,12,0.070,0.141,0.000,0.263,0.077,0.000,0.551,
2026-09-02 13:00:00,Wednesday,13,0.085,0.120,0.000,0.000,0.071,0.000,0.276,
2026-09-02 14:00:00,Wednesday,14,0.072,0.223,0.000,0.000,0.133,0.000,0.428,
2026-09-02 15:00:00,Wednesday,15,0.068,0.206,0.000,0.000,0.093,0.000,0.367,
2026-09-02 16:00:00,Wednesday,16,0.091,0.205,0.000,0.000,0.054,0.000,0.350,
2026-09-02 17:00:00,Wednesday,17,0.079,0.221,0.000,0.385,0.140,0.000,0.825,
2026-09-02 18:00:00,Wednesday,18,0.082,0.257,0.000,0.000,0.146,0.000,0.485,
2026-09-02 19:00:00,Wednesday,19,0.080,0.233,0.000,0.000,0.153,0.000,0.466,
2026-09-02 20:00:00,Wednesday,20,0.092,0.246,0.081,0.000,0.166,0.529,1.114,zmywarka
2026-09-02 21:00:00,Wednesday,21,0.077,0.343,0.106,0.000,0.203,0.000,0.729,
2026-09-02 22:00:00,Wednesday,22,0.086,0.247,0.046,0.000,0.181,0.000,0.560,
2026-09-02 23:00:00,Wednesday,23,0.097,0.214,0.000,0.000,0.000,0.000,0.311,
2026-09-03 00:00:00,Thursday,0,0.092,0.287,0.000,0.000,0.000,0.000,0.379,
2026-09-03 01:00:00,Thursday,1,0.095,0.247,0.000,0.000,0.000,0.000,0.342,
2026-09-03 02:00:00,Thursday,2,0.089,0.242,0.000,0.000,0.000,0.000,0.331,
2026-09-03 03:00:00,Thursday,3,0.098,0.270,0.000,0.000,0.000,0.000,0.368,
2026-09-03 04:00:00,Thursday,4,0.093,0.272,0.000,0.000,0.000,0.000,0.365,
2026-09-03 05:00:00,Thursday,5,0.095,0.316,0.000,0.000,0.000,0.000,0.411,
2026-09-03 06:00:00,Thursday,6,0.082,0.456,0.068,0.335,0.000,0.000,0.941,
2026-09-03 07:00:00,Thursday,7,0.075,0.429,0.000,0.317,0.000,0.000,0.821,
2026-09-03 08:00:00,Thursday,8,0.090,0.378,0.000,0.299,0.000,0.000,0.767,
2026-09-03 09:00:00,Thursday,9,0.073,0.296,0.000,0.000,0.133,0.000,0.502,praca zdalna
2026-09-03 10:00:00,Thursday,10,0.095,0.272,0.000,0.000,0.131,0.000,0.498,praca zdalna
2026-09-03 11:00:00,Thursday,11,0.084,0.277,0.000,0.000,0.103,0.000,0.464,praca zdalna
2026-09-03 12:00:00,Thursday,12,0.072,0.309,0.000,0.383,0.140,0.000,0.904,praca zdalna
2026-09-03 13:00:00,Thursday,13,0.078,0.219,0.000,0.000,0.119,0.000,0.416,praca zdalna
2026-09-03 14:00:00,Thursday,14,0.071,0.171,0.000,0.000,0.208,0.000,0.450,praca zdalna
2026-09-03 15:00:00,Thursday,15,0.068,0.130,0.000,0.000,0.203,0.000,0.401,praca zdalna
2026-09-03 16:00:00,Thursday,16,0.086,0.121,0.000,0.000,0.125,0.000,0.332,praca zdalna
2026-09-03 17:00:00,Thursday,17,0.077,0.000,0.000,1.348,0.095,0.000,1.520,goście
2026-09-03 18:00:00,Thursday,18,0.075,0.161,0.000,0.000,0.106,0.000,0.342,goście
2026-09-03 19:00:00,Thursday,19,0.077,0.124,0.000,0.000,0.134,0.000,0.335,goście
2026-09-03 20:00:00,Thursday,20,0.092,0.178,0.068,0.000,0.143,0.497,0.978,goście; zmywarka
2026-09-03 21:00:00,Thursday,21,0.086,0.177,0.141,0.000,0.154,0.000,0.558,goście
2026-09-03 22:00:00,Thursday,22,0.074,0.127,0.076,0.000,0.148,0.000,0.425,
2026-09-03 23:00:00,Thursday,23,0.070,0.202,0.000,0.000,0.000,0.000,0.272,
2026-09-04 00:00:00,Friday,0,0.099,0.211,0.000,0.000,0.000,0.000,0.310,
2026-09-04 01:00:00,Friday,1,0.070,0.216,0.000,0.000,0.000,0.000,0.286,
2026-09-04 02:00:00,Friday,2,0.087,0.236,0.000,0.000,0.000,0.000,0.323,
2026-09-04 03:00:00,Friday,3,0.112,0.215,0.000,0.000,0.000,0.000,0.327,
2026-09-04 04:00:00,Friday,4,0.104,0.232,0.000,0.000,0.000,0.000,0.336,
2026-09-04 05:00:00,Friday,5,0.086,0.220,0.000,0.000,0.000,0.000,0.306,
2026-09-04 06:00:00,Friday,6,0.079,0.341,0.123,0.322,0.000,0.000,0.865,
2026-09-04 07:00:00,Friday,7,0.074,0.387,0.000,0.180,0.000,0.000,0.641,
2026-09-04 08:00:00,Friday,8,0.070,0.290,0.000,0.208,0.000,0.000,0.568,
2026-09-04 09:00:00,Friday,9,0.082,0.359,0.000,0.000,0.061,0.000,0.502,
2026-09-04 10:00:00,Friday,10,0.067,0.305,0.000,0.000,0.086,0.000,0.458,
2026-09-04 11:00:00,Friday,11,0.076,0.253,0.000,0.000,0.088,0.000,0.417,
2026-09-04 12:00:00,Friday,12,0.070,0.254,0.000,0.344,0.079,0.000,0.747,
2026-09-04 13:00:00,Friday,13,0.068,0.251,0.000,0.000,0.079,0.000,0.398,
2026-09-04 14:00:00,Friday,14,0.085,0.280,0.000,0.000,0.132,0.000,0.497,
2026-09-04 15:00:00,Friday,15,0.082,0.253,0.000,0.000,0.052,0.000,0.387,
2026-09-04 16:00:00,Friday,16,0.093,0.353,0.000,0.000,0.084,0.000,0.530,
2026-09-04 17:00:00,Friday,17,0.070,0.299,0.000,0.000,0.202,0.000,0.571,
2026-09-04 18:00:00,Friday,18,0.091,0.277,0.000,0.562,0.156,0.000,1.086,
2026-09-04 19:00:00,Friday,19,0.070,0.302,0.133,0.000,0.140,0.497,1.142,zmywarka
2026-09-04 20:00:00,Friday,20,0.084,0.322,0.157,0.000,0.153,0.000,0.716,
2026-09-04 21:00:00,Friday,21,0.071,0.367,0.129,0.000,0.140,0.000,0.707,
2026-09-04 22:00:00,Friday,22,0.077,0.280,0.049,0.000,0.091,0.000,0.497,
2026-09-04 23:00:00,Friday,23,0.080,0.373,0.000,0.000,0.000,0.000,0.453,
2026-09-05 00:00:00,Saturday,0,0.087,0.323,0.000,0.000,0.000,0.000,0.410,
2026-09-05 01:00:00,Saturday,1,0.090,0.390,0.000,0.000,0.000,0.000,0.480,
2026-09-05 02:00:00,Saturday,2,0.088,0.342,0.000,0.000,0.000,0.000,0.430,
2026-09-05 03:00:00,Saturday,3,0.086,0.382,0.000,0.000,0.000,0.000,0.468,
2026-09-05 04:00:00,Saturday,4,0.083,0.342,0.000,0.000,0.000,0.000,0.425,
2026-09-05 05:00:00,Saturday,5,0.095,0.311,0.000,0.000,0.000,0.000,0.406,
2026-09-05 06:00:00,Saturday,6,0.089,0.518,0.076,0.362,0.000,0.000,1.045,
2026-09-05 07:00:00,Saturday,7,0.083,0.511,0.000,0.307,0.000,0.000,0.901,
2026-09-05 08:00:00,Saturday,8,0.077,0.435,0.000,0.178,0.000,0.000,0.690,
2026-09-05 09:00:00,Saturday,9,0.093,0.366,0.000,0.000,0.106,0.000,0.565,
2026-09-05 10:00:00,Saturday,10,0.066,0.365,0.000,0.000,0.141,0.000,0.572,
2026-09-05 11:00:00,Saturday,11,0.084,0.275,0.000,0.000,0.107,0.398,0.864,pralka
2026-09-05 12:00:00,Saturday,12,0.085,0.292,0.000,0.000,0.061,0.000,0.438,
2026-09-05 13:00:00,Saturday,13,0.067,0.257,0.000,0.744,0.083,0.518,1.669,zmywarka
2026-09-05 14:00:00,Saturday,14,0.093,0.221,0.000,0.000,0.046,0.000,0.360,
2026-09-05 15:00:00,Saturday,15,0.073,0.236,0.000,0.000,0.031,0.000,0.340,
2026-09-05 16:00:00,Saturday,16,0.089,0.243,0.000,0.000,0.142,0.000,0.474,
2026-09-05 17:00:00,Saturday,17,0.067,0.269,0.000,0.000,0.197,0.000,0.533,
2026-09-05 18:00:00,Saturday,18,0.077,0.311,0.000,0.527,0.166,0.000,1.081,
2026-09-05 19:00:00,Saturday,19,0.082,0.374,0.000,0.000,0.098,0.000,0.554,
2026-09-05 20:00:00,Saturday,20,0.089,0.321,0.124,0.000,0.117,0.000,0.651,
2026-09-05 21:00:00,Saturday,21,0.092,0.355,0.143,0.000,0.102,0.000,0.692,
2026-09-05 22:00:00,Saturday,22,0.071,0.340,0.063,0.000,0.106,0.000,0.580,
2026-09-05 23:00:00,Saturday,23,0.080,0.348,0.000,0.000,0.000,0.000,0.428,
2026-09-06 00:00:00,Sunday,0,0.070,0.328,0.000,0.000,0.000,0.000,0.398,
2026-09-06 01:00:00,Sunday,1,0.083,0.368,0.000,0.000,0.000,0.000,0.451,
2026-09-06 02:00:00,Sunday,2,0.103,0.347,0.000,0.000,0.000,0.000,0.450,
2026-09-06 03:00:00,Sunday,3,0.086,0.383,0.000,0.000,0.000,0.000,0.469,
2026-09-06 04:00:00,Sunday,4,0.085,0.406,0.000,0.000,0.000,0.000,0.491,
2026-09-06 05:00:00,Sunday,5,0.088,0.386,0.000,0.000,0.000,0.000,0.474,
2026-09-06 06:00:00,Sunday,6,0.073,0.484,0.072,0.183,0.000,0.000,0.812,
2026-09-06 07:00:00,Sunday,7,0.079,0.535,0.000,0.092,0.000,0.000,0.706,
2026-09-06 08:00:00,Sunday,8,0.089,0.439,0.000,0.333,0.000,0.000,0.861,
2026-09-06 09:00:00,Sunday,9,0.072,0.364,0.000,0.000,0.133,0.000,0.569,
2026-09-06 10:00:00,Sunday,10,0.091,0.329,0.000,0.000,0.095,0.000,0.515,
2026-09-06 11:00:00,Sunday,11,0.071,0.296,0.000,0.000,0.082,0.000,0.449,
2026-09-06 12:00:00,Sunday,12,0.092,0.231,0.000,0.265,0.148,0.000,0.736,
2026-09-06 13:00:00,Sunday,13,0.087,0.223,0.000,0.000,0.083,0.000,0.393,
2026-09-06 14:00:00,Sunday,14,0.077,0.227,0.000,0.000,0.088,0.667,1.059,zmywarka
2026-09-06 15:00:00,Sunday,15,0.089,0.253,0.000,0.000,0.139,0.000,0.481,
2026-09-06 16:00:00,Sunday,16,0.086,0.178,0.000,0.000,0.134,0.000,0.398,
2026-09-06 17:00:00,Sunday,17,0.074,0.224,0.000,0.987,0.185,0.000,1.470,
2026-09-06 18:00:00,Sunday,18,0.071,0.261,0.000,0.000,0.147,0.000,0.479,
2026-09-06 19:00:00,Sunday,19,0.067,0.278,0.000,0.000,0.130,0.000,0.475,
2026-09-06 20:00:00,Sunday,20,0.087,0.295,0.111,0.000,0.108,0.000,0.601,
2026-09-06 21:00:00,Sunday,21,0.075,0.341,0.163,0.000,0.136,0.000,0.715,
2026-09-06 22:00:00,Sunday,22,0.095,0.221,0.086,0.000,0.107,0.000,0.509,
2026-09-06 23:00:00,Sunday,23,0.088,0.247,0.000,0.000,0.000,0.000,0.335,
2026-09-07 00:00:00,Monday,0,0.076,0.302,0.000,0.000,0.000,0.000,0.378,
2026-09-07 01:00:00,Monday,1,0.082,0.275,0.000,0.000,0.000,0.000,0.357,
2026-09-07 02:00:00,Monday,2,0.076,0.257,0.000,0.000,0.000,0.000,0.333,
2026-09-07 03:00:00,Monday,3,0.080,0.254,0.000,0.000,0.000,0.000,0.334,
2026-09-07 04:00:00,Monday,4,0.080,0.291,0.000,0.000,0.000,0.000,0.371,
2026-09-07 05:00:00,Monday,5,0.070,0.239,0.000,0.000,0.000,0.000,0.309,
2026-09-07 06:00:00,Monday,6,0.085,0.349,0.118,0.166,0.000,0.000,0.718,
2026-09-07 07:00:00,Monday,7,0.086,0.260,0.000,0.241,0.000,0.000,0.587,
2026-09-07 08:00:00,Monday,8,0.076,0.278,0.000,0.295,0.000,0.000,0.649,
2026-09-07 09:00:00,Monday,9,0.068,0.267,0.000,0.000,0.064,0.000,0.399,
2026-09-07 10:00:00,Monday,10,0.078,0.247,0.000,0.000,0.085,0.000,0.410,
2026-09-07 11:00:00,Monday,11,0.076,0.239,0.000,0.000,0.058,0.000,0.373,
2026-09-07 12:00:00,Monday,12,0.072,0.208,0.000,0.263,0.065,0.000,0.608,
2026-09-07 13:00:00,Monday,13,0.073,0.182,0.000,0.000,0.077,0.000,0.332,
2026-09-07 14:00:00,Monday,14,0.085,0.115,0.000,0.000,0.144,0.000,0.344,
2026-09-07 15:00:00,Monday,15,0.070,0.145,0.000,0.000,0.119,0.000,0.334,
2026-09-07 16:00:00,Monday,16,0.082,0.000,0.000,0.000,0.125,0.000,0.207,
2026-09-07 17:00:00,Monday,17,0.067,0.000,0.000,0.873,0.106,0.000,1.046,goście
2026-09-07 18:00:00,Monday,18,0.079,0.000,0.000,0.000,0.200,0.000,0.279,goście
2026-09-07 19:00:00,Monday,19,0.073,0.131,0.000,0.000,0.103,0.000,0.307,goście
2026-09-07 20:00:00,Monday,20,0.076,0.130,0.064,0.000,0.202,0.701,1.173,goście; zmywarka
2026-09-07 21:00:00,Monday,21,0.090,0.000,0.163,0.000,0.175,0.000,0.428,goście
2026-09-07 22:00:00,Monday,22,0.075,0.000,0.039,0.000,0.208,0.000,0.322,
2026-09-07 23:00:00,Monday,23,0.091,0.000,0.000,0.000,0.000,0.000,0.091,
2026-09-08 00:00:00,Tuesday,0,0.103,0.000,0.000,0.000,0.000,0.000,0.103,
2026-09-08 01:00:00,Tuesday,1,0.095,0.000,0.000,0.000,0.000,0.000,0.095,
2026-09-08 02:00:00,Tuesday,2,0.095,0.000,0.000,0.000,0.000,0.000,0.095,
2026-09-08 03:00:00,Tuesday,3,0.101,0.000,0.000,0.000,0.000,0.000,0.101,
2026-09-08 04:00:00,Tuesday,4,0.089,0.000,0.000,0.000,0.000,0.000,0.089,
2026-09-08 05:00:00,Tuesday,5,0.089,0.000,0.000,0.000,0.000,0.000,0.089,
2026-09-08 06:00:00,Tuesday,6,0.084,0.202,0.065,0.230,0.000,0.000,0.581,
2026-09-08 07:00:00,Tuesday,7,0.092,0.202,0.000,0.192,0.000,0.000,0.486,
2026-09-08 08:00:00,Tuesday,8,0.068,0.196,0.000,0.183,0.000,0.000,0.447,
2026-09-08 09:00:00,Tuesday,9,0.068,0.187,0.000,0.000,0.170,0.000,0.425,praca zdalna
2026-09-08 10:00:00,Tuesday,10,0.080,0.148,0.000,0.000,0.155,0.000,0.383,praca zdalna
2026-09-08 11:00:00,Tuesday,11,0.069,0.157,0.000,0.000,0.167,0.380,0.773,praca zdalna; pralka
2026-09-08 12:00:00,Tuesday,12,0.088,0.173,0.000,0.000,0.169,1.260,1.690,praca zdalna; suszarka
2026-09-08 13:00:00,Tuesday,13,0.086,0.138,0.000,0.467,0.137,0.000,0.828,praca zdalna
2026-09-08 14:00:00,Tuesday,14,0.091,0.000,0.000,0.000,0.142,0.000,0.233,praca zdalna
2026-09-08 15:00:00,Tuesday,15,0.076,0.123,0.000,0.000,0.167,0.000,0.366,praca zdalna
2026-09-08 16:00:00,Tuesday,16,0.072,0.212,0.000,0.000,0.162,0.000,0.446,praca zdalna
2026-09-08 17:00:00,Tuesday,17,0.070,0.212,0.000,0.881,0.136,0.000,1.299,goście
2026-09-08 18:00:00,Tuesday,18,0.071,0.307,0.000,0.000,0.108,0.000,0.486,goście
2026-09-08 19:00:00,Tuesday,19,0.078,0.344,0.129,0.000,0.157,0.000,0.708,goście
2026-09-08 20:00:00,Tuesday,20,0.080,0.419,0.086,0.000,0.161,0.000,0.746,goście
2026-09-08 21:00:00,Tuesday,21,0.089,0.385,0.068,0.000,0.130,0.000,0.672,goście
2026-09-08 22:00:00,Tuesday,22,0.067,0.247,0.052,0.000,0.146,0.000,0.512,
2026-09-08 23:00:00,Tuesday,23,0.073,0.238,0.000,0.000,0.000,0.000,0.311,
2026-09-09 00:00:00,Wednesday,0,0.094,0.226,0.000,0.000,0.000,0.000,0.320,
2026-09-09 01:00:00,Wednesday,1,0.103,0.245,0.000,0.000,0.000,0.000,0.348,
2026-09-09 02:00:00,Wednesday,2,0.106,0.278,0.000,0.000,0.000,0.000,0.384,
2026-09-09 03:00:00,Wednesday,3,0.093,0.217,0.000,0.000,0.000,0.000,0.310,
2026-09-09 04:00:00,Wednesday,4,0.073,0.296,0.000,0.000,0.000,0.000,0.369,
2026-09-09 05:00:00,Wednesday,5,0.092,0.342,0.000,0.000,0.000,0.000,0.434,
2026-09-09 06:00:00,Wednesday,6,0.094,0.449,0.077,0.095,0.000,0.000,0.715,
2026-09-09 07:00:00,Wednesday,7,0.076,0.439,0.000,0.158,0.000,0.000,0.673,
2026-09-09 08:00:00,Wednesday,8,0.067,0.461,0.000,0.159,0.000,0.000,0.687,
2026-09-09 09:00:00,Wednesday,9,0.071,0.440,0.000,0.000,0.085,0.000,0.596,
2026-09-09 10:00:00,Wednesday,10,0.071,0.404,0.000,0.000,0.066,0.000,0.541,
2026-09-09 11:00:00,Wednesday,11,0.070,0.323,0.000,0.000,0.054,0.000,0.447,
2026-09-09 12:00:00,Wednesday,12,0.069,0.322,0.000,0.000,0.054,0.000,0.445,
2026-09-09 13:00:00,Wednesday,13,0.068,0.238,0.000,0.445,0.049,0.000,0.800,
2026-09-09 14:00:00,Wednesday,14,0.072,0.209,0.000,0.000,0.148,0.000,0.429,
2026-09-09 15:00:00,Wednesday,15,0.070,0.210,0.000,0.000,0.128,0.000,0.408,
2026-09-09 16:00:00,Wednesday,16,0.086,0.252,0.000,0.000,0.066,0.000,0.404,
2026-09-09 17:00:00,Wednesday,17,0.067,0.259,0.000,0.543,0.158,0.000,1.027,
2026-09-09 18:00:00,Wednesday,18,0.096,0.287,0.000,0.000,0.149,0.000,0.532,
2026-09-09 19:00:00,Wednesday,19,0.086,0.323,0.000,0.000,0.124,0.000,0.533,
2026-09-09 20:00:00,Wednesday,20,0.092,0.344,0.131,0.000,0.196,0.535,1.298,zmywarka
2026-09-09 21:00:00,Wednesday,21,0.095,0.397,0.163,0.000,0.178,0.000,0.833,
2026-09-09 22:00:00,Wednesday,22,0.096,0.358,0.038,0.000,0.093,0.000,0.585,
2026-09-09 23:00:00,Wednesday,23,0.098,0.379,0.000,0.000,0.000,0.000,0.477,
2026-09-10 00:00:00,Thursday,0,0.095,0.394,0.000,0.000,0.000,0.000,0.489,
2026-09-10 01:00:00,Thursday,1,0.082,0.425,0.000,0.000,0.000,0.000,0.507,
2026-09-10 02:00:00,Thursday,2,0.098,0.536,0.000,0.000,0.000,0.000,0.634,
2026-09-10 03:00:00,Thursday,3,0.094,0.446,0.000,0.000,0.000,0.000,0.540,
2026-09-10 04:00:00,Thursday,4,0.084,0.474,0.000,0.000,0.000,0.000,0.558,
2026-09-10 05:00:00,Thursday,5,0.085,0.390,0.000,0.000,0.000,0.000,0.475,
2026-09-10 06:00:00,Thursday,6,0.069,0.590,0.055,0.339,0.000,0.000,1.053,
2026-09-10 07:00:00,Thursday,7,0.086,0.547,0.000,0.174,0.000,0.000,0.807,
2026-09-10 08:00:00,Thursday,8,0.073,0.611,0.000,0.266,0.000,0.000,0.950,
2026-09-10 09:00:00,Thursday,9,0.092,0.482,0.000,0.000,0.083,0.000,0.657,
2026-09-10 10:00:00,Thursday,10,0.083,0.330,0.000,0.000,0.058,0.000,0.471,
2026-09-10 11:00:00,Thursday,11,0.091,0.352,0.000,0.000,0.055,0.000,0.498,
2026-09-10 12:00:00,Thursday,12,0.085,0.341,0.000,0.386,0.054,0.000,0.866,
2026-09-10 13:00:00,Thursday,13,0.085,0.335,0.000,0.000,0.082,0.000,0.502,
2026-09-10 14:00:00,Thursday,14,0.071,0.258,0.000,0.000,0.070,0.000,0.399,
2026-09-10 15:00:00,Thursday,15,0.076,0.230,0.000,0.000,0.117,0.000,0.423,
2026-09-10 16:00:00,Thursday,16,0.088,0.274,0.000,0.000,0.068,0.000,0.430,
2026-09-10 17:00:00,Thursday,17,0.084,0.304,0.000,1.137,0.199,0.000,1.724,
2026-09-10 18:00:00,Thursday,18,0.073,0.301,0.000,0.000,0.192,0.000,0.566,
2026-09-10 19:00:00,Thursday,19,0.094,0.400,0.000,0.000,0.117,0.684,1.295,zmywarka
2026-09-10 20:00:00,Thursday,20,0.090,0.427,0.074,0.000,0.151,0.000,0.742,
2026-09-10 21:00:00,Thursday,21,0.089,0.444,0.078,0.000,0.115,0.000,0.726,
2026-09-10 22:00:00,Thursday,22,0.071,0.409,0.067,0.000,0.185,0.000,0.732,
2026-09-10 23:00:00,Thursday,23,0.097,0.396,0.000,0.000,0.000,0.000,0.493,
2026-09-11 00:00:00,Friday,0,0.078,0.475,0.000,0.000,0.000,0.000,0.553,
2026-09-11 01:00:00,Friday,1,0.091,0.514,0.000,0.000,0.000,0.000,0.605,
2026-09-11 02:00:00,Friday,2,0.085,0.451,0.000,0.000,0.000,0.000,0.536,
2026-09-11 03:00:00,Friday,3,0.089,0.428,0.000,0.000,0.000,0.000,0.517,
2026-09-11 04:00:00,Friday,4,0.076,0.531,0.000,0.000,0.000,0.000,0.607,
2026-09-11 05:00:00,Friday,5,0.067,0.456,0.000,0.000,0.000,0.000,0.523,
2026-09-11 06:00:00,Friday,6,0.071,0.587,0.058,0.208,0.000,0.000,0.924,
2026-09-11 07:00:00,Friday,7,0.079,0.618,0.000,0.335,0.000,0.000,1.032,
2026-09-11 08:00:00,Friday,8,0.081,0.534,0.000,0.250,0.000,0.000,0.865,
2026-09-11 09:00:00,Friday,9,0.089,0.403,0.000,0.000,0.054,0.000,0.546,
2026-09-11 10:00:00,Friday,10,0.073,0.299,0.000,0.000,0.063,0.000,0.435,
2026-09-11 11:00:00,Friday,11,0.088,0.273,0.000,0.000,0.079,0.000,0.440,
2026-09-11 12:00:00,Friday,12,0.079,0.286,0.000,0.352,0.052,0.000,0.769,
2026-09-11 13:00:00,Friday,13,0.070,0.265,0.000,0.000,0.088,0.000,0.423,
2026-09-11 14:00:00,Friday,14,0.090,0.224,0.000,0.000,0.137,0.000,0.451,
2026-09-11 15:00:00,Friday,15,0.081,0.189,0.000,0.000,0.051,0.000,0.321,
2026-09-11 16:00:00,Friday,16,0.094,0.197,0.000,0.000,0.064,0.000,0.355,
2026-09-11 17:00:00,Friday,17,0.069,0.199,0.000,0.487,0.112,0.000,0.867,
2026-09-11 18:00:00,Friday,18,0.082,0.254,0.000,0.000,0.129,0.000,0.465,
2026-09-11 19:00:00,Friday,19,0.091,0.242,0.175,0.000,0.149,0.000,0.657,
2026-09-11 20:00:00,Friday,20,0.095,0.308,0.092,0.000,0.165,0.527,1.187,zmywarka
2026-09-11 21:00:00,Friday,21,0.072,0.305,0.170,0.000,0.185,0.000,0.732,
2026-09-11 22:00:00,Friday,22,0.073,0.159,0.037,0.000,0.180,0.000,0.449,
2026-09-11 23:00:00,Friday,23,0.086,0.149,0.000,0.000,0.000,0.000,0.235,
2026-09-12 00:00:00,Saturday,0,0.073,0.190,0.000,0.000,0.000,0.000,0.263,
2026-09-12 01:00:00,Saturday,1,0.070,0.204,0.000,0.000,0.000,0.000,0.274,
2026-09-12 02:00:00,Saturday,2,0.074,0.202,0.000,0.000,0.000,0.000,0.276,
2026-09-12 03:00:00,Saturday,3,0.076,0.199,0.000,0.000,0.000,0.000,0.275,
2026-09-12 04:00:00,Saturday,4,0.067,0.301,0.000,0.000,0.000,0.000,0.368,
2026-09-12 05:00:00,Saturday,5,0.079,0.310,0.000,0.000,0.000,0.000,0.389,
2026-09-12 06:00:00,Saturday,6,0.071,0.385,0.098,0.152,0.000,0.000,0.706,
2026-09-12 07:00:00,Saturday,7,0.082,0.397,0.000,0.319,0.000,0.000,0.798,
2026-09-12 08:00:00,Saturday,8,0.082,0.412,0.000,0.152,0.000,0.000,0.646,
2026-09-12 09:00:00,Saturday,9,0.095,0.326,0.000,0.000,0.054,0.000,0.475,
2026-09-12 10:00:00,Saturday,10,0.086,0.289,0.000,0.000,0.080,0.000,0.455,
2026-09-12 11:00:00,Saturday,11,0.096,0.244,0.000,0.000,0.080,0.000,0.420,
2026-09-12 12:00:00,Saturday,12,0.085,0.169,0.000,0.350,0.146,0.000,0.750,
2026-09-12 13:00:00,Saturday,13,0.087,0.144,0.000,0.000,0.139,0.616,0.986,zmywarka
2026-09-12 14:00:00,Saturday,14,0.083,0.164,0.000,0.000,0.101,0.000,0.348,
2026-09-12 15:00:00,Saturday,15,0.068,0.127,0.000,0.000,0.112,0.000,0.307,
2026-09-12 16:00:00,Saturday,16,0.084,0.151,0.000,0.000,0.121,0.000,0.356,
2026-09-12 17:00:00,Saturday,17,0.071,0.167,0.000,0.643,0.200,0.000,1.081,
2026-09-12 18:00:00,Saturday,18,0.081,0.213,0.000,0.000,0.193,0.000,0.487,
2026-09-12 19:00:00,Saturday,19,0.086,0.222,0.081,0.000,0.118,0.000,0.507,
2026-09-12 20:00:00,Saturday,20,0.088,0.266,0.179,0.000,0.192,0.000,0.725,
2026-09-12 21:00:00,Saturday,21,0.066,0.292,0.138,0.000,0.154,0.000,0.650,
2026-09-12 22:00:00,Saturday,22,0.083,0.211,0.063,0.000,0.209,0.000,0.566,
2026-09-12 23:00:00,Saturday,23,0.091,0.206,0.000,0.000,0.000,0.000,0.297,
2026-09-13 00:00:00,Sunday,0,0.080,0.184,0.000,0.000,0.000,0.000,0.264,
2026-09-13 01:00:00,Sunday,1,0.088,0.250,0.000,0.000,0.000,0.000,0.338,
2026-09-13 02:00:00,Sunday,2,0.088,0.253,0.000,0.000,0.000,0.000,0.341,
2026-09-13 03:00:00,Sunday,3,0.083,0.237,0.000,0.000,0.000,0.000,0.320,
2026-09-13 04:00:00,Sunday,4,0.100,0.209,0.000,0.000,0.000,0.000,0.309,
2026-09-13 05:00:00,Sunday,5,0.089,0.209,0.000,0.000,0.000,0.000,0.298,
2026-09-13 06:00:00,Sunday,6,0.081,0.337,0.061,0.318,0.000,0.000,0.797,
2026-09-13 07:00:00,Sunday,7,0.081,0.266,0.000,0.237,0.000,0.000,0.584,
2026-09-13 08:00:00,Sunday,8,0.084,0.291,0.000,0.299,0.000,0.000,0.674,
2026-09-13 09:00:00,Sunday,9,0.076,0.262,0.000,0.000,0.116,0.000,0.454,
2026-09-13 10:00:00,Sunday,10,0.085,0.269,0.000,0.000,0.049,0.435,0.838,pralka
2026-09-13 11:00:00,Sunday,11,0.094,0.218,0.000,0.000,0.119,1.385,1.816,suszarka
2026-09-13 12:00:00,Sunday,12,0.067,0.157,0.000,0.475,0.064,0.000,0.763,
2026-09-13 13:00:00,Sunday,13,0.067,0.000,0.000,0.000,0.068,0.000,0.135,
2026-09-13 14:00:00,Sunday,14,0.076,0.158,0.000,0.000,0.074,0.000,0.308,
2026-09-13 15:00:00,Sunday,15,0.071,0.131,0.000,0.000,0.077,0.000,0.279,
2026-09-13 16:00:00,Sunday,16,0.073,0.150,0.000,0.000,0.043,0.000,0.266,
2026-09-13 17:00:00,Sunday,17,0.094,0.175,0.000,0.000,0.202,0.000,0.471,
2026-09-13 18:00:00,Sunday,18,0.073,0.202,0.000,0.948,0.120,0.000,1.343,
2026-09-13 19:00:00,Sunday,19,0.086,0.234,0.135,0.000,0.179,0.000,0.634,
2026-09-13 20:00:00,Sunday,20,0.081,0.288,0.067,0.000,0.179,0.000,0.615,
2026-09-13 21:00:00,Sunday,21,0.091,0.323,0.149,0.000,0.145,0.000,0.708,
2026-09-13 22:00:00,Sunday,22,0.067,0.340,0.046,0.000,0.170,0.000,0.623,
2026-09-13 23:00:00,Sunday,23,0.089,0.286,0.000,0.000,0.000,0.000,0.375,
2026-09-14 00:00:00,Monday,0,0.086,0.354,0.000,0.000,0.000,0.000,0.440,
2026-09-14 01:00:00,Monday,1,0.094,0.418,0.000,0.000,0.000,0.000,0.512,
2026-09-14 02:00:00,Monday,2,0.089,0.359,0.000,0.000,0.000,0.000,0.448,
2026-09-14 03:00:00,Monday,3,0.080,0.514,0.000,0.000,0.000,0.000,0.594,
2026-09-14 04:00:00,Monday,4,0.103,0.489,0.000,0.000,0.000,0.000,0.592,
2026-09-14 05:00:00,Monday,5,0.071,0.488,0.000,0.000,0.000,0.000,0.559,
2026-09-14 06:00:00,Monday,6,0.083,0.584,0.057,0.301,0.000,0.000,1.025,
2026-09-14 07:00:00,Monday,7,0.075,0.644,0.000,0.252,0.000,0.000,0.971,
2026-09-14 08:00:00,Monday,8,0.078,0.698,0.000,0.208,0.000,0.000,0.984,
2026-09-14 09:00:00,Monday,9,0.091,0.523,0.000,0.000,0.146,0.000,0.760,praca zdalna
2026-09-14 10:00:00,Monday,10,0.081,0.481,0.000,0.000,0.179,0.000,0.741,praca zdalna
2026-09-14 11:00:00,Monday,11,0.086,0.446,0.000,0.000,0.184,0.000,0.716,praca zdalna
2026-09-14 12:00:00,Monday,12,0.094,0.331,0.000,0.452,0.160,0.000,1.037,praca zdalna
2026-09-14 13:00:00,Monday,13,0.073,0.337,0.000,0.000,0.181,0.000,0.591,praca zdalna
2026-09-14 14:00:00,Monday,14,0.095,0.284,0.000,0.000,0.225,0.000,0.604,praca zdalna
2026-09-14 15:00:00,Monday,15,0.080,0.338,0.000,0.000,0.162,0.000,0.580,praca zdalna
2026-09-14 16:00:00,Monday,16,0.091,0.317,0.000,0.000,0.179,0.000,0.587,praca zdalna
2026-09-14 17:00:00,Monday,17,0.070,0.300,0.000,0.613,0.131,0.000,1.114,goście
2026-09-14 18:00:00,Monday,18,0.072,0.361,0.000,0.000,0.162,0.000,0.595,goście
2026-09-14 19:00:00,Monday,19,0.073,0.317,0.086,0.000,0.149,0.593,1.218,goście; zmywarka
2026-09-14 20:00:00,Monday,20,0.085,0.417,0.077,0.000,0.186,0.000,0.765,goście
2026-09-14 21:00:00,Monday,21,0.068,0.349,0.079,0.000,0.157,0.000,0.653,goście
2026-09-14 22:00:00,Monday,22,0.078,0.351,0.061,0.000,0.128,0.000,0.618,
2026-09-14 23:00:00,Monday,23,0.091,0.313,0.000,0.000,0.000,0.000,0.404,
2026-09-15 00:00:00,Tuesday,0,0.091,0.277,0.000,0.000,0.000,0.000,0.368,
2026-09-15 01:00:00,Tuesday,1,0.104,0.306,0.000,0.000,0.000,0.000,0.410,
2026-09-15 02:00:00,Tuesday,2,0.093,0.370,0.000,0.000,0.000,0.000,0.463,
2026-09-15 03:00:00,Tuesday,3,0.089,0.391,0.000,0.000,0.000,0.000,0.480,
2026-09-15 04:00:00,Tuesday,4,0.095,0.322,0.000,0.000,0.000,0.000,0.417,
2026-09-15 05:00:00,Tuesday,5,0.079,0.408,0.000,0.000,0.000,0.000,0.487,
2026-09-15 06:00:00,Tuesday,6,0.086,0.417,0.110,0.242,0.000,0.000,0.855,
2026-09-15 07:00:00,Tuesday,7,0.070,0.350,0.000,0.208,0.000,0.000,0.628,
2026-09-15 08:00:00,Tuesday,8,0.093,0.339,0.000,0.234,0.000,0.000,0.666,
2026-09-15 09:00:00,Tuesday,9,0.093,0.260,0.000,0.000,0.050,0.000,0.403,
2026-09-15 10:00:00,Tuesday,10,0.095,0.322,0.000,0.000,0.071,0.000,0.488,
2026-09-15 11:00:00,Tuesday,11,0.073,0.306,0.000,0.000,0.065,0.000,0.444,
2026-09-15 12:00:00,Tuesday,12,0.091,0.235,0.000,0.434,0.062,0.521,1.343,pralka
2026-09-15 13:00:00,Tuesday,13,0.095,0.230,0.000,0.000,0.055,0.000,0.380,
2026-09-15 14:00:00,Tuesday,14,0.085,0.157,0.000,0.000,0.137,0.000,0.379,
2026-09-15 15:00:00,Tuesday,15,0.094,0.199,0.000,0.000,0.082,0.000,0.375,
2026-09-15 16:00:00,Tuesday,16,0.088,0.195,0.000,0.000,0.091,0.000,0.374,
2026-09-15 17:00:00,Tuesday,17,0.096,0.170,0.000,0.000,0.163,0.000,0.429,
2026-09-15 18:00:00,Tuesday,18,0.076,0.155,0.000,1.009,0.161,0.000,1.401,
2026-09-15 19:00:00,Tuesday,19,0.069,0.154,0.167,0.000,0.148,0.000,0.538,
2026-09-15 20:00:00,Tuesday,20,0.086,0.141,0.141,0.000,0.158,0.512,1.038,zmywarka
2026-09-15 21:00:00,Tuesday,21,0.082,0.000,0.121,0.000,0.120,0.000,0.323,
2026-09-15 22:00:00,Tuesday,22,0.080,0.000,0.085,0.000,0.111,0.000,0.276,
2026-09-15 23:00:00,Tuesday,23,0.089,0.000,0.000,0.000,0.000,0.000,0.089,
2026-09-16 00:00:00,Wednesday,0,0.085,0.000,0.000,0.000,0.000,0.000,0.085,
2026-09-16 01:00:00,Wednesday,1,0.095,0.145,0.000,0.000,0.000,0.000,0.240,
2026-09-16 02:00:00,Wednesday,2,0.096,0.119,0.000,0.000,0.000,0.000,0.215,
2026-09-16 03:00:00,Wednesday,3,0.083,0.160,0.000,0.000,0.000,0.000,0.243,
2026-09-16 04:00:00,Wednesday,4,0.092,0.214,0.000,0.000,0.000,0.000,0.306,
2026-09-16 05:00:00,Wednesday,5,0.081,0.205,0.000,0.000,0.000,0.000,0.286,
2026-09-16 06:00:00,Wednesday,6,0.082,0.353,0.115,0.109,0.000,0.000,0.659,
2026-09-16 07:00:00,Wednesday,7,0.092,0.394,0.000,0.208,0.000,0.000,0.694,
2026-09-16 08:00:00,Wednesday,8,0.070,0.455,0.000,0.150,0.000,0.000,0.675,
2026-09-16 09:00:00,Wednesday,9,0.092,0.376,0.000,0.000,0.050,0.000,0.518,
2026-09-16 10:00:00,Wednesday,10,0.091,0.369,0.000,0.000,0.073,0.000,0.533,
2026-09-16 11:00:00,Wednesday,11,0.091,0.310,0.000,0.000,0.081,0.000,0.482,
2026-09-16 12:00:00,Wednesday,12,0.087,0.230,0.000,0.000,0.074,0.000,0.391,
2026-09-16 13:00:00,Wednesday,13,0.093,0.221,0.000,0.202,0.079,0.000,0.595,
2026-09-16 14:00:00,Wednesday,14,0.080,0.239,0.000,0.000,0.132,0.000,0.451,
2026-09-16 15:00:00,Wednesday,15,0.075,0.248,0.000,0.000,0.133,0.000,0.456,
2026-09-16 16:00:00,Wednesday,16,0.068,0.257,0.000,0.000,0.081,0.000,0.406,
2026-09-16 17:00:00,Wednesday,17,0.070,0.214,0.000,0.439,0.139,0.000,0.862,
2026-09-16 18:00:00,Wednesday,18,0.071,0.268,0.000,0.000,0.122,0.000,0.461,
2026-09-16 19:00:00,Wednesday,19,0.094,0.329,0.000,0.000,0.145,0.000,0.568,
2026-09-16 20:00:00,Wednesday,20,0.080,0.395,0.136,0.000,0.091,0.481,1.183,zmywarka
2026-09-16 21:00:00,Wednesday,21,0.070,0.356,0.062,0.000,0.193,0.000,0.681,
2026-09-16 22:00:00,Wednesday,22,0.070,0.319,0.041,0.000,0.195,0.000,0.625,
2026-09-16 23:00:00,Wednesday,23,0.084,0.391,0.000,0.000,0.000,0.000,0.475,
2026-09-17 00:00:00,Thursday,0,0.068,0.409,0.000,0.000,0.000,0.000,0.477,
2026-09-17 01:00:00,Thursday,1,0.095,0.494,0.000,0.000,0.000,0.000,0.589,
2026-09-17 02:00:00,Thursday,2,0.091,0.511,0.000,0.000,0.000,0.000,0.602,
2026-09-17 03:00:00,Thursday,3,0.078,0.475,0.000,0.000,0.000,0.000,0.553,
2026-09-17 04:00:00,Thursday,4,0.074,0.526,0.000,0.000,0.000,0.000,0.600,
2026-09-17 05:00:00,Thursday,5,0.105,0.464,0.000,0.000,0.000,0.000,0.569,
2026-09-17 06:00:00,Thursday,6,0.068,0.551,0.043,0.293,0.000,0.000,0.955,
2026-09-17 07:00:00,Thursday,7,0.069,0.661,0.000,0.290,0.000,0.000,1.020,
2026-09-17 08:00:00,Thursday,8,0.086,0.595,0.000,0.256,0.000,0.000,0.937,
2026-09-17 09:00:00,Thursday,9,0.067,0.570,0.000,0.000,0.053,0.000,0.690,
2026-09-17 10:00:00,Thursday,10,0.082,0.391,0.000,0.000,0.086,0.000,0.559,
2026-09-17 11:00:00,Thursday,11,0.087,0.370,0.000,0.000,0.088,0.000,0.545,
2026-09-17 12:00:00,Thursday,12,0.081,0.338,0.000,0.000,0.055,0.000,0.474,
2026-09-17 13:00:00,Thursday,13,0.081,0.288,0.000,0.381,0.083,0.000,0.833,
2026-09-17 14:00:00,Thursday,14,0.083,0.260,0.000,0.000,0.137,0.000,0.480,
2026-09-17 15:00:00,Thursday,15,0.074,0.340,0.000,0.000,0.125,0.000,0.539,
2026-09-17 16:00:00,Thursday,16,0.078,0.301,0.000,0.000,0.139,0.000,0.518,
2026-09-17 17:00:00,Thursday,17,0.086,0.353,0.000,0.000,0.171,0.000,0.610,goście
2026-09-17 18:00:00,Thursday,18,0.067,0.325,0.000,0.866,0.114,0.000,1.372,goście
2026-09-17 19:00:00,Thursday,19,0.087,0.389,0.116,0.000,0.191,0.670,1.453,goście; zmywarka
2026-09-17 20:00:00,Thursday,20,0.083,0.294,0.122,0.000,0.134,0.000,0.633,goście
2026-09-17 21:00:00,Thursday,21,0.079,0.323,0.078,0.000,0.125,0.000,0.605,goście
2026-09-17 22:00:00,Thursday,22,0.089,0.193,0.077,0.000,0.136,0.000,0.495,
2026-09-17 23:00:00,Thursday,23,0.091,0.250,0.000,0.000,0.000,0.000,0.341,
2026-09-18 00:00:00,Friday,0,0.068,0.298,0.000,0.000,0.000,0.000,0.366,
2026-09-18 01:00:00,Friday,1,0.091,0.306,0.000,0.000,0.000,0.000,0.397,
2026-09-18 02:00:00,Friday,2,0.109,0.296,0.000,0.000,0.000,0.000,0.405,
2026-09-18 03:00:00,Friday,3,0.070,0.334,0.000,0.000,0.000,0.000,0.404,
2026-09-18 04:00:00,Friday,4,0.110,0.380,0.000,0.000,0.000,0.000,0.490,
2026-09-18 05:00:00,Friday,5,0.086,0.379,0.000,0.000,0.000,0.000,0.465,
2026-09-18 06:00:00,Friday,6,0.083,0.416,0.094,0.188,0.000,0.000,0.781,
2026-09-18 07:00:00,Friday,7,0.082,0.513,0.000,0.261,0.000,0.000,0.856,
2026-09-18 08:00:00,Friday,8,0.080,0.463,0.000,0.257,0.000,0.000,0.800,
2026-09-18 09:00:00,Friday,9,0.076,0.426,0.000,0.000,0.074,0.000,0.576,
2026-09-18 10:00:00,Friday,10,0.075,0.398,0.000,0.000,0.054,0.000,0.527,
2026-09-18 11:00:00,Friday,11,0.074,0.369,0.000,0.000,0.079,0.000,0.522,
2026-09-18 12:00:00,Friday,12,0.082,0.297,0.000,0.214,0.082,0.000,0.675,
2026-09-18 13:00:00,Friday,13,0.092,0.385,0.000,0.000,0.048,0.000,0.525,
2026-09-18 14:00:00,Friday,14,0.072,0.260,0.000,0.000,0.074,0.000,0.406,
2026-09-18 15:00:00,Friday,15,0.076,0.279,0.000,0.000,0.072,0.000,0.427,
2026-09-18 16:00:00,Friday,16,0.074,0.233,0.000,0.000,0.097,0.000,0.404,
2026-09-18 17:00:00,Friday,17,0.074,0.227,0.000,0.000,0.145,0.000,0.446,
2026-09-18 18:00:00,Friday,18,0.085,0.326,0.000,0.467,0.130,0.000,1.008,
2026-09-18 19:00:00,Friday,19,0.067,0.334,0.000,0.000,0.198,0.640,1.239,zmywarka
2026-09-18 20:00:00,Friday,20,0.096,0.401,0.111,0.000,0.095,0.000,0.703,
2026-09-18 21:00:00,Friday,21,0.095,0.369,0.075,0.000,0.167,0.000,0.706,
2026-09-18 22:00:00,Friday,22,0.078,0.285,0.041,0.000,0.184,0.000,0.588,
2026-09-18 23:00:00,Friday,23,0.088,0.332,0.000,0.000,0.000,0.000,0.420,
2026-09-19 00:00:00,Saturday,0,0.075,0.317,0.000,0.000,0.000,0.000,0.392,
2026-09-19 01:00:00,Saturday,1,0.097,0.317,0.000,0.000,0.000,0.000,0.414,
2026-09-19 02:00:00,Saturday,2,0.110,0.327,0.000,0.000,0.000,0.000,0.437,
2026-09-19 03:00:00,Saturday,3,0.087,0.310,0.000,0.000,0.000,0.000,0.397,
2026-09-19 04:00:00,Saturday,4,0.090,0.305,0.000,0.000,0.000,0.000,0.395,
2026-09-19 05:00:00,Saturday,5,0.093,0.280,0.000,0.000,0.000,0.000,0.373,
2026-09-19 06:00:00,Saturday,6,0.085,0.415,0.058,0.278,0.000,0.000,0.836,
2026-09-19 07:00:00,Saturday,7,0.088,0.345,0.000,0.235,0.000,0.000,0.668,
2026-09-19 08:00:00,Saturday,8,0.067,0.379,0.000,0.263,0.000,0.000,0.709,
2026-09-19 09:00:00,Saturday,9,0.079,0.373,0.000,0.000,0.103,0.000,0.555,
2026-09-19 10:00:00,Saturday,10,0.090,0.290,0.000,0.000,0.091,0.000,0.471,
2026-09-19 11:00:00,Saturday,11,0.082,0.298,0.000,0.000,0.060,0.475,0.915,pralka
2026-09-19 12:00:00,Saturday,12,0.088,0.254,0.000,0.000,0.116,1.107,1.565,suszarka
2026-09-19 13:00:00,Saturday,13,0.076,0.251,0.000,0.482,0.128,0.506,1.443,zmywarka
2026-09-19 14:00:00,Saturday,14,0.088,0.208,0.000,0.000,0.133,0.000,0.429,
2026-09-19 15:00:00,Saturday,15,0.071,0.233,0.000,0.000,0.126,0.000,0.430,
2026-09-19 16:00:00,Saturday,16,0.095,0.227,0.000,0.000,0.062,0.000,0.384,
2026-09-19 17:00:00,Saturday,17,0.084,0.212,0.000,0.000,0.178,0.000,0.474,
2026-09-19 18:00:00,Saturday,18,0.075,0.190,0.000,0.361,0.103,0.000,0.729,
2026-09-19 19:00:00,Saturday,19,0.067,0.257,0.121,0.000,0.157,0.000,0.602,
2026-09-19 20:00:00,Saturday,20,0.089,0.266,0.110,0.000,0.101,0.000,0.566,
2026-09-19 21:00:00,Saturday,21,0.090,0.263,0.168,0.000,0.184,0.000,0.705,
2026-09-19 22:00:00,Saturday,22,0.069,0.170,0.032,0.000,0.178,0.000,0.449,
2026-09-19 23:00:00,Saturday,23,0.082,0.185,0.000,0.000,0.000,0.000,0.267,
2026-09-20 00:00:00,Sunday,0,0.083,0.167,0.000,0.000,0.000,0.000,0.250,
2026-09-20 01:00:00,Sunday,1,0.105,0.206,0.000,0.000,0.000,0.000,0.311,
2026-09-20 02:00:00,Sunday,2,0.098,0.283,0.000,0.000,0.000,0.000,0.381,
2026-09-20 03:00:00,Sunday,3,0.095,0.230,0.000,0.000,0.000,0.000,0.325,
2026-09-20 04:00:00,Sunday,4,0.094,0.276,0.000,0.000,0.000,0.000,0.370,
2026-09-20 05:00:00,Sunday,5,0.107,0.264,0.000,0.000,0.000,0.000,0.371,
2026-09-20 06:00:00,Sunday,6,0.094,0.419,0.109,0.221,0.000,0.000,0.843,
2026-09-20 07:00:00,Sunday,7,0.088,0.368,0.000,0.244,0.000,0.000,0.700,
2026-09-20 08:00:00,Sunday,8,0.075,0.367,0.000,0.323,0.000,0.000,0.765,
2026-09-20 09:00:00,Sunday,9,0.070,0.394,0.000,0.000,0.144,0.000,0.608,
2026-09-20 10:00:00,Sunday,10,0.084,0.285,0.000,0.000,0.049,0.000,0.418,
2026-09-20 11:00:00,Sunday,11,0.073,0.260,0.000,0.000,0.058,0.000,0.391,
2026-09-20 12:00:00,Sunday,12,0.083,0.272,0.000,0.320,0.135,0.000,0.810,
2026-09-20 13:00:00,Sunday,13,0.073,0.261,0.000,0.000,0.051,0.000,0.385,
2026-09-20 14:00:00,Sunday,14,0.068,0.371,0.000,0.000,0.103,0.704,1.246,zmywarka
2026-09-20 15:00:00,Sunday,15,0.095,0.506,0.000,0.000,0.052,0.000,0.653,
2026-09-20 16:00:00,Sunday,16,0.083,0.352,0.000,0.000,0.091,0.000,0.526,
2026-09-20 17:00:00,Sunday,17,0.076,0.430,0.000,1.175,0.149,0.000,1.830,
2026-09-20 18:00:00,Sunday,18,0.096,0.446,0.000,0.000,0.109,0.000,0.651,
2026-09-20 19:00:00,Sunday,19,0.078,0.484,0.000,0.000,0.166,0.000,0.728,
2026-09-20 20:00:00,Sunday,20,0.073,0.575,0.115,0.000,0.148,0.000,0.911,
2026-09-20 21:00:00,Sunday,21,0.087,0.556,0.146,0.000,0.173,0.000,0.962,
2026-09-20 22:00:00,Sunday,22,0.090,0.486,0.034,0.000,0.140,0.000,0.750,
2026-09-20 23:00:00,Sunday,23,0.076,0.465,0.000,0.000,0.000,0.000,0.541,
2026-09-21 00:00:00,Monday,0,0.075,0.412,0.000,0.000,0.000,0.000,0.487,
2026-09-21 01:00:00,Monday,1,0.086,0.467,0.000,0.000,0.000,0.000,0.553,
2026-09-21 02:00:00,Monday,2,0.077,0.487,0.000,0.000,0.000,0.000,0.564,
2026-09-21 03:00:00,Monday,3,0.068,0.377,0.000,0.000,0.000,0.000,0.445,
2026-09-21 04:00:00,Monday,4,0.075,0.490,0.000,0.000,0.000,0.000,0.565,
2026-09-21 05:00:00,Monday,5,0.068,0.476,0.000,0.000,0.000,0.000,0.544,
2026-09-21 06:00:00,Monday,6,0.081,0.593,0.054,0.225,0.000,0.000,0.953,
2026-09-21 07:00:00,Monday,7,0.078,0.521,0.000,0.124,0.000,0.000,0.723,
2026-09-21 08:00:00,Monday,8,0.079,0.604,0.000,0.245,0.000,0.000,0.928,
2026-09-21 09:00:00,Monday,9,0.085,0.571,0.000,0.000,0.150,0.000,0.806,praca zdalna
2026-09-21 10:00:00,Monday,10,0.083,0.513,0.000,0.000,0.176,0.000,0.772,praca zdalna
2026-09-21 11:00:00,Monday,11,0.077,0.448,0.000,0.000,0.159,0.000,0.684,praca zdalna
2026-09-21 12:00:00,Monday,12,0.095,0.398,0.000,0.293,0.164,0.000,0.950,praca zdalna
2026-09-21 13:00:00,Monday,13,0.075,0.403,0.000,0.000,0.191,0.000,0.669,praca zdalna
2026-09-21 14:00:00,Monday,14,0.083,0.320,0.000,0.000,0.142,0.000,0.545,praca zdalna
2026-09-21 15:00:00,Monday,15,0.093,0.307,0.000,0.000,0.199,0.000,0.599,praca zdalna
2026-09-21 16:00:00,Monday,16,0.076,0.299,0.000,0.000,0.244,0.000,0.619,praca zdalna
2026-09-21 17:00:00,Monday,17,0.084,0.358,0.000,0.000,0.143,0.000,0.585,
2026-09-21 18:00:00,Monday,18,0.080,0.395,0.000,0.492,0.139,0.000,1.106,
2026-09-21 19:00:00,Monday,19,0.067,0.531,0.000,0.000,0.128,0.488,1.214,zmywarka
2026-09-21 20:00:00,Monday,20,0.087,0.455,0.067,0.000,0.100,0.000,0.709,
2026-09-21 21:00:00,Monday,21,0.096,0.592,0.148,0.000,0.150,0.000,0.986,
2026-09-21 22:00:00,Monday,22,0.075,0.490,0.037,0.000,0.099,0.000,0.701,
2026-09-21 23:00:00,Monday,23,0.104,0.523,0.000,0.000,0.000,0.000,0.627,
2026-09-22 00:00:00,Tuesday,0,0.092,0.530,0.000,0.000,0.000,0.000,0.622,
2026-09-22 01:00:00,Tuesday,1,0.095,0.525,0.000,0.000,0.000,0.000,0.620,
2026-09-22 02:00:00,Tuesday,2,0.078,0.458,0.000,0.000,0.000,0.000,0.536,
2026-09-22 03:00:00,Tuesday,3,0.080,0.469,0.000,0.000,0.000,0.000,0.549,
2026-09-22 04:00:00,Tuesday,4,0.087,0.548,0.000,0.000,0.000,0.000,0.635,
2026-09-22 05:00:00,Tuesday,5,0.080,0.519,0.000,0.000,0.000,0.000,0.599,
2026-09-22 06:00:00,Tuesday,6,0.087,0.580,0.056,0.271,0.000,0.000,0.994,
2026-09-22 07:00:00,Tuesday,7,0.094,0.698,0.000,0.237,0.000,0.000,1.029,
2026-09-22 08:00:00,Tuesday,8,0.071,0.691,0.000,0.100,0.000,0.000,0.862,
2026-09-22 09:00:00,Tuesday,9,0.082,0.611,0.000,0.000,0.194,0.000,0.887,praca zdalna
2026-09-22 10:00:00,Tuesday,10,0.076,0.445,0.000,0.000,0.131,0.000,0.652,praca zdalna
2026-09-22 11:00:00,Tuesday,11,0.089,0.459,0.000,0.000,0.181,0.000,0.729,praca zdalna
2026-09-22 12:00:00,Tuesday,12,0.072,0.356,0.000,0.323,0.152,0.000,0.903,praca zdalna
2026-09-22 13:00:00,Tuesday,13,0.087,0.275,0.000,0.000,0.124,0.583,1.069,praca zdalna; pralka
2026-09-22 14:00:00,Tuesday,14,0.072,0.228,0.000,0.000,0.207,1.149,1.656,praca zdalna; suszarka
2026-09-22 15:00:00,Tuesday,15,0.089,0.210,0.000,0.000,0.232,0.000,0.531,praca zdalna
2026-09-22 16:00:00,Tuesday,16,0.068,0.208,0.000,0.000,0.197,0.000,0.473,praca zdalna
2026-09-22 17:00:00,Tuesday,17,0.077,0.290,0.000,0.000,0.203,0.000,0.570,
2026-09-22 18:00:00,Tuesday,18,0.068,0.377,0.000,0.491,0.198,0.000,1.134,
2026-09-22 19:00:00,Tuesday,19,0.077,0.383,0.000,0.000,0.194,0.000,0.654,
2026-09-22 20:00:00,Tuesday,20,0.069,0.475,0.099,0.000,0.180,0.667,1.490,zmywarka
2026-09-22 21:00:00,Tuesday,21,0.082,0.528,0.124,0.000,0.108,0.000,0.842,
2026-09-22 22:00:00,Tuesday,22,0.071,0.493,0.059,0.000,0.120,0.000,0.743,
2026-09-22 23:00:00,Tuesday,23,0.069,0.536,0.000,0.000,0.000,0.000,0.605,
