Data_Czas,Dzien_Tygodnia,Godzina,Baza_kWh,Ogrzewanie_kWh,Oswietlenie_kWh,Gotowanie_kWh,RTV_PC_kWh,Duze_AGD_kWh,Calkowite_Zuzycie_kWh,Zdarzenia
2025-09-23 00:00:00,Tuesday,0,0.029,0.304,0.000,0.000,0.000,0.000,0.333,
2025-09-23 01:00:00,Tuesday,1,0.030,0.336,0.000,0.000,0.000,0.000,0.366,
2025-09-23 02:00:00,Tuesday,2,0.033,0.307,0.000,0.000,0.000,0.000,0.340,
2025-09-23 03:00:00,Tuesday,3,0.035,0.380,0.000,0.000,0.000,0.000,0.415,
2025-09-23 04:00:00,Tuesday,4,0.025,0.348,0.000,0.000,0.000,0.000,0.373,
2025-09-23 05:00:00,Tuesday,5,0.034,0.304,0.000,0.000,0.000,0.000,0.338,
2025-09-23 06:00:00,Tuesday,6,0.030,0.379,0.090,0.000,0.066,0.000,0.565,
2025-09-23 07:00:00,Tuesday,7,0.021,0.362,0.000,0.000,0.056,0.000,0.439,
2025-09-23 08:00:00,Tuesday,8,0.030,0.408,0.000,0.000,0.039,0.000,0.477,
2025-09-23 09:00:00,Tuesday,9,0.032,0.324,0.000,0.000,0.000,0.000,0.356,
2025-09-23 10:00:00,Tuesday,10,0.030,0.260,0.000,0.000,0.000,0.000,0.290,
2025-09-23 11:00:00,Tuesday,11,0.027,0.224,0.000,0.000,0.000,0.382,0.633,pralka
2025-09-23 12:00:00,Tuesday,12,0.028,0.231,0.000,0.000,0.000,0.858,1.117,suszarka
2025-09-23 13:00:00,Tuesday,13,0.033,0.205,0.000,0.000,0.000,0.000,0.238,
2025-09-23 14:00:00,Tuesday,14,0.021,0.184,0.000,0.000,0.000,0.000,0.205,
2025-09-23 15:00:00,Tuesday,15,0.032,0.154,0.000,0.000,0.000,0.000,0.186,
2025-09-23 16:00:00,Tuesday,16,0.023,0.209,0.000,0.000,0.000,0.000,0.232,
2025-09-23 17:00:00,Tuesday,17,0.034,0.223,0.000,0.269,0.042,0.000,0.568,
2025-09-23 18:00:00,Tuesday,18,0.023,0.207,0.000,0.000,0.068,0.000,0.298,
2025-09-23 19:00:00,Tuesday,19,0.028,0.290,0.000,0.000,0.060,0.000,0.378,
2025-09-23 20:00:00,Tuesday,20,0.033,0.314,0.077,0.000,0.032,0.444,0.900,zmywarka
2025-09-23 21:00:00,Tuesday,21,0.030,0.336,0.112,0.000,0.036,0.000,0.514,
2025-09-23 22:00:00,Tuesday,22,0.024,0.265,0.082,0.000,0.049,0.000,0.420,
2025-09-23 23:00:00,Tuesday,23,0.034,0.292,0.000,0.000,0.000,0.000,0.326,
2025-09-24 00:00:00,Wednesday,0,0.039,0.219,0.000,0.000,0.000,0.000,0.258,
2025-09-24 01:00:00,Wednesday,1,0.034,0.301,0.000,0.000,0.000,0.000,0.335,
2025-09-24 02:00:00,Wednesday,2,0.035,0.266,0.000,0.000,0.000,0.000,0.301,
2025-09-24 03:00:00,Wednesday,3,0.024,0.368,0.000,0.000,0.000,0.000,0.392,
2025-09-24 04:00:00,Wednesday,4,0.030,0.427,0.000,0.000,0.000,0.000,0.457,
2025-09-24 05:00:00,Wednesday,5,0.036,0.381,0.000,0.000,0.000,0.000,0.417,
2025-09-24 06:00:00,Wednesday,6,0.022,0.489,0.118,0.000,0.070,0.000,0.699,
2025-09-24 07:00:00,Wednesday,7,0.022,0.481,0.000,0.000,0.050,0.000,0.553,
2025-09-24 08:00:00,Wednesday,8,0.023,0.420,0.000,0.000,0.038,0.000,0.481,
2025-09-24 09:00:00,Wednesday,9,0.021,0.351,0.000,0.000,0.128,0.000,0.500,praca zdalna
2025-09-24 10:00:00,Wednesday,10,0.030,0.374,0.000,0.000,0.138,0.000,0.542,praca zdalna
2025-09-24 11:00:00,Wednesday,11,0.034,0.299,0.000,0.000,0.115,0.000,0.448,praca zdalna
2025-09-24 12:00:00,Wednesday,12,0.028,0.239,0.000,0.000,0.102,0.000,0.369,praca zdalna
2025-09-24 13:00:00,Wednesday,13,0.031,0.261,0.000,0.000,0.115,0.000,0.407,praca zdalna
2025-09-24 14:00:00,Wednesday,14,0.023,0.220,0.000,0.000,0.080,0.000,0.323,praca zdalna
2025-09-24 15:00:00,Wednesday,15,0.020,0.193,0.000,0.000,0.081,0.000,0.294,praca zdalna
2025-09-24 16:00:00,Wednesday,16,0.031,0.220,0.000,0.000,0.128,0.000,0.379,praca zdalna
2025-09-24 17:00:00,Wednesday,17,0.034,0.199,0.000,0.412,0.035,0.000,0.680,
2025-09-24 18:00:00,Wednesday,18,0.024,0.245,0.000,0.000,0.048,0.000,0.317,
2025-09-24 19:00:00,Wednesday,19,0.020,0.234,0.000,0.000,0.057,0.000,0.311,
2025-09-24 20:00:00,Wednesday,20,0.024,0.298,0.040,0.000,0.040,0.000,0.402,
2025-09-24 21:00:00,Wednesday,21,0.032,0.305,0.100,0.000,0.064,0.000,0.501,
2025-09-24 22:00:00,Wednesday,22,0.020,0.271,0.043,0.000,0.047,0.000,0.381,
2025-09-24 23:00:00,Wednesday,23,0.022,0.294,0.000,0.000,0.000,0.000,0.316,
2025-09-25 00:00:00,Thursday,0,0.034,0.262,0.000,0.000,0.000,0.000,0.296,
2025-09-25 01:00:00,Thursday,1,0.029,0.318,0.000,0.000,0.000,0.000,0.347,
2025-09-25 02:00:00,Thursday,2,0.036,0.309,0.000,0.000,0.000,0.000,0.345,
2025-09-25 03:00:00,Thursday,3,0.032,0.298,0.000,0.000,0.000,0.000,0.330,
2025-09-25 04:00:00,Thursday,4,0.043,0.394,0.000,0.000,0.000,0.000,0.437,
2025-09-25 05:00:00,Thursday,5,0.026,0.352,0.000,0.000,0.000,0.000,0.378,
2025-09-25 06:00:00,Thursday,6,0.024,0.453,0.068,0.000,0.070,0.000,0.615,
2025-09-25 07:00:00,Thursday,7,0.033,0.463,0.000,0.000,0.060,0.000,0.556,
2025-09-25 08:00:00,Thursday,8,0.033,0.451,0.000,0.000,0.064,0.000,0.548,
2025-09-25 09:00:00,Thursday,9,0.031,0.318,0.000,0.000,0.080,0.000,0.429,praca zdalna
2025-09-25 10:00:00,Thursday,10,0.028,0.318,0.000,0.000,0.087,0.000,0.433,praca zdalna
2025-09-25 11:00:00,Thursday,11,0.034,0.312,0.000,0.000,0.111,0.000,0.457,praca zdalna
2025-09-25 12:00:00,Thursday,12,0.027,0.292,0.000,0.000,0.066,0.000,0.385,praca zdalna
2025-09-25 13:00:00,Thursday,13,0.029,0.202,0.000,0.000,0.106,0.000,0.337,praca zdalna
2025-09-25 14:00:00,Thursday,14,0.034,0.188,0.000,0.000,0.102,0.000,0.324,praca zdalna
2025-09-25 15:00:00,Thursday,15,0.028,0.181,0.000,0.000,0.085,0.000,0.294,praca zdalna
2025-09-25 16:00:00,Thursday,16,0.022,0.161,0.000,0.000,0.102,0.000,0.285,praca zdalna
2025-09-25 17:00:00,Thursday,17,0.035,0.189,0.000,0.000,0.061,0.000,0.285,
2025-09-25 18:00:00,Thursday,18,0.030,0.168,0.000,0.319,0.049,0.000,0.566,
2025-09-25 19:00:00,Thursday,19,0.028,0.200,0.000,0.000,0.060,0.415,0.703,zmywarka
2025-09-25 20:00:00,Thursday,20,0.029,0.254,0.109,0.000,0.046,0.000,0.438,
2025-09-25 21:00:00,Thursday,21,0.029,0.221,0.053,0.000,0.063,0.000,0.366,
2025-09-25 22:00:00,Thursday,22,0.036,0.197,0.111,0.000,0.070,0.000,0.414,
2025-09-25 23:00:00,Thursday,23,0.032,0.241,0.000,0.000,0.000,0.000,0.273,
2025-09-26 00:00:00,Friday,0,0.030,0.254,0.000,0.000,0.000,0.000,0.284,
2025-09-26 01:00:00,Friday,1,0.035,0.236,0.000,0.000,0.000,0.000,0.271,
2025-09-26 02:00:00,Friday,2,0.028,0.207,0.000,0.000,0.000,0.000,0.235,
2025-09-26 03:00:00,Friday,3,0.024,0.253,0.000,0.000,0.000,0.000,0.277,
2025-09-26 04:00:00,Friday,4,0.029,0.258,0.000,0.000,0.000,0.000,0.287,
2025-09-26 05:00:00,Friday,5,0.022,0.304,0.000,0.000,0.000,0.000,0.326,
2025-09-26 06:00:00,Friday,6,0.026,0.308,0.065,0.000,0.068,0.000,0.467,
2025-09-26 07:00:00,Friday,7,0.030,0.316,0.000,0.000,0.064,0.000,0.410,
2025-09-26 08:00:00,Friday,8,0.026,0.279,0.000,0.000,0.046,0.000,0.351,
2025-09-26 09:00:00,Friday,9,0.035,0.312,0.000,0.000,0.082,0.000,0.429,praca zdalna
2025-09-26 10:00:00,Friday,10,0.030,0.256,0.000,0.000,0.107,0.000,0.393,praca zdalna
2025-09-26 11:00:00,Friday,11,0.022,0.202,0.000,0.000,0.110,0.000,0.334,praca zdalna
2025-09-26 12:00:00,Friday,12,0.028,0.162,0.000,0.000,0.128,0.000,0.318,praca zdalna
2025-09-26 13:00:00,Friday,13,0.024,0.179,0.000,0.000,0.131,0.000,0.334,praca zdalna
2025-09-26 14:00:00,Friday,14,0.024,0.192,0.000,0.000,0.090,0.000,0.306,praca zdalna
2025-09-26 15:00:00,Friday,15,0.031,0.150,0.000,0.000,0.107,0.000,0.288,praca zdalna
2025-09-26 16:00:00,Friday,16,0.034,0.163,0.000,0.000,0.089,0.000,0.286,praca zdalna
2025-09-26 17:00:00,Friday,17,0.032,0.166,0.000,0.000,0.053,0.000,0.251,
2025-09-26 18:00:00,Friday,18,0.028,0.202,0.000,0.398,0.068,0.000,0.696,
2025-09-26 19:00:00,Friday,19,0.036,0.223,0.000,0.000,0.036,0.000,0.295,
2025-09-26 20:00:00,Friday,20,0.035,0.257,0.068,0.000,0.046,0.387,0.793,zmywarka
2025-09-26 21:00:00,Friday,21,0.032,0.268,0.047,0.000,0.067,0.000,0.414,
2025-09-26 22:00:00,Friday,22,0.027,0.171,0.074,0.000,0.042,0.000,0.314,
2025-09-26 23:00:00,Friday,23,0.024,0.194,0.000,0.000,0.000,0.000,0.218,
2025-09-27 00:00:00,Saturday,0,0.020,0.197,0.000,0.000,0.000,0.000,0.217,
2025-09-27 01:00:00,Saturday,1,0.039,0.222,0.000,0.000,0.000,0.000,0.261,
2025-09-27 02:00:00,Saturday,2,0.026,0.182,0.000,0.000,0.000,0.000,0.208,
2025-09-27 03:00:00,Saturday,3,0.035,0.278,0.000,0.000,0.000,0.000,0.313,
2025-09-27 04:00:00,Saturday,4,0.024,0.288,0.000,0.000,0.000,0.000,0.312,
2025-09-27 05:00:00,Saturday,5,0.022,0.286,0.000,0.000,0.000,0.000,0.308,
2025-09-27 06:00:00,Saturday,6,0.023,0.340,0.045,0.000,0.058,0.000,0.466,
2025-09-27 07:00:00,Saturday,7,0.024,0.288,0.000,0.000,0.046,0.000,0.358,
2025-09-27 08:00:00,Saturday,8,0.027,0.274,0.000,0.000,0.042,0.000,0.343,
2025-09-27 09:00:00,Saturday,9,0.029,0.256,0.000,0.000,0.000,0.000,0.285,
2025-09-27 10:00:00,Saturday,10,0.024,0.268,0.000,0.000,0.000,0.000,0.292,
2025-09-27 11:00:00,Saturday,11,0.028,0.186,0.000,0.000,0.000,0.000,0.214,
2025-09-27 12:00:00,Saturday,12,0.022,0.188,0.000,0.000,0.000,0.000,0.210,
2025-09-27 13:00:00,Saturday,13,0.027,0.156,0.000,0.000,0.000,0.431,0.614,zmywarka
2025-09-27 14:00:00,Saturday,14,0.022,0.177,0.000,0.000,0.000,0.000,0.199,
2025-09-27 15:00:00,Saturday,15,0.022,0.131,0.000,0.000,0.000,0.000,0.153,
2025-09-27 16:00:00,Saturday,16,0.032,0.144,0.000,0.000,0.000,0.000,0.176,
2025-09-27 17:00:00,Saturday,17,0.023,0.156,0.000,0.731,0.045,0.000,0.955,
2025-09-27 18:00:00,Saturday,18,0.028,0.201,0.000,0.000,0.032,0.000,0.261,
2025-09-27 19:00:00,Saturday,19,0.035,0.210,0.089,0.000,0.035,0.000,0.369,
2025-09-27 20:00:00,Saturday,20,0.021,0.210,0.103,0.000,0.045,0.000,0.379,
2025-09-27 21:00:00,Saturday,21,0.025,0.225,0.071,0.000,0.044,0.000,0.365,
2025-09-27 22:00:00,Saturday,22,0.024,0.233,0.053,0.000,0.044,0.000,0.354,
2025-09-27 23:00:00,Saturday,23,0.039,0.217,0.000,0.000,0.000,0.000,0.256,
2025-09-28 00:00:00,Sunday,0,0.023,0.153,0.000,0.000,0.000,0.000,0.176,wyjazd / nieobecność
2025-09-28 01:00:00,Sunday,1,0.036,0.156,0.000,0.000,0.000,0.000,0.192,wyjazd / nieobecność
2025-09-28 02:00:00,Sunday,2,0.034,0.126,0.000,0.000,0.000,0.000,0.160,wyjazd / nieobecność
2025-09-28 03:00:00,Sunday,3,0.025,0.174,0.000,0.000,0.000,0.000,0.199,wyjazd / nieobecność
2025-09-28 04:00:00,Sunday,4,0.034,0.170,0.000,0.000,0.000,0.000,0.204,wyjazd / nieobecność
2025-09-28 05:00:00,Sunday,5,0.030,0.177,0.000,0.000,0.000,0.000,0.207,wyjazd / nieobecność
2025-09-28 06:00:00,Sunday,6,0.022,0.166,0.000,0.000,0.000,0.000,0.188,wyjazd / nieobecność
2025-09-28 07:00:00,Sunday,7,0.033,0.195,0.000,0.000,0.000,0.000,0.228,wyjazd / nieobecność
2025-09-28 08:00:00,Sunday,8,0.026,0.183,0.000,0.000,0.000,0.000,0.209,wyjazd / nieobecność
2025-09-28 09:00:00,Sunday,9,0.032,0.147,0.000,0.000,0.000,0.000,0.179,wyjazd / nieobecność
2025-09-28 10:00:00,Sunday,10,0.035,0.130,0.000,0.000,0.000,0.000,0.165,wyjazd / nieobecność
2025-09-28 11:00:00,Sunday,11,0.021,0.084,0.000,0.000,0.000,0.000,0.105,wyjazd / nieobecność
2025-09-28 12:00:00,Sunday,12,0.035,0.000,0.000,0.000,0.000,0.000,0.035,wyjazd / nieobecność
2025-09-28 13:00:00,Sunday,13,0.024,0.000,0.000,0.000,0.000,0.000,0.024,wyjazd / nieobecność
2025-09-28 14:00:00,Sunday,14,0.025,0.000,0.000,0.000,0.000,0.000,0.025,wyjazd / nieobecność
2025-09-28 15:00:00,Sunday,15,0.026,0.000,0.000,0.000,0.000,0.000,0.026,wyjazd / nieobecność
2025-09-28 16:00:00,Sunday,16,0.023,0.000,0.000,0.000,0.000,0.000,0.023,wyjazd / nieobecność
2025-09-28 17:00:00,Sunday,17,0.023,0.000,0.000,0.000,0.000,0.000,0.023,wyjazd / nieobecność
2025-09-28 18:00:00,Sunday,18,0.036,0.000,0.000,0.000,0.000,0.000,0.036,wyjazd / nieobecność
2025-09-28 19:00:00,Sunday,19,0.031,0.086,0.000,0.000,0.000,0.000,0.117,wyjazd / nieobecność
2025-09-28 20:00:00,Sunday,20,0.035,0.098,0.000,0.000,0.000,0.000,0.133,wyjazd / nieobecność
2025-09-28 21:00:00,Sunday,21,0.024,0.104,0.000,0.000,0.000,0.000,0.128,wyjazd / nieobecność
2025-09-28 22:00:00,Sunday,22,0.028,0.116,0.000,0.000,0.000,0.000,0.144,wyjazd / nieobecność
2025-09-28 23:00:00,Sunday,23,0.032,0.096,0.000,0.000,0.000,0.000,0.128,wyjazd / nieobecność
2025-09-29 00:00:00,Monday,0,0.026,0.190,0.000,0.000,0.000,0.000,0.216,
2025-09-29 01:00:00,Monday,1,0.042,0.234,0.000,0.000,0.000,0.000,0.276,
2025-09-29 02:00:00,Monday,2,0.034,0.215,0.000,0.000,0.000,0.000,0.249,
2025-09-29 03:00:00,Monday,3,0.022,0.239,0.000,0.000,0.000,0.000,0.261,
2025-09-29 04:00:00,Monday,4,0.031,0.223,0.000,0.000,0.000,0.000,0.254,
2025-09-29 05:00:00,Monday,5,0.035,0.238,0.000,0.000,0.000,0.000,0.273,
2025-09-29 06:00:00,Monday,6,0.030,0.261,0.109,0.000,0.032,0.000,0.432,
2025-09-29 07:00:00,Monday,7,0.024,0.311,0.000,0.000,0.060,0.000,0.395,
2025-09-29 08:00:00,Monday,8,0.021,0.259,0.000,0.000,0.040,0.000,0.320,
2025-09-29 09:00:00,Monday,9,0.026,0.250,0.000,0.000,0.000,0.000,0.276,
2025-09-29 10:00:00,Monday,10,0.029,0.262,0.000,0.000,0.000,0.000,0.291,
2025-09-29 11:00:00,Monday,11,0.035,0.232,0.000,0.000,0.000,0.000,0.267,
2025-09-29 12:00:00,Monday,12,0.025,0.222,0.000,0.000,0.000,0.000,0.247,
2025-09-29 13:00:00,Monday,13,0.036,0.179,0.000,0.000,0.000,0.000,0.215,
2025-09-29 14:00:00,Monday,14,0.025,0.181,0.000,0.000,0.000,0.000,0.206,
2025-09-29 15:00:00,Monday,15,0.034,0.220,0.000,0.000,0.000,0.000,0.254,
2025-09-29 16:00:00,Monday,16,0.035,0.208,0.000,0.000,0.000,0.000,0.243,
2025-09-29 17:00:00,Monday,17,0.027,0.261,0.000,0.276,0.035,0.000,0.599,
2025-09-29 18:00:00,Monday,18,0.028,0.256,0.000,0.000,0.054,0.000,0.338,
2025-09-29 19:00:00,Monday,19,0.024,0.297,0.000,0.000,0.037,0.000,0.358,
2025-09-29 20:00:00,Monday,20,0.034,0.288,0.050,0.000,0.060,0.398,0.830,zmywarka
2025-09-29 21:00:00,Monday,21,0.032,0.317,0.065,0.000,0.064,0.000,0.478,
2025-09-29 22:00:00,Monday,22,0.023,0.255,0.105,0.000,0.042,0.000,0.425,
2025-09-29 23:00:00,Monday,23,0.029,0.318,0.000,0.000,0.000,0.000,0.347,
2025-09-30 00:00:00,Tuesday,0,0.035,0.298,0.000,0.000,0.000,0.000,0.333,
2025-09-30 01:00:00,Tuesday,1,0.032,0.297,0.000,0.000,0.000,0.000,0.329,
2025-09-30 02:00:00,Tuesday,2,0.023,0.339,0.000,0.000,0.000,0.000,0.362,
2025-09-30 03:00:00,Tuesday,3,0.038,0.276,0.000,0.000,0.000,0.000,0.314,
2025-09-30 04:00:00,Tuesday,4,0.035,0.314,0.000,0.000,0.000,0.000,0.349,
2025-09-30 05:00:00,Tuesday,5,0.029,0.343,0.000,0.000,0.000,0.000,0.372,
2025-09-30 06:00:00,Tuesday,6,0.024,0.338,0.108,0.000,0.041,0.000,0.511,
2025-09-30 07:00:00,Tuesday,7,0.028,0.411,0.000,0.000,0.042,0.000,0.481,
2025-09-30 08:00:00,Tuesday,8,0.026,0.408,0.000,0.000,0.067,0.000,0.501,
2025-09-30 09:00:00,Tuesday,9,0.026,0.305,0.000,0.000,0.000,0.281,0.612,pralka
2025-09-30 10:00:00,Tuesday,10,0.035,0.298,0.000,0.000,0.000,0.000,0.333,
2025-09-30 11:00:00,Tuesday,11,0.032,0.300,0.000,0.000,0.000,0.000,0.332,
2025-09-30 12:00:00,Tuesday,12,0.024,0.272,0.000,0.000,0.000,0.000,0.296,
2025-09-30 13:00:00,Tuesday,13,0.024,0.224,0.000,0.000,0.000,0.000,0.248,
2025-09-30 14:00:00,Tuesday,14,0.022,0.242,0.000,0.000,0.000,0.000,0.264,
2025-09-30 15:00:00,Tuesday,15,0.027,0.209,0.000,0.000,0.000,0.000,0.236,
2025-09-30 16:00:00,Tuesday,16,0.023,0.240,0.000,0.000,0.000,0.000,0.263,
2025-09-30 17:00:00,Tuesday,17,0.024,0.260,0.000,0.000,0.043,0.000,0.327,
2025-09-30 18:00:00,Tuesday,18,0.024,0.279,0.000,0.313,0.037,0.000,0.653,
2025-09-30 19:00:00,Tuesday,19,0.026,0.323,0.000,0.000,0.034,0.418,0.801,zmywarka
2025-09-30 20:00:00,Tuesday,20,0.031,0.284,0.112,0.000,0.052,0.000,0.479,
2025-09-30 21:00:00,Tuesday,21,0.021,0.365,0.052,0.000,0.066,0.000,0.504,
2025-09-30 22:00:00,Tuesday,22,0.033,0.292,0.078,0.000,0.058,0.000,0.461,
2025-09-30 23:00:00,Tuesday,23,0.020,0.330,0.000,0.000,0.000,0.000,0.350,
2025-10-01 00:00:00,Wednesday,0,0.039,0.277,0.000,0.000,0.000,0.000,0.316,
2025-10-01 01:00:00,Wednesday,1,0.025,0.358,0.000,0.000,0.000,0.000,0.383,
2025-10-01 02:00:00,Wednesday,2,0.023,0.370,0.000,0.000,0.000,0.000,0.393,
2025-10-01 03:00:00,Wednesday,3,0.031,0.347,0.000,0.000,0.000,0.000,0.378,
2025-10-01 04:00:00,Wednesday,4,0.032,0.372,0.000,0.000,0.000,0.000,0.404,
2025-10-01 05:00:00,Wednesday,5,0.035,0.303,0.000,0.000,0.000,0.000,0.338,
2025-10-01 06:00:00,Wednesday,6,0.036,0.376,0.101,0.000,0.032,0.000,0.545,
2025-10-01 07:00:00,Wednesday,7,0.035,0.405,0.000,0.000,0.052,0.000,0.492,
2025-10-01 08:00:00,Wednesday,8,0.027,0.376,0.000,0.000,0.051,0.000,0.454,
2025-10-01 09:00:00,Wednesday,9,0.028,0.420,0.000,0.000,0.000,0.000,0.448,
2025-10-01 10:00:00,Wednesday,10,0.028,0.364,0.000,0.000,0.000,0.000,0.392,
2025-10-01 11:00:00,Wednesday,11,0.027,0.372,0.000,0.000,0.000,0.000,0.399,
2025-10-01 12:00:00,Wednesday,12,0.029,0.269,0.000,0.000,0.000,0.000,0.298,
2025-10-01 13:00:00,Wednesday,13,0.033,0.319,0.000,0.000,0.000,0.000,0.352,
2025-10-01 14:00:00,Wednesday,14,0.026,0.303,0.000,0.000,0.000,0.304,0.633,pralka
2025-10-01 15:00:00,Wednesday,15,0.033,0.274,0.000,0.000,0.000,0.786,1.093,suszarka
2025-10-01 16:00:00,Wednesday,16,0.026,0.226,0.000,0.000,0.000,0.000,0.252,
2025-10-01 17:00:00,Wednesday,17,0.024,0.307,0.000,0.284,0.058,0.000,0.673,
2025-10-01 18:00:00,Wednesday,18,0.022,0.271,0.098,0.000,0.064,0.000,0.455,
2025-10-01 19:00:00,Wednesday,19,0.031,0.336,0.078,0.000,0.057,0.000,0.502,
2025-10-01 20:00:00,Wednesday,20,0.023,0.332,0.057,0.000,0.051,0.394,0.857,zmywarka
2025-10-01 21:00:00,Wednesday,21,0.024,0.354,0.071,0.000,0.070,0.000,0.519,
2025-10-01 22:00:00,Wednesday,22,0.020,0.261,0.102,0.000,0.055,0.000,0.438,
2025-10-01 23:00:00,Wednesday,23,0.034,0.289,0.000,0.000,0.000,0.000,0.323,
2025-10-02 00:00:00,Thursday,0,0.029,0.188,0.000,0.000,0.000,0.000,0.217,wyjazd / nieobecność
2025-10-02 01:00:00,Thursday,1,0.022,0.246,0.000,0.000,0.000,0.000,0.268,wyjazd / nieobecność
2025-10-02 02:00:00,Thursday,2,0.021,0.197,0.000,0.000,0.000,0.000,0.218,wyjazd / nieobecność
2025-10-02 03:00:00,Thursday,3,0.036,0.218,0.000,0.000,0.000,0.000,0.254,wyjazd / nieobecność
2025-10-02 04:00:00,Thursday,4,0.023,0.274,0.000,0.000,0.000,0.000,0.297,wyjazd / nieobecność
2025-10-02 05:00:00,Thursday,5,0.021,0.258,0.000,0.000,0.000,0.000,0.279,wyjazd / nieobecność
2025-10-02 06:00:00,Thursday,6,0.027,0.250,0.000,0.000,0.000,0.000,0.277,wyjazd / nieobecność
2025-10-02 07:00:00,Thursday,7,0.034,0.286,0.000,0.000,0.000,0.000,0.320,wyjazd / nieobecność
2025-10-02 08:00:00,Thursday,8,0.031,0.246,0.000,0.000,0.000,0.000,0.277,wyjazd / nieobecność
2025-10-02 09:00:00,Thursday,9,0.026,0.251,0.000,0.000,0.039,0.000,0.316,wyjazd / nieobecność; praca zdalna
2025-10-02 10:00:00,Thursday,10,0.024,0.180,0.000,0.000,0.043,0.000,0.247,wyjazd / nieobecność; praca zdalna
2025-10-02 11:00:00,Thursday,11,0.029,0.153,0.000,0.000,0.037,0.000,0.219,wyjazd / nieobecność; praca zdalna
2025-10-02 12:00:00,Thursday,12,0.032,0.128,0.000,0.000,0.042,0.000,0.202,wyjazd / nieobecność; praca zdalna
2025-10-02 13:00:00,Thursday,13,0.028,0.119,0.000,0.000,0.056,0.000,0.203,wyjazd / nieobecność; praca zdalna
2025-10-02 14:00:00,Thursday,14,0.035,0.124,0.000,0.000,0.057,0.000,0.216,wyjazd / nieobecność; praca zdalna
2025-10-02 15:00:00,Thursday,15,0.023,0.107,0.000,0.000,0.053,0.000,0.183,wyjazd / nieobecność; praca zdalna
2025-10-02 16:00:00,Thursday,16,0.027,0.108,0.000,0.000,0.047,0.000,0.182,wyjazd / nieobecność; praca zdalna
2025-10-02 17:00:00,Thursday,17,0.034,0.116,0.000,0.000,0.000,0.000,0.150,wyjazd / nieobecność
2025-10-02 18:00:00,Thursday,18,0.036,0.135,0.000,0.000,0.000,0.000,0.171,wyjazd / nieobecność
2025-10-02 19:00:00,Thursday,19,0.028,0.174,0.000,0.000,0.000,0.000,0.202,wyjazd / nieobecność
2025-10-02 20:00:00,Thursday,20,0.026,0.178,0.000,0.000,0.000,0.000,0.204,wyjazd / nieobecność
2025-10-02 21:00:00,Thursday,21,0.026,0.170,0.000,0.000,0.000,0.000,0.196,wyjazd / nieobecność
2025-10-02 22:00:00,Thursday,22,0.030,0.192,0.000,0.000,0.000,0.000,0.222,wyjazd / nieobecność
2025-10-02 23:00:00,Thursday,23,0.033,0.236,0.000,0.000,0.000,0.000,0.269,wyjazd / nieobecność
2025-10-03 00:00:00,Friday,0,0.035,0.207,0.000,0.000,0.000,0.000,0.242,wyjazd / nieobecność
2025-10-03 01:00:00,Friday,1,0.023,0.215,0.000,0.000,0.000,0.000,0.238,wyjazd / nieobecność
2025-10-03 02:00:00,Friday,2,0.032,0.194,0.000,0.000,0.000,0.000,0.226,wyjazd / nieobecność
2025-10-03 03:00:00,Friday,3,0.028,0.229,0.000,0.000,0.000,0.000,0.257,wyjazd / nieobecność
2025-10-03 04:00:00,Friday,4,0.030,0.226,0.000,0.000,0.000,0.000,0.256,wyjazd / nieobecność
2025-10-03 05:00:00,Friday,5,0.033,0.201,0.000,0.000,0.000,0.000,0.234,wyjazd / nieobecność
2025-10-03 06:00:00,Friday,6,0.034,0.226,0.000,0.000,0.000,0.000,0.260,wyjazd / nieobecność
2025-10-03 07:00:00,Friday,7,0.028,0.181,0.000,0.000,0.000,0.000,0.209,wyjazd / nieobecność
2025-10-03 08:00:00,Friday,8,0.028,0.194,0.000,0.000,0.000,0.000,0.222,wyjazd / nieobecność
2025-10-03 09:00:00,Friday,9,0.030,0.167,0.000,0.000,0.000,0.000,0.197,wyjazd / nieobecność
2025-10-03 10:00:00,Friday,10,0.022,0.182,0.000,0.000,0.000,0.000,0.204,wyjazd / nieobecność
2025-10-03 11:00:00,Friday,11,0.027,0.133,0.000,0.000,0.000,0.000,0.160,wyjazd / nieobecność
2025-10-03 12:00:00,Friday,12,0.036,0.121,0.000,0.000,0.000,0.000,0.157,wyjazd / nieobecność
2025-10-03 13:00:00,Friday,13,0.028,0.138,0.000,0.000,0.000,0.000,0.166,wyjazd / nieobecność
2025-10-03 14:00:00,Friday,14,0.025,0.106,0.000,0.000,0.000,0.000,0.131,wyjazd / nieobecność
2025-10-03 15:00:00,Friday,15,0.031,0.130,0.000,0.000,0.000,0.000,0.161,wyjazd / nieobecność
2025-10-03 16:00:00,Friday,16,0.024,0.113,0.000,0.000,0.000,0.000,0.137,wyjazd / nieobecność
2025-10-03 17:00:00,Friday,17,0.030,0.134,0.000,0.000,0.000,0.000,0.164,wyjazd / nieobecność
2025-10-03 18:00:00,Friday,18,0.023,0.141,0.000,0.000,0.000,0.000,0.164,wyjazd / nieobecność
2025-10-03 19:00:00,Friday,19,0.033,0.135,0.000,0.000,0.000,0.000,0.168,wyjazd / nieobecność
2025-10-03 20:00:00,Friday,20,0.021,0.143,0.000,0.000,0.000,0.000,0.164,wyjazd / nieobecność
2025-10-03 21:00:00,Friday,21,0.035,0.174,0.000,0.000,0.000,0.000,0.209,wyjazd / nieobecność
2025-10-03 22:00:00,Friday,22,0.022,0.161,0.000,0.000,0.000,0.000,0.183,wyjazd / nieobecność
2025-10-03 23:00:00,Friday,23,0.031,0.179,0.000,0.000,0.000,0.000,0.210,wyjazd / nieobecność
2025-10-04 00:00:00,Saturday,0,0.032,0.283,0.000,0.000,0.000,0.000,0.315,
2025-10-04 01:00:00,Saturday,1,0.030,0.287,0.000,0.000,0.000,0.000,0.317,
2025-10-04 02:00:00,Saturday,2,0.029,0.259,0.000,0.000,0.000,0.000,0.288,
2025-10-04 03:00:00,Saturday,3,0.029,0.228,0.000,0.000,0.000,0.000,0.257,
2025-10-04 04:00:00,Saturday,4,0.034,0.219,0.000,0.000,0.000,0.000,0.253,
2025-10-04 05:00:00,Saturday,5,0.028,0.228,0.000,0.000,0.000,0.000,0.256,
2025-10-04 06:00:00,Saturday,6,0.025,0.292,0.074,0.000,0.062,0.000,0.453,
2025-10-04 07:00:00,Saturday,7,0.024,0.326,0.118,0.000,0.039,0.000,0.507,
2025-10-04 08:00:00,Saturday,8,0.021,0.304,0.000,0.000,0.050,0.000,0.375,
2025-10-04 09:00:00,Saturday,9,0.023,0.401,0.000,0.000,0.000,0.000,0.424,
2025-10-04 10:00:00,Saturday,10,0.027,0.332,0.000,0.000,0.000,0.000,0.359,
2025-10-04 11:00:00,Saturday,11,0.034,0.327,0.000,0.000,0.000,0.000,0.361,
2025-10-04 12:00:00,Saturday,12,0.035,0.358,0.000,0.000,0.000,0.000,0.393,
2025-10-04 13:00:00,Saturday,13,0.031,0.368,0.000,0.000,0.000,0.000,0.399,
2025-10-04 14:00:00,Saturday,14,0.025,0.377,0.000,0.000,0.000,0.000,0.402,
2025-10-04 15:00:00,Saturday,15,0.028,0.331,0.000,0.000,0.000,0.000,0.359,
2025-10-04 16:00:00,Saturday,16,0.036,0.312,0.000,0.000,0.000,0.000,0.348,
2025-10-04 17:00:00,Saturday,17,0.034,0.338,0.000,0.371,0.040,0.000,0.783,
2025-10-04 18:00:00,Saturday,18,0.029,0.262,0.106,0.000,0.063,0.000,0.460,
2025-10-04 19:00:00,Saturday,19,0.032,0.290,0.049,0.000,0.065,0.000,0.436,
2025-10-04 20:00:00,Saturday,20,0.031,0.277,0.041,0.000,0.034,0.000,0.383,
2025-10-04 21:00:00,Saturday,21,0.036,0.391,0.066,0.000,0.062,0.000,0.555,
2025-10-04 22:00:00,Saturday,22,0.036,0.342,0.119,0.000,0.035,0.000,0.532,
2025-10-04 23:00:00,Saturday,23,0.031,0.322,0.000,0.000,0.000,0.000,0.353,
2025-10-05 00:00:00,Sunday,0,0.036,0.275,0.000,0.000,0.000,0.000,0.311,
2025-10-05 01:00:00,Sunday,1,0.025,0.320,0.000,0.000,0.000,0.000,0.345,
2025-10-05 02:00:00,Sunday,2,0.031,0.315,0.000,0.000,0.000,0.000,0.346,
2025-10-05 03:00:00,Sunday,3,0.036,0.255,0.000,0.000,0.000,0.000,0.291,
2025-10-05 04:00:00,Sunday,4,0.022,0.276,0.000,0.000,0.000,0.000,0.298,
2025-10-05 05:00:00,Sunday,5,0.024,0.251,0.000,0.000,0.000,0.000,0.275,
2025-10-05 06:00:00,Sunday,6,0.030,0.365,0.070,0.000,0.055,0.000,0.520,
2025-10-05 07:00:00,Sunday,7,0.033,0.372,0.071,0.000,0.064,0.000,0.540,
2025-10-05 08:00:00,Sunday,8,0.028,0.378,0.000,0.000,0.040,0.000,0.446,
2025-10-05 09:00:00,Sunday,9,0.026,0.332,0.000,0.000,0.000,0.000,0.358,
2025-10-05 10:00:00,Sunday,10,0.022,0.292,0.000,0.000,0.000,0.000,0.314,
2025-10-05 11:00:00,Sunday,11,0.026,0.256,0.000,0.000,0.000,0.000,0.282,
2025-10-05 12:00:00,Sunday,12,0.026,0.231,0.000,0.000,0.000,0.000,0.257,
2025-10-05 13:00:00,Sunday,13,0.026,0.206,0.000,0.000,0.000,0.351,0.583,zmywarka
2025-10-05 14:00:00,Sunday,14,0.028,0.274,0.000,0.000,0.000,0.000,0.302,
2025-10-05 15:00:00,Sunday,15,0.022,0.232,0.000,0.000,0.000,0.000,0.254,
2025-10-05 16:00:00,Sunday,16,0.024,0.228,0.000,0.000,0.000,0.000,0.252,
2025-10-05 17:00:00,Sunday,17,0.024,0.221,0.000,0.000,0.036,0.000,0.281,
2025-10-05 18:00:00,Sunday,18,0.028,0.235,0.078,0.643,0.068,0.000,1.052,
2025-10-05 19:00:00,Sunday,19,0.033,0.246,0.081,0.000,0.064,0.000,0.424,
2025-10-05 20:00:00,Sunday,20,0.034,0.248,0.103,0.000,0.060,0.000,0.445,
2025-10-05 21:00:00,Sunday,21,0.034,0.272,0.106,0.000,0.065,0.000,0.477,
2025-10-05 22:00:00,Sunday,22,0.034,0.280,0.047,0.000,0.062,0.000,0.423,
2025-10-05 23:00:00,Sunday,23,0.021,0.289,0.000,0.000,0.000,0.000,0.310,
2025-10-06 00:00:00,Monday,0,0.033,0.254,0.000,0.000,0.000,0.000,0.287,
2025-10-06 01:00:00,Monday,1,0.022,0.214,0.000,0.000,0.000,0.000,0.236,
2025-10-06 02:00:00,Monday,2,0.034,0.210,0.000,0.000,0.000,0.000,0.244,
2025-10-06 03:00:00,Monday,3,0.037,0.222,0.000,0.000,0.000,0.000,0.259,
2025-10-06 04:00:00,Monday,4,0.031,0.174,0.000,0.000,0.000,0.000,0.205,
2025-10-06 05:00:00,Monday,5,0.028,0.222,0.000,0.000,0.000,0.000,0.250,
2025-10-06 06:00:00,Monday,6,0.033,0.254,0.093,0.000,0.054,0.000,0.434,goście
2025-10-06 07:00:00,Monday,7,0.035,0.312,0.088,0.000,0.062,0.000,0.497,goście
2025-10-06 08:00:00,Monday,8,0.026,0.267,0.000,0.000,0.044,0.000,0.337,goście
2025-10-06 09:00:00,Monday,9,0.023,0.249,0.000,0.000,0.000,0.000,0.272,
2025-10-06 10:00:00,Monday,10,0.033,0.249,0.000,0.000,0.000,0.000,0.282,
2025-10-06 11:00:00,Monday,11,0.023,0.221,0.000,0.000,0.000,0.000,0.244,
2025-10-06 12:00:00,Monday,12,0.031,0.220,0.000,0.000,0.000,0.000,0.251,
2025-10-06 13:00:00,Monday,13,0.022,0.182,0.000,0.000,0.000,0.000,0.204,
2025-10-06 14:00:00,Monday,14,0.032,0.183,0.000,0.000,0.000,0.000,0.215,
2025-10-06 15:00:00,Monday,15,0.026,0.197,0.000,0.000,0.000,0.000,0.223,
2025-10-06 16:00:00,Monday,16,0.020,0.190,0.000,0.000,0.000,0.000,0.210,
2025-10-06 17:00:00,Monday,17,0.024,0.200,0.000,0.440,0.050,0.000,0.714,goście
2025-10-06 18:00:00,Monday,18,0.031,0.209,0.062,0.000,0.034,0.000,0.336,goście
2025-10-06 19:00:00,Monday,19,0.034,0.265,0.096,0.000,0.041,0.000,0.436,goście
2025-10-06 20:00:00,Monday,20,0.030,0.305,0.060,0.000,0.054,0.000,0.449,goście
2025-10-06 21:00:00,Monday,21,0.025,0.279,0.061,0.000,0.031,0.000,0.396,goście
2025-10-06 22:00:00,Monday,22,0.025,0.267,0.095,0.000,0.065,0.000,0.452,goście
2025-10-06 23:00:00,Monday,23,0.035,0.294,0.000,0.000,0.000,0.000,0.329,
2025-10-07 00:00:00,Tuesday,0,0.026,0.320,0.000,0.000,0.000,0.000,0.346,
2025-10-07 01:00:00,Tuesday,1,0.032,0.300,0.000,0.000,0.000,0.000,0.332,
2025-10-07 02:00:00,Tuesday,2,0.031,0.295,0.000,0.000,0.000,0.000,0.326,
2025-10-07 03:00:00,Tuesday,3,0.028,0.262,0.000,0.000,0.000,0.000,0.290,
2025-10-07 04:00:00,Tuesday,4,0.035,0.278,0.000,0.000,0.000,0.000,0.313,
2025-10-07 05:00:00,Tuesday,5,0.038,0.299,0.000,0.000,0.000,0.000,0.337,
2025-10-07 06:00:00,Tuesday,6,0.033,0.295,0.074,0.000,0.035,0.000,0.437,
2025-10-07 07:00:00,Tuesday,7,0.026,0.318,0.056,0.000,0.032,0.000,0.432,
2025-10-07 08:00:00,Tuesday,8,0.035,0.324,0.000,0.000,0.048,0.000,0.407,
2025-10-07 09:00:00,Tuesday,9,0.030,0.261,0.000,0.000,0.000,0.000,0.291,
2025-10-07 10:00:00,Tuesday,10,0.027,0.268,0.000,0.000,0.000,0.000,0.295,
2025-10-07 11:00:00,Tuesday,11,0.028,0.226,0.000,0.000,0.000,0.000,0.254,
2025-10-07 12:00:00,Tuesday,12,0.033,0.247,0.000,0.000,0.000,0.353,0.633,pralka
2025-10-07 13:00:00,Tuesday,13,0.029,0.224,0.000,0.000,0.000,0.924,1.177,suszarka
2025-10-07 14:00:00,Tuesday,14,0.031,0.208,0.000,0.000,0.000,0.000,0.239,
2025-10-07 15:00:00,Tuesday,15,0.026,0.236,0.000,0.000,0.000,0.000,0.262,
2025-10-07 16:00:00,Tuesday,16,0.029,0.251,0.000,0.000,0.000,0.000,0.280,
2025-10-07 17:00:00,Tuesday,17,0.036,0.239,0.000,0.000,0.068,0.000,0.343,
2025-10-07 18:00:00,Tuesday,18,0.032,0.216,0.106,0.609,0.050,0.000,1.013,
2025-10-07 19:00:00,Tuesday,19,0.029,0.256,0.042,0.000,0.039,0.442,0.808,zmywarka
2025-10-07 20:00:00,Tuesday,20,0.026,0.207,0.076,0.000,0.032,0.000,0.341,
2025-10-07 21:00:00,Tuesday,21,0.022,0.242,0.080,0.000,0.034,0.000,0.378,
2025-10-07 22:00:00,Tuesday,22,0.026,0.191,0.067,0.000,0.066,0.000,0.350,
2025-10-07 23:00:00,Tuesday,23,0.024,0.178,0.000,0.000,0.000,0.000,0.202,
2025-10-08 00:00:00,Wednesday,0,0.026,0.152,0.000,0.000,0.000,0.000,0.178,
2025-10-08 01:00:00,Wednesday,1,0.026,0.176,0.000,0.000,0.000,0.000,0.202,
2025-10-08 02:00:00,Wednesday,2,0.035,0.193,0.000,0.000,0.000,0.000,0.228,
2025-10-08 03:00:00,Wednesday,3,0.034,0.164,0.000,0.000,0.000,0.000,0.198,
2025-10-08 04:00:00,Wednesday,4,0.043,0.207,0.000,0.000,0.000,0.000,0.250,
2025-10-08 05:00:00,Wednesday,5,0.026,0.226,0.000,0.000,0.000,0.000,0.252,
2025-10-08 06:00:00,Wednesday,6,0.028,0.272,0.088,0.000,0.031,0.000,0.419,
2025-10-08 07:00:00,Wednesday,7,0.030,0.259,0.068,0.000,0.066,0.000,0.423,
2025-10-08 08:00:00,Wednesday,8,0.033,0.242,0.000,0.000,0.052,0.000,0.327,
2025-10-08 09:00:00,Wednesday,9,0.022,0.281,0.000,0.000,0.085,0.000,0.388,praca zdalna
2025-10-08 10:00:00,Wednesday,10,0.034,0.275,0.000,0.000,0.108,0.000,0.417,praca zdalna
2025-10-08 11:00:00,Wednesday,11,0.025,0.258,0.000,0.000,0.116,0.000,0.399,praca zdalna
2025-10-08 12:00:00,Wednesday,12,0.032,0.209,0.000,0.000,0.119,0.000,0.360,praca zdalna
2025-10-08 13:00:00,Wednesday,13,0.036,0.217,0.000,0.000,0.080,0.000,0.333,praca zdalna
2025-10-08 14:00:00,Wednesday,14,0.032,0.189,0.000,0.000,0.094,0.000,0.315,praca zdalna
2025-10-08 15:00:00,Wednesday,15,0.023,0.170,0.000,0.000,0.121,0.000,0.314,praca zdalna
2025-10-08 16:00:00,Wednesday,16,0.024,0.204,0.000,0.000,0.129,0.000,0.357,praca zdalna
2025-10-08 17:00:00,Wednesday,17,0.034,0.206,0.000,0.275,0.031,0.000,0.546,
2025-10-08 18:00:00,Wednesday,18,0.021,0.264,0.095,0.000,0.041,0.000,0.421,
2025-10-08 19:00:00,Wednesday,19,0.031,0.267,0.112,0.000,0.048,0.000,0.458,
2025-10-08 20:00:00,Wednesday,20,0.028,0.264,0.119,0.000,0.048,0.000,0.459,
2025-10-08 21:00:00,Wednesday,21,0.035,0.309,0.048,0.000,0.038,0.000,0.430,
2025-10-08 22:00:00,Wednesday,22,0.022,0.347,0.101,0.000,0.042,0.000,0.512,
2025-10-08 23:00:00,Wednesday,23,0.030,0.288,0.000,0.000,0.000,0.000,0.318,
2025-10-09 00:00:00,Thursday,0,0.035,0.309,0.000,0.000,0.000,0.000,0.344,
2025-10-09 01:00:00,Thursday,1,0.030,0.315,0.000,0.000,0.000,0.000,0.345,
2025-10-09 02:00:00,Thursday,2,0.038,0.290,0.000,0.000,0.000,0.000,0.328,
2025-10-09 03:00:00,Thursday,3,0.022,0.335,0.000,0.000,0.000,0.000,0.357,
2025-10-09 04:00:00,Thursday,4,0.029,0.286,0.000,0.000,0.000,0.000,0.315,
2025-10-09 05:00:00,Thursday,5,0.021,0.349,0.000,0.000,0.000,0.000,0.370,
2025-10-09 06:00:00,Thursday,6,0.029,0.449,0.090,0.000,0.051,0.000,0.619,
2025-10-09 07:00:00,Thursday,7,0.034,0.460,0.000,0.000,0.042,0.000,0.536,
2025-10-09 08:00:00,Thursday,8,0.032,0.370,0.000,0.000,0.064,0.000,0.466,
2025-10-09 09:00:00,Thursday,9,0.032,0.352,0.000,0.000,0.000,0.000,0.384,
2025-10-09 10:00:00,Thursday,10,0.034,0.344,0.000,0.000,0.000,0.000,0.378,
2025-10-09 11:00:00,Thursday,11,0.028,0.316,0.000,0.000,0.000,0.000,0.344,
2025-10-09 12:00:00,Thursday,12,0.027,0.272,0.000,0.000,0.000,0.000,0.299,
2025-10-09 13:00:00,Thursday,13,0.024,0.234,0.000,0.000,0.000,0.000,0.258,
2025-10-09 14:00:00,Thursday,14,0.029,0.221,0.000,0.000,0.000,0.000,0.250,
2025-10-09 15:00:00,Thursday,15,0.028,0.228,0.000,0.000,0.000,0.000,0.256,
2025-10-09 16:00:00,Thursday,16,0.022,0.217,0.000,0.000,0.000,0.000,0.239,
2025-10-09 17:00:00,Thursday,17,0.025,0.251,0.000,0.000,0.032,0.000,0.308,
2025-10-09 18:00:00,Thursday,18,0.022,0.250,0.041,0.305,0.060,0.000,0.678,
2025-10-09 19:00:00,Thursday,19,0.028,0.204,0.070,0.000,0.059,0.438,0.799,zmywarka
2025-10-09 20:00:00,Thursday,20,0.025,0.226,0.091,0.000,0.048,0.000,0.390,
2025-10-09 21:00:00,Thursday,21,0.027,0.218,0.067,0.000,0.044,0.000,0.356,
2025-10-09 22:00:00,Thursday,22,0.026,0.213,0.088,0.000,0.038,0.000,0.365,
2025-10-09 23:00:00,Thursday,23,0.036,0.242,0.000,0.000,0.000,0.000,0.278,
2025-10-10 00:00:00,Friday,0,0.035,0.216,0.000,0.000,0.000,0.000,0.251,
2025-10-10 01:00:00,Friday,1,0.024,0.218,0.000,0.000,0.000,0.000,0.242,
2025-10-10 02:00:00,Friday,2,0.022,0.246,0.000,0.000,0.000,0.000,0.268,
2025-10-10 03:00:00,Friday,3,0.038,0.238,0.000,0.000,0.000,0.000,0.276,
2025-10-10 04:00:00,Friday,4,0.033,0.242,0.000,0.000,0.000,0.000,0.275,
2025-10-10 05:00:00,Friday,5,0.032,0.222,0.000,0.000,0.000,0.000,0.254,
2025-10-10 06:00:00,Friday,6,0.020,0.346,0.074,0.000,0.036,0.000,0.476,
2025-10-10 07:00:00,Friday,7,0.028,0.274,0.105,0.000,0.037,0.000,0.444,
2025-10-10 08:00:00,Friday,8,0.028,0.295,0.000,0.000,0.058,0.000,0.381,
2025-10-10 09:00:00,Friday,9,0.032,0.286,0.000,0.000,0.000,0.000,0.318,
2025-10-10 10:00:00,Friday,10,0.032,0.290,0.000,0.000,0.000,0.000,0.322,
2025-10-10 11:00:00,Friday,11,0.024,0.263,0.000,0.000,0.000,0.000,0.287,
2025-10-10 12:00:00,Friday,12,0.026,0.194,0.000,0.000,0.000,0.000,0.220,
2025-10-10 13:00:00,Friday,13,0.036,0.184,0.000,0.000,0.000,0.000,0.220,
2025-10-10 14:00:00,Friday,14,0.032,0.182,0.000,0.000,0.000,0.000,0.214,
2025-10-10 15:00:00,Friday,15,0.021,0.188,0.000,0.000,0.000,0.000,0.209,
2025-10-10 16:00:00,Friday,16,0.026,0.217,0.000,0.000,0.000,0.000,0.243,
2025-10-10 17:00:00,Friday,17,0.026,0.194,0.000,0.601,0.032,0.000,0.853,
2025-10-10 18:00:00,Friday,18,0.025,0.251,0.069,0.000,0.046,0.000,0.391,
2025-10-10 19:00:00,Friday,19,0.030,0.234,0.104,0.000,0.055,0.472,0.895,zmywarka
2025-10-10 20:00:00,Friday,20,0.024,0.231,0.081,0.000,0.050,0.000,0.386,
2025-10-10 21:00:00,Friday,21,0.022,0.211,0.089,0.000,0.045,0.000,0.367,
2025-10-10 22:00:00,Friday,22,0.027,0.205,0.094,0.000,0.041,0.000,0.367,
2025-10-10 23:00:00,Friday,23,0.030,0.194,0.000,0.000,0.000,0.000,0.224,
2025-10-11 00:00:00,Saturday,0,0.024,0.199,0.000,0.000,0.000,0.000,0.223,
2025-10-11 01:00:00,Saturday,1,0.041,0.206,0.000,0.000,0.000,0.000,0.247,
2025-10-11 02:00:00,Saturday,2,0.024,0.158,0.000,0.000,0.000,0.000,0.182,
2025-10-11 03:00:00,Saturday,3,0.030,0.172,0.000,0.000,0.000,0.000,0.202,
2025-10-11 04:00:00,Saturday,4,0.023,0.227,0.000,0.000,0.000,0.000,0.250,
2025-10-11 05:00:00,Saturday,5,0.032,0.196,0.000,0.000,0.000,0.000,0.228,
2025-10-11 06:00:00,Saturday,6,0.034,0.267,0.054,0.000,0.056,0.000,0.411,
2025-10-11 07:00:00,Saturday,7,0.021,0.296,0.000,0.000,0.060,0.000,0.377,
2025-10-11 08:00:00,Saturday,8,0.027,0.260,0.000,0.000,0.039,0.000,0.326,
2025-10-11 09:00:00,Saturday,9,0.025,0.238,0.000,0.000,0.000,0.000,0.263,
2025-10-11 10:00:00,Saturday,10,0.029,0.257,0.000,0.000,0.000,0.270,0.556,pralka
2025-10-11 11:00:00,Saturday,11,0.029,0.229,0.000,0.000,0.000,0.940,1.198,suszarka
2025-10-11 12:00:00,Saturday,12,0.031,0.229,0.000,0.000,0.000,0.000,0.260,
2025-10-11 13:00:00,Saturday,13,0.028,0.191,0.000,0.000,0.000,0.323,0.542,zmywarka
2025-10-11 14:00:00,Saturday,14,0.021,0.229,0.000,0.000,0.000,0.000,0.250,
2025-10-11 15:00:00,Saturday,15,0.025,0.193,0.000,0.000,0.000,0.000,0.218,
2025-10-11 16:00:00,Saturday,16,0.022,0.226,0.000,0.000,0.000,0.000,0.248,
2025-10-11 17:00:00,Saturday,17,0.024,0.226,0.000,0.000,0.064,0.000,0.314,
2025-10-11 18:00:00,Saturday,18,0.035,0.232,0.108,0.269,0.051,0.000,0.695,
2025-10-11 19:00:00,Saturday,19,0.026,0.294,0.101,0.000,0.050,0.000,0.471,
2025-10-11 20:00:00,Saturday,20,0.030,0.245,0.055,0.000,0.044,0.000,0.374,
2025-10-11 21:00:00,Saturday,21,0.034,0.281,0.102,0.000,0.066,0.000,0.483,
2025-10-11 22:00:00,Saturday,22,0.029,0.218,0.064,0.000,0.051,0.000,0.362,
2025-10-11 23:00:00,Saturday,23,0.022,0.245,0.000,0.000,0.000,0.000,0.267,
2025-10-12 00:00:00,Sunday,0,0.039,0.251,0.000,0.000,0.000,0.000,0.290,
2025-10-12 01:00:00,Sunday,1,0.041,0.222,0.000,0.000,0.000,0.000,0.263,
2025-10-12 02:00:00,Sunday,2,0.040,0.224,0.000,0.000,0.000,0.000,0.264,
2025-10-12 03:00:00,Sunday,3,0.020,0.240,0.000,0.000,0.000,0.000,0.260,
2025-10-12 04:00:00,Sunday,4,0.033,0.242,0.000,0.000,0.000,0.000,0.275,
2025-10-12 05:00:00,Sunday,5,0.028,0.197,0.000,0.000,0.000,0.000,0.225,
2025-10-12 06:00:00,Sunday,6,0.024,0.281,0.051,0.000,0.059,0.000,0.415,goście
2025-10-12 07:00:00,Sunday,7,0.030,0.262,0.087,0.000,0.046,0.000,0.425,goście
2025-10-12 08:00:00,Sunday,8,0.020,0.246,0.000,0.000,0.069,0.000,0.335,goście
2025-10-12 09:00:00,Sunday,9,0.028,0.238,0.000,0.000,0.000,0.000,0.266,
2025-10-12 10:00:00,Sunday,10,0.036,0.216,0.000,0.000,0.000,0.000,0.252,
2025-10-12 11:00:00,Sunday,11,0.028,0.191,0.000,0.000,0.000,0.000,0.219,
2025-10-12 12:00:00,Sunday,12,0.029,0.173,0.000,0.000,0.000,0.000,0.202,
2025-10-12 13:00:00,Sunday,13,0.036,0.184,0.000,0.000,0.000,0.402,0.622,zmywarka
2025-10-12 14:00:00,Sunday,14,0.032,0.173,0.000,0.000,0.000,0.000,0.205,
2025-10-12 15:00:00,Sunday,15,0.035,0.143,0.000,0.000,0.000,0.000,0.178,
2025-10-12 16:00:00,Sunday,16,0.029,0.163,0.000,0.000,0.000,0.000,0.192,
2025-10-12 17:00:00,Sunday,17,0.030,0.160,0.000,0.000,0.032,0.000,0.222,goście
2025-10-12 18:00:00,Sunday,18,0.024,0.260,0.092,0.573,0.064,0.000,1.013,goście
2025-10-12 19:00:00,Sunday,19,0.035,0.242,0.042,0.000,0.058,0.000,0.377,goście
2025-10-12 20:00:00,Sunday,20,0.022,0.346,0.102,0.000,0.034,0.000,0.504,goście
2025-10-12 21:00:00,Sunday,21,0.029,0.331,0.085,0.000,0.038,0.000,0.483,goście
2025-10-12 22:00:00,Sunday,22,0.034,0.288,0.103,0.000,0.050,0.000,0.475,goście
2025-10-12 23:00:00,Sunday,23,0.030,0.276,0.000,0.000,0.000,0.000,0.306,
2025-10-13 00:00:00,Monday,0,0.039,0.357,0.000,0.000,0.000,0.000,0.396,
2025-10-13 01:00:00,Monday,1,0.024,0.370,0.000,0.000,0.000,0.000,0.394,
2025-10-13 02:00:00,Monday,2,0.026,0.372,0.000,0.000,0.000,0.000,0.398,
2025-10-13 03:00:00,Monday,3,0.035,0.379,0.000,0.000,0.000,0.000,0.414,
2025-10-13 04:00:00,Monday,4,0.024,0.413,0.000,0.000,0.000,0.000,0.437,
2025-10-13 05:00:00,Monday,5,0.032,0.386,0.000,0.000,0.000,0.000,0.418,
2025-10-13 06:00:00,Monday,6,0.035,0.562,0.108,0.000,0.032,0.000,0.737,
2025-10-13 07:00:00,Monday,7,0.026,0.492,0.000,0.000,0.053,0.000,0.571,
2025-10-13 08:00:00,Monday,8,0.035,0.556,0.000,0.000,0.066,0.000,0.657,
2025-10-13 09:00:00,Monday,9,0.026,0.489,0.000,0.000,0.109,0.000,0.624,praca zdalna
2025-10-13 10:00:00,Monday,10,0.023,0.481,0.000,0.000,0.094,0.000,0.598,praca zdalna
2025-10-13 11:00:00,Monday,11,0.026,0.344,0.000,0.000,0.111,0.000,0.481,praca zdalna
2025-10-13 12:00:00,Monday,12,0.021,0.329,0.000,0.000,0.090,0.000,0.440,praca zdalna
2025-10-13 13:00:00,Monday,13,0.029,0.333,0.000,0.000,0.104,0.000,0.466,praca zdalna
2025-10-13 14:00:00,Monday,14,0.020,0.211,0.000,0.000,0.110,0.000,0.341,praca zdalna
2025-10-13 15:00:00,Monday,15,0.028,0.266,0.000,0.000,0.128,0.000,0.422,praca zdalna
2025-10-13 16:00:00,Monday,16,0.031,0.281,0.000,0.000,0.121,0.000,0.433,praca zdalna
2025-10-13 17:00:00,Monday,17,0.021,0.254,0.000,0.000,0.038,0.000,0.313,
2025-10-13 18:00:00,Monday,18,0.026,0.312,0.102,0.346,0.067,0.000,0.853,
2025-10-13 19:00:00,Monday,19,0.026,0.356,0.110,0.000,0.069,0.353,0.914,zmywarka
2025-10-13 20:00:00,Monday,20,0.027,0.342,0.070,0.000,0.066,0.000,0.505,
2025-10-13 21:00:00,Monday,21,0.021,0.344,0.102,0.000,0.061,0.000,0.528,
2025-10-13 22:00:00,Monday,22,0.026,0.323,0.087,0.000,0.046,0.000,0.482,
2025-10-13 23:00:00,Monday,23,0.031,0.348,0.000,0.000,0.000,0.000,0.379,
2025-10-14 00:00:00,Tuesday,0,0.034,0.322,0.000,0.000,0.000,0.000,0.356,
2025-10-14 01:00:00,Tuesday,1,0.026,0.314,0.000,0.000,0.000,0.000,0.340,
2025-10-14 02:00:00,Tuesday,2,0.041,0.317,0.000,0.000,0.000,0.000,0.358,
2025-10-14 03:00:00,Tuesday,3,0.033,0.286,0.000,0.000,0.000,0.000,0.319,
2025-10-14 04:00:00,Tuesday,4,0.024,0.306,0.000,0.000,0.000,0.000,0.330,
2025-10-14 05:00:00,Tuesday,5,0.023,0.310,0.000,0.000,0.000,0.000,0.333,
2025-10-14 06:00:00,Tuesday,6,0.033,0.326,0.085,0.000,0.055,0.000,0.499,
2025-10-14 07:00:00,Tuesday,7,0.032,0.405,0.064,0.000,0.068,0.000,0.569,
2025-10-14 08:00:00,Tuesday,8,0.030,0.375,0.000,0.000,0.030,0.000,0.435,
2025-10-14 09:00:00,Tuesday,9,0.035,0.370,0.000,0.000,0.091,0.348,0.844,praca zdalna; pralka
2025-10-14 10:00:00,Tuesday,10,0.035,0.276,0.000,0.000,0.107,0.734,1.152,praca zdalna; suszarka
2025-10-14 11:00:00,Tuesday,11,0.029,0.320,0.000,0.000,0.120,0.000,0.469,praca zdalna
2025-10-14 12:00:00,Tuesday,12,0.034,0.254,0.000,0.000,0.125,0.000,0.413,praca zdalna
2025-10-14 13:00:00,Tuesday,13,0.021,0.244,0.000,0.000,0.074,0.000,0.339,praca zdalna
2025-10-14 14:00:00,Tuesday,14,0.028,0.265,0.000,0.000,0.114,0.000,0.407,praca zdalna
2025-10-14 15:00:00,Tuesday,15,0.026,0.238,0.000,0.000,0.095,0.000,0.359,praca zdalna
2025-10-14 16:00:00,Tuesday,16,0.020,0.256,0.000,0.000,0.080,0.000,0.356,praca zdalna
2025-10-14 17:00:00,Tuesday,17,0.022,0.252,0.000,0.428,0.030,0.000,0.732,
2025-10-14 18:00:00,Tuesday,18,0.033,0.304,0.050,0.000,0.053,0.000,0.440,
2025-10-14 19:00:00,Tuesday,19,0.025,0.309,0.092,0.000,0.038,0.416,0.880,zmywarka
2025-10-14 20:00:00,Tuesday,20,0.031,0.290,0.114,0.000,0.041,0.000,0.476,
2025-10-14 21:00:00,Tuesday,21,0.035,0.337,0.109,0.000,0.058,0.000,0.539,
2025-10-14 22:00:00,Tuesday,22,0.020,0.276,0.095,0.000,0.033,0.000,0.424,
2025-10-14 23:00:00,Tuesday,23,0.031,0.296,0.000,0.000,0.000,0.000,0.327,
2025-10-15 00:00:00,Wednesday,0,0.023,0.225,0.000,0.000,0.000,0.000,0.248,wyjazd / nieobecność
2025-10-15 01:00:00,Wednesday,1,0.031,0.209,0.000,0.000,0.000,0.000,0.240,wyjazd / nieobecność
2025-10-15 02:00:00,Wednesday,2,0.032,0.276,0.000,0.000,0.000,0.000,0.308,wyjazd / nieobecność
2025-10-15 03:00:00,Wednesday,3,0.032,0.291,0.000,0.000,0.000,0.000,0.323,wyjazd / nieobecność
2025-10-15 04:00:00,Wednesday,4,0.021,0.271,0.000,0.000,0.000,0.000,0.292,wyjazd / nieobecność
2025-10-15 05:00:00,Wednesday,5,0.034,0.290,0.000,0.000,0.000,0.000,0.324,wyjazd / nieobecność
2025-10-15 06:00:00,Wednesday,6,0.035,0.262,0.000,0.000,0.000,0.000,0.297,wyjazd / nieobecność
2025-10-15 07:00:00,Wednesday,7,0.021,0.301,0.000,0.000,0.000,0.000,0.322,wyjazd / nieobecność
2025-10-15 08:00:00,Wednesday,8,0.022,0.254,0.000,0.000,0.000,0.000,0.276,wyjazd / nieobecność
2025-10-15 09:00:00,Wednesday,9,0.025,0.273,0.000,0.000,0.040,0.000,0.338,wyjazd / nieobecność; praca zdalna
2025-10-15 10:00:00,Wednesday,10,0.032,0.238,0.000,0.000,0.058,0.000,0.328,wyjazd / nieobecność; praca zdalna
2025-10-15 11:00:00,Wednesday,11,0.035,0.189,0.000,0.000,0.049,0.000,0.273,wyjazd / nieobecność; praca zdalna
2025-10-15 12:00:00,Wednesday,12,0.036,0.150,0.000,0.000,0.033,0.000,0.219,wyjazd / nieobecność; praca zdalna
2025-10-15 13:00:00,Wednesday,13,0.026,0.126,0.000,0.000,0.066,0.000,0.218,wyjazd / nieobecność; praca zdalna
2025-10-15 14:00:00,Wednesday,14,0.034,0.125,0.000,0.000,0.034,0.000,0.193,wyjazd / nieobecność; praca zdalna
2025-10-15 15:00:00,Wednesday,15,0.029,0.135,0.000,0.000,0.041,0.000,0.205,wyjazd / nieobecność; praca zdalna
2025-10-15 16:00:00,Wednesday,16,0.024,0.138,0.000,0.000,0.039,0.000,0.201,wyjazd / nieobecność; praca zdalna
2025-10-15 17:00:00,Wednesday,17,0.034,0.152,0.000,0.000,0.000,0.000,0.186,wyjazd / nieobecność
2025-10-15 18:00:00,Wednesday,18,0.024,0.148,0.000,0.000,0.000,0.000,0.172,wyjazd / nieobecność
2025-10-15 19:00:00,Wednesday,19,0.036,0.180,0.000,0.000,0.000,0.000,0.216,wyjazd / nieobecność
2025-10-15 20:00:00,Wednesday,20,0.025,0.160,0.000,0.000,0.000,0.000,0.185,wyjazd / nieobecność
2025-10-15 21:00:00,Wednesday,21,0.029,0.151,0.000,0.000,0.000,0.000,0.180,wyjazd / nieobecność
2025-10-15 22:00:00,Wednesday,22,0.028,0.156,0.000,0.000,0.000,0.000,0.184,wyjazd / nieobecność
2025-10-15 23:00:00,Wednesday,23,0.034,0.170,0.000,0.000,0.000,0.000,0.204,wyjazd / nieobecność
2025-10-16 00:00:00,Thursday,0,0.032,0.180,0.000,0.000,0.000,0.000,0.212,wyjazd / nieobecność
2025-10-16 01:00:00,Thursday,1,0.032,0.178,0.000,0.000,0.000,0.000,0.210,wyjazd / nieobecność
2025-10-16 02:00:00,Thursday,2,0.030,0.179,0.000,0.000,0.000,0.000,0.209,wyjazd / nieobecność
2025-10-16 03:00:00,Thursday,3,0.035,0.214,0.000,0.000,0.000,0.000,0.249,wyjazd / nieobecność
2025-10-16 04:00:00,Thursday,4,0.025,0.222,0.000,0.000,0.000,0.000,0.247,wyjazd / nieobecność
2025-10-16 05:00:00,Thursday,5,0.032,0.192,0.000,0.000,0.000,0.000,0.224,wyjazd / nieobecność
2025-10-16 06:00:00,Thursday,6,0.033,0.284,0.000,0.000,0.000,0.000,0.317,wyjazd / nieobecność
2025-10-16 07:00:00,Thursday,7,0.034,0.238,0.000,0.000,0.000,0.000,0.272,wyjazd / nieobecność
2025-10-16 08:00:00,Thursday,8,0.029,0.274,0.000,0.000,0.000,0.000,0.303,wyjazd / nieobecność
2025-10-16 09:00:00,Thursday,9,0.031,0.242,0.000,0.000,0.069,0.000,0.342,wyjazd / nieobecność; praca zdalna
2025-10-16 10:00:00,Thursday,10,0.025,0.194,0.000,0.000,0.070,0.000,0.289,wyjazd / nieobecność; praca zdalna
2025-10-16 11:00:00,Thursday,11,0.024,0.180,0.000,0.000,0.076,0.000,0.280,wyjazd / nieobecność; praca zdalna
2025-10-16 12:00:00,Thursday,12,0.026,0.129,0.000,0.000,0.078,0.000,0.233,wyjazd / nieobecność; praca zdalna
2025-10-16 13:00:00,Thursday,13,0.036,0.087,0.000,0.000,0.072,0.000,0.195,wyjazd / nieobecność; praca zdalna
2025-10-16 14:00:00,Thursday,14,0.026,0.068,0.000,0.000,0.070,0.000,0.164,wyjazd / nieobecność; praca zdalna
2025-10-16 15:00:00,Thursday,15,0.034,0.096,0.000,0.000,0.056,0.000,0.186,wyjazd / nieobecność; praca zdalna
2025-10-16 16:00:00,Thursday,16,0.030,0.110,0.000,0.000,0.074,0.000,0.214,wyjazd / nieobecność; praca zdalna
2025-10-16 17:00:00,Thursday,17,0.034,0.125,0.000,0.000,0.000,0.000,0.159,wyjazd / nieobecność
2025-10-16 18:00:00,Thursday,18,0.024,0.120,0.000,0.000,0.000,0.000,0.144,wyjazd / nieobecność
2025-10-16 19:00:00,Thursday,19,0.027,0.155,0.000,0.000,0.000,0.000,0.182,wyjazd / nieobecność
2025-10-16 20:00:00,Thursday,20,0.035,0.171,0.000,0.000,0.000,0.000,0.206,wyjazd / nieobecność
2025-10-16 21:00:00,Thursday,21,0.028,0.189,0.000,0.000,0.000,0.000,0.217,wyjazd / nieobecność
2025-10-16 22:00:00,Thursday,22,0.034,0.165,0.000,0.000,0.000,0.000,0.199,wyjazd / nieobecność
2025-10-16 23:00:00,Thursday,23,0.022,0.173,0.000,0.000,0.000,0.000,0.195,wyjazd / nieobecność
2025-10-17 00:00:00,Friday,0,0.039,0.264,0.000,0.000,0.000,0.000,0.303,
2025-10-17 01:00:00,Friday,1,0.022,0.297,0.000,0.000,0.000,0.000,0.319,
2025-10-17 02:00:00,Friday,2,0.023,0.341,0.000,0.000,0.000,0.000,0.364,
2025-10-17 03:00:00,Friday,3,0.033,0.300,0.000,0.000,0.000,0.000,0.333,
2025-10-17 04:00:00,Friday,4,0.025,0.296,0.000,0.000,0.000,0.000,0.321,
2025-10-17 05:00:00,Friday,5,0.026,0.308,0.000,0.000,0.000,0.000,0.334,
2025-10-17 06:00:00,Friday,6,0.031,0.375,0.112,0.000,0.061,0.000,0.579,
2025-10-17 07:00:00,Friday,7,0.029,0.402,0.106,0.000,0.038,0.000,0.575,
2025-10-17 08:00:00,Friday,8,0.030,0.385,0.000,0.000,0.059,0.000,0.474,
2025-10-17 09:00:00,Friday,9,0.023,0.402,0.000,0.000,0.095,0.000,0.520,praca zdalna
2025-10-17 10:00:00,Friday,10,0.021,0.426,0.000,0.000,0.135,0.000,0.582,praca zdalna
2025-10-17 11:00:00,Friday,11,0.025,0.383,0.000,0.000,0.122,0.000,0.530,praca zdalna
2025-10-17 12:00:00,Friday,12,0.027,0.335,0.000,0.000,0.090,0.000,0.452,praca zdalna
2025-10-17 13:00:00,Friday,13,0.023,0.365,0.000,0.000,0.132,0.000,0.520,praca zdalna
2025-10-17 14:00:00,Friday,14,0.031,0.340,0.000,0.000,0.137,0.000,0.508,praca zdalna
2025-10-17 15:00:00,Friday,15,0.023,0.405,0.000,0.000,0.101,0.000,0.529,praca zdalna
2025-10-17 16:00:00,Friday,16,0.035,0.378,0.000,0.000,0.098,0.000,0.511,praca zdalna
2025-10-17 17:00:00,Friday,17,0.027,0.366,0.000,0.000,0.046,0.000,0.439,
2025-10-17 18:00:00,Friday,18,0.022,0.435,0.070,0.430,0.065,0.000,1.022,
2025-10-17 19:00:00,Friday,19,0.027,0.420,0.110,0.000,0.043,0.000,0.600,
2025-10-17 20:00:00,Friday,20,0.025,0.431,0.041,0.000,0.069,0.473,1.039,zmywarka
2025-10-17 21:00:00,Friday,21,0.031,0.514,0.109,0.000,0.069,0.000,0.723,
2025-10-17 22:00:00,Friday,22,0.036,0.522,0.107,0.000,0.031,0.000,0.696,
2025-10-17 23:00:00,Friday,23,0.033,0.517,0.000,0.000,0.000,0.000,0.550,
2025-10-18 00:00:00,Saturday,0,0.022,0.439,0.000,0.000,0.000,0.000,0.461,
2025-10-18 01:00:00,Saturday,1,0.032,0.549,0.000,0.000,0.000,0.000,0.581,
2025-10-18 02:00:00,Saturday,2,0.021,0.620,0.000,0.000,0.000,0.000,0.641,
2025-10-18 03:00:00,Saturday,3,0.024,0.613,0.000,0.000,0.000,0.000,0.637,
2025-10-18 04:00:00,Saturday,4,0.026,0.608,0.000,0.000,0.000,0.000,0.634,
2025-10-18 05:00:00,Saturday,5,0.042,0.589,0.000,0.000,0.000,0.000,0.631,
2025-10-18 06:00:00,Saturday,6,0.034,0.583,0.073,0.000,0.032,0.000,0.722,
2025-10-18 07:00:00,Saturday,7,0.021,0.559,0.000,0.000,0.038,0.000,0.618,
2025-10-18 08:00:00,Saturday,8,0.024,0.576,0.000,0.000,0.068,0.000,0.668,
2025-10-18 09:00:00,Saturday,9,0.028,0.620,0.000,0.000,0.000,0.290,0.938,pralka
2025-10-18 10:00:00,Saturday,10,0.030,0.614,0.000,0.000,0.000,0.714,1.358,suszarka
2025-10-18 11:00:00,Saturday,11,0.036,0.521,0.000,0.000,0.000,0.000,0.557,
2025-10-18 12:00:00,Saturday,12,0.032,0.446,0.000,0.000,0.000,0.000,0.478,
2025-10-18 13:00:00,Saturday,13,0.024,0.469,0.000,0.000,0.000,0.385,0.878,zmywarka
2025-10-18 14:00:00,Saturday,14,0.035,0.370,0.000,0.000,0.000,0.000,0.405,
2025-10-18 15:00:00,Saturday,15,0.029,0.440,0.000,0.000,0.000,0.000,0.469,
2025-10-18 16:00:00,Saturday,16,0.022,0.406,0.000,0.000,0.000,0.000,0.428,
2025-10-18 17:00:00,Saturday,17,0.031,0.412,0.000,0.438,0.053,0.000,0.934,
2025-10-18 18:00:00,Saturday,18,0.031,0.422,0.102,0.000,0.048,0.000,0.603,
2025-10-18 19:00:00,Saturday,19,0.027,0.535,0.106,0.000,0.042,0.000,0.710,
2025-10-18 20:00:00,Saturday,20,0.031,0.606,0.076,0.000,0.053,0.000,0.766,
2025-10-18 21:00:00,Saturday,21,0.036,0.593,0.096,0.000,0.058,0.000,0.783,
2025-10-18 22:00:00,Saturday,22,0.031,0.531,0.092,0.000,0.049,0.000,0.703,
2025-10-18 23:00:00,Saturday,23,0.046,0.597,0.000,0.000,0.000,0.000,0.643,
2025-10-19 00:00:00,Sunday,0,0.027,0.641,0.000,0.000,0.000,0.000,0.668,
2025-10-19 01:00:00,Sunday,1,0.027,0.524,0.000,0.000,0.000,0.000,0.551,
2025-10-19 02:00:00,Sunday,2,0.021,0.576,0.000,0.000,0.000,0.000,0.597,
2025-10-19 03:00:00,Sunday,3,0.032,0.543,0.000,0.000,0.000,0.000,0.575,
2025-10-19 04:00:00,Sunday,4,0.041,0.540,0.000,0.000,0.000,0.000,0.581,
2025-10-19 05:00:00,Sunday,5,0.034,0.487,0.000,0.000,0.000,0.000,0.521,
2025-10-19 06:00:00,Sunday,6,0.036,0.685,0.086,0.000,0.040,0.000,0.847,
2025-10-19 07:00:00,Sunday,7,0.026,0.510,0.000,0.000,0.034,0.000,0.570,
2025-10-19 08:00:00,Sunday,8,0.030,0.718,0.000,0.000,0.050,0.000,0.798,
2025-10-19 09:00:00,Sunday,9,0.034,0.530,0.000,0.000,0.000,0.000,0.564,
2025-10-19 10:00:00,Sunday,10,0.023,0.425,0.000,0.000,0.000,0.000,0.448,
2025-10-19 11:00:00,Sunday,11,0.024,0.472,0.000,0.000,0.000,0.000,0.496,
2025-10-19 12:00:00,Sunday,12,0.033,0.435,0.000,0.000,0.000,0.000,0.468,
2025-10-19 13:00:00,Sunday,13,0.036,0.427,0.000,0.000,0.000,0.000,0.463,
2025-10-19 14:00:00,Sunday,14,0.027,0.444,0.000,0.000,0.000,0.468,0.939,zmywarka
2025-10-19 15:00:00,Sunday,15,0.029,0.360,0.000,0.000,0.000,0.000,0.389,
2025-10-19 16:00:00,Sunday,16,0.022,0.458,0.000,0.000,0.000,0.000,0.480,
2025-10-19 17:00:00,Sunday,17,0.023,0.491,0.000,0.000,0.055,0.000,0.569,
2025-10-19 18:00:00,Sunday,18,0.033,0.474,0.087,0.358,0.054,0.000,1.006,
2025-10-19 19:00:00,Sunday,19,0.030,0.497,0.048,0.000,0.068,0.000,0.643,
2025-10-19 20:00:00,Sunday,20,0.025,0.412,0.062,0.000,0.053,0.000,0.552,
2025-10-19 21:00:00,Sunday,21,0.021,0.369,0.084,0.000,0.039,0.000,0.513,
2025-10-19 22:00:00,Sunday,22,0.024,0.378,0.077,0.000,0.056,0.000,0.535,
2025-10-19 23:00:00,Sunday,23,0.040,0.316,0.000,0.000,0.000,0.000,0.356,
2025-10-20 00:00:00,Monday,0,0.031,0.325,0.000,0.000,0.000,0.000,0.356,
2025-10-20 01:00:00,Monday,1,0.042,0.321,0.000,0.000,0.000,0.000,0.363,
2025-10-20 02:00:00,Monday,2,0.023,0.380,0.000,0.000,0.000,0.000,0.403,
2025-10-20 03:00:00,Monday,3,0.032,0.357,0.000,0.000,0.000,0.000,0.389,
2025-10-20 04:00:00,Monday,4,0.020,0.346,0.000,0.000,0.000,0.000,0.366,
2025-10-20 05:00:00,Monday,5,0.034,0.382,0.000,0.000,0.000,0.000,0.416,
2025-10-20 06:00:00,Monday,6,0.029,0.438,0.047,0.000,0.043,0.000,0.557,
2025-10-20 07:00:00,Monday,7,0.023,0.432,0.053,0.000,0.048,0.000,0.556,
2025-10-20 08:00:00,Monday,8,0.034,0.444,0.000,0.000,0.044,0.000,0.522,
2025-10-20 09:00:00,Monday,9,0.027,0.358,0.000,0.000,0.000,0.000,0.385,
2025-10-20 10:00:00,Monday,10,0.020,0.383,0.000,0.000,0.000,0.000,0.403,
2025-10-20 11:00:00,Monday,11,0.030,0.355,0.000,0.000,0.000,0.000,0.385,
2025-10-20 12:00:00,Monday,12,0.032,0.354,0.000,0.000,0.000,0.000,0.386,
2025-10-20 13:00:00,Monday,13,0.028,0.382,0.000,0.000,0.000,0.000,0.410,
2025-10-20 14:00:00,Monday,14,0.027,0.369,0.000,0.000,0.000,0.000,0.396,
2025-10-20 15:00:00,Monday,15,0.033,0.304,0.000,0.000,0.000,0.000,0.337,
2025-10-20 16:00:00,Monday,16,0.023,0.381,0.000,0.000,0.000,0.000,0.404,
2025-10-20 17:00:00,Monday,17,0.025,0.305,0.000,0.000,0.044,0.000,0.374,
2025-10-20 18:00:00,Monday,18,0.034,0.379,0.094,0.330,0.046,0.000,0.883,
2025-10-20 19:00:00,Monday,19,0.030,0.309,0.082,0.000,0.049,0.369,0.839,zmywarka
2025-10-20 20:00:00,Monday,20,0.030,0.297,0.096,0.000,0.032,0.000,0.455,
2025-10-20 21:00:00,Monday,21,0.029,0.320,0.052,0.000,0.060,0.000,0.461,
2025-10-20 22:00:00,Monday,22,0.030,0.293,0.099,0.000,0.056,0.000,0.478,
2025-10-20 23:00:00,Monday,23,0.044,0.302,0.000,0.000,0.000,0.000,0.346,
2025-10-21 00:00:00,Tuesday,0,0.022,0.293,0.000,0.000,0.000,0.000,0.315,
2025-10-21 01:00:00,Tuesday,1,0.021,0.244,0.000,0.000,0.000,0.000,0.265,
2025-10-21 02:00:00,Tuesday,2,0.038,0.232,0.000,0.000,0.000,0.000,0.270,
2025-10-21 03:00:00,Tuesday,3,0.035,0.234,0.000,0.000,0.000,0.000,0.269,
2025-10-21 04:00:00,Tuesday,4,0.022,0.261,0.000,0.000,0.000,0.000,0.283,
2025-10-21 05:00:00,Tuesday,5,0.022,0.278,0.000,0.000,0.000,0.000,0.300,
2025-10-21 06:00:00,Tuesday,6,0.032,0.331,0.061,0.000,0.067,0.000,0.491,
2025-10-21 07:00:00,Tuesday,7,0.025,0.310,0.081,0.000,0.063,0.000,0.479,
2025-10-21 08:00:00,Tuesday,8,0.021,0.305,0.000,0.000,0.056,0.000,0.382,
2025-10-21 09:00:00,Tuesday,9,0.035,0.316,0.000,0.000,0.000,0.000,0.351,
2025-10-21 10:00:00,Tuesday,10,0.022,0.275,0.000,0.000,0.000,0.000,0.297,
2025-10-21 11:00:00,Tuesday,11,0.031,0.329,0.000,0.000,0.000,0.000,0.360,
2025-10-21 12:00:00,Tuesday,12,0.020,0.294,0.000,0.000,0.000,0.000,0.314,
2025-10-21 13:00:00,Tuesday,13,0.028,0.272,0.000,0.000,0.000,0.000,0.300,
2025-10-21 14:00:00,Tuesday,14,0.024,0.328,0.000,0.000,0.000,0.340,0.692,pralka
2025-10-21 15:00:00,Tuesday,15,0.020,0.346,0.000,0.000,0.000,0.963,1.329,suszarka
2025-10-21 16:00:00,Tuesday,16,0.032,0.284,0.000,0.000,0.000,0.000,0.316,
2025-10-21 17:00:00,Tuesday,17,0.034,0.278,0.000,0.000,0.069,0.000,0.381,
2025-10-21 18:00:00,Tuesday,18,0.020,0.298,0.110,0.600,0.065,0.000,1.093,
2025-10-21 19:00:00,Tuesday,19,0.027,0.241,0.074,0.000,0.052,0.000,0.394,
2025-10-21 20:00:00,Tuesday,20,0.026,0.232,0.063,0.000,0.069,0.416,0.806,zmywarka
2025-10-21 21:00:00,Tuesday,21,0.027,0.236,0.078,0.000,0.061,0.000,0.402,
2025-10-21 22:00:00,Tuesday,22,0.026,0.233,0.109,0.000,0.047,0.000,0.415,
2025-10-21 23:00:00,Tuesday,23,0.038,0.233,0.000,0.000,0.000,0.000,0.271,
2025-10-22 00:00:00,Wednesday,0,0.023,0.147,0.000,0.000,0.000,0.000,0.170,wyjazd / nieobecność
2025-10-22 01:00:00,Wednesday,1,0.032,0.152,0.000,0.000,0.000,0.000,0.184,wyjazd / nieobecność
2025-10-22 02:00:00,Wednesday,2,0.028,0.135,0.000,0.000,0.000,0.000,0.163,wyjazd / nieobecność
2025-10-22 03:00:00,Wednesday,3,0.032,0.156,0.000,0.000,0.000,0.000,0.188,wyjazd / nieobecność
2025-10-22 04:00:00,Wednesday,4,0.023,0.180,0.000,0.000,0.000,0.000,0.203,wyjazd / nieobecność
2025-10-22 05:00:00,Wednesday,5,0.021,0.128,0.000,0.000,0.000,0.000,0.149,wyjazd / nieobecność
2025-10-22 06:00:00,Wednesday,6,0.034,0.137,0.000,0.000,0.000,0.000,0.171,wyjazd / nieobecność
2025-10-22 07:00:00,Wednesday,7,0.028,0.151,0.000,0.000,0.000,0.000,0.179,wyjazd / nieobecność
2025-10-22 08:00:00,Wednesday,8,0.026,0.172,0.000,0.000,0.000,0.000,0.198,wyjazd / nieobecność
2025-10-22 09:00:00,Wednesday,9,0.027,0.176,0.000,0.000,0.000,0.000,0.203,wyjazd / nieobecność
2025-10-22 10:00:00,Wednesday,10,0.032,0.148,0.000,0.000,0.000,0.000,0.180,wyjazd / nieobecność
2025-10-22 11:00:00,Wednesday,11,0.021,0.138,0.000,0.000,0.000,0.000,0.159,wyjazd / nieobecność
2025-10-22 12:00:00,Wednesday,12,0.028,0.143,0.000,0.000,0.000,0.000,0.171,wyjazd / nieobecność
2025-10-22 13:00:00,Wednesday,13,0.031,0.141,0.000,0.000,0.000,0.000,0.172,wyjazd / nieobecność
2025-10-22 14:00:00,Wednesday,14,0.024,0.120,0.000,0.000,0.000,0.000,0.144,wyjazd / nieobecność
2025-10-22 15:00:00,Wednesday,15,0.035,0.125,0.000,0.000,0.000,0.000,0.160,wyjazd / nieobecność
2025-10-22 16:00:00,Wednesday,16,0.021,0.121,0.000,0.000,0.000,0.000,0.142,wyjazd / nieobecność
2025-10-22 17:00:00,Wednesday,17,0.027,0.146,0.000,0.000,0.000,0.000,0.173,wyjazd / nieobecność
2025-10-22 18:00:00,Wednesday,18,0.021,0.151,0.000,0.000,0.000,0.000,0.172,wyjazd / nieobecność
2025-10-22 19:00:00,Wednesday,19,0.032,0.136,0.000,0.000,0.000,0.000,0.168,wyjazd / nieobecność
2025-10-22 20:00:00,Wednesday,20,0.034,0.142,0.000,0.000,0.000,0.000,0.176,wyjazd / nieobecność
2025-10-22 21:00:00,Wednesday,21,0.020,0.173,0.000,0.000,0.000,0.000,0.193,wyjazd / nieobecność
2025-10-22 22:00:00,Wednesday,22,0.024,0.204,0.000,0.000,0.000,0.000,0.228,wyjazd / nieobecność
2025-10-22 23:00:00,Wednesday,23,0.030,0.224,0.000,0.000,0.000,0.000,0.254,wyjazd / nieobecność
2025-10-23 00:00:00,Thursday,0,0.035,0.298,0.000,0.000,0.000,0.000,0.333,
2025-10-23 01:00:00,Thursday,1,0.041,0.338,0.000,0.000,0.000,0.000,0.379,
2025-10-23 02:00:00,Thursday,2,0.032,0.312,0.000,0.000,0.000,0.000,0.344,
2025-10-23 03:00:00,Thursday,3,0.042,0.353,0.000,0.000,0.000,0.000,0.395,
2025-10-23 04:00:00,Thursday,4,0.025,0.334,0.000,0.000,0.000,0.000,0.359,
2025-10-23 05:00:00,Thursday,5,0.030,0.272,0.000,0.000,0.000,0.000,0.302,
2025-10-23 06:00:00,Thursday,6,0.028,0.358,0.099,0.000,0.038,0.000,0.523,
2025-10-23 07:00:00,Thursday,7,0.028,0.408,0.110,0.000,0.038,0.000,0.584,
2025-10-23 08:00:00,Thursday,8,0.034,0.312,0.000,0.000,0.058,0.000,0.404,
2025-10-23 09:00:00,Thursday,9,0.028,0.365,0.000,0.000,0.000,0.000,0.393,
2025-10-23 10:00:00,Thursday,10,0.036,0.335,0.000,0.000,0.000,0.000,0.371,
2025-10-23 11:00:00,Thursday,11,0.032,0.316,0.000,0.000,0.000,0.000,0.348,
2025-10-23 12:00:00,Thursday,12,0.034,0.266,0.000,0.000,0.000,0.000,0.300,
2025-10-23 13:00:00,Thursday,13,0.034,0.291,0.000,0.000,0.000,0.000,0.325,
2025-10-23 14:00:00,Thursday,14,0.032,0.252,0.000,0.000,0.000,0.000,0.284,
2025-10-23 15:00:00,Thursday,15,0.028,0.304,0.000,0.000,0.000,0.000,0.332,
2025-10-23 16:00:00,Thursday,16,0.029,0.283,0.000,0.000,0.000,0.000,0.312,
2025-10-23 17:00:00,Thursday,17,0.036,0.333,0.000,0.000,0.042,0.000,0.411,
2025-10-23 18:00:00,Thursday,18,0.032,0.312,0.081,0.588,0.068,0.000,1.081,
2025-10-23 19:00:00,Thursday,19,0.024,0.238,0.062,0.000,0.034,0.360,0.718,zmywarka
2025-10-23 20:00:00,Thursday,20,0.026,0.232,0.114,0.000,0.068,0.000,0.440,
2025-10-23 21:00:00,Thursday,21,0.031,0.261,0.061,0.000,0.045,0.000,0.398,
2025-10-23 22:00:00,Thursday,22,0.023,0.207,0.058,0.000,0.047,0.000,0.335,
2025-10-23 23:00:00,Thursday,23,0.041,0.196,0.000,0.000,0.000,0.000,0.237,
2025-10-24 00:00:00,Friday,0,0.025,0.183,0.000,0.000,0.000,0.000,0.208,
2025-10-24 01:00:00,Friday,1,0.039,0.231,0.000,0.000,0.000,0.000,0.270,
2025-10-24 02:00:00,Friday,2,0.038,0.189,0.000,0.000,0.000,0.000,0.227,
2025-10-24 03:00:00,Friday,3,0.032,0.205,0.000,0.000,0.000,0.000,0.237,
2025-10-24 04:00:00,Friday,4,0.034,0.212,0.000,0.000,0.000,0.000,0.246,
2025-10-24 05:00:00,Friday,5,0.030,0.264,0.000,0.000,0.000,0.000,0.294,
2025-10-24 06:00:00,Friday,6,0.026,0.304,0.077,0.000,0.061,0.000,0.468,
2025-10-24 07:00:00,Friday,7,0.028,0.323,0.064,0.000,0.051,0.000,0.466,
2025-10-24 08:00:00,Friday,8,0.024,0.351,0.000,0.000,0.035,0.000,0.410,
2025-10-24 09:00:00,Friday,9,0.034,0.293,0.000,0.000,0.091,0.000,0.418,praca zdalna
2025-10-24 10:00:00,Friday,10,0.032,0.333,0.000,0.000,0.089,0.000,0.454,praca zdalna
2025-10-24 11:00:00,Friday,11,0.024,0.352,0.000,0.000,0.129,0.371,0.876,praca zdalna; pralka
2025-10-24 12:00:00,Friday,12,0.036,0.289,0.000,0.000,0.121,0.000,0.446,praca zdalna
2025-10-24 13:00:00,Friday,13,0.030,0.306,0.000,0.000,0.113,0.000,0.449,praca zdalna
2025-10-24 14:00:00,Friday,14,0.024,0.262,0.000,0.000,0.119,0.000,0.405,praca zdalna
2025-10-24 15:00:00,Friday,15,0.020,0.301,0.000,0.000,0.098,0.000,0.419,praca zdalna
2025-10-24 16:00:00,Friday,16,0.026,0.341,0.000,0.000,0.095,0.000,0.462,praca zdalna
2025-10-24 17:00:00,Friday,17,0.032,0.362,0.000,0.485,0.038,0.000,0.917,
2025-10-24 18:00:00,Friday,18,0.028,0.335,0.044,0.000,0.033,0.000,0.440,
2025-10-24 19:00:00,Friday,19,0.024,0.368,0.055,0.000,0.052,0.000,0.499,
2025-10-24 20:00:00,Friday,20,0.033,0.334,0.098,0.000,0.039,0.329,0.833,zmywarka
2025-10-24 21:00:00,Friday,21,0.030,0.402,0.056,0.000,0.054,0.000,0.542,
2025-10-24 22:00:00,Friday,22,0.022,0.296,0.103,0.000,0.064,0.000,0.485,
2025-10-24 23:00:00,Friday,23,0.034,0.360,0.000,0.000,0.000,0.000,0.394,
2025-10-25 00:00:00,Saturday,0,0.027,0.356,0.000,0.000,0.000,0.000,0.383,
2025-10-25 01:00:00,Saturday,1,0.039,0.360,0.000,0.000,0.000,0.000,0.399,
2025-10-25 02:00:00,Saturday,2,0.034,0.347,0.000,0.000,0.000,0.000,0.381,
2025-10-25 03:00:00,Saturday,3,0.022,0.401,0.000,0.000,0.000,0.000,0.423,
2025-10-25 04:00:00,Saturday,4,0.040,0.363,0.000,0.000,0.000,0.000,0.403,
2025-10-25 05:00:00,Saturday,5,0.041,0.390,0.000,0.000,0.000,0.000,0.431,
2025-10-25 06:00:00,Saturday,6,0.032,0.435,0.104,0.000,0.051,0.000,0.622,
2025-10-25 07:00:00,Saturday,7,0.027,0.445,0.000,0.000,0.032,0.000,0.504,
2025-10-25 08:00:00,Saturday,8,0.023,0.454,0.000,0.000,0.037,0.000,0.514,
2025-10-25 09:00:00,Saturday,9,0.029,0.422,0.000,0.000,0.000,0.000,0.451,
2025-10-25 10:00:00,Saturday,10,0.034,0.372,0.000,0.000,0.000,0.000,0.406,
2025-10-25 11:00:00,Saturday,11,0.027,0.420,0.000,0.000,0.000,0.338,0.785,pralka
2025-10-25 12:00:00,Saturday,12,0.031,0.368,0.000,0.000,0.000,0.000,0.399,
2025-10-25 13:00:00,Saturday,13,0.033,0.315,0.000,0.000,0.000,0.000,0.348,
2025-10-25 14:00:00,Saturday,14,0.030,0.377,0.000,0.000,0.000,0.391,0.798,zmywarka
2025-10-25 15:00:00,Saturday,15,0.025,0.408,0.000,0.000,0.000,0.000,0.433,
2025-10-25 16:00:00,Saturday,16,0.026,0.408,0.000,0.000,0.000,0.000,0.434,
2025-10-25 17:00:00,Saturday,17,0.033,0.336,0.000,0.416,0.065,0.000,0.850,
2025-10-25 18:00:00,Saturday,18,0.023,0.372,0.104,0.000,0.049,0.000,0.548,
2025-10-25 19:00:00,Saturday,19,0.022,0.360,0.118,0.000,0.064,0.000,0.564,
2025-10-25 20:00:00,Saturday,20,0.026,0.347,0.046,0.000,0.047,0.000,0.466,
2025-10-25 21:00:00,Saturday,21,0.025,0.401,0.092,0.000,0.035,0.000,0.553,
2025-10-25 22:00:00,Saturday,22,0.030,0.338,0.051,0.000,0.034,0.000,0.453,
2025-10-25 23:00:00,Saturday,23,0.022,0.340,0.000,0.000,0.000,0.000,0.362,
2025-10-26 00:00:00,Sunday,0,0.039,0.326,0.000,0.000,0.000,0.000,0.365,
2025-10-26 01:00:00,Sunday,1,0.038,0.340,0.000,0.000,0.000,0.000,0.378,
2025-10-26 02:00:00,Sunday,2,0.036,0.294,0.000,0.000,0.000,0.000,0.330,
2025-10-26 03:00:00,Sunday,3,0.034,0.326,0.000,0.000,0.000,0.000,0.360,
2025-10-26 04:00:00,Sunday,4,0.025,0.376,0.000,0.000,0.000,0.000,0.401,
2025-10-26 05:00:00,Sunday,5,0.022,0.373,0.000,0.000,0.000,0.000,0.395,
2025-10-26 06:00:00,Sunday,6,0.020,0.401,0.044,0.000,0.043,0.000,0.508,
2025-10-26 07:00:00,Sunday,7,0.034,0.499,0.000,0.000,0.066,0.000,0.599,
2025-10-26 08:00:00,Sunday,8,0.020,0.512,0.000,0.000,0.053,0.000,0.585,
2025-10-26 09:00:00,Sunday,9,0.022,0.436,0.000,0.000,0.000,0.000,0.458,
2025-10-26 10:00:00,Sunday,10,0.035,0.396,0.000,0.000,0.000,0.000,0.431,
2025-10-26 11:00:00,Sunday,11,0.031,0.457,0.000,0.000,0.000,0.000,0.488,
2025-10-26 12:00:00,Sunday,12,0.036,0.462,0.000,0.000,0.000,0.000,0.498,
2025-10-26 13:00:00,Sunday,13,0.034,0.481,0.000,0.000,0.000,0.000,0.515,
2025-10-26 14:00:00,Sunday,14,0.034,0.419,0.000,0.000,0.000,0.000,0.453,
2025-10-26 15:00:00,Sunday,15,0.028,0.494,0.000,0.000,0.000,0.000,0.522,
2025-10-26 16:00:00,Sunday,16,0.033,0.422,0.000,0.000,0.000,0.000,0.455,
2025-10-26 17:00:00,Sunday,17,0.033,0.505,0.000,0.606,0.060,0.000,1.204,
2025-10-26 18:00:00,Sunday,18,0.033,0.482,0.112,0.000,0.060,0.000,0.687,
2025-10-26 19:00:00,Sunday,19,0.022,0.545,0.062,0.000,0.035,0.000,0.664,
2025-10-26 20:00:00,Sunday,20,0.022,0.559,0.108,0.000,0.048,0.000,0.737,
2025-10-26 21:00:00,Sunday,21,0.032,0.483,0.075,0.000,0.032,0.000,0.622,
2025-10-26 22:00:00,Sunday,22,0.033,0.382,0.075,0.000,0.034,0.000,0.524,
2025-10-26 23:00:00,Sunday,23,0.023,0.435,0.000,0.000,0.000,0.000,0.458,
2025-10-27 00:00:00,Monday,0,0.030,0.389,0.000,0.000,0.000,0.000,0.419,
2025-10-27 01:00:00,Monday,1,0.027,0.446,0.000,0.000,0.000,0.000,0.473,
2025-10-27 02:00:00,Monday,2,0.041,0.442,0.000,0.000,0.000,0.000,0.483,
2025-10-27 03:00:00,Monday,3,0.044,0.369,0.000,0.000,0.000,0.000,0.413,
2025-10-27 04:00:00,Monday,4,0.030,0.443,0.000,0.000,0.000,0.000,0.473,
2025-10-27 05:00:00,Monday,5,0.027,0.387,0.000,0.000,0.000,0.000,0.414,
2025-10-27 06:00:00,Monday,6,0.024,0.446,0.068,0.000,0.043,0.000,0.581,
2025-10-27 07:00:00,Monday,7,0.029,0.430,0.090,0.000,0.057,0.000,0.606,
2025-10-27 08:00:00,Monday,8,0.029,0.539,0.000,0.000,0.055,0.000,0.623,
2025-10-27 09:00:00,Monday,9,0.023,0.488,0.000,0.000,0.105,0.000,0.616,praca zdalna
2025-10-27 10:00:00,Monday,10,0.034,0.505,0.000,0.000,0.124,0.000,0.663,praca zdalna
2025-10-27 11:00:00,Monday,11,0.021,0.473,0.000,0.000,0.091,0.000,0.585,praca zdalna
2025-10-27 12:00:00,Monday,12,0.020,0.449,0.000,0.000,0.125,0.000,0.594,praca zdalna
2025-10-27 13:00:00,Monday,13,0.028,0.334,0.000,0.000,0.132,0.000,0.494,praca zdalna
2025-10-27 14:00:00,Monday,14,0.026,0.450,0.000,0.000,0.109,0.360,0.945,praca zdalna; pralka
2025-10-27 15:00:00,Monday,15,0.032,0.448,0.000,0.000,0.098,0.000,0.578,praca zdalna
2025-10-27 16:00:00,Monday,16,0.035,0.418,0.000,0.000,0.117,0.000,0.570,praca zdalna
2025-10-27 17:00:00,Monday,17,0.028,0.427,0.000,0.000,0.031,0.000,0.486,
2025-10-27 18:00:00,Monday,18,0.030,0.485,0.058,0.372,0.063,0.000,1.008,
2025-10-27 19:00:00,Monday,19,0.029,0.400,0.101,0.000,0.069,0.000,0.599,
2025-10-27 20:00:00,Monday,20,0.026,0.498,0.106,0.000,0.033,0.000,0.663,
2025-10-27 21:00:00,Monday,21,0.021,0.510,0.040,0.000,0.054,0.000,0.625,
2025-10-27 22:00:00,Monday,22,0.030,0.460,0.050,0.000,0.059,0.000,0.599,
2025-10-27 23:00:00,Monday,23,0.036,0.370,0.000,0.000,0.000,0.000,0.406,
2025-10-28 00:00:00,Tuesday,0,0.029,0.494,0.000,0.000,0.000,0.000,0.523,
2025-10-28 01:00:00,Tuesday,1,0.031,0.381,0.000,0.000,0.000,0.000,0.412,
2025-10-28 02:00:00,Tuesday,2,0.024,0.361,0.000,0.000,0.000,0.000,0.385,
2025-10-28 03:00:00,Tuesday,3,0.036,0.357,0.000,0.000,0.000,0.000,0.393,
2025-10-28 04:00:00,Tuesday,4,0.030,0.436,0.000,0.000,0.000,0.000,0.466,
2025-10-28 05:00:00,Tuesday,5,0.042,0.393,0.000,0.000,0.000,0.000,0.435,
2025-10-28 06:00:00,Tuesday,6,0.022,0.490,0.066,0.000,0.042,0.000,0.620,
2025-10-28 07:00:00,Tuesday,7,0.029,0.462,0.077,0.000,0.031,0.000,0.599,
2025-10-28 08:00:00,Tuesday,8,0.024,0.484,0.000,0.000,0.034,0.000,0.542,
2025-10-28 09:00:00,Tuesday,9,0.021,0.518,0.000,0.000,0.000,0.000,0.539,
2025-10-28 10:00:00,Tuesday,10,0.020,0.398,0.000,0.000,0.000,0.391,0.809,pralka
2025-10-28 11:00:00,Tuesday,11,0.026,0.400,0.000,0.000,0.000,0.879,1.305,suszarka
2025-10-28 12:00:00,Tuesday,12,0.034,0.460,0.000,0.000,0.000,0.000,0.494,
2025-10-28 13:00:00,Tuesday,13,0.029,0.427,0.000,0.000,0.000,0.000,0.456,
2025-10-28 14:00:00,Tuesday,14,0.026,0.386,0.000,0.000,0.000,0.000,0.412,
2025-10-28 15:00:00,Tuesday,15,0.029,0.447,0.000,0.000,0.000,0.000,0.476,
2025-10-28 16:00:00,Tuesday,16,0.033,0.514,0.000,0.000,0.000,0.000,0.547,
2025-10-28 17:00:00,Tuesday,17,0.020,0.530,0.000,0.000,0.049,0.000,0.599,
2025-10-28 18:00:00,Tuesday,18,0.031,0.448,0.069,0.438,0.032,0.000,1.018,
2025-10-28 19:00:00,Tuesday,19,0.024,0.465,0.064,0.000,0.049,0.411,1.013,zmywarka
2025-10-28 20:00:00,Tuesday,20,0.032,0.452,0.074,0.000,0.046,0.000,0.604,
2025-10-28 21:00:00,Tuesday,21,0.032,0.556,0.057,0.000,0.055,0.000,0.700,
2025-10-28 22:00:00,Tuesday,22,0.025,0.401,0.072,0.000,0.038,0.000,0.536,
2025-10-28 23:00:00,Tuesday,23,0.030,0.438,0.000,0.000,0.000,0.000,0.468,
2025-10-29 00:00:00,Wednesday,0,0.028,0.352,0.000,0.000,0.000,0.000,0.380,wyjazd / nieobecność
2025-10-29 01:00:00,Wednesday,1,0.035,0.331,0.000,0.000,0.000,0.000,0.366,wyjazd / nieobecność
2025-10-29 02:00:00,Wednesday,2,0.032,0.340,0.000,0.000,0.000,0.000,0.372,wyjazd / nieobecność
2025-10-29 03:00:00,Wednesday,3,0.022,0.261,0.000,0.000,0.000,0.000,0.283,wyjazd / nieobecność
2025-10-29 04:00:00,Wednesday,4,0.031,0.298,0.000,0.000,0.000,0.000,0.329,wyjazd / nieobecność
2025-10-29 05:00:00,Wednesday,5,0.022,0.262,0.000,0.000,0.000,0.000,0.284,wyjazd / nieobecność
2025-10-29 06:00:00,Wednesday,6,0.022,0.244,0.000,0.000,0.000,0.000,0.266,wyjazd / nieobecność
2025-10-29 07:00:00,Wednesday,7,0.026,0.288,0.000,0.000,0.000,0.000,0.314,wyjazd / nieobecność
2025-10-29 08:00:00,Wednesday,8,0.030,0.262,0.000,0.000,0.000,0.000,0.292,wyjazd / nieobecność
2025-10-29 09:00:00,Wednesday,9,0.033,0.251,0.000,0.000,0.000,0.000,0.284,wyjazd / nieobecność
2025-10-29 10:00:00,Wednesday,10,0.035,0.223,0.000,0.000,0.000,0.000,0.258,wyjazd / nieobecność
2025-10-29 11:00:00,Wednesday,11,0.032,0.201,0.000,0.000,0.000,0.000,0.233,wyjazd / nieobecność
2025-10-29 12:00:00,Wednesday,12,0.028,0.168,0.000,0.000,0.000,0.000,0.196,wyjazd / nieobecność
2025-10-29 13:00:00,Wednesday,13,0.027,0.174,0.000,0.000,0.000,0.000,0.201,wyjazd / nieobecność
2025-10-29 14:00:00,Wednesday,14,0.032,0.214,0.000,0.000,0.000,0.000,0.246,wyjazd / nieobecność
2025-10-29 15:00:00,Wednesday,15,0.023,0.178,0.000,0.000,0.000,0.000,0.201,wyjazd / nieobecność
2025-10-29 16:00:00,Wednesday,16,0.031,0.176,0.000,0.000,0.000,0.000,0.207,wyjazd / nieobecność
2025-10-29 17:00:00,Wednesday,17,0.020,0.182,0.000,0.000,0.000,0.000,0.202,wyjazd / nieobecność
2025-10-29 18:00:00,Wednesday,18,0.026,0.178,0.000,0.000,0.000,0.000,0.204,wyjazd / nieobecność
2025-10-29 19:00:00,Wednesday,19,0.025,0.230,0.000,0.000,0.000,0.000,0.255,wyjazd / nieobecność
2025-10-29 20:00:00,Wednesday,20,0.030,0.201,0.000,0.000,0.000,0.000,0.231,wyjazd / nieobecność
2025-10-29 21:00:00,Wednesday,21,0.030,0.203,0.000,0.000,0.000,0.000,0.233,wyjazd / nieobecność
2025-10-29 22:00:00,Wednesday,22,0.033,0.189,0.000,0.000,0.000,0.000,0.222,wyjazd / nieobecność
2025-10-29 23:00:00,Wednesday,23,0.022,0.163,0.000,0.000,0.000,0.000,0.185,wyjazd / nieobecność
2025-10-30 00:00:00,Thursday,0,0.022,0.287,0.000,0.000,0.000,0.000,0.309,
2025-10-30 01:00:00,Thursday,1,0.041,0.234,0.000,0.000,0.000,0.000,0.275,
2025-10-30 02:00:00,Thursday,2,0.040,0.260,0.000,0.000,0.000,0.000,0.300,
2025-10-30 03:00:00,Thursday,3,0.034,0.254,0.000,0.000,0.000,0.000,0.288,
2025-10-30 04:00:00,Thursday,4,0.038,0.317,0.000,0.000,0.000,0.000,0.355,
2025-10-30 05:00:00,Thursday,5,0.030,0.331,0.000,0.000,0.000,0.000,0.361,
2025-10-30 06:00:00,Thursday,6,0.028,0.348,0.059,0.000,0.046,0.000,0.481,
2025-10-30 07:00:00,Thursday,7,0.027,0.341,0.114,0.000,0.058,0.000,0.540,
2025-10-30 08:00:00,Thursday,8,0.022,0.365,0.000,0.000,0.045,0.000,0.432,
2025-10-30 09:00:00,Thursday,9,0.030,0.330,0.000,0.000,0.123,0.000,0.483,praca zdalna
2025-10-30 10:00:00,Thursday,10,0.030,0.415,0.000,0.000,0.111,0.000,0.556,praca zdalna
2025-10-30 11:00:00,Thursday,11,0.036,0.326,0.000,0.000,0.115,0.000,0.477,praca zdalna
2025-10-30 12:00:00,Thursday,12,0.024,0.336,0.000,0.000,0.142,0.000,0.502,praca zdalna
2025-10-30 13:00:00,Thursday,13,0.024,0.442,0.000,0.000,0.113,0.000,0.579,praca zdalna
2025-10-30 14:00:00,Thursday,14,0.022,0.385,0.000,0.000,0.133,0.000,0.540,praca zdalna
2025-10-30 15:00:00,Thursday,15,0.033,0.346,0.000,0.000,0.076,0.000,0.455,praca zdalna
2025-10-30 16:00:00,Thursday,16,0.026,0.364,0.000,0.000,0.138,0.000,0.528,praca zdalna
2025-10-30 17:00:00,Thursday,17,0.031,0.431,0.000,0.000,0.043,0.000,0.505,
2025-10-30 18:00:00,Thursday,18,0.035,0.430,0.062,0.290,0.037,0.000,0.854,
2025-10-30 19:00:00,Thursday,19,0.030,0.444,0.074,0.000,0.061,0.000,0.609,
2025-10-30 20:00:00,Thursday,20,0.033,0.386,0.071,0.000,0.043,0.000,0.533,
2025-10-30 21:00:00,Thursday,21,0.024,0.400,0.045,0.000,0.058,0.000,0.527,
2025-10-30 22:00:00,Thursday,22,0.031,0.354,0.064,0.000,0.048,0.000,0.497,
2025-10-30 23:00:00,Thursday,23,0.030,0.409,0.000,0.000,0.000,0.000,0.439,
2025-10-31 00:00:00,Friday,0,0.021,0.446,0.000,0.000,0.000,0.000,0.467,
2025-10-31 01:00:00,Friday,1,0.027,0.489,0.000,0.000,0.000,0.000,0.516,
2025-10-31 02:00:00,Friday,2,0.026,0.478,0.000,0.000,0.000,0.000,0.504,
2025-10-31 03:00:00,Friday,3,0.040,0.456,0.000,0.000,0.000,0.000,0.496,
2025-10-31 04:00:00,Friday,4,0.027,0.426,0.000,0.000,0.000,0.000,0.453,
2025-10-31 05:00:00,Friday,5,0.026,0.458,0.000,0.000,0.000,0.000,0.484,
2025-10-31 06:00:00,Friday,6,0.030,0.594,0.073,0.000,0.033,0.000,0.730,goście
2025-10-31 07:00:00,Friday,7,0.027,0.555,0.000,0.000,0.067,0.000,0.649,goście
2025-10-31 08:00:00,Friday,8,0.022,0.633,0.000,0.000,0.063,0.000,0.718,goście
2025-10-31 09:00:00,Friday,9,0.027,0.485,0.000,0.000,0.077,0.000,0.589,goście; praca zdalna
2025-10-31 10:00:00,Friday,10,0.022,0.492,0.000,0.000,0.097,0.000,0.611,goście; praca zdalna
2025-10-31 11:00:00,Friday,11,0.021,0.426,0.000,0.000,0.114,0.000,0.561,goście; praca zdalna
2025-10-31 12:00:00,Friday,12,0.030,0.440,0.000,0.000,0.106,0.000,0.576,goście; praca zdalna
2025-10-31 13:00:00,Friday,13,0.032,0.361,0.000,0.000,0.096,0.000,0.489,goście; praca zdalna
2025-10-31 14:00:00,Friday,14,0.024,0.340,0.000,0.000,0.132,0.000,0.496,goście; praca zdalna
2025-10-31 15:00:00,Friday,15,0.032,0.392,0.000,0.000,0.078,0.000,0.502,goście; praca zdalna
2025-10-31 16:00:00,Friday,16,0.035,0.316,0.000,0.000,0.122,0.000,0.473,goście; praca zdalna
2025-10-31 17:00:00,Friday,17,0.023,0.422,0.000,0.578,0.041,0.000,1.064,goście
2025-10-31 18:00:00,Friday,18,0.026,0.365,0.092,0.000,0.065,0.000,0.548,goście
2025-10-31 19:00:00,Friday,19,0.032,0.333,0.062,0.000,0.056,0.000,0.483,goście
2025-10-31 20:00:00,Friday,20,0.021,0.433,0.070,0.000,0.037,0.439,1.000,goście; zmywarka
2025-10-31 21:00:00,Friday,21,0.032,0.380,0.068,0.000,0.061,0.000,0.541,goście
2025-10-31 22:00:00,Friday,22,0.036,0.326,0.112,0.000,0.065,0.000,0.539,goście
2025-10-31 23:00:00,Friday,23,0.023,0.294,0.000,0.000,0.000,0.000,0.317,
2025-11-01 00:00:00,Saturday,0,0.040,0.329,0.000,0.000,0.000,0.000,0.369,
2025-11-01 01:00:00,Saturday,1,0.026,0.336,0.000,0.000,0.000,0.000,0.362,
2025-11-01 02:00:00,Saturday,2,0.031,0.362,0.000,0.000,0.000,0.000,0.393,
2025-11-01 03:00:00,Saturday,3,0.034,0.340,0.000,0.000,0.000,0.000,0.374,
2025-11-01 04:00:00,Saturday,4,0.038,0.322,0.000,0.000,0.000,0.000,0.360,
2025-11-01 05:00:00,Saturday,5,0.039,0.291,0.000,0.000,0.000,0.000,0.330,
2025-11-01 06:00:00,Saturday,6,0.033,0.438,0.086,0.000,0.043,0.000,0.600,
2025-11-01 07:00:00,Saturday,7,0.024,0.421,0.082,0.000,0.042,0.000,0.569,
2025-11-01 08:00:00,Saturday,8,0.026,0.414,0.000,0.000,0.041,0.000,0.481,
2025-11-01 09:00:00,Saturday,9,0.034,0.337,0.000,0.000,0.000,0.000,0.371,
2025-11-01 10:00:00,Saturday,10,0.030,0.414,0.000,0.000,0.000,0.000,0.444,
2025-11-01 11:00:00,Saturday,11,0.029,0.373,0.000,0.000,0.000,0.354,0.756,pralka
2025-11-01 12:00:00,Saturday,12,0.023,0.315,0.000,0.000,0.000,0.000,0.338,
2025-11-01 13:00:00,Saturday,13,0.030,0.360,0.000,0.000,0.000,0.426,0.816,zmywarka
2025-11-01 14:00:00,Saturday,14,0.021,0.395,0.000,0.000,0.000,0.000,0.416,
2025-11-01 15:00:00,Saturday,15,0.021,0.346,0.000,0.000,0.000,0.000,0.367,
2025-11-01 16:00:00,Saturday,16,0.036,0.385,0.000,0.000,0.000,0.000,0.421,
2025-11-01 17:00:00,Saturday,17,0.029,0.299,0.086,0.390,0.043,0.000,0.847,
2025-11-01 18:00:00,Saturday,18,0.028,0.303,0.076,0.000,0.032,0.000,0.439,
2025-11-01 19:00:00,Saturday,19,0.025,0.307,0.100,0.000,0.049,0.000,0.481,
2025-11-01 20:00:00,Saturday,20,0.034,0.320,0.050,0.000,0.048,0.000,0.452,
2025-11-01 21:00:00,Saturday,21,0.032,0.298,0.076,0.000,0.068,0.000,0.474,
2025-11-01 22:00:00,Saturday,22,0.029,0.236,0.112,0.000,0.054,0.000,0.431,
2025-11-01 23:00:00,Saturday,23,0.031,0.260,0.000,0.000,0.000,0.000,0.291,
2025-11-02 00:00:00,Sunday,0,0.023,0.244,0.000,0.000,0.000,0.000,0.267,
2025-11-02 01:00:00,Sunday,1,0.023,0.332,0.000,0.000,0.000,0.000,0.355,
2025-11-02 02:00:00,Sunday,2,0.028,0.328,0.000,0.000,0.000,0.000,0.356,
2025-11-02 03:00:00,Sunday,3,0.030,0.304,0.000,0.000,0.000,0.000,0.334,
2025-11-02 04:00:00,Sunday,4,0.027,0.268,0.000,0.000,0.000,0.000,0.295,
2025-11-02 05:00:00,Sunday,5,0.026,0.316,0.000,0.000,0.000,0.000,0.342,
2025-11-02 06:00:00,Sunday,6,0.030,0.329,0.073,0.000,0.039,0.000,0.471,
2025-11-02 07:00:00,Sunday,7,0.021,0.351,0.062,0.000,0.059,0.000,0.493,
2025-11-02 08:00:00,Sunday,8,0.035,0.372,0.000,0.000,0.061,0.000,0.468,
2025-11-02 09:00:00,Sunday,9,0.029,0.398,0.000,0.000,0.000,0.000,0.427,
2025-11-02 10:00:00,Sunday,10,0.031,0.395,0.000,0.000,0.000,0.000,0.426,
2025-11-02 11:00:00,Sunday,11,0.025,0.382,0.000,0.000,0.000,0.000,0.407,
2025-11-02 12:00:00,Sunday,12,0.032,0.326,0.000,0.000,0.000,0.000,0.358,
2025-11-02 13:00:00,Sunday,13,0.023,0.284,0.000,0.000,0.000,0.000,0.307,
2025-11-02 14:00:00,Sunday,14,0.034,0.338,0.000,0.000,0.000,0.442,0.814,zmywarka
2025-11-02 15:00:00,Sunday,15,0.034,0.339,0.000,0.000,0.000,0.000,0.373,
2025-11-02 16:00:00,Sunday,16,0.020,0.356,0.000,0.000,0.000,0.000,0.376,
2025-11-02 17:00:00,Sunday,17,0.026,0.350,0.094,0.453,0.047,0.000,0.970,
2025-11-02 18:00:00,Sunday,18,0.021,0.324,0.084,0.000,0.059,0.000,0.488,
2025-11-02 19:00:00,Sunday,19,0.024,0.346,0.112,0.000,0.064,0.000,0.546,
2025-11-02 20:00:00,Sunday,20,0.034,0.351,0.050,0.000,0.066,0.000,0.501,
2025-11-02 21:00:00,Sunday,21,0.026,0.402,0.108,0.000,0.033,0.000,0.569,
2025-11-02 22:00:00,Sunday,22,0.032,0.336,0.042,0.000,0.032,0.000,0.442,
2025-11-02 23:00:00,Sunday,23,0.032,0.413,0.000,0.000,0.000,0.000,0.445,
2025-11-03 00:00:00,Monday,0,0.034,0.337,0.000,0.000,0.000,0.000,0.371,
2025-11-03 01:00:00,Monday,1,0.029,0.411,0.000,0.000,0.000,0.000,0.440,
2025-11-03 02:00:00,Monday,2,0.020,0.401,0.000,0.000,0.000,0.000,0.421,
2025-11-03 03:00:00,Monday,3,0.027,0.421,0.000,0.000,0.000,0.000,0.448,
2025-11-03 04:00:00,Monday,4,0.034,0.369,0.000,0.000,0.000,0.000,0.403,
2025-11-03 05:00:00,Monday,5,0.034,0.438,0.000,0.000,0.000,0.000,0.472,
2025-11-03 06:00:00,Monday,6,0.020,0.432,0.048,0.000,0.062,0.000,0.562,
2025-11-03 07:00:00,Monday,7,0.035,0.526,0.084,0.000,0.048,0.000,0.693,
2025-11-03 08:00:00,Monday,8,0.023,0.453,0.000,0.000,0.054,0.000,0.530,
2025-11-03 09:00:00,Monday,9,0.029,0.433,0.000,0.000,0.071,0.000,0.533,praca zdalna
2025-11-03 10:00:00,Monday,10,0.033,0.472,0.000,0.000,0.102,0.000,0.607,praca zdalna
2025-11-03 11:00:00,Monday,11,0.031,0.349,0.000,0.000,0.102,0.000,0.482,praca zdalna
2025-11-03 12:00:00,Monday,12,0.032,0.373,0.000,0.000,0.129,0.000,0.534,praca zdalna
2025-11-03 13:00:00,Monday,13,0.020,0.360,0.000,0.000,0.087,0.000,0.467,praca zdalna
2025-11-03 14:00:00,Monday,14,0.028,0.290,0.000,0.000,0.117,0.000,0.435,praca zdalna
2025-11-03 15:00:00,Monday,15,0.035,0.312,0.000,0.000,0.119,0.000,0.466,praca zdalna
2025-11-03 16:00:00,Monday,16,0.030,0.311,0.071,0.000,0.130,0.000,0.542,praca zdalna
2025-11-03 17:00:00,Monday,17,0.022,0.370,0.060,0.000,0.038,0.000,0.490,
2025-11-03 18:00:00,Monday,18,0.030,0.391,0.064,0.401,0.042,0.000,0.928,
2025-11-03 19:00:00,Monday,19,0.023,0.348,0.093,0.000,0.050,0.000,0.514,
2025-11-03 20:00:00,Monday,20,0.029,0.371,0.055,0.000,0.034,0.356,0.845,zmywarka
2025-11-03 21:00:00,Monday,21,0.032,0.410,0.044,0.000,0.056,0.000,0.542,
2025-11-03 22:00:00,Monday,22,0.023,0.336,0.112,0.000,0.031,0.000,0.502,
2025-11-03 23:00:00,Monday,23,0.031,0.266,0.000,0.000,0.000,0.000,0.297,
2025-11-04 00:00:00,Tuesday,0,0.034,0.295,0.000,0.000,0.000,0.000,0.329,
2025-11-04 01:00:00,Tuesday,1,0.028,0.318,0.000,0.000,0.000,0.000,0.346,
2025-11-04 02:00:00,Tuesday,2,0.024,0.240,0.000,0.000,0.000,0.000,0.264,
2025-11-04 03:00:00,Tuesday,3,0.031,0.257,0.000,0.000,0.000,0.000,0.288,
2025-11-04 04:00:00,Tuesday,4,0.023,0.225,0.000,0.000,0.000,0.000,0.248,
2025-11-04 05:00:00,Tuesday,5,0.025,0.266,0.000,0.000,0.000,0.000,0.291,
2025-11-04 06:00:00,Tuesday,6,0.032,0.270,0.053,0.000,0.042,0.000,0.397,
2025-11-04 07:00:00,Tuesday,7,0.033,0.329,0.102,0.000,0.068,0.000,0.532,
2025-11-04 08:00:00,Tuesday,8,0.035,0.270,0.000,0.000,0.060,0.000,0.365,
2025-11-04 09:00:00,Tuesday,9,0.023,0.274,0.000,0.000,0.131,0.000,0.428,praca zdalna
2025-11-04 10:00:00,Tuesday,10,0.028,0.260,0.000,0.000,0.115,0.000,0.403,praca zdalna
2025-11-04 11:00:00,Tuesday,11,0.024,0.238,0.000,0.000,0.100,0.397,0.759,praca zdalna; pralka
2025-11-04 12:00:00,Tuesday,12,0.035,0.280,0.000,0.000,0.090,0.955,1.360,praca zdalna; suszarka
2025-11-04 13:00:00,Tuesday,13,0.034,0.246,0.000,0.000,0.108,0.000,0.388,praca zdalna
2025-11-04 14:00:00,Tuesday,14,0.028,0.239,0.000,0.000,0.106,0.000,0.373,praca zdalna
2025-11-04 15:00:00,Tuesday,15,0.023,0.270,0.000,0.000,0.109,0.000,0.402,praca zdalna
2025-11-04 16:00:00,Tuesday,16,0.027,0.288,0.099,0.000,0.124,0.000,0.538,praca zdalna
2025-11-04 17:00:00,Tuesday,17,0.035,0.248,0.082,0.000,0.065,0.000,0.430,
2025-11-04 18:00:00,Tuesday,18,0.032,0.288,0.050,0.429,0.053,0.000,0.852,
2025-11-04 19:00:00,Tuesday,19,0.027,0.310,0.056,0.000,0.031,0.330,0.754,zmywarka
2025-11-04 20:00:00,Tuesday,20,0.027,0.248,0.078,0.000,0.058,0.000,0.411,
2025-11-04 21:00:00,Tuesday,21,0.035,0.304,0.090,0.000,0.062,0.000,0.491,
2025-11-04 22:00:00,Tuesday,22,0.024,0.214,0.090,0.000,0.055,0.000,0.383,
2025-11-04 23:00:00,Tuesday,23,0.025,0.284,0.000,0.000,0.000,0.000,0.309,
2025-11-05 00:00:00,Wednesday,0,0.034,0.263,0.000,0.000,0.000,0.000,0.297,
2025-11-05 01:00:00,Wednesday,1,0.032,0.257,0.000,0.000,0.000,0.000,0.289,
2025-11-05 02:00:00,Wednesday,2,0.033,0.292,0.000,0.000,0.000,0.000,0.325,
2025-11-05 03:00:00,Wednesday,3,0.024,0.229,0.000,0.000,0.000,0.000,0.253,
2025-11-05 04:00:00,Wednesday,4,0.026,0.235,0.000,0.000,0.000,0.000,0.261,
2025-11-05 05:00:00,Wednesday,5,0.032,0.292,0.000,0.000,0.000,0.000,0.324,
2025-11-05 06:00:00,Wednesday,6,0.026,0.365,0.102,0.000,0.042,0.000,0.535,goście
2025-11-05 07:00:00,Wednesday,7,0.035,0.341,0.096,0.000,0.038,0.000,0.510,goście
2025-11-05 08:00:00,Wednesday,8,0.023,0.300,0.000,0.000,0.043,0.000,0.366,goście
2025-11-05 09:00:00,Wednesday,9,0.027,0.362,0.000,0.000,0.000,0.000,0.389,
2025-11-05 10:00:00,Wednesday,10,0.026,0.332,0.000,0.000,0.000,0.299,0.657,pralka
2025-11-05 11:00:00,Wednesday,11,0.025,0.266,0.000,0.000,0.000,0.710,1.001,suszarka
2025-11-05 12:00:00,Wednesday,12,0.024,0.306,0.000,0.000,0.000,0.000,0.330,
2025-11-05 13:00:00,Wednesday,13,0.022,0.328,0.000,0.000,0.000,0.000,0.350,
2025-11-05 14:00:00,Wednesday,14,0.028,0.291,0.000,0.000,0.000,0.000,0.319,
2025-11-05 15:00:00,Wednesday,15,0.024,0.266,0.000,0.000,0.000,0.000,0.290,
2025-11-05 16:00:00,Wednesday,16,0.026,0.277,0.000,0.000,0.000,0.000,0.303,
2025-11-05 17:00:00,Wednesday,17,0.028,0.314,0.040,0.000,0.051,0.000,0.433,goście
2025-11-05 18:00:00,Wednesday,18,0.023,0.294,0.078,0.592,0.065,0.000,1.052,goście
2025-11-05 19:00:00,Wednesday,19,0.026,0.344,0.087,0.000,0.057,0.000,0.514,goście
2025-11-05 20:00:00,Wednesday,20,0.030,0.301,0.084,0.000,0.047,0.389,0.851,goście; zmywarka
2025-11-05 21:00:00,Wednesday,21,0.020,0.301,0.084,0.000,0.054,0.000,0.459,goście
2025-11-05 22:00:00,Wednesday,22,0.036,0.302,0.091,0.000,0.057,0.000,0.486,goście
2025-11-05 23:00:00,Wednesday,23,0.032,0.239,0.000,0.000,0.000,0.000,0.271,
2025-11-06 00:00:00,Thursday,0,0.035,0.193,0.000,0.000,0.000,0.000,0.228,wyjazd / nieobecność
2025-11-06 01:00:00,Thursday,1,0.027,0.172,0.000,0.000,0.000,0.000,0.199,wyjazd / nieobecność
2025-11-06 02:00:00,Thursday,2,0.035,0.229,0.000,0.000,0.000,0.000,0.264,wyjazd / nieobecność
2025-11-06 03:00:00,Thursday,3,0.028,0.187,0.000,0.000,0.000,0.000,0.215,wyjazd / nieobecność
2025-11-06 04:00:00,Thursday,4,0.026,0.184,0.000,0.000,0.000,0.000,0.210,wyjazd / nieobecność
2025-11-06 05:00:00,Thursday,5,0.034,0.210,0.000,0.000,0.000,0.000,0.244,wyjazd / nieobecność
2025-11-06 06:00:00,Thursday,6,0.036,0.214,0.000,0.000,0.000,0.000,0.250,wyjazd / nieobecność
2025-11-06 07:00:00,Thursday,7,0.024,0.200,0.000,0.000,0.000,0.000,0.224,wyjazd / nieobecność
2025-11-06 08:00:00,Thursday,8,0.024,0.186,0.000,0.000,0.000,0.000,0.210,wyjazd / nieobecność
2025-11-06 09:00:00,Thursday,9,0.020,0.198,0.000,0.000,0.000,0.000,0.218,wyjazd / nieobecność
2025-11-06 10:00:00,Thursday,10,0.025,0.182,0.000,0.000,0.000,0.000,0.207,wyjazd / nieobecność
2025-11-06 11:00:00,Thursday,11,0.024,0.173,0.000,0.000,0.000,0.000,0.197,wyjazd / nieobecność
2025-11-06 12:00:00,Thursday,12,0.027,0.166,0.000,0.000,0.000,0.000,0.193,wyjazd / nieobecność
2025-11-06 13:00:00,Thursday,13,0.024,0.164,0.000,0.000,0.000,0.000,0.188,wyjazd / nieobecność
2025-11-06 14:00:00,Thursday,14,0.032,0.190,0.000,0.000,0.000,0.000,0.222,wyjazd / nieobecność
2025-11-06 15:00:00,Thursday,15,0.030,0.193,0.000,0.000,0.000,0.000,0.223,wyjazd / nieobecność
2025-11-06 16:00:00,Thursday,16,0.036,0.180,0.000,0.000,0.000,0.000,0.216,wyjazd / nieobecność
2025-11-06 17:00:00,Thursday,17,0.024,0.203,0.000,0.000,0.000,0.000,0.227,wyjazd / nieobecność
2025-11-06 18:00:00,Thursday,18,0.032,0.203,0.000,0.000,0.000,0.000,0.235,wyjazd / nieobecność
2025-11-06 19:00:00,Thursday,19,0.028,0.252,0.000,0.000,0.000,0.000,0.280,wyjazd / nieobecność
2025-11-06 20:00:00,Thursday,20,0.029,0.204,0.000,0.000,0.000,0.000,0.233,wyjazd / nieobecność
2025-11-06 21:00:00,Thursday,21,0.021,0.218,0.000,0.000,0.000,0.000,0.239,wyjazd / nieobecność
2025-11-06 22:00:00,Thursday,22,0.032,0.248,0.000,0.000,0.000,0.000,0.280,wyjazd / nieobecność
2025-11-06 23:00:00,Thursday,23,0.031,0.238,0.000,0.000,0.000,0.000,0.269,wyjazd / nieobecność
2025-11-07 00:00:00,Friday,0,0.025,0.346,0.000,0.000,0.000,0.000,0.371,
2025-11-07 01:00:00,Friday,1,0.024,0.285,0.000,0.000,0.000,0.000,0.309,
2025-11-07 02:00:00,Friday,2,0.022,0.324,0.000,0.000,0.000,0.000,0.346,
2025-11-07 03:00:00,Friday,3,0.032,0.332,0.000,0.000,0.000,0.000,0.364,
2025-11-07 04:00:00,Friday,4,0.034,0.317,0.000,0.000,0.000,0.000,0.351,
2025-11-07 05:00:00,Friday,5,0.044,0.347,0.000,0.000,0.000,0.000,0.391,
2025-11-07 06:00:00,Friday,6,0.032,0.368,0.106,0.000,0.051,0.000,0.557,
2025-11-07 07:00:00,Friday,7,0.029,0.365,0.067,0.000,0.039,0.000,0.500,
2025-11-07 08:00:00,Friday,8,0.025,0.414,0.000,0.000,0.069,0.000,0.508,
2025-11-07 09:00:00,Friday,9,0.022,0.366,0.000,0.000,0.102,0.000,0.490,praca zdalna
2025-11-07 10:00:00,Friday,10,0.033,0.381,0.000,0.000,0.074,0.000,0.488,praca zdalna
2025-11-07 11:00:00,Friday,11,0.024,0.435,0.000,0.000,0.117,0.000,0.576,praca zdalna
2025-11-07 12:00:00,Friday,12,0.035,0.438,0.000,0.000,0.140,0.000,0.613,praca zdalna
2025-11-07 13:00:00,Friday,13,0.027,0.446,0.000,0.000,0.072,0.000,0.545,praca zdalna
2025-11-07 14:00:00,Friday,14,0.032,0.406,0.000,0.000,0.121,0.000,0.559,praca zdalna
2025-11-07 15:00:00,Friday,15,0.036,0.417,0.000,0.000,0.081,0.000,0.534,praca zdalna
2025-11-07 16:00:00,Friday,16,0.020,0.465,0.049,0.000,0.063,0.000,0.597,praca zdalna
2025-11-07 17:00:00,Friday,17,0.026,0.399,0.080,0.000,0.040,0.000,0.545,
2025-11-07 18:00:00,Friday,18,0.032,0.443,0.107,0.306,0.044,0.000,0.932,
2025-11-07 19:00:00,Friday,19,0.036,0.392,0.068,0.000,0.036,0.480,1.012,zmywarka
2025-11-07 20:00:00,Friday,20,0.029,0.460,0.083,0.000,0.032,0.000,0.604,
2025-11-07 21:00:00,Friday,21,0.024,0.389,0.110,0.000,0.049,0.000,0.572,
2025-11-07 22:00:00,Friday,22,0.035,0.395,0.057,0.000,0.050,0.000,0.537,
2025-11-07 23:00:00,Friday,23,0.043,0.346,0.000,0.000,0.000,0.000,0.389,
2025-11-08 00:00:00,Saturday,0,0.026,0.425,0.000,0.000,0.000,0.000,0.451,
2025-11-08 01:00:00,Saturday,1,0.033,0.442,0.000,0.000,0.000,0.000,0.475,
2025-11-08 02:00:00,Saturday,2,0.033,0.383,0.000,0.000,0.000,0.000,0.416,
2025-11-08 03:00:00,Saturday,3,0.034,0.439,0.000,0.000,0.000,0.000,0.473,
2025-11-08 04:00:00,Saturday,4,0.040,0.446,0.000,0.000,0.000,0.000,0.486,
2025-11-08 05:00:00,Saturday,5,0.032,0.467,0.000,0.000,0.000,0.000,0.499,
2025-11-08 06:00:00,Saturday,6,0.028,0.429,0.059,0.000,0.048,0.000,0.564,
2025-11-08 07:00:00,Saturday,7,0.020,0.484,0.045,0.000,0.030,0.000,0.579,
2025-11-08 08:00:00,Saturday,8,0.022,0.504,0.000,0.000,0.060,0.000,0.586,
2025-11-08 09:00:00,Saturday,9,0.020,0.382,0.000,0.000,0.000,0.000,0.402,
2025-11-08 10:00:00,Saturday,10,0.027,0.423,0.000,0.000,0.000,0.390,0.840,pralka
2025-11-08 11:00:00,Saturday,11,0.026,0.435,0.000,0.000,0.000,0.000,0.461,
2025-11-08 12:00:00,Saturday,12,0.027,0.418,0.000,0.000,0.000,0.000,0.445,
2025-11-08 13:00:00,Saturday,13,0.031,0.438,0.000,0.000,0.000,0.000,0.469,
2025-11-08 14:00:00,Saturday,14,0.029,0.456,0.000,0.000,0.000,0.378,0.863,zmywarka
2025-11-08 15:00:00,Saturday,15,0.031,0.416,0.000,0.000,0.000,0.000,0.447,
2025-11-08 16:00:00,Saturday,16,0.034,0.444,0.000,0.000,0.000,0.000,0.478,
2025-11-08 17:00:00,Saturday,17,0.032,0.410,0.110,0.000,0.035,0.000,0.587,
2025-11-08 18:00:00,Saturday,18,0.028,0.487,0.075,0.403,0.058,0.000,1.051,
2025-11-08 19:00:00,Saturday,19,0.033,0.450,0.104,0.000,0.064,0.000,0.651,
2025-11-08 20:00:00,Saturday,20,0.035,0.380,0.105,0.000,0.046,0.000,0.566,
2025-11-08 21:00:00,Saturday,21,0.024,0.493,0.089,0.000,0.069,0.000,0.675,
2025-11-08 22:00:00,Saturday,22,0.029,0.403,0.056,0.000,0.066,0.000,0.554,
2025-11-08 23:00:00,Saturday,23,0.028,0.397,0.000,0.000,0.000,0.000,0.425,
2025-11-09 00:00:00,Sunday,0,0.034,0.331,0.000,0.000,0.000,0.000,0.365,wyjazd / nieobecność
2025-11-09 01:00:00,Sunday,1,0.022,0.344,0.000,0.000,0.000,0.000,0.366,wyjazd / nieobecność
2025-11-09 02:00:00,Sunday,2,0.024,0.289,0.000,0.000,0.000,0.000,0.313,wyjazd / nieobecność
2025-11-09 03:00:00,Sunday,3,0.027,0.329,0.000,0.000,0.000,0.000,0.356,wyjazd / nieobecność
2025-11-09 04:00:00,Sunday,4,0.027,0.315,0.000,0.000,0.000,0.000,0.342,wyjazd / nieobecność
2025-11-09 05:00:00,Sunday,5,0.028,0.366,0.000,0.000,0.000,0.000,0.394,wyjazd / nieobecność
2025-11-09 06:00:00,Sunday,6,0.030,0.356,0.000,0.000,0.000,0.000,0.386,wyjazd / nieobecność
2025-11-09 07:00:00,Sunday,7,0.020,0.402,0.000,0.000,0.000,0.000,0.422,wyjazd / nieobecność
2025-11-09 08:00:00,Sunday,8,0.024,0.354,0.000,0.000,0.000,0.000,0.378,wyjazd / nieobecność
2025-11-09 09:00:00,Sunday,9,0.022,0.420,0.000,0.000,0.000,0.000,0.442,wyjazd / nieobecność
2025-11-09 10:00:00,Sunday,10,0.021,0.430,0.000,0.000,0.000,0.000,0.451,wyjazd / nieobecność
2025-11-09 11:00:00,Sunday,11,0.026,0.348,0.000,0.000,0.000,0.000,0.374,wyjazd / nieobecność
2025-11-09 12:00:00,Sunday,12,0.029,0.398,0.000,0.000,0.000,0.000,0.427,wyjazd / nieobecność
2025-11-09 13:00:00,Sunday,13,0.027,0.298,0.000,0.000,0.000,0.000,0.325,wyjazd / nieobecność
2025-11-09 14:00:00,Sunday,14,0.033,0.319,0.000,0.000,0.000,0.000,0.352,wyjazd / nieobecność
2025-11-09 15:00:00,Sunday,15,0.023,0.384,0.000,0.000,0.000,0.000,0.407,wyjazd / nieobecność
2025-11-09 16:00:00,Sunday,16,0.028,0.302,0.000,0.000,0.000,0.000,0.330,wyjazd / nieobecność
2025-11-09 17:00:00,Sunday,17,0.026,0.399,0.000,0.000,0.000,0.000,0.425,wyjazd / nieobecność
2025-11-09 18:00:00,Sunday,18,0.024,0.356,0.000,0.000,0.000,0.000,0.380,wyjazd / nieobecność
2025-11-09 19:00:00,Sunday,19,0.033,0.344,0.000,0.000,0.000,0.000,0.377,wyjazd / nieobecność
2025-11-09 20:00:00,Sunday,20,0.034,0.369,0.000,0.000,0.000,0.000,0.403,wyjazd / nieobecność
2025-11-09 21:00:00,Sunday,21,0.022,0.380,0.000,0.000,0.000,0.000,0.402,wyjazd / nieobecność
2025-11-09 22:00:00,Sunday,22,0.034,0.329,0.000,0.000,0.000,0.000,0.363,wyjazd / nieobecność
2025-11-09 23:00:00,Sunday,23,0.032,0.316,0.000,0.000,0.000,0.000,0.348,wyjazd / nieobecność
2025-11-10 00:00:00,Monday,0,0.034,0.380,0.000,0.000,0.000,0.000,0.414,
2025-11-10 01:00:00,Monday,1,0.030,0.452,0.000,0.000,0.000,0.000,0.482,
2025-11-10 02:00:00,Monday,2,0.044,0.422,0.000,0.000,0.000,0.000,0.466,
2025-11-10 03:00:00,Monday,3,0.038,0.446,0.000,0.000,0.000,0.000,0.484,
2025-11-10 04:00:00,Monday,4,0.036,0.416,0.000,0.000,0.000,0.000,0.452,
2025-11-10 05:00:00,Monday,5,0.035,0.441,0.000,0.000,0.000,0.000,0.476,
2025-11-10 06:00:00,Monday,6,0.020,0.530,0.106,0.000,0.030,0.000,0.686,
2025-11-10 07:00:00,Monday,7,0.031,0.453,0.044,0.000,0.038,0.000,0.566,
2025-11-10 08:00:00,Monday,8,0.035,0.562,0.000,0.000,0.070,0.000,0.667,
2025-11-10 09:00:00,Monday,9,0.023,0.567,0.000,0.000,0.070,0.000,0.660,praca zdalna
2025-11-10 10:00:00,Monday,10,0.033,0.524,0.000,0.000,0.116,0.000,0.673,praca zdalna
2025-11-10 11:00:00,Monday,11,0.033,0.472,0.000,0.000,0.120,0.000,0.625,praca zdalna
2025-11-10 12:00:00,Monday,12,0.024,0.516,0.000,0.000,0.095,0.000,0.635,praca zdalna
2025-11-10 13:00:00,Monday,13,0.024,0.533,0.000,0.000,0.121,0.000,0.678,praca zdalna
2025-11-10 14:00:00,Monday,14,0.030,0.536,0.000,0.000,0.117,0.000,0.683,praca zdalna
2025-11-10 15:00:00,Monday,15,0.026,0.408,0.000,0.000,0.111,0.000,0.545,praca zdalna
2025-11-10 16:00:00,Monday,16,0.032,0.427,0.057,0.000,0.066,0.000,0.582,praca zdalna
2025-11-10 17:00:00,Monday,17,0.028,0.527,0.041,0.264,0.049,0.000,0.909,
2025-11-10 18:00:00,Monday,18,0.024,0.462,0.052,0.000,0.038,0.000,0.576,
2025-11-10 19:00:00,Monday,19,0.029,0.524,0.059,0.000,0.066,0.000,0.678,
2025-11-10 20:00:00,Monday,20,0.023,0.455,0.066,0.000,0.057,0.371,0.972,zmywarka
2025-11-10 21:00:00,Monday,21,0.024,0.448,0.062,0.000,0.051,0.000,0.585,
2025-11-10 22:00:00,Monday,22,0.026,0.392,0.061,0.000,0.038,0.000,0.517,
2025-11-10 23:00:00,Monday,23,0.026,0.414,0.000,0.000,0.000,0.000,0.440,
2025-11-11 00:00:00,Tuesday,0,0.038,0.471,0.000,0.000,0.000,0.000,0.509,
2025-11-11 01:00:00,Tuesday,1,0.031,0.436,0.000,0.000,0.000,0.000,0.467,
2025-11-11 02:00:00,Tuesday,2,0.027,0.492,0.000,0.000,0.000,0.000,0.519,
2025-11-11 03:00:00,Tuesday,3,0.033,0.465,0.000,0.000,0.000,0.000,0.498,
2025-11-11 04:00:00,Tuesday,4,0.035,0.442,0.000,0.000,0.000,0.000,0.477,
2025-11-11 05:00:00,Tuesday,5,0.021,0.442,0.000,0.000,0.000,0.000,0.463,
2025-11-11 06:00:00,Tuesday,6,0.034,0.509,0.088,0.000,0.044,0.000,0.675,
2025-11-11 07:00:00,Tuesday,7,0.021,0.436,0.091,0.000,0.059,0.000,0.607,
2025-11-11 08:00:00,Tuesday,8,0.033,0.504,0.000,0.000,0.063,0.000,0.600,
2025-11-11 09:00:00,Tuesday,9,0.032,0.482,0.000,0.000,0.000,0.000,0.514,
2025-11-11 10:00:00,Tuesday,10,0.032,0.476,0.000,0.000,0.000,0.000,0.508,
2025-11-11 11:00:00,Tuesday,11,0.023,0.369,0.000,0.000,0.000,0.000,0.392,
2025-11-11 12:00:00,Tuesday,12,0.034,0.414,0.000,0.000,0.000,0.000,0.448,
2025-11-11 13:00:00,Tuesday,13,0.029,0.447,0.000,0.000,0.000,0.000,0.476,
2025-11-11 14:00:00,Tuesday,14,0.036,0.385,0.000,0.000,0.000,0.000,0.421,
2025-11-11 15:00:00,Tuesday,15,0.026,0.415,0.000,0.000,0.000,0.000,0.441,
2025-11-11 16:00:00,Tuesday,16,0.032,0.381,0.000,0.000,0.000,0.000,0.413,
2025-11-11 17:00:00,Tuesday,17,0.026,0.458,0.079,0.000,0.066,0.000,0.629,
2025-11-11 18:00:00,Tuesday,18,0.029,0.382,0.083,0.357,0.043,0.000,0.894,
2025-11-11 19:00:00,Tuesday,19,0.033,0.381,0.096,0.000,0.063,0.000,0.573,
2025-11-11 20:00:00,Tuesday,20,0.034,0.384,0.072,0.000,0.044,0.333,0.867,zmywarka
2025-11-11 21:00:00,Tuesday,21,0.033,0.398,0.115,0.000,0.037,0.000,0.583,
2025-11-11 22:00:00,Tuesday,22,0.031,0.334,0.061,0.000,0.068,0.000,0.494,
2025-11-11 23:00:00,Tuesday,23,0.043,0.320,0.000,0.000,0.000,0.000,0.363,
2025-11-12 00:00:00,Wednesday,0,0.024,0.335,0.000,0.000,0.000,0.000,0.359,
2025-11-12 01:00:00,Wednesday,1,0.031,0.371,0.000,0.000,0.000,0.000,0.402,
2025-11-12 02:00:00,Wednesday,2,0.035,0.376,0.000,0.000,0.000,0.000,0.411,
2025-11-12 03:00:00,Wednesday,3,0.034,0.426,0.000,0.000,0.000,0.000,0.460,
2025-11-12 04:00:00,Wednesday,4,0.044,0.384,0.000,0.000,0.000,0.000,0.428,
2025-11-12 05:00:00,Wednesday,5,0.045,0.322,0.000,0.000,0.000,0.000,0.367,
2025-11-12 06:00:00,Wednesday,6,0.029,0.414,0.061,0.000,0.055,0.000,0.559,goście
2025-11-12 07:00:00,Wednesday,7,0.025,0.444,0.044,0.000,0.037,0.000,0.550,goście
2025-11-12 08:00:00,Wednesday,8,0.034,0.388,0.000,0.000,0.036,0.000,0.458,goście
2025-11-12 09:00:00,Wednesday,9,0.024,0.391,0.000,0.000,0.104,0.000,0.519,goście; praca zdalna
2025-11-12 10:00:00,Wednesday,10,0.031,0.348,0.000,0.000,0.133,0.000,0.512,goście; praca zdalna
2025-11-12 11:00:00,Wednesday,11,0.026,0.368,0.000,0.000,0.114,0.000,0.508,goście; praca zdalna
2025-11-12 12:00:00,Wednesday,12,0.022,0.351,0.000,0.000,0.100,0.000,0.473,goście; praca zdalna
2025-11-12 13:00:00,Wednesday,13,0.022,0.449,0.000,0.000,0.136,0.000,0.607,goście; praca zdalna
2025-11-12 14:00:00,Wednesday,14,0.033,0.431,0.000,0.000,0.128,0.000,0.592,goście; praca zdalna
2025-11-12 15:00:00,Wednesday,15,0.029,0.373,0.000,0.000,0.102,0.000,0.504,goście; praca zdalna
2025-11-12 16:00:00,Wednesday,16,0.029,0.309,0.068,0.000,0.108,0.000,0.514,goście; praca zdalna
2025-11-12 17:00:00,Wednesday,17,0.036,0.363,0.060,0.000,0.067,0.000,0.526,goście
2025-11-12 18:00:00,Wednesday,18,0.035,0.363,0.108,0.635,0.068,0.000,1.209,goście
2025-11-12 19:00:00,Wednesday,19,0.023,0.300,0.074,0.000,0.046,0.000,0.443,goście
2025-11-12 20:00:00,Wednesday,20,0.036,0.368,0.063,0.000,0.049,0.327,0.843,goście; zmywarka
2025-11-12 21:00:00,Wednesday,21,0.030,0.296,0.056,0.000,0.033,0.000,0.415,goście
2025-11-12 22:00:00,Wednesday,22,0.031,0.289,0.068,0.000,0.059,0.000,0.447,goście
2025-11-12 23:00:00,Wednesday,23,0.024,0.281,0.000,0.000,0.000,0.000,0.305,
2025-11-13 00:00:00,Thursday,0,0.041,0.238,0.000,0.000,0.000,0.000,0.279,
2025-11-13 01:00:00,Thursday,1,0.038,0.279,0.000,0.000,0.000,0.000,0.317,
2025-11-13 02:00:00,Thursday,2,0.032,0.279,0.000,0.000,0.000,0.000,0.311,
2025-11-13 03:00:00,Thursday,3,0.035,0.321,0.000,0.000,0.000,0.000,0.356,
2025-11-13 04:00:00,Thursday,4,0.031,0.283,0.000,0.000,0.000,0.000,0.314,
2025-11-13 05:00:00,Thursday,5,0.032,0.306,0.000,0.000,0.000,0.000,0.338,
2025-11-13 06:00:00,Thursday,6,0.035,0.317,0.102,0.000,0.068,0.000,0.522,
2025-11-13 07:00:00,Thursday,7,0.022,0.356,0.043,0.000,0.036,0.000,0.457,
2025-11-13 08:00:00,Thursday,8,0.022,0.361,0.000,0.000,0.037,0.000,0.420,
2025-11-13 09:00:00,Thursday,9,0.023,0.339,0.000,0.000,0.122,0.000,0.484,praca zdalna
2025-11-13 10:00:00,Thursday,10,0.027,0.406,0.000,0.000,0.088,0.000,0.521,praca zdalna
2025-11-13 11:00:00,Thursday,11,0.024,0.376,0.000,0.000,0.103,0.000,0.503,praca zdalna
2025-11-13 12:00:00,Thursday,12,0.030,0.330,0.000,0.000,0.106,0.000,0.466,praca zdalna
2025-11-13 13:00:00,Thursday,13,0.021,0.318,0.000,0.000,0.129,0.000,0.468,praca zdalna
2025-11-13 14:00:00,Thursday,14,0.024,0.299,0.000,0.000,0.122,0.000,0.445,praca zdalna
2025-11-13 15:00:00,Thursday,15,0.034,0.263,0.000,0.000,0.113,0.000,0.410,praca zdalna
2025-11-13 16:00:00,Thursday,16,0.032,0.243,0.096,0.000,0.073,0.000,0.444,praca zdalna
2025-11-13 17:00:00,Thursday,17,0.025,0.250,0.118,0.000,0.059,0.000,0.452,
2025-11-13 18:00:00,Thursday,18,0.022,0.280,0.063,0.344,0.064,0.000,0.773,
2025-11-13 19:00:00,Thursday,19,0.026,0.316,0.067,0.000,0.033,0.000,0.442,
2025-11-13 20:00:00,Thursday,20,0.032,0.311,0.086,0.000,0.052,0.000,0.481,
2025-11-13 21:00:00,Thursday,21,0.035,0.262,0.056,0.000,0.031,0.000,0.384,
2025-11-13 22:00:00,Thursday,22,0.023,0.297,0.098,0.000,0.062,0.000,0.480,
2025-11-13 23:00:00,Thursday,23,0.035,0.484,0.000,0.000,0.000,0.000,0.519,
2025-11-14 00:00:00,Friday,0,0.020,0.396,0.000,0.000,0.000,0.000,0.416,
2025-11-14 01:00:00,Friday,1,0.034,0.402,0.000,0.000,0.000,0.000,0.436,
2025-11-14 02:00:00,Friday,2,0.024,0.494,0.000,0.000,0.000,0.000,0.518,
2025-11-14 03:00:00,Friday,3,0.031,0.472,0.000,0.000,0.000,0.000,0.503,
2025-11-14 04:00:00,Friday,4,0.023,0.528,0.000,0.000,0.000,0.000,0.551,
2025-11-14 05:00:00,Friday,5,0.022,0.506,0.000,0.000,0.000,0.000,0.528,
2025-11-14 06:00:00,Friday,6,0.030,0.574,0.060,0.000,0.043,0.000,0.707,
2025-11-14 07:00:00,Friday,7,0.025,0.492,0.103,0.000,0.048,0.000,0.668,
2025-11-14 08:00:00,Friday,8,0.032,0.583,0.000,0.000,0.032,0.000,0.647,
2025-11-14 09:00:00,Friday,9,0.026,0.617,0.000,0.000,0.000,0.000,0.643,
2025-11-14 10:00:00,Friday,10,0.023,0.571,0.000,0.000,0.000,0.000,0.594,
2025-11-14 11:00:00,Friday,11,0.024,0.595,0.000,0.000,0.000,0.000,0.619,
2025-11-14 12:00:00,Friday,12,0.020,0.569,0.000,0.000,0.000,0.000,0.589,
2025-11-14 13:00:00,Friday,13,0.027,0.519,0.000,0.000,0.000,0.000,0.546,
2025-11-14 14:00:00,Friday,14,0.033,0.542,0.000,0.000,0.000,0.365,0.940,pralka
2025-11-14 15:00:00,Friday,15,0.022,0.472,0.000,0.000,0.000,0.830,1.324,suszarka
2025-11-14 16:00:00,Friday,16,0.028,0.521,0.000,0.000,0.000,0.000,0.549,
2025-11-14 17:00:00,Friday,17,0.035,0.509,0.082,0.388,0.047,0.000,1.061,
2025-11-14 18:00:00,Friday,18,0.024,0.628,0.059,0.000,0.048,0.000,0.759,
2025-11-14 19:00:00,Friday,19,0.028,0.549,0.120,0.000,0.062,0.000,0.759,
2025-11-14 20:00:00,Friday,20,0.030,0.583,0.042,0.000,0.058,0.359,1.072,zmywarka
2025-11-14 21:00:00,Friday,21,0.032,0.688,0.082,0.000,0.050,0.000,0.852,
2025-11-14 22:00:00,Friday,22,0.034,0.647,0.118,0.000,0.052,0.000,0.851,
2025-11-14 23:00:00,Friday,23,0.034,0.646,0.000,0.000,0.000,0.000,0.680,
2025-11-15 00:00:00,Saturday,0,0.030,0.688,0.000,0.000,0.000,0.000,0.718,
2025-11-15 01:00:00,Saturday,1,0.046,0.582,0.000,0.000,0.000,0.000,0.628,
2025-11-15 02:00:00,Saturday,2,0.035,0.610,0.000,0.000,0.000,0.000,0.645,
2025-11-15 03:00:00,Saturday,3,0.023,0.720,0.000,0.000,0.000,0.000,0.743,
2025-11-15 04:00:00,Saturday,4,0.046,0.718,0.000,0.000,0.000,0.000,0.764,
2025-11-15 05:00:00,Saturday,5,0.034,0.704,0.000,0.000,0.000,0.000,0.738,
2025-11-15 06:00:00,Saturday,6,0.028,0.876,0.112,0.000,0.040,0.000,1.056,
2025-11-15 07:00:00,Saturday,7,0.028,0.921,0.068,0.000,0.046,0.000,1.063,
2025-11-15 08:00:00,Saturday,8,0.026,0.782,0.000,0.000,0.034,0.000,0.842,
2025-11-15 09:00:00,Saturday,9,0.036,0.918,0.000,0.000,0.000,0.000,0.954,
2025-11-15 10:00:00,Saturday,10,0.026,0.890,0.000,0.000,0.000,0.365,1.281,pralka
2025-11-15 11:00:00,Saturday,11,0.035,0.855,0.000,0.000,0.000,0.000,0.890,
2025-11-15 12:00:00,Saturday,12,0.028,0.716,0.000,0.000,0.000,0.000,0.744,
2025-11-15 13:00:00,Saturday,13,0.032,0.756,0.000,0.000,0.000,0.000,0.788,
2025-11-15 14:00:00,Saturday,14,0.020,0.752,0.000,0.000,0.000,0.000,0.772,
2025-11-15 15:00:00,Saturday,15,0.022,0.684,0.000,0.000,0.000,0.000,0.706,
2025-11-15 16:00:00,Saturday,16,0.033,0.722,0.000,0.000,0.000,0.000,0.755,
2025-11-15 17:00:00,Saturday,17,0.029,0.770,0.084,0.243,0.047,0.000,1.173,
2025-11-15 18:00:00,Saturday,18,0.025,0.664,0.079,0.000,0.037,0.000,0.805,
2025-11-15 19:00:00,Saturday,19,0.032,0.746,0.062,0.000,0.061,0.000,0.901,
2025-11-15 20:00:00,Saturday,20,0.035,0.816,0.046,0.000,0.068,0.000,0.965,
2025-11-15 21:00:00,Saturday,21,0.024,0.842,0.118,0.000,0.057,0.000,1.041,
2025-11-15 22:00:00,Saturday,22,0.032,0.605,0.070,0.000,0.048,0.000,0.755,
2025-11-15 23:00:00,Saturday,23,0.044,0.578,0.000,0.000,0.000,0.000,0.622,
2025-11-16 00:00:00,Sunday,0,0.032,0.576,0.000,0.000,0.000,0.000,0.608,wyjazd / nieobecność
2025-11-16 01:00:00,Sunday,1,0.024,0.632,0.000,0.000,0.000,0.000,0.656,wyjazd / nieobecność
2025-11-16 02:00:00,Sunday,2,0.023,0.598,0.000,0.000,0.000,0.000,0.621,wyjazd / nieobecność
2025-11-16 03:00:00,Sunday,3,0.032,0.615,0.000,0.000,0.000,0.000,0.647,wyjazd / nieobecność
2025-11-16 04:00:00,Sunday,4,0.022,0.500,0.000,0.000,0.000,0.000,0.522,wyjazd / nieobecność
2025-11-16 05:00:00,Sunday,5,0.034,0.496,0.000,0.000,0.000,0.000,0.530,wyjazd / nieobecność
2025-11-16 06:00:00,Sunday,6,0.035,0.469,0.000,0.000,0.000,0.000,0.504,wyjazd / nieobecność
2025-11-16 07:00:00,Sunday,7,0.030,0.546,0.000,0.000,0.000,0.000,0.576,wyjazd / nieobecność
2025-11-16 08:00:00,Sunday,8,0.023,0.658,0.000,0.000,0.000,0.000,0.681,wyjazd / nieobecność
2025-11-16 09:00:00,Sunday,9,0.027,0.522,0.000,0.000,0.000,0.000,0.549,wyjazd / nieobecność
2025-11-16 10:00:00,Sunday,10,0.029,0.551,0.000,0.000,0.000,0.000,0.580,wyjazd / nieobecność
2025-11-16 11:00:00,Sunday,11,0.033,0.483,0.000,0.000,0.000,0.000,0.516,wyjazd / nieobecność
2025-11-16 12:00:00,Sunday,12,0.028,0.526,0.000,0.000,0.000,0.000,0.554,wyjazd / nieobecność
2025-11-16 13:00:00,Sunday,13,0.026,0.604,0.000,0.000,0.000,0.000,0.630,wyjazd / nieobecność
2025-11-16 14:00:00,Sunday,14,0.029,0.585,0.000,0.000,0.000,0.000,0.614,wyjazd / nieobecność
2025-11-16 15:00:00,Sunday,15,0.033,0.489,0.000,0.000,0.000,0.000,0.522,wyjazd / nieobecność
2025-11-16 16:00:00,Sunday,16,0.020,0.561,0.000,0.000,0.000,0.000,0.581,wyjazd / nieobecność
2025-11-16 17:00:00,Sunday,17,0.034,0.432,0.000,0.000,0.000,0.000,0.466,wyjazd / nieobecność
2025-11-16 18:00:00,Sunday,18,0.023,0.531,0.000,0.000,0.000,0.000,0.554,wyjazd / nieobecność
2025-11-16 19:00:00,Sunday,19,0.027,0.525,0.000,0.000,0.000,0.000,0.552,wyjazd / nieobecność
2025-11-16 20:00:00,Sunday,20,0.028,0.416,0.000,0.000,0.000,0.000,0.444,wyjazd / nieobecność
2025-11-16 21:00:00,Sunday,21,0.032,0.531,0.000,0.000,0.000,0.000,0.563,wyjazd / nieobecność
2025-11-16 22:00:00,Sunday,22,0.022,0.550,0.000,0.000,0.000,0.000,0.572,wyjazd / nieobecność
2025-11-16 23:00:00,Sunday,23,0.027,0.489,0.000,0.000,0.000,0.000,0.516,wyjazd / nieobecność
2025-11-17 00:00:00,Monday,0,0.031,0.503,0.000,0.000,0.000,0.000,0.534,
2025-11-17 01:00:00,Monday,1,0.036,0.613,0.000,0.000,0.000,0.000,0.649,
2025-11-17 02:00:00,Monday,2,0.024,0.526,0.000,0.000,0.000,0.000,0.550,
2025-11-17 03:00:00,Monday,3,0.038,0.668,0.000,0.000,0.000,0.000,0.706,
2025-11-17 04:00:00,Monday,4,0.023,0.592,0.000,0.000,0.000,0.000,0.615,
2025-11-17 05:00:00,Monday,5,0.036,0.590,0.000,0.000,0.000,0.000,0.626,
2025-11-17 06:00:00,Monday,6,0.034,0.774,0.082,0.000,0.035,0.000,0.925,goście
2025-11-17 07:00:00,Monday,7,0.026,0.713,0.077,0.000,0.060,0.000,0.876,goście
2025-11-17 08:00:00,Monday,8,0.025,0.841,0.000,0.000,0.032,0.000,0.898,goście
2025-11-17 09:00:00,Monday,9,0.030,0.662,0.000,0.000,0.130,0.000,0.822,goście; praca zdalna
2025-11-17 10:00:00,Monday,10,0.034,0.822,0.000,0.000,0.129,0.264,1.249,goście; praca zdalna; pralka
2025-11-17 11:00:00,Monday,11,0.026,0.779,0.000,0.000,0.114,0.000,0.919,goście; praca zdalna
2025-11-17 12:00:00,Monday,12,0.029,0.789,0.000,0.000,0.098,0.000,0.916,goście; praca zdalna
2025-11-17 13:00:00,Monday,13,0.035,0.739,0.000,0.000,0.078,0.000,0.852,goście; praca zdalna
2025-11-17 14:00:00,Monday,14,0.028,0.706,0.000,0.000,0.106,0.000,0.840,goście; praca zdalna
2025-11-17 15:00:00,Monday,15,0.021,0.682,0.000,0.000,0.069,0.000,0.772,goście; praca zdalna
2025-11-17 16:00:00,Monday,16,0.022,0.640,0.050,0.000,0.092,0.000,0.804,goście; praca zdalna
2025-11-17 17:00:00,Monday,17,0.029,0.592,0.069,0.000,0.039,0.000,0.729,goście
2025-11-17 18:00:00,Monday,18,0.025,0.782,0.106,0.540,0.040,0.000,1.493,goście
2025-11-17 19:00:00,Monday,19,0.030,0.736,0.090,0.000,0.052,0.370,1.278,goście; zmywarka
2025-11-17 20:00:00,Monday,20,0.036,0.748,0.082,0.000,0.055,0.000,0.921,goście
2025-11-17 21:00:00,Monday,21,0.035,0.810,0.070,0.000,0.050,0.000,0.965,goście
2025-11-17 22:00:00,Monday,22,0.021,0.748,0.080,0.000,0.069,0.000,0.918,goście
2025-11-17 23:00:00,Monday,23,0.021,0.736,0.000,0.000,0.000,0.000,0.757,
2025-11-18 00:00:00,Tuesday,0,0.027,0.711,0.000,0.000,0.000,0.000,0.738,
2025-11-18 01:00:00,Tuesday,1,0.033,0.690,0.000,0.000,0.000,0.000,0.723,
2025-11-18 02:00:00,Tuesday,2,0.022,0.707,0.000,0.000,0.000,0.000,0.729,
2025-11-18 03:00:00,Tuesday,3,0.042,0.695,0.000,0.000,0.000,0.000,0.737,
2025-11-18 04:00:00,Tuesday,4,0.026,0.629,0.000,0.000,0.000,0.000,0.655,
2025-11-18 05:00:00,Tuesday,5,0.028,0.713,0.000,0.000,0.000,0.000,0.741,
2025-11-18 06:00:00,Tuesday,6,0.034,0.793,0.059,0.000,0.060,0.000,0.946,
2025-11-18 07:00:00,Tuesday,7,0.034,0.696,0.073,0.000,0.036,0.000,0.839,
2025-11-18 08:00:00,Tuesday,8,0.033,0.690,0.000,0.000,0.041,0.000,0.764,
2025-11-18 09:00:00,Tuesday,9,0.035,0.784,0.000,0.000,0.093,0.000,0.912,praca zdalna
2025-11-18 10:00:00,Tuesday,10,0.036,0.692,0.000,0.000,0.126,0.000,0.854,praca zdalna
2025-11-18 11:00:00,Tuesday,11,0.030,0.589,0.000,0.000,0.127,0.000,0.746,praca zdalna
2025-11-18 12:00:00,Tuesday,12,0.034,0.697,0.000,0.000,0.108,0.000,0.839,praca zdalna
2025-11-18 13:00:00,Tuesday,13,0.022,0.544,0.000,0.000,0.112,0.315,0.993,praca zdalna; pralka
2025-11-18 14:00:00,Tuesday,14,0.022,0.639,0.000,0.000,0.128,0.983,1.772,praca zdalna; suszarka
2025-11-18 15:00:00,Tuesday,15,0.030,0.598,0.000,0.000,0.142,0.000,0.770,praca zdalna
2025-11-18 16:00:00,Tuesday,16,0.034,0.713,0.083,0.000,0.117,0.000,0.947,praca zdalna
2025-11-18 17:00:00,Tuesday,17,0.023,0.644,0.099,0.598,0.060,0.000,1.424,
2025-11-18 18:00:00,Tuesday,18,0.025,0.726,0.051,0.000,0.035,0.000,0.837,
2025-11-18 19:00:00,Tuesday,19,0.022,0.716,0.092,0.000,0.069,0.368,1.267,zmywarka
2025-11-18 20:00:00,Tuesday,20,0.035,0.656,0.074,0.000,0.043,0.000,0.808,
2025-11-18 21:00:00,Tuesday,21,0.022,0.655,0.042,0.000,0.069,0.000,0.788,
2025-11-18 22:00:00,Tuesday,22,0.033,0.617,0.100,0.000,0.048,0.000,0.798,
2025-11-18 23:00:00,Tuesday,23,0.032,0.651,0.000,0.000,0.000,0.000,0.683,
2025-11-19 00:00:00,Wednesday,0,0.022,0.730,0.000,0.000,0.000,0.000,0.752,
2025-11-19 01:00:00,Wednesday,1,0.030,0.658,0.000,0.000,0.000,0.000,0.688,
2025-11-19 02:00:00,Wednesday,2,0.041,0.669,0.000,0.000,0.000,0.000,0.710,
2025-11-19 03:00:00,Wednesday,3,0.025,0.704,0.000,0.000,0.000,0.000,0.729,
2025-11-19 04:00:00,Wednesday,4,0.024,0.606,0.000,0.000,0.000,0.000,0.630,
2025-11-19 05:00:00,Wednesday,5,0.021,0.628,0.000,0.000,0.000,0.000,0.649,
2025-11-19 06:00:00,Wednesday,6,0.034,0.690,0.058,0.000,0.041,0.000,0.823,
2025-11-19 07:00:00,Wednesday,7,0.024,0.834,0.090,0.000,0.062,0.000,1.010,
2025-11-19 08:00:00,Wednesday,8,0.025,0.704,0.000,0.000,0.067,0.000,0.796,
2025-11-19 09:00:00,Wednesday,9,0.022,0.800,0.000,0.000,0.000,0.000,0.822,
2025-11-19 10:00:00,Wednesday,10,0.036,0.675,0.000,0.000,0.000,0.000,0.711,
2025-11-19 11:00:00,Wednesday,11,0.035,0.657,0.000,0.000,0.000,0.000,0.692,
2025-11-19 12:00:00,Wednesday,12,0.026,0.682,0.000,0.000,0.000,0.000,0.708,
2025-11-19 13:00:00,Wednesday,13,0.031,0.742,0.000,0.000,0.000,0.000,0.773,
2025-11-19 14:00:00,Wednesday,14,0.030,0.726,0.000,0.000,0.000,0.000,0.756,
2025-11-19 15:00:00,Wednesday,15,0.028,0.636,0.000,0.000,0.000,0.000,0.664,
2025-11-19 16:00:00,Wednesday,16,0.026,0.732,0.000,0.000,0.000,0.000,0.758,
2025-11-19 17:00:00,Wednesday,17,0.036,0.736,0.105,0.000,0.066,0.000,0.943,
2025-11-19 18:00:00,Wednesday,18,0.033,0.813,0.109,0.777,0.049,0.000,1.781,
2025-11-19 19:00:00,Wednesday,19,0.022,0.835,0.076,0.000,0.037,0.455,1.425,zmywarka
2025-11-19 20:00:00,Wednesday,20,0.023,0.746,0.074,0.000,0.049,0.000,0.892,
2025-11-19 21:00:00,Wednesday,21,0.035,0.920,0.115,0.000,0.047,0.000,1.117,
2025-11-19 22:00:00,Wednesday,22,0.032,0.794,0.100,0.000,0.069,0.000,0.995,
2025-11-19 23:00:00,Wednesday,23,0.027,0.816,0.000,0.000,0.000,0.000,0.843,
2025-11-20 00:00:00,Thursday,0,0.035,0.862,0.000,0.000,0.000,0.000,0.897,
2025-11-20 01:00:00,Thursday,1,0.030,0.734,0.000,0.000,0.000,0.000,0.764,
2025-11-20 02:00:00,Thursday,2,0.022,0.691,0.000,0.000,0.000,0.000,0.713,
2025-11-20 03:00:00,Thursday,3,0.044,0.695,0.000,0.000,0.000,0.000,0.739,
2025-11-20 04:00:00,Thursday,4,0.027,0.808,0.000,0.000,0.000,0.000,0.835,
2025-11-20 05:00:00,Thursday,5,0.021,0.735,0.000,0.000,0.000,0.000,0.756,
2025-11-20 06:00:00,Thursday,6,0.024,0.750,0.044,0.000,0.039,0.000,0.857,
2025-11-20 07:00:00,Thursday,7,0.023,0.873,0.114,0.000,0.062,0.000,1.072,
2025-11-20 08:00:00,Thursday,8,0.034,0.780,0.000,0.000,0.070,0.000,0.884,
2025-11-20 09:00:00,Thursday,9,0.034,0.817,0.000,0.000,0.000,0.000,0.851,
2025-11-20 10:00:00,Thursday,10,0.029,0.742,0.000,0.000,0.000,0.000,0.771,
2025-11-20 11:00:00,Thursday,11,0.022,0.855,0.000,0.000,0.000,0.000,0.877,
2025-11-20 12:00:00,Thursday,12,0.033,0.808,0.000,0.000,0.000,0.000,0.841,
2025-11-20 13:00:00,Thursday,13,0.024,0.817,0.000,0.000,0.000,0.000,0.841,
2025-11-20 14:00:00,Thursday,14,0.030,0.832,0.000,0.000,0.000,0.000,0.862,
2025-11-20 15:00:00,Thursday,15,0.035,0.985,0.000,0.000,0.000,0.000,1.020,
2025-11-20 16:00:00,Thursday,16,0.028,0.898,0.000,0.000,0.000,0.000,0.926,
2025-11-20 17:00:00,Thursday,17,0.023,0.866,0.096,0.455,0.068,0.000,1.508,
2025-11-20 18:00:00,Thursday,18,0.022,0.797,0.044,0.000,0.065,0.000,0.928,
2025-11-20 19:00:00,Thursday,19,0.024,0.816,0.060,0.000,0.032,0.000,0.932,
2025-11-20 20:00:00,Thursday,20,0.027,0.887,0.114,0.000,0.048,0.447,1.523,zmywarka
2025-11-20 21:00:00,Thursday,21,0.022,0.757,0.060,0.000,0.046,0.000,0.885,
2025-11-20 22:00:00,Thursday,22,0.027,0.700,0.118,0.000,0.037,0.000,0.882,
2025-11-20 23:00:00,Thursday,23,0.029,0.905,0.000,0.000,0.000,0.000,0.934,
2025-11-21 00:00:00,Friday,0,0.038,0.806,0.000,0.000,0.000,0.000,0.844,
2025-11-21 01:00:00,Friday,1,0.035,0.849,0.000,0.000,0.000,0.000,0.884,
2025-11-21 02:00:00,Friday,2,0.047,0.852,0.000,0.000,0.000,0.000,0.899,
2025-11-21 03:00:00,Friday,3,0.025,0.652,0.000,0.000,0.000,0.000,0.677,
2025-11-21 04:00:00,Friday,4,0.043,0.874,0.000,0.000,0.000,0.000,0.917,
2025-11-21 05:00:00,Friday,5,0.021,0.852,0.000,0.000,0.000,0.000,0.873,
2025-11-21 06:00:00,Friday,6,0.031,0.981,0.076,0.000,0.056,0.000,1.144,
2025-11-21 07:00:00,Friday,7,0.034,0.885,0.094,0.000,0.048,0.000,1.061,
2025-11-21 08:00:00,Friday,8,0.029,0.912,0.000,0.000,0.056,0.000,0.997,
2025-11-21 09:00:00,Friday,9,0.022,0.919,0.000,0.000,0.000,0.000,0.941,
2025-11-21 10:00:00,Friday,10,0.022,0.804,0.000,0.000,0.000,0.000,0.826,
2025-11-21 11:00:00,Friday,11,0.035,0.956,0.000,0.000,0.000,0.000,0.991,
2025-11-21 12:00:00,Friday,12,0.031,0.862,0.000,0.000,0.000,0.000,0.893,
2025-11-21 13:00:00,Friday,13,0.024,0.932,0.000,0.000,0.000,0.000,0.956,
2025-11-21 14:00:00,Friday,14,0.025,0.812,0.000,0.000,0.000,0.000,0.837,
2025-11-21 15:00:00,Friday,15,0.035,0.712,0.000,0.000,0.000,0.000,0.747,
2025-11-21 16:00:00,Friday,16,0.034,0.718,0.000,0.000,0.000,0.000,0.752,
2025-11-21 17:00:00,Friday,17,0.030,0.768,0.082,0.297,0.046,0.000,1.223,
2025-11-21 18:00:00,Friday,18,0.031,0.768,0.104,0.000,0.048,0.000,0.951,
2025-11-21 19:00:00,Friday,19,0.028,0.817,0.061,0.000,0.046,0.000,0.952,
2025-11-21 20:00:00,Friday,20,0.025,0.898,0.090,0.000,0.045,0.341,1.399,zmywarka
2025-11-21 21:00:00,Friday,21,0.023,0.886,0.041,0.000,0.053,0.000,1.003,
2025-11-21 22:00:00,Friday,22,0.035,0.740,0.108,0.000,0.060,0.000,0.943,
2025-11-21 23:00:00,Friday,23,0.025,0.862,0.000,0.000,0.000,0.000,0.887,
2025-11-22 00:00:00,Saturday,0,0.021,0.940,0.000,0.000,0.000,0.000,0.961,
2025-11-22 01:00:00,Saturday,1,0.031,0.714,0.000,0.000,0.000,0.000,0.745,
2025-11-22 02:00:00,Saturday,2,0.032,0.816,0.000,0.000,0.000,0.000,0.848,
2025-11-22 03:00:00,Saturday,3,0.022,0.709,0.000,0.000,0.000,0.000,0.731,
2025-11-22 04:00:00,Saturday,4,0.035,0.790,0.000,0.000,0.000,0.000,0.825,
2025-11-22 05:00:00,Saturday,5,0.030,0.754,0.000,0.000,0.000,0.000,0.784,
2025-11-22 06:00:00,Saturday,6,0.026,0.722,0.098,0.000,0.042,0.000,0.888,
2025-11-22 07:00:00,Saturday,7,0.031,0.899,0.043,0.000,0.043,0.000,1.016,
2025-11-22 08:00:00,Saturday,8,0.034,0.774,0.000,0.000,0.064,0.000,0.872,
2025-11-22 09:00:00,Saturday,9,0.022,0.664,0.000,0.000,0.000,0.000,0.686,
2025-11-22 10:00:00,Saturday,10,0.025,0.659,0.000,0.000,0.000,0.264,0.948,pralka
2025-11-22 11:00:00,Saturday,11,0.035,0.730,0.000,0.000,0.000,0.637,1.402,suszarka
2025-11-22 12:00:00,Saturday,12,0.025,0.711,0.000,0.000,0.000,0.000,0.736,
2025-11-22 13:00:00,Saturday,13,0.030,0.714,0.000,0.000,0.000,0.355,1.099,zmywarka
2025-11-22 14:00:00,Saturday,14,0.024,0.610,0.000,0.000,0.000,0.000,0.634,
2025-11-22 15:00:00,Saturday,15,0.024,0.747,0.000,0.000,0.000,0.000,0.771,
2025-11-22 16:00:00,Saturday,16,0.023,0.588,0.000,0.000,0.000,0.000,0.611,
2025-11-22 17:00:00,Saturday,17,0.032,0.668,0.081,0.000,0.042,0.000,0.823,
2025-11-22 18:00:00,Saturday,18,0.025,0.613,0.044,0.380,0.050,0.000,1.112,
2025-11-22 19:00:00,Saturday,19,0.026,0.772,0.103,0.000,0.064,0.000,0.965,
2025-11-22 20:00:00,Saturday,20,0.029,0.693,0.106,0.000,0.030,0.000,0.858,
2025-11-22 21:00:00,Saturday,21,0.032,0.610,0.074,0.000,0.043,0.000,0.759,
2025-11-22 22:00:00,Saturday,22,0.023,0.634,0.046,0.000,0.061,0.000,0.764,
2025-11-22 23:00:00,Saturday,23,0.034,0.685,0.000,0.000,0.000,0.000,0.719,
2025-11-23 00:00:00,Sunday,0,0.026,0.694,0.000,0.000,0.000,0.000,0.720,
2025-11-23 01:00:00,Sunday,1,0.029,0.633,0.000,0.000,0.000,0.000,0.662,
2025-11-23 02:00:00,Sunday,2,0.024,0.654,0.000,0.000,0.000,0.000,0.678,
2025-11-23 03:00:00,Sunday,3,0.035,0.678,0.000,0.000,0.000,0.000,0.713,
2025-11-23 04:00:00,Sunday,4,0.031,0.649,0.000,0.000,0.000,0.000,0.680,
2025-11-23 05:00:00,Sunday,5,0.027,0.627,0.000,0.000,0.000,0.000,0.654,
2025-11-23 06:00:00,Sunday,6,0.028,0.758,0.049,0.000,0.037,0.000,0.872,
2025-11-23 07:00:00,Sunday,7,0.036,0.725,0.046,0.000,0.060,0.000,0.867,
2025-11-23 08:00:00,Sunday,8,0.032,0.755,0.000,0.000,0.055,0.000,0.842,
2025-11-23 09:00:00,Sunday,9,0.030,0.614,0.000,0.000,0.000,0.000,0.644,
2025-11-23 10:00:00,Sunday,10,0.022,0.606,0.000,0.000,0.000,0.000,0.628,
2025-11-23 11:00:00,Sunday,11,0.027,0.612,0.000,0.000,0.000,0.000,0.639,
2025-11-23 12:00:00,Sunday,12,0.026,0.610,0.000,0.000,0.000,0.000,0.636,
2025-11-23 13:00:00,Sunday,13,0.028,0.590,0.000,0.000,0.000,0.000,0.618,
2025-11-23 14:00:00,Sunday,14,0.031,0.596,0.000,0.000,0.000,0.374,1.001,zmywarka
2025-11-23 15:00:00,Sunday,15,0.027,0.610,0.000,0.000,0.000,0.000,0.637,
2025-11-23 16:00:00,Sunday,16,0.033,0.722,0.000,0.000,0.000,0.000,0.755,
2025-11-23 17:00:00,Sunday,17,0.022,0.723,0.043,0.000,0.064,0.000,0.852,
2025-11-23 18:00:00,Sunday,18,0.026,0.708,0.070,0.278,0.061,0.000,1.143,
2025-11-23 19:00:00,Sunday,19,0.030,0.703,0.074,0.000,0.054,0.000,0.861,
2025-11-23 20:00:00,Sunday,20,0.032,0.630,0.051,0.000,0.068,0.000,0.781,
2025-11-23 21:00:00,Sunday,21,0.028,0.816,0.049,0.000,0.066,0.000,0.959,
2025-11-23 22:00:00,Sunday,22,0.021,0.635,0.047,0.000,0.030,0.000,0.733,
2025-11-23 23:00:00,Sunday,23,0.036,0.686,0.000,0.000,0.000,0.000,0.722,
2025-11-24 00:00:00,Monday,0,0.034,0.692,0.000,0.000,0.000,0.000,0.726,
2025-11-24 01:00:00,Monday,1,0.029,0.657,0.000,0.000,0.000,0.000,0.686,
2025-11-24 02:00:00,Monday,2,0.033,0.632,0.000,0.000,0.000,0.000,0.665,
2025-11-24 03:00:00,Monday,3,0.034,0.730,0.000,0.000,0.000,0.000,0.764,
2025-11-24 04:00:00,Monday,4,0.034,0.611,0.000,0.000,0.000,0.000,0.645,
2025-11-24 05:00:00,Monday,5,0.029,0.656,0.000,0.000,0.000,0.000,0.685,
2025-11-24 06:00:00,Monday,6,0.035,0.890,0.092,0.000,0.032,0.000,1.049,
2025-11-24 07:00:00,Monday,7,0.020,0.810,0.048,0.000,0.063,0.000,0.941,
2025-11-24 08:00:00,Monday,8,0.027,0.757,0.000,0.000,0.033,0.000,0.817,
2025-11-24 09:00:00,Monday,9,0.028,0.895,0.000,0.000,0.000,0.000,0.923,
2025-11-24 10:00:00,Monday,10,0.025,0.735,0.000,0.000,0.000,0.000,0.760,
2025-11-24 11:00:00,Monday,11,0.033,0.725,0.000,0.000,0.000,0.000,0.758,
2025-11-24 12:00:00,Monday,12,0.021,0.817,0.000,0.000,0.000,0.000,0.838,
2025-11-24 13:00:00,Monday,13,0.033,0.857,0.000,0.000,0.000,0.000,0.890,
2025-11-24 14:00:00,Monday,14,0.034,0.873,0.000,0.000,0.000,0.000,0.907,
2025-11-24 15:00:00,Monday,15,0.022,0.670,0.000,0.000,0.000,0.000,0.692,
2025-11-24 16:00:00,Monday,16,0.030,0.863,0.000,0.000,0.000,0.000,0.893,
2025-11-24 17:00:00,Monday,17,0.036,0.675,0.102,0.000,0.051,0.000,0.864,
2025-11-24 18:00:00,Monday,18,0.030,0.709,0.072,0.362,0.035,0.000,1.208,
2025-11-24 19:00:00,Monday,19,0.027,0.806,0.113,0.000,0.032,0.348,1.326,zmywarka
2025-11-24 20:00:00,Monday,20,0.022,0.695,0.052,0.000,0.067,0.000,0.836,
2025-11-24 21:00:00,Monday,21,0.034,0.579,0.053,0.000,0.064,0.000,0.730,
2025-11-24 22:00:00,Monday,22,0.035,0.578,0.120,0.000,0.031,0.000,0.764,
2025-11-24 23:00:00,Monday,23,0.034,0.587,0.000,0.000,0.000,0.000,0.621,
2025-11-25 00:00:00,Tuesday,0,0.036,0.560,0.000,0.000,0.000,0.000,0.596,
2025-11-25 01:00:00,Tuesday,1,0.030,0.556,0.000,0.000,0.000,0.000,0.586,
2025-11-25 02:00:00,Tuesday,2,0.023,0.553,0.000,0.000,0.000,0.000,0.576,
2025-11-25 03:00:00,Tuesday,3,0.034,0.484,0.000,0.000,0.000,0.000,0.518,
2025-11-25 04:00:00,Tuesday,4,0.028,0.533,0.000,0.000,0.000,0.000,0.561,
2025-11-25 05:00:00,Tuesday,5,0.042,0.664,0.000,0.000,0.000,0.000,0.706,
2025-11-25 06:00:00,Tuesday,6,0.027,0.704,0.098,0.000,0.052,0.000,0.881,
2025-11-25 07:00:00,Tuesday,7,0.030,0.753,0.082,0.000,0.055,0.000,0.920,
2025-11-25 08:00:00,Tuesday,8,0.033,0.767,0.000,0.000,0.036,0.000,0.836,
2025-11-25 09:00:00,Tuesday,9,0.034,0.693,0.000,0.000,0.093,0.000,0.820,praca zdalna
2025-11-25 10:00:00,Tuesday,10,0.032,0.649,0.000,0.000,0.124,0.000,0.805,praca zdalna
2025-11-25 11:00:00,Tuesday,11,0.026,0.634,0.000,0.000,0.096,0.000,0.756,praca zdalna
2025-11-25 12:00:00,Tuesday,12,0.022,0.777,0.000,0.000,0.111,0.392,1.302,praca zdalna; pralka
2025-11-25 13:00:00,Tuesday,13,0.035,0.724,0.000,0.000,0.136,0.000,0.895,praca zdalna
2025-11-25 14:00:00,Tuesday,14,0.028,0.774,0.000,0.000,0.146,0.000,0.948,praca zdalna
2025-11-25 15:00:00,Tuesday,15,0.027,0.639,0.000,0.000,0.146,0.000,0.812,praca zdalna
2025-11-25 16:00:00,Tuesday,16,0.035,0.775,0.099,0.000,0.105,0.000,1.014,praca zdalna
2025-11-25 17:00:00,Tuesday,17,0.021,0.634,0.062,0.000,0.056,0.000,0.773,
2025-11-25 18:00:00,Tuesday,18,0.022,0.804,0.116,0.335,0.050,0.000,1.327,
2025-11-25 19:00:00,Tuesday,19,0.023,0.659,0.117,0.000,0.063,0.000,0.862,
2025-11-25 20:00:00,Tuesday,20,0.028,0.581,0.101,0.000,0.066,0.397,1.173,zmywarka
2025-11-25 21:00:00,Tuesday,21,0.030,0.612,0.056,0.000,0.057,0.000,0.755,
2025-11-25 22:00:00,Tuesday,22,0.026,0.639,0.048,0.000,0.052,0.000,0.765,
2025-11-25 23:00:00,Tuesday,23,0.022,0.628,0.000,0.000,0.000,0.000,0.650,
2025-11-26 00:00:00,Wednesday,0,0.032,0.594,0.000,0.000,0.000,0.000,0.626,wyjazd / nieobecność
2025-11-26 01:00:00,Wednesday,1,0.028,0.630,0.000,0.000,0.000,0.000,0.658,wyjazd / nieobecność
2025-11-26 02:00:00,Wednesday,2,0.028,0.574,0.000,0.000,0.000,0.000,0.602,wyjazd / nieobecność
2025-11-26 03:00:00,Wednesday,3,0.033,0.615,0.000,0.000,0.000,0.000,0.648,wyjazd / nieobecność
2025-11-26 04:00:00,Wednesday,4,0.020,0.580,0.000,0.000,0.000,0.000,0.600,wyjazd / nieobecność
2025-11-26 05:00:00,Wednesday,5,0.032,0.477,0.000,0.000,0.000,0.000,0.509,wyjazd / nieobecność
2025-11-26 06:00:00,Wednesday,6,0.023,0.623,0.000,0.000,0.000,0.000,0.646,wyjazd / nieobecność
2025-11-26 07:00:00,Wednesday,7,0.034,0.529,0.000,0.000,0.000,0.000,0.563,wyjazd / nieobecność
2025-11-26 08:00:00,Wednesday,8,0.028,0.600,0.000,0.000,0.000,0.000,0.628,wyjazd / nieobecność
2025-11-26 09:00:00,Wednesday,9,0.023,0.531,0.000,0.000,0.037,0.000,0.591,wyjazd / nieobecność; praca zdalna
2025-11-26 10:00:00,Wednesday,10,0.029,0.652,0.000,0.000,0.036,0.000,0.717,wyjazd / nieobecność; praca zdalna
2025-11-26 11:00:00,Wednesday,11,0.026,0.554,0.000,0.000,0.037,0.000,0.617,wyjazd / nieobecność; praca zdalna
2025-11-26 12:00:00,Wednesday,12,0.024,0.478,0.000,0.000,0.078,0.000,0.580,wyjazd / nieobecność; praca zdalna
2025-11-26 13:00:00,Wednesday,13,0.035,0.575,0.000,0.000,0.060,0.000,0.670,wyjazd / nieobecność; praca zdalna
2025-11-26 14:00:00,Wednesday,14,0.028,0.478,0.000,0.000,0.054,0.000,0.560,wyjazd / nieobecność; praca zdalna
2025-11-26 15:00:00,Wednesday,15,0.035,0.610,0.000,0.000,0.057,0.000,0.702,wyjazd / nieobecność; praca zdalna
2025-11-26 16:00:00,Wednesday,16,0.028,0.481,0.000,0.000,0.064,0.000,0.573,wyjazd / nieobecność; praca zdalna
2025-11-26 17:00:00,Wednesday,17,0.022,0.638,0.000,0.000,0.000,0.000,0.660,wyjazd / nieobecność
2025-11-26 18:00:00,Wednesday,18,0.029,0.528,0.000,0.000,0.000,0.000,0.557,wyjazd / nieobecność
2025-11-26 19:00:00,Wednesday,19,0.034,0.519,0.000,0.000,0.000,0.000,0.553,wyjazd / nieobecność
2025-11-26 20:00:00,Wednesday,20,0.024,0.664,0.000,0.000,0.000,0.000,0.688,wyjazd / nieobecność
2025-11-26 21:00:00,Wednesday,21,0.026,0.527,0.000,0.000,0.000,0.000,0.553,wyjazd / nieobecność
2025-11-26 22:00:00,Wednesday,22,0.029,0.720,0.000,0.000,0.000,0.000,0.749,wyjazd / nieobecność
2025-11-26 23:00:00,Wednesday,23,0.032,0.750,0.000,0.000,0.000,0.000,0.782,wyjazd / nieobecność
2025-11-27 00:00:00,Thursday,0,0.028,0.908,0.000,0.000,0.000,0.000,0.936,
2025-11-27 01:00:00,Thursday,1,0.028,0.698,0.000,0.000,0.000,0.000,0.726,
2025-11-27 02:00:00,Thursday,2,0.021,0.688,0.000,0.000,0.000,0.000,0.709,
2025-11-27 03:00:00,Thursday,3,0.022,0.682,0.000,0.000,0.000,0.000,0.704,
2025-11-27 04:00:00,Thursday,4,0.024,0.741,0.000,0.000,0.000,0.000,0.765,
2025-11-27 05:00:00,Thursday,5,0.036,0.788,0.000,0.000,0.000,0.000,0.824,
2025-11-27 06:00:00,Thursday,6,0.033,0.836,0.082,0.000,0.044,0.000,0.995,
2025-11-27 07:00:00,Thursday,7,0.030,0.848,0.093,0.000,0.057,0.000,1.028,
2025-11-27 08:00:00,Thursday,8,0.026,0.641,0.000,0.000,0.032,0.000,0.699,
2025-11-27 09:00:00,Thursday,9,0.032,0.666,0.000,0.000,0.000,0.000,0.698,
2025-11-27 10:00:00,Thursday,10,0.032,0.769,0.000,0.000,0.000,0.000,0.801,
2025-11-27 11:00:00,Thursday,11,0.030,0.794,0.000,0.000,0.000,0.000,0.824,
2025-11-27 12:00:00,Thursday,12,0.026,0.808,0.000,0.000,0.000,0.000,0.834,
2025-11-27 13:00:00,Thursday,13,0.030,0.644,0.000,0.000,0.000,0.000,0.674,
2025-11-27 14:00:00,Thursday,14,0.036,0.546,0.000,0.000,0.000,0.000,0.582,
2025-11-27 15:00:00,Thursday,15,0.024,0.598,0.000,0.000,0.000,0.000,0.622,
2025-11-27 16:00:00,Thursday,16,0.030,0.711,0.000,0.000,0.000,0.000,0.741,
2025-11-27 17:00:00,Thursday,17,0.028,0.724,0.086,0.342,0.056,0.000,1.236,
2025-11-27 18:00:00,Thursday,18,0.035,0.574,0.062,0.000,0.060,0.000,0.731,
2025-11-27 19:00:00,Thursday,19,0.025,0.622,0.089,0.000,0.030,0.000,0.766,
2025-11-27 20:00:00,Thursday,20,0.030,0.590,0.086,0.000,0.070,0.322,1.098,zmywarka
2025-11-27 21:00:00,Thursday,21,0.030,0.616,0.048,0.000,0.065,0.000,0.759,
2025-11-27 22:00:00,Thursday,22,0.033,0.531,0.065,0.000,0.043,0.000,0.672,
2025-11-27 23:00:00,Thursday,23,0.033,0.558,0.000,0.000,0.000,0.000,0.591,
2025-11-28 00:00:00,Friday,0,0.036,0.434,0.000,0.000,0.000,0.000,0.470,wyjazd / nieobecność
2025-11-28 01:00:00,Friday,1,0.028,0.373,0.000,0.000,0.000,0.000,0.401,wyjazd / nieobecność
2025-11-28 02:00:00,Friday,2,0.036,0.332,0.000,0.000,0.000,0.000,0.368,wyjazd / nieobecność
2025-11-28 03:00:00,Friday,3,0.036,0.384,0.000,0.000,0.000,0.000,0.420,wyjazd / nieobecność
2025-11-28 04:00:00,Friday,4,0.023,0.347,0.000,0.000,0.000,0.000,0.370,wyjazd / nieobecność
2025-11-28 05:00:00,Friday,5,0.030,0.326,0.000,0.000,0.000,0.000,0.356,wyjazd / nieobecność
2025-11-28 06:00:00,Friday,6,0.033,0.352,0.000,0.000,0.000,0.000,0.385,wyjazd / nieobecność
2025-11-28 07:00:00,Friday,7,0.021,0.392,0.000,0.000,0.000,0.000,0.413,wyjazd / nieobecność
2025-11-28 08:00:00,Friday,8,0.029,0.334,0.000,0.000,0.000,0.000,0.363,wyjazd / nieobecność
2025-11-28 09:00:00,Friday,9,0.034,0.310,0.000,0.000,0.000,0.000,0.344,wyjazd / nieobecność
2025-11-28 10:00:00,Friday,10,0.028,0.318,0.000,0.000,0.000,0.000,0.346,wyjazd / nieobecność
2025-11-28 11:00:00,Friday,11,0.026,0.305,0.000,0.000,0.000,0.000,0.331,wyjazd / nieobecność
2025-11-28 12:00:00,Friday,12,0.029,0.356,0.000,0.000,0.000,0.000,0.385,wyjazd / nieobecność
2025-11-28 13:00:00,Friday,13,0.026,0.326,0.000,0.000,0.000,0.000,0.352,wyjazd / nieobecność
2025-11-28 14:00:00,Friday,14,0.026,0.327,0.000,0.000,0.000,0.000,0.353,wyjazd / nieobecność
2025-11-28 15:00:00,Friday,15,0.034,0.348,0.000,0.000,0.000,0.000,0.382,wyjazd / nieobecność
2025-11-28 16:00:00,Friday,16,0.035,0.363,0.000,0.000,0.000,0.000,0.398,wyjazd / nieobecność
2025-11-28 17:00:00,Friday,17,0.032,0.371,0.000,0.000,0.000,0.000,0.403,wyjazd / nieobecność
2025-11-28 18:00:00,Friday,18,0.027,0.327,0.000,0.000,0.000,0.000,0.354,wyjazd / nieobecność
2025-11-28 19:00:00,Friday,19,0.034,0.336,0.000,0.000,0.000,0.000,0.370,wyjazd / nieobecność
2025-11-28 20:00:00,Friday,20,0.031,0.306,0.000,0.000,0.000,0.000,0.337,wyjazd / nieobecność
2025-11-28 21:00:00,Friday,21,0.025,0.318,0.000,0.000,0.000,0.000,0.343,wyjazd / nieobecność
2025-11-28 22:00:00,Friday,22,0.031,0.352,0.000,0.000,0.000,0.000,0.383,wyjazd / nieobecność
2025-11-28 23:00:00,Friday,23,0.026,0.343,0.000,0.000,0.000,0.000,0.369,wyjazd / nieobecność
2025-11-29 00:00:00,Saturday,0,0.032,0.465,0.000,0.000,0.000,0.000,0.497,
2025-11-29 01:00:00,Saturday,1,0.038,0.472,0.000,0.000,0.000,0.000,0.510,
2025-11-29 02:00:00,Saturday,2,0.028,0.424,0.000,0.000,0.000,0.000,0.452,
2025-11-29 03:00:00,Saturday,3,0.021,0.431,0.000,0.000,0.000,0.000,0.452,
2025-11-29 04:00:00,Saturday,4,0.043,0.450,0.000,0.000,0.000,0.000,0.493,
2025-11-29 05:00:00,Saturday,5,0.027,0.457,0.000,0.000,0.000,0.000,0.484,
2025-11-29 06:00:00,Saturday,6,0.035,0.522,0.042,0.000,0.041,0.000,0.640,goście
2025-11-29 07:00:00,Saturday,7,0.035,0.494,0.040,0.000,0.068,0.000,0.637,goście
2025-11-29 08:00:00,Saturday,8,0.021,0.552,0.000,0.000,0.035,0.000,0.608,goście
2025-11-29 09:00:00,Saturday,9,0.024,0.451,0.000,0.000,0.000,0.000,0.475,
2025-11-29 10:00:00,Saturday,10,0.036,0.449,0.000,0.000,0.000,0.000,0.485,
2025-11-29 11:00:00,Saturday,11,0.031,0.444,0.000,0.000,0.000,0.000,0.475,
2025-11-29 12:00:00,Saturday,12,0.024,0.448,0.000,0.000,0.000,0.000,0.472,
2025-11-29 13:00:00,Saturday,13,0.023,0.420,0.000,0.000,0.000,0.000,0.443,
2025-11-29 14:00:00,Saturday,14,0.027,0.512,0.000,0.000,0.000,0.468,1.007,zmywarka
2025-11-29 15:00:00,Saturday,15,0.024,0.542,0.000,0.000,0.000,0.000,0.566,
2025-11-29 16:00:00,Saturday,16,0.035,0.491,0.000,0.000,0.000,0.000,0.526,
2025-11-29 17:00:00,Saturday,17,0.031,0.512,0.110,0.000,0.055,0.000,0.708,goście
2025-11-29 18:00:00,Saturday,18,0.035,0.486,0.116,0.865,0.049,0.000,1.551,goście
2025-11-29 19:00:00,Saturday,19,0.032,0.555,0.094,0.000,0.065,0.000,0.746,goście
2025-11-29 20:00:00,Saturday,20,0.024,0.425,0.080,0.000,0.066,0.000,0.595,goście
2025-11-29 21:00:00,Saturday,21,0.031,0.461,0.043,0.000,0.040,0.000,0.575,goście
2025-11-29 22:00:00,Saturday,22,0.024,0.393,0.050,0.000,0.043,0.000,0.510,goście
2025-11-29 23:00:00,Saturday,23,0.032,0.377,0.000,0.000,0.000,0.000,0.409,
2025-11-30 00:00:00,Sunday,0,0.029,0.492,0.000,0.000,0.000,0.000,0.521,
2025-11-30 01:00:00,Sunday,1,0.024,0.413,0.000,0.000,0.000,0.000,0.437,
2025-11-30 02:00:00,Sunday,2,0.021,0.487,0.000,0.000,0.000,0.000,0.508,
2025-11-30 03:00:00,Sunday,3,0.032,0.460,0.000,0.000,0.000,0.000,0.492,
2025-11-30 04:00:00,Sunday,4,0.022,0.460,0.000,0.000,0.000,0.000,0.482,
2025-11-30 05:00:00,Sunday,5,0.030,0.413,0.000,0.000,0.000,0.000,0.443,
2025-11-30 06:00:00,Sunday,6,0.026,0.536,0.080,0.000,0.065,0.000,0.707,
2025-11-30 07:00:00,Sunday,7,0.029,0.522,0.084,0.000,0.064,0.000,0.699,
2025-11-30 08:00:00,Sunday,8,0.028,0.537,0.000,0.000,0.046,0.000,0.611,
2025-11-30 09:00:00,Sunday,9,0.036,0.542,0.000,0.000,0.000,0.000,0.578,
2025-11-30 10:00:00,Sunday,10,0.027,0.480,0.000,0.000,0.000,0.000,0.507,
2025-11-30 11:00:00,Sunday,11,0.033,0.434,0.000,0.000,0.000,0.000,0.467,
2025-11-30 12:00:00,Sunday,12,0.031,0.456,0.000,0.000,0.000,0.000,0.487,
2025-11-30 13:00:00,Sunday,13,0.020,0.478,0.000,0.000,0.000,0.328,0.826,zmywarka
2025-11-30 14:00:00,Sunday,14,0.028,0.540,0.000,0.000,0.000,0.000,0.568,
2025-11-30 15:00:00,Sunday,15,0.033,0.510,0.000,0.000,0.000,0.000,0.543,
2025-11-30 16:00:00,Sunday,16,0.029,0.530,0.000,0.000,0.000,0.000,0.559,
2025-11-30 17:00:00,Sunday,17,0.023,0.433,0.064,0.000,0.062,0.000,0.582,
2025-11-30 18:00:00,Sunday,18,0.026,0.590,0.087,0.294,0.039,0.000,1.036,
2025-11-30 19:00:00,Sunday,19,0.032,0.539,0.080,0.000,0.041,0.000,0.692,
2025-11-30 20:00:00,Sunday,20,0.020,0.543,0.080,0.000,0.052,0.000,0.695,
2025-11-30 21:00:00,Sunday,21,0.022,0.542,0.118,0.000,0.043,0.000,0.725,
2025-11-30 22:00:00,Sunday,22,0.022,0.480,0.082,0.000,0.061,0.000,0.645,
2025-11-30 23:00:00,Sunday,23,0.025,0.476,0.000,0.000,0.000,0.000,0.501,
2025-12-01 00:00:00,Monday,0,0.027,0.444,0.000,0.000,0.000,0.000,0.471,
2025-12-01 01:00:00,Monday,1,0.024,0.534,0.000,0.000,0.000,0.000,0.558,
2025-12-01 02:00:00,Monday,2,0.035,0.416,0.000,0.000,0.000,0.000,0.451,
2025-12-01 03:00:00,Monday,3,0.039,0.468,0.000,0.000,0.000,0.000,0.507,
2025-12-01 04:00:00,Monday,4,0.027,0.534,0.000,0.000,0.000,0.000,0.561,
2025-12-01 05:00:00,Monday,5,0.026,0.538,0.000,0.000,0.000,0.000,0.564,
2025-12-01 06:00:00,Monday,6,0.026,0.623,0.046,0.000,0.036,0.000,0.731,
2025-12-01 07:00:00,Monday,7,0.028,0.543,0.072,0.000,0.058,0.000,0.701,
2025-12-01 08:00:00,Monday,8,0.034,0.595,0.082,0.000,0.053,0.000,0.764,
2025-12-01 09:00:00,Monday,9,0.031,0.619,0.000,0.000,0.000,0.000,0.650,
2025-12-01 10:00:00,Monday,10,0.035,0.670,0.000,0.000,0.000,0.000,0.705,
2025-12-01 11:00:00,Monday,11,0.024,0.572,0.000,0.000,0.000,0.000,0.596,
2025-12-01 12:00:00,Monday,12,0.034,0.636,0.000,0.000,0.000,0.000,0.670,
2025-12-01 13:00:00,Monday,13,0.027,0.570,0.000,0.000,0.000,0.000,0.597,
2025-12-01 14:00:00,Monday,14,0.033,0.595,0.000,0.000,0.000,0.000,0.628,
2025-12-01 15:00:00,Monday,15,0.032,0.616,0.000,0.000,0.000,0.000,0.648,
2025-12-01 16:00:00,Monday,16,0.032,0.555,0.000,0.000,0.000,0.000,0.587,
2025-12-01 17:00:00,Monday,17,0.028,0.531,0.064,0.000,0.042,0.000,0.665,
2025-12-01 18:00:00,Monday,18,0.025,0.538,0.061,0.408,0.040,0.000,1.072,
2025-12-01 19:00:00,Monday,19,0.034,0.643,0.100,0.000,0.070,0.000,0.847,
2025-12-01 20:00:00,Monday,20,0.020,0.527,0.053,0.000,0.037,0.371,1.008,zmywarka
2025-12-01 21:00:00,Monday,21,0.034,0.536,0.079,0.000,0.046,0.000,0.695,
2025-12-01 22:00:00,Monday,22,0.032,0.536,0.104,0.000,0.045,0.000,0.717,
2025-12-01 23:00:00,Monday,23,0.037,0.534,0.000,0.000,0.000,0.000,0.571,
2025-12-02 00:00:00,Tuesday,0,0.044,0.563,0.000,0.000,0.000,0.000,0.607,
2025-12-02 01:00:00,Tuesday,1,0.033,0.572,0.000,0.000,0.000,0.000,0.605,
2025-12-02 02:00:00,Tuesday,2,0.038,0.562,0.000,0.000,0.000,0.000,0.600,
2025-12-02 03:00:00,Tuesday,3,0.032,0.531,0.000,0.000,0.000,0.000,0.563,
2025-12-02 04:00:00,Tuesday,4,0.030,0.532,0.000,0.000,0.000,0.000,0.562,
2025-12-02 05:00:00,Tuesday,5,0.021,0.476,0.000,0.000,0.000,0.000,0.497,
2025-12-02 06:00:00,Tuesday,6,0.028,0.669,0.085,0.000,0.046,0.000,0.828,
2025-12-02 07:00:00,Tuesday,7,0.021,0.570,0.045,0.000,0.032,0.000,0.668,
2025-12-02 08:00:00,Tuesday,8,0.024,0.634,0.062,0.000,0.065,0.000,0.785,
2025-12-02 09:00:00,Tuesday,9,0.026,0.613,0.000,0.000,0.098,0.000,0.737,praca zdalna
2025-12-02 10:00:00,Tuesday,10,0.034,0.602,0.000,0.000,0.108,0.000,0.744,praca zdalna
2025-12-02 11:00:00,Tuesday,11,0.023,0.676,0.000,0.000,0.106,0.000,0.805,praca zdalna
2025-12-02 12:00:00,Tuesday,12,0.034,0.546,0.000,0.000,0.087,0.000,0.667,praca zdalna
2025-12-02 13:00:00,Tuesday,13,0.035,0.621,0.000,0.000,0.095,0.000,0.751,praca zdalna
2025-12-02 14:00:00,Tuesday,14,0.023,0.566,0.000,0.000,0.112,0.000,0.701,praca zdalna
2025-12-02 15:00:00,Tuesday,15,0.029,0.563,0.046,0.000,0.083,0.000,0.721,praca zdalna
2025-12-02 16:00:00,Tuesday,16,0.027,0.604,0.108,0.000,0.110,0.000,0.849,praca zdalna
2025-12-02 17:00:00,Tuesday,17,0.029,0.642,0.118,0.340,0.059,0.000,1.188,
2025-12-02 18:00:00,Tuesday,18,0.030,0.678,0.053,0.000,0.070,0.000,0.831,
2025-12-02 19:00:00,Tuesday,19,0.028,0.676,0.040,0.000,0.066,0.343,1.153,zmywarka
2025-12-02 20:00:00,Tuesday,20,0.025,0.525,0.108,0.000,0.039,0.000,0.697,
2025-12-02 21:00:00,Tuesday,21,0.028,0.632,0.112,0.000,0.053,0.000,0.825,
2025-12-02 22:00:00,Tuesday,22,0.026,0.541,0.048,0.000,0.070,0.000,0.685,
2025-12-02 23:00:00,Tuesday,23,0.031,0.495,0.000,0.000,0.000,0.000,0.526,
2025-12-03 00:00:00,Wednesday,0,0.023,0.553,0.000,0.000,0.000,0.000,0.576,
2025-12-03 01:00:00,Wednesday,1,0.027,0.562,0.000,0.000,0.000,0.000,0.589,
2025-12-03 02:00:00,Wednesday,2,0.026,0.586,0.000,0.000,0.000,0.000,0.612,
2025-12-03 03:00:00,Wednesday,3,0.030,0.548,0.000,0.000,0.000,0.000,0.578,
2025-12-03 04:00:00,Wednesday,4,0.031,0.549,0.000,0.000,0.000,0.000,0.580,
2025-12-03 05:00:00,Wednesday,5,0.036,0.557,0.000,0.000,0.000,0.000,0.593,
2025-12-03 06:00:00,Wednesday,6,0.026,0.678,0.116,0.000,0.042,0.000,0.862,
2025-12-03 07:00:00,Wednesday,7,0.035,0.578,0.079,0.000,0.066,0.000,0.758,
2025-12-03 08:00:00,Wednesday,8,0.028,0.585,0.083,0.000,0.063,0.000,0.759,
2025-12-03 09:00:00,Wednesday,9,0.028,0.656,0.000,0.000,0.000,0.337,1.021,pralka
2025-12-03 10:00:00,Wednesday,10,0.031,0.664,0.000,0.000,0.000,0.000,0.695,
2025-12-03 11:00:00,Wednesday,11,0.035,0.653,0.000,0.000,0.000,0.000,0.688,
2025-12-03 12:00:00,Wednesday,12,0.025,0.532,0.000,0.000,0.000,0.000,0.557,
2025-12-03 13:00:00,Wednesday,13,0.020,0.597,0.000,0.000,0.000,0.000,0.617,
2025-12-03 14:00:00,Wednesday,14,0.036,0.518,0.000,0.000,0.000,0.000,0.554,
2025-12-03 15:00:00,Wednesday,15,0.024,0.536,0.000,0.000,0.000,0.000,0.560,
2025-12-03 16:00:00,Wednesday,16,0.031,0.581,0.000,0.000,0.000,0.000,0.612,
2025-12-03 17:00:00,Wednesday,17,0.020,0.598,0.093,0.000,0.046,0.000,0.757,
2025-12-03 18:00:00,Wednesday,18,0.028,0.580,0.065,0.663,0.068,0.000,1.404,
2025-12-03 19:00:00,Wednesday,19,0.024,0.625,0.068,0.000,0.044,0.476,1.237,zmywarka
2025-12-03 20:00:00,Wednesday,20,0.025,0.532,0.119,0.000,0.037,0.000,0.713,
2025-12-03 21:00:00,Wednesday,21,0.020,0.521,0.088,0.000,0.044,0.000,0.673,
2025-12-03 22:00:00,Wednesday,22,0.033,0.562,0.083,0.000,0.037,0.000,0.715,
2025-12-03 23:00:00,Wednesday,23,0.023,0.528,0.000,0.000,0.000,0.000,0.551,
2025-12-04 00:00:00,Thursday,0,0.028,0.564,0.000,0.000,0.000,0.000,0.592,
2025-12-04 01:00:00,Thursday,1,0.034,0.590,0.000,0.000,0.000,0.000,0.624,
2025-12-04 02:00:00,Thursday,2,0.043,0.473,0.000,0.000,0.000,0.000,0.516,
2025-12-04 03:00:00,Thursday,3,0.034,0.434,0.000,0.000,0.000,0.000,0.468,
2025-12-04 04:00:00,Thursday,4,0.032,0.491,0.000,0.000,0.000,0.000,0.523,
2025-12-04 05:00:00,Thursday,5,0.028,0.567,0.000,0.000,0.000,0.000,0.595,
2025-12-04 06:00:00,Thursday,6,0.033,0.492,0.064,0.000,0.057,0.000,0.646,
2025-12-04 07:00:00,Thursday,7,0.022,0.555,0.119,0.000,0.049,0.000,0.745,
2025-12-04 08:00:00,Thursday,8,0.029,0.498,0.078,0.000,0.069,0.000,0.674,
2025-12-04 09:00:00,Thursday,9,0.036,0.518,0.000,0.000,0.000,0.000,0.554,
2025-12-04 10:00:00,Thursday,10,0.026,0.628,0.000,0.000,0.000,0.000,0.654,
2025-12-04 11:00:00,Thursday,11,0.024,0.519,0.000,0.000,0.000,0.000,0.543,
2025-12-04 12:00:00,Thursday,12,0.021,0.593,0.000,0.000,0.000,0.000,0.614,
2025-12-04 13:00:00,Thursday,13,0.027,0.625,0.000,0.000,0.000,0.000,0.652,
2025-12-04 14:00:00,Thursday,14,0.022,0.575,0.000,0.000,0.000,0.000,0.597,
2025-12-04 15:00:00,Thursday,15,0.021,0.550,0.000,0.000,0.000,0.000,0.571,
2025-12-04 16:00:00,Thursday,16,0.034,0.546,0.000,0.000,0.000,0.000,0.580,
2025-12-04 17:00:00,Thursday,17,0.024,0.728,0.117,0.000,0.050,0.000,0.919,
2025-12-04 18:00:00,Thursday,18,0.034,0.724,0.064,0.380,0.036,0.000,1.238,
2025-12-04 19:00:00,Thursday,19,0.036,0.559,0.054,0.000,0.051,0.380,1.080,zmywarka
2025-12-04 20:00:00,Thursday,20,0.026,0.603,0.044,0.000,0.060,0.000,0.733,
2025-12-04 21:00:00,Thursday,21,0.030,0.530,0.118,0.000,0.056,0.000,0.734,
2025-12-04 22:00:00,Thursday,22,0.027,0.576,0.099,0.000,0.043,0.000,0.745,
2025-12-04 23:00:00,Thursday,23,0.032,0.507,0.000,0.000,0.000,0.000,0.539,
2025-12-05 00:00:00,Friday,0,0.040,0.556,0.000,0.000,0.000,0.000,0.596,
2025-12-05 01:00:00,Friday,1,0.026,0.620,0.000,0.000,0.000,0.000,0.646,
2025-12-05 02:00:00,Friday,2,0.039,0.493,0.000,0.000,0.000,0.000,0.532,
2025-12-05 03:00:00,Friday,3,0.043,0.600,0.000,0.000,0.000,0.000,0.643,
2025-12-05 04:00:00,Friday,4,0.033,0.575,0.000,0.000,0.000,0.000,0.608,
2025-12-05 05:00:00,Friday,5,0.033,0.532,0.000,0.000,0.000,0.000,0.565,
2025-12-05 06:00:00,Friday,6,0.026,0.553,0.104,0.000,0.054,0.000,0.737,
2025-12-05 07:00:00,Friday,7,0.031,0.672,0.055,0.000,0.042,0.000,0.800,
2025-12-05 08:00:00,Friday,8,0.033,0.713,0.069,0.000,0.065,0.000,0.880,
2025-12-05 09:00:00,Friday,9,0.027,0.604,0.000,0.000,0.000,0.000,0.631,
2025-12-05 10:00:00,Friday,10,0.031,0.598,0.000,0.000,0.000,0.000,0.629,
2025-12-05 11:00:00,Friday,11,0.022,0.641,0.000,0.000,0.000,0.000,0.663,
2025-12-05 12:00:00,Friday,12,0.026,0.598,0.000,0.000,0.000,0.000,0.624,
2025-12-05 13:00:00,Friday,13,0.020,0.550,0.000,0.000,0.000,0.000,0.570,
2025-12-05 14:00:00,Friday,14,0.029,0.602,0.000,0.000,0.000,0.000,0.631,
2025-12-05 15:00:00,Friday,15,0.027,0.526,0.000,0.000,0.000,0.000,0.553,
2025-12-05 16:00:00,Friday,16,0.032,0.507,0.000,0.000,0.000,0.000,0.539,
2025-12-05 17:00:00,Friday,17,0.032,0.598,0.117,0.000,0.056,0.000,0.803,
2025-12-05 18:00:00,Friday,18,0.029,0.579,0.076,0.385,0.066,0.000,1.135,
2025-12-05 19:00:00,Friday,19,0.030,0.606,0.112,0.000,0.048,0.000,0.796,
2025-12-05 20:00:00,Friday,20,0.029,0.514,0.041,0.000,0.036,0.347,0.967,zmywarka
2025-12-05 21:00:00,Friday,21,0.028,0.577,0.098,0.000,0.068,0.000,0.771,
2025-12-05 22:00:00,Friday,22,0.029,0.566,0.100,0.000,0.046,0.000,0.741,
2025-12-05 23:00:00,Friday,23,0.037,0.475,0.000,0.000,0.000,0.000,0.512,
2025-12-06 00:00:00,Saturday,0,0.035,0.394,0.000,0.000,0.000,0.000,0.429,wyjazd / nieobecność
2025-12-06 01:00:00,Saturday,1,0.034,0.468,0.000,0.000,0.000,0.000,0.502,wyjazd / nieobecność
2025-12-06 02:00:00,Saturday,2,0.033,0.483,0.000,0.000,0.000,0.000,0.516,wyjazd / nieobecność
2025-12-06 03:00:00,Saturday,3,0.033,0.526,0.000,0.000,0.000,0.000,0.559,wyjazd / nieobecność
2025-12-06 04:00:00,Saturday,4,0.035,0.529,0.000,0.000,0.000,0.000,0.564,wyjazd / nieobecność
2025-12-06 05:00:00,Saturday,5,0.024,0.580,0.000,0.000,0.000,0.000,0.604,wyjazd / nieobecność
2025-12-06 06:00:00,Saturday,6,0.033,0.577,0.000,0.000,0.000,0.000,0.610,wyjazd / nieobecność
2025-12-06 07:00:00,Saturday,7,0.027,0.538,0.000,0.000,0.000,0.000,0.565,wyjazd / nieobecność
2025-12-06 08:00:00,Saturday,8,0.032,0.551,0.000,0.000,0.000,0.000,0.583,wyjazd / nieobecność
2025-12-06 09:00:00,Saturday,9,0.034,0.434,0.000,0.000,0.000,0.000,0.468,wyjazd / nieobecność
2025-12-06 10:00:00,Saturday,10,0.028,0.386,0.000,0.000,0.000,0.000,0.414,wyjazd / nieobecność
2025-12-06 11:00:00,Saturday,11,0.033,0.498,0.000,0.000,0.000,0.000,0.531,wyjazd / nieobecność
2025-12-06 12:00:00,Saturday,12,0.025,0.435,0.000,0.000,0.000,0.000,0.460,wyjazd / nieobecność
2025-12-06 13:00:00,Saturday,13,0.034,0.486,0.000,0.000,0.000,0.000,0.520,wyjazd / nieobecność
2025-12-06 14:00:00,Saturday,14,0.028,0.473,0.000,0.000,0.000,0.000,0.501,wyjazd / nieobecność
2025-12-06 15:00:00,Saturday,15,0.027,0.534,0.000,0.000,0.000,0.000,0.561,wyjazd / nieobecność
2025-12-06 16:00:00,Saturday,16,0.022,0.530,0.000,0.000,0.000,0.000,0.552,wyjazd / nieobecność
2025-12-06 17:00:00,Saturday,17,0.032,0.504,0.000,0.000,0.000,0.000,0.536,wyjazd / nieobecność
2025-12-06 18:00:00,Saturday,18,0.028,0.452,0.000,0.000,0.000,0.000,0.480,wyjazd / nieobecność
2025-12-06 19:00:00,Saturday,19,0.020,0.496,0.000,0.000,0.000,0.000,0.516,wyjazd / nieobecność
2025-12-06 20:00:00,Saturday,20,0.035,0.500,0.000,0.000,0.000,0.000,0.535,wyjazd / nieobecność
2025-12-06 21:00:00,Saturday,21,0.027,0.468,0.000,0.000,0.000,0.000,0.495,wyjazd / nieobecność
2025-12-06 22:00:00,Saturday,22,0.031,0.423,0.000,0.000,0.000,0.000,0.454,wyjazd / nieobecność
2025-12-06 23:00:00,Saturday,23,0.031,0.449,0.000,0.000,0.000,0.000,0.480,wyjazd / nieobecność
2025-12-07 00:00:00,Sunday,0,0.036,0.558,0.000,0.000,0.000,0.000,0.594,
2025-12-07 01:00:00,Sunday,1,0.020,0.565,0.000,0.000,0.000,0.000,0.585,
2025-12-07 02:00:00,Sunday,2,0.021,0.464,0.000,0.000,0.000,0.000,0.485,
2025-12-07 03:00:00,Sunday,3,0.035,0.597,0.000,0.000,0.000,0.000,0.632,
2025-12-07 04:00:00,Sunday,4,0.024,0.538,0.000,0.000,0.000,0.000,0.562,
2025-12-07 05:00:00,Sunday,5,0.023,0.487,0.000,0.000,0.000,0.000,0.510,
2025-12-07 06:00:00,Sunday,6,0.022,0.668,0.111,0.000,0.047,0.000,0.848,
2025-12-07 07:00:00,Sunday,7,0.022,0.555,0.058,0.000,0.040,0.000,0.675,
2025-12-07 08:00:00,Sunday,8,0.030,0.605,0.062,0.000,0.065,0.000,0.762,
2025-12-07 09:00:00,Sunday,9,0.020,0.631,0.000,0.000,0.000,0.000,0.651,
2025-12-07 10:00:00,Sunday,10,0.020,0.572,0.000,0.000,0.000,0.000,0.592,
2025-12-07 11:00:00,Sunday,11,0.033,0.487,0.000,0.000,0.000,0.000,0.520,
2025-12-07 12:00:00,Sunday,12,0.023,0.609,0.000,0.000,0.000,0.000,0.632,
2025-12-07 13:00:00,Sunday,13,0.032,0.530,0.000,0.000,0.000,0.000,0.562,
2025-12-07 14:00:00,Sunday,14,0.031,0.513,0.000,0.000,0.000,0.000,0.544,
2025-12-07 15:00:00,Sunday,15,0.026,0.507,0.000,0.000,0.000,0.000,0.533,
2025-12-07 16:00:00,Sunday,16,0.021,0.535,0.000,0.000,0.000,0.000,0.556,
2025-12-07 17:00:00,Sunday,17,0.020,0.578,0.066,0.000,0.044,0.000,0.708,
2025-12-07 18:00:00,Sunday,18,0.034,0.569,0.118,0.772,0.063,0.000,1.556,
2025-12-07 19:00:00,Sunday,19,0.034,0.621,0.108,0.000,0.042,0.000,0.805,
2025-12-07 20:00:00,Sunday,20,0.033,0.500,0.092,0.000,0.058,0.000,0.683,
2025-12-07 21:00:00,Sunday,21,0.024,0.596,0.108,0.000,0.065,0.000,0.793,
2025-12-07 22:00:00,Sunday,22,0.026,0.448,0.098,0.000,0.042,0.000,0.614,
2025-12-07 23:00:00,Sunday,23,0.026,0.471,0.000,0.000,0.000,0.000,0.497,
2025-12-08 00:00:00,Monday,0,0.036,0.486,0.000,0.000,0.000,0.000,0.522,
2025-12-08 01:00:00,Monday,1,0.024,0.467,0.000,0.000,0.000,0.000,0.491,
2025-12-08 02:00:00,Monday,2,0.032,0.490,0.000,0.000,0.000,0.000,0.522,
2025-12-08 03:00:00,Monday,3,0.039,0.384,0.000,0.000,0.000,0.000,0.423,
2025-12-08 04:00:00,Monday,4,0.030,0.447,0.000,0.000,0.000,0.000,0.477,
2025-12-08 05:00:00,Monday,5,0.043,0.495,0.000,0.000,0.000,0.000,0.538,
2025-12-08 06:00:00,Monday,6,0.027,0.470,0.052,0.000,0.042,0.000,0.591,
2025-12-08 07:00:00,Monday,7,0.028,0.472,0.040,0.000,0.047,0.000,0.587,
2025-12-08 08:00:00,Monday,8,0.027,0.445,0.060,0.000,0.036,0.000,0.568,
2025-12-08 09:00:00,Monday,9,0.025,0.391,0.000,0.000,0.000,0.000,0.416,
2025-12-08 10:00:00,Monday,10,0.028,0.388,0.000,0.000,0.000,0.000,0.416,
2025-12-08 11:00:00,Monday,11,0.023,0.463,0.000,0.000,0.000,0.000,0.486,
2025-12-08 12:00:00,Monday,12,0.022,0.416,0.000,0.000,0.000,0.000,0.438,
2025-12-08 13:00:00,Monday,13,0.022,0.417,0.000,0.000,0.000,0.000,0.439,
2025-12-08 14:00:00,Monday,14,0.023,0.400,0.000,0.000,0.000,0.000,0.423,
2025-12-08 15:00:00,Monday,15,0.020,0.467,0.000,0.000,0.000,0.000,0.487,
2025-12-08 16:00:00,Monday,16,0.030,0.363,0.000,0.000,0.000,0.000,0.393,
2025-12-08 17:00:00,Monday,17,0.027,0.382,0.040,0.654,0.043,0.000,1.146,
2025-12-08 18:00:00,Monday,18,0.032,0.454,0.064,0.000,0.044,0.000,0.594,
2025-12-08 19:00:00,Monday,19,0.026,0.467,0.073,0.000,0.069,0.347,0.982,zmywarka
2025-12-08 20:00:00,Monday,20,0.029,0.386,0.118,0.000,0.064,0.000,0.597,
2025-12-08 21:00:00,Monday,21,0.027,0.431,0.059,0.000,0.064,0.000,0.581,
2025-12-08 22:00:00,Monday,22,0.034,0.304,0.058,0.000,0.055,0.000,0.451,
2025-12-08 23:00:00,Monday,23,0.022,0.318,0.000,0.000,0.000,0.000,0.340,
2025-12-09 00:00:00,Tuesday,0,0.027,0.308,0.000,0.000,0.000,0.000,0.335,
2025-12-09 01:00:00,Tuesday,1,0.038,0.387,0.000,0.000,0.000,0.000,0.425,
2025-12-09 02:00:00,Tuesday,2,0.031,0.343,0.000,0.000,0.000,0.000,0.374,
2025-12-09 03:00:00,Tuesday,3,0.042,0.371,0.000,0.000,0.000,0.000,0.413,
2025-12-09 04:00:00,Tuesday,4,0.044,0.448,0.000,0.000,0.000,0.000,0.492,
2025-12-09 05:00:00,Tuesday,5,0.034,0.420,0.000,0.000,0.000,0.000,0.454,
2025-12-09 06:00:00,Tuesday,6,0.034,0.463,0.064,0.000,0.069,0.000,0.630,goście
2025-12-09 07:00:00,Tuesday,7,0.032,0.551,0.111,0.000,0.057,0.000,0.751,goście
2025-12-09 08:00:00,Tuesday,8,0.021,0.454,0.092,0.000,0.042,0.000,0.609,goście
2025-12-09 09:00:00,Tuesday,9,0.020,0.508,0.000,0.000,0.000,0.000,0.528,
2025-12-09 10:00:00,Tuesday,10,0.029,0.420,0.000,0.000,0.000,0.000,0.449,
2025-12-09 11:00:00,Tuesday,11,0.029,0.514,0.000,0.000,0.000,0.000,0.543,
2025-12-09 12:00:00,Tuesday,12,0.028,0.456,0.000,0.000,0.000,0.000,0.484,
2025-12-09 13:00:00,Tuesday,13,0.029,0.473,0.000,0.000,0.000,0.000,0.502,
2025-12-09 14:00:00,Tuesday,14,0.027,0.442,0.000,0.000,0.000,0.000,0.469,
2025-12-09 15:00:00,Tuesday,15,0.023,0.388,0.000,0.000,0.000,0.000,0.411,
2025-12-09 16:00:00,Tuesday,16,0.029,0.492,0.000,0.000,0.000,0.000,0.521,
2025-12-09 17:00:00,Tuesday,17,0.026,0.424,0.087,0.000,0.054,0.000,0.591,goście
2025-12-09 18:00:00,Tuesday,18,0.034,0.451,0.110,0.372,0.038,0.000,1.005,goście
2025-12-09 19:00:00,Tuesday,19,0.034,0.396,0.087,0.000,0.061,0.000,0.578,goście
2025-12-09 20:00:00,Tuesday,20,0.022,0.450,0.068,0.000,0.050,0.365,0.955,goście; zmywarka
2025-12-09 21:00:00,Tuesday,21,0.027,0.440,0.104,0.000,0.044,0.000,0.615,goście
2025-12-09 22:00:00,Tuesday,22,0.025,0.425,0.055,0.000,0.047,0.000,0.552,goście
2025-12-09 23:00:00,Tuesday,23,0.026,0.384,0.000,0.000,0.000,0.000,0.410,
2025-12-10 00:00:00,Wednesday,0,0.034,0.381,0.000,0.000,0.000,0.000,0.415,
2025-12-10 01:00:00,Wednesday,1,0.024,0.371,0.000,0.000,0.000,0.000,0.395,
2025-12-10 02:00:00,Wednesday,2,0.030,0.348,0.000,0.000,0.000,0.000,0.378,
2025-12-10 03:00:00,Wednesday,3,0.029,0.343,0.000,0.000,0.000,0.000,0.372,
2025-12-10 04:00:00,Wednesday,4,0.041,0.327,0.000,0.000,0.000,0.000,0.368,
2025-12-10 05:00:00,Wednesday,5,0.027,0.291,0.000,0.000,0.000,0.000,0.318,
2025-12-10 06:00:00,Wednesday,6,0.026,0.405,0.099,0.000,0.063,0.000,0.593,
2025-12-10 07:00:00,Wednesday,7,0.021,0.387,0.086,0.000,0.052,0.000,0.546,
2025-12-10 08:00:00,Wednesday,8,0.021,0.363,0.106,0.000,0.030,0.000,0.520,
2025-12-10 09:00:00,Wednesday,9,0.026,0.408,0.000,0.000,0.084,0.000,0.518,praca zdalna
2025-12-10 10:00:00,Wednesday,10,0.034,0.340,0.000,0.000,0.110,0.000,0.484,praca zdalna
2025-12-10 11:00:00,Wednesday,11,0.023,0.328,0.000,0.000,0.084,0.248,0.683,praca zdalna; pralka
2025-12-10 12:00:00,Wednesday,12,0.032,0.406,0.000,0.000,0.111,0.926,1.475,praca zdalna; suszarka
2025-12-10 13:00:00,Wednesday,13,0.034,0.329,0.000,0.000,0.089,0.000,0.452,praca zdalna
2025-12-10 14:00:00,Wednesday,14,0.034,0.323,0.000,0.000,0.123,0.000,0.480,praca zdalna
2025-12-10 15:00:00,Wednesday,15,0.036,0.427,0.093,0.000,0.100,0.000,0.656,praca zdalna
2025-12-10 16:00:00,Wednesday,16,0.020,0.343,0.084,0.000,0.120,0.000,0.567,praca zdalna
2025-12-10 17:00:00,Wednesday,17,0.028,0.420,0.047,0.000,0.054,0.000,0.549,
2025-12-10 18:00:00,Wednesday,18,0.031,0.388,0.114,0.322,0.059,0.000,0.914,
2025-12-10 19:00:00,Wednesday,19,0.031,0.444,0.044,0.000,0.034,0.000,0.553,
2025-12-10 20:00:00,Wednesday,20,0.032,0.375,0.089,0.000,0.040,0.420,0.956,zmywarka
2025-12-10 21:00:00,Wednesday,21,0.034,0.419,0.100,0.000,0.057,0.000,0.610,
2025-12-10 22:00:00,Wednesday,22,0.036,0.322,0.105,0.000,0.044,0.000,0.507,
2025-12-10 23:00:00,Wednesday,23,0.032,0.394,0.000,0.000,0.000,0.000,0.426,
2025-12-11 00:00:00,Thursday,0,0.031,0.364,0.000,0.000,0.000,0.000,0.395,
2025-12-11 01:00:00,Thursday,1,0.041,0.423,0.000,0.000,0.000,0.000,0.464,
2025-12-11 02:00:00,Thursday,2,0.026,0.410,0.000,0.000,0.000,0.000,0.436,
2025-12-11 03:00:00,Thursday,3,0.036,0.429,0.000,0.000,0.000,0.000,0.465,
2025-12-11 04:00:00,Thursday,4,0.032,0.384,0.000,0.000,0.000,0.000,0.416,
2025-12-11 05:00:00,Thursday,5,0.032,0.385,0.000,0.000,0.000,0.000,0.417,
2025-12-11 06:00:00,Thursday,6,0.026,0.446,0.042,0.000,0.056,0.000,0.570,
2025-12-11 07:00:00,Thursday,7,0.028,0.472,0.099,0.000,0.064,0.000,0.663,
2025-12-11 08:00:00,Thursday,8,0.028,0.486,0.082,0.000,0.049,0.000,0.645,
2025-12-11 09:00:00,Thursday,9,0.034,0.437,0.000,0.000,0.000,0.000,0.471,
2025-12-11 10:00:00,Thursday,10,0.024,0.410,0.000,0.000,0.000,0.000,0.434,
2025-12-11 11:00:00,Thursday,11,0.036,0.403,0.000,0.000,0.000,0.000,0.439,
2025-12-11 12:00:00,Thursday,12,0.031,0.380,0.000,0.000,0.000,0.000,0.411,
2025-12-11 13:00:00,Thursday,13,0.024,0.354,0.000,0.000,0.000,0.000,0.378,
2025-12-11 14:00:00,Thursday,14,0.032,0.436,0.000,0.000,0.000,0.000,0.468,
2025-12-11 15:00:00,Thursday,15,0.021,0.402,0.000,0.000,0.000,0.000,0.423,
2025-12-11 16:00:00,Thursday,16,0.024,0.418,0.000,0.000,0.000,0.000,0.442,
2025-12-11 17:00:00,Thursday,17,0.029,0.392,0.077,0.306,0.041,0.000,0.845,
2025-12-11 18:00:00,Thursday,18,0.024,0.468,0.086,0.000,0.032,0.000,0.610,
2025-12-11 19:00:00,Thursday,19,0.034,0.468,0.102,0.000,0.037,0.000,0.641,
2025-12-11 20:00:00,Thursday,20,0.034,0.472,0.119,0.000,0.061,0.409,1.095,zmywarka
2025-12-11 21:00:00,Thursday,21,0.021,0.477,0.090,0.000,0.058,0.000,0.646,
2025-12-11 22:00:00,Thursday,22,0.027,0.346,0.078,0.000,0.055,0.000,0.506,
2025-12-11 23:00:00,Thursday,23,0.037,0.419,0.000,0.000,0.000,0.000,0.456,
2025-12-12 00:00:00,Friday,0,0.023,0.401,0.000,0.000,0.000,0.000,0.424,
2025-12-12 01:00:00,Friday,1,0.029,0.450,0.000,0.000,0.000,0.000,0.479,
2025-12-12 02:00:00,Friday,2,0.026,0.421,0.000,0.000,0.000,0.000,0.447,
2025-12-12 03:00:00,Friday,3,0.024,0.404,0.000,0.000,0.000,0.000,0.428,
2025-12-12 04:00:00,Friday,4,0.028,0.433,0.000,0.000,0.000,0.000,0.461,
2025-12-12 05:00:00,Friday,5,0.030,0.447,0.000,0.000,0.000,0.000,0.477,
2025-12-12 06:00:00,Friday,6,0.032,0.516,0.094,0.000,0.061,0.000,0.703,
2025-12-12 07:00:00,Friday,7,0.022,0.470,0.086,0.000,0.056,0.000,0.634,
2025-12-12 08:00:00,Friday,8,0.033,0.450,0.061,0.000,0.046,0.000,0.590,
2025-12-12 09:00:00,Friday,9,0.022,0.461,0.000,0.000,0.122,0.000,0.605,praca zdalna
2025-12-12 10:00:00,Friday,10,0.022,0.521,0.000,0.000,0.138,0.000,0.681,praca zdalna
2025-12-12 11:00:00,Friday,11,0.034,0.496,0.000,0.000,0.103,0.000,0.633,praca zdalna
2025-12-12 12:00:00,Friday,12,0.030,0.483,0.000,0.000,0.120,0.000,0.633,praca zdalna
2025-12-12 13:00:00,Friday,13,0.023,0.454,0.000,0.000,0.068,0.000,0.545,praca zdalna
2025-12-12 14:00:00,Friday,14,0.025,0.524,0.000,0.000,0.128,0.000,0.677,praca zdalna
2025-12-12 15:00:00,Friday,15,0.028,0.465,0.115,0.000,0.094,0.000,0.702,praca zdalna
2025-12-12 16:00:00,Friday,16,0.029,0.468,0.120,0.000,0.106,0.000,0.723,praca zdalna
2025-12-12 17:00:00,Friday,17,0.032,0.446,0.099,0.421,0.054,0.000,1.052,
2025-12-12 18:00:00,Friday,18,0.036,0.497,0.103,0.000,0.041,0.000,0.677,
2025-12-12 19:00:00,Friday,19,0.026,0.548,0.118,0.000,0.067,0.000,0.759,
2025-12-12 20:00:00,Friday,20,0.025,0.470,0.054,0.000,0.069,0.455,1.073,zmywarka
2025-12-12 21:00:00,Friday,21,0.022,0.562,0.092,0.000,0.055,0.000,0.731,
2025-12-12 22:00:00,Friday,22,0.035,0.519,0.072,0.000,0.050,0.000,0.676,
2025-12-12 23:00:00,Friday,23,0.021,0.489,0.000,0.000,0.000,0.000,0.510,
2025-12-13 00:00:00,Saturday,0,0.025,0.402,0.000,0.000,0.000,0.000,0.427,wyjazd / nieobecność
2025-12-13 01:00:00,Saturday,1,0.032,0.414,0.000,0.000,0.000,0.000,0.446,wyjazd / nieobecność
2025-12-13 02:00:00,Saturday,2,0.020,0.456,0.000,0.000,0.000,0.000,0.476,wyjazd / nieobecność
2025-12-13 03:00:00,Saturday,3,0.023,0.500,0.000,0.000,0.000,0.000,0.523,wyjazd / nieobecność
2025-12-13 04:00:00,Saturday,4,0.025,0.418,0.000,0.000,0.000,0.000,0.443,wyjazd / nieobecność
2025-12-13 05:00:00,Saturday,5,0.031,0.480,0.000,0.000,0.000,0.000,0.511,wyjazd / nieobecność
2025-12-13 06:00:00,Saturday,6,0.030,0.420,0.000,0.000,0.000,0.000,0.450,wyjazd / nieobecność
2025-12-13 07:00:00,Saturday,7,0.030,0.385,0.000,0.000,0.000,0.000,0.415,wyjazd / nieobecność
2025-12-13 08:00:00,Saturday,8,0.027,0.379,0.000,0.000,0.000,0.000,0.406,wyjazd / nieobecność
2025-12-13 09:00:00,Saturday,9,0.025,0.416,0.000,0.000,0.000,0.000,0.441,wyjazd / nieobecność
2025-12-13 10:00:00,Saturday,10,0.024,0.416,0.000,0.000,0.000,0.000,0.440,wyjazd / nieobecność
2025-12-13 11:00:00,Saturday,11,0.031,0.376,0.000,0.000,0.000,0.000,0.407,wyjazd / nieobecność
2025-12-13 12:00:00,Saturday,12,0.033,0.296,0.000,0.000,0.000,0.000,0.329,wyjazd / nieobecność
2025-12-13 13:00:00,Saturday,13,0.025,0.339,0.000,0.000,0.000,0.000,0.364,wyjazd / nieobecność
2025-12-13 14:00:00,Saturday,14,0.026,0.293,0.000,0.000,0.000,0.000,0.319,wyjazd / nieobecność
2025-12-13 15:00:00,Saturday,15,0.031,0.263,0.000,0.000,0.000,0.000,0.294,wyjazd / nieobecność
2025-12-13 16:00:00,Saturday,16,0.023,0.332,0.000,0.000,0.000,0.000,0.355,wyjazd / nieobecność
2025-12-13 17:00:00,Saturday,17,0.024,0.411,0.000,0.000,0.000,0.000,0.435,wyjazd / nieobecność
2025-12-13 18:00:00,Saturday,18,0.028,0.413,0.000,0.000,0.000,0.000,0.441,wyjazd / nieobecność
2025-12-13 19:00:00,Saturday,19,0.033,0.413,0.000,0.000,0.000,0.000,0.446,wyjazd / nieobecność
2025-12-13 20:00:00,Saturday,20,0.024,0.373,0.000,0.000,0.000,0.000,0.397,wyjazd / nieobecność
2025-12-13 21:00:00,Saturday,21,0.032,0.431,0.000,0.000,0.000,0.000,0.463,wyjazd / nieobecność
2025-12-13 22:00:00,Saturday,22,0.025,0.442,0.000,0.000,0.000,0.000,0.467,wyjazd / nieobecność
2025-12-13 23:00:00,Saturday,23,0.032,0.426,0.000,0.000,0.000,0.000,0.458,wyjazd / nieobecność
2025-12-14 00:00:00,Sunday,0,0.028,0.581,0.000,0.000,0.000,0.000,0.609,
2025-12-14 01:00:00,Sunday,1,0.026,0.616,0.000,0.000,0.000,0.000,0.642,
2025-12-14 02:00:00,Sunday,2,0.041,0.565,0.000,0.000,0.000,0.000,0.606,
2025-12-14 03:00:00,Sunday,3,0.026,0.551,0.000,0.000,0.000,0.000,0.577,
2025-12-14 04:00:00,Sunday,4,0.032,0.501,0.000,0.000,0.000,0.000,0.533,
2025-12-14 05:00:00,Sunday,5,0.044,0.538,0.000,0.000,0.000,0.000,0.582,
2025-12-14 06:00:00,Sunday,6,0.023,0.588,0.112,0.000,0.038,0.000,0.761,
2025-12-14 07:00:00,Sunday,7,0.030,0.492,0.041,0.000,0.055,0.000,0.618,
2025-12-14 08:00:00,Sunday,8,0.031,0.472,0.084,0.000,0.033,0.000,0.620,
2025-12-14 09:00:00,Sunday,9,0.029,0.477,0.000,0.000,0.000,0.000,0.506,
2025-12-14 10:00:00,Sunday,10,0.031,0.548,0.000,0.000,0.000,0.000,0.579,
2025-12-14 11:00:00,Sunday,11,0.029,0.542,0.000,0.000,0.000,0.000,0.571,
2025-12-14 12:00:00,Sunday,12,0.028,0.538,0.000,0.000,0.000,0.000,0.566,
2025-12-14 13:00:00,Sunday,13,0.031,0.495,0.000,0.000,0.000,0.000,0.526,
2025-12-14 14:00:00,Sunday,14,0.035,0.551,0.000,0.000,0.000,0.454,1.040,zmywarka
2025-12-14 15:00:00,Sunday,15,0.031,0.496,0.000,0.000,0.000,0.000,0.527,
2025-12-14 16:00:00,Sunday,16,0.026,0.583,0.000,0.000,0.000,0.000,0.609,
2025-12-14 17:00:00,Sunday,17,0.035,0.617,0.098,0.382,0.060,0.000,1.192,
2025-12-14 18:00:00,Sunday,18,0.021,0.579,0.098,0.000,0.043,0.000,0.741,
2025-12-14 19:00:00,Sunday,19,0.021,0.610,0.067,0.000,0.070,0.000,0.768,
2025-12-14 20:00:00,Sunday,20,0.021,0.499,0.098,0.000,0.038,0.000,0.656,
2025-12-14 21:00:00,Sunday,21,0.022,0.585,0.055,0.000,0.047,0.000,0.709,
2025-12-14 22:00:00,Sunday,22,0.024,0.413,0.064,0.000,0.054,0.000,0.555,
2025-12-14 23:00:00,Sunday,23,0.030,0.441,0.000,0.000,0.000,0.000,0.471,
2025-12-15 00:00:00,Monday,0,0.034,0.443,0.000,0.000,0.000,0.000,0.477,
2025-12-15 01:00:00,Monday,1,0.028,0.453,0.000,0.000,0.000,0.000,0.481,
2025-12-15 02:00:00,Monday,2,0.033,0.458,0.000,0.000,0.000,0.000,0.491,
2025-12-15 03:00:00,Monday,3,0.022,0.415,0.000,0.000,0.000,0.000,0.437,
2025-12-15 04:00:00,Monday,4,0.028,0.412,0.000,0.000,0.000,0.000,0.440,
2025-12-15 05:00:00,Monday,5,0.032,0.494,0.000,0.000,0.000,0.000,0.526,
2025-12-15 06:00:00,Monday,6,0.023,0.610,0.113,0.000,0.068,0.000,0.814,
2025-12-15 07:00:00,Monday,7,0.033,0.504,0.078,0.000,0.052,0.000,0.667,
2025-12-15 08:00:00,Monday,8,0.032,0.457,0.093,0.000,0.038,0.000,0.620,
2025-12-15 09:00:00,Monday,9,0.021,0.509,0.000,0.000,0.000,0.000,0.530,
2025-12-15 10:00:00,Monday,10,0.034,0.488,0.000,0.000,0.000,0.000,0.522,
2025-12-15 11:00:00,Monday,11,0.023,0.507,0.000,0.000,0.000,0.000,0.530,
2025-12-15 12:00:00,Monday,12,0.029,0.538,0.000,0.000,0.000,0.000,0.567,
2025-12-15 13:00:00,Monday,13,0.028,0.477,0.000,0.000,0.000,0.000,0.505,
2025-12-15 14:00:00,Monday,14,0.030,0.553,0.000,0.000,0.000,0.000,0.583,
2025-12-15 15:00:00,Monday,15,0.029,0.485,0.000,0.000,0.000,0.000,0.514,
2025-12-15 16:00:00,Monday,16,0.031,0.454,0.000,0.000,0.000,0.000,0.485,
2025-12-15 17:00:00,Monday,17,0.036,0.563,0.101,0.358,0.031,0.000,1.089,
2025-12-15 18:00:00,Monday,18,0.020,0.526,0.042,0.000,0.036,0.000,0.624,
2025-12-15 19:00:00,Monday,19,0.023,0.638,0.107,0.000,0.052,0.390,1.210,zmywarka
2025-12-15 20:00:00,Monday,20,0.022,0.632,0.077,0.000,0.039,0.000,0.770,
2025-12-15 21:00:00,Monday,21,0.035,0.566,0.117,0.000,0.047,0.000,0.765,
2025-12-15 22:00:00,Monday,22,0.022,0.453,0.067,0.000,0.034,0.000,0.576,
2025-12-15 23:00:00,Monday,23,0.035,0.475,0.000,0.000,0.000,0.000,0.510,
2025-12-16 00:00:00,Tuesday,0,0.034,0.610,0.000,0.000,0.000,0.000,0.644,
2025-12-16 01:00:00,Tuesday,1,0.024,0.508,0.000,0.000,0.000,0.000,0.532,
2025-12-16 02:00:00,Tuesday,2,0.027,0.595,0.000,0.000,0.000,0.000,0.622,
2025-12-16 03:00:00,Tuesday,3,0.021,0.593,0.000,0.000,0.000,0.000,0.614,
2025-12-16 04:00:00,Tuesday,4,0.033,0.514,0.000,0.000,0.000,0.000,0.547,
2025-12-16 05:00:00,Tuesday,5,0.029,0.623,0.000,0.000,0.000,0.000,0.652,
2025-12-16 06:00:00,Tuesday,6,0.034,0.604,0.115,0.000,0.030,0.000,0.783,
2025-12-16 07:00:00,Tuesday,7,0.029,0.651,0.069,0.000,0.031,0.000,0.780,
2025-12-16 08:00:00,Tuesday,8,0.028,0.631,0.114,0.000,0.033,0.000,0.806,
2025-12-16 09:00:00,Tuesday,9,0.031,0.559,0.000,0.000,0.000,0.000,0.590,
2025-12-16 10:00:00,Tuesday,10,0.033,0.636,0.000,0.000,0.000,0.000,0.669,
2025-12-16 11:00:00,Tuesday,11,0.020,0.558,0.000,0.000,0.000,0.000,0.578,
2025-12-16 12:00:00,Tuesday,12,0.030,0.553,0.000,0.000,0.000,0.000,0.583,
2025-12-16 13:00:00,Tuesday,13,0.031,0.534,0.000,0.000,0.000,0.300,0.865,pralka
2025-12-16 14:00:00,Tuesday,14,0.029,0.498,0.000,0.000,0.000,0.827,1.354,suszarka
2025-12-16 15:00:00,Tuesday,15,0.030,0.493,0.000,0.000,0.000,0.000,0.523,
2025-12-16 16:00:00,Tuesday,16,0.023,0.523,0.000,0.000,0.000,0.000,0.546,
2025-12-16 17:00:00,Tuesday,17,0.022,0.592,0.064,0.000,0.043,0.000,0.721,
2025-12-16 18:00:00,Tuesday,18,0.028,0.607,0.116,0.471,0.054,0.000,1.276,
2025-12-16 19:00:00,Tuesday,19,0.031,0.571,0.091,0.000,0.045,0.444,1.182,zmywarka
2025-12-16 20:00:00,Tuesday,20,0.030,0.570,0.114,0.000,0.058,0.000,0.772,
2025-12-16 21:00:00,Tuesday,21,0.036,0.514,0.103,0.000,0.068,0.000,0.721,
2025-12-16 22:00:00,Tuesday,22,0.030,0.416,0.097,0.000,0.034,0.000,0.577,
2025-12-16 23:00:00,Tuesday,23,0.037,0.416,0.000,0.000,0.000,0.000,0.453,
2025-12-17 00:00:00,Wednesday,0,0.026,0.473,0.000,0.000,0.000,0.000,0.499,
2025-12-17 01:00:00,Wednesday,1,0.034,0.495,0.000,0.000,0.000,0.000,0.529,
2025-12-17 02:00:00,Wednesday,2,0.027,0.506,0.000,0.000,0.000,0.000,0.533,
2025-12-17 03:00:00,Wednesday,3,0.026,0.524,0.000,0.000,0.000,0.000,0.550,
2025-12-17 04:00:00,Wednesday,4,0.036,0.442,0.000,0.000,0.000,0.000,0.478,
2025-12-17 05:00:00,Wednesday,5,0.026,0.404,0.000,0.000,0.000,0.000,0.430,
2025-12-17 06:00:00,Wednesday,6,0.031,0.464,0.050,0.000,0.054,0.000,0.599,
2025-12-17 07:00:00,Wednesday,7,0.028,0.564,0.051,0.000,0.069,0.000,0.712,
2025-12-17 08:00:00,Wednesday,8,0.022,0.564,0.108,0.000,0.030,0.000,0.724,
2025-12-17 09:00:00,Wednesday,9,0.025,0.492,0.000,0.000,0.000,0.000,0.517,
2025-12-17 10:00:00,Wednesday,10,0.024,0.617,0.000,0.000,0.000,0.000,0.641,
2025-12-17 11:00:00,Wednesday,11,0.030,0.494,0.000,0.000,0.000,0.000,0.524,
2025-12-17 12:00:00,Wednesday,12,0.022,0.604,0.000,0.000,0.000,0.000,0.626,
2025-12-17 13:00:00,Wednesday,13,0.020,0.602,0.000,0.000,0.000,0.000,0.622,
2025-12-17 14:00:00,Wednesday,14,0.032,0.556,0.000,0.000,0.000,0.000,0.588,
2025-12-17 15:00:00,Wednesday,15,0.027,0.556,0.000,0.000,0.000,0.000,0.583,
2025-12-17 16:00:00,Wednesday,16,0.032,0.480,0.000,0.000,0.000,0.000,0.512,
2025-12-17 17:00:00,Wednesday,17,0.034,0.593,0.044,0.000,0.054,0.000,0.725,
2025-12-17 18:00:00,Wednesday,18,0.024,0.519,0.070,0.602,0.035,0.000,1.250,
2025-12-17 19:00:00,Wednesday,19,0.028,0.659,0.118,0.000,0.040,0.000,0.845,
2025-12-17 20:00:00,Wednesday,20,0.030,0.551,0.052,0.000,0.061,0.341,1.035,zmywarka
2025-12-17 21:00:00,Wednesday,21,0.022,0.603,0.070,0.000,0.033,0.000,0.728,
2025-12-17 22:00:00,Wednesday,22,0.028,0.458,0.099,0.000,0.056,0.000,0.641,
2025-12-17 23:00:00,Wednesday,23,0.030,0.425,0.000,0.000,0.000,0.000,0.455,
2025-12-18 00:00:00,Thursday,0,0.028,0.504,0.000,0.000,0.000,0.000,0.532,
2025-12-18 01:00:00,Thursday,1,0.032,0.378,0.000,0.000,0.000,0.000,0.410,
2025-12-18 02:00:00,Thursday,2,0.041,0.449,0.000,0.000,0.000,0.000,0.490,
2025-12-18 03:00:00,Thursday,3,0.034,0.511,0.000,0.000,0.000,0.000,0.545,
2025-12-18 04:00:00,Thursday,4,0.041,0.471,0.000,0.000,0.000,0.000,0.512,
2025-12-18 05:00:00,Thursday,5,0.030,0.430,0.000,0.000,0.000,0.000,0.460,
2025-12-18 06:00:00,Thursday,6,0.021,0.543,0.117,0.000,0.047,0.000,0.728,
2025-12-18 07:00:00,Thursday,7,0.024,0.535,0.073,0.000,0.050,0.000,0.682,
2025-12-18 08:00:00,Thursday,8,0.026,0.433,0.094,0.000,0.046,0.000,0.599,
2025-12-18 09:00:00,Thursday,9,0.020,0.481,0.000,0.000,0.000,0.000,0.501,
2025-12-18 10:00:00,Thursday,10,0.030,0.568,0.000,0.000,0.000,0.000,0.598,
2025-12-18 11:00:00,Thursday,11,0.021,0.550,0.000,0.000,0.000,0.000,0.571,
2025-12-18 12:00:00,Thursday,12,0.034,0.472,0.000,0.000,0.000,0.000,0.506,
2025-12-18 13:00:00,Thursday,13,0.027,0.496,0.000,0.000,0.000,0.000,0.523,
2025-12-18 14:00:00,Thursday,14,0.022,0.496,0.000,0.000,0.000,0.000,0.518,
2025-12-18 15:00:00,Thursday,15,0.033,0.547,0.000,0.000,0.000,0.000,0.580,
2025-12-18 16:00:00,Thursday,16,0.022,0.466,0.000,0.000,0.000,0.000,0.488,
2025-12-18 17:00:00,Thursday,17,0.026,0.577,0.064,0.000,0.031,0.000,0.698,
2025-12-18 18:00:00,Thursday,18,0.028,0.493,0.120,0.337,0.066,0.000,1.044,
2025-12-18 19:00:00,Thursday,19,0.023,0.492,0.050,0.000,0.038,0.388,0.991,zmywarka
2025-12-18 20:00:00,Thursday,20,0.020,0.538,0.090,0.000,0.054,0.000,0.702,
2025-12-18 21:00:00,Thursday,21,0.030,0.466,0.056,0.000,0.061,0.000,0.613,
2025-12-18 22:00:00,Thursday,22,0.028,0.450,0.110,0.000,0.042,0.000,0.630,
2025-12-18 23:00:00,Thursday,23,0.024,0.476,0.000,0.000,0.000,0.000,0.500,
2025-12-19 00:00:00,Friday,0,0.024,0.398,0.000,0.000,0.000,0.000,0.422,wyjazd / nieobecność
2025-12-19 01:00:00,Friday,1,0.034,0.352,0.000,0.000,0.000,0.000,0.386,wyjazd / nieobecność
2025-12-19 02:00:00,Friday,2,0.034,0.410,0.000,0.000,0.000,0.000,0.444,wyjazd / nieobecność
2025-12-19 03:00:00,Friday,3,0.022,0.358,0.000,0.000,0.000,0.000,0.380,wyjazd / nieobecność
2025-12-19 04:00:00,Friday,4,0.028,0.310,0.000,0.000,0.000,0.000,0.338,wyjazd / nieobecność
2025-12-19 05:00:00,Friday,5,0.030,0.350,0.000,0.000,0.000,0.000,0.380,wyjazd / nieobecność
2025-12-19 06:00:00,Friday,6,0.029,0.356,0.000,0.000,0.000,0.000,0.385,wyjazd / nieobecność
2025-12-19 07:00:00,Friday,7,0.034,0.312,0.000,0.000,0.000,0.000,0.346,wyjazd / nieobecność
2025-12-19 08:00:00,Friday,8,0.026,0.279,0.000,0.000,0.000,0.000,0.305,wyjazd / nieobecność
2025-12-19 09:00:00,Friday,9,0.033,0.274,0.000,0.000,0.000,0.000,0.307,wyjazd / nieobecność
2025-12-19 10:00:00,Friday,10,0.022,0.282,0.000,0.000,0.000,0.000,0.304,wyjazd / nieobecność
2025-12-19 11:00:00,Friday,11,0.030,0.290,0.000,0.000,0.000,0.000,0.320,wyjazd / nieobecność
2025-12-19 12:00:00,Friday,12,0.023,0.285,0.000,0.000,0.000,0.000,0.308,wyjazd / nieobecność
2025-12-19 13:00:00,Friday,13,0.025,0.290,0.000,0.000,0.000,0.000,0.315,wyjazd / nieobecność
2025-12-19 14:00:00,Friday,14,0.031,0.252,0.000,0.000,0.000,0.000,0.283,wyjazd / nieobecność
2025-12-19 15:00:00,Friday,15,0.027,0.305,0.000,0.000,0.000,0.000,0.332,wyjazd / nieobecność
2025-12-19 16:00:00,Friday,16,0.027,0.281,0.000,0.000,0.000,0.000,0.308,wyjazd / nieobecność
2025-12-19 17:00:00,Friday,17,0.035,0.262,0.000,0.000,0.000,0.000,0.297,wyjazd / nieobecność
2025-12-19 18:00:00,Friday,18,0.030,0.254,0.000,0.000,0.000,0.000,0.284,wyjazd / nieobecność
2025-12-19 19:00:00,Friday,19,0.029,0.266,0.000,0.000,0.000,0.000,0.295,wyjazd / nieobecność
2025-12-19 20:00:00,Friday,20,0.031,0.286,0.000,0.000,0.000,0.000,0.317,wyjazd / nieobecność
2025-12-19 21:00:00,Friday,21,0.030,0.263,0.000,0.000,0.000,0.000,0.293,wyjazd / nieobecność
2025-12-19 22:00:00,Friday,22,0.023,0.335,0.000,0.000,0.000,0.000,0.358,wyjazd / nieobecność
2025-12-19 23:00:00,Friday,23,0.024,0.347,0.000,0.000,0.000,0.000,0.371,wyjazd / nieobecność
2025-12-20 00:00:00,Saturday,0,0.022,0.408,0.000,0.000,0.000,0.000,0.430,
2025-12-20 01:00:00,Saturday,1,0.031,0.420,0.000,0.000,0.000,0.000,0.451,
2025-12-20 02:00:00,Saturday,2,0.040,0.512,0.000,0.000,0.000,0.000,0.552,
2025-12-20 03:00:00,Saturday,3,0.022,0.524,0.000,0.000,0.000,0.000,0.546,
2025-12-20 04:00:00,Saturday,4,0.041,0.457,0.000,0.000,0.000,0.000,0.498,
2025-12-20 05:00:00,Saturday,5,0.029,0.443,0.000,0.000,0.000,0.000,0.472,
2025-12-20 06:00:00,Saturday,6,0.028,0.608,0.095,0.000,0.038,0.000,0.769,goście
2025-12-20 07:00:00,Saturday,7,0.023,0.549,0.078,0.000,0.064,0.000,0.714,goście
2025-12-20 08:00:00,Saturday,8,0.029,0.551,0.106,0.000,0.037,0.000,0.723,goście
2025-12-20 09:00:00,Saturday,9,0.023,0.526,0.000,0.000,0.000,0.264,0.813,pralka
2025-12-20 10:00:00,Saturday,10,0.033,0.480,0.000,0.000,0.000,0.684,1.197,suszarka
2025-12-20 11:00:00,Saturday,11,0.028,0.487,0.000,0.000,0.000,0.000,0.515,
2025-12-20 12:00:00,Saturday,12,0.020,0.563,0.000,0.000,0.000,0.000,0.583,
2025-12-20 13:00:00,Saturday,13,0.024,0.556,0.000,0.000,0.000,0.000,0.580,
2025-12-20 14:00:00,Saturday,14,0.034,0.456,0.000,0.000,0.000,0.418,0.908,zmywarka
2025-12-20 15:00:00,Saturday,15,0.022,0.472,0.000,0.000,0.000,0.000,0.494,
2025-12-20 16:00:00,Saturday,16,0.024,0.498,0.000,0.000,0.000,0.000,0.522,
2025-12-20 17:00:00,Saturday,17,0.032,0.594,0.077,0.000,0.061,0.000,0.764,goście
2025-12-20 18:00:00,Saturday,18,0.025,0.496,0.088,0.397,0.050,0.000,1.056,goście
2025-12-20 19:00:00,Saturday,19,0.023,0.525,0.072,0.000,0.044,0.000,0.664,goście
2025-12-20 20:00:00,Saturday,20,0.033,0.485,0.053,0.000,0.054,0.000,0.625,goście
2025-12-20 21:00:00,Saturday,21,0.036,0.650,0.079,0.000,0.031,0.000,0.796,goście
2025-12-20 22:00:00,Saturday,22,0.028,0.532,0.050,0.000,0.055,0.000,0.665,goście
2025-12-20 23:00:00,Saturday,23,0.035,0.531,0.000,0.000,0.000,0.000,0.566,
2025-12-21 00:00:00,Sunday,0,0.030,0.620,0.000,0.000,0.000,0.000,0.650,
2025-12-21 01:00:00,Sunday,1,0.034,0.469,0.000,0.000,0.000,0.000,0.503,
2025-12-21 02:00:00,Sunday,2,0.030,0.594,0.000,0.000,0.000,0.000,0.624,
2025-12-21 03:00:00,Sunday,3,0.025,0.500,0.000,0.000,0.000,0.000,0.525,
2025-12-21 04:00:00,Sunday,4,0.021,0.642,0.000,0.000,0.000,0.000,0.663,
2025-12-21 05:00:00,Sunday,5,0.025,0.553,0.000,0.000,0.000,0.000,0.578,
2025-12-21 06:00:00,Sunday,6,0.035,0.653,0.104,0.000,0.052,0.000,0.844,goście
2025-12-21 07:00:00,Sunday,7,0.030,0.604,0.065,0.000,0.051,0.000,0.750,goście
2025-12-21 08:00:00,Sunday,8,0.022,0.651,0.043,0.000,0.045,0.000,0.761,goście
2025-12-21 09:00:00,Sunday,9,0.032,0.762,0.000,0.000,0.000,0.000,0.794,
2025-12-21 10:00:00,Sunday,10,0.022,0.747,0.000,0.000,0.000,0.000,0.769,
2025-12-21 11:00:00,Sunday,11,0.024,0.768,0.000,0.000,0.000,0.000,0.792,
2025-12-21 12:00:00,Sunday,12,0.027,0.650,0.000,0.000,0.000,0.000,0.677,
2025-12-21 13:00:00,Sunday,13,0.030,0.754,0.000,0.000,0.000,0.000,0.784,
2025-12-21 14:00:00,Sunday,14,0.033,0.726,0.000,0.000,0.000,0.000,0.759,
2025-12-21 15:00:00,Sunday,15,0.021,0.737,0.000,0.000,0.000,0.000,0.758,
2025-12-21 16:00:00,Sunday,16,0.022,0.630,0.000,0.000,0.000,0.000,0.652,
2025-12-21 17:00:00,Sunday,17,0.024,0.639,0.110,0.000,0.039,0.000,0.812,goście
2025-12-21 18:00:00,Sunday,18,0.033,0.643,0.113,0.459,0.048,0.000,1.296,goście
2025-12-21 19:00:00,Sunday,19,0.025,0.702,0.049,0.000,0.070,0.000,0.846,goście
2025-12-21 20:00:00,Sunday,20,0.028,0.702,0.064,0.000,0.043,0.000,0.837,goście
2025-12-21 21:00:00,Sunday,21,0.026,0.712,0.048,0.000,0.051,0.000,0.837,goście
2025-12-21 22:00:00,Sunday,22,0.022,0.540,0.108,0.000,0.045,0.000,0.715,goście
2025-12-21 23:00:00,Sunday,23,0.047,0.629,0.000,0.000,0.000,0.000,0.676,
2025-12-22 00:00:00,Monday,0,0.024,0.519,0.000,0.000,0.000,0.000,0.543,
2025-12-22 01:00:00,Monday,1,0.032,0.637,0.000,0.000,0.000,0.000,0.669,
2025-12-22 02:00:00,Monday,2,0.032,0.594,0.000,0.000,0.000,0.000,0.626,
2025-12-22 03:00:00,Monday,3,0.022,0.528,0.000,0.000,0.000,0.000,0.550,
2025-12-22 04:00:00,Monday,4,0.023,0.586,0.000,0.000,0.000,0.000,0.609,
2025-12-22 05:00:00,Monday,5,0.022,0.478,0.000,0.000,0.000,0.000,0.500,
2025-12-22 06:00:00,Monday,6,0.036,0.648,0.101,0.000,0.058,0.000,0.843,
2025-12-22 07:00:00,Monday,7,0.027,0.518,0.097,0.000,0.065,0.000,0.707,
2025-12-22 08:00:00,Monday,8,0.034,0.657,0.083,0.000,0.049,0.000,0.823,
2025-12-22 09:00:00,Monday,9,0.035,0.552,0.000,0.000,0.000,0.000,0.587,
2025-12-22 10:00:00,Monday,10,0.030,0.717,0.000,0.000,0.000,0.000,0.747,
2025-12-22 11:00:00,Monday,11,0.036,0.694,0.000,0.000,0.000,0.000,0.730,
2025-12-22 12:00:00,Monday,12,0.032,0.663,0.000,0.000,0.000,0.000,0.695,
2025-12-22 13:00:00,Monday,13,0.032,0.604,0.000,0.000,0.000,0.000,0.636,
2025-12-22 14:00:00,Monday,14,0.034,0.550,0.000,0.000,0.000,0.000,0.584,
2025-12-22 15:00:00,Monday,15,0.033,0.627,0.000,0.000,0.000,0.000,0.660,
2025-12-22 16:00:00,Monday,16,0.023,0.555,0.000,0.000,0.000,0.000,0.578,
2025-12-22 17:00:00,Monday,17,0.030,0.653,0.078,0.297,0.052,0.000,1.110,
2025-12-22 18:00:00,Monday,18,0.027,0.638,0.053,0.000,0.047,0.000,0.765,
2025-12-22 19:00:00,Monday,19,0.028,0.632,0.066,0.000,0.054,0.000,0.780,
2025-12-22 20:00:00,Monday,20,0.027,0.674,0.065,0.000,0.042,0.355,1.163,zmywarka
2025-12-22 21:00:00,Monday,21,0.025,0.667,0.072,0.000,0.051,0.000,0.815,
2025-12-22 22:00:00,Monday,22,0.028,0.524,0.116,0.000,0.054,0.000,0.722,
2025-12-22 23:00:00,Monday,23,0.029,0.543,0.000,0.000,0.000,0.000,0.572,
2025-12-23 00:00:00,Tuesday,0,0.040,0.502,0.000,0.000,0.000,0.000,0.542,
2025-12-23 01:00:00,Tuesday,1,0.043,0.543,0.000,0.000,0.000,0.000,0.586,
2025-12-23 02:00:00,Tuesday,2,0.032,0.540,0.000,0.000,0.000,0.000,0.572,
2025-12-23 03:00:00,Tuesday,3,0.023,0.514,0.000,0.000,0.000,0.000,0.537,
2025-12-23 04:00:00,Tuesday,4,0.029,0.715,0.000,0.000,0.000,0.000,0.744,
2025-12-23 05:00:00,Tuesday,5,0.038,0.686,0.000,0.000,0.000,0.000,0.724,
2025-12-23 06:00:00,Tuesday,6,0.032,0.690,0.095,0.000,0.039,0.000,0.856,
2025-12-23 07:00:00,Tuesday,7,0.029,0.748,0.096,0.000,0.040,0.000,0.913,
2025-12-23 08:00:00,Tuesday,8,0.028,0.702,0.084,0.000,0.035,0.000,0.849,
2025-12-23 09:00:00,Tuesday,9,0.028,0.633,0.000,0.000,0.135,0.000,0.796,praca zdalna
2025-12-23 10:00:00,Tuesday,10,0.033,0.708,0.000,0.000,0.122,0.000,0.863,praca zdalna
2025-12-23 11:00:00,Tuesday,11,0.030,0.677,0.000,0.000,0.105,0.000,0.812,praca zdalna
2025-12-23 12:00:00,Tuesday,12,0.034,0.728,0.000,0.000,0.090,0.000,0.852,praca zdalna
2025-12-23 13:00:00,Tuesday,13,0.026,0.604,0.000,0.000,0.132,0.000,0.762,praca zdalna
2025-12-23 14:00:00,Tuesday,14,0.028,0.748,0.000,0.000,0.080,0.377,1.233,praca zdalna; pralka
2025-12-23 15:00:00,Tuesday,15,0.029,0.797,0.000,0.000,0.076,0.703,1.605,praca zdalna; suszarka
2025-12-23 16:00:00,Tuesday,16,0.028,0.680,0.109,0.000,0.090,0.000,0.907,praca zdalna
2025-12-23 17:00:00,Tuesday,17,0.026,0.644,0.068,0.500,0.050,0.000,1.288,
2025-12-23 18:00:00,Tuesday,18,0.029,0.707,0.077,0.000,0.037,0.000,0.850,
2025-12-23 19:00:00,Tuesday,19,0.023,0.767,0.074,0.000,0.064,0.454,1.382,zmywarka
2025-12-23 20:00:00,Tuesday,20,0.033,0.788,0.059,0.000,0.032,0.000,0.912,
2025-12-23 21:00:00,Tuesday,21,0.030,0.839,0.069,0.000,0.050,0.000,0.988,
2025-12-23 22:00:00,Tuesday,22,0.025,0.876,0.119,0.000,0.069,0.000,1.089,
2025-12-23 23:00:00,Tuesday,23,0.021,0.798,0.000,0.000,0.000,0.000,0.819,
2025-12-24 00:00:00,Wednesday,0,0.030,0.948,0.000,0.000,0.000,0.000,0.978,
2025-12-24 01:00:00,Wednesday,1,0.046,0.763,0.000,0.000,0.000,0.000,0.809,
2025-12-24 02:00:00,Wednesday,2,0.021,0.884,0.000,0.000,0.000,0.000,0.905,
2025-12-24 03:00:00,Wednesday,3,0.030,0.756,0.000,0.000,0.000,0.000,0.786,
2025-12-24 04:00:00,Wednesday,4,0.026,0.916,0.000,0.000,0.000,0.000,0.942,
2025-12-24 05:00:00,Wednesday,5,0.028,0.855,0.000,0.000,0.000,0.000,0.883,
2025-12-24 06:00:00,Wednesday,6,0.034,0.947,0.101,0.000,0.037,0.000,1.119,
2025-12-24 07:00:00,Wednesday,7,0.026,0.900,0.099,0.000,0.031,0.000,1.056,
2025-12-24 08:00:00,Wednesday,8,0.036,1.016,0.102,0.000,0.061,0.000,1.215,
2025-12-24 09:00:00,Wednesday,9,0.020,0.895,0.000,0.000,0.000,0.000,0.915,
2025-12-24 10:00:00,Wednesday,10,0.029,0.923,0.000,0.000,0.000,0.000,0.952,
2025-12-24 11:00:00,Wednesday,11,0.024,1.048,0.000,0.000,0.000,0.000,1.072,
2025-12-24 12:00:00,Wednesday,12,0.023,0.958,0.000,0.000,0.000,0.000,0.981,
2025-12-24 13:00:00,Wednesday,13,0.035,0.964,0.000,0.000,0.000,0.000,0.999,
2025-12-24 14:00:00,Wednesday,14,0.023,0.877,0.000,0.000,0.000,0.000,0.900,
2025-12-24 15:00:00,Wednesday,15,0.022,0.830,0.000,0.000,0.000,0.000,0.852,
2025-12-24 16:00:00,Wednesday,16,0.026,0.856,0.000,0.000,0.000,0.000,0.882,
2025-12-24 17:00:00,Wednesday,17,0.030,0.955,0.058,0.000,0.039,0.000,1.082,
2025-12-24 18:00:00,Wednesday,18,0.022,1.087,0.056,0.401,0.066,0.000,1.632,
2025-12-24 19:00:00,Wednesday,19,0.034,0.998,0.060,0.000,0.062,0.345,1.499,zmywarka
2025-12-24 20:00:00,Wednesday,20,0.023,0.995,0.066,0.000,0.037,0.000,1.121,
2025-12-24 21:00:00,Wednesday,21,0.032,0.860,0.056,0.000,0.054,0.000,1.002,
2025-12-24 22:00:00,Wednesday,22,0.033,0.825,0.047,0.000,0.049,0.000,0.954,
2025-12-24 23:00:00,Wednesday,23,0.036,0.810,0.000,0.000,0.000,0.000,0.846,
2025-12-25 00:00:00,Thursday,0,0.032,0.900,0.000,0.000,0.000,0.000,0.932,
2025-12-25 01:00:00,Thursday,1,0.035,0.898,0.000,0.000,0.000,0.000,0.933,
2025-12-25 02:00:00,Thursday,2,0.034,0.853,0.000,0.000,0.000,0.000,0.887,
2025-12-25 03:00:00,Thursday,3,0.032,0.900,0.000,0.000,0.000,0.000,0.932,
2025-12-25 04:00:00,Thursday,4,0.032,0.927,0.000,0.000,0.000,0.000,0.959,
2025-12-25 05:00:00,Thursday,5,0.020,0.924,0.000,0.000,0.000,0.000,0.944,
2025-12-25 06:00:00,Thursday,6,0.020,0.941,0.090,0.000,0.039,0.000,1.090,
2025-12-25 07:00:00,Thursday,7,0.035,1.133,0.054,0.000,0.060,0.000,1.282,
2025-12-25 08:00:00,Thursday,8,0.021,1.020,0.074,0.000,0.035,0.000,1.150,
2025-12-25 09:00:00,Thursday,9,0.030,0.900,0.000,0.000,0.000,0.000,0.930,
2025-12-25 10:00:00,Thursday,10,0.020,1.100,0.000,0.000,0.000,0.000,1.120,
2025-12-25 11:00:00,Thursday,11,0.024,0.889,0.000,0.000,0.000,0.000,0.913,
2025-12-25 12:00:00,Thursday,12,0.035,0.884,0.000,0.000,0.000,0.000,0.919,
2025-12-25 13:00:00,Thursday,13,0.026,0.812,0.000,0.000,0.000,0.000,0.838,
2025-12-25 14:00:00,Thursday,14,0.022,0.826,0.000,0.000,0.000,0.000,0.848,
2025-12-25 15:00:00,Thursday,15,0.021,0.812,0.000,0.000,0.000,0.000,0.833,
2025-12-25 16:00:00,Thursday,16,0.022,0.994,0.000,0.000,0.000,0.000,1.016,
2025-12-25 17:00:00,Thursday,17,0.036,1.068,0.083,0.000,0.066,0.000,1.253,
2025-12-25 18:00:00,Thursday,18,0.025,0.846,0.072,0.258,0.049,0.000,1.250,
2025-12-25 19:00:00,Thursday,19,0.034,0.882,0.082,0.000,0.048,0.463,1.509,zmywarka
2025-12-25 20:00:00,Thursday,20,0.024,0.848,0.118,0.000,0.040,0.000,1.030,
2025-12-25 21:00:00,Thursday,21,0.029,1.035,0.081,0.000,0.064,0.000,1.209,
2025-12-25 22:00:00,Thursday,22,0.036,1.017,0.069,0.000,0.036,0.000,1.158,
2025-12-25 23:00:00,Thursday,23,0.036,0.910,0.000,0.000,0.000,0.000,0.946,
2025-12-26 00:00:00,Friday,0,0.036,0.990,0.000,0.000,0.000,0.000,1.026,
2025-12-26 01:00:00,Friday,1,0.028,0.891,0.000,0.000,0.000,0.000,0.919,
2025-12-26 02:00:00,Friday,2,0.047,0.963,0.000,0.000,0.000,0.000,1.010,
2025-12-26 03:00:00,Friday,3,0.032,0.832,0.000,0.000,0.000,0.000,0.864,
2025-12-26 04:00:00,Friday,4,0.034,0.724,0.000,0.000,0.000,0.000,0.758,
2025-12-26 05:00:00,Friday,5,0.034,0.717,0.000,0.000,0.000,0.000,0.751,
2025-12-26 06:00:00,Friday,6,0.023,0.901,0.103,0.000,0.066,0.000,1.093,
2025-12-26 07:00:00,Friday,7,0.021,0.747,0.064,0.000,0.046,0.000,0.878,
2025-12-26 08:00:00,Friday,8,0.022,0.600,0.078,0.000,0.038,0.000,0.738,
2025-12-26 09:00:00,Friday,9,0.029,0.742,0.000,0.000,0.118,0.000,0.889,praca zdalna
2025-12-26 10:00:00,Friday,10,0.032,0.660,0.000,0.000,0.096,0.000,0.788,praca zdalna
2025-12-26 11:00:00,Friday,11,0.029,0.691,0.000,0.000,0.122,0.324,1.166,praca zdalna; pralka
2025-12-26 12:00:00,Friday,12,0.035,0.662,0.000,0.000,0.068,0.825,1.590,praca zdalna; suszarka
2025-12-26 13:00:00,Friday,13,0.035,0.598,0.000,0.000,0.120,0.000,0.753,praca zdalna
2025-12-26 14:00:00,Friday,14,0.028,0.725,0.000,0.000,0.111,0.000,0.864,praca zdalna
2025-12-26 15:00:00,Friday,15,0.030,0.701,0.110,0.000,0.098,0.000,0.939,praca zdalna
2025-12-26 16:00:00,Friday,16,0.033,0.633,0.091,0.000,0.109,0.000,0.866,praca zdalna
2025-12-26 17:00:00,Friday,17,0.030,0.615,0.048,0.000,0.031,0.000,0.724,
2025-12-26 18:00:00,Friday,18,0.026,0.706,0.067,0.421,0.033,0.000,1.253,
2025-12-26 19:00:00,Friday,19,0.020,0.580,0.086,0.000,0.053,0.413,1.152,zmywarka
2025-12-26 20:00:00,Friday,20,0.035,0.580,0.052,0.000,0.068,0.000,0.735,
2025-12-26 21:00:00,Friday,21,0.026,0.668,0.102,0.000,0.032,0.000,0.828,
2025-12-26 22:00:00,Friday,22,0.025,0.659,0.056,0.000,0.064,0.000,0.804,
2025-12-26 23:00:00,Friday,23,0.025,0.622,0.000,0.000,0.000,0.000,0.647,
2025-12-27 00:00:00,Saturday,0,0.029,0.584,0.000,0.000,0.000,0.000,0.613,
2025-12-27 01:00:00,Saturday,1,0.035,0.692,0.000,0.000,0.000,0.000,0.727,
2025-12-27 02:00:00,Saturday,2,0.022,0.717,0.000,0.000,0.000,0.000,0.739,
2025-12-27 03:00:00,Saturday,3,0.034,0.697,0.000,0.000,0.000,0.000,0.731,
2025-12-27 04:00:00,Saturday,4,0.035,0.628,0.000,0.000,0.000,0.000,0.663,
2025-12-27 05:00:00,Saturday,5,0.034,0.654,0.000,0.000,0.000,0.000,0.688,
2025-12-27 06:00:00,Saturday,6,0.028,0.622,0.106,0.000,0.032,0.000,0.788,goście
2025-12-27 07:00:00,Saturday,7,0.020,0.576,0.087,0.000,0.031,0.000,0.714,goście
2025-12-27 08:00:00,Saturday,8,0.034,0.606,0.092,0.000,0.048,0.000,0.780,goście
2025-12-27 09:00:00,Saturday,9,0.030,0.646,0.000,0.000,0.000,0.000,0.676,
2025-12-27 10:00:00,Saturday,10,0.021,0.546,0.000,0.000,0.000,0.000,0.567,
2025-12-27 11:00:00,Saturday,11,0.026,0.593,0.000,0.000,0.000,0.000,0.619,
2025-12-27 12:00:00,Saturday,12,0.022,0.502,0.000,0.000,0.000,0.000,0.524,
2025-12-27 13:00:00,Saturday,13,0.032,0.470,0.000,0.000,0.000,0.000,0.502,
2025-12-27 14:00:00,Saturday,14,0.032,0.549,0.000,0.000,0.000,0.469,1.050,zmywarka
2025-12-27 15:00:00,Saturday,15,0.031,0.566,0.000,0.000,0.000,0.000,0.597,
2025-12-27 16:00:00,Saturday,16,0.021,0.598,0.000,0.000,0.000,0.000,0.619,
2025-12-27 17:00:00,Saturday,17,0.022,0.507,0.090,0.000,0.053,0.000,0.672,goście
2025-12-27 18:00:00,Saturday,18,0.029,0.568,0.120,0.641,0.054,0.000,1.412,goście
2025-12-27 19:00:00,Saturday,19,0.024,0.528,0.108,0.000,0.053,0.000,0.713,goście
2025-12-27 20:00:00,Saturday,20,0.026,0.739,0.115,0.000,0.052,0.000,0.932,goście
2025-12-27 21:00:00,Saturday,21,0.024,0.686,0.087,0.000,0.069,0.000,0.866,goście
2025-12-27 22:00:00,Saturday,22,0.025,0.522,0.060,0.000,0.032,0.000,0.639,goście
2025-12-27 23:00:00,Saturday,23,0.024,0.580,0.000,0.000,0.000,0.000,0.604,
2025-12-28 00:00:00,Sunday,0,0.039,0.524,0.000,0.000,0.000,0.000,0.563,
2025-12-28 01:00:00,Sunday,1,0.023,0.506,0.000,0.000,0.000,0.000,0.529,
2025-12-28 02:00:00,Sunday,2,0.027,0.654,0.000,0.000,0.000,0.000,0.681,
2025-12-28 03:00:00,Sunday,3,0.029,0.720,0.000,0.000,0.000,0.000,0.749,
2025-12-28 04:00:00,Sunday,4,0.028,0.594,0.000,0.000,0.000,0.000,0.622,
2025-12-28 05:00:00,Sunday,5,0.039,0.704,0.000,0.000,0.000,0.000,0.743,
2025-12-28 06:00:00,Sunday,6,0.029,0.768,0.102,0.000,0.065,0.000,0.964,
2025-12-28 07:00:00,Sunday,7,0.022,0.734,0.046,0.000,0.035,0.000,0.837,
2025-12-28 08:00:00,Sunday,8,0.029,0.892,0.100,0.000,0.060,0.000,1.081,
2025-12-28 09:00:00,Sunday,9,0.022,0.786,0.000,0.000,0.000,0.000,0.808,
2025-12-28 10:00:00,Sunday,10,0.023,0.926,0.000,0.000,0.000,0.000,0.949,
2025-12-28 11:00:00,Sunday,11,0.025,0.739,0.000,0.000,0.000,0.000,0.764,
2025-12-28 12:00:00,Sunday,12,0.036,0.866,0.000,0.000,0.000,0.000,0.902,
2025-12-28 13:00:00,Sunday,13,0.028,0.858,0.000,0.000,0.000,0.000,0.886,
2025-12-28 14:00:00,Sunday,14,0.024,0.661,0.000,0.000,0.000,0.337,1.022,zmywarka
2025-12-28 15:00:00,Sunday,15,0.021,0.752,0.000,0.000,0.000,0.000,0.773,
2025-12-28 16:00:00,Sunday,16,0.024,0.639,0.000,0.000,0.000,0.000,0.663,
2025-12-28 17:00:00,Sunday,17,0.026,0.620,0.063,0.000,0.042,0.000,0.751,
2025-12-28 18:00:00,Sunday,18,0.020,0.646,0.096,0.737,0.043,0.000,1.542,
2025-12-28 19:00:00,Sunday,19,0.023,0.683,0.060,0.000,0.066,0.000,0.832,
2025-12-28 20:00:00,Sunday,20,0.030,0.728,0.110,0.000,0.038,0.000,0.906,
2025-12-28 21:00:00,Sunday,21,0.021,0.776,0.092,0.000,0.069,0.000,0.958,
2025-12-28 22:00:00,Sunday,22,0.025,0.589,0.111,0.000,0.070,0.000,0.795,
2025-12-28 23:00:00,Sunday,23,0.039,0.653,0.000,0.000,0.000,0.000,0.692,
2025-12-29 00:00:00,Monday,0,0.031,0.595,0.000,0.000,0.000,0.000,0.626,
2025-12-29 01:00:00,Monday,1,0.031,0.708,0.000,0.000,0.000,0.000,0.739,
2025-12-29 02:00:00,Monday,2,0.046,0.656,0.000,0.000,0.000,0.000,0.702,
2025-12-29 03:00:00,Monday,3,0.045,0.635,0.000,0.000,0.000,0.000,0.680,
2025-12-29 04:00:00,Monday,4,0.024,0.740,0.000,0.000,0.000,0.000,0.764,
2025-12-29 05:00:00,Monday,5,0.043,0.640,0.000,0.000,0.000,0.000,0.683,
2025-12-29 06:00:00,Monday,6,0.029,0.833,0.109,0.000,0.063,0.000,1.034,
2025-12-29 07:00:00,Monday,7,0.030,0.692,0.110,0.000,0.067,0.000,0.899,
2025-12-29 08:00:00,Monday,8,0.027,0.734,0.068,0.000,0.030,0.000,0.859,
2025-12-29 09:00:00,Monday,9,0.034,0.734,0.000,0.000,0.144,0.000,0.912,praca zdalna
2025-12-29 10:00:00,Monday,10,0.035,0.738,0.000,0.000,0.100,0.000,0.873,praca zdalna
2025-12-29 11:00:00,Monday,11,0.021,0.857,0.000,0.000,0.102,0.385,1.365,praca zdalna; pralka
2025-12-29 12:00:00,Monday,12,0.031,0.749,0.000,0.000,0.098,0.000,0.878,praca zdalna
2025-12-29 13:00:00,Monday,13,0.024,0.565,0.000,0.000,0.092,0.000,0.681,praca zdalna
2025-12-29 14:00:00,Monday,14,0.030,0.614,0.000,0.000,0.106,0.000,0.750,praca zdalna
2025-12-29 15:00:00,Monday,15,0.023,0.784,0.073,0.000,0.119,0.000,0.999,praca zdalna
2025-12-29 16:00:00,Monday,16,0.032,0.684,0.090,0.000,0.083,0.000,0.889,praca zdalna
2025-12-29 17:00:00,Monday,17,0.025,0.813,0.076,0.000,0.036,0.000,0.950,
2025-12-29 18:00:00,Monday,18,0.035,0.856,0.074,0.394,0.064,0.000,1.423,
2025-12-29 19:00:00,Monday,19,0.026,0.728,0.109,0.000,0.042,0.000,0.905,
2025-12-29 20:00:00,Monday,20,0.029,0.704,0.107,0.000,0.044,0.386,1.270,zmywarka
2025-12-29 21:00:00,Monday,21,0.033,0.918,0.090,0.000,0.052,0.000,1.093,
2025-12-29 22:00:00,Monday,22,0.023,0.784,0.045,0.000,0.040,0.000,0.892,
2025-12-29 23:00:00,Monday,23,0.038,0.809,0.000,0.000,0.000,0.000,0.847,
2025-12-30 00:00:00,Tuesday,0,0.025,0.714,0.000,0.000,0.000,0.000,0.739,
2025-12-30 01:00:00,Tuesday,1,0.040,0.782,0.000,0.000,0.000,0.000,0.822,
2025-12-30 02:00:00,Tuesday,2,0.034,0.733,0.000,0.000,0.000,0.000,0.767,
2025-12-30 03:00:00,Tuesday,3,0.023,0.868,0.000,0.000,0.000,0.000,0.891,
2025-12-30 04:00:00,Tuesday,4,0.036,0.775,0.000,0.000,0.000,0.000,0.811,
2025-12-30 05:00:00,Tuesday,5,0.034,0.712,0.000,0.000,0.000,0.000,0.746,
2025-12-30 06:00:00,Tuesday,6,0.034,0.820,0.073,0.000,0.049,0.000,0.976,
2025-12-30 07:00:00,Tuesday,7,0.022,0.942,0.075,0.000,0.058,0.000,1.097,
2025-12-30 08:00:00,Tuesday,8,0.031,0.791,0.092,0.000,0.034,0.000,0.948,
2025-12-30 09:00:00,Tuesday,9,0.027,0.933,0.000,0.000,0.000,0.000,0.960,
2025-12-30 10:00:00,Tuesday,10,0.029,0.792,0.000,0.000,0.000,0.000,0.821,
2025-12-30 11:00:00,Tuesday,11,0.024,0.841,0.000,0.000,0.000,0.000,0.865,
2025-12-30 12:00:00,Tuesday,12,0.036,0.851,0.000,0.000,0.000,0.000,0.887,
2025-12-30 13:00:00,Tuesday,13,0.022,0.797,0.000,0.000,0.000,0.000,0.819,
2025-12-30 14:00:00,Tuesday,14,0.026,0.981,0.000,0.000,0.000,0.310,1.317,pralka
2025-12-30 15:00:00,Tuesday,15,0.031,0.788,0.000,0.000,0.000,0.000,0.819,
2025-12-30 16:00:00,Tuesday,16,0.024,0.814,0.000,0.000,0.000,0.000,0.838,
2025-12-30 17:00:00,Tuesday,17,0.030,1.010,0.087,0.000,0.066,0.000,1.193,
2025-12-30 18:00:00,Tuesday,18,0.034,0.790,0.065,0.285,0.045,0.000,1.219,
2025-12-30 19:00:00,Tuesday,19,0.028,1.031,0.110,0.000,0.055,0.000,1.224,
2025-12-30 20:00:00,Tuesday,20,0.025,1.094,0.076,0.000,0.032,0.000,1.227,
2025-12-30 21:00:00,Tuesday,21,0.024,0.927,0.110,0.000,0.048,0.000,1.109,
2025-12-30 22:00:00,Tuesday,22,0.034,1.015,0.103,0.000,0.054,0.000,1.206,
2025-12-30 23:00:00,Tuesday,23,0.026,0.838,0.000,0.000,0.000,0.000,0.864,
2025-12-31 00:00:00,Wednesday,0,0.042,0.914,0.000,0.000,0.000,0.000,0.956,
2025-12-31 01:00:00,Wednesday,1,0.033,0.932,0.000,0.000,0.000,0.000,0.965,
2025-12-31 02:00:00,Wednesday,2,0.040,0.860,0.000,0.000,0.000,0.000,0.900,
2025-12-31 03:00:00,Wednesday,3,0.023,0.837,0.000,0.000,0.000,0.000,0.860,
2025-12-31 04:00:00,Wednesday,4,0.025,0.931,0.000,0.000,0.000,0.000,0.956,
2025-12-31 05:00:00,Wednesday,5,0.026,0.873,0.000,0.000,0.000,0.000,0.899,
2025-12-31 06:00:00,Wednesday,6,0.027,0.863,0.066,0.000,0.070,0.000,1.026,
2025-12-31 07:00:00,Wednesday,7,0.029,1.001,0.114,0.000,0.041,0.000,1.185,
2025-12-31 08:00:00,Wednesday,8,0.033,0.947,0.114,0.000,0.061,0.000,1.155,
2025-12-31 09:00:00,Wednesday,9,0.025,0.882,0.000,0.000,0.077,0.000,0.984,praca zdalna
2025-12-31 10:00:00,Wednesday,10,0.029,0.759,0.000,0.000,0.122,0.000,0.910,praca zdalna
2025-12-31 11:00:00,Wednesday,11,0.026,0.955,0.000,0.000,0.117,0.000,1.098,praca zdalna
2025-12-31 12:00:00,Wednesday,12,0.032,0.932,0.000,0.000,0.120,0.000,1.084,praca zdalna
2025-12-31 13:00:00,Wednesday,13,0.034,0.870,0.000,0.000,0.119,0.000,1.023,praca zdalna
2025-12-31 14:00:00,Wednesday,14,0.024,0.628,0.000,0.000,0.121,0.000,0.773,praca zdalna
2025-12-31 15:00:00,Wednesday,15,0.025,0.754,0.000,0.000,0.114,0.000,0.893,praca zdalna
2025-12-31 16:00:00,Wednesday,16,0.034,0.674,0.110,0.000,0.142,0.000,0.960,praca zdalna
2025-12-31 17:00:00,Wednesday,17,0.024,0.914,0.115,0.256,0.034,0.000,1.343,
2025-12-31 18:00:00,Wednesday,18,0.023,0.990,0.103,0.000,0.064,0.000,1.180,
2025-12-31 19:00:00,Wednesday,19,0.022,1.072,0.056,0.000,0.053,0.367,1.570,zmywarka
2025-12-31 20:00:00,Wednesday,20,0.034,1.044,0.056,0.000,0.056,0.000,1.190,
2025-12-31 21:00:00,Wednesday,21,0.026,0.956,0.067,0.000,0.034,0.000,1.083,
2025-12-31 22:00:00,Wednesday,22,0.034,0.802,0.057,0.000,0.041,0.000,0.934,
2025-12-31 23:00:00,Wednesday,23,0.036,0.692,0.000,0.000,0.000,0.000,0.728,
2026-01-01 00:00:00,Thursday,0,0.022,0.798,0.000,0.000,0.000,0.000,0.820,
2026-01-01 01:00:00,Thursday,1,0.021,0.831,0.000,0.000,0.000,0.000,0.852,
2026-01-01 02:00:00,Thursday,2,0.026,0.615,0.000,0.000,0.000,0.000,0.641,
2026-01-01 03:00:00,Thursday,3,0.024,0.560,0.000,0.000,0.000,0.000,0.584,
2026-01-01 04:00:00,Thursday,4,0.038,0.677,0.000,0.000,0.000,0.000,0.715,
2026-01-01 05:00:00,Thursday,5,0.026,0.631,0.000,0.000,0.000,0.000,0.657,
2026-01-01 06:00:00,Thursday,6,0.021,0.682,0.091,0.000,0.068,0.000,0.862,
2026-01-01 07:00:00,Thursday,7,0.025,0.672,0.109,0.000,0.054,0.000,0.860,
2026-01-01 08:00:00,Thursday,8,0.023,0.750,0.092,0.000,0.055,0.000,0.920,
2026-01-01 09:00:00,Thursday,9,0.032,0.658,0.000,0.000,0.142,0.000,0.832,praca zdalna
2026-01-01 10:00:00,Thursday,10,0.024,0.622,0.000,0.000,0.067,0.000,0.713,praca zdalna
2026-01-01 11:00:00,Thursday,11,0.028,0.619,0.000,0.000,0.108,0.000,0.755,praca zdalna
2026-01-01 12:00:00,Thursday,12,0.028,0.643,0.000,0.000,0.088,0.000,0.759,praca zdalna
2026-01-01 13:00:00,Thursday,13,0.024,0.721,0.000,0.000,0.122,0.000,0.867,praca zdalna
2026-01-01 14:00:00,Thursday,14,0.033,0.766,0.000,0.000,0.118,0.000,0.917,praca zdalna
2026-01-01 15:00:00,Thursday,15,0.031,0.673,0.000,0.000,0.090,0.000,0.794,praca zdalna
2026-01-01 16:00:00,Thursday,16,0.036,0.614,0.048,0.000,0.088,0.000,0.786,praca zdalna
2026-01-01 17:00:00,Thursday,17,0.021,0.767,0.081,0.000,0.061,0.000,0.930,
2026-01-01 18:00:00,Thursday,18,0.025,0.776,0.072,0.421,0.056,0.000,1.350,
2026-01-01 19:00:00,Thursday,19,0.026,0.718,0.103,0.000,0.067,0.466,1.380,zmywarka
2026-01-01 20:00:00,Thursday,20,0.029,0.808,0.120,0.000,0.048,0.000,1.005,
2026-01-01 21:00:00,Thursday,21,0.030,0.712,0.088,0.000,0.044,0.000,0.874,
2026-01-01 22:00:00,Thursday,22,0.024,0.576,0.110,0.000,0.051,0.000,0.761,
2026-01-01 23:00:00,Thursday,23,0.034,0.696,0.000,0.000,0.000,0.000,0.730,
2026-01-02 00:00:00,Friday,0,0.035,0.688,0.000,0.000,0.000,0.000,0.723,
2026-01-02 01:00:00,Friday,1,0.021,0.729,0.000,0.000,0.000,0.000,0.750,
2026-01-02 02:00:00,Friday,2,0.027,0.599,0.000,0.000,0.000,0.000,0.626,
2026-01-02 03:00:00,Friday,3,0.033,0.793,0.000,0.000,0.000,0.000,0.826,
2026-01-02 04:00:00,Friday,4,0.042,0.811,0.000,0.000,0.000,0.000,0.853,
2026-01-02 05:00:00,Friday,5,0.036,0.788,0.000,0.000,0.000,0.000,0.824,
2026-01-02 06:00:00,Friday,6,0.021,0.718,0.098,0.000,0.065,0.000,0.902,
2026-01-02 07:00:00,Friday,7,0.028,0.912,0.092,0.000,0.067,0.000,1.099,
2026-01-02 08:00:00,Friday,8,0.023,0.766,0.072,0.000,0.059,0.000,0.920,
2026-01-02 09:00:00,Friday,9,0.022,0.796,0.000,0.000,0.108,0.000,0.926,praca zdalna
2026-01-02 10:00:00,Friday,10,0.024,0.871,0.000,0.000,0.087,0.266,1.248,praca zdalna; pralka
2026-01-02 11:00:00,Friday,11,0.020,0.830,0.000,0.000,0.107,0.895,1.852,praca zdalna; suszarka
2026-01-02 12:00:00,Friday,12,0.035,0.730,0.000,0.000,0.111,0.000,0.876,praca zdalna
2026-01-02 13:00:00,Friday,13,0.022,0.788,0.000,0.000,0.096,0.000,0.906,praca zdalna
2026-01-02 14:00:00,Friday,14,0.026,0.842,0.000,0.000,0.097,0.000,0.965,praca zdalna
2026-01-02 15:00:00,Friday,15,0.035,0.900,0.000,0.000,0.097,0.000,1.032,praca zdalna
2026-01-02 16:00:00,Friday,16,0.031,0.777,0.114,0.000,0.108,0.000,1.030,praca zdalna
2026-01-02 17:00:00,Friday,17,0.030,0.938,0.076,0.000,0.055,0.000,1.099,
2026-01-02 18:00:00,Friday,18,0.021,0.925,0.051,0.240,0.046,0.000,1.283,
2026-01-02 19:00:00,Friday,19,0.034,1.019,0.080,0.000,0.062,0.000,1.195,
2026-01-02 20:00:00,Friday,20,0.030,1.059,0.072,0.000,0.067,0.321,1.549,zmywarka
2026-01-02 21:00:00,Friday,21,0.022,0.840,0.111,0.000,0.050,0.000,1.023,
2026-01-02 22:00:00,Friday,22,0.030,0.925,0.066,0.000,0.039,0.000,1.060,
2026-01-02 23:00:00,Friday,23,0.035,0.987,0.000,0.000,0.000,0.000,1.022,
2026-01-03 00:00:00,Saturday,0,0.025,0.824,0.000,0.000,0.000,0.000,0.849,
2026-01-03 01:00:00,Saturday,1,0.031,0.801,0.000,0.000,0.000,0.000,0.832,
2026-01-03 02:00:00,Saturday,2,0.023,0.797,0.000,0.000,0.000,0.000,0.820,
2026-01-03 03:00:00,Saturday,3,0.041,1.066,0.000,0.000,0.000,0.000,1.107,
2026-01-03 04:00:00,Saturday,4,0.030,0.930,0.000,0.000,0.000,0.000,0.960,
2026-01-03 05:00:00,Saturday,5,0.037,0.856,0.000,0.000,0.000,0.000,0.893,
2026-01-03 06:00:00,Saturday,6,0.030,1.084,0.104,0.000,0.042,0.000,1.260,
2026-01-03 07:00:00,Saturday,7,0.026,1.096,0.076,0.000,0.057,0.000,1.255,
2026-01-03 08:00:00,Saturday,8,0.027,0.996,0.102,0.000,0.036,0.000,1.161,
2026-01-03 09:00:00,Saturday,9,0.029,1.008,0.000,0.000,0.000,0.000,1.037,
2026-01-03 10:00:00,Saturday,10,0.025,1.176,0.000,0.000,0.000,0.000,1.201,
2026-01-03 11:00:00,Saturday,11,0.027,1.155,0.000,0.000,0.000,0.000,1.182,
2026-01-03 12:00:00,Saturday,12,0.034,1.137,0.000,0.000,0.000,0.000,1.171,
2026-01-03 13:00:00,Saturday,13,0.036,0.921,0.000,0.000,0.000,0.474,1.431,zmywarka
2026-01-03 14:00:00,Saturday,14,0.034,1.117,0.000,0.000,0.000,0.000,1.151,
2026-01-03 15:00:00,Saturday,15,0.029,1.066,0.000,0.000,0.000,0.000,1.095,
2026-01-03 16:00:00,Saturday,16,0.022,1.003,0.000,0.000,0.000,0.000,1.025,
2026-01-03 17:00:00,Saturday,17,0.022,1.186,0.067,0.000,0.037,0.000,1.312,
2026-01-03 18:00:00,Saturday,18,0.034,1.085,0.072,0.290,0.038,0.000,1.519,
2026-01-03 19:00:00,Saturday,19,0.028,1.150,0.055,0.000,0.035,0.000,1.268,
2026-01-03 20:00:00,Saturday,20,0.022,1.028,0.047,0.000,0.051,0.000,1.148,
2026-01-03 21:00:00,Saturday,21,0.024,0.978,0.043,0.000,0.067,0.000,1.112,
2026-01-03 22:00:00,Saturday,22,0.034,0.878,0.065,0.000,0.030,0.000,1.007,
2026-01-03 23:00:00,Saturday,23,0.033,1.134,0.000,0.000,0.000,0.000,1.167,
2026-01-04 00:00:00,Sunday,0,0.030,1.018,0.000,0.000,0.000,0.000,1.048,
2026-01-04 01:00:00,Sunday,1,0.032,0.983,0.000,0.000,0.000,0.000,1.015,
2026-01-04 02:00:00,Sunday,2,0.040,1.049,0.000,0.000,0.000,0.000,1.089,
2026-01-04 03:00:00,Sunday,3,0.032,0.997,0.000,0.000,0.000,0.000,1.029,
2026-01-04 04:00:00,Sunday,4,0.034,1.157,0.000,0.000,0.000,0.000,1.191,
2026-01-04 05:00:00,Sunday,5,0.027,1.040,0.000,0.000,0.000,0.000,1.067,
2026-01-04 06:00:00,Sunday,6,0.035,0.958,0.049,0.000,0.048,0.000,1.090,
2026-01-04 07:00:00,Sunday,7,0.030,1.233,0.055,0.000,0.042,0.000,1.360,
2026-01-04 08:00:00,Sunday,8,0.028,1.087,0.055,0.000,0.046,0.000,1.216,
2026-01-04 09:00:00,Sunday,9,0.034,0.924,0.000,0.000,0.000,0.000,0.958,
2026-01-04 10:00:00,Sunday,10,0.031,1.121,0.000,0.000,0.000,0.000,1.152,
2026-01-04 11:00:00,Sunday,11,0.033,1.183,0.000,0.000,0.000,0.000,1.216,
2026-01-04 12:00:00,Sunday,12,0.022,1.029,0.000,0.000,0.000,0.000,1.051,
2026-01-04 13:00:00,Sunday,13,0.020,0.888,0.000,0.000,0.000,0.359,1.267,zmywarka
2026-01-04 14:00:00,Sunday,14,0.029,0.921,0.000,0.000,0.000,0.000,0.950,
2026-01-04 15:00:00,Sunday,15,0.022,1.091,0.000,0.000,0.000,0.000,1.113,
2026-01-04 16:00:00,Sunday,16,0.031,1.036,0.000,0.000,0.000,0.000,1.067,
2026-01-04 17:00:00,Sunday,17,0.023,0.896,0.054,0.000,0.056,0.000,1.029,
2026-01-04 18:00:00,Sunday,18,0.023,1.192,0.100,0.301,0.061,0.000,1.677,
2026-01-04 19:00:00,Sunday,19,0.020,1.191,0.074,0.000,0.058,0.000,1.343,
2026-01-04 20:00:00,Sunday,20,0.025,1.064,0.082,0.000,0.049,0.000,1.220,
2026-01-04 21:00:00,Sunday,21,0.024,1.127,0.101,0.000,0.046,0.000,1.298,
2026-01-04 22:00:00,Sunday,22,0.032,1.118,0.099,0.000,0.070,0.000,1.319,
2026-01-04 23:00:00,Sunday,23,0.024,1.137,0.000,0.000,0.000,0.000,1.161,
2026-01-05 00:00:00,Monday,0,0.046,1.012,0.000,0.000,0.000,0.000,1.058,
2026-01-05 01:00:00,Monday,1,0.029,1.000,0.000,0.000,0.000,0.000,1.029,
2026-01-05 02:00:00,Monday,2,0.031,1.061,0.000,0.000,0.000,0.000,1.092,
2026-01-05 03:00:00,Monday,3,0.034,1.134,0.000,0.000,0.000,0.000,1.168,
2026-01-05 04:00:00,Monday,4,0.038,0.893,0.000,0.000,0.000,0.000,0.931,
2026-01-05 05:00:00,Monday,5,0.029,1.072,0.000,0.000,0.000,0.000,1.101,
2026-01-05 06:00:00,Monday,6,0.036,1.192,0.104,0.000,0.044,0.000,1.376,
2026-01-05 07:00:00,Monday,7,0.030,1.079,0.080,0.000,0.053,0.000,1.242,
2026-01-05 08:00:00,Monday,8,0.033,0.951,0.090,0.000,0.041,0.000,1.115,
2026-01-05 09:00:00,Monday,9,0.025,0.966,0.000,0.000,0.000,0.000,0.991,
2026-01-05 10:00:00,Monday,10,0.032,1.140,0.000,0.000,0.000,0.000,1.172,
2026-01-05 11:00:00,Monday,11,0.028,1.121,0.000,0.000,0.000,0.000,1.149,
2026-01-05 12:00:00,Monday,12,0.036,0.907,0.000,0.000,0.000,0.000,0.943,
2026-01-05 13:00:00,Monday,13,0.035,0.971,0.000,0.000,0.000,0.000,1.006,
2026-01-05 14:00:00,Monday,14,0.029,1.006,0.000,0.000,0.000,0.000,1.035,
2026-01-05 15:00:00,Monday,15,0.033,1.020,0.000,0.000,0.000,0.000,1.053,
2026-01-05 16:00:00,Monday,16,0.035,1.004,0.000,0.000,0.000,0.000,1.039,
2026-01-05 17:00:00,Monday,17,0.034,1.186,0.110,0.000,0.068,0.000,1.398,
2026-01-05 18:00:00,Monday,18,0.020,0.887,0.120,0.307,0.036,0.000,1.370,
2026-01-05 19:00:00,Monday,19,0.026,0.918,0.094,0.000,0.038,0.000,1.076,
2026-01-05 20:00:00,Monday,20,0.030,1.023,0.084,0.000,0.057,0.381,1.575,zmywarka
2026-01-05 21:00:00,Monday,21,0.032,1.019,0.044,0.000,0.064,0.000,1.159,
2026-01-05 22:00:00,Monday,22,0.036,0.907,0.114,0.000,0.034,0.000,1.091,
2026-01-05 23:00:00,Monday,23,0.031,1.028,0.000,0.000,0.000,0.000,1.059,
2026-01-06 00:00:00,Tuesday,0,0.030,0.843,0.000,0.000,0.000,0.000,0.873,wyjazd / nieobecność
2026-01-06 01:00:00,Tuesday,1,0.022,0.920,0.000,0.000,0.000,0.000,0.942,wyjazd / nieobecność
2026-01-06 02:00:00,Tuesday,2,0.027,0.774,0.000,0.000,0.000,0.000,0.801,wyjazd / nieobecność
2026-01-06 03:00:00,Tuesday,3,0.035,0.951,0.000,0.000,0.000,0.000,0.986,wyjazd / nieobecność
2026-01-06 04:00:00,Tuesday,4,0.030,0.957,0.000,0.000,0.000,0.000,0.987,wyjazd / nieobecność
2026-01-06 05:00:00,Tuesday,5,0.032,0.782,0.000,0.000,0.000,0.000,0.814,wyjazd / nieobecność
2026-01-06 06:00:00,Tuesday,6,0.031,0.901,0.000,0.000,0.000,0.000,0.932,wyjazd / nieobecność
2026-01-06 07:00:00,Tuesday,7,0.029,0.870,0.000,0.000,0.000,0.000,0.899,wyjazd / nieobecność
2026-01-06 08:00:00,Tuesday,8,0.033,0.836,0.000,0.000,0.000,0.000,0.869,wyjazd / nieobecność
2026-01-06 09:00:00,Tuesday,9,0.031,0.988,0.000,0.000,0.043,0.000,1.062,wyjazd / nieobecność; praca zdalna
2026-01-06 10:00:00,Tuesday,10,0.024,0.928,0.000,0.000,0.035,0.000,0.987,wyjazd / nieobecność; praca zdalna
2026-01-06 11:00:00,Tuesday,11,0.032,0.915,0.000,0.000,0.043,0.000,0.990,wyjazd / nieobecność; praca zdalna
2026-01-06 12:00:00,Tuesday,12,0.032,0.933,0.000,0.000,0.048,0.000,1.013,wyjazd / nieobecność; praca zdalna
2026-01-06 13:00:00,Tuesday,13,0.030,0.807,0.000,0.000,0.041,0.000,0.878,wyjazd / nieobecność; praca zdalna
2026-01-06 14:00:00,Tuesday,14,0.024,0.814,0.000,0.000,0.063,0.000,0.901,wyjazd / nieobecność; praca zdalna
2026-01-06 15:00:00,Tuesday,15,0.028,0.893,0.000,0.000,0.052,0.000,0.973,wyjazd / nieobecność; praca zdalna
2026-01-06 16:00:00,Tuesday,16,0.032,0.812,0.000,0.000,0.079,0.000,0.923,wyjazd / nieobecność; praca zdalna
2026-01-06 17:00:00,Tuesday,17,0.022,0.897,0.000,0.000,0.000,0.000,0.919,wyjazd / nieobecność
2026-01-06 18:00:00,Tuesday,18,0.031,1.041,0.000,0.000,0.000,0.000,1.072,wyjazd / nieobecność
2026-01-06 19:00:00,Tuesday,19,0.031,0.772,0.000,0.000,0.000,0.000,0.803,wyjazd / nieobecność
2026-01-06 20:00:00,Tuesday,20,0.030,0.954,0.000,0.000,0.000,0.000,0.984,wyjazd / nieobecność
2026-01-06 21:00:00,Tuesday,21,0.032,0.925,0.000,0.000,0.000,0.000,0.957,wyjazd / nieobecność
2026-01-06 22:00:00,Tuesday,22,0.035,0.744,0.000,0.000,0.000,0.000,0.779,wyjazd / nieobecność
2026-01-06 23:00:00,Tuesday,23,0.021,0.897,0.000,0.000,0.000,0.000,0.918,wyjazd / nieobecność
2026-01-07 00:00:00,Wednesday,0,0.040,0.835,0.000,0.000,0.000,0.000,0.875,
2026-01-07 01:00:00,Wednesday,1,0.032,0.779,0.000,0.000,0.000,0.000,0.811,
2026-01-07 02:00:00,Wednesday,2,0.028,0.926,0.000,0.000,0.000,0.000,0.954,
2026-01-07 03:00:00,Wednesday,3,0.036,0.882,0.000,0.000,0.000,0.000,0.918,
2026-01-07 04:00:00,Wednesday,4,0.028,0.980,0.000,0.000,0.000,0.000,1.008,
2026-01-07 05:00:00,Wednesday,5,0.028,0.881,0.000,0.000,0.000,0.000,0.909,
2026-01-07 06:00:00,Wednesday,6,0.031,0.906,0.092,0.000,0.045,0.000,1.074,
2026-01-07 07:00:00,Wednesday,7,0.026,0.838,0.076,0.000,0.046,0.000,0.986,
2026-01-07 08:00:00,Wednesday,8,0.025,1.059,0.096,0.000,0.038,0.000,1.218,
2026-01-07 09:00:00,Wednesday,9,0.028,0.896,0.000,0.000,0.119,0.000,1.043,praca zdalna
2026-01-07 10:00:00,Wednesday,10,0.025,1.039,0.000,0.000,0.114,0.000,1.178,praca zdalna
2026-01-07 11:00:00,Wednesday,11,0.032,0.850,0.000,0.000,0.109,0.306,1.297,praca zdalna; pralka
2026-01-07 12:00:00,Wednesday,12,0.020,1.010,0.000,0.000,0.108,0.688,1.826,praca zdalna; suszarka
2026-01-07 13:00:00,Wednesday,13,0.033,0.950,0.000,0.000,0.088,0.000,1.071,praca zdalna
2026-01-07 14:00:00,Wednesday,14,0.035,1.015,0.000,0.000,0.074,0.000,1.124,praca zdalna
2026-01-07 15:00:00,Wednesday,15,0.026,1.029,0.000,0.000,0.068,0.000,1.123,praca zdalna
2026-01-07 16:00:00,Wednesday,16,0.027,0.942,0.043,0.000,0.109,0.000,1.121,praca zdalna
2026-01-07 17:00:00,Wednesday,17,0.021,0.954,0.047,0.371,0.064,0.000,1.457,
2026-01-07 18:00:00,Wednesday,18,0.028,0.791,0.110,0.000,0.060,0.000,0.989,
2026-01-07 19:00:00,Wednesday,19,0.032,0.890,0.046,0.000,0.056,0.000,1.024,
2026-01-07 20:00:00,Wednesday,20,0.021,1.021,0.042,0.000,0.043,0.342,1.469,zmywarka
2026-01-07 21:00:00,Wednesday,21,0.032,1.073,0.081,0.000,0.059,0.000,1.245,
2026-01-07 22:00:00,Wednesday,22,0.021,0.944,0.088,0.000,0.050,0.000,1.103,
2026-01-07 23:00:00,Wednesday,23,0.024,0.942,0.000,0.000,0.000,0.000,0.966,
2026-01-08 00:00:00,Thursday,0,0.040,0.891,0.000,0.000,0.000,0.000,0.931,
2026-01-08 01:00:00,Thursday,1,0.035,0.937,0.000,0.000,0.000,0.000,0.972,
2026-01-08 02:00:00,Thursday,2,0.024,1.046,0.000,0.000,0.000,0.000,1.070,
2026-01-08 03:00:00,Thursday,3,0.032,0.867,0.000,0.000,0.000,0.000,0.899,
2026-01-08 04:00:00,Thursday,4,0.027,0.818,0.000,0.000,0.000,0.000,0.845,
2026-01-08 05:00:00,Thursday,5,0.021,0.810,0.000,0.000,0.000,0.000,0.831,
2026-01-08 06:00:00,Thursday,6,0.024,1.040,0.079,0.000,0.051,0.000,1.194,
2026-01-08 07:00:00,Thursday,7,0.029,0.894,0.050,0.000,0.054,0.000,1.027,
2026-01-08 08:00:00,Thursday,8,0.024,0.886,0.115,0.000,0.063,0.000,1.088,
2026-01-08 09:00:00,Thursday,9,0.022,1.092,0.000,0.000,0.000,0.000,1.114,
2026-01-08 10:00:00,Thursday,10,0.030,1.113,0.000,0.000,0.000,0.000,1.143,
2026-01-08 11:00:00,Thursday,11,0.028,1.008,0.000,0.000,0.000,0.000,1.036,
2026-01-08 12:00:00,Thursday,12,0.026,1.119,0.000,0.000,0.000,0.000,1.145,
2026-01-08 13:00:00,Thursday,13,0.028,0.912,0.000,0.000,0.000,0.000,0.940,
2026-01-08 14:00:00,Thursday,14,0.034,0.953,0.000,0.000,0.000,0.000,0.987,
2026-01-08 15:00:00,Thursday,15,0.033,1.152,0.000,0.000,0.000,0.000,1.185,
2026-01-08 16:00:00,Thursday,16,0.030,1.158,0.000,0.000,0.000,0.000,1.188,
2026-01-08 17:00:00,Thursday,17,0.020,1.156,0.069,0.318,0.069,0.000,1.632,
2026-01-08 18:00:00,Thursday,18,0.020,1.108,0.045,0.000,0.047,0.000,1.220,
2026-01-08 19:00:00,Thursday,19,0.034,0.984,0.108,0.000,0.049,0.000,1.175,
2026-01-08 20:00:00,Thursday,20,0.024,1.077,0.105,0.000,0.058,0.339,1.603,zmywarka
2026-01-08 21:00:00,Thursday,21,0.025,1.102,0.081,0.000,0.057,0.000,1.265,
2026-01-08 22:00:00,Thursday,22,0.027,0.963,0.084,0.000,0.046,0.000,1.120,
2026-01-08 23:00:00,Thursday,23,0.032,0.942,0.000,0.000,0.000,0.000,0.974,
2026-01-09 00:00:00,Friday,0,0.032,0.997,0.000,0.000,0.000,0.000,1.029,
2026-01-09 01:00:00,Friday,1,0.028,1.074,0.000,0.000,0.000,0.000,1.102,
2026-01-09 02:00:00,Friday,2,0.035,0.874,0.000,0.000,0.000,0.000,0.909,
2026-01-09 03:00:00,Friday,3,0.035,1.060,0.000,0.000,0.000,0.000,1.095,
2026-01-09 04:00:00,Friday,4,0.025,0.905,0.000,0.000,0.000,0.000,0.930,
2026-01-09 05:00:00,Friday,5,0.033,0.974,0.000,0.000,0.000,0.000,1.007,
2026-01-09 06:00:00,Friday,6,0.025,0.930,0.085,0.000,0.051,0.000,1.091,
2026-01-09 07:00:00,Friday,7,0.025,1.127,0.100,0.000,0.052,0.000,1.304,
2026-01-09 08:00:00,Friday,8,0.028,0.957,0.070,0.000,0.046,0.000,1.101,
2026-01-09 09:00:00,Friday,9,0.034,0.885,0.000,0.000,0.087,0.000,1.006,praca zdalna
2026-01-09 10:00:00,Friday,10,0.035,1.108,0.000,0.000,0.070,0.000,1.213,praca zdalna
2026-01-09 11:00:00,Friday,11,0.020,0.861,0.000,0.000,0.115,0.000,0.996,praca zdalna
2026-01-09 12:00:00,Friday,12,0.023,1.012,0.000,0.000,0.104,0.000,1.139,praca zdalna
2026-01-09 13:00:00,Friday,13,0.030,1.107,0.000,0.000,0.091,0.000,1.228,praca zdalna
2026-01-09 14:00:00,Friday,14,0.023,0.917,0.000,0.000,0.117,0.000,1.057,praca zdalna
2026-01-09 15:00:00,Friday,15,0.026,1.028,0.000,0.000,0.122,0.000,1.176,praca zdalna
2026-01-09 16:00:00,Friday,16,0.034,0.862,0.119,0.000,0.126,0.000,1.141,praca zdalna
2026-01-09 17:00:00,Friday,17,0.030,1.030,0.041,0.320,0.061,0.000,1.482,
2026-01-09 18:00:00,Friday,18,0.027,1.133,0.102,0.000,0.037,0.000,1.299,
2026-01-09 19:00:00,Friday,19,0.024,1.044,0.069,0.000,0.065,0.000,1.202,
2026-01-09 20:00:00,Friday,20,0.032,0.972,0.040,0.000,0.048,0.000,1.092,
2026-01-09 21:00:00,Friday,21,0.028,0.896,0.095,0.000,0.033,0.000,1.052,
2026-01-09 22:00:00,Friday,22,0.036,0.970,0.068,0.000,0.042,0.000,1.116,
2026-01-09 23:00:00,Friday,23,0.032,1.076,0.000,0.000,0.000,0.000,1.108,
2026-01-10 00:00:00,Saturday,0,0.025,0.825,0.000,0.000,0.000,0.000,0.850,
2026-01-10 01:00:00,Saturday,1,0.036,0.856,0.000,0.000,0.000,0.000,0.892,
2026-01-10 02:00:00,Saturday,2,0.032,1.012,0.000,0.000,0.000,0.000,1.044,
2026-01-10 03:00:00,Saturday,3,0.036,1.014,0.000,0.000,0.000,0.000,1.050,
2026-01-10 04:00:00,Saturday,4,0.029,1.064,0.000,0.000,0.000,0.000,1.093,
2026-01-10 05:00:00,Saturday,5,0.026,0.986,0.000,0.000,0.000,0.000,1.012,
2026-01-10 06:00:00,Saturday,6,0.029,0.997,0.049,0.000,0.046,0.000,1.121,
2026-01-10 07:00:00,Saturday,7,0.034,0.960,0.081,0.000,0.056,0.000,1.131,
2026-01-10 08:00:00,Saturday,8,0.032,1.093,0.000,0.000,0.049,0.000,1.174,
2026-01-10 09:00:00,Saturday,9,0.026,0.926,0.000,0.000,0.000,0.399,1.351,pralka
2026-01-10 10:00:00,Saturday,10,0.027,0.984,0.000,0.000,0.000,0.680,1.691,suszarka
2026-01-10 11:00:00,Saturday,11,0.023,1.112,0.000,0.000,0.000,0.000,1.135,
2026-01-10 12:00:00,Saturday,12,0.032,1.014,0.000,0.000,0.000,0.000,1.046,
2026-01-10 13:00:00,Saturday,13,0.034,1.059,0.000,0.000,0.000,0.000,1.093,
2026-01-10 14:00:00,Saturday,14,0.029,1.129,0.000,0.000,0.000,0.394,1.552,zmywarka
2026-01-10 15:00:00,Saturday,15,0.026,1.099,0.000,0.000,0.000,0.000,1.125,
2026-01-10 16:00:00,Saturday,16,0.027,1.185,0.000,0.000,0.000,0.000,1.212,
2026-01-10 17:00:00,Saturday,17,0.026,1.078,0.112,0.000,0.044,0.000,1.260,
2026-01-10 18:00:00,Saturday,18,0.027,0.968,0.094,0.269,0.045,0.000,1.403,
2026-01-10 19:00:00,Saturday,19,0.022,1.115,0.106,0.000,0.064,0.000,1.307,
2026-01-10 20:00:00,Saturday,20,0.020,1.225,0.086,0.000,0.056,0.000,1.387,
2026-01-10 21:00:00,Saturday,21,0.033,1.136,0.084,0.000,0.038,0.000,1.291,
2026-01-10 22:00:00,Saturday,22,0.031,1.034,0.061,0.000,0.061,0.000,1.187,
2026-01-10 23:00:00,Saturday,23,0.027,1.039,0.000,0.000,0.000,0.000,1.066,
2026-01-11 00:00:00,Sunday,0,0.040,0.934,0.000,0.000,0.000,0.000,0.974,
2026-01-11 01:00:00,Sunday,1,0.028,1.214,0.000,0.000,0.000,0.000,1.242,
2026-01-11 02:00:00,Sunday,2,0.044,1.101,0.000,0.000,0.000,0.000,1.145,
2026-01-11 03:00:00,Sunday,3,0.031,1.122,0.000,0.000,0.000,0.000,1.153,
2026-01-11 04:00:00,Sunday,4,0.032,1.118,0.000,0.000,0.000,0.000,1.150,
2026-01-11 05:00:00,Sunday,5,0.026,0.929,0.000,0.000,0.000,0.000,0.955,
2026-01-11 06:00:00,Sunday,6,0.023,1.220,0.090,0.000,0.033,0.000,1.366,
2026-01-11 07:00:00,Sunday,7,0.024,1.223,0.060,0.000,0.069,0.000,1.376,
2026-01-11 08:00:00,Sunday,8,0.034,0.982,0.000,0.000,0.066,0.000,1.082,
2026-01-11 09:00:00,Sunday,9,0.027,1.153,0.000,0.000,0.000,0.000,1.180,
2026-01-11 10:00:00,Sunday,10,0.024,1.098,0.000,0.000,0.000,0.000,1.122,
2026-01-11 11:00:00,Sunday,11,0.023,1.266,0.000,0.000,0.000,0.000,1.289,
2026-01-11 12:00:00,Sunday,12,0.034,1.280,0.000,0.000,0.000,0.000,1.314,
2026-01-11 13:00:00,Sunday,13,0.024,1.155,0.000,0.000,0.000,0.000,1.179,
2026-01-11 14:00:00,Sunday,14,0.034,0.951,0.000,0.000,0.000,0.408,1.393,zmywarka
2026-01-11 15:00:00,Sunday,15,0.031,1.103,0.000,0.000,0.000,0.000,1.134,
2026-01-11 16:00:00,Sunday,16,0.030,1.062,0.000,0.000,0.000,0.000,1.092,
2026-01-11 17:00:00,Sunday,17,0.030,1.116,0.055,0.372,0.054,0.000,1.627,
2026-01-11 18:00:00,Sunday,18,0.026,0.990,0.104,0.000,0.056,0.000,1.176,
2026-01-11 19:00:00,Sunday,19,0.022,1.238,0.098,0.000,0.052,0.000,1.410,
2026-01-11 20:00:00,Sunday,20,0.033,1.131,0.089,0.000,0.048,0.000,1.301,
2026-01-11 21:00:00,Sunday,21,0.035,0.966,0.072,0.000,0.039,0.000,1.112,
2026-01-11 22:00:00,Sunday,22,0.023,0.907,0.101,0.000,0.066,0.000,1.097,
2026-01-11 23:00:00,Sunday,23,0.026,1.029,0.000,0.000,0.000,0.000,1.055,
2026-01-12 00:00:00,Monday,0,0.040,1.035,0.000,0.000,0.000,0.000,1.075,
2026-01-12 01:00:00,Monday,1,0.044,1.170,0.000,0.000,0.000,0.000,1.214,
2026-01-12 02:00:00,Monday,2,0.026,1.208,0.000,0.000,0.000,0.000,1.234,
2026-01-12 03:00:00,Monday,3,0.030,1.076,0.000,0.000,0.000,0.000,1.106,
2026-01-12 04:00:00,Monday,4,0.029,1.125,0.000,0.000,0.000,0.000,1.154,
2026-01-12 05:00:00,Monday,5,0.028,0.974,0.000,0.000,0.000,0.000,1.002,
2026-01-12 06:00:00,Monday,6,0.027,1.182,0.052,0.000,0.030,0.000,1.291,
2026-01-12 07:00:00,Monday,7,0.024,1.304,0.082,0.000,0.055,0.000,1.465,
2026-01-12 08:00:00,Monday,8,0.028,1.084,0.103,0.000,0.051,0.000,1.266,
2026-01-12 09:00:00,Monday,9,0.026,0.982,0.000,0.000,0.000,0.000,1.008,
2026-01-12 10:00:00,Monday,10,0.022,1.109,0.000,0.000,0.000,0.000,1.131,
2026-01-12 11:00:00,Monday,11,0.020,1.183,0.000,0.000,0.000,0.000,1.203,
2026-01-12 12:00:00,Monday,12,0.023,0.960,0.000,0.000,0.000,0.000,0.983,
2026-01-12 13:00:00,Monday,13,0.031,0.966,0.000,0.000,0.000,0.000,0.997,
2026-01-12 14:00:00,Monday,14,0.032,0.822,0.000,0.000,0.000,0.000,0.854,
2026-01-12 15:00:00,Monday,15,0.026,1.010,0.000,0.000,0.000,0.000,1.036,
2026-01-12 16:00:00,Monday,16,0.022,0.861,0.000,0.000,0.000,0.000,0.883,
2026-01-12 17:00:00,Monday,17,0.028,0.998,0.078,0.000,0.065,0.000,1.169,
2026-01-12 18:00:00,Monday,18,0.032,0.943,0.043,0.428,0.064,0.000,1.510,
2026-01-12 19:00:00,Monday,19,0.028,0.770,0.119,0.000,0.030,0.000,0.947,
2026-01-12 20:00:00,Monday,20,0.027,0.945,0.064,0.000,0.049,0.436,1.521,zmywarka
2026-01-12 21:00:00,Monday,21,0.030,0.896,0.119,0.000,0.054,0.000,1.099,
2026-01-12 22:00:00,Monday,22,0.031,0.965,0.087,0.000,0.068,0.000,1.151,
2026-01-12 23:00:00,Monday,23,0.025,0.958,0.000,0.000,0.000,0.000,0.983,
2026-01-13 00:00:00,Tuesday,0,0.028,0.652,0.000,0.000,0.000,0.000,0.680,wyjazd / nieobecność
2026-01-13 01:00:00,Tuesday,1,0.033,0.774,0.000,0.000,0.000,0.000,0.807,wyjazd / nieobecność
2026-01-13 02:00:00,Tuesday,2,0.022,0.737,0.000,0.000,0.000,0.000,0.759,wyjazd / nieobecność
2026-01-13 03:00:00,Tuesday,3,0.026,0.798,0.000,0.000,0.000,0.000,0.824,wyjazd / nieobecność
2026-01-13 04:00:00,Tuesday,4,0.028,0.781,0.000,0.000,0.000,0.000,0.809,wyjazd / nieobecność
2026-01-13 05:00:00,Tuesday,5,0.034,0.699,0.000,0.000,0.000,0.000,0.733,wyjazd / nieobecność
2026-01-13 06:00:00,Tuesday,6,0.021,0.739,0.000,0.000,0.000,0.000,0.760,wyjazd / nieobecność
2026-01-13 07:00:00,Tuesday,7,0.023,0.676,0.000,0.000,0.000,0.000,0.699,wyjazd / nieobecność
2026-01-13 08:00:00,Tuesday,8,0.031,0.653,0.000,0.000,0.000,0.000,0.684,wyjazd / nieobecność
2026-01-13 09:00:00,Tuesday,9,0.024,0.702,0.000,0.000,0.000,0.000,0.726,wyjazd / nieobecność
2026-01-13 10:00:00,Tuesday,10,0.026,0.614,0.000,0.000,0.000,0.000,0.640,wyjazd / nieobecność
2026-01-13 11:00:00,Tuesday,11,0.032,0.655,0.000,0.000,0.000,0.000,0.687,wyjazd / nieobecność
2026-01-13 12:00:00,Tuesday,12,0.026,0.612,0.000,0.000,0.000,0.000,0.638,wyjazd / nieobecność
2026-01-13 13:00:00,Tuesday,13,0.024,0.591,0.000,0.000,0.000,0.000,0.615,wyjazd / nieobecność
2026-01-13 14:00:00,Tuesday,14,0.026,0.642,0.000,0.000,0.000,0.000,0.668,wyjazd / nieobecność
2026-01-13 15:00:00,Tuesday,15,0.022,0.548,0.000,0.000,0.000,0.000,0.570,wyjazd / nieobecność
2026-01-13 16:00:00,Tuesday,16,0.022,0.680,0.000,0.000,0.000,0.000,0.702,wyjazd / nieobecność
2026-01-13 17:00:00,Tuesday,17,0.031,0.609,0.000,0.000,0.000,0.000,0.640,wyjazd / nieobecność
2026-01-13 18:00:00,Tuesday,18,0.031,0.520,0.000,0.000,0.000,0.000,0.551,wyjazd / nieobecność
2026-01-13 19:00:00,Tuesday,19,0.034,0.578,0.000,0.000,0.000,0.000,0.612,wyjazd / nieobecność
2026-01-13 20:00:00,Tuesday,20,0.030,0.605,0.000,0.000,0.000,0.000,0.635,wyjazd / nieobecność
2026-01-13 21:00:00,Tuesday,21,0.020,0.531,0.000,0.000,0.000,0.000,0.551,wyjazd / nieobecność
2026-01-13 22:00:00,Tuesday,22,0.028,0.566,0.000,0.000,0.000,0.000,0.594,wyjazd / nieobecność
2026-01-13 23:00:00,Tuesday,23,0.022,0.581,0.000,0.000,0.000,0.000,0.603,wyjazd / nieobecność
2026-01-14 00:00:00,Wednesday,0,0.036,0.690,0.000,0.000,0.000,0.000,0.726,
2026-01-14 01:00:00,Wednesday,1,0.024,0.576,0.000,0.000,0.000,0.000,0.600,
2026-01-14 02:00:00,Wednesday,2,0.022,0.613,0.000,0.000,0.000,0.000,0.635,
2026-01-14 03:00:00,Wednesday,3,0.035,0.562,0.000,0.000,0.000,0.000,0.597,
2026-01-14 04:00:00,Wednesday,4,0.028,0.576,0.000,0.000,0.000,0.000,0.604,
2026-01-14 05:00:00,Wednesday,5,0.020,0.717,0.000,0.000,0.000,0.000,0.737,
2026-01-14 06:00:00,Wednesday,6,0.021,0.766,0.111,0.000,0.043,0.000,0.941,
2026-01-14 07:00:00,Wednesday,7,0.024,0.665,0.085,0.000,0.055,0.000,0.829,
2026-01-14 08:00:00,Wednesday,8,0.028,0.634,0.065,0.000,0.035,0.000,0.762,
2026-01-14 09:00:00,Wednesday,9,0.031,0.697,0.000,0.000,0.000,0.000,0.728,
2026-01-14 10:00:00,Wednesday,10,0.032,0.681,0.000,0.000,0.000,0.000,0.713,
2026-01-14 11:00:00,Wednesday,11,0.025,0.750,0.000,0.000,0.000,0.000,0.775,
2026-01-14 12:00:00,Wednesday,12,0.020,0.698,0.000,0.000,0.000,0.000,0.718,
2026-01-14 13:00:00,Wednesday,13,0.023,0.641,0.000,0.000,0.000,0.000,0.664,
2026-01-14 14:00:00,Wednesday,14,0.020,0.626,0.000,0.000,0.000,0.000,0.646,
2026-01-14 15:00:00,Wednesday,15,0.030,0.682,0.000,0.000,0.000,0.000,0.712,
2026-01-14 16:00:00,Wednesday,16,0.028,0.679,0.000,0.000,0.000,0.000,0.707,
2026-01-14 17:00:00,Wednesday,17,0.022,0.818,0.092,0.267,0.067,0.000,1.266,
2026-01-14 18:00:00,Wednesday,18,0.032,0.654,0.077,0.000,0.064,0.000,0.827,
2026-01-14 19:00:00,Wednesday,19,0.028,0.804,0.058,0.000,0.032,0.460,1.382,zmywarka
2026-01-14 20:00:00,Wednesday,20,0.030,0.823,0.087,0.000,0.037,0.000,0.977,
2026-01-14 21:00:00,Wednesday,21,0.024,0.759,0.080,0.000,0.068,0.000,0.931,
2026-01-14 22:00:00,Wednesday,22,0.021,0.666,0.054,0.000,0.065,0.000,0.806,
2026-01-14 23:00:00,Wednesday,23,0.028,0.753,0.000,0.000,0.000,0.000,0.781,
2026-01-15 00:00:00,Thursday,0,0.025,0.770,0.000,0.000,0.000,0.000,0.795,wyjazd / nieobecność
2026-01-15 01:00:00,Thursday,1,0.026,0.635,0.000,0.000,0.000,0.000,0.661,wyjazd / nieobecność
2026-01-15 02:00:00,Thursday,2,0.032,0.763,0.000,0.000,0.000,0.000,0.795,wyjazd / nieobecność
2026-01-15 03:00:00,Thursday,3,0.030,0.798,0.000,0.000,0.000,0.000,0.828,wyjazd / nieobecność
2026-01-15 04:00:00,Thursday,4,0.036,0.789,0.000,0.000,0.000,0.000,0.825,wyjazd / nieobecność
2026-01-15 05:00:00,Thursday,5,0.034,0.687,0.000,0.000,0.000,0.000,0.721,wyjazd / nieobecność
2026-01-15 06:00:00,Thursday,6,0.034,0.730,0.000,0.000,0.000,0.000,0.764,wyjazd / nieobecność
2026-01-15 07:00:00,Thursday,7,0.034,0.728,0.000,0.000,0.000,0.000,0.762,wyjazd / nieobecność
2026-01-15 08:00:00,Thursday,8,0.022,0.611,0.000,0.000,0.000,0.000,0.633,wyjazd / nieobecność
2026-01-15 09:00:00,Thursday,9,0.022,0.576,0.000,0.000,0.045,0.000,0.643,wyjazd / nieobecność; praca zdalna
2026-01-15 10:00:00,Thursday,10,0.021,0.688,0.000,0.000,0.071,0.000,0.780,wyjazd / nieobecność; praca zdalna
2026-01-15 11:00:00,Thursday,11,0.034,0.558,0.000,0.000,0.041,0.000,0.633,wyjazd / nieobecność; praca zdalna
2026-01-15 12:00:00,Thursday,12,0.033,0.562,0.000,0.000,0.058,0.000,0.653,wyjazd / nieobecność; praca zdalna
2026-01-15 13:00:00,Thursday,13,0.033,0.612,0.000,0.000,0.067,0.000,0.712,wyjazd / nieobecność; praca zdalna
2026-01-15 14:00:00,Thursday,14,0.032,0.610,0.000,0.000,0.045,0.000,0.687,wyjazd / nieobecność; praca zdalna
2026-01-15 15:00:00,Thursday,15,0.026,0.655,0.000,0.000,0.048,0.000,0.729,wyjazd / nieobecność; praca zdalna
2026-01-15 16:00:00,Thursday,16,0.021,0.529,0.000,0.000,0.034,0.000,0.584,wyjazd / nieobecność; praca zdalna
2026-01-15 17:00:00,Thursday,17,0.030,0.542,0.000,0.000,0.000,0.000,0.572,wyjazd / nieobecność
2026-01-15 18:00:00,Thursday,18,0.027,0.608,0.000,0.000,0.000,0.000,0.635,wyjazd / nieobecność
2026-01-15 19:00:00,Thursday,19,0.034,0.600,0.000,0.000,0.000,0.000,0.634,wyjazd / nieobecność
2026-01-15 20:00:00,Thursday,20,0.024,0.609,0.000,0.000,0.000,0.000,0.633,wyjazd / nieobecność
2026-01-15 21:00:00,Thursday,21,0.028,0.484,0.000,0.000,0.000,0.000,0.512,wyjazd / nieobecność
2026-01-15 22:00:00,Thursday,22,0.034,0.496,0.000,0.000,0.000,0.000,0.530,wyjazd / nieobecność
2026-01-15 23:00:00,Thursday,23,0.036,0.597,0.000,0.000,0.000,0.000,0.633,wyjazd / nieobecność
2026-01-16 00:00:00,Friday,0,0.036,0.712,0.000,0.000,0.000,0.000,0.748,
2026-01-16 01:00:00,Friday,1,0.030,0.557,0.000,0.000,0.000,0.000,0.587,
2026-01-16 02:00:00,Friday,2,0.035,0.730,0.000,0.000,0.000,0.000,0.765,
2026-01-16 03:00:00,Friday,3,0.027,0.661,0.000,0.000,0.000,0.000,0.688,
2026-01-16 04:00:00,Friday,4,0.044,0.669,0.000,0.000,0.000,0.000,0.713,
2026-01-16 05:00:00,Friday,5,0.032,0.635,0.000,0.000,0.000,0.000,0.667,
2026-01-16 06:00:00,Friday,6,0.036,0.766,0.083,0.000,0.046,0.000,0.931,
2026-01-16 07:00:00,Friday,7,0.031,0.693,0.089,0.000,0.037,0.000,0.850,
2026-01-16 08:00:00,Friday,8,0.030,0.718,0.045,0.000,0.050,0.000,0.843,
2026-01-16 09:00:00,Friday,9,0.023,0.678,0.000,0.000,0.000,0.000,0.701,
2026-01-16 10:00:00,Friday,10,0.030,0.673,0.000,0.000,0.000,0.000,0.703,
2026-01-16 11:00:00,Friday,11,0.032,0.608,0.000,0.000,0.000,0.286,0.926,pralka
2026-01-16 12:00:00,Friday,12,0.022,0.716,0.000,0.000,0.000,0.774,1.512,suszarka
2026-01-16 13:00:00,Friday,13,0.023,0.636,0.000,0.000,0.000,0.000,0.659,
2026-01-16 14:00:00,Friday,14,0.034,0.566,0.000,0.000,0.000,0.000,0.600,
2026-01-16 15:00:00,Friday,15,0.021,0.611,0.000,0.000,0.000,0.000,0.632,
2026-01-16 16:00:00,Friday,16,0.027,0.707,0.000,0.000,0.000,0.000,0.734,
2026-01-16 17:00:00,Friday,17,0.025,0.651,0.084,0.488,0.041,0.000,1.289,
2026-01-16 18:00:00,Friday,18,0.025,0.638,0.097,0.000,0.033,0.000,0.793,
2026-01-16 19:00:00,Friday,19,0.026,0.616,0.118,0.000,0.042,0.000,0.802,
2026-01-16 20:00:00,Friday,20,0.026,0.746,0.119,0.000,0.059,0.469,1.419,zmywarka
2026-01-16 21:00:00,Friday,21,0.026,0.636,0.113,0.000,0.056,0.000,0.831,
2026-01-16 22:00:00,Friday,22,0.026,0.610,0.049,0.000,0.052,0.000,0.737,
2026-01-16 23:00:00,Friday,23,0.024,0.767,0.000,0.000,0.000,0.000,0.791,
2026-01-17 00:00:00,Saturday,0,0.032,0.777,0.000,0.000,0.000,0.000,0.809,
2026-01-17 01:00:00,Saturday,1,0.036,0.713,0.000,0.000,0.000,0.000,0.749,
2026-01-17 02:00:00,Saturday,2,0.030,0.662,0.000,0.000,0.000,0.000,0.692,
2026-01-17 03:00:00,Saturday,3,0.032,0.658,0.000,0.000,0.000,0.000,0.690,
2026-01-17 04:00:00,Saturday,4,0.039,0.715,0.000,0.000,0.000,0.000,0.754,
2026-01-17 05:00:00,Saturday,5,0.041,0.688,0.000,0.000,0.000,0.000,0.729,
2026-01-17 06:00:00,Saturday,6,0.033,0.704,0.058,0.000,0.032,0.000,0.827,
2026-01-17 07:00:00,Saturday,7,0.028,0.720,0.062,0.000,0.056,0.000,0.866,
2026-01-17 08:00:00,Saturday,8,0.024,0.786,0.044,0.000,0.061,0.000,0.915,
2026-01-17 09:00:00,Saturday,9,0.028,0.687,0.000,0.000,0.000,0.278,0.993,pralka
2026-01-17 10:00:00,Saturday,10,0.033,0.918,0.000,0.000,0.000,0.000,0.951,
2026-01-17 11:00:00,Saturday,11,0.032,0.730,0.000,0.000,0.000,0.000,0.762,
2026-01-17 12:00:00,Saturday,12,0.035,0.806,0.000,0.000,0.000,0.000,0.841,
2026-01-17 13:00:00,Saturday,13,0.029,0.695,0.000,0.000,0.000,0.433,1.157,zmywarka
2026-01-17 14:00:00,Saturday,14,0.030,0.871,0.000,0.000,0.000,0.000,0.901,
2026-01-17 15:00:00,Saturday,15,0.024,0.794,0.000,0.000,0.000,0.000,0.818,
2026-01-17 16:00:00,Saturday,16,0.031,0.891,0.000,0.000,0.000,0.000,0.922,
2026-01-17 17:00:00,Saturday,17,0.022,0.908,0.046,0.417,0.037,0.000,1.430,
2026-01-17 18:00:00,Saturday,18,0.025,0.901,0.077,0.000,0.069,0.000,1.072,
2026-01-17 19:00:00,Saturday,19,0.021,0.722,0.111,0.000,0.052,0.000,0.906,
2026-01-17 20:00:00,Saturday,20,0.027,0.842,0.103,0.000,0.066,0.000,1.038,
2026-01-17 21:00:00,Saturday,21,0.021,0.781,0.084,0.000,0.030,0.000,0.916,
2026-01-17 22:00:00,Saturday,22,0.027,0.763,0.095,0.000,0.033,0.000,0.918,
2026-01-17 23:00:00,Saturday,23,0.030,0.785,0.000,0.000,0.000,0.000,0.815,
2026-01-18 00:00:00,Sunday,0,0.031,0.702,0.000,0.000,0.000,0.000,0.733,
2026-01-18 01:00:00,Sunday,1,0.026,0.797,0.000,0.000,0.000,0.000,0.823,
2026-01-18 02:00:00,Sunday,2,0.027,0.809,0.000,0.000,0.000,0.000,0.836,
2026-01-18 03:00:00,Sunday,3,0.040,0.699,0.000,0.000,0.000,0.000,0.739,
2026-01-18 04:00:00,Sunday,4,0.028,0.632,0.000,0.000,0.000,0.000,0.660,
2026-01-18 05:00:00,Sunday,5,0.034,0.713,0.000,0.000,0.000,0.000,0.747,
2026-01-18 06:00:00,Sunday,6,0.023,0.738,0.066,0.000,0.033,0.000,0.860,
2026-01-18 07:00:00,Sunday,7,0.035,0.810,0.057,0.000,0.061,0.000,0.963,
2026-01-18 08:00:00,Sunday,8,0.025,0.786,0.048,0.000,0.034,0.000,0.893,
2026-01-18 09:00:00,Sunday,9,0.031,0.858,0.000,0.000,0.000,0.000,0.889,
2026-01-18 10:00:00,Sunday,10,0.034,0.841,0.000,0.000,0.000,0.000,0.875,
2026-01-18 11:00:00,Sunday,11,0.021,0.835,0.000,0.000,0.000,0.000,0.856,
2026-01-18 12:00:00,Sunday,12,0.033,0.788,0.000,0.000,0.000,0.000,0.821,
2026-01-18 13:00:00,Sunday,13,0.031,0.678,0.000,0.000,0.000,0.000,0.709,
2026-01-18 14:00:00,Sunday,14,0.023,0.778,0.000,0.000,0.000,0.000,0.801,
2026-01-18 15:00:00,Sunday,15,0.036,0.661,0.000,0.000,0.000,0.000,0.697,
2026-01-18 16:00:00,Sunday,16,0.032,0.670,0.000,0.000,0.000,0.000,0.702,
2026-01-18 17:00:00,Sunday,17,0.024,0.756,0.084,0.335,0.044,0.000,1.243,
2026-01-18 18:00:00,Sunday,18,0.028,0.713,0.056,0.000,0.036,0.000,0.833,
2026-01-18 19:00:00,Sunday,19,0.032,0.734,0.117,0.000,0.036,0.000,0.919,
2026-01-18 20:00:00,Sunday,20,0.023,0.865,0.075,0.000,0.034,0.000,0.997,
2026-01-18 21:00:00,Sunday,21,0.023,0.903,0.045,0.000,0.056,0.000,1.027,
2026-01-18 22:00:00,Sunday,22,0.025,0.690,0.050,0.000,0.068,0.000,0.833,
2026-01-18 23:00:00,Sunday,23,0.022,0.728,0.000,0.000,0.000,0.000,0.750,
2026-01-19 00:00:00,Monday,0,0.028,0.654,0.000,0.000,0.000,0.000,0.682,
2026-01-19 01:00:00,Monday,1,0.032,0.684,0.000,0.000,0.000,0.000,0.716,
2026-01-19 02:00:00,Monday,2,0.044,0.832,0.000,0.000,0.000,0.000,0.876,
2026-01-19 03:00:00,Monday,3,0.026,0.672,0.000,0.000,0.000,0.000,0.698,
2026-01-19 04:00:00,Monday,4,0.030,0.778,0.000,0.000,0.000,0.000,0.808,
2026-01-19 05:00:00,Monday,5,0.021,0.748,0.000,0.000,0.000,0.000,0.769,
2026-01-19 06:00:00,Monday,6,0.030,0.766,0.065,0.000,0.070,0.000,0.931,
2026-01-19 07:00:00,Monday,7,0.030,0.926,0.110,0.000,0.052,0.000,1.118,
2026-01-19 08:00:00,Monday,8,0.024,1.014,0.000,0.000,0.034,0.000,1.072,
2026-01-19 09:00:00,Monday,9,0.035,0.771,0.000,0.000,0.093,0.000,0.899,praca zdalna
2026-01-19 10:00:00,Monday,10,0.034,0.940,0.000,0.000,0.104,0.000,1.078,praca zdalna
2026-01-19 11:00:00,Monday,11,0.021,0.930,0.000,0.000,0.100,0.000,1.051,praca zdalna
2026-01-19 12:00:00,Monday,12,0.030,0.717,0.000,0.000,0.091,0.000,0.838,praca zdalna
2026-01-19 13:00:00,Monday,13,0.021,0.818,0.000,0.000,0.133,0.000,0.972,praca zdalna
2026-01-19 14:00:00,Monday,14,0.024,0.673,0.000,0.000,0.105,0.000,0.802,praca zdalna
2026-01-19 15:00:00,Monday,15,0.034,0.740,0.000,0.000,0.106,0.000,0.880,praca zdalna
2026-01-19 16:00:00,Monday,16,0.033,0.786,0.087,0.000,0.100,0.000,1.006,praca zdalna
2026-01-19 17:00:00,Monday,17,0.028,0.786,0.114,0.000,0.067,0.000,0.995,
2026-01-19 18:00:00,Monday,18,0.025,0.942,0.066,0.412,0.043,0.000,1.488,
2026-01-19 19:00:00,Monday,19,0.025,0.735,0.107,0.000,0.047,0.000,0.914,
2026-01-19 20:00:00,Monday,20,0.029,0.734,0.073,0.000,0.052,0.417,1.305,zmywarka
2026-01-19 21:00:00,Monday,21,0.029,0.865,0.049,0.000,0.069,0.000,1.012,
2026-01-19 22:00:00,Monday,22,0.025,0.712,0.080,0.000,0.042,0.000,0.859,
2026-01-19 23:00:00,Monday,23,0.034,0.634,0.000,0.000,0.000,0.000,0.668,
2026-01-20 00:00:00,Tuesday,0,0.044,0.824,0.000,0.000,0.000,0.000,0.868,
2026-01-20 01:00:00,Tuesday,1,0.032,0.666,0.000,0.000,0.000,0.000,0.698,
2026-01-20 02:00:00,Tuesday,2,0.024,0.764,0.000,0.000,0.000,0.000,0.788,
2026-01-20 03:00:00,Tuesday,3,0.032,0.775,0.000,0.000,0.000,0.000,0.807,
2026-01-20 04:00:00,Tuesday,4,0.042,0.888,0.000,0.000,0.000,0.000,0.930,
2026-01-20 05:00:00,Tuesday,5,0.042,0.714,0.000,0.000,0.000,0.000,0.756,
2026-01-20 06:00:00,Tuesday,6,0.024,0.903,0.074,0.000,0.045,0.000,1.046,
2026-01-20 07:00:00,Tuesday,7,0.022,0.879,0.085,0.000,0.041,0.000,1.027,
2026-01-20 08:00:00,Tuesday,8,0.035,0.953,0.000,0.000,0.033,0.000,1.021,
2026-01-20 09:00:00,Tuesday,9,0.034,0.888,0.000,0.000,0.000,0.000,0.922,
2026-01-20 10:00:00,Tuesday,10,0.029,0.779,0.000,0.000,0.000,0.332,1.140,pralka
2026-01-20 11:00:00,Tuesday,11,0.028,0.881,0.000,0.000,0.000,0.000,0.909,
2026-01-20 12:00:00,Tuesday,12,0.028,0.754,0.000,0.000,0.000,0.000,0.782,
2026-01-20 13:00:00,Tuesday,13,0.030,0.826,0.000,0.000,0.000,0.000,0.856,
2026-01-20 14:00:00,Tuesday,14,0.032,0.698,0.000,0.000,0.000,0.000,0.730,
2026-01-20 15:00:00,Tuesday,15,0.025,0.844,0.000,0.000,0.000,0.000,0.869,
2026-01-20 16:00:00,Tuesday,16,0.032,0.853,0.000,0.000,0.000,0.000,0.885,
2026-01-20 17:00:00,Tuesday,17,0.022,0.968,0.089,0.327,0.063,0.000,1.469,
2026-01-20 18:00:00,Tuesday,18,0.020,0.846,0.111,0.000,0.038,0.000,1.015,
2026-01-20 19:00:00,Tuesday,19,0.033,0.858,0.068,0.000,0.060,0.000,1.019,
2026-01-20 20:00:00,Tuesday,20,0.029,0.891,0.116,0.000,0.064,0.382,1.482,zmywarka
2026-01-20 21:00:00,Tuesday,21,0.025,1.037,0.116,0.000,0.054,0.000,1.232,
2026-01-20 22:00:00,Tuesday,22,0.035,0.808,0.094,0.000,0.058,0.000,0.995,
2026-01-20 23:00:00,Tuesday,23,0.034,0.931,0.000,0.000,0.000,0.000,0.965,
2026-01-21 00:00:00,Wednesday,0,0.024,0.698,0.000,0.000,0.000,0.000,0.722,wyjazd / nieobecność
2026-01-21 01:00:00,Wednesday,1,0.034,0.705,0.000,0.000,0.000,0.000,0.739,wyjazd / nieobecność
2026-01-21 02:00:00,Wednesday,2,0.031,0.740,0.000,0.000,0.000,0.000,0.771,wyjazd / nieobecność
2026-01-21 03:00:00,Wednesday,3,0.024,0.758,0.000,0.000,0.000,0.000,0.782,wyjazd / nieobecność
2026-01-21 04:00:00,Wednesday,4,0.024,0.896,0.000,0.000,0.000,0.000,0.920,wyjazd / nieobecność
2026-01-21 05:00:00,Wednesday,5,0.031,0.862,0.000,0.000,0.000,0.000,0.893,wyjazd / nieobecność
2026-01-21 06:00:00,Wednesday,6,0.022,0.828,0.000,0.000,0.000,0.000,0.850,wyjazd / nieobecność
2026-01-21 07:00:00,Wednesday,7,0.025,0.832,0.000,0.000,0.000,0.000,0.857,wyjazd / nieobecność
2026-01-21 08:00:00,Wednesday,8,0.023,0.744,0.000,0.000,0.000,0.000,0.767,wyjazd / nieobecność
2026-01-21 09:00:00,Wednesday,9,0.033,0.733,0.000,0.000,0.000,0.000,0.766,wyjazd / nieobecność
2026-01-21 10:00:00,Wednesday,10,0.033,0.795,0.000,0.000,0.000,0.000,0.828,wyjazd / nieobecność
2026-01-21 11:00:00,Wednesday,11,0.031,0.693,0.000,0.000,0.000,0.000,0.724,wyjazd / nieobecność
2026-01-21 12:00:00,Wednesday,12,0.029,0.844,0.000,0.000,0.000,0.000,0.873,wyjazd / nieobecność
2026-01-21 13:00:00,Wednesday,13,0.021,0.825,0.000,0.000,0.000,0.000,0.846,wyjazd / nieobecność
2026-01-21 14:00:00,Wednesday,14,0.024,0.688,0.000,0.000,0.000,0.000,0.712,wyjazd / nieobecność
2026-01-21 15:00:00,Wednesday,15,0.025,0.665,0.000,0.000,0.000,0.000,0.690,wyjazd / nieobecność
2026-01-21 16:00:00,Wednesday,16,0.032,0.766,0.000,0.000,0.000,0.000,0.798,wyjazd / nieobecność
2026-01-21 17:00:00,Wednesday,17,0.030,0.660,0.000,0.000,0.000,0.000,0.690,wyjazd / nieobecność
2026-01-21 18:00:00,Wednesday,18,0.022,0.688,0.000,0.000,0.000,0.000,0.710,wyjazd / nieobecność
2026-01-21 19:00:00,Wednesday,19,0.022,0.822,0.000,0.000,0.000,0.000,0.844,wyjazd / nieobecność
2026-01-21 20:00:00,Wednesday,20,0.029,0.628,0.000,0.000,0.000,0.000,0.657,wyjazd / nieobecność
2026-01-21 21:00:00,Wednesday,21,0.032,0.701,0.000,0.000,0.000,0.000,0.733,wyjazd / nieobecność
2026-01-21 22:00:00,Wednesday,22,0.031,0.654,0.000,0.000,0.000,0.000,0.685,wyjazd / nieobecność
2026-01-21 23:00:00,Wednesday,23,0.033,0.744,0.000,0.000,0.000,0.000,0.777,wyjazd / nieobecność
2026-01-22 00:00:00,Thursday,0,0.034,0.856,0.000,0.000,0.000,0.000,0.890,
2026-01-22 01:00:00,Thursday,1,0.030,0.878,0.000,0.000,0.000,0.000,0.908,
2026-01-22 02:00:00,Thursday,2,0.035,0.832,0.000,0.000,0.000,0.000,0.867,
2026-01-22 03:00:00,Thursday,3,0.026,0.942,0.000,0.000,0.000,0.000,0.968,
2026-01-22 04:00:00,Thursday,4,0.022,0.942,0.000,0.000,0.000,0.000,0.964,
2026-01-22 05:00:00,Thursday,5,0.020,0.926,0.000,0.000,0.000,0.000,0.946,
2026-01-22 06:00:00,Thursday,6,0.029,0.863,0.050,0.000,0.044,0.000,0.986,
2026-01-22 07:00:00,Thursday,7,0.028,0.956,0.078,0.000,0.048,0.000,1.110,
2026-01-22 08:00:00,Thursday,8,0.024,0.919,0.119,0.000,0.032,0.000,1.094,
2026-01-22 09:00:00,Thursday,9,0.032,1.059,0.000,0.000,0.000,0.000,1.091,
2026-01-22 10:00:00,Thursday,10,0.022,1.024,0.000,0.000,0.000,0.000,1.046,
2026-01-22 11:00:00,Thursday,11,0.029,1.005,0.000,0.000,0.000,0.000,1.034,
2026-01-22 12:00:00,Thursday,12,0.020,1.096,0.000,0.000,0.000,0.000,1.116,
2026-01-22 13:00:00,Thursday,13,0.031,1.017,0.000,0.000,0.000,0.000,1.048,
2026-01-22 14:00:00,Thursday,14,0.028,0.888,0.000,0.000,0.000,0.000,0.916,
2026-01-22 15:00:00,Thursday,15,0.032,0.948,0.000,0.000,0.000,0.000,0.980,
2026-01-22 16:00:00,Thursday,16,0.036,0.961,0.000,0.000,0.000,0.000,0.997,
2026-01-22 17:00:00,Thursday,17,0.025,0.778,0.095,0.397,0.037,0.000,1.332,
2026-01-22 18:00:00,Thursday,18,0.021,0.772,0.112,0.000,0.040,0.000,0.945,
2026-01-22 19:00:00,Thursday,19,0.029,0.902,0.101,0.000,0.034,0.415,1.481,zmywarka
2026-01-22 20:00:00,Thursday,20,0.032,1.006,0.059,0.000,0.036,0.000,1.133,
2026-01-22 21:00:00,Thursday,21,0.026,0.990,0.100,0.000,0.049,0.000,1.165,
2026-01-22 22:00:00,Thursday,22,0.022,0.815,0.082,0.000,0.048,0.000,0.967,
2026-01-22 23:00:00,Thursday,23,0.030,0.779,0.000,0.000,0.000,0.000,0.809,
2026-01-23 00:00:00,Friday,0,0.037,0.747,0.000,0.000,0.000,0.000,0.784,
2026-01-23 01:00:00,Friday,1,0.024,0.836,0.000,0.000,0.000,0.000,0.860,
2026-01-23 02:00:00,Friday,2,0.041,0.786,0.000,0.000,0.000,0.000,0.827,
2026-01-23 03:00:00,Friday,3,0.026,0.813,0.000,0.000,0.000,0.000,0.839,
2026-01-23 04:00:00,Friday,4,0.046,0.874,0.000,0.000,0.000,0.000,0.920,
2026-01-23 05:00:00,Friday,5,0.032,0.878,0.000,0.000,0.000,0.000,0.910,
2026-01-23 06:00:00,Friday,6,0.022,1.067,0.069,0.000,0.049,0.000,1.207,
2026-01-23 07:00:00,Friday,7,0.026,1.055,0.051,0.000,0.056,0.000,1.188,
2026-01-23 08:00:00,Friday,8,0.030,1.046,0.075,0.000,0.052,0.000,1.203,
2026-01-23 09:00:00,Friday,9,0.023,0.887,0.000,0.000,0.000,0.000,0.910,
2026-01-23 10:00:00,Friday,10,0.028,1.081,0.000,0.000,0.000,0.000,1.109,
2026-01-23 11:00:00,Friday,11,0.028,0.968,0.000,0.000,0.000,0.000,0.996,
2026-01-23 12:00:00,Friday,12,0.032,1.086,0.000,0.000,0.000,0.000,1.118,
2026-01-23 13:00:00,Friday,13,0.035,1.070,0.000,0.000,0.000,0.323,1.428,pralka
2026-01-23 14:00:00,Friday,14,0.022,0.871,0.000,0.000,0.000,0.823,1.716,suszarka
2026-01-23 15:00:00,Friday,15,0.024,0.852,0.000,0.000,0.000,0.000,0.876,
2026-01-23 16:00:00,Friday,16,0.034,1.058,0.000,0.000,0.000,0.000,1.092,
2026-01-23 17:00:00,Friday,17,0.027,0.960,0.109,0.000,0.058,0.000,1.154,
2026-01-23 18:00:00,Friday,18,0.028,0.889,0.087,0.476,0.030,0.000,1.510,
2026-01-23 19:00:00,Friday,19,0.021,0.989,0.093,0.000,0.058,0.000,1.161,
2026-01-23 20:00:00,Friday,20,0.026,1.079,0.075,0.000,0.036,0.382,1.598,zmywarka
2026-01-23 21:00:00,Friday,21,0.028,0.977,0.111,0.000,0.042,0.000,1.158,
2026-01-23 22:00:00,Friday,22,0.036,1.056,0.067,0.000,0.053,0.000,1.212,
2026-01-23 23:00:00,Friday,23,0.027,0.969,0.000,0.000,0.000,0.000,0.996,
2026-01-24 00:00:00,Saturday,0,0.028,0.903,0.000,0.000,0.000,0.000,0.931,
2026-01-24 01:00:00,Saturday,1,0.031,0.861,0.000,0.000,0.000,0.000,0.892,
2026-01-24 02:00:00,Saturday,2,0.028,0.984,0.000,0.000,0.000,0.000,1.012,
2026-01-24 03:00:00,Saturday,3,0.028,0.904,0.000,0.000,0.000,0.000,0.932,
2026-01-24 04:00:00,Saturday,4,0.034,1.034,0.000,0.000,0.000,0.000,1.068,
2026-01-24 05:00:00,Saturday,5,0.028,0.830,0.000,0.000,0.000,0.000,0.858,
2026-01-24 06:00:00,Saturday,6,0.020,0.847,0.063,0.000,0.055,0.000,0.985,
2026-01-24 07:00:00,Saturday,7,0.025,0.935,0.064,0.000,0.043,0.000,1.067,
2026-01-24 08:00:00,Saturday,8,0.034,0.834,0.086,0.000,0.039,0.000,0.993,
2026-01-24 09:00:00,Saturday,9,0.022,0.955,0.000,0.000,0.000,0.000,0.977,
2026-01-24 10:00:00,Saturday,10,0.022,0.993,0.000,0.000,0.000,0.322,1.337,pralka
2026-01-24 11:00:00,Saturday,11,0.026,0.826,0.000,0.000,0.000,0.000,0.852,
2026-01-24 12:00:00,Saturday,12,0.034,0.873,0.000,0.000,0.000,0.000,0.907,
2026-01-24 13:00:00,Saturday,13,0.030,0.915,0.000,0.000,0.000,0.000,0.945,
2026-01-24 14:00:00,Saturday,14,0.021,0.811,0.000,0.000,0.000,0.000,0.832,
2026-01-24 15:00:00,Saturday,15,0.026,0.894,0.000,0.000,0.000,0.000,0.920,
2026-01-24 16:00:00,Saturday,16,0.022,0.987,0.000,0.000,0.000,0.000,1.009,
2026-01-24 17:00:00,Saturday,17,0.032,0.968,0.069,0.253,0.053,0.000,1.375,
2026-01-24 18:00:00,Saturday,18,0.026,0.900,0.112,0.000,0.046,0.000,1.084,
2026-01-24 19:00:00,Saturday,19,0.026,0.808,0.073,0.000,0.069,0.000,0.976,
2026-01-24 20:00:00,Saturday,20,0.029,1.027,0.106,0.000,0.038,0.000,1.200,
2026-01-24 21:00:00,Saturday,21,0.034,0.904,0.106,0.000,0.061,0.000,1.105,
2026-01-24 22:00:00,Saturday,22,0.028,1.022,0.063,0.000,0.032,0.000,1.145,
2026-01-24 23:00:00,Saturday,23,0.028,0.873,0.000,0.000,0.000,0.000,0.901,
2026-01-25 00:00:00,Sunday,0,0.026,0.925,0.000,0.000,0.000,0.000,0.951,
2026-01-25 01:00:00,Sunday,1,0.036,0.835,0.000,0.000,0.000,0.000,0.871,
2026-01-25 02:00:00,Sunday,2,0.032,0.906,0.000,0.000,0.000,0.000,0.938,
2026-01-25 03:00:00,Sunday,3,0.036,0.786,0.000,0.000,0.000,0.000,0.822,
2026-01-25 04:00:00,Sunday,4,0.028,0.949,0.000,0.000,0.000,0.000,0.977,
2026-01-25 05:00:00,Sunday,5,0.037,0.759,0.000,0.000,0.000,0.000,0.796,
2026-01-25 06:00:00,Sunday,6,0.031,0.808,0.078,0.000,0.065,0.000,0.982,
2026-01-25 07:00:00,Sunday,7,0.032,0.885,0.051,0.000,0.048,0.000,1.016,
2026-01-25 08:00:00,Sunday,8,0.030,0.876,0.040,0.000,0.051,0.000,0.997,
2026-01-25 09:00:00,Sunday,9,0.020,1.055,0.000,0.000,0.000,0.000,1.075,
2026-01-25 10:00:00,Sunday,10,0.026,0.980,0.000,0.000,0.000,0.000,1.006,
2026-01-25 11:00:00,Sunday,11,0.030,0.906,0.000,0.000,0.000,0.000,0.936,
2026-01-25 12:00:00,Sunday,12,0.032,0.991,0.000,0.000,0.000,0.000,1.023,
2026-01-25 13:00:00,Sunday,13,0.025,0.980,0.000,0.000,0.000,0.327,1.332,zmywarka
2026-01-25 14:00:00,Sunday,14,0.023,0.911,0.000,0.000,0.000,0.000,0.934,
2026-01-25 15:00:00,Sunday,15,0.028,0.887,0.000,0.000,0.000,0.000,0.915,
2026-01-25 16:00:00,Sunday,16,0.022,0.917,0.000,0.000,0.000,0.000,0.939,
2026-01-25 17:00:00,Sunday,17,0.032,0.936,0.063,0.304,0.058,0.000,1.393,
2026-01-25 18:00:00,Sunday,18,0.035,0.749,0.099,0.000,0.030,0.000,0.913,
2026-01-25 19:00:00,Sunday,19,0.021,0.886,0.113,0.000,0.063,0.000,1.083,
2026-01-25 20:00:00,Sunday,20,0.026,1.035,0.109,0.000,0.056,0.000,1.226,
2026-01-25 21:00:00,Sunday,21,0.029,0.858,0.107,0.000,0.043,0.000,1.037,
2026-01-25 22:00:00,Sunday,22,0.024,0.821,0.057,0.000,0.068,0.000,0.970,
2026-01-25 23:00:00,Sunday,23,0.034,0.930,0.000,0.000,0.000,0.000,0.964,
2026-01-26 00:00:00,Monday,0,0.032,0.773,0.000,0.000,0.000,0.000,0.805,
2026-01-26 01:00:00,Monday,1,0.025,0.850,0.000,0.000,0.000,0.000,0.875,
2026-01-26 02:00:00,Monday,2,0.040,0.779,0.000,0.000,0.000,0.000,0.819,
2026-01-26 03:00:00,Monday,3,0.036,0.784,0.000,0.000,0.000,0.000,0.820,
2026-01-26 04:00:00,Monday,4,0.044,0.941,0.000,0.000,0.000,0.000,0.985,
2026-01-26 05:00:00,Monday,5,0.034,1.036,0.000,0.000,0.000,0.000,1.070,
2026-01-26 06:00:00,Monday,6,0.024,0.901,0.041,0.000,0.060,0.000,1.026,
2026-01-26 07:00:00,Monday,7,0.028,1.080,0.041,0.000,0.068,0.000,1.217,
2026-01-26 08:00:00,Monday,8,0.023,0.880,0.083,0.000,0.040,0.000,1.026,
2026-01-26 09:00:00,Monday,9,0.035,1.166,0.000,0.000,0.108,0.000,1.309,praca zdalna
2026-01-26 10:00:00,Monday,10,0.026,1.082,0.000,0.000,0.131,0.000,1.239,praca zdalna
2026-01-26 11:00:00,Monday,11,0.028,1.028,0.000,0.000,0.089,0.000,1.145,praca zdalna
2026-01-26 12:00:00,Monday,12,0.031,0.880,0.000,0.000,0.132,0.000,1.043,praca zdalna
2026-01-26 13:00:00,Monday,13,0.021,0.959,0.000,0.000,0.115,0.375,1.470,praca zdalna; pralka
2026-01-26 14:00:00,Monday,14,0.032,0.890,0.000,0.000,0.112,0.000,1.034,praca zdalna
2026-01-26 15:00:00,Monday,15,0.035,0.928,0.000,0.000,0.118,0.000,1.081,praca zdalna
2026-01-26 16:00:00,Monday,16,0.022,1.076,0.118,0.000,0.096,0.000,1.312,praca zdalna
2026-01-26 17:00:00,Monday,17,0.035,1.094,0.104,0.402,0.046,0.000,1.681,
2026-01-26 18:00:00,Monday,18,0.024,0.836,0.066,0.000,0.035,0.000,0.961,
2026-01-26 19:00:00,Monday,19,0.027,1.012,0.095,0.000,0.062,0.000,1.196,
2026-01-26 20:00:00,Monday,20,0.028,1.080,0.069,0.000,0.064,0.355,1.596,zmywarka
2026-01-26 21:00:00,Monday,21,0.022,0.875,0.070,0.000,0.051,0.000,1.018,
2026-01-26 22:00:00,Monday,22,0.035,0.791,0.063,0.000,0.037,0.000,0.926,
2026-01-26 23:00:00,Monday,23,0.023,0.772,0.000,0.000,0.000,0.000,0.795,
2026-01-27 00:00:00,Tuesday,0,0.029,0.880,0.000,0.000,0.000,0.000,0.909,
2026-01-27 01:00:00,Tuesday,1,0.024,0.901,0.000,0.000,0.000,0.000,0.925,
2026-01-27 02:00:00,Tuesday,2,0.046,0.988,0.000,0.000,0.000,0.000,1.034,
2026-01-27 03:00:00,Tuesday,3,0.024,0.931,0.000,0.000,0.000,0.000,0.955,
2026-01-27 04:00:00,Tuesday,4,0.038,0.854,0.000,0.000,0.000,0.000,0.892,
2026-01-27 05:00:00,Tuesday,5,0.030,0.839,0.000,0.000,0.000,0.000,0.869,
2026-01-27 06:00:00,Tuesday,6,0.029,0.959,0.078,0.000,0.043,0.000,1.109,
2026-01-27 07:00:00,Tuesday,7,0.031,0.883,0.098,0.000,0.051,0.000,1.063,
2026-01-27 08:00:00,Tuesday,8,0.029,0.875,0.075,0.000,0.033,0.000,1.012,
2026-01-27 09:00:00,Tuesday,9,0.026,0.873,0.000,0.000,0.000,0.000,0.899,
2026-01-27 10:00:00,Tuesday,10,0.021,0.994,0.000,0.000,0.000,0.000,1.015,
2026-01-27 11:00:00,Tuesday,11,0.029,0.986,0.000,0.000,0.000,0.000,1.015,
2026-01-27 12:00:00,Tuesday,12,0.031,1.047,0.000,0.000,0.000,0.000,1.078,
2026-01-27 13:00:00,Tuesday,13,0.021,0.939,0.000,0.000,0.000,0.000,0.960,
2026-01-27 14:00:00,Tuesday,14,0.028,0.997,0.000,0.000,0.000,0.294,1.319,pralka
2026-01-27 15:00:00,Tuesday,15,0.029,1.008,0.000,0.000,0.000,0.698,1.735,suszarka
2026-01-27 16:00:00,Tuesday,16,0.024,1.115,0.000,0.000,0.000,0.000,1.139,
2026-01-27 17:00:00,Tuesday,17,0.030,0.857,0.109,0.000,0.068,0.000,1.064,
2026-01-27 18:00:00,Tuesday,18,0.028,1.050,0.051,0.298,0.069,0.000,1.496,
2026-01-27 19:00:00,Tuesday,19,0.028,1.102,0.089,0.000,0.036,0.440,1.695,zmywarka
2026-01-27 20:00:00,Tuesday,20,0.028,0.971,0.048,0.000,0.041,0.000,1.088,
2026-01-27 21:00:00,Tuesday,21,0.031,1.099,0.096,0.000,0.046,0.000,1.272,
2026-01-27 22:00:00,Tuesday,22,0.022,0.966,0.112,0.000,0.041,0.000,1.141,
2026-01-27 23:00:00,Tuesday,23,0.043,0.982,0.000,0.000,0.000,0.000,1.025,
2026-01-28 00:00:00,Wednesday,0,0.035,1.048,0.000,0.000,0.000,0.000,1.083,
2026-01-28 01:00:00,Wednesday,1,0.032,0.914,0.000,0.000,0.000,0.000,0.946,
2026-01-28 02:00:00,Wednesday,2,0.027,1.011,0.000,0.000,0.000,0.000,1.038,
2026-01-28 03:00:00,Wednesday,3,0.024,0.966,0.000,0.000,0.000,0.000,0.990,
2026-01-28 04:00:00,Wednesday,4,0.038,0.861,0.000,0.000,0.000,0.000,0.899,
2026-01-28 05:00:00,Wednesday,5,0.026,0.944,0.000,0.000,0.000,0.000,0.970,
2026-01-28 06:00:00,Wednesday,6,0.029,1.100,0.106,0.000,0.049,0.000,1.284,
2026-01-28 07:00:00,Wednesday,7,0.034,1.113,0.086,0.000,0.032,0.000,1.265,
2026-01-28 08:00:00,Wednesday,8,0.033,0.926,0.116,0.000,0.049,0.000,1.124,
2026-01-28 09:00:00,Wednesday,9,0.022,0.956,0.000,0.000,0.000,0.000,0.978,
2026-01-28 10:00:00,Wednesday,10,0.034,1.142,0.000,0.000,0.000,0.000,1.176,
2026-01-28 11:00:00,Wednesday,11,0.034,0.886,0.000,0.000,0.000,0.000,0.920,
2026-01-28 12:00:00,Wednesday,12,0.022,1.154,0.000,0.000,0.000,0.000,1.176,
2026-01-28 13:00:00,Wednesday,13,0.032,1.041,0.000,0.000,0.000,0.000,1.073,
2026-01-28 14:00:00,Wednesday,14,0.026,1.021,0.000,0.000,0.000,0.000,1.047,
2026-01-28 15:00:00,Wednesday,15,0.022,1.094,0.000,0.000,0.000,0.000,1.116,
2026-01-28 16:00:00,Wednesday,16,0.030,1.022,0.000,0.000,0.000,0.000,1.052,
2026-01-28 17:00:00,Wednesday,17,0.032,1.133,0.117,0.000,0.061,0.000,1.343,
2026-01-28 18:00:00,Wednesday,18,0.035,0.974,0.044,0.466,0.067,0.000,1.586,
2026-01-28 19:00:00,Wednesday,19,0.030,1.020,0.050,0.000,0.036,0.451,1.587,zmywarka
2026-01-28 20:00:00,Wednesday,20,0.032,0.888,0.107,0.000,0.050,0.000,1.077,
2026-01-28 21:00:00,Wednesday,21,0.027,1.012,0.075,0.000,0.033,0.000,1.147,
2026-01-28 22:00:00,Wednesday,22,0.034,1.088,0.059,0.000,0.047,0.000,1.228,
2026-01-28 23:00:00,Wednesday,23,0.030,1.082,0.000,0.000,0.000,0.000,1.112,
2026-01-29 00:00:00,Thursday,0,0.028,0.971,0.000,0.000,0.000,0.000,0.999,wyjazd / nieobecność
2026-01-29 01:00:00,Thursday,1,0.024,0.806,0.000,0.000,0.000,0.000,0.830,wyjazd / nieobecność
2026-01-29 02:00:00,Thursday,2,0.024,0.758,0.000,0.000,0.000,0.000,0.782,wyjazd / nieobecność
2026-01-29 03:00:00,Thursday,3,0.024,0.922,0.000,0.000,0.000,0.000,0.946,wyjazd / nieobecność
2026-01-29 04:00:00,Thursday,4,0.030,0.962,0.000,0.000,0.000,0.000,0.992,wyjazd / nieobecność
2026-01-29 05:00:00,Thursday,5,0.028,0.988,0.000,0.000,0.000,0.000,1.016,wyjazd / nieobecność
2026-01-29 06:00:00,Thursday,6,0.022,0.859,0.000,0.000,0.000,0.000,0.881,wyjazd / nieobecność
2026-01-29 07:00:00,Thursday,7,0.027,0.742,0.000,0.000,0.000,0.000,0.769,wyjazd / nieobecność
2026-01-29 08:00:00,Thursday,8,0.036,0.852,0.000,0.000,0.000,0.000,0.888,wyjazd / nieobecność
2026-01-29 09:00:00,Thursday,9,0.032,0.770,0.000,0.000,0.000,0.000,0.802,wyjazd / nieobecność
2026-01-29 10:00:00,Thursday,10,0.033,0.834,0.000,0.000,0.000,0.000,0.867,wyjazd / nieobecność
2026-01-29 11:00:00,Thursday,11,0.028,0.847,0.000,0.000,0.000,0.000,0.875,wyjazd / nieobecność
2026-01-29 12:00:00,Thursday,12,0.032,0.839,0.000,0.000,0.000,0.000,0.871,wyjazd / nieobecność
2026-01-29 13:00:00,Thursday,13,0.029,0.852,0.000,0.000,0.000,0.000,0.881,wyjazd / nieobecność
2026-01-29 14:00:00,Thursday,14,0.031,0.873,0.000,0.000,0.000,0.000,0.904,wyjazd / nieobecność
2026-01-29 15:00:00,Thursday,15,0.026,0.784,0.000,0.000,0.000,0.000,0.810,wyjazd / nieobecność
2026-01-29 16:00:00,Thursday,16,0.031,0.935,0.000,0.000,0.000,0.000,0.966,wyjazd / nieobecność
2026-01-29 17:00:00,Thursday,17,0.022,0.877,0.000,0.000,0.000,0.000,0.899,wyjazd / nieobecność
2026-01-29 18:00:00,Thursday,18,0.023,0.774,0.000,0.000,0.000,0.000,0.797,wyjazd / nieobecność
2026-01-29 19:00:00,Thursday,19,0.022,0.862,0.000,0.000,0.000,0.000,0.884,wyjazd / nieobecność
2026-01-29 20:00:00,Thursday,20,0.029,0.932,0.000,0.000,0.000,0.000,0.961,wyjazd / nieobecność
2026-01-29 21:00:00,Thursday,21,0.023,0.779,0.000,0.000,0.000,0.000,0.802,wyjazd / nieobecność
2026-01-29 22:00:00,Thursday,22,0.035,0.897,0.000,0.000,0.000,0.000,0.932,wyjazd / nieobecność
2026-01-29 23:00:00,Thursday,23,0.034,0.907,0.000,0.000,0.000,0.000,0.941,wyjazd / nieobecność
2026-01-30 00:00:00,Friday,0,0.034,0.971,0.000,0.000,0.000,0.000,1.005,
2026-01-30 01:00:00,Friday,1,0.030,1.020,0.000,0.000,0.000,0.000,1.050,
2026-01-30 02:00:00,Friday,2,0.039,0.845,0.000,0.000,0.000,0.000,0.884,
2026-01-30 03:00:00,Friday,3,0.033,0.969,0.000,0.000,0.000,0.000,1.002,
2026-01-30 04:00:00,Friday,4,0.040,0.880,0.000,0.000,0.000,0.000,0.920,
2026-01-30 05:00:00,Friday,5,0.047,0.856,0.000,0.000,0.000,0.000,0.903,
2026-01-30 06:00:00,Friday,6,0.033,1.009,0.102,0.000,0.050,0.000,1.194,
2026-01-30 07:00:00,Friday,7,0.021,1.114,0.059,0.000,0.034,0.000,1.228,
2026-01-30 08:00:00,Friday,8,0.030,1.062,0.096,0.000,0.046,0.000,1.234,
2026-01-30 09:00:00,Friday,9,0.034,1.148,0.000,0.000,0.073,0.000,1.255,praca zdalna
2026-01-30 10:00:00,Friday,10,0.036,0.911,0.000,0.000,0.102,0.000,1.049,praca zdalna
2026-01-30 11:00:00,Friday,11,0.033,0.978,0.000,0.000,0.078,0.000,1.089,praca zdalna
2026-01-30 12:00:00,Friday,12,0.024,0.905,0.000,0.000,0.095,0.000,1.024,praca zdalna
2026-01-30 13:00:00,Friday,13,0.024,0.918,0.000,0.000,0.121,0.000,1.063,praca zdalna
2026-01-30 14:00:00,Friday,14,0.021,0.919,0.000,0.000,0.146,0.000,1.086,praca zdalna
2026-01-30 15:00:00,Friday,15,0.027,1.012,0.000,0.000,0.102,0.000,1.141,praca zdalna
2026-01-30 16:00:00,Friday,16,0.036,0.941,0.108,0.000,0.125,0.000,1.210,praca zdalna
2026-01-30 17:00:00,Friday,17,0.031,1.000,0.062,0.439,0.056,0.000,1.588,
2026-01-30 18:00:00,Friday,18,0.026,0.969,0.096,0.000,0.049,0.000,1.140,
2026-01-30 19:00:00,Friday,19,0.026,0.882,0.083,0.000,0.053,0.000,1.044,
2026-01-30 20:00:00,Friday,20,0.030,0.982,0.102,0.000,0.039,0.466,1.619,zmywarka
2026-01-30 21:00:00,Friday,21,0.020,1.028,0.119,0.000,0.067,0.000,1.234,
2026-01-30 22:00:00,Friday,22,0.025,0.841,0.081,0.000,0.062,0.000,1.009,
2026-01-30 23:00:00,Friday,23,0.037,0.808,0.000,0.000,0.000,0.000,0.845,
2026-01-31 00:00:00,Saturday,0,0.040,0.990,0.000,0.000,0.000,0.000,1.030,
2026-01-31 01:00:00,Saturday,1,0.031,0.821,0.000,0.000,0.000,0.000,0.852,
2026-01-31 02:00:00,Saturday,2,0.033,0.825,0.000,0.000,0.000,0.000,0.858,
2026-01-31 03:00:00,Saturday,3,0.031,0.858,0.000,0.000,0.000,0.000,0.889,
2026-01-31 04:00:00,Saturday,4,0.036,0.826,0.000,0.000,0.000,0.000,0.862,
2026-01-31 05:00:00,Saturday,5,0.027,0.966,0.000,0.000,0.000,0.000,0.993,
2026-01-31 06:00:00,Saturday,6,0.027,1.146,0.079,0.000,0.056,0.000,1.308,
2026-01-31 07:00:00,Saturday,7,0.028,0.990,0.116,0.000,0.069,0.000,1.203,
2026-01-31 08:00:00,Saturday,8,0.032,1.086,0.111,0.000,0.062,0.000,1.291,
2026-01-31 09:00:00,Saturday,9,0.026,1.178,0.000,0.000,0.000,0.000,1.204,
2026-01-31 10:00:00,Saturday,10,0.029,1.012,0.000,0.000,0.000,0.370,1.411,pralka
2026-01-31 11:00:00,Saturday,11,0.030,1.208,0.000,0.000,0.000,0.632,1.870,suszarka
2026-01-31 12:00:00,Saturday,12,0.026,1.167,0.000,0.000,0.000,0.000,1.193,
2026-01-31 13:00:00,Saturday,13,0.030,1.009,0.000,0.000,0.000,0.343,1.382,zmywarka
2026-01-31 14:00:00,Saturday,14,0.022,1.112,0.000,0.000,0.000,0.000,1.134,
2026-01-31 15:00:00,Saturday,15,0.023,0.979,0.000,0.000,0.000,0.000,1.002,
2026-01-31 16:00:00,Saturday,16,0.021,1.059,0.000,0.000,0.000,0.000,1.080,
2026-01-31 17:00:00,Saturday,17,0.024,0.918,0.112,0.000,0.066,0.000,1.120,
2026-01-31 18:00:00,Saturday,18,0.034,1.005,0.112,0.395,0.058,0.000,1.604,
2026-01-31 19:00:00,Saturday,19,0.027,1.021,0.057,0.000,0.060,0.000,1.165,
2026-01-31 20:00:00,Saturday,20,0.028,1.098,0.082,0.000,0.070,0.000,1.278,
2026-01-31 21:00:00,Saturday,21,0.034,1.132,0.090,0.000,0.050,0.000,1.306,
2026-01-31 22:00:00,Saturday,22,0.036,1.050,0.090,0.000,0.070,0.000,1.246,
2026-01-31 23:00:00,Saturday,23,0.038,1.106,0.000,0.000,0.000,0.000,1.144,
2026-02-01 00:00:00,Sunday,0,0.034,0.838,0.000,0.000,0.000,0.000,0.872,wyjazd / nieobecność
2026-02-01 01:00:00,Sunday,1,0.030,1.009,0.000,0.000,0.000,0.000,1.039,wyjazd / nieobecność
2026-02-01 02:00:00,Sunday,2,0.024,1.008,0.000,0.000,0.000,0.000,1.032,wyjazd / nieobecność
2026-02-01 03:00:00,Sunday,3,0.022,0.990,0.000,0.000,0.000,0.000,1.012,wyjazd / nieobecność
2026-02-01 04:00:00,Sunday,4,0.030,0.975,0.000,0.000,0.000,0.000,1.005,wyjazd / nieobecność
2026-02-01 05:00:00,Sunday,5,0.029,0.991,0.000,0.000,0.000,0.000,1.020,wyjazd / nieobecność
2026-02-01 06:00:00,Sunday,6,0.021,1.026,0.000,0.000,0.000,0.000,1.047,wyjazd / nieobecność
2026-02-01 07:00:00,Sunday,7,0.036,0.967,0.000,0.000,0.000,0.000,1.003,wyjazd / nieobecność
2026-02-01 08:00:00,Sunday,8,0.023,0.994,0.000,0.000,0.000,0.000,1.017,wyjazd / nieobecność
2026-02-01 09:00:00,Sunday,9,0.027,0.914,0.000,0.000,0.000,0.000,0.941,wyjazd / nieobecność
2026-02-01 10:00:00,Sunday,10,0.033,0.904,0.000,0.000,0.000,0.000,0.937,wyjazd / nieobecność
2026-02-01 11:00:00,Sunday,11,0.024,1.004,0.000,0.000,0.000,0.000,1.028,wyjazd / nieobecność
2026-02-01 12:00:00,Sunday,12,0.020,0.974,0.000,0.000,0.000,0.000,0.994,wyjazd / nieobecność
2026-02-01 13:00:00,Sunday,13,0.034,0.985,0.000,0.000,0.000,0.000,1.019,wyjazd / nieobecność
2026-02-01 14:00:00,Sunday,14,0.021,0.814,0.000,0.000,0.000,0.000,0.835,wyjazd / nieobecność
2026-02-01 15:00:00,Sunday,15,0.028,0.812,0.000,0.000,0.000,0.000,0.840,wyjazd / nieobecność
2026-02-01 16:00:00,Sunday,16,0.024,0.956,0.000,0.000,0.000,0.000,0.980,wyjazd / nieobecność
2026-02-01 17:00:00,Sunday,17,0.033,0.975,0.000,0.000,0.000,0.000,1.008,wyjazd / nieobecność
2026-02-01 18:00:00,Sunday,18,0.026,1.015,0.000,0.000,0.000,0.000,1.041,wyjazd / nieobecność
2026-02-01 19:00:00,Sunday,19,0.025,1.026,0.000,0.000,0.000,0.000,1.051,wyjazd / nieobecność
2026-02-01 20:00:00,Sunday,20,0.027,1.087,0.000,0.000,0.000,0.000,1.114,wyjazd / nieobecność
2026-02-01 21:00:00,Sunday,21,0.029,0.962,0.000,0.000,0.000,0.000,0.991,wyjazd / nieobecność
2026-02-01 22:00:00,Sunday,22,0.033,1.008,0.000,0.000,0.000,0.000,1.041,wyjazd / nieobecność
2026-02-01 23:00:00,Sunday,23,0.029,0.892,0.000,0.000,0.000,0.000,0.921,wyjazd / nieobecność
2026-02-02 00:00:00,Monday,0,0.041,1.138,0.000,0.000,0.000,0.000,1.179,
2026-02-02 01:00:00,Monday,1,0.020,0.936,0.000,0.000,0.000,0.000,0.956,
2026-02-02 02:00:00,Monday,2,0.030,1.233,0.000,0.000,0.000,0.000,1.263,
2026-02-02 03:00:00,Monday,3,0.039,0.951,0.000,0.000,0.000,0.000,0.990,
2026-02-02 04:00:00,Monday,4,0.030,1.114,0.000,0.000,0.000,0.000,1.144,
2026-02-02 05:00:00,Monday,5,0.028,1.162,0.000,0.000,0.000,0.000,1.190,
2026-02-02 06:00:00,Monday,6,0.025,1.164,0.072,0.000,0.046,0.000,1.307,
2026-02-02 07:00:00,Monday,7,0.029,1.312,0.107,0.000,0.045,0.000,1.493,
2026-02-02 08:00:00,Monday,8,0.032,1.237,0.000,0.000,0.049,0.000,1.318,
2026-02-02 09:00:00,Monday,9,0.033,1.194,0.000,0.000,0.136,0.000,1.363,praca zdalna
2026-02-02 10:00:00,Monday,10,0.032,1.216,0.000,0.000,0.135,0.000,1.383,praca zdalna
2026-02-02 11:00:00,Monday,11,0.033,1.180,0.000,0.000,0.093,0.000,1.306,praca zdalna
2026-02-02 12:00:00,Monday,12,0.023,1.232,0.000,0.000,0.122,0.000,1.377,praca zdalna
2026-02-02 13:00:00,Monday,13,0.030,1.249,0.000,0.000,0.093,0.000,1.372,praca zdalna
2026-02-02 14:00:00,Monday,14,0.023,1.087,0.000,0.000,0.088,0.000,1.198,praca zdalna
2026-02-02 15:00:00,Monday,15,0.029,1.171,0.000,0.000,0.075,0.000,1.275,praca zdalna
2026-02-02 16:00:00,Monday,16,0.033,0.984,0.000,0.000,0.081,0.000,1.098,praca zdalna
2026-02-02 17:00:00,Monday,17,0.035,1.205,0.048,0.388,0.058,0.000,1.734,
2026-02-02 18:00:00,Monday,18,0.033,1.116,0.072,0.000,0.060,0.000,1.281,
2026-02-02 19:00:00,Monday,19,0.029,1.084,0.096,0.000,0.043,0.391,1.643,zmywarka
2026-02-02 20:00:00,Monday,20,0.031,1.166,0.106,0.000,0.061,0.000,1.364,
2026-02-02 21:00:00,Monday,21,0.034,1.235,0.098,0.000,0.044,0.000,1.411,
2026-02-02 22:00:00,Monday,22,0.028,1.062,0.089,0.000,0.063,0.000,1.242,
2026-02-02 23:00:00,Monday,23,0.035,1.025,0.000,0.000,0.000,0.000,1.060,
2026-02-03 00:00:00,Tuesday,0,0.026,1.052,0.000,0.000,0.000,0.000,1.078,wyjazd / nieobecność
2026-02-03 01:00:00,Tuesday,1,0.035,1.002,0.000,0.000,0.000,0.000,1.037,wyjazd / nieobecność
2026-02-03 02:00:00,Tuesday,2,0.026,1.024,0.000,0.000,0.000,0.000,1.050,wyjazd / nieobecność
2026-02-03 03:00:00,Tuesday,3,0.026,0.910,0.000,0.000,0.000,0.000,0.936,wyjazd / nieobecność
2026-02-03 04:00:00,Tuesday,4,0.026,1.058,0.000,0.000,0.000,0.000,1.084,wyjazd / nieobecność
2026-02-03 05:00:00,Tuesday,5,0.020,1.090,0.000,0.000,0.000,0.000,1.110,wyjazd / nieobecność
2026-02-03 06:00:00,Tuesday,6,0.030,1.062,0.000,0.000,0.000,0.000,1.092,wyjazd / nieobecność
2026-02-03 07:00:00,Tuesday,7,0.023,1.046,0.000,0.000,0.000,0.000,1.069,wyjazd / nieobecność
2026-02-03 08:00:00,Tuesday,8,0.032,1.059,0.000,0.000,0.000,0.000,1.091,wyjazd / nieobecność
2026-02-03 09:00:00,Tuesday,9,0.035,0.947,0.000,0.000,0.000,0.000,0.982,wyjazd / nieobecność
2026-02-03 10:00:00,Tuesday,10,0.026,0.895,0.000,0.000,0.000,0.000,0.921,wyjazd / nieobecność
2026-02-03 11:00:00,Tuesday,11,0.036,0.809,0.000,0.000,0.000,0.000,0.845,wyjazd / nieobecność
2026-02-03 12:00:00,Tuesday,12,0.032,0.756,0.000,0.000,0.000,0.000,0.788,wyjazd / nieobecność
2026-02-03 13:00:00,Tuesday,13,0.021,0.850,0.000,0.000,0.000,0.000,0.871,wyjazd / nieobecność
2026-02-03 14:00:00,Tuesday,14,0.035,0.676,0.000,0.000,0.000,0.000,0.711,wyjazd / nieobecność
2026-02-03 15:00:00,Tuesday,15,0.032,0.726,0.000,0.000,0.000,0.000,0.758,wyjazd / nieobecność
2026-02-03 16:00:00,Tuesday,16,0.020,0.666,0.000,0.000,0.000,0.000,0.686,wyjazd / nieobecność
2026-02-03 17:00:00,Tuesday,17,0.025,0.862,0.000,0.000,0.000,0.000,0.887,wyjazd / nieobecność
2026-02-03 18:00:00,Tuesday,18,0.020,0.790,0.000,0.000,0.000,0.000,0.810,wyjazd / nieobecność
2026-02-03 19:00:00,Tuesday,19,0.030,0.873,0.000,0.000,0.000,0.000,0.903,wyjazd / nieobecność
2026-02-03 20:00:00,Tuesday,20,0.026,0.736,0.000,0.000,0.000,0.000,0.762,wyjazd / nieobecność
2026-02-03 21:00:00,Tuesday,21,0.022,0.906,0.000,0.000,0.000,0.000,0.928,wyjazd / nieobecność
2026-02-03 22:00:00,Tuesday,22,0.026,0.766,0.000,0.000,0.000,0.000,0.792,wyjazd / nieobecność
2026-02-03 23:00:00,Tuesday,23,0.027,0.748,0.000,0.000,0.000,0.000,0.775,wyjazd / nieobecność
2026-02-04 00:00:00,Wednesday,0,0.037,1.098,0.000,0.000,0.000,0.000,1.135,
2026-02-04 01:00:00,Wednesday,1,0.042,0.848,0.000,0.000,0.000,0.000,0.890,
2026-02-04 02:00:00,Wednesday,2,0.035,1.050,0.000,0.000,0.000,0.000,1.085,
2026-02-04 03:00:00,Wednesday,3,0.030,1.050,0.000,0.000,0.000,0.000,1.080,
2026-02-04 04:00:00,Wednesday,4,0.027,1.054,0.000,0.000,0.000,0.000,1.081,
2026-02-04 05:00:00,Wednesday,5,0.020,0.983,0.000,0.000,0.000,0.000,1.003,
2026-02-04 06:00:00,Wednesday,6,0.032,1.067,0.048,0.000,0.054,0.000,1.201,
2026-02-04 07:00:00,Wednesday,7,0.030,1.187,0.115,0.000,0.047,0.000,1.379,
2026-02-04 08:00:00,Wednesday,8,0.028,1.186,0.000,0.000,0.055,0.000,1.269,
2026-02-04 09:00:00,Wednesday,9,0.023,1.107,0.000,0.000,0.095,0.000,1.225,praca zdalna
2026-02-04 10:00:00,Wednesday,10,0.020,1.094,0.000,0.000,0.096,0.000,1.210,praca zdalna
2026-02-04 11:00:00,Wednesday,11,0.026,1.164,0.000,0.000,0.074,0.000,1.264,praca zdalna
2026-02-04 12:00:00,Wednesday,12,0.023,1.124,0.000,0.000,0.139,0.000,1.286,praca zdalna
2026-02-04 13:00:00,Wednesday,13,0.034,0.919,0.000,0.000,0.079,0.000,1.032,praca zdalna
2026-02-04 14:00:00,Wednesday,14,0.028,0.991,0.000,0.000,0.103,0.000,1.122,praca zdalna
2026-02-04 15:00:00,Wednesday,15,0.028,1.084,0.000,0.000,0.100,0.000,1.212,praca zdalna
2026-02-04 16:00:00,Wednesday,16,0.030,1.162,0.000,0.000,0.098,0.000,1.290,praca zdalna
2026-02-04 17:00:00,Wednesday,17,0.033,1.022,0.044,0.358,0.069,0.000,1.526,
2026-02-04 18:00:00,Wednesday,18,0.024,1.154,0.114,0.000,0.066,0.000,1.358,
2026-02-04 19:00:00,Wednesday,19,0.026,1.020,0.042,0.000,0.062,0.000,1.150,
2026-02-04 20:00:00,Wednesday,20,0.023,0.908,0.064,0.000,0.048,0.394,1.437,zmywarka
2026-02-04 21:00:00,Wednesday,21,0.026,1.150,0.046,0.000,0.054,0.000,1.276,
2026-02-04 22:00:00,Wednesday,22,0.026,1.010,0.050,0.000,0.039,0.000,1.125,
2026-02-04 23:00:00,Wednesday,23,0.035,1.110,0.000,0.000,0.000,0.000,1.145,
2026-02-05 00:00:00,Thursday,0,0.044,0.861,0.000,0.000,0.000,0.000,0.905,
2026-02-05 01:00:00,Thursday,1,0.044,0.980,0.000,0.000,0.000,0.000,1.024,
2026-02-05 02:00:00,Thursday,2,0.038,1.024,0.000,0.000,0.000,0.000,1.062,
2026-02-05 03:00:00,Thursday,3,0.024,0.980,0.000,0.000,0.000,0.000,1.004,
2026-02-05 04:00:00,Thursday,4,0.030,0.985,0.000,0.000,0.000,0.000,1.015,
2026-02-05 05:00:00,Thursday,5,0.029,0.994,0.000,0.000,0.000,0.000,1.023,
2026-02-05 06:00:00,Thursday,6,0.030,0.907,0.070,0.000,0.064,0.000,1.071,
2026-02-05 07:00:00,Thursday,7,0.026,0.872,0.087,0.000,0.049,0.000,1.034,
2026-02-05 08:00:00,Thursday,8,0.033,1.036,0.000,0.000,0.047,0.000,1.116,
2026-02-05 09:00:00,Thursday,9,0.035,1.204,0.000,0.000,0.115,0.000,1.354,praca zdalna
2026-02-05 10:00:00,Thursday,10,0.021,0.939,0.000,0.000,0.112,0.000,1.072,praca zdalna
2026-02-05 11:00:00,Thursday,11,0.022,1.166,0.000,0.000,0.137,0.000,1.325,praca zdalna
2026-02-05 12:00:00,Thursday,12,0.027,0.910,0.000,0.000,0.100,0.000,1.037,praca zdalna
2026-02-05 13:00:00,Thursday,13,0.036,0.991,0.000,0.000,0.106,0.000,1.133,praca zdalna
2026-02-05 14:00:00,Thursday,14,0.022,0.910,0.000,0.000,0.102,0.000,1.034,praca zdalna
2026-02-05 15:00:00,Thursday,15,0.025,1.031,0.000,0.000,0.117,0.000,1.173,praca zdalna
2026-02-05 16:00:00,Thursday,16,0.026,1.012,0.000,0.000,0.143,0.000,1.181,praca zdalna
2026-02-05 17:00:00,Thursday,17,0.034,1.053,0.094,0.000,0.054,0.000,1.235,
2026-02-05 18:00:00,Thursday,18,0.028,0.943,0.053,0.264,0.065,0.000,1.353,
2026-02-05 19:00:00,Thursday,19,0.023,1.100,0.086,0.000,0.047,0.000,1.256,
2026-02-05 20:00:00,Thursday,20,0.024,1.085,0.108,0.000,0.067,0.350,1.634,zmywarka
2026-02-05 21:00:00,Thursday,21,0.034,1.144,0.084,0.000,0.032,0.000,1.294,
2026-02-05 22:00:00,Thursday,22,0.023,0.947,0.099,0.000,0.061,0.000,1.130,
2026-02-05 23:00:00,Thursday,23,0.045,0.912,0.000,0.000,0.000,0.000,0.957,
2026-02-06 00:00:00,Friday,0,0.032,1.024,0.000,0.000,0.000,0.000,1.056,
2026-02-06 01:00:00,Friday,1,0.034,0.958,0.000,0.000,0.000,0.000,0.992,
2026-02-06 02:00:00,Friday,2,0.036,0.880,0.000,0.000,0.000,0.000,0.916,
2026-02-06 03:00:00,Friday,3,0.021,1.000,0.000,0.000,0.000,0.000,1.021,
2026-02-06 04:00:00,Friday,4,0.031,0.804,0.000,0.000,0.000,0.000,0.835,
2026-02-06 05:00:00,Friday,5,0.041,0.981,0.000,0.000,0.000,0.000,1.022,
2026-02-06 06:00:00,Friday,6,0.028,0.840,0.103,0.000,0.056,0.000,1.027,
2026-02-06 07:00:00,Friday,7,0.027,0.918,0.081,0.000,0.050,0.000,1.076,
2026-02-06 08:00:00,Friday,8,0.033,0.958,0.000,0.000,0.045,0.000,1.036,
2026-02-06 09:00:00,Friday,9,0.031,1.022,0.000,0.000,0.104,0.000,1.157,praca zdalna
2026-02-06 10:00:00,Friday,10,0.033,0.916,0.000,0.000,0.100,0.000,1.049,praca zdalna
2026-02-06 11:00:00,Friday,11,0.032,1.022,0.000,0.000,0.090,0.000,1.144,praca zdalna
2026-02-06 12:00:00,Friday,12,0.026,0.826,0.000,0.000,0.125,0.000,0.977,praca zdalna
2026-02-06 13:00:00,Friday,13,0.022,0.953,0.000,0.000,0.112,0.000,1.087,praca zdalna
2026-02-06 14:00:00,Friday,14,0.021,0.838,0.000,0.000,0.096,0.000,0.955,praca zdalna
2026-02-06 15:00:00,Friday,15,0.026,1.019,0.000,0.000,0.104,0.000,1.149,praca zdalna
2026-02-06 16:00:00,Friday,16,0.022,0.775,0.000,0.000,0.098,0.000,0.895,praca zdalna
2026-02-06 17:00:00,Friday,17,0.022,0.998,0.103,0.283,0.065,0.000,1.471,
2026-02-06 18:00:00,Friday,18,0.031,0.775,0.056,0.000,0.064,0.000,0.926,
2026-02-06 19:00:00,Friday,19,0.022,0.950,0.070,0.000,0.050,0.000,1.092,
2026-02-06 20:00:00,Friday,20,0.022,0.774,0.085,0.000,0.056,0.464,1.401,zmywarka
2026-02-06 21:00:00,Friday,21,0.024,0.989,0.106,0.000,0.047,0.000,1.166,
2026-02-06 22:00:00,Friday,22,0.027,0.824,0.062,0.000,0.041,0.000,0.954,
2026-02-06 23:00:00,Friday,23,0.041,0.907,0.000,0.000,0.000,0.000,0.948,
2026-02-07 00:00:00,Saturday,0,0.029,0.632,0.000,0.000,0.000,0.000,0.661,wyjazd / nieobecność
2026-02-07 01:00:00,Saturday,1,0.024,0.776,0.000,0.000,0.000,0.000,0.800,wyjazd / nieobecność
2026-02-07 02:00:00,Saturday,2,0.029,0.653,0.000,0.000,0.000,0.000,0.682,wyjazd / nieobecność
2026-02-07 03:00:00,Saturday,3,0.025,0.680,0.000,0.000,0.000,0.000,0.705,wyjazd / nieobecność
2026-02-07 04:00:00,Saturday,4,0.030,0.676,0.000,0.000,0.000,0.000,0.706,wyjazd / nieobecność
2026-02-07 05:00:00,Saturday,5,0.026,0.788,0.000,0.000,0.000,0.000,0.814,wyjazd / nieobecność
2026-02-07 06:00:00,Saturday,6,0.026,0.632,0.000,0.000,0.000,0.000,0.658,wyjazd / nieobecność
2026-02-07 07:00:00,Saturday,7,0.034,0.647,0.000,0.000,0.000,0.000,0.681,wyjazd / nieobecność
2026-02-07 08:00:00,Saturday,8,0.022,0.743,0.000,0.000,0.000,0.000,0.765,wyjazd / nieobecność
2026-02-07 09:00:00,Saturday,9,0.033,0.758,0.000,0.000,0.000,0.000,0.791,wyjazd / nieobecność
2026-02-07 10:00:00,Saturday,10,0.021,0.793,0.000,0.000,0.000,0.000,0.814,wyjazd / nieobecność
2026-02-07 11:00:00,Saturday,11,0.028,0.713,0.000,0.000,0.000,0.000,0.741,wyjazd / nieobecność
2026-02-07 12:00:00,Saturday,12,0.028,0.809,0.000,0.000,0.000,0.000,0.837,wyjazd / nieobecność
2026-02-07 13:00:00,Saturday,13,0.026,0.771,0.000,0.000,0.000,0.000,0.797,wyjazd / nieobecność
2026-02-07 14:00:00,Saturday,14,0.032,0.750,0.000,0.000,0.000,0.000,0.782,wyjazd / nieobecność
2026-02-07 15:00:00,Saturday,15,0.032,0.902,0.000,0.000,0.000,0.000,0.934,wyjazd / nieobecność
2026-02-07 16:00:00,Saturday,16,0.027,0.801,0.000,0.000,0.000,0.000,0.828,wyjazd / nieobecność
2026-02-07 17:00:00,Saturday,17,0.024,0.736,0.000,0.000,0.000,0.000,0.760,wyjazd / nieobecność
2026-02-07 18:00:00,Saturday,18,0.024,0.761,0.000,0.000,0.000,0.000,0.785,wyjazd / nieobecność
2026-02-07 19:00:00,Saturday,19,0.027,0.774,0.000,0.000,0.000,0.000,0.801,wyjazd / nieobecność
2026-02-07 20:00:00,Saturday,20,0.030,0.829,0.000,0.000,0.000,0.000,0.859,wyjazd / nieobecność
2026-02-07 21:00:00,Saturday,21,0.024,0.672,0.000,0.000,0.000,0.000,0.696,wyjazd / nieobecność
2026-02-07 22:00:00,Saturday,22,0.023,0.684,0.000,0.000,0.000,0.000,0.707,wyjazd / nieobecność
2026-02-07 23:00:00,Saturday,23,0.023,0.826,0.000,0.000,0.000,0.000,0.849,wyjazd / nieobecność
2026-02-08 00:00:00,Sunday,0,0.031,0.789,0.000,0.000,0.000,0.000,0.820,
2026-02-08 01:00:00,Sunday,1,0.028,0.804,0.000,0.000,0.000,0.000,0.832,
2026-02-08 02:00:00,Sunday,2,0.028,0.982,0.000,0.000,0.000,0.000,1.010,
2026-02-08 03:00:00,Sunday,3,0.027,1.036,0.000,0.000,0.000,0.000,1.063,
2026-02-08 04:00:00,Sunday,4,0.033,0.796,0.000,0.000,0.000,0.000,0.829,
2026-02-08 05:00:00,Sunday,5,0.028,0.813,0.000,0.000,0.000,0.000,0.841,
2026-02-08 06:00:00,Sunday,6,0.025,1.112,0.064,0.000,0.070,0.000,1.271,
2026-02-08 07:00:00,Sunday,7,0.024,1.061,0.109,0.000,0.056,0.000,1.250,
2026-02-08 08:00:00,Sunday,8,0.022,1.088,0.000,0.000,0.048,0.000,1.158,
2026-02-08 09:00:00,Sunday,9,0.028,0.900,0.000,0.000,0.000,0.387,1.315,pralka
2026-02-08 10:00:00,Sunday,10,0.024,1.084,0.000,0.000,0.000,0.631,1.739,suszarka
2026-02-08 11:00:00,Sunday,11,0.033,0.992,0.000,0.000,0.000,0.000,1.025,
2026-02-08 12:00:00,Sunday,12,0.033,1.012,0.000,0.000,0.000,0.000,1.045,
2026-02-08 13:00:00,Sunday,13,0.028,1.088,0.000,0.000,0.000,0.000,1.116,
2026-02-08 14:00:00,Sunday,14,0.032,1.016,0.000,0.000,0.000,0.434,1.482,zmywarka
2026-02-08 15:00:00,Sunday,15,0.032,1.025,0.000,0.000,0.000,0.000,1.057,
2026-02-08 16:00:00,Sunday,16,0.034,1.036,0.000,0.000,0.000,0.000,1.070,
2026-02-08 17:00:00,Sunday,17,0.036,1.018,0.099,0.348,0.043,0.000,1.544,
2026-02-08 18:00:00,Sunday,18,0.034,0.990,0.116,0.000,0.055,0.000,1.195,
2026-02-08 19:00:00,Sunday,19,0.026,1.046,0.088,0.000,0.069,0.000,1.229,
2026-02-08 20:00:00,Sunday,20,0.032,1.069,0.073,0.000,0.044,0.000,1.218,
2026-02-08 21:00:00,Sunday,21,0.024,1.084,0.078,0.000,0.034,0.000,1.220,
2026-02-08 22:00:00,Sunday,22,0.031,0.882,0.097,0.000,0.050,0.000,1.060,
2026-02-08 23:00:00,Sunday,23,0.028,0.812,0.000,0.000,0.000,0.000,0.840,
2026-02-09 00:00:00,Monday,0,0.035,0.993,0.000,0.000,0.000,0.000,1.028,
2026-02-09 01:00:00,Monday,1,0.032,0.922,0.000,0.000,0.000,0.000,0.954,
2026-02-09 02:00:00,Monday,2,0.039,0.792,0.000,0.000,0.000,0.000,0.831,
2026-02-09 03:00:00,Monday,3,0.021,0.838,0.000,0.000,0.000,0.000,0.859,
2026-02-09 04:00:00,Monday,4,0.038,1.055,0.000,0.000,0.000,0.000,1.093,
2026-02-09 05:00:00,Monday,5,0.029,1.004,0.000,0.000,0.000,0.000,1.033,
2026-02-09 06:00:00,Monday,6,0.034,0.910,0.052,0.000,0.054,0.000,1.050,
2026-02-09 07:00:00,Monday,7,0.020,1.100,0.074,0.000,0.036,0.000,1.230,
2026-02-09 08:00:00,Monday,8,0.025,1.106,0.000,0.000,0.048,0.000,1.179,
2026-02-09 09:00:00,Monday,9,0.021,1.053,0.000,0.000,0.111,0.000,1.185,praca zdalna
2026-02-09 10:00:00,Monday,10,0.033,1.068,0.000,0.000,0.101,0.000,1.202,praca zdalna
2026-02-09 11:00:00,Monday,11,0.033,1.062,0.000,0.000,0.096,0.000,1.191,praca zdalna
2026-02-09 12:00:00,Monday,12,0.036,0.994,0.000,0.000,0.101,0.329,1.460,praca zdalna; pralka
2026-02-09 13:00:00,Monday,13,0.026,1.002,0.000,0.000,0.108,0.000,1.136,praca zdalna
2026-02-09 14:00:00,Monday,14,0.026,0.948,0.000,0.000,0.099,0.000,1.073,praca zdalna
2026-02-09 15:00:00,Monday,15,0.030,0.921,0.000,0.000,0.105,0.000,1.056,praca zdalna
2026-02-09 16:00:00,Monday,16,0.021,0.849,0.000,0.000,0.094,0.000,0.964,praca zdalna
2026-02-09 17:00:00,Monday,17,0.035,1.102,0.090,0.000,0.041,0.000,1.268,
2026-02-09 18:00:00,Monday,18,0.032,0.890,0.120,0.358,0.054,0.000,1.454,
2026-02-09 19:00:00,Monday,19,0.030,0.938,0.109,0.000,0.060,0.437,1.574,zmywarka
2026-02-09 20:00:00,Monday,20,0.026,1.106,0.116,0.000,0.046,0.000,1.294,
2026-02-09 21:00:00,Monday,21,0.022,1.137,0.041,0.000,0.052,0.000,1.252,
2026-02-09 22:00:00,Monday,22,0.035,0.915,0.115,0.000,0.042,0.000,1.107,
2026-02-09 23:00:00,Monday,23,0.030,0.841,0.000,0.000,0.000,0.000,0.871,
2026-02-10 00:00:00,Tuesday,0,0.022,0.964,0.000,0.000,0.000,0.000,0.986,
2026-02-10 01:00:00,Tuesday,1,0.026,0.814,0.000,0.000,0.000,0.000,0.840,
2026-02-10 02:00:00,Tuesday,2,0.040,0.980,0.000,0.000,0.000,0.000,1.020,
2026-02-10 03:00:00,Tuesday,3,0.024,0.937,0.000,0.000,0.000,0.000,0.961,
2026-02-10 04:00:00,Tuesday,4,0.035,0.971,0.000,0.000,0.000,0.000,1.006,
2026-02-10 05:00:00,Tuesday,5,0.028,0.918,0.000,0.000,0.000,0.000,0.946,
2026-02-10 06:00:00,Tuesday,6,0.035,1.045,0.059,0.000,0.069,0.000,1.208,
2026-02-10 07:00:00,Tuesday,7,0.033,0.840,0.096,0.000,0.054,0.000,1.023,
2026-02-10 08:00:00,Tuesday,8,0.020,0.832,0.000,0.000,0.042,0.000,0.894,
2026-02-10 09:00:00,Tuesday,9,0.023,0.874,0.000,0.000,0.000,0.000,0.897,
2026-02-10 10:00:00,Tuesday,10,0.035,1.090,0.000,0.000,0.000,0.000,1.125,
2026-02-10 11:00:00,Tuesday,11,0.030,0.864,0.000,0.000,0.000,0.000,0.894,
2026-02-10 12:00:00,Tuesday,12,0.025,0.897,0.000,0.000,0.000,0.000,0.922,
2026-02-10 13:00:00,Tuesday,13,0.027,0.866,0.000,0.000,0.000,0.282,1.175,pralka
2026-02-10 14:00:00,Tuesday,14,0.023,1.005,0.000,0.000,0.000,0.682,1.710,suszarka
2026-02-10 15:00:00,Tuesday,15,0.028,0.932,0.000,0.000,0.000,0.000,0.960,
2026-02-10 16:00:00,Tuesday,16,0.034,0.831,0.000,0.000,0.000,0.000,0.865,
2026-02-10 17:00:00,Tuesday,17,0.028,0.907,0.042,0.000,0.038,0.000,1.015,
2026-02-10 18:00:00,Tuesday,18,0.020,0.998,0.114,0.243,0.062,0.000,1.437,
2026-02-10 19:00:00,Tuesday,19,0.029,1.095,0.072,0.000,0.032,0.000,1.228,
2026-02-10 20:00:00,Tuesday,20,0.028,0.955,0.099,0.000,0.064,0.389,1.535,zmywarka
2026-02-10 21:00:00,Tuesday,21,0.023,0.924,0.117,0.000,0.066,0.000,1.130,
2026-02-10 22:00:00,Tuesday,22,0.026,0.970,0.103,0.000,0.050,0.000,1.149,
2026-02-10 23:00:00,Tuesday,23,0.022,0.946,0.000,0.000,0.000,0.000,0.968,
2026-02-11 00:00:00,Wednesday,0,0.032,0.856,0.000,0.000,0.000,0.000,0.888,wyjazd / nieobecność
2026-02-11 01:00:00,Wednesday,1,0.032,0.810,0.000,0.000,0.000,0.000,0.842,wyjazd / nieobecność
2026-02-11 02:00:00,Wednesday,2,0.033,0.821,0.000,0.000,0.000,0.000,0.854,wyjazd / nieobecność
2026-02-11 03:00:00,Wednesday,3,0.020,0.708,0.000,0.000,0.000,0.000,0.728,wyjazd / nieobecność
2026-02-11 04:00:00,Wednesday,4,0.032,0.665,0.000,0.000,0.000,0.000,0.697,wyjazd / nieobecność
2026-02-11 05:00:00,Wednesday,5,0.028,0.713,0.000,0.000,0.000,0.000,0.741,wyjazd / nieobecność
2026-02-11 06:00:00,Wednesday,6,0.027,0.869,0.000,0.000,0.000,0.000,0.896,wyjazd / nieobecność
2026-02-11 07:00:00,Wednesday,7,0.028,0.821,0.000,0.000,0.000,0.000,0.849,wyjazd / nieobecność
2026-02-11 08:00:00,Wednesday,8,0.031,0.748,0.000,0.000,0.000,0.000,0.779,wyjazd / nieobecność
2026-02-11 09:00:00,Wednesday,9,0.029,0.750,0.000,0.000,0.000,0.000,0.779,wyjazd / nieobecność
2026-02-11 10:00:00,Wednesday,10,0.035,0.636,0.000,0.000,0.000,0.000,0.671,wyjazd / nieobecność
2026-02-11 11:00:00,Wednesday,11,0.031,0.659,0.000,0.000,0.000,0.000,0.690,wyjazd / nieobecność
2026-02-11 12:00:00,Wednesday,12,0.034,0.655,0.000,0.000,0.000,0.000,0.689,wyjazd / nieobecność
2026-02-11 13:00:00,Wednesday,13,0.028,0.680,0.000,0.000,0.000,0.000,0.708,wyjazd / nieobecność
2026-02-11 14:00:00,Wednesday,14,0.033,0.697,0.000,0.000,0.000,0.000,0.730,wyjazd / nieobecność
2026-02-11 15:00:00,Wednesday,15,0.024,0.669,0.000,0.000,0.000,0.000,0.693,wyjazd / nieobecność
2026-02-11 16:00:00,Wednesday,16,0.035,0.682,0.000,0.000,0.000,0.000,0.717,wyjazd / nieobecność
2026-02-11 17:00:00,Wednesday,17,0.023,0.672,0.000,0.000,0.000,0.000,0.695,wyjazd / nieobecność
2026-02-11 18:00:00,Wednesday,18,0.035,0.830,0.000,0.000,0.000,0.000,0.865,wyjazd / nieobecność
2026-02-11 19:00:00,Wednesday,19,0.031,0.740,0.000,0.000,0.000,0.000,0.771,wyjazd / nieobecność
2026-02-11 20:00:00,Wednesday,20,0.024,0.806,0.000,0.000,0.000,0.000,0.830,wyjazd / nieobecność
2026-02-11 21:00:00,Wednesday,21,0.032,0.750,0.000,0.000,0.000,0.000,0.782,wyjazd / nieobecność
2026-02-11 22:00:00,Wednesday,22,0.031,0.838,0.000,0.000,0.000,0.000,0.869,wyjazd / nieobecność
2026-02-11 23:00:00,Wednesday,23,0.029,0.774,0.000,0.000,0.000,0.000,0.803,wyjazd / nieobecność
2026-02-12 00:00:00,Thursday,0,0.030,0.921,0.000,0.000,0.000,0.000,0.951,
2026-02-12 01:00:00,Thursday,1,0.032,0.914,0.000,0.000,0.000,0.000,0.946,
2026-02-12 02:00:00,Thursday,2,0.045,0.904,0.000,0.000,0.000,0.000,0.949,
2026-02-12 03:00:00,Thursday,3,0.042,0.889,0.000,0.000,0.000,0.000,0.931,
2026-02-12 04:00:00,Thursday,4,0.030,0.871,0.000,0.000,0.000,0.000,0.901,
2026-02-12 05:00:00,Thursday,5,0.041,0.928,0.000,0.000,0.000,0.000,0.969,
2026-02-12 06:00:00,Thursday,6,0.030,0.872,0.082,0.000,0.046,0.000,1.030,
2026-02-12 07:00:00,Thursday,7,0.030,0.897,0.084,0.000,0.041,0.000,1.052,
2026-02-12 08:00:00,Thursday,8,0.027,1.120,0.000,0.000,0.040,0.000,1.187,
2026-02-12 09:00:00,Thursday,9,0.028,0.900,0.000,0.000,0.000,0.000,0.928,
2026-02-12 10:00:00,Thursday,10,0.030,0.954,0.000,0.000,0.000,0.000,0.984,
2026-02-12 11:00:00,Thursday,11,0.025,1.018,0.000,0.000,0.000,0.000,1.043,
2026-02-12 12:00:00,Thursday,12,0.031,0.999,0.000,0.000,0.000,0.000,1.030,
2026-02-12 13:00:00,Thursday,13,0.025,0.929,0.000,0.000,0.000,0.000,0.954,
2026-02-12 14:00:00,Thursday,14,0.031,0.821,0.000,0.000,0.000,0.000,0.852,
2026-02-12 15:00:00,Thursday,15,0.021,1.047,0.000,0.000,0.000,0.000,1.068,
2026-02-12 16:00:00,Thursday,16,0.032,1.024,0.000,0.000,0.000,0.000,1.056,
2026-02-12 17:00:00,Thursday,17,0.026,0.864,0.063,0.000,0.055,0.000,1.008,
2026-02-12 18:00:00,Thursday,18,0.033,1.035,0.056,0.370,0.051,0.000,1.545,
2026-02-12 19:00:00,Thursday,19,0.031,0.969,0.064,0.000,0.034,0.323,1.421,zmywarka
2026-02-12 20:00:00,Thursday,20,0.029,1.025,0.094,0.000,0.038,0.000,1.186,
2026-02-12 21:00:00,Thursday,21,0.034,0.845,0.110,0.000,0.053,0.000,1.042,
2026-02-12 22:00:00,Thursday,22,0.025,1.004,0.059,0.000,0.042,0.000,1.130,
2026-02-12 23:00:00,Thursday,23,0.029,0.923,0.000,0.000,0.000,0.000,0.952,
2026-02-13 00:00:00,Friday,0,0.020,0.894,0.000,0.000,0.000,0.000,0.914,
2026-02-13 01:00:00,Friday,1,0.020,0.900,0.000,0.000,0.000,0.000,0.920,
2026-02-13 02:00:00,Friday,2,0.032,0.932,0.000,0.000,0.000,0.000,0.964,
2026-02-13 03:00:00,Friday,3,0.036,1.035,0.000,0.000,0.000,0.000,1.071,
2026-02-13 04:00:00,Friday,4,0.033,0.866,0.000,0.000,0.000,0.000,0.899,
2026-02-13 05:00:00,Friday,5,0.034,1.090,0.000,0.000,0.000,0.000,1.124,
2026-02-13 06:00:00,Friday,6,0.024,0.990,0.063,0.000,0.054,0.000,1.131,
2026-02-13 07:00:00,Friday,7,0.032,1.053,0.118,0.000,0.051,0.000,1.254,
2026-02-13 08:00:00,Friday,8,0.029,1.196,0.000,0.000,0.068,0.000,1.293,
2026-02-13 09:00:00,Friday,9,0.028,1.198,0.000,0.000,0.125,0.000,1.351,praca zdalna
2026-02-13 10:00:00,Friday,10,0.022,1.031,0.000,0.000,0.128,0.000,1.181,praca zdalna
2026-02-13 11:00:00,Friday,11,0.026,1.091,0.000,0.000,0.118,0.000,1.235,praca zdalna
2026-02-13 12:00:00,Friday,12,0.024,0.961,0.000,0.000,0.096,0.000,1.081,praca zdalna
2026-02-13 13:00:00,Friday,13,0.024,1.088,0.000,0.000,0.138,0.000,1.250,praca zdalna
2026-02-13 14:00:00,Friday,14,0.032,1.164,0.000,0.000,0.122,0.000,1.318,praca zdalna
2026-02-13 15:00:00,Friday,15,0.020,0.992,0.000,0.000,0.121,0.000,1.133,praca zdalna
2026-02-13 16:00:00,Friday,16,0.028,1.086,0.000,0.000,0.106,0.000,1.220,praca zdalna
2026-02-13 17:00:00,Friday,17,0.032,0.974,0.078,0.000,0.054,0.000,1.138,
2026-02-13 18:00:00,Friday,18,0.023,0.940,0.060,0.288,0.050,0.000,1.361,
2026-02-13 19:00:00,Friday,19,0.021,1.187,0.068,0.000,0.059,0.343,1.678,zmywarka
2026-02-13 20:00:00,Friday,20,0.030,1.133,0.079,0.000,0.057,0.000,1.299,
2026-02-13 21:00:00,Friday,21,0.022,1.126,0.087,0.000,0.057,0.000,1.292,
2026-02-13 22:00:00,Friday,22,0.024,0.862,0.069,0.000,0.058,0.000,1.013,
2026-02-13 23:00:00,Friday,23,0.028,1.055,0.000,0.000,0.000,0.000,1.083,
2026-02-14 00:00:00,Saturday,0,0.039,0.859,0.000,0.000,0.000,0.000,0.898,
2026-02-14 01:00:00,Saturday,1,0.032,1.069,0.000,0.000,0.000,0.000,1.101,
2026-02-14 02:00:00,Saturday,2,0.041,1.033,0.000,0.000,0.000,0.000,1.074,
2026-02-14 03:00:00,Saturday,3,0.021,0.933,0.000,0.000,0.000,0.000,0.954,
2026-02-14 04:00:00,Saturday,4,0.033,1.136,0.000,0.000,0.000,0.000,1.169,
2026-02-14 05:00:00,Saturday,5,0.033,0.908,0.000,0.000,0.000,0.000,0.941,
2026-02-14 06:00:00,Saturday,6,0.022,1.255,0.078,0.000,0.065,0.000,1.420,
2026-02-14 07:00:00,Saturday,7,0.027,1.275,0.101,0.000,0.054,0.000,1.457,
2026-02-14 08:00:00,Saturday,8,0.033,1.120,0.000,0.000,0.040,0.000,1.193,
2026-02-14 09:00:00,Saturday,9,0.027,1.190,0.000,0.000,0.000,0.000,1.217,
2026-02-14 10:00:00,Saturday,10,0.026,1.071,0.000,0.000,0.000,0.000,1.097,
2026-02-14 11:00:00,Saturday,11,0.033,1.230,0.000,0.000,0.000,0.243,1.506,pralka
2026-02-14 12:00:00,Saturday,12,0.023,1.051,0.000,0.000,0.000,0.000,1.074,
2026-02-14 13:00:00,Saturday,13,0.024,0.988,0.000,0.000,0.000,0.000,1.012,
2026-02-14 14:00:00,Saturday,14,0.034,1.165,0.000,0.000,0.000,0.381,1.580,zmywarka
2026-02-14 15:00:00,Saturday,15,0.021,1.046,0.000,0.000,0.000,0.000,1.067,
2026-02-14 16:00:00,Saturday,16,0.023,1.204,0.000,0.000,0.000,0.000,1.227,
2026-02-14 17:00:00,Saturday,17,0.021,1.204,0.056,0.768,0.052,0.000,2.101,
2026-02-14 18:00:00,Saturday,18,0.026,1.229,0.066,0.000,0.069,0.000,1.390,
2026-02-14 19:00:00,Saturday,19,0.023,0.995,0.095,0.000,0.055,0.000,1.168,
2026-02-14 20:00:00,Saturday,20,0.024,1.055,0.091,0.000,0.048,0.000,1.218,
2026-02-14 21:00:00,Saturday,21,0.023,1.229,0.088,0.000,0.035,0.000,1.375,
2026-02-14 22:00:00,Saturday,22,0.029,1.138,0.095,0.000,0.033,0.000,1.295,
2026-02-14 23:00:00,Saturday,23,0.030,1.142,0.000,0.000,0.000,0.000,1.172,
2026-02-15 00:00:00,Sunday,0,0.029,0.982,0.000,0.000,0.000,0.000,1.011,wyjazd / nieobecność
2026-02-15 01:00:00,Sunday,1,0.027,0.868,0.000,0.000,0.000,0.000,0.895,wyjazd / nieobecność
2026-02-15 02:00:00,Sunday,2,0.024,0.966,0.000,0.000,0.000,0.000,0.990,wyjazd / nieobecność
2026-02-15 03:00:00,Sunday,3,0.025,0.948,0.000,0.000,0.000,0.000,0.973,wyjazd / nieobecność
2026-02-15 04:00:00,Sunday,4,0.030,0.896,0.000,0.000,0.000,0.000,0.926,wyjazd / nieobecność
2026-02-15 05:00:00,Sunday,5,0.031,1.169,0.000,0.000,0.000,0.000,1.200,wyjazd / nieobecność
2026-02-15 06:00:00,Sunday,6,0.026,1.097,0.000,0.000,0.000,0.000,1.123,wyjazd / nieobecność
2026-02-15 07:00:00,Sunday,7,0.026,1.164,0.000,0.000,0.000,0.000,1.190,wyjazd / nieobecność
2026-02-15 08:00:00,Sunday,8,0.025,0.897,0.000,0.000,0.000,0.000,0.922,wyjazd / nieobecność
2026-02-15 09:00:00,Sunday,9,0.029,0.961,0.000,0.000,0.000,0.000,0.990,wyjazd / nieobecność
2026-02-15 10:00:00,Sunday,10,0.021,1.098,0.000,0.000,0.000,0.000,1.119,wyjazd / nieobecność
2026-02-15 11:00:00,Sunday,11,0.022,0.865,0.000,0.000,0.000,0.000,0.887,wyjazd / nieobecność
2026-02-15 12:00:00,Sunday,12,0.023,1.010,0.000,0.000,0.000,0.000,1.033,wyjazd / nieobecność
2026-02-15 13:00:00,Sunday,13,0.030,0.842,0.000,0.000,0.000,0.000,0.872,wyjazd / nieobecność
2026-02-15 14:00:00,Sunday,14,0.033,0.829,0.000,0.000,0.000,0.000,0.862,wyjazd / nieobecność
2026-02-15 15:00:00,Sunday,15,0.028,0.984,0.000,0.000,0.000,0.000,1.012,wyjazd / nieobecność
2026-02-15 16:00:00,Sunday,16,0.028,0.785,0.000,0.000,0.000,0.000,0.813,wyjazd / nieobecność
2026-02-15 17:00:00,Sunday,17,0.020,0.888,0.000,0.000,0.000,0.000,0.908,wyjazd / nieobecność
2026-02-15 18:00:00,Sunday,18,0.027,0.746,0.000,0.000,0.000,0.000,0.773,wyjazd / nieobecność
2026-02-15 19:00:00,Sunday,19,0.028,0.772,0.000,0.000,0.000,0.000,0.800,wyjazd / nieobecność
2026-02-15 20:00:00,Sunday,20,0.024,0.792,0.000,0.000,0.000,0.000,0.816,wyjazd / nieobecność
2026-02-15 21:00:00,Sunday,21,0.031,0.765,0.000,0.000,0.000,0.000,0.796,wyjazd / nieobecność
2026-02-15 22:00:00,Sunday,22,0.022,0.868,0.000,0.000,0.000,0.000,0.890,wyjazd / nieobecność
2026-02-15 23:00:00,Sunday,23,0.036,0.884,0.000,0.000,0.000,0.000,0.920,wyjazd / nieobecność
2026-02-16 00:00:00,Monday,0,0.026,0.853,0.000,0.000,0.000,0.000,0.879,
2026-02-16 01:00:00,Monday,1,0.035,1.066,0.000,0.000,0.000,0.000,1.101,
2026-02-16 02:00:00,Monday,2,0.042,1.034,0.000,0.000,0.000,0.000,1.076,
2026-02-16 03:00:00,Monday,3,0.024,1.109,0.000,0.000,0.000,0.000,1.133,
2026-02-16 04:00:00,Monday,4,0.032,0.943,0.000,0.000,0.000,0.000,0.975,
2026-02-16 05:00:00,Monday,5,0.034,1.100,0.000,0.000,0.000,0.000,1.134,
2026-02-16 06:00:00,Monday,6,0.035,1.164,0.107,0.000,0.033,0.000,1.339,
2026-02-16 07:00:00,Monday,7,0.027,1.021,0.064,0.000,0.068,0.000,1.180,
2026-02-16 08:00:00,Monday,8,0.026,0.924,0.000,0.000,0.033,0.000,0.983,
2026-02-16 09:00:00,Monday,9,0.032,1.022,0.000,0.000,0.000,0.000,1.054,
2026-02-16 10:00:00,Monday,10,0.032,1.040,0.000,0.000,0.000,0.000,1.072,
2026-02-16 11:00:00,Monday,11,0.033,1.012,0.000,0.000,0.000,0.000,1.045,
2026-02-16 12:00:00,Monday,12,0.027,0.966,0.000,0.000,0.000,0.000,0.993,
2026-02-16 13:00:00,Monday,13,0.031,1.121,0.000,0.000,0.000,0.000,1.152,
2026-02-16 14:00:00,Monday,14,0.033,1.068,0.000,0.000,0.000,0.000,1.101,
2026-02-16 15:00:00,Monday,15,0.021,0.923,0.000,0.000,0.000,0.000,0.944,
2026-02-16 16:00:00,Monday,16,0.032,1.197,0.000,0.000,0.000,0.000,1.229,
2026-02-16 17:00:00,Monday,17,0.027,1.157,0.070,0.000,0.036,0.000,1.290,
2026-02-16 18:00:00,Monday,18,0.034,1.041,0.112,0.362,0.053,0.000,1.602,
2026-02-16 19:00:00,Monday,19,0.027,1.162,0.072,0.000,0.046,0.000,1.307,
2026-02-16 20:00:00,Monday,20,0.034,0.996,0.060,0.000,0.034,0.400,1.524,zmywarka
2026-02-16 21:00:00,Monday,21,0.022,1.144,0.048,0.000,0.049,0.000,1.263,
2026-02-16 22:00:00,Monday,22,0.026,1.058,0.108,0.000,0.038,0.000,1.230,
2026-02-16 23:00:00,Monday,23,0.030,1.145,0.000,0.000,0.000,0.000,1.175,
2026-02-17 00:00:00,Tuesday,0,0.025,0.993,0.000,0.000,0.000,0.000,1.018,
2026-02-17 01:00:00,Tuesday,1,0.028,1.170,0.000,0.000,0.000,0.000,1.198,
2026-02-17 02:00:00,Tuesday,2,0.028,1.150,0.000,0.000,0.000,0.000,1.178,
2026-02-17 03:00:00,Tuesday,3,0.037,0.918,0.000,0.000,0.000,0.000,0.955,
2026-02-17 04:00:00,Tuesday,4,0.028,1.070,0.000,0.000,0.000,0.000,1.098,
2026-02-17 05:00:00,Tuesday,5,0.036,1.126,0.000,0.000,0.000,0.000,1.162,
2026-02-17 06:00:00,Tuesday,6,0.021,1.048,0.048,0.000,0.058,0.000,1.175,
2026-02-17 07:00:00,Tuesday,7,0.028,1.171,0.080,0.000,0.063,0.000,1.342,
2026-02-17 08:00:00,Tuesday,8,0.024,1.267,0.000,0.000,0.046,0.000,1.337,
2026-02-17 09:00:00,Tuesday,9,0.024,1.280,0.000,0.000,0.000,0.000,1.304,
2026-02-17 10:00:00,Tuesday,10,0.022,1.213,0.000,0.000,0.000,0.000,1.235,
2026-02-17 11:00:00,Tuesday,11,0.024,1.128,0.000,0.000,0.000,0.000,1.152,
2026-02-17 12:00:00,Tuesday,12,0.031,0.952,0.000,0.000,0.000,0.300,1.283,pralka
2026-02-17 13:00:00,Tuesday,13,0.029,1.124,0.000,0.000,0.000,0.604,1.757,suszarka
2026-02-17 14:00:00,Tuesday,14,0.022,1.060,0.000,0.000,0.000,0.000,1.082,
2026-02-17 15:00:00,Tuesday,15,0.027,0.924,0.000,0.000,0.000,0.000,0.951,
2026-02-17 16:00:00,Tuesday,16,0.033,0.942,0.000,0.000,0.000,0.000,0.975,
2026-02-17 17:00:00,Tuesday,17,0.029,1.081,0.048,0.000,0.060,0.000,1.218,
2026-02-17 18:00:00,Tuesday,18,0.034,1.186,0.113,0.248,0.031,0.000,1.612,
2026-02-17 19:00:00,Tuesday,19,0.029,1.182,0.051,0.000,0.032,0.468,1.762,zmywarka
2026-02-17 20:00:00,Tuesday,20,0.033,1.065,0.041,0.000,0.043,0.000,1.182,
2026-02-17 21:00:00,Tuesday,21,0.022,0.969,0.057,0.000,0.065,0.000,1.113,
2026-02-17 22:00:00,Tuesday,22,0.033,0.993,0.046,0.000,0.067,0.000,1.139,
2026-02-17 23:00:00,Tuesday,23,0.034,1.029,0.000,0.000,0.000,0.000,1.063,
2026-02-18 00:00:00,Wednesday,0,0.037,1.014,0.000,0.000,0.000,0.000,1.051,
2026-02-18 01:00:00,Wednesday,1,0.022,1.122,0.000,0.000,0.000,0.000,1.144,
2026-02-18 02:00:00,Wednesday,2,0.030,1.075,0.000,0.000,0.000,0.000,1.105,
2026-02-18 03:00:00,Wednesday,3,0.030,1.068,0.000,0.000,0.000,0.000,1.098,
2026-02-18 04:00:00,Wednesday,4,0.036,0.991,0.000,0.000,0.000,0.000,1.027,
2026-02-18 05:00:00,Wednesday,5,0.032,0.981,0.000,0.000,0.000,0.000,1.013,
2026-02-18 06:00:00,Wednesday,6,0.026,1.329,0.060,0.000,0.062,0.000,1.477,
2026-02-18 07:00:00,Wednesday,7,0.028,1.095,0.112,0.000,0.041,0.000,1.276,
2026-02-18 08:00:00,Wednesday,8,0.032,1.262,0.000,0.000,0.063,0.000,1.357,
2026-02-18 09:00:00,Wednesday,9,0.032,1.183,0.000,0.000,0.000,0.000,1.215,
2026-02-18 10:00:00,Wednesday,10,0.028,1.311,0.000,0.000,0.000,0.000,1.339,
2026-02-18 11:00:00,Wednesday,11,0.024,1.374,0.000,0.000,0.000,0.000,1.398,
2026-02-18 12:00:00,Wednesday,12,0.028,1.283,0.000,0.000,0.000,0.000,1.311,
2026-02-18 13:00:00,Wednesday,13,0.033,1.040,0.000,0.000,0.000,0.000,1.073,
2026-02-18 14:00:00,Wednesday,14,0.031,1.130,0.000,0.000,0.000,0.000,1.161,
2026-02-18 15:00:00,Wednesday,15,0.026,1.007,0.000,0.000,0.000,0.000,1.033,
2026-02-18 16:00:00,Wednesday,16,0.023,0.876,0.000,0.000,0.000,0.000,0.899,
2026-02-18 17:00:00,Wednesday,17,0.024,1.158,0.118,0.255,0.044,0.000,1.599,
2026-02-18 18:00:00,Wednesday,18,0.026,0.869,0.065,0.000,0.042,0.000,1.002,
2026-02-18 19:00:00,Wednesday,19,0.031,0.973,0.092,0.000,0.048,0.329,1.473,zmywarka
2026-02-18 20:00:00,Wednesday,20,0.028,1.067,0.100,0.000,0.067,0.000,1.262,
2026-02-18 21:00:00,Wednesday,21,0.021,1.042,0.044,0.000,0.061,0.000,1.168,
2026-02-18 22:00:00,Wednesday,22,0.035,1.120,0.072,0.000,0.062,0.000,1.289,
2026-02-18 23:00:00,Wednesday,23,0.026,1.091,0.000,0.000,0.000,0.000,1.117,
2026-02-19 00:00:00,Thursday,0,0.033,1.028,0.000,0.000,0.000,0.000,1.061,
2026-02-19 01:00:00,Thursday,1,0.025,0.892,0.000,0.000,0.000,0.000,0.917,
2026-02-19 02:00:00,Thursday,2,0.022,1.051,0.000,0.000,0.000,0.000,1.073,
2026-02-19 03:00:00,Thursday,3,0.025,0.969,0.000,0.000,0.000,0.000,0.994,
2026-02-19 04:00:00,Thursday,4,0.023,1.034,0.000,0.000,0.000,0.000,1.057,
2026-02-19 05:00:00,Thursday,5,0.025,0.961,0.000,0.000,0.000,0.000,0.986,
2026-02-19 06:00:00,Thursday,6,0.034,0.900,0.100,0.000,0.038,0.000,1.072,
2026-02-19 07:00:00,Thursday,7,0.027,1.156,0.093,0.000,0.070,0.000,1.346,
2026-02-19 08:00:00,Thursday,8,0.029,1.213,0.000,0.000,0.069,0.000,1.311,
2026-02-19 09:00:00,Thursday,9,0.027,1.099,0.000,0.000,0.000,0.000,1.126,
2026-02-19 10:00:00,Thursday,10,0.030,1.182,0.000,0.000,0.000,0.000,1.212,
2026-02-19 11:00:00,Thursday,11,0.021,1.225,0.000,0.000,0.000,0.000,1.246,
2026-02-19 12:00:00,Thursday,12,0.023,1.032,0.000,0.000,0.000,0.000,1.055,
2026-02-19 13:00:00,Thursday,13,0.022,1.031,0.000,0.000,0.000,0.000,1.053,
2026-02-19 14:00:00,Thursday,14,0.032,1.018,0.000,0.000,0.000,0.000,1.050,
2026-02-19 15:00:00,Thursday,15,0.028,1.014,0.000,0.000,0.000,0.000,1.042,
2026-02-19 16:00:00,Thursday,16,0.034,0.944,0.000,0.000,0.000,0.000,0.978,
2026-02-19 17:00:00,Thursday,17,0.031,0.970,0.119,0.000,0.057,0.000,1.177,
2026-02-19 18:00:00,Thursday,18,0.036,1.095,0.066,0.314,0.048,0.000,1.559,
2026-02-19 19:00:00,Thursday,19,0.028,1.103,0.100,0.000,0.030,0.356,1.617,zmywarka
2026-02-19 20:00:00,Thursday,20,0.026,1.276,0.064,0.000,0.043,0.000,1.409,
2026-02-19 21:00:00,Thursday,21,0.021,1.193,0.047,0.000,0.055,0.000,1.316,
2026-02-19 22:00:00,Thursday,22,0.032,1.076,0.110,0.000,0.033,0.000,1.251,
2026-02-19 23:00:00,Thursday,23,0.041,1.060,0.000,0.000,0.000,0.000,1.101,
2026-02-20 00:00:00,Friday,0,0.029,1.343,0.000,0.000,0.000,0.000,1.372,
2026-02-20 01:00:00,Friday,1,0.022,1.017,0.000,0.000,0.000,0.000,1.039,
2026-02-20 02:00:00,Friday,2,0.032,1.344,0.000,0.000,0.000,0.000,1.376,
2026-02-20 03:00:00,Friday,3,0.027,1.184,0.000,0.000,0.000,0.000,1.211,
2026-02-20 04:00:00,Friday,4,0.022,1.125,0.000,0.000,0.000,0.000,1.147,
2026-02-20 05:00:00,Friday,5,0.033,1.330,0.000,0.000,0.000,0.000,1.363,
2026-02-20 06:00:00,Friday,6,0.036,1.364,0.045,0.000,0.064,0.000,1.509,
2026-02-20 07:00:00,Friday,7,0.021,1.056,0.050,0.000,0.063,0.000,1.190,
2026-02-20 08:00:00,Friday,8,0.028,1.185,0.000,0.000,0.068,0.000,1.281,
2026-02-20 09:00:00,Friday,9,0.025,0.980,0.000,0.000,0.108,0.000,1.113,praca zdalna
2026-02-20 10:00:00,Friday,10,0.025,1.202,0.000,0.000,0.104,0.000,1.331,praca zdalna
2026-02-20 11:00:00,Friday,11,0.027,1.166,0.000,0.000,0.130,0.000,1.323,praca zdalna
2026-02-20 12:00:00,Friday,12,0.035,1.031,0.000,0.000,0.098,0.000,1.164,praca zdalna
2026-02-20 13:00:00,Friday,13,0.032,1.091,0.000,0.000,0.089,0.000,1.212,praca zdalna
2026-02-20 14:00:00,Friday,14,0.027,1.058,0.000,0.000,0.104,0.000,1.189,praca zdalna
2026-02-20 15:00:00,Friday,15,0.028,0.971,0.000,0.000,0.094,0.000,1.093,praca zdalna
2026-02-20 16:00:00,Friday,16,0.035,1.026,0.000,0.000,0.082,0.000,1.143,praca zdalna
2026-02-20 17:00:00,Friday,17,0.032,0.980,0.062,0.490,0.045,0.000,1.609,
2026-02-20 18:00:00,Friday,18,0.031,1.155,0.056,0.000,0.061,0.000,1.303,
2026-02-20 19:00:00,Friday,19,0.030,0.892,0.081,0.000,0.070,0.378,1.451,zmywarka
2026-02-20 20:00:00,Friday,20,0.030,0.968,0.116,0.000,0.034,0.000,1.148,
2026-02-20 21:00:00,Friday,21,0.024,0.889,0.082,0.000,0.048,0.000,1.043,
2026-02-20 22:00:00,Friday,22,0.024,0.923,0.048,0.000,0.066,0.000,1.061,
2026-02-20 23:00:00,Friday,23,0.038,1.026,0.000,0.000,0.000,0.000,1.064,
2026-02-21 00:00:00,Saturday,0,0.027,0.751,0.000,0.000,0.000,0.000,0.778,
2026-02-21 01:00:00,Saturday,1,0.039,0.818,0.000,0.000,0.000,0.000,0.857,
2026-02-21 02:00:00,Saturday,2,0.027,0.788,0.000,0.000,0.000,0.000,0.815,
2026-02-21 03:00:00,Saturday,3,0.030,0.906,0.000,0.000,0.000,0.000,0.936,
2026-02-21 04:00:00,Saturday,4,0.044,0.792,0.000,0.000,0.000,0.000,0.836,
2026-02-21 05:00:00,Saturday,5,0.025,0.908,0.000,0.000,0.000,0.000,0.933,
2026-02-21 06:00:00,Saturday,6,0.026,0.840,0.102,0.000,0.065,0.000,1.033,
2026-02-21 07:00:00,Saturday,7,0.034,1.020,0.082,0.000,0.056,0.000,1.192,
2026-02-21 08:00:00,Saturday,8,0.027,0.926,0.000,0.000,0.052,0.000,1.005,
2026-02-21 09:00:00,Saturday,9,0.024,0.816,0.000,0.000,0.000,0.000,0.840,
2026-02-21 10:00:00,Saturday,10,0.036,0.928,0.000,0.000,0.000,0.259,1.223,pralka
2026-02-21 11:00:00,Saturday,11,0.021,0.767,0.000,0.000,0.000,0.882,1.670,suszarka
2026-02-21 12:00:00,Saturday,12,0.025,0.745,0.000,0.000,0.000,0.000,0.770,
2026-02-21 13:00:00,Saturday,13,0.034,0.817,0.000,0.000,0.000,0.440,1.291,zmywarka
2026-02-21 14:00:00,Saturday,14,0.030,0.734,0.000,0.000,0.000,0.000,0.764,
2026-02-21 15:00:00,Saturday,15,0.035,0.806,0.000,0.000,0.000,0.000,0.841,
2026-02-21 16:00:00,Saturday,16,0.021,0.773,0.000,0.000,0.000,0.000,0.794,
2026-02-21 17:00:00,Saturday,17,0.022,0.778,0.054,0.000,0.059,0.000,0.913,
2026-02-21 18:00:00,Saturday,18,0.026,0.741,0.060,0.360,0.068,0.000,1.255,
2026-02-21 19:00:00,Saturday,19,0.032,0.698,0.072,0.000,0.040,0.000,0.842,
2026-02-21 20:00:00,Saturday,20,0.032,0.859,0.055,0.000,0.061,0.000,1.007,
2026-02-21 21:00:00,Saturday,21,0.023,0.786,0.104,0.000,0.065,0.000,0.978,
2026-02-21 22:00:00,Saturday,22,0.024,0.802,0.072,0.000,0.050,0.000,0.948,
2026-02-21 23:00:00,Saturday,23,0.044,0.758,0.000,0.000,0.000,0.000,0.802,
2026-02-22 00:00:00,Sunday,0,0.026,0.877,0.000,0.000,0.000,0.000,0.903,
2026-02-22 01:00:00,Sunday,1,0.032,0.726,0.000,0.000,0.000,0.000,0.758,
2026-02-22 02:00:00,Sunday,2,0.028,0.867,0.000,0.000,0.000,0.000,0.895,
2026-02-22 03:00:00,Sunday,3,0.036,0.849,0.000,0.000,0.000,0.000,0.885,
2026-02-22 04:00:00,Sunday,4,0.030,0.790,0.000,0.000,0.000,0.000,0.820,
2026-02-22 05:00:00,Sunday,5,0.021,0.920,0.000,0.000,0.000,0.000,0.941,
2026-02-22 06:00:00,Sunday,6,0.020,0.851,0.061,0.000,0.042,0.000,0.974,
2026-02-22 07:00:00,Sunday,7,0.022,0.959,0.116,0.000,0.057,0.000,1.154,
2026-02-22 08:00:00,Sunday,8,0.022,1.008,0.000,0.000,0.042,0.000,1.072,
2026-02-22 09:00:00,Sunday,9,0.021,0.944,0.000,0.000,0.000,0.000,0.965,
2026-02-22 10:00:00,Sunday,10,0.036,1.006,0.000,0.000,0.000,0.000,1.042,
2026-02-22 11:00:00,Sunday,11,0.024,0.946,0.000,0.000,0.000,0.000,0.970,
2026-02-22 12:00:00,Sunday,12,0.032,1.036,0.000,0.000,0.000,0.000,1.068,
2026-02-22 13:00:00,Sunday,13,0.032,0.914,0.000,0.000,0.000,0.000,0.946,
2026-02-22 14:00:00,Sunday,14,0.034,0.978,0.000,0.000,0.000,0.388,1.400,zmywarka
2026-02-22 15:00:00,Sunday,15,0.033,0.729,0.000,0.000,0.000,0.000,0.762,
2026-02-22 16:00:00,Sunday,16,0.022,0.927,0.000,0.000,0.000,0.000,0.949,
2026-02-22 17:00:00,Sunday,17,0.020,0.833,0.045,0.000,0.048,0.000,0.946,
2026-02-22 18:00:00,Sunday,18,0.021,0.747,0.059,0.338,0.038,0.000,1.203,
2026-02-22 19:00:00,Sunday,19,0.032,0.893,0.104,0.000,0.060,0.000,1.089,
2026-02-22 20:00:00,Sunday,20,0.025,0.751,0.089,0.000,0.060,0.000,0.925,
2026-02-22 21:00:00,Sunday,21,0.024,0.836,0.045,0.000,0.060,0.000,0.965,
2026-02-22 22:00:00,Sunday,22,0.020,0.918,0.060,0.000,0.062,0.000,1.060,
2026-02-22 23:00:00,Sunday,23,0.035,0.788,0.000,0.000,0.000,0.000,0.823,
2026-02-23 00:00:00,Monday,0,0.039,0.732,0.000,0.000,0.000,0.000,0.771,
2026-02-23 01:00:00,Monday,1,0.030,0.574,0.000,0.000,0.000,0.000,0.604,
2026-02-23 02:00:00,Monday,2,0.043,0.615,0.000,0.000,0.000,0.000,0.658,
2026-02-23 03:00:00,Monday,3,0.037,0.794,0.000,0.000,0.000,0.000,0.831,
2026-02-23 04:00:00,Monday,4,0.035,0.634,0.000,0.000,0.000,0.000,0.669,
2026-02-23 05:00:00,Monday,5,0.021,0.674,0.000,0.000,0.000,0.000,0.695,
2026-02-23 06:00:00,Monday,6,0.025,0.750,0.086,0.000,0.064,0.000,0.925,
2026-02-23 07:00:00,Monday,7,0.032,0.666,0.058,0.000,0.035,0.000,0.791,
2026-02-23 08:00:00,Monday,8,0.021,0.685,0.000,0.000,0.034,0.000,0.740,
2026-02-23 09:00:00,Monday,9,0.034,0.746,0.000,0.000,0.000,0.000,0.780,
2026-02-23 10:00:00,Monday,10,0.030,0.775,0.000,0.000,0.000,0.000,0.805,
2026-02-23 11:00:00,Monday,11,0.027,0.677,0.000,0.000,0.000,0.000,0.704,
2026-02-23 12:00:00,Monday,12,0.020,0.616,0.000,0.000,0.000,0.000,0.636,
2026-02-23 13:00:00,Monday,13,0.020,0.624,0.000,0.000,0.000,0.000,0.644,
2026-02-23 14:00:00,Monday,14,0.025,0.552,0.000,0.000,0.000,0.000,0.577,
2026-02-23 15:00:00,Monday,15,0.025,0.554,0.000,0.000,0.000,0.000,0.579,
2026-02-23 16:00:00,Monday,16,0.029,0.543,0.000,0.000,0.000,0.000,0.572,
2026-02-23 17:00:00,Monday,17,0.030,0.735,0.090,0.000,0.063,0.000,0.918,
2026-02-23 18:00:00,Monday,18,0.029,0.607,0.108,0.438,0.056,0.000,1.238,
2026-02-23 19:00:00,Monday,19,0.025,0.574,0.067,0.000,0.042,0.452,1.160,zmywarka
2026-02-23 20:00:00,Monday,20,0.026,0.613,0.063,0.000,0.061,0.000,0.763,
2026-02-23 21:00:00,Monday,21,0.031,0.671,0.042,0.000,0.049,0.000,0.793,
2026-02-23 22:00:00,Monday,22,0.029,0.767,0.052,0.000,0.066,0.000,0.914,
2026-02-23 23:00:00,Monday,23,0.030,0.802,0.000,0.000,0.000,0.000,0.832,
2026-02-24 00:00:00,Tuesday,0,0.035,0.687,0.000,0.000,0.000,0.000,0.722,
2026-02-24 01:00:00,Tuesday,1,0.028,0.759,0.000,0.000,0.000,0.000,0.787,
2026-02-24 02:00:00,Tuesday,2,0.022,0.590,0.000,0.000,0.000,0.000,0.612,
2026-02-24 03:00:00,Tuesday,3,0.034,0.715,0.000,0.000,0.000,0.000,0.749,
2026-02-24 04:00:00,Tuesday,4,0.021,0.782,0.000,0.000,0.000,0.000,0.803,
2026-02-24 05:00:00,Tuesday,5,0.026,0.731,0.000,0.000,0.000,0.000,0.757,
2026-02-24 06:00:00,Tuesday,6,0.020,0.821,0.068,0.000,0.054,0.000,0.963,
2026-02-24 07:00:00,Tuesday,7,0.027,0.792,0.050,0.000,0.055,0.000,0.924,
2026-02-24 08:00:00,Tuesday,8,0.024,0.720,0.000,0.000,0.060,0.000,0.804,
2026-02-24 09:00:00,Tuesday,9,0.023,0.716,0.000,0.000,0.115,0.000,0.854,praca zdalna
2026-02-24 10:00:00,Tuesday,10,0.021,0.718,0.000,0.000,0.112,0.000,0.851,praca zdalna
2026-02-24 11:00:00,Tuesday,11,0.036,0.771,0.000,0.000,0.080,0.000,0.887,praca zdalna
2026-02-24 12:00:00,Tuesday,12,0.032,0.763,0.000,0.000,0.116,0.292,1.203,praca zdalna; pralka
2026-02-24 13:00:00,Tuesday,13,0.029,0.626,0.000,0.000,0.088,0.000,0.743,praca zdalna
2026-02-24 14:00:00,Tuesday,14,0.029,0.805,0.000,0.000,0.084,0.000,0.918,praca zdalna
2026-02-24 15:00:00,Tuesday,15,0.026,0.778,0.000,0.000,0.102,0.000,0.906,praca zdalna
2026-02-24 16:00:00,Tuesday,16,0.026,0.816,0.000,0.000,0.067,0.000,0.909,praca zdalna
2026-02-24 17:00:00,Tuesday,17,0.022,0.859,0.120,0.000,0.045,0.000,1.046,
2026-02-24 18:00:00,Tuesday,18,0.026,0.728,0.058,0.706,0.066,0.000,1.584,
2026-02-24 19:00:00,Tuesday,19,0.035,0.822,0.050,0.000,0.047,0.000,0.954,
2026-02-24 20:00:00,Tuesday,20,0.022,0.934,0.042,0.000,0.053,0.400,1.451,zmywarka
2026-02-24 21:00:00,Tuesday,21,0.026,0.894,0.069,0.000,0.032,0.000,1.021,
2026-02-24 22:00:00,Tuesday,22,0.025,0.754,0.076,0.000,0.040,0.000,0.895,
2026-02-24 23:00:00,Tuesday,23,0.034,0.749,0.000,0.000,0.000,0.000,0.783,
2026-02-25 00:00:00,Wednesday,0,0.041,0.846,0.000,0.000,0.000,0.000,0.887,
2026-02-25 01:00:00,Wednesday,1,0.024,0.768,0.000,0.000,0.000,0.000,0.792,
2026-02-25 02:00:00,Wednesday,2,0.025,0.877,0.000,0.000,0.000,0.000,0.902,
2026-02-25 03:00:00,Wednesday,3,0.020,0.827,0.000,0.000,0.000,0.000,0.847,
2026-02-25 04:00:00,Wednesday,4,0.026,1.011,0.000,0.000,0.000,0.000,1.037,
2026-02-25 05:00:00,Wednesday,5,0.045,0.876,0.000,0.000,0.000,0.000,0.921,
2026-02-25 06:00:00,Wednesday,6,0.033,0.942,0.077,0.000,0.051,0.000,1.103,
2026-02-25 07:00:00,Wednesday,7,0.026,1.040,0.108,0.000,0.060,0.000,1.234,
2026-02-25 08:00:00,Wednesday,8,0.032,0.900,0.000,0.000,0.040,0.000,0.972,
2026-02-25 09:00:00,Wednesday,9,0.030,0.970,0.000,0.000,0.088,0.000,1.088,praca zdalna
2026-02-25 10:00:00,Wednesday,10,0.033,1.008,0.000,0.000,0.121,0.000,1.162,praca zdalna
2026-02-25 11:00:00,Wednesday,11,0.024,0.754,0.000,0.000,0.095,0.000,0.873,praca zdalna
2026-02-25 12:00:00,Wednesday,12,0.025,0.894,0.000,0.000,0.077,0.000,0.996,praca zdalna
2026-02-25 13:00:00,Wednesday,13,0.031,0.972,0.000,0.000,0.078,0.000,1.081,praca zdalna
2026-02-25 14:00:00,Wednesday,14,0.024,0.770,0.000,0.000,0.082,0.000,0.876,praca zdalna
2026-02-25 15:00:00,Wednesday,15,0.029,0.817,0.000,0.000,0.132,0.000,0.978,praca zdalna
2026-02-25 16:00:00,Wednesday,16,0.029,0.879,0.000,0.000,0.106,0.000,1.014,praca zdalna
2026-02-25 17:00:00,Wednesday,17,0.034,0.850,0.064,0.358,0.053,0.000,1.359,
2026-02-25 18:00:00,Wednesday,18,0.032,0.794,0.113,0.000,0.046,0.000,0.985,
2026-02-25 19:00:00,Wednesday,19,0.021,0.890,0.054,0.000,0.040,0.000,1.005,
2026-02-25 20:00:00,Wednesday,20,0.028,0.884,0.074,0.000,0.062,0.357,1.405,zmywarka
2026-02-25 21:00:00,Wednesday,21,0.028,0.838,0.056,0.000,0.068,0.000,0.990,
2026-02-25 22:00:00,Wednesday,22,0.026,0.869,0.107,0.000,0.060,0.000,1.062,
2026-02-25 23:00:00,Wednesday,23,0.029,0.757,0.000,0.000,0.000,0.000,0.786,
2026-02-26 00:00:00,Thursday,0,0.034,0.677,0.000,0.000,0.000,0.000,0.711,
2026-02-26 01:00:00,Thursday,1,0.035,0.696,0.000,0.000,0.000,0.000,0.731,
2026-02-26 02:00:00,Thursday,2,0.025,0.795,0.000,0.000,0.000,0.000,0.820,
2026-02-26 03:00:00,Thursday,3,0.029,0.609,0.000,0.000,0.000,0.000,0.638,
2026-02-26 04:00:00,Thursday,4,0.040,0.610,0.000,0.000,0.000,0.000,0.650,
2026-02-26 05:00:00,Thursday,5,0.023,0.622,0.000,0.000,0.000,0.000,0.645,
2026-02-26 06:00:00,Thursday,6,0.025,0.810,0.059,0.000,0.035,0.000,0.929,
2026-02-26 07:00:00,Thursday,7,0.022,0.796,0.065,0.000,0.040,0.000,0.923,
2026-02-26 08:00:00,Thursday,8,0.028,0.638,0.000,0.000,0.034,0.000,0.700,
2026-02-26 09:00:00,Thursday,9,0.032,0.757,0.000,0.000,0.096,0.000,0.885,praca zdalna
2026-02-26 10:00:00,Thursday,10,0.029,0.726,0.000,0.000,0.101,0.000,0.856,praca zdalna
2026-02-26 11:00:00,Thursday,11,0.030,0.575,0.000,0.000,0.104,0.000,0.709,praca zdalna
2026-02-26 12:00:00,Thursday,12,0.023,0.523,0.000,0.000,0.094,0.000,0.640,praca zdalna
2026-02-26 13:00:00,Thursday,13,0.021,0.524,0.000,0.000,0.109,0.000,0.654,praca zdalna
2026-02-26 14:00:00,Thursday,14,0.022,0.502,0.000,0.000,0.074,0.000,0.598,praca zdalna
2026-02-26 15:00:00,Thursday,15,0.020,0.405,0.000,0.000,0.107,0.000,0.532,praca zdalna
2026-02-26 16:00:00,Thursday,16,0.036,0.399,0.000,0.000,0.081,0.000,0.516,praca zdalna
2026-02-26 17:00:00,Thursday,17,0.034,0.435,0.075,0.399,0.032,0.000,0.975,
2026-02-26 18:00:00,Thursday,18,0.026,0.390,0.104,0.000,0.055,0.000,0.575,
2026-02-26 19:00:00,Thursday,19,0.032,0.518,0.064,0.000,0.062,0.000,0.676,
2026-02-26 20:00:00,Thursday,20,0.026,0.498,0.056,0.000,0.062,0.384,1.026,zmywarka
2026-02-26 21:00:00,Thursday,21,0.022,0.398,0.074,0.000,0.039,0.000,0.533,
2026-02-26 22:00:00,Thursday,22,0.022,0.453,0.102,0.000,0.035,0.000,0.612,
2026-02-26 23:00:00,Thursday,23,0.030,0.405,0.000,0.000,0.000,0.000,0.435,
2026-02-27 00:00:00,Friday,0,0.033,0.408,0.000,0.000,0.000,0.000,0.441,
2026-02-27 01:00:00,Friday,1,0.035,0.476,0.000,0.000,0.000,0.000,0.511,
2026-02-27 02:00:00,Friday,2,0.045,0.441,0.000,0.000,0.000,0.000,0.486,
2026-02-27 03:00:00,Friday,3,0.022,0.496,0.000,0.000,0.000,0.000,0.518,
2026-02-27 04:00:00,Friday,4,0.020,0.436,0.000,0.000,0.000,0.000,0.456,
2026-02-27 05:00:00,Friday,5,0.030,0.438,0.000,0.000,0.000,0.000,0.468,
2026-02-27 06:00:00,Friday,6,0.025,0.574,0.104,0.000,0.066,0.000,0.769,
2026-02-27 07:00:00,Friday,7,0.029,0.501,0.061,0.000,0.061,0.000,0.652,
2026-02-27 08:00:00,Friday,8,0.026,0.568,0.000,0.000,0.036,0.000,0.630,
2026-02-27 09:00:00,Friday,9,0.022,0.518,0.000,0.000,0.000,0.000,0.540,
2026-02-27 10:00:00,Friday,10,0.030,0.502,0.000,0.000,0.000,0.000,0.532,
2026-02-27 11:00:00,Friday,11,0.024,0.568,0.000,0.000,0.000,0.000,0.592,
2026-02-27 12:00:00,Friday,12,0.028,0.426,0.000,0.000,0.000,0.000,0.454,
2026-02-27 13:00:00,Friday,13,0.035,0.338,0.000,0.000,0.000,0.000,0.373,
2026-02-27 14:00:00,Friday,14,0.023,0.377,0.000,0.000,0.000,0.000,0.400,
2026-02-27 15:00:00,Friday,15,0.032,0.358,0.000,0.000,0.000,0.000,0.390,
2026-02-27 16:00:00,Friday,16,0.027,0.376,0.000,0.000,0.000,0.000,0.403,
2026-02-27 17:00:00,Friday,17,0.024,0.418,0.060,0.000,0.034,0.000,0.536,
2026-02-27 18:00:00,Friday,18,0.022,0.431,0.048,0.438,0.054,0.000,0.993,
2026-02-27 19:00:00,Friday,19,0.027,0.423,0.096,0.000,0.050,0.000,0.596,
2026-02-27 20:00:00,Friday,20,0.035,0.393,0.079,0.000,0.031,0.396,0.934,zmywarka
2026-02-27 21:00:00,Friday,21,0.030,0.488,0.080,0.000,0.063,0.000,0.661,
2026-02-27 22:00:00,Friday,22,0.033,0.384,0.112,0.000,0.042,0.000,0.571,
2026-02-27 23:00:00,Friday,23,0.042,0.378,0.000,0.000,0.000,0.000,0.420,
2026-02-28 00:00:00,Saturday,0,0.034,0.444,0.000,0.000,0.000,0.000,0.478,
2026-02-28 01:00:00,Saturday,1,0.032,0.442,0.000,0.000,0.000,0.000,0.474,
2026-02-28 02:00:00,Saturday,2,0.022,0.512,0.000,0.000,0.000,0.000,0.534,
2026-02-28 03:00:00,Saturday,3,0.029,0.508,0.000,0.000,0.000,0.000,0.537,
2026-02-28 04:00:00,Saturday,4,0.028,0.619,0.000,0.000,0.000,0.000,0.647,
2026-02-28 05:00:00,Saturday,5,0.023,0.533,0.000,0.000,0.000,0.000,0.556,
2026-02-28 06:00:00,Saturday,6,0.034,0.618,0.093,0.000,0.039,0.000,0.784,
2026-02-28 07:00:00,Saturday,7,0.032,0.642,0.041,0.000,0.056,0.000,0.771,
2026-02-28 08:00:00,Saturday,8,0.022,0.532,0.000,0.000,0.059,0.000,0.613,
2026-02-28 09:00:00,Saturday,9,0.033,0.519,0.000,0.000,0.000,0.000,0.552,
2026-02-28 10:00:00,Saturday,10,0.024,0.476,0.000,0.000,0.000,0.000,0.500,
2026-02-28 11:00:00,Saturday,11,0.035,0.488,0.000,0.000,0.000,0.000,0.523,
2026-02-28 12:00:00,Saturday,12,0.024,0.493,0.000,0.000,0.000,0.000,0.517,
2026-02-28 13:00:00,Saturday,13,0.031,0.542,0.000,0.000,0.000,0.000,0.573,
2026-02-28 14:00:00,Saturday,14,0.031,0.468,0.000,0.000,0.000,0.411,0.910,zmywarka
2026-02-28 15:00:00,Saturday,15,0.030,0.523,0.000,0.000,0.000,0.000,0.553,
2026-02-28 16:00:00,Saturday,16,0.021,0.468,0.000,0.000,0.000,0.000,0.489,
2026-02-28 17:00:00,Saturday,17,0.025,0.417,0.108,0.286,0.055,0.000,0.891,
2026-02-28 18:00:00,Saturday,18,0.026,0.379,0.042,0.000,0.069,0.000,0.516,
2026-02-28 19:00:00,Saturday,19,0.022,0.436,0.072,0.000,0.054,0.000,0.584,
2026-02-28 20:00:00,Saturday,20,0.028,0.459,0.114,0.000,0.069,0.000,0.670,
2026-02-28 21:00:00,Saturday,21,0.030,0.557,0.106,0.000,0.047,0.000,0.740,
2026-02-28 22:00:00,Saturday,22,0.030,0.506,0.098,0.000,0.038,0.000,0.672,
2026-02-28 23:00:00,Saturday,23,0.033,0.408,0.000,0.000,0.000,0.000,0.441,
2026-03-01 00:00:00,Sunday,0,0.024,0.422,0.000,0.000,0.000,0.000,0.446,
2026-03-01 01:00:00,Sunday,1,0.034,0.457,0.000,0.000,0.000,0.000,0.491,
2026-03-01 02:00:00,Sunday,2,0.040,0.432,0.000,0.000,0.000,0.000,0.472,
2026-03-01 03:00:00,Sunday,3,0.023,0.501,0.000,0.000,0.000,0.000,0.524,
2026-03-01 04:00:00,Sunday,4,0.032,0.460,0.000,0.000,0.000,0.000,0.492,
2026-03-01 05:00:00,Sunday,5,0.035,0.598,0.000,0.000,0.000,0.000,0.633,
2026-03-01 06:00:00,Sunday,6,0.030,0.704,0.116,0.000,0.036,0.000,0.886,goście
2026-03-01 07:00:00,Sunday,7,0.030,0.766,0.000,0.000,0.046,0.000,0.842,goście
2026-03-01 08:00:00,Sunday,8,0.025,0.778,0.000,0.000,0.050,0.000,0.853,goście
2026-03-01 09:00:00,Sunday,9,0.026,0.665,0.000,0.000,0.000,0.000,0.691,
2026-03-01 10:00:00,Sunday,10,0.035,0.770,0.000,0.000,0.000,0.000,0.805,
2026-03-01 11:00:00,Sunday,11,0.032,0.555,0.000,0.000,0.000,0.000,0.587,
2026-03-01 12:00:00,Sunday,12,0.031,0.583,0.000,0.000,0.000,0.000,0.614,
2026-03-01 13:00:00,Sunday,13,0.025,0.610,0.000,0.000,0.000,0.476,1.111,zmywarka
2026-03-01 14:00:00,Sunday,14,0.034,0.515,0.000,0.000,0.000,0.000,0.549,
2026-03-01 15:00:00,Sunday,15,0.029,0.575,0.000,0.000,0.000,0.000,0.604,
2026-03-01 16:00:00,Sunday,16,0.020,0.619,0.000,0.000,0.000,0.000,0.639,
2026-03-01 17:00:00,Sunday,17,0.021,0.532,0.000,1.116,0.068,0.000,1.737,goście
2026-03-01 18:00:00,Sunday,18,0.022,0.528,0.095,0.000,0.048,0.000,0.693,goście
2026-03-01 19:00:00,Sunday,19,0.029,0.675,0.040,0.000,0.068,0.000,0.812,goście
2026-03-01 20:00:00,Sunday,20,0.026,0.606,0.050,0.000,0.069,0.000,0.751,goście
2026-03-01 21:00:00,Sunday,21,0.025,0.724,0.115,0.000,0.048,0.000,0.912,goście
2026-03-01 22:00:00,Sunday,22,0.030,0.479,0.048,0.000,0.060,0.000,0.617,goście
2026-03-01 23:00:00,Sunday,23,0.030,0.673,0.000,0.000,0.000,0.000,0.703,
2026-03-02 00:00:00,Monday,0,0.031,0.567,0.000,0.000,0.000,0.000,0.598,
2026-03-02 01:00:00,Monday,1,0.048,0.561,0.000,0.000,0.000,0.000,0.609,
2026-03-02 02:00:00,Monday,2,0.033,0.513,0.000,0.000,0.000,0.000,0.546,
2026-03-02 03:00:00,Monday,3,0.036,0.582,0.000,0.000,0.000,0.000,0.618,
2026-03-02 04:00:00,Monday,4,0.032,0.546,0.000,0.000,0.000,0.000,0.578,
2026-03-02 05:00:00,Monday,5,0.029,0.576,0.000,0.000,0.000,0.000,0.605,
2026-03-02 06:00:00,Monday,6,0.025,0.524,0.089,0.000,0.046,0.000,0.684,
2026-03-02 07:00:00,Monday,7,0.029,0.674,0.000,0.000,0.032,0.000,0.735,
2026-03-02 08:00:00,Monday,8,0.022,0.538,0.000,0.000,0.040,0.000,0.600,
2026-03-02 09:00:00,Monday,9,0.030,0.582,0.000,0.000,0.000,0.000,0.612,
2026-03-02 10:00:00,Monday,10,0.024,0.599,0.000,0.000,0.000,0.000,0.623,
2026-03-02 11:00:00,Monday,11,0.032,0.577,0.000,0.000,0.000,0.000,0.609,
2026-03-02 12:00:00,Monday,12,0.034,0.530,0.000,0.000,0.000,0.000,0.564,
2026-03-02 13:00:00,Monday,13,0.028,0.526,0.000,0.000,0.000,0.000,0.554,
2026-03-02 14:00:00,Monday,14,0.034,0.514,0.000,0.000,0.000,0.000,0.548,
2026-03-02 15:00:00,Monday,15,0.033,0.369,0.000,0.000,0.000,0.000,0.402,
2026-03-02 16:00:00,Monday,16,0.025,0.457,0.000,0.000,0.000,0.000,0.482,
2026-03-02 17:00:00,Monday,17,0.023,0.452,0.000,0.376,0.030,0.000,0.881,
2026-03-02 18:00:00,Monday,18,0.028,0.587,0.054,0.000,0.058,0.000,0.727,
2026-03-02 19:00:00,Monday,19,0.020,0.630,0.053,0.000,0.053,0.401,1.157,zmywarka
2026-03-02 20:00:00,Monday,20,0.022,0.659,0.077,0.000,0.057,0.000,0.815,
2026-03-02 21:00:00,Monday,21,0.034,0.598,0.084,0.000,0.066,0.000,0.782,
2026-03-02 22:00:00,Monday,22,0.028,0.508,0.053,0.000,0.054,0.000,0.643,
2026-03-02 23:00:00,Monday,23,0.024,0.542,0.000,0.000,0.000,0.000,0.566,
2026-03-03 00:00:00,Tuesday,0,0.037,0.557,0.000,0.000,0.000,0.000,0.594,
2026-03-03 01:00:00,Tuesday,1,0.035,0.613,0.000,0.000,0.000,0.000,0.648,
2026-03-03 02:00:00,Tuesday,2,0.029,0.550,0.000,0.000,0.000,0.000,0.579,
2026-03-03 03:00:00,Tuesday,3,0.031,0.614,0.000,0.000,0.000,0.000,0.645,
2026-03-03 04:00:00,Tuesday,4,0.028,0.576,0.000,0.000,0.000,0.000,0.604,
2026-03-03 05:00:00,Tuesday,5,0.034,0.631,0.000,0.000,0.000,0.000,0.665,
2026-03-03 06:00:00,Tuesday,6,0.020,0.729,0.071,0.000,0.035,0.000,0.855,
2026-03-03 07:00:00,Tuesday,7,0.021,0.688,0.000,0.000,0.048,0.000,0.757,
2026-03-03 08:00:00,Tuesday,8,0.024,0.692,0.000,0.000,0.060,0.000,0.776,
2026-03-03 09:00:00,Tuesday,9,0.028,0.681,0.000,0.000,0.000,0.000,0.709,
2026-03-03 10:00:00,Tuesday,10,0.031,0.564,0.000,0.000,0.000,0.380,0.975,pralka
2026-03-03 11:00:00,Tuesday,11,0.029,0.610,0.000,0.000,0.000,0.650,1.289,suszarka
2026-03-03 12:00:00,Tuesday,12,0.024,0.440,0.000,0.000,0.000,0.000,0.464,
2026-03-03 13:00:00,Tuesday,13,0.028,0.330,0.000,0.000,0.000,0.000,0.358,
2026-03-03 14:00:00,Tuesday,14,0.032,0.333,0.000,0.000,0.000,0.000,0.365,
2026-03-03 15:00:00,Tuesday,15,0.030,0.314,0.000,0.000,0.000,0.000,0.344,
2026-03-03 16:00:00,Tuesday,16,0.024,0.369,0.000,0.000,0.000,0.000,0.393,
2026-03-03 17:00:00,Tuesday,17,0.025,0.421,0.000,0.438,0.061,0.000,0.945,
2026-03-03 18:00:00,Tuesday,18,0.030,0.494,0.048,0.000,0.033,0.000,0.605,
2026-03-03 19:00:00,Tuesday,19,0.024,0.607,0.061,0.000,0.060,0.000,0.752,
2026-03-03 20:00:00,Tuesday,20,0.030,0.612,0.051,0.000,0.070,0.000,0.763,
2026-03-03 21:00:00,Tuesday,21,0.031,0.599,0.049,0.000,0.050,0.000,0.729,
2026-03-03 22:00:00,Tuesday,22,0.021,0.622,0.102,0.000,0.034,0.000,0.779,
2026-03-03 23:00:00,Tuesday,23,0.026,0.624,0.000,0.000,0.000,0.000,0.650,
2026-03-04 00:00:00,Wednesday,0,0.039,0.596,0.000,0.000,0.000,0.000,0.635,
2026-03-04 01:00:00,Wednesday,1,0.036,0.632,0.000,0.000,0.000,0.000,0.668,
2026-03-04 02:00:00,Wednesday,2,0.040,0.588,0.000,0.000,0.000,0.000,0.628,
2026-03-04 03:00:00,Wednesday,3,0.037,0.617,0.000,0.000,0.000,0.000,0.654,
2026-03-04 04:00:00,Wednesday,4,0.022,0.798,0.000,0.000,0.000,0.000,0.820,
2026-03-04 05:00:00,Wednesday,5,0.038,0.815,0.000,0.000,0.000,0.000,0.853,
2026-03-04 06:00:00,Wednesday,6,0.034,0.685,0.043,0.000,0.032,0.000,0.794,
2026-03-04 07:00:00,Wednesday,7,0.030,0.750,0.000,0.000,0.048,0.000,0.828,
2026-03-04 08:00:00,Wednesday,8,0.035,0.772,0.000,0.000,0.061,0.000,0.868,
2026-03-04 09:00:00,Wednesday,9,0.034,0.707,0.000,0.000,0.000,0.000,0.741,
2026-03-04 10:00:00,Wednesday,10,0.026,0.685,0.000,0.000,0.000,0.000,0.711,
2026-03-04 11:00:00,Wednesday,11,0.030,0.592,0.000,0.000,0.000,0.000,0.622,
2026-03-04 12:00:00,Wednesday,12,0.028,0.637,0.000,0.000,0.000,0.000,0.665,
2026-03-04 13:00:00,Wednesday,13,0.030,0.498,0.000,0.000,0.000,0.000,0.528,
2026-03-04 14:00:00,Wednesday,14,0.023,0.452,0.000,0.000,0.000,0.000,0.475,
2026-03-04 15:00:00,Wednesday,15,0.021,0.552,0.000,0.000,0.000,0.000,0.573,
2026-03-04 16:00:00,Wednesday,16,0.028,0.556,0.000,0.000,0.000,0.000,0.584,
2026-03-04 17:00:00,Wednesday,17,0.034,0.454,0.000,0.000,0.031,0.000,0.519,
2026-03-04 18:00:00,Wednesday,18,0.020,0.482,0.054,0.558,0.049,0.000,1.163,
2026-03-04 19:00:00,Wednesday,19,0.028,0.611,0.105,0.000,0.038,0.416,1.198,zmywarka
2026-03-04 20:00:00,Wednesday,20,0.027,0.529,0.100,0.000,0.060,0.000,0.716,
2026-03-04 21:00:00,Wednesday,21,0.031,0.593,0.094,0.000,0.039,0.000,0.757,
2026-03-04 22:00:00,Wednesday,22,0.028,0.545,0.062,0.000,0.039,0.000,0.674,
2026-03-04 23:00:00,Wednesday,23,0.031,0.590,0.000,0.000,0.000,0.000,0.621,
2026-03-05 00:00:00,Thursday,0,0.025,0.544,0.000,0.000,0.000,0.000,0.569,wyjazd / nieobecność
2026-03-05 01:00:00,Thursday,1,0.021,0.520,0.000,0.000,0.000,0.000,0.541,wyjazd / nieobecność
2026-03-05 02:00:00,Thursday,2,0.035,0.684,0.000,0.000,0.000,0.000,0.719,wyjazd / nieobecność
2026-03-05 03:00:00,Thursday,3,0.035,0.691,0.000,0.000,0.000,0.000,0.726,wyjazd / nieobecność
2026-03-05 04:00:00,Thursday,4,0.031,0.690,0.000,0.000,0.000,0.000,0.721,wyjazd / nieobecność
2026-03-05 05:00:00,Thursday,5,0.032,0.736,0.000,0.000,0.000,0.000,0.768,wyjazd / nieobecność
2026-03-05 06:00:00,Thursday,6,0.026,0.908,0.000,0.000,0.000,0.000,0.934,wyjazd / nieobecność
2026-03-05 07:00:00,Thursday,7,0.034,0.828,0.000,0.000,0.000,0.000,0.862,wyjazd / nieobecność
2026-03-05 08:00:00,Thursday,8,0.035,0.748,0.000,0.000,0.000,0.000,0.783,wyjazd / nieobecność
2026-03-05 09:00:00,Thursday,9,0.034,0.693,0.000,0.000,0.000,0.000,0.727,wyjazd / nieobecność
2026-03-05 10:00:00,Thursday,10,0.025,0.637,0.000,0.000,0.000,0.000,0.662,wyjazd / nieobecność
2026-03-05 11:00:00,Thursday,11,0.035,0.604,0.000,0.000,0.000,0.000,0.639,wyjazd / nieobecność
2026-03-05 12:00:00,Thursday,12,0.020,0.610,0.000,0.000,0.000,0.000,0.630,wyjazd / nieobecność
2026-03-05 13:00:00,Thursday,13,0.023,0.554,0.000,0.000,0.000,0.000,0.577,wyjazd / nieobecność
2026-03-05 14:00:00,Thursday,14,0.026,0.558,0.000,0.000,0.000,0.000,0.584,wyjazd / nieobecność
2026-03-05 15:00:00,Thursday,15,0.026,0.561,0.000,0.000,0.000,0.000,0.587,wyjazd / nieobecność
2026-03-05 16:00:00,Thursday,16,0.022,0.638,0.000,0.000,0.000,0.000,0.660,wyjazd / nieobecność
2026-03-05 17:00:00,Thursday,17,0.026,0.752,0.000,0.000,0.000,0.000,0.778,wyjazd / nieobecność
2026-03-05 18:00:00,Thursday,18,0.026,0.712,0.000,0.000,0.000,0.000,0.738,wyjazd / nieobecność
2026-03-05 19:00:00,Thursday,19,0.032,0.838,0.000,0.000,0.000,0.000,0.870,wyjazd / nieobecność
2026-03-05 20:00:00,Thursday,20,0.033,0.783,0.000,0.000,0.000,0.000,0.816,wyjazd / nieobecność
2026-03-05 21:00:00,Thursday,21,0.034,0.675,0.000,0.000,0.000,0.000,0.709,wyjazd / nieobecność
2026-03-05 22:00:00,Thursday,22,0.027,0.658,0.000,0.000,0.000,0.000,0.685,wyjazd / nieobecność
2026-03-05 23:00:00,Thursday,23,0.033,0.675,0.000,0.000,0.000,0.000,0.708,wyjazd / nieobecność
2026-03-06 00:00:00,Friday,0,0.031,0.648,0.000,0.000,0.000,0.000,0.679,
2026-03-06 01:00:00,Friday,1,0.030,0.693,0.000,0.000,0.000,0.000,0.723,
2026-03-06 02:00:00,Friday,2,0.030,0.796,0.000,0.000,0.000,0.000,0.826,
2026-03-06 03:00:00,Friday,3,0.031,0.702,0.000,0.000,0.000,0.000,0.733,
2026-03-06 04:00:00,Friday,4,0.026,0.855,0.000,0.000,0.000,0.000,0.881,
2026-03-06 05:00:00,Friday,5,0.027,0.656,0.000,0.000,0.000,0.000,0.683,
2026-03-06 06:00:00,Friday,6,0.034,0.774,0.057,0.000,0.054,0.000,0.919,
2026-03-06 07:00:00,Friday,7,0.022,0.729,0.000,0.000,0.057,0.000,0.808,
2026-03-06 08:00:00,Friday,8,0.034,0.846,0.000,0.000,0.056,0.000,0.936,
2026-03-06 09:00:00,Friday,9,0.026,0.845,0.000,0.000,0.074,0.000,0.945,praca zdalna
2026-03-06 10:00:00,Friday,10,0.025,0.696,0.000,0.000,0.101,0.000,0.822,praca zdalna
2026-03-06 11:00:00,Friday,11,0.028,0.668,0.000,0.000,0.113,0.000,0.809,praca zdalna
2026-03-06 12:00:00,Friday,12,0.023,0.691,0.000,0.000,0.103,0.000,0.817,praca zdalna
2026-03-06 13:00:00,Friday,13,0.030,0.728,0.000,0.000,0.081,0.000,0.839,praca zdalna
2026-03-06 14:00:00,Friday,14,0.028,0.525,0.000,0.000,0.131,0.000,0.684,praca zdalna
2026-03-06 15:00:00,Friday,15,0.020,0.681,0.000,0.000,0.124,0.000,0.825,praca zdalna
2026-03-06 16:00:00,Friday,16,0.022,0.579,0.000,0.000,0.081,0.000,0.682,praca zdalna
2026-03-06 17:00:00,Friday,17,0.036,0.644,0.000,0.000,0.052,0.000,0.732,
2026-03-06 18:00:00,Friday,18,0.029,0.656,0.070,0.395,0.052,0.000,1.202,
2026-03-06 19:00:00,Friday,19,0.032,0.662,0.049,0.000,0.032,0.352,1.127,zmywarka
2026-03-06 20:00:00,Friday,20,0.031,0.551,0.091,0.000,0.061,0.000,0.734,
2026-03-06 21:00:00,Friday,21,0.025,0.700,0.047,0.000,0.051,0.000,0.823,
2026-03-06 22:00:00,Friday,22,0.032,0.658,0.102,0.000,0.068,0.000,0.860,
2026-03-06 23:00:00,Friday,23,0.026,0.545,0.000,0.000,0.000,0.000,0.571,
2026-03-07 00:00:00,Saturday,0,0.027,0.599,0.000,0.000,0.000,0.000,0.626,
2026-03-07 01:00:00,Saturday,1,0.033,0.542,0.000,0.000,0.000,0.000,0.575,
2026-03-07 02:00:00,Saturday,2,0.034,0.740,0.000,0.000,0.000,0.000,0.774,
2026-03-07 03:00:00,Saturday,3,0.026,0.669,0.000,0.000,0.000,0.000,0.695,
2026-03-07 04:00:00,Saturday,4,0.044,0.773,0.000,0.000,0.000,0.000,0.817,
2026-03-07 05:00:00,Saturday,5,0.020,0.758,0.000,0.000,0.000,0.000,0.778,
2026-03-07 06:00:00,Saturday,6,0.025,0.713,0.098,0.000,0.030,0.000,0.866,
2026-03-07 07:00:00,Saturday,7,0.024,0.798,0.000,0.000,0.062,0.000,0.884,
2026-03-07 08:00:00,Saturday,8,0.024,0.794,0.000,0.000,0.040,0.000,0.858,
2026-03-07 09:00:00,Saturday,9,0.032,0.777,0.000,0.000,0.000,0.000,0.809,
2026-03-07 10:00:00,Saturday,10,0.028,0.688,0.000,0.000,0.000,0.000,0.716,
2026-03-07 11:00:00,Saturday,11,0.032,0.649,0.000,0.000,0.000,0.264,0.945,pralka
2026-03-07 12:00:00,Saturday,12,0.032,0.729,0.000,0.000,0.000,0.000,0.761,
2026-03-07 13:00:00,Saturday,13,0.026,0.635,0.000,0.000,0.000,0.000,0.661,
2026-03-07 14:00:00,Saturday,14,0.034,0.608,0.000,0.000,0.000,0.424,1.066,zmywarka
2026-03-07 15:00:00,Saturday,15,0.032,0.518,0.000,0.000,0.000,0.000,0.550,
2026-03-07 16:00:00,Saturday,16,0.033,0.567,0.000,0.000,0.000,0.000,0.600,
2026-03-07 17:00:00,Saturday,17,0.022,0.562,0.000,0.000,0.044,0.000,0.628,
2026-03-07 18:00:00,Saturday,18,0.024,0.665,0.113,0.303,0.069,0.000,1.174,
2026-03-07 19:00:00,Saturday,19,0.022,0.581,0.070,0.000,0.065,0.000,0.738,
2026-03-07 20:00:00,Saturday,20,0.031,0.535,0.051,0.000,0.052,0.000,0.669,
2026-03-07 21:00:00,Saturday,21,0.030,0.654,0.062,0.000,0.064,0.000,0.810,
2026-03-07 22:00:00,Saturday,22,0.032,0.678,0.113,0.000,0.042,0.000,0.865,
2026-03-07 23:00:00,Saturday,23,0.030,0.648,0.000,0.000,0.000,0.000,0.678,
2026-03-08 00:00:00,Sunday,0,0.030,0.568,0.000,0.000,0.000,0.000,0.598,wyjazd / nieobecność
2026-03-08 01:00:00,Sunday,1,0.027,0.577,0.000,0.000,0.000,0.000,0.604,wyjazd / nieobecność
2026-03-08 02:00:00,Sunday,2,0.025,0.454,0.000,0.000,0.000,0.000,0.479,wyjazd / nieobecność
2026-03-08 03:00:00,Sunday,3,0.022,0.527,0.000,0.000,0.000,0.000,0.549,wyjazd / nieobecność
2026-03-08 04:00:00,Sunday,4,0.024,0.570,0.000,0.000,0.000,0.000,0.594,wyjazd / nieobecność
2026-03-08 05:00:00,Sunday,5,0.025,0.452,0.000,0.000,0.000,0.000,0.477,wyjazd / nieobecność
2026-03-08 06:00:00,Sunday,6,0.026,0.494,0.000,0.000,0.000,0.000,0.520,wyjazd / nieobecność
2026-03-08 07:00:00,Sunday,7,0.034,0.478,0.000,0.000,0.000,0.000,0.512,wyjazd / nieobecność
2026-03-08 08:00:00,Sunday,8,0.030,0.428,0.000,0.000,0.000,0.000,0.458,wyjazd / nieobecność
2026-03-08 09:00:00,Sunday,9,0.035,0.459,0.000,0.000,0.000,0.000,0.494,wyjazd / nieobecność
2026-03-08 10:00:00,Sunday,10,0.022,0.486,0.000,0.000,0.000,0.000,0.508,wyjazd / nieobecność
2026-03-08 11:00:00,Sunday,11,0.032,0.477,0.000,0.000,0.000,0.000,0.509,wyjazd / nieobecność
2026-03-08 12:00:00,Sunday,12,0.030,0.397,0.000,0.000,0.000,0.000,0.427,wyjazd / nieobecność
2026-03-08 13:00:00,Sunday,13,0.028,0.451,0.000,0.000,0.000,0.000,0.479,wyjazd / nieobecność
2026-03-08 14:00:00,Sunday,14,0.023,0.369,0.000,0.000,0.000,0.000,0.392,wyjazd / nieobecność
2026-03-08 15:00:00,Sunday,15,0.032,0.348,0.000,0.000,0.000,0.000,0.380,wyjazd / nieobecność
2026-03-08 16:00:00,Sunday,16,0.034,0.375,0.000,0.000,0.000,0.000,0.409,wyjazd / nieobecność
2026-03-08 17:00:00,Sunday,17,0.024,0.365,0.000,0.000,0.000,0.000,0.389,wyjazd / nieobecność
2026-03-08 18:00:00,Sunday,18,0.020,0.405,0.000,0.000,0.000,0.000,0.425,wyjazd / nieobecność
2026-03-08 19:00:00,Sunday,19,0.022,0.383,0.000,0.000,0.000,0.000,0.405,wyjazd / nieobecność
2026-03-08 20:00:00,Sunday,20,0.026,0.485,0.000,0.000,0.000,0.000,0.511,wyjazd / nieobecność
2026-03-08 21:00:00,Sunday,21,0.024,0.477,0.000,0.000,0.000,0.000,0.501,wyjazd / nieobecność
2026-03-08 22:00:00,Sunday,22,0.028,0.454,0.000,0.000,0.000,0.000,0.482,wyjazd / nieobecność
2026-03-08 23:00:00,Sunday,23,0.034,0.441,0.000,0.000,0.000,0.000,0.475,wyjazd / nieobecność
2026-03-09 00:00:00,Monday,0,0.036,0.574,0.000,0.000,0.000,0.000,0.610,
2026-03-09 01:00:00,Monday,1,0.033,0.568,0.000,0.000,0.000,0.000,0.601,
2026-03-09 02:00:00,Monday,2,0.042,0.620,0.000,0.000,0.000,0.000,0.662,
2026-03-09 03:00:00,Monday,3,0.046,0.609,0.000,0.000,0.000,0.000,0.655,
2026-03-09 04:00:00,Monday,4,0.026,0.565,0.000,0.000,0.000,0.000,0.591,
2026-03-09 05:00:00,Monday,5,0.026,0.613,0.000,0.000,0.000,0.000,0.639,
2026-03-09 06:00:00,Monday,6,0.026,0.757,0.091,0.000,0.066,0.000,0.940,
2026-03-09 07:00:00,Monday,7,0.032,0.614,0.000,0.000,0.046,0.000,0.692,
2026-03-09 08:00:00,Monday,8,0.033,0.624,0.000,0.000,0.070,0.000,0.727,
2026-03-09 09:00:00,Monday,9,0.024,0.747,0.000,0.000,0.000,0.000,0.771,
2026-03-09 10:00:00,Monday,10,0.031,0.615,0.000,0.000,0.000,0.000,0.646,
2026-03-09 11:00:00,Monday,11,0.022,0.518,0.000,0.000,0.000,0.000,0.540,
2026-03-09 12:00:00,Monday,12,0.025,0.548,0.000,0.000,0.000,0.000,0.573,
2026-03-09 13:00:00,Monday,13,0.028,0.622,0.000,0.000,0.000,0.000,0.650,
2026-03-09 14:00:00,Monday,14,0.025,0.474,0.000,0.000,0.000,0.000,0.499,
2026-03-09 15:00:00,Monday,15,0.024,0.547,0.000,0.000,0.000,0.000,0.571,
2026-03-09 16:00:00,Monday,16,0.028,0.569,0.000,0.000,0.000,0.000,0.597,
2026-03-09 17:00:00,Monday,17,0.027,0.621,0.000,0.000,0.066,0.000,0.714,
2026-03-09 18:00:00,Monday,18,0.020,0.520,0.058,0.263,0.041,0.000,0.902,
2026-03-09 19:00:00,Monday,19,0.024,0.708,0.103,0.000,0.041,0.000,0.876,
2026-03-09 20:00:00,Monday,20,0.025,0.549,0.067,0.000,0.058,0.479,1.178,zmywarka
2026-03-09 21:00:00,Monday,21,0.020,0.634,0.046,0.000,0.031,0.000,0.731,
2026-03-09 22:00:00,Monday,22,0.022,0.676,0.064,0.000,0.054,0.000,0.816,
2026-03-09 23:00:00,Monday,23,0.029,0.680,0.000,0.000,0.000,0.000,0.709,
2026-03-10 00:00:00,Tuesday,0,0.033,0.521,0.000,0.000,0.000,0.000,0.554,wyjazd / nieobecność
2026-03-10 01:00:00,Tuesday,1,0.030,0.529,0.000,0.000,0.000,0.000,0.559,wyjazd / nieobecność
2026-03-10 02:00:00,Tuesday,2,0.033,0.530,0.000,0.000,0.000,0.000,0.563,wyjazd / nieobecność
2026-03-10 03:00:00,Tuesday,3,0.026,0.603,0.000,0.000,0.000,0.000,0.629,wyjazd / nieobecność
2026-03-10 04:00:00,Tuesday,4,0.032,0.648,0.000,0.000,0.000,0.000,0.680,wyjazd / nieobecność
2026-03-10 05:00:00,Tuesday,5,0.029,0.540,0.000,0.000,0.000,0.000,0.569,wyjazd / nieobecność
2026-03-10 06:00:00,Tuesday,6,0.028,0.519,0.000,0.000,0.000,0.000,0.547,wyjazd / nieobecność
2026-03-10 07:00:00,Tuesday,7,0.022,0.593,0.000,0.000,0.000,0.000,0.615,wyjazd / nieobecność
2026-03-10 08:00:00,Tuesday,8,0.029,0.680,0.000,0.000,0.000,0.000,0.709,wyjazd / nieobecność
2026-03-10 09:00:00,Tuesday,9,0.024,0.581,0.000,0.000,0.048,0.000,0.653,wyjazd / nieobecność; praca zdalna
2026-03-10 10:00:00,Tuesday,10,0.027,0.556,0.000,0.000,0.044,0.000,0.627,wyjazd / nieobecność; praca zdalna
2026-03-10 11:00:00,Tuesday,11,0.023,0.436,0.000,0.000,0.046,0.000,0.505,wyjazd / nieobecność; praca zdalna
2026-03-10 12:00:00,Tuesday,12,0.031,0.471,0.000,0.000,0.056,0.000,0.558,wyjazd / nieobecność; praca zdalna
2026-03-10 13:00:00,Tuesday,13,0.034,0.382,0.000,0.000,0.074,0.000,0.490,wyjazd / nieobecność; praca zdalna
2026-03-10 14:00:00,Tuesday,14,0.033,0.324,0.000,0.000,0.035,0.000,0.392,wyjazd / nieobecność; praca zdalna
2026-03-10 15:00:00,Tuesday,15,0.020,0.326,0.000,0.000,0.064,0.000,0.410,wyjazd / nieobecność; praca zdalna
2026-03-10 16:00:00,Tuesday,16,0.024,0.287,0.000,0.000,0.080,0.000,0.391,wyjazd / nieobecność; praca zdalna
2026-03-10 17:00:00,Tuesday,17,0.025,0.244,0.000,0.000,0.000,0.000,0.269,wyjazd / nieobecność
2026-03-10 18:00:00,Tuesday,18,0.023,0.314,0.000,0.000,0.000,0.000,0.337,wyjazd / nieobecność
2026-03-10 19:00:00,Tuesday,19,0.022,0.334,0.000,0.000,0.000,0.000,0.356,wyjazd / nieobecność
2026-03-10 20:00:00,Tuesday,20,0.031,0.384,0.000,0.000,0.000,0.000,0.415,wyjazd / nieobecność
2026-03-10 21:00:00,Tuesday,21,0.032,0.413,0.000,0.000,0.000,0.000,0.445,wyjazd / nieobecność
2026-03-10 22:00:00,Tuesday,22,0.021,0.511,0.000,0.000,0.000,0.000,0.532,wyjazd / nieobecność
2026-03-10 23:00:00,Tuesday,23,0.030,0.454,0.000,0.000,0.000,0.000,0.484,wyjazd / nieobecność
2026-03-11 00:00:00,Wednesday,0,0.030,0.521,0.000,0.000,0.000,0.000,0.551,
2026-03-11 01:00:00,Wednesday,1,0.021,0.610,0.000,0.000,0.000,0.000,0.631,
2026-03-11 02:00:00,Wednesday,2,0.020,0.584,0.000,0.000,0.000,0.000,0.604,
2026-03-11 03:00:00,Wednesday,3,0.030,0.646,0.000,0.000,0.000,0.000,0.676,
2026-03-11 04:00:00,Wednesday,4,0.031,0.552,0.000,0.000,0.000,0.000,0.583,
2026-03-11 05:00:00,Wednesday,5,0.034,0.457,0.000,0.000,0.000,0.000,0.491,
2026-03-11 06:00:00,Wednesday,6,0.022,0.647,0.082,0.000,0.065,0.000,0.816,
2026-03-11 07:00:00,Wednesday,7,0.031,0.532,0.000,0.000,0.051,0.000,0.614,
2026-03-11 08:00:00,Wednesday,8,0.035,0.526,0.000,0.000,0.058,0.000,0.619,
2026-03-11 09:00:00,Wednesday,9,0.023,0.546,0.000,0.000,0.000,0.000,0.569,
2026-03-11 10:00:00,Wednesday,10,0.022,0.511,0.000,0.000,0.000,0.000,0.533,
2026-03-11 11:00:00,Wednesday,11,0.035,0.496,0.000,0.000,0.000,0.000,0.531,
2026-03-11 12:00:00,Wednesday,12,0.030,0.492,0.000,0.000,0.000,0.000,0.522,
2026-03-11 13:00:00,Wednesday,13,0.020,0.359,0.000,0.000,0.000,0.000,0.379,
2026-03-11 14:00:00,Wednesday,14,0.032,0.423,0.000,0.000,0.000,0.000,0.455,
2026-03-11 15:00:00,Wednesday,15,0.028,0.432,0.000,0.000,0.000,0.000,0.460,
2026-03-11 16:00:00,Wednesday,16,0.030,0.413,0.000,0.000,0.000,0.000,0.443,
2026-03-11 17:00:00,Wednesday,17,0.023,0.450,0.000,0.360,0.054,0.000,0.887,
2026-03-11 18:00:00,Wednesday,18,0.035,0.549,0.040,0.000,0.033,0.000,0.657,
2026-03-11 19:00:00,Wednesday,19,0.032,0.582,0.113,0.000,0.065,0.000,0.792,
2026-03-11 20:00:00,Wednesday,20,0.024,0.485,0.078,0.000,0.040,0.000,0.627,
2026-03-11 21:00:00,Wednesday,21,0.031,0.543,0.057,0.000,0.058,0.000,0.689,
2026-03-11 22:00:00,Wednesday,22,0.023,0.444,0.057,0.000,0.068,0.000,0.592,
2026-03-11 23:00:00,Wednesday,23,0.022,0.389,0.000,0.000,0.000,0.000,0.411,
2026-03-12 00:00:00,Thursday,0,0.044,0.495,0.000,0.000,0.000,0.000,0.539,
2026-03-12 01:00:00,Thursday,1,0.026,0.394,0.000,0.000,0.000,0.000,0.420,
2026-03-12 02:00:00,Thursday,2,0.020,0.480,0.000,0.000,0.000,0.000,0.500,
2026-03-12 03:00:00,Thursday,3,0.033,0.559,0.000,0.000,0.000,0.000,0.592,
2026-03-12 04:00:00,Thursday,4,0.036,0.512,0.000,0.000,0.000,0.000,0.548,
2026-03-12 05:00:00,Thursday,5,0.037,0.662,0.000,0.000,0.000,0.000,0.699,
2026-03-12 06:00:00,Thursday,6,0.021,0.692,0.044,0.000,0.042,0.000,0.799,
2026-03-12 07:00:00,Thursday,7,0.032,0.763,0.000,0.000,0.034,0.000,0.829,
2026-03-12 08:00:00,Thursday,8,0.029,0.627,0.000,0.000,0.067,0.000,0.723,
2026-03-12 09:00:00,Thursday,9,0.030,0.660,0.000,0.000,0.000,0.000,0.690,
2026-03-12 10:00:00,Thursday,10,0.029,0.564,0.000,0.000,0.000,0.000,0.593,
2026-03-12 11:00:00,Thursday,11,0.021,0.604,0.000,0.000,0.000,0.000,0.625,
2026-03-12 12:00:00,Thursday,12,0.024,0.557,0.000,0.000,0.000,0.000,0.581,
2026-03-12 13:00:00,Thursday,13,0.022,0.508,0.000,0.000,0.000,0.000,0.530,
2026-03-12 14:00:00,Thursday,14,0.029,0.448,0.000,0.000,0.000,0.000,0.477,
2026-03-12 15:00:00,Thursday,15,0.021,0.455,0.000,0.000,0.000,0.000,0.476,
2026-03-12 16:00:00,Thursday,16,0.025,0.495,0.000,0.000,0.000,0.000,0.520,
2026-03-12 17:00:00,Thursday,17,0.033,0.498,0.000,0.385,0.064,0.000,0.980,
2026-03-12 18:00:00,Thursday,18,0.031,0.514,0.076,0.000,0.068,0.000,0.689,
2026-03-12 19:00:00,Thursday,19,0.022,0.524,0.067,0.000,0.038,0.000,0.651,
2026-03-12 20:00:00,Thursday,20,0.029,0.449,0.093,0.000,0.051,0.329,0.951,zmywarka
2026-03-12 21:00:00,Thursday,21,0.028,0.454,0.098,0.000,0.063,0.000,0.643,
2026-03-12 22:00:00,Thursday,22,0.025,0.473,0.110,0.000,0.038,0.000,0.646,
2026-03-12 23:00:00,Thursday,23,0.020,0.489,0.000,0.000,0.000,0.000,0.509,
2026-03-13 00:00:00,Friday,0,0.022,0.404,0.000,0.000,0.000,0.000,0.426,
2026-03-13 01:00:00,Friday,1,0.023,0.435,0.000,0.000,0.000,0.000,0.458,
2026-03-13 02:00:00,Friday,2,0.024,0.427,0.000,0.000,0.000,0.000,0.451,
2026-03-13 03:00:00,Friday,3,0.035,0.458,0.000,0.000,0.000,0.000,0.493,
2026-03-13 04:00:00,Friday,4,0.026,0.515,0.000,0.000,0.000,0.000,0.541,
2026-03-13 05:00:00,Friday,5,0.031,0.545,0.000,0.000,0.000,0.000,0.576,
2026-03-13 06:00:00,Friday,6,0.028,0.621,0.106,0.000,0.040,0.000,0.795,
2026-03-13 07:00:00,Friday,7,0.033,0.544,0.000,0.000,0.034,0.000,0.611,
2026-03-13 08:00:00,Friday,8,0.033,0.594,0.000,0.000,0.034,0.000,0.661,
2026-03-13 09:00:00,Friday,9,0.030,0.528,0.000,0.000,0.076,0.000,0.634,praca zdalna
2026-03-13 10:00:00,Friday,10,0.035,0.622,0.000,0.000,0.124,0.000,0.781,praca zdalna
2026-03-13 11:00:00,Friday,11,0.033,0.497,0.000,0.000,0.083,0.000,0.613,praca zdalna
2026-03-13 12:00:00,Friday,12,0.025,0.530,0.000,0.000,0.102,0.000,0.657,praca zdalna
2026-03-13 13:00:00,Friday,13,0.028,0.452,0.000,0.000,0.132,0.000,0.612,praca zdalna
2026-03-13 14:00:00,Friday,14,0.029,0.530,0.000,0.000,0.126,0.000,0.685,praca zdalna
2026-03-13 15:00:00,Friday,15,0.022,0.498,0.000,0.000,0.121,0.000,0.641,praca zdalna
2026-03-13 16:00:00,Friday,16,0.034,0.407,0.000,0.000,0.123,0.000,0.564,praca zdalna
2026-03-13 17:00:00,Friday,17,0.024,0.463,0.000,0.416,0.055,0.000,0.958,
2026-03-13 18:00:00,Friday,18,0.035,0.558,0.080,0.000,0.046,0.000,0.719,
2026-03-13 19:00:00,Friday,19,0.031,0.592,0.086,0.000,0.053,0.000,0.762,
2026-03-13 20:00:00,Friday,20,0.032,0.549,0.067,0.000,0.042,0.000,0.690,
2026-03-13 21:00:00,Friday,21,0.032,0.569,0.115,0.000,0.042,0.000,0.758,
2026-03-13 22:00:00,Friday,22,0.028,0.627,0.070,0.000,0.052,0.000,0.777,
2026-03-13 23:00:00,Friday,23,0.028,0.592,0.000,0.000,0.000,0.000,0.620,
2026-03-14 00:00:00,Saturday,0,0.046,0.709,0.000,0.000,0.000,0.000,0.755,
2026-03-14 01:00:00,Saturday,1,0.031,0.627,0.000,0.000,0.000,0.000,0.658,
2026-03-14 02:00:00,Saturday,2,0.027,0.743,0.000,0.000,0.000,0.000,0.770,
2026-03-14 03:00:00,Saturday,3,0.029,0.630,0.000,0.000,0.000,0.000,0.659,
2026-03-14 04:00:00,Saturday,4,0.031,0.660,0.000,0.000,0.000,0.000,0.691,
2026-03-14 05:00:00,Saturday,5,0.021,0.572,0.000,0.000,0.000,0.000,0.593,
2026-03-14 06:00:00,Saturday,6,0.030,0.844,0.055,0.000,0.034,0.000,0.963,
2026-03-14 07:00:00,Saturday,7,0.025,0.646,0.000,0.000,0.044,0.000,0.715,
2026-03-14 08:00:00,Saturday,8,0.024,0.841,0.000,0.000,0.037,0.000,0.902,
2026-03-14 09:00:00,Saturday,9,0.029,0.898,0.000,0.000,0.000,0.000,0.927,
2026-03-14 10:00:00,Saturday,10,0.023,0.867,0.000,0.000,0.000,0.000,0.890,
2026-03-14 11:00:00,Saturday,11,0.030,0.905,0.000,0.000,0.000,0.000,0.935,
2026-03-14 12:00:00,Saturday,12,0.028,0.671,0.000,0.000,0.000,0.000,0.699,
2026-03-14 13:00:00,Saturday,13,0.031,0.683,0.000,0.000,0.000,0.000,0.714,
2026-03-14 14:00:00,Saturday,14,0.034,0.641,0.000,0.000,0.000,0.000,0.675,
2026-03-14 15:00:00,Saturday,15,0.028,0.592,0.000,0.000,0.000,0.000,0.620,
2026-03-14 16:00:00,Saturday,16,0.032,0.643,0.000,0.000,0.000,0.000,0.675,
2026-03-14 17:00:00,Saturday,17,0.029,0.524,0.000,0.261,0.049,0.000,0.863,
2026-03-14 18:00:00,Saturday,18,0.021,0.661,0.048,0.000,0.040,0.000,0.770,
2026-03-14 19:00:00,Saturday,19,0.026,0.625,0.090,0.000,0.059,0.000,0.800,
2026-03-14 20:00:00,Saturday,20,0.024,0.710,0.080,0.000,0.044,0.000,0.858,
2026-03-14 21:00:00,Saturday,21,0.032,0.680,0.077,0.000,0.053,0.000,0.842,
2026-03-14 22:00:00,Saturday,22,0.025,0.736,0.098,0.000,0.046,0.000,0.905,
2026-03-14 23:00:00,Saturday,23,0.039,0.766,0.000,0.000,0.000,0.000,0.805,
2026-03-15 00:00:00,Sunday,0,0.021,0.696,0.000,0.000,0.000,0.000,0.717,
2026-03-15 01:00:00,Sunday,1,0.034,0.641,0.000,0.000,0.000,0.000,0.675,
2026-03-15 02:00:00,Sunday,2,0.036,0.720,0.000,0.000,0.000,0.000,0.756,
2026-03-15 03:00:00,Sunday,3,0.022,0.581,0.000,0.000,0.000,0.000,0.603,
2026-03-15 04:00:00,Sunday,4,0.036,0.571,0.000,0.000,0.000,0.000,0.607,
2026-03-15 05:00:00,Sunday,5,0.023,0.644,0.000,0.000,0.000,0.000,0.667,
2026-03-15 06:00:00,Sunday,6,0.028,0.796,0.044,0.000,0.037,0.000,0.905,
2026-03-15 07:00:00,Sunday,7,0.028,0.648,0.000,0.000,0.032,0.000,0.708,
2026-03-15 08:00:00,Sunday,8,0.033,0.760,0.000,0.000,0.040,0.000,0.833,
2026-03-15 09:00:00,Sunday,9,0.030,0.625,0.000,0.000,0.000,0.000,0.655,
2026-03-15 10:00:00,Sunday,10,0.032,0.616,0.000,0.000,0.000,0.000,0.648,
2026-03-15 11:00:00,Sunday,11,0.023,0.635,0.000,0.000,0.000,0.000,0.658,
2026-03-15 12:00:00,Sunday,12,0.021,0.517,0.000,0.000,0.000,0.000,0.538,
2026-03-15 13:00:00,Sunday,13,0.026,0.580,0.000,0.000,0.000,0.430,1.036,zmywarka
2026-03-15 14:00:00,Sunday,14,0.030,0.516,0.000,0.000,0.000,0.000,0.546,
2026-03-15 15:00:00,Sunday,15,0.021,0.488,0.000,0.000,0.000,0.000,0.509,
2026-03-15 16:00:00,Sunday,16,0.033,0.523,0.000,0.000,0.000,0.000,0.556,
2026-03-15 17:00:00,Sunday,17,0.028,0.491,0.000,0.372,0.065,0.000,0.956,
2026-03-15 18:00:00,Sunday,18,0.028,0.520,0.042,0.000,0.063,0.000,0.653,
2026-03-15 19:00:00,Sunday,19,0.028,0.634,0.100,0.000,0.064,0.000,0.826,
2026-03-15 20:00:00,Sunday,20,0.033,0.711,0.112,0.000,0.034,0.000,0.890,
2026-03-15 21:00:00,Sunday,21,0.022,0.677,0.082,0.000,0.047,0.000,0.828,
2026-03-15 22:00:00,Sunday,22,0.027,0.601,0.099,0.000,0.061,0.000,0.788,
2026-03-15 23:00:00,Sunday,23,0.027,0.553,0.000,0.000,0.000,0.000,0.580,
2026-03-16 00:00:00,Monday,0,0.041,0.542,0.000,0.000,0.000,0.000,0.583,
2026-03-16 01:00:00,Monday,1,0.036,0.560,0.000,0.000,0.000,0.000,0.596,
2026-03-16 02:00:00,Monday,2,0.043,0.579,0.000,0.000,0.000,0.000,0.622,
2026-03-16 03:00:00,Monday,3,0.024,0.732,0.000,0.000,0.000,0.000,0.756,
2026-03-16 04:00:00,Monday,4,0.020,0.641,0.000,0.000,0.000,0.000,0.661,
2026-03-16 05:00:00,Monday,5,0.034,0.564,0.000,0.000,0.000,0.000,0.598,
2026-03-16 06:00:00,Monday,6,0.031,0.790,0.077,0.000,0.057,0.000,0.955,
2026-03-16 07:00:00,Monday,7,0.021,0.753,0.000,0.000,0.060,0.000,0.834,
2026-03-16 08:00:00,Monday,8,0.033,0.788,0.000,0.000,0.056,0.000,0.877,
2026-03-16 09:00:00,Monday,9,0.028,0.723,0.000,0.000,0.000,0.000,0.751,
2026-03-16 10:00:00,Monday,10,0.027,0.621,0.000,0.000,0.000,0.000,0.648,
2026-03-16 11:00:00,Monday,11,0.036,0.697,0.000,0.000,0.000,0.000,0.733,
2026-03-16 12:00:00,Monday,12,0.033,0.733,0.000,0.000,0.000,0.000,0.766,
2026-03-16 13:00:00,Monday,13,0.030,0.578,0.000,0.000,0.000,0.000,0.608,
2026-03-16 14:00:00,Monday,14,0.031,0.748,0.000,0.000,0.000,0.000,0.779,
2026-03-16 15:00:00,Monday,15,0.030,0.687,0.000,0.000,0.000,0.000,0.717,
2026-03-16 16:00:00,Monday,16,0.027,0.662,0.000,0.000,0.000,0.000,0.689,
2026-03-16 17:00:00,Monday,17,0.027,0.783,0.000,0.000,0.031,0.000,0.841,
2026-03-16 18:00:00,Monday,18,0.023,0.823,0.052,0.398,0.050,0.000,1.346,
2026-03-16 19:00:00,Monday,19,0.031,0.804,0.093,0.000,0.068,0.000,0.996,
2026-03-16 20:00:00,Monday,20,0.028,0.818,0.044,0.000,0.055,0.392,1.337,zmywarka
2026-03-16 21:00:00,Monday,21,0.033,0.744,0.105,0.000,0.049,0.000,0.931,
2026-03-16 22:00:00,Monday,22,0.032,0.745,0.087,0.000,0.059,0.000,0.923,
2026-03-16 23:00:00,Monday,23,0.035,0.671,0.000,0.000,0.000,0.000,0.706,
2026-03-17 00:00:00,Tuesday,0,0.045,0.669,0.000,0.000,0.000,0.000,0.714,
2026-03-17 01:00:00,Tuesday,1,0.035,0.646,0.000,0.000,0.000,0.000,0.681,
2026-03-17 02:00:00,Tuesday,2,0.028,0.768,0.000,0.000,0.000,0.000,0.796,
2026-03-17 03:00:00,Tuesday,3,0.045,0.844,0.000,0.000,0.000,0.000,0.889,
2026-03-17 04:00:00,Tuesday,4,0.036,0.740,0.000,0.000,0.000,0.000,0.776,
2026-03-17 05:00:00,Tuesday,5,0.022,0.704,0.000,0.000,0.000,0.000,0.726,
2026-03-17 06:00:00,Tuesday,6,0.030,0.952,0.077,0.000,0.049,0.000,1.108,
2026-03-17 07:00:00,Tuesday,7,0.028,0.880,0.000,0.000,0.054,0.000,0.962,
2026-03-17 08:00:00,Tuesday,8,0.030,1.045,0.000,0.000,0.058,0.000,1.133,
2026-03-17 09:00:00,Tuesday,9,0.023,0.856,0.000,0.000,0.000,0.000,0.879,
2026-03-17 10:00:00,Tuesday,10,0.029,0.796,0.000,0.000,0.000,0.000,0.825,
2026-03-17 11:00:00,Tuesday,11,0.025,0.616,0.000,0.000,0.000,0.000,0.641,
2026-03-17 12:00:00,Tuesday,12,0.024,0.649,0.000,0.000,0.000,0.000,0.673,
2026-03-17 13:00:00,Tuesday,13,0.021,0.539,0.000,0.000,0.000,0.356,0.916,pralka
2026-03-17 14:00:00,Tuesday,14,0.036,0.698,0.000,0.000,0.000,0.615,1.349,suszarka
2026-03-17 15:00:00,Tuesday,15,0.022,0.605,0.000,0.000,0.000,0.000,0.627,
2026-03-17 16:00:00,Tuesday,16,0.024,0.590,0.000,0.000,0.000,0.000,0.614,
2026-03-17 17:00:00,Tuesday,17,0.029,0.592,0.000,0.000,0.040,0.000,0.661,
2026-03-17 18:00:00,Tuesday,18,0.026,0.756,0.097,0.640,0.067,0.000,1.586,
2026-03-17 19:00:00,Tuesday,19,0.022,0.797,0.061,0.000,0.047,0.389,1.316,zmywarka
2026-03-17 20:00:00,Tuesday,20,0.024,0.684,0.054,0.000,0.032,0.000,0.794,
2026-03-17 21:00:00,Tuesday,21,0.022,0.762,0.053,0.000,0.041,0.000,0.878,
2026-03-17 22:00:00,Tuesday,22,0.032,0.800,0.072,0.000,0.048,0.000,0.952,
2026-03-17 23:00:00,Tuesday,23,0.038,0.666,0.000,0.000,0.000,0.000,0.704,
2026-03-18 00:00:00,Wednesday,0,0.029,0.694,0.000,0.000,0.000,0.000,0.723,
2026-03-18 01:00:00,Wednesday,1,0.028,0.745,0.000,0.000,0.000,0.000,0.773,
2026-03-18 02:00:00,Wednesday,2,0.022,0.733,0.000,0.000,0.000,0.000,0.755,
2026-03-18 03:00:00,Wednesday,3,0.032,0.585,0.000,0.000,0.000,0.000,0.617,
2026-03-18 04:00:00,Wednesday,4,0.030,0.626,0.000,0.000,0.000,0.000,0.656,
2026-03-18 05:00:00,Wednesday,5,0.032,0.686,0.000,0.000,0.000,0.000,0.718,
2026-03-18 06:00:00,Wednesday,6,0.026,0.788,0.042,0.000,0.062,0.000,0.918,
2026-03-18 07:00:00,Wednesday,7,0.023,0.744,0.000,0.000,0.059,0.000,0.826,
2026-03-18 08:00:00,Wednesday,8,0.036,0.722,0.000,0.000,0.030,0.000,0.788,
2026-03-18 09:00:00,Wednesday,9,0.026,0.733,0.000,0.000,0.000,0.000,0.759,
2026-03-18 10:00:00,Wednesday,10,0.031,0.643,0.000,0.000,0.000,0.264,0.938,pralka
2026-03-18 11:00:00,Wednesday,11,0.030,0.522,0.000,0.000,0.000,0.862,1.414,suszarka
2026-03-18 12:00:00,Wednesday,12,0.021,0.635,0.000,0.000,0.000,0.000,0.656,
2026-03-18 13:00:00,Wednesday,13,0.031,0.503,0.000,0.000,0.000,0.000,0.534,
2026-03-18 14:00:00,Wednesday,14,0.022,0.649,0.000,0.000,0.000,0.000,0.671,
2026-03-18 15:00:00,Wednesday,15,0.028,0.556,0.000,0.000,0.000,0.000,0.584,
2026-03-18 16:00:00,Wednesday,16,0.032,0.549,0.000,0.000,0.000,0.000,0.581,
2026-03-18 17:00:00,Wednesday,17,0.030,0.566,0.000,0.000,0.064,0.000,0.660,
2026-03-18 18:00:00,Wednesday,18,0.036,0.629,0.080,0.417,0.043,0.000,1.205,
2026-03-18 19:00:00,Wednesday,19,0.026,0.718,0.102,0.000,0.049,0.000,0.895,
2026-03-18 20:00:00,Wednesday,20,0.028,0.667,0.080,0.000,0.041,0.347,1.163,zmywarka
2026-03-18 21:00:00,Wednesday,21,0.031,0.592,0.100,0.000,0.048,0.000,0.771,
2026-03-18 22:00:00,Wednesday,22,0.020,0.557,0.097,0.000,0.033,0.000,0.707,
2026-03-18 23:00:00,Wednesday,23,0.030,0.563,0.000,0.000,0.000,0.000,0.593,
2026-03-19 00:00:00,Thursday,0,0.033,0.508,0.000,0.000,0.000,0.000,0.541,wyjazd / nieobecność
2026-03-19 01:00:00,Thursday,1,0.023,0.537,0.000,0.000,0.000,0.000,0.560,wyjazd / nieobecność
2026-03-19 02:00:00,Thursday,2,0.027,0.545,0.000,0.000,0.000,0.000,0.572,wyjazd / nieobecność
2026-03-19 03:00:00,Thursday,3,0.021,0.505,0.000,0.000,0.000,0.000,0.526,wyjazd / nieobecność
2026-03-19 04:00:00,Thursday,4,0.032,0.547,0.000,0.000,0.000,0.000,0.579,wyjazd / nieobecność
2026-03-19 05:00:00,Thursday,5,0.026,0.632,0.000,0.000,0.000,0.000,0.658,wyjazd / nieobecność
2026-03-19 06:00:00,Thursday,6,0.026,0.605,0.000,0.000,0.000,0.000,0.631,wyjazd / nieobecność
2026-03-19 07:00:00,Thursday,7,0.031,0.508,0.000,0.000,0.000,0.000,0.539,wyjazd / nieobecność
2026-03-19 08:00:00,Thursday,8,0.034,0.529,0.000,0.000,0.000,0.000,0.563,wyjazd / nieobecność
2026-03-19 09:00:00,Thursday,9,0.024,0.532,0.000,0.000,0.040,0.000,0.596,wyjazd / nieobecność; praca zdalna
2026-03-19 10:00:00,Thursday,10,0.021,0.451,0.000,0.000,0.078,0.000,0.550,wyjazd / nieobecność; praca zdalna
2026-03-19 11:00:00,Thursday,11,0.033,0.320,0.000,0.000,0.038,0.000,0.391,wyjazd / nieobecność; praca zdalna
2026-03-19 12:00:00,Thursday,12,0.031,0.282,0.000,0.000,0.066,0.000,0.379,wyjazd / nieobecność; praca zdalna
2026-03-19 13:00:00,Thursday,13,0.034,0.274,0.000,0.000,0.078,0.000,0.386,wyjazd / nieobecność; praca zdalna
2026-03-19 14:00:00,Thursday,14,0.034,0.226,0.000,0.000,0.060,0.000,0.320,wyjazd / nieobecność; praca zdalna
2026-03-19 15:00:00,Thursday,15,0.024,0.201,0.000,0.000,0.057,0.000,0.282,wyjazd / nieobecność; praca zdalna
2026-03-19 16:00:00,Thursday,16,0.031,0.222,0.000,0.000,0.042,0.000,0.295,wyjazd / nieobecność; praca zdalna
2026-03-19 17:00:00,Thursday,17,0.026,0.309,0.000,0.000,0.000,0.000,0.335,wyjazd / nieobecność
2026-03-19 18:00:00,Thursday,18,0.027,0.348,0.000,0.000,0.000,0.000,0.375,wyjazd / nieobecność
2026-03-19 19:00:00,Thursday,19,0.025,0.403,0.000,0.000,0.000,0.000,0.428,wyjazd / nieobecność
2026-03-19 20:00:00,Thursday,20,0.026,0.356,0.000,0.000,0.000,0.000,0.382,wyjazd / nieobecność
2026-03-19 21:00:00,Thursday,21,0.036,0.413,0.000,0.000,0.000,0.000,0.449,wyjazd / nieobecność
2026-03-19 22:00:00,Thursday,22,0.036,0.382,0.000,0.000,0.000,0.000,0.418,wyjazd / nieobecność
2026-03-19 23:00:00,Thursday,23,0.022,0.510,0.000,0.000,0.000,0.000,0.532,wyjazd / nieobecność
2026-03-20 00:00:00,Friday,0,0.032,0.594,0.000,0.000,0.000,0.000,0.626,
2026-03-20 01:00:00,Friday,1,0.034,0.643,0.000,0.000,0.000,0.000,0.677,
2026-03-20 02:00:00,Friday,2,0.032,0.595,0.000,0.000,0.000,0.000,0.627,
2026-03-20 03:00:00,Friday,3,0.025,0.637,0.000,0.000,0.000,0.000,0.662,
2026-03-20 04:00:00,Friday,4,0.028,0.810,0.000,0.000,0.000,0.000,0.838,
2026-03-20 05:00:00,Friday,5,0.026,0.736,0.000,0.000,0.000,0.000,0.762,
2026-03-20 06:00:00,Friday,6,0.026,0.765,0.093,0.000,0.050,0.000,0.934,
2026-03-20 07:00:00,Friday,7,0.032,0.711,0.000,0.000,0.049,0.000,0.792,
2026-03-20 08:00:00,Friday,8,0.025,0.787,0.000,0.000,0.062,0.000,0.874,
2026-03-20 09:00:00,Friday,9,0.030,0.746,0.000,0.000,0.000,0.000,0.776,
2026-03-20 10:00:00,Friday,10,0.028,0.883,0.000,0.000,0.000,0.000,0.911,
2026-03-20 11:00:00,Friday,11,0.031,0.687,0.000,0.000,0.000,0.000,0.718,
2026-03-20 12:00:00,Friday,12,0.021,0.790,0.000,0.000,0.000,0.000,0.811,
2026-03-20 13:00:00,Friday,13,0.034,0.704,0.000,0.000,0.000,0.000,0.738,
2026-03-20 14:00:00,Friday,14,0.030,0.528,0.000,0.000,0.000,0.000,0.558,
2026-03-20 15:00:00,Friday,15,0.028,0.472,0.000,0.000,0.000,0.000,0.500,
2026-03-20 16:00:00,Friday,16,0.022,0.419,0.000,0.000,0.000,0.000,0.441,
2026-03-20 17:00:00,Friday,17,0.036,0.474,0.000,0.000,0.056,0.000,0.566,
2026-03-20 18:00:00,Friday,18,0.020,0.556,0.106,0.588,0.053,0.000,1.323,
2026-03-20 19:00:00,Friday,19,0.022,0.733,0.044,0.000,0.043,0.000,0.842,
2026-03-20 20:00:00,Friday,20,0.026,0.692,0.098,0.000,0.043,0.000,0.859,
2026-03-20 21:00:00,Friday,21,0.026,0.710,0.120,0.000,0.055,0.000,0.911,
2026-03-20 22:00:00,Friday,22,0.032,0.737,0.045,0.000,0.031,0.000,0.845,
2026-03-20 23:00:00,Friday,23,0.030,0.778,0.000,0.000,0.000,0.000,0.808,
2026-03-21 00:00:00,Saturday,0,0.039,0.732,0.000,0.000,0.000,0.000,0.771,
2026-03-21 01:00:00,Saturday,1,0.033,0.833,0.000,0.000,0.000,0.000,0.866,
2026-03-21 02:00:00,Saturday,2,0.027,0.817,0.000,0.000,0.000,0.000,0.844,
2026-03-21 03:00:00,Saturday,3,0.034,0.634,0.000,0.000,0.000,0.000,0.668,
2026-03-21 04:00:00,Saturday,4,0.024,0.702,0.000,0.000,0.000,0.000,0.726,
2026-03-21 05:00:00,Saturday,5,0.030,0.773,0.000,0.000,0.000,0.000,0.803,
2026-03-21 06:00:00,Saturday,6,0.020,0.952,0.094,0.000,0.059,0.000,1.125,
2026-03-21 07:00:00,Saturday,7,0.030,0.853,0.000,0.000,0.042,0.000,0.925,
2026-03-21 08:00:00,Saturday,8,0.026,0.842,0.000,0.000,0.050,0.000,0.918,
2026-03-21 09:00:00,Saturday,9,0.027,0.965,0.000,0.000,0.000,0.000,0.992,
2026-03-21 10:00:00,Saturday,10,0.024,0.795,0.000,0.000,0.000,0.000,0.819,
2026-03-21 11:00:00,Saturday,11,0.032,0.664,0.000,0.000,0.000,0.342,1.038,pralka
2026-03-21 12:00:00,Saturday,12,0.032,0.730,0.000,0.000,0.000,0.000,0.762,
2026-03-21 13:00:00,Saturday,13,0.026,0.672,0.000,0.000,0.000,0.405,1.103,zmywarka
2026-03-21 14:00:00,Saturday,14,0.022,0.606,0.000,0.000,0.000,0.000,0.628,
2026-03-21 15:00:00,Saturday,15,0.023,0.677,0.000,0.000,0.000,0.000,0.700,
2026-03-21 16:00:00,Saturday,16,0.027,0.640,0.000,0.000,0.000,0.000,0.667,
2026-03-21 17:00:00,Saturday,17,0.036,0.632,0.000,0.724,0.059,0.000,1.451,
2026-03-21 18:00:00,Saturday,18,0.036,0.731,0.095,0.000,0.038,0.000,0.900,
2026-03-21 19:00:00,Saturday,19,0.036,0.790,0.064,0.000,0.058,0.000,0.948,
2026-03-21 20:00:00,Saturday,20,0.028,0.749,0.082,0.000,0.054,0.000,0.913,
2026-03-21 21:00:00,Saturday,21,0.035,0.723,0.046,0.000,0.031,0.000,0.835,
2026-03-21 22:00:00,Saturday,22,0.024,0.676,0.113,0.000,0.036,0.000,0.849,
2026-03-21 23:00:00,Saturday,23,0.022,0.641,0.000,0.000,0.000,0.000,0.663,
2026-03-22 00:00:00,Sunday,0,0.029,0.514,0.000,0.000,0.000,0.000,0.543,wyjazd / nieobecność
2026-03-22 01:00:00,Sunday,1,0.029,0.543,0.000,0.000,0.000,0.000,0.572,wyjazd / nieobecność
2026-03-22 02:00:00,Sunday,2,0.035,0.669,0.000,0.000,0.000,0.000,0.704,wyjazd / nieobecność
2026-03-22 03:00:00,Sunday,3,0.024,0.731,0.000,0.000,0.000,0.000,0.755,wyjazd / nieobecność
2026-03-22 04:00:00,Sunday,4,0.034,0.729,0.000,0.000,0.000,0.000,0.763,wyjazd / nieobecność
2026-03-22 05:00:00,Sunday,5,0.022,0.562,0.000,0.000,0.000,0.000,0.584,wyjazd / nieobecność
2026-03-22 06:00:00,Sunday,6,0.026,0.583,0.000,0.000,0.000,0.000,0.609,wyjazd / nieobecność
2026-03-22 07:00:00,Sunday,7,0.022,0.535,0.000,0.000,0.000,0.000,0.557,wyjazd / nieobecność
2026-03-22 08:00:00,Sunday,8,0.029,0.543,0.000,0.000,0.000,0.000,0.572,wyjazd / nieobecność
2026-03-22 09:00:00,Sunday,9,0.034,0.465,0.000,0.000,0.000,0.000,0.499,wyjazd / nieobecność
2026-03-22 10:00:00,Sunday,10,0.033,0.578,0.000,0.000,0.000,0.000,0.611,wyjazd / nieobecność
2026-03-22 11:00:00,Sunday,11,0.024,0.466,0.000,0.000,0.000,0.000,0.490,wyjazd / nieobecność
2026-03-22 12:00:00,Sunday,12,0.024,0.509,0.000,0.000,0.000,0.000,0.533,wyjazd / nieobecność
2026-03-22 13:00:00,Sunday,13,0.028,0.440,0.000,0.000,0.000,0.000,0.468,wyjazd / nieobecność
2026-03-22 14:00:00,Sunday,14,0.028,0.372,0.000,0.000,0.000,0.000,0.400,wyjazd / nieobecność
2026-03-22 15:00:00,Sunday,15,0.028,0.360,0.000,0.000,0.000,0.000,0.388,wyjazd / nieobecność
2026-03-22 16:00:00,Sunday,16,0.036,0.380,0.000,0.000,0.000,0.000,0.416,wyjazd / nieobecność
2026-03-22 17:00:00,Sunday,17,0.022,0.406,0.000,0.000,0.000,0.000,0.428,wyjazd / nieobecność
2026-03-22 18:00:00,Sunday,18,0.032,0.430,0.000,0.000,0.000,0.000,0.462,wyjazd / nieobecność
2026-03-22 19:00:00,Sunday,19,0.024,0.516,0.000,0.000,0.000,0.000,0.540,wyjazd / nieobecność
2026-03-22 20:00:00,Sunday,20,0.027,0.499,0.000,0.000,0.000,0.000,0.526,wyjazd / nieobecność
2026-03-22 21:00:00,Sunday,21,0.027,0.452,0.000,0.000,0.000,0.000,0.479,wyjazd / nieobecność
2026-03-22 22:00:00,Sunday,22,0.024,0.567,0.000,0.000,0.000,0.000,0.591,wyjazd / nieobecność
2026-03-22 23:00:00,Sunday,23,0.025,0.525,0.000,0.000,0.000,0.000,0.550,wyjazd / nieobecność
2026-03-23 00:00:00,Monday,0,0.038,0.537,0.000,0.000,0.000,0.000,0.575,
2026-03-23 01:00:00,Monday,1,0.033,0.556,0.000,0.000,0.000,0.000,0.589,
2026-03-23 02:00:00,Monday,2,0.031,0.694,0.000,0.000,0.000,0.000,0.725,
2026-03-23 03:00:00,Monday,3,0.036,0.748,0.000,0.000,0.000,0.000,0.784,
2026-03-23 04:00:00,Monday,4,0.032,0.703,0.000,0.000,0.000,0.000,0.735,
2026-03-23 05:00:00,Monday,5,0.040,0.681,0.000,0.000,0.000,0.000,0.721,
2026-03-23 06:00:00,Monday,6,0.026,0.707,0.114,0.000,0.046,0.000,0.893,
2026-03-23 07:00:00,Monday,7,0.022,0.663,0.000,0.000,0.042,0.000,0.727,
2026-03-23 08:00:00,Monday,8,0.024,0.894,0.000,0.000,0.053,0.000,0.971,
2026-03-23 09:00:00,Monday,9,0.022,0.844,0.000,0.000,0.075,0.000,0.941,praca zdalna
2026-03-23 10:00:00,Monday,10,0.034,0.747,0.000,0.000,0.105,0.000,0.886,praca zdalna
2026-03-23 11:00:00,Monday,11,0.030,0.514,0.000,0.000,0.114,0.000,0.658,praca zdalna
2026-03-23 12:00:00,Monday,12,0.022,0.600,0.000,0.000,0.110,0.000,0.732,praca zdalna
2026-03-23 13:00:00,Monday,13,0.032,0.572,0.000,0.000,0.096,0.000,0.700,praca zdalna
2026-03-23 14:00:00,Monday,14,0.028,0.394,0.000,0.000,0.078,0.000,0.500,praca zdalna
2026-03-23 15:00:00,Monday,15,0.035,0.450,0.000,0.000,0.132,0.000,0.617,praca zdalna
2026-03-23 16:00:00,Monday,16,0.030,0.389,0.000,0.000,0.102,0.000,0.521,praca zdalna
2026-03-23 17:00:00,Monday,17,0.032,0.502,0.000,0.000,0.058,0.000,0.592,
2026-03-23 18:00:00,Monday,18,0.032,0.478,0.100,0.592,0.067,0.000,1.269,
2026-03-23 19:00:00,Monday,19,0.032,0.620,0.110,0.000,0.069,0.465,1.296,zmywarka
2026-03-23 20:00:00,Monday,20,0.033,0.522,0.094,0.000,0.066,0.000,0.715,
2026-03-23 21:00:00,Monday,21,0.032,0.534,0.085,0.000,0.058,0.000,0.709,
2026-03-23 22:00:00,Monday,22,0.023,0.545,0.098,0.000,0.047,0.000,0.713,
2026-03-23 23:00:00,Monday,23,0.036,0.666,0.000,0.000,0.000,0.000,0.702,
2026-03-24 00:00:00,Tuesday,0,0.021,0.479,0.000,0.000,0.000,0.000,0.500,wyjazd / nieobecność
2026-03-24 01:00:00,Tuesday,1,0.033,0.583,0.000,0.000,0.000,0.000,0.616,wyjazd / nieobecność
2026-03-24 02:00:00,Tuesday,2,0.033,0.482,0.000,0.000,0.000,0.000,0.515,wyjazd / nieobecność
2026-03-24 03:00:00,Tuesday,3,0.033,0.497,0.000,0.000,0.000,0.000,0.530,wyjazd / nieobecność
2026-03-24 04:00:00,Tuesday,4,0.033,0.495,0.000,0.000,0.000,0.000,0.528,wyjazd / nieobecność
2026-03-24 05:00:00,Tuesday,5,0.027,0.492,0.000,0.000,0.000,0.000,0.519,wyjazd / nieobecność
2026-03-24 06:00:00,Tuesday,6,0.031,0.578,0.000,0.000,0.000,0.000,0.609,wyjazd / nieobecność
2026-03-24 07:00:00,Tuesday,7,0.029,0.447,0.000,0.000,0.000,0.000,0.476,wyjazd / nieobecność
2026-03-24 08:00:00,Tuesday,8,0.031,0.452,0.000,0.000,0.000,0.000,0.483,wyjazd / nieobecność
2026-03-24 09:00:00,Tuesday,9,0.028,0.410,0.000,0.000,0.000,0.000,0.438,wyjazd / nieobecność
2026-03-24 10:00:00,Tuesday,10,0.024,0.479,0.000,0.000,0.000,0.000,0.503,wyjazd / nieobecność
2026-03-24 11:00:00,Tuesday,11,0.030,0.390,0.000,0.000,0.000,0.000,0.420,wyjazd / nieobecność
2026-03-24 12:00:00,Tuesday,12,0.026,0.353,0.000,0.000,0.000,0.000,0.379,wyjazd / nieobecność
2026-03-24 13:00:00,Tuesday,13,0.035,0.360,0.000,0.000,0.000,0.000,0.395,wyjazd / nieobecność
2026-03-24 14:00:00,Tuesday,14,0.030,0.384,0.000,0.000,0.000,0.000,0.414,wyjazd / nieobecność
2026-03-24 15:00:00,Tuesday,15,0.030,0.222,0.000,0.000,0.000,0.000,0.252,wyjazd / nieobecność
2026-03-24 16:00:00,Tuesday,16,0.033,0.189,0.000,0.000,0.000,0.000,0.222,wyjazd / nieobecność
2026-03-24 17:00:00,Tuesday,17,0.022,0.271,0.000,0.000,0.000,0.000,0.293,wyjazd / nieobecność
2026-03-24 18:00:00,Tuesday,18,0.024,0.248,0.000,0.000,0.000,0.000,0.272,wyjazd / nieobecność
2026-03-24 19:00:00,Tuesday,19,0.032,0.305,0.000,0.000,0.000,0.000,0.337,wyjazd / nieobecność
2026-03-24 20:00:00,Tuesday,20,0.033,0.288,0.000,0.000,0.000,0.000,0.321,wyjazd / nieobecność
2026-03-24 21:00:00,Tuesday,21,0.020,0.330,0.000,0.000,0.000,0.000,0.350,wyjazd / nieobecność
2026-03-24 22:00:00,Tuesday,22,0.036,0.306,0.000,0.000,0.000,0.000,0.342,wyjazd / nieobecność
2026-03-24 23:00:00,Tuesday,23,0.035,0.324,0.000,0.000,0.000,0.000,0.359,wyjazd / nieobecność
2026-03-25 00:00:00,Wednesday,0,0.037,0.395,0.000,0.000,0.000,0.000,0.432,
2026-03-25 01:00:00,Wednesday,1,0.031,0.388,0.000,0.000,0.000,0.000,0.419,
2026-03-25 02:00:00,Wednesday,2,0.027,0.350,0.000,0.000,0.000,0.000,0.377,
2026-03-25 03:00:00,Wednesday,3,0.040,0.361,0.000,0.000,0.000,0.000,0.401,
2026-03-25 04:00:00,Wednesday,4,0.034,0.384,0.000,0.000,0.000,0.000,0.418,
2026-03-25 05:00:00,Wednesday,5,0.028,0.510,0.000,0.000,0.000,0.000,0.538,
2026-03-25 06:00:00,Wednesday,6,0.022,0.466,0.078,0.000,0.056,0.000,0.622,
2026-03-25 07:00:00,Wednesday,7,0.035,0.540,0.000,0.000,0.064,0.000,0.639,
2026-03-25 08:00:00,Wednesday,8,0.028,0.508,0.000,0.000,0.069,0.000,0.605,
2026-03-25 09:00:00,Wednesday,9,0.028,0.458,0.000,0.000,0.135,0.000,0.621,praca zdalna
2026-03-25 10:00:00,Wednesday,10,0.024,0.489,0.000,0.000,0.142,0.000,0.655,praca zdalna
2026-03-25 11:00:00,Wednesday,11,0.020,0.550,0.000,0.000,0.099,0.000,0.669,praca zdalna
2026-03-25 12:00:00,Wednesday,12,0.033,0.523,0.000,0.000,0.106,0.000,0.662,praca zdalna
2026-03-25 13:00:00,Wednesday,13,0.022,0.558,0.000,0.000,0.136,0.000,0.716,praca zdalna
2026-03-25 14:00:00,Wednesday,14,0.032,0.519,0.000,0.000,0.120,0.000,0.671,praca zdalna
2026-03-25 15:00:00,Wednesday,15,0.021,0.482,0.000,0.000,0.142,0.000,0.645,praca zdalna
2026-03-25 16:00:00,Wednesday,16,0.031,0.491,0.000,0.000,0.075,0.000,0.597,praca zdalna
2026-03-25 17:00:00,Wednesday,17,0.030,0.555,0.000,0.422,0.068,0.000,1.075,
2026-03-25 18:00:00,Wednesday,18,0.021,0.481,0.064,0.000,0.046,0.000,0.612,
2026-03-25 19:00:00,Wednesday,19,0.022,0.591,0.079,0.000,0.046,0.377,1.115,zmywarka
2026-03-25 20:00:00,Wednesday,20,0.025,0.527,0.040,0.000,0.044,0.000,0.636,
2026-03-25 21:00:00,Wednesday,21,0.034,0.638,0.092,0.000,0.070,0.000,0.834,
2026-03-25 22:00:00,Wednesday,22,0.024,0.556,0.111,0.000,0.036,0.000,0.727,
2026-03-25 23:00:00,Wednesday,23,0.023,0.659,0.000,0.000,0.000,0.000,0.682,
2026-03-26 00:00:00,Thursday,0,0.024,0.636,0.000,0.000,0.000,0.000,0.660,
2026-03-26 01:00:00,Thursday,1,0.029,0.651,0.000,0.000,0.000,0.000,0.680,
2026-03-26 02:00:00,Thursday,2,0.032,0.606,0.000,0.000,0.000,0.000,0.638,
2026-03-26 03:00:00,Thursday,3,0.034,0.566,0.000,0.000,0.000,0.000,0.600,
2026-03-26 04:00:00,Thursday,4,0.032,0.615,0.000,0.000,0.000,0.000,0.647,
2026-03-26 05:00:00,Thursday,5,0.024,0.529,0.000,0.000,0.000,0.000,0.553,
2026-03-26 06:00:00,Thursday,6,0.029,0.788,0.047,0.000,0.068,0.000,0.932,
2026-03-26 07:00:00,Thursday,7,0.028,0.651,0.000,0.000,0.033,0.000,0.712,
2026-03-26 08:00:00,Thursday,8,0.027,0.654,0.000,0.000,0.055,0.000,0.736,
2026-03-26 09:00:00,Thursday,9,0.025,0.578,0.000,0.000,0.000,0.000,0.603,
2026-03-26 10:00:00,Thursday,10,0.023,0.649,0.000,0.000,0.000,0.000,0.672,
2026-03-26 11:00:00,Thursday,11,0.028,0.582,0.000,0.000,0.000,0.000,0.610,
2026-03-26 12:00:00,Thursday,12,0.025,0.589,0.000,0.000,0.000,0.000,0.614,
2026-03-26 13:00:00,Thursday,13,0.024,0.620,0.000,0.000,0.000,0.000,0.644,
2026-03-26 14:00:00,Thursday,14,0.026,0.480,0.000,0.000,0.000,0.000,0.506,
2026-03-26 15:00:00,Thursday,15,0.034,0.535,0.000,0.000,0.000,0.000,0.569,
2026-03-26 16:00:00,Thursday,16,0.026,0.561,0.000,0.000,0.000,0.000,0.587,
2026-03-26 17:00:00,Thursday,17,0.036,0.553,0.000,0.000,0.070,0.000,0.659,
2026-03-26 18:00:00,Thursday,18,0.036,0.536,0.055,0.287,0.032,0.000,0.946,
2026-03-26 19:00:00,Thursday,19,0.021,0.553,0.051,0.000,0.053,0.454,1.132,zmywarka
2026-03-26 20:00:00,Thursday,20,0.021,0.646,0.075,0.000,0.065,0.000,0.807,
2026-03-26 21:00:00,Thursday,21,0.029,0.683,0.067,0.000,0.068,0.000,0.847,
2026-03-26 22:00:00,Thursday,22,0.020,0.653,0.056,0.000,0.031,0.000,0.760,
2026-03-26 23:00:00,Thursday,23,0.027,0.659,0.000,0.000,0.000,0.000,0.686,
2026-03-27 00:00:00,Friday,0,0.035,0.697,0.000,0.000,0.000,0.000,0.732,
2026-03-27 01:00:00,Friday,1,0.029,0.626,0.000,0.000,0.000,0.000,0.655,
2026-03-27 02:00:00,Friday,2,0.030,0.803,0.000,0.000,0.000,0.000,0.833,
2026-03-27 03:00:00,Friday,3,0.034,0.780,0.000,0.000,0.000,0.000,0.814,
2026-03-27 04:00:00,Friday,4,0.027,0.640,0.000,0.000,0.000,0.000,0.667,
2026-03-27 05:00:00,Friday,5,0.041,0.840,0.000,0.000,0.000,0.000,0.881,
2026-03-27 06:00:00,Friday,6,0.025,0.916,0.065,0.000,0.041,0.000,1.047,
2026-03-27 07:00:00,Friday,7,0.032,0.931,0.000,0.000,0.045,0.000,1.008,
2026-03-27 08:00:00,Friday,8,0.032,0.947,0.000,0.000,0.044,0.000,1.023,
2026-03-27 09:00:00,Friday,9,0.030,0.756,0.000,0.000,0.000,0.000,0.786,
2026-03-27 10:00:00,Friday,10,0.028,0.603,0.000,0.000,0.000,0.000,0.631,
2026-03-27 11:00:00,Friday,11,0.026,0.511,0.000,0.000,0.000,0.000,0.537,
2026-03-27 12:00:00,Friday,12,0.028,0.445,0.000,0.000,0.000,0.000,0.473,
2026-03-27 13:00:00,Friday,13,0.035,0.522,0.000,0.000,0.000,0.000,0.557,
2026-03-27 14:00:00,Friday,14,0.028,0.571,0.000,0.000,0.000,0.000,0.599,
2026-03-27 15:00:00,Friday,15,0.027,0.513,0.000,0.000,0.000,0.000,0.540,
2026-03-27 16:00:00,Friday,16,0.034,0.449,0.000,0.000,0.000,0.000,0.483,
2026-03-27 17:00:00,Friday,17,0.035,0.575,0.000,0.426,0.035,0.000,1.071,
2026-03-27 18:00:00,Friday,18,0.028,0.463,0.089,0.000,0.046,0.000,0.626,
2026-03-27 19:00:00,Friday,19,0.036,0.648,0.072,0.000,0.066,0.000,0.822,
2026-03-27 20:00:00,Friday,20,0.022,0.502,0.084,0.000,0.055,0.322,0.985,zmywarka
2026-03-27 21:00:00,Friday,21,0.028,0.642,0.053,0.000,0.055,0.000,0.778,
2026-03-27 22:00:00,Friday,22,0.031,0.619,0.110,0.000,0.068,0.000,0.828,
2026-03-27 23:00:00,Friday,23,0.030,0.663,0.000,0.000,0.000,0.000,0.693,
2026-03-28 00:00:00,Saturday,0,0.030,0.514,0.000,0.000,0.000,0.000,0.544,wyjazd / nieobecność
2026-03-28 01:00:00,Saturday,1,0.028,0.488,0.000,0.000,0.000,0.000,0.516,wyjazd / nieobecność
2026-03-28 02:00:00,Saturday,2,0.035,0.450,0.000,0.000,0.000,0.000,0.485,wyjazd / nieobecność
2026-03-28 03:00:00,Saturday,3,0.034,0.489,0.000,0.000,0.000,0.000,0.523,wyjazd / nieobecność
2026-03-28 04:00:00,Saturday,4,0.024,0.512,0.000,0.000,0.000,0.000,0.536,wyjazd / nieobecność
2026-03-28 05:00:00,Saturday,5,0.030,0.437,0.000,0.000,0.000,0.000,0.467,wyjazd / nieobecność
2026-03-28 06:00:00,Saturday,6,0.021,0.450,0.000,0.000,0.000,0.000,0.471,wyjazd / nieobecność
2026-03-28 07:00:00,Saturday,7,0.022,0.551,0.000,0.000,0.000,0.000,0.573,wyjazd / nieobecność
2026-03-28 08:00:00,Saturday,8,0.027,0.502,0.000,0.000,0.000,0.000,0.529,wyjazd / nieobecność
2026-03-28 09:00:00,Saturday,9,0.023,0.538,0.000,0.000,0.000,0.000,0.561,wyjazd / nieobecność
2026-03-28 10:00:00,Saturday,10,0.024,0.423,0.000,0.000,0.000,0.000,0.447,wyjazd / nieobecność
2026-03-28 11:00:00,Saturday,11,0.024,0.414,0.000,0.000,0.000,0.000,0.438,wyjazd / nieobecność
2026-03-28 12:00:00,Saturday,12,0.021,0.517,0.000,0.000,0.000,0.000,0.538,wyjazd / nieobecność
2026-03-28 13:00:00,Saturday,13,0.022,0.440,0.000,0.000,0.000,0.000,0.462,wyjazd / nieobecność
2026-03-28 14:00:00,Saturday,14,0.031,0.444,0.000,0.000,0.000,0.000,0.475,wyjazd / nieobecność
2026-03-28 15:00:00,Saturday,15,0.032,0.392,0.000,0.000,0.000,0.000,0.424,wyjazd / nieobecność
2026-03-28 16:00:00,Saturday,16,0.021,0.362,0.000,0.000,0.000,0.000,0.383,wyjazd / nieobecność
2026-03-28 17:00:00,Saturday,17,0.024,0.426,0.000,0.000,0.000,0.000,0.450,wyjazd / nieobecność
2026-03-28 18:00:00,Saturday,18,0.027,0.492,0.000,0.000,0.000,0.000,0.519,wyjazd / nieobecność
2026-03-28 19:00:00,Saturday,19,0.024,0.423,0.000,0.000,0.000,0.000,0.447,wyjazd / nieobecność
2026-03-28 20:00:00,Saturday,20,0.032,0.474,0.000,0.000,0.000,0.000,0.506,wyjazd / nieobecność
2026-03-28 21:00:00,Saturday,21,0.026,0.395,0.000,0.000,0.000,0.000,0.421,wyjazd / nieobecność
2026-03-28 22:00:00,Saturday,22,0.027,0.491,0.000,0.000,0.000,0.000,0.518,wyjazd / nieobecność
2026-03-28 23:00:00,Saturday,23,0.029,0.519,0.000,0.000,0.000,0.000,0.548,wyjazd / nieobecność
2026-03-29 00:00:00,Sunday,0,0.022,0.480,0.000,0.000,0.000,0.000,0.502,wyjazd / nieobecność
2026-03-29 01:00:00,Sunday,1,0.035,0.543,0.000,0.000,0.000,0.000,0.578,wyjazd / nieobecność
2026-03-29 02:00:00,Sunday,2,0.034,0.506,0.000,0.000,0.000,0.000,0.540,wyjazd / nieobecność
2026-03-29 03:00:00,Sunday,3,0.021,0.552,0.000,0.000,0.000,0.000,0.573,wyjazd / nieobecność
2026-03-29 04:00:00,Sunday,4,0.026,0.575,0.000,0.000,0.000,0.000,0.601,wyjazd / nieobecność
2026-03-29 05:00:00,Sunday,5,0.021,0.650,0.000,0.000,0.000,0.000,0.671,wyjazd / nieobecność
2026-03-29 06:00:00,Sunday,6,0.028,0.699,0.000,0.000,0.000,0.000,0.727,wyjazd / nieobecność
2026-03-29 07:00:00,Sunday,7,0.025,0.658,0.000,0.000,0.000,0.000,0.683,wyjazd / nieobecność
2026-03-29 08:00:00,Sunday,8,0.033,0.711,0.000,0.000,0.000,0.000,0.744,wyjazd / nieobecność
2026-03-29 09:00:00,Sunday,9,0.033,0.558,0.000,0.000,0.000,0.000,0.591,wyjazd / nieobecność
2026-03-29 10:00:00,Sunday,10,0.021,0.544,0.000,0.000,0.000,0.000,0.565,wyjazd / nieobecność
2026-03-29 11:00:00,Sunday,11,0.034,0.407,0.000,0.000,0.000,0.000,0.441,wyjazd / nieobecność
2026-03-29 12:00:00,Sunday,12,0.030,0.393,0.000,0.000,0.000,0.000,0.423,wyjazd / nieobecność
2026-03-29 13:00:00,Sunday,13,0.029,0.388,0.000,0.000,0.000,0.000,0.417,wyjazd / nieobecność
2026-03-29 14:00:00,Sunday,14,0.029,0.346,0.000,0.000,0.000,0.000,0.375,wyjazd / nieobecność
2026-03-29 15:00:00,Sunday,15,0.035,0.332,0.000,0.000,0.000,0.000,0.367,wyjazd / nieobecność
2026-03-29 16:00:00,Sunday,16,0.024,0.318,0.000,0.000,0.000,0.000,0.342,wyjazd / nieobecność
2026-03-29 17:00:00,Sunday,17,0.027,0.336,0.000,0.000,0.000,0.000,0.363,wyjazd / nieobecność
2026-03-29 18:00:00,Sunday,18,0.034,0.398,0.000,0.000,0.000,0.000,0.432,wyjazd / nieobecność
2026-03-29 19:00:00,Sunday,19,0.020,0.402,0.000,0.000,0.000,0.000,0.422,wyjazd / nieobecność
2026-03-29 20:00:00,Sunday,20,0.032,0.351,0.000,0.000,0.000,0.000,0.383,wyjazd / nieobecność
2026-03-29 21:00:00,Sunday,21,0.022,0.374,0.000,0.000,0.000,0.000,0.396,wyjazd / nieobecność
2026-03-29 22:00:00,Sunday,22,0.026,0.429,0.000,0.000,0.000,0.000,0.455,wyjazd / nieobecność
2026-03-29 23:00:00,Sunday,23,0.021,0.486,0.000,0.000,0.000,0.000,0.507,wyjazd / nieobecność
2026-03-30 00:00:00,Monday,0,0.036,0.616,0.000,0.000,0.000,0.000,0.652,
2026-03-30 01:00:00,Monday,1,0.034,0.608,0.000,0.000,0.000,0.000,0.642,
2026-03-30 02:00:00,Monday,2,0.029,0.513,0.000,0.000,0.000,0.000,0.542,
2026-03-30 03:00:00,Monday,3,0.021,0.601,0.000,0.000,0.000,0.000,0.622,
2026-03-30 04:00:00,Monday,4,0.026,0.575,0.000,0.000,0.000,0.000,0.601,
2026-03-30 05:00:00,Monday,5,0.030,0.556,0.000,0.000,0.000,0.000,0.586,
2026-03-30 06:00:00,Monday,6,0.021,0.652,0.109,0.000,0.048,0.000,0.830,
2026-03-30 07:00:00,Monday,7,0.034,0.641,0.000,0.000,0.055,0.000,0.730,
2026-03-30 08:00:00,Monday,8,0.035,0.804,0.000,0.000,0.039,0.000,0.878,
2026-03-30 09:00:00,Monday,9,0.030,0.646,0.000,0.000,0.000,0.000,0.676,
2026-03-30 10:00:00,Monday,10,0.026,0.627,0.000,0.000,0.000,0.000,0.653,
2026-03-30 11:00:00,Monday,11,0.021,0.582,0.000,0.000,0.000,0.000,0.603,
2026-03-30 12:00:00,Monday,12,0.024,0.514,0.000,0.000,0.000,0.000,0.538,
2026-03-30 13:00:00,Monday,13,0.024,0.546,0.000,0.000,0.000,0.000,0.570,
2026-03-30 14:00:00,Monday,14,0.028,0.497,0.000,0.000,0.000,0.000,0.525,
2026-03-30 15:00:00,Monday,15,0.028,0.426,0.000,0.000,0.000,0.000,0.454,
2026-03-30 16:00:00,Monday,16,0.033,0.506,0.000,0.000,0.000,0.000,0.539,
2026-03-30 17:00:00,Monday,17,0.026,0.511,0.000,0.343,0.069,0.000,0.949,
2026-03-30 18:00:00,Monday,18,0.021,0.523,0.117,0.000,0.033,0.000,0.694,
2026-03-30 19:00:00,Monday,19,0.023,0.478,0.046,0.000,0.068,0.348,0.963,zmywarka
2026-03-30 20:00:00,Monday,20,0.023,0.531,0.088,0.000,0.037,0.000,0.679,
2026-03-30 21:00:00,Monday,21,0.032,0.571,0.074,0.000,0.040,0.000,0.717,
2026-03-30 22:00:00,Monday,22,0.030,0.577,0.095,0.000,0.040,0.000,0.742,
2026-03-30 23:00:00,Monday,23,0.034,0.668,0.000,0.000,0.000,0.000,0.702,
2026-03-31 00:00:00,Tuesday,0,0.032,0.532,0.000,0.000,0.000,0.000,0.564,
2026-03-31 01:00:00,Tuesday,1,0.041,0.533,0.000,0.000,0.000,0.000,0.574,
2026-03-31 02:00:00,Tuesday,2,0.040,0.594,0.000,0.000,0.000,0.000,0.634,
2026-03-31 03:00:00,Tuesday,3,0.032,0.592,0.000,0.000,0.000,0.000,0.624,
2026-03-31 04:00:00,Tuesday,4,0.028,0.601,0.000,0.000,0.000,0.000,0.629,
2026-03-31 05:00:00,Tuesday,5,0.035,0.612,0.000,0.000,0.000,0.000,0.647,
2026-03-31 06:00:00,Tuesday,6,0.023,0.720,0.089,0.000,0.037,0.000,0.869,
2026-03-31 07:00:00,Tuesday,7,0.028,0.707,0.000,0.000,0.056,0.000,0.791,
2026-03-31 08:00:00,Tuesday,8,0.024,0.688,0.000,0.000,0.032,0.000,0.744,
2026-03-31 09:00:00,Tuesday,9,0.031,0.647,0.000,0.000,0.102,0.000,0.780,praca zdalna
2026-03-31 10:00:00,Tuesday,10,0.025,0.589,0.000,0.000,0.125,0.000,0.739,praca zdalna
2026-03-31 11:00:00,Tuesday,11,0.025,0.424,0.000,0.000,0.132,0.000,0.581,praca zdalna
2026-03-31 12:00:00,Tuesday,12,0.030,0.497,0.000,0.000,0.100,0.000,0.627,praca zdalna
2026-03-31 13:00:00,Tuesday,13,0.034,0.468,0.000,0.000,0.112,0.000,0.614,praca zdalna
2026-03-31 14:00:00,Tuesday,14,0.034,0.446,0.000,0.000,0.120,0.000,0.600,praca zdalna
2026-03-31 15:00:00,Tuesday,15,0.035,0.363,0.000,0.000,0.070,0.000,0.468,praca zdalna
2026-03-31 16:00:00,Tuesday,16,0.022,0.423,0.000,0.000,0.096,0.000,0.541,praca zdalna
2026-03-31 17:00:00,Tuesday,17,0.033,0.485,0.000,0.269,0.048,0.000,0.835,
2026-03-31 18:00:00,Tuesday,18,0.031,0.498,0.050,0.000,0.067,0.000,0.646,
2026-03-31 19:00:00,Tuesday,19,0.026,0.561,0.060,0.000,0.042,0.473,1.162,zmywarka
2026-03-31 20:00:00,Tuesday,20,0.026,0.537,0.091,0.000,0.062,0.000,0.716,
2026-03-31 21:00:00,Tuesday,21,0.036,0.536,0.115,0.000,0.034,0.000,0.721,
2026-03-31 22:00:00,Tuesday,22,0.029,0.631,0.110,0.000,0.059,0.000,0.829,
2026-03-31 23:00:00,Tuesday,23,0.026,0.636,0.000,0.000,0.000,0.000,0.662,
2026-04-01 00:00:00,Wednesday,0,0.024,0.652,0.000,0.000,0.000,0.000,0.676,
2026-04-01 01:00:00,Wednesday,1,0.024,0.511,0.000,0.000,0.000,0.000,0.535,
2026-04-01 02:00:00,Wednesday,2,0.034,0.754,0.000,0.000,0.000,0.000,0.788,
2026-04-01 03:00:00,Wednesday,3,0.032,0.678,0.000,0.000,0.000,0.000,0.710,
2026-04-01 04:00:00,Wednesday,4,0.036,0.797,0.000,0.000,0.000,0.000,0.833,
2026-04-01 05:00:00,Wednesday,5,0.038,0.865,0.000,0.000,0.000,0.000,0.903,
2026-04-01 06:00:00,Wednesday,6,0.032,0.930,0.000,0.000,0.038,0.000,1.000,
2026-04-01 07:00:00,Wednesday,7,0.032,0.912,0.000,0.000,0.068,0.000,1.012,
2026-04-01 08:00:00,Wednesday,8,0.025,0.785,0.000,0.000,0.057,0.000,0.867,
2026-04-01 09:00:00,Wednesday,9,0.021,0.756,0.000,0.000,0.000,0.000,0.777,
2026-04-01 10:00:00,Wednesday,10,0.020,0.632,0.000,0.000,0.000,0.000,0.652,
2026-04-01 11:00:00,Wednesday,11,0.032,0.547,0.000,0.000,0.000,0.395,0.974,pralka
2026-04-01 12:00:00,Wednesday,12,0.032,0.492,0.000,0.000,0.000,0.964,1.488,suszarka
2026-04-01 13:00:00,Wednesday,13,0.033,0.464,0.000,0.000,0.000,0.000,0.497,
2026-04-01 14:00:00,Wednesday,14,0.021,0.513,0.000,0.000,0.000,0.000,0.534,
2026-04-01 15:00:00,Wednesday,15,0.036,0.545,0.000,0.000,0.000,0.000,0.581,
2026-04-01 16:00:00,Wednesday,16,0.022,0.491,0.000,0.000,0.000,0.000,0.513,
2026-04-01 17:00:00,Wednesday,17,0.032,0.440,0.000,0.401,0.048,0.000,0.921,
2026-04-01 18:00:00,Wednesday,18,0.027,0.426,0.000,0.000,0.062,0.000,0.515,
2026-04-01 19:00:00,Wednesday,19,0.024,0.389,0.000,0.000,0.064,0.000,0.477,
2026-04-01 20:00:00,Wednesday,20,0.029,0.489,0.045,0.000,0.064,0.000,0.627,
2026-04-01 21:00:00,Wednesday,21,0.022,0.504,0.094,0.000,0.064,0.000,0.684,
2026-04-01 22:00:00,Wednesday,22,0.032,0.491,0.115,0.000,0.044,0.000,0.682,
2026-04-01 23:00:00,Wednesday,23,0.038,0.580,0.000,0.000,0.000,0.000,0.618,
2026-04-02 00:00:00,Thursday,0,0.025,0.518,0.000,0.000,0.000,0.000,0.543,
2026-04-02 01:00:00,Thursday,1,0.022,0.644,0.000,0.000,0.000,0.000,0.666,
2026-04-02 02:00:00,Thursday,2,0.046,0.527,0.000,0.000,0.000,0.000,0.573,
2026-04-02 03:00:00,Thursday,3,0.032,0.586,0.000,0.000,0.000,0.000,0.618,
2026-04-02 04:00:00,Thursday,4,0.020,0.627,0.000,0.000,0.000,0.000,0.647,
2026-04-02 05:00:00,Thursday,5,0.040,0.706,0.000,0.000,0.000,0.000,0.746,
2026-04-02 06:00:00,Thursday,6,0.033,0.742,0.000,0.000,0.068,0.000,0.843,
2026-04-02 07:00:00,Thursday,7,0.033,0.685,0.000,0.000,0.040,0.000,0.758,
2026-04-02 08:00:00,Thursday,8,0.030,0.709,0.000,0.000,0.048,0.000,0.787,
2026-04-02 09:00:00,Thursday,9,0.029,0.606,0.000,0.000,0.113,0.000,0.748,praca zdalna
2026-04-02 10:00:00,Thursday,10,0.024,0.588,0.000,0.000,0.106,0.000,0.718,praca zdalna
2026-04-02 11:00:00,Thursday,11,0.022,0.570,0.000,0.000,0.124,0.000,0.716,praca zdalna
2026-04-02 12:00:00,Thursday,12,0.032,0.504,0.000,0.000,0.128,0.000,0.664,praca zdalna
2026-04-02 13:00:00,Thursday,13,0.034,0.463,0.000,0.000,0.092,0.000,0.589,praca zdalna
2026-04-02 14:00:00,Thursday,14,0.031,0.421,0.000,0.000,0.113,0.000,0.565,praca zdalna
2026-04-02 15:00:00,Thursday,15,0.027,0.447,0.000,0.000,0.135,0.000,0.609,praca zdalna
2026-04-02 16:00:00,Thursday,16,0.022,0.490,0.000,0.000,0.075,0.000,0.587,praca zdalna
2026-04-02 17:00:00,Thursday,17,0.026,0.463,0.000,0.000,0.036,0.000,0.525,
2026-04-02 18:00:00,Thursday,18,0.021,0.438,0.000,0.698,0.052,0.000,1.209,
2026-04-02 19:00:00,Thursday,19,0.030,0.470,0.000,0.000,0.040,0.344,0.884,zmywarka
2026-04-02 20:00:00,Thursday,20,0.026,0.433,0.112,0.000,0.047,0.000,0.618,
2026-04-02 21:00:00,Thursday,21,0.028,0.454,0.092,0.000,0.033,0.000,0.607,
2026-04-02 22:00:00,Thursday,22,0.022,0.439,0.042,0.000,0.050,0.000,0.553,
2026-04-02 23:00:00,Thursday,23,0.037,0.512,0.000,0.000,0.000,0.000,0.549,
2026-04-03 00:00:00,Friday,0,0.030,0.425,0.000,0.000,0.000,0.000,0.455,wyjazd / nieobecność
2026-04-03 01:00:00,Friday,1,0.033,0.632,0.000,0.000,0.000,0.000,0.665,wyjazd / nieobecność
2026-04-03 02:00:00,Friday,2,0.026,0.562,0.000,0.000,0.000,0.000,0.588,wyjazd / nieobecność
2026-04-03 03:00:00,Friday,3,0.030,0.518,0.000,0.000,0.000,0.000,0.548,wyjazd / nieobecność
2026-04-03 04:00:00,Friday,4,0.035,0.536,0.000,0.000,0.000,0.000,0.571,wyjazd / nieobecność
2026-04-03 05:00:00,Friday,5,0.031,0.523,0.000,0.000,0.000,0.000,0.554,wyjazd / nieobecność
2026-04-03 06:00:00,Friday,6,0.028,0.512,0.000,0.000,0.000,0.000,0.540,wyjazd / nieobecność
2026-04-03 07:00:00,Friday,7,0.021,0.582,0.000,0.000,0.000,0.000,0.603,wyjazd / nieobecność
2026-04-03 08:00:00,Friday,8,0.034,0.507,0.000,0.000,0.000,0.000,0.541,wyjazd / nieobecność
2026-04-03 09:00:00,Friday,9,0.028,0.523,0.000,0.000,0.040,0.000,0.591,wyjazd / nieobecność; praca zdalna
2026-04-03 10:00:00,Friday,10,0.023,0.402,0.000,0.000,0.044,0.000,0.469,wyjazd / nieobecność; praca zdalna
2026-04-03 11:00:00,Friday,11,0.022,0.476,0.000,0.000,0.032,0.000,0.530,wyjazd / nieobecność; praca zdalna
2026-04-03 12:00:00,Friday,12,0.032,0.450,0.000,0.000,0.050,0.000,0.532,wyjazd / nieobecność; praca zdalna
2026-04-03 13:00:00,Friday,13,0.027,0.472,0.000,0.000,0.048,0.000,0.547,wyjazd / nieobecność; praca zdalna
2026-04-03 14:00:00,Friday,14,0.034,0.426,0.000,0.000,0.079,0.000,0.539,wyjazd / nieobecność; praca zdalna
2026-04-03 15:00:00,Friday,15,0.033,0.359,0.000,0.000,0.079,0.000,0.471,wyjazd / nieobecność; praca zdalna
2026-04-03 16:00:00,Friday,16,0.024,0.424,0.000,0.000,0.066,0.000,0.514,wyjazd / nieobecność; praca zdalna
2026-04-03 17:00:00,Friday,17,0.028,0.397,0.000,0.000,0.000,0.000,0.425,wyjazd / nieobecność
2026-04-03 18:00:00,Friday,18,0.030,0.342,0.000,0.000,0.000,0.000,0.372,wyjazd / nieobecność
2026-04-03 19:00:00,Friday,19,0.030,0.346,0.000,0.000,0.000,0.000,0.376,wyjazd / nieobecność
2026-04-03 20:00:00,Friday,20,0.023,0.352,0.000,0.000,0.000,0.000,0.375,wyjazd / nieobecność
2026-04-03 21:00:00,Friday,21,0.028,0.446,0.000,0.000,0.000,0.000,0.474,wyjazd / nieobecność
2026-04-03 22:00:00,Friday,22,0.024,0.424,0.000,0.000,0.000,0.000,0.448,wyjazd / nieobecność
2026-04-03 23:00:00,Friday,23,0.029,0.374,0.000,0.000,0.000,0.000,0.403,wyjazd / nieobecność
2026-04-04 00:00:00,Saturday,0,0.033,0.561,0.000,0.000,0.000,0.000,0.594,
2026-04-04 01:00:00,Saturday,1,0.028,0.577,0.000,0.000,0.000,0.000,0.605,
2026-04-04 02:00:00,Saturday,2,0.024,0.558,0.000,0.000,0.000,0.000,0.582,
2026-04-04 03:00:00,Saturday,3,0.031,0.456,0.000,0.000,0.000,0.000,0.487,
2026-04-04 04:00:00,Saturday,4,0.024,0.408,0.000,0.000,0.000,0.000,0.432,
2026-04-04 05:00:00,Saturday,5,0.029,0.352,0.000,0.000,0.000,0.000,0.381,
2026-04-04 06:00:00,Saturday,6,0.033,0.513,0.000,0.000,0.045,0.000,0.591,
2026-04-04 07:00:00,Saturday,7,0.032,0.489,0.000,0.000,0.056,0.000,0.577,
2026-04-04 08:00:00,Saturday,8,0.028,0.562,0.000,0.000,0.040,0.000,0.630,
2026-04-04 09:00:00,Saturday,9,0.024,0.532,0.000,0.000,0.000,0.317,0.873,pralka
2026-04-04 10:00:00,Saturday,10,0.036,0.469,0.000,0.000,0.000,0.000,0.505,
2026-04-04 11:00:00,Saturday,11,0.030,0.496,0.000,0.000,0.000,0.000,0.526,
2026-04-04 12:00:00,Saturday,12,0.023,0.412,0.000,0.000,0.000,0.000,0.435,
2026-04-04 13:00:00,Saturday,13,0.026,0.420,0.000,0.000,0.000,0.361,0.807,zmywarka
2026-04-04 14:00:00,Saturday,14,0.024,0.466,0.000,0.000,0.000,0.000,0.490,
2026-04-04 15:00:00,Saturday,15,0.026,0.362,0.000,0.000,0.000,0.000,0.388,
2026-04-04 16:00:00,Saturday,16,0.030,0.355,0.000,0.000,0.000,0.000,0.385,
2026-04-04 17:00:00,Saturday,17,0.020,0.420,0.000,0.303,0.059,0.000,0.802,
2026-04-04 18:00:00,Saturday,18,0.032,0.408,0.000,0.000,0.056,0.000,0.496,
2026-04-04 19:00:00,Saturday,19,0.023,0.443,0.000,0.000,0.044,0.000,0.510,
2026-04-04 20:00:00,Saturday,20,0.036,0.458,0.062,0.000,0.061,0.000,0.617,
2026-04-04 21:00:00,Saturday,21,0.034,0.495,0.118,0.000,0.038,0.000,0.685,
2026-04-04 22:00:00,Saturday,22,0.032,0.503,0.047,0.000,0.034,0.000,0.616,
2026-04-04 23:00:00,Saturday,23,0.022,0.488,0.000,0.000,0.000,0.000,0.510,
2026-04-05 00:00:00,Sunday,0,0.029,0.529,0.000,0.000,0.000,0.000,0.558,
2026-04-05 01:00:00,Sunday,1,0.026,0.628,0.000,0.000,0.000,0.000,0.654,
2026-04-05 02:00:00,Sunday,2,0.035,0.594,0.000,0.000,0.000,0.000,0.629,
2026-04-05 03:00:00,Sunday,3,0.032,0.539,0.000,0.000,0.000,0.000,0.571,
2026-04-05 04:00:00,Sunday,4,0.032,0.601,0.000,0.000,0.000,0.000,0.633,
2026-04-05 05:00:00,Sunday,5,0.035,0.499,0.000,0.000,0.000,0.000,0.534,
2026-04-05 06:00:00,Sunday,6,0.032,0.483,0.060,0.000,0.067,0.000,0.642,
2026-04-05 07:00:00,Sunday,7,0.027,0.509,0.000,0.000,0.064,0.000,0.600,
2026-04-05 08:00:00,Sunday,8,0.022,0.456,0.000,0.000,0.049,0.000,0.527,
2026-04-05 09:00:00,Sunday,9,0.026,0.416,0.000,0.000,0.000,0.000,0.442,
2026-04-05 10:00:00,Sunday,10,0.024,0.399,0.000,0.000,0.000,0.000,0.423,
2026-04-05 11:00:00,Sunday,11,0.029,0.385,0.000,0.000,0.000,0.000,0.414,
2026-04-05 12:00:00,Sunday,12,0.022,0.324,0.000,0.000,0.000,0.000,0.346,
2026-04-05 13:00:00,Sunday,13,0.020,0.355,0.000,0.000,0.000,0.332,0.707,zmywarka
2026-04-05 14:00:00,Sunday,14,0.031,0.367,0.000,0.000,0.000,0.000,0.398,
2026-04-05 15:00:00,Sunday,15,0.023,0.326,0.000,0.000,0.000,0.000,0.349,
2026-04-05 16:00:00,Sunday,16,0.020,0.381,0.000,0.000,0.000,0.000,0.401,
2026-04-05 17:00:00,Sunday,17,0.024,0.388,0.000,0.000,0.047,0.000,0.459,
2026-04-05 18:00:00,Sunday,18,0.033,0.414,0.000,0.318,0.046,0.000,0.811,
2026-04-05 19:00:00,Sunday,19,0.025,0.487,0.000,0.000,0.030,0.000,0.542,
2026-04-05 20:00:00,Sunday,20,0.028,0.470,0.042,0.000,0.038,0.000,0.578,
2026-04-05 21:00:00,Sunday,21,0.031,0.508,0.079,0.000,0.054,0.000,0.672,
2026-04-05 22:00:00,Sunday,22,0.024,0.425,0.116,0.000,0.048,0.000,0.613,
2026-04-05 23:00:00,Sunday,23,0.032,0.453,0.000,0.000,0.000,0.000,0.485,
2026-04-06 00:00:00,Monday,0,0.031,0.486,0.000,0.000,0.000,0.000,0.517,wyjazd / nieobecność
2026-04-06 01:00:00,Monday,1,0.032,0.523,0.000,0.000,0.000,0.000,0.555,wyjazd / nieobecność
2026-04-06 02:00:00,Monday,2,0.024,0.374,0.000,0.000,0.000,0.000,0.398,wyjazd / nieobecność
2026-04-06 03:00:00,Monday,3,0.035,0.399,0.000,0.000,0.000,0.000,0.434,wyjazd / nieobecność
2026-04-06 04:00:00,Monday,4,0.029,0.494,0.000,0.000,0.000,0.000,0.523,wyjazd / nieobecność
2026-04-06 05:00:00,Monday,5,0.030,0.471,0.000,0.000,0.000,0.000,0.501,wyjazd / nieobecność
2026-04-06 06:00:00,Monday,6,0.020,0.480,0.000,0.000,0.000,0.000,0.500,wyjazd / nieobecność
2026-04-06 07:00:00,Monday,7,0.023,0.521,0.000,0.000,0.000,0.000,0.544,wyjazd / nieobecność
2026-04-06 08:00:00,Monday,8,0.022,0.427,0.000,0.000,0.000,0.000,0.449,wyjazd / nieobecność
2026-04-06 09:00:00,Monday,9,0.029,0.396,0.000,0.000,0.039,0.000,0.464,wyjazd / nieobecność; praca zdalna
2026-04-06 10:00:00,Monday,10,0.028,0.351,0.000,0.000,0.046,0.000,0.425,wyjazd / nieobecność; praca zdalna
2026-04-06 11:00:00,Monday,11,0.024,0.369,0.000,0.000,0.043,0.000,0.436,wyjazd / nieobecność; praca zdalna
2026-04-06 12:00:00,Monday,12,0.023,0.315,0.000,0.000,0.067,0.000,0.405,wyjazd / nieobecność; praca zdalna
2026-04-06 13:00:00,Monday,13,0.022,0.319,0.000,0.000,0.075,0.000,0.416,wyjazd / nieobecność; praca zdalna
2026-04-06 14:00:00,Monday,14,0.020,0.297,0.000,0.000,0.034,0.000,0.351,wyjazd / nieobecność; praca zdalna
2026-04-06 15:00:00,Monday,15,0.026,0.294,0.000,0.000,0.076,0.000,0.396,wyjazd / nieobecność; praca zdalna
2026-04-06 16:00:00,Monday,16,0.032,0.243,0.000,0.000,0.038,0.000,0.313,wyjazd / nieobecność; praca zdalna
2026-04-06 17:00:00,Monday,17,0.029,0.287,0.000,0.000,0.000,0.000,0.316,wyjazd / nieobecność
2026-04-06 18:00:00,Monday,18,0.028,0.246,0.000,0.000,0.000,0.000,0.274,wyjazd / nieobecność
2026-04-06 19:00:00,Monday,19,0.032,0.346,0.000,0.000,0.000,0.000,0.378,wyjazd / nieobecność
2026-04-06 20:00:00,Monday,20,0.034,0.363,0.000,0.000,0.000,0.000,0.397,wyjazd / nieobecność
2026-04-06 21:00:00,Monday,21,0.023,0.378,0.000,0.000,0.000,0.000,0.401,wyjazd / nieobecność
2026-04-06 22:00:00,Monday,22,0.036,0.426,0.000,0.000,0.000,0.000,0.462,wyjazd / nieobecność
2026-04-06 23:00:00,Monday,23,0.029,0.417,0.000,0.000,0.000,0.000,0.446,wyjazd / nieobecność
2026-04-07 00:00:00,Tuesday,0,0.026,0.473,0.000,0.000,0.000,0.000,0.499,
2026-04-07 01:00:00,Tuesday,1,0.034,0.526,0.000,0.000,0.000,0.000,0.560,
2026-04-07 02:00:00,Tuesday,2,0.030,0.482,0.000,0.000,0.000,0.000,0.512,
2026-04-07 03:00:00,Tuesday,3,0.032,0.487,0.000,0.000,0.000,0.000,0.519,
2026-04-07 04:00:00,Tuesday,4,0.033,0.602,0.000,0.000,0.000,0.000,0.635,
2026-04-07 05:00:00,Tuesday,5,0.022,0.690,0.000,0.000,0.000,0.000,0.712,
2026-04-07 06:00:00,Tuesday,6,0.035,0.577,0.000,0.000,0.065,0.000,0.677,
2026-04-07 07:00:00,Tuesday,7,0.029,0.691,0.000,0.000,0.051,0.000,0.771,
2026-04-07 08:00:00,Tuesday,8,0.023,0.567,0.000,0.000,0.038,0.000,0.628,
2026-04-07 09:00:00,Tuesday,9,0.021,0.559,0.000,0.000,0.000,0.000,0.580,
2026-04-07 10:00:00,Tuesday,10,0.020,0.516,0.000,0.000,0.000,0.000,0.536,
2026-04-07 11:00:00,Tuesday,11,0.028,0.449,0.000,0.000,0.000,0.352,0.829,pralka
2026-04-07 12:00:00,Tuesday,12,0.035,0.435,0.000,0.000,0.000,0.000,0.470,
2026-04-07 13:00:00,Tuesday,13,0.022,0.366,0.000,0.000,0.000,0.000,0.388,
2026-04-07 14:00:00,Tuesday,14,0.025,0.425,0.000,0.000,0.000,0.000,0.450,
2026-04-07 15:00:00,Tuesday,15,0.034,0.432,0.000,0.000,0.000,0.000,0.466,
2026-04-07 16:00:00,Tuesday,16,0.034,0.429,0.000,0.000,0.000,0.000,0.463,
2026-04-07 17:00:00,Tuesday,17,0.029,0.437,0.000,0.000,0.052,0.000,0.518,
2026-04-07 18:00:00,Tuesday,18,0.035,0.468,0.000,0.421,0.030,0.000,0.954,
2026-04-07 19:00:00,Tuesday,19,0.029,0.597,0.000,0.000,0.055,0.000,0.681,
2026-04-07 20:00:00,Tuesday,20,0.026,0.555,0.103,0.000,0.069,0.000,0.753,
2026-04-07 21:00:00,Tuesday,21,0.028,0.565,0.068,0.000,0.057,0.000,0.718,
2026-04-07 22:00:00,Tuesday,22,0.026,0.524,0.098,0.000,0.060,0.000,0.708,
2026-04-07 23:00:00,Tuesday,23,0.034,0.533,0.000,0.000,0.000,0.000,0.567,
2026-04-08 00:00:00,Wednesday,0,0.031,0.579,0.000,0.000,0.000,0.000,0.610,
2026-04-08 01:00:00,Wednesday,1,0.036,0.570,0.000,0.000,0.000,0.000,0.606,
2026-04-08 02:00:00,Wednesday,2,0.034,0.608,0.000,0.000,0.000,0.000,0.642,
2026-04-08 03:00:00,Wednesday,3,0.033,0.597,0.000,0.000,0.000,0.000,0.630,
2026-04-08 04:00:00,Wednesday,4,0.032,0.571,0.000,0.000,0.000,0.000,0.603,
2026-04-08 05:00:00,Wednesday,5,0.034,0.639,0.000,0.000,0.000,0.000,0.673,
2026-04-08 06:00:00,Wednesday,6,0.026,0.650,0.000,0.000,0.057,0.000,0.733,
2026-04-08 07:00:00,Wednesday,7,0.026,0.760,0.000,0.000,0.044,0.000,0.830,
2026-04-08 08:00:00,Wednesday,8,0.029,0.702,0.000,0.000,0.063,0.000,0.794,
2026-04-08 09:00:00,Wednesday,9,0.032,0.601,0.000,0.000,0.000,0.000,0.633,
2026-04-08 10:00:00,Wednesday,10,0.026,0.566,0.000,0.000,0.000,0.000,0.592,
2026-04-08 11:00:00,Wednesday,11,0.020,0.448,0.000,0.000,0.000,0.000,0.468,
2026-04-08 12:00:00,Wednesday,12,0.022,0.448,0.000,0.000,0.000,0.000,0.470,
2026-04-08 13:00:00,Wednesday,13,0.031,0.338,0.000,0.000,0.000,0.000,0.369,
2026-04-08 14:00:00,Wednesday,14,0.031,0.330,0.000,0.000,0.000,0.000,0.361,
2026-04-08 15:00:00,Wednesday,15,0.033,0.348,0.000,0.000,0.000,0.000,0.381,
2026-04-08 16:00:00,Wednesday,16,0.032,0.334,0.000,0.000,0.000,0.000,0.366,
2026-04-08 17:00:00,Wednesday,17,0.027,0.386,0.000,0.000,0.050,0.000,0.463,
2026-04-08 18:00:00,Wednesday,18,0.023,0.527,0.000,0.259,0.041,0.000,0.850,
2026-04-08 19:00:00,Wednesday,19,0.033,0.620,0.000,0.000,0.048,0.000,0.701,
2026-04-08 20:00:00,Wednesday,20,0.024,0.589,0.064,0.000,0.058,0.402,1.137,zmywarka
2026-04-08 21:00:00,Wednesday,21,0.027,0.516,0.052,0.000,0.040,0.000,0.635,
2026-04-08 22:00:00,Wednesday,22,0.029,0.575,0.070,0.000,0.054,0.000,0.728,
2026-04-08 23:00:00,Wednesday,23,0.024,0.540,0.000,0.000,0.000,0.000,0.564,
2026-04-09 00:00:00,Thursday,0,0.025,0.616,0.000,0.000,0.000,0.000,0.641,
2026-04-09 01:00:00,Thursday,1,0.032,0.679,0.000,0.000,0.000,0.000,0.711,
2026-04-09 02:00:00,Thursday,2,0.034,0.624,0.000,0.000,0.000,0.000,0.658,
2026-04-09 03:00:00,Thursday,3,0.035,0.690,0.000,0.000,0.000,0.000,0.725,
2026-04-09 04:00:00,Thursday,4,0.034,0.754,0.000,0.000,0.000,0.000,0.788,
2026-04-09 05:00:00,Thursday,5,0.025,0.639,0.000,0.000,0.000,0.000,0.664,
2026-04-09 06:00:00,Thursday,6,0.030,0.693,0.081,0.000,0.031,0.000,0.835,
2026-04-09 07:00:00,Thursday,7,0.028,0.756,0.000,0.000,0.037,0.000,0.821,
2026-04-09 08:00:00,Thursday,8,0.031,0.677,0.000,0.000,0.060,0.000,0.768,
2026-04-09 09:00:00,Thursday,9,0.024,0.749,0.000,0.000,0.000,0.000,0.773,
2026-04-09 10:00:00,Thursday,10,0.021,0.529,0.000,0.000,0.000,0.000,0.550,
2026-04-09 11:00:00,Thursday,11,0.024,0.614,0.000,0.000,0.000,0.000,0.638,
2026-04-09 12:00:00,Thursday,12,0.028,0.468,0.000,0.000,0.000,0.000,0.496,
2026-04-09 13:00:00,Thursday,13,0.020,0.549,0.000,0.000,0.000,0.000,0.569,
2026-04-09 14:00:00,Thursday,14,0.024,0.575,0.000,0.000,0.000,0.000,0.599,
2026-04-09 15:00:00,Thursday,15,0.027,0.627,0.000,0.000,0.000,0.000,0.654,
2026-04-09 16:00:00,Thursday,16,0.030,0.616,0.000,0.000,0.000,0.000,0.646,
2026-04-09 17:00:00,Thursday,17,0.022,0.601,0.000,0.379,0.037,0.000,1.039,
2026-04-09 18:00:00,Thursday,18,0.021,0.507,0.000,0.000,0.067,0.000,0.595,
2026-04-09 19:00:00,Thursday,19,0.032,0.576,0.000,0.000,0.052,0.000,0.660,
2026-04-09 20:00:00,Thursday,20,0.034,0.569,0.086,0.000,0.055,0.368,1.112,zmywarka
2026-04-09 21:00:00,Thursday,21,0.033,0.664,0.089,0.000,0.059,0.000,0.845,
2026-04-09 22:00:00,Thursday,22,0.034,0.791,0.066,0.000,0.049,0.000,0.940,
2026-04-09 23:00:00,Thursday,23,0.041,0.823,0.000,0.000,0.000,0.000,0.864,
2026-04-10 00:00:00,Friday,0,0.042,0.782,0.000,0.000,0.000,0.000,0.824,
2026-04-10 01:00:00,Friday,1,0.040,0.683,0.000,0.000,0.000,0.000,0.723,
2026-04-10 02:00:00,Friday,2,0.032,0.802,0.000,0.000,0.000,0.000,0.834,
2026-04-10 03:00:00,Friday,3,0.028,0.860,0.000,0.000,0.000,0.000,0.888,
2026-04-10 04:00:00,Friday,4,0.025,0.774,0.000,0.000,0.000,0.000,0.799,
2026-04-10 05:00:00,Friday,5,0.026,0.787,0.000,0.000,0.000,0.000,0.813,
2026-04-10 06:00:00,Friday,6,0.036,0.842,0.101,0.000,0.040,0.000,1.019,
2026-04-10 07:00:00,Friday,7,0.035,0.859,0.000,0.000,0.058,0.000,0.952,
2026-04-10 08:00:00,Friday,8,0.026,0.631,0.000,0.000,0.046,0.000,0.703,
2026-04-10 09:00:00,Friday,9,0.034,0.713,0.000,0.000,0.000,0.000,0.747,
2026-04-10 10:00:00,Friday,10,0.024,0.585,0.000,0.000,0.000,0.000,0.609,
2026-04-10 11:00:00,Friday,11,0.027,0.669,0.000,0.000,0.000,0.000,0.696,
2026-04-10 12:00:00,Friday,12,0.023,0.693,0.000,0.000,0.000,0.000,0.716,
2026-04-10 13:00:00,Friday,13,0.029,0.521,0.000,0.000,0.000,0.000,0.550,
2026-04-10 14:00:00,Friday,14,0.023,0.685,0.000,0.000,0.000,0.000,0.708,
2026-04-10 15:00:00,Friday,15,0.029,0.651,0.000,0.000,0.000,0.000,0.680,
2026-04-10 16:00:00,Friday,16,0.036,0.703,0.000,0.000,0.000,0.000,0.739,
2026-04-10 17:00:00,Friday,17,0.031,0.547,0.000,0.000,0.043,0.000,0.621,
2026-04-10 18:00:00,Friday,18,0.028,0.590,0.000,0.364,0.046,0.000,1.028,
2026-04-10 19:00:00,Friday,19,0.025,0.675,0.000,0.000,0.041,0.442,1.183,zmywarka
2026-04-10 20:00:00,Friday,20,0.021,0.539,0.090,0.000,0.066,0.000,0.716,
2026-04-10 21:00:00,Friday,21,0.027,0.644,0.068,0.000,0.054,0.000,0.793,
2026-04-10 22:00:00,Friday,22,0.035,0.637,0.088,0.000,0.058,0.000,0.818,
2026-04-10 23:00:00,Friday,23,0.028,0.564,0.000,0.000,0.000,0.000,0.592,
2026-04-11 00:00:00,Saturday,0,0.024,0.502,0.000,0.000,0.000,0.000,0.526,
2026-04-11 01:00:00,Saturday,1,0.028,0.532,0.000,0.000,0.000,0.000,0.560,
2026-04-11 02:00:00,Saturday,2,0.029,0.614,0.000,0.000,0.000,0.000,0.643,
2026-04-11 03:00:00,Saturday,3,0.036,0.674,0.000,0.000,0.000,0.000,0.710,
2026-04-11 04:00:00,Saturday,4,0.027,0.536,0.000,0.000,0.000,0.000,0.563,
2026-04-11 05:00:00,Saturday,5,0.030,0.709,0.000,0.000,0.000,0.000,0.739,
2026-04-11 06:00:00,Saturday,6,0.022,0.610,0.000,0.000,0.036,0.000,0.668,
2026-04-11 07:00:00,Saturday,7,0.028,0.803,0.000,0.000,0.054,0.000,0.885,
2026-04-11 08:00:00,Saturday,8,0.031,0.608,0.000,0.000,0.040,0.000,0.679,
2026-04-11 09:00:00,Saturday,9,0.030,0.589,0.000,0.000,0.000,0.000,0.619,
2026-04-11 10:00:00,Saturday,10,0.032,0.648,0.000,0.000,0.000,0.280,0.960,pralka
2026-04-11 11:00:00,Saturday,11,0.034,0.479,0.000,0.000,0.000,0.820,1.333,suszarka
2026-04-11 12:00:00,Saturday,12,0.032,0.484,0.000,0.000,0.000,0.000,0.516,
2026-04-11 13:00:00,Saturday,13,0.022,0.420,0.000,0.000,0.000,0.000,0.442,
2026-04-11 14:00:00,Saturday,14,0.022,0.481,0.000,0.000,0.000,0.460,0.963,zmywarka
2026-04-11 15:00:00,Saturday,15,0.032,0.473,0.000,0.000,0.000,0.000,0.505,
2026-04-11 16:00:00,Saturday,16,0.024,0.544,0.000,0.000,0.000,0.000,0.568,
2026-04-11 17:00:00,Saturday,17,0.023,0.514,0.000,0.479,0.048,0.000,1.064,
2026-04-11 18:00:00,Saturday,18,0.031,0.488,0.000,0.000,0.061,0.000,0.580,
2026-04-11 19:00:00,Saturday,19,0.023,0.572,0.000,0.000,0.037,0.000,0.632,
2026-04-11 20:00:00,Saturday,20,0.021,0.626,0.055,0.000,0.040,0.000,0.742,
2026-04-11 21:00:00,Saturday,21,0.033,0.532,0.058,0.000,0.064,0.000,0.687,
2026-04-11 22:00:00,Saturday,22,0.024,0.542,0.099,0.000,0.031,0.000,0.696,
2026-04-11 23:00:00,Saturday,23,0.040,0.682,0.000,0.000,0.000,0.000,0.722,
2026-04-12 00:00:00,Sunday,0,0.024,0.636,0.000,0.000,0.000,0.000,0.660,
2026-04-12 01:00:00,Sunday,1,0.028,0.520,0.000,0.000,0.000,0.000,0.548,
2026-04-12 02:00:00,Sunday,2,0.032,0.642,0.000,0.000,0.000,0.000,0.674,
2026-04-12 03:00:00,Sunday,3,0.033,0.562,0.000,0.000,0.000,0.000,0.595,
2026-04-12 04:00:00,Sunday,4,0.044,0.480,0.000,0.000,0.000,0.000,0.524,
2026-04-12 05:00:00,Sunday,5,0.036,0.578,0.000,0.000,0.000,0.000,0.614,
2026-04-12 06:00:00,Sunday,6,0.024,0.539,0.055,0.000,0.043,0.000,0.661,
2026-04-12 07:00:00,Sunday,7,0.030,0.530,0.000,0.000,0.044,0.000,0.604,
2026-04-12 08:00:00,Sunday,8,0.032,0.519,0.000,0.000,0.042,0.000,0.593,
2026-04-12 09:00:00,Sunday,9,0.033,0.500,0.000,0.000,0.000,0.000,0.533,
2026-04-12 10:00:00,Sunday,10,0.032,0.518,0.000,0.000,0.000,0.000,0.550,
2026-04-12 11:00:00,Sunday,11,0.021,0.522,0.000,0.000,0.000,0.000,0.543,
2026-04-12 12:00:00,Sunday,12,0.028,0.552,0.000,0.000,0.000,0.000,0.580,
2026-04-12 13:00:00,Sunday,13,0.024,0.481,0.000,0.000,0.000,0.471,0.976,zmywarka
2026-04-12 14:00:00,Sunday,14,0.026,0.514,0.000,0.000,0.000,0.000,0.540,
2026-04-12 15:00:00,Sunday,15,0.022,0.500,0.000,0.000,0.000,0.000,0.522,
2026-04-12 16:00:00,Sunday,16,0.024,0.584,0.000,0.000,0.000,0.000,0.608,
2026-04-12 17:00:00,Sunday,17,0.036,0.450,0.000,0.329,0.062,0.000,0.877,
2026-04-12 18:00:00,Sunday,18,0.035,0.442,0.000,0.000,0.038,0.000,0.515,
2026-04-12 19:00:00,Sunday,19,0.034,0.464,0.000,0.000,0.030,0.000,0.528,
2026-04-12 20:00:00,Sunday,20,0.032,0.540,0.111,0.000,0.048,0.000,0.731,
2026-04-12 21:00:00,Sunday,21,0.022,0.593,0.071,0.000,0.051,0.000,0.737,
2026-04-12 22:00:00,Sunday,22,0.031,0.473,0.087,0.000,0.053,0.000,0.644,
2026-04-12 23:00:00,Sunday,23,0.022,0.550,0.000,0.000,0.000,0.000,0.572,
2026-04-13 00:00:00,Monday,0,0.037,0.449,0.000,0.000,0.000,0.000,0.486,
2026-04-13 01:00:00,Monday,1,0.021,0.480,0.000,0.000,0.000,0.000,0.501,
2026-04-13 02:00:00,Monday,2,0.030,0.436,0.000,0.000,0.000,0.000,0.466,
2026-04-13 03:00:00,Monday,3,0.047,0.502,0.000,0.000,0.000,0.000,0.549,
2026-04-13 04:00:00,Monday,4,0.034,0.502,0.000,0.000,0.000,0.000,0.536,
2026-04-13 05:00:00,Monday,5,0.035,0.440,0.000,0.000,0.000,0.000,0.475,
2026-04-13 06:00:00,Monday,6,0.034,0.568,0.040,0.000,0.040,0.000,0.682,
2026-04-13 07:00:00,Monday,7,0.028,0.529,0.000,0.000,0.065,0.000,0.622,
2026-04-13 08:00:00,Monday,8,0.026,0.499,0.000,0.000,0.038,0.000,0.563,
2026-04-13 09:00:00,Monday,9,0.035,0.449,0.000,0.000,0.086,0.000,0.570,praca zdalna
2026-04-13 10:00:00,Monday,10,0.023,0.444,0.000,0.000,0.108,0.000,0.575,praca zdalna
2026-04-13 11:00:00,Monday,11,0.024,0.446,0.000,0.000,0.076,0.000,0.546,praca zdalna
2026-04-13 12:00:00,Monday,12,0.026,0.303,0.000,0.000,0.090,0.000,0.419,praca zdalna
2026-04-13 13:00:00,Monday,13,0.026,0.303,0.000,0.000,0.094,0.000,0.423,praca zdalna
2026-04-13 14:00:00,Monday,14,0.033,0.302,0.000,0.000,0.140,0.000,0.475,praca zdalna
2026-04-13 15:00:00,Monday,15,0.022,0.350,0.000,0.000,0.074,0.000,0.446,praca zdalna
2026-04-13 16:00:00,Monday,16,0.024,0.350,0.000,0.000,0.098,0.000,0.472,praca zdalna
2026-04-13 17:00:00,Monday,17,0.033,0.432,0.000,0.367,0.055,0.000,0.887,
2026-04-13 18:00:00,Monday,18,0.021,0.433,0.000,0.000,0.066,0.000,0.520,
2026-04-13 19:00:00,Monday,19,0.031,0.598,0.000,0.000,0.040,0.362,1.031,zmywarka
2026-04-13 20:00:00,Monday,20,0.024,0.528,0.048,0.000,0.064,0.000,0.664,
2026-04-13 21:00:00,Monday,21,0.027,0.530,0.113,0.000,0.053,0.000,0.723,
2026-04-13 22:00:00,Monday,22,0.029,0.532,0.073,0.000,0.064,0.000,0.698,
2026-04-13 23:00:00,Monday,23,0.040,0.386,0.000,0.000,0.000,0.000,0.426,
2026-04-14 00:00:00,Tuesday,0,0.025,0.376,0.000,0.000,0.000,0.000,0.401,wyjazd / nieobecność
2026-04-14 01:00:00,Tuesday,1,0.023,0.394,0.000,0.000,0.000,0.000,0.417,wyjazd / nieobecność
2026-04-14 02:00:00,Tuesday,2,0.030,0.360,0.000,0.000,0.000,0.000,0.390,wyjazd / nieobecność
2026-04-14 03:00:00,Tuesday,3,0.030,0.378,0.000,0.000,0.000,0.000,0.408,wyjazd / nieobecność
2026-04-14 04:00:00,Tuesday,4,0.021,0.357,0.000,0.000,0.000,0.000,0.378,wyjazd / nieobecność
2026-04-14 05:00:00,Tuesday,5,0.022,0.386,0.000,0.000,0.000,0.000,0.408,wyjazd / nieobecność
2026-04-14 06:00:00,Tuesday,6,0.029,0.330,0.000,0.000,0.000,0.000,0.359,wyjazd / nieobecność
2026-04-14 07:00:00,Tuesday,7,0.020,0.323,0.000,0.000,0.000,0.000,0.343,wyjazd / nieobecność
2026-04-14 08:00:00,Tuesday,8,0.033,0.322,0.000,0.000,0.000,0.000,0.355,wyjazd / nieobecność
2026-04-14 09:00:00,Tuesday,9,0.028,0.374,0.000,0.000,0.000,0.000,0.402,wyjazd / nieobecność
2026-04-14 10:00:00,Tuesday,10,0.029,0.385,0.000,0.000,0.000,0.000,0.414,wyjazd / nieobecność
2026-04-14 11:00:00,Tuesday,11,0.027,0.372,0.000,0.000,0.000,0.000,0.399,wyjazd / nieobecność
2026-04-14 12:00:00,Tuesday,12,0.029,0.356,0.000,0.000,0.000,0.000,0.385,wyjazd / nieobecność
2026-04-14 13:00:00,Tuesday,13,0.022,0.349,0.000,0.000,0.000,0.000,0.371,wyjazd / nieobecność
2026-04-14 14:00:00,Tuesday,14,0.032,0.353,0.000,0.000,0.000,0.000,0.385,wyjazd / nieobecność
2026-04-14 15:00:00,Tuesday,15,0.030,0.326,0.000,0.000,0.000,0.000,0.356,wyjazd / nieobecność
2026-04-14 16:00:00,Tuesday,16,0.025,0.288,0.000,0.000,0.000,0.000,0.313,wyjazd / nieobecność
2026-04-14 17:00:00,Tuesday,17,0.034,0.363,0.000,0.000,0.000,0.000,0.397,wyjazd / nieobecność
2026-04-14 18:00:00,Tuesday,18,0.034,0.382,0.000,0.000,0.000,0.000,0.416,wyjazd / nieobecność
2026-04-14 19:00:00,Tuesday,19,0.031,0.445,0.000,0.000,0.000,0.000,0.476,wyjazd / nieobecność
2026-04-14 20:00:00,Tuesday,20,0.034,0.363,0.000,0.000,0.000,0.000,0.397,wyjazd / nieobecność
2026-04-14 21:00:00,Tuesday,21,0.034,0.454,0.000,0.000,0.000,0.000,0.488,wyjazd / nieobecność
2026-04-14 22:00:00,Tuesday,22,0.032,0.454,0.000,0.000,0.000,0.000,0.486,wyjazd / nieobecność
2026-04-14 23:00:00,Tuesday,23,0.032,0.533,0.000,0.000,0.000,0.000,0.565,wyjazd / nieobecność
2026-04-15 00:00:00,Wednesday,0,0.031,0.510,0.000,0.000,0.000,0.000,0.541,wyjazd / nieobecność
2026-04-15 01:00:00,Wednesday,1,0.021,0.446,0.000,0.000,0.000,0.000,0.467,wyjazd / nieobecność
2026-04-15 02:00:00,Wednesday,2,0.020,0.470,0.000,0.000,0.000,0.000,0.490,wyjazd / nieobecność
2026-04-15 03:00:00,Wednesday,3,0.025,0.505,0.000,0.000,0.000,0.000,0.530,wyjazd / nieobecność
2026-04-15 04:00:00,Wednesday,4,0.035,0.492,0.000,0.000,0.000,0.000,0.527,wyjazd / nieobecność
2026-04-15 05:00:00,Wednesday,5,0.021,0.480,0.000,0.000,0.000,0.000,0.501,wyjazd / nieobecność
2026-04-15 06:00:00,Wednesday,6,0.028,0.589,0.000,0.000,0.000,0.000,0.617,wyjazd / nieobecność
2026-04-15 07:00:00,Wednesday,7,0.020,0.584,0.000,0.000,0.000,0.000,0.604,wyjazd / nieobecność
2026-04-15 08:00:00,Wednesday,8,0.029,0.548,0.000,0.000,0.000,0.000,0.577,wyjazd / nieobecność
2026-04-15 09:00:00,Wednesday,9,0.029,0.392,0.000,0.000,0.000,0.000,0.421,wyjazd / nieobecność
2026-04-15 10:00:00,Wednesday,10,0.026,0.395,0.000,0.000,0.000,0.000,0.421,wyjazd / nieobecność
2026-04-15 11:00:00,Wednesday,11,0.027,0.307,0.000,0.000,0.000,0.000,0.334,wyjazd / nieobecność
2026-04-15 12:00:00,Wednesday,12,0.031,0.269,0.000,0.000,0.000,0.000,0.300,wyjazd / nieobecność
2026-04-15 13:00:00,Wednesday,13,0.020,0.270,0.000,0.000,0.000,0.000,0.290,wyjazd / nieobecność
2026-04-15 14:00:00,Wednesday,14,0.030,0.332,0.000,0.000,0.000,0.000,0.362,wyjazd / nieobecność
2026-04-15 15:00:00,Wednesday,15,0.021,0.349,0.000,0.000,0.000,0.000,0.370,wyjazd / nieobecność
2026-04-15 16:00:00,Wednesday,16,0.034,0.290,0.000,0.000,0.000,0.000,0.324,wyjazd / nieobecność
2026-04-15 17:00:00,Wednesday,17,0.033,0.258,0.000,0.000,0.000,0.000,0.291,wyjazd / nieobecność
2026-04-15 18:00:00,Wednesday,18,0.029,0.347,0.000,0.000,0.000,0.000,0.376,wyjazd / nieobecność
2026-04-15 19:00:00,Wednesday,19,0.035,0.320,0.000,0.000,0.000,0.000,0.355,wyjazd / nieobecność
2026-04-15 20:00:00,Wednesday,20,0.031,0.416,0.000,0.000,0.000,0.000,0.447,wyjazd / nieobecność
2026-04-15 21:00:00,Wednesday,21,0.023,0.456,0.000,0.000,0.000,0.000,0.479,wyjazd / nieobecność
2026-04-15 22:00:00,Wednesday,22,0.031,0.408,0.000,0.000,0.000,0.000,0.439,wyjazd / nieobecność
2026-04-15 23:00:00,Wednesday,23,0.030,0.488,0.000,0.000,0.000,0.000,0.518,wyjazd / nieobecność
2026-04-16 00:00:00,Thursday,0,0.040,0.508,0.000,0.000,0.000,0.000,0.548,
2026-04-16 01:00:00,Thursday,1,0.046,0.589,0.000,0.000,0.000,0.000,0.635,
2026-04-16 02:00:00,Thursday,2,0.022,0.580,0.000,0.000,0.000,0.000,0.602,
2026-04-16 03:00:00,Thursday,3,0.031,0.626,0.000,0.000,0.000,0.000,0.657,
2026-04-16 04:00:00,Thursday,4,0.021,0.742,0.000,0.000,0.000,0.000,0.763,
2026-04-16 05:00:00,Thursday,5,0.038,0.627,0.000,0.000,0.000,0.000,0.665,
2026-04-16 06:00:00,Thursday,6,0.020,0.766,0.080,0.000,0.050,0.000,0.916,
2026-04-16 07:00:00,Thursday,7,0.023,0.605,0.000,0.000,0.068,0.000,0.696,
2026-04-16 08:00:00,Thursday,8,0.034,0.589,0.000,0.000,0.042,0.000,0.665,
2026-04-16 09:00:00,Thursday,9,0.034,0.561,0.000,0.000,0.000,0.000,0.595,
2026-04-16 10:00:00,Thursday,10,0.031,0.648,0.000,0.000,0.000,0.000,0.679,
2026-04-16 11:00:00,Thursday,11,0.035,0.478,0.000,0.000,0.000,0.000,0.513,
2026-04-16 12:00:00,Thursday,12,0.022,0.572,0.000,0.000,0.000,0.000,0.594,
2026-04-16 13:00:00,Thursday,13,0.027,0.542,0.000,0.000,0.000,0.000,0.569,
2026-04-16 14:00:00,Thursday,14,0.031,0.563,0.000,0.000,0.000,0.000,0.594,
2026-04-16 15:00:00,Thursday,15,0.026,0.569,0.000,0.000,0.000,0.000,0.595,
2026-04-16 16:00:00,Thursday,16,0.034,0.589,0.000,0.000,0.000,0.000,0.623,
2026-04-16 17:00:00,Thursday,17,0.021,0.547,0.000,0.000,0.066,0.000,0.634,
2026-04-16 18:00:00,Thursday,18,0.027,0.501,0.000,0.264,0.039,0.000,0.831,
2026-04-16 19:00:00,Thursday,19,0.035,0.572,0.000,0.000,0.052,0.397,1.056,zmywarka
2026-04-16 20:00:00,Thursday,20,0.035,0.574,0.100,0.000,0.036,0.000,0.745,
2026-04-16 21:00:00,Thursday,21,0.023,0.531,0.059,0.000,0.038,0.000,0.651,
2026-04-16 22:00:00,Thursday,22,0.034,0.507,0.063,0.000,0.038,0.000,0.642,
2026-04-16 23:00:00,Thursday,23,0.025,0.602,0.000,0.000,0.000,0.000,0.627,
2026-04-17 00:00:00,Friday,0,0.039,0.554,0.000,0.000,0.000,0.000,0.593,
2026-04-17 01:00:00,Friday,1,0.033,0.546,0.000,0.000,0.000,0.000,0.579,
2026-04-17 02:00:00,Friday,2,0.029,0.489,0.000,0.000,0.000,0.000,0.518,
2026-04-17 03:00:00,Friday,3,0.033,0.654,0.000,0.000,0.000,0.000,0.687,
2026-04-17 04:00:00,Friday,4,0.024,0.573,0.000,0.000,0.000,0.000,0.597,
2026-04-17 05:00:00,Friday,5,0.024,0.500,0.000,0.000,0.000,0.000,0.524,
2026-04-17 06:00:00,Friday,6,0.032,0.644,0.000,0.000,0.034,0.000,0.710,
2026-04-17 07:00:00,Friday,7,0.028,0.632,0.000,0.000,0.052,0.000,0.712,
2026-04-17 08:00:00,Friday,8,0.031,0.598,0.000,0.000,0.060,0.000,0.689,
2026-04-17 09:00:00,Friday,9,0.026,0.575,0.000,0.000,0.000,0.000,0.601,
2026-04-17 10:00:00,Friday,10,0.028,0.397,0.000,0.000,0.000,0.000,0.425,
2026-04-17 11:00:00,Friday,11,0.022,0.378,0.000,0.000,0.000,0.000,0.400,
2026-04-17 12:00:00,Friday,12,0.029,0.397,0.000,0.000,0.000,0.000,0.426,
2026-04-17 13:00:00,Friday,13,0.025,0.375,0.000,0.000,0.000,0.000,0.400,
2026-04-17 14:00:00,Friday,14,0.024,0.394,0.000,0.000,0.000,0.000,0.418,
2026-04-17 15:00:00,Friday,15,0.022,0.342,0.000,0.000,0.000,0.000,0.364,
2026-04-17 16:00:00,Friday,16,0.023,0.316,0.000,0.000,0.000,0.000,0.339,
2026-04-17 17:00:00,Friday,17,0.035,0.358,0.000,0.426,0.062,0.000,0.881,
2026-04-17 18:00:00,Friday,18,0.029,0.452,0.000,0.000,0.038,0.000,0.519,
2026-04-17 19:00:00,Friday,19,0.030,0.503,0.000,0.000,0.042,0.365,0.940,zmywarka
2026-04-17 20:00:00,Friday,20,0.025,0.490,0.040,0.000,0.050,0.000,0.605,
2026-04-17 21:00:00,Friday,21,0.026,0.494,0.082,0.000,0.041,0.000,0.643,
2026-04-17 22:00:00,Friday,22,0.024,0.439,0.117,0.000,0.043,0.000,0.623,
2026-04-17 23:00:00,Friday,23,0.031,0.450,0.000,0.000,0.000,0.000,0.481,
2026-04-18 00:00:00,Saturday,0,0.030,0.505,0.000,0.000,0.000,0.000,0.535,
2026-04-18 01:00:00,Saturday,1,0.044,0.573,0.000,0.000,0.000,0.000,0.617,
2026-04-18 02:00:00,Saturday,2,0.042,0.562,0.000,0.000,0.000,0.000,0.604,
2026-04-18 03:00:00,Saturday,3,0.024,0.576,0.000,0.000,0.000,0.000,0.600,
2026-04-18 04:00:00,Saturday,4,0.020,0.475,0.000,0.000,0.000,0.000,0.495,
2026-04-18 05:00:00,Saturday,5,0.023,0.638,0.000,0.000,0.000,0.000,0.661,
2026-04-18 06:00:00,Saturday,6,0.025,0.550,0.100,0.000,0.054,0.000,0.729,
2026-04-18 07:00:00,Saturday,7,0.033,0.627,0.000,0.000,0.058,0.000,0.718,
2026-04-18 08:00:00,Saturday,8,0.020,0.664,0.000,0.000,0.044,0.000,0.728,
2026-04-18 09:00:00,Saturday,9,0.031,0.646,0.000,0.000,0.000,0.000,0.677,
2026-04-18 10:00:00,Saturday,10,0.030,0.472,0.000,0.000,0.000,0.000,0.502,
2026-04-18 11:00:00,Saturday,11,0.024,0.485,0.000,0.000,0.000,0.275,0.784,pralka
2026-04-18 12:00:00,Saturday,12,0.032,0.458,0.000,0.000,0.000,0.868,1.358,suszarka
2026-04-18 13:00:00,Saturday,13,0.020,0.506,0.000,0.000,0.000,0.400,0.926,zmywarka
2026-04-18 14:00:00,Saturday,14,0.036,0.446,0.000,0.000,0.000,0.000,0.482,
2026-04-18 15:00:00,Saturday,15,0.036,0.375,0.000,0.000,0.000,0.000,0.411,
2026-04-18 16:00:00,Saturday,16,0.028,0.316,0.000,0.000,0.000,0.000,0.344,
2026-04-18 17:00:00,Saturday,17,0.033,0.427,0.000,0.369,0.047,0.000,0.876,
2026-04-18 18:00:00,Saturday,18,0.031,0.400,0.000,0.000,0.054,0.000,0.485,
2026-04-18 19:00:00,Saturday,19,0.024,0.465,0.000,0.000,0.063,0.000,0.552,
2026-04-18 20:00:00,Saturday,20,0.034,0.477,0.052,0.000,0.038,0.000,0.601,
2026-04-18 21:00:00,Saturday,21,0.025,0.405,0.068,0.000,0.045,0.000,0.543,
2026-04-18 22:00:00,Saturday,22,0.029,0.455,0.118,0.000,0.050,0.000,0.652,
2026-04-18 23:00:00,Saturday,23,0.031,0.481,0.000,0.000,0.000,0.000,0.512,
2026-04-19 00:00:00,Sunday,0,0.022,0.515,0.000,0.000,0.000,0.000,0.537,
2026-04-19 01:00:00,Sunday,1,0.038,0.462,0.000,0.000,0.000,0.000,0.500,
2026-04-19 02:00:00,Sunday,2,0.028,0.396,0.000,0.000,0.000,0.000,0.424,
2026-04-19 03:00:00,Sunday,3,0.021,0.480,0.000,0.000,0.000,0.000,0.501,
2026-04-19 04:00:00,Sunday,4,0.044,0.489,0.000,0.000,0.000,0.000,0.533,
2026-04-19 05:00:00,Sunday,5,0.029,0.552,0.000,0.000,0.000,0.000,0.581,
2026-04-19 06:00:00,Sunday,6,0.026,0.540,0.077,0.000,0.039,0.000,0.682,
2026-04-19 07:00:00,Sunday,7,0.021,0.596,0.000,0.000,0.049,0.000,0.666,
2026-04-19 08:00:00,Sunday,8,0.028,0.570,0.000,0.000,0.052,0.000,0.650,
2026-04-19 09:00:00,Sunday,9,0.035,0.586,0.000,0.000,0.000,0.000,0.621,
2026-04-19 10:00:00,Sunday,10,0.026,0.434,0.000,0.000,0.000,0.000,0.460,
2026-04-19 11:00:00,Sunday,11,0.023,0.521,0.000,0.000,0.000,0.000,0.544,
2026-04-19 12:00:00,Sunday,12,0.023,0.486,0.000,0.000,0.000,0.000,0.509,
2026-04-19 13:00:00,Sunday,13,0.034,0.511,0.000,0.000,0.000,0.000,0.545,
2026-04-19 14:00:00,Sunday,14,0.022,0.563,0.000,0.000,0.000,0.000,0.585,
2026-04-19 15:00:00,Sunday,15,0.026,0.491,0.000,0.000,0.000,0.000,0.517,
2026-04-19 16:00:00,Sunday,16,0.032,0.523,0.000,0.000,0.000,0.000,0.555,
2026-04-19 17:00:00,Sunday,17,0.035,0.404,0.000,0.000,0.040,0.000,0.479,
2026-04-19 18:00:00,Sunday,18,0.031,0.444,0.000,0.244,0.046,0.000,0.765,
2026-04-19 19:00:00,Sunday,19,0.034,0.416,0.000,0.000,0.041,0.000,0.491,
2026-04-19 20:00:00,Sunday,20,0.032,0.481,0.051,0.000,0.030,0.000,0.594,
2026-04-19 21:00:00,Sunday,21,0.026,0.494,0.064,0.000,0.066,0.000,0.650,
2026-04-19 22:00:00,Sunday,22,0.026,0.435,0.076,0.000,0.046,0.000,0.583,
2026-04-19 23:00:00,Sunday,23,0.025,0.438,0.000,0.000,0.000,0.000,0.463,
2026-04-20 00:00:00,Monday,0,0.035,0.434,0.000,0.000,0.000,0.000,0.469,
2026-04-20 01:00:00,Monday,1,0.021,0.602,0.000,0.000,0.000,0.000,0.623,
2026-04-20 02:00:00,Monday,2,0.029,0.538,0.000,0.000,0.000,0.000,0.567,
2026-04-20 03:00:00,Monday,3,0.038,0.638,0.000,0.000,0.000,0.000,0.676,
2026-04-20 04:00:00,Monday,4,0.033,0.550,0.000,0.000,0.000,0.000,0.583,
2026-04-20 05:00:00,Monday,5,0.024,0.606,0.000,0.000,0.000,0.000,0.630,
2026-04-20 06:00:00,Monday,6,0.032,0.771,0.097,0.000,0.051,0.000,0.951,
2026-04-20 07:00:00,Monday,7,0.032,0.632,0.000,0.000,0.055,0.000,0.719,
2026-04-20 08:00:00,Monday,8,0.024,0.601,0.000,0.000,0.048,0.000,0.673,
2026-04-20 09:00:00,Monday,9,0.023,0.590,0.000,0.000,0.000,0.000,0.613,
2026-04-20 10:00:00,Monday,10,0.029,0.474,0.000,0.000,0.000,0.000,0.503,
2026-04-20 11:00:00,Monday,11,0.020,0.499,0.000,0.000,0.000,0.000,0.519,
2026-04-20 12:00:00,Monday,12,0.030,0.442,0.000,0.000,0.000,0.000,0.472,
2026-04-20 13:00:00,Monday,13,0.020,0.362,0.000,0.000,0.000,0.000,0.382,
2026-04-20 14:00:00,Monday,14,0.024,0.392,0.000,0.000,0.000,0.000,0.416,
2026-04-20 15:00:00,Monday,15,0.034,0.380,0.000,0.000,0.000,0.000,0.414,
2026-04-20 16:00:00,Monday,16,0.031,0.344,0.000,0.000,0.000,0.000,0.375,
2026-04-20 17:00:00,Monday,17,0.026,0.340,0.000,0.000,0.052,0.000,0.418,
2026-04-20 18:00:00,Monday,18,0.034,0.409,0.000,0.244,0.049,0.000,0.736,
2026-04-20 19:00:00,Monday,19,0.023,0.454,0.000,0.000,0.059,0.398,0.934,zmywarka
2026-04-20 20:00:00,Monday,20,0.022,0.496,0.065,0.000,0.054,0.000,0.637,
2026-04-20 21:00:00,Monday,21,0.033,0.468,0.068,0.000,0.064,0.000,0.633,
2026-04-20 22:00:00,Monday,22,0.020,0.441,0.100,0.000,0.039,0.000,0.600,
2026-04-20 23:00:00,Monday,23,0.027,0.552,0.000,0.000,0.000,0.000,0.579,
2026-04-21 00:00:00,Tuesday,0,0.044,0.502,0.000,0.000,0.000,0.000,0.546,
2026-04-21 01:00:00,Tuesday,1,0.025,0.573,0.000,0.000,0.000,0.000,0.598,
2026-04-21 02:00:00,Tuesday,2,0.031,0.691,0.000,0.000,0.000,0.000,0.722,
2026-04-21 03:00:00,Tuesday,3,0.021,0.681,0.000,0.000,0.000,0.000,0.702,
2026-04-21 04:00:00,Tuesday,4,0.030,0.750,0.000,0.000,0.000,0.000,0.780,
2026-04-21 05:00:00,Tuesday,5,0.032,0.648,0.000,0.000,0.000,0.000,0.680,
2026-04-21 06:00:00,Tuesday,6,0.035,0.820,0.000,0.000,0.064,0.000,0.919,
2026-04-21 07:00:00,Tuesday,7,0.031,0.644,0.000,0.000,0.032,0.000,0.707,
2026-04-21 08:00:00,Tuesday,8,0.036,0.614,0.000,0.000,0.037,0.000,0.687,
2026-04-21 09:00:00,Tuesday,9,0.032,0.686,0.000,0.000,0.000,0.000,0.718,
2026-04-21 10:00:00,Tuesday,10,0.032,0.499,0.000,0.000,0.000,0.000,0.531,
2026-04-21 11:00:00,Tuesday,11,0.032,0.516,0.000,0.000,0.000,0.000,0.548,
2026-04-21 12:00:00,Tuesday,12,0.021,0.440,0.000,0.000,0.000,0.000,0.461,
2026-04-21 13:00:00,Tuesday,13,0.026,0.318,0.000,0.000,0.000,0.285,0.629,pralka
2026-04-21 14:00:00,Tuesday,14,0.035,0.344,0.000,0.000,0.000,0.606,0.985,suszarka
2026-04-21 15:00:00,Tuesday,15,0.034,0.273,0.000,0.000,0.000,0.000,0.307,
2026-04-21 16:00:00,Tuesday,16,0.021,0.267,0.000,0.000,0.000,0.000,0.288,
2026-04-21 17:00:00,Tuesday,17,0.020,0.314,0.000,0.346,0.052,0.000,0.732,
2026-04-21 18:00:00,Tuesday,18,0.024,0.266,0.000,0.000,0.030,0.000,0.320,
2026-04-21 19:00:00,Tuesday,19,0.023,0.378,0.000,0.000,0.054,0.000,0.455,
2026-04-21 20:00:00,Tuesday,20,0.034,0.421,0.044,0.000,0.040,0.394,0.933,zmywarka
2026-04-21 21:00:00,Tuesday,21,0.031,0.473,0.085,0.000,0.034,0.000,0.623,
2026-04-21 22:00:00,Tuesday,22,0.025,0.415,0.081,0.000,0.037,0.000,0.558,
2026-04-21 23:00:00,Tuesday,23,0.031,0.460,0.000,0.000,0.000,0.000,0.491,
2026-04-22 00:00:00,Wednesday,0,0.031,0.440,0.000,0.000,0.000,0.000,0.471,
2026-04-22 01:00:00,Wednesday,1,0.034,0.492,0.000,0.000,0.000,0.000,0.526,
2026-04-22 02:00:00,Wednesday,2,0.044,0.543,0.000,0.000,0.000,0.000,0.587,
2026-04-22 03:00:00,Wednesday,3,0.032,0.502,0.000,0.000,0.000,0.000,0.534,
2026-04-22 04:00:00,Wednesday,4,0.031,0.531,0.000,0.000,0.000,0.000,0.562,
2026-04-22 05:00:00,Wednesday,5,0.036,0.487,0.000,0.000,0.000,0.000,0.523,
2026-04-22 06:00:00,Wednesday,6,0.033,0.534,0.000,0.000,0.051,0.000,0.618,
2026-04-22 07:00:00,Wednesday,7,0.030,0.580,0.000,0.000,0.057,0.000,0.667,
2026-04-22 08:00:00,Wednesday,8,0.025,0.470,0.000,0.000,0.059,0.000,0.554,
2026-04-22 09:00:00,Wednesday,9,0.029,0.338,0.000,0.000,0.110,0.000,0.477,praca zdalna
2026-04-22 10:00:00,Wednesday,10,0.029,0.266,0.000,0.000,0.099,0.000,0.394,praca zdalna
2026-04-22 11:00:00,Wednesday,11,0.028,0.226,0.000,0.000,0.095,0.000,0.349,praca zdalna
2026-04-22 12:00:00,Wednesday,12,0.035,0.196,0.000,0.000,0.078,0.000,0.309,praca zdalna
2026-04-22 13:00:00,Wednesday,13,0.033,0.167,0.000,0.000,0.127,0.000,0.327,praca zdalna
2026-04-22 14:00:00,Wednesday,14,0.028,0.178,0.000,0.000,0.112,0.000,0.318,praca zdalna
2026-04-22 15:00:00,Wednesday,15,0.030,0.140,0.000,0.000,0.092,0.000,0.262,praca zdalna
2026-04-22 16:00:00,Wednesday,16,0.023,0.157,0.000,0.000,0.086,0.000,0.266,praca zdalna
2026-04-22 17:00:00,Wednesday,17,0.022,0.170,0.000,0.270,0.064,0.000,0.526,
2026-04-22 18:00:00,Wednesday,18,0.021,0.174,0.000,0.000,0.053,0.000,0.248,
2026-04-22 19:00:00,Wednesday,19,0.023,0.193,0.000,0.000,0.044,0.000,0.260,
2026-04-22 20:00:00,Wednesday,20,0.029,0.256,0.085,0.000,0.062,0.325,0.757,zmywarka
2026-04-22 21:00:00,Wednesday,21,0.030,0.239,0.082,0.000,0.040,0.000,0.391,
2026-04-22 22:00:00,Wednesday,22,0.028,0.245,0.068,0.000,0.043,0.000,0.384,
2026-04-22 23:00:00,Wednesday,23,0.031,0.292,0.000,0.000,0.000,0.000,0.323,
2026-04-23 00:00:00,Thursday,0,0.042,0.354,0.000,0.000,0.000,0.000,0.396,
2026-04-23 01:00:00,Thursday,1,0.022,0.359,0.000,0.000,0.000,0.000,0.381,
2026-04-23 02:00:00,Thursday,2,0.024,0.380,0.000,0.000,0.000,0.000,0.404,
2026-04-23 03:00:00,Thursday,3,0.033,0.436,0.000,0.000,0.000,0.000,0.469,
2026-04-23 04:00:00,Thursday,4,0.042,0.544,0.000,0.000,0.000,0.000,0.586,
2026-04-23 05:00:00,Thursday,5,0.025,0.500,0.000,0.000,0.000,0.000,0.525,
2026-04-23 06:00:00,Thursday,6,0.029,0.605,0.000,0.000,0.064,0.000,0.698,
2026-04-23 07:00:00,Thursday,7,0.021,0.495,0.000,0.000,0.034,0.000,0.550,
2026-04-23 08:00:00,Thursday,8,0.031,0.523,0.000,0.000,0.064,0.000,0.618,
2026-04-23 09:00:00,Thursday,9,0.034,0.380,0.000,0.000,0.000,0.000,0.414,
2026-04-23 10:00:00,Thursday,10,0.026,0.332,0.000,0.000,0.000,0.000,0.358,
2026-04-23 11:00:00,Thursday,11,0.027,0.227,0.000,0.000,0.000,0.000,0.254,
2026-04-23 12:00:00,Thursday,12,0.026,0.256,0.000,0.000,0.000,0.000,0.282,
2026-04-23 13:00:00,Thursday,13,0.021,0.220,0.000,0.000,0.000,0.000,0.241,
2026-04-23 14:00:00,Thursday,14,0.035,0.168,0.000,0.000,0.000,0.000,0.203,
2026-04-23 15:00:00,Thursday,15,0.031,0.174,0.000,0.000,0.000,0.000,0.205,
2026-04-23 16:00:00,Thursday,16,0.033,0.183,0.000,0.000,0.000,0.000,0.216,
2026-04-23 17:00:00,Thursday,17,0.032,0.169,0.000,0.000,0.046,0.000,0.247,
2026-04-23 18:00:00,Thursday,18,0.025,0.232,0.000,0.432,0.036,0.000,0.725,
2026-04-23 19:00:00,Thursday,19,0.036,0.245,0.000,0.000,0.068,0.000,0.349,
2026-04-23 20:00:00,Thursday,20,0.034,0.192,0.049,0.000,0.041,0.470,0.786,zmywarka
2026-04-23 21:00:00,Thursday,21,0.025,0.258,0.040,0.000,0.061,0.000,0.384,
2026-04-23 22:00:00,Thursday,22,0.021,0.294,0.059,0.000,0.042,0.000,0.416,
2026-04-23 23:00:00,Thursday,23,0.036,0.319,0.000,0.000,0.000,0.000,0.355,
2026-04-24 00:00:00,Friday,0,0.034,0.376,0.000,0.000,0.000,0.000,0.410,
2026-04-24 01:00:00,Friday,1,0.028,0.383,0.000,0.000,0.000,0.000,0.411,
2026-04-24 02:00:00,Friday,2,0.027,0.408,0.000,0.000,0.000,0.000,0.435,
2026-04-24 03:00:00,Friday,3,0.026,0.444,0.000,0.000,0.000,0.000,0.470,
2026-04-24 04:00:00,Friday,4,0.036,0.475,0.000,0.000,0.000,0.000,0.511,
2026-04-24 05:00:00,Friday,5,0.030,0.534,0.000,0.000,0.000,0.000,0.564,
2026-04-24 06:00:00,Friday,6,0.035,0.539,0.000,0.000,0.042,0.000,0.616,
2026-04-24 07:00:00,Friday,7,0.034,0.509,0.000,0.000,0.041,0.000,0.584,
2026-04-24 08:00:00,Friday,8,0.034,0.386,0.000,0.000,0.046,0.000,0.466,
2026-04-24 09:00:00,Friday,9,0.023,0.330,0.000,0.000,0.098,0.000,0.451,praca zdalna
2026-04-24 10:00:00,Friday,10,0.024,0.300,0.000,0.000,0.104,0.000,0.428,praca zdalna
2026-04-24 11:00:00,Friday,11,0.032,0.245,0.000,0.000,0.100,0.000,0.377,praca zdalna
2026-04-24 12:00:00,Friday,12,0.034,0.189,0.000,0.000,0.090,0.000,0.313,praca zdalna
2026-04-24 13:00:00,Friday,13,0.022,0.167,0.000,0.000,0.080,0.000,0.269,praca zdalna
2026-04-24 14:00:00,Friday,14,0.035,0.154,0.000,0.000,0.110,0.000,0.299,praca zdalna
2026-04-24 15:00:00,Friday,15,0.023,0.151,0.000,0.000,0.119,0.000,0.293,praca zdalna
2026-04-24 16:00:00,Friday,16,0.025,0.177,0.000,0.000,0.134,0.000,0.336,praca zdalna
2026-04-24 17:00:00,Friday,17,0.026,0.203,0.000,0.297,0.053,0.000,0.579,
2026-04-24 18:00:00,Friday,18,0.024,0.170,0.000,0.000,0.065,0.000,0.259,
2026-04-24 19:00:00,Friday,19,0.023,0.245,0.000,0.000,0.070,0.000,0.338,
2026-04-24 20:00:00,Friday,20,0.024,0.209,0.098,0.000,0.068,0.429,0.828,zmywarka
2026-04-24 21:00:00,Friday,21,0.027,0.242,0.052,0.000,0.052,0.000,0.373,
2026-04-24 22:00:00,Friday,22,0.030,0.229,0.084,0.000,0.056,0.000,0.399,
2026-04-24 23:00:00,Friday,23,0.034,0.266,0.000,0.000,0.000,0.000,0.300,
2026-04-25 00:00:00,Saturday,0,0.021,0.361,0.000,0.000,0.000,0.000,0.382,
2026-04-25 01:00:00,Saturday,1,0.030,0.350,0.000,0.000,0.000,0.000,0.380,
2026-04-25 02:00:00,Saturday,2,0.033,0.451,0.000,0.000,0.000,0.000,0.484,
2026-04-25 03:00:00,Saturday,3,0.040,0.495,0.000,0.000,0.000,0.000,0.535,
2026-04-25 04:00:00,Saturday,4,0.035,0.421,0.000,0.000,0.000,0.000,0.456,
2026-04-25 05:00:00,Saturday,5,0.035,0.453,0.000,0.000,0.000,0.000,0.488,
2026-04-25 06:00:00,Saturday,6,0.022,0.566,0.000,0.000,0.068,0.000,0.656,
2026-04-25 07:00:00,Saturday,7,0.032,0.504,0.000,0.000,0.056,0.000,0.592,
2026-04-25 08:00:00,Saturday,8,0.024,0.517,0.000,0.000,0.062,0.000,0.603,
2026-04-25 09:00:00,Saturday,9,0.023,0.478,0.000,0.000,0.000,0.000,0.501,
2026-04-25 10:00:00,Saturday,10,0.026,0.427,0.000,0.000,0.000,0.000,0.453,
2026-04-25 11:00:00,Saturday,11,0.020,0.371,0.000,0.000,0.000,0.350,0.741,pralka
2026-04-25 12:00:00,Saturday,12,0.030,0.420,0.000,0.000,0.000,0.735,1.185,suszarka
2026-04-25 13:00:00,Saturday,13,0.022,0.343,0.000,0.000,0.000,0.000,0.365,
2026-04-25 14:00:00,Saturday,14,0.028,0.403,0.000,0.000,0.000,0.365,0.796,zmywarka
2026-04-25 15:00:00,Saturday,15,0.025,0.304,0.000,0.000,0.000,0.000,0.329,
2026-04-25 16:00:00,Saturday,16,0.031,0.295,0.000,0.000,0.000,0.000,0.326,
2026-04-25 17:00:00,Saturday,17,0.035,0.288,0.000,0.560,0.035,0.000,0.918,
2026-04-25 18:00:00,Saturday,18,0.036,0.394,0.000,0.000,0.064,0.000,0.494,
2026-04-25 19:00:00,Saturday,19,0.034,0.362,0.000,0.000,0.047,0.000,0.443,
2026-04-25 20:00:00,Saturday,20,0.028,0.489,0.080,0.000,0.060,0.000,0.657,
2026-04-25 21:00:00,Saturday,21,0.032,0.412,0.083,0.000,0.068,0.000,0.595,
2026-04-25 22:00:00,Saturday,22,0.029,0.470,0.076,0.000,0.042,0.000,0.617,
2026-04-25 23:00:00,Saturday,23,0.032,0.475,0.000,0.000,0.000,0.000,0.507,
2026-04-26 00:00:00,Sunday,0,0.024,0.406,0.000,0.000,0.000,0.000,0.430,
2026-04-26 01:00:00,Sunday,1,0.029,0.421,0.000,0.000,0.000,0.000,0.450,
2026-04-26 02:00:00,Sunday,2,0.040,0.443,0.000,0.000,0.000,0.000,0.483,
2026-04-26 03:00:00,Sunday,3,0.026,0.458,0.000,0.000,0.000,0.000,0.484,
2026-04-26 04:00:00,Sunday,4,0.035,0.549,0.000,0.000,0.000,0.000,0.584,
2026-04-26 05:00:00,Sunday,5,0.036,0.604,0.000,0.000,0.000,0.000,0.640,
2026-04-26 06:00:00,Sunday,6,0.022,0.675,0.000,0.000,0.037,0.000,0.734,goście
2026-04-26 07:00:00,Sunday,7,0.024,0.678,0.000,0.000,0.058,0.000,0.760,goście
2026-04-26 08:00:00,Sunday,8,0.020,0.517,0.000,0.000,0.043,0.000,0.580,goście
2026-04-26 09:00:00,Sunday,9,0.021,0.599,0.000,0.000,0.000,0.000,0.620,
2026-04-26 10:00:00,Sunday,10,0.032,0.406,0.000,0.000,0.000,0.000,0.438,
2026-04-26 11:00:00,Sunday,11,0.035,0.466,0.000,0.000,0.000,0.000,0.501,
2026-04-26 12:00:00,Sunday,12,0.031,0.365,0.000,0.000,0.000,0.000,0.396,
2026-04-26 13:00:00,Sunday,13,0.034,0.394,0.000,0.000,0.000,0.000,0.428,
2026-04-26 14:00:00,Sunday,14,0.022,0.316,0.000,0.000,0.000,0.447,0.785,zmywarka
2026-04-26 15:00:00,Sunday,15,0.031,0.360,0.000,0.000,0.000,0.000,0.391,
2026-04-26 16:00:00,Sunday,16,0.024,0.313,0.000,0.000,0.000,0.000,0.337,
2026-04-26 17:00:00,Sunday,17,0.033,0.381,0.000,0.000,0.056,0.000,0.470,goście
2026-04-26 18:00:00,Sunday,18,0.029,0.330,0.000,0.624,0.052,0.000,1.035,goście
2026-04-26 19:00:00,Sunday,19,0.023,0.396,0.000,0.000,0.033,0.000,0.452,goście
2026-04-26 20:00:00,Sunday,20,0.034,0.322,0.054,0.000,0.055,0.000,0.465,goście
2026-04-26 21:00:00,Sunday,21,0.034,0.472,0.060,0.000,0.063,0.000,0.629,goście
2026-04-26 22:00:00,Sunday,22,0.026,0.364,0.089,0.000,0.052,0.000,0.531,goście
2026-04-26 23:00:00,Sunday,23,0.029,0.471,0.000,0.000,0.000,0.000,0.500,
2026-04-27 00:00:00,Monday,0,0.031,0.406,0.000,0.000,0.000,0.000,0.437,wyjazd / nieobecność
2026-04-27 01:00:00,Monday,1,0.028,0.436,0.000,0.000,0.000,0.000,0.464,wyjazd / nieobecność
2026-04-27 02:00:00,Monday,2,0.030,0.378,0.000,0.000,0.000,0.000,0.408,wyjazd / nieobecność
2026-04-27 03:00:00,Monday,3,0.025,0.523,0.000,0.000,0.000,0.000,0.548,wyjazd / nieobecność
2026-04-27 04:00:00,Monday,4,0.030,0.446,0.000,0.000,0.000,0.000,0.476,wyjazd / nieobecność
2026-04-27 05:00:00,Monday,5,0.024,0.497,0.000,0.000,0.000,0.000,0.521,wyjazd / nieobecność
2026-04-27 06:00:00,Monday,6,0.022,0.469,0.000,0.000,0.000,0.000,0.491,wyjazd / nieobecność
2026-04-27 07:00:00,Monday,7,0.025,0.428,0.000,0.000,0.000,0.000,0.453,wyjazd / nieobecność
2026-04-27 08:00:00,Monday,8,0.023,0.453,0.000,0.000,0.000,0.000,0.476,wyjazd / nieobecność
2026-04-27 09:00:00,Monday,9,0.021,0.412,0.000,0.000,0.000,0.000,0.433,wyjazd / nieobecność
2026-04-27 10:00:00,Monday,10,0.033,0.298,0.000,0.000,0.000,0.000,0.331,wyjazd / nieobecność
2026-04-27 11:00:00,Monday,11,0.026,0.267,0.000,0.000,0.000,0.000,0.293,wyjazd / nieobecność
2026-04-27 12:00:00,Monday,12,0.032,0.215,0.000,0.000,0.000,0.000,0.247,wyjazd / nieobecność
2026-04-27 13:00:00,Monday,13,0.030,0.178,0.000,0.000,0.000,0.000,0.208,wyjazd / nieobecność
2026-04-27 14:00:00,Monday,14,0.025,0.173,0.000,0.000,0.000,0.000,0.198,wyjazd / nieobecność
2026-04-27 15:00:00,Monday,15,0.026,0.181,0.000,0.000,0.000,0.000,0.207,wyjazd / nieobecność
2026-04-27 16:00:00,Monday,16,0.035,0.175,0.000,0.000,0.000,0.000,0.210,wyjazd / nieobecność
2026-04-27 17:00:00,Monday,17,0.024,0.190,0.000,0.000,0.000,0.000,0.214,wyjazd / nieobecność
2026-04-27 18:00:00,Monday,18,0.029,0.210,0.000,0.000,0.000,0.000,0.239,wyjazd / nieobecność
2026-04-27 19:00:00,Monday,19,0.033,0.246,0.000,0.000,0.000,0.000,0.279,wyjazd / nieobecność
2026-04-27 20:00:00,Monday,20,0.023,0.274,0.000,0.000,0.000,0.000,0.297,wyjazd / nieobecność
2026-04-27 21:00:00,Monday,21,0.028,0.314,0.000,0.000,0.000,0.000,0.342,wyjazd / nieobecność
2026-04-27 22:00:00,Monday,22,0.021,0.308,0.000,0.000,0.000,0.000,0.329,wyjazd / nieobecność
2026-04-27 23:00:00,Monday,23,0.023,0.338,0.000,0.000,0.000,0.000,0.361,wyjazd / nieobecność
2026-04-28 00:00:00,Tuesday,0,0.028,0.360,0.000,0.000,0.000,0.000,0.388,wyjazd / nieobecność
2026-04-28 01:00:00,Tuesday,1,0.034,0.416,0.000,0.000,0.000,0.000,0.450,wyjazd / nieobecność
2026-04-28 02:00:00,Tuesday,2,0.022,0.368,0.000,0.000,0.000,0.000,0.390,wyjazd / nieobecność
2026-04-28 03:00:00,Tuesday,3,0.026,0.446,0.000,0.000,0.000,0.000,0.472,wyjazd / nieobecność
2026-04-28 04:00:00,Tuesday,4,0.026,0.406,0.000,0.000,0.000,0.000,0.432,wyjazd / nieobecność
2026-04-28 05:00:00,Tuesday,5,0.024,0.432,0.000,0.000,0.000,0.000,0.456,wyjazd / nieobecność
2026-04-28 06:00:00,Tuesday,6,0.022,0.477,0.000,0.000,0.000,0.000,0.499,wyjazd / nieobecność
2026-04-28 07:00:00,Tuesday,7,0.028,0.511,0.000,0.000,0.000,0.000,0.539,wyjazd / nieobecność
2026-04-28 08:00:00,Tuesday,8,0.025,0.378,0.000,0.000,0.000,0.000,0.403,wyjazd / nieobecność
2026-04-28 09:00:00,Tuesday,9,0.023,0.344,0.000,0.000,0.000,0.000,0.367,wyjazd / nieobecność
2026-04-28 10:00:00,Tuesday,10,0.024,0.227,0.000,0.000,0.000,0.000,0.251,wyjazd / nieobecność
2026-04-28 11:00:00,Tuesday,11,0.030,0.201,0.000,0.000,0.000,0.000,0.231,wyjazd / nieobecność
2026-04-28 12:00:00,Tuesday,12,0.027,0.182,0.000,0.000,0.000,0.000,0.209,wyjazd / nieobecność
2026-04-28 13:00:00,Tuesday,13,0.032,0.172,0.000,0.000,0.000,0.000,0.204,wyjazd / nieobecność
2026-04-28 14:00:00,Tuesday,14,0.028,0.167,0.000,0.000,0.000,0.000,0.195,wyjazd / nieobecność
2026-04-28 15:00:00,Tuesday,15,0.036,0.165,0.000,0.000,0.000,0.000,0.201,wyjazd / nieobecność
2026-04-28 16:00:00,Tuesday,16,0.033,0.167,0.000,0.000,0.000,0.000,0.200,wyjazd / nieobecność
2026-04-28 17:00:00,Tuesday,17,0.034,0.181,0.000,0.000,0.000,0.000,0.215,wyjazd / nieobecność
2026-04-28 18:00:00,Tuesday,18,0.027,0.210,0.000,0.000,0.000,0.000,0.237,wyjazd / nieobecność
2026-04-28 19:00:00,Tuesday,19,0.033,0.196,0.000,0.000,0.000,0.000,0.229,wyjazd / nieobecność
2026-04-28 20:00:00,Tuesday,20,0.024,0.242,0.000,0.000,0.000,0.000,0.266,wyjazd / nieobecność
2026-04-28 21:00:00,Tuesday,21,0.025,0.270,0.000,0.000,0.000,0.000,0.295,wyjazd / nieobecność
2026-04-28 22:00:00,Tuesday,22,0.028,0.281,0.000,0.000,0.000,0.000,0.309,wyjazd / nieobecność
2026-04-28 23:00:00,Tuesday,23,0.026,0.249,0.000,0.000,0.000,0.000,0.275,wyjazd / nieobecność
2026-04-29 00:00:00,Wednesday,0,0.032,0.384,0.000,0.000,0.000,0.000,0.416,
2026-04-29 01:00:00,Wednesday,1,0.034,0.474,0.000,0.000,0.000,0.000,0.508,
2026-04-29 02:00:00,Wednesday,2,0.036,0.471,0.000,0.000,0.000,0.000,0.507,
2026-04-29 03:00:00,Wednesday,3,0.030,0.622,0.000,0.000,0.000,0.000,0.652,
2026-04-29 04:00:00,Wednesday,4,0.028,0.592,0.000,0.000,0.000,0.000,0.620,
2026-04-29 05:00:00,Wednesday,5,0.045,0.636,0.000,0.000,0.000,0.000,0.681,
2026-04-29 06:00:00,Wednesday,6,0.032,0.582,0.092,0.000,0.061,0.000,0.767,
2026-04-29 07:00:00,Wednesday,7,0.026,0.666,0.000,0.000,0.069,0.000,0.761,
2026-04-29 08:00:00,Wednesday,8,0.028,0.637,0.000,0.000,0.036,0.000,0.701,
2026-04-29 09:00:00,Wednesday,9,0.034,0.479,0.000,0.000,0.000,0.000,0.513,
2026-04-29 10:00:00,Wednesday,10,0.027,0.456,0.000,0.000,0.000,0.000,0.483,
2026-04-29 11:00:00,Wednesday,11,0.035,0.354,0.000,0.000,0.000,0.000,0.389,
2026-04-29 12:00:00,Wednesday,12,0.031,0.342,0.000,0.000,0.000,0.000,0.373,
2026-04-29 13:00:00,Wednesday,13,0.028,0.301,0.000,0.000,0.000,0.000,0.329,
2026-04-29 14:00:00,Wednesday,14,0.024,0.276,0.000,0.000,0.000,0.000,0.300,
2026-04-29 15:00:00,Wednesday,15,0.031,0.273,0.000,0.000,0.000,0.000,0.304,
2026-04-29 16:00:00,Wednesday,16,0.024,0.264,0.000,0.000,0.000,0.000,0.288,
2026-04-29 17:00:00,Wednesday,17,0.032,0.256,0.000,0.000,0.040,0.000,0.328,
2026-04-29 18:00:00,Wednesday,18,0.024,0.245,0.000,0.256,0.064,0.000,0.589,
2026-04-29 19:00:00,Wednesday,19,0.024,0.214,0.000,0.000,0.048,0.000,0.286,
2026-04-29 20:00:00,Wednesday,20,0.027,0.228,0.057,0.000,0.062,0.387,0.761,zmywarka
2026-04-29 21:00:00,Wednesday,21,0.024,0.265,0.086,0.000,0.035,0.000,0.410,
2026-04-29 22:00:00,Wednesday,22,0.024,0.220,0.099,0.000,0.042,0.000,0.385,
2026-04-29 23:00:00,Wednesday,23,0.039,0.279,0.000,0.000,0.000,0.000,0.318,
2026-04-30 00:00:00,Thursday,0,0.020,0.215,0.000,0.000,0.000,0.000,0.235,wyjazd / nieobecność
2026-04-30 01:00:00,Thursday,1,0.028,0.236,0.000,0.000,0.000,0.000,0.264,wyjazd / nieobecność
2026-04-30 02:00:00,Thursday,2,0.030,0.276,0.000,0.000,0.000,0.000,0.306,wyjazd / nieobecność
2026-04-30 03:00:00,Thursday,3,0.020,0.360,0.000,0.000,0.000,0.000,0.380,wyjazd / nieobecność
2026-04-30 04:00:00,Thursday,4,0.027,0.372,0.000,0.000,0.000,0.000,0.399,wyjazd / nieobecność
2026-04-30 05:00:00,Thursday,5,0.033,0.342,0.000,0.000,0.000,0.000,0.375,wyjazd / nieobecność
2026-04-30 06:00:00,Thursday,6,0.033,0.350,0.000,0.000,0.000,0.000,0.383,wyjazd / nieobecność
2026-04-30 07:00:00,Thursday,7,0.036,0.300,0.000,0.000,0.000,0.000,0.336,wyjazd / nieobecność
2026-04-30 08:00:00,Thursday,8,0.034,0.310,0.000,0.000,0.000,0.000,0.344,wyjazd / nieobecność
2026-04-30 09:00:00,Thursday,9,0.028,0.167,0.000,0.000,0.055,0.000,0.250,wyjazd / nieobecność; praca zdalna
2026-04-30 10:00:00,Thursday,10,0.027,0.124,0.000,0.000,0.070,0.000,0.221,wyjazd / nieobecność; praca zdalna
2026-04-30 11:00:00,Thursday,11,0.020,0.000,0.000,0.000,0.034,0.000,0.054,wyjazd / nieobecność; praca zdalna
2026-04-30 12:00:00,Thursday,12,0.024,0.000,0.000,0.000,0.042,0.000,0.066,wyjazd / nieobecność; praca zdalna
2026-04-30 13:00:00,Thursday,13,0.022,0.000,0.000,0.000,0.032,0.000,0.054,wyjazd / nieobecność; praca zdalna
2026-04-30 14:00:00,Thursday,14,0.023,0.000,0.000,0.000,0.062,0.000,0.085,wyjazd / nieobecność; praca zdalna
2026-04-30 15:00:00,Thursday,15,0.025,0.000,0.000,0.000,0.066,0.000,0.091,wyjazd / nieobecność; praca zdalna
2026-04-30 16:00:00,Thursday,16,0.035,0.000,0.000,0.000,0.076,0.000,0.111,wyjazd / nieobecność; praca zdalna
2026-04-30 17:00:00,Thursday,17,0.020,0.000,0.000,0.000,0.000,0.000,0.020,wyjazd / nieobecność
2026-04-30 18:00:00,Thursday,18,0.034,0.000,0.000,0.000,0.000,0.000,0.034,wyjazd / nieobecność
2026-04-30 19:00:00,Thursday,19,0.022,0.000,0.000,0.000,0.000,0.000,0.022,wyjazd / nieobecność
2026-04-30 20:00:00,Thursday,20,0.030,0.000,0.000,0.000,0.000,0.000,0.030,wyjazd / nieobecność
2026-04-30 21:00:00,Thursday,21,0.021,0.090,0.000,0.000,0.000,0.000,0.111,wyjazd / nieobecność
2026-04-30 22:00:00,Thursday,22,0.021,0.124,0.000,0.000,0.000,0.000,0.145,wyjazd / nieobecność
2026-04-30 23:00:00,Thursday,23,0.024,0.133,0.000,0.000,0.000,0.000,0.157,wyjazd / nieobecność
2026-05-01 00:00:00,Friday,0,0.021,0.236,0.000,0.000,0.000,0.000,0.257,
2026-05-01 01:00:00,Friday,1,0.023,0.269,0.000,0.000,0.000,0.000,0.292,
2026-05-01 02:00:00,Friday,2,0.031,0.331,0.000,0.000,0.000,0.000,0.362,
2026-05-01 03:00:00,Friday,3,0.041,0.386,0.000,0.000,0.000,0.000,0.427,
2026-05-01 04:00:00,Friday,4,0.026,0.462,0.000,0.000,0.000,0.000,0.488,
2026-05-01 05:00:00,Friday,5,0.036,0.423,0.000,0.000,0.000,0.000,0.459,
2026-05-01 06:00:00,Friday,6,0.025,0.487,0.000,0.000,0.040,0.000,0.552,
2026-05-01 07:00:00,Friday,7,0.027,0.463,0.000,0.000,0.037,0.000,0.527,
2026-05-01 08:00:00,Friday,8,0.023,0.402,0.000,0.000,0.054,0.000,0.479,
2026-05-01 09:00:00,Friday,9,0.028,0.298,0.000,0.000,0.000,0.253,0.579,pralka
2026-05-01 10:00:00,Friday,10,0.021,0.210,0.000,0.000,0.000,0.000,0.231,
2026-05-01 11:00:00,Friday,11,0.028,0.146,0.000,0.000,0.000,0.000,0.174,
2026-05-01 12:00:00,Friday,12,0.020,0.087,0.000,0.000,0.000,0.000,0.107,
2026-05-01 13:00:00,Friday,13,0.030,0.066,0.000,0.000,0.000,0.000,0.096,
2026-05-01 14:00:00,Friday,14,0.034,0.061,0.000,0.000,0.000,0.000,0.095,
2026-05-01 15:00:00,Friday,15,0.035,0.000,0.000,0.000,0.000,0.000,0.035,
2026-05-01 16:00:00,Friday,16,0.028,0.000,0.000,0.000,0.000,0.000,0.028,
2026-05-01 17:00:00,Friday,17,0.032,0.074,0.000,0.357,0.032,0.000,0.495,
2026-05-01 18:00:00,Friday,18,0.032,0.114,0.000,0.000,0.039,0.000,0.185,
2026-05-01 19:00:00,Friday,19,0.024,0.160,0.000,0.000,0.054,0.390,0.628,zmywarka
2026-05-01 20:00:00,Friday,20,0.028,0.194,0.000,0.000,0.036,0.000,0.258,
2026-05-01 21:00:00,Friday,21,0.032,0.231,0.059,0.000,0.034,0.000,0.356,
2026-05-01 22:00:00,Friday,22,0.032,0.152,0.078,0.000,0.039,0.000,0.301,
2026-05-01 23:00:00,Friday,23,0.028,0.136,0.000,0.000,0.000,0.000,0.164,
2026-05-02 00:00:00,Saturday,0,0.024,0.189,0.000,0.000,0.000,0.000,0.213,
2026-05-02 01:00:00,Saturday,1,0.023,0.242,0.000,0.000,0.000,0.000,0.265,
2026-05-02 02:00:00,Saturday,2,0.036,0.266,0.000,0.000,0.000,0.000,0.302,
2026-05-02 03:00:00,Saturday,3,0.028,0.308,0.000,0.000,0.000,0.000,0.336,
2026-05-02 04:00:00,Saturday,4,0.036,0.255,0.000,0.000,0.000,0.000,0.291,
2026-05-02 05:00:00,Saturday,5,0.038,0.277,0.000,0.000,0.000,0.000,0.315,
2026-05-02 06:00:00,Saturday,6,0.027,0.306,0.000,0.000,0.066,0.000,0.399,
2026-05-02 07:00:00,Saturday,7,0.022,0.308,0.000,0.000,0.040,0.000,0.370,
2026-05-02 08:00:00,Saturday,8,0.032,0.227,0.000,0.000,0.039,0.000,0.298,
2026-05-02 09:00:00,Saturday,9,0.034,0.200,0.000,0.000,0.000,0.000,0.234,
2026-05-02 10:00:00,Saturday,10,0.020,0.152,0.000,0.000,0.000,0.259,0.431,pralka
2026-05-02 11:00:00,Saturday,11,0.032,0.134,0.000,0.000,0.000,0.000,0.166,
2026-05-02 12:00:00,Saturday,12,0.026,0.122,0.000,0.000,0.000,0.000,0.148,
2026-05-02 13:00:00,Saturday,13,0.035,0.081,0.000,0.000,0.000,0.000,0.116,
2026-05-02 14:00:00,Saturday,14,0.030,0.096,0.000,0.000,0.000,0.410,0.536,zmywarka
2026-05-02 15:00:00,Saturday,15,0.032,0.069,0.000,0.000,0.000,0.000,0.101,
2026-05-02 16:00:00,Saturday,16,0.032,0.068,0.000,0.000,0.000,0.000,0.100,
2026-05-02 17:00:00,Saturday,17,0.028,0.000,0.000,0.000,0.056,0.000,0.084,
2026-05-02 18:00:00,Saturday,18,0.021,0.000,0.000,0.390,0.039,0.000,0.450,
2026-05-02 19:00:00,Saturday,19,0.022,0.000,0.000,0.000,0.031,0.000,0.053,
2026-05-02 20:00:00,Saturday,20,0.033,0.000,0.000,0.000,0.034,0.000,0.067,
2026-05-02 21:00:00,Saturday,21,0.033,0.084,0.088,0.000,0.067,0.000,0.272,
2026-05-02 22:00:00,Saturday,22,0.025,0.000,0.053,0.000,0.048,0.000,0.126,
2026-05-02 23:00:00,Saturday,23,0.046,0.000,0.000,0.000,0.000,0.000,0.046,
2026-05-03 00:00:00,Sunday,0,0.035,0.000,0.000,0.000,0.000,0.000,0.035,wyjazd / nieobecność
2026-05-03 01:00:00,Sunday,1,0.034,0.000,0.000,0.000,0.000,0.000,0.034,wyjazd / nieobecność
2026-05-03 02:00:00,Sunday,2,0.031,0.000,0.000,0.000,0.000,0.000,0.031,wyjazd / nieobecność
2026-05-03 03:00:00,Sunday,3,0.021,0.087,0.000,0.000,0.000,0.000,0.108,wyjazd / nieobecność
2026-05-03 04:00:00,Sunday,4,0.022,0.094,0.000,0.000,0.000,0.000,0.116,wyjazd / nieobecność
2026-05-03 05:00:00,Sunday,5,0.034,0.122,0.000,0.000,0.000,0.000,0.156,wyjazd / nieobecność
2026-05-03 06:00:00,Sunday,6,0.028,0.145,0.000,0.000,0.000,0.000,0.173,wyjazd / nieobecność
2026-05-03 07:00:00,Sunday,7,0.031,0.164,0.000,0.000,0.000,0.000,0.195,wyjazd / nieobecność
2026-05-03 08:00:00,Sunday,8,0.028,0.133,0.000,0.000,0.000,0.000,0.161,wyjazd / nieobecność
2026-05-03 09:00:00,Sunday,9,0.024,0.124,0.000,0.000,0.000,0.000,0.148,wyjazd / nieobecność
2026-05-03 10:00:00,Sunday,10,0.026,0.073,0.000,0.000,0.000,0.000,0.099,wyjazd / nieobecność
2026-05-03 11:00:00,Sunday,11,0.022,0.000,0.000,0.000,0.000,0.000,0.022,wyjazd / nieobecność
2026-05-03 12:00:00,Sunday,12,0.026,0.000,0.000,0.000,0.000,0.000,0.026,wyjazd / nieobecność
2026-05-03 13:00:00,Sunday,13,0.022,0.000,0.000,0.000,0.000,0.000,0.022,wyjazd / nieobecność
2026-05-03 14:00:00,Sunday,14,0.031,0.088,0.000,0.000,0.000,0.000,0.119,wyjazd / nieobecność
2026-05-03 15:00:00,Sunday,15,0.026,0.000,0.000,0.000,0.000,0.000,0.026,wyjazd / nieobecność
2026-05-03 16:00:00,Sunday,16,0.025,0.000,0.000,0.000,0.000,0.000,0.025,wyjazd / nieobecność
2026-05-03 17:00:00,Sunday,17,0.030,0.000,0.000,0.000,0.000,0.000,0.030,wyjazd / nieobecność
2026-05-03 18:00:00,Sunday,18,0.027,0.000,0.000,0.000,0.000,0.000,0.027,wyjazd / nieobecność
2026-05-03 19:00:00,Sunday,19,0.028,0.086,0.000,0.000,0.000,0.000,0.114,wyjazd / nieobecność
2026-05-03 20:00:00,Sunday,20,0.020,0.124,0.000,0.000,0.000,0.000,0.144,wyjazd / nieobecność
2026-05-03 21:00:00,Sunday,21,0.022,0.139,0.000,0.000,0.000,0.000,0.161,wyjazd / nieobecność
2026-05-03 22:00:00,Sunday,22,0.023,0.142,0.000,0.000,0.000,0.000,0.165,wyjazd / nieobecność
2026-05-03 23:00:00,Sunday,23,0.025,0.150,0.000,0.000,0.000,0.000,0.175,wyjazd / nieobecność
2026-05-04 00:00:00,Monday,0,0.026,0.224,0.000,0.000,0.000,0.000,0.250,
2026-05-04 01:00:00,Monday,1,0.024,0.241,0.000,0.000,0.000,0.000,0.265,
2026-05-04 02:00:00,Monday,2,0.038,0.229,0.000,0.000,0.000,0.000,0.267,
2026-05-04 03:00:00,Monday,3,0.032,0.241,0.000,0.000,0.000,0.000,0.273,
2026-05-04 04:00:00,Monday,4,0.021,0.260,0.000,0.000,0.000,0.000,0.281,
2026-05-04 05:00:00,Monday,5,0.034,0.244,0.000,0.000,0.000,0.000,0.278,
2026-05-04 06:00:00,Monday,6,0.034,0.294,0.000,0.000,0.057,0.000,0.385,
2026-05-04 07:00:00,Monday,7,0.022,0.292,0.000,0.000,0.070,0.000,0.384,
2026-05-04 08:00:00,Monday,8,0.027,0.290,0.000,0.000,0.061,0.000,0.378,
2026-05-04 09:00:00,Monday,9,0.031,0.238,0.000,0.000,0.116,0.000,0.385,praca zdalna
2026-05-04 10:00:00,Monday,10,0.033,0.327,0.000,0.000,0.079,0.000,0.439,praca zdalna
2026-05-04 11:00:00,Monday,11,0.026,0.227,0.000,0.000,0.101,0.000,0.354,praca zdalna
2026-05-04 12:00:00,Monday,12,0.032,0.230,0.000,0.000,0.131,0.000,0.393,praca zdalna
2026-05-04 13:00:00,Monday,13,0.022,0.164,0.000,0.000,0.095,0.000,0.281,praca zdalna
2026-05-04 14:00:00,Monday,14,0.036,0.147,0.000,0.000,0.086,0.000,0.269,praca zdalna
2026-05-04 15:00:00,Monday,15,0.021,0.146,0.000,0.000,0.120,0.000,0.287,praca zdalna
2026-05-04 16:00:00,Monday,16,0.032,0.149,0.000,0.000,0.072,0.000,0.253,praca zdalna
2026-05-04 17:00:00,Monday,17,0.032,0.167,0.000,0.000,0.038,0.000,0.237,
2026-05-04 18:00:00,Monday,18,0.031,0.183,0.000,0.262,0.033,0.000,0.509,
2026-05-04 19:00:00,Monday,19,0.034,0.244,0.000,0.000,0.044,0.396,0.718,zmywarka
2026-05-04 20:00:00,Monday,20,0.035,0.228,0.000,0.000,0.053,0.000,0.316,
2026-05-04 21:00:00,Monday,21,0.032,0.297,0.090,0.000,0.065,0.000,0.484,
2026-05-04 22:00:00,Monday,22,0.030,0.212,0.064,0.000,0.048,0.000,0.354,
2026-05-04 23:00:00,Monday,23,0.024,0.280,0.000,0.000,0.000,0.000,0.304,
2026-05-05 00:00:00,Tuesday,0,0.046,0.342,0.000,0.000,0.000,0.000,0.388,
2026-05-05 01:00:00,Tuesday,1,0.026,0.302,0.000,0.000,0.000,0.000,0.328,
2026-05-05 02:00:00,Tuesday,2,0.031,0.408,0.000,0.000,0.000,0.000,0.439,
2026-05-05 03:00:00,Tuesday,3,0.023,0.459,0.000,0.000,0.000,0.000,0.482,
2026-05-05 04:00:00,Tuesday,4,0.035,0.461,0.000,0.000,0.000,0.000,0.496,
2026-05-05 05:00:00,Tuesday,5,0.024,0.501,0.000,0.000,0.000,0.000,0.525,
2026-05-05 06:00:00,Tuesday,6,0.026,0.548,0.000,0.000,0.065,0.000,0.639,
2026-05-05 07:00:00,Tuesday,7,0.031,0.473,0.000,0.000,0.056,0.000,0.560,
2026-05-05 08:00:00,Tuesday,8,0.032,0.466,0.000,0.000,0.031,0.000,0.529,
2026-05-05 09:00:00,Tuesday,9,0.023,0.431,0.000,0.000,0.000,0.000,0.454,
2026-05-05 10:00:00,Tuesday,10,0.027,0.371,0.000,0.000,0.000,0.000,0.398,
2026-05-05 11:00:00,Tuesday,11,0.027,0.276,0.000,0.000,0.000,0.000,0.303,
2026-05-05 12:00:00,Tuesday,12,0.022,0.258,0.000,0.000,0.000,0.387,0.667,pralka
2026-05-05 13:00:00,Tuesday,13,0.023,0.303,0.000,0.000,0.000,0.000,0.326,
2026-05-05 14:00:00,Tuesday,14,0.024,0.246,0.000,0.000,0.000,0.000,0.270,
2026-05-05 15:00:00,Tuesday,15,0.024,0.227,0.000,0.000,0.000,0.000,0.251,
2026-05-05 16:00:00,Tuesday,16,0.026,0.205,0.000,0.000,0.000,0.000,0.231,
2026-05-05 17:00:00,Tuesday,17,0.025,0.246,0.000,0.000,0.036,0.000,0.307,
2026-05-05 18:00:00,Tuesday,18,0.027,0.289,0.000,0.668,0.044,0.000,1.028,
2026-05-05 19:00:00,Tuesday,19,0.022,0.308,0.000,0.000,0.070,0.363,0.763,zmywarka
2026-05-05 20:00:00,Tuesday,20,0.026,0.370,0.000,0.000,0.044,0.000,0.440,
2026-05-05 21:00:00,Tuesday,21,0.021,0.322,0.084,0.000,0.053,0.000,0.480,
2026-05-05 22:00:00,Tuesday,22,0.022,0.399,0.110,0.000,0.035,0.000,0.566,
2026-05-05 23:00:00,Tuesday,23,0.031,0.403,0.000,0.000,0.000,0.000,0.434,
2026-05-06 00:00:00,Wednesday,0,0.031,0.306,0.000,0.000,0.000,0.000,0.337,wyjazd / nieobecność
2026-05-06 01:00:00,Wednesday,1,0.032,0.297,0.000,0.000,0.000,0.000,0.329,wyjazd / nieobecność
2026-05-06 02:00:00,Wednesday,2,0.025,0.360,0.000,0.000,0.000,0.000,0.385,wyjazd / nieobecność
2026-05-06 03:00:00,Wednesday,3,0.026,0.359,0.000,0.000,0.000,0.000,0.385,wyjazd / nieobecność
2026-05-06 04:00:00,Wednesday,4,0.023,0.326,0.000,0.000,0.000,0.000,0.349,wyjazd / nieobecność
2026-05-06 05:00:00,Wednesday,5,0.026,0.433,0.000,0.000,0.000,0.000,0.459,wyjazd / nieobecność
2026-05-06 06:00:00,Wednesday,6,0.032,0.420,0.000,0.000,0.000,0.000,0.452,wyjazd / nieobecność
2026-05-06 07:00:00,Wednesday,7,0.026,0.408,0.000,0.000,0.000,0.000,0.434,wyjazd / nieobecność
2026-05-06 08:00:00,Wednesday,8,0.022,0.321,0.000,0.000,0.000,0.000,0.343,wyjazd / nieobecność
2026-05-06 09:00:00,Wednesday,9,0.031,0.336,0.000,0.000,0.000,0.000,0.367,wyjazd / nieobecność
2026-05-06 10:00:00,Wednesday,10,0.022,0.240,0.000,0.000,0.000,0.000,0.262,wyjazd / nieobecność
2026-05-06 11:00:00,Wednesday,11,0.024,0.220,0.000,0.000,0.000,0.000,0.244,wyjazd / nieobecność
2026-05-06 12:00:00,Wednesday,12,0.026,0.184,0.000,0.000,0.000,0.000,0.210,wyjazd / nieobecność
2026-05-06 13:00:00,Wednesday,13,0.031,0.109,0.000,0.000,0.000,0.000,0.140,wyjazd / nieobecność
2026-05-06 14:00:00,Wednesday,14,0.021,0.115,0.000,0.000,0.000,0.000,0.136,wyjazd / nieobecność
2026-05-06 15:00:00,Wednesday,15,0.036,0.096,0.000,0.000,0.000,0.000,0.132,wyjazd / nieobecność
2026-05-06 16:00:00,Wednesday,16,0.025,0.134,0.000,0.000,0.000,0.000,0.159,wyjazd / nieobecność
2026-05-06 17:00:00,Wednesday,17,0.028,0.167,0.000,0.000,0.000,0.000,0.195,wyjazd / nieobecność
2026-05-06 18:00:00,Wednesday,18,0.023,0.170,0.000,0.000,0.000,0.000,0.193,wyjazd / nieobecność
2026-05-06 19:00:00,Wednesday,19,0.028,0.217,0.000,0.000,0.000,0.000,0.245,wyjazd / nieobecność
2026-05-06 20:00:00,Wednesday,20,0.022,0.241,0.000,0.000,0.000,0.000,0.263,wyjazd / nieobecność
2026-05-06 21:00:00,Wednesday,21,0.028,0.292,0.000,0.000,0.000,0.000,0.320,wyjazd / nieobecność
2026-05-06 22:00:00,Wednesday,22,0.022,0.282,0.000,0.000,0.000,0.000,0.304,wyjazd / nieobecność
2026-05-06 23:00:00,Wednesday,23,0.029,0.265,0.000,0.000,0.000,0.000,0.294,wyjazd / nieobecność
2026-05-07 00:00:00,Thursday,0,0.034,0.458,0.000,0.000,0.000,0.000,0.492,
2026-05-07 01:00:00,Thursday,1,0.032,0.475,0.000,0.000,0.000,0.000,0.507,
2026-05-07 02:00:00,Thursday,2,0.036,0.497,0.000,0.000,0.000,0.000,0.533,
2026-05-07 03:00:00,Thursday,3,0.034,0.499,0.000,0.000,0.000,0.000,0.533,
2026-05-07 04:00:00,Thursday,4,0.030,0.578,0.000,0.000,0.000,0.000,0.608,
2026-05-07 05:00:00,Thursday,5,0.033,0.536,0.000,0.000,0.000,0.000,0.569,
2026-05-07 06:00:00,Thursday,6,0.030,0.476,0.000,0.000,0.054,0.000,0.560,
2026-05-07 07:00:00,Thursday,7,0.034,0.524,0.000,0.000,0.056,0.000,0.614,
2026-05-07 08:00:00,Thursday,8,0.030,0.486,0.000,0.000,0.043,0.000,0.559,
2026-05-07 09:00:00,Thursday,9,0.028,0.410,0.000,0.000,0.000,0.000,0.438,
2026-05-07 10:00:00,Thursday,10,0.034,0.309,0.000,0.000,0.000,0.000,0.343,
2026-05-07 11:00:00,Thursday,11,0.024,0.268,0.000,0.000,0.000,0.000,0.292,
2026-05-07 12:00:00,Thursday,12,0.030,0.256,0.000,0.000,0.000,0.000,0.286,
2026-05-07 13:00:00,Thursday,13,0.032,0.267,0.000,0.000,0.000,0.000,0.299,
2026-05-07 14:00:00,Thursday,14,0.032,0.256,0.000,0.000,0.000,0.000,0.288,
2026-05-07 15:00:00,Thursday,15,0.028,0.246,0.000,0.000,0.000,0.000,0.274,
2026-05-07 16:00:00,Thursday,16,0.036,0.268,0.000,0.000,0.000,0.000,0.304,
2026-05-07 17:00:00,Thursday,17,0.025,0.237,0.000,0.698,0.064,0.000,1.024,
2026-05-07 18:00:00,Thursday,18,0.030,0.278,0.000,0.000,0.053,0.000,0.361,
2026-05-07 19:00:00,Thursday,19,0.032,0.254,0.000,0.000,0.033,0.372,0.691,zmywarka
2026-05-07 20:00:00,Thursday,20,0.024,0.283,0.000,0.000,0.040,0.000,0.347,
2026-05-07 21:00:00,Thursday,21,0.032,0.329,0.114,0.000,0.048,0.000,0.523,
2026-05-07 22:00:00,Thursday,22,0.027,0.336,0.069,0.000,0.068,0.000,0.500,
2026-05-07 23:00:00,Thursday,23,0.030,0.329,0.000,0.000,0.000,0.000,0.359,
2026-05-08 00:00:00,Friday,0,0.034,0.373,0.000,0.000,0.000,0.000,0.407,
2026-05-08 01:00:00,Friday,1,0.024,0.424,0.000,0.000,0.000,0.000,0.448,
2026-05-08 02:00:00,Friday,2,0.020,0.525,0.000,0.000,0.000,0.000,0.545,
2026-05-08 03:00:00,Friday,3,0.023,0.464,0.000,0.000,0.000,0.000,0.487,
2026-05-08 04:00:00,Friday,4,0.039,0.468,0.000,0.000,0.000,0.000,0.507,
2026-05-08 05:00:00,Friday,5,0.028,0.570,0.000,0.000,0.000,0.000,0.598,
2026-05-08 06:00:00,Friday,6,0.034,0.470,0.000,0.000,0.066,0.000,0.570,
2026-05-08 07:00:00,Friday,7,0.030,0.496,0.000,0.000,0.048,0.000,0.574,
2026-05-08 08:00:00,Friday,8,0.030,0.421,0.000,0.000,0.034,0.000,0.485,
2026-05-08 09:00:00,Friday,9,0.033,0.348,0.000,0.000,0.000,0.000,0.381,
2026-05-08 10:00:00,Friday,10,0.028,0.299,0.000,0.000,0.000,0.000,0.327,
2026-05-08 11:00:00,Friday,11,0.035,0.251,0.000,0.000,0.000,0.000,0.286,
2026-05-08 12:00:00,Friday,12,0.034,0.258,0.000,0.000,0.000,0.000,0.292,
2026-05-08 13:00:00,Friday,13,0.030,0.300,0.000,0.000,0.000,0.000,0.330,
2026-05-08 14:00:00,Friday,14,0.035,0.318,0.000,0.000,0.000,0.000,0.353,
2026-05-08 15:00:00,Friday,15,0.023,0.287,0.000,0.000,0.000,0.000,0.310,
2026-05-08 16:00:00,Friday,16,0.029,0.272,0.000,0.000,0.000,0.000,0.301,
2026-05-08 17:00:00,Friday,17,0.028,0.280,0.000,0.316,0.039,0.000,0.663,
2026-05-08 18:00:00,Friday,18,0.024,0.224,0.000,0.000,0.038,0.000,0.286,
2026-05-08 19:00:00,Friday,19,0.021,0.255,0.000,0.000,0.039,0.000,0.315,
2026-05-08 20:00:00,Friday,20,0.027,0.275,0.000,0.000,0.050,0.332,0.684,zmywarka
2026-05-08 21:00:00,Friday,21,0.024,0.332,0.073,0.000,0.064,0.000,0.493,
2026-05-08 22:00:00,Friday,22,0.029,0.280,0.094,0.000,0.036,0.000,0.439,
2026-05-08 23:00:00,Friday,23,0.027,0.368,0.000,0.000,0.000,0.000,0.395,
2026-05-09 00:00:00,Saturday,0,0.036,0.392,0.000,0.000,0.000,0.000,0.428,
2026-05-09 01:00:00,Saturday,1,0.032,0.404,0.000,0.000,0.000,0.000,0.436,
2026-05-09 02:00:00,Saturday,2,0.034,0.490,0.000,0.000,0.000,0.000,0.524,
2026-05-09 03:00:00,Saturday,3,0.036,0.445,0.000,0.000,0.000,0.000,0.481,
2026-05-09 04:00:00,Saturday,4,0.035,0.538,0.000,0.000,0.000,0.000,0.573,
2026-05-09 05:00:00,Saturday,5,0.029,0.491,0.000,0.000,0.000,0.000,0.520,
2026-05-09 06:00:00,Saturday,6,0.026,0.550,0.000,0.000,0.053,0.000,0.629,
2026-05-09 07:00:00,Saturday,7,0.024,0.514,0.000,0.000,0.066,0.000,0.604,
2026-05-09 08:00:00,Saturday,8,0.028,0.485,0.000,0.000,0.042,0.000,0.555,
2026-05-09 09:00:00,Saturday,9,0.027,0.477,0.000,0.000,0.000,0.370,0.874,pralka
2026-05-09 10:00:00,Saturday,10,0.028,0.413,0.000,0.000,0.000,0.610,1.051,suszarka
2026-05-09 11:00:00,Saturday,11,0.024,0.270,0.000,0.000,0.000,0.000,0.294,
2026-05-09 12:00:00,Saturday,12,0.028,0.247,0.000,0.000,0.000,0.000,0.275,
2026-05-09 13:00:00,Saturday,13,0.027,0.210,0.000,0.000,0.000,0.000,0.237,
2026-05-09 14:00:00,Saturday,14,0.028,0.214,0.000,0.000,0.000,0.357,0.599,zmywarka
2026-05-09 15:00:00,Saturday,15,0.028,0.203,0.000,0.000,0.000,0.000,0.231,
2026-05-09 16:00:00,Saturday,16,0.032,0.251,0.000,0.000,0.000,0.000,0.283,
2026-05-09 17:00:00,Saturday,17,0.029,0.332,0.000,0.000,0.052,0.000,0.413,
2026-05-09 18:00:00,Saturday,18,0.029,0.284,0.000,0.434,0.030,0.000,0.777,
2026-05-09 19:00:00,Saturday,19,0.022,0.294,0.000,0.000,0.049,0.000,0.365,
2026-05-09 20:00:00,Saturday,20,0.034,0.305,0.000,0.000,0.045,0.000,0.384,
2026-05-09 21:00:00,Saturday,21,0.031,0.413,0.082,0.000,0.070,0.000,0.596,
2026-05-09 22:00:00,Saturday,22,0.034,0.323,0.109,0.000,0.052,0.000,0.518,
2026-05-09 23:00:00,Saturday,23,0.026,0.388,0.000,0.000,0.000,0.000,0.414,
2026-05-10 00:00:00,Sunday,0,0.033,0.337,0.000,0.000,0.000,0.000,0.370,
2026-05-10 01:00:00,Sunday,1,0.033,0.344,0.000,0.000,0.000,0.000,0.377,
2026-05-10 02:00:00,Sunday,2,0.033,0.448,0.000,0.000,0.000,0.000,0.481,
2026-05-10 03:00:00,Sunday,3,0.037,0.450,0.000,0.000,0.000,0.000,0.487,
2026-05-10 04:00:00,Sunday,4,0.038,0.388,0.000,0.000,0.000,0.000,0.426,
2026-05-10 05:00:00,Sunday,5,0.028,0.493,0.000,0.000,0.000,0.000,0.521,
2026-05-10 06:00:00,Sunday,6,0.026,0.416,0.000,0.000,0.044,0.000,0.486,
2026-05-10 07:00:00,Sunday,7,0.033,0.363,0.000,0.000,0.047,0.000,0.443,
2026-05-10 08:00:00,Sunday,8,0.031,0.372,0.000,0.000,0.046,0.000,0.449,
2026-05-10 09:00:00,Sunday,9,0.020,0.370,0.000,0.000,0.000,0.000,0.390,
2026-05-10 10:00:00,Sunday,10,0.035,0.344,0.000,0.000,0.000,0.000,0.379,
2026-05-10 11:00:00,Sunday,11,0.026,0.305,0.000,0.000,0.000,0.000,0.331,
2026-05-10 12:00:00,Sunday,12,0.032,0.314,0.000,0.000,0.000,0.000,0.346,
2026-05-10 13:00:00,Sunday,13,0.031,0.282,0.000,0.000,0.000,0.000,0.313,
2026-05-10 14:00:00,Sunday,14,0.033,0.250,0.000,0.000,0.000,0.000,0.283,
2026-05-10 15:00:00,Sunday,15,0.029,0.261,0.000,0.000,0.000,0.000,0.290,
2026-05-10 16:00:00,Sunday,16,0.026,0.256,0.000,0.000,0.000,0.000,0.282,
2026-05-10 17:00:00,Sunday,17,0.034,0.340,0.000,0.000,0.056,0.000,0.430,
2026-05-10 18:00:00,Sunday,18,0.030,0.287,0.000,0.764,0.068,0.000,1.149,
2026-05-10 19:00:00,Sunday,19,0.034,0.289,0.000,0.000,0.064,0.000,0.387,
2026-05-10 20:00:00,Sunday,20,0.028,0.280,0.000,0.000,0.038,0.000,0.346,
2026-05-10 21:00:00,Sunday,21,0.035,0.300,0.077,0.000,0.038,0.000,0.450,
2026-05-10 22:00:00,Sunday,22,0.024,0.316,0.081,0.000,0.056,0.000,0.477,
2026-05-10 23:00:00,Sunday,23,0.028,0.321,0.000,0.000,0.000,0.000,0.349,
2026-05-11 00:00:00,Monday,0,0.030,0.378,0.000,0.000,0.000,0.000,0.408,
2026-05-11 01:00:00,Monday,1,0.031,0.419,0.000,0.000,0.000,0.000,0.450,
2026-05-11 02:00:00,Monday,2,0.030,0.391,0.000,0.000,0.000,0.000,0.421,
2026-05-11 03:00:00,Monday,3,0.027,0.507,0.000,0.000,0.000,0.000,0.534,
2026-05-11 04:00:00,Monday,4,0.034,0.496,0.000,0.000,0.000,0.000,0.530,
2026-05-11 05:00:00,Monday,5,0.028,0.450,0.000,0.000,0.000,0.000,0.478,
2026-05-11 06:00:00,Monday,6,0.030,0.544,0.000,0.000,0.044,0.000,0.618,
2026-05-11 07:00:00,Monday,7,0.030,0.434,0.000,0.000,0.058,0.000,0.522,
2026-05-11 08:00:00,Monday,8,0.023,0.447,0.000,0.000,0.049,0.000,0.519,
2026-05-11 09:00:00,Monday,9,0.035,0.430,0.000,0.000,0.000,0.000,0.465,
2026-05-11 10:00:00,Monday,10,0.024,0.426,0.000,0.000,0.000,0.000,0.450,
2026-05-11 11:00:00,Monday,11,0.027,0.392,0.000,0.000,0.000,0.000,0.419,
2026-05-11 12:00:00,Monday,12,0.028,0.432,0.000,0.000,0.000,0.000,0.460,
2026-05-11 13:00:00,Monday,13,0.028,0.462,0.000,0.000,0.000,0.000,0.490,
2026-05-11 14:00:00,Monday,14,0.036,0.399,0.000,0.000,0.000,0.000,0.435,
2026-05-11 15:00:00,Monday,15,0.035,0.394,0.000,0.000,0.000,0.000,0.429,
2026-05-11 16:00:00,Monday,16,0.031,0.396,0.000,0.000,0.000,0.000,0.427,
2026-05-11 17:00:00,Monday,17,0.031,0.426,0.000,0.000,0.040,0.000,0.497,
2026-05-11 18:00:00,Monday,18,0.023,0.414,0.000,0.277,0.052,0.000,0.766,
2026-05-11 19:00:00,Monday,19,0.030,0.438,0.000,0.000,0.062,0.321,0.851,zmywarka
2026-05-11 20:00:00,Monday,20,0.022,0.510,0.000,0.000,0.064,0.000,0.596,
2026-05-11 21:00:00,Monday,21,0.021,0.402,0.051,0.000,0.054,0.000,0.528,
2026-05-11 22:00:00,Monday,22,0.032,0.428,0.044,0.000,0.043,0.000,0.547,
2026-05-11 23:00:00,Monday,23,0.040,0.392,0.000,0.000,0.000,0.000,0.432,
2026-05-12 00:00:00,Tuesday,0,0.026,0.403,0.000,0.000,0.000,0.000,0.429,
2026-05-12 01:00:00,Tuesday,1,0.038,0.393,0.000,0.000,0.000,0.000,0.431,
2026-05-12 02:00:00,Tuesday,2,0.046,0.372,0.000,0.000,0.000,0.000,0.418,
2026-05-12 03:00:00,Tuesday,3,0.035,0.480,0.000,0.000,0.000,0.000,0.515,
2026-05-12 04:00:00,Tuesday,4,0.034,0.432,0.000,0.000,0.000,0.000,0.466,
2026-05-12 05:00:00,Tuesday,5,0.030,0.409,0.000,0.000,0.000,0.000,0.439,
2026-05-12 06:00:00,Tuesday,6,0.027,0.484,0.000,0.000,0.062,0.000,0.573,
2026-05-12 07:00:00,Tuesday,7,0.033,0.514,0.000,0.000,0.060,0.000,0.607,
2026-05-12 08:00:00,Tuesday,8,0.031,0.504,0.000,0.000,0.066,0.000,0.601,
2026-05-12 09:00:00,Tuesday,9,0.035,0.380,0.000,0.000,0.110,0.000,0.525,praca zdalna
2026-05-12 10:00:00,Tuesday,10,0.028,0.444,0.000,0.000,0.109,0.000,0.581,praca zdalna
2026-05-12 11:00:00,Tuesday,11,0.028,0.382,0.000,0.000,0.110,0.000,0.520,praca zdalna
2026-05-12 12:00:00,Tuesday,12,0.028,0.321,0.000,0.000,0.098,0.292,0.739,praca zdalna; pralka
2026-05-12 13:00:00,Tuesday,13,0.031,0.286,0.000,0.000,0.093,0.684,1.094,praca zdalna; suszarka
2026-05-12 14:00:00,Tuesday,14,0.024,0.274,0.000,0.000,0.142,0.000,0.440,praca zdalna
2026-05-12 15:00:00,Tuesday,15,0.027,0.344,0.000,0.000,0.121,0.000,0.492,praca zdalna
2026-05-12 16:00:00,Tuesday,16,0.030,0.334,0.000,0.000,0.083,0.000,0.447,praca zdalna
2026-05-12 17:00:00,Tuesday,17,0.022,0.310,0.000,0.000,0.053,0.000,0.385,
2026-05-12 18:00:00,Tuesday,18,0.028,0.318,0.000,0.408,0.067,0.000,0.821,
2026-05-12 19:00:00,Tuesday,19,0.023,0.307,0.000,0.000,0.065,0.000,0.395,
2026-05-12 20:00:00,Tuesday,20,0.035,0.363,0.000,0.000,0.070,0.322,0.790,zmywarka
2026-05-12 21:00:00,Tuesday,21,0.026,0.366,0.119,0.000,0.049,0.000,0.560,
2026-05-12 22:00:00,Tuesday,22,0.029,0.356,0.097,0.000,0.065,0.000,0.547,
2026-05-12 23:00:00,Tuesday,23,0.032,0.415,0.000,0.000,0.000,0.000,0.447,
2026-05-13 00:00:00,Wednesday,0,0.026,0.372,0.000,0.000,0.000,0.000,0.398,
2026-05-13 01:00:00,Wednesday,1,0.022,0.446,0.000,0.000,0.000,0.000,0.468,
2026-05-13 02:00:00,Wednesday,2,0.039,0.473,0.000,0.000,0.000,0.000,0.512,
2026-05-13 03:00:00,Wednesday,3,0.035,0.450,0.000,0.000,0.000,0.000,0.485,
2026-05-13 04:00:00,Wednesday,4,0.035,0.466,0.000,0.000,0.000,0.000,0.501,
2026-05-13 05:00:00,Wednesday,5,0.021,0.475,0.000,0.000,0.000,0.000,0.496,
2026-05-13 06:00:00,Wednesday,6,0.030,0.548,0.000,0.000,0.043,0.000,0.621,
2026-05-13 07:00:00,Wednesday,7,0.026,0.517,0.000,0.000,0.050,0.000,0.593,
2026-05-13 08:00:00,Wednesday,8,0.024,0.441,0.000,0.000,0.044,0.000,0.509,
2026-05-13 09:00:00,Wednesday,9,0.027,0.490,0.000,0.000,0.118,0.000,0.635,praca zdalna
2026-05-13 10:00:00,Wednesday,10,0.035,0.405,0.000,0.000,0.110,0.000,0.550,praca zdalna
2026-05-13 11:00:00,Wednesday,11,0.025,0.519,0.000,0.000,0.107,0.000,0.651,praca zdalna
2026-05-13 12:00:00,Wednesday,12,0.025,0.478,0.000,0.000,0.116,0.000,0.619,praca zdalna
2026-05-13 13:00:00,Wednesday,13,0.029,0.516,0.000,0.000,0.067,0.000,0.612,praca zdalna
2026-05-13 14:00:00,Wednesday,14,0.034,0.438,0.000,0.000,0.131,0.000,0.603,praca zdalna
2026-05-13 15:00:00,Wednesday,15,0.033,0.423,0.000,0.000,0.089,0.000,0.545,praca zdalna
2026-05-13 16:00:00,Wednesday,16,0.030,0.474,0.000,0.000,0.114,0.000,0.618,praca zdalna
2026-05-13 17:00:00,Wednesday,17,0.022,0.400,0.000,0.000,0.032,0.000,0.454,
2026-05-13 18:00:00,Wednesday,18,0.024,0.475,0.000,0.534,0.062,0.000,1.095,
2026-05-13 19:00:00,Wednesday,19,0.032,0.460,0.000,0.000,0.042,0.000,0.534,
2026-05-13 20:00:00,Wednesday,20,0.036,0.396,0.000,0.000,0.068,0.000,0.500,
2026-05-13 21:00:00,Wednesday,21,0.028,0.471,0.102,0.000,0.043,0.000,0.644,
2026-05-13 22:00:00,Wednesday,22,0.031,0.481,0.072,0.000,0.050,0.000,0.634,
2026-05-13 23:00:00,Wednesday,23,0.028,0.508,0.000,0.000,0.000,0.000,0.536,
2026-05-14 00:00:00,Thursday,0,0.023,0.390,0.000,0.000,0.000,0.000,0.413,wyjazd / nieobecność
2026-05-14 01:00:00,Thursday,1,0.027,0.298,0.000,0.000,0.000,0.000,0.325,wyjazd / nieobecność
2026-05-14 02:00:00,Thursday,2,0.023,0.405,0.000,0.000,0.000,0.000,0.428,wyjazd / nieobecność
2026-05-14 03:00:00,Thursday,3,0.032,0.386,0.000,0.000,0.000,0.000,0.418,wyjazd / nieobecność
2026-05-14 04:00:00,Thursday,4,0.031,0.347,0.000,0.000,0.000,0.000,0.378,wyjazd / nieobecność
2026-05-14 05:00:00,Thursday,5,0.036,0.376,0.000,0.000,0.000,0.000,0.412,wyjazd / nieobecność
2026-05-14 06:00:00,Thursday,6,0.024,0.372,0.000,0.000,0.000,0.000,0.396,wyjazd / nieobecność
2026-05-14 07:00:00,Thursday,7,0.021,0.430,0.000,0.000,0.000,0.000,0.451,wyjazd / nieobecność
2026-05-14 08:00:00,Thursday,8,0.034,0.321,0.000,0.000,0.000,0.000,0.355,wyjazd / nieobecność
2026-05-14 09:00:00,Thursday,9,0.021,0.257,0.000,0.000,0.000,0.000,0.278,wyjazd / nieobecność
2026-05-14 10:00:00,Thursday,10,0.035,0.270,0.000,0.000,0.000,0.000,0.305,wyjazd / nieobecność
2026-05-14 11:00:00,Thursday,11,0.032,0.258,0.000,0.000,0.000,0.000,0.290,wyjazd / nieobecność
2026-05-14 12:00:00,Thursday,12,0.028,0.216,0.000,0.000,0.000,0.000,0.244,wyjazd / nieobecność
2026-05-14 13:00:00,Thursday,13,0.033,0.202,0.000,0.000,0.000,0.000,0.235,wyjazd / nieobecność
2026-05-14 14:00:00,Thursday,14,0.033,0.148,0.000,0.000,0.000,0.000,0.181,wyjazd / nieobecność
2026-05-14 15:00:00,Thursday,15,0.028,0.149,0.000,0.000,0.000,0.000,0.177,wyjazd / nieobecność
2026-05-14 16:00:00,Thursday,16,0.022,0.207,0.000,0.000,0.000,0.000,0.229,wyjazd / nieobecność
2026-05-14 17:00:00,Thursday,17,0.029,0.204,0.000,0.000,0.000,0.000,0.233,wyjazd / nieobecność
2026-05-14 18:00:00,Thursday,18,0.027,0.226,0.000,0.000,0.000,0.000,0.253,wyjazd / nieobecność
2026-05-14 19:00:00,Thursday,19,0.034,0.218,0.000,0.000,0.000,0.000,0.252,wyjazd / nieobecność
2026-05-14 20:00:00,Thursday,20,0.029,0.225,0.000,0.000,0.000,0.000,0.254,wyjazd / nieobecność
2026-05-14 21:00:00,Thursday,21,0.032,0.263,0.000,0.000,0.000,0.000,0.295,wyjazd / nieobecność
2026-05-14 22:00:00,Thursday,22,0.029,0.238,0.000,0.000,0.000,0.000,0.267,wyjazd / nieobecność
2026-05-14 23:00:00,Thursday,23,0.023,0.302,0.000,0.000,0.000,0.000,0.325,wyjazd / nieobecność
2026-05-15 00:00:00,Friday,0,0.033,0.433,0.000,0.000,0.000,0.000,0.466,
2026-05-15 01:00:00,Friday,1,0.032,0.435,0.000,0.000,0.000,0.000,0.467,
2026-05-15 02:00:00,Friday,2,0.029,0.380,0.000,0.000,0.000,0.000,0.409,
2026-05-15 03:00:00,Friday,3,0.025,0.379,0.000,0.000,0.000,0.000,0.404,
2026-05-15 04:00:00,Friday,4,0.029,0.483,0.000,0.000,0.000,0.000,0.512,
2026-05-15 05:00:00,Friday,5,0.036,0.450,0.000,0.000,0.000,0.000,0.486,
2026-05-15 06:00:00,Friday,6,0.035,0.419,0.000,0.000,0.048,0.000,0.502,
2026-05-15 07:00:00,Friday,7,0.035,0.428,0.000,0.000,0.043,0.000,0.506,
2026-05-15 08:00:00,Friday,8,0.033,0.456,0.000,0.000,0.064,0.000,0.553,
2026-05-15 09:00:00,Friday,9,0.030,0.421,0.000,0.000,0.000,0.000,0.451,
2026-05-15 10:00:00,Friday,10,0.032,0.391,0.000,0.000,0.000,0.000,0.423,
2026-05-15 11:00:00,Friday,11,0.034,0.320,0.000,0.000,0.000,0.000,0.354,
2026-05-15 12:00:00,Friday,12,0.031,0.390,0.000,0.000,0.000,0.000,0.421,
2026-05-15 13:00:00,Friday,13,0.033,0.327,0.000,0.000,0.000,0.000,0.360,
2026-05-15 14:00:00,Friday,14,0.034,0.287,0.000,0.000,0.000,0.000,0.321,
2026-05-15 15:00:00,Friday,15,0.021,0.298,0.000,0.000,0.000,0.000,0.319,
2026-05-15 16:00:00,Friday,16,0.034,0.341,0.000,0.000,0.000,0.000,0.375,
2026-05-15 17:00:00,Friday,17,0.021,0.295,0.000,0.372,0.038,0.000,0.726,
2026-05-15 18:00:00,Friday,18,0.032,0.318,0.000,0.000,0.056,0.000,0.406,
2026-05-15 19:00:00,Friday,19,0.027,0.398,0.000,0.000,0.044,0.000,0.469,
2026-05-15 20:00:00,Friday,20,0.034,0.378,0.000,0.000,0.034,0.390,0.836,zmywarka
2026-05-15 21:00:00,Friday,21,0.034,0.343,0.073,0.000,0.070,0.000,0.520,
2026-05-15 22:00:00,Friday,22,0.021,0.320,0.074,0.000,0.068,0.000,0.483,
2026-05-15 23:00:00,Friday,23,0.032,0.270,0.000,0.000,0.000,0.000,0.302,
2026-05-16 00:00:00,Saturday,0,0.035,0.332,0.000,0.000,0.000,0.000,0.367,
2026-05-16 01:00:00,Saturday,1,0.035,0.369,0.000,0.000,0.000,0.000,0.404,
2026-05-16 02:00:00,Saturday,2,0.022,0.361,0.000,0.000,0.000,0.000,0.383,
2026-05-16 03:00:00,Saturday,3,0.034,0.346,0.000,0.000,0.000,0.000,0.380,
2026-05-16 04:00:00,Saturday,4,0.030,0.437,0.000,0.000,0.000,0.000,0.467,
2026-05-16 05:00:00,Saturday,5,0.020,0.435,0.000,0.000,0.000,0.000,0.455,
2026-05-16 06:00:00,Saturday,6,0.024,0.466,0.000,0.000,0.055,0.000,0.545,
2026-05-16 07:00:00,Saturday,7,0.022,0.406,0.000,0.000,0.032,0.000,0.460,
2026-05-16 08:00:00,Saturday,8,0.027,0.430,0.000,0.000,0.068,0.000,0.525,
2026-05-16 09:00:00,Saturday,9,0.029,0.453,0.000,0.000,0.000,0.263,0.745,pralka
2026-05-16 10:00:00,Saturday,10,0.025,0.350,0.000,0.000,0.000,0.000,0.375,
2026-05-16 11:00:00,Saturday,11,0.022,0.371,0.000,0.000,0.000,0.000,0.393,
2026-05-16 12:00:00,Saturday,12,0.027,0.428,0.000,0.000,0.000,0.000,0.455,
2026-05-16 13:00:00,Saturday,13,0.034,0.354,0.000,0.000,0.000,0.000,0.388,
2026-05-16 14:00:00,Saturday,14,0.036,0.324,0.000,0.000,0.000,0.000,0.360,
2026-05-16 15:00:00,Saturday,15,0.036,0.310,0.000,0.000,0.000,0.000,0.346,
2026-05-16 16:00:00,Saturday,16,0.023,0.339,0.000,0.000,0.000,0.000,0.362,
2026-05-16 17:00:00,Saturday,17,0.022,0.350,0.000,0.000,0.059,0.000,0.431,
2026-05-16 18:00:00,Saturday,18,0.022,0.366,0.000,0.601,0.048,0.000,1.037,
2026-05-16 19:00:00,Saturday,19,0.023,0.345,0.000,0.000,0.040,0.000,0.408,
2026-05-16 20:00:00,Saturday,20,0.023,0.412,0.000,0.000,0.055,0.000,0.490,
2026-05-16 21:00:00,Saturday,21,0.025,0.421,0.111,0.000,0.048,0.000,0.605,
2026-05-16 22:00:00,Saturday,22,0.022,0.348,0.040,0.000,0.037,0.000,0.447,
2026-05-16 23:00:00,Saturday,23,0.025,0.315,0.000,0.000,0.000,0.000,0.340,
2026-05-17 00:00:00,Sunday,0,0.031,0.424,0.000,0.000,0.000,0.000,0.455,
2026-05-17 01:00:00,Sunday,1,0.025,0.345,0.000,0.000,0.000,0.000,0.370,
2026-05-17 02:00:00,Sunday,2,0.032,0.356,0.000,0.000,0.000,0.000,0.388,
2026-05-17 03:00:00,Sunday,3,0.029,0.366,0.000,0.000,0.000,0.000,0.395,
2026-05-17 04:00:00,Sunday,4,0.021,0.334,0.000,0.000,0.000,0.000,0.355,
2026-05-17 05:00:00,Sunday,5,0.036,0.460,0.000,0.000,0.000,0.000,0.496,
2026-05-17 06:00:00,Sunday,6,0.027,0.393,0.000,0.000,0.037,0.000,0.457,
2026-05-17 07:00:00,Sunday,7,0.034,0.429,0.000,0.000,0.068,0.000,0.531,
2026-05-17 08:00:00,Sunday,8,0.022,0.350,0.000,0.000,0.060,0.000,0.432,
2026-05-17 09:00:00,Sunday,9,0.020,0.337,0.000,0.000,0.000,0.000,0.357,
2026-05-17 10:00:00,Sunday,10,0.029,0.378,0.000,0.000,0.000,0.000,0.407,
2026-05-17 11:00:00,Sunday,11,0.023,0.296,0.000,0.000,0.000,0.000,0.319,
2026-05-17 12:00:00,Sunday,12,0.020,0.276,0.000,0.000,0.000,0.000,0.296,
2026-05-17 13:00:00,Sunday,13,0.022,0.287,0.000,0.000,0.000,0.000,0.309,
2026-05-17 14:00:00,Sunday,14,0.025,0.269,0.000,0.000,0.000,0.000,0.294,
2026-05-17 15:00:00,Sunday,15,0.024,0.300,0.000,0.000,0.000,0.000,0.324,
2026-05-17 16:00:00,Sunday,16,0.031,0.288,0.000,0.000,0.000,0.000,0.319,
2026-05-17 17:00:00,Sunday,17,0.024,0.257,0.000,0.374,0.062,0.000,0.717,
2026-05-17 18:00:00,Sunday,18,0.022,0.284,0.000,0.000,0.050,0.000,0.356,
2026-05-17 19:00:00,Sunday,19,0.032,0.326,0.000,0.000,0.068,0.000,0.426,
2026-05-17 20:00:00,Sunday,20,0.032,0.277,0.000,0.000,0.031,0.000,0.340,
2026-05-17 21:00:00,Sunday,21,0.035,0.314,0.056,0.000,0.048,0.000,0.453,
2026-05-17 22:00:00,Sunday,22,0.022,0.243,0.066,0.000,0.058,0.000,0.389,
2026-05-17 23:00:00,Sunday,23,0.030,0.307,0.000,0.000,0.000,0.000,0.337,
2026-05-18 00:00:00,Monday,0,0.030,0.340,0.000,0.000,0.000,0.000,0.370,
2026-05-18 01:00:00,Monday,1,0.022,0.357,0.000,0.000,0.000,0.000,0.379,
2026-05-18 02:00:00,Monday,2,0.027,0.333,0.000,0.000,0.000,0.000,0.360,
2026-05-18 03:00:00,Monday,3,0.036,0.337,0.000,0.000,0.000,0.000,0.373,
2026-05-18 04:00:00,Monday,4,0.034,0.332,0.000,0.000,0.000,0.000,0.366,
2026-05-18 05:00:00,Monday,5,0.030,0.298,0.000,0.000,0.000,0.000,0.328,
2026-05-18 06:00:00,Monday,6,0.022,0.415,0.000,0.000,0.054,0.000,0.491,
2026-05-18 07:00:00,Monday,7,0.033,0.322,0.000,0.000,0.044,0.000,0.399,
2026-05-18 08:00:00,Monday,8,0.027,0.336,0.000,0.000,0.070,0.000,0.433,
2026-05-18 09:00:00,Monday,9,0.032,0.257,0.000,0.000,0.098,0.000,0.387,praca zdalna
2026-05-18 10:00:00,Monday,10,0.035,0.228,0.000,0.000,0.126,0.000,0.389,praca zdalna
2026-05-18 11:00:00,Monday,11,0.020,0.195,0.000,0.000,0.133,0.000,0.348,praca zdalna
2026-05-18 12:00:00,Monday,12,0.028,0.221,0.000,0.000,0.092,0.000,0.341,praca zdalna
2026-05-18 13:00:00,Monday,13,0.032,0.201,0.000,0.000,0.127,0.000,0.360,praca zdalna
2026-05-18 14:00:00,Monday,14,0.031,0.179,0.000,0.000,0.144,0.000,0.354,praca zdalna
2026-05-18 15:00:00,Monday,15,0.035,0.152,0.000,0.000,0.107,0.000,0.294,praca zdalna
2026-05-18 16:00:00,Monday,16,0.036,0.200,0.000,0.000,0.078,0.000,0.314,praca zdalna
2026-05-18 17:00:00,Monday,17,0.030,0.167,0.000,0.000,0.056,0.000,0.253,
2026-05-18 18:00:00,Monday,18,0.029,0.226,0.000,0.285,0.051,0.000,0.591,
2026-05-18 19:00:00,Monday,19,0.022,0.193,0.000,0.000,0.042,0.000,0.257,
2026-05-18 20:00:00,Monday,20,0.030,0.217,0.000,0.000,0.046,0.398,0.691,zmywarka
2026-05-18 21:00:00,Monday,21,0.032,0.256,0.050,0.000,0.048,0.000,0.386,
2026-05-18 22:00:00,Monday,22,0.026,0.228,0.041,0.000,0.030,0.000,0.325,
2026-05-18 23:00:00,Monday,23,0.036,0.282,0.000,0.000,0.000,0.000,0.318,
2026-05-19 00:00:00,Tuesday,0,0.031,0.228,0.000,0.000,0.000,0.000,0.259,wyjazd / nieobecność
2026-05-19 01:00:00,Tuesday,1,0.030,0.234,0.000,0.000,0.000,0.000,0.264,wyjazd / nieobecność
2026-05-19 02:00:00,Tuesday,2,0.033,0.252,0.000,0.000,0.000,0.000,0.285,wyjazd / nieobecność
2026-05-19 03:00:00,Tuesday,3,0.032,0.247,0.000,0.000,0.000,0.000,0.279,wyjazd / nieobecność
2026-05-19 04:00:00,Tuesday,4,0.022,0.315,0.000,0.000,0.000,0.000,0.337,wyjazd / nieobecność
2026-05-19 05:00:00,Tuesday,5,0.028,0.344,0.000,0.000,0.000,0.000,0.372,wyjazd / nieobecność
2026-05-19 06:00:00,Tuesday,6,0.032,0.277,0.000,0.000,0.000,0.000,0.309,wyjazd / nieobecność
2026-05-19 07:00:00,Tuesday,7,0.025,0.231,0.000,0.000,0.000,0.000,0.256,wyjazd / nieobecność
2026-05-19 08:00:00,Tuesday,8,0.036,0.167,0.000,0.000,0.000,0.000,0.203,wyjazd / nieobecność
2026-05-19 09:00:00,Tuesday,9,0.022,0.139,0.000,0.000,0.068,0.000,0.229,wyjazd / nieobecność; praca zdalna
2026-05-19 10:00:00,Tuesday,10,0.023,0.115,0.000,0.000,0.032,0.000,0.170,wyjazd / nieobecność; praca zdalna
2026-05-19 11:00:00,Tuesday,11,0.024,0.101,0.000,0.000,0.053,0.000,0.178,wyjazd / nieobecność; praca zdalna
2026-05-19 12:00:00,Tuesday,12,0.026,0.090,0.000,0.000,0.078,0.000,0.194,wyjazd / nieobecność; praca zdalna
2026-05-19 13:00:00,Tuesday,13,0.026,0.106,0.000,0.000,0.035,0.000,0.167,wyjazd / nieobecność; praca zdalna
2026-05-19 14:00:00,Tuesday,14,0.032,0.064,0.000,0.000,0.074,0.000,0.170,wyjazd / nieobecność; praca zdalna
2026-05-19 15:00:00,Tuesday,15,0.024,0.077,0.000,0.000,0.038,0.000,0.139,wyjazd / nieobecność; praca zdalna
2026-05-19 16:00:00,Tuesday,16,0.022,0.089,0.000,0.000,0.070,0.000,0.181,wyjazd / nieobecność; praca zdalna
2026-05-19 17:00:00,Tuesday,17,0.025,0.097,0.000,0.000,0.000,0.000,0.122,wyjazd / nieobecność
2026-05-19 18:00:00,Tuesday,18,0.027,0.113,0.000,0.000,0.000,0.000,0.140,wyjazd / nieobecność
2026-05-19 19:00:00,Tuesday,19,0.026,0.120,0.000,0.000,0.000,0.000,0.146,wyjazd / nieobecność
2026-05-19 20:00:00,Tuesday,20,0.032,0.140,0.000,0.000,0.000,0.000,0.172,wyjazd / nieobecność
2026-05-19 21:00:00,Tuesday,21,0.028,0.146,0.000,0.000,0.000,0.000,0.174,wyjazd / nieobecność
2026-05-19 22:00:00,Tuesday,22,0.034,0.160,0.000,0.000,0.000,0.000,0.194,wyjazd / nieobecność
2026-05-19 23:00:00,Tuesday,23,0.032,0.197,0.000,0.000,0.000,0.000,0.229,wyjazd / nieobecność
2026-05-20 00:00:00,Wednesday,0,0.025,0.291,0.000,0.000,0.000,0.000,0.316,
2026-05-20 01:00:00,Wednesday,1,0.032,0.295,0.000,0.000,0.000,0.000,0.327,
2026-05-20 02:00:00,Wednesday,2,0.029,0.314,0.000,0.000,0.000,0.000,0.343,
2026-05-20 03:00:00,Wednesday,3,0.032,0.310,0.000,0.000,0.000,0.000,0.342,
2026-05-20 04:00:00,Wednesday,4,0.040,0.334,0.000,0.000,0.000,0.000,0.374,
2026-05-20 05:00:00,Wednesday,5,0.033,0.271,0.000,0.000,0.000,0.000,0.304,
2026-05-20 06:00:00,Wednesday,6,0.032,0.292,0.000,0.000,0.040,0.000,0.364,
2026-05-20 07:00:00,Wednesday,7,0.025,0.340,0.000,0.000,0.068,0.000,0.433,
2026-05-20 08:00:00,Wednesday,8,0.028,0.263,0.000,0.000,0.068,0.000,0.359,
2026-05-20 09:00:00,Wednesday,9,0.030,0.227,0.000,0.000,0.000,0.000,0.257,
2026-05-20 10:00:00,Wednesday,10,0.022,0.230,0.000,0.000,0.000,0.000,0.252,
2026-05-20 11:00:00,Wednesday,11,0.026,0.243,0.000,0.000,0.000,0.000,0.269,
2026-05-20 12:00:00,Wednesday,12,0.032,0.237,0.000,0.000,0.000,0.000,0.269,
2026-05-20 13:00:00,Wednesday,13,0.035,0.210,0.000,0.000,0.000,0.000,0.245,
2026-05-20 14:00:00,Wednesday,14,0.033,0.247,0.000,0.000,0.000,0.000,0.280,
2026-05-20 15:00:00,Wednesday,15,0.034,0.292,0.000,0.000,0.000,0.000,0.326,
2026-05-20 16:00:00,Wednesday,16,0.029,0.302,0.000,0.000,0.000,0.000,0.331,
2026-05-20 17:00:00,Wednesday,17,0.021,0.233,0.000,0.769,0.064,0.000,1.087,
2026-05-20 18:00:00,Wednesday,18,0.031,0.321,0.000,0.000,0.056,0.000,0.408,
2026-05-20 19:00:00,Wednesday,19,0.029,0.290,0.000,0.000,0.040,0.397,0.756,zmywarka
2026-05-20 20:00:00,Wednesday,20,0.032,0.313,0.000,0.000,0.041,0.000,0.386,
2026-05-20 21:00:00,Wednesday,21,0.036,0.253,0.072,0.000,0.049,0.000,0.410,
2026-05-20 22:00:00,Wednesday,22,0.021,0.207,0.071,0.000,0.061,0.000,0.360,
2026-05-20 23:00:00,Wednesday,23,0.034,0.256,0.000,0.000,0.000,0.000,0.290,
2026-05-21 00:00:00,Thursday,0,0.032,0.230,0.000,0.000,0.000,0.000,0.262,
2026-05-21 01:00:00,Thursday,1,0.030,0.246,0.000,0.000,0.000,0.000,0.276,
2026-05-21 02:00:00,Thursday,2,0.033,0.277,0.000,0.000,0.000,0.000,0.310,
2026-05-21 03:00:00,Thursday,3,0.029,0.271,0.000,0.000,0.000,0.000,0.300,
2026-05-21 04:00:00,Thursday,4,0.039,0.269,0.000,0.000,0.000,0.000,0.308,
2026-05-21 05:00:00,Thursday,5,0.026,0.326,0.000,0.000,0.000,0.000,0.352,
2026-05-21 06:00:00,Thursday,6,0.025,0.297,0.000,0.000,0.045,0.000,0.367,
2026-05-21 07:00:00,Thursday,7,0.024,0.321,0.000,0.000,0.061,0.000,0.406,
2026-05-21 08:00:00,Thursday,8,0.029,0.289,0.000,0.000,0.061,0.000,0.379,
2026-05-21 09:00:00,Thursday,9,0.030,0.205,0.000,0.000,0.000,0.000,0.235,
2026-05-21 10:00:00,Thursday,10,0.032,0.208,0.000,0.000,0.000,0.000,0.240,
2026-05-21 11:00:00,Thursday,11,0.020,0.184,0.000,0.000,0.000,0.000,0.204,
2026-05-21 12:00:00,Thursday,12,0.035,0.160,0.000,0.000,0.000,0.000,0.195,
2026-05-21 13:00:00,Thursday,13,0.033,0.155,0.000,0.000,0.000,0.000,0.188,
2026-05-21 14:00:00,Thursday,14,0.035,0.174,0.000,0.000,0.000,0.000,0.209,
2026-05-21 15:00:00,Thursday,15,0.034,0.106,0.000,0.000,0.000,0.000,0.140,
2026-05-21 16:00:00,Thursday,16,0.026,0.119,0.000,0.000,0.000,0.000,0.145,
2026-05-21 17:00:00,Thursday,17,0.025,0.064,0.000,0.000,0.053,0.000,0.142,
2026-05-21 18:00:00,Thursday,18,0.022,0.101,0.000,0.297,0.059,0.000,0.479,
2026-05-21 19:00:00,Thursday,19,0.025,0.126,0.000,0.000,0.048,0.000,0.199,
2026-05-21 20:00:00,Thursday,20,0.035,0.151,0.000,0.000,0.058,0.373,0.617,zmywarka
2026-05-21 21:00:00,Thursday,21,0.024,0.146,0.101,0.000,0.061,0.000,0.332,
2026-05-21 22:00:00,Thursday,22,0.028,0.163,0.084,0.000,0.056,0.000,0.331,
2026-05-21 23:00:00,Thursday,23,0.030,0.201,0.000,0.000,0.000,0.000,0.231,
2026-05-22 00:00:00,Friday,0,0.020,0.241,0.000,0.000,0.000,0.000,0.261,
2026-05-22 01:00:00,Friday,1,0.031,0.241,0.000,0.000,0.000,0.000,0.272,
2026-05-22 02:00:00,Friday,2,0.036,0.248,0.000,0.000,0.000,0.000,0.284,
2026-05-22 03:00:00,Friday,3,0.035,0.296,0.000,0.000,0.000,0.000,0.331,
2026-05-22 04:00:00,Friday,4,0.025,0.272,0.000,0.000,0.000,0.000,0.297,
2026-05-22 05:00:00,Friday,5,0.031,0.268,0.000,0.000,0.000,0.000,0.299,
2026-05-22 06:00:00,Friday,6,0.021,0.296,0.000,0.000,0.046,0.000,0.363,
2026-05-22 07:00:00,Friday,7,0.027,0.295,0.000,0.000,0.061,0.000,0.383,
2026-05-22 08:00:00,Friday,8,0.030,0.231,0.000,0.000,0.052,0.000,0.313,
2026-05-22 09:00:00,Friday,9,0.034,0.210,0.000,0.000,0.000,0.000,0.244,
2026-05-22 10:00:00,Friday,10,0.026,0.145,0.000,0.000,0.000,0.000,0.171,
2026-05-22 11:00:00,Friday,11,0.024,0.155,0.000,0.000,0.000,0.000,0.179,
2026-05-22 12:00:00,Friday,12,0.024,0.167,0.000,0.000,0.000,0.000,0.191,
2026-05-22 13:00:00,Friday,13,0.034,0.148,0.000,0.000,0.000,0.000,0.182,
2026-05-22 14:00:00,Friday,14,0.030,0.136,0.000,0.000,0.000,0.000,0.166,
2026-05-22 15:00:00,Friday,15,0.035,0.094,0.000,0.000,0.000,0.000,0.129,
2026-05-22 16:00:00,Friday,16,0.032,0.105,0.000,0.000,0.000,0.000,0.137,
2026-05-22 17:00:00,Friday,17,0.026,0.078,0.000,0.000,0.056,0.000,0.160,
2026-05-22 18:00:00,Friday,18,0.029,0.075,0.000,0.289,0.042,0.000,0.435,
2026-05-22 19:00:00,Friday,19,0.032,0.071,0.000,0.000,0.042,0.000,0.145,
2026-05-22 20:00:00,Friday,20,0.034,0.080,0.000,0.000,0.043,0.000,0.157,
2026-05-22 21:00:00,Friday,21,0.028,0.144,0.062,0.000,0.035,0.000,0.269,
2026-05-22 22:00:00,Friday,22,0.024,0.134,0.071,0.000,0.033,0.000,0.262,
2026-05-22 23:00:00,Friday,23,0.031,0.149,0.000,0.000,0.000,0.000,0.180,
2026-05-23 00:00:00,Saturday,0,0.025,0.133,0.000,0.000,0.000,0.000,0.158,
2026-05-23 01:00:00,Saturday,1,0.027,0.156,0.000,0.000,0.000,0.000,0.183,
2026-05-23 02:00:00,Saturday,2,0.036,0.172,0.000,0.000,0.000,0.000,0.208,
2026-05-23 03:00:00,Saturday,3,0.030,0.220,0.000,0.000,0.000,0.000,0.250,
2026-05-23 04:00:00,Saturday,4,0.028,0.223,0.000,0.000,0.000,0.000,0.251,
2026-05-23 05:00:00,Saturday,5,0.031,0.214,0.000,0.000,0.000,0.000,0.245,
2026-05-23 06:00:00,Saturday,6,0.020,0.215,0.000,0.000,0.052,0.000,0.287,
2026-05-23 07:00:00,Saturday,7,0.032,0.208,0.000,0.000,0.046,0.000,0.286,
2026-05-23 08:00:00,Saturday,8,0.033,0.171,0.000,0.000,0.041,0.000,0.245,
2026-05-23 09:00:00,Saturday,9,0.029,0.123,0.000,0.000,0.000,0.000,0.152,
2026-05-23 10:00:00,Saturday,10,0.033,0.101,0.000,0.000,0.000,0.000,0.134,
2026-05-23 11:00:00,Saturday,11,0.034,0.083,0.000,0.000,0.000,0.000,0.117,
2026-05-23 12:00:00,Saturday,12,0.035,0.066,0.000,0.000,0.000,0.000,0.101,
2026-05-23 13:00:00,Saturday,13,0.021,0.000,0.000,0.000,0.000,0.000,0.021,
2026-05-23 14:00:00,Saturday,14,0.033,0.000,0.000,0.000,0.000,0.000,0.033,
2026-05-23 15:00:00,Saturday,15,0.026,0.000,0.000,0.000,0.000,0.000,0.026,
2026-05-23 16:00:00,Saturday,16,0.031,0.000,0.000,0.000,0.000,0.000,0.031,
2026-05-23 17:00:00,Saturday,17,0.027,0.000,0.000,0.000,0.048,0.000,0.075,
2026-05-23 18:00:00,Saturday,18,0.030,0.000,0.000,0.316,0.052,0.000,0.398,
2026-05-23 19:00:00,Saturday,19,0.030,0.000,0.000,0.000,0.068,0.000,0.098,
2026-05-23 20:00:00,Saturday,20,0.023,0.000,0.000,0.000,0.060,0.000,0.083,
2026-05-23 21:00:00,Saturday,21,0.030,0.000,0.078,0.000,0.061,0.000,0.169,
2026-05-23 22:00:00,Saturday,22,0.036,0.000,0.094,0.000,0.067,0.000,0.197,
2026-05-23 23:00:00,Saturday,23,0.023,0.000,0.000,0.000,0.000,0.000,0.023,
2026-05-24 00:00:00,Sunday,0,0.031,0.000,0.000,0.000,0.000,0.000,0.031,
2026-05-24 01:00:00,Sunday,1,0.031,0.093,0.000,0.000,0.000,0.000,0.124,
2026-05-24 02:00:00,Sunday,2,0.036,0.111,0.000,0.000,0.000,0.000,0.147,
2026-05-24 03:00:00,Sunday,3,0.030,0.155,0.000,0.000,0.000,0.000,0.185,
2026-05-24 04:00:00,Sunday,4,0.045,0.147,0.000,0.000,0.000,0.000,0.192,
2026-05-24 05:00:00,Sunday,5,0.035,0.185,0.000,0.000,0.000,0.000,0.220,
2026-05-24 06:00:00,Sunday,6,0.032,0.244,0.000,0.000,0.066,0.000,0.342,
2026-05-24 07:00:00,Sunday,7,0.023,0.258,0.000,0.000,0.040,0.000,0.321,
2026-05-24 08:00:00,Sunday,8,0.036,0.173,0.000,0.000,0.064,0.000,0.273,
2026-05-24 09:00:00,Sunday,9,0.032,0.143,0.000,0.000,0.000,0.000,0.175,
2026-05-24 10:00:00,Sunday,10,0.026,0.144,0.000,0.000,0.000,0.000,0.170,
2026-05-24 11:00:00,Sunday,11,0.026,0.113,0.000,0.000,0.000,0.000,0.139,
2026-05-24 12:00:00,Sunday,12,0.033,0.092,0.000,0.000,0.000,0.000,0.125,
2026-05-24 13:00:00,Sunday,13,0.020,0.089,0.000,0.000,0.000,0.000,0.109,
2026-05-24 14:00:00,Sunday,14,0.032,0.069,0.000,0.000,0.000,0.000,0.101,
2026-05-24 15:00:00,Sunday,15,0.029,0.058,0.000,0.000,0.000,0.000,0.087,
2026-05-24 16:00:00,Sunday,16,0.036,0.060,0.000,0.000,0.000,0.000,0.096,
2026-05-24 17:00:00,Sunday,17,0.025,0.056,0.000,0.000,0.036,0.000,0.117,
2026-05-24 18:00:00,Sunday,18,0.031,0.074,0.000,0.242,0.059,0.000,0.406,
2026-05-24 19:00:00,Sunday,19,0.022,0.069,0.000,0.000,0.056,0.000,0.147,
2026-05-24 20:00:00,Sunday,20,0.026,0.091,0.000,0.000,0.049,0.000,0.166,
2026-05-24 21:00:00,Sunday,21,0.034,0.102,0.101,0.000,0.061,0.000,0.298,
2026-05-24 22:00:00,Sunday,22,0.031,0.076,0.058,0.000,0.051,0.000,0.216,
2026-05-24 23:00:00,Sunday,23,0.038,0.109,0.000,0.000,0.000,0.000,0.147,
2026-05-25 00:00:00,Monday,0,0.028,0.136,0.000,0.000,0.000,0.000,0.164,
2026-05-25 01:00:00,Monday,1,0.026,0.144,0.000,0.000,0.000,0.000,0.170,
2026-05-25 02:00:00,Monday,2,0.025,0.203,0.000,0.000,0.000,0.000,0.228,
2026-05-25 03:00:00,Monday,3,0.035,0.211,0.000,0.000,0.000,0.000,0.246,
2026-05-25 04:00:00,Monday,4,0.020,0.232,0.000,0.000,0.000,0.000,0.252,
2026-05-25 05:00:00,Monday,5,0.032,0.192,0.000,0.000,0.000,0.000,0.224,
2026-05-25 06:00:00,Monday,6,0.021,0.241,0.000,0.000,0.058,0.000,0.320,goście
2026-05-25 07:00:00,Monday,7,0.020,0.242,0.000,0.000,0.035,0.000,0.297,goście
2026-05-25 08:00:00,Monday,8,0.030,0.166,0.000,0.000,0.059,0.000,0.255,goście
2026-05-25 09:00:00,Monday,9,0.023,0.101,0.000,0.000,0.000,0.000,0.124,
2026-05-25 10:00:00,Monday,10,0.027,0.071,0.000,0.000,0.000,0.000,0.098,
2026-05-25 11:00:00,Monday,11,0.032,0.000,0.000,0.000,0.000,0.000,0.032,
2026-05-25 12:00:00,Monday,12,0.034,0.000,0.000,0.000,0.000,0.000,0.034,
2026-05-25 13:00:00,Monday,13,0.032,0.000,0.000,0.000,0.000,0.000,0.032,
2026-05-25 14:00:00,Monday,14,0.032,0.000,0.000,0.000,0.000,0.000,0.032,
2026-05-25 15:00:00,Monday,15,0.028,0.000,0.000,0.000,0.000,0.000,0.028,
2026-05-25 16:00:00,Monday,16,0.029,0.000,0.000,0.000,0.000,0.000,0.029,
2026-05-25 17:00:00,Monday,17,0.029,0.000,0.000,0.658,0.045,0.000,0.732,goście
2026-05-25 18:00:00,Monday,18,0.031,0.000,0.000,0.000,0.055,0.000,0.086,goście
2026-05-25 19:00:00,Monday,19,0.022,0.000,0.000,0.000,0.039,0.000,0.061,goście
2026-05-25 20:00:00,Monday,20,0.023,0.000,0.000,0.000,0.054,0.000,0.077,goście
2026-05-25 21:00:00,Monday,21,0.029,0.000,0.109,0.000,0.057,0.000,0.195,goście
2026-05-25 22:00:00,Monday,22,0.026,0.000,0.051,0.000,0.060,0.000,0.137,goście
2026-05-25 23:00:00,Monday,23,0.028,0.000,0.000,0.000,0.000,0.000,0.028,
2026-05-26 00:00:00,Tuesday,0,0.036,0.000,0.000,0.000,0.000,0.000,0.036,
2026-05-26 01:00:00,Tuesday,1,0.025,0.068,0.000,0.000,0.000,0.000,0.093,
2026-05-26 02:00:00,Tuesday,2,0.029,0.112,0.000,0.000,0.000,0.000,0.141,
2026-05-26 03:00:00,Tuesday,3,0.030,0.126,0.000,0.000,0.000,0.000,0.156,
2026-05-26 04:00:00,Tuesday,4,0.031,0.133,0.000,0.000,0.000,0.000,0.164,
2026-05-26 05:00:00,Tuesday,5,0.025,0.164,0.000,0.000,0.000,0.000,0.189,
2026-05-26 06:00:00,Tuesday,6,0.027,0.192,0.000,0.000,0.043,0.000,0.262,
2026-05-26 07:00:00,Tuesday,7,0.028,0.191,0.000,0.000,0.066,0.000,0.285,
2026-05-26 08:00:00,Tuesday,8,0.030,0.130,0.000,0.000,0.059,0.000,0.219,
2026-05-26 09:00:00,Tuesday,9,0.030,0.087,0.000,0.000,0.090,0.342,0.549,praca zdalna; pralka
2026-05-26 10:00:00,Tuesday,10,0.026,0.000,0.000,0.000,0.078,0.899,1.003,praca zdalna; suszarka
2026-05-26 11:00:00,Tuesday,11,0.022,0.000,0.000,0.000,0.100,0.000,0.122,praca zdalna
2026-05-26 12:00:00,Tuesday,12,0.036,0.000,0.000,0.000,0.092,0.000,0.128,praca zdalna
2026-05-26 13:00:00,Tuesday,13,0.032,0.000,0.000,0.000,0.092,0.000,0.124,praca zdalna
2026-05-26 14:00:00,Tuesday,14,0.033,0.000,0.000,0.000,0.097,0.000,0.130,praca zdalna
2026-05-26 15:00:00,Tuesday,15,0.024,0.000,0.000,0.000,0.112,0.000,0.136,praca zdalna
2026-05-26 16:00:00,Tuesday,16,0.036,0.000,0.000,0.000,0.118,0.000,0.154,praca zdalna
2026-05-26 17:00:00,Tuesday,17,0.022,0.000,0.000,0.000,0.067,0.000,0.089,
2026-05-26 18:00:00,Tuesday,18,0.035,0.000,0.000,0.310,0.034,0.000,0.379,
2026-05-26 19:00:00,Tuesday,19,0.026,0.000,0.000,0.000,0.053,0.476,0.555,zmywarka
2026-05-26 20:00:00,Tuesday,20,0.024,0.000,0.000,0.000,0.034,0.000,0.058,
2026-05-26 21:00:00,Tuesday,21,0.030,0.076,0.058,0.000,0.050,0.000,0.214,
2026-05-26 22:00:00,Tuesday,22,0.026,0.063,0.112,0.000,0.056,0.000,0.257,
2026-05-26 23:00:00,Tuesday,23,0.031,0.120,0.000,0.000,0.000,0.000,0.151,
2026-05-27 00:00:00,Wednesday,0,0.041,0.138,0.000,0.000,0.000,0.000,0.179,
2026-05-27 01:00:00,Wednesday,1,0.043,0.172,0.000,0.000,0.000,0.000,0.215,
2026-05-27 02:00:00,Wednesday,2,0.029,0.263,0.000,0.000,0.000,0.000,0.292,
2026-05-27 03:00:00,Wednesday,3,0.035,0.222,0.000,0.000,0.000,0.000,0.257,
2026-05-27 04:00:00,Wednesday,4,0.033,0.234,0.000,0.000,0.000,0.000,0.267,
2026-05-27 05:00:00,Wednesday,5,0.034,0.252,0.000,0.000,0.000,0.000,0.286,
2026-05-27 06:00:00,Wednesday,6,0.023,0.324,0.000,0.000,0.057,0.000,0.404,
2026-05-27 07:00:00,Wednesday,7,0.029,0.282,0.000,0.000,0.054,0.000,0.365,
2026-05-27 08:00:00,Wednesday,8,0.023,0.222,0.000,0.000,0.061,0.000,0.306,
2026-05-27 09:00:00,Wednesday,9,0.029,0.189,0.000,0.000,0.134,0.000,0.352,praca zdalna
2026-05-27 10:00:00,Wednesday,10,0.029,0.179,0.000,0.000,0.131,0.000,0.339,praca zdalna
2026-05-27 11:00:00,Wednesday,11,0.028,0.148,0.000,0.000,0.098,0.000,0.274,praca zdalna
2026-05-27 12:00:00,Wednesday,12,0.021,0.113,0.000,0.000,0.089,0.000,0.223,praca zdalna
2026-05-27 13:00:00,Wednesday,13,0.028,0.100,0.000,0.000,0.098,0.000,0.226,praca zdalna
2026-05-27 14:00:00,Wednesday,14,0.035,0.100,0.000,0.000,0.138,0.000,0.273,praca zdalna
2026-05-27 15:00:00,Wednesday,15,0.030,0.106,0.000,0.000,0.122,0.000,0.258,praca zdalna
2026-05-27 16:00:00,Wednesday,16,0.036,0.112,0.000,0.000,0.136,0.000,0.284,praca zdalna
2026-05-27 17:00:00,Wednesday,17,0.022,0.126,0.000,0.000,0.040,0.000,0.188,
2026-05-27 18:00:00,Wednesday,18,0.030,0.131,0.000,0.411,0.046,0.000,0.618,
2026-05-27 19:00:00,Wednesday,19,0.023,0.136,0.000,0.000,0.038,0.458,0.655,zmywarka
2026-05-27 20:00:00,Wednesday,20,0.026,0.139,0.000,0.000,0.066,0.000,0.231,
2026-05-27 21:00:00,Wednesday,21,0.026,0.174,0.044,0.000,0.062,0.000,0.306,
2026-05-27 22:00:00,Wednesday,22,0.034,0.193,0.065,0.000,0.044,0.000,0.336,
2026-05-27 23:00:00,Wednesday,23,0.024,0.209,0.000,0.000,0.000,0.000,0.233,
2026-05-28 00:00:00,Thursday,0,0.028,0.194,0.000,0.000,0.000,0.000,0.222,
2026-05-28 01:00:00,Thursday,1,0.034,0.242,0.000,0.000,0.000,0.000,0.276,
2026-05-28 02:00:00,Thursday,2,0.034,0.279,0.000,0.000,0.000,0.000,0.313,
2026-05-28 03:00:00,Thursday,3,0.034,0.280,0.000,0.000,0.000,0.000,0.314,
2026-05-28 04:00:00,Thursday,4,0.044,0.309,0.000,0.000,0.000,0.000,0.353,
2026-05-28 05:00:00,Thursday,5,0.026,0.317,0.000,0.000,0.000,0.000,0.343,
2026-05-28 06:00:00,Thursday,6,0.033,0.404,0.000,0.000,0.050,0.000,0.487,goście
2026-05-28 07:00:00,Thursday,7,0.027,0.332,0.000,0.000,0.031,0.000,0.390,goście
2026-05-28 08:00:00,Thursday,8,0.029,0.279,0.000,0.000,0.054,0.000,0.362,goście
2026-05-28 09:00:00,Thursday,9,0.036,0.212,0.000,0.000,0.000,0.000,0.248,
2026-05-28 10:00:00,Thursday,10,0.031,0.154,0.000,0.000,0.000,0.000,0.185,
2026-05-28 11:00:00,Thursday,11,0.020,0.101,0.000,0.000,0.000,0.000,0.121,
2026-05-28 12:00:00,Thursday,12,0.021,0.064,0.000,0.000,0.000,0.000,0.085,
2026-05-28 13:00:00,Thursday,13,0.025,0.000,0.000,0.000,0.000,0.000,0.025,
2026-05-28 14:00:00,Thursday,14,0.035,0.000,0.000,0.000,0.000,0.000,0.035,
2026-05-28 15:00:00,Thursday,15,0.028,0.000,0.000,0.000,0.000,0.000,0.028,
2026-05-28 16:00:00,Thursday,16,0.027,0.000,0.000,0.000,0.000,0.000,0.027,
2026-05-28 17:00:00,Thursday,17,0.034,0.000,0.000,0.456,0.030,0.000,0.520,goście
2026-05-28 18:00:00,Thursday,18,0.022,0.058,0.000,0.000,0.049,0.000,0.129,goście
2026-05-28 19:00:00,Thursday,19,0.030,0.077,0.000,0.000,0.033,0.000,0.140,goście
2026-05-28 20:00:00,Thursday,20,0.026,0.122,0.000,0.000,0.038,0.379,0.565,goście; zmywarka
2026-05-28 21:00:00,Thursday,21,0.022,0.152,0.082,0.000,0.064,0.000,0.320,goście
2026-05-28 22:00:00,Thursday,22,0.033,0.128,0.063,0.000,0.037,0.000,0.261,goście
2026-05-28 23:00:00,Thursday,23,0.033,0.154,0.000,0.000,0.000,0.000,0.187,
2026-05-29 00:00:00,Friday,0,0.029,0.100,0.000,0.000,0.000,0.000,0.129,wyjazd / nieobecność
2026-05-29 01:00:00,Friday,1,0.030,0.134,0.000,0.000,0.000,0.000,0.164,wyjazd / nieobecność
2026-05-29 02:00:00,Friday,2,0.022,0.164,0.000,0.000,0.000,0.000,0.186,wyjazd / nieobecność
2026-05-29 03:00:00,Friday,3,0.034,0.177,0.000,0.000,0.000,0.000,0.211,wyjazd / nieobecność
2026-05-29 04:00:00,Friday,4,0.024,0.163,0.000,0.000,0.000,0.000,0.187,wyjazd / nieobecność
2026-05-29 05:00:00,Friday,5,0.026,0.192,0.000,0.000,0.000,0.000,0.218,wyjazd / nieobecność
2026-05-29 06:00:00,Friday,6,0.034,0.146,0.000,0.000,0.000,0.000,0.180,wyjazd / nieobecność
2026-05-29 07:00:00,Friday,7,0.023,0.108,0.000,0.000,0.000,0.000,0.131,wyjazd / nieobecność
2026-05-29 08:00:00,Friday,8,0.028,0.082,0.000,0.000,0.000,0.000,0.110,wyjazd / nieobecność
2026-05-29 09:00:00,Friday,9,0.024,0.000,0.000,0.000,0.000,0.000,0.024,wyjazd / nieobecność
2026-05-29 10:00:00,Friday,10,0.024,0.000,0.000,0.000,0.000,0.000,0.024,wyjazd / nieobecność
2026-05-29 11:00:00,Friday,11,0.026,0.000,0.000,0.000,0.000,0.000,0.026,wyjazd / nieobecność
2026-05-29 12:00:00,Friday,12,0.030,0.000,0.000,0.000,0.000,0.000,0.030,wyjazd / nieobecność
2026-05-29 13:00:00,Friday,13,0.022,0.000,0.000,0.000,0.000,0.000,0.022,wyjazd / nieobecność
2026-05-29 14:00:00,Friday,14,0.033,0.000,0.000,0.000,0.000,0.000,0.033,wyjazd / nieobecność
2026-05-29 15:00:00,Friday,15,0.036,0.000,0.000,0.000,0.000,0.000,0.036,wyjazd / nieobecność
2026-05-29 16:00:00,Friday,16,0.024,0.000,0.000,0.000,0.000,0.000,0.024,wyjazd / nieobecność
2026-05-29 17:00:00,Friday,17,0.021,0.000,0.000,0.000,0.000,0.000,0.021,wyjazd / nieobecność
2026-05-29 18:00:00,Friday,18,0.020,0.000,0.000,0.000,0.000,0.000,0.020,wyjazd / nieobecność
2026-05-29 19:00:00,Friday,19,0.027,0.000,0.000,0.000,0.000,0.000,0.027,wyjazd / nieobecność
2026-05-29 20:00:00,Friday,20,0.032,0.000,0.000,0.000,0.000,0.000,0.032,wyjazd / nieobecność
2026-05-29 21:00:00,Friday,21,0.030,0.000,0.000,0.000,0.000,0.000,0.030,wyjazd / nieobecność
2026-05-29 22:00:00,Friday,22,0.032,0.000,0.000,0.000,0.000,0.000,0.032,wyjazd / nieobecność
2026-05-29 23:00:00,Friday,23,0.026,0.000,0.000,0.000,0.000,0.000,0.026,wyjazd / nieobecność
2026-05-30 00:00:00,Saturday,0,0.022,0.000,0.000,0.000,0.000,0.000,0.022,
2026-05-30 01:00:00,Saturday,1,0.036,0.059,0.000,0.000,0.000,0.000,0.095,
2026-05-30 02:00:00,Saturday,2,0.023,0.089,0.000,0.000,0.000,0.000,0.112,
2026-05-30 03:00:00,Saturday,3,0.039,0.124,0.000,0.000,0.000,0.000,0.163,
2026-05-30 04:00:00,Saturday,4,0.035,0.150,0.000,0.000,0.000,0.000,0.185,
2026-05-30 05:00:00,Saturday,5,0.026,0.170,0.000,0.000,0.000,0.000,0.196,
2026-05-30 06:00:00,Saturday,6,0.026,0.250,0.000,0.000,0.062,0.000,0.338,
2026-05-30 07:00:00,Saturday,7,0.033,0.193,0.000,0.000,0.042,0.000,0.268,
2026-05-30 08:00:00,Saturday,8,0.020,0.148,0.000,0.000,0.057,0.000,0.225,
2026-05-30 09:00:00,Saturday,9,0.024,0.131,0.000,0.000,0.000,0.000,0.155,
2026-05-30 10:00:00,Saturday,10,0.034,0.110,0.000,0.000,0.000,0.370,0.514,pralka
2026-05-30 11:00:00,Saturday,11,0.024,0.114,0.000,0.000,0.000,0.000,0.138,
2026-05-30 12:00:00,Saturday,12,0.025,0.076,0.000,0.000,0.000,0.000,0.101,
2026-05-30 13:00:00,Saturday,13,0.031,0.077,0.000,0.000,0.000,0.424,0.532,zmywarka
2026-05-30 14:00:00,Saturday,14,0.028,0.000,0.000,0.000,0.000,0.000,0.028,
2026-05-30 15:00:00,Saturday,15,0.028,0.000,0.000,0.000,0.000,0.000,0.028,
2026-05-30 16:00:00,Saturday,16,0.022,0.000,0.000,0.000,0.000,0.000,0.022,
2026-05-30 17:00:00,Saturday,17,0.036,0.000,0.000,0.403,0.052,0.000,0.491,
2026-05-30 18:00:00,Saturday,18,0.025,0.062,0.000,0.000,0.060,0.000,0.147,
2026-05-30 19:00:00,Saturday,19,0.020,0.101,0.000,0.000,0.050,0.000,0.171,
2026-05-30 20:00:00,Saturday,20,0.022,0.112,0.000,0.000,0.051,0.000,0.185,
2026-05-30 21:00:00,Saturday,21,0.025,0.147,0.110,0.000,0.043,0.000,0.325,
2026-05-30 22:00:00,Saturday,22,0.022,0.135,0.046,0.000,0.039,0.000,0.242,
2026-05-30 23:00:00,Saturday,23,0.035,0.128,0.000,0.000,0.000,0.000,0.163,
2026-05-31 00:00:00,Sunday,0,0.020,0.098,0.000,0.000,0.000,0.000,0.118,wyjazd / nieobecność
2026-05-31 01:00:00,Sunday,1,0.022,0.118,0.000,0.000,0.000,0.000,0.140,wyjazd / nieobecność
2026-05-31 02:00:00,Sunday,2,0.032,0.102,0.000,0.000,0.000,0.000,0.134,wyjazd / nieobecność
2026-05-31 03:00:00,Sunday,3,0.024,0.122,0.000,0.000,0.000,0.000,0.146,wyjazd / nieobecność
2026-05-31 04:00:00,Sunday,4,0.024,0.133,0.000,0.000,0.000,0.000,0.157,wyjazd / nieobecność
2026-05-31 05:00:00,Sunday,5,0.021,0.145,0.000,0.000,0.000,0.000,0.166,wyjazd / nieobecność
2026-05-31 06:00:00,Sunday,6,0.036,0.140,0.000,0.000,0.000,0.000,0.176,wyjazd / nieobecność
2026-05-31 07:00:00,Sunday,7,0.026,0.112,0.000,0.000,0.000,0.000,0.138,wyjazd / nieobecność
2026-05-31 08:00:00,Sunday,8,0.020,0.089,0.000,0.000,0.000,0.000,0.109,wyjazd / nieobecność
2026-05-31 09:00:00,Sunday,9,0.030,0.000,0.000,0.000,0.000,0.000,0.030,wyjazd / nieobecność
2026-05-31 10:00:00,Sunday,10,0.026,0.000,0.000,0.000,0.000,0.000,0.026,wyjazd / nieobecność
2026-05-31 11:00:00,Sunday,11,0.027,0.000,0.000,0.000,0.000,0.000,0.027,wyjazd / nieobecność
2026-05-31 12:00:00,Sunday,12,0.034,0.000,0.000,0.000,0.000,0.000,0.034,wyjazd / nieobecność
2026-05-31 13:00:00,Sunday,13,0.030,0.000,0.000,0.000,0.000,0.000,0.030,wyjazd / nieobecność
2026-05-31 14:00:00,Sunday,14,0.022,0.000,0.000,0.000,0.000,0.000,0.022,wyjazd / nieobecność
2026-05-31 15:00:00,Sunday,15,0.036,0.000,0.000,0.000,0.000,0.000,0.036,wyjazd / nieobecność
2026-05-31 16:00:00,Sunday,16,0.020,0.000,0.000,0.000,0.000,0.000,0.020,wyjazd / nieobecność
2026-05-31 17:00:00,Sunday,17,0.032,0.000,0.000,0.000,0.000,0.000,0.032,wyjazd / nieobecność
2026-05-31 18:00:00,Sunday,18,0.031,0.000,0.000,0.000,0.000,0.000,0.031,wyjazd / nieobecność
2026-05-31 19:00:00,Sunday,19,0.024,0.065,0.000,0.000,0.000,0.000,0.089,wyjazd / nieobecność
2026-05-31 20:00:00,Sunday,20,0.032,0.000,0.000,0.000,0.000,0.000,0.032,wyjazd / nieobecność
2026-05-31 21:00:00,Sunday,21,0.030,0.067,0.000,0.000,0.000,0.000,0.097,wyjazd / nieobecność
2026-05-31 22:00:00,Sunday,22,0.030,0.072,0.000,0.000,0.000,0.000,0.102,wyjazd / nieobecność
2026-05-31 23:00:00,Sunday,23,0.032,0.082,0.000,0.000,0.000,0.000,0.114,wyjazd / nieobecność
2026-06-01 00:00:00,Monday,0,0.034,0.162,0.000,0.000,0.000,0.000,0.196,
2026-06-01 01:00:00,Monday,1,0.025,0.203,0.000,0.000,0.000,0.000,0.228,
2026-06-01 02:00:00,Monday,2,0.032,0.195,0.000,0.000,0.000,0.000,0.227,
2026-06-01 03:00:00,Monday,3,0.021,0.176,0.000,0.000,0.000,0.000,0.197,
2026-06-01 04:00:00,Monday,4,0.029,0.217,0.000,0.000,0.000,0.000,0.246,
2026-06-01 05:00:00,Monday,5,0.028,0.245,0.000,0.000,0.000,0.000,0.273,
2026-06-01 06:00:00,Monday,6,0.022,0.214,0.000,0.000,0.061,0.000,0.297,
2026-06-01 07:00:00,Monday,7,0.029,0.263,0.000,0.000,0.046,0.000,0.338,
2026-06-01 08:00:00,Monday,8,0.033,0.199,0.000,0.000,0.069,0.000,0.301,
2026-06-01 09:00:00,Monday,9,0.021,0.148,0.000,0.000,0.000,0.000,0.169,
2026-06-01 10:00:00,Monday,10,0.022,0.170,0.000,0.000,0.000,0.000,0.192,
2026-06-01 11:00:00,Monday,11,0.028,0.146,0.000,0.000,0.000,0.000,0.174,
2026-06-01 12:00:00,Monday,12,0.021,0.106,0.000,0.000,0.000,0.000,0.127,
2026-06-01 13:00:00,Monday,13,0.021,0.109,0.000,0.000,0.000,0.000,0.130,
2026-06-01 14:00:00,Monday,14,0.032,0.081,0.000,0.000,0.000,0.000,0.113,
2026-06-01 15:00:00,Monday,15,0.034,0.116,0.000,0.000,0.000,0.000,0.150,
2026-06-01 16:00:00,Monday,16,0.033,0.100,0.000,0.000,0.000,0.000,0.133,
2026-06-01 17:00:00,Monday,17,0.021,0.116,0.000,0.323,0.050,0.000,0.510,
2026-06-01 18:00:00,Monday,18,0.024,0.089,0.000,0.000,0.059,0.000,0.172,
2026-06-01 19:00:00,Monday,19,0.022,0.094,0.000,0.000,0.062,0.466,0.644,zmywarka
2026-06-01 20:00:00,Monday,20,0.030,0.082,0.000,0.000,0.053,0.000,0.165,
2026-06-01 21:00:00,Monday,21,0.035,0.111,0.000,0.000,0.035,0.000,0.181,
2026-06-01 22:00:00,Monday,22,0.028,0.085,0.079,0.000,0.055,0.000,0.247,
2026-06-01 23:00:00,Monday,23,0.034,0.093,0.000,0.000,0.000,0.000,0.127,
2026-06-02 00:00:00,Tuesday,0,0.033,0.000,0.000,0.000,0.000,0.000,0.033,wyjazd / nieobecność
2026-06-02 01:00:00,Tuesday,1,0.023,0.000,0.000,0.000,0.000,0.000,0.023,wyjazd / nieobecność
2026-06-02 02:00:00,Tuesday,2,0.031,0.079,0.000,0.000,0.000,0.000,0.110,wyjazd / nieobecność
2026-06-02 03:00:00,Tuesday,3,0.021,0.083,0.000,0.000,0.000,0.000,0.104,wyjazd / nieobecność
2026-06-02 04:00:00,Tuesday,4,0.021,0.069,0.000,0.000,0.000,0.000,0.090,wyjazd / nieobecność
2026-06-02 05:00:00,Tuesday,5,0.026,0.070,0.000,0.000,0.000,0.000,0.096,wyjazd / nieobecność
2026-06-02 06:00:00,Tuesday,6,0.020,0.000,0.000,0.000,0.000,0.000,0.020,wyjazd / nieobecność
2026-06-02 07:00:00,Tuesday,7,0.020,0.000,0.000,0.000,0.000,0.000,0.020,wyjazd / nieobecność
2026-06-02 08:00:00,Tuesday,8,0.027,0.000,0.000,0.000,0.000,0.000,0.027,wyjazd / nieobecność
2026-06-02 09:00:00,Tuesday,9,0.022,0.000,0.000,0.000,0.000,0.000,0.022,wyjazd / nieobecność
2026-06-02 10:00:00,Tuesday,10,0.026,0.000,0.000,0.000,0.000,0.000,0.026,wyjazd / nieobecność
2026-06-02 11:00:00,Tuesday,11,0.030,0.000,0.000,0.000,0.000,0.000,0.030,wyjazd / nieobecność
2026-06-02 12:00:00,Tuesday,12,0.029,0.000,0.000,0.000,0.000,0.000,0.029,wyjazd / nieobecność
2026-06-02 13:00:00,Tuesday,13,0.033,0.000,0.000,0.000,0.000,0.000,0.033,wyjazd / nieobecność
2026-06-02 14:00:00,Tuesday,14,0.033,0.000,0.000,0.000,0.000,0.000,0.033,wyjazd / nieobecność
2026-06-02 15:00:00,Tuesday,15,0.026,0.000,0.000,0.000,0.000,0.000,0.026,wyjazd / nieobecność
2026-06-02 16:00:00,Tuesday,16,0.026,0.000,0.000,0.000,0.000,0.000,0.026,wyjazd / nieobecność
2026-06-02 17:00:00,Tuesday,17,0.036,0.000,0.000,0.000,0.000,0.000,0.036,wyjazd / nieobecność
2026-06-02 18:00:00,Tuesday,18,0.026,0.000,0.000,0.000,0.000,0.000,0.026,wyjazd / nieobecność
2026-06-02 19:00:00,Tuesday,19,0.025,0.000,0.000,0.000,0.000,0.000,0.025,wyjazd / nieobecność
2026-06-02 20:00:00,Tuesday,20,0.035,0.000,0.000,0.000,0.000,0.000,0.035,wyjazd / nieobecność
2026-06-02 21:00:00,Tuesday,21,0.024,0.000,0.000,0.000,0.000,0.000,0.024,wyjazd / nieobecność
2026-06-02 22:00:00,Tuesday,22,0.024,0.000,0.000,0.000,0.000,0.000,0.024,wyjazd / nieobecność
2026-06-02 23:00:00,Tuesday,23,0.033,0.000,0.000,0.000,0.000,0.000,0.033,wyjazd / nieobecność
2026-06-03 00:00:00,Wednesday,0,0.027,0.086,0.000,0.000,0.000,0.000,0.113,
2026-06-03 01:00:00,Wednesday,1,0.024,0.094,0.000,0.000,0.000,0.000,0.118,
2026-06-03 02:00:00,Wednesday,2,0.035,0.113,0.000,0.000,0.000,0.000,0.148,
2026-06-03 03:00:00,Wednesday,3,0.020,0.086,0.000,0.000,0.000,0.000,0.106,
2026-06-03 04:00:00,Wednesday,4,0.041,0.110,0.000,0.000,0.000,0.000,0.151,
2026-06-03 05:00:00,Wednesday,5,0.030,0.083,0.000,0.000,0.000,0.000,0.113,
2026-06-03 06:00:00,Wednesday,6,0.026,0.118,0.000,0.000,0.068,0.000,0.212,
2026-06-03 07:00:00,Wednesday,7,0.028,0.116,0.000,0.000,0.067,0.000,0.211,
2026-06-03 08:00:00,Wednesday,8,0.022,0.083,0.000,0.000,0.059,0.000,0.164,
2026-06-03 09:00:00,Wednesday,9,0.026,0.083,0.000,0.000,0.000,0.000,0.109,
2026-06-03 10:00:00,Wednesday,10,0.034,0.086,0.000,0.000,0.000,0.000,0.120,
2026-06-03 11:00:00,Wednesday,11,0.029,0.083,0.000,0.000,0.000,0.000,0.112,
2026-06-03 12:00:00,Wednesday,12,0.021,0.068,0.000,0.000,0.000,0.000,0.089,
2026-06-03 13:00:00,Wednesday,13,0.035,0.066,0.000,0.000,0.000,0.000,0.101,
2026-06-03 14:00:00,Wednesday,14,0.031,0.080,0.000,0.000,0.000,0.000,0.111,
2026-06-03 15:00:00,Wednesday,15,0.028,0.114,0.000,0.000,0.000,0.000,0.142,
2026-06-03 16:00:00,Wednesday,16,0.035,0.121,0.000,0.000,0.000,0.000,0.156,
2026-06-03 17:00:00,Wednesday,17,0.033,0.103,0.000,0.000,0.052,0.000,0.188,
2026-06-03 18:00:00,Wednesday,18,0.034,0.123,0.000,0.410,0.066,0.000,0.633,
2026-06-03 19:00:00,Wednesday,19,0.027,0.154,0.000,0.000,0.032,0.000,0.213,
2026-06-03 20:00:00,Wednesday,20,0.031,0.132,0.000,0.000,0.044,0.434,0.641,zmywarka
2026-06-03 21:00:00,Wednesday,21,0.020,0.175,0.000,0.000,0.045,0.000,0.240,
2026-06-03 22:00:00,Wednesday,22,0.024,0.127,0.103,0.000,0.061,0.000,0.315,
2026-06-03 23:00:00,Wednesday,23,0.042,0.132,0.000,0.000,0.000,0.000,0.174,
2026-06-04 00:00:00,Thursday,0,0.027,0.143,0.000,0.000,0.000,0.000,0.170,
2026-06-04 01:00:00,Thursday,1,0.036,0.158,0.000,0.000,0.000,0.000,0.194,
2026-06-04 02:00:00,Thursday,2,0.028,0.114,0.000,0.000,0.000,0.000,0.142,
2026-06-04 03:00:00,Thursday,3,0.043,0.099,0.000,0.000,0.000,0.000,0.142,
2026-06-04 04:00:00,Thursday,4,0.024,0.112,0.000,0.000,0.000,0.000,0.136,
2026-06-04 05:00:00,Thursday,5,0.035,0.108,0.000,0.000,0.000,0.000,0.143,
2026-06-04 06:00:00,Thursday,6,0.024,0.158,0.000,0.000,0.033,0.000,0.215,
2026-06-04 07:00:00,Thursday,7,0.022,0.142,0.000,0.000,0.058,0.000,0.222,
2026-06-04 08:00:00,Thursday,8,0.035,0.144,0.000,0.000,0.032,0.000,0.211,
2026-06-04 09:00:00,Thursday,9,0.023,0.137,0.000,0.000,0.000,0.000,0.160,
2026-06-04 10:00:00,Thursday,10,0.022,0.122,0.000,0.000,0.000,0.000,0.144,
2026-06-04 11:00:00,Thursday,11,0.033,0.108,0.000,0.000,0.000,0.000,0.141,
2026-06-04 12:00:00,Thursday,12,0.032,0.141,0.000,0.000,0.000,0.000,0.173,
2026-06-04 13:00:00,Thursday,13,0.035,0.128,0.000,0.000,0.000,0.000,0.163,
2026-06-04 14:00:00,Thursday,14,0.029,0.109,0.000,0.000,0.000,0.000,0.138,
2026-06-04 15:00:00,Thursday,15,0.032,0.122,0.000,0.000,0.000,0.000,0.154,
2026-06-04 16:00:00,Thursday,16,0.026,0.108,0.000,0.000,0.000,0.000,0.134,
2026-06-04 17:00:00,Thursday,17,0.024,0.110,0.000,0.000,0.043,0.000,0.177,
2026-06-04 18:00:00,Thursday,18,0.029,0.133,0.000,0.418,0.060,0.000,0.640,
2026-06-04 19:00:00,Thursday,19,0.030,0.122,0.000,0.000,0.058,0.373,0.583,zmywarka
2026-06-04 20:00:00,Thursday,20,0.035,0.162,0.000,0.000,0.060,0.000,0.257,
2026-06-04 21:00:00,Thursday,21,0.033,0.126,0.000,0.000,0.031,0.000,0.190,
2026-06-04 22:00:00,Thursday,22,0.032,0.150,0.112,0.000,0.044,0.000,0.338,
2026-06-04 23:00:00,Thursday,23,0.034,0.121,0.000,0.000,0.000,0.000,0.155,
2026-06-05 00:00:00,Friday,0,0.028,0.147,0.000,0.000,0.000,0.000,0.175,
2026-06-05 01:00:00,Friday,1,0.033,0.158,0.000,0.000,0.000,0.000,0.191,
2026-06-05 02:00:00,Friday,2,0.024,0.149,0.000,0.000,0.000,0.000,0.173,
2026-06-05 03:00:00,Friday,3,0.023,0.150,0.000,0.000,0.000,0.000,0.173,
2026-06-05 04:00:00,Friday,4,0.031,0.176,0.000,0.000,0.000,0.000,0.207,
2026-06-05 05:00:00,Friday,5,0.037,0.176,0.000,0.000,0.000,0.000,0.213,
2026-06-05 06:00:00,Friday,6,0.029,0.225,0.000,0.000,0.045,0.000,0.299,
2026-06-05 07:00:00,Friday,7,0.022,0.199,0.000,0.000,0.048,0.000,0.269,
2026-06-05 08:00:00,Friday,8,0.023,0.164,0.000,0.000,0.060,0.000,0.247,
2026-06-05 09:00:00,Friday,9,0.028,0.145,0.000,0.000,0.000,0.000,0.173,
2026-06-05 10:00:00,Friday,10,0.032,0.110,0.000,0.000,0.000,0.000,0.142,
2026-06-05 11:00:00,Friday,11,0.022,0.105,0.000,0.000,0.000,0.000,0.127,
2026-06-05 12:00:00,Friday,12,0.035,0.090,0.000,0.000,0.000,0.000,0.125,
2026-06-05 13:00:00,Friday,13,0.028,0.076,0.000,0.000,0.000,0.000,0.104,
2026-06-05 14:00:00,Friday,14,0.032,0.072,0.000,0.000,0.000,0.000,0.104,
2026-06-05 15:00:00,Friday,15,0.026,0.092,0.000,0.000,0.000,0.000,0.118,
2026-06-05 16:00:00,Friday,16,0.031,0.082,0.000,0.000,0.000,0.000,0.113,
2026-06-05 17:00:00,Friday,17,0.027,0.072,0.000,0.291,0.059,0.000,0.449,
2026-06-05 18:00:00,Friday,18,0.029,0.116,0.000,0.000,0.058,0.000,0.203,
2026-06-05 19:00:00,Friday,19,0.027,0.160,0.000,0.000,0.030,0.333,0.550,zmywarka
2026-06-05 20:00:00,Friday,20,0.028,0.105,0.000,0.000,0.066,0.000,0.199,
2026-06-05 21:00:00,Friday,21,0.022,0.146,0.000,0.000,0.051,0.000,0.219,
2026-06-05 22:00:00,Friday,22,0.026,0.132,0.100,0.000,0.047,0.000,0.305,
2026-06-05 23:00:00,Friday,23,0.043,0.129,0.000,0.000,0.000,0.000,0.172,
2026-06-06 00:00:00,Saturday,0,0.032,0.137,0.000,0.000,0.000,0.000,0.169,
2026-06-06 01:00:00,Saturday,1,0.028,0.172,0.000,0.000,0.000,0.000,0.200,
2026-06-06 02:00:00,Saturday,2,0.033,0.211,0.000,0.000,0.000,0.000,0.244,
2026-06-06 03:00:00,Saturday,3,0.038,0.230,0.000,0.000,0.000,0.000,0.268,
2026-06-06 04:00:00,Saturday,4,0.028,0.194,0.000,0.000,0.000,0.000,0.222,
2026-06-06 05:00:00,Saturday,5,0.030,0.212,0.000,0.000,0.000,0.000,0.242,
2026-06-06 06:00:00,Saturday,6,0.026,0.284,0.000,0.000,0.036,0.000,0.346,
2026-06-06 07:00:00,Saturday,7,0.034,0.280,0.000,0.000,0.069,0.000,0.383,
2026-06-06 08:00:00,Saturday,8,0.026,0.225,0.000,0.000,0.032,0.000,0.283,
2026-06-06 09:00:00,Saturday,9,0.024,0.184,0.000,0.000,0.000,0.000,0.208,
2026-06-06 10:00:00,Saturday,10,0.024,0.162,0.000,0.000,0.000,0.298,0.484,pralka
2026-06-06 11:00:00,Saturday,11,0.034,0.119,0.000,0.000,0.000,0.710,0.863,suszarka
2026-06-06 12:00:00,Saturday,12,0.028,0.129,0.000,0.000,0.000,0.000,0.157,
2026-06-06 13:00:00,Saturday,13,0.027,0.134,0.000,0.000,0.000,0.333,0.494,zmywarka
2026-06-06 14:00:00,Saturday,14,0.023,0.104,0.000,0.000,0.000,0.000,0.127,
2026-06-06 15:00:00,Saturday,15,0.021,0.108,0.000,0.000,0.000,0.000,0.129,
2026-06-06 16:00:00,Saturday,16,0.028,0.128,0.000,0.000,0.000,0.000,0.156,
2026-06-06 17:00:00,Saturday,17,0.024,0.110,0.000,0.492,0.066,0.000,0.692,
2026-06-06 18:00:00,Saturday,18,0.025,0.113,0.000,0.000,0.062,0.000,0.200,
2026-06-06 19:00:00,Saturday,19,0.030,0.127,0.000,0.000,0.033,0.000,0.190,
2026-06-06 20:00:00,Saturday,20,0.027,0.102,0.000,0.000,0.069,0.000,0.198,
2026-06-06 21:00:00,Saturday,21,0.026,0.140,0.000,0.000,0.044,0.000,0.210,
2026-06-06 22:00:00,Saturday,22,0.021,0.094,0.082,0.000,0.030,0.000,0.227,
2026-06-06 23:00:00,Saturday,23,0.036,0.102,0.000,0.000,0.000,0.000,0.138,
2026-06-07 00:00:00,Sunday,0,0.037,0.104,0.000,0.000,0.000,0.000,0.141,
2026-06-07 01:00:00,Sunday,1,0.035,0.141,0.000,0.000,0.000,0.000,0.176,
2026-06-07 02:00:00,Sunday,2,0.028,0.158,0.000,0.000,0.000,0.000,0.186,
2026-06-07 03:00:00,Sunday,3,0.031,0.149,0.000,0.000,0.000,0.000,0.180,
2026-06-07 04:00:00,Sunday,4,0.032,0.182,0.000,0.000,0.000,0.000,0.214,
2026-06-07 05:00:00,Sunday,5,0.022,0.160,0.000,0.000,0.000,0.000,0.182,
2026-06-07 06:00:00,Sunday,6,0.026,0.166,0.000,0.000,0.045,0.000,0.237,
2026-06-07 07:00:00,Sunday,7,0.034,0.155,0.000,0.000,0.052,0.000,0.241,
2026-06-07 08:00:00,Sunday,8,0.033,0.159,0.000,0.000,0.034,0.000,0.226,
2026-06-07 09:00:00,Sunday,9,0.030,0.134,0.000,0.000,0.000,0.000,0.164,
2026-06-07 10:00:00,Sunday,10,0.025,0.132,0.000,0.000,0.000,0.000,0.157,
2026-06-07 11:00:00,Sunday,11,0.020,0.087,0.000,0.000,0.000,0.381,0.488,pralka
2026-06-07 12:00:00,Sunday,12,0.024,0.076,0.000,0.000,0.000,0.000,0.100,
2026-06-07 13:00:00,Sunday,13,0.026,0.066,0.000,0.000,0.000,0.449,0.541,zmywarka
2026-06-07 14:00:00,Sunday,14,0.032,0.078,0.000,0.000,0.000,0.000,0.110,
2026-06-07 15:00:00,Sunday,15,0.035,0.068,0.000,0.000,0.000,0.000,0.103,
2026-06-07 16:00:00,Sunday,16,0.032,0.106,0.000,0.000,0.000,0.000,0.138,
2026-06-07 17:00:00,Sunday,17,0.025,0.084,0.000,0.354,0.053,0.000,0.516,
2026-06-07 18:00:00,Sunday,18,0.025,0.095,0.000,0.000,0.057,0.000,0.177,
2026-06-07 19:00:00,Sunday,19,0.034,0.129,0.000,0.000,0.066,0.000,0.229,
2026-06-07 20:00:00,Sunday,20,0.029,0.126,0.000,0.000,0.043,0.000,0.198,
2026-06-07 21:00:00,Sunday,21,0.035,0.163,0.000,0.000,0.054,0.000,0.252,
2026-06-07 22:00:00,Sunday,22,0.024,0.138,0.044,0.000,0.061,0.000,0.267,
2026-06-07 23:00:00,Sunday,23,0.022,0.155,0.000,0.000,0.000,0.000,0.177,
2026-06-08 00:00:00,Monday,0,0.044,0.181,0.000,0.000,0.000,0.000,0.225,
2026-06-08 01:00:00,Monday,1,0.028,0.188,0.000,0.000,0.000,0.000,0.216,
2026-06-08 02:00:00,Monday,2,0.027,0.198,0.000,0.000,0.000,0.000,0.225,
2026-06-08 03:00:00,Monday,3,0.035,0.167,0.000,0.000,0.000,0.000,0.202,
2026-06-08 04:00:00,Monday,4,0.037,0.176,0.000,0.000,0.000,0.000,0.213,
2026-06-08 05:00:00,Monday,5,0.030,0.209,0.000,0.000,0.000,0.000,0.239,
2026-06-08 06:00:00,Monday,6,0.034,0.242,0.000,0.000,0.044,0.000,0.320,
2026-06-08 07:00:00,Monday,7,0.023,0.202,0.000,0.000,0.032,0.000,0.257,
2026-06-08 08:00:00,Monday,8,0.028,0.187,0.000,0.000,0.064,0.000,0.279,
2026-06-08 09:00:00,Monday,9,0.022,0.141,0.000,0.000,0.000,0.000,0.163,
2026-06-08 10:00:00,Monday,10,0.025,0.116,0.000,0.000,0.000,0.000,0.141,
2026-06-08 11:00:00,Monday,11,0.030,0.120,0.000,0.000,0.000,0.300,0.450,pralka
2026-06-08 12:00:00,Monday,12,0.028,0.121,0.000,0.000,0.000,0.000,0.149,
2026-06-08 13:00:00,Monday,13,0.021,0.098,0.000,0.000,0.000,0.000,0.119,
2026-06-08 14:00:00,Monday,14,0.022,0.112,0.000,0.000,0.000,0.000,0.134,
2026-06-08 15:00:00,Monday,15,0.029,0.118,0.000,0.000,0.000,0.000,0.147,
2026-06-08 16:00:00,Monday,16,0.033,0.096,0.000,0.000,0.000,0.000,0.129,
2026-06-08 17:00:00,Monday,17,0.020,0.117,0.000,0.000,0.035,0.000,0.172,
2026-06-08 18:00:00,Monday,18,0.027,0.108,0.000,0.364,0.047,0.000,0.546,
2026-06-08 19:00:00,Monday,19,0.032,0.142,0.000,0.000,0.036,0.000,0.210,
2026-06-08 20:00:00,Monday,20,0.025,0.131,0.000,0.000,0.063,0.000,0.219,
2026-06-08 21:00:00,Monday,21,0.024,0.125,0.000,0.000,0.063,0.000,0.212,
2026-06-08 22:00:00,Monday,22,0.024,0.103,0.078,0.000,0.032,0.000,0.237,
2026-06-08 23:00:00,Monday,23,0.027,0.101,0.000,0.000,0.000,0.000,0.128,
2026-06-09 00:00:00,Tuesday,0,0.033,0.111,0.000,0.000,0.000,0.000,0.144,
2026-06-09 01:00:00,Tuesday,1,0.038,0.100,0.000,0.000,0.000,0.000,0.138,
2026-06-09 02:00:00,Tuesday,2,0.032,0.099,0.000,0.000,0.000,0.000,0.131,
2026-06-09 03:00:00,Tuesday,3,0.035,0.119,0.000,0.000,0.000,0.000,0.154,
2026-06-09 04:00:00,Tuesday,4,0.026,0.132,0.000,0.000,0.000,0.000,0.158,
2026-06-09 05:00:00,Tuesday,5,0.020,0.124,0.000,0.000,0.000,0.000,0.144,
2026-06-09 06:00:00,Tuesday,6,0.034,0.176,0.000,0.000,0.066,0.000,0.276,
2026-06-09 07:00:00,Tuesday,7,0.029,0.163,0.000,0.000,0.031,0.000,0.223,
2026-06-09 08:00:00,Tuesday,8,0.029,0.149,0.000,0.000,0.031,0.000,0.209,
2026-06-09 09:00:00,Tuesday,9,0.033,0.176,0.000,0.000,0.086,0.000,0.295,praca zdalna
2026-06-09 10:00:00,Tuesday,10,0.025,0.206,0.000,0.000,0.125,0.000,0.356,praca zdalna
2026-06-09 11:00:00,Tuesday,11,0.025,0.197,0.000,0.000,0.144,0.330,0.696,praca zdalna; pralka
2026-06-09 12:00:00,Tuesday,12,0.031,0.121,0.000,0.000,0.138,0.000,0.290,praca zdalna
2026-06-09 13:00:00,Tuesday,13,0.029,0.114,0.000,0.000,0.125,0.000,0.268,praca zdalna
2026-06-09 14:00:00,Tuesday,14,0.025,0.103,0.000,0.000,0.105,0.000,0.233,praca zdalna
2026-06-09 15:00:00,Tuesday,15,0.025,0.136,0.000,0.000,0.074,0.000,0.235,praca zdalna
2026-06-09 16:00:00,Tuesday,16,0.026,0.126,0.000,0.000,0.108,0.000,0.260,praca zdalna
2026-06-09 17:00:00,Tuesday,17,0.028,0.130,0.000,0.000,0.069,0.000,0.227,
2026-06-09 18:00:00,Tuesday,18,0.031,0.180,0.000,0.376,0.054,0.000,0.641,
2026-06-09 19:00:00,Tuesday,19,0.023,0.198,0.000,0.000,0.036,0.000,0.257,
2026-06-09 20:00:00,Tuesday,20,0.021,0.168,0.000,0.000,0.056,0.000,0.245,
2026-06-09 21:00:00,Tuesday,21,0.022,0.172,0.000,0.000,0.051,0.000,0.245,
2026-06-09 22:00:00,Tuesday,22,0.032,0.167,0.082,0.000,0.053,0.000,0.334,
2026-06-09 23:00:00,Tuesday,23,0.024,0.173,0.000,0.000,0.000,0.000,0.197,
2026-06-10 00:00:00,Wednesday,0,0.044,0.182,0.000,0.000,0.000,0.000,0.226,
2026-06-10 01:00:00,Wednesday,1,0.026,0.184,0.000,0.000,0.000,0.000,0.210,
2026-06-10 02:00:00,Wednesday,2,0.023,0.234,0.000,0.000,0.000,0.000,0.257,
2026-06-10 03:00:00,Wednesday,3,0.035,0.205,0.000,0.000,0.000,0.000,0.240,
2026-06-10 04:00:00,Wednesday,4,0.023,0.201,0.000,0.000,0.000,0.000,0.224,
2026-06-10 05:00:00,Wednesday,5,0.035,0.247,0.000,0.000,0.000,0.000,0.282,
2026-06-10 06:00:00,Wednesday,6,0.023,0.301,0.000,0.000,0.036,0.000,0.360,
2026-06-10 07:00:00,Wednesday,7,0.022,0.294,0.000,0.000,0.036,0.000,0.352,
2026-06-10 08:00:00,Wednesday,8,0.031,0.281,0.000,0.000,0.069,0.000,0.381,
2026-06-10 09:00:00,Wednesday,9,0.034,0.230,0.000,0.000,0.083,0.388,0.735,praca zdalna; pralka
2026-06-10 10:00:00,Wednesday,10,0.024,0.199,0.000,0.000,0.111,0.000,0.334,praca zdalna
2026-06-10 11:00:00,Wednesday,11,0.035,0.144,0.000,0.000,0.096,0.000,0.275,praca zdalna
2026-06-10 12:00:00,Wednesday,12,0.033,0.146,0.000,0.000,0.109,0.000,0.288,praca zdalna
2026-06-10 13:00:00,Wednesday,13,0.034,0.112,0.000,0.000,0.105,0.000,0.251,praca zdalna
2026-06-10 14:00:00,Wednesday,14,0.033,0.101,0.000,0.000,0.096,0.000,0.230,praca zdalna
2026-06-10 15:00:00,Wednesday,15,0.032,0.090,0.000,0.000,0.122,0.000,0.244,praca zdalna
2026-06-10 16:00:00,Wednesday,16,0.026,0.118,0.000,0.000,0.068,0.000,0.212,praca zdalna
2026-06-10 17:00:00,Wednesday,17,0.030,0.115,0.000,0.000,0.065,0.000,0.210,
2026-06-10 18:00:00,Wednesday,18,0.027,0.111,0.000,0.305,0.056,0.000,0.499,
2026-06-10 19:00:00,Wednesday,19,0.021,0.128,0.000,0.000,0.036,0.360,0.545,zmywarka
2026-06-10 20:00:00,Wednesday,20,0.028,0.154,0.000,0.000,0.043,0.000,0.225,
2026-06-10 21:00:00,Wednesday,21,0.034,0.190,0.000,0.000,0.032,0.000,0.256,
2026-06-10 22:00:00,Wednesday,22,0.030,0.149,0.098,0.000,0.034,0.000,0.311,
2026-06-10 23:00:00,Wednesday,23,0.023,0.152,0.000,0.000,0.000,0.000,0.175,
2026-06-11 00:00:00,Thursday,0,0.023,0.198,0.000,0.000,0.000,0.000,0.221,
2026-06-11 01:00:00,Thursday,1,0.029,0.167,0.000,0.000,0.000,0.000,0.196,
2026-06-11 02:00:00,Thursday,2,0.028,0.215,0.000,0.000,0.000,0.000,0.243,
2026-06-11 03:00:00,Thursday,3,0.023,0.254,0.000,0.000,0.000,0.000,0.277,
2026-06-11 04:00:00,Thursday,4,0.035,0.290,0.000,0.000,0.000,0.000,0.325,
2026-06-11 05:00:00,Thursday,5,0.035,0.239,0.000,0.000,0.000,0.000,0.274,
2026-06-11 06:00:00,Thursday,6,0.024,0.343,0.000,0.000,0.060,0.000,0.427,
2026-06-11 07:00:00,Thursday,7,0.023,0.268,0.000,0.000,0.040,0.000,0.331,
2026-06-11 08:00:00,Thursday,8,0.032,0.216,0.000,0.000,0.044,0.000,0.292,
2026-06-11 09:00:00,Thursday,9,0.031,0.210,0.000,0.000,0.000,0.000,0.241,
2026-06-11 10:00:00,Thursday,10,0.032,0.163,0.000,0.000,0.000,0.000,0.195,
2026-06-11 11:00:00,Thursday,11,0.033,0.180,0.000,0.000,0.000,0.000,0.213,
2026-06-11 12:00:00,Thursday,12,0.028,0.192,0.000,0.000,0.000,0.000,0.220,
2026-06-11 13:00:00,Thursday,13,0.035,0.163,0.000,0.000,0.000,0.000,0.198,
2026-06-11 14:00:00,Thursday,14,0.020,0.156,0.000,0.000,0.000,0.000,0.176,
2026-06-11 15:00:00,Thursday,15,0.029,0.122,0.000,0.000,0.000,0.000,0.151,
2026-06-11 16:00:00,Thursday,16,0.028,0.142,0.000,0.000,0.000,0.000,0.170,
2026-06-11 17:00:00,Thursday,17,0.022,0.130,0.000,0.341,0.049,0.000,0.542,
2026-06-11 18:00:00,Thursday,18,0.030,0.135,0.000,0.000,0.052,0.000,0.217,
2026-06-11 19:00:00,Thursday,19,0.034,0.129,0.000,0.000,0.069,0.000,0.232,
2026-06-11 20:00:00,Thursday,20,0.036,0.209,0.000,0.000,0.030,0.429,0.704,zmywarka
2026-06-11 21:00:00,Thursday,21,0.036,0.249,0.000,0.000,0.041,0.000,0.326,
2026-06-11 22:00:00,Thursday,22,0.031,0.194,0.053,0.000,0.035,0.000,0.313,
2026-06-11 23:00:00,Thursday,23,0.027,0.204,0.000,0.000,0.000,0.000,0.231,
2026-06-12 00:00:00,Friday,0,0.032,0.214,0.000,0.000,0.000,0.000,0.246,
2026-06-12 01:00:00,Friday,1,0.032,0.246,0.000,0.000,0.000,0.000,0.278,
2026-06-12 02:00:00,Friday,2,0.028,0.247,0.000,0.000,0.000,0.000,0.275,
2026-06-12 03:00:00,Friday,3,0.036,0.300,0.000,0.000,0.000,0.000,0.336,
2026-06-12 04:00:00,Friday,4,0.023,0.305,0.000,0.000,0.000,0.000,0.328,
2026-06-12 05:00:00,Friday,5,0.036,0.296,0.000,0.000,0.000,0.000,0.332,
2026-06-12 06:00:00,Friday,6,0.025,0.332,0.000,0.000,0.063,0.000,0.420,
2026-06-12 07:00:00,Friday,7,0.030,0.231,0.000,0.000,0.048,0.000,0.309,
2026-06-12 08:00:00,Friday,8,0.020,0.207,0.000,0.000,0.049,0.000,0.276,
2026-06-12 09:00:00,Friday,9,0.030,0.192,0.000,0.000,0.000,0.000,0.222,
2026-06-12 10:00:00,Friday,10,0.022,0.168,0.000,0.000,0.000,0.000,0.190,
2026-06-12 11:00:00,Friday,11,0.028,0.200,0.000,0.000,0.000,0.000,0.228,
2026-06-12 12:00:00,Friday,12,0.028,0.186,0.000,0.000,0.000,0.000,0.214,
2026-06-12 13:00:00,Friday,13,0.029,0.155,0.000,0.000,0.000,0.000,0.184,
2026-06-12 14:00:00,Friday,14,0.035,0.144,0.000,0.000,0.000,0.000,0.179,
2026-06-12 15:00:00,Friday,15,0.027,0.139,0.000,0.000,0.000,0.000,0.166,
2026-06-12 16:00:00,Friday,16,0.035,0.161,0.000,0.000,0.000,0.000,0.196,
2026-06-12 17:00:00,Friday,17,0.029,0.168,0.000,0.000,0.030,0.000,0.227,
2026-06-12 18:00:00,Friday,18,0.034,0.184,0.000,0.252,0.062,0.000,0.532,
2026-06-12 19:00:00,Friday,19,0.025,0.191,0.000,0.000,0.049,0.361,0.626,zmywarka
2026-06-12 20:00:00,Friday,20,0.023,0.176,0.000,0.000,0.035,0.000,0.234,
2026-06-12 21:00:00,Friday,21,0.026,0.152,0.000,0.000,0.068,0.000,0.246,
2026-06-12 22:00:00,Friday,22,0.031,0.173,0.099,0.000,0.032,0.000,0.335,
2026-06-12 23:00:00,Friday,23,0.036,0.162,0.000,0.000,0.000,0.000,0.198,
2026-06-13 00:00:00,Saturday,0,0.043,0.192,0.000,0.000,0.000,0.000,0.235,
2026-06-13 01:00:00,Saturday,1,0.029,0.210,0.000,0.000,0.000,0.000,0.239,
2026-06-13 02:00:00,Saturday,2,0.023,0.244,0.000,0.000,0.000,0.000,0.267,
2026-06-13 03:00:00,Saturday,3,0.021,0.217,0.000,0.000,0.000,0.000,0.238,
2026-06-13 04:00:00,Saturday,4,0.030,0.222,0.000,0.000,0.000,0.000,0.252,
2026-06-13 05:00:00,Saturday,5,0.033,0.277,0.000,0.000,0.000,0.000,0.310,
2026-06-13 06:00:00,Saturday,6,0.024,0.302,0.000,0.000,0.052,0.000,0.378,
2026-06-13 07:00:00,Saturday,7,0.036,0.224,0.000,0.000,0.054,0.000,0.314,
2026-06-13 08:00:00,Saturday,8,0.023,0.214,0.000,0.000,0.059,0.000,0.296,
2026-06-13 09:00:00,Saturday,9,0.028,0.201,0.000,0.000,0.000,0.000,0.229,
2026-06-13 10:00:00,Saturday,10,0.021,0.174,0.000,0.000,0.000,0.000,0.195,
2026-06-13 11:00:00,Saturday,11,0.027,0.191,0.000,0.000,0.000,0.000,0.218,
2026-06-13 12:00:00,Saturday,12,0.024,0.130,0.000,0.000,0.000,0.000,0.154,
2026-06-13 13:00:00,Saturday,13,0.032,0.190,0.000,0.000,0.000,0.327,0.549,zmywarka
2026-06-13 14:00:00,Saturday,14,0.028,0.225,0.000,0.000,0.000,0.000,0.253,
2026-06-13 15:00:00,Saturday,15,0.021,0.299,0.000,0.000,0.000,0.000,0.320,
2026-06-13 16:00:00,Saturday,16,0.024,0.200,0.000,0.000,0.000,0.000,0.224,
2026-06-13 17:00:00,Saturday,17,0.020,0.152,0.000,0.000,0.057,0.000,0.229,
2026-06-13 18:00:00,Saturday,18,0.034,0.174,0.000,0.372,0.046,0.000,0.626,
2026-06-13 19:00:00,Saturday,19,0.030,0.191,0.000,0.000,0.030,0.000,0.251,
2026-06-13 20:00:00,Saturday,20,0.033,0.181,0.000,0.000,0.031,0.000,0.245,
2026-06-13 21:00:00,Saturday,21,0.033,0.219,0.000,0.000,0.062,0.000,0.314,
2026-06-13 22:00:00,Saturday,22,0.035,0.196,0.095,0.000,0.054,0.000,0.380,
2026-06-13 23:00:00,Saturday,23,0.040,0.267,0.000,0.000,0.000,0.000,0.307,
2026-06-14 00:00:00,Sunday,0,0.026,0.242,0.000,0.000,0.000,0.000,0.268,
2026-06-14 01:00:00,Sunday,1,0.029,0.295,0.000,0.000,0.000,0.000,0.324,
2026-06-14 02:00:00,Sunday,2,0.032,0.315,0.000,0.000,0.000,0.000,0.347,
2026-06-14 03:00:00,Sunday,3,0.028,0.250,0.000,0.000,0.000,0.000,0.278,
2026-06-14 04:00:00,Sunday,4,0.028,0.296,0.000,0.000,0.000,0.000,0.324,
2026-06-14 05:00:00,Sunday,5,0.027,0.296,0.000,0.000,0.000,0.000,0.323,
2026-06-14 06:00:00,Sunday,6,0.031,0.401,0.000,0.000,0.052,0.000,0.484,
2026-06-14 07:00:00,Sunday,7,0.035,0.349,0.000,0.000,0.064,0.000,0.448,
2026-06-14 08:00:00,Sunday,8,0.030,0.237,0.000,0.000,0.038,0.000,0.305,
2026-06-14 09:00:00,Sunday,9,0.022,0.266,0.000,0.000,0.000,0.000,0.288,
2026-06-14 10:00:00,Sunday,10,0.021,0.186,0.000,0.000,0.000,0.000,0.207,
2026-06-14 11:00:00,Sunday,11,0.032,0.157,0.000,0.000,0.000,0.000,0.189,
2026-06-14 12:00:00,Sunday,12,0.035,0.162,0.000,0.000,0.000,0.000,0.197,
2026-06-14 13:00:00,Sunday,13,0.024,0.153,0.000,0.000,0.000,0.000,0.177,
2026-06-14 14:00:00,Sunday,14,0.025,0.134,0.000,0.000,0.000,0.396,0.555,zmywarka
2026-06-14 15:00:00,Sunday,15,0.034,0.163,0.000,0.000,0.000,0.000,0.197,
2026-06-14 16:00:00,Sunday,16,0.027,0.147,0.000,0.000,0.000,0.000,0.174,
2026-06-14 17:00:00,Sunday,17,0.021,0.124,0.000,0.000,0.036,0.000,0.181,
2026-06-14 18:00:00,Sunday,18,0.028,0.119,0.000,0.311,0.070,0.000,0.528,
2026-06-14 19:00:00,Sunday,19,0.027,0.137,0.000,0.000,0.061,0.000,0.225,
2026-06-14 20:00:00,Sunday,20,0.032,0.199,0.000,0.000,0.059,0.000,0.290,
2026-06-14 21:00:00,Sunday,21,0.020,0.161,0.000,0.000,0.047,0.000,0.228,
2026-06-14 22:00:00,Sunday,22,0.026,0.142,0.043,0.000,0.060,0.000,0.271,
2026-06-14 23:00:00,Sunday,23,0.025,0.199,0.000,0.000,0.000,0.000,0.224,
2026-06-15 00:00:00,Monday,0,0.022,0.122,0.000,0.000,0.000,0.000,0.144,wyjazd / nieobecność
2026-06-15 01:00:00,Monday,1,0.031,0.110,0.000,0.000,0.000,0.000,0.141,wyjazd / nieobecność
2026-06-15 02:00:00,Monday,2,0.025,0.127,0.000,0.000,0.000,0.000,0.152,wyjazd / nieobecność
2026-06-15 03:00:00,Monday,3,0.025,0.103,0.000,0.000,0.000,0.000,0.128,wyjazd / nieobecność
2026-06-15 04:00:00,Monday,4,0.026,0.125,0.000,0.000,0.000,0.000,0.151,wyjazd / nieobecność
2026-06-15 05:00:00,Monday,5,0.024,0.153,0.000,0.000,0.000,0.000,0.177,wyjazd / nieobecność
2026-06-15 06:00:00,Monday,6,0.034,0.125,0.000,0.000,0.000,0.000,0.159,wyjazd / nieobecność
2026-06-15 07:00:00,Monday,7,0.028,0.133,0.000,0.000,0.000,0.000,0.161,wyjazd / nieobecność
2026-06-15 08:00:00,Monday,8,0.020,0.104,0.000,0.000,0.000,0.000,0.124,wyjazd / nieobecność
2026-06-15 09:00:00,Monday,9,0.031,0.061,0.000,0.000,0.055,0.000,0.147,wyjazd / nieobecność; praca zdalna
2026-06-15 10:00:00,Monday,10,0.031,0.000,0.000,0.000,0.066,0.000,0.097,wyjazd / nieobecność; praca zdalna
2026-06-15 11:00:00,Monday,11,0.035,0.000,0.000,0.000,0.043,0.000,0.078,wyjazd / nieobecność; praca zdalna
2026-06-15 12:00:00,Monday,12,0.032,0.000,0.000,0.000,0.056,0.000,0.088,wyjazd / nieobecność; praca zdalna
2026-06-15 13:00:00,Monday,13,0.024,0.000,0.000,0.000,0.042,0.000,0.066,wyjazd / nieobecność; praca zdalna
2026-06-15 14:00:00,Monday,14,0.028,0.000,0.000,0.000,0.055,0.000,0.083,wyjazd / nieobecność; praca zdalna
2026-06-15 15:00:00,Monday,15,0.026,0.000,0.000,0.000,0.033,0.000,0.059,wyjazd / nieobecność; praca zdalna
2026-06-15 16:00:00,Monday,16,0.020,0.000,0.000,0.000,0.067,0.000,0.087,wyjazd / nieobecność; praca zdalna
2026-06-15 17:00:00,Monday,17,0.035,0.000,0.000,0.000,0.000,0.000,0.035,wyjazd / nieobecność
2026-06-15 18:00:00,Monday,18,0.029,0.000,0.000,0.000,0.000,0.000,0.029,wyjazd / nieobecność
2026-06-15 19:00:00,Monday,19,0.030,0.000,0.000,0.000,0.000,0.000,0.030,wyjazd / nieobecność
2026-06-15 20:00:00,Monday,20,0.033,0.000,0.000,0.000,0.000,0.000,0.033,wyjazd / nieobecność
2026-06-15 21:00:00,Monday,21,0.020,0.000,0.000,0.000,0.000,0.000,0.020,wyjazd / nieobecność
2026-06-15 22:00:00,Monday,22,0.034,0.075,0.000,0.000,0.000,0.000,0.109,wyjazd / nieobecność
2026-06-15 23:00:00,Monday,23,0.035,0.095,0.000,0.000,0.000,0.000,0.130,wyjazd / nieobecność
2026-06-16 00:00:00,Tuesday,0,0.028,0.121,0.000,0.000,0.000,0.000,0.149,wyjazd / nieobecność
2026-06-16 01:00:00,Tuesday,1,0.024,0.110,0.000,0.000,0.000,0.000,0.134,wyjazd / nieobecność
2026-06-16 02:00:00,Tuesday,2,0.022,0.150,0.000,0.000,0.000,0.000,0.172,wyjazd / nieobecność
2026-06-16 03:00:00,Tuesday,3,0.030,0.167,0.000,0.000,0.000,0.000,0.197,wyjazd / nieobecność
2026-06-16 04:00:00,Tuesday,4,0.029,0.144,0.000,0.000,0.000,0.000,0.173,wyjazd / nieobecność
2026-06-16 05:00:00,Tuesday,5,0.031,0.148,0.000,0.000,0.000,0.000,0.179,wyjazd / nieobecność
2026-06-16 06:00:00,Tuesday,6,0.023,0.150,0.000,0.000,0.000,0.000,0.173,wyjazd / nieobecność
2026-06-16 07:00:00,Tuesday,7,0.021,0.140,0.000,0.000,0.000,0.000,0.161,wyjazd / nieobecność
2026-06-16 08:00:00,Tuesday,8,0.024,0.163,0.000,0.000,0.000,0.000,0.187,wyjazd / nieobecność
2026-06-16 09:00:00,Tuesday,9,0.024,0.142,0.000,0.000,0.071,0.000,0.237,wyjazd / nieobecność; praca zdalna
2026-06-16 10:00:00,Tuesday,10,0.032,0.144,0.000,0.000,0.067,0.000,0.243,wyjazd / nieobecność; praca zdalna
2026-06-16 11:00:00,Tuesday,11,0.034,0.142,0.000,0.000,0.055,0.000,0.231,wyjazd / nieobecność; praca zdalna
2026-06-16 12:00:00,Tuesday,12,0.027,0.125,0.000,0.000,0.041,0.000,0.193,wyjazd / nieobecność; praca zdalna
2026-06-16 13:00:00,Tuesday,13,0.030,0.112,0.000,0.000,0.069,0.000,0.211,wyjazd / nieobecność; praca zdalna
2026-06-16 14:00:00,Tuesday,14,0.035,0.099,0.000,0.000,0.042,0.000,0.176,wyjazd / nieobecność; praca zdalna
2026-06-16 15:00:00,Tuesday,15,0.022,0.077,0.000,0.000,0.052,0.000,0.151,wyjazd / nieobecność; praca zdalna
2026-06-16 16:00:00,Tuesday,16,0.028,0.000,0.000,0.000,0.069,0.000,0.097,wyjazd / nieobecność; praca zdalna
2026-06-16 17:00:00,Tuesday,17,0.029,0.066,0.000,0.000,0.000,0.000,0.095,wyjazd / nieobecność
2026-06-16 18:00:00,Tuesday,18,0.026,0.083,0.000,0.000,0.000,0.000,0.109,wyjazd / nieobecność
2026-06-16 19:00:00,Tuesday,19,0.029,0.061,0.000,0.000,0.000,0.000,0.090,wyjazd / nieobecność
2026-06-16 20:00:00,Tuesday,20,0.032,0.076,0.000,0.000,0.000,0.000,0.108,wyjazd / nieobecność
2026-06-16 21:00:00,Tuesday,21,0.028,0.104,0.000,0.000,0.000,0.000,0.132,wyjazd / nieobecność
2026-06-16 22:00:00,Tuesday,22,0.034,0.130,0.000,0.000,0.000,0.000,0.164,wyjazd / nieobecność
2026-06-16 23:00:00,Tuesday,23,0.036,0.142,0.000,0.000,0.000,0.000,0.178,wyjazd / nieobecność
2026-06-17 00:00:00,Wednesday,0,0.034,0.253,0.000,0.000,0.000,0.000,0.287,
2026-06-17 01:00:00,Wednesday,1,0.038,0.289,0.000,0.000,0.000,0.000,0.327,
2026-06-17 02:00:00,Wednesday,2,0.033,0.254,0.000,0.000,0.000,0.000,0.287,
2026-06-17 03:00:00,Wednesday,3,0.034,0.257,0.000,0.000,0.000,0.000,0.291,
2026-06-17 04:00:00,Wednesday,4,0.030,0.315,0.000,0.000,0.000,0.000,0.345,
2026-06-17 05:00:00,Wednesday,5,0.029,0.302,0.000,0.000,0.000,0.000,0.331,
2026-06-17 06:00:00,Wednesday,6,0.030,0.326,0.000,0.000,0.050,0.000,0.406,
2026-06-17 07:00:00,Wednesday,7,0.022,0.284,0.000,0.000,0.059,0.000,0.365,
2026-06-17 08:00:00,Wednesday,8,0.024,0.308,0.000,0.000,0.066,0.000,0.398,
2026-06-17 09:00:00,Wednesday,9,0.032,0.255,0.000,0.000,0.000,0.000,0.287,
2026-06-17 10:00:00,Wednesday,10,0.020,0.274,0.000,0.000,0.000,0.000,0.294,
2026-06-17 11:00:00,Wednesday,11,0.032,0.223,0.000,0.000,0.000,0.000,0.255,
2026-06-17 12:00:00,Wednesday,12,0.028,0.186,0.000,0.000,0.000,0.000,0.214,
2026-06-17 13:00:00,Wednesday,13,0.027,0.154,0.000,0.000,0.000,0.000,0.181,
2026-06-17 14:00:00,Wednesday,14,0.030,0.143,0.000,0.000,0.000,0.000,0.173,
2026-06-17 15:00:00,Wednesday,15,0.024,0.116,0.000,0.000,0.000,0.000,0.140,
2026-06-17 16:00:00,Wednesday,16,0.035,0.122,0.000,0.000,0.000,0.000,0.157,
2026-06-17 17:00:00,Wednesday,17,0.036,0.096,0.000,0.429,0.030,0.000,0.591,
2026-06-17 18:00:00,Wednesday,18,0.032,0.110,0.000,0.000,0.058,0.000,0.200,
2026-06-17 19:00:00,Wednesday,19,0.033,0.134,0.000,0.000,0.068,0.000,0.235,
2026-06-17 20:00:00,Wednesday,20,0.033,0.111,0.000,0.000,0.034,0.422,0.600,zmywarka
2026-06-17 21:00:00,Wednesday,21,0.025,0.145,0.000,0.000,0.033,0.000,0.203,
2026-06-17 22:00:00,Wednesday,22,0.035,0.110,0.048,0.000,0.034,0.000,0.227,
2026-06-17 23:00:00,Wednesday,23,0.034,0.103,0.000,0.000,0.000,0.000,0.137,
2026-06-18 00:00:00,Thursday,0,0.031,0.130,0.000,0.000,0.000,0.000,0.161,
2026-06-18 01:00:00,Thursday,1,0.036,0.124,0.000,0.000,0.000,0.000,0.160,
2026-06-18 02:00:00,Thursday,2,0.043,0.105,0.000,0.000,0.000,0.000,0.148,
2026-06-18 03:00:00,Thursday,3,0.040,0.086,0.000,0.000,0.000,0.000,0.126,
2026-06-18 04:00:00,Thursday,4,0.036,0.096,0.000,0.000,0.000,0.000,0.132,
2026-06-18 05:00:00,Thursday,5,0.024,0.106,0.000,0.000,0.000,0.000,0.130,
2026-06-18 06:00:00,Thursday,6,0.032,0.154,0.000,0.000,0.048,0.000,0.234,
2026-06-18 07:00:00,Thursday,7,0.032,0.136,0.000,0.000,0.044,0.000,0.212,
2026-06-18 08:00:00,Thursday,8,0.020,0.125,0.000,0.000,0.062,0.000,0.207,
2026-06-18 09:00:00,Thursday,9,0.035,0.096,0.000,0.000,0.120,0.000,0.251,praca zdalna
2026-06-18 10:00:00,Thursday,10,0.033,0.075,0.000,0.000,0.114,0.000,0.222,praca zdalna
2026-06-18 11:00:00,Thursday,11,0.027,0.000,0.000,0.000,0.140,0.000,0.167,praca zdalna
2026-06-18 12:00:00,Thursday,12,0.024,0.000,0.000,0.000,0.092,0.000,0.116,praca zdalna
2026-06-18 13:00:00,Thursday,13,0.033,0.000,0.000,0.000,0.097,0.000,0.130,praca zdalna
2026-06-18 14:00:00,Thursday,14,0.032,0.000,0.000,0.000,0.118,0.000,0.150,praca zdalna
2026-06-18 15:00:00,Thursday,15,0.031,0.000,0.000,0.000,0.134,0.000,0.165,praca zdalna
2026-06-18 16:00:00,Thursday,16,0.032,0.000,0.000,0.000,0.091,0.000,0.123,praca zdalna
2026-06-18 17:00:00,Thursday,17,0.024,0.000,0.000,0.000,0.049,0.000,0.073,
2026-06-18 18:00:00,Thursday,18,0.020,0.000,0.000,0.283,0.046,0.000,0.349,
2026-06-18 19:00:00,Thursday,19,0.034,0.000,0.000,0.000,0.045,0.000,0.079,
2026-06-18 20:00:00,Thursday,20,0.028,0.000,0.000,0.000,0.035,0.458,0.521,zmywarka
2026-06-18 21:00:00,Thursday,21,0.026,0.000,0.000,0.000,0.060,0.000,0.086,
2026-06-18 22:00:00,Thursday,22,0.029,0.000,0.100,0.000,0.048,0.000,0.177,
2026-06-18 23:00:00,Thursday,23,0.038,0.000,0.000,0.000,0.000,0.000,0.038,
2026-06-19 00:00:00,Friday,0,0.035,0.000,0.000,0.000,0.000,0.000,0.035,
2026-06-19 01:00:00,Friday,1,0.022,0.000,0.000,0.000,0.000,0.000,0.022,
2026-06-19 02:00:00,Friday,2,0.045,0.085,0.000,0.000,0.000,0.000,0.130,
2026-06-19 03:00:00,Friday,3,0.036,0.066,0.000,0.000,0.000,0.000,0.102,
2026-06-19 04:00:00,Friday,4,0.043,0.088,0.000,0.000,0.000,0.000,0.131,
2026-06-19 05:00:00,Friday,5,0.029,0.087,0.000,0.000,0.000,0.000,0.116,
2026-06-19 06:00:00,Friday,6,0.030,0.096,0.000,0.000,0.062,0.000,0.188,
2026-06-19 07:00:00,Friday,7,0.028,0.085,0.000,0.000,0.052,0.000,0.165,
2026-06-19 08:00:00,Friday,8,0.028,0.066,0.000,0.000,0.050,0.000,0.144,
2026-06-19 09:00:00,Friday,9,0.020,0.000,0.000,0.000,0.000,0.000,0.020,
2026-06-19 10:00:00,Friday,10,0.021,0.000,0.000,0.000,0.000,0.000,0.021,
2026-06-19 11:00:00,Friday,11,0.028,0.000,0.000,0.000,0.000,0.000,0.028,
2026-06-19 12:00:00,Friday,12,0.026,0.000,0.000,0.000,0.000,0.000,0.026,
2026-06-19 13:00:00,Friday,13,0.033,0.000,0.000,0.000,0.000,0.000,0.033,
2026-06-19 14:00:00,Friday,14,0.022,0.000,0.000,0.000,0.000,0.000,0.022,
2026-06-19 15:00:00,Friday,15,0.028,0.000,0.000,0.000,0.000,0.000,0.028,
2026-06-19 16:00:00,Friday,16,0.028,0.000,0.000,0.000,0.000,0.000,0.028,
2026-06-19 17:00:00,Friday,17,0.032,0.000,0.000,0.000,0.060,0.000,0.092,
2026-06-19 18:00:00,Friday,18,0.024,0.000,0.000,0.401,0.050,0.000,0.475,
2026-06-19 19:00:00,Friday,19,0.031,0.000,0.000,0.000,0.034,0.421,0.486,zmywarka
2026-06-19 20:00:00,Friday,20,0.027,0.000,0.000,0.000,0.063,0.000,0.090,
2026-06-19 21:00:00,Friday,21,0.035,0.000,0.000,0.000,0.064,0.000,0.099,
2026-06-19 22:00:00,Friday,22,0.035,0.000,0.114,0.000,0.067,0.000,0.216,
2026-06-19 23:00:00,Friday,23,0.031,0.000,0.000,0.000,0.000,0.000,0.031,
2026-06-20 00:00:00,Saturday,0,0.023,0.000,0.000,0.000,0.000,0.000,0.023,wyjazd / nieobecność
2026-06-20 01:00:00,Saturday,1,0.030,0.000,0.000,0.000,0.000,0.000,0.030,wyjazd / nieobecność
2026-06-20 02:00:00,Saturday,2,0.035,0.000,0.000,0.000,0.000,0.000,0.035,wyjazd / nieobecność
2026-06-20 03:00:00,Saturday,3,0.031,0.000,0.000,0.000,0.000,0.000,0.031,wyjazd / nieobecność
2026-06-20 04:00:00,Saturday,4,0.034,0.000,0.000,0.000,0.000,0.000,0.034,wyjazd / nieobecność
2026-06-20 05:00:00,Saturday,5,0.028,0.000,0.000,0.000,0.000,0.000,0.028,wyjazd / nieobecność
2026-06-20 06:00:00,Saturday,6,0.024,0.000,0.000,0.000,0.000,0.000,0.024,wyjazd / nieobecność
2026-06-20 07:00:00,Saturday,7,0.024,0.000,0.000,0.000,0.000,0.000,0.024,wyjazd / nieobecność
2026-06-20 08:00:00,Saturday,8,0.031,0.000,0.000,0.000,0.000,0.000,0.031,wyjazd / nieobecność
2026-06-20 09:00:00,Saturday,9,0.028,0.000,0.000,0.000,0.000,0.000,0.028,wyjazd / nieobecność
2026-06-20 10:00:00,Saturday,10,0.031,0.000,0.000,0.000,0.000,0.000,0.031,wyjazd / nieobecność
2026-06-20 11:00:00,Saturday,11,0.034,0.000,0.000,0.000,0.000,0.000,0.034,wyjazd / nieobecność
2026-06-20 12:00:00,Saturday,12,0.035,0.000,0.000,0.000,0.000,0.000,0.035,wyjazd / nieobecność
2026-06-20 13:00:00,Saturday,13,0.026,0.000,0.000,0.000,0.000,0.000,0.026,wyjazd / nieobecność
2026-06-20 14:00:00,Saturday,14,0.034,0.000,0.000,0.000,0.000,0.000,0.034,wyjazd / nieobecność
2026-06-20 15:00:00,Saturday,15,0.027,0.000,0.000,0.000,0.000,0.000,0.027,wyjazd / nieobecność
2026-06-20 16:00:00,Saturday,16,0.024,0.000,0.000,0.000,0.000,0.000,0.024,wyjazd / nieobecność
2026-06-20 17:00:00,Saturday,17,0.030,0.000,0.000,0.000,0.000,0.000,0.030,wyjazd / nieobecność
2026-06-20 18:00:00,Saturday,18,0.021,0.000,0.000,0.000,0.000,0.000,0.021,wyjazd / nieobecność
2026-06-20 19:00:00,Saturday,19,0.033,0.000,0.000,0.000,0.000,0.000,0.033,wyjazd / nieobecność
2026-06-20 20:00:00,Saturday,20,0.034,0.000,0.000,0.000,0.000,0.000,0.034,wyjazd / nieobecność
2026-06-20 21:00:00,Saturday,21,0.028,0.000,0.000,0.000,0.000,0.000,0.028,wyjazd / nieobecność
2026-06-20 22:00:00,Saturday,22,0.024,0.000,0.000,0.000,0.000,0.000,0.024,wyjazd / nieobecność
2026-06-20 23:00:00,Saturday,23,0.029,0.000,0.000,0.000,0.000,0.000,0.029,wyjazd / nieobecność
2026-06-21 00:00:00,Sunday,0,0.025,0.000,0.000,0.000,0.000,0.000,0.025,wyjazd / nieobecność
2026-06-21 01:00:00,Sunday,1,0.030,0.000,0.000,0.000,0.000,0.000,0.030,wyjazd / nieobecność
2026-06-21 02:00:00,Sunday,2,0.030,0.000,0.000,0.000,0.000,0.000,0.030,wyjazd / nieobecność
2026-06-21 03:00:00,Sunday,3,0.027,0.000,0.000,0.000,0.000,0.000,0.027,wyjazd / nieobecność
2026-06-21 04:00:00,Sunday,4,0.033,0.000,0.000,0.000,0.000,0.000,0.033,wyjazd / nieobecność
2026-06-21 05:00:00,Sunday,5,0.026,0.000,0.000,0.000,0.000,0.000,0.026,wyjazd / nieobecność
2026-06-21 06:00:00,Sunday,6,0.021,0.000,0.000,0.000,0.000,0.000,0.021,wyjazd / nieobecność
2026-06-21 07:00:00,Sunday,7,0.032,0.000,0.000,0.000,0.000,0.000,0.032,wyjazd / nieobecność
2026-06-21 08:00:00,Sunday,8,0.035,0.000,0.000,0.000,0.000,0.000,0.035,wyjazd / nieobecność
2026-06-21 09:00:00,Sunday,9,0.029,0.000,0.000,0.000,0.000,0.000,0.029,wyjazd / nieobecność
2026-06-21 10:00:00,Sunday,10,0.036,0.000,0.000,0.000,0.000,0.000,0.036,wyjazd / nieobecność
2026-06-21 11:00:00,Sunday,11,0.032,0.000,0.000,0.000,0.000,0.000,0.032,wyjazd / nieobecność
2026-06-21 12:00:00,Sunday,12,0.026,0.000,0.000,0.000,0.000,0.000,0.026,wyjazd / nieobecność
2026-06-21 13:00:00,Sunday,13,0.034,0.000,0.000,0.000,0.000,0.000,0.034,wyjazd / nieobecność
2026-06-21 14:00:00,Sunday,14,0.022,0.000,0.000,0.000,0.000,0.000,0.022,wyjazd / nieobecność
2026-06-21 15:00:00,Sunday,15,0.027,0.000,0.000,0.000,0.000,0.000,0.027,wyjazd / nieobecność
2026-06-21 16:00:00,Sunday,16,0.033,0.000,0.000,0.000,0.000,0.000,0.033,wyjazd / nieobecność
2026-06-21 17:00:00,Sunday,17,0.035,0.000,0.000,0.000,0.000,0.000,0.035,wyjazd / nieobecność
2026-06-21 18:00:00,Sunday,18,0.035,0.000,0.000,0.000,0.000,0.000,0.035,wyjazd / nieobecność
2026-06-21 19:00:00,Sunday,19,0.031,0.000,0.000,0.000,0.000,0.000,0.031,wyjazd / nieobecność
2026-06-21 20:00:00,Sunday,20,0.024,0.000,0.000,0.000,0.000,0.000,0.024,wyjazd / nieobecność
2026-06-21 21:00:00,Sunday,21,0.031,0.000,0.000,0.000,0.000,0.000,0.031,wyjazd / nieobecność
2026-06-21 22:00:00,Sunday,22,0.035,0.000,0.000,0.000,0.000,0.000,0.035,wyjazd / nieobecność
2026-06-21 23:00:00,Sunday,23,0.024,0.000,0.000,0.000,0.000,0.000,0.024,wyjazd / nieobecność
2026-06-22 00:00:00,Monday,0,0.034,0.084,0.000,0.000,0.000,0.000,0.118,
2026-06-22 01:00:00,Monday,1,0.031,0.108,0.000,0.000,0.000,0.000,0.139,
2026-06-22 02:00:00,Monday,2,0.022,0.132,0.000,0.000,0.000,0.000,0.154,
2026-06-22 03:00:00,Monday,3,0.026,0.168,0.000,0.000,0.000,0.000,0.194,
2026-06-22 04:00:00,Monday,4,0.027,0.180,0.000,0.000,0.000,0.000,0.207,
2026-06-22 05:00:00,Monday,5,0.024,0.162,0.000,0.000,0.000,0.000,0.186,
2026-06-22 06:00:00,Monday,6,0.024,0.264,0.000,0.000,0.055,0.000,0.343,
2026-06-22 07:00:00,Monday,7,0.033,0.222,0.000,0.000,0.064,0.000,0.319,
2026-06-22 08:00:00,Monday,8,0.026,0.156,0.000,0.000,0.036,0.000,0.218,
2026-06-22 09:00:00,Monday,9,0.028,0.115,0.000,0.000,0.111,0.000,0.254,praca zdalna
2026-06-22 10:00:00,Monday,10,0.029,0.092,0.000,0.000,0.072,0.000,0.193,praca zdalna
2026-06-22 11:00:00,Monday,11,0.028,0.000,0.000,0.000,0.128,0.000,0.156,praca zdalna
2026-06-22 12:00:00,Monday,12,0.021,0.000,0.000,0.000,0.112,0.000,0.133,praca zdalna
2026-06-22 13:00:00,Monday,13,0.030,0.000,0.000,0.000,0.137,0.000,0.167,praca zdalna
2026-06-22 14:00:00,Monday,14,0.025,0.000,0.000,0.000,0.127,0.000,0.152,praca zdalna
2026-06-22 15:00:00,Monday,15,0.035,0.000,0.000,0.000,0.095,0.000,0.130,praca zdalna
2026-06-22 16:00:00,Monday,16,0.026,0.000,0.000,0.000,0.099,0.000,0.125,praca zdalna
2026-06-22 17:00:00,Monday,17,0.035,0.000,0.000,0.376,0.041,0.000,0.452,
2026-06-22 18:00:00,Monday,18,0.029,0.000,0.000,0.000,0.055,0.000,0.084,
2026-06-22 19:00:00,Monday,19,0.033,0.000,0.000,0.000,0.034,0.000,0.067,
2026-06-22 20:00:00,Monday,20,0.023,0.000,0.000,0.000,0.030,0.000,0.053,
2026-06-22 21:00:00,Monday,21,0.036,0.076,0.000,0.000,0.046,0.000,0.158,
2026-06-22 22:00:00,Monday,22,0.036,0.055,0.082,0.000,0.065,0.000,0.238,
2026-06-22 23:00:00,Monday,23,0.026,0.094,0.000,0.000,0.000,0.000,0.120,
2026-06-23 00:00:00,Tuesday,0,0.030,0.104,0.000,0.000,0.000,0.000,0.134,
2026-06-23 01:00:00,Tuesday,1,0.031,0.101,0.000,0.000,0.000,0.000,0.132,
2026-06-23 02:00:00,Tuesday,2,0.026,0.176,0.000,0.000,0.000,0.000,0.202,
2026-06-23 03:00:00,Tuesday,3,0.025,0.180,0.000,0.000,0.000,0.000,0.205,
2026-06-23 04:00:00,Tuesday,4,0.029,0.164,0.000,0.000,0.000,0.000,0.193,
2026-06-23 05:00:00,Tuesday,5,0.032,0.185,0.000,0.000,0.000,0.000,0.217,
2026-06-23 06:00:00,Tuesday,6,0.031,0.192,0.000,0.000,0.063,0.000,0.286,
2026-06-23 07:00:00,Tuesday,7,0.020,0.174,0.000,0.000,0.059,0.000,0.253,
2026-06-23 08:00:00,Tuesday,8,0.026,0.128,0.000,0.000,0.052,0.000,0.206,
2026-06-23 09:00:00,Tuesday,9,0.025,0.142,0.000,0.000,0.000,0.000,0.167,
2026-06-23 10:00:00,Tuesday,10,0.027,0.111,0.000,0.000,0.000,0.000,0.138,
2026-06-23 11:00:00,Tuesday,11,0.022,0.080,0.000,0.000,0.000,0.000,0.102,
2026-06-23 12:00:00,Tuesday,12,0.031,0.000,0.000,0.000,0.000,0.000,0.031,
2026-06-23 13:00:00,Tuesday,13,0.022,0.000,0.000,0.000,0.000,0.353,0.375,pralka
2026-06-23 14:00:00,Tuesday,14,0.035,0.000,0.000,0.000,0.000,0.788,0.823,suszarka
2026-06-23 15:00:00,Tuesday,15,0.025,0.000,0.000,0.000,0.000,0.000,0.025,
2026-06-23 16:00:00,Tuesday,16,0.036,0.000,0.000,0.000,0.000,0.000,0.036,
2026-06-23 17:00:00,Tuesday,17,0.032,0.000,0.000,0.000,0.034,0.000,0.066,
2026-06-23 18:00:00,Tuesday,18,0.022,0.000,0.000,0.524,0.042,0.000,0.588,
2026-06-23 19:00:00,Tuesday,19,0.021,0.000,0.000,0.000,0.070,0.360,0.451,zmywarka
2026-06-23 20:00:00,Tuesday,20,0.036,0.000,0.000,0.000,0.058,0.000,0.094,
2026-06-23 21:00:00,Tuesday,21,0.024,0.000,0.000,0.000,0.048,0.000,0.072,
2026-06-23 22:00:00,Tuesday,22,0.025,0.000,0.042,0.000,0.049,0.000,0.116,
2026-06-23 23:00:00,Tuesday,23,0.027,0.000,0.000,0.000,0.000,0.000,0.027,
2026-06-24 00:00:00,Wednesday,0,0.037,0.000,0.000,0.000,0.000,0.000,0.037,
2026-06-24 01:00:00,Wednesday,1,0.027,0.000,0.000,0.000,0.000,0.000,0.027,
2026-06-24 02:00:00,Wednesday,2,0.028,0.088,0.000,0.000,0.000,0.000,0.116,
2026-06-24 03:00:00,Wednesday,3,0.035,0.079,0.000,0.000,0.000,0.000,0.114,
2026-06-24 04:00:00,Wednesday,4,0.026,0.083,0.000,0.000,0.000,0.000,0.109,
2026-06-24 05:00:00,Wednesday,5,0.030,0.076,0.000,0.000,0.000,0.000,0.106,
2026-06-24 06:00:00,Wednesday,6,0.036,0.128,0.000,0.000,0.038,0.000,0.202,
2026-06-24 07:00:00,Wednesday,7,0.035,0.090,0.000,0.000,0.034,0.000,0.159,
2026-06-24 08:00:00,Wednesday,8,0.030,0.000,0.000,0.000,0.062,0.000,0.092,
2026-06-24 09:00:00,Wednesday,9,0.027,0.000,0.000,0.000,0.000,0.000,0.027,
2026-06-24 10:00:00,Wednesday,10,0.023,0.000,0.000,0.000,0.000,0.000,0.023,
2026-06-24 11:00:00,Wednesday,11,0.020,0.000,0.000,0.000,0.000,0.000,0.020,
2026-06-24 12:00:00,Wednesday,12,0.034,0.000,0.000,0.000,0.000,0.000,0.034,
2026-06-24 13:00:00,Wednesday,13,0.026,0.000,0.000,0.000,0.000,0.000,0.026,
2026-06-24 14:00:00,Wednesday,14,0.034,0.000,0.000,0.000,0.000,0.000,0.034,
2026-06-24 15:00:00,Wednesday,15,0.021,0.000,0.000,0.000,0.000,0.000,0.021,
2026-06-24 16:00:00,Wednesday,16,0.028,0.000,0.000,0.000,0.000,0.000,0.028,
2026-06-24 17:00:00,Wednesday,17,0.035,0.000,0.000,0.000,0.032,0.000,0.067,
2026-06-24 18:00:00,Wednesday,18,0.030,0.000,0.000,0.351,0.033,0.000,0.414,
2026-06-24 19:00:00,Wednesday,19,0.022,0.000,0.000,0.000,0.067,0.386,0.475,zmywarka
2026-06-24 20:00:00,Wednesday,20,0.030,0.000,0.000,0.000,0.030,0.000,0.060,
2026-06-24 21:00:00,Wednesday,21,0.030,0.000,0.000,0.000,0.052,0.000,0.082,
2026-06-24 22:00:00,Wednesday,22,0.036,0.000,0.043,0.000,0.070,0.000,0.149,
2026-06-24 23:00:00,Wednesday,23,0.036,0.000,0.000,0.000,0.000,0.000,0.036,
2026-06-25 00:00:00,Thursday,0,0.024,0.000,0.000,0.000,0.000,0.000,0.024,
2026-06-25 01:00:00,Thursday,1,0.032,0.000,0.000,0.000,0.000,0.000,0.032,
2026-06-25 02:00:00,Thursday,2,0.047,0.000,0.000,0.000,0.000,0.000,0.047,
2026-06-25 03:00:00,Thursday,3,0.038,0.000,0.000,0.000,0.000,0.000,0.038,
2026-06-25 04:00:00,Thursday,4,0.028,0.000,0.000,0.000,0.000,0.000,0.028,
2026-06-25 05:00:00,Thursday,5,0.034,0.000,0.000,0.000,0.000,0.000,0.034,
2026-06-25 06:00:00,Thursday,6,0.024,0.075,0.000,0.000,0.044,0.000,0.143,
2026-06-25 07:00:00,Thursday,7,0.021,0.061,0.000,0.000,0.060,0.000,0.142,
2026-06-25 08:00:00,Thursday,8,0.024,0.000,0.000,0.000,0.030,0.000,0.054,
2026-06-25 09:00:00,Thursday,9,0.028,0.000,0.000,0.000,0.000,0.000,0.028,
2026-06-25 10:00:00,Thursday,10,0.021,0.000,0.000,0.000,0.000,0.000,0.021,
2026-06-25 11:00:00,Thursday,11,0.020,0.000,0.000,0.000,0.000,0.000,0.020,
2026-06-25 12:00:00,Thursday,12,0.030,0.000,0.000,0.000,0.000,0.000,0.030,
2026-06-25 13:00:00,Thursday,13,0.022,0.000,0.000,0.000,0.000,0.000,0.022,
2026-06-25 14:00:00,Thursday,14,0.031,0.000,0.000,0.000,0.000,0.000,0.031,
2026-06-25 15:00:00,Thursday,15,0.034,0.000,0.000,0.000,0.000,0.000,0.034,
2026-06-25 16:00:00,Thursday,16,0.027,0.000,0.000,0.000,0.000,0.000,0.027,
2026-06-25 17:00:00,Thursday,17,0.027,0.000,0.000,0.000,0.044,0.000,0.071,
2026-06-25 18:00:00,Thursday,18,0.026,0.000,0.000,0.248,0.056,0.000,0.330,
2026-06-25 19:00:00,Thursday,19,0.031,0.000,0.000,0.000,0.037,0.381,0.449,zmywarka
2026-06-25 20:00:00,Thursday,20,0.028,0.000,0.000,0.000,0.059,0.000,0.087,
2026-06-25 21:00:00,Thursday,21,0.036,0.000,0.000,0.000,0.033,0.000,0.069,
2026-06-25 22:00:00,Thursday,22,0.028,0.000,0.083,0.000,0.053,0.000,0.164,
2026-06-25 23:00:00,Thursday,23,0.022,0.000,0.000,0.000,0.000,0.000,0.022,
2026-06-26 00:00:00,Friday,0,0.026,0.000,0.000,0.000,0.000,0.000,0.026,
2026-06-26 01:00:00,Friday,1,0.024,0.000,0.000,0.000,0.000,0.000,0.024,
2026-06-26 02:00:00,Friday,2,0.029,0.000,0.000,0.000,0.000,0.000,0.029,
2026-06-26 03:00:00,Friday,3,0.037,0.000,0.000,0.000,0.000,0.000,0.037,
2026-06-26 04:00:00,Friday,4,0.036,0.062,0.000,0.000,0.000,0.000,0.098,
2026-06-26 05:00:00,Friday,5,0.032,0.068,0.000,0.000,0.000,0.000,0.100,
2026-06-26 06:00:00,Friday,6,0.023,0.116,0.000,0.000,0.058,0.000,0.197,
2026-06-26 07:00:00,Friday,7,0.031,0.070,0.000,0.000,0.041,0.000,0.142,
2026-06-26 08:00:00,Friday,8,0.022,0.000,0.000,0.000,0.044,0.000,0.066,
2026-06-26 09:00:00,Friday,9,0.027,0.000,0.000,0.000,0.109,0.000,0.136,praca zdalna
2026-06-26 10:00:00,Friday,10,0.032,0.000,0.000,0.000,0.124,0.000,0.156,praca zdalna
2026-06-26 11:00:00,Friday,11,0.027,0.000,0.000,0.000,0.116,0.000,0.143,praca zdalna
2026-06-26 12:00:00,Friday,12,0.033,0.000,0.000,0.000,0.106,0.000,0.139,praca zdalna
2026-06-26 13:00:00,Friday,13,0.022,0.000,0.000,0.000,0.087,0.000,0.109,praca zdalna
2026-06-26 14:00:00,Friday,14,0.024,0.000,0.000,0.000,0.128,0.000,0.152,praca zdalna
2026-06-26 15:00:00,Friday,15,0.022,0.000,0.000,0.000,0.114,0.000,0.136,praca zdalna
2026-06-26 16:00:00,Friday,16,0.033,0.000,0.000,0.000,0.106,0.000,0.139,praca zdalna
2026-06-26 17:00:00,Friday,17,0.022,0.000,0.000,0.399,0.068,0.000,0.489,
2026-06-26 18:00:00,Friday,18,0.026,0.000,0.000,0.000,0.043,0.000,0.069,
2026-06-26 19:00:00,Friday,19,0.034,0.000,0.000,0.000,0.049,0.368,0.451,zmywarka
2026-06-26 20:00:00,Friday,20,0.023,0.000,0.000,0.000,0.031,0.000,0.054,
2026-06-26 21:00:00,Friday,21,0.022,0.000,0.000,0.000,0.070,0.000,0.092,
2026-06-26 22:00:00,Friday,22,0.036,0.000,0.086,0.000,0.068,0.000,0.190,
2026-06-26 23:00:00,Friday,23,0.034,0.000,0.000,0.000,0.000,0.000,0.034,
2026-06-27 00:00:00,Saturday,0,0.044,0.000,0.000,0.000,0.000,0.000,0.044,
2026-06-27 01:00:00,Saturday,1,0.030,0.000,0.000,0.000,0.000,0.000,0.030,
2026-06-27 02:00:00,Saturday,2,0.021,0.000,0.000,0.000,0.000,0.000,0.021,
2026-06-27 03:00:00,Saturday,3,0.044,0.000,0.000,0.000,0.000,0.000,0.044,
2026-06-27 04:00:00,Saturday,4,0.030,0.000,0.000,0.000,0.000,0.000,0.030,
2026-06-27 05:00:00,Saturday,5,0.046,0.000,0.000,0.000,0.000,0.000,0.046,
2026-06-27 06:00:00,Saturday,6,0.030,0.000,0.000,0.000,0.043,0.000,0.073,
2026-06-27 07:00:00,Saturday,7,0.026,0.000,0.000,0.000,0.035,0.000,0.061,
2026-06-27 08:00:00,Saturday,8,0.035,0.000,0.000,0.000,0.062,0.000,0.097,
2026-06-27 09:00:00,Saturday,9,0.028,0.000,0.000,0.000,0.000,0.000,0.028,
2026-06-27 10:00:00,Saturday,10,0.023,0.000,0.000,0.000,0.000,0.000,0.023,
2026-06-27 11:00:00,Saturday,11,0.036,0.000,0.000,0.000,0.000,0.246,0.282,pralka
2026-06-27 12:00:00,Saturday,12,0.035,0.000,0.000,0.000,0.000,0.795,0.830,suszarka
2026-06-27 13:00:00,Saturday,13,0.030,0.000,0.000,0.000,0.000,0.000,0.030,
2026-06-27 14:00:00,Saturday,14,0.024,0.000,0.000,0.000,0.000,0.367,0.391,zmywarka
2026-06-27 15:00:00,Saturday,15,0.030,0.000,0.000,0.000,0.000,0.000,0.030,
2026-06-27 16:00:00,Saturday,16,0.032,0.000,0.000,0.000,0.000,0.000,0.032,
2026-06-27 17:00:00,Saturday,17,0.024,0.000,0.000,0.247,0.051,0.000,0.322,
2026-06-27 18:00:00,Saturday,18,0.032,0.000,0.000,0.000,0.032,0.000,0.064,
2026-06-27 19:00:00,Saturday,19,0.022,0.000,0.000,0.000,0.046,0.000,0.068,
2026-06-27 20:00:00,Saturday,20,0.028,0.000,0.000,0.000,0.030,0.000,0.058,
2026-06-27 21:00:00,Saturday,21,0.032,0.000,0.000,0.000,0.035,0.000,0.067,
2026-06-27 22:00:00,Saturday,22,0.025,0.000,0.088,0.000,0.035,0.000,0.148,
2026-06-27 23:00:00,Saturday,23,0.035,0.000,0.000,0.000,0.000,0.000,0.035,
2026-06-28 00:00:00,Sunday,0,0.044,0.000,0.000,0.000,0.000,0.000,0.044,
2026-06-28 01:00:00,Sunday,1,0.022,0.000,0.000,0.000,0.000,0.000,0.022,
2026-06-28 02:00:00,Sunday,2,0.040,0.000,0.000,0.000,0.000,0.000,0.040,
2026-06-28 03:00:00,Sunday,3,0.029,0.000,0.000,0.000,0.000,0.000,0.029,
2026-06-28 04:00:00,Sunday,4,0.039,0.000,0.000,0.000,0.000,0.000,0.039,
2026-06-28 05:00:00,Sunday,5,0.028,0.000,0.000,0.000,0.000,0.000,0.028,
2026-06-28 06:00:00,Sunday,6,0.034,0.000,0.000,0.000,0.050,0.000,0.084,
2026-06-28 07:00:00,Sunday,7,0.027,0.000,0.000,0.000,0.048,0.000,0.075,
2026-06-28 08:00:00,Sunday,8,0.030,0.000,0.000,0.000,0.070,0.000,0.100,
2026-06-28 09:00:00,Sunday,9,0.029,0.000,0.000,0.000,0.000,0.000,0.029,
2026-06-28 10:00:00,Sunday,10,0.031,0.000,0.000,0.000,0.000,0.000,0.031,
2026-06-28 11:00:00,Sunday,11,0.022,0.000,0.000,0.000,0.000,0.000,0.022,
2026-06-28 12:00:00,Sunday,12,0.026,0.000,0.000,0.000,0.000,0.000,0.026,
2026-06-28 13:00:00,Sunday,13,0.032,0.000,0.000,0.000,0.000,0.000,0.032,
2026-06-28 14:00:00,Sunday,14,0.023,0.000,0.000,0.000,0.000,0.000,0.023,
2026-06-28 15:00:00,Sunday,15,0.025,0.000,0.000,0.000,0.000,0.000,0.025,
2026-06-28 16:00:00,Sunday,16,0.027,0.000,0.000,0.000,0.000,0.000,0.027,
2026-06-28 17:00:00,Sunday,17,0.025,0.000,0.000,0.379,0.037,0.000,0.441,
2026-06-28 18:00:00,Sunday,18,0.028,0.000,0.000,0.000,0.057,0.000,0.085,
2026-06-28 19:00:00,Sunday,19,0.034,0.000,0.000,0.000,0.038,0.000,0.072,
2026-06-28 20:00:00,Sunday,20,0.025,0.000,0.000,0.000,0.042,0.000,0.067,
2026-06-28 21:00:00,Sunday,21,0.028,0.000,0.000,0.000,0.036,0.000,0.064,
2026-06-28 22:00:00,Sunday,22,0.032,0.000,0.076,0.000,0.032,0.000,0.140,
2026-06-28 23:00:00,Sunday,23,0.040,0.000,0.000,0.000,0.000,0.000,0.040,
2026-06-29 00:00:00,Monday,0,0.030,0.000,0.000,0.000,0.000,0.000,0.030,
2026-06-29 01:00:00,Monday,1,0.028,0.000,0.000,0.000,0.000,0.000,0.028,
2026-06-29 02:00:00,Monday,2,0.026,0.000,0.000,0.000,0.000,0.000,0.026,
2026-06-29 03:00:00,Monday,3,0.028,0.000,0.000,0.000,0.000,0.000,0.028,
2026-06-29 04:00:00,Monday,4,0.030,0.000,0.000,0.000,0.000,0.000,0.030,
2026-06-29 05:00:00,Monday,5,0.024,0.000,0.000,0.000,0.000,0.000,0.024,
2026-06-29 06:00:00,Monday,6,0.035,0.000,0.000,0.000,0.046,0.000,0.081,
2026-06-29 07:00:00,Monday,7,0.020,0.000,0.000,0.000,0.063,0.000,0.083,
2026-06-29 08:00:00,Monday,8,0.022,0.000,0.000,0.000,0.048,0.000,0.070,
2026-06-29 09:00:00,Monday,9,0.024,0.000,0.000,0.000,0.000,0.000,0.024,
2026-06-29 10:00:00,Monday,10,0.036,0.000,0.000,0.000,0.000,0.000,0.036,
2026-06-29 11:00:00,Monday,11,0.028,0.000,0.000,0.000,0.000,0.000,0.028,
2026-06-29 12:00:00,Monday,12,0.025,0.000,0.000,0.000,0.000,0.000,0.025,
2026-06-29 13:00:00,Monday,13,0.022,0.000,0.000,0.000,0.000,0.000,0.022,
2026-06-29 14:00:00,Monday,14,0.030,0.000,0.000,0.000,0.000,0.000,0.030,
2026-06-29 15:00:00,Monday,15,0.026,0.000,0.000,0.000,0.000,0.000,0.026,
2026-06-29 16:00:00,Monday,16,0.026,0.000,0.000,0.000,0.000,0.000,0.026,
2026-06-29 17:00:00,Monday,17,0.026,0.000,0.000,0.425,0.034,0.000,0.485,
2026-06-29 18:00:00,Monday,18,0.034,0.000,0.000,0.000,0.053,0.000,0.087,
2026-06-29 19:00:00,Monday,19,0.036,0.000,0.000,0.000,0.054,0.000,0.090,
2026-06-29 20:00:00,Monday,20,0.021,0.000,0.000,0.000,0.038,0.322,0.381,zmywarka
2026-06-29 21:00:00,Monday,21,0.030,0.000,0.000,0.000,0.035,0.000,0.065,
2026-06-29 22:00:00,Monday,22,0.030,0.000,0.062,0.000,0.068,0.000,0.160,
2026-06-29 23:00:00,Monday,23,0.036,0.000,0.000,0.000,0.000,0.000,0.036,
2026-06-30 00:00:00,Tuesday,0,0.043,0.000,0.000,0.000,0.000,0.000,0.043,
2026-06-30 01:00:00,Tuesday,1,0.024,0.000,0.000,0.000,0.000,0.000,0.024,
2026-06-30 02:00:00,Tuesday,2,0.033,0.082,0.000,0.000,0.000,0.000,0.115,
2026-06-30 03:00:00,Tuesday,3,0.034,0.116,0.000,0.000,0.000,0.000,0.150,
2026-06-30 04:00:00,Tuesday,4,0.021,0.108,0.000,0.000,0.000,0.000,0.129,
2026-06-30 05:00:00,Tuesday,5,0.034,0.115,0.000,0.000,0.000,0.000,0.149,
2026-06-30 06:00:00,Tuesday,6,0.027,0.156,0.000,0.000,0.043,0.000,0.226,
2026-06-30 07:00:00,Tuesday,7,0.034,0.134,0.000,0.000,0.035,0.000,0.203,
2026-06-30 08:00:00,Tuesday,8,0.034,0.099,0.000,0.000,0.064,0.000,0.197,
2026-06-30 09:00:00,Tuesday,9,0.020,0.068,0.000,0.000,0.000,0.000,0.088,
2026-06-30 10:00:00,Tuesday,10,0.023,0.000,0.000,0.000,0.000,0.000,0.023,
2026-06-30 11:00:00,Tuesday,11,0.024,0.000,0.000,0.000,0.000,0.000,0.024,
2026-06-30 12:00:00,Tuesday,12,0.030,0.000,0.000,0.000,0.000,0.345,0.375,pralka
2026-06-30 13:00:00,Tuesday,13,0.035,0.000,0.000,0.000,0.000,0.000,0.035,
2026-06-30 14:00:00,Tuesday,14,0.036,0.000,0.000,0.000,0.000,0.000,0.036,
2026-06-30 15:00:00,Tuesday,15,0.024,0.000,0.000,0.000,0.000,0.000,0.024,
2026-06-30 16:00:00,Tuesday,16,0.036,0.000,0.000,0.000,0.000,0.000,0.036,
2026-06-30 17:00:00,Tuesday,17,0.024,0.000,0.000,0.000,0.050,0.000,0.074,
2026-06-30 18:00:00,Tuesday,18,0.030,0.000,0.000,0.259,0.060,0.000,0.349,
2026-06-30 19:00:00,Tuesday,19,0.034,0.000,0.000,0.000,0.039,0.000,0.073,
2026-06-30 20:00:00,Tuesday,20,0.032,0.000,0.000,0.000,0.030,0.422,0.484,zmywarka
2026-06-30 21:00:00,Tuesday,21,0.029,0.000,0.000,0.000,0.049,0.000,0.078,
2026-06-30 22:00:00,Tuesday,22,0.024,0.000,0.058,0.000,0.037,0.000,0.119,
2026-06-30 23:00:00,Tuesday,23,0.023,0.000,0.000,0.000,0.000,0.000,0.023,
2026-07-01 00:00:00,Wednesday,0,0.028,0.000,0.000,0.000,0.000,0.000,0.028,wyjazd / nieobecność
2026-07-01 01:00:00,Wednesday,1,0.029,0.000,0.000,0.000,0.000,0.000,0.029,wyjazd / nieobecność
2026-07-01 02:00:00,Wednesday,2,0.024,0.000,0.000,0.000,0.000,0.000,0.024,wyjazd / nieobecność
2026-07-01 03:00:00,Wednesday,3,0.025,0.000,0.000,0.000,0.000,0.000,0.025,wyjazd / nieobecność
2026-07-01 04:00:00,Wednesday,4,0.036,0.000,0.000,0.000,0.000,0.000,0.036,wyjazd / nieobecność
2026-07-01 05:00:00,Wednesday,5,0.025,0.000,0.000,0.000,0.000,0.000,0.025,wyjazd / nieobecność
2026-07-01 06:00:00,Wednesday,6,0.030,0.000,0.000,0.000,0.000,0.000,0.030,wyjazd / nieobecność
2026-07-01 07:00:00,Wednesday,7,0.030,0.000,0.000,0.000,0.000,0.000,0.030,wyjazd / nieobecność
2026-07-01 08:00:00,Wednesday,8,0.034,0.000,0.000,0.000,0.000,0.000,0.034,wyjazd / nieobecność
2026-07-01 09:00:00,Wednesday,9,0.035,0.000,0.000,0.000,0.000,0.000,0.035,wyjazd / nieobecność
2026-07-01 10:00:00,Wednesday,10,0.026,0.000,0.000,0.000,0.000,0.000,0.026,wyjazd / nieobecność
2026-07-01 11:00:00,Wednesday,11,0.033,0.000,0.000,0.000,0.000,0.000,0.033,wyjazd / nieobecność
2026-07-01 12:00:00,Wednesday,12,0.033,0.000,0.000,0.000,0.000,0.000,0.033,wyjazd / nieobecność
2026-07-01 13:00:00,Wednesday,13,0.032,0.000,0.000,0.000,0.000,0.000,0.032,wyjazd / nieobecność
2026-07-01 14:00:00,Wednesday,14,0.028,0.000,0.000,0.000,0.000,0.000,0.028,wyjazd / nieobecność
2026-07-01 15:00:00,Wednesday,15,0.034,0.000,0.000,0.000,0.000,0.000,0.034,wyjazd / nieobecność
2026-07-01 16:00:00,Wednesday,16,0.022,0.000,0.000,0.000,0.000,0.000,0.022,wyjazd / nieobecność
2026-07-01 17:00:00,Wednesday,17,0.022,0.000,0.000,0.000,0.000,0.000,0.022,wyjazd / nieobecność
2026-07-01 18:00:00,Wednesday,18,0.028,0.000,0.000,0.000,0.000,0.000,0.028,wyjazd / nieobecność
2026-07-01 19:00:00,Wednesday,19,0.025,0.000,0.000,0.000,0.000,0.000,0.025,wyjazd / nieobecność
2026-07-01 20:00:00,Wednesday,20,0.036,0.000,0.000,0.000,0.000,0.000,0.036,wyjazd / nieobecność
2026-07-01 21:00:00,Wednesday,21,0.033,0.000,0.000,0.000,0.000,0.000,0.033,wyjazd / nieobecność
2026-07-01 22:00:00,Wednesday,22,0.034,0.000,0.000,0.000,0.000,0.000,0.034,wyjazd / nieobecność
2026-07-01 23:00:00,Wednesday,23,0.030,0.000,0.000,0.000,0.000,0.000,0.030,wyjazd / nieobecność
2026-07-02 00:00:00,Thursday,0,0.034,0.000,0.000,0.000,0.000,0.000,0.034,
2026-07-02 01:00:00,Thursday,1,0.028,0.000,0.000,0.000,0.000,0.000,0.028,
2026-07-02 02:00:00,Thursday,2,0.032,0.105,0.000,0.000,0.000,0.000,0.137,
2026-07-02 03:00:00,Thursday,3,0.036,0.098,0.000,0.000,0.000,0.000,0.134,
2026-07-02 04:00:00,Thursday,4,0.030,0.108,0.000,0.000,0.000,0.000,0.138,
2026-07-02 05:00:00,Thursday,5,0.036,0.126,0.000,0.000,0.000,0.000,0.162,
2026-07-02 06:00:00,Thursday,6,0.028,0.149,0.000,0.000,0.054,0.000,0.231,
2026-07-02 07:00:00,Thursday,7,0.034,0.116,0.000,0.000,0.038,0.000,0.188,
2026-07-02 08:00:00,Thursday,8,0.028,0.084,0.000,0.000,0.051,0.000,0.163,
2026-07-02 09:00:00,Thursday,9,0.030,0.000,0.000,0.000,0.000,0.000,0.030,
2026-07-02 10:00:00,Thursday,10,0.035,0.056,0.000,0.000,0.000,0.000,0.091,
2026-07-02 11:00:00,Thursday,11,0.025,0.000,0.000,0.000,0.000,0.000,0.025,
2026-07-02 12:00:00,Thursday,12,0.035,0.070,0.000,0.000,0.000,0.000,0.105,
2026-07-02 13:00:00,Thursday,13,0.033,0.076,0.000,0.000,0.000,0.000,0.109,
2026-07-02 14:00:00,Thursday,14,0.024,0.076,0.000,0.000,0.000,0.000,0.100,
2026-07-02 15:00:00,Thursday,15,0.021,0.107,0.000,0.000,0.000,0.000,0.128,
2026-07-02 16:00:00,Thursday,16,0.027,0.062,0.000,0.000,0.000,0.000,0.089,
2026-07-02 17:00:00,Thursday,17,0.024,0.077,0.000,0.000,0.052,0.000,0.153,
2026-07-02 18:00:00,Thursday,18,0.028,0.056,0.000,0.481,0.050,0.000,0.615,
2026-07-02 19:00:00,Thursday,19,0.023,0.000,0.000,0.000,0.056,0.387,0.466,zmywarka
2026-07-02 20:00:00,Thursday,20,0.022,0.078,0.000,0.000,0.050,0.000,0.150,
2026-07-02 21:00:00,Thursday,21,0.024,0.092,0.000,0.000,0.056,0.000,0.172,
2026-07-02 22:00:00,Thursday,22,0.034,0.081,0.057,0.000,0.037,0.000,0.209,
2026-07-02 23:00:00,Thursday,23,0.028,0.100,0.000,0.000,0.000,0.000,0.128,
2026-07-03 00:00:00,Friday,0,0.023,0.130,0.000,0.000,0.000,0.000,0.153,
2026-07-03 01:00:00,Friday,1,0.032,0.122,0.000,0.000,0.000,0.000,0.154,
2026-07-03 02:00:00,Friday,2,0.022,0.134,0.000,0.000,0.000,0.000,0.156,
2026-07-03 03:00:00,Friday,3,0.034,0.150,0.000,0.000,0.000,0.000,0.184,
2026-07-03 04:00:00,Friday,4,0.026,0.190,0.000,0.000,0.000,0.000,0.216,
2026-07-03 05:00:00,Friday,5,0.034,0.166,0.000,0.000,0.000,0.000,0.200,
2026-07-03 06:00:00,Friday,6,0.029,0.206,0.000,0.000,0.057,0.000,0.292,
2026-07-03 07:00:00,Friday,7,0.021,0.226,0.000,0.000,0.066,0.000,0.313,
2026-07-03 08:00:00,Friday,8,0.031,0.186,0.000,0.000,0.063,0.000,0.280,
2026-07-03 09:00:00,Friday,9,0.033,0.186,0.000,0.000,0.000,0.000,0.219,
2026-07-03 10:00:00,Friday,10,0.022,0.155,0.000,0.000,0.000,0.000,0.177,
2026-07-03 11:00:00,Friday,11,0.033,0.157,0.000,0.000,0.000,0.000,0.190,
2026-07-03 12:00:00,Friday,12,0.034,0.127,0.000,0.000,0.000,0.000,0.161,
2026-07-03 13:00:00,Friday,13,0.027,0.149,0.000,0.000,0.000,0.000,0.176,
2026-07-03 14:00:00,Friday,14,0.020,0.172,0.000,0.000,0.000,0.000,0.192,
2026-07-03 15:00:00,Friday,15,0.026,0.132,0.000,0.000,0.000,0.000,0.158,
2026-07-03 16:00:00,Friday,16,0.035,0.113,0.000,0.000,0.000,0.000,0.148,
2026-07-03 17:00:00,Friday,17,0.027,0.118,0.000,0.000,0.042,0.000,0.187,
2026-07-03 18:00:00,Friday,18,0.030,0.124,0.000,0.329,0.040,0.000,0.523,
2026-07-03 19:00:00,Friday,19,0.022,0.112,0.000,0.000,0.048,0.434,0.616,zmywarka
2026-07-03 20:00:00,Friday,20,0.035,0.128,0.000,0.000,0.048,0.000,0.211,
2026-07-03 21:00:00,Friday,21,0.021,0.159,0.000,0.000,0.056,0.000,0.236,
2026-07-03 22:00:00,Friday,22,0.030,0.148,0.097,0.000,0.064,0.000,0.339,
2026-07-03 23:00:00,Friday,23,0.033,0.139,0.000,0.000,0.000,0.000,0.172,
2026-07-04 00:00:00,Saturday,0,0.036,0.138,0.000,0.000,0.000,0.000,0.174,
2026-07-04 01:00:00,Saturday,1,0.036,0.186,0.000,0.000,0.000,0.000,0.222,
2026-07-04 02:00:00,Saturday,2,0.024,0.184,0.000,0.000,0.000,0.000,0.208,
2026-07-04 03:00:00,Saturday,3,0.030,0.186,0.000,0.000,0.000,0.000,0.216,
2026-07-04 04:00:00,Saturday,4,0.027,0.206,0.000,0.000,0.000,0.000,0.233,
2026-07-04 05:00:00,Saturday,5,0.034,0.183,0.000,0.000,0.000,0.000,0.217,
2026-07-04 06:00:00,Saturday,6,0.028,0.210,0.000,0.000,0.056,0.000,0.294,goście
2026-07-04 07:00:00,Saturday,7,0.026,0.196,0.000,0.000,0.034,0.000,0.256,goście
2026-07-04 08:00:00,Saturday,8,0.024,0.176,0.000,0.000,0.046,0.000,0.246,goście
2026-07-04 09:00:00,Saturday,9,0.030,0.146,0.000,0.000,0.000,0.000,0.176,
2026-07-04 10:00:00,Saturday,10,0.035,0.163,0.000,0.000,0.000,0.000,0.198,
2026-07-04 11:00:00,Saturday,11,0.031,0.139,0.000,0.000,0.000,0.270,0.440,pralka
2026-07-04 12:00:00,Saturday,12,0.026,0.111,0.000,0.000,0.000,0.763,0.900,suszarka
2026-07-04 13:00:00,Saturday,13,0.032,0.104,0.000,0.000,0.000,0.000,0.136,
2026-07-04 14:00:00,Saturday,14,0.034,0.074,0.000,0.000,0.000,0.335,0.443,zmywarka
2026-07-04 15:00:00,Saturday,15,0.027,0.000,0.000,0.000,0.000,0.000,0.027,
2026-07-04 16:00:00,Saturday,16,0.025,0.000,0.000,0.000,0.000,0.000,0.025,
2026-07-04 17:00:00,Saturday,17,0.035,0.000,0.000,0.000,0.043,0.000,0.078,goście
2026-07-04 18:00:00,Saturday,18,0.032,0.000,0.000,0.652,0.057,0.000,0.741,goście
2026-07-04 19:00:00,Saturday,19,0.021,0.000,0.000,0.000,0.065,0.000,0.086,goście
2026-07-04 20:00:00,Saturday,20,0.035,0.000,0.000,0.000,0.043,0.000,0.078,goście
2026-07-04 21:00:00,Saturday,21,0.025,0.068,0.000,0.000,0.047,0.000,0.140,goście
2026-07-04 22:00:00,Saturday,22,0.026,0.074,0.044,0.000,0.056,0.000,0.200,goście
2026-07-04 23:00:00,Saturday,23,0.030,0.092,0.000,0.000,0.000,0.000,0.122,
2026-07-05 00:00:00,Sunday,0,0.032,0.107,0.000,0.000,0.000,0.000,0.139,
2026-07-05 01:00:00,Sunday,1,0.028,0.092,0.000,0.000,0.000,0.000,0.120,
2026-07-05 02:00:00,Sunday,2,0.026,0.116,0.000,0.000,0.000,0.000,0.142,
2026-07-05 03:00:00,Sunday,3,0.035,0.108,0.000,0.000,0.000,0.000,0.143,
2026-07-05 04:00:00,Sunday,4,0.044,0.131,0.000,0.000,0.000,0.000,0.175,
2026-07-05 05:00:00,Sunday,5,0.033,0.122,0.000,0.000,0.000,0.000,0.155,
2026-07-05 06:00:00,Sunday,6,0.035,0.207,0.000,0.000,0.058,0.000,0.300,
2026-07-05 07:00:00,Sunday,7,0.025,0.182,0.000,0.000,0.041,0.000,0.248,
2026-07-05 08:00:00,Sunday,8,0.030,0.158,0.000,0.000,0.066,0.000,0.254,
2026-07-05 09:00:00,Sunday,9,0.035,0.122,0.000,0.000,0.000,0.000,0.157,
2026-07-05 10:00:00,Sunday,10,0.029,0.110,0.000,0.000,0.000,0.000,0.139,
2026-07-05 11:00:00,Sunday,11,0.033,0.096,0.000,0.000,0.000,0.000,0.129,
2026-07-05 12:00:00,Sunday,12,0.027,0.083,0.000,0.000,0.000,0.000,0.110,
2026-07-05 13:00:00,Sunday,13,0.023,0.000,0.000,0.000,0.000,0.450,0.473,zmywarka
2026-07-05 14:00:00,Sunday,14,0.022,0.000,0.000,0.000,0.000,0.000,0.022,
2026-07-05 15:00:00,Sunday,15,0.034,0.057,0.000,0.000,0.000,0.000,0.091,
2026-07-05 16:00:00,Sunday,16,0.033,0.052,0.000,0.000,0.000,0.000,0.085,
2026-07-05 17:00:00,Sunday,17,0.024,0.058,0.000,0.000,0.057,0.000,0.139,
2026-07-05 18:00:00,Sunday,18,0.033,0.082,0.000,0.271,0.056,0.000,0.442,
2026-07-05 19:00:00,Sunday,19,0.020,0.084,0.000,0.000,0.043,0.000,0.147,
2026-07-05 20:00:00,Sunday,20,0.031,0.112,0.000,0.000,0.046,0.000,0.189,
2026-07-05 21:00:00,Sunday,21,0.022,0.133,0.000,0.000,0.047,0.000,0.202,
2026-07-05 22:00:00,Sunday,22,0.034,0.148,0.082,0.000,0.050,0.000,0.314,
2026-07-05 23:00:00,Sunday,23,0.033,0.152,0.000,0.000,0.000,0.000,0.185,
2026-07-06 00:00:00,Monday,0,0.034,0.194,0.000,0.000,0.000,0.000,0.228,
2026-07-06 01:00:00,Monday,1,0.044,0.212,0.000,0.000,0.000,0.000,0.256,
2026-07-06 02:00:00,Monday,2,0.022,0.239,0.000,0.000,0.000,0.000,0.261,
2026-07-06 03:00:00,Monday,3,0.042,0.203,0.000,0.000,0.000,0.000,0.245,
2026-07-06 04:00:00,Monday,4,0.031,0.214,0.000,0.000,0.000,0.000,0.245,
2026-07-06 05:00:00,Monday,5,0.036,0.212,0.000,0.000,0.000,0.000,0.248,
2026-07-06 06:00:00,Monday,6,0.031,0.262,0.000,0.000,0.055,0.000,0.348,
2026-07-06 07:00:00,Monday,7,0.036,0.220,0.000,0.000,0.060,0.000,0.316,
2026-07-06 08:00:00,Monday,8,0.025,0.247,0.000,0.000,0.048,0.000,0.320,
2026-07-06 09:00:00,Monday,9,0.030,0.213,0.000,0.000,0.000,0.000,0.243,
2026-07-06 10:00:00,Monday,10,0.029,0.237,0.000,0.000,0.000,0.000,0.266,
2026-07-06 11:00:00,Monday,11,0.036,0.193,0.000,0.000,0.000,0.000,0.229,
2026-07-06 12:00:00,Monday,12,0.033,0.185,0.000,0.000,0.000,0.000,0.218,
2026-07-06 13:00:00,Monday,13,0.028,0.199,0.000,0.000,0.000,0.000,0.227,
2026-07-06 14:00:00,Monday,14,0.020,0.193,0.000,0.000,0.000,0.000,0.213,
2026-07-06 15:00:00,Monday,15,0.028,0.152,0.000,0.000,0.000,0.000,0.180,
2026-07-06 16:00:00,Monday,16,0.025,0.137,0.000,0.000,0.000,0.000,0.162,
2026-07-06 17:00:00,Monday,17,0.025,0.143,0.000,0.000,0.063,0.000,0.231,
2026-07-06 18:00:00,Monday,18,0.026,0.141,0.000,0.450,0.049,0.000,0.666,
2026-07-06 19:00:00,Monday,19,0.031,0.198,0.000,0.000,0.048,0.000,0.277,
2026-07-06 20:00:00,Monday,20,0.021,0.188,0.000,0.000,0.046,0.457,0.712,zmywarka
2026-07-06 21:00:00,Monday,21,0.032,0.181,0.117,0.000,0.038,0.000,0.368,
2026-07-06 22:00:00,Monday,22,0.028,0.135,0.099,0.000,0.031,0.000,0.293,
2026-07-06 23:00:00,Monday,23,0.031,0.140,0.000,0.000,0.000,0.000,0.171,
2026-07-07 00:00:00,Tuesday,0,0.028,0.128,0.000,0.000,0.000,0.000,0.156,
2026-07-07 01:00:00,Tuesday,1,0.040,0.145,0.000,0.000,0.000,0.000,0.185,
2026-07-07 02:00:00,Tuesday,2,0.044,0.143,0.000,0.000,0.000,0.000,0.187,
2026-07-07 03:00:00,Tuesday,3,0.024,0.158,0.000,0.000,0.000,0.000,0.182,
2026-07-07 04:00:00,Tuesday,4,0.021,0.134,0.000,0.000,0.000,0.000,0.155,
2026-07-07 05:00:00,Tuesday,5,0.036,0.136,0.000,0.000,0.000,0.000,0.172,
2026-07-07 06:00:00,Tuesday,6,0.034,0.197,0.000,0.000,0.063,0.000,0.294,
2026-07-07 07:00:00,Tuesday,7,0.035,0.158,0.000,0.000,0.064,0.000,0.257,
2026-07-07 08:00:00,Tuesday,8,0.028,0.153,0.000,0.000,0.047,0.000,0.228,
2026-07-07 09:00:00,Tuesday,9,0.031,0.174,0.000,0.000,0.000,0.000,0.205,
2026-07-07 10:00:00,Tuesday,10,0.024,0.153,0.000,0.000,0.000,0.000,0.177,
2026-07-07 11:00:00,Tuesday,11,0.035,0.135,0.000,0.000,0.000,0.000,0.170,
2026-07-07 12:00:00,Tuesday,12,0.028,0.113,0.000,0.000,0.000,0.000,0.141,
2026-07-07 13:00:00,Tuesday,13,0.031,0.089,0.000,0.000,0.000,0.000,0.120,
2026-07-07 14:00:00,Tuesday,14,0.026,0.168,0.000,0.000,0.000,0.000,0.194,
2026-07-07 15:00:00,Tuesday,15,0.024,0.147,0.000,0.000,0.000,0.000,0.171,
2026-07-07 16:00:00,Tuesday,16,0.034,0.151,0.000,0.000,0.000,0.000,0.185,
2026-07-07 17:00:00,Tuesday,17,0.022,0.108,0.000,0.617,0.050,0.000,0.797,
2026-07-07 18:00:00,Tuesday,18,0.036,0.144,0.000,0.000,0.031,0.000,0.211,
2026-07-07 19:00:00,Tuesday,19,0.027,0.143,0.000,0.000,0.059,0.335,0.564,zmywarka
2026-07-07 20:00:00,Tuesday,20,0.034,0.181,0.000,0.000,0.053,0.000,0.268,
2026-07-07 21:00:00,Tuesday,21,0.026,0.216,0.000,0.000,0.032,0.000,0.274,
2026-07-07 22:00:00,Tuesday,22,0.033,0.182,0.107,0.000,0.036,0.000,0.358,
2026-07-07 23:00:00,Tuesday,23,0.030,0.158,0.000,0.000,0.000,0.000,0.188,
2026-07-08 00:00:00,Wednesday,0,0.021,0.132,0.000,0.000,0.000,0.000,0.153,
2026-07-08 01:00:00,Wednesday,1,0.033,0.168,0.000,0.000,0.000,0.000,0.201,
2026-07-08 02:00:00,Wednesday,2,0.027,0.203,0.000,0.000,0.000,0.000,0.230,
2026-07-08 03:00:00,Wednesday,3,0.030,0.213,0.000,0.000,0.000,0.000,0.243,
2026-07-08 04:00:00,Wednesday,4,0.035,0.203,0.000,0.000,0.000,0.000,0.238,
2026-07-08 05:00:00,Wednesday,5,0.030,0.223,0.000,0.000,0.000,0.000,0.253,
2026-07-08 06:00:00,Wednesday,6,0.033,0.280,0.000,0.000,0.032,0.000,0.345,
2026-07-08 07:00:00,Wednesday,7,0.034,0.226,0.000,0.000,0.048,0.000,0.308,
2026-07-08 08:00:00,Wednesday,8,0.026,0.161,0.000,0.000,0.067,0.000,0.254,
2026-07-08 09:00:00,Wednesday,9,0.026,0.144,0.000,0.000,0.106,0.000,0.276,praca zdalna
2026-07-08 10:00:00,Wednesday,10,0.024,0.124,0.000,0.000,0.145,0.000,0.293,praca zdalna
2026-07-08 11:00:00,Wednesday,11,0.027,0.079,0.000,0.000,0.101,0.000,0.207,praca zdalna
2026-07-08 12:00:00,Wednesday,12,0.034,0.058,0.000,0.000,0.094,0.000,0.186,praca zdalna
2026-07-08 13:00:00,Wednesday,13,0.031,0.000,0.000,0.000,0.118,0.000,0.149,praca zdalna
2026-07-08 14:00:00,Wednesday,14,0.034,0.000,0.000,0.000,0.122,0.000,0.156,praca zdalna
2026-07-08 15:00:00,Wednesday,15,0.021,0.000,0.000,0.000,0.126,0.000,0.147,praca zdalna
2026-07-08 16:00:00,Wednesday,16,0.030,0.000,0.000,0.000,0.083,0.000,0.113,praca zdalna
2026-07-08 17:00:00,Wednesday,17,0.028,0.000,0.000,0.364,0.057,0.000,0.449,
2026-07-08 18:00:00,Wednesday,18,0.022,0.000,0.000,0.000,0.052,0.000,0.074,
2026-07-08 19:00:00,Wednesday,19,0.032,0.000,0.000,0.000,0.040,0.000,0.072,
2026-07-08 20:00:00,Wednesday,20,0.033,0.000,0.000,0.000,0.041,0.432,0.506,zmywarka
2026-07-08 21:00:00,Wednesday,21,0.030,0.066,0.000,0.000,0.067,0.000,0.163,
2026-07-08 22:00:00,Wednesday,22,0.024,0.000,0.115,0.000,0.054,0.000,0.193,
2026-07-08 23:00:00,Wednesday,23,0.021,0.078,0.000,0.000,0.000,0.000,0.099,
2026-07-09 00:00:00,Thursday,0,0.033,0.102,0.000,0.000,0.000,0.000,0.135,
2026-07-09 01:00:00,Thursday,1,0.021,0.109,0.000,0.000,0.000,0.000,0.130,
2026-07-09 02:00:00,Thursday,2,0.029,0.136,0.000,0.000,0.000,0.000,0.165,
2026-07-09 03:00:00,Thursday,3,0.028,0.184,0.000,0.000,0.000,0.000,0.212,
2026-07-09 04:00:00,Thursday,4,0.033,0.190,0.000,0.000,0.000,0.000,0.223,
2026-07-09 05:00:00,Thursday,5,0.032,0.192,0.000,0.000,0.000,0.000,0.224,
2026-07-09 06:00:00,Thursday,6,0.029,0.193,0.000,0.000,0.060,0.000,0.282,
2026-07-09 07:00:00,Thursday,7,0.022,0.195,0.000,0.000,0.044,0.000,0.261,
2026-07-09 08:00:00,Thursday,8,0.020,0.155,0.000,0.000,0.039,0.000,0.214,
2026-07-09 09:00:00,Thursday,9,0.024,0.111,0.000,0.000,0.070,0.000,0.205,praca zdalna
2026-07-09 10:00:00,Thursday,10,0.033,0.058,0.000,0.000,0.109,0.000,0.200,praca zdalna
2026-07-09 11:00:00,Thursday,11,0.031,0.000,0.000,0.000,0.111,0.000,0.142,praca zdalna
2026-07-09 12:00:00,Thursday,12,0.027,0.000,0.000,0.000,0.073,0.000,0.100,praca zdalna
2026-07-09 13:00:00,Thursday,13,0.032,0.000,0.000,0.000,0.106,0.000,0.138,praca zdalna
2026-07-09 14:00:00,Thursday,14,0.022,0.000,0.000,0.000,0.078,0.000,0.100,praca zdalna
2026-07-09 15:00:00,Thursday,15,0.025,0.000,0.000,0.000,0.073,0.000,0.098,praca zdalna
2026-07-09 16:00:00,Thursday,16,0.023,0.000,0.000,0.000,0.096,0.000,0.119,praca zdalna
2026-07-09 17:00:00,Thursday,17,0.030,0.000,0.000,0.388,0.065,0.000,0.483,
2026-07-09 18:00:00,Thursday,18,0.026,0.000,0.000,0.000,0.053,0.000,0.079,
2026-07-09 19:00:00,Thursday,19,0.021,0.000,0.000,0.000,0.048,0.435,0.504,zmywarka
2026-07-09 20:00:00,Thursday,20,0.021,0.000,0.000,0.000,0.066,0.000,0.087,
2026-07-09 21:00:00,Thursday,21,0.027,0.000,0.000,0.000,0.042,0.000,0.069,
2026-07-09 22:00:00,Thursday,22,0.020,0.000,0.071,0.000,0.046,0.000,0.137,
2026-07-09 23:00:00,Thursday,23,0.027,0.000,0.000,0.000,0.000,0.000,0.027,
2026-07-10 00:00:00,Friday,0,0.027,0.000,0.000,0.000,0.000,0.000,0.027,wyjazd / nieobecność
2026-07-10 01:00:00,Friday,1,0.023,0.000,0.000,0.000,0.000,0.000,0.023,wyjazd / nieobecność
2026-07-10 02:00:00,Friday,2,0.035,0.000,0.000,0.000,0.000,0.000,0.035,wyjazd / nieobecność
2026-07-10 03:00:00,Friday,3,0.026,0.000,0.000,0.000,0.000,0.000,0.026,wyjazd / nieobecność
2026-07-10 04:00:00,Friday,4,0.030,0.000,0.000,0.000,0.000,0.000,0.030,wyjazd / nieobecność
2026-07-10 05:00:00,Friday,5,0.027,0.000,0.000,0.000,0.000,0.000,0.027,wyjazd / nieobecność
2026-07-10 06:00:00,Friday,6,0.036,0.000,0.000,0.000,0.000,0.000,0.036,wyjazd / nieobecność
2026-07-10 07:00:00,Friday,7,0.033,0.000,0.000,0.000,0.000,0.000,0.033,wyjazd / nieobecność
2026-07-10 08:00:00,Friday,8,0.034,0.000,0.000,0.000,0.000,0.000,0.034,wyjazd / nieobecność
2026-07-10 09:00:00,Friday,9,0.028,0.000,0.000,0.000,0.071,0.000,0.099,wyjazd / nieobecność; praca zdalna
2026-07-10 10:00:00,Friday,10,0.026,0.000,0.000,0.000,0.066,0.000,0.092,wyjazd / nieobecność; praca zdalna
2026-07-10 11:00:00,Friday,11,0.035,0.000,0.000,0.000,0.054,0.000,0.089,wyjazd / nieobecność; praca zdalna
2026-07-10 12:00:00,Friday,12,0.028,0.000,0.000,0.000,0.039,0.000,0.067,wyjazd / nieobecność; praca zdalna
2026-07-10 13:00:00,Friday,13,0.030,0.000,0.000,0.000,0.040,0.000,0.070,wyjazd / nieobecność; praca zdalna
2026-07-10 14:00:00,Friday,14,0.022,0.000,0.000,0.000,0.066,0.000,0.088,wyjazd / nieobecność; praca zdalna
2026-07-10 15:00:00,Friday,15,0.031,0.000,0.000,0.000,0.079,0.000,0.110,wyjazd / nieobecność; praca zdalna
2026-07-10 16:00:00,Friday,16,0.033,0.000,0.000,0.000,0.049,0.000,0.082,wyjazd / nieobecność; praca zdalna
2026-07-10 17:00:00,Friday,17,0.029,0.000,0.000,0.000,0.000,0.000,0.029,wyjazd / nieobecność
2026-07-10 18:00:00,Friday,18,0.026,0.000,0.000,0.000,0.000,0.000,0.026,wyjazd / nieobecność
2026-07-10 19:00:00,Friday,19,0.022,0.000,0.000,0.000,0.000,0.000,0.022,wyjazd / nieobecność
2026-07-10 20:00:00,Friday,20,0.024,0.000,0.000,0.000,0.000,0.000,0.024,wyjazd / nieobecność
2026-07-10 21:00:00,Friday,21,0.021,0.000,0.000,0.000,0.000,0.000,0.021,wyjazd / nieobecność
2026-07-10 22:00:00,Friday,22,0.020,0.000,0.000,0.000,0.000,0.000,0.020,wyjazd / nieobecność
2026-07-10 23:00:00,Friday,23,0.022,0.000,0.000,0.000,0.000,0.000,0.022,wyjazd / nieobecność
2026-07-11 00:00:00,Saturday,0,0.033,0.000,0.000,0.000,0.000,0.000,0.033,wyjazd / nieobecność
2026-07-11 01:00:00,Saturday,1,0.021,0.000,0.000,0.000,0.000,0.000,0.021,wyjazd / nieobecność
2026-07-11 02:00:00,Saturday,2,0.032,0.000,0.000,0.000,0.000,0.000,0.032,wyjazd / nieobecność
2026-07-11 03:00:00,Saturday,3,0.034,0.000,0.000,0.000,0.000,0.000,0.034,wyjazd / nieobecność
2026-07-11 04:00:00,Saturday,4,0.022,0.000,0.000,0.000,0.000,0.000,0.022,wyjazd / nieobecność
2026-07-11 05:00:00,Saturday,5,0.026,0.000,0.000,0.000,0.000,0.000,0.026,wyjazd / nieobecność
2026-07-11 06:00:00,Saturday,6,0.032,0.000,0.000,0.000,0.000,0.000,0.032,wyjazd / nieobecność
2026-07-11 07:00:00,Saturday,7,0.022,0.000,0.000,0.000,0.000,0.000,0.022,wyjazd / nieobecność
2026-07-11 08:00:00,Saturday,8,0.031,0.000,0.000,0.000,0.000,0.000,0.031,wyjazd / nieobecność
2026-07-11 09:00:00,Saturday,9,0.027,0.000,0.000,0.000,0.000,0.000,0.027,wyjazd / nieobecność
2026-07-11 10:00:00,Saturday,10,0.028,0.000,0.000,0.000,0.000,0.000,0.028,wyjazd / nieobecność
2026-07-11 11:00:00,Saturday,11,0.023,0.000,0.000,0.000,0.000,0.000,0.023,wyjazd / nieobecność
2026-07-11 12:00:00,Saturday,12,0.023,0.000,0.000,0.000,0.000,0.000,0.023,wyjazd / nieobecność
2026-07-11 13:00:00,Saturday,13,0.023,0.000,0.000,0.000,0.000,0.000,0.023,wyjazd / nieobecność
2026-07-11 14:00:00,Saturday,14,0.023,0.000,0.000,0.000,0.000,0.000,0.023,wyjazd / nieobecność
2026-07-11 15:00:00,Saturday,15,0.031,0.000,0.000,0.000,0.000,0.000,0.031,wyjazd / nieobecność
2026-07-11 16:00:00,Saturday,16,0.024,0.000,0.000,0.000,0.000,0.000,0.024,wyjazd / nieobecność
2026-07-11 17:00:00,Saturday,17,0.023,0.000,0.000,0.000,0.000,0.000,0.023,wyjazd / nieobecność
2026-07-11 18:00:00,Saturday,18,0.025,0.000,0.000,0.000,0.000,0.000,0.025,wyjazd / nieobecność
2026-07-11 19:00:00,Saturday,19,0.026,0.000,0.000,0.000,0.000,0.000,0.026,wyjazd / nieobecność
2026-07-11 20:00:00,Saturday,20,0.024,0.000,0.000,0.000,0.000,0.000,0.024,wyjazd / nieobecność
2026-07-11 21:00:00,Saturday,21,0.026,0.000,0.000,0.000,0.000,0.000,0.026,wyjazd / nieobecność
2026-07-11 22:00:00,Saturday,22,0.021,0.000,0.000,0.000,0.000,0.000,0.021,wyjazd / nieobecność
2026-07-11 23:00:00,Saturday,23,0.030,0.000,0.000,0.000,0.000,0.000,0.030,wyjazd / nieobecność
2026-07-12 00:00:00,Sunday,0,0.024,0.000,0.000,0.000,0.000,0.000,0.024,
2026-07-12 01:00:00,Sunday,1,0.044,0.000,0.000,0.000,0.000,0.000,0.044,
2026-07-12 02:00:00,Sunday,2,0.025,0.000,0.000,0.000,0.000,0.000,0.025,
2026-07-12 03:00:00,Sunday,3,0.030,0.000,0.000,0.000,0.000,0.000,0.030,
2026-07-12 04:00:00,Sunday,4,0.030,0.000,0.000,0.000,0.000,0.000,0.030,
2026-07-12 05:00:00,Sunday,5,0.033,0.000,0.000,0.000,0.000,0.000,0.033,
2026-07-12 06:00:00,Sunday,6,0.025,0.000,0.000,0.000,0.041,0.000,0.066,
2026-07-12 07:00:00,Sunday,7,0.028,0.000,0.000,0.000,0.046,0.000,0.074,
2026-07-12 08:00:00,Sunday,8,0.025,0.000,0.000,0.000,0.062,0.000,0.087,
2026-07-12 09:00:00,Sunday,9,0.023,0.000,0.000,0.000,0.000,0.000,0.023,
2026-07-12 10:00:00,Sunday,10,0.022,0.000,0.000,0.000,0.000,0.000,0.022,
2026-07-12 11:00:00,Sunday,11,0.030,0.000,0.000,0.000,0.000,0.000,0.030,
2026-07-12 12:00:00,Sunday,12,0.020,0.000,0.000,0.000,0.000,0.000,0.020,
2026-07-12 13:00:00,Sunday,13,0.032,0.000,0.000,0.000,0.000,0.000,0.032,
2026-07-12 14:00:00,Sunday,14,0.026,0.000,0.000,0.000,0.000,0.366,0.392,zmywarka
2026-07-12 15:00:00,Sunday,15,0.035,0.000,0.000,0.000,0.000,0.000,0.035,
2026-07-12 16:00:00,Sunday,16,0.034,0.000,0.000,0.000,0.000,0.000,0.034,
2026-07-12 17:00:00,Sunday,17,0.020,0.000,0.000,0.000,0.042,0.000,0.062,
2026-07-12 18:00:00,Sunday,18,0.032,0.000,0.000,0.278,0.052,0.000,0.362,
2026-07-12 19:00:00,Sunday,19,0.022,0.000,0.000,0.000,0.038,0.000,0.060,
2026-07-12 20:00:00,Sunday,20,0.027,0.000,0.000,0.000,0.042,0.000,0.069,
2026-07-12 21:00:00,Sunday,21,0.031,0.000,0.000,0.000,0.062,0.000,0.093,
2026-07-12 22:00:00,Sunday,22,0.020,0.000,0.116,0.000,0.067,0.000,0.203,
2026-07-12 23:00:00,Sunday,23,0.025,0.000,0.000,0.000,0.000,0.000,0.025,
2026-07-13 00:00:00,Monday,0,0.026,0.000,0.000,0.000,0.000,0.000,0.026,
2026-07-13 01:00:00,Monday,1,0.039,0.000,0.000,0.000,0.000,0.000,0.039,
2026-07-13 02:00:00,Monday,2,0.022,0.000,0.000,0.000,0.000,0.000,0.022,
2026-07-13 03:00:00,Monday,3,0.034,0.000,0.000,0.000,0.000,0.000,0.034,
2026-07-13 04:00:00,Monday,4,0.032,0.000,0.000,0.000,0.000,0.000,0.032,
2026-07-13 05:00:00,Monday,5,0.039,0.000,0.000,0.000,0.000,0.000,0.039,
2026-07-13 06:00:00,Monday,6,0.025,0.057,0.000,0.000,0.052,0.000,0.134,
2026-07-13 07:00:00,Monday,7,0.032,0.000,0.000,0.000,0.058,0.000,0.090,
2026-07-13 08:00:00,Monday,8,0.025,0.074,0.000,0.000,0.064,0.000,0.163,
2026-07-13 09:00:00,Monday,9,0.032,0.074,0.000,0.000,0.000,0.000,0.106,
2026-07-13 10:00:00,Monday,10,0.023,0.000,0.000,0.000,0.000,0.000,0.023,
2026-07-13 11:00:00,Monday,11,0.033,0.000,0.000,0.000,0.000,0.000,0.033,
2026-07-13 12:00:00,Monday,12,0.036,0.000,0.000,0.000,0.000,0.000,0.036,
2026-07-13 13:00:00,Monday,13,0.024,0.000,0.000,0.000,0.000,0.000,0.024,
2026-07-13 14:00:00,Monday,14,0.024,0.000,0.000,0.000,0.000,0.000,0.024,
2026-07-13 15:00:00,Monday,15,0.028,0.000,0.000,0.000,0.000,0.000,0.028,
2026-07-13 16:00:00,Monday,16,0.025,0.000,0.000,0.000,0.000,0.000,0.025,
2026-07-13 17:00:00,Monday,17,0.023,0.000,0.000,0.550,0.057,0.000,0.630,
2026-07-13 18:00:00,Monday,18,0.035,0.000,0.000,0.000,0.059,0.000,0.094,
2026-07-13 19:00:00,Monday,19,0.024,0.000,0.000,0.000,0.069,0.000,0.093,
2026-07-13 20:00:00,Monday,20,0.028,0.000,0.000,0.000,0.069,0.326,0.423,zmywarka
2026-07-13 21:00:00,Monday,21,0.020,0.000,0.000,0.000,0.064,0.000,0.084,
2026-07-13 22:00:00,Monday,22,0.026,0.000,0.097,0.000,0.063,0.000,0.186,
2026-07-13 23:00:00,Monday,23,0.023,0.000,0.000,0.000,0.000,0.000,0.023,
2026-07-14 00:00:00,Tuesday,0,0.037,0.000,0.000,0.000,0.000,0.000,0.037,
2026-07-14 01:00:00,Tuesday,1,0.026,0.000,0.000,0.000,0.000,0.000,0.026,
2026-07-14 02:00:00,Tuesday,2,0.036,0.000,0.000,0.000,0.000,0.000,0.036,
2026-07-14 03:00:00,Tuesday,3,0.029,0.056,0.000,0.000,0.000,0.000,0.085,
2026-07-14 04:00:00,Tuesday,4,0.044,0.068,0.000,0.000,0.000,0.000,0.112,
2026-07-14 05:00:00,Tuesday,5,0.028,0.078,0.000,0.000,0.000,0.000,0.106,
2026-07-14 06:00:00,Tuesday,6,0.032,0.106,0.000,0.000,0.038,0.000,0.176,
2026-07-14 07:00:00,Tuesday,7,0.031,0.084,0.000,0.000,0.066,0.000,0.181,
2026-07-14 08:00:00,Tuesday,8,0.036,0.000,0.000,0.000,0.060,0.000,0.096,
2026-07-14 09:00:00,Tuesday,9,0.028,0.000,0.000,0.000,0.000,0.000,0.028,
2026-07-14 10:00:00,Tuesday,10,0.022,0.000,0.000,0.000,0.000,0.000,0.022,
2026-07-14 11:00:00,Tuesday,11,0.034,0.000,0.000,0.000,0.000,0.000,0.034,
2026-07-14 12:00:00,Tuesday,12,0.022,0.000,0.000,0.000,0.000,0.000,0.022,
2026-07-14 13:00:00,Tuesday,13,0.024,0.000,0.000,0.000,0.000,0.000,0.024,
2026-07-14 14:00:00,Tuesday,14,0.026,0.000,0.000,0.000,0.000,0.324,0.350,pralka
2026-07-14 15:00:00,Tuesday,15,0.031,0.000,0.000,0.000,0.000,0.658,0.689,suszarka
2026-07-14 16:00:00,Tuesday,16,0.024,0.000,0.000,0.000,0.000,0.000,0.024,
2026-07-14 17:00:00,Tuesday,17,0.035,0.000,0.000,0.275,0.048,0.000,0.358,
2026-07-14 18:00:00,Tuesday,18,0.035,0.000,0.000,0.000,0.067,0.000,0.102,
2026-07-14 19:00:00,Tuesday,19,0.023,0.000,0.000,0.000,0.036,0.000,0.059,
2026-07-14 20:00:00,Tuesday,20,0.024,0.000,0.000,0.000,0.061,0.369,0.454,zmywarka
2026-07-14 21:00:00,Tuesday,21,0.021,0.000,0.000,0.000,0.043,0.000,0.064,
2026-07-14 22:00:00,Tuesday,22,0.028,0.000,0.115,0.000,0.048,0.000,0.191,
2026-07-14 23:00:00,Tuesday,23,0.021,0.000,0.000,0.000,0.000,0.000,0.021,
2026-07-15 00:00:00,Wednesday,0,0.032,0.000,0.000,0.000,0.000,0.000,0.032,wyjazd / nieobecność
2026-07-15 01:00:00,Wednesday,1,0.023,0.000,0.000,0.000,0.000,0.000,0.023,wyjazd / nieobecność
2026-07-15 02:00:00,Wednesday,2,0.034,0.000,0.000,0.000,0.000,0.000,0.034,wyjazd / nieobecność
2026-07-15 03:00:00,Wednesday,3,0.034,0.000,0.000,0.000,0.000,0.000,0.034,wyjazd / nieobecność
2026-07-15 04:00:00,Wednesday,4,0.022,0.000,0.000,0.000,0.000,0.000,0.022,wyjazd / nieobecność
2026-07-15 05:00:00,Wednesday,5,0.028,0.000,0.000,0.000,0.000,0.000,0.028,wyjazd / nieobecność
2026-07-15 06:00:00,Wednesday,6,0.022,0.000,0.000,0.000,0.000,0.000,0.022,wyjazd / nieobecność
2026-07-15 07:00:00,Wednesday,7,0.032,0.000,0.000,0.000,0.000,0.000,0.032,wyjazd / nieobecność
2026-07-15 08:00:00,Wednesday,8,0.034,0.000,0.000,0.000,0.000,0.000,0.034,wyjazd / nieobecność
2026-07-15 09:00:00,Wednesday,9,0.034,0.000,0.000,0.000,0.000,0.000,0.034,wyjazd / nieobecność
2026-07-15 10:00:00,Wednesday,10,0.035,0.000,0.000,0.000,0.000,0.000,0.035,wyjazd / nieobecność
2026-07-15 11:00:00,Wednesday,11,0.030,0.000,0.000,0.000,0.000,0.000,0.030,wyjazd / nieobecność
2026-07-15 12:00:00,Wednesday,12,0.022,0.000,0.000,0.000,0.000,0.000,0.022,wyjazd / nieobecność
2026-07-15 13:00:00,Wednesday,13,0.030,0.000,0.000,0.000,0.000,0.000,0.030,wyjazd / nieobecność
2026-07-15 14:00:00,Wednesday,14,0.024,0.000,0.000,0.000,0.000,0.000,0.024,wyjazd / nieobecność
2026-07-15 15:00:00,Wednesday,15,0.028,0.000,0.000,0.000,0.000,0.000,0.028,wyjazd / nieobecność
2026-07-15 16:00:00,Wednesday,16,0.021,0.000,0.000,0.000,0.000,0.000,0.021,wyjazd / nieobecność
2026-07-15 17:00:00,Wednesday,17,0.026,0.000,0.000,0.000,0.000,0.000,0.026,wyjazd / nieobecność
2026-07-15 18:00:00,Wednesday,18,0.020,0.000,0.000,0.000,0.000,0.000,0.020,wyjazd / nieobecność
2026-07-15 19:00:00,Wednesday,19,0.028,0.000,0.000,0.000,0.000,0.000,0.028,wyjazd / nieobecność
2026-07-15 20:00:00,Wednesday,20,0.027,0.000,0.000,0.000,0.000,0.000,0.027,wyjazd / nieobecność
2026-07-15 21:00:00,Wednesday,21,0.028,0.000,0.000,0.000,0.000,0.000,0.028,wyjazd / nieobecność
2026-07-15 22:00:00,Wednesday,22,0.030,0.000,0.000,0.000,0.000,0.000,0.030,wyjazd / nieobecność
2026-07-15 23:00:00,Wednesday,23,0.034,0.000,0.000,0.000,0.000,0.000,0.034,wyjazd / nieobecność
2026-07-16 00:00:00,Thursday,0,0.032,0.000,0.000,0.000,0.000,0.000,0.032,
2026-07-16 01:00:00,Thursday,1,0.035,0.000,0.000,0.000,0.000,0.000,0.035,
2026-07-16 02:00:00,Thursday,2,0.021,0.000,0.000,0.000,0.000,0.000,0.021,
2026-07-16 03:00:00,Thursday,3,0.030,0.000,0.000,0.000,0.000,0.000,0.030,
2026-07-16 04:00:00,Thursday,4,0.030,0.000,0.000,0.000,0.000,0.000,0.030,
2026-07-16 05:00:00,Thursday,5,0.028,0.000,0.000,0.000,0.000,0.000,0.028,
2026-07-16 06:00:00,Thursday,6,0.034,0.083,0.000,0.000,0.041,0.000,0.158,
2026-07-16 07:00:00,Thursday,7,0.027,0.068,0.000,0.000,0.035,0.000,0.130,
2026-07-16 08:00:00,Thursday,8,0.024,0.000,0.000,0.000,0.034,0.000,0.058,
2026-07-16 09:00:00,Thursday,9,0.022,0.000,0.000,0.000,0.000,0.000,0.022,
2026-07-16 10:00:00,Thursday,10,0.030,0.000,0.000,0.000,0.000,0.000,0.030,
2026-07-16 11:00:00,Thursday,11,0.024,0.000,0.000,0.000,0.000,0.000,0.024,
2026-07-16 12:00:00,Thursday,12,0.034,0.000,0.000,0.000,0.000,0.000,0.034,
2026-07-16 13:00:00,Thursday,13,0.021,0.000,0.000,0.000,0.000,0.000,0.021,
2026-07-16 14:00:00,Thursday,14,0.031,0.000,0.000,0.000,0.000,0.000,0.031,
2026-07-16 15:00:00,Thursday,15,0.024,0.000,0.000,0.000,0.000,0.000,0.024,
2026-07-16 16:00:00,Thursday,16,0.024,0.000,0.000,0.000,0.000,0.000,0.024,
2026-07-16 17:00:00,Thursday,17,0.030,0.000,0.000,0.000,0.062,0.000,0.092,
2026-07-16 18:00:00,Thursday,18,0.026,0.000,0.000,0.356,0.046,0.000,0.428,
2026-07-16 19:00:00,Thursday,19,0.031,0.000,0.000,0.000,0.048,0.000,0.079,
2026-07-16 20:00:00,Thursday,20,0.033,0.000,0.000,0.000,0.034,0.380,0.447,zmywarka
2026-07-16 21:00:00,Thursday,21,0.023,0.000,0.000,0.000,0.036,0.000,0.059,
2026-07-16 22:00:00,Thursday,22,0.034,0.000,0.105,0.000,0.055,0.000,0.194,
2026-07-16 23:00:00,Thursday,23,0.026,0.000,0.000,0.000,0.000,0.000,0.026,
2026-07-17 00:00:00,Friday,0,0.020,0.000,0.000,0.000,0.000,0.000,0.020,
2026-07-17 01:00:00,Friday,1,0.026,0.000,0.000,0.000,0.000,0.000,0.026,
2026-07-17 02:00:00,Friday,2,0.026,0.000,0.000,0.000,0.000,0.000,0.026,
2026-07-17 03:00:00,Friday,3,0.028,0.000,0.000,0.000,0.000,0.000,0.028,
2026-07-17 04:00:00,Friday,4,0.034,0.000,0.000,0.000,0.000,0.000,0.034,
2026-07-17 05:00:00,Friday,5,0.037,0.000,0.000,0.000,0.000,0.000,0.037,
2026-07-17 06:00:00,Friday,6,0.030,0.074,0.000,0.000,0.068,0.000,0.172,
2026-07-17 07:00:00,Friday,7,0.025,0.000,0.000,0.000,0.051,0.000,0.076,
2026-07-17 08:00:00,Friday,8,0.031,0.000,0.000,0.000,0.040,0.000,0.071,
2026-07-17 09:00:00,Friday,9,0.027,0.000,0.000,0.000,0.000,0.000,0.027,
2026-07-17 10:00:00,Friday,10,0.024,0.000,0.000,0.000,0.000,0.000,0.024,
2026-07-17 11:00:00,Friday,11,0.021,0.000,0.000,0.000,0.000,0.000,0.021,
2026-07-17 12:00:00,Friday,12,0.023,0.000,0.000,0.000,0.000,0.000,0.023,
2026-07-17 13:00:00,Friday,13,0.022,0.000,0.000,0.000,0.000,0.000,0.022,
2026-07-17 14:00:00,Friday,14,0.021,0.000,0.000,0.000,0.000,0.000,0.021,
2026-07-17 15:00:00,Friday,15,0.029,0.000,0.000,0.000,0.000,0.000,0.029,
2026-07-17 16:00:00,Friday,16,0.030,0.000,0.000,0.000,0.000,0.000,0.030,
2026-07-17 17:00:00,Friday,17,0.028,0.000,0.000,0.309,0.066,0.000,0.403,
2026-07-17 18:00:00,Friday,18,0.036,0.000,0.000,0.000,0.047,0.000,0.083,
2026-07-17 19:00:00,Friday,19,0.026,0.000,0.000,0.000,0.054,0.478,0.558,zmywarka
2026-07-17 20:00:00,Friday,20,0.024,0.000,0.000,0.000,0.070,0.000,0.094,
2026-07-17 21:00:00,Friday,21,0.030,0.000,0.000,0.000,0.068,0.000,0.098,
2026-07-17 22:00:00,Friday,22,0.029,0.000,0.088,0.000,0.049,0.000,0.166,
2026-07-17 23:00:00,Friday,23,0.028,0.000,0.000,0.000,0.000,0.000,0.028,
2026-07-18 00:00:00,Saturday,0,0.034,0.000,0.000,0.000,0.000,0.000,0.034,
2026-07-18 01:00:00,Saturday,1,0.026,0.000,0.000,0.000,0.000,0.000,0.026,
2026-07-18 02:00:00,Saturday,2,0.024,0.000,0.000,0.000,0.000,0.000,0.024,
2026-07-18 03:00:00,Saturday,3,0.024,0.000,0.000,0.000,0.000,0.000,0.024,
2026-07-18 04:00:00,Saturday,4,0.025,0.060,0.000,0.000,0.000,0.000,0.085,
2026-07-18 05:00:00,Saturday,5,0.029,0.073,0.000,0.000,0.000,0.000,0.102,
2026-07-18 06:00:00,Saturday,6,0.023,0.136,0.000,0.000,0.047,0.000,0.206,
2026-07-18 07:00:00,Saturday,7,0.027,0.145,0.000,0.000,0.065,0.000,0.237,
2026-07-18 08:00:00,Saturday,8,0.034,0.111,0.000,0.000,0.048,0.000,0.193,
2026-07-18 09:00:00,Saturday,9,0.034,0.062,0.000,0.000,0.000,0.000,0.096,
2026-07-18 10:00:00,Saturday,10,0.031,0.000,0.000,0.000,0.000,0.000,0.031,
2026-07-18 11:00:00,Saturday,11,0.034,0.000,0.000,0.000,0.000,0.277,0.311,pralka
2026-07-18 12:00:00,Saturday,12,0.035,0.000,0.000,0.000,0.000,0.945,0.980,suszarka
2026-07-18 13:00:00,Saturday,13,0.023,0.000,0.000,0.000,0.000,0.364,0.387,zmywarka
2026-07-18 14:00:00,Saturday,14,0.035,0.000,0.000,0.000,0.000,0.000,0.035,
2026-07-18 15:00:00,Saturday,15,0.024,0.000,0.000,0.000,0.000,0.000,0.024,
2026-07-18 16:00:00,Saturday,16,0.028,0.000,0.000,0.000,0.000,0.000,0.028,
2026-07-18 17:00:00,Saturday,17,0.025,0.000,0.000,0.286,0.069,0.000,0.380,
2026-07-18 18:00:00,Saturday,18,0.030,0.000,0.000,0.000,0.044,0.000,0.074,
2026-07-18 19:00:00,Saturday,19,0.035,0.000,0.000,0.000,0.035,0.000,0.070,
2026-07-18 20:00:00,Saturday,20,0.031,0.000,0.000,0.000,0.059,0.000,0.090,
2026-07-18 21:00:00,Saturday,21,0.020,0.074,0.000,0.000,0.066,0.000,0.160,
2026-07-18 22:00:00,Saturday,22,0.029,0.074,0.116,0.000,0.063,0.000,0.282,
2026-07-18 23:00:00,Saturday,23,0.029,0.098,0.000,0.000,0.000,0.000,0.127,
2026-07-19 00:00:00,Sunday,0,0.025,0.092,0.000,0.000,0.000,0.000,0.117,
2026-07-19 01:00:00,Sunday,1,0.029,0.092,0.000,0.000,0.000,0.000,0.121,
2026-07-19 02:00:00,Sunday,2,0.026,0.128,0.000,0.000,0.000,0.000,0.154,
2026-07-19 03:00:00,Sunday,3,0.023,0.126,0.000,0.000,0.000,0.000,0.149,
2026-07-19 04:00:00,Sunday,4,0.038,0.112,0.000,0.000,0.000,0.000,0.150,
2026-07-19 05:00:00,Sunday,5,0.022,0.122,0.000,0.000,0.000,0.000,0.144,
2026-07-19 06:00:00,Sunday,6,0.032,0.134,0.000,0.000,0.034,0.000,0.200,
2026-07-19 07:00:00,Sunday,7,0.028,0.142,0.000,0.000,0.069,0.000,0.239,
2026-07-19 08:00:00,Sunday,8,0.022,0.137,0.000,0.000,0.051,0.000,0.210,
2026-07-19 09:00:00,Sunday,9,0.034,0.102,0.000,0.000,0.000,0.000,0.136,
2026-07-19 10:00:00,Sunday,10,0.034,0.120,0.000,0.000,0.000,0.273,0.427,pralka
2026-07-19 11:00:00,Sunday,11,0.021,0.087,0.000,0.000,0.000,0.908,1.016,suszarka
2026-07-19 12:00:00,Sunday,12,0.032,0.089,0.000,0.000,0.000,0.000,0.121,
2026-07-19 13:00:00,Sunday,13,0.031,0.000,0.000,0.000,0.000,0.323,0.354,zmywarka
2026-07-19 14:00:00,Sunday,14,0.024,0.079,0.000,0.000,0.000,0.000,0.103,
2026-07-19 15:00:00,Sunday,15,0.024,0.000,0.000,0.000,0.000,0.000,0.024,
2026-07-19 16:00:00,Sunday,16,0.023,0.157,0.000,0.000,0.000,0.000,0.180,
2026-07-19 17:00:00,Sunday,17,0.026,0.168,0.000,0.330,0.038,0.000,0.562,
2026-07-19 18:00:00,Sunday,18,0.035,0.145,0.000,0.000,0.045,0.000,0.225,
2026-07-19 19:00:00,Sunday,19,0.024,0.195,0.000,0.000,0.052,0.000,0.271,
2026-07-19 20:00:00,Sunday,20,0.029,0.171,0.000,0.000,0.058,0.000,0.258,
2026-07-19 21:00:00,Sunday,21,0.020,0.190,0.060,0.000,0.062,0.000,0.332,
2026-07-19 22:00:00,Sunday,22,0.021,0.191,0.101,0.000,0.049,0.000,0.362,
2026-07-19 23:00:00,Sunday,23,0.043,0.150,0.000,0.000,0.000,0.000,0.193,
2026-07-20 00:00:00,Monday,0,0.026,0.116,0.000,0.000,0.000,0.000,0.142,
2026-07-20 01:00:00,Monday,1,0.032,0.119,0.000,0.000,0.000,0.000,0.151,
2026-07-20 02:00:00,Monday,2,0.034,0.144,0.000,0.000,0.000,0.000,0.178,
2026-07-20 03:00:00,Monday,3,0.031,0.170,0.000,0.000,0.000,0.000,0.201,
2026-07-20 04:00:00,Monday,4,0.036,0.139,0.000,0.000,0.000,0.000,0.175,
2026-07-20 05:00:00,Monday,5,0.038,0.129,0.000,0.000,0.000,0.000,0.167,
2026-07-20 06:00:00,Monday,6,0.028,0.194,0.000,0.000,0.053,0.000,0.275,
2026-07-20 07:00:00,Monday,7,0.031,0.216,0.000,0.000,0.054,0.000,0.301,
2026-07-20 08:00:00,Monday,8,0.031,0.168,0.000,0.000,0.030,0.000,0.229,
2026-07-20 09:00:00,Monday,9,0.025,0.178,0.000,0.000,0.000,0.000,0.203,
2026-07-20 10:00:00,Monday,10,0.036,0.189,0.000,0.000,0.000,0.000,0.225,
2026-07-20 11:00:00,Monday,11,0.036,0.146,0.000,0.000,0.000,0.000,0.182,
2026-07-20 12:00:00,Monday,12,0.030,0.134,0.000,0.000,0.000,0.000,0.164,
2026-07-20 13:00:00,Monday,13,0.027,0.146,0.000,0.000,0.000,0.000,0.173,
2026-07-20 14:00:00,Monday,14,0.032,0.131,0.000,0.000,0.000,0.000,0.163,
2026-07-20 15:00:00,Monday,15,0.029,0.081,0.000,0.000,0.000,0.000,0.110,
2026-07-20 16:00:00,Monday,16,0.024,0.080,0.000,0.000,0.000,0.000,0.104,
2026-07-20 17:00:00,Monday,17,0.029,0.000,0.000,0.368,0.052,0.000,0.449,
2026-07-20 18:00:00,Monday,18,0.021,0.000,0.000,0.000,0.039,0.000,0.060,
2026-07-20 19:00:00,Monday,19,0.025,0.000,0.000,0.000,0.067,0.000,0.092,
2026-07-20 20:00:00,Monday,20,0.023,0.000,0.000,0.000,0.048,0.400,0.471,zmywarka
2026-07-20 21:00:00,Monday,21,0.031,0.074,0.000,0.000,0.052,0.000,0.157,
2026-07-20 22:00:00,Monday,22,0.028,0.060,0.061,0.000,0.038,0.000,0.187,
2026-07-20 23:00:00,Monday,23,0.042,0.097,0.000,0.000,0.000,0.000,0.139,
2026-07-21 00:00:00,Tuesday,0,0.032,0.134,0.000,0.000,0.000,0.000,0.166,
2026-07-21 01:00:00,Tuesday,1,0.028,0.126,0.000,0.000,0.000,0.000,0.154,
2026-07-21 02:00:00,Tuesday,2,0.022,0.124,0.000,0.000,0.000,0.000,0.146,
2026-07-21 03:00:00,Tuesday,3,0.021,0.130,0.000,0.000,0.000,0.000,0.151,
2026-07-21 04:00:00,Tuesday,4,0.030,0.181,0.000,0.000,0.000,0.000,0.211,
2026-07-21 05:00:00,Tuesday,5,0.032,0.141,0.000,0.000,0.000,0.000,0.173,
2026-07-21 06:00:00,Tuesday,6,0.026,0.196,0.000,0.000,0.040,0.000,0.262,
2026-07-21 07:00:00,Tuesday,7,0.023,0.165,0.000,0.000,0.056,0.000,0.244,
2026-07-21 08:00:00,Tuesday,8,0.028,0.102,0.000,0.000,0.051,0.000,0.181,
2026-07-21 09:00:00,Tuesday,9,0.021,0.080,0.000,0.000,0.000,0.000,0.101,
2026-07-21 10:00:00,Tuesday,10,0.025,0.070,0.000,0.000,0.000,0.000,0.095,
2026-07-21 11:00:00,Tuesday,11,0.034,0.000,0.000,0.000,0.000,0.000,0.034,
2026-07-21 12:00:00,Tuesday,12,0.030,0.000,0.000,0.000,0.000,0.259,0.289,pralka
2026-07-21 13:00:00,Tuesday,13,0.033,0.000,0.000,0.000,0.000,0.846,0.879,suszarka
2026-07-21 14:00:00,Tuesday,14,0.032,0.000,0.000,0.000,0.000,0.000,0.032,
2026-07-21 15:00:00,Tuesday,15,0.030,0.000,0.000,0.000,0.000,0.000,0.030,
2026-07-21 16:00:00,Tuesday,16,0.022,0.000,0.000,0.000,0.000,0.000,0.022,
2026-07-21 17:00:00,Tuesday,17,0.027,0.000,0.000,0.000,0.058,0.000,0.085,
2026-07-21 18:00:00,Tuesday,18,0.029,0.000,0.000,0.606,0.032,0.000,0.667,
2026-07-21 19:00:00,Tuesday,19,0.028,0.000,0.000,0.000,0.045,0.000,0.073,
2026-07-21 20:00:00,Tuesday,20,0.032,0.000,0.000,0.000,0.064,0.377,0.473,zmywarka
2026-07-21 21:00:00,Tuesday,21,0.023,0.000,0.000,0.000,0.057,0.000,0.080,
2026-07-21 22:00:00,Tuesday,22,0.028,0.000,0.106,0.000,0.061,0.000,0.195,
2026-07-21 23:00:00,Tuesday,23,0.035,0.000,0.000,0.000,0.000,0.000,0.035,
2026-07-22 00:00:00,Wednesday,0,0.034,0.060,0.000,0.000,0.000,0.000,0.094,
2026-07-22 01:00:00,Wednesday,1,0.041,0.092,0.000,0.000,0.000,0.000,0.133,
2026-07-22 02:00:00,Wednesday,2,0.022,0.159,0.000,0.000,0.000,0.000,0.181,
2026-07-22 03:00:00,Wednesday,3,0.040,0.181,0.000,0.000,0.000,0.000,0.221,
2026-07-22 04:00:00,Wednesday,4,0.038,0.134,0.000,0.000,0.000,0.000,0.172,
2026-07-22 05:00:00,Wednesday,5,0.047,0.146,0.000,0.000,0.000,0.000,0.193,
2026-07-22 06:00:00,Wednesday,6,0.035,0.211,0.000,0.000,0.061,0.000,0.307,
2026-07-22 07:00:00,Wednesday,7,0.028,0.173,0.000,0.000,0.048,0.000,0.249,
2026-07-22 08:00:00,Wednesday,8,0.030,0.177,0.000,0.000,0.055,0.000,0.262,
2026-07-22 09:00:00,Wednesday,9,0.026,0.149,0.000,0.000,0.132,0.000,0.307,praca zdalna
2026-07-22 10:00:00,Wednesday,10,0.034,0.130,0.000,0.000,0.128,0.000,0.292,praca zdalna
2026-07-22 11:00:00,Wednesday,11,0.025,0.112,0.000,0.000,0.119,0.253,0.509,praca zdalna; pralka
2026-07-22 12:00:00,Wednesday,12,0.035,0.075,0.000,0.000,0.097,0.994,1.201,praca zdalna; suszarka
2026-07-22 13:00:00,Wednesday,13,0.023,0.000,0.000,0.000,0.124,0.000,0.147,praca zdalna
2026-07-22 14:00:00,Wednesday,14,0.035,0.000,0.000,0.000,0.116,0.000,0.151,praca zdalna
2026-07-22 15:00:00,Wednesday,15,0.032,0.000,0.000,0.000,0.124,0.000,0.156,praca zdalna
2026-07-22 16:00:00,Wednesday,16,0.030,0.000,0.000,0.000,0.073,0.000,0.103,praca zdalna
2026-07-22 17:00:00,Wednesday,17,0.022,0.076,0.000,0.427,0.043,0.000,0.568,
2026-07-22 18:00:00,Wednesday,18,0.035,0.098,0.000,0.000,0.039,0.000,0.172,
2026-07-22 19:00:00,Wednesday,19,0.032,0.102,0.000,0.000,0.050,0.373,0.557,zmywarka
2026-07-22 20:00:00,Wednesday,20,0.027,0.075,0.000,0.000,0.068,0.000,0.170,
2026-07-22 21:00:00,Wednesday,21,0.022,0.079,0.000,0.000,0.050,0.000,0.151,
2026-07-22 22:00:00,Wednesday,22,0.034,0.065,0.102,0.000,0.062,0.000,0.263,
2026-07-22 23:00:00,Wednesday,23,0.034,0.070,0.000,0.000,0.000,0.000,0.104,
2026-07-23 00:00:00,Thursday,0,0.041,0.082,0.000,0.000,0.000,0.000,0.123,
2026-07-23 01:00:00,Thursday,1,0.030,0.084,0.000,0.000,0.000,0.000,0.114,
2026-07-23 02:00:00,Thursday,2,0.034,0.096,0.000,0.000,0.000,0.000,0.130,
2026-07-23 03:00:00,Thursday,3,0.029,0.090,0.000,0.000,0.000,0.000,0.119,
2026-07-23 04:00:00,Thursday,4,0.029,0.098,0.000,0.000,0.000,0.000,0.127,
2026-07-23 05:00:00,Thursday,5,0.038,0.129,0.000,0.000,0.000,0.000,0.167,
2026-07-23 06:00:00,Thursday,6,0.034,0.144,0.000,0.000,0.066,0.000,0.244,
2026-07-23 07:00:00,Thursday,7,0.032,0.145,0.000,0.000,0.042,0.000,0.219,
2026-07-23 08:00:00,Thursday,8,0.034,0.116,0.000,0.000,0.036,0.000,0.186,
2026-07-23 09:00:00,Thursday,9,0.030,0.100,0.000,0.000,0.107,0.000,0.237,praca zdalna
2026-07-23 10:00:00,Thursday,10,0.034,0.094,0.000,0.000,0.126,0.000,0.254,praca zdalna
2026-07-23 11:00:00,Thursday,11,0.024,0.074,0.000,0.000,0.120,0.000,0.218,praca zdalna
2026-07-23 12:00:00,Thursday,12,0.036,0.000,0.000,0.000,0.126,0.000,0.162,praca zdalna
2026-07-23 13:00:00,Thursday,13,0.027,0.000,0.000,0.000,0.127,0.000,0.154,praca zdalna
2026-07-23 14:00:00,Thursday,14,0.022,0.000,0.000,0.000,0.123,0.000,0.145,praca zdalna
2026-07-23 15:00:00,Thursday,15,0.025,0.000,0.000,0.000,0.125,0.000,0.150,praca zdalna
2026-07-23 16:00:00,Thursday,16,0.029,0.000,0.000,0.000,0.110,0.000,0.139,praca zdalna
2026-07-23 17:00:00,Thursday,17,0.030,0.000,0.000,0.382,0.030,0.000,0.442,
2026-07-23 18:00:00,Thursday,18,0.022,0.000,0.000,0.000,0.052,0.000,0.074,
2026-07-23 19:00:00,Thursday,19,0.033,0.000,0.000,0.000,0.051,0.469,0.553,zmywarka
2026-07-23 20:00:00,Thursday,20,0.033,0.000,0.000,0.000,0.063,0.000,0.096,
2026-07-23 21:00:00,Thursday,21,0.024,0.000,0.000,0.000,0.068,0.000,0.092,
2026-07-23 22:00:00,Thursday,22,0.036,0.000,0.086,0.000,0.058,0.000,0.180,
2026-07-23 23:00:00,Thursday,23,0.042,0.000,0.000,0.000,0.000,0.000,0.042,
2026-07-24 00:00:00,Friday,0,0.023,0.062,0.000,0.000,0.000,0.000,0.085,
2026-07-24 01:00:00,Friday,1,0.020,0.087,0.000,0.000,0.000,0.000,0.107,
2026-07-24 02:00:00,Friday,2,0.028,0.107,0.000,0.000,0.000,0.000,0.135,
2026-07-24 03:00:00,Friday,3,0.035,0.110,0.000,0.000,0.000,0.000,0.145,
2026-07-24 04:00:00,Friday,4,0.024,0.128,0.000,0.000,0.000,0.000,0.152,
2026-07-24 05:00:00,Friday,5,0.027,0.107,0.000,0.000,0.000,0.000,0.134,
2026-07-24 06:00:00,Friday,6,0.026,0.152,0.000,0.000,0.068,0.000,0.246,
2026-07-24 07:00:00,Friday,7,0.021,0.192,0.000,0.000,0.046,0.000,0.259,
2026-07-24 08:00:00,Friday,8,0.021,0.139,0.000,0.000,0.059,0.000,0.219,
2026-07-24 09:00:00,Friday,9,0.028,0.130,0.000,0.000,0.104,0.000,0.262,praca zdalna
2026-07-24 10:00:00,Friday,10,0.024,0.075,0.000,0.000,0.078,0.000,0.177,praca zdalna
2026-07-24 11:00:00,Friday,11,0.032,0.000,0.000,0.000,0.125,0.000,0.157,praca zdalna
2026-07-24 12:00:00,Friday,12,0.029,0.000,0.000,0.000,0.120,0.000,0.149,praca zdalna
2026-07-24 13:00:00,Friday,13,0.033,0.062,0.000,0.000,0.105,0.000,0.200,praca zdalna
2026-07-24 14:00:00,Friday,14,0.027,0.086,0.000,0.000,0.121,0.000,0.234,praca zdalna
2026-07-24 15:00:00,Friday,15,0.029,0.074,0.000,0.000,0.115,0.000,0.218,praca zdalna
2026-07-24 16:00:00,Friday,16,0.035,0.000,0.000,0.000,0.121,0.000,0.156,praca zdalna
2026-07-24 17:00:00,Friday,17,0.027,0.000,0.000,0.000,0.040,0.000,0.067,
2026-07-24 18:00:00,Friday,18,0.028,0.000,0.000,0.283,0.030,0.000,0.341,
2026-07-24 19:00:00,Friday,19,0.022,0.000,0.000,0.000,0.034,0.447,0.503,zmywarka
2026-07-24 20:00:00,Friday,20,0.030,0.000,0.000,0.000,0.060,0.000,0.090,
2026-07-24 21:00:00,Friday,21,0.031,0.076,0.086,0.000,0.058,0.000,0.251,
2026-07-24 22:00:00,Friday,22,0.034,0.000,0.043,0.000,0.061,0.000,0.138,
2026-07-24 23:00:00,Friday,23,0.032,0.000,0.000,0.000,0.000,0.000,0.032,
2026-07-25 00:00:00,Saturday,0,0.031,0.076,0.000,0.000,0.000,0.000,0.107,
2026-07-25 01:00:00,Saturday,1,0.030,0.086,0.000,0.000,0.000,0.000,0.116,
2026-07-25 02:00:00,Saturday,2,0.030,0.105,0.000,0.000,0.000,0.000,0.135,
2026-07-25 03:00:00,Saturday,3,0.027,0.097,0.000,0.000,0.000,0.000,0.124,
2026-07-25 04:00:00,Saturday,4,0.024,0.102,0.000,0.000,0.000,0.000,0.126,
2026-07-25 05:00:00,Saturday,5,0.031,0.088,0.000,0.000,0.000,0.000,0.119,
2026-07-25 06:00:00,Saturday,6,0.022,0.132,0.000,0.000,0.064,0.000,0.218,
2026-07-25 07:00:00,Saturday,7,0.031,0.112,0.000,0.000,0.039,0.000,0.182,
2026-07-25 08:00:00,Saturday,8,0.023,0.098,0.000,0.000,0.036,0.000,0.157,
2026-07-25 09:00:00,Saturday,9,0.031,0.062,0.000,0.000,0.000,0.000,0.093,
2026-07-25 10:00:00,Saturday,10,0.026,0.063,0.000,0.000,0.000,0.000,0.089,
2026-07-25 11:00:00,Saturday,11,0.029,0.000,0.000,0.000,0.000,0.241,0.270,pralka
2026-07-25 12:00:00,Saturday,12,0.021,0.000,0.000,0.000,0.000,0.700,0.721,suszarka
2026-07-25 13:00:00,Saturday,13,0.029,0.000,0.000,0.000,0.000,0.411,0.440,zmywarka
2026-07-25 14:00:00,Saturday,14,0.026,0.000,0.000,0.000,0.000,0.000,0.026,
2026-07-25 15:00:00,Saturday,15,0.023,0.000,0.000,0.000,0.000,0.000,0.023,
2026-07-25 16:00:00,Saturday,16,0.027,0.000,0.000,0.000,0.000,0.000,0.027,
2026-07-25 17:00:00,Saturday,17,0.020,0.000,0.000,0.000,0.063,0.000,0.083,
2026-07-25 18:00:00,Saturday,18,0.021,0.000,0.000,0.283,0.060,0.000,0.364,
2026-07-25 19:00:00,Saturday,19,0.022,0.000,0.000,0.000,0.056,0.000,0.078,
2026-07-25 20:00:00,Saturday,20,0.033,0.000,0.000,0.000,0.050,0.000,0.083,
2026-07-25 21:00:00,Saturday,21,0.031,0.000,0.056,0.000,0.059,0.000,0.146,
2026-07-25 22:00:00,Saturday,22,0.032,0.000,0.077,0.000,0.055,0.000,0.164,
2026-07-25 23:00:00,Saturday,23,0.024,0.000,0.000,0.000,0.000,0.000,0.024,
2026-07-26 00:00:00,Sunday,0,0.025,0.000,0.000,0.000,0.000,0.000,0.025,wyjazd / nieobecność
2026-07-26 01:00:00,Sunday,1,0.020,0.000,0.000,0.000,0.000,0.000,0.020,wyjazd / nieobecność
2026-07-26 02:00:00,Sunday,2,0.022,0.000,0.000,0.000,0.000,0.000,0.022,wyjazd / nieobecność
2026-07-26 03:00:00,Sunday,3,0.032,0.000,0.000,0.000,0.000,0.000,0.032,wyjazd / nieobecność
2026-07-26 04:00:00,Sunday,4,0.030,0.000,0.000,0.000,0.000,0.000,0.030,wyjazd / nieobecność
2026-07-26 05:00:00,Sunday,5,0.020,0.000,0.000,0.000,0.000,0.000,0.020,wyjazd / nieobecność
2026-07-26 06:00:00,Sunday,6,0.029,0.000,0.000,0.000,0.000,0.000,0.029,wyjazd / nieobecność
2026-07-26 07:00:00,Sunday,7,0.026,0.000,0.000,0.000,0.000,0.000,0.026,wyjazd / nieobecność
2026-07-26 08:00:00,Sunday,8,0.030,0.000,0.000,0.000,0.000,0.000,0.030,wyjazd / nieobecność
2026-07-26 09:00:00,Sunday,9,0.033,0.000,0.000,0.000,0.000,0.000,0.033,wyjazd / nieobecność
2026-07-26 10:00:00,Sunday,10,0.034,0.000,0.000,0.000,0.000,0.000,0.034,wyjazd / nieobecność
2026-07-26 11:00:00,Sunday,11,0.024,0.000,0.000,0.000,0.000,0.000,0.024,wyjazd / nieobecność
2026-07-26 12:00:00,Sunday,12,0.029,0.000,0.000,0.000,0.000,0.000,0.029,wyjazd / nieobecność
2026-07-26 13:00:00,Sunday,13,0.029,0.000,0.000,0.000,0.000,0.000,0.029,wyjazd / nieobecność
2026-07-26 14:00:00,Sunday,14,0.028,0.000,0.000,0.000,0.000,0.000,0.028,wyjazd / nieobecność
2026-07-26 15:00:00,Sunday,15,0.029,0.000,0.000,0.000,0.000,0.000,0.029,wyjazd / nieobecność
2026-07-26 16:00:00,Sunday,16,0.026,0.000,0.000,0.000,0.000,0.000,0.026,wyjazd / nieobecność
2026-07-26 17:00:00,Sunday,17,0.036,0.000,0.000,0.000,0.000,0.000,0.036,wyjazd / nieobecność
2026-07-26 18:00:00,Sunday,18,0.027,0.000,0.000,0.000,0.000,0.000,0.027,wyjazd / nieobecność
2026-07-26 19:00:00,Sunday,19,0.024,0.000,0.000,0.000,0.000,0.000,0.024,wyjazd / nieobecność
2026-07-26 20:00:00,Sunday,20,0.023,0.000,0.000,0.000,0.000,0.000,0.023,wyjazd / nieobecność
2026-07-26 21:00:00,Sunday,21,0.020,0.000,0.000,0.000,0.000,0.000,0.020,wyjazd / nieobecność
2026-07-26 22:00:00,Sunday,22,0.027,0.000,0.000,0.000,0.000,0.000,0.027,wyjazd / nieobecność
2026-07-26 23:00:00,Sunday,23,0.033,0.000,0.000,0.000,0.000,0.000,0.033,wyjazd / nieobecność
2026-07-27 00:00:00,Monday,0,0.034,0.125,0.000,0.000,0.000,0.000,0.159,
2026-07-27 01:00:00,Monday,1,0.036,0.126,0.000,0.000,0.000,0.000,0.162,
2026-07-27 02:00:00,Monday,2,0.031,0.141,0.000,0.000,0.000,0.000,0.172,
2026-07-27 03:00:00,Monday,3,0.035,0.127,0.000,0.000,0.000,0.000,0.162,
2026-07-27 04:00:00,Monday,4,0.040,0.181,0.000,0.000,0.000,0.000,0.221,
2026-07-27 05:00:00,Monday,5,0.035,0.192,0.000,0.000,0.000,0.000,0.227,
2026-07-27 06:00:00,Monday,6,0.036,0.208,0.000,0.000,0.064,0.000,0.308,
2026-07-27 07:00:00,Monday,7,0.026,0.253,0.000,0.000,0.056,0.000,0.335,
2026-07-27 08:00:00,Monday,8,0.028,0.233,0.000,0.000,0.032,0.000,0.293,
2026-07-27 09:00:00,Monday,9,0.032,0.173,0.000,0.000,0.000,0.000,0.205,
2026-07-27 10:00:00,Monday,10,0.020,0.148,0.000,0.000,0.000,0.000,0.168,
2026-07-27 11:00:00,Monday,11,0.025,0.125,0.000,0.000,0.000,0.000,0.150,
2026-07-27 12:00:00,Monday,12,0.034,0.093,0.000,0.000,0.000,0.000,0.127,
2026-07-27 13:00:00,Monday,13,0.035,0.094,0.000,0.000,0.000,0.000,0.129,
2026-07-27 14:00:00,Monday,14,0.021,0.080,0.000,0.000,0.000,0.000,0.101,
2026-07-27 15:00:00,Monday,15,0.023,0.056,0.000,0.000,0.000,0.000,0.079,
2026-07-27 16:00:00,Monday,16,0.026,0.055,0.000,0.000,0.000,0.000,0.081,
2026-07-27 17:00:00,Monday,17,0.032,0.073,0.000,0.272,0.065,0.000,0.442,
2026-07-27 18:00:00,Monday,18,0.034,0.114,0.000,0.000,0.038,0.000,0.186,
2026-07-27 19:00:00,Monday,19,0.022,0.104,0.000,0.000,0.069,0.000,0.195,
2026-07-27 20:00:00,Monday,20,0.025,0.134,0.000,0.000,0.041,0.358,0.558,zmywarka
2026-07-27 21:00:00,Monday,21,0.029,0.135,0.000,0.000,0.030,0.000,0.194,
2026-07-27 22:00:00,Monday,22,0.021,0.120,0.070,0.000,0.057,0.000,0.268,
2026-07-27 23:00:00,Monday,23,0.035,0.147,0.000,0.000,0.000,0.000,0.182,
2026-07-28 00:00:00,Tuesday,0,0.030,0.138,0.000,0.000,0.000,0.000,0.168,
2026-07-28 01:00:00,Tuesday,1,0.025,0.173,0.000,0.000,0.000,0.000,0.198,
2026-07-28 02:00:00,Tuesday,2,0.033,0.184,0.000,0.000,0.000,0.000,0.217,
2026-07-28 03:00:00,Tuesday,3,0.037,0.200,0.000,0.000,0.000,0.000,0.237,
2026-07-28 04:00:00,Tuesday,4,0.024,0.196,0.000,0.000,0.000,0.000,0.220,
2026-07-28 05:00:00,Tuesday,5,0.034,0.218,0.000,0.000,0.000,0.000,0.252,
2026-07-28 06:00:00,Tuesday,6,0.021,0.268,0.000,0.000,0.066,0.000,0.355,
2026-07-28 07:00:00,Tuesday,7,0.024,0.200,0.000,0.000,0.050,0.000,0.274,
2026-07-28 08:00:00,Tuesday,8,0.025,0.167,0.000,0.000,0.048,0.000,0.240,
2026-07-28 09:00:00,Tuesday,9,0.024,0.167,0.000,0.000,0.109,0.000,0.300,praca zdalna
2026-07-28 10:00:00,Tuesday,10,0.026,0.140,0.000,0.000,0.100,0.000,0.266,praca zdalna
2026-07-28 11:00:00,Tuesday,11,0.026,0.089,0.000,0.000,0.108,0.000,0.223,praca zdalna
2026-07-28 12:00:00,Tuesday,12,0.036,0.061,0.000,0.000,0.122,0.000,0.219,praca zdalna
2026-07-28 13:00:00,Tuesday,13,0.029,0.000,0.000,0.000,0.111,0.337,0.477,praca zdalna; pralka
2026-07-28 14:00:00,Tuesday,14,0.027,0.000,0.000,0.000,0.090,0.000,0.117,praca zdalna
2026-07-28 15:00:00,Tuesday,15,0.022,0.000,0.000,0.000,0.120,0.000,0.142,praca zdalna
2026-07-28 16:00:00,Tuesday,16,0.022,0.000,0.000,0.000,0.124,0.000,0.146,praca zdalna
2026-07-28 17:00:00,Tuesday,17,0.026,0.000,0.000,0.312,0.060,0.000,0.398,
2026-07-28 18:00:00,Tuesday,18,0.028,0.000,0.000,0.000,0.033,0.000,0.061,
2026-07-28 19:00:00,Tuesday,19,0.031,0.000,0.000,0.000,0.058,0.000,0.089,
2026-07-28 20:00:00,Tuesday,20,0.033,0.000,0.000,0.000,0.058,0.454,0.545,zmywarka
2026-07-28 21:00:00,Tuesday,21,0.023,0.000,0.071,0.000,0.056,0.000,0.150,
2026-07-28 22:00:00,Tuesday,22,0.034,0.000,0.082,0.000,0.053,0.000,0.169,
2026-07-28 23:00:00,Tuesday,23,0.033,0.000,0.000,0.000,0.000,0.000,0.033,
2026-07-29 00:00:00,Wednesday,0,0.031,0.000,0.000,0.000,0.000,0.000,0.031,
2026-07-29 01:00:00,Wednesday,1,0.020,0.000,0.000,0.000,0.000,0.000,0.020,
2026-07-29 02:00:00,Wednesday,2,0.024,0.000,0.000,0.000,0.000,0.000,0.024,
2026-07-29 03:00:00,Wednesday,3,0.031,0.000,0.000,0.000,0.000,0.000,0.031,
2026-07-29 04:00:00,Wednesday,4,0.045,0.000,0.000,0.000,0.000,0.000,0.045,
2026-07-29 05:00:00,Wednesday,5,0.024,0.000,0.000,0.000,0.000,0.000,0.024,
2026-07-29 06:00:00,Wednesday,6,0.023,0.097,0.000,0.000,0.055,0.000,0.175,
2026-07-29 07:00:00,Wednesday,7,0.032,0.076,0.000,0.000,0.069,0.000,0.177,
2026-07-29 08:00:00,Wednesday,8,0.020,0.000,0.000,0.000,0.052,0.000,0.072,
2026-07-29 09:00:00,Wednesday,9,0.024,0.000,0.000,0.000,0.102,0.000,0.126,praca zdalna
2026-07-29 10:00:00,Wednesday,10,0.021,0.000,0.000,0.000,0.124,0.000,0.145,praca zdalna
2026-07-29 11:00:00,Wednesday,11,0.022,0.000,0.000,0.000,0.099,0.000,0.121,praca zdalna
2026-07-29 12:00:00,Wednesday,12,0.034,0.000,0.000,0.000,0.120,0.000,0.154,praca zdalna
2026-07-29 13:00:00,Wednesday,13,0.024,0.000,0.000,0.000,0.086,0.000,0.110,praca zdalna
2026-07-29 14:00:00,Wednesday,14,0.030,0.000,0.000,0.000,0.114,0.000,0.144,praca zdalna
2026-07-29 15:00:00,Wednesday,15,0.035,0.000,0.000,0.000,0.099,0.000,0.134,praca zdalna
2026-07-29 16:00:00,Wednesday,16,0.036,0.000,0.000,0.000,0.088,0.000,0.124,praca zdalna
2026-07-29 17:00:00,Wednesday,17,0.032,0.000,0.000,0.000,0.046,0.000,0.078,
2026-07-29 18:00:00,Wednesday,18,0.033,0.000,0.000,0.264,0.049,0.000,0.346,
2026-07-29 19:00:00,Wednesday,19,0.034,0.000,0.000,0.000,0.041,0.352,0.427,zmywarka
2026-07-29 20:00:00,Wednesday,20,0.034,0.000,0.000,0.000,0.056,0.000,0.090,
2026-07-29 21:00:00,Wednesday,21,0.034,0.000,0.000,0.000,0.053,0.000,0.087,
2026-07-29 22:00:00,Wednesday,22,0.029,0.000,0.084,0.000,0.036,0.000,0.149,
2026-07-29 23:00:00,Wednesday,23,0.028,0.000,0.000,0.000,0.000,0.000,0.028,
2026-07-30 00:00:00,Thursday,0,0.038,0.000,0.000,0.000,0.000,0.000,0.038,
2026-07-30 01:00:00,Thursday,1,0.035,0.000,0.000,0.000,0.000,0.000,0.035,
2026-07-30 02:00:00,Thursday,2,0.042,0.000,0.000,0.000,0.000,0.000,0.042,
2026-07-30 03:00:00,Thursday,3,0.033,0.000,0.000,0.000,0.000,0.000,0.033,
2026-07-30 04:00:00,Thursday,4,0.033,0.000,0.000,0.000,0.000,0.000,0.033,
2026-07-30 05:00:00,Thursday,5,0.024,0.000,0.000,0.000,0.000,0.000,0.024,
2026-07-30 06:00:00,Thursday,6,0.036,0.000,0.000,0.000,0.043,0.000,0.079,
2026-07-30 07:00:00,Thursday,7,0.034,0.000,0.000,0.000,0.067,0.000,0.101,
2026-07-30 08:00:00,Thursday,8,0.034,0.000,0.000,0.000,0.051,0.000,0.085,
2026-07-30 09:00:00,Thursday,9,0.022,0.000,0.000,0.000,0.000,0.000,0.022,
2026-07-30 10:00:00,Thursday,10,0.033,0.000,0.000,0.000,0.000,0.000,0.033,
2026-07-30 11:00:00,Thursday,11,0.023,0.000,0.000,0.000,0.000,0.000,0.023,
2026-07-30 12:00:00,Thursday,12,0.030,0.000,0.000,0.000,0.000,0.000,0.030,
2026-07-30 13:00:00,Thursday,13,0.034,0.000,0.000,0.000,0.000,0.000,0.034,
2026-07-30 14:00:00,Thursday,14,0.035,0.000,0.000,0.000,0.000,0.000,0.035,
2026-07-30 15:00:00,Thursday,15,0.022,0.000,0.000,0.000,0.000,0.000,0.022,
2026-07-30 16:00:00,Thursday,16,0.022,0.000,0.000,0.000,0.000,0.000,0.022,
2026-07-30 17:00:00,Thursday,17,0.032,0.000,0.000,0.370,0.032,0.000,0.434,
2026-07-30 18:00:00,Thursday,18,0.028,0.000,0.000,0.000,0.047,0.000,0.075,
2026-07-30 19:00:00,Thursday,19,0.025,0.000,0.000,0.000,0.030,0.000,0.055,
2026-07-30 20:00:00,Thursday,20,0.022,0.000,0.000,0.000,0.035,0.414,0.471,zmywarka
2026-07-30 21:00:00,Thursday,21,0.020,0.000,0.103,0.000,0.068,0.000,0.191,
2026-07-30 22:00:00,Thursday,22,0.028,0.000,0.058,0.000,0.066,0.000,0.152,
2026-07-30 23:00:00,Thursday,23,0.041,0.000,0.000,0.000,0.000,0.000,0.041,
2026-07-31 00:00:00,Friday,0,0.035,0.000,0.000,0.000,0.000,0.000,0.035,
2026-07-31 01:00:00,Friday,1,0.033,0.000,0.000,0.000,0.000,0.000,0.033,
2026-07-31 02:00:00,Friday,2,0.030,0.000,0.000,0.000,0.000,0.000,0.030,
2026-07-31 03:00:00,Friday,3,0.037,0.000,0.000,0.000,0.000,0.000,0.037,
2026-07-31 04:00:00,Friday,4,0.020,0.000,0.000,0.000,0.000,0.000,0.020,
2026-07-31 05:00:00,Friday,5,0.025,0.000,0.000,0.000,0.000,0.000,0.025,
2026-07-31 06:00:00,Friday,6,0.022,0.124,0.000,0.000,0.061,0.000,0.207,
2026-07-31 07:00:00,Friday,7,0.025,0.138,0.000,0.000,0.041,0.000,0.204,
2026-07-31 08:00:00,Friday,8,0.022,0.094,0.000,0.000,0.058,0.000,0.174,
2026-07-31 09:00:00,Friday,9,0.034,0.082,0.000,0.000,0.072,0.000,0.188,praca zdalna
2026-07-31 10:00:00,Friday,10,0.021,0.052,0.000,0.000,0.096,0.000,0.169,praca zdalna
2026-07-31 11:00:00,Friday,11,0.020,0.000,0.000,0.000,0.146,0.000,0.166,praca zdalna
2026-07-31 12:00:00,Friday,12,0.030,0.000,0.000,0.000,0.080,0.000,0.110,praca zdalna
2026-07-31 13:00:00,Friday,13,0.035,0.000,0.000,0.000,0.130,0.000,0.165,praca zdalna
2026-07-31 14:00:00,Friday,14,0.024,0.000,0.000,0.000,0.105,0.000,0.129,praca zdalna
2026-07-31 15:00:00,Friday,15,0.030,0.000,0.000,0.000,0.104,0.000,0.134,praca zdalna
2026-07-31 16:00:00,Friday,16,0.031,0.000,0.000,0.000,0.090,0.000,0.121,praca zdalna
2026-07-31 17:00:00,Friday,17,0.026,0.000,0.000,0.000,0.060,0.000,0.086,
2026-07-31 18:00:00,Friday,18,0.023,0.000,0.000,0.353,0.062,0.000,0.438,
2026-07-31 19:00:00,Friday,19,0.029,0.000,0.000,0.000,0.032,0.000,0.061,
2026-07-31 20:00:00,Friday,20,0.034,0.000,0.000,0.000,0.060,0.000,0.094,
2026-07-31 21:00:00,Friday,21,0.036,0.056,0.000,0.000,0.069,0.000,0.161,
2026-07-31 22:00:00,Friday,22,0.033,0.000,0.092,0.000,0.070,0.000,0.195,
2026-07-31 23:00:00,Friday,23,0.022,0.105,0.000,0.000,0.000,0.000,0.127,
2026-08-01 00:00:00,Saturday,0,0.032,0.074,0.000,0.000,0.000,0.000,0.106,
2026-08-01 01:00:00,Saturday,1,0.029,0.080,0.000,0.000,0.000,0.000,0.109,
2026-08-01 02:00:00,Saturday,2,0.033,0.110,0.000,0.000,0.000,0.000,0.143,
2026-08-01 03:00:00,Saturday,3,0.022,0.120,0.000,0.000,0.000,0.000,0.142,
2026-08-01 04:00:00,Saturday,4,0.029,0.101,0.000,0.000,0.000,0.000,0.130,
2026-08-01 05:00:00,Saturday,5,0.034,0.094,0.000,0.000,0.000,0.000,0.128,
2026-08-01 06:00:00,Saturday,6,0.034,0.167,0.000,0.000,0.056,0.000,0.257,
2026-08-01 07:00:00,Saturday,7,0.030,0.169,0.000,0.000,0.069,0.000,0.268,
2026-08-01 08:00:00,Saturday,8,0.036,0.121,0.000,0.000,0.052,0.000,0.209,
2026-08-01 09:00:00,Saturday,9,0.034,0.119,0.000,0.000,0.000,0.000,0.153,
2026-08-01 10:00:00,Saturday,10,0.030,0.106,0.000,0.000,0.000,0.381,0.517,pralka
2026-08-01 11:00:00,Saturday,11,0.032,0.077,0.000,0.000,0.000,0.712,0.821,suszarka
2026-08-01 12:00:00,Saturday,12,0.022,0.000,0.000,0.000,0.000,0.000,0.022,
2026-08-01 13:00:00,Saturday,13,0.020,0.000,0.000,0.000,0.000,0.418,0.438,zmywarka
2026-08-01 14:00:00,Saturday,14,0.034,0.000,0.000,0.000,0.000,0.000,0.034,
2026-08-01 15:00:00,Saturday,15,0.033,0.000,0.000,0.000,0.000,0.000,0.033,
2026-08-01 16:00:00,Saturday,16,0.031,0.000,0.000,0.000,0.000,0.000,0.031,
2026-08-01 17:00:00,Saturday,17,0.033,0.000,0.000,0.000,0.068,0.000,0.101,
2026-08-01 18:00:00,Saturday,18,0.032,0.000,0.000,0.314,0.038,0.000,0.384,
2026-08-01 19:00:00,Saturday,19,0.022,0.000,0.000,0.000,0.052,0.000,0.074,
2026-08-01 20:00:00,Saturday,20,0.022,0.000,0.000,0.000,0.055,0.000,0.077,
2026-08-01 21:00:00,Saturday,21,0.034,0.072,0.109,0.000,0.053,0.000,0.268,
2026-08-01 22:00:00,Saturday,22,0.035,0.000,0.060,0.000,0.043,0.000,0.138,
2026-08-01 23:00:00,Saturday,23,0.033,0.055,0.000,0.000,0.000,0.000,0.088,
2026-08-02 00:00:00,Sunday,0,0.041,0.098,0.000,0.000,0.000,0.000,0.139,
2026-08-02 01:00:00,Sunday,1,0.022,0.096,0.000,0.000,0.000,0.000,0.118,
2026-08-02 02:00:00,Sunday,2,0.034,0.150,0.000,0.000,0.000,0.000,0.184,
2026-08-02 03:00:00,Sunday,3,0.023,0.136,0.000,0.000,0.000,0.000,0.159,
2026-08-02 04:00:00,Sunday,4,0.041,0.150,0.000,0.000,0.000,0.000,0.191,
2026-08-02 05:00:00,Sunday,5,0.042,0.164,0.000,0.000,0.000,0.000,0.206,
2026-08-02 06:00:00,Sunday,6,0.028,0.212,0.000,0.000,0.057,0.000,0.297,
2026-08-02 07:00:00,Sunday,7,0.028,0.165,0.000,0.000,0.068,0.000,0.261,
2026-08-02 08:00:00,Sunday,8,0.030,0.150,0.000,0.000,0.039,0.000,0.219,
2026-08-02 09:00:00,Sunday,9,0.029,0.134,0.000,0.000,0.000,0.000,0.163,
2026-08-02 10:00:00,Sunday,10,0.033,0.089,0.000,0.000,0.000,0.000,0.122,
2026-08-02 11:00:00,Sunday,11,0.020,0.000,0.000,0.000,0.000,0.000,0.020,
2026-08-02 12:00:00,Sunday,12,0.035,0.000,0.000,0.000,0.000,0.000,0.035,
2026-08-02 13:00:00,Sunday,13,0.031,0.000,0.000,0.000,0.000,0.368,0.399,zmywarka
2026-08-02 14:00:00,Sunday,14,0.022,0.000,0.000,0.000,0.000,0.000,0.022,
2026-08-02 15:00:00,Sunday,15,0.024,0.000,0.000,0.000,0.000,0.000,0.024,
2026-08-02 16:00:00,Sunday,16,0.030,0.000,0.000,0.000,0.000,0.000,0.030,
2026-08-02 17:00:00,Sunday,17,0.032,0.000,0.000,0.000,0.040,0.000,0.072,
2026-08-02 18:00:00,Sunday,18,0.030,0.000,0.000,0.254,0.055,0.000,0.339,
2026-08-02 19:00:00,Sunday,19,0.035,0.000,0.000,0.000,0.037,0.000,0.072,
2026-08-02 20:00:00,Sunday,20,0.033,0.000,0.084,0.000,0.035,0.000,0.152,
2026-08-02 21:00:00,Sunday,21,0.028,0.000,0.111,0.000,0.061,0.000,0.200,
2026-08-02 22:00:00,Sunday,22,0.032,0.000,0.068,0.000,0.036,0.000,0.136,
2026-08-02 23:00:00,Sunday,23,0.021,0.000,0.000,0.000,0.000,0.000,0.021,
2026-08-03 00:00:00,Monday,0,0.038,0.000,0.000,0.000,0.000,0.000,0.038,
2026-08-03 01:00:00,Monday,1,0.036,0.000,0.000,0.000,0.000,0.000,0.036,
2026-08-03 02:00:00,Monday,2,0.036,0.088,0.000,0.000,0.000,0.000,0.124,
2026-08-03 03:00:00,Monday,3,0.026,0.120,0.000,0.000,0.000,0.000,0.146,
2026-08-03 04:00:00,Monday,4,0.031,0.128,0.000,0.000,0.000,0.000,0.159,
2026-08-03 05:00:00,Monday,5,0.035,0.179,0.000,0.000,0.000,0.000,0.214,
2026-08-03 06:00:00,Monday,6,0.034,0.182,0.000,0.000,0.041,0.000,0.257,goście
2026-08-03 07:00:00,Monday,7,0.035,0.128,0.000,0.000,0.032,0.000,0.195,goście
2026-08-03 08:00:00,Monday,8,0.024,0.086,0.000,0.000,0.049,0.000,0.159,goście
2026-08-03 09:00:00,Monday,9,0.029,0.064,0.000,0.000,0.000,0.000,0.093,
2026-08-03 10:00:00,Monday,10,0.025,0.000,0.000,0.000,0.000,0.000,0.025,
2026-08-03 11:00:00,Monday,11,0.030,0.000,0.000,0.000,0.000,0.000,0.030,
2026-08-03 12:00:00,Monday,12,0.032,0.000,0.000,0.000,0.000,0.000,0.032,
2026-08-03 13:00:00,Monday,13,0.033,0.000,0.000,0.000,0.000,0.000,0.033,
2026-08-03 14:00:00,Monday,14,0.022,0.000,0.000,0.000,0.000,0.000,0.022,
2026-08-03 15:00:00,Monday,15,0.030,0.000,0.000,0.000,0.000,0.000,0.030,
2026-08-03 16:00:00,Monday,16,0.021,0.000,0.000,0.000,0.000,0.000,0.021,
2026-08-03 17:00:00,Monday,17,0.025,0.000,0.000,0.000,0.038,0.000,0.063,goście
2026-08-03 18:00:00,Monday,18,0.027,0.000,0.000,0.443,0.060,0.000,0.530,goście
2026-08-03 19:00:00,Monday,19,0.026,0.000,0.000,0.000,0.053,0.388,0.467,goście; zmywarka
2026-08-03 20:00:00,Monday,20,0.022,0.000,0.000,0.000,0.052,0.000,0.074,goście
2026-08-03 21:00:00,Monday,21,0.032,0.000,0.064,0.000,0.060,0.000,0.156,goście
2026-08-03 22:00:00,Monday,22,0.029,0.000,0.116,0.000,0.068,0.000,0.213,goście
2026-08-03 23:00:00,Monday,23,0.030,0.000,0.000,0.000,0.000,0.000,0.030,
2026-08-04 00:00:00,Tuesday,0,0.034,0.000,0.000,0.000,0.000,0.000,0.034,
2026-08-04 01:00:00,Tuesday,1,0.039,0.000,0.000,0.000,0.000,0.000,0.039,
2026-08-04 02:00:00,Tuesday,2,0.030,0.073,0.000,0.000,0.000,0.000,0.103,
2026-08-04 03:00:00,Tuesday,3,0.032,0.085,0.000,0.000,0.000,0.000,0.117,
2026-08-04 04:00:00,Tuesday,4,0.022,0.078,0.000,0.000,0.000,0.000,0.100,
2026-08-04 05:00:00,Tuesday,5,0.038,0.081,0.000,0.000,0.000,0.000,0.119,
2026-08-04 06:00:00,Tuesday,6,0.033,0.116,0.000,0.000,0.045,0.000,0.194,
2026-08-04 07:00:00,Tuesday,7,0.027,0.120,0.000,0.000,0.044,0.000,0.191,
2026-08-04 08:00:00,Tuesday,8,0.026,0.072,0.000,0.000,0.036,0.000,0.134,
2026-08-04 09:00:00,Tuesday,9,0.033,0.000,0.000,0.000,0.000,0.000,0.033,
2026-08-04 10:00:00,Tuesday,10,0.028,0.000,0.000,0.000,0.000,0.000,0.028,
2026-08-04 11:00:00,Tuesday,11,0.036,0.000,0.000,0.000,0.000,0.000,0.036,
2026-08-04 12:00:00,Tuesday,12,0.031,0.000,0.000,0.000,0.000,0.000,0.031,
2026-08-04 13:00:00,Tuesday,13,0.026,0.000,0.000,0.000,0.000,0.000,0.026,
2026-08-04 14:00:00,Tuesday,14,0.026,0.000,0.000,0.000,0.000,0.000,0.026,
2026-08-04 15:00:00,Tuesday,15,0.035,0.000,0.000,0.000,0.000,0.000,0.035,
2026-08-04 16:00:00,Tuesday,16,0.022,0.000,0.000,0.000,0.000,0.000,0.022,
2026-08-04 17:00:00,Tuesday,17,0.022,0.000,0.000,0.000,0.053,0.000,0.075,
2026-08-04 18:00:00,Tuesday,18,0.022,0.000,0.000,0.398,0.034,0.000,0.454,
2026-08-04 19:00:00,Tuesday,19,0.036,0.000,0.000,0.000,0.045,0.000,0.081,
2026-08-04 20:00:00,Tuesday,20,0.025,0.000,0.000,0.000,0.058,0.374,0.457,zmywarka
2026-08-04 21:00:00,Tuesday,21,0.027,0.000,0.069,0.000,0.060,0.000,0.156,
2026-08-04 22:00:00,Tuesday,22,0.027,0.000,0.092,0.000,0.062,0.000,0.181,
2026-08-04 23:00:00,Tuesday,23,0.030,0.000,0.000,0.000,0.000,0.000,0.030,
2026-08-05 00:00:00,Wednesday,0,0.022,0.000,0.000,0.000,0.000,0.000,0.022,
2026-08-05 01:00:00,Wednesday,1,0.023,0.000,0.000,0.000,0.000,0.000,0.023,
2026-08-05 02:00:00,Wednesday,2,0.026,0.000,0.000,0.000,0.000,0.000,0.026,
2026-08-05 03:00:00,Wednesday,3,0.035,0.000,0.000,0.000,0.000,0.000,0.035,
2026-08-05 04:00:00,Wednesday,4,0.032,0.000,0.000,0.000,0.000,0.000,0.032,
2026-08-05 05:00:00,Wednesday,5,0.045,0.000,0.000,0.000,0.000,0.000,0.045,
2026-08-05 06:00:00,Wednesday,6,0.028,0.062,0.000,0.000,0.062,0.000,0.152,
2026-08-05 07:00:00,Wednesday,7,0.024,0.000,0.000,0.000,0.068,0.000,0.092,
2026-08-05 08:00:00,Wednesday,8,0.036,0.059,0.000,0.000,0.060,0.000,0.155,
2026-08-05 09:00:00,Wednesday,9,0.026,0.067,0.000,0.000,0.000,0.000,0.093,
2026-08-05 10:00:00,Wednesday,10,0.026,0.000,0.000,0.000,0.000,0.000,0.026,
2026-08-05 11:00:00,Wednesday,11,0.034,0.000,0.000,0.000,0.000,0.000,0.034,
2026-08-05 12:00:00,Wednesday,12,0.030,0.000,0.000,0.000,0.000,0.000,0.030,
2026-08-05 13:00:00,Wednesday,13,0.026,0.000,0.000,0.000,0.000,0.000,0.026,
2026-08-05 14:00:00,Wednesday,14,0.026,0.000,0.000,0.000,0.000,0.000,0.026,
2026-08-05 15:00:00,Wednesday,15,0.023,0.000,0.000,0.000,0.000,0.000,0.023,
2026-08-05 16:00:00,Wednesday,16,0.020,0.000,0.000,0.000,0.000,0.000,0.020,
2026-08-05 17:00:00,Wednesday,17,0.022,0.000,0.000,0.000,0.068,0.000,0.090,
2026-08-05 18:00:00,Wednesday,18,0.032,0.000,0.000,0.264,0.059,0.000,0.355,
2026-08-05 19:00:00,Wednesday,19,0.033,0.000,0.000,0.000,0.044,0.388,0.465,zmywarka
2026-08-05 20:00:00,Wednesday,20,0.027,0.000,0.000,0.000,0.031,0.000,0.058,
2026-08-05 21:00:00,Wednesday,21,0.032,0.000,0.044,0.000,0.047,0.000,0.123,
2026-08-05 22:00:00,Wednesday,22,0.023,0.000,0.054,0.000,0.051,0.000,0.128,
2026-08-05 23:00:00,Wednesday,23,0.045,0.000,0.000,0.000,0.000,0.000,0.045,
2026-08-06 00:00:00,Thursday,0,0.026,0.000,0.000,0.000,0.000,0.000,0.026,
2026-08-06 01:00:00,Thursday,1,0.034,0.000,0.000,0.000,0.000,0.000,0.034,
2026-08-06 02:00:00,Thursday,2,0.020,0.000,0.000,0.000,0.000,0.000,0.020,
2026-08-06 03:00:00,Thursday,3,0.026,0.000,0.000,0.000,0.000,0.000,0.026,
2026-08-06 04:00:00,Thursday,4,0.036,0.000,0.000,0.000,0.000,0.000,0.036,
2026-08-06 05:00:00,Thursday,5,0.022,0.000,0.000,0.000,0.000,0.000,0.022,
2026-08-06 06:00:00,Thursday,6,0.029,0.074,0.000,0.000,0.066,0.000,0.169,
2026-08-06 07:00:00,Thursday,7,0.024,0.060,0.000,0.000,0.034,0.000,0.118,
2026-08-06 08:00:00,Thursday,8,0.031,0.000,0.000,0.000,0.031,0.000,0.062,
2026-08-06 09:00:00,Thursday,9,0.029,0.000,0.000,0.000,0.000,0.000,0.029,
2026-08-06 10:00:00,Thursday,10,0.030,0.000,0.000,0.000,0.000,0.000,0.030,
2026-08-06 11:00:00,Thursday,11,0.027,0.000,0.000,0.000,0.000,0.000,0.027,
2026-08-06 12:00:00,Thursday,12,0.032,0.000,0.000,0.000,0.000,0.000,0.032,
2026-08-06 13:00:00,Thursday,13,0.026,0.000,0.000,0.000,0.000,0.000,0.026,
2026-08-06 14:00:00,Thursday,14,0.027,0.000,0.000,0.000,0.000,0.000,0.027,
2026-08-06 15:00:00,Thursday,15,0.026,0.000,0.000,0.000,0.000,0.000,0.026,
2026-08-06 16:00:00,Thursday,16,0.030,0.000,0.000,0.000,0.000,0.000,0.030,
2026-08-06 17:00:00,Thursday,17,0.024,0.000,0.000,0.000,0.052,0.000,0.076,
2026-08-06 18:00:00,Thursday,18,0.033,0.000,0.000,0.286,0.056,0.000,0.375,
2026-08-06 19:00:00,Thursday,19,0.035,0.000,0.000,0.000,0.067,0.000,0.102,
2026-08-06 20:00:00,Thursday,20,0.030,0.000,0.000,0.000,0.041,0.000,0.071,
2026-08-06 21:00:00,Thursday,21,0.028,0.087,0.072,0.000,0.066,0.000,0.253,
2026-08-06 22:00:00,Thursday,22,0.036,0.058,0.067,0.000,0.041,0.000,0.202,
2026-08-06 23:00:00,Thursday,23,0.031,0.072,0.000,0.000,0.000,0.000,0.103,
2026-08-07 00:00:00,Friday,0,0.029,0.080,0.000,0.000,0.000,0.000,0.109,
2026-08-07 01:00:00,Friday,1,0.030,0.100,0.000,0.000,0.000,0.000,0.130,
2026-08-07 02:00:00,Friday,2,0.034,0.133,0.000,0.000,0.000,0.000,0.167,
2026-08-07 03:00:00,Friday,3,0.036,0.129,0.000,0.000,0.000,0.000,0.165,
2026-08-07 04:00:00,Friday,4,0.030,0.145,0.000,0.000,0.000,0.000,0.175,
2026-08-07 05:00:00,Friday,5,0.027,0.118,0.000,0.000,0.000,0.000,0.145,
2026-08-07 06:00:00,Friday,6,0.022,0.216,0.000,0.000,0.049,0.000,0.287,
2026-08-07 07:00:00,Friday,7,0.028,0.208,0.000,0.000,0.064,0.000,0.300,
2026-08-07 08:00:00,Friday,8,0.032,0.178,0.000,0.000,0.052,0.000,0.262,
2026-08-07 09:00:00,Friday,9,0.026,0.143,0.000,0.000,0.000,0.000,0.169,
2026-08-07 10:00:00,Friday,10,0.034,0.148,0.000,0.000,0.000,0.000,0.182,
2026-08-07 11:00:00,Friday,11,0.035,0.152,0.000,0.000,0.000,0.000,0.187,
2026-08-07 12:00:00,Friday,12,0.026,0.094,0.000,0.000,0.000,0.000,0.120,
2026-08-07 13:00:00,Friday,13,0.022,0.098,0.000,0.000,0.000,0.000,0.120,
2026-08-07 14:00:00,Friday,14,0.026,0.121,0.000,0.000,0.000,0.000,0.147,
2026-08-07 15:00:00,Friday,15,0.028,0.073,0.000,0.000,0.000,0.000,0.101,
2026-08-07 16:00:00,Friday,16,0.026,0.062,0.000,0.000,0.000,0.000,0.088,
2026-08-07 17:00:00,Friday,17,0.028,0.061,0.000,0.328,0.049,0.000,0.466,
2026-08-07 18:00:00,Friday,18,0.024,0.069,0.000,0.000,0.052,0.000,0.145,
2026-08-07 19:00:00,Friday,19,0.024,0.073,0.000,0.000,0.033,0.000,0.130,
2026-08-07 20:00:00,Friday,20,0.021,0.105,0.000,0.000,0.044,0.389,0.559,zmywarka
2026-08-07 21:00:00,Friday,21,0.027,0.117,0.093,0.000,0.054,0.000,0.291,
2026-08-07 22:00:00,Friday,22,0.028,0.075,0.050,0.000,0.061,0.000,0.214,
2026-08-07 23:00:00,Friday,23,0.032,0.095,0.000,0.000,0.000,0.000,0.127,
2026-08-08 00:00:00,Saturday,0,0.026,0.000,0.000,0.000,0.000,0.000,0.026,wyjazd / nieobecność
2026-08-08 01:00:00,Saturday,1,0.021,0.000,0.000,0.000,0.000,0.000,0.021,wyjazd / nieobecność
2026-08-08 02:00:00,Saturday,2,0.028,0.076,0.000,0.000,0.000,0.000,0.104,wyjazd / nieobecność
2026-08-08 03:00:00,Saturday,3,0.027,0.080,0.000,0.000,0.000,0.000,0.107,wyjazd / nieobecność
2026-08-08 04:00:00,Saturday,4,0.022,0.094,0.000,0.000,0.000,0.000,0.116,wyjazd / nieobecność
2026-08-08 05:00:00,Saturday,5,0.027,0.101,0.000,0.000,0.000,0.000,0.128,wyjazd / nieobecność
2026-08-08 06:00:00,Saturday,6,0.024,0.102,0.000,0.000,0.000,0.000,0.126,wyjazd / nieobecność
2026-08-08 07:00:00,Saturday,7,0.023,0.073,0.000,0.000,0.000,0.000,0.096,wyjazd / nieobecność
2026-08-08 08:00:00,Saturday,8,0.024,0.000,0.000,0.000,0.000,0.000,0.024,wyjazd / nieobecność
2026-08-08 09:00:00,Saturday,9,0.028,0.000,0.000,0.000,0.000,0.000,0.028,wyjazd / nieobecność
2026-08-08 10:00:00,Saturday,10,0.023,0.000,0.000,0.000,0.000,0.000,0.023,wyjazd / nieobecność
2026-08-08 11:00:00,Saturday,11,0.027,0.000,0.000,0.000,0.000,0.000,0.027,wyjazd / nieobecność
2026-08-08 12:00:00,Saturday,12,0.031,0.000,0.000,0.000,0.000,0.000,0.031,wyjazd / nieobecność
2026-08-08 13:00:00,Saturday,13,0.032,0.000,0.000,0.000,0.000,0.000,0.032,wyjazd / nieobecność
2026-08-08 14:00:00,Saturday,14,0.024,0.000,0.000,0.000,0.000,0.000,0.024,wyjazd / nieobecność
2026-08-08 15:00:00,Saturday,15,0.026,0.000,0.000,0.000,0.000,0.000,0.026,wyjazd / nieobecność
2026-08-08 16:00:00,Saturday,16,0.030,0.000,0.000,0.000,0.000,0.000,0.030,wyjazd / nieobecność
2026-08-08 17:00:00,Saturday,17,0.029,0.000,0.000,0.000,0.000,0.000,0.029,wyjazd / nieobecność
2026-08-08 18:00:00,Saturday,18,0.030,0.000,0.000,0.000,0.000,0.000,0.030,wyjazd / nieobecność
2026-08-08 19:00:00,Saturday,19,0.027,0.000,0.000,0.000,0.000,0.000,0.027,wyjazd / nieobecność
2026-08-08 20:00:00,Saturday,20,0.028,0.000,0.000,0.000,0.000,0.000,0.028,wyjazd / nieobecność
2026-08-08 21:00:00,Saturday,21,0.026,0.000,0.000,0.000,0.000,0.000,0.026,wyjazd / nieobecność
2026-08-08 22:00:00,Saturday,22,0.022,0.000,0.000,0.000,0.000,0.000,0.022,wyjazd / nieobecność
2026-08-08 23:00:00,Saturday,23,0.027,0.000,0.000,0.000,0.000,0.000,0.027,wyjazd / nieobecność
2026-08-09 00:00:00,Sunday,0,0.033,0.000,0.000,0.000,0.000,0.000,0.033,wyjazd / nieobecność
2026-08-09 01:00:00,Sunday,1,0.021,0.000,0.000,0.000,0.000,0.000,0.021,wyjazd / nieobecność
2026-08-09 02:00:00,Sunday,2,0.027,0.000,0.000,0.000,0.000,0.000,0.027,wyjazd / nieobecność
2026-08-09 03:00:00,Sunday,3,0.028,0.000,0.000,0.000,0.000,0.000,0.028,wyjazd / nieobecność
2026-08-09 04:00:00,Sunday,4,0.022,0.000,0.000,0.000,0.000,0.000,0.022,wyjazd / nieobecność
2026-08-09 05:00:00,Sunday,5,0.021,0.000,0.000,0.000,0.000,0.000,0.021,wyjazd / nieobecność
2026-08-09 06:00:00,Sunday,6,0.024,0.000,0.000,0.000,0.000,0.000,0.024,wyjazd / nieobecność
2026-08-09 07:00:00,Sunday,7,0.020,0.000,0.000,0.000,0.000,0.000,0.020,wyjazd / nieobecność
2026-08-09 08:00:00,Sunday,8,0.035,0.000,0.000,0.000,0.000,0.000,0.035,wyjazd / nieobecność
2026-08-09 09:00:00,Sunday,9,0.035,0.000,0.000,0.000,0.000,0.000,0.035,wyjazd / nieobecność
2026-08-09 10:00:00,Sunday,10,0.021,0.000,0.000,0.000,0.000,0.000,0.021,wyjazd / nieobecność
2026-08-09 11:00:00,Sunday,11,0.034,0.000,0.000,0.000,0.000,0.000,0.034,wyjazd / nieobecność
2026-08-09 12:00:00,Sunday,12,0.032,0.000,0.000,0.000,0.000,0.000,0.032,wyjazd / nieobecność
2026-08-09 13:00:00,Sunday,13,0.026,0.000,0.000,0.000,0.000,0.000,0.026,wyjazd / nieobecność
2026-08-09 14:00:00,Sunday,14,0.024,0.000,0.000,0.000,0.000,0.000,0.024,wyjazd / nieobecność
2026-08-09 15:00:00,Sunday,15,0.028,0.000,0.000,0.000,0.000,0.000,0.028,wyjazd / nieobecność
2026-08-09 16:00:00,Sunday,16,0.030,0.000,0.000,0.000,0.000,0.000,0.030,wyjazd / nieobecność
2026-08-09 17:00:00,Sunday,17,0.031,0.000,0.000,0.000,0.000,0.000,0.031,wyjazd / nieobecność
2026-08-09 18:00:00,Sunday,18,0.033,0.000,0.000,0.000,0.000,0.000,0.033,wyjazd / nieobecność
2026-08-09 19:00:00,Sunday,19,0.032,0.000,0.000,0.000,0.000,0.000,0.032,wyjazd / nieobecność
2026-08-09 20:00:00,Sunday,20,0.029,0.000,0.000,0.000,0.000,0.000,0.029,wyjazd / nieobecność
2026-08-09 21:00:00,Sunday,21,0.023,0.000,0.000,0.000,0.000,0.000,0.023,wyjazd / nieobecność
2026-08-09 22:00:00,Sunday,22,0.036,0.000,0.000,0.000,0.000,0.000,0.036,wyjazd / nieobecność
2026-08-09 23:00:00,Sunday,23,0.022,0.000,0.000,0.000,0.000,0.000,0.022,wyjazd / nieobecność
2026-08-10 00:00:00,Monday,0,0.031,0.000,0.000,0.000,0.000,0.000,0.031,
2026-08-10 01:00:00,Monday,1,0.022,0.000,0.000,0.000,0.000,0.000,0.022,
2026-08-10 02:00:00,Monday,2,0.035,0.000,0.000,0.000,0.000,0.000,0.035,
2026-08-10 03:00:00,Monday,3,0.034,0.000,0.000,0.000,0.000,0.000,0.034,
2026-08-10 04:00:00,Monday,4,0.032,0.060,0.000,0.000,0.000,0.000,0.092,
2026-08-10 05:00:00,Monday,5,0.024,0.000,0.000,0.000,0.000,0.000,0.024,
2026-08-10 06:00:00,Monday,6,0.020,0.086,0.000,0.000,0.034,0.000,0.140,
2026-08-10 07:00:00,Monday,7,0.029,0.098,0.000,0.000,0.031,0.000,0.158,
2026-08-10 08:00:00,Monday,8,0.021,0.102,0.000,0.000,0.054,0.000,0.177,
2026-08-10 09:00:00,Monday,9,0.034,0.122,0.000,0.000,0.000,0.000,0.156,
2026-08-10 10:00:00,Monday,10,0.025,0.128,0.000,0.000,0.000,0.000,0.153,
2026-08-10 11:00:00,Monday,11,0.031,0.121,0.000,0.000,0.000,0.000,0.152,
2026-08-10 12:00:00,Monday,12,0.025,0.109,0.000,0.000,0.000,0.000,0.134,
2026-08-10 13:00:00,Monday,13,0.024,0.101,0.000,0.000,0.000,0.000,0.125,
2026-08-10 14:00:00,Monday,14,0.022,0.068,0.000,0.000,0.000,0.000,0.090,
2026-08-10 15:00:00,Monday,15,0.023,0.000,0.000,0.000,0.000,0.000,0.023,
2026-08-10 16:00:00,Monday,16,0.020,0.000,0.000,0.000,0.000,0.000,0.020,
2026-08-10 17:00:00,Monday,17,0.022,0.000,0.000,0.000,0.038,0.000,0.060,
2026-08-10 18:00:00,Monday,18,0.030,0.000,0.000,0.360,0.062,0.000,0.452,
2026-08-10 19:00:00,Monday,19,0.029,0.000,0.000,0.000,0.036,0.000,0.065,
2026-08-10 20:00:00,Monday,20,0.021,0.088,0.000,0.000,0.064,0.000,0.173,
2026-08-10 21:00:00,Monday,21,0.023,0.099,0.090,0.000,0.046,0.000,0.258,
2026-08-10 22:00:00,Monday,22,0.034,0.101,0.060,0.000,0.066,0.000,0.261,
2026-08-10 23:00:00,Monday,23,0.041,0.122,0.000,0.000,0.000,0.000,0.163,
2026-08-11 00:00:00,Tuesday,0,0.030,0.144,0.000,0.000,0.000,0.000,0.174,
2026-08-11 01:00:00,Tuesday,1,0.031,0.158,0.000,0.000,0.000,0.000,0.189,
2026-08-11 02:00:00,Tuesday,2,0.032,0.164,0.000,0.000,0.000,0.000,0.196,
2026-08-11 03:00:00,Tuesday,3,0.030,0.155,0.000,0.000,0.000,0.000,0.185,
2026-08-11 04:00:00,Tuesday,4,0.044,0.170,0.000,0.000,0.000,0.000,0.214,
2026-08-11 05:00:00,Tuesday,5,0.028,0.161,0.000,0.000,0.000,0.000,0.189,
2026-08-11 06:00:00,Tuesday,6,0.030,0.243,0.000,0.000,0.064,0.000,0.337,
2026-08-11 07:00:00,Tuesday,7,0.027,0.238,0.000,0.000,0.047,0.000,0.312,
2026-08-11 08:00:00,Tuesday,8,0.027,0.194,0.000,0.000,0.050,0.000,0.271,
2026-08-11 09:00:00,Tuesday,9,0.023,0.146,0.000,0.000,0.085,0.350,0.604,praca zdalna; pralka
2026-08-11 10:00:00,Tuesday,10,0.026,0.124,0.000,0.000,0.090,0.000,0.240,praca zdalna
2026-08-11 11:00:00,Tuesday,11,0.023,0.115,0.000,0.000,0.106,0.000,0.244,praca zdalna
2026-08-11 12:00:00,Tuesday,12,0.032,0.092,0.000,0.000,0.116,0.000,0.240,praca zdalna
2026-08-11 13:00:00,Tuesday,13,0.022,0.074,0.000,0.000,0.072,0.000,0.168,praca zdalna
2026-08-11 14:00:00,Tuesday,14,0.031,0.000,0.000,0.000,0.122,0.000,0.153,praca zdalna
2026-08-11 15:00:00,Tuesday,15,0.030,0.000,0.000,0.000,0.073,0.000,0.103,praca zdalna
2026-08-11 16:00:00,Tuesday,16,0.024,0.000,0.000,0.000,0.087,0.000,0.111,praca zdalna
2026-08-11 17:00:00,Tuesday,17,0.031,0.000,0.000,0.000,0.070,0.000,0.101,
2026-08-11 18:00:00,Tuesday,18,0.032,0.000,0.000,0.277,0.033,0.000,0.342,
2026-08-11 19:00:00,Tuesday,19,0.025,0.073,0.000,0.000,0.070,0.354,0.522,zmywarka
2026-08-11 20:00:00,Tuesday,20,0.021,0.117,0.000,0.000,0.034,0.000,0.172,
2026-08-11 21:00:00,Tuesday,21,0.028,0.135,0.111,0.000,0.037,0.000,0.311,
2026-08-11 22:00:00,Tuesday,22,0.032,0.103,0.115,0.000,0.056,0.000,0.306,
2026-08-11 23:00:00,Tuesday,23,0.026,0.114,0.000,0.000,0.000,0.000,0.140,
2026-08-12 00:00:00,Wednesday,0,0.038,0.128,0.000,0.000,0.000,0.000,0.166,
2026-08-12 01:00:00,Wednesday,1,0.020,0.168,0.000,0.000,0.000,0.000,0.188,
2026-08-12 02:00:00,Wednesday,2,0.028,0.184,0.000,0.000,0.000,0.000,0.212,
2026-08-12 03:00:00,Wednesday,3,0.044,0.223,0.000,0.000,0.000,0.000,0.267,
2026-08-12 04:00:00,Wednesday,4,0.028,0.211,0.000,0.000,0.000,0.000,0.239,
2026-08-12 05:00:00,Wednesday,5,0.030,0.251,0.000,0.000,0.000,0.000,0.281,
2026-08-12 06:00:00,Wednesday,6,0.029,0.292,0.000,0.000,0.037,0.000,0.358,
2026-08-12 07:00:00,Wednesday,7,0.026,0.264,0.000,0.000,0.039,0.000,0.329,
2026-08-12 08:00:00,Wednesday,8,0.020,0.266,0.000,0.000,0.036,0.000,0.322,
2026-08-12 09:00:00,Wednesday,9,0.033,0.179,0.000,0.000,0.000,0.000,0.212,
2026-08-12 10:00:00,Wednesday,10,0.032,0.128,0.000,0.000,0.000,0.000,0.160,
2026-08-12 11:00:00,Wednesday,11,0.024,0.134,0.000,0.000,0.000,0.000,0.158,
2026-08-12 12:00:00,Wednesday,12,0.032,0.092,0.000,0.000,0.000,0.000,0.124,
2026-08-12 13:00:00,Wednesday,13,0.030,0.086,0.000,0.000,0.000,0.000,0.116,
2026-08-12 14:00:00,Wednesday,14,0.026,0.000,0.000,0.000,0.000,0.000,0.026,
2026-08-12 15:00:00,Wednesday,15,0.025,0.000,0.000,0.000,0.000,0.000,0.025,
2026-08-12 16:00:00,Wednesday,16,0.028,0.000,0.000,0.000,0.000,0.000,0.028,
2026-08-12 17:00:00,Wednesday,17,0.032,0.064,0.000,0.616,0.068,0.000,0.780,
2026-08-12 18:00:00,Wednesday,18,0.022,0.075,0.000,0.000,0.033,0.000,0.130,
2026-08-12 19:00:00,Wednesday,19,0.028,0.079,0.000,0.000,0.066,0.000,0.173,
2026-08-12 20:00:00,Wednesday,20,0.031,0.110,0.000,0.000,0.038,0.000,0.179,
2026-08-12 21:00:00,Wednesday,21,0.029,0.126,0.076,0.000,0.056,0.000,0.287,
2026-08-12 22:00:00,Wednesday,22,0.024,0.084,0.058,0.000,0.036,0.000,0.202,
2026-08-12 23:00:00,Wednesday,23,0.042,0.086,0.000,0.000,0.000,0.000,0.128,
2026-08-13 00:00:00,Thursday,0,0.025,0.097,0.000,0.000,0.000,0.000,0.122,
2026-08-13 01:00:00,Thursday,1,0.024,0.094,0.000,0.000,0.000,0.000,0.118,
2026-08-13 02:00:00,Thursday,2,0.044,0.142,0.000,0.000,0.000,0.000,0.186,
2026-08-13 03:00:00,Thursday,3,0.022,0.124,0.000,0.000,0.000,0.000,0.146,
2026-08-13 04:00:00,Thursday,4,0.026,0.128,0.000,0.000,0.000,0.000,0.154,
2026-08-13 05:00:00,Thursday,5,0.034,0.170,0.000,0.000,0.000,0.000,0.204,
2026-08-13 06:00:00,Thursday,6,0.027,0.194,0.000,0.000,0.067,0.000,0.288,
2026-08-13 07:00:00,Thursday,7,0.023,0.150,0.000,0.000,0.035,0.000,0.208,
2026-08-13 08:00:00,Thursday,8,0.036,0.097,0.000,0.000,0.045,0.000,0.178,
2026-08-13 09:00:00,Thursday,9,0.025,0.087,0.000,0.000,0.147,0.000,0.259,praca zdalna
2026-08-13 10:00:00,Thursday,10,0.032,0.082,0.000,0.000,0.103,0.000,0.217,praca zdalna
2026-08-13 11:00:00,Thursday,11,0.025,0.062,0.000,0.000,0.082,0.000,0.169,praca zdalna
2026-08-13 12:00:00,Thursday,12,0.035,0.000,0.000,0.000,0.093,0.000,0.128,praca zdalna
2026-08-13 13:00:00,Thursday,13,0.033,0.000,0.000,0.000,0.143,0.000,0.176,praca zdalna
2026-08-13 14:00:00,Thursday,14,0.036,0.000,0.000,0.000,0.125,0.000,0.161,praca zdalna
2026-08-13 15:00:00,Thursday,15,0.028,0.000,0.000,0.000,0.091,0.000,0.119,praca zdalna
2026-08-13 16:00:00,Thursday,16,0.026,0.000,0.000,0.000,0.081,0.000,0.107,praca zdalna
2026-08-13 17:00:00,Thursday,17,0.021,0.000,0.000,0.250,0.054,0.000,0.325,
2026-08-13 18:00:00,Thursday,18,0.023,0.000,0.000,0.000,0.040,0.000,0.063,
2026-08-13 19:00:00,Thursday,19,0.025,0.000,0.000,0.000,0.048,0.000,0.073,
2026-08-13 20:00:00,Thursday,20,0.021,0.000,0.000,0.000,0.062,0.370,0.453,zmywarka
2026-08-13 21:00:00,Thursday,21,0.022,0.000,0.057,0.000,0.043,0.000,0.122,
2026-08-13 22:00:00,Thursday,22,0.020,0.000,0.083,0.000,0.054,0.000,0.157,
2026-08-13 23:00:00,Thursday,23,0.040,0.000,0.000,0.000,0.000,0.000,0.040,
2026-08-14 00:00:00,Friday,0,0.028,0.000,0.000,0.000,0.000,0.000,0.028,
2026-08-14 01:00:00,Friday,1,0.032,0.000,0.000,0.000,0.000,0.000,0.032,
2026-08-14 02:00:00,Friday,2,0.032,0.000,0.000,0.000,0.000,0.000,0.032,
2026-08-14 03:00:00,Friday,3,0.022,0.000,0.000,0.000,0.000,0.000,0.022,
2026-08-14 04:00:00,Friday,4,0.028,0.000,0.000,0.000,0.000,0.000,0.028,
2026-08-14 05:00:00,Friday,5,0.028,0.000,0.000,0.000,0.000,0.000,0.028,
2026-08-14 06:00:00,Friday,6,0.034,0.092,0.000,0.000,0.044,0.000,0.170,
2026-08-14 07:00:00,Friday,7,0.027,0.068,0.000,0.000,0.062,0.000,0.157,
2026-08-14 08:00:00,Friday,8,0.024,0.000,0.000,0.000,0.045,0.000,0.069,
2026-08-14 09:00:00,Friday,9,0.022,0.000,0.000,0.000,0.000,0.000,0.022,
2026-08-14 10:00:00,Friday,10,0.035,0.000,0.000,0.000,0.000,0.000,0.035,
2026-08-14 11:00:00,Friday,11,0.029,0.000,0.000,0.000,0.000,0.000,0.029,
2026-08-14 12:00:00,Friday,12,0.021,0.000,0.000,0.000,0.000,0.000,0.021,
2026-08-14 13:00:00,Friday,13,0.028,0.000,0.000,0.000,0.000,0.000,0.028,
2026-08-14 14:00:00,Friday,14,0.027,0.000,0.000,0.000,0.000,0.000,0.027,
2026-08-14 15:00:00,Friday,15,0.020,0.000,0.000,0.000,0.000,0.000,0.020,
2026-08-14 16:00:00,Friday,16,0.022,0.000,0.000,0.000,0.000,0.000,0.022,
2026-08-14 17:00:00,Friday,17,0.021,0.000,0.000,0.000,0.050,0.000,0.071,
2026-08-14 18:00:00,Friday,18,0.032,0.000,0.000,0.420,0.052,0.000,0.504,
2026-08-14 19:00:00,Friday,19,0.032,0.000,0.000,0.000,0.039,0.000,0.071,
2026-08-14 20:00:00,Friday,20,0.024,0.000,0.000,0.000,0.036,0.371,0.431,zmywarka
2026-08-14 21:00:00,Friday,21,0.032,0.000,0.097,0.000,0.035,0.000,0.164,
2026-08-14 22:00:00,Friday,22,0.021,0.000,0.046,0.000,0.038,0.000,0.105,
2026-08-14 23:00:00,Friday,23,0.032,0.000,0.000,0.000,0.000,0.000,0.032,
2026-08-15 00:00:00,Saturday,0,0.040,0.000,0.000,0.000,0.000,0.000,0.040,
2026-08-15 01:00:00,Saturday,1,0.025,0.000,0.000,0.000,0.000,0.000,0.025,
2026-08-15 02:00:00,Saturday,2,0.028,0.000,0.000,0.000,0.000,0.000,0.028,
2026-08-15 03:00:00,Saturday,3,0.020,0.000,0.000,0.000,0.000,0.000,0.020,
2026-08-15 04:00:00,Saturday,4,0.033,0.000,0.000,0.000,0.000,0.000,0.033,
2026-08-15 05:00:00,Saturday,5,0.025,0.000,0.000,0.000,0.000,0.000,0.025,
2026-08-15 06:00:00,Saturday,6,0.021,0.000,0.000,0.000,0.048,0.000,0.069,
2026-08-15 07:00:00,Saturday,7,0.028,0.000,0.000,0.000,0.036,0.000,0.064,
2026-08-15 08:00:00,Saturday,8,0.026,0.000,0.000,0.000,0.034,0.000,0.060,
2026-08-15 09:00:00,Saturday,9,0.026,0.000,0.000,0.000,0.000,0.000,0.026,
2026-08-15 10:00:00,Saturday,10,0.033,0.000,0.000,0.000,0.000,0.000,0.033,
2026-08-15 11:00:00,Saturday,11,0.027,0.000,0.000,0.000,0.000,0.000,0.027,
2026-08-15 12:00:00,Saturday,12,0.033,0.000,0.000,0.000,0.000,0.000,0.033,
2026-08-15 13:00:00,Saturday,13,0.020,0.000,0.000,0.000,0.000,0.000,0.020,
2026-08-15 14:00:00,Saturday,14,0.023,0.000,0.000,0.000,0.000,0.354,0.377,zmywarka
2026-08-15 15:00:00,Saturday,15,0.025,0.000,0.000,0.000,0.000,0.000,0.025,
2026-08-15 16:00:00,Saturday,16,0.025,0.000,0.000,0.000,0.000,0.000,0.025,
2026-08-15 17:00:00,Saturday,17,0.028,0.000,0.000,0.249,0.069,0.000,0.346,
2026-08-15 18:00:00,Saturday,18,0.024,0.000,0.000,0.000,0.070,0.000,0.094,
2026-08-15 19:00:00,Saturday,19,0.029,0.000,0.000,0.000,0.064,0.000,0.093,
2026-08-15 20:00:00,Saturday,20,0.028,0.000,0.087,0.000,0.067,0.000,0.182,
2026-08-15 21:00:00,Saturday,21,0.036,0.070,0.117,0.000,0.062,0.000,0.285,
2026-08-15 22:00:00,Saturday,22,0.034,0.000,0.061,0.000,0.053,0.000,0.148,
2026-08-15 23:00:00,Saturday,23,0.024,0.068,0.000,0.000,0.000,0.000,0.092,
2026-08-16 00:00:00,Sunday,0,0.043,0.094,0.000,0.000,0.000,0.000,0.137,
2026-08-16 01:00:00,Sunday,1,0.032,0.097,0.000,0.000,0.000,0.000,0.129,
2026-08-16 02:00:00,Sunday,2,0.024,0.124,0.000,0.000,0.000,0.000,0.148,
2026-08-16 03:00:00,Sunday,3,0.028,0.118,0.000,0.000,0.000,0.000,0.146,
2026-08-16 04:00:00,Sunday,4,0.026,0.152,0.000,0.000,0.000,0.000,0.178,
2026-08-16 05:00:00,Sunday,5,0.038,0.160,0.000,0.000,0.000,0.000,0.198,
2026-08-16 06:00:00,Sunday,6,0.033,0.206,0.000,0.000,0.031,0.000,0.270,goście
2026-08-16 07:00:00,Sunday,7,0.026,0.161,0.000,0.000,0.053,0.000,0.240,goście
2026-08-16 08:00:00,Sunday,8,0.026,0.160,0.000,0.000,0.048,0.000,0.234,goście
2026-08-16 09:00:00,Sunday,9,0.024,0.116,0.000,0.000,0.000,0.000,0.140,
2026-08-16 10:00:00,Sunday,10,0.035,0.083,0.000,0.000,0.000,0.000,0.118,
2026-08-16 11:00:00,Sunday,11,0.036,0.088,0.000,0.000,0.000,0.000,0.124,
2026-08-16 12:00:00,Sunday,12,0.020,0.066,0.000,0.000,0.000,0.000,0.086,
2026-08-16 13:00:00,Sunday,13,0.035,0.000,0.000,0.000,0.000,0.366,0.401,zmywarka
2026-08-16 14:00:00,Sunday,14,0.028,0.000,0.000,0.000,0.000,0.000,0.028,
2026-08-16 15:00:00,Sunday,15,0.024,0.000,0.000,0.000,0.000,0.000,0.024,
2026-08-16 16:00:00,Sunday,16,0.035,0.000,0.000,0.000,0.000,0.000,0.035,
2026-08-16 17:00:00,Sunday,17,0.030,0.000,0.000,0.000,0.054,0.000,0.084,goście
2026-08-16 18:00:00,Sunday,18,0.035,0.000,0.000,0.384,0.044,0.000,0.463,goście
2026-08-16 19:00:00,Sunday,19,0.020,0.000,0.000,0.000,0.039,0.000,0.059,goście
2026-08-16 20:00:00,Sunday,20,0.020,0.071,0.094,0.000,0.042,0.000,0.227,goście
2026-08-16 21:00:00,Sunday,21,0.029,0.102,0.087,0.000,0.047,0.000,0.265,goście
2026-08-16 22:00:00,Sunday,22,0.030,0.070,0.092,0.000,0.047,0.000,0.239,goście
2026-08-16 23:00:00,Sunday,23,0.026,0.080,0.000,0.000,0.000,0.000,0.106,
2026-08-17 00:00:00,Monday,0,0.032,0.089,0.000,0.000,0.000,0.000,0.121,
2026-08-17 01:00:00,Monday,1,0.028,0.099,0.000,0.000,0.000,0.000,0.127,
2026-08-17 02:00:00,Monday,2,0.032,0.106,0.000,0.000,0.000,0.000,0.138,
2026-08-17 03:00:00,Monday,3,0.030,0.125,0.000,0.000,0.000,0.000,0.155,
2026-08-17 04:00:00,Monday,4,0.044,0.162,0.000,0.000,0.000,0.000,0.206,
2026-08-17 05:00:00,Monday,5,0.030,0.150,0.000,0.000,0.000,0.000,0.180,
2026-08-17 06:00:00,Monday,6,0.023,0.214,0.000,0.000,0.063,0.000,0.300,
2026-08-17 07:00:00,Monday,7,0.030,0.223,0.000,0.000,0.035,0.000,0.288,
2026-08-17 08:00:00,Monday,8,0.036,0.201,0.000,0.000,0.054,0.000,0.291,
2026-08-17 09:00:00,Monday,9,0.032,0.144,0.000,0.000,0.000,0.000,0.176,
2026-08-17 10:00:00,Monday,10,0.029,0.138,0.000,0.000,0.000,0.000,0.167,
2026-08-17 11:00:00,Monday,11,0.028,0.089,0.000,0.000,0.000,0.000,0.117,
2026-08-17 12:00:00,Monday,12,0.028,0.054,0.000,0.000,0.000,0.000,0.082,
2026-08-17 13:00:00,Monday,13,0.028,0.000,0.000,0.000,0.000,0.000,0.028,
2026-08-17 14:00:00,Monday,14,0.031,0.000,0.000,0.000,0.000,0.000,0.031,
2026-08-17 15:00:00,Monday,15,0.033,0.000,0.000,0.000,0.000,0.000,0.033,
2026-08-17 16:00:00,Monday,16,0.028,0.000,0.000,0.000,0.000,0.000,0.028,
2026-08-17 17:00:00,Monday,17,0.029,0.000,0.000,0.000,0.048,0.000,0.077,
2026-08-17 18:00:00,Monday,18,0.034,0.000,0.000,0.386,0.045,0.000,0.465,
2026-08-17 19:00:00,Monday,19,0.029,0.064,0.000,0.000,0.052,0.322,0.467,zmywarka
2026-08-17 20:00:00,Monday,20,0.035,0.080,0.114,0.000,0.060,0.000,0.289,
2026-08-17 21:00:00,Monday,21,0.034,0.109,0.097,0.000,0.044,0.000,0.284,
2026-08-17 22:00:00,Monday,22,0.020,0.074,0.062,0.000,0.038,0.000,0.194,
2026-08-17 23:00:00,Monday,23,0.026,0.095,0.000,0.000,0.000,0.000,0.121,
2026-08-18 00:00:00,Tuesday,0,0.034,0.106,0.000,0.000,0.000,0.000,0.140,
2026-08-18 01:00:00,Tuesday,1,0.029,0.138,0.000,0.000,0.000,0.000,0.167,
2026-08-18 02:00:00,Tuesday,2,0.032,0.190,0.000,0.000,0.000,0.000,0.222,
2026-08-18 03:00:00,Tuesday,3,0.032,0.166,0.000,0.000,0.000,0.000,0.198,
2026-08-18 04:00:00,Tuesday,4,0.036,0.209,0.000,0.000,0.000,0.000,0.245,
2026-08-18 05:00:00,Tuesday,5,0.021,0.176,0.000,0.000,0.000,0.000,0.197,
2026-08-18 06:00:00,Tuesday,6,0.030,0.219,0.000,0.000,0.035,0.000,0.284,
2026-08-18 07:00:00,Tuesday,7,0.026,0.195,0.000,0.000,0.035,0.000,0.256,
2026-08-18 08:00:00,Tuesday,8,0.025,0.223,0.000,0.000,0.035,0.000,0.283,
2026-08-18 09:00:00,Tuesday,9,0.035,0.185,0.000,0.000,0.099,0.000,0.319,praca zdalna
2026-08-18 10:00:00,Tuesday,10,0.028,0.138,0.000,0.000,0.069,0.000,0.235,praca zdalna
2026-08-18 11:00:00,Tuesday,11,0.026,0.114,0.000,0.000,0.112,0.288,0.540,praca zdalna; pralka
2026-08-18 12:00:00,Tuesday,12,0.023,0.096,0.000,0.000,0.120,0.669,0.908,praca zdalna; suszarka
2026-08-18 13:00:00,Tuesday,13,0.025,0.092,0.000,0.000,0.113,0.000,0.230,praca zdalna
2026-08-18 14:00:00,Tuesday,14,0.032,0.085,0.000,0.000,0.091,0.000,0.208,praca zdalna
2026-08-18 15:00:00,Tuesday,15,0.031,0.084,0.000,0.000,0.126,0.000,0.241,praca zdalna
2026-08-18 16:00:00,Tuesday,16,0.028,0.090,0.000,0.000,0.096,0.000,0.214,praca zdalna
2026-08-18 17:00:00,Tuesday,17,0.034,0.077,0.000,0.000,0.066,0.000,0.177,
2026-08-18 18:00:00,Tuesday,18,0.020,0.087,0.000,0.256,0.062,0.000,0.425,
2026-08-18 19:00:00,Tuesday,19,0.028,0.080,0.000,0.000,0.042,0.344,0.494,zmywarka
2026-08-18 20:00:00,Tuesday,20,0.029,0.127,0.102,0.000,0.047,0.000,0.305,
2026-08-18 21:00:00,Tuesday,21,0.028,0.110,0.050,0.000,0.042,0.000,0.230,
2026-08-18 22:00:00,Tuesday,22,0.032,0.079,0.053,0.000,0.048,0.000,0.212,
2026-08-18 23:00:00,Tuesday,23,0.032,0.132,0.000,0.000,0.000,0.000,0.164,
2026-08-19 00:00:00,Wednesday,0,0.044,0.098,0.000,0.000,0.000,0.000,0.142,
2026-08-19 01:00:00,Wednesday,1,0.031,0.095,0.000,0.000,0.000,0.000,0.126,
2026-08-19 02:00:00,Wednesday,2,0.032,0.090,0.000,0.000,0.000,0.000,0.122,
2026-08-19 03:00:00,Wednesday,3,0.032,0.103,0.000,0.000,0.000,0.000,0.135,
2026-08-19 04:00:00,Wednesday,4,0.028,0.110,0.000,0.000,0.000,0.000,0.138,
2026-08-19 05:00:00,Wednesday,5,0.031,0.116,0.000,0.000,0.000,0.000,0.147,
2026-08-19 06:00:00,Wednesday,6,0.030,0.161,0.000,0.000,0.068,0.000,0.259,
2026-08-19 07:00:00,Wednesday,7,0.020,0.120,0.000,0.000,0.055,0.000,0.195,
2026-08-19 08:00:00,Wednesday,8,0.028,0.179,0.000,0.000,0.047,0.000,0.254,
2026-08-19 09:00:00,Wednesday,9,0.021,0.138,0.000,0.000,0.098,0.000,0.257,praca zdalna
2026-08-19 10:00:00,Wednesday,10,0.024,0.172,0.000,0.000,0.128,0.000,0.324,praca zdalna
2026-08-19 11:00:00,Wednesday,11,0.029,0.160,0.000,0.000,0.133,0.000,0.322,praca zdalna
2026-08-19 12:00:00,Wednesday,12,0.024,0.092,0.000,0.000,0.117,0.000,0.233,praca zdalna
2026-08-19 13:00:00,Wednesday,13,0.024,0.098,0.000,0.000,0.127,0.318,0.567,praca zdalna; pralka
2026-08-19 14:00:00,Wednesday,14,0.034,0.123,0.000,0.000,0.115,0.000,0.272,praca zdalna
2026-08-19 15:00:00,Wednesday,15,0.032,0.143,0.000,0.000,0.102,0.000,0.277,praca zdalna
2026-08-19 16:00:00,Wednesday,16,0.026,0.098,0.000,0.000,0.086,0.000,0.210,praca zdalna
2026-08-19 17:00:00,Wednesday,17,0.021,0.062,0.000,0.377,0.061,0.000,0.521,
2026-08-19 18:00:00,Wednesday,18,0.020,0.000,0.000,0.000,0.068,0.000,0.088,
2026-08-19 19:00:00,Wednesday,19,0.025,0.052,0.000,0.000,0.056,0.000,0.133,
2026-08-19 20:00:00,Wednesday,20,0.036,0.097,0.000,0.000,0.035,0.466,0.634,zmywarka
2026-08-19 21:00:00,Wednesday,21,0.026,0.120,0.113,0.000,0.035,0.000,0.294,
2026-08-19 22:00:00,Wednesday,22,0.031,0.074,0.108,0.000,0.067,0.000,0.280,
2026-08-19 23:00:00,Wednesday,23,0.028,0.092,0.000,0.000,0.000,0.000,0.120,
2026-08-20 00:00:00,Thursday,0,0.021,0.107,0.000,0.000,0.000,0.000,0.128,
2026-08-20 01:00:00,Thursday,1,0.044,0.110,0.000,0.000,0.000,0.000,0.154,
2026-08-20 02:00:00,Thursday,2,0.023,0.136,0.000,0.000,0.000,0.000,0.159,
2026-08-20 03:00:00,Thursday,3,0.028,0.144,0.000,0.000,0.000,0.000,0.172,
2026-08-20 04:00:00,Thursday,4,0.038,0.146,0.000,0.000,0.000,0.000,0.184,
2026-08-20 05:00:00,Thursday,5,0.028,0.159,0.000,0.000,0.000,0.000,0.187,
2026-08-20 06:00:00,Thursday,6,0.021,0.257,0.000,0.000,0.034,0.000,0.312,
2026-08-20 07:00:00,Thursday,7,0.025,0.201,0.000,0.000,0.054,0.000,0.280,
2026-08-20 08:00:00,Thursday,8,0.021,0.181,0.000,0.000,0.061,0.000,0.263,
2026-08-20 09:00:00,Thursday,9,0.025,0.174,0.000,0.000,0.108,0.000,0.307,praca zdalna
2026-08-20 10:00:00,Thursday,10,0.024,0.116,0.000,0.000,0.093,0.000,0.233,praca zdalna
2026-08-20 11:00:00,Thursday,11,0.034,0.112,0.000,0.000,0.091,0.000,0.237,praca zdalna
2026-08-20 12:00:00,Thursday,12,0.020,0.087,0.000,0.000,0.074,0.000,0.181,praca zdalna
2026-08-20 13:00:00,Thursday,13,0.027,0.075,0.000,0.000,0.143,0.000,0.245,praca zdalna
2026-08-20 14:00:00,Thursday,14,0.032,0.000,0.000,0.000,0.126,0.000,0.158,praca zdalna
2026-08-20 15:00:00,Thursday,15,0.033,0.000,0.000,0.000,0.139,0.000,0.172,praca zdalna
2026-08-20 16:00:00,Thursday,16,0.027,0.000,0.000,0.000,0.109,0.000,0.136,praca zdalna
2026-08-20 17:00:00,Thursday,17,0.021,0.000,0.000,0.290,0.035,0.000,0.346,
2026-08-20 18:00:00,Thursday,18,0.021,0.060,0.000,0.000,0.037,0.000,0.118,
2026-08-20 19:00:00,Thursday,19,0.026,0.070,0.000,0.000,0.068,0.000,0.164,
2026-08-20 20:00:00,Thursday,20,0.033,0.119,0.000,0.000,0.052,0.000,0.204,
2026-08-20 21:00:00,Thursday,21,0.030,0.126,0.068,0.000,0.032,0.000,0.256,
2026-08-20 22:00:00,Thursday,22,0.031,0.070,0.056,0.000,0.044,0.000,0.201,
2026-08-20 23:00:00,Thursday,23,0.037,0.000,0.000,0.000,0.000,0.000,0.037,
2026-08-21 00:00:00,Friday,0,0.031,0.071,0.000,0.000,0.000,0.000,0.102,
2026-08-21 01:00:00,Friday,1,0.028,0.091,0.000,0.000,0.000,0.000,0.119,
2026-08-21 02:00:00,Friday,2,0.034,0.171,0.000,0.000,0.000,0.000,0.205,
2026-08-21 03:00:00,Friday,3,0.032,0.147,0.000,0.000,0.000,0.000,0.179,
2026-08-21 04:00:00,Friday,4,0.032,0.155,0.000,0.000,0.000,0.000,0.187,
2026-08-21 05:00:00,Friday,5,0.030,0.146,0.000,0.000,0.000,0.000,0.176,
2026-08-21 06:00:00,Friday,6,0.024,0.213,0.000,0.000,0.043,0.000,0.280,
2026-08-21 07:00:00,Friday,7,0.027,0.173,0.000,0.000,0.040,0.000,0.240,
2026-08-21 08:00:00,Friday,8,0.023,0.170,0.000,0.000,0.039,0.000,0.232,
2026-08-21 09:00:00,Friday,9,0.021,0.172,0.000,0.000,0.081,0.000,0.274,praca zdalna
2026-08-21 10:00:00,Friday,10,0.036,0.119,0.000,0.000,0.118,0.000,0.273,praca zdalna
2026-08-21 11:00:00,Friday,11,0.034,0.085,0.000,0.000,0.088,0.000,0.207,praca zdalna
2026-08-21 12:00:00,Friday,12,0.025,0.057,0.000,0.000,0.086,0.000,0.168,praca zdalna
2026-08-21 13:00:00,Friday,13,0.035,0.000,0.000,0.000,0.104,0.000,0.139,praca zdalna
2026-08-21 14:00:00,Friday,14,0.028,0.000,0.000,0.000,0.090,0.000,0.118,praca zdalna
2026-08-21 15:00:00,Friday,15,0.022,0.000,0.000,0.000,0.092,0.000,0.114,praca zdalna
2026-08-21 16:00:00,Friday,16,0.026,0.000,0.000,0.000,0.116,0.000,0.142,praca zdalna
2026-08-21 17:00:00,Friday,17,0.026,0.000,0.000,0.704,0.054,0.000,0.784,
2026-08-21 18:00:00,Friday,18,0.025,0.000,0.000,0.000,0.046,0.000,0.071,
2026-08-21 19:00:00,Friday,19,0.033,0.000,0.000,0.000,0.051,0.414,0.498,zmywarka
2026-08-21 20:00:00,Friday,20,0.030,0.066,0.094,0.000,0.060,0.000,0.250,
2026-08-21 21:00:00,Friday,21,0.028,0.083,0.078,0.000,0.070,0.000,0.259,
2026-08-21 22:00:00,Friday,22,0.030,0.055,0.105,0.000,0.042,0.000,0.232,
2026-08-21 23:00:00,Friday,23,0.039,0.102,0.000,0.000,0.000,0.000,0.141,
2026-08-22 00:00:00,Saturday,0,0.042,0.109,0.000,0.000,0.000,0.000,0.151,
2026-08-22 01:00:00,Saturday,1,0.044,0.114,0.000,0.000,0.000,0.000,0.158,
2026-08-22 02:00:00,Saturday,2,0.036,0.157,0.000,0.000,0.000,0.000,0.193,
2026-08-22 03:00:00,Saturday,3,0.041,0.138,0.000,0.000,0.000,0.000,0.179,
2026-08-22 04:00:00,Saturday,4,0.036,0.157,0.000,0.000,0.000,0.000,0.193,
2026-08-22 05:00:00,Saturday,5,0.029,0.193,0.000,0.000,0.000,0.000,0.222,
2026-08-22 06:00:00,Saturday,6,0.024,0.242,0.000,0.000,0.040,0.000,0.306,
2026-08-22 07:00:00,Saturday,7,0.032,0.276,0.000,0.000,0.037,0.000,0.345,
2026-08-22 08:00:00,Saturday,8,0.027,0.220,0.000,0.000,0.051,0.000,0.298,
2026-08-22 09:00:00,Saturday,9,0.028,0.191,0.000,0.000,0.000,0.000,0.219,
2026-08-22 10:00:00,Saturday,10,0.029,0.154,0.000,0.000,0.000,0.000,0.183,
2026-08-22 11:00:00,Saturday,11,0.031,0.122,0.000,0.000,0.000,0.000,0.153,
2026-08-22 12:00:00,Saturday,12,0.034,0.094,0.000,0.000,0.000,0.000,0.128,
2026-08-22 13:00:00,Saturday,13,0.026,0.091,0.000,0.000,0.000,0.000,0.117,
2026-08-22 14:00:00,Saturday,14,0.027,0.074,0.000,0.000,0.000,0.358,0.459,zmywarka
2026-08-22 15:00:00,Saturday,15,0.024,0.000,0.000,0.000,0.000,0.000,0.024,
2026-08-22 16:00:00,Saturday,16,0.024,0.000,0.000,0.000,0.000,0.000,0.024,
2026-08-22 17:00:00,Saturday,17,0.035,0.071,0.000,0.000,0.064,0.000,0.170,
2026-08-22 18:00:00,Saturday,18,0.022,0.066,0.000,0.313,0.032,0.000,0.433,
2026-08-22 19:00:00,Saturday,19,0.024,0.124,0.000,0.000,0.060,0.000,0.208,
2026-08-22 20:00:00,Saturday,20,0.025,0.129,0.000,0.000,0.049,0.000,0.203,
2026-08-22 21:00:00,Saturday,21,0.030,0.154,0.064,0.000,0.053,0.000,0.301,
2026-08-22 22:00:00,Saturday,22,0.033,0.139,0.046,0.000,0.054,0.000,0.272,
2026-08-22 23:00:00,Saturday,23,0.039,0.156,0.000,0.000,0.000,0.000,0.195,
2026-08-23 00:00:00,Sunday,0,0.038,0.164,0.000,0.000,0.000,0.000,0.202,
2026-08-23 01:00:00,Sunday,1,0.020,0.158,0.000,0.000,0.000,0.000,0.178,
2026-08-23 02:00:00,Sunday,2,0.020,0.182,0.000,0.000,0.000,0.000,0.202,
2026-08-23 03:00:00,Sunday,3,0.042,0.199,0.000,0.000,0.000,0.000,0.241,
2026-08-23 04:00:00,Sunday,4,0.024,0.167,0.000,0.000,0.000,0.000,0.191,
2026-08-23 05:00:00,Sunday,5,0.032,0.164,0.000,0.000,0.000,0.000,0.196,
2026-08-23 06:00:00,Sunday,6,0.028,0.200,0.000,0.000,0.047,0.000,0.275,
2026-08-23 07:00:00,Sunday,7,0.030,0.200,0.000,0.000,0.068,0.000,0.298,
2026-08-23 08:00:00,Sunday,8,0.025,0.238,0.000,0.000,0.069,0.000,0.332,
2026-08-23 09:00:00,Sunday,9,0.021,0.215,0.000,0.000,0.000,0.000,0.236,
2026-08-23 10:00:00,Sunday,10,0.022,0.167,0.000,0.000,0.000,0.000,0.189,
2026-08-23 11:00:00,Sunday,11,0.031,0.137,0.000,0.000,0.000,0.000,0.168,
2026-08-23 12:00:00,Sunday,12,0.033,0.146,0.000,0.000,0.000,0.000,0.179,
2026-08-23 13:00:00,Sunday,13,0.024,0.119,0.000,0.000,0.000,0.000,0.143,
2026-08-23 14:00:00,Sunday,14,0.028,0.117,0.000,0.000,0.000,0.359,0.504,zmywarka
2026-08-23 15:00:00,Sunday,15,0.035,0.138,0.000,0.000,0.000,0.000,0.173,
2026-08-23 16:00:00,Sunday,16,0.030,0.120,0.000,0.000,0.000,0.000,0.150,
2026-08-23 17:00:00,Sunday,17,0.036,0.101,0.000,0.328,0.056,0.000,0.521,
2026-08-23 18:00:00,Sunday,18,0.021,0.100,0.000,0.000,0.061,0.000,0.182,
2026-08-23 19:00:00,Sunday,19,0.026,0.120,0.000,0.000,0.040,0.000,0.186,
2026-08-23 20:00:00,Sunday,20,0.022,0.134,0.069,0.000,0.032,0.000,0.257,
2026-08-23 21:00:00,Sunday,21,0.032,0.184,0.092,0.000,0.050,0.000,0.358,
2026-08-23 22:00:00,Sunday,22,0.028,0.144,0.058,0.000,0.056,0.000,0.286,
2026-08-23 23:00:00,Sunday,23,0.042,0.172,0.000,0.000,0.000,0.000,0.214,
2026-08-24 00:00:00,Monday,0,0.022,0.175,0.000,0.000,0.000,0.000,0.197,
2026-08-24 01:00:00,Monday,1,0.034,0.190,0.000,0.000,0.000,0.000,0.224,
2026-08-24 02:00:00,Monday,2,0.033,0.128,0.000,0.000,0.000,0.000,0.161,
2026-08-24 03:00:00,Monday,3,0.036,0.122,0.000,0.000,0.000,0.000,0.158,
2026-08-24 04:00:00,Monday,4,0.041,0.126,0.000,0.000,0.000,0.000,0.167,
2026-08-24 05:00:00,Monday,5,0.032,0.131,0.000,0.000,0.000,0.000,0.163,
2026-08-24 06:00:00,Monday,6,0.036,0.240,0.000,0.000,0.063,0.000,0.339,
2026-08-24 07:00:00,Monday,7,0.029,0.228,0.000,0.000,0.069,0.000,0.326,
2026-08-24 08:00:00,Monday,8,0.036,0.160,0.000,0.000,0.067,0.000,0.263,
2026-08-24 09:00:00,Monday,9,0.027,0.132,0.000,0.000,0.000,0.000,0.159,
2026-08-24 10:00:00,Monday,10,0.021,0.102,0.000,0.000,0.000,0.000,0.123,
2026-08-24 11:00:00,Monday,11,0.028,0.057,0.000,0.000,0.000,0.000,0.085,
2026-08-24 12:00:00,Monday,12,0.026,0.000,0.000,0.000,0.000,0.000,0.026,
2026-08-24 13:00:00,Monday,13,0.030,0.000,0.000,0.000,0.000,0.000,0.030,
2026-08-24 14:00:00,Monday,14,0.026,0.000,0.000,0.000,0.000,0.000,0.026,
2026-08-24 15:00:00,Monday,15,0.022,0.000,0.000,0.000,0.000,0.000,0.022,
2026-08-24 16:00:00,Monday,16,0.024,0.000,0.000,0.000,0.000,0.000,0.024,
2026-08-24 17:00:00,Monday,17,0.022,0.000,0.000,0.000,0.041,0.000,0.063,
2026-08-24 18:00:00,Monday,18,0.035,0.000,0.000,0.588,0.060,0.000,0.683,
2026-08-24 19:00:00,Monday,19,0.024,0.000,0.000,0.000,0.042,0.432,0.498,zmywarka
2026-08-24 20:00:00,Monday,20,0.024,0.098,0.000,0.000,0.055,0.000,0.177,
2026-08-24 21:00:00,Monday,21,0.030,0.142,0.095,0.000,0.055,0.000,0.322,
2026-08-24 22:00:00,Monday,22,0.031,0.118,0.076,0.000,0.035,0.000,0.260,
2026-08-24 23:00:00,Monday,23,0.022,0.112,0.000,0.000,0.000,0.000,0.134,
2026-08-25 00:00:00,Tuesday,0,0.025,0.126,0.000,0.000,0.000,0.000,0.151,
2026-08-25 01:00:00,Tuesday,1,0.032,0.145,0.000,0.000,0.000,0.000,0.177,
2026-08-25 02:00:00,Tuesday,2,0.023,0.229,0.000,0.000,0.000,0.000,0.252,
2026-08-25 03:00:00,Tuesday,3,0.024,0.230,0.000,0.000,0.000,0.000,0.254,
2026-08-25 04:00:00,Tuesday,4,0.033,0.217,0.000,0.000,0.000,0.000,0.250,
2026-08-25 05:00:00,Tuesday,5,0.020,0.235,0.000,0.000,0.000,0.000,0.255,
2026-08-25 06:00:00,Tuesday,6,0.028,0.290,0.000,0.000,0.062,0.000,0.380,
2026-08-25 07:00:00,Tuesday,7,0.027,0.274,0.000,0.000,0.064,0.000,0.365,
2026-08-25 08:00:00,Tuesday,8,0.025,0.257,0.000,0.000,0.065,0.000,0.347,
2026-08-25 09:00:00,Tuesday,9,0.025,0.212,0.000,0.000,0.000,0.000,0.237,
2026-08-25 10:00:00,Tuesday,10,0.033,0.170,0.000,0.000,0.000,0.000,0.203,
2026-08-25 11:00:00,Tuesday,11,0.022,0.121,0.000,0.000,0.000,0.000,0.143,
2026-08-25 12:00:00,Tuesday,12,0.023,0.093,0.000,0.000,0.000,0.000,0.116,
2026-08-25 13:00:00,Tuesday,13,0.027,0.056,0.000,0.000,0.000,0.000,0.083,
2026-08-25 14:00:00,Tuesday,14,0.034,0.000,0.000,0.000,0.000,0.000,0.034,
2026-08-25 15:00:00,Tuesday,15,0.027,0.000,0.000,0.000,0.000,0.000,0.027,
2026-08-25 16:00:00,Tuesday,16,0.026,0.000,0.000,0.000,0.000,0.000,0.026,
2026-08-25 17:00:00,Tuesday,17,0.026,0.000,0.000,0.000,0.034,0.000,0.060,
2026-08-25 18:00:00,Tuesday,18,0.032,0.000,0.000,0.742,0.060,0.000,0.834,
2026-08-25 19:00:00,Tuesday,19,0.023,0.000,0.000,0.000,0.054,0.000,0.077,
2026-08-25 20:00:00,Tuesday,20,0.030,0.089,0.000,0.000,0.066,0.383,0.568,zmywarka
2026-08-25 21:00:00,Tuesday,21,0.022,0.097,0.100,0.000,0.041,0.000,0.260,
2026-08-25 22:00:00,Tuesday,22,0.032,0.072,0.102,0.000,0.055,0.000,0.261,
2026-08-25 23:00:00,Tuesday,23,0.032,0.080,0.000,0.000,0.000,0.000,0.112,
2026-08-26 00:00:00,Wednesday,0,0.041,0.078,0.000,0.000,0.000,0.000,0.119,
2026-08-26 01:00:00,Wednesday,1,0.026,0.080,0.000,0.000,0.000,0.000,0.106,
2026-08-26 02:00:00,Wednesday,2,0.033,0.134,0.000,0.000,0.000,0.000,0.167,
2026-08-26 03:00:00,Wednesday,3,0.042,0.127,0.000,0.000,0.000,0.000,0.169,
2026-08-26 04:00:00,Wednesday,4,0.042,0.126,0.000,0.000,0.000,0.000,0.168,
2026-08-26 05:00:00,Wednesday,5,0.023,0.127,0.000,0.000,0.000,0.000,0.150,
2026-08-26 06:00:00,Wednesday,6,0.032,0.159,0.000,0.000,0.046,0.000,0.237,goście
2026-08-26 07:00:00,Wednesday,7,0.034,0.154,0.000,0.000,0.064,0.000,0.252,goście
2026-08-26 08:00:00,Wednesday,8,0.036,0.130,0.000,0.000,0.051,0.000,0.217,goście
2026-08-26 09:00:00,Wednesday,9,0.032,0.115,0.000,0.000,0.118,0.000,0.265,goście; praca zdalna
2026-08-26 10:00:00,Wednesday,10,0.024,0.081,0.000,0.000,0.073,0.000,0.178,goście; praca zdalna
2026-08-26 11:00:00,Wednesday,11,0.027,0.000,0.000,0.000,0.088,0.000,0.115,goście; praca zdalna
2026-08-26 12:00:00,Wednesday,12,0.025,0.000,0.000,0.000,0.107,0.000,0.132,goście; praca zdalna
2026-08-26 13:00:00,Wednesday,13,0.024,0.000,0.000,0.000,0.105,0.000,0.129,goście; praca zdalna
2026-08-26 14:00:00,Wednesday,14,0.022,0.000,0.000,0.000,0.109,0.000,0.131,goście; praca zdalna
2026-08-26 15:00:00,Wednesday,15,0.032,0.000,0.000,0.000,0.112,0.000,0.144,goście; praca zdalna
2026-08-26 16:00:00,Wednesday,16,0.023,0.000,0.000,0.000,0.128,0.000,0.151,goście; praca zdalna
2026-08-26 17:00:00,Wednesday,17,0.030,0.000,0.000,0.000,0.038,0.000,0.068,goście
2026-08-26 18:00:00,Wednesday,18,0.021,0.000,0.000,0.584,0.063,0.000,0.668,goście
2026-08-26 19:00:00,Wednesday,19,0.025,0.000,0.000,0.000,0.057,0.000,0.082,goście
2026-08-26 20:00:00,Wednesday,20,0.024,0.075,0.000,0.000,0.045,0.472,0.616,goście; zmywarka
2026-08-26 21:00:00,Wednesday,21,0.034,0.098,0.087,0.000,0.032,0.000,0.251,goście
2026-08-26 22:00:00,Wednesday,22,0.030,0.078,0.071,0.000,0.040,0.000,0.219,goście
2026-08-26 23:00:00,Wednesday,23,0.021,0.089,0.000,0.000,0.000,0.000,0.110,
2026-08-27 00:00:00,Thursday,0,0.033,0.095,0.000,0.000,0.000,0.000,0.128,
2026-08-27 01:00:00,Thursday,1,0.026,0.102,0.000,0.000,0.000,0.000,0.128,
2026-08-27 02:00:00,Thursday,2,0.036,0.156,0.000,0.000,0.000,0.000,0.192,
2026-08-27 03:00:00,Thursday,3,0.035,0.155,0.000,0.000,0.000,0.000,0.190,
2026-08-27 04:00:00,Thursday,4,0.038,0.142,0.000,0.000,0.000,0.000,0.180,
2026-08-27 05:00:00,Thursday,5,0.025,0.164,0.000,0.000,0.000,0.000,0.189,
2026-08-27 06:00:00,Thursday,6,0.028,0.198,0.000,0.000,0.066,0.000,0.292,
2026-08-27 07:00:00,Thursday,7,0.028,0.195,0.000,0.000,0.060,0.000,0.283,
2026-08-27 08:00:00,Thursday,8,0.034,0.139,0.000,0.000,0.056,0.000,0.229,
2026-08-27 09:00:00,Thursday,9,0.034,0.138,0.000,0.000,0.127,0.000,0.299,praca zdalna
2026-08-27 10:00:00,Thursday,10,0.030,0.073,0.000,0.000,0.083,0.000,0.186,praca zdalna
2026-08-27 11:00:00,Thursday,11,0.022,0.000,0.000,0.000,0.112,0.000,0.134,praca zdalna
2026-08-27 12:00:00,Thursday,12,0.024,0.000,0.000,0.000,0.120,0.000,0.144,praca zdalna
2026-08-27 13:00:00,Thursday,13,0.034,0.000,0.000,0.000,0.120,0.000,0.154,praca zdalna
2026-08-27 14:00:00,Thursday,14,0.034,0.000,0.000,0.000,0.115,0.000,0.149,praca zdalna
2026-08-27 15:00:00,Thursday,15,0.026,0.000,0.000,0.000,0.082,0.000,0.108,praca zdalna
2026-08-27 16:00:00,Thursday,16,0.030,0.000,0.000,0.000,0.102,0.000,0.132,praca zdalna
2026-08-27 17:00:00,Thursday,17,0.032,0.000,0.000,0.372,0.042,0.000,0.446,
2026-08-27 18:00:00,Thursday,18,0.024,0.000,0.000,0.000,0.036,0.000,0.060,
2026-08-27 19:00:00,Thursday,19,0.024,0.000,0.000,0.000,0.066,0.000,0.090,
2026-08-27 20:00:00,Thursday,20,0.025,0.084,0.047,0.000,0.031,0.361,0.548,zmywarka
2026-08-27 21:00:00,Thursday,21,0.026,0.105,0.088,0.000,0.032,0.000,0.251,
2026-08-27 22:00:00,Thursday,22,0.031,0.071,0.102,0.000,0.051,0.000,0.255,
2026-08-27 23:00:00,Thursday,23,0.040,0.054,0.000,0.000,0.000,0.000,0.094,
2026-08-28 00:00:00,Friday,0,0.032,0.000,0.000,0.000,0.000,0.000,0.032,
2026-08-28 01:00:00,Friday,1,0.034,0.000,0.000,0.000,0.000,0.000,0.034,
2026-08-28 02:00:00,Friday,2,0.020,0.000,0.000,0.000,0.000,0.000,0.020,
2026-08-28 03:00:00,Friday,3,0.041,0.000,0.000,0.000,0.000,0.000,0.041,
2026-08-28 04:00:00,Friday,4,0.024,0.000,0.000,0.000,0.000,0.000,0.024,
2026-08-28 05:00:00,Friday,5,0.036,0.000,0.000,0.000,0.000,0.000,0.036,
2026-08-28 06:00:00,Friday,6,0.035,0.086,0.000,0.000,0.058,0.000,0.179,
2026-08-28 07:00:00,Friday,7,0.032,0.079,0.000,0.000,0.054,0.000,0.165,
2026-08-28 08:00:00,Friday,8,0.024,0.060,0.000,0.000,0.044,0.000,0.128,
2026-08-28 09:00:00,Friday,9,0.030,0.000,0.000,0.000,0.141,0.000,0.171,praca zdalna
2026-08-28 10:00:00,Friday,10,0.026,0.000,0.000,0.000,0.110,0.000,0.136,praca zdalna
2026-08-28 11:00:00,Friday,11,0.032,0.000,0.000,0.000,0.064,0.000,0.096,praca zdalna
2026-08-28 12:00:00,Friday,12,0.032,0.000,0.000,0.000,0.107,0.000,0.139,praca zdalna
2026-08-28 13:00:00,Friday,13,0.036,0.000,0.000,0.000,0.094,0.000,0.130,praca zdalna
2026-08-28 14:00:00,Friday,14,0.032,0.000,0.000,0.000,0.139,0.000,0.171,praca zdalna
2026-08-28 15:00:00,Friday,15,0.026,0.000,0.000,0.000,0.107,0.000,0.133,praca zdalna
2026-08-28 16:00:00,Friday,16,0.024,0.000,0.000,0.000,0.101,0.000,0.125,praca zdalna
2026-08-28 17:00:00,Friday,17,0.028,0.000,0.000,0.000,0.041,0.000,0.069,
2026-08-28 18:00:00,Friday,18,0.032,0.000,0.000,0.274,0.038,0.000,0.344,
2026-08-28 19:00:00,Friday,19,0.023,0.000,0.000,0.000,0.063,0.467,0.553,zmywarka
2026-08-28 20:00:00,Friday,20,0.027,0.000,0.042,0.000,0.066,0.000,0.135,
2026-08-28 21:00:00,Friday,21,0.032,0.074,0.045,0.000,0.049,0.000,0.200,
2026-08-28 22:00:00,Friday,22,0.031,0.000,0.076,0.000,0.032,0.000,0.139,
2026-08-28 23:00:00,Friday,23,0.025,0.000,0.000,0.000,0.000,0.000,0.025,
2026-08-29 00:00:00,Saturday,0,0.035,0.000,0.000,0.000,0.000,0.000,0.035,
2026-08-29 01:00:00,Saturday,1,0.022,0.065,0.000,0.000,0.000,0.000,0.087,
2026-08-29 02:00:00,Saturday,2,0.020,0.000,0.000,0.000,0.000,0.000,0.020,
2026-08-29 03:00:00,Saturday,3,0.025,0.000,0.000,0.000,0.000,0.000,0.025,
2026-08-29 04:00:00,Saturday,4,0.033,0.078,0.000,0.000,0.000,0.000,0.111,
2026-08-29 05:00:00,Saturday,5,0.027,0.098,0.000,0.000,0.000,0.000,0.125,
2026-08-29 06:00:00,Saturday,6,0.034,0.128,0.000,0.000,0.059,0.000,0.221,
2026-08-29 07:00:00,Saturday,7,0.023,0.122,0.000,0.000,0.031,0.000,0.176,
2026-08-29 08:00:00,Saturday,8,0.024,0.122,0.000,0.000,0.064,0.000,0.210,
2026-08-29 09:00:00,Saturday,9,0.027,0.109,0.000,0.000,0.000,0.352,0.488,pralka
2026-08-29 10:00:00,Saturday,10,0.026,0.078,0.000,0.000,0.000,0.000,0.104,
2026-08-29 11:00:00,Saturday,11,0.030,0.000,0.000,0.000,0.000,0.000,0.030,
2026-08-29 12:00:00,Saturday,12,0.031,0.000,0.000,0.000,0.000,0.000,0.031,
2026-08-29 13:00:00,Saturday,13,0.028,0.106,0.000,0.000,0.000,0.000,0.134,
2026-08-29 14:00:00,Saturday,14,0.025,0.094,0.000,0.000,0.000,0.000,0.119,
2026-08-29 15:00:00,Saturday,15,0.036,0.084,0.000,0.000,0.000,0.000,0.120,
2026-08-29 16:00:00,Saturday,16,0.031,0.070,0.000,0.000,0.000,0.000,0.101,
2026-08-29 17:00:00,Saturday,17,0.031,0.000,0.000,0.500,0.067,0.000,0.598,
2026-08-29 18:00:00,Saturday,18,0.027,0.000,0.000,0.000,0.048,0.000,0.075,
2026-08-29 19:00:00,Saturday,19,0.022,0.000,0.000,0.000,0.068,0.000,0.090,
2026-08-29 20:00:00,Saturday,20,0.026,0.060,0.000,0.000,0.052,0.000,0.138,
2026-08-29 21:00:00,Saturday,21,0.034,0.068,0.050,0.000,0.035,0.000,0.187,
2026-08-29 22:00:00,Saturday,22,0.026,0.000,0.110,0.000,0.038,0.000,0.174,
2026-08-29 23:00:00,Saturday,23,0.028,0.000,0.000,0.000,0.000,0.000,0.028,
2026-08-30 00:00:00,Sunday,0,0.033,0.000,0.000,0.000,0.000,0.000,0.033,
2026-08-30 01:00:00,Sunday,1,0.026,0.000,0.000,0.000,0.000,0.000,0.026,
2026-08-30 02:00:00,Sunday,2,0.037,0.000,0.000,0.000,0.000,0.000,0.037,
2026-08-30 03:00:00,Sunday,3,0.022,0.000,0.000,0.000,0.000,0.000,0.022,
2026-08-30 04:00:00,Sunday,4,0.021,0.000,0.000,0.000,0.000,0.000,0.021,
2026-08-30 05:00:00,Sunday,5,0.032,0.000,0.000,0.000,0.000,0.000,0.032,
2026-08-30 06:00:00,Sunday,6,0.028,0.069,0.000,0.000,0.056,0.000,0.153,
2026-08-30 07:00:00,Sunday,7,0.024,0.060,0.000,0.000,0.043,0.000,0.127,
2026-08-30 08:00:00,Sunday,8,0.031,0.076,0.000,0.000,0.030,0.000,0.137,
2026-08-30 09:00:00,Sunday,9,0.030,0.090,0.000,0.000,0.000,0.000,0.120,
2026-08-30 10:00:00,Sunday,10,0.024,0.085,0.000,0.000,0.000,0.000,0.109,
2026-08-30 11:00:00,Sunday,11,0.029,0.080,0.000,0.000,0.000,0.000,0.109,
2026-08-30 12:00:00,Sunday,12,0.031,0.062,0.000,0.000,0.000,0.000,0.093,
2026-08-30 13:00:00,Sunday,13,0.025,0.081,0.000,0.000,0.000,0.469,0.575,zmywarka
2026-08-30 14:00:00,Sunday,14,0.032,0.000,0.000,0.000,0.000,0.000,0.032,
2026-08-30 15:00:00,Sunday,15,0.033,0.000,0.000,0.000,0.000,0.000,0.033,
2026-08-30 16:00:00,Sunday,16,0.020,0.000,0.000,0.000,0.000,0.000,0.020,
2026-08-30 17:00:00,Sunday,17,0.020,0.000,0.000,0.330,0.041,0.000,0.391,
2026-08-30 18:00:00,Sunday,18,0.032,0.066,0.000,0.000,0.043,0.000,0.141,
2026-08-30 19:00:00,Sunday,19,0.021,0.061,0.000,0.000,0.046,0.000,0.128,
2026-08-30 20:00:00,Sunday,20,0.024,0.083,0.000,0.000,0.039,0.000,0.146,
2026-08-30 21:00:00,Sunday,21,0.030,0.114,0.115,0.000,0.056,0.000,0.315,
2026-08-30 22:00:00,Sunday,22,0.035,0.087,0.102,0.000,0.062,0.000,0.286,
2026-08-30 23:00:00,Sunday,23,0.035,0.097,0.000,0.000,0.000,0.000,0.132,
2026-08-31 00:00:00,Monday,0,0.034,0.000,0.000,0.000,0.000,0.000,0.034,wyjazd / nieobecność
2026-08-31 01:00:00,Monday,1,0.022,0.000,0.000,0.000,0.000,0.000,0.022,wyjazd / nieobecność
2026-08-31 02:00:00,Monday,2,0.031,0.000,0.000,0.000,0.000,0.000,0.031,wyjazd / nieobecność
2026-08-31 03:00:00,Monday,3,0.023,0.000,0.000,0.000,0.000,0.000,0.023,wyjazd / nieobecność
2026-08-31 04:00:00,Monday,4,0.034,0.000,0.000,0.000,0.000,0.000,0.034,wyjazd / nieobecność
2026-08-31 05:00:00,Monday,5,0.028,0.000,0.000,0.000,0.000,0.000,0.028,wyjazd / nieobecność
2026-08-31 06:00:00,Monday,6,0.025,0.000,0.000,0.000,0.000,0.000,0.025,wyjazd / nieobecność
2026-08-31 07:00:00,Monday,7,0.035,0.000,0.000,0.000,0.000,0.000,0.035,wyjazd / nieobecność
2026-08-31 08:00:00,Monday,8,0.021,0.000,0.000,0.000,0.000,0.000,0.021,wyjazd / nieobecność
2026-08-31 09:00:00,Monday,9,0.031,0.000,0.000,0.000,0.000,0.000,0.031,wyjazd / nieobecność
2026-08-31 10:00:00,Monday,10,0.020,0.000,0.000,0.000,0.000,0.000,0.020,wyjazd / nieobecność
2026-08-31 11:00:00,Monday,11,0.026,0.000,0.000,0.000,0.000,0.000,0.026,wyjazd / nieobecność
2026-08-31 12:00:00,Monday,12,0.031,0.000,0.000,0.000,0.000,0.000,0.031,wyjazd / nieobecność
2026-08-31 13:00:00,Monday,13,0.028,0.000,0.000,0.000,0.000,0.000,0.028,wyjazd / nieobecność
2026-08-31 14:00:00,Monday,14,0.032,0.000,0.000,0.000,0.000,0.000,0.032,wyjazd / nieobecność
2026-08-31 15:00:00,Monday,15,0.024,0.000,0.000,0.000,0.000,0.000,0.024,wyjazd / nieobecność
2026-08-31 16:00:00,Monday,16,0.029,0.000,0.000,0.000,0.000,0.000,0.029,wyjazd / nieobecność
2026-08-31 17:00:00,Monday,17,0.030,0.000,0.000,0.000,0.000,0.000,0.030,wyjazd / nieobecność
2026-08-31 18:00:00,Monday,18,0.020,0.000,0.000,0.000,0.000,0.000,0.020,wyjazd / nieobecność
2026-08-31 19:00:00,Monday,19,0.034,0.000,0.000,0.000,0.000,0.000,0.034,wyjazd / nieobecność
2026-08-31 20:00:00,Monday,20,0.030,0.000,0.000,0.000,0.000,0.000,0.030,wyjazd / nieobecność
2026-08-31 21:00:00,Monday,21,0.028,0.000,0.000,0.000,0.000,0.000,0.028,wyjazd / nieobecność
2026-08-31 22:00:00,Monday,22,0.034,0.000,0.000,0.000,0.000,0.000,0.034,wyjazd / nieobecność
2026-08-31 23:00:00,Monday,23,0.023,0.000,0.000,0.000,0.000,0.000,0.023,wyjazd / nieobecność
2026-09-01 00:00:00,Tuesday,0,0.023,0.124,0.000,0.000,0.000,0.000,0.147,
2026-09-01 01:00:00,Tuesday,1,0.042,0.114,0.000,0.000,0.000,0.000,0.156,
2026-09-01 02:00:00,Tuesday,2,0.030,0.105,0.000,0.000,0.000,0.000,0.135,
2026-09-01 03:00:00,Tuesday,3,0.020,0.114,0.000,0.000,0.000,0.000,0.134,
2026-09-01 04:00:00,Tuesday,4,0.037,0.126,0.000,0.000,0.000,0.000,0.163,
2026-09-01 05:00:00,Tuesday,5,0.038,0.146,0.000,0.000,0.000,0.000,0.184,
2026-09-01 06:00:00,Tuesday,6,0.026,0.207,0.054,0.000,0.053,0.000,0.340,
2026-09-01 07:00:00,Tuesday,7,0.023,0.210,0.000,0.000,0.032,0.000,0.265,
2026-09-01 08:00:00,Tuesday,8,0.024,0.208,0.000,0.000,0.058,0.000,0.290,
2026-09-01 09:00:00,Tuesday,9,0.027,0.129,0.000,0.000,0.079,0.000,0.235,praca zdalna
2026-09-01 10:00:00,Tuesday,10,0.033,0.094,0.000,0.000,0.098,0.000,0.225,praca zdalna
2026-09-01 11:00:00,Tuesday,11,0.024,0.091,0.000,0.000,0.106,0.000,0.221,praca zdalna
2026-09-01 12:00:00,Tuesday,12,0.033,0.000,0.000,0.000,0.100,0.000,0.133,praca zdalna
2026-09-01 13:00:00,Tuesday,13,0.023,0.000,0.000,0.000,0.110,0.000,0.133,praca zdalna
2026-09-01 14:00:00,Tuesday,14,0.034,0.000,0.000,0.000,0.109,0.330,0.473,praca zdalna; pralka
2026-09-01 15:00:00,Tuesday,15,0.032,0.000,0.000,0.000,0.085,0.982,1.099,praca zdalna; suszarka
2026-09-01 16:00:00,Tuesday,16,0.030,0.064,0.000,0.000,0.102,0.000,0.196,praca zdalna
2026-09-01 17:00:00,Tuesday,17,0.034,0.092,0.000,0.414,0.041,0.000,0.581,
2026-09-01 18:00:00,Tuesday,18,0.024,0.116,0.000,0.000,0.038,0.000,0.178,
2026-09-01 19:00:00,Tuesday,19,0.026,0.096,0.000,0.000,0.046,0.454,0.622,zmywarka
2026-09-01 20:00:00,Tuesday,20,0.029,0.132,0.065,0.000,0.065,0.000,0.291,
2026-09-01 21:00:00,Tuesday,21,0.031,0.144,0.114,0.000,0.050,0.000,0.339,
2026-09-01 22:00:00,Tuesday,22,0.020,0.120,0.082,0.000,0.043,0.000,0.265,
2026-09-01 23:00:00,Tuesday,23,0.044,0.132,0.000,0.000,0.000,0.000,0.176,
2026-09-02 00:00:00,Wednesday,0,0.034,0.117,0.000,0.000,0.000,0.000,0.151,
2026-09-02 01:00:00,Wednesday,1,0.022,0.143,0.000,0.000,0.000,0.000,0.165,
2026-09-02 02:00:00,Wednesday,2,0.028,0.135,0.000,0.000,0.000,0.000,0.163,
2026-09-02 03:00:00,Wednesday,3,0.024,0.161,0.000,0.000,0.000,0.000,0.185,
2026-09-02 04:00:00,Wednesday,4,0.036,0.136,0.000,0.000,0.000,0.000,0.172,
2026-09-02 05:00:00,Wednesday,5,0.025,0.144,0.000,0.000,0.000,0.000,0.169,
2026-09-02 06:00:00,Wednesday,6,0.034,0.220,0.109,0.000,0.063,0.000,0.426,
2026-09-02 07:00:00,Wednesday,7,0.031,0.207,0.000,0.000,0.036,0.000,0.274,
2026-09-02 08:00:00,Wednesday,8,0.028,0.167,0.000,0.000,0.051,0.000,0.246,
2026-09-02 09:00:00,Wednesday,9,0.033,0.124,0.000,0.000,0.000,0.000,0.157,
2026-09-02 10:00:00,Wednesday,10,0.027,0.092,0.000,0.000,0.000,0.000,0.119,
2026-09-02 11:00:00,Wednesday,11,0.033,0.074,0.000,0.000,0.000,0.000,0.107,
2026-09-02 12:00:00,Wednesday,12,0.028,0.076,0.000,0.000,0.000,0.000,0.104,
2026-09-02 13:00:00,Wednesday,13,0.035,0.060,0.000,0.000,0.000,0.000,0.095,
2026-09-02 14:00:00,Wednesday,14,0.024,0.088,0.000,0.000,0.000,0.000,0.112,
2026-09-02 15:00:00,Wednesday,15,0.034,0.090,0.000,0.000,0.000,0.000,0.124,
2026-09-02 16:00:00,Wednesday,16,0.035,0.089,0.000,0.000,0.000,0.000,0.124,
2026-09-02 17:00:00,Wednesday,17,0.032,0.099,0.000,0.303,0.049,0.000,0.483,
2026-09-02 18:00:00,Wednesday,18,0.029,0.123,0.000,0.000,0.032,0.000,0.184,
2026-09-02 19:00:00,Wednesday,19,0.033,0.100,0.000,0.000,0.059,0.000,0.192,
2026-09-02 20:00:00,Wednesday,20,0.026,0.114,0.068,0.000,0.031,0.000,0.239,
2026-09-02 21:00:00,Wednesday,21,0.030,0.135,0.111,0.000,0.061,0.000,0.337,
2026-09-02 22:00:00,Wednesday,22,0.025,0.120,0.086,0.000,0.046,0.000,0.277,
2026-09-02 23:00:00,Wednesday,23,0.029,0.121,0.000,0.000,0.000,0.000,0.150,
2026-09-03 00:00:00,Thursday,0,0.045,0.104,0.000,0.000,0.000,0.000,0.149,
2026-09-03 01:00:00,Thursday,1,0.038,0.116,0.000,0.000,0.000,0.000,0.154,
2026-09-03 02:00:00,Thursday,2,0.024,0.128,0.000,0.000,0.000,0.000,0.152,
2026-09-03 03:00:00,Thursday,3,0.020,0.132,0.000,0.000,0.000,0.000,0.152,
2026-09-03 04:00:00,Thursday,4,0.023,0.150,0.000,0.000,0.000,0.000,0.173,
2026-09-03 05:00:00,Thursday,5,0.035,0.152,0.000,0.000,0.000,0.000,0.187,
2026-09-03 06:00:00,Thursday,6,0.026,0.198,0.082,0.000,0.060,0.000,0.366,
2026-09-03 07:00:00,Thursday,7,0.032,0.200,0.000,0.000,0.056,0.000,0.288,
2026-09-03 08:00:00,Thursday,8,0.027,0.179,0.000,0.000,0.053,0.000,0.259,
2026-09-03 09:00:00,Thursday,9,0.035,0.144,0.000,0.000,0.000,0.000,0.179,
2026-09-03 10:00:00,Thursday,10,0.030,0.153,0.000,0.000,0.000,0.000,0.183,
2026-09-03 11:00:00,Thursday,11,0.032,0.152,0.000,0.000,0.000,0.000,0.184,
2026-09-03 12:00:00,Thursday,12,0.029,0.140,0.000,0.000,0.000,0.000,0.169,
2026-09-03 13:00:00,Thursday,13,0.022,0.127,0.000,0.000,0.000,0.000,0.149,
2026-09-03 14:00:00,Thursday,14,0.024,0.078,0.000,0.000,0.000,0.000,0.102,
2026-09-03 15:00:00,Thursday,15,0.023,0.062,0.000,0.000,0.000,0.000,0.085,
2026-09-03 16:00:00,Thursday,16,0.031,0.068,0.000,0.000,0.000,0.000,0.099,
2026-09-03 17:00:00,Thursday,17,0.032,0.000,0.000,0.000,0.038,0.000,0.070,
2026-09-03 18:00:00,Thursday,18,0.030,0.079,0.000,0.300,0.047,0.000,0.456,
2026-09-03 19:00:00,Thursday,19,0.026,0.070,0.000,0.000,0.034,0.326,0.456,zmywarka
2026-09-03 20:00:00,Thursday,20,0.030,0.074,0.102,0.000,0.038,0.000,0.244,
2026-09-03 21:00:00,Thursday,21,0.023,0.091,0.067,0.000,0.058,0.000,0.239,
2026-09-03 22:00:00,Thursday,22,0.026,0.070,0.050,0.000,0.039,0.000,0.185,
2026-09-03 23:00:00,Thursday,23,0.027,0.078,0.000,0.000,0.000,0.000,0.105,
2026-09-04 00:00:00,Friday,0,0.027,0.000,0.000,0.000,0.000,0.000,0.027,wyjazd / nieobecność
2026-09-04 01:00:00,Friday,1,0.036,0.000,0.000,0.000,0.000,0.000,0.036,wyjazd / nieobecność
2026-09-04 02:00:00,Friday,2,0.024,0.000,0.000,0.000,0.000,0.000,0.024,wyjazd / nieobecność
2026-09-04 03:00:00,Friday,3,0.033,0.000,0.000,0.000,0.000,0.000,0.033,wyjazd / nieobecność
2026-09-04 04:00:00,Friday,4,0.026,0.000,0.000,0.000,0.000,0.000,0.026,wyjazd / nieobecność
2026-09-04 05:00:00,Friday,5,0.024,0.000,0.000,0.000,0.000,0.000,0.024,wyjazd / nieobecność
2026-09-04 06:00:00,Friday,6,0.027,0.000,0.000,0.000,0.000,0.000,0.027,wyjazd / nieobecność
2026-09-04 07:00:00,Friday,7,0.023,0.000,0.000,0.000,0.000,0.000,0.023,wyjazd / nieobecność
2026-09-04 08:00:00,Friday,8,0.029,0.000,0.000,0.000,0.000,0.000,0.029,wyjazd / nieobecność
2026-09-04 09:00:00,Friday,9,0.024,0.000,0.000,0.000,0.000,0.000,0.024,wyjazd / nieobecność
2026-09-04 10:00:00,Friday,10,0.032,0.000,0.000,0.000,0.000,0.000,0.032,wyjazd / nieobecność
2026-09-04 11:00:00,Friday,11,0.023,0.000,0.000,0.000,0.000,0.000,0.023,wyjazd / nieobecność
2026-09-04 12:00:00,Friday,12,0.032,0.000,0.000,0.000,0.000,0.000,0.032,wyjazd / nieobecność
2026-09-04 13:00:00,Friday,13,0.022,0.000,0.000,0.000,0.000,0.000,0.022,wyjazd / nieobecność
2026-09-04 14:00:00,Friday,14,0.031,0.000,0.000,0.000,0.000,0.000,0.031,wyjazd / nieobecność
2026-09-04 15:00:00,Friday,15,0.035,0.000,0.000,0.000,0.000,0.000,0.035,wyjazd / nieobecność
2026-09-04 16:00:00,Friday,16,0.024,0.000,0.000,0.000,0.000,0.000,0.024,wyjazd / nieobecność
2026-09-04 17:00:00,Friday,17,0.036,0.000,0.000,0.000,0.000,0.000,0.036,wyjazd / nieobecność
2026-09-04 18:00:00,Friday,18,0.026,0.000,0.000,0.000,0.000,0.000,0.026,wyjazd / nieobecność
2026-09-04 19:00:00,Friday,19,0.024,0.000,0.000,0.000,0.000,0.000,0.024,wyjazd / nieobecność
2026-09-04 20:00:00,Friday,20,0.034,0.000,0.000,0.000,0.000,0.000,0.034,wyjazd / nieobecność
2026-09-04 21:00:00,Friday,21,0.027,0.070,0.000,0.000,0.000,0.000,0.097,wyjazd / nieobecność
2026-09-04 22:00:00,Friday,22,0.027,0.064,0.000,0.000,0.000,0.000,0.091,wyjazd / nieobecność
2026-09-04 23:00:00,Friday,23,0.031,0.084,0.000,0.000,0.000,0.000,0.115,wyjazd / nieobecność
2026-09-05 00:00:00,Saturday,0,0.041,0.147,0.000,0.000,0.000,0.000,0.188,
2026-09-05 01:00:00,Saturday,1,0.033,0.171,0.000,0.000,0.000,0.000,0.204,
2026-09-05 02:00:00,Saturday,2,0.033,0.160,0.000,0.000,0.000,0.000,0.193,
2026-09-05 03:00:00,Saturday,3,0.030,0.173,0.000,0.000,0.000,0.000,0.203,
2026-09-05 04:00:00,Saturday,4,0.023,0.187,0.000,0.000,0.000,0.000,0.210,
2026-09-05 05:00:00,Saturday,5,0.026,0.171,0.000,0.000,0.000,0.000,0.197,
2026-09-05 06:00:00,Saturday,6,0.033,0.255,0.052,0.000,0.033,0.000,0.373,
2026-09-05 07:00:00,Saturday,7,0.022,0.223,0.000,0.000,0.069,0.000,0.314,
2026-09-05 08:00:00,Saturday,8,0.024,0.244,0.000,0.000,0.066,0.000,0.334,
2026-09-05 09:00:00,Saturday,9,0.035,0.194,0.000,0.000,0.000,0.000,0.229,
2026-09-05 10:00:00,Saturday,10,0.031,0.178,0.000,0.000,0.000,0.252,0.461,pralka
2026-09-05 11:00:00,Saturday,11,0.020,0.134,0.000,0.000,0.000,0.000,0.154,
2026-09-05 12:00:00,Saturday,12,0.024,0.143,0.000,0.000,0.000,0.000,0.167,
2026-09-05 13:00:00,Saturday,13,0.026,0.139,0.000,0.000,0.000,0.347,0.512,zmywarka
2026-09-05 14:00:00,Saturday,14,0.027,0.104,0.000,0.000,0.000,0.000,0.131,
2026-09-05 15:00:00,Saturday,15,0.027,0.112,0.000,0.000,0.000,0.000,0.139,
2026-09-05 16:00:00,Saturday,16,0.024,0.106,0.000,0.000,0.000,0.000,0.130,
2026-09-05 17:00:00,Saturday,17,0.029,0.143,0.000,0.000,0.052,0.000,0.224,
2026-09-05 18:00:00,Saturday,18,0.022,0.139,0.000,0.267,0.042,0.000,0.470,
2026-09-05 19:00:00,Saturday,19,0.028,0.166,0.000,0.000,0.066,0.000,0.260,
2026-09-05 20:00:00,Saturday,20,0.027,0.197,0.074,0.000,0.040,0.000,0.338,
2026-09-05 21:00:00,Saturday,21,0.024,0.180,0.119,0.000,0.034,0.000,0.357,
2026-09-05 22:00:00,Saturday,22,0.036,0.177,0.117,0.000,0.043,0.000,0.373,
2026-09-05 23:00:00,Saturday,23,0.032,0.132,0.000,0.000,0.000,0.000,0.164,
2026-09-06 00:00:00,Sunday,0,0.024,0.086,0.000,0.000,0.000,0.000,0.110,wyjazd / nieobecność
2026-09-06 01:00:00,Sunday,1,0.023,0.086,0.000,0.000,0.000,0.000,0.109,wyjazd / nieobecność
2026-09-06 02:00:00,Sunday,2,0.025,0.082,0.000,0.000,0.000,0.000,0.107,wyjazd / nieobecność
2026-09-06 03:00:00,Sunday,3,0.036,0.086,0.000,0.000,0.000,0.000,0.122,wyjazd / nieobecność
2026-09-06 04:00:00,Sunday,4,0.032,0.081,0.000,0.000,0.000,0.000,0.113,wyjazd / nieobecność
2026-09-06 05:00:00,Sunday,5,0.034,0.099,0.000,0.000,0.000,0.000,0.133,wyjazd / nieobecność
2026-09-06 06:00:00,Sunday,6,0.023,0.114,0.000,0.000,0.000,0.000,0.137,wyjazd / nieobecność
2026-09-06 07:00:00,Sunday,7,0.025,0.096,0.000,0.000,0.000,0.000,0.121,wyjazd / nieobecność
2026-09-06 08:00:00,Sunday,8,0.023,0.084,0.000,0.000,0.000,0.000,0.107,wyjazd / nieobecność
2026-09-06 09:00:00,Sunday,9,0.030,0.000,0.000,0.000,0.000,0.000,0.030,wyjazd / nieobecność
2026-09-06 10:00:00,Sunday,10,0.028,0.000,0.000,0.000,0.000,0.000,0.028,wyjazd / nieobecność
2026-09-06 11:00:00,Sunday,11,0.026,0.000,0.000,0.000,0.000,0.000,0.026,wyjazd / nieobecność
2026-09-06 12:00:00,Sunday,12,0.035,0.000,0.000,0.000,0.000,0.000,0.035,wyjazd / nieobecność
2026-09-06 13:00:00,Sunday,13,0.035,0.000,0.000,0.000,0.000,0.000,0.035,wyjazd / nieobecność
2026-09-06 14:00:00,Sunday,14,0.023,0.000,0.000,0.000,0.000,0.000,0.023,wyjazd / nieobecność
2026-09-06 15:00:00,Sunday,15,0.032,0.000,0.000,0.000,0.000,0.000,0.032,wyjazd / nieobecność
2026-09-06 16:00:00,Sunday,16,0.025,0.000,0.000,0.000,0.000,0.000,0.025,wyjazd / nieobecność
2026-09-06 17:00:00,Sunday,17,0.030,0.000,0.000,0.000,0.000,0.000,0.030,wyjazd / nieobecność
2026-09-06 18:00:00,Sunday,18,0.024,0.000,0.000,0.000,0.000,0.000,0.024,wyjazd / nieobecność
2026-09-06 19:00:00,Sunday,19,0.028,0.000,0.000,0.000,0.000,0.000,0.028,wyjazd / nieobecność
2026-09-06 20:00:00,Sunday,20,0.025,0.000,0.000,0.000,0.000,0.000,0.025,wyjazd / nieobecność
2026-09-06 21:00:00,Sunday,21,0.030,0.000,0.000,0.000,0.000,0.000,0.030,wyjazd / nieobecność
2026-09-06 22:00:00,Sunday,22,0.029,0.000,0.000,0.000,0.000,0.000,0.029,wyjazd / nieobecność
2026-09-06 23:00:00,Sunday,23,0.025,0.000,0.000,0.000,0.000,0.000,0.025,wyjazd / nieobecność
2026-09-07 00:00:00,Monday,0,0.034,0.122,0.000,0.000,0.000,0.000,0.156,
2026-09-07 01:00:00,Monday,1,0.033,0.134,0.000,0.000,0.000,0.000,0.167,
2026-09-07 02:00:00,Monday,2,0.031,0.136,0.000,0.000,0.000,0.000,0.167,
2026-09-07 03:00:00,Monday,3,0.038,0.111,0.000,0.000,0.000,0.000,0.149,
2026-09-07 04:00:00,Monday,4,0.044,0.127,0.000,0.000,0.000,0.000,0.171,
2026-09-07 05:00:00,Monday,5,0.041,0.104,0.000,0.000,0.000,0.000,0.145,
2026-09-07 06:00:00,Monday,6,0.031,0.145,0.087,0.000,0.048,0.000,0.311,
2026-09-07 07:00:00,Monday,7,0.023,0.130,0.000,0.000,0.046,0.000,0.199,
2026-09-07 08:00:00,Monday,8,0.023,0.105,0.000,0.000,0.038,0.000,0.166,
2026-09-07 09:00:00,Monday,9,0.026,0.128,0.000,0.000,0.000,0.000,0.154,
2026-09-07 10:00:00,Monday,10,0.033,0.117,0.000,0.000,0.000,0.000,0.150,
2026-09-07 11:00:00,Monday,11,0.020,0.108,0.000,0.000,0.000,0.000,0.128,
2026-09-07 12:00:00,Monday,12,0.025,0.094,0.000,0.000,0.000,0.000,0.119,
2026-09-07 13:00:00,Monday,13,0.035,0.092,0.000,0.000,0.000,0.000,0.127,
2026-09-07 14:00:00,Monday,14,0.026,0.055,0.000,0.000,0.000,0.248,0.329,pralka
2026-09-07 15:00:00,Monday,15,0.033,0.051,0.000,0.000,0.000,0.000,0.084,
2026-09-07 16:00:00,Monday,16,0.035,0.000,0.000,0.000,0.000,0.000,0.035,
2026-09-07 17:00:00,Monday,17,0.022,0.000,0.000,0.000,0.053,0.000,0.075,
2026-09-07 18:00:00,Monday,18,0.030,0.000,0.000,0.420,0.032,0.000,0.482,
2026-09-07 19:00:00,Monday,19,0.023,0.065,0.000,0.000,0.068,0.000,0.156,
2026-09-07 20:00:00,Monday,20,0.029,0.059,0.041,0.000,0.064,0.000,0.193,
2026-09-07 21:00:00,Monday,21,0.020,0.000,0.072,0.000,0.059,0.000,0.151,
2026-09-07 22:00:00,Monday,22,0.023,0.000,0.041,0.000,0.066,0.000,0.130,
2026-09-07 23:00:00,Monday,23,0.045,0.000,0.000,0.000,0.000,0.000,0.045,
2026-09-08 00:00:00,Tuesday,0,0.035,0.000,0.000,0.000,0.000,0.000,0.035,
2026-09-08 01:00:00,Tuesday,1,0.035,0.000,0.000,0.000,0.000,0.000,0.035,
2026-09-08 02:00:00,Tuesday,2,0.034,0.000,0.000,0.000,0.000,0.000,0.034,
2026-09-08 03:00:00,Tuesday,3,0.033,0.000,0.000,0.000,0.000,0.000,0.033,
2026-09-08 04:00:00,Tuesday,4,0.031,0.000,0.000,0.000,0.000,0.000,0.031,
2026-09-08 05:00:00,Tuesday,5,0.042,0.000,0.000,0.000,0.000,0.000,0.042,
2026-09-08 06:00:00,Tuesday,6,0.028,0.108,0.106,0.000,0.032,0.000,0.274,
2026-09-08 07:00:00,Tuesday,7,0.027,0.096,0.000,0.000,0.041,0.000,0.164,
2026-09-08 08:00:00,Tuesday,8,0.022,0.088,0.000,0.000,0.041,0.000,0.151,
2026-09-08 09:00:00,Tuesday,9,0.034,0.077,0.000,0.000,0.000,0.000,0.111,
2026-09-08 10:00:00,Tuesday,10,0.033,0.078,0.000,0.000,0.000,0.285,0.396,pralka
2026-09-08 11:00:00,Tuesday,11,0.036,0.089,0.000,0.000,0.000,0.834,0.959,suszarka
2026-09-08 12:00:00,Tuesday,12,0.032,0.072,0.000,0.000,0.000,0.000,0.104,
2026-09-08 13:00:00,Tuesday,13,0.021,0.058,0.000,0.000,0.000,0.000,0.079,
2026-09-08 14:00:00,Tuesday,14,0.020,0.000,0.000,0.000,0.000,0.000,0.020,
2026-09-08 15:00:00,Tuesday,15,0.034,0.058,0.000,0.000,0.000,0.000,0.092,
2026-09-08 16:00:00,Tuesday,16,0.030,0.080,0.000,0.000,0.000,0.000,0.110,
2026-09-08 17:00:00,Tuesday,17,0.025,0.115,0.000,0.343,0.044,0.000,0.527,
2026-09-08 18:00:00,Tuesday,18,0.031,0.148,0.000,0.000,0.060,0.000,0.239,
2026-09-08 19:00:00,Tuesday,19,0.027,0.156,0.113,0.000,0.040,0.381,0.717,zmywarka
2026-09-08 20:00:00,Tuesday,20,0.022,0.163,0.080,0.000,0.036,0.000,0.301,
2026-09-08 21:00:00,Tuesday,21,0.022,0.147,0.070,0.000,0.034,0.000,0.273,
2026-09-08 22:00:00,Tuesday,22,0.035,0.118,0.046,0.000,0.063,0.000,0.262,
2026-09-08 23:00:00,Tuesday,23,0.030,0.119,0.000,0.000,0.000,0.000,0.149,
2026-09-09 00:00:00,Wednesday,0,0.026,0.000,0.000,0.000,0.000,0.000,0.026,wyjazd / nieobecność
2026-09-09 01:00:00,Wednesday,1,0.028,0.000,0.000,0.000,0.000,0.000,0.028,wyjazd / nieobecność
2026-09-09 02:00:00,Wednesday,2,0.032,0.000,0.000,0.000,0.000,0.000,0.032,wyjazd / nieobecność
2026-09-09 03:00:00,Wednesday,3,0.033,0.000,0.000,0.000,0.000,0.000,0.033,wyjazd / nieobecność
2026-09-09 04:00:00,Wednesday,4,0.026,0.000,0.000,0.000,0.000,0.000,0.026,wyjazd / nieobecność
2026-09-09 05:00:00,Wednesday,5,0.028,0.069,0.000,0.000,0.000,0.000,0.097,wyjazd / nieobecność
2026-09-09 06:00:00,Wednesday,6,0.024,0.092,0.000,0.000,0.000,0.000,0.116,wyjazd / nieobecność
2026-09-09 07:00:00,Wednesday,7,0.025,0.082,0.000,0.000,0.000,0.000,0.107,wyjazd / nieobecność
2026-09-09 08:00:00,Wednesday,8,0.020,0.083,0.000,0.000,0.000,0.000,0.103,wyjazd / nieobecność
2026-09-09 09:00:00,Wednesday,9,0.030,0.065,0.000,0.000,0.000,0.000,0.095,wyjazd / nieobecność
2026-09-09 10:00:00,Wednesday,10,0.029,0.000,0.000,0.000,0.000,0.000,0.029,wyjazd / nieobecność
2026-09-09 11:00:00,Wednesday,11,0.032,0.000,0.000,0.000,0.000,0.000,0.032,wyjazd / nieobecność
2026-09-09 12:00:00,Wednesday,12,0.025,0.000,0.000,0.000,0.000,0.000,0.025,wyjazd / nieobecność
2026-09-09 13:00:00,Wednesday,13,0.027,0.000,0.000,0.000,0.000,0.000,0.027,wyjazd / nieobecność
2026-09-09 14:00:00,Wednesday,14,0.029,0.000,0.000,0.000,0.000,0.000,0.029,wyjazd / nieobecność
2026-09-09 15:00:00,Wednesday,15,0.025,0.000,0.000,0.000,0.000,0.000,0.025,wyjazd / nieobecność
2026-09-09 16:00:00,Wednesday,16,0.035,0.000,0.000,0.000,0.000,0.000,0.035,wyjazd / nieobecność
2026-09-09 17:00:00,Wednesday,17,0.025,0.000,0.000,0.000,0.000,0.000,0.025,wyjazd / nieobecność
2026-09-09 18:00:00,Wednesday,18,0.026,0.000,0.000,0.000,0.000,0.000,0.026,wyjazd / nieobecność
2026-09-09 19:00:00,Wednesday,19,0.030,0.000,0.000,0.000,0.000,0.000,0.030,wyjazd / nieobecność
2026-09-09 20:00:00,Wednesday,20,0.026,0.000,0.000,0.000,0.000,0.000,0.026,wyjazd / nieobecność
2026-09-09 21:00:00,Wednesday,21,0.032,0.076,0.000,0.000,0.000,0.000,0.108,wyjazd / nieobecność
2026-09-09 22:00:00,Wednesday,22,0.031,0.094,0.000,0.000,0.000,0.000,0.125,wyjazd / nieobecność
2026-09-09 23:00:00,Wednesday,23,0.024,0.118,0.000,0.000,0.000,0.000,0.142,wyjazd / nieobecność
2026-09-10 00:00:00,Thursday,0,0.022,0.199,0.000,0.000,0.000,0.000,0.221,
2026-09-10 01:00:00,Thursday,1,0.025,0.218,0.000,0.000,0.000,0.000,0.243,
2026-09-10 02:00:00,Thursday,2,0.033,0.192,0.000,0.000,0.000,0.000,0.225,
2026-09-10 03:00:00,Thursday,3,0.032,0.198,0.000,0.000,0.000,0.000,0.230,
2026-09-10 04:00:00,Thursday,4,0.022,0.236,0.000,0.000,0.000,0.000,0.258,
2026-09-10 05:00:00,Thursday,5,0.026,0.182,0.000,0.000,0.000,0.000,0.208,
2026-09-10 06:00:00,Thursday,6,0.028,0.258,0.053,0.000,0.046,0.000,0.385,
2026-09-10 07:00:00,Thursday,7,0.033,0.226,0.000,0.000,0.062,0.000,0.321,
2026-09-10 08:00:00,Thursday,8,0.030,0.291,0.000,0.000,0.053,0.000,0.374,
2026-09-10 09:00:00,Thursday,9,0.035,0.186,0.000,0.000,0.122,0.000,0.343,praca zdalna
2026-09-10 10:00:00,Thursday,10,0.021,0.164,0.000,0.000,0.109,0.000,0.294,praca zdalna
2026-09-10 11:00:00,Thursday,11,0.025,0.164,0.000,0.000,0.068,0.000,0.257,praca zdalna
2026-09-10 12:00:00,Thursday,12,0.036,0.169,0.000,0.000,0.112,0.000,0.317,praca zdalna
2026-09-10 13:00:00,Thursday,13,0.030,0.125,0.000,0.000,0.100,0.000,0.255,praca zdalna
2026-09-10 14:00:00,Thursday,14,0.023,0.119,0.000,0.000,0.106,0.000,0.248,praca zdalna
2026-09-10 15:00:00,Thursday,15,0.035,0.121,0.000,0.000,0.087,0.000,0.243,praca zdalna
2026-09-10 16:00:00,Thursday,16,0.022,0.132,0.000,0.000,0.085,0.000,0.239,praca zdalna
2026-09-10 17:00:00,Thursday,17,0.034,0.137,0.000,0.560,0.045,0.000,0.776,
2026-09-10 18:00:00,Thursday,18,0.032,0.135,0.000,0.000,0.032,0.000,0.199,
2026-09-10 19:00:00,Thursday,19,0.036,0.198,0.000,0.000,0.038,0.000,0.272,
2026-09-10 20:00:00,Thursday,20,0.034,0.207,0.092,0.000,0.033,0.335,0.701,zmywarka
2026-09-10 21:00:00,Thursday,21,0.024,0.225,0.060,0.000,0.054,0.000,0.363,
2026-09-10 22:00:00,Thursday,22,0.026,0.215,0.098,0.000,0.034,0.000,0.373,
2026-09-10 23:00:00,Thursday,23,0.034,0.220,0.000,0.000,0.000,0.000,0.254,
2026-09-11 00:00:00,Friday,0,0.032,0.179,0.000,0.000,0.000,0.000,0.211,
2026-09-11 01:00:00,Friday,1,0.040,0.227,0.000,0.000,0.000,0.000,0.267,
2026-09-11 02:00:00,Friday,2,0.032,0.253,0.000,0.000,0.000,0.000,0.285,
2026-09-11 03:00:00,Friday,3,0.031,0.193,0.000,0.000,0.000,0.000,0.224,
2026-09-11 04:00:00,Friday,4,0.030,0.200,0.000,0.000,0.000,0.000,0.230,
2026-09-11 05:00:00,Friday,5,0.026,0.236,0.000,0.000,0.000,0.000,0.262,
2026-09-11 06:00:00,Friday,6,0.026,0.316,0.058,0.000,0.039,0.000,0.439,
2026-09-11 07:00:00,Friday,7,0.020,0.250,0.000,0.000,0.056,0.000,0.326,
2026-09-11 08:00:00,Friday,8,0.021,0.244,0.000,0.000,0.064,0.000,0.329,
2026-09-11 09:00:00,Friday,9,0.025,0.192,0.000,0.000,0.000,0.000,0.217,
2026-09-11 10:00:00,Friday,10,0.022,0.156,0.000,0.000,0.000,0.000,0.178,
2026-09-11 11:00:00,Friday,11,0.028,0.157,0.000,0.000,0.000,0.000,0.185,
2026-09-11 12:00:00,Friday,12,0.033,0.116,0.000,0.000,0.000,0.000,0.149,
2026-09-11 13:00:00,Friday,13,0.024,0.117,0.000,0.000,0.000,0.000,0.141,
2026-09-11 14:00:00,Friday,14,0.028,0.116,0.000,0.000,0.000,0.000,0.144,
2026-09-11 15:00:00,Friday,15,0.033,0.090,0.000,0.000,0.000,0.000,0.123,
2026-09-11 16:00:00,Friday,16,0.028,0.090,0.000,0.000,0.000,0.000,0.118,
2026-09-11 17:00:00,Friday,17,0.028,0.107,0.000,0.248,0.033,0.000,0.416,
2026-09-11 18:00:00,Friday,18,0.023,0.118,0.000,0.000,0.044,0.000,0.185,
2026-09-11 19:00:00,Friday,19,0.024,0.114,0.094,0.000,0.052,0.000,0.284,
2026-09-11 20:00:00,Friday,20,0.027,0.135,0.095,0.000,0.032,0.000,0.289,
2026-09-11 21:00:00,Friday,21,0.035,0.124,0.050,0.000,0.062,0.000,0.271,
2026-09-11 22:00:00,Friday,22,0.026,0.085,0.047,0.000,0.036,0.000,0.194,
2026-09-11 23:00:00,Friday,23,0.024,0.089,0.000,0.000,0.000,0.000,0.113,
2026-09-12 00:00:00,Saturday,0,0.028,0.000,0.000,0.000,0.000,0.000,0.028,wyjazd / nieobecność
2026-09-12 01:00:00,Saturday,1,0.031,0.000,0.000,0.000,0.000,0.000,0.031,wyjazd / nieobecność
2026-09-12 02:00:00,Saturday,2,0.032,0.000,0.000,0.000,0.000,0.000,0.032,wyjazd / nieobecność
2026-09-12 03:00:00,Saturday,3,0.023,0.000,0.000,0.000,0.000,0.000,0.023,wyjazd / nieobecność
2026-09-12 04:00:00,Saturday,4,0.032,0.000,0.000,0.000,0.000,0.000,0.032,wyjazd / nieobecność
2026-09-12 05:00:00,Saturday,5,0.030,0.068,0.000,0.000,0.000,0.000,0.098,wyjazd / nieobecność
2026-09-12 06:00:00,Saturday,6,0.022,0.064,0.000,0.000,0.000,0.000,0.086,wyjazd / nieobecność
2026-09-12 07:00:00,Saturday,7,0.021,0.084,0.000,0.000,0.000,0.000,0.105,wyjazd / nieobecność
2026-09-12 08:00:00,Saturday,8,0.031,0.074,0.000,0.000,0.000,0.000,0.105,wyjazd / nieobecność
2026-09-12 09:00:00,Saturday,9,0.034,0.000,0.000,0.000,0.000,0.000,0.034,wyjazd / nieobecność
2026-09-12 10:00:00,Saturday,10,0.036,0.000,0.000,0.000,0.000,0.000,0.036,wyjazd / nieobecność
2026-09-12 11:00:00,Saturday,11,0.024,0.000,0.000,0.000,0.000,0.000,0.024,wyjazd / nieobecność
2026-09-12 12:00:00,Saturday,12,0.024,0.000,0.000,0.000,0.000,0.000,0.024,wyjazd / nieobecność
2026-09-12 13:00:00,Saturday,13,0.026,0.000,0.000,0.000,0.000,0.000,0.026,wyjazd / nieobecność
2026-09-12 14:00:00,Saturday,14,0.036,0.000,0.000,0.000,0.000,0.000,0.036,wyjazd / nieobecność
2026-09-12 15:00:00,Saturday,15,0.031,0.000,0.000,0.000,0.000,0.000,0.031,wyjazd / nieobecność
2026-09-12 16:00:00,Saturday,16,0.022,0.000,0.000,0.000,0.000,0.000,0.022,wyjazd / nieobecność
2026-09-12 17:00:00,Saturday,17,0.028,0.000,0.000,0.000,0.000,0.000,0.028,wyjazd / nieobecność
2026-09-12 18:00:00,Saturday,18,0.021,0.000,0.000,0.000,0.000,0.000,0.021,wyjazd / nieobecność
2026-09-12 19:00:00,Saturday,19,0.022,0.000,0.000,0.000,0.000,0.000,0.022,wyjazd / nieobecność
2026-09-12 20:00:00,Saturday,20,0.022,0.000,0.000,0.000,0.000,0.000,0.022,wyjazd / nieobecność
2026-09-12 21:00:00,Saturday,21,0.022,0.000,0.000,0.000,0.000,0.000,0.022,wyjazd / nieobecność
2026-09-12 22:00:00,Saturday,22,0.024,0.000,0.000,0.000,0.000,0.000,0.024,wyjazd / nieobecność
2026-09-12 23:00:00,Saturday,23,0.034,0.000,0.000,0.000,0.000,0.000,0.034,wyjazd / nieobecność
2026-09-13 00:00:00,Sunday,0,0.022,0.109,0.000,0.000,0.000,0.000,0.131,
2026-09-13 01:00:00,Sunday,1,0.036,0.093,0.000,0.000,0.000,0.000,0.129,
2026-09-13 02:00:00,Sunday,2,0.021,0.112,0.000,0.000,0.000,0.000,0.133,
2026-09-13 03:00:00,Sunday,3,0.032,0.115,0.000,0.000,0.000,0.000,0.147,
2026-09-13 04:00:00,Sunday,4,0.024,0.103,0.000,0.000,0.000,0.000,0.127,
2026-09-13 05:00:00,Sunday,5,0.021,0.106,0.000,0.000,0.000,0.000,0.127,
2026-09-13 06:00:00,Sunday,6,0.035,0.129,0.047,0.000,0.046,0.000,0.257,
2026-09-13 07:00:00,Sunday,7,0.022,0.130,0.000,0.000,0.033,0.000,0.185,
2026-09-13 08:00:00,Sunday,8,0.028,0.144,0.000,0.000,0.058,0.000,0.230,
2026-09-13 09:00:00,Sunday,9,0.024,0.137,0.000,0.000,0.000,0.000,0.161,
2026-09-13 10:00:00,Sunday,10,0.032,0.122,0.000,0.000,0.000,0.000,0.154,
2026-09-13 11:00:00,Sunday,11,0.029,0.080,0.000,0.000,0.000,0.000,0.109,
2026-09-13 12:00:00,Sunday,12,0.022,0.068,0.000,0.000,0.000,0.000,0.090,
2026-09-13 13:00:00,Sunday,13,0.028,0.000,0.000,0.000,0.000,0.399,0.427,zmywarka
2026-09-13 14:00:00,Sunday,14,0.027,0.059,0.000,0.000,0.000,0.000,0.086,
2026-09-13 15:00:00,Sunday,15,0.026,0.077,0.000,0.000,0.000,0.000,0.103,
2026-09-13 16:00:00,Sunday,16,0.034,0.071,0.000,0.000,0.000,0.000,0.105,
2026-09-13 17:00:00,Sunday,17,0.022,0.072,0.000,0.325,0.054,0.000,0.473,
2026-09-13 18:00:00,Sunday,18,0.029,0.095,0.000,0.000,0.050,0.000,0.174,
2026-09-13 19:00:00,Sunday,19,0.032,0.108,0.040,0.000,0.052,0.000,0.232,
2026-09-13 20:00:00,Sunday,20,0.033,0.165,0.092,0.000,0.041,0.000,0.331,
2026-09-13 21:00:00,Sunday,21,0.034,0.154,0.100,0.000,0.034,0.000,0.322,
2026-09-13 22:00:00,Sunday,22,0.030,0.164,0.064,0.000,0.067,0.000,0.325,
2026-09-13 23:00:00,Sunday,23,0.038,0.176,0.000,0.000,0.000,0.000,0.214,
2026-09-14 00:00:00,Monday,0,0.028,0.089,0.000,0.000,0.000,0.000,0.117,wyjazd / nieobecność
2026-09-14 01:00:00,Monday,1,0.028,0.100,0.000,0.000,0.000,0.000,0.128,wyjazd / nieobecność
2026-09-14 02:00:00,Monday,2,0.031,0.114,0.000,0.000,0.000,0.000,0.145,wyjazd / nieobecność
2026-09-14 03:00:00,Monday,3,0.031,0.138,0.000,0.000,0.000,0.000,0.169,wyjazd / nieobecność
2026-09-14 04:00:00,Monday,4,0.033,0.156,0.000,0.000,0.000,0.000,0.189,wyjazd / nieobecność
2026-09-14 05:00:00,Monday,5,0.026,0.158,0.000,0.000,0.000,0.000,0.184,wyjazd / nieobecność
2026-09-14 06:00:00,Monday,6,0.028,0.160,0.000,0.000,0.000,0.000,0.188,wyjazd / nieobecność
2026-09-14 07:00:00,Monday,7,0.021,0.180,0.000,0.000,0.000,0.000,0.201,wyjazd / nieobecność
2026-09-14 08:00:00,Monday,8,0.022,0.169,0.000,0.000,0.000,0.000,0.191,wyjazd / nieobecność
2026-09-14 09:00:00,Monday,9,0.035,0.142,0.000,0.000,0.045,0.000,0.222,wyjazd / nieobecność; praca zdalna
2026-09-14 10:00:00,Monday,10,0.030,0.078,0.000,0.000,0.054,0.000,0.162,wyjazd / nieobecność; praca zdalna
2026-09-14 11:00:00,Monday,11,0.028,0.061,0.000,0.000,0.077,0.000,0.166,wyjazd / nieobecność; praca zdalna
2026-09-14 12:00:00,Monday,12,0.031,0.000,0.000,0.000,0.080,0.000,0.111,wyjazd / nieobecność; praca zdalna
2026-09-14 13:00:00,Monday,13,0.022,0.000,0.000,0.000,0.058,0.000,0.080,wyjazd / nieobecność; praca zdalna
2026-09-14 14:00:00,Monday,14,0.023,0.000,0.000,0.000,0.071,0.000,0.094,wyjazd / nieobecność; praca zdalna
2026-09-14 15:00:00,Monday,15,0.024,0.000,0.000,0.000,0.046,0.000,0.070,wyjazd / nieobecność; praca zdalna
2026-09-14 16:00:00,Monday,16,0.029,0.000,0.000,0.000,0.070,0.000,0.099,wyjazd / nieobecność; praca zdalna
2026-09-14 17:00:00,Monday,17,0.032,0.000,0.000,0.000,0.000,0.000,0.032,wyjazd / nieobecność
2026-09-14 18:00:00,Monday,18,0.023,0.000,0.000,0.000,0.000,0.000,0.023,wyjazd / nieobecność
2026-09-14 19:00:00,Monday,19,0.029,0.000,0.000,0.000,0.000,0.000,0.029,wyjazd / nieobecność
2026-09-14 20:00:00,Monday,20,0.026,0.065,0.000,0.000,0.000,0.000,0.091,wyjazd / nieobecność
2026-09-14 21:00:00,Monday,21,0.026,0.079,0.000,0.000,0.000,0.000,0.105,wyjazd / nieobecność
2026-09-14 22:00:00,Monday,22,0.036,0.074,0.000,0.000,0.000,0.000,0.110,wyjazd / nieobecność
2026-09-14 23:00:00,Monday,23,0.033,0.064,0.000,0.000,0.000,0.000,0.097,wyjazd / nieobecność
2026-09-15 00:00:00,Tuesday,0,0.026,0.061,0.000,0.000,0.000,0.000,0.087,wyjazd / nieobecność
2026-09-15 01:00:00,Tuesday,1,0.030,0.082,0.000,0.000,0.000,0.000,0.112,wyjazd / nieobecność
2026-09-15 02:00:00,Tuesday,2,0.029,0.092,0.000,0.000,0.000,0.000,0.121,wyjazd / nieobecność
2026-09-15 03:00:00,Tuesday,3,0.023,0.103,0.000,0.000,0.000,0.000,0.126,wyjazd / nieobecność
2026-09-15 04:00:00,Tuesday,4,0.036,0.085,0.000,0.000,0.000,0.000,0.121,wyjazd / nieobecność
2026-09-15 05:00:00,Tuesday,5,0.028,0.104,0.000,0.000,0.000,0.000,0.132,wyjazd / nieobecność
2026-09-15 06:00:00,Tuesday,6,0.027,0.074,0.000,0.000,0.000,0.000,0.101,wyjazd / nieobecność
2026-09-15 07:00:00,Tuesday,7,0.028,0.000,0.000,0.000,0.000,0.000,0.028,wyjazd / nieobecność
2026-09-15 08:00:00,Tuesday,8,0.034,0.000,0.000,0.000,0.000,0.000,0.034,wyjazd / nieobecność
2026-09-15 09:00:00,Tuesday,9,0.028,0.000,0.000,0.000,0.000,0.000,0.028,wyjazd / nieobecność
2026-09-15 10:00:00,Tuesday,10,0.021,0.000,0.000,0.000,0.000,0.000,0.021,wyjazd / nieobecność
2026-09-15 11:00:00,Tuesday,11,0.030,0.000,0.000,0.000,0.000,0.000,0.030,wyjazd / nieobecność
2026-09-15 12:00:00,Tuesday,12,0.023,0.000,0.000,0.000,0.000,0.000,0.023,wyjazd / nieobecność
2026-09-15 13:00:00,Tuesday,13,0.022,0.000,0.000,0.000,0.000,0.000,0.022,wyjazd / nieobecność
2026-09-15 14:00:00,Tuesday,14,0.031,0.000,0.000,0.000,0.000,0.000,0.031,wyjazd / nieobecność
2026-09-15 15:00:00,Tuesday,15,0.027,0.000,0.000,0.000,0.000,0.000,0.027,wyjazd / nieobecność
2026-09-15 16:00:00,Tuesday,16,0.023,0.000,0.000,0.000,0.000,0.000,0.023,wyjazd / nieobecność
2026-09-15 17:00:00,Tuesday,17,0.021,0.000,0.000,0.000,0.000,0.000,0.021,wyjazd / nieobecność
2026-09-15 18:00:00,Tuesday,18,0.035,0.000,0.000,0.000,0.000,0.000,0.035,wyjazd / nieobecność
2026-09-15 19:00:00,Tuesday,19,0.030,0.000,0.000,0.000,0.000,0.000,0.030,wyjazd / nieobecność
2026-09-15 20:00:00,Tuesday,20,0.030,0.000,0.000,0.000,0.000,0.000,0.030,wyjazd / nieobecność
2026-09-15 21:00:00,Tuesday,21,0.033,0.000,0.000,0.000,0.000,0.000,0.033,wyjazd / nieobecność
2026-09-15 22:00:00,Tuesday,22,0.030,0.000,0.000,0.000,0.000,0.000,0.030,wyjazd / nieobecność
2026-09-15 23:00:00,Tuesday,23,0.032,0.000,0.000,0.000,0.000,0.000,0.032,wyjazd / nieobecność
2026-09-16 00:00:00,Wednesday,0,0.024,0.000,0.000,0.000,0.000,0.000,0.024,
2026-09-16 01:00:00,Wednesday,1,0.039,0.059,0.000,0.000,0.000,0.000,0.098,
2026-09-16 02:00:00,Wednesday,2,0.023,0.067,0.000,0.000,0.000,0.000,0.090,
2026-09-16 03:00:00,Wednesday,3,0.032,0.086,0.000,0.000,0.000,0.000,0.118,
2026-09-16 04:00:00,Wednesday,4,0.028,0.102,0.000,0.000,0.000,0.000,0.130,
2026-09-16 05:00:00,Wednesday,5,0.034,0.121,0.000,0.000,0.000,0.000,0.155,
2026-09-16 06:00:00,Wednesday,6,0.036,0.203,0.086,0.000,0.064,0.000,0.389,
2026-09-16 07:00:00,Wednesday,7,0.025,0.222,0.000,0.000,0.037,0.000,0.284,
2026-09-16 08:00:00,Wednesday,8,0.024,0.189,0.000,0.000,0.044,0.000,0.257,
2026-09-16 09:00:00,Wednesday,9,0.028,0.180,0.000,0.000,0.000,0.000,0.208,
2026-09-16 10:00:00,Wednesday,10,0.020,0.158,0.000,0.000,0.000,0.000,0.178,
2026-09-16 11:00:00,Wednesday,11,0.025,0.117,0.000,0.000,0.000,0.000,0.142,
2026-09-16 12:00:00,Wednesday,12,0.029,0.104,0.000,0.000,0.000,0.000,0.133,
2026-09-16 13:00:00,Wednesday,13,0.028,0.093,0.000,0.000,0.000,0.000,0.121,
2026-09-16 14:00:00,Wednesday,14,0.021,0.097,0.000,0.000,0.000,0.000,0.118,
2026-09-16 15:00:00,Wednesday,15,0.036,0.092,0.000,0.000,0.000,0.000,0.128,
2026-09-16 16:00:00,Wednesday,16,0.027,0.134,0.000,0.000,0.000,0.000,0.161,
2026-09-16 17:00:00,Wednesday,17,0.021,0.131,0.000,0.288,0.050,0.000,0.490,
2026-09-16 18:00:00,Wednesday,18,0.024,0.119,0.000,0.000,0.036,0.000,0.179,
2026-09-16 19:00:00,Wednesday,19,0.029,0.146,0.000,0.000,0.047,0.000,0.222,
2026-09-16 20:00:00,Wednesday,20,0.022,0.176,0.083,0.000,0.052,0.345,0.678,zmywarka
2026-09-16 21:00:00,Wednesday,21,0.020,0.206,0.056,0.000,0.052,0.000,0.334,
2026-09-16 22:00:00,Wednesday,22,0.033,0.142,0.046,0.000,0.055,0.000,0.276,
2026-09-16 23:00:00,Wednesday,23,0.025,0.160,0.000,0.000,0.000,0.000,0.185,
2026-09-17 00:00:00,Thursday,0,0.032,0.195,0.000,0.000,0.000,0.000,0.227,
2026-09-17 01:00:00,Thursday,1,0.026,0.183,0.000,0.000,0.000,0.000,0.209,
2026-09-17 02:00:00,Thursday,2,0.021,0.232,0.000,0.000,0.000,0.000,0.253,
2026-09-17 03:00:00,Thursday,3,0.040,0.220,0.000,0.000,0.000,0.000,0.260,
2026-09-17 04:00:00,Thursday,4,0.034,0.264,0.000,0.000,0.000,0.000,0.298,
2026-09-17 05:00:00,Thursday,5,0.036,0.254,0.000,0.000,0.000,0.000,0.290,
2026-09-17 06:00:00,Thursday,6,0.021,0.272,0.119,0.000,0.054,0.000,0.466,
2026-09-17 07:00:00,Thursday,7,0.036,0.269,0.000,0.000,0.043,0.000,0.348,
2026-09-17 08:00:00,Thursday,8,0.026,0.291,0.000,0.000,0.030,0.000,0.347,
2026-09-17 09:00:00,Thursday,9,0.033,0.250,0.000,0.000,0.108,0.000,0.391,praca zdalna
2026-09-17 10:00:00,Thursday,10,0.028,0.233,0.000,0.000,0.084,0.000,0.345,praca zdalna
2026-09-17 11:00:00,Thursday,11,0.026,0.190,0.000,0.000,0.135,0.000,0.351,praca zdalna
2026-09-17 12:00:00,Thursday,12,0.020,0.141,0.000,0.000,0.100,0.000,0.261,praca zdalna
2026-09-17 13:00:00,Thursday,13,0.022,0.140,0.000,0.000,0.101,0.000,0.263,praca zdalna
2026-09-17 14:00:00,Thursday,14,0.028,0.128,0.000,0.000,0.079,0.000,0.235,praca zdalna
2026-09-17 15:00:00,Thursday,15,0.033,0.163,0.000,0.000,0.128,0.000,0.324,praca zdalna
2026-09-17 16:00:00,Thursday,16,0.021,0.142,0.000,0.000,0.086,0.000,0.249,praca zdalna
2026-09-17 17:00:00,Thursday,17,0.026,0.183,0.000,0.000,0.048,0.000,0.257,
2026-09-17 18:00:00,Thursday,18,0.027,0.198,0.000,0.298,0.046,0.000,0.569,
2026-09-17 19:00:00,Thursday,19,0.034,0.166,0.042,0.000,0.044,0.000,0.286,
2026-09-17 20:00:00,Thursday,20,0.032,0.167,0.110,0.000,0.043,0.436,0.788,zmywarka
2026-09-17 21:00:00,Thursday,21,0.020,0.124,0.053,0.000,0.048,0.000,0.245,
2026-09-17 22:00:00,Thursday,22,0.034,0.115,0.044,0.000,0.032,0.000,0.225,
2026-09-17 23:00:00,Thursday,23,0.026,0.123,0.000,0.000,0.000,0.000,0.149,
2026-09-18 00:00:00,Friday,0,0.038,0.136,0.000,0.000,0.000,0.000,0.174,
2026-09-18 01:00:00,Friday,1,0.038,0.161,0.000,0.000,0.000,0.000,0.199,
2026-09-18 02:00:00,Friday,2,0.034,0.132,0.000,0.000,0.000,0.000,0.166,
2026-09-18 03:00:00,Friday,3,0.034,0.136,0.000,0.000,0.000,0.000,0.170,
2026-09-18 04:00:00,Friday,4,0.030,0.140,0.000,0.000,0.000,0.000,0.170,
2026-09-18 05:00:00,Friday,5,0.021,0.156,0.000,0.000,0.000,0.000,0.177,
2026-09-18 06:00:00,Friday,6,0.024,0.231,0.116,0.000,0.056,0.000,0.427,
2026-09-18 07:00:00,Friday,7,0.022,0.213,0.000,0.000,0.043,0.000,0.278,
2026-09-18 08:00:00,Friday,8,0.030,0.236,0.000,0.000,0.042,0.000,0.308,
2026-09-18 09:00:00,Friday,9,0.031,0.178,0.000,0.000,0.136,0.000,0.345,praca zdalna
2026-09-18 10:00:00,Friday,10,0.023,0.226,0.000,0.000,0.124,0.000,0.373,praca zdalna
2026-09-18 11:00:00,Friday,11,0.028,0.186,0.000,0.000,0.093,0.000,0.307,praca zdalna
2026-09-18 12:00:00,Friday,12,0.035,0.179,0.000,0.000,0.104,0.000,0.318,praca zdalna
2026-09-18 13:00:00,Friday,13,0.025,0.164,0.000,0.000,0.073,0.000,0.262,praca zdalna
2026-09-18 14:00:00,Friday,14,0.024,0.126,0.000,0.000,0.072,0.000,0.222,praca zdalna
2026-09-18 15:00:00,Friday,15,0.026,0.107,0.000,0.000,0.132,0.000,0.265,praca zdalna
2026-09-18 16:00:00,Friday,16,0.027,0.115,0.000,0.000,0.113,0.000,0.255,praca zdalna
2026-09-18 17:00:00,Friday,17,0.028,0.119,0.000,0.000,0.058,0.000,0.205,
2026-09-18 18:00:00,Friday,18,0.025,0.153,0.000,0.322,0.051,0.000,0.551,
2026-09-18 19:00:00,Friday,19,0.034,0.152,0.000,0.000,0.047,0.323,0.556,zmywarka
2026-09-18 20:00:00,Friday,20,0.023,0.174,0.119,0.000,0.048,0.000,0.364,
2026-09-18 21:00:00,Friday,21,0.024,0.203,0.065,0.000,0.043,0.000,0.335,
2026-09-18 22:00:00,Friday,22,0.024,0.154,0.075,0.000,0.035,0.000,0.288,
2026-09-18 23:00:00,Friday,23,0.028,0.159,0.000,0.000,0.000,0.000,0.187,
2026-09-19 00:00:00,Saturday,0,0.022,0.160,0.000,0.000,0.000,0.000,0.182,
2026-09-19 01:00:00,Saturday,1,0.023,0.130,0.000,0.000,0.000,0.000,0.153,
2026-09-19 02:00:00,Saturday,2,0.038,0.124,0.000,0.000,0.000,0.000,0.162,
2026-09-19 03:00:00,Saturday,3,0.032,0.148,0.000,0.000,0.000,0.000,0.180,
2026-09-19 04:00:00,Saturday,4,0.029,0.143,0.000,0.000,0.000,0.000,0.172,
2026-09-19 05:00:00,Saturday,5,0.030,0.121,0.000,0.000,0.000,0.000,0.151,
2026-09-19 06:00:00,Saturday,6,0.033,0.197,0.087,0.000,0.066,0.000,0.383,goście
2026-09-19 07:00:00,Saturday,7,0.022,0.172,0.000,0.000,0.033,0.000,0.227,goście
2026-09-19 08:00:00,Saturday,8,0.031,0.160,0.000,0.000,0.053,0.000,0.244,goście
2026-09-19 09:00:00,Saturday,9,0.022,0.152,0.000,0.000,0.000,0.000,0.174,
2026-09-19 10:00:00,Saturday,10,0.023,0.135,0.000,0.000,0.000,0.000,0.158,
2026-09-19 11:00:00,Saturday,11,0.021,0.146,0.000,0.000,0.000,0.243,0.410,pralka
2026-09-19 12:00:00,Saturday,12,0.035,0.136,0.000,0.000,0.000,0.896,1.067,suszarka
2026-09-19 13:00:00,Saturday,13,0.033,0.128,0.000,0.000,0.000,0.000,0.161,
2026-09-19 14:00:00,Saturday,14,0.033,0.113,0.000,0.000,0.000,0.000,0.146,
2026-09-19 15:00:00,Saturday,15,0.036,0.097,0.000,0.000,0.000,0.000,0.133,
2026-09-19 16:00:00,Saturday,16,0.024,0.112,0.000,0.000,0.000,0.000,0.136,
2026-09-19 17:00:00,Saturday,17,0.035,0.112,0.000,0.597,0.035,0.000,0.779,goście
2026-09-19 18:00:00,Saturday,18,0.028,0.091,0.000,0.000,0.061,0.000,0.180,goście
2026-09-19 19:00:00,Saturday,19,0.024,0.130,0.056,0.000,0.059,0.000,0.269,goście
2026-09-19 20:00:00,Saturday,20,0.030,0.109,0.096,0.000,0.066,0.000,0.301,goście
2026-09-19 21:00:00,Saturday,21,0.021,0.099,0.093,0.000,0.054,0.000,0.267,goście
2026-09-19 22:00:00,Saturday,22,0.031,0.092,0.068,0.000,0.041,0.000,0.232,goście
2026-09-19 23:00:00,Saturday,23,0.034,0.092,0.000,0.000,0.000,0.000,0.126,
2026-09-20 00:00:00,Sunday,0,0.041,0.097,0.000,0.000,0.000,0.000,0.138,
2026-09-20 01:00:00,Sunday,1,0.044,0.091,0.000,0.000,0.000,0.000,0.135,
2026-09-20 02:00:00,Sunday,2,0.027,0.134,0.000,0.000,0.000,0.000,0.161,
2026-09-20 03:00:00,Sunday,3,0.040,0.133,0.000,0.000,0.000,0.000,0.173,
2026-09-20 04:00:00,Sunday,4,0.030,0.142,0.000,0.000,0.000,0.000,0.172,
2026-09-20 05:00:00,Sunday,5,0.024,0.116,0.000,0.000,0.000,0.000,0.140,
2026-09-20 06:00:00,Sunday,6,0.031,0.178,0.097,0.000,0.038,0.000,0.344,goście
2026-09-20 07:00:00,Sunday,7,0.022,0.182,0.000,0.000,0.032,0.000,0.236,goście
2026-09-20 08:00:00,Sunday,8,0.036,0.218,0.000,0.000,0.058,0.000,0.312,goście
2026-09-20 09:00:00,Sunday,9,0.028,0.159,0.000,0.000,0.000,0.000,0.187,
2026-09-20 10:00:00,Sunday,10,0.033,0.137,0.000,0.000,0.000,0.000,0.170,
2026-09-20 11:00:00,Sunday,11,0.022,0.130,0.000,0.000,0.000,0.000,0.152,
2026-09-20 12:00:00,Sunday,12,0.021,0.111,0.000,0.000,0.000,0.000,0.132,
2026-09-20 13:00:00,Sunday,13,0.033,0.110,0.000,0.000,0.000,0.460,0.603,zmywarka
2026-09-20 14:00:00,Sunday,14,0.033,0.175,0.000,0.000,0.000,0.000,0.208,
2026-09-20 15:00:00,Sunday,15,0.028,0.225,0.000,0.000,0.000,0.000,0.253,
2026-09-20 16:00:00,Sunday,16,0.025,0.190,0.000,0.000,0.000,0.000,0.215,
2026-09-20 17:00:00,Sunday,17,0.023,0.244,0.000,0.581,0.033,0.000,0.881,goście
2026-09-20 18:00:00,Sunday,18,0.023,0.266,0.000,0.000,0.049,0.000,0.338,goście
2026-09-20 19:00:00,Sunday,19,0.032,0.245,0.000,0.000,0.045,0.000,0.322,goście
2026-09-20 20:00:00,Sunday,20,0.023,0.224,0.119,0.000,0.058,0.000,0.424,goście
2026-09-20 21:00:00,Sunday,21,0.024,0.268,0.086,0.000,0.070,0.000,0.448,goście
2026-09-20 22:00:00,Sunday,22,0.023,0.208,0.048,0.000,0.044,0.000,0.323,goście
2026-09-20 23:00:00,Sunday,23,0.039,0.198,0.000,0.000,0.000,0.000,0.237,
2026-09-21 00:00:00,Monday,0,0.043,0.227,0.000,0.000,0.000,0.000,0.270,
2026-09-21 01:00:00,Monday,1,0.040,0.214,0.000,0.000,0.000,0.000,0.254,
2026-09-21 02:00:00,Monday,2,0.025,0.227,0.000,0.000,0.000,0.000,0.252,
2026-09-21 03:00:00,Monday,3,0.028,0.174,0.000,0.000,0.000,0.000,0.202,
2026-09-21 04:00:00,Monday,4,0.032,0.246,0.000,0.000,0.000,0.000,0.278,
2026-09-21 05:00:00,Monday,5,0.035,0.256,0.000,0.000,0.000,0.000,0.291,
2026-09-21 06:00:00,Monday,6,0.031,0.266,0.052,0.000,0.032,0.000,0.381,
2026-09-21 07:00:00,Monday,7,0.036,0.274,0.000,0.000,0.046,0.000,0.356,
2026-09-21 08:00:00,Monday,8,0.030,0.274,0.000,0.000,0.063,0.000,0.367,
2026-09-21 09:00:00,Monday,9,0.022,0.236,0.000,0.000,0.000,0.000,0.258,
2026-09-21 10:00:00,Monday,10,0.022,0.254,0.000,0.000,0.000,0.000,0.276,
2026-09-21 11:00:00,Monday,11,0.025,0.182,0.000,0.000,0.000,0.000,0.207,
2026-09-21 12:00:00,Monday,12,0.031,0.198,0.000,0.000,0.000,0.000,0.229,
2026-09-21 13:00:00,Monday,13,0.024,0.158,0.000,0.000,0.000,0.000,0.182,
2026-09-21 14:00:00,Monday,14,0.032,0.158,0.000,0.000,0.000,0.000,0.190,
2026-09-21 15:00:00,Monday,15,0.022,0.154,0.000,0.000,0.000,0.000,0.176,
2026-09-21 16:00:00,Monday,16,0.029,0.174,0.000,0.000,0.000,0.000,0.203,
2026-09-21 17:00:00,Monday,17,0.022,0.143,0.000,0.000,0.046,0.000,0.211,
2026-09-21 18:00:00,Monday,18,0.031,0.188,0.000,0.674,0.036,0.000,0.929,
2026-09-21 19:00:00,Monday,19,0.023,0.207,0.000,0.000,0.046,0.428,0.704,zmywarka
2026-09-21 20:00:00,Monday,20,0.024,0.244,0.053,0.000,0.034,0.000,0.355,
2026-09-21 21:00:00,Monday,21,0.025,0.274,0.052,0.000,0.047,0.000,0.398,
2026-09-21 22:00:00,Monday,22,0.026,0.208,0.098,0.000,0.039,0.000,0.371,
2026-09-21 23:00:00,Monday,23,0.030,0.236,0.000,0.000,0.000,0.000,0.266,
2026-09-22 00:00:00,Tuesday,0,0.043,0.245,0.000,0.000,0.000,0.000,0.288,
2026-09-22 01:00:00,Tuesday,1,0.033,0.225,0.000,0.000,0.000,0.000,0.258,
2026-09-22 02:00:00,Tuesday,2,0.031,0.257,0.000,0.000,0.000,0.000,0.288,
2026-09-22 03:00:00,Tuesday,3,0.029,0.263,0.000,0.000,0.000,0.000,0.292,
2026-09-22 04:00:00,Tuesday,4,0.022,0.214,0.000,0.000,0.000,0.000,0.236,
2026-09-22 05:00:00,Tuesday,5,0.028,0.255,0.000,0.000,0.000,0.000,0.283,
2026-09-22 06:00:00,Tuesday,6,0.023,0.312,0.088,0.000,0.056,0.000,0.479,
2026-09-22 07:00:00,Tuesday,7,0.024,0.307,0.000,0.000,0.030,0.000,0.361,
2026-09-22 08:00:00,Tuesday,8,0.023,0.288,0.000,0.000,0.054,0.000,0.365,
2026-09-22 09:00:00,Tuesday,9,0.022,0.309,0.000,0.000,0.000,0.000,0.331,
2026-09-22 10:00:00,Tuesday,10,0.021,0.239,0.000,0.000,0.000,0.279,0.539,pralka
2026-09-22 11:00:00,Tuesday,11,0.026,0.214,0.000,0.000,0.000,0.000,0.240,
2026-09-22 12:00:00,Tuesday,12,0.033,0.183,0.000,0.000,0.000,0.000,0.216,
2026-09-22 13:00:00,Tuesday,13,0.024,0.135,0.000,0.000,0.000,0.000,0.159,
2026-09-22 14:00:00,Tuesday,14,0.033,0.110,0.000,0.000,0.000,0.000,0.143,
2026-09-22 15:00:00,Tuesday,15,0.022,0.094,0.000,0.000,0.000,0.000,0.116,
2026-09-22 16:00:00,Tuesday,16,0.027,0.100,0.000,0.000,0.000,0.000,0.127,
2026-09-22 17:00:00,Tuesday,17,0.033,0.130,0.000,0.000,0.039,0.000,0.202,
2026-09-22 18:00:00,Tuesday,18,0.024,0.165,0.000,0.461,0.067,0.000,0.717,
2026-09-22 19:00:00,Tuesday,19,0.028,0.180,0.000,0.000,0.068,0.000,0.276,
2026-09-22 20:00:00,Tuesday,20,0.029,0.238,0.102,0.000,0.041,0.330,0.740,zmywarka
2026-09-22 21:00:00,Tuesday,21,0.035,0.274,0.098,0.000,0.060,0.000,0.467,
2026-09-22 22:00:00,Tuesday,22,0.029,0.246,0.058,0.000,0.030,0.000,0.363,
2026-09-22 23:00:00,Tuesday,23,0.022,0.200,0.000,0.000,0.000,0.000,0.222,
